Title,Property Manager/Host,Contact,Revenue,Revenue Potential,ADR,Occupancy,Days Available,Bedrooms,Bathrooms,Accommodates,Has Air Conditioning,Has Gym,Has Hot Tub,Has Kitchen,Has Parking,Has Pets,Has Pool,Listing Type,Property Type,Real Estate Type,Overall Rating,Number of Reviews,Minimum Stay,Host Unit Count,Price Tier,Airbnb Superhost,Cleaning Fee,Instant Book,Reserved Days,Number of Bookings,Last Update,AirDNA Market,AirDNA Subarket,City,State,Zipcode,Country,Location Type,Listing URL,Main Listing Image,Airbnb Property ID,Vrbo Property ID,Latitude,Longitude,Market Average Occupancy,Market Average Revenue,Occupancy Gap,Revenue % Gap,Revenue $ Gap
"Zion Oasis-Retreat,Reunion,Weddings, pool slps 56",188142910,,686837,915034,3558.74,68.44,284,9,12,16,true,false,true,true,true,false,true,Home/Apartment,House,House/villa,4.85,7,3,2-5,Luxury,true,950,true,193,46,2026-05-11,St. George,Springdale,Springdale,Utah,84767,United States,mountains_lakes,https://www.airbnb.com/rooms/37079856,https://a0.muscache.com/im/pictures/70c114a6-b105-4288-b383-900450611079.jpg,37079856,,37.18702,-113.00206,=AVERAGE($G$2:$G$280),=AVERAGE($D$2:$D$280),"=IFERROR(($AT2-G2)/$AT2,0)","=IFERROR(($AU2-D2)/$AU2,0)",=$AU2-D2
"ZION Villa wedding, reunion, retreat, ect slps 58",209499469,,545023,683624,3657.87,57.53,277,11,10,16,true,false,true,true,true,false,true,Home/Apartment,House,House/villa,5,4,3,1,Luxury,false,953,true,149,32,2026-05-17,St. George,Springdale,Rockville,Utah,84763,United States,mountains_lakes,https://www.airbnb.com/rooms/848054783299875883,https://a0.muscache.com/im/pictures/miso/Hosting-848054783299875883/original/1c58c42a-fe27-4d01-9e16-22e9b0ec1cf2.jpeg,848054783299875883,,37.15939,-113.06481,=AVERAGE($G$2:$G$280),=AVERAGE($D$2:$D$280),"=IFERROR(($AT3-G3)/$AT3,0)","=IFERROR(($AU3-D3)/$AU3,0)",=$AU3-D3
Zion Red Rock Oasis.,,,364990,857971,4679.36,60,154,8,10,56,true,false,true,true,true,false,true,Home/Apartment,House,House/villa,5,22,3,1,Luxury,false,900,true,78,21,2026-05-01,St. George,Springdale,Rockville,Utah,84763,United States,mountains_lakes,https://www.vrbo.com/7157130ha,https://media.vrbo.com/lodging/30000000/29490000/29486700/29486654/821536e4.jpg?impolicy=resizecrop&rw=1200&ra=fit,,7157130ha,37.16,-113.06147,=AVERAGE($G$2:$G$280),=AVERAGE($D$2:$D$280),"=IFERROR(($AT4-G4)/$AT4,0)","=IFERROR(($AU4-D4)/$AU4,0)",=$AU4-D4
"Zion Reunions Retreats Weddings: Sleeps 58 ppl Pvt: Pool,Theater,Pickleball",,,298047,719519,3973.96,51.37,166,12,10,58,true,false,true,true,true,false,true,Home/Apartment,House,House/villa,5,2,3,1,Luxury,false,951,true,75,24,2026-03-01,St. George,Springdale,Rockville,Utah,84763,United States,mountains_lakes,https://www.vrbo.com/3300049,https://media.vrbo.com/lodging/92000000/91960000/91959900/91959873/d519147a.jpg?impolicy=resizecrop&rw=1200&ra=fit,,3300049,37.15951,-113.06915,=AVERAGE($G$2:$G$280),=AVERAGE($D$2:$D$280),"=IFERROR(($AT5-G5)/$AT5,0)","=IFERROR(($AU5-D5)/$AU5,0)",=$AU5-D5
Luxury Desert Retreat|Elevation 40 Zion,533863232,,206962,210605,706.35,82.3,356,2,1,7,true,false,true,true,true,false,false,Home/Apartment,Cabin,House/villa,5,176,2,1,Luxury,true,180,false,293,102,2026-05-17,St. George,Springdale,Hurricane,Utah,84737,United States,mountains_lakes,https://www.airbnb.com/rooms/965995831438864025,https://a0.muscache.com/im/pictures/miso/Hosting-965995831438864025/original/0c282567-3fe0-4e11-bd8a-d925c58dbe3a.jpeg,965995831438864025,3867798,37.0562,-113.0509,=AVERAGE($G$2:$G$280),=AVERAGE($D$2:$D$280),"=IFERROR(($AT6-G6)/$AT6,0)","=IFERROR(($AU6-D6)/$AU6,0)",=$AU6-D6
New! Zion Blvd House,477726337,,182100,214962,1117.18,52.75,309,3,5,16,true,false,true,true,true,false,false,Home/Apartment,House,House/villa,5,51,2,1,Luxury,true,400,true,163,52,2026-05-16,St. George,Springdale,Springdale,Utah,84767,United States,mountains_lakes,https://www.airbnb.com/rooms/1355123097078023718,https://a0.muscache.com/im/pictures/miso/Hosting-1355123097078023718/original/80a2f56d-0076-4c89-8130-cce94075a7c6.jpeg,1355123097078023718,,37.1873,-113.0014,=AVERAGE($G$2:$G$280),=AVERAGE($D$2:$D$280),"=IFERROR(($AT7-G7)/$AT7,0)","=IFERROR(($AU7-D7)/$AU7,0)",=$AU7-D7
Star Seeker Luxury Camp,387800891,,181608,223329,793.05,76.85,298,1,1,4,true,false,false,false,true,false,false,Home/Apartment,Tent,Unique,5,49,2,2-5,Luxury,true,0,true,229,97,2026-05-17,St. George,Springdale,Virgin,Utah,84779,United States,mountains_lakes,https://www.airbnb.com/rooms/48092827,https://a0.muscache.com/im/pictures/hosting/Hosting-U3RheVN1cHBseUxpc3Rpbmc6NDgwOTI4Mjc%3D/original/acef03c2-b60b-48a9-bbc7-20e3d211675a.jpeg,48092827,,37.2258,-113.1242,=AVERAGE($G$2:$G$280),=AVERAGE($D$2:$D$280),"=IFERROR(($AT8-G8)/$AT8,0)","=IFERROR(($AU8-D8)/$AU8,0)",=$AU8-D8
LaFave South: The Gallery House,LaFave: Luxury Rentals At Zion,,175917,211946,1265.59,45.57,305,6,4,16,true,false,false,true,true,false,true,Home/Apartment,House,House/villa,5,28,2,21+,Luxury,true,349,true,139,42,2026-05-17,St. George,Springdale,Springdale,Utah,84767,United States,mountains_lakes,https://www.airbnb.com/rooms/33312165,https://a0.muscache.com/im/pictures/ace72167-62a8-44ee-9e7e-75406814d2a7.jpg,33312165,1653968,37.1833,-113.0031,=AVERAGE($G$2:$G$280),=AVERAGE($D$2:$D$280),"=IFERROR(($AT9-G9)/$AT9,0)","=IFERROR(($AU9-D9)/$AU9,0)",=$AU9-D9
Zion Riverside Infinity edge pool,12328692,,162888,216010,1679.26,37.6,330,4,3,10,true,false,true,true,true,false,true,Home/Apartment,House,House/villa,5,258,3,2-5,Luxury,false,199,false,97,15,2026-05-16,St. George,Springdale,Springdale,Utah,84767,United States,mountains_lakes,https://www.airbnb.com/rooms/2412277,https://a0.muscache.com/im/pictures/hosting/Hosting-2412277/original/224fed85-0ea5-4e88-bc55-bad7271bbd02.jpeg,2412277,462002,37.17811,-113.00651,=AVERAGE($G$2:$G$280),=AVERAGE($D$2:$D$280),"=IFERROR(($AT10-G10)/$AT10,0)","=IFERROR(($AU10-D10)/$AU10,0)",=$AU10-D10
LaFave South: Angels Landing,LaFave: Luxury Rentals At Zion,,159679,177016,858.49,56.53,335,3,3,10,true,false,false,true,true,false,true,Home/Apartment,Villa,House/villa,4.95,42,2,21+,Luxury,true,249,true,186,63,2026-05-17,St. George,Springdale,Springdale,Utah,84767,United States,mountains_lakes,https://www.airbnb.com/rooms/42924915,https://a0.muscache.com/im/pictures/aaaca3ab-7694-478b-9d93-2e0f1b3e08f7.jpg,42924915,1945896,37.18457,-113.00308,=AVERAGE($G$2:$G$280),=AVERAGE($D$2:$D$280),"=IFERROR(($AT11-G11)/$AT11,0)","=IFERROR(($AU11-D11)/$AU11,0)",=$AU11-D11
"Zion Canyon 7BR Estate | Pool, Sauna, Theater, Gym",411573616,,158066,194479,849.82,64.14,305,7,6,16,true,true,true,true,true,true,true,Home/Apartment,House,House/villa,4.95,125,1,2-5,Luxury,true,519,true,186,39,2026-05-17,St. George,Springdale,Hildale,Utah,84784,United States,mountains_lakes,https://www.airbnb.com/rooms/50900392,https://a0.muscache.com/im/pictures/miso/Hosting-50900392/original/68bea3f4-41d6-41b9-b9a3-57a0249e5b9e.jpeg,50900392,2390264,37.00582,-112.96468,=AVERAGE($G$2:$G$280),=AVERAGE($D$2:$D$280),"=IFERROR(($AT12-G12)/$AT12,0)","=IFERROR(($AU12-D12)/$AU12,0)",=$AU12-D12
The Watchman View Gallery,299331074,,156410,162209,677.1,65.62,352,3,3,10,true,false,false,true,true,false,false,Home/Apartment,House,House/villa,4.9,280,2,6-20,Luxury,true,214,true,231,75,2026-05-17,St. George,Springdale,Springdale,Utah,84767,United States,mountains_lakes,https://www.airbnb.com/rooms/39055998,https://a0.muscache.com/im/pictures/e2f1403b-2368-4738-8177-530aac31102a.jpg,39055998,9157224ha,37.19138,-112.99491,=AVERAGE($G$2:$G$280),=AVERAGE($D$2:$D$280),"=IFERROR(($AT13-G13)/$AT13,0)","=IFERROR(($AU13-D13)/$AU13,0)",=$AU13-D13
Zion Hummingbird Villa,386493991,,154759,198141,1089.85,56.13,255,4,3,10,true,false,true,true,true,false,true,Home/Apartment,Villa,House/villa,5,217,2,6-20,Luxury,false,250,true,142,33,2026-05-11,St. George,Springdale,Springdale,Utah,84767,United States,mountains_lakes,https://www.airbnb.com/rooms/40374523,https://a0.muscache.com/im/pictures/prohost-api/Hosting-40374523/original/1b2627ae-8bca-479e-b97c-6293853a0fe3.jpeg,40374523,1790275,37.19448,-112.99007,=AVERAGE($G$2:$G$280),=AVERAGE($D$2:$D$280),"=IFERROR(($AT14-G14)/$AT14,0)","=IFERROR(($AU14-D14)/$AU14,0)",=$AU14-D14
Explore Zion NP! TWV Haven & Tower basecamp,299331074,,152693,216216,807.9,69.74,271,5,2,10,true,false,false,true,true,false,false,Home/Apartment,House,House/villa,4.6,18,2,6-20,Luxury,true,248,true,189,56,2026-05-17,St. George,Springdale,Springdale,Utah,84767,United States,mountains_lakes,https://www.airbnb.com/rooms/43987739,https://a0.muscache.com/im/pictures/miso/Hosting-43987739/original/298458e1-4cbb-48a7-b1ec-7d6f07c34311.jpeg,43987739,2013382,37.19162,-112.99497,=AVERAGE($G$2:$G$280),=AVERAGE($D$2:$D$280),"=IFERROR(($AT15-G15)/$AT15,0)","=IFERROR(($AU15-D15)/$AU15,0)",=$AU15-D15
Private Hot Tub! Modern New Suite Near Zion #2,594987292,,148697,156760,718.34,59.48,348,2,3,8,true,false,true,true,true,false,false,Home/Apartment,Apartment,Apt/Condo/Loft,5,34,1,2-5,Luxury,true,0,true,207,84,2026-05-17,St. George,Springdale,Springdale,Utah,84767,United States,mountains_lakes,https://www.airbnb.com/rooms/1234726308714788430,https://a0.muscache.com/im/pictures/prohost-api/Hosting-1234726308714788430/original/d9596c63-a7a7-48bd-b854-47bd5b8339b3.jpeg,1234726308714788430,,37.1866578696,-113.00216711,=AVERAGE($G$2:$G$280),=AVERAGE($D$2:$D$280),"=IFERROR(($AT16-G16)/$AT16,0)","=IFERROR(($AU16-D16)/$AU16,0)",=$AU16-D16
LaFave South: Mountain of the Sun,LaFave: Luxury Rentals At Zion,,148057,152947,666.92,65.88,349,2,2,6,true,false,false,true,true,false,true,Home/Apartment,Villa,House/villa,4.9,13,2,21+,Luxury,true,199,true,222,71,2026-05-17,St. George,Springdale,Springdale,Utah,84767,United States,mountains_lakes,https://www.airbnb.com/rooms/49480691,https://a0.muscache.com/im/pictures/prohost-api/Hosting-49480691/original/6307b3c0-18e4-4973-a51c-9ec2e485ad71.jpeg,49480691,2287490,37.18277,-113.00416,=AVERAGE($G$2:$G$280),=AVERAGE($D$2:$D$280),"=IFERROR(($AT17-G17)/$AT17,0)","=IFERROR(($AU17-D17)/$AU17,0)",=$AU17-D17
New Modern Apartment Near Zion!,594987292,,143787,259265,1331.36,56.54,195,3,5,9,true,false,true,true,true,false,false,Home/Apartment,Apartment,Apt/Condo/Loft,5,2,2,2-5,Luxury,true,0,false,108,39,2025-11-02,St. George,Springdale,Springdale,Utah,84767,United States,mountains_lakes,https://www.airbnb.com/rooms/1239330515308829220,https://a0.muscache.com/im/pictures/prohost-api/Hosting-1239330515308829220/original/e46b1478-74e6-41de-99a5-361cc65ab164.jpeg,1239330515308829220,,37.1868003252,-113.0006933598,=AVERAGE($G$2:$G$280),=AVERAGE($D$2:$D$280),"=IFERROR(($AT18-G18)/$AT18,0)","=IFERROR(($AU18-D18)/$AU18,0)",=$AU18-D18
LaFave South: The Subway,LaFave: Luxury Rentals At Zion,,143703,150852,756.33,55.23,349,2,2,8,true,false,false,true,true,false,true,Home/Apartment,Villa,House/villa,5,21,2,21+,Luxury,true,219,true,190,67,2026-05-17,St. George,Springdale,Springdale,Utah,84767,United States,mountains_lakes,https://www.airbnb.com/rooms/42927435,https://a0.muscache.com/im/pictures/8e02dbe2-a2ea-4cc9-a681-60d194a89719.jpg,42927435,,37.1848,-113.00306,=AVERAGE($G$2:$G$280),=AVERAGE($D$2:$D$280),"=IFERROR(($AT19-G19)/$AT19,0)","=IFERROR(($AU19-D19)/$AU19,0)",=$AU19-D19
LaFave South: Echo Canyon,LaFave: Luxury Rentals At Zion,,142417,145029,684.7,61.36,352,2,2,6,true,false,false,true,true,false,true,Home/Apartment,Villa,House/villa,5,21,2,21+,Luxury,true,198,true,208,65,2026-05-17,St. George,Springdale,Springdale,Utah,84767,United States,mountains_lakes,https://www.airbnb.com/rooms/42927791,https://a0.muscache.com/im/pictures/70da0090-0a69-4cfb-b73e-534fa92848e5.jpg,42927791,1948228,37.18366,-113.00457,=AVERAGE($G$2:$G$280),=AVERAGE($D$2:$D$280),"=IFERROR(($AT20-G20)/$AT20,0)","=IFERROR(($AU20-D20)/$AU20,0)",=$AU20-D20
Zion A-Frame: Voted #1 Most Liked Stay by Airbnb,281938878,,138345,175801,643.47,75.7,284,1,1,2,true,false,true,true,true,true,false,Home/Apartment,Tiny house,Unique,4.9,446,1,2-5,Luxury,true,66,true,215,96,2026-05-17,St. George,Springdale,Hildale,Utah,84784,United States,mountains_lakes,https://www.airbnb.com/rooms/51108720,https://a0.muscache.com/im/pictures/hosting/Hosting-51108720/original/ed7ae38d-9069-4812-83d3-72ea939f9389.jpeg,51108720,3828273,37.00604,-112.99237,=AVERAGE($G$2:$G$280),=AVERAGE($D$2:$D$280),"=IFERROR(($AT21-G21)/$AT21,0)","=IFERROR(($AU21-D21)/$AU21,0)",=$AU21-D21
LaFave North: Virgin River,LaFave: Luxury Rentals At Zion,,137701,167569,877.08,51.99,314,3,3,10,true,false,false,true,true,false,true,Home/Apartment,Villa,House/villa,5,9,2,21+,Luxury,true,249,true,157,47,2026-05-17,St. George,Springdale,Springdale,Utah,84767,United States,mountains_lakes,https://www.airbnb.com/rooms/1010121816072791569,https://a0.muscache.com/im/pictures/prohost-api/Hosting-1010121816072791569/original/7d8a4b5d-f3f0-4776-bdd6-f8fa53245ed2.jpeg,1010121816072791569,3668687,37.18499,-113.00257,=AVERAGE($G$2:$G$280),=AVERAGE($D$2:$D$280),"=IFERROR(($AT22-G22)/$AT22,0)","=IFERROR(($AU22-D22)/$AU22,0)",=$AU22-D22
Nama-Stay Retreat House | Zion NP | Sleeps 8,3131508,,133101,164693,764.95,59.59,307,3,2,8,true,false,false,true,true,false,false,Home/Apartment,House,House/villa,4.95,277,3,6-20,Luxury,true,185,true,174,51,2026-05-11,St. George,Springdale,Springdale,Utah,84767,United States,mountains_lakes,https://www.airbnb.com/rooms/630079,https://a0.muscache.com/im/pictures/prohost-api/Hosting-630079/original/dced849e-7019-4c50-80ba-62ba1fecbcc8.jpeg,630079,427290,37.1874,-112.9998,=AVERAGE($G$2:$G$280),=AVERAGE($D$2:$D$280),"=IFERROR(($AT23-G23)/$AT23,0)","=IFERROR(($AU23-D23)/$AU23,0)",=$AU23-D23
LaFave North: Johnson Mountain,LaFave: Luxury Rentals At Zion,,130907,174080,818.17,55.56,288,3,2,8,true,false,false,true,true,false,true,Home/Apartment,House,House/villa,4.9,9,2,21+,Luxury,true,229,true,160,48,2026-05-17,St. George,Springdale,Springdale,Utah,84767,United States,mountains_lakes,https://www.airbnb.com/rooms/1034797756739834608,https://a0.muscache.com/im/pictures/prohost-api/Hosting-1034797756739834608/original/de1a7829-a4ed-44ba-8f39-e8b5defcde1b.jpeg,1034797756739834608,3668705,37.18277,-113.00392,=AVERAGE($G$2:$G$280),=AVERAGE($D$2:$D$280),"=IFERROR(($AT24-G24)/$AT24,0)","=IFERROR(($AU24-D24)/$AU24,0)",=$AU24-D24
LaFave South: Checkerboard Mesa,LaFave: Luxury Rentals At Zion,,126736,134102,663.54,55.2,346,2,2,6,true,false,false,true,true,false,true,Home/Apartment,Villa,House/villa,4.95,14,2,21+,Luxury,true,199,true,191,68,2026-05-11,St. George,Springdale,Springdale,Utah,84767,United States,mountains_lakes,https://www.airbnb.com/rooms/49384711,https://a0.muscache.com/im/pictures/prohost-api/Hosting-49384711/original/63c806b8-a472-4330-93d0-103e5696d409.jpeg,49384711,2259839,37.18329,-113.0033,=AVERAGE($G$2:$G$280),=AVERAGE($D$2:$D$280),"=IFERROR(($AT25-G25)/$AT25,0)","=IFERROR(($AU25-D25)/$AU25,0)",=$AU25-D25
"Zion Farmhouse | Virgin River, Private Pool, Zion",JNN Property Management INC,,124996,133701,1086.92,38.33,334,5,3,10,true,false,true,true,true,false,true,Home/Apartment,House,House/villa,5,15,3,21+,Luxury,true,435,false,115,26,2026-05-13,St. George,Springdale,Virgin,Utah,84779,United States,mountains_lakes,https://www.airbnb.com/rooms/1242798393586141608,https://a0.muscache.com/im/pictures/prohost-api/Hosting-1242798393586141608/original/dfbdda08-319b-425d-9413-d3fa4de148ea.jpeg,1242798393586141608,,37.20014,-113.20217,=AVERAGE($G$2:$G$280),=AVERAGE($D$2:$D$280),"=IFERROR(($AT26-G26)/$AT26,0)","=IFERROR(($AU26-D26)/$AU26,0)",=$AU26-D26
LaFave North: Pine Creek,LaFave: Luxury Rentals At Zion,,124984,132392,650.96,57.31,344,2,2,6,true,false,false,true,true,false,true,Home/Apartment,Villa,House/villa,5,8,2,21+,Luxury,true,199,true,192,59,2026-05-17,St. George,Springdale,Springdale,Utah,84767,United States,mountains_lakes,https://www.airbnb.com/rooms/1010179895406454798,https://a0.muscache.com/im/pictures/prohost-api/Hosting-1010179895406454798/original/72c598ce-b028-43bb-9656-9f2168cd6982.jpeg,1010179895406454798,3668696,37.18476,-113.0027,=AVERAGE($G$2:$G$280),=AVERAGE($D$2:$D$280),"=IFERROR(($AT27-G27)/$AT27,0)","=IFERROR(($AU27-D27)/$AU27,0)",=$AU27-D27
LaFave North: Cathedral Mountain,LaFave: Luxury Rentals At Zion,,122709,156572,864.15,49.82,291,3,3,10,true,false,false,true,true,false,true,Home/Apartment,Villa,House/villa,5,7,2,21+,Luxury,true,249,true,142,49,2026-05-13,St. George,Springdale,Springdale,Utah,84767,United States,mountains_lakes,https://www.airbnb.com/rooms/1025513819330350887,https://a0.muscache.com/im/pictures/prohost-api/Hosting-1025513819330350887/original/6f19ffc9-6fc4-4fb7-9eed-abff99c57c56.jpeg,1025513819330350887,3668708,37.18468,-113.00467,=AVERAGE($G$2:$G$280),=AVERAGE($D$2:$D$280),"=IFERROR(($AT28-G28)/$AT28,0)","=IFERROR(($AU28-D28)/$AU28,0)",=$AU28-D28
LaFave-Luxury Villa at Zion: Mystery Falls,LaFave: Luxury Rentals at Zion,,119059,127189,753.54,47.31,342,2,2,6,true,false,true,true,true,false,true,Home/Apartment,House,House/villa,4.9,25,2,1,Luxury,false,175,true,158,52,2026-05-16,St. George,Springdale,Springdale,Utah,84767,United States,mountains_lakes,https://www.vrbo.com/1948240,https://media.vrbo.com/lodging/50000000/49320000/49310800/49310746/8973e259.jpg?impolicy=resizecrop&rw=1200&ra=fit,,1948240,37.186275,-113.005979,=AVERAGE($G$2:$G$280),=AVERAGE($D$2:$D$280),"=IFERROR(($AT29-G29)/$AT29,0)","=IFERROR(($AU29-D29)/$AU29,0)",=$AU29-D29
LaFave South: The Sentinel,LaFave: Luxury Rentals At Zion,,118380,123702,427.36,78.69,352,1,1,4,true,false,false,true,true,false,true,Home/Apartment,Villa,House/villa,4.95,26,2,21+,Luxury,true,159,true,277,101,2026-05-17,St. George,Springdale,Springdale,Utah,84767,United States,mountains_lakes,https://www.airbnb.com/rooms/49483836,https://a0.muscache.com/im/pictures/prohost-api/Hosting-49483836/original/12a1f48b-5a4f-4cd2-a4a9-aae434c3bb40.jpeg,49483836,2291964,37.18299,-113.00469,=AVERAGE($G$2:$G$280),=AVERAGE($D$2:$D$280),"=IFERROR(($AT30-G30)/$AT30,0)","=IFERROR(($AU30-D30)/$AU30,0)",=$AU30-D30
The Aspen #1 at Watchman Villas,386493991,,118079,123283,819.99,43.5,351,2,2,8,true,false,true,true,true,false,true,Home/Apartment,Apartment,Apt/Condo/Loft,4.85,20,2,6-20,Luxury,false,0,true,144,49,2026-05-17,St. George,Springdale,Springdale,Utah,84767,United States,mountains_lakes,https://www.airbnb.com/rooms/49502964,https://a0.muscache.com/im/pictures/miso/Hosting-49502964/original/ac49eebf-6229-4bd7-b4b8-28f6e700faf0.jpeg,49502964,,37.18556,-113.00233,=AVERAGE($G$2:$G$280),=AVERAGE($D$2:$D$280),"=IFERROR(($AT31-G31)/$AT31,0)","=IFERROR(($AU31-D31)/$AU31,0)",=$AU31-D31
LaFave North: Weeping Rock,LaFave: Luxury Rentals At Zion,,118004,126279,584.18,59.76,338,2,1,6,true,false,false,true,true,false,true,Home/Apartment,Villa,House/villa,5,13,2,21+,Luxury,true,189,true,202,75,2026-05-17,St. George,Springdale,Springdale,Utah,84767,United States,mountains_lakes,https://www.airbnb.com/rooms/1021207964184375109,https://a0.muscache.com/im/pictures/prohost-api/Hosting-1021207964184375109/original/da976738-0354-4e4a-87e6-28c7e5ddaf5c.jpeg,1021207964184375109,3668704,37.18281,-113.00245,=AVERAGE($G$2:$G$280),=AVERAGE($D$2:$D$280),"=IFERROR(($AT32-G32)/$AT32,0)","=IFERROR(($AU32-D32)/$AU32,0)",=$AU32-D32
LaFave South: Temple of Sinawava,LaFave: Luxury Rentals At Zion,,117791,121343,416.22,79.49,356,1,1,4,true,false,false,true,true,false,true,Home/Apartment,Villa,House/villa,5,19,2,21+,Luxury,true,159,true,283,95,2026-05-17,St. George,Springdale,Springdale,Utah,84767,United States,mountains_lakes,https://www.airbnb.com/rooms/49499450,https://a0.muscache.com/im/pictures/prohost-api/Hosting-49499450/original/f30a03cb-7bde-443d-83ab-ca9b9891a395.jpeg,49499450,2291974,37.18331,-113.00461,=AVERAGE($G$2:$G$280),=AVERAGE($D$2:$D$280),"=IFERROR(($AT33-G33)/$AT33,0)","=IFERROR(($AU33-D33)/$AU33,0)",=$AU33-D33
LaFave South: Emerald Pools,LaFave: Luxury Rentals At Zion,,115883,133215,738.11,53.04,321,2,2,8,true,false,false,true,true,false,true,Home/Apartment,Villa,House/villa,4.5,8,2,21+,Luxury,true,219,true,157,47,2026-05-11,St. George,Springdale,Springdale,Utah,84767,United States,mountains_lakes,https://www.airbnb.com/rooms/49482202,https://a0.muscache.com/im/pictures/prohost-api/Hosting-49482202/original/cc331334-d876-489b-923d-bf19f3c94f51.jpeg,49482202,2287513,37.18322,-113.00331,=AVERAGE($G$2:$G$280),=AVERAGE($D$2:$D$280),"=IFERROR(($AT34-G34)/$AT34,0)","=IFERROR(($AU34-D34)/$AU34,0)",=$AU34-D34
LaFave North - Kayenta,LaFave: Luxury Rentals At Zion,,114419,121858,572.1,57.14,350,,,6,true,false,false,true,true,false,true,Home/Apartment,Villa,House/villa,5,3,2,21+,Luxury,true,189,true,200,72,2026-05-16,St. George,Springdale,Springdale,Utah,84767,United States,mountains_lakes,https://www.airbnb.com/rooms/1010915556069936366,https://a0.muscache.com/im/pictures/prohost-api/Hosting-1010915556069936366/original/59b4a46a-3e8c-4d4c-8661-034410628452.jpeg,1010915556069936366,3668699,37.18289,-113.00429,=AVERAGE($G$2:$G$280),=AVERAGE($D$2:$D$280),"=IFERROR(($AT35-G35)/$AT35,0)","=IFERROR(($AU35-D35)/$AU35,0)",=$AU35-D35
LaFave South: The Narrows,LaFave: Luxury Rentals At Zion,,113725,155512,861.55,50,278,3,3,10,true,false,false,true,true,false,true,Home/Apartment,Villa,House/villa,4.95,19,2,21+,Luxury,true,249,true,132,40,2026-05-17,St. George,Springdale,Springdale,Utah,84767,United States,mountains_lakes,https://www.airbnb.com/rooms/49482951,https://a0.muscache.com/im/pictures/prohost-api/Hosting-49482951/original/11ad8729-6eaa-4a6c-b7b1-af986a7f3d28.jpeg,49482951,2287528,37.18296,-113.00475,=AVERAGE($G$2:$G$280),=AVERAGE($D$2:$D$280),"=IFERROR(($AT36-G36)/$AT36,0)","=IFERROR(($AU36-D36)/$AU36,0)",=$AU36-D36
Flanigan's Luxury Private Villa II in Zion,98757420,,113083,117604,825.42,43.35,358,2,2,4,true,false,false,true,true,false,true,Home/Apartment,House,House/villa,4.95,48,1,2-5,Luxury,false,0,false,137,44,2026-05-11,St. George,Springdale,Springdale,Utah,84767,United States,mountains_lakes,https://www.airbnb.com/rooms/36634558,https://a0.muscache.com/im/pictures/miso/Hosting-36634558/original/5c05f807-199a-4ff4-8724-42015d0be8f5.jpeg,36634558,407768,37.1945,-112.9934,=AVERAGE($G$2:$G$280),=AVERAGE($D$2:$D$280),"=IFERROR(($AT37-G37)/$AT37,0)","=IFERROR(($AU37-D37)/$AU37,0)",=$AU37-D37
Private Patio/Fireplc/King bds/walkable/ Downtown,135862176,,112950,114617,656.69,49.28,360,3,2,8,true,false,false,true,true,false,false,Home/Apartment,Apartment,Apt/Condo/Loft,5,381,3,2-5,Luxury,true,202,true,172,50,2026-05-11,St. George,Springdale,Springdale,Utah,84767,United States,mountains_lakes,https://www.airbnb.com/rooms/36487734,https://a0.muscache.com/im/pictures/hosting/Hosting-U3RheVN1cHBseUxpc3Rpbmc6MzY0ODc3MzQ%3D/original/bdca20fe-fd3d-46d1-84f8-e22292896b5d.jpeg,36487734,485059,37.1893,-112.9983,=AVERAGE($G$2:$G$280),=AVERAGE($D$2:$D$280),"=IFERROR(($AT38-G38)/$AT38,0)","=IFERROR(($AU38-D38)/$AU38,0)",=$AU38-D38
LaFave South: Mystery Falls,LaFave: Luxury Rentals At Zion,,112011,115105,670.72,47.85,352,2,2,6,true,false,false,true,true,false,true,Home/Apartment,Villa,House/villa,4.95,52,2,21+,Luxury,true,199,true,167,54,2026-05-10,St. George,Springdale,Springdale,Utah,84767,United States,mountains_lakes,https://www.airbnb.com/rooms/42927963,https://a0.muscache.com/im/pictures/a0360561-ab14-45b0-948e-38798fb65ce9.jpg,42927963,1948223,37.1839,-113.0037,=AVERAGE($G$2:$G$280),=AVERAGE($D$2:$D$280),"=IFERROR(($AT39-G39)/$AT39,0)","=IFERROR(($AU39-D39)/$AU39,0)",=$AU39-D39
LaFave South: Hidden Canyon,LaFave: Luxury Rentals At Zion,,111930,117915,562.46,57.68,349,2,1,6,true,false,false,true,true,false,true,Home/Apartment,Villa,House/villa,5,18,2,21+,Luxury,true,189,true,199,72,2026-05-17,St. George,Springdale,Springdale,Utah,84767,United States,mountains_lakes,https://www.airbnb.com/rooms/49500826,https://a0.muscache.com/im/pictures/prohost-api/Hosting-49500826/original/def144bd-dc52-4423-957a-0df36a33f8b8.jpeg,49500826,2291953,37.1844,-113.0047,=AVERAGE($G$2:$G$280),=AVERAGE($D$2:$D$280),"=IFERROR(($AT40-G40)/$AT40,0)","=IFERROR(($AU40-D40)/$AU40,0)",=$AU40-D40
Tipi Perfect for Stargazing In Zion With King Bed,Zion White Bison Resorts,,111294,127103,481.79,71.52,323,1,1,4,true,false,false,true,true,false,true,Home/Apartment,Tipi,Unique,4.85,13,2,21+,Luxury,true,115,true,231,95,2026-05-17,St. George,Springdale,Virgin,Utah,84779,United States,mountains_lakes,https://www.airbnb.com/rooms/51581247,https://a0.muscache.com/im/pictures/prohost-api/Hosting-51581247/original/1f0b1329-5b7e-4d3d-a343-279aeaa2af36.jpeg,51581247,2540268,37.20319,-113.19576,=AVERAGE($G$2:$G$280),=AVERAGE($D$2:$D$280),"=IFERROR(($AT41-G41)/$AT41,0)","=IFERROR(($AU41-D41)/$AU41,0)",=$AU41-D41
LaFave North: Lava Point,LaFave: Luxury Rentals At Zion,,111139,118108,745.9,50.68,335,2,2,8,true,false,false,true,true,false,true,Home/Apartment,Villa,House/villa,4.65,3,2,21+,Luxury,true,219,true,149,45,2026-05-11,St. George,Springdale,Springdale,Utah,84767,United States,mountains_lakes,https://www.airbnb.com/rooms/1010165022522756655,https://a0.muscache.com/im/pictures/prohost-api/Hosting-1010165022522756655/original/7256f53c-ee68-4736-ae1e-13fddb5e3ba5.jpeg,1010165022522756655,3668690,37.18345,-113.00242,=AVERAGE($G$2:$G$280),=AVERAGE($D$2:$D$280),"=IFERROR(($AT42-G42)/$AT42,0)","=IFERROR(($AU42-D42)/$AU42,0)",=$AU42-D42
"Zion Chalet - 6BD, Reunion,Wedding slps 22 spa",188142910,,110301,140758,868.51,44.88,284,6,4,16,true,false,true,true,true,false,false,Home/Apartment,Cabin,House/villa,4.95,83,3,2-5,Luxury,true,450,true,127,39,2026-05-17,St. George,Springdale,Rockville,Utah,84763,United States,mountains_lakes,https://www.airbnb.com/rooms/33202225,https://a0.muscache.com/im/pictures/hosting/Hosting-U3RheVN1cHBseUxpc3Rpbmc6MzMyMDIyMjU=/original/a5687ce9-9bf4-4aa6-be25-02d83981412e.jpeg,33202225,7657187ha,37.1634,-113.0632,=AVERAGE($G$2:$G$280),=AVERAGE($D$2:$D$280),"=IFERROR(($AT43-G43)/$AT43,0)","=IFERROR(($AU43-D43)/$AU43,0)",=$AU43-D43
Zion Riverwalk,12328692,,109909,157990,1862.86,34.71,313,7,5,10,true,false,true,true,true,false,false,Home/Apartment,House,House/villa,5,33,4,2-5,Luxury,false,200,false,59,12,2026-05-17,St. George,Springdale,Springdale,Utah,84767,United States,mountains_lakes,https://www.airbnb.com/rooms/28772794,https://a0.muscache.com/im/pictures/hosting/Hosting-28772794/original/fbce6684-30a2-48c2-92e1-f86beb983c69.jpeg,28772794,1397996,37.17811,-113.00642,=AVERAGE($G$2:$G$280),=AVERAGE($D$2:$D$280),"=IFERROR(($AT44-G44)/$AT44,0)","=IFERROR(($AU44-D44)/$AU44,0)",=$AU44-D44
LaFave North: Big Springs,LaFave: Luxury Rentals At Zion,,109085,119674,661.12,51.72,336,,,6,true,false,true,true,true,false,true,Home/Apartment,Villa,House/villa,5,9,2,21+,Luxury,true,199,true,165,55,2026-05-14,St. George,Springdale,Springdale,Utah,84767,United States,mountains_lakes,https://www.airbnb.com/rooms/1010891026806272876,https://a0.muscache.com/im/pictures/prohost-api/Hosting-1010891026806272876/original/baeef600-5431-4da2-b821-26fc933c59e2.jpeg,1010891026806272876,3668698,37.18302,-113.00305,=AVERAGE($G$2:$G$280),=AVERAGE($D$2:$D$280),"=IFERROR(($AT45-G45)/$AT45,0)","=IFERROR(($AU45-D45)/$AU45,0)",=$AU45-D45
Desert Rose Accessible Luxury Camp,387800891,,106354,136498,571.8,64.58,288,1,2,2,true,false,false,false,true,false,false,Home/Apartment,Tent,Unique,5,5,1,2-5,Luxury,true,0,true,186,68,2026-05-10,St. George,Springdale,Virgin,Utah,84779,United States,mountains_lakes,https://www.airbnb.com/rooms/49290801,https://a0.muscache.com/im/pictures/hosting/Hosting-U3RheVN1cHBseUxpc3Rpbmc6NDkyOTA4MDE%3D/original/59d45685-884b-4b61-a69d-37b034eafc07.jpeg,49290801,,37.22662,-113.12385,=AVERAGE($G$2:$G$280),=AVERAGE($D$2:$D$280),"=IFERROR(($AT46-G46)/$AT46,0)","=IFERROR(($AU46-D46)/$AU46,0)",=$AU46-D46
Luxe Private Tipi w/ King Bed  Hot Tub & Fire pit,Zion White Bison Resorts,,104255,120613,469.62,70.25,316,1,1,6,true,false,false,true,true,false,true,Home/Apartment,Tipi,Unique,4.95,18,2,21+,Luxury,true,115,true,222,91,2026-05-17,St. George,Springdale,Virgin,Utah,84779,United States,mountains_lakes,https://www.airbnb.com/rooms/51470418,https://a0.muscache.com/im/pictures/prohost-api/Hosting-51470418/original/9e21db1e-d197-4421-9a00-a11de83d0cbf.jpeg,51470418,2540265,37.2037,-113.19698,=AVERAGE($G$2:$G$280),=AVERAGE($D$2:$D$280),"=IFERROR(($AT47-G47)/$AT47,0)","=IFERROR(($AU47-D47)/$AU47,0)",=$AU47-D47
The Maple #4 at Watchman Villas,386493991,,103931,106028,649.57,55.94,314,2,2,8,true,false,false,true,false,false,true,Home/Apartment,Apartment,Apt/Condo/Loft,4.9,23,2,6-20,Luxury,false,0,true,160,53,2026-05-11,St. George,Springdale,Springdale,Utah,84767,United States,mountains_lakes,https://www.airbnb.com/rooms/49503121,https://a0.muscache.com/im/pictures/miso/Hosting-49503121/original/357058c9-d062-44da-925b-ad66de12a267.jpeg,49503121,,37.1849,-113.00198,=AVERAGE($G$2:$G$280),=AVERAGE($D$2:$D$280),"=IFERROR(($AT48-G48)/$AT48,0)","=IFERROR(($AU48-D48)/$AU48,0)",=$AU48-D48
Luxurious Tipi Perfect for A Romantic Getaway,Zion White Bison Resorts,,103504,121363,485.93,68.49,311,1,1,6,true,false,false,true,true,false,true,Home/Apartment,Tipi,Unique,4.95,15,2,21+,Luxury,true,115,true,213,93,2026-05-17,St. George,Springdale,Virgin,Utah,84779,United States,mountains_lakes,https://www.airbnb.com/rooms/51471123,https://a0.muscache.com/im/pictures/prohost-api/Hosting-51471123/original/03dd8625-eaf9-404c-b525-972dc3a1d540.jpeg,51471123,2540266,37.20522,-113.19618,=AVERAGE($G$2:$G$280),=AVERAGE($D$2:$D$280),"=IFERROR(($AT49-G49)/$AT49,0)","=IFERROR(($AU49-D49)/$AU49,0)",=$AU49-D49
LaFave North: Phantom Valley,LaFave: Luxury Rentals At Zion,,103443,110475,667.37,46.13,341,2,2,6,true,false,false,true,true,false,true,Home/Apartment,Villa,House/villa,5,6,2,21+,Luxury,true,199,true,155,54,2026-05-13,St. George,Springdale,Springdale,Utah,84767,United States,mountains_lakes,https://www.airbnb.com/rooms/1025536597214157281,https://a0.muscache.com/im/pictures/prohost-api/Hosting-1025536597214157281/original/7b8f4ca2-0fd4-4a92-9d0b-62a77bfb787b.jpeg,1025536597214157281,3668709,37.18329,-113.00467,=AVERAGE($G$2:$G$280),=AVERAGE($D$2:$D$280),"=IFERROR(($AT50-G50)/$AT50,0)","=IFERROR(($AU50-D50)/$AU50,0)",=$AU50-D50
Zion Mountain Views! Private Hot Tub! Zion Sage #1,594987292,,103278,124018,501.35,66.45,310,1,2,4,true,false,true,true,true,false,false,Home/Apartment,Apartment,Apt/Condo/Loft,5,47,1,2-5,Luxury,true,0,true,206,77,2026-05-17,St. George,Springdale,Springdale,Utah,84767,United States,mountains_lakes,https://www.airbnb.com/rooms/1218857076512065323,https://a0.muscache.com/im/pictures/prohost-api/Hosting-1218857076512065323/original/e337321a-0ee4-4b1b-b54e-b33b28969742.jpeg,1218857076512065323,,37.1867195034,-113.0026249546,=AVERAGE($G$2:$G$280),=AVERAGE($D$2:$D$280),"=IFERROR(($AT51-G51)/$AT51,0)","=IFERROR(($AU51-D51)/$AU51,0)",=$AU51-D51
LaFave South: Orderville Canyon,LaFave: Luxury Rentals At Zion,,102476,114577,578.96,57.65,332,2,1,6,true,false,false,true,true,false,true,Home/Apartment,Villa,House/villa,5,9,2,21+,Luxury,true,189,true,177,58,2026-05-10,St. George,Springdale,Springdale,Utah,84767,United States,mountains_lakes,https://www.airbnb.com/rooms/49502593,https://a0.muscache.com/im/pictures/prohost-api/Hosting-49502593/original/76b44206-392f-429c-8cb8-d3890e5639b2.jpeg,49502593,2291944,37.18432,-113.00454,=AVERAGE($G$2:$G$280),=AVERAGE($D$2:$D$280),"=IFERROR(($AT52-G52)/$AT52,0)","=IFERROR(($AU52-D52)/$AU52,0)",=$AU52-D52
Cozy Tipi Close To Zion W/ King Bed and Hot tub,Zion White Bison Resorts,,102436,114908,476.45,67.19,320,1,1,6,true,false,false,true,true,true,true,Home/Apartment,Tipi,Unique,4.9,27,2,21+,Luxury,true,115,true,215,89,2026-05-17,St. George,Springdale,Virgin,Utah,84779,United States,mountains_lakes,https://www.airbnb.com/rooms/51349605,https://a0.muscache.com/im/pictures/miso/Hosting-51349605/original/0f5b6ca8-7934-4584-8515-1ee821db8f14.jpeg,51349605,3692204,37.20249,-113.19632,=AVERAGE($G$2:$G$280),=AVERAGE($D$2:$D$280),"=IFERROR(($AT53-G53)/$AT53,0)","=IFERROR(($AU53-D53)/$AU53,0)",=$AU53-D53
Zion Riverfront Farmhouse,,,99462,121131,1198.34,31.2,305,5,4,10,true,false,true,true,true,false,true,Home/Apartment,House,House/villa,4.2,5,3,2-5,Luxury,false,435,true,83,22,2026-05-13,St. George,Springdale,Virgin,Utah,84779,United States,mountains_lakes,https://www.vrbo.com/4267261,https://media.vrbo.com/lodging/111000000/110320000/110315000/110314941/cd3ae7d2.jpg?impolicy=resizecrop&rw=1200&ra=fit,,4267261,37.199371,-113.174753,=AVERAGE($G$2:$G$280),=AVERAGE($D$2:$D$280),"=IFERROR(($AT54-G54)/$AT54,0)","=IFERROR(($AU54-D54)/$AU54,0)",=$AU54-D54
Zion Canyon Little House 4,540511029,,98728,108042,617.05,48.63,329,2,2,4,true,false,false,true,true,false,false,Home/Apartment,Apartment,Apt/Condo/Loft,5,23,1,2-5,Luxury,true,0,true,160,60,2026-05-11,St. George,Springdale,Springdale,Utah,84767,United States,mountains_lakes,https://www.airbnb.com/rooms/998513762993141366,https://a0.muscache.com/im/pictures/hosting/Hosting-998513762993141366/original/4e657979-868c-43cb-a804-eddac44f46a5.jpeg,998513762993141366,4063663,37.18387,-113.00211,=AVERAGE($G$2:$G$280),=AVERAGE($D$2:$D$280),"=IFERROR(($AT55-G55)/$AT55,0)","=IFERROR(($AU55-D55)/$AU55,0)",=$AU55-D55
LaFave North: The Sundial,LaFave: Luxury Rentals At Zion,,97456,104529,429.32,67.76,335,1,1,4,true,false,false,true,true,false,true,Home/Apartment,Villa,House/villa,5,4,2,21+,Luxury,true,159,true,227,77,2026-05-17,St. George,Springdale,Springdale,Utah,84767,United States,mountains_lakes,https://www.airbnb.com/rooms/1021194161891676860,https://a0.muscache.com/im/pictures/prohost-api/Hosting-1021194161891676860/original/dd54840f-0b38-4dab-a292-74e4f6cc806b.jpeg,1021194161891676860,3668703,37.18359,-113.00462,=AVERAGE($G$2:$G$280),=AVERAGE($D$2:$D$280),"=IFERROR(($AT56-G56)/$AT56,0)","=IFERROR(($AU56-D56)/$AU56,0)",=$AU56-D56
"Zion Canyon Casita 3, Steam shower, soaking tub!",540511029,,97433,103499,402.62,69.54,348,1,1,4,true,false,false,true,true,false,false,Home/Apartment,Apartment,Apt/Condo/Loft,5,32,1,2-5,Luxury,true,50,true,242,87,2026-05-11,St. George,Springdale,Springdale,Utah,84767,United States,mountains_lakes,https://www.airbnb.com/rooms/995614367715011249,https://a0.muscache.com/im/pictures/hosting/Hosting-995614367715011249/original/dddb1437-727b-48da-9bc0-1210d26b9878.jpeg,995614367715011249,4063661,37.18367,-113.00221,=AVERAGE($G$2:$G$280),=AVERAGE($D$2:$D$280),"=IFERROR(($AT57-G57)/$AT57,0)","=IFERROR(($AU57-D57)/$AU57,0)",=$AU57-D57
LaFave South: Kolob Arch,LaFave: Luxury Rentals At Zion,,97133,106046,599.59,48.94,335,2,1,6,true,false,false,true,true,false,true,Home/Apartment,Villa,House/villa,5,32,2,21+,Luxury,true,189,true,162,59,2026-05-11,St. George,Springdale,Springdale,Utah,84767,United States,mountains_lakes,https://www.airbnb.com/rooms/49500056,https://a0.muscache.com/im/pictures/prohost-api/Hosting-49500056/original/33348e60-d265-469a-bd51-043fa66d84ae.jpeg,49500056,2291905,37.18314,-113.00296,=AVERAGE($G$2:$G$280),=AVERAGE($D$2:$D$280),"=IFERROR(($AT58-G58)/$AT58,0)","=IFERROR(($AU58-D58)/$AU58,0)",=$AU58-D58
Whole Cottage at Zion National Park,Zion Village Plaza,,96497,106365,389.1,77.26,333,2,2,8,true,false,false,true,true,true,false,Home/Apartment,Cottage,House/villa,4.85,316,1,6-20,Luxury,true,98,false,248,101,2026-05-17,St. George,Springdale,Springdale,Utah,84767,United States,mountains_lakes,https://www.airbnb.com/rooms/15065358,https://a0.muscache.com/im/pictures/miso/Hosting-15065358/original/538c22de-8908-491c-bb7d-b8be850d6f2f.jpeg,15065358,,37.18628,-113.00037,=AVERAGE($G$2:$G$280),=AVERAGE($D$2:$D$280),"=IFERROR(($AT59-G59)/$AT59,0)","=IFERROR(($AU59-D59)/$AU59,0)",=$AU59-D59
Zion Canyon Little House 5,540511029,,96497,105227,618.57,45.88,340,2,2,4,true,false,false,true,true,false,false,Home/Apartment,Apartment,Apt/Condo/Loft,4.85,7,1,2-5,Luxury,true,50,true,156,62,2026-05-13,St. George,Springdale,Springdale,Utah,84767,United States,mountains_lakes,https://www.airbnb.com/rooms/998511138635274654,https://a0.muscache.com/im/pictures/hosting/Hosting-998511138635274654/original/07497975-0c1c-41cd-9054-83463e6de9d3.jpeg,998511138635274654,4063664,37.18395,-113.00337,=AVERAGE($G$2:$G$280),=AVERAGE($D$2:$D$280),"=IFERROR(($AT60-G60)/$AT60,0)","=IFERROR(($AU60-D60)/$AU60,0)",=$AU60-D60
"6 brm Zion Vacation Home, Center of Springdale, Ut",205733455,,96211,119446,769.69,41.67,311,6,3,14,true,false,false,true,true,false,false,Home/Apartment,House,House/villa,5,351,3,1,Luxury,true,228,true,125,34,2026-05-11,St. George,Springdale,Springdale,Utah,84767,United States,mountains_lakes,https://www.airbnb.com/rooms/27308062,https://a0.muscache.com/im/pictures/6a1c039c-fe1c-49e7-89a3-a7c142795d04.jpg,27308062,258203,37.1874,-112.9999,=AVERAGE($G$2:$G$280),=AVERAGE($D$2:$D$280),"=IFERROR(($AT61-G61)/$AT61,0)","=IFERROR(($AU61-D61)/$AU61,0)",=$AU61-D61
The Juniper #5 at Watchman Villas,386493991,,95419,100673,422.21,73.14,318,1,1,4,true,false,false,false,false,false,true,Home/Apartment,Apartment,Apt/Condo/Loft,4.95,45,2,6-20,Luxury,false,0,true,226,79,2026-05-17,St. George,Springdale,Springdale,Utah,84767,United States,mountains_lakes,https://www.airbnb.com/rooms/49503167,https://a0.muscache.com/im/pictures/miso/Hosting-49503167/original/37b80024-65c5-4dc5-8f85-034ff8cc932b.jpeg,49503167,,37.18623,-113.00061,=AVERAGE($G$2:$G$280),=AVERAGE($D$2:$D$280),"=IFERROR(($AT62-G62)/$AT62,0)","=IFERROR(($AU62-D62)/$AU62,0)",=$AU62-D62
"Zion Luxe, Entire home",430523240,,95378,113604,662.35,48,300,4,4,8,true,false,true,true,true,false,false,Home/Apartment,House,House/villa,5,115,1,6-20,Luxury,true,300,true,144,37,2025-11-30,St. George,Springdale,Virgin,Utah,84779,United States,mountains_lakes,https://www.airbnb.com/rooms/599963500355021323,https://a0.muscache.com/im/pictures/miso/Hosting-599963500355021323/original/890e3b99-93eb-4cff-a743-75951a3c101b.jpeg,599963500355021323,3214333,37.20185,-113.20658,=AVERAGE($G$2:$G$280),=AVERAGE($D$2:$D$280),"=IFERROR(($AT63-G63)/$AT63,0)","=IFERROR(($AU63-D63)/$AU63,0)",=$AU63-D63
Red Rock Inn - Angels Landing Cottage,136630075,,93182,111366,406.91,75.58,303,1,1,5,true,false,false,true,true,false,false,Private Room,Cottage,House/villa,5,26,1,6-20,Luxury,true,0,false,229,102,2026-05-17,St. George,Springdale,Springdale,Utah,84767,United States,mountains_lakes,https://www.airbnb.com/rooms/22011923,https://a0.muscache.com/im/pictures/prohost-api/Hosting-22011923/original/5f878b39-a40c-4148-ab48-0ffc08564de7.jpeg,22011923,,37.187,-113.00097,=AVERAGE($G$2:$G$280),=AVERAGE($D$2:$D$280),"=IFERROR(($AT64-G64)/$AT64,0)","=IFERROR(($AU64-D64)/$AU64,0)",=$AU64-D64
Red Rock Inn - Gifford,136630075,,93082,94440,338.48,76.39,360,,1,4,true,false,false,false,true,false,false,Private Room,Cottage,House/villa,4.9,30,1,6-20,Luxury,true,0,false,275,153,2026-05-17,St. George,Springdale,Springdale,Utah,84767,United States,mountains_lakes,https://www.airbnb.com/rooms/23981932,https://a0.muscache.com/im/pictures/prohost-api/Hosting-23981932/original/e1d5b6f1-c8c1-49ae-9ee8-36e32d240027.jpeg,23981932,,37.18711,-113.00222,=AVERAGE($G$2:$G$280),=AVERAGE($D$2:$D$280),"=IFERROR(($AT65-G65)/$AT65,0)","=IFERROR(($AU65-D65)/$AU65,0)",=$AU65-D65
LaFave South: The Zion Suite,LaFave: Luxury Rentals At Zion,,92400,109717,358.14,81.9,315,1,1,4,true,false,false,true,true,false,true,Home/Apartment,Villa,House/villa,4.95,104,2,21+,Luxury,true,149,true,258,83,2026-05-17,St. George,Springdale,Springdale,Utah,84767,United States,mountains_lakes,https://www.airbnb.com/rooms/17540238,https://a0.muscache.com/im/pictures/68f958e9-4323-4008-9d4c-182f0e983b16.jpg,17540238,1601423,37.18442,-113.00216,=AVERAGE($G$2:$G$280),=AVERAGE($D$2:$D$280),"=IFERROR(($AT66-G66)/$AT66,0)","=IFERROR(($AU66-D66)/$AU66,0)",=$AU66-D66
Tipi w/Indoor Bathroom Outdoor Kitchen and Hot Tub,Zion White Bison Resorts,,91751,100884,475.39,58.66,329,1,1,6,true,false,false,true,true,true,true,Home/Apartment,Tipi,Unique,4.95,13,2,21+,Luxury,true,115,true,193,79,2026-05-11,St. George,Springdale,Virgin,Utah,84779,United States,mountains_lakes,https://www.airbnb.com/rooms/51347071,https://a0.muscache.com/im/pictures/prohost-api/Hosting-51347071/original/edcda30b-6c48-4d52-a147-fed2fa3239d5.jpeg,51347071,2540264,37.20242,-113.19439,=AVERAGE($G$2:$G$280),=AVERAGE($D$2:$D$280),"=IFERROR(($AT67-G67)/$AT67,0)","=IFERROR(($AU67-D67)/$AU67,0)",=$AU67-D67
Zion's Heller House on Main,197034726,,91551,145721,769.34,53.12,236,4,4,9,true,false,false,true,true,false,false,Home/Apartment,House,House/villa,4.85,51,2,6-20,Luxury,true,175,true,119,49,2026-05-11,St. George,Springdale,Rockville,Utah,84763,United States,mountains_lakes,https://www.airbnb.com/rooms/38624930,https://a0.muscache.com/im/pictures/115aef94-e172-43b7-9d49-a4bd9b3f1c6e.jpg,38624930,2070208,37.1606,-113.0369,=AVERAGE($G$2:$G$280),=AVERAGE($D$2:$D$280),"=IFERROR(($AT68-G68)/$AT68,0)","=IFERROR(($AU68-D68)/$AU68,0)",=$AU68-D68
LaFave North: Mount Kinesava,LaFave: Luxury Rentals At Zion,,89417,100683,592.17,49.67,328,2,1,6,true,false,false,true,true,false,true,Home/Apartment,Villa,House/villa,5,7,2,21+,Luxury,true,189,true,151,51,2026-05-11,St. George,Springdale,Springdale,Utah,84767,United States,mountains_lakes,https://www.airbnb.com/rooms/1020445378309690004,https://a0.muscache.com/im/pictures/prohost-api/Hosting-1020445378309690004/original/e12449e3-3ea7-4c36-be8a-43870c9ce8ec.jpeg,1020445378309690004,3668701,37.18353,-113.00414,=AVERAGE($G$2:$G$280),=AVERAGE($D$2:$D$280),"=IFERROR(($AT69-G69)/$AT69,0)","=IFERROR(($AU69-D69)/$AU69,0)",=$AU69-D69
"Serene Cliff Dwelling - King Bed, Hot Tub, and BBQ",Zion White Bison Resorts,,89309,95871,355.81,73.61,341,1,1,5,true,false,false,true,true,true,true,Home/Apartment,Earth house,Unique,5,41,2,21+,Luxury,true,115,true,251,99,2026-05-17,St. George,Springdale,Virgin,Utah,84779,United States,mountains_lakes,https://www.airbnb.com/rooms/634055655348629703,https://a0.muscache.com/im/pictures/prohost-api/Hosting-634055655348629703/original/a9ec1e4f-7aea-4d74-bc53-193da32bbab8.jpeg,634055655348629703,2831605,37.2042,-113.19406,=AVERAGE($G$2:$G$280),=AVERAGE($D$2:$D$280),"=IFERROR(($AT70-G70)/$AT70,0)","=IFERROR(($AU70-D70)/$AU70,0)",=$AU70-D70
LaFave South: Northgate Peaks,LaFave: Luxury Rentals At Zion,,89052,100070,574.53,50.32,331,2,1,6,true,false,false,true,true,false,true,Home/Apartment,Villa,House/villa,4.95,15,2,21+,Luxury,true,189,true,155,47,2026-05-11,St. George,Springdale,Springdale,Utah,84767,United States,mountains_lakes,https://www.airbnb.com/rooms/49502183,https://a0.muscache.com/im/pictures/prohost-api/Hosting-49502183/original/080c456f-7f45-43d6-8e62-dcc39cac056b.jpeg,49502183,2291931,37.18368,-113.00405,=AVERAGE($G$2:$G$280),=AVERAGE($D$2:$D$280),"=IFERROR(($AT71-G71)/$AT71,0)","=IFERROR(($AU71-D71)/$AU71,0)",=$AU71-D71
The Watchman View Tower,299331074,,88805,90292,382.78,64.44,360,3,1,5,true,false,false,true,true,false,false,Home/Apartment,Apartment,Apt/Condo/Loft,4.85,247,2,6-20,Luxury,true,170,true,232,73,2026-05-17,St. George,Springdale,Springdale,Utah,84767,United States,mountains_lakes,https://www.airbnb.com/rooms/41349802,https://a0.muscache.com/im/pictures/f8b475e6-3db5-4479-a310-c390e05f4dcf.jpg,41349802,9157211ha,37.19171,-112.9971,=AVERAGE($G$2:$G$280),=AVERAGE($D$2:$D$280),"=IFERROR(($AT72-G72)/$AT72,0)","=IFERROR(($AU72-D72)/$AU72,0)",=$AU72-D72
Experience Desert WaterColor w/Hot Tub & Privacy,166002722,,88671,111575,385.53,79.86,288,3,2,10,true,false,false,true,true,true,false,Home/Apartment,House,House/villa,5,19,1,6-20,Luxury,true,144,true,230,90,2026-05-17,St. George,Springdale,Virgin,Utah,84779,United States,mountains_lakes,https://www.airbnb.com/rooms/1011496084577193072,https://a0.muscache.com/im/pictures/hosting/Hosting-998823972414408414/original/fe3850a1-e0e7-451b-8f65-81bb7c7173bd.jpeg,1011496084577193072,,37.20033,-113.16749,=AVERAGE($G$2:$G$280),=AVERAGE($D$2:$D$280),"=IFERROR(($AT73-G73)/$AT73,0)","=IFERROR(($AU73-D73)/$AU73,0)",=$AU73-D73
Luxe Cliff Dwelling Perfect for Romantic Getaway,Zion White Bison Resorts,,88264,98613,385.43,70.68,324,1,1,4,true,false,false,true,true,false,true,Home/Apartment,Earth house,Unique,4.8,9,2,21+,Luxury,true,115,true,229,89,2026-05-17,St. George,Springdale,Virgin,Utah,84779,United States,mountains_lakes,https://www.airbnb.com/rooms/675573004031766391,https://a0.muscache.com/im/pictures/prohost-api/Hosting-675573004031766391/original/d677c355-895b-4c2e-8002-732a5c4254c0.jpeg,675573004031766391,3320798,37.20405,-113.19426,=AVERAGE($G$2:$G$280),=AVERAGE($D$2:$D$280),"=IFERROR(($AT74-G74)/$AT74,0)","=IFERROR(($AU74-D74)/$AU74,0)",=$AU74-D74
"Zion Canyon Casita 1, Steam shower, soaking tub!",540511029,,87907,90701,412.71,60,355,1,1,4,true,false,false,true,true,false,false,Home/Apartment,Apartment,Apt/Condo/Loft,4.95,24,1,2-5,Luxury,true,0,true,213,82,2026-05-11,St. George,Springdale,Springdale,Utah,84767,United States,mountains_lakes,https://www.airbnb.com/rooms/995631070181778118,https://a0.muscache.com/im/pictures/hosting/Hosting-995631070181778118/original/1ceadb23-6bfa-4b29-89f9-837988e4d6bf.jpeg,995631070181778118,4040383,37.18361,-113.00416,=AVERAGE($G$2:$G$280),=AVERAGE($D$2:$D$280),"=IFERROR(($AT75-G75)/$AT75,0)","=IFERROR(($AU75-D75)/$AU75,0)",=$AU75-D75
Zion Loft  With Canyon Views Unit 1,77830087,,87376,89589,402.65,62.18,349,1,1,2,true,false,false,true,true,false,false,Home/Apartment,Loft,Apt/Condo/Loft,4.95,168,1,6-20,Luxury,true,75,false,217,74,2026-05-17,St. George,Springdale,Springdale,Utah,84767,United States,mountains_lakes,https://www.airbnb.com/rooms/734253246589744741,https://a0.muscache.com/im/pictures/prohost-api/Hosting-734253246589744741/original/0c5af2eb-f878-4e19-bf07-f0674fbd1158.jpeg,734253246589744741,4102883,37.1964,-112.9929,=AVERAGE($G$2:$G$280),=AVERAGE($D$2:$D$280),"=IFERROR(($AT76-G76)/$AT76,0)","=IFERROR(($AU76-D76)/$AU76,0)",=$AU76-D76
"Townhome 1 in Springdale, at Zion National Park",42300787,,87294,88424,365.25,66.39,360,2,2,4,true,false,false,true,true,false,false,Home/Apartment,House,House/villa,4.95,447,2,6-20,Luxury,true,100,false,239,82,2026-05-17,St. George,Springdale,Springdale,Utah,84767,United States,mountains_lakes,https://www.airbnb.com/rooms/8011611,https://a0.muscache.com/im/pictures/f7c42f34-a437-4312-b373-7524270342aa.jpg,8011611,1023446,37.1885,-113.0002,=AVERAGE($G$2:$G$280),=AVERAGE($D$2:$D$280),"=IFERROR(($AT77-G77)/$AT77,0)","=IFERROR(($AU77-D77)/$AU77,0)",=$AU77-D77
EcoFriendly A-Frame: Zion Observation Deck View,78732947,,87078,96993,313.23,84.76,328,1,1,2,true,false,true,true,true,true,false,Home/Apartment,Tiny house,Unique,4.9,822,1,2-5,Luxury,true,55,true,278,143,2026-05-17,St. George,Springdale,Hildale,Utah,84784,United States,mountains_lakes,https://www.airbnb.com/rooms/24873113,https://a0.muscache.com/im/pictures/hosting/Hosting-U3RheVN1cHBseUxpc3Rpbmc6MjQ4NzMxMTM%3D/original/27473ab7-548b-4b88-91ef-51f01c22e52a.jpeg,24873113,,37.00535,-112.9922,=AVERAGE($G$2:$G$280),=AVERAGE($D$2:$D$280),"=IFERROR(($AT78-G78)/$AT78,0)","=IFERROR(($AU78-D78)/$AU78,0)",=$AU78-D78
Luxurious Cliff Dwelling W/ hot tub and King Bed ADA accessible,Escape RV Resorts ,,86668,92412,392.16,64.43,343,1,1,5,true,false,true,true,true,false,true,Home/Apartment,Cabin,House/villa,5,7,2,2-5,Luxury,false,90,true,221,95,2026-05-17,St. George,Springdale,Virgin,Utah,84779,United States,mountains_lakes,https://www.vrbo.com/3137586,https://media.vrbo.com/lodging/90000000/89660000/89659400/89659330/327fa420.jpg?impolicy=resizecrop&rw=1200&ra=fit,,3137586,37.203503,-113.194565,=AVERAGE($G$2:$G$280),=AVERAGE($D$2:$D$280),"=IFERROR(($AT79-G79)/$AT79,0)","=IFERROR(($AU79-D79)/$AU79,0)",=$AU79-D79
Spacious King Cliff Dwelling Near Zion – 10 Min,Zion White Bison Resorts,,86440,95169,369.4,70.48,332,1,1,4,true,false,false,true,true,false,true,Home/Apartment,Earth house,Unique,5,1,2,21+,Luxury,true,115,true,234,93,2026-05-17,St. George,Springdale,Virgin,Utah,84779,United States,mountains_lakes,https://www.airbnb.com/rooms/634044183405019125,https://a0.muscache.com/im/pictures/prohost-api/Hosting-634044183405019125/original/812beddc-e1f2-43c8-be28-6c20bdbea88e.jpeg,634044183405019125,3320794,37.20319,-113.1952,=AVERAGE($G$2:$G$280),=AVERAGE($D$2:$D$280),"=IFERROR(($AT80-G80)/$AT80,0)","=IFERROR(($AU80-D80)/$AU80,0)",=$AU80-D80
Red Rock Inn - Emerald Pools,136630075,,85835,90695,306.55,80.69,347,1,1,2,true,false,false,false,true,false,false,Private Room,Cottage,House/villa,4.95,23,1,6-20,Luxury,true,0,false,280,171,2026-05-17,St. George,Springdale,Springdale,Utah,84767,United States,mountains_lakes,https://www.airbnb.com/rooms/23981404,https://a0.muscache.com/im/pictures/prohost-api/Hosting-23981404/original/2eb0e89b-fa8c-444a-9871-98a2eb9def85.jpeg,23981404,,37.18887,-113.00101,=AVERAGE($G$2:$G$280),=AVERAGE($D$2:$D$280),"=IFERROR(($AT81-G81)/$AT81,0)","=IFERROR(($AU81-D81)/$AU81,0)",=$AU81-D81
LaFave North: East Temple,LaFave: Luxury Rentals At Zion,,85703,103289,674.83,45.36,308,,,6,true,false,false,true,true,false,true,Home/Apartment,Villa,House/villa,5,4,2,21+,Luxury,true,199,true,127,46,2026-05-14,St. George,Springdale,Springdale,Utah,84767,United States,mountains_lakes,https://www.airbnb.com/rooms/1034191032034560661,https://a0.muscache.com/im/pictures/prohost-api/Hosting-1034191032034560661/original/6d2cc364-a20d-4093-9b01-9c81cee9526e.jpeg,1034191032034560661,3668710,37.1859,-113.00329,=AVERAGE($G$2:$G$280),=AVERAGE($D$2:$D$280),"=IFERROR(($AT82-G82)/$AT82,0)","=IFERROR(($AU82-D82)/$AU82,0)",=$AU82-D82
"Townhome 6 in Springdale, at Zion National Park",42300787,,85678,85903,349.71,67.49,363,2,2,4,true,false,false,true,true,false,false,Home/Apartment,House,House/villa,4.95,636,2,6-20,Luxury,true,100,false,245,86,2026-05-17,St. George,Springdale,Springdale,Utah,84767,United States,mountains_lakes,https://www.airbnb.com/rooms/17720854,https://a0.muscache.com/im/pictures/d3924587-e5ad-4b96-8f66-553fe6941f50.jpg,17720854,1023443,37.1884,-113.0001,=AVERAGE($G$2:$G$280),=AVERAGE($D$2:$D$280),"=IFERROR(($AT83-G83)/$AT83,0)","=IFERROR(($AU83-D83)/$AU83,0)",=$AU83-D83
"Townhome 6 in Springdale, at Zion National Park",,,85151,90761,376.77,65.89,343,2,2,4,true,false,false,true,true,false,false,Home/Apartment,House,House/villa,5,54,2,1,Luxury,false,100,true,226,75,2026-05-17,St. George,Springdale,Springdale,Utah,84767,United States,mountains_lakes,https://www.vrbo.com/1023444,https://media.vrbo.com/lodging/35000000/34430000/34423500/34423421/fe0c313a.jpg?impolicy=resizecrop&rw=1200&ra=fit,,1023444,37.18815,-113.000241,=AVERAGE($G$2:$G$280),=AVERAGE($D$2:$D$280),"=IFERROR(($AT84-G84)/$AT84,0)","=IFERROR(($AU84-D84)/$AU84,0)",=$AU84-D84
"Fully stocked, Clean & Spacious, Downtown Stop#5",135862176,,85103,88063,388.6,62.04,353,2,1,6,true,false,false,true,true,false,false,Home/Apartment,Apartment,Apt/Condo/Loft,4.95,461,2,2-5,Luxury,true,100,true,219,74,2026-05-17,St. George,Springdale,Springdale,Utah,84767,United States,mountains_lakes,https://www.airbnb.com/rooms/23146388,https://a0.muscache.com/im/pictures/miso/Hosting-23146388/original/ef97dba2-28cf-4389-9964-918a05388864.jpeg,23146388,485057,37.1894,-112.9987,=AVERAGE($G$2:$G$280),=AVERAGE($D$2:$D$280),"=IFERROR(($AT85-G85)/$AT85,0)","=IFERROR(($AU85-D85)/$AU85,0)",=$AU85-D85
The Pinyon #2 at Watchman Villas,386493991,,84989,93173,648.77,44.86,301,2,2,8,true,false,true,true,false,false,true,Home/Apartment,Apartment,Apt/Condo/Loft,4.7,21,2,6-20,Luxury,false,0,true,131,43,2026-05-11,St. George,Springdale,Springdale,Utah,84767,United States,mountains_lakes,https://www.airbnb.com/rooms/49502869,https://a0.muscache.com/im/pictures/miso/Hosting-49502869/original/623c8d7d-b4fa-4dc1-befc-71dc6c8eff29.jpeg,49502869,,37.18497,-113.00101,=AVERAGE($G$2:$G$280),=AVERAGE($D$2:$D$280),"=IFERROR(($AT86-G86)/$AT86,0)","=IFERROR(($AU86-D86)/$AU86,0)",=$AU86-D86
Private Pet Friendly Cliff Dwelling With King Bed,Zion White Bison Resorts,,84814,95914,367.16,72.87,317,1,1,4,true,false,false,true,true,true,true,Home/Apartment,Earth house,Unique,4.9,13,2,21+,Luxury,true,115,true,231,98,2026-05-17,St. George,Springdale,Virgin,Utah,84779,United States,mountains_lakes,https://www.airbnb.com/rooms/634045429747423497,https://a0.muscache.com/im/pictures/prohost-api/Hosting-634045429747423497/original/23d2c414-cbab-4b4b-9a26-87178ad0b760.jpeg,634045429747423497,3320795,37.20245,-113.19501,=AVERAGE($G$2:$G$280),=AVERAGE($D$2:$D$280),"=IFERROR(($AT87-G87)/$AT87,0)","=IFERROR(($AU87-D87)/$AU87,0)",=$AU87-D87
Apartment 1 at Zion National Park entrance,120504289,,83579,83994,379.9,60.77,363,1,1,5,true,false,false,true,true,false,false,Home/Apartment,Apartment,Apt/Condo/Loft,4.85,276,2,2-5,Luxury,false,85,false,220,76,2026-05-17,St. George,Springdale,Springdale,Utah,84767,United States,mountains_lakes,https://www.airbnb.com/rooms/31375111,https://a0.muscache.com/im/pictures/miso/Hosting-31375111/original/97a41ea5-67b9-433f-bbfd-79249c6d0b0d.jpeg,31375111,685116,37.1989,-112.9914,=AVERAGE($G$2:$G$280),=AVERAGE($D$2:$D$280),"=IFERROR(($AT88-G88)/$AT88,0)","=IFERROR(($AU88-D88)/$AU88,0)",=$AU88-D88
Red Rock Inn  - West Rim,136630075,,83059,85981,288.4,81.82,352,,1,2,true,false,false,false,true,false,false,Home/Apartment,Cottage,House/villa,4.95,181,1,6-20,Luxury,true,0,false,288,164,2026-05-17,St. George,Springdale,Springdale,Utah,84767,United States,mountains_lakes,https://www.airbnb.com/rooms/23981554,https://a0.muscache.com/im/pictures/prohost-api/Hosting-23981554/original/f3f54e2b-944c-42cf-8c8d-de71d3c426ee.jpeg,23981554,,37.18798,-113.00252,=AVERAGE($G$2:$G$280),=AVERAGE($D$2:$D$280),"=IFERROR(($AT89-G89)/$AT89,0)","=IFERROR(($AU89-D89)/$AU89,0)",=$AU89-D89
The Historic Rose Cottage,137591267,,82740,87107,282.39,84.68,346,2,1,4,true,false,false,true,true,false,false,Home/Apartment,Cottage,House/villa,5,686,1,1,Luxury,true,75,true,293,111,2026-05-17,St. George,Springdale,Springdale,Utah,84767,United States,mountains_lakes,https://www.airbnb.com/rooms/19575963,https://a0.muscache.com/im/pictures/hosting/Hosting-19575963/original/fbdea115-422e-4b92-9b0d-68646b43a759.jpeg,19575963,4725046ha,37.18658,-113.00223,=AVERAGE($G$2:$G$280),=AVERAGE($D$2:$D$280),"=IFERROR(($AT90-G90)/$AT90,0)","=IFERROR(($AU90-D90)/$AU90,0)",=$AU90-D90
LaFave North: Meridian Tower,LaFave: Luxury Rentals At Zion,,82637,102984,765.16,43.37,307,2,2,8,true,false,false,true,true,false,true,Home/Apartment,Villa,House/villa,5,1,2,21+,Luxury,true,219,true,108,34,2026-05-13,St. George,Springdale,Springdale,Utah,84767,United States,mountains_lakes,https://www.airbnb.com/rooms/1025490083420218080,https://a0.muscache.com/im/pictures/prohost-api/Hosting-1025490083420218080/original/e8355edc-6ba7-4714-8146-e639570acbdf.jpeg,1025490083420218080,3668706,37.18423,-113.00461,=AVERAGE($G$2:$G$280),=AVERAGE($D$2:$D$280),"=IFERROR(($AT91-G91)/$AT91,0)","=IFERROR(($AU91-D91)/$AU91,0)",=$AU91-D91
Enjoy Zion Canyon's 2 Cranes Inn all to yourselves,97132718,,82260,150690,541.18,72.73,212,4,4,10,true,false,false,true,true,false,false,Home/Apartment,House,House/villa,4.95,42,1,2-5,Luxury,true,100,true,152,67,2026-05-17,St. George,Springdale,Rockville,Utah,84763,United States,mountains_lakes,https://www.airbnb.com/rooms/43382336,https://a0.muscache.com/im/pictures/6d802409-36dc-4911-9a13-eb68ff496c61.jpg,43382336,,37.16256,-113.03963,=AVERAGE($G$2:$G$280),=AVERAGE($D$2:$D$280),"=IFERROR(($AT92-G92)/$AT92,0)","=IFERROR(($AU92-D92)/$AU92,0)",=$AU92-D92
Zion Loft | Walk to Zion NP + Views,52816294,,81434,85743,607.72,46.85,348,2,1,6,true,false,true,true,true,false,true,Home/Apartment,House,House/villa,5,77,1,1,Luxury,false,174,false,134,39,2026-05-11,St. George,Springdale,Springdale,Utah,84767,United States,mountains_lakes,https://www.airbnb.com/rooms/1041589459957366974,https://a0.muscache.com/im/pictures/hosting/Hosting-1041589459957366974/original/3667247b-3964-4e42-8b1e-c69c4d6006dc.jpeg,1041589459957366974,,37.19783,-112.99182,=AVERAGE($G$2:$G$280),=AVERAGE($D$2:$D$280),"=IFERROR(($AT93-G93)/$AT93,0)","=IFERROR(($AU93-D93)/$AU93,0)",=$AU93-D93
Red Rock Inn - Narrows,136630075,,81140,87422,299.41,79.47,341,1,1,2,true,false,false,false,true,false,false,Private Room,Cottage,House/villa,5,148,1,6-20,Luxury,true,0,false,271,122,2026-05-17,St. George,Springdale,Springdale,Utah,84767,United States,mountains_lakes,https://www.airbnb.com/rooms/23981831,https://a0.muscache.com/im/pictures/prohost-api/Hosting-23981831/original/b5cd9ffe-1a80-4083-89eb-a04be904a702.jpeg,23981831,,37.18689,-113.00173,=AVERAGE($G$2:$G$280),=AVERAGE($D$2:$D$280),"=IFERROR(($AT94-G94)/$AT94,0)","=IFERROR(($AU94-D94)/$AU94,0)",=$AU94-D94
ADA Luxurious Cliff Dwelling W/ hot tub and King,Zion White Bison Resorts,,80969,87905,378.36,63.88,335,1,1,5,true,false,false,true,true,false,true,Home/Apartment,Earth house,Unique,5,4,2,21+,Luxury,true,115,true,214,91,2026-05-17,St. George,Springdale,Virgin,Utah,84779,United States,mountains_lakes,https://www.airbnb.com/rooms/634039635010548174,https://a0.muscache.com/im/pictures/prohost-api/Hosting-634039635010548174/original/fc4d60df-a93e-4b67-8e20-0bc76075dd5b.jpeg,634039635010548174,2831603,37.20296,-113.19521,=AVERAGE($G$2:$G$280),=AVERAGE($D$2:$D$280),"=IFERROR(($AT95-G95)/$AT95,0)","=IFERROR(($AU95-D95)/$AU95,0)",=$AU95-D95
"Fun Family Wagon w/ 1QB, 2 bunk beds + Kitchen",Zion White Bison Resorts,,80513,86184,341.16,69.41,340,1,1,6,true,false,false,true,true,false,true,Home/Apartment,Place,House/villa,4.9,13,2,21+,Luxury,true,125,true,236,97,2026-05-17,St. George,Springdale,Virgin,Utah,84779,United States,mountains_lakes,https://www.airbnb.com/rooms/51366540,https://a0.muscache.com/im/pictures/prohost-api/Hosting-51366540/original/b2b6585f-d8aa-4539-afda-cb85a68d2923.jpeg,51366540,2540283,37.20246,-113.19512,=AVERAGE($G$2:$G$280),=AVERAGE($D$2:$D$280),"=IFERROR(($AT96-G96)/$AT96,0)","=IFERROR(($AU96-D96)/$AU96,0)",=$AU96-D96
Canyon View Farmstay: Mini Cows! Hot Tub & Sauna,555780128,,80484,83432,280.43,81.77,351,1,1,2,true,false,true,true,true,true,false,Home/Apartment,Farm stay,Unique,5,164,1,1,Luxury,true,74,true,287,121,2026-05-17,St. George,Springdale,Hildale,Utah,84784,United States,mountains_lakes,https://www.airbnb.com/rooms/1066169391611600243,https://a0.muscache.com/im/pictures/miso/Hosting-1066169391611600243/original/e6a5758a-e741-4c4e-a5e6-9522ce1cfc4d.jpeg,1066169391611600243,,37.00464,-112.96538,=AVERAGE($G$2:$G$280),=AVERAGE($D$2:$D$280),"=IFERROR(($AT97-G97)/$AT97,0)","=IFERROR(($AU97-D97)/$AU97,0)",=$AU97-D97
Red Rock Inn - Subway,136630075,,79661,83154,275.64,83.05,348,1,1,2,true,false,false,false,true,false,false,Private Room,Cottage,House/villa,5,63,1,6-20,Luxury,true,0,false,289,172,2026-05-17,St. George,Springdale,Springdale,Utah,84767,United States,mountains_lakes,https://www.airbnb.com/rooms/23981765,https://a0.muscache.com/im/pictures/prohost-api/Hosting-23981765/original/2e9429f3-5222-4947-a657-1a055052599f.jpeg,23981765,,37.18715,-113.00182,=AVERAGE($G$2:$G$280),=AVERAGE($D$2:$D$280),"=IFERROR(($AT98-G98)/$AT98,0)","=IFERROR(($AU98-D98)/$AU98,0)",=$AU98-D98
"Unique Wagon with King Bed, Hot Tub & Fire Pit",Zion White Bison Resorts,,78713,85936,349.84,67.37,334,1,1,2,true,false,false,true,true,false,true,Home/Apartment,Place,House/villa,4.9,29,2,21+,Luxury,true,115,true,225,89,2026-05-17,St. George,Springdale,Virgin,Utah,84779,United States,mountains_lakes,https://www.airbnb.com/rooms/51582521,https://a0.muscache.com/im/pictures/prohost-api/Hosting-51582521/original/f0ff34a5-cb0e-4b73-9eb4-3a3714f07aec.jpeg,51582521,2540286,37.20513,-113.19755,=AVERAGE($G$2:$G$280),=AVERAGE($D$2:$D$280),"=IFERROR(($AT99-G99)/$AT99,0)","=IFERROR(($AU99-D99)/$AU99,0)",=$AU99-D99
Sauna~Zion view~Hot Tub~RV Parking~27 miles Zion,15696008,,78615,82697,449.23,50.58,346,4,2,10,true,false,true,true,true,true,false,Home/Apartment,House,House/villa,5,85,4,2-5,Luxury,true,178,false,175,64,2026-05-11,St. George,Springdale,Hurricane,Utah,84737,United States,mountains_lakes,https://www.airbnb.com/rooms/1230031038516463070,https://a0.muscache.com/im/pictures/prohost-api/Hosting-1230031038516463070/original/af9a834f-424c-4ad7-a4d1-39a74f39c257.jpeg,1230031038516463070,4163646,37.10827,-113.14553,=AVERAGE($G$2:$G$280),=AVERAGE($D$2:$D$280),"=IFERROR(($AT100-G100)/$AT100,0)","=IFERROR(($AU100-D100)/$AU100,0)",=$AU100-D100
Red Rock Inn - Temple of Sinawava,136630075,,78468,83416,288.49,79.3,343,1,1,2,true,false,false,false,true,false,false,Private Room,Cottage,House/villa,4.9,51,1,6-20,Luxury,true,0,false,272,133,2026-05-17,St. George,Springdale,Springdale,Utah,84767,United States,mountains_lakes,https://www.airbnb.com/rooms/19474266,https://a0.muscache.com/im/pictures/prohost-api/Hosting-19474266/original/1c0a722d-a743-4e41-9130-930e461dcf1b.jpeg,19474266,,37.1884,-113.001,=AVERAGE($G$2:$G$280),=AVERAGE($D$2:$D$280),"=IFERROR(($AT101-G101)/$AT101,0)","=IFERROR(($AU101-D101)/$AU101,0)",=$AU101-D101
"Townhome 5 in Springdale, at Zion National Park",42300787,,78157,80237,366.93,59.66,357,2,2,4,true,false,false,true,true,false,false,Home/Apartment,House,House/villa,4.95,459,2,6-20,Luxury,true,100,false,213,67,2026-05-17,St. George,Springdale,Springdale,Utah,84767,United States,mountains_lakes,https://www.airbnb.com/rooms/16736237,https://a0.muscache.com/im/pictures/d2e7ba93-0faa-4370-9b4c-5092aece2a2d.jpg,16736237,1023447,37.1884,-113.0001,=AVERAGE($G$2:$G$280),=AVERAGE($D$2:$D$280),"=IFERROR(($AT102-G102)/$AT102,0)","=IFERROR(($AU102-D102)/$AU102,0)",=$AU102-D102
"Townhome 3 in Springdale, at Zion National Park",42300787,,77245,77632,376.8,60.12,363,2,2,4,true,false,false,true,true,false,false,Home/Apartment,House,House/villa,5,440,2,6-20,Luxury,true,100,false,205,66,2026-05-17,St. George,Springdale,Springdale,Utah,84767,United States,mountains_lakes,https://www.airbnb.com/rooms/13802205,https://a0.muscache.com/im/pictures/95d616ab-9260-4457-85e8-7f527aca2eec.jpg,13802205,743959,37.1884,-113.0001,=AVERAGE($G$2:$G$280),=AVERAGE($D$2:$D$280),"=IFERROR(($AT103-G103)/$AT103,0)","=IFERROR(($AU103-D103)/$AU103,0)",=$AU103-D103
"Townhome 3 in Springdale, at Zion National Park",,,77066,80076,393.19,59.94,353,2,2,4,true,false,false,true,true,false,false,Home/Apartment,House,House/villa,5,132,2,1,Luxury,false,100,true,196,65,2026-05-16,St. George,Springdale,Springdale,Utah,84767,United States,mountains_lakes,https://www.vrbo.com/1023445,https://media.vrbo.com/lodging/34000000/33940000/33937500/33937445/0b4ecd18.jpg?impolicy=resizecrop&rw=1200&ra=fit,,1023445,37.187766,-112.99993,=AVERAGE($G$2:$G$280),=AVERAGE($D$2:$D$280),"=IFERROR(($AT104-G104)/$AT104,0)","=IFERROR(($AU104-D104)/$AU104,0)",=$AU104-D104
Zion Luxury Loft  Unit 3,77830087,,76600,88725,427.93,54.74,327,1,1,2,true,false,false,true,true,false,false,Home/Apartment,Apartment,Apt/Condo/Loft,4.95,140,1,6-20,Luxury,true,75,false,179,65,2026-05-11,St. George,Springdale,Springdale,Utah,84767,United States,mountains_lakes,https://www.airbnb.com/rooms/781075498891815550,https://a0.muscache.com/im/pictures/prohost-api/Hosting-781075498891815550/original/574e3ed9-37ea-4cbb-a3bd-9f961091345a.jpeg,781075498891815550,4102884,37.1964,-112.9929,=AVERAGE($G$2:$G$280),=AVERAGE($D$2:$D$280),"=IFERROR(($AT105-G105)/$AT105,0)","=IFERROR(($AU105-D105)/$AU105,0)",=$AU105-D105
Wild Cow Mary Wagon w/ 1QB and 2 BB w/ outdoor,Zion White Bison Resorts,,76588,83386,346.55,67.79,326,1,1,6,true,false,false,true,true,true,true,Home/Apartment,Place,House/villa,5,7,2,21+,Luxury,true,125,true,221,90,2026-05-17,St. George,Springdale,Virgin,Utah,84779,United States,mountains_lakes,https://www.airbnb.com/rooms/51583454,https://a0.muscache.com/im/pictures/prohost-api/Hosting-51583454/original/ea60d17d-6f24-46fb-8a2a-c7724eed0a6b.jpeg,51583454,2540275,37.20442,-113.19465,=AVERAGE($G$2:$G$280),=AVERAGE($D$2:$D$280),"=IFERROR(($AT106-G106)/$AT106,0)","=IFERROR(($AU106-D106)/$AU106,0)",=$AU106-D106
Panoramic Zion Loft  Unit 2,77830087,,75844,84076,414.45,54.95,334,1,1,2,true,false,false,true,true,false,false,Home/Apartment,Loft,Apt/Condo/Loft,4.95,133,1,6-20,Luxury,true,75,false,183,60,2026-05-10,St. George,Springdale,Springdale,Utah,84767,United States,mountains_lakes,https://www.airbnb.com/rooms/734813511778189849,https://a0.muscache.com/im/pictures/prohost-api/Hosting-734813511778189849/original/9585ec4c-4b68-47c0-941b-b0ab1e696884.jpeg,734813511778189849,4102885,37.1964,-112.9929,=AVERAGE($G$2:$G$280),=AVERAGE($D$2:$D$280),"=IFERROR(($AT107-G107)/$AT107,0)","=IFERROR(($AU107-D107)/$AU107,0)",=$AU107-D107
Desert Rose Luxury Camp,387800891,,75539,102867,624.29,45.66,265,1,1,2,true,false,false,false,true,false,false,Home/Apartment,Tent,Unique,5,47,1,2-5,Luxury,true,0,true,121,53,2026-05-11,St. George,Springdale,Virgin,Utah,84779,United States,mountains_lakes,https://www.airbnb.com/rooms/49244845,https://a0.muscache.com/im/pictures/hosting/Hosting-U3RheVN1cHBseUxpc3Rpbmc6NDkyNDQ4NDU%3D/original/76aea47d-07d1-4df5-9073-8aa7695880c5.jpeg,49244845,,37.2259,-113.1244,=AVERAGE($G$2:$G$280),=AVERAGE($D$2:$D$280),"=IFERROR(($AT108-G108)/$AT108,0)","=IFERROR(($AU108-D108)/$AU108,0)",=$AU108-D108
The Willow #3 at Watchman Villas,386493991,,75404,83234,471.27,65.57,244,1,1,4,true,false,true,false,false,false,true,Home/Apartment,Apartment,Apt/Condo/Loft,4.85,37,2,6-20,Luxury,false,0,true,160,54,2026-05-17,St. George,Springdale,Springdale,Utah,84767,United States,mountains_lakes,https://www.airbnb.com/rooms/49503031,https://a0.muscache.com/im/pictures/miso/Hosting-49503031/original/c5a0cc10-425b-4b41-b1e8-451dc485c97c.jpeg,49503031,,37.18665,-113.00099,=AVERAGE($G$2:$G$280),=AVERAGE($D$2:$D$280),"=IFERROR(($AT109-G109)/$AT109,0)","=IFERROR(($AU109-D109)/$AU109,0)",=$AU109-D109
"Townhome 2 in Springdale, at Zion National Park",42300787,,74754,76531,361.13,58.47,354,2,2,4,true,false,false,true,true,false,false,Home/Apartment,House,House/villa,4.95,198,2,6-20,Luxury,true,100,false,207,63,2026-05-17,St. George,Springdale,Springdale,Utah,84767,United States,mountains_lakes,https://www.airbnb.com/rooms/13801822,https://a0.muscache.com/im/pictures/94cd0091-d562-4168-a40e-2b6e88ae0a60.jpg,13801822,,37.1884,-113.0001,=AVERAGE($G$2:$G$280),=AVERAGE($D$2:$D$280),"=IFERROR(($AT110-G110)/$AT110,0)","=IFERROR(($AU110-D110)/$AU110,0)",=$AU110-D110
Zion Canyon BnB Master - Room 100,246409022,,74566,77327,276.17,78.72,343,1,1,2,true,false,false,false,true,false,false,Private Room,Bed & Breakfast,B&B,5,233,1,2-5,Luxury,true,0,true,270,116,2026-05-17,St. George,Springdale,Springdale,Utah,84767,United States,mountains_lakes,https://www.airbnb.com/rooms/32790822,https://a0.muscache.com/im/pictures/miso/Hosting-32790822/original/5e3946cf-e918-4884-a368-a21f27bf1111.jpeg,32790822,,37.19069,-112.99129,=AVERAGE($G$2:$G$280),=AVERAGE($D$2:$D$280),"=IFERROR(($AT111-G111)/$AT111,0)","=IFERROR(($AU111-D111)/$AU111,0)",=$AU111-D111
Ultimate Western Wagon w/ Outdoor Kitchen and BBQ,Zion White Bison Resorts,,74286,76292,317.46,65.92,355,1,1,2,true,false,false,true,true,true,true,Home/Apartment,Place,House/villa,4.9,18,2,21+,Luxury,true,115,true,234,88,2026-05-17,St. George,Springdale,Virgin,Utah,84779,United States,mountains_lakes,https://www.airbnb.com/rooms/51582064,https://a0.muscache.com/im/pictures/prohost-api/Hosting-51582064/original/c517aca1-6665-4989-b7d9-67d975842292.jpeg,51582064,2540279,37.20361,-113.19699,=AVERAGE($G$2:$G$280),=AVERAGE($D$2:$D$280),"=IFERROR(($AT112-G112)/$AT112,0)","=IFERROR(($AU112-D112)/$AU112,0)",=$AU112-D112
The Watchman View Haven,299331074,,74245,76940,376.88,55.65,354,3,1,6,true,false,false,true,true,false,false,Home/Apartment,Apartment,Apt/Condo/Loft,4.9,210,2,6-20,Luxury,true,184,true,197,61,2026-05-17,St. George,Springdale,Springdale,Utah,84767,United States,mountains_lakes,https://www.airbnb.com/rooms/41955721,https://a0.muscache.com/im/pictures/fb28579f-efc2-4742-bd53-7859adda482c.jpg,41955721,9157195ha,37.19118,-112.99535,=AVERAGE($G$2:$G$280),=AVERAGE($D$2:$D$280),"=IFERROR(($AT113-G113)/$AT113,0)","=IFERROR(($AU113-D113)/$AU113,0)",=$AU113-D113
"Cozy Wagon w/ 2QB, Outdoor Kitchen & Hot Tub",Zion White Bison Resorts,,73690,79239,361.23,60.71,336,1,1,4,true,false,false,true,true,false,true,Home/Apartment,Place,House/villa,5,10,2,21+,Luxury,true,115,true,204,80,2026-05-17,St. George,Springdale,Virgin,Utah,84779,United States,mountains_lakes,https://www.airbnb.com/rooms/51605983,https://a0.muscache.com/im/pictures/prohost-api/Hosting-51605983/original/36a9dac1-0a24-4055-99ca-6962d6326737.jpeg,51605983,2540282,37.20314,-113.19696,=AVERAGE($G$2:$G$280),=AVERAGE($D$2:$D$280),"=IFERROR(($AT114-G114)/$AT114,0)","=IFERROR(($AU114-D114)/$AU114,0)",=$AU114-D114
"Zion Canyon Casita 2, Steam shower, soaking tub!",540511029,,71980,77903,418.49,49.86,345,1,1,4,true,false,false,true,true,false,false,Home/Apartment,Apartment,Apt/Condo/Loft,4.95,20,1,2-5,Luxury,true,50,true,172,68,2026-05-11,St. George,Springdale,Springdale,Utah,84767,United States,mountains_lakes,https://www.airbnb.com/rooms/998509835726798227,https://a0.muscache.com/im/pictures/prohost-api/Hosting-998509835726798227/original/818eee7d-577b-4276-a0a4-d6eca9e34ce5.jpeg,998509835726798227,4063662,37.18355,-113.00229,=AVERAGE($G$2:$G$280),=AVERAGE($D$2:$D$280),"=IFERROR(($AT115-G115)/$AT115,0)","=IFERROR(($AU115-D115)/$AU115,0)",=$AU115-D115
Amazingly close to the Gate~Suite Peace~ZION N.P.,244747673,,71897,75505,335.97,62.76,350,1,1,4,true,false,false,true,true,false,false,Home/Apartment,Cottage,House/villa,5,242,1,6-20,Luxury,false,152,false,214,60,2026-05-17,St. George,Springdale,Springdale,Utah,84767,United States,mountains_lakes,https://www.airbnb.com/rooms/46691150,https://a0.muscache.com/im/pictures/hosting/Hosting-46691150/original/fab0cd09-fb1a-466a-9f0f-643bcfa01f0c.jpeg,46691150,,37.19711,-112.99293,=AVERAGE($G$2:$G$280),=AVERAGE($D$2:$D$280),"=IFERROR(($AT116-G116)/$AT116,0)","=IFERROR(($AU116-D116)/$AU116,0)",=$AU116-D116
Primrose Cottage at Zion,690051104,,71856,76260,294.49,69.71,350,1,1,2,true,false,false,true,true,false,false,Home/Apartment,Apartment,Apt/Condo/Loft,5,58,1,2-5,Luxury,true,60,true,244,93,2026-05-13,St. George,Springdale,Springdale,Utah,84767,United States,mountains_lakes,https://www.airbnb.com/rooms/1399489084925499805,https://a0.muscache.com/im/pictures/miso/Hosting-1399489084925499805/original/0170ee74-7d0f-46d3-b126-802eb0b9cd95.jpeg,1399489084925499805,4560229,37.1878252055,-112.9963695719,=AVERAGE($G$2:$G$280),=AVERAGE($D$2:$D$280),"=IFERROR(($AT117-G117)/$AT117,0)","=IFERROR(($AU117-D117)/$AU117,0)",=$AU117-D117
Luxury Glamping Experience with HotTub and Firepit,Zion White Bison Resorts,,71172,75265,368.77,55.94,345,1,1,5,true,false,false,true,true,false,true,Home/Apartment,Earth house,Unique,5,11,2,21+,Luxury,true,115,true,193,78,2026-05-11,St. George,Springdale,Virgin,Utah,84779,United States,mountains_lakes,https://www.airbnb.com/rooms/634034594145636571,https://a0.muscache.com/im/pictures/prohost-api/Hosting-634034594145636571/original/09b7b81d-4fb9-44ee-a5dd-9474eb9f30e0.jpeg,634034594145636571,2831601,37.2047,-113.19562,=AVERAGE($G$2:$G$280),=AVERAGE($D$2:$D$280),"=IFERROR(($AT118-G118)/$AT118,0)","=IFERROR(($AU118-D118)/$AU118,0)",=$AU118-D118
Enjoy Sunsets at Zion - King Bed Cliff Dwelling,Zion White Bison Resorts,,70309,79538,372.01,59.25,319,1,1,4,true,false,false,true,true,false,true,Home/Apartment,Earth house,Unique,4.9,11,2,21+,Luxury,true,115,true,189,75,2026-05-17,St. George,Springdale,Virgin,Utah,84779,United States,mountains_lakes,https://www.airbnb.com/rooms/634040829904283836,https://a0.muscache.com/im/pictures/prohost-api/Hosting-634040829904283836/original/81ce5232-e4f0-4428-b2a6-77de7f6c345c.jpeg,634040829904283836,3320797,37.20321,-113.19422,=AVERAGE($G$2:$G$280),=AVERAGE($D$2:$D$280),"=IFERROR(($AT119-G119)/$AT119,0)","=IFERROR(($AU119-D119)/$AU119,0)",=$AU119-D119
Ute Cliff Dwelling - 2QB W/ Hot Tub and Roof Deck,Zion White Bison Resorts,,69640,72737,353.5,56.61,348,1,1,5,true,false,false,true,true,false,true,Home/Apartment,Earth house,Unique,4.9,9,2,21+,Luxury,true,115,true,197,83,2026-05-11,St. George,Springdale,Virgin,Utah,84779,United States,mountains_lakes,https://www.airbnb.com/rooms/634036176001202267,https://a0.muscache.com/im/pictures/prohost-api/Hosting-634036176001202267/original/08277713-95cd-4f8e-8913-4814d6e4fcbb.jpeg,634036176001202267,2831602,37.20416,-113.19556,=AVERAGE($G$2:$G$280),=AVERAGE($D$2:$D$280),"=IFERROR(($AT120-G120)/$AT120,0)","=IFERROR(($AU120-D120)/$AU120,0)",=$AU120-D120
Apartment 2 at Zion National Park Entrance,120504289,,69635,69811,376.41,51.39,363,1,1,5,true,false,false,true,true,false,false,Home/Apartment,Apartment,Apt/Condo/Loft,4.8,229,2,2-5,Luxury,false,85,false,185,64,2026-05-11,St. George,Springdale,Springdale,Utah,84767,United States,mountains_lakes,https://www.airbnb.com/rooms/31379080,https://a0.muscache.com/im/pictures/miso/Hosting-31379080/original/5a6096e7-9bc9-4e18-8aef-f904480b33b9.jpeg,31379080,695631,37.1984,-112.9915,=AVERAGE($G$2:$G$280),=AVERAGE($D$2:$D$280),"=IFERROR(($AT121-G121)/$AT121,0)","=IFERROR(($AU121-D121)/$AU121,0)",=$AU121-D121
The Bungalows at Zion Mariposa #12,460895552,,69468,71006,268.22,72.55,357,1,1,4,true,false,false,false,true,false,false,Home/Apartment,Tiny house,Unique,4.95,74,2,6-20,Luxury,true,75,true,259,93,2026-05-17,St. George,Springdale,Springdale,Utah,84767,United States,mountains_lakes,https://www.airbnb.com/rooms/659340598151958283,https://a0.muscache.com/im/pictures/miso/Hosting-659340598151958283/original/c233c659-c6d3-4d86-b186-e5f17439e499.jpeg,659340598151958283,,37.18203,-113.00429,=AVERAGE($G$2:$G$280),=AVERAGE($D$2:$D$280),"=IFERROR(($AT122-G122)/$AT122,0)","=IFERROR(($AU122-D122)/$AU122,0)",=$AU122-D122
"Townhome 4 in Springdale, at Zion National Park",42300787,,68704,69662,373.39,54.12,361,2,2,4,true,false,false,true,true,false,false,Home/Apartment,House,House/villa,4.95,210,2,6-20,Luxury,true,100,false,184,53,2026-05-17,St. George,Springdale,Springdale,Utah,84767,United States,mountains_lakes,https://www.airbnb.com/rooms/15660345,https://a0.muscache.com/im/pictures/93cf537a-aac1-422f-80b4-6dc16b2dae87.jpg,15660345,,37.1884,-113.0001,=AVERAGE($G$2:$G$280),=AVERAGE($D$2:$D$280),"=IFERROR(($AT123-G123)/$AT123,0)","=IFERROR(($AU123-D123)/$AU123,0)",=$AU123-D123
Anasazi Cliff Dwelling Hot Tub & Kitchen,Zion White Bison Resorts,,68330,78049,381.73,56.11,319,1,1,5,true,false,false,true,true,false,true,Home/Apartment,Earth house,Unique,4.7,8,2,21+,Luxury,true,115,true,179,78,2026-05-10,St. George,Springdale,Virgin,Utah,84779,United States,mountains_lakes,https://www.airbnb.com/rooms/634032484481354227,https://a0.muscache.com/im/pictures/prohost-api/Hosting-634032484481354227/original/ac552cce-6c54-4293-9d7a-b2020a69c1fc.jpeg,634032484481354227,2831600,37.20455,-113.19339,=AVERAGE($G$2:$G$280),=AVERAGE($D$2:$D$280),"=IFERROR(($AT124-G124)/$AT124,0)","=IFERROR(($AU124-D124)/$AU124,0)",=$AU124-D124
Red Rock Inn - Watchman,136630075,,68236,78990,290.37,74.37,316,1,1,2,true,false,false,false,true,false,false,Private Room,Cottage,House/villa,4.95,31,1,6-20,Luxury,true,0,false,235,118,2026-05-17,St. George,Springdale,Springdale,Utah,84767,United States,mountains_lakes,https://www.airbnb.com/rooms/23981657,https://a0.muscache.com/im/pictures/prohost-api/Hosting-23981657/original/3031409f-ef56-4e2e-8b7e-4ba3f3d884e4.jpeg,23981657,,37.18799,-113.00068,=AVERAGE($G$2:$G$280),=AVERAGE($D$2:$D$280),"=IFERROR(($AT125-G125)/$AT125,0)","=IFERROR(($AU125-D125)/$AU125,0)",=$AU125-D125
Luxury Cliff Dwelling Perfect For Families W/2 QB,Zion White Bison Resorts,,67865,75320,348.03,58.91,331,1,1,5,true,false,false,true,true,true,true,Home/Apartment,Earth house,Unique,4.8,9,2,21+,Luxury,true,115,true,195,81,2026-05-17,St. George,Springdale,Virgin,Utah,84779,United States,mountains_lakes,https://www.airbnb.com/rooms/634054116276124307,https://a0.muscache.com/im/pictures/prohost-api/Hosting-634054116276124307/original/58304645-3e5f-4b93-8ed2-4b1f90ebd232.jpeg,634054116276124307,,37.20419,-113.19513,=AVERAGE($G$2:$G$280),=AVERAGE($D$2:$D$280),"=IFERROR(($AT126-G126)/$AT126,0)","=IFERROR(($AU126-D126)/$AU126,0)",=$AU126-D126
The Loft at Zion,77830087,,67687,72245,457.34,44.18,342,1,1,2,true,false,false,true,true,false,false,Home/Apartment,Loft,Apt/Condo/Loft,4.95,337,1,6-20,Luxury,true,75,false,148,58,2026-05-13,St. George,Springdale,Springdale,Utah,84767,United States,mountains_lakes,https://www.airbnb.com/rooms/44341825,https://a0.muscache.com/im/pictures/prohost-api/Hosting-44341825/original/52361506-3902-43d5-a997-2298b1dadfa0.jpeg,44341825,4102881,37.1959,-112.9929,=AVERAGE($G$2:$G$280),=AVERAGE($D$2:$D$280),"=IFERROR(($AT127-G127)/$AT127,0)","=IFERROR(($AU127-D127)/$AU127,0)",=$AU127-D127
Nama-Stay Suite 2 | Spacious Retreat near Zion,3131508,,67362,73234,277.21,71.89,338,1,1,3,true,false,false,false,true,false,false,Home/Apartment,Guest suite,House/villa,4.95,242,2,6-20,Luxury,true,45,true,243,91,2026-05-17,St. George,Springdale,Springdale,Utah,84767,United States,mountains_lakes,https://www.airbnb.com/rooms/31283627,https://a0.muscache.com/im/pictures/prohost-api/Hosting-31283627/original/c847c447-bb75-418c-88c5-5ae2f38395fc.jpeg,31283627,1689163,37.1868,-112.999,=AVERAGE($G$2:$G$280),=AVERAGE($D$2:$D$280),"=IFERROR(($AT128-G128)/$AT128,0)","=IFERROR(($AU128-D128)/$AU128,0)",=$AU128-D128
Paintbrush Cottage at Zion,690051104,,67353,71987,287.83,67.63,346,1,1,2,true,false,false,true,true,false,false,Home/Apartment,Apartment,Apt/Condo/Loft,5,47,1,2-5,Luxury,true,60,true,234,77,2026-05-16,St. George,Springdale,Springdale,Utah,84767,United States,mountains_lakes,https://www.airbnb.com/rooms/1399479170738854792,https://a0.muscache.com/im/pictures/prohost-api/Hosting-1399479170738854792/original/9bba6c4e-da9e-429a-a35b-7aaa264af751.jpeg,1399479170738854792,4560232,37.189378248,-112.9976034914,=AVERAGE($G$2:$G$280),=AVERAGE($D$2:$D$280),"=IFERROR(($AT129-G129)/$AT129,0)","=IFERROR(($AU129-D129)/$AU129,0)",=$AU129-D129
Flanigan's Luxury Private Villa I in Zion,98757420,,66865,89749,655.54,42.68,322,1,1,4,true,false,false,true,true,false,true,Home/Apartment,House,House/villa,4.85,23,1,2-5,Luxury,false,0,false,102,31,2026-05-13,St. George,Springdale,Springdale,Utah,84767,United States,mountains_lakes,https://www.airbnb.com/rooms/36631242,https://a0.muscache.com/im/pictures/miso/Hosting-36631242/original/4c6697c0-47fe-4a62-b5cb-671a7b58afb5.jpeg,36631242,348879,37.1945,-112.9934,=AVERAGE($G$2:$G$280),=AVERAGE($D$2:$D$280),"=IFERROR(($AT130-G130)/$AT130,0)","=IFERROR(($AU130-D130)/$AU130,0)",=$AU130-D130
Spacious Cliff Dwelling Near Zion – 10 Min Drive,Zion White Bison Resorts,,66862,77486,369.4,56.74,319,1,1,5,true,false,false,true,true,false,true,Home/Apartment,Earth house,Unique,5,8,2,21+,Luxury,true,115,true,181,68,2026-05-11,St. George,Springdale,Virgin,Utah,84779,United States,mountains_lakes,https://www.airbnb.com/rooms/634038235231277237,https://a0.muscache.com/im/pictures/prohost-api/Hosting-634038235231277237/original/4916f7a4-7960-4531-aff3-cf30005d8fc7.jpeg,634038235231277237,2831604,37.20414,-113.19507,=AVERAGE($G$2:$G$280),=AVERAGE($D$2:$D$280),"=IFERROR(($AT131-G131)/$AT131,0)","=IFERROR(($AU131-D131)/$AU131,0)",=$AU131-D131
Canyon Overlook A-Frame: Canyon Views from Hot Tub,281938878,,66657,78847,254.42,84.52,310,1,1,2,true,false,true,true,false,true,false,Home/Apartment,Tiny house,Unique,4.95,612,1,2-5,Luxury,true,44,true,262,129,2026-05-17,St. George,Springdale,Hildale,Utah,84784,United States,mountains_lakes,https://www.airbnb.com/rooms/37400480,https://a0.muscache.com/im/pictures/airflow/Hosting-37400480/original/fdfba6ae-8406-4666-abb3-65b1072f2fdd.jpg,37400480,,37.0068,-112.9913,=AVERAGE($G$2:$G$280),=AVERAGE($D$2:$D$280),"=IFERROR(($AT132-G132)/$AT132,0)","=IFERROR(($AU132-D132)/$AU132,0)",=$AU132-D132
Luxurious Western Wagon 15 Min From Zion 2QB,Zion White Bison Resorts,,66074,71259,314.64,62.87,334,1,1,4,true,false,false,true,true,false,true,Home/Apartment,Place,House/villa,5,10,2,21+,Luxury,true,115,true,210,83,2026-05-17,St. George,Springdale,Virgin,Utah,84779,United States,mountains_lakes,https://www.airbnb.com/rooms/51508288,https://a0.muscache.com/im/pictures/prohost-api/Hosting-51508288/original/c3ffda2e-524a-4325-8158-3194a8735884.jpeg,51508288,2540276,37.20347,-113.19734,=AVERAGE($G$2:$G$280),=AVERAGE($D$2:$D$280),"=IFERROR(($AT133-G133)/$AT133,0)","=IFERROR(($AU133-D133)/$AU133,0)",=$AU133-D133
Hot Tub & Views! Modern Home 15 Mi to Zion NP,Evolve,,65972,67698,280.73,66.01,356,2,1,6,true,false,true,true,true,false,false,Home/Apartment,House,House/villa,4.95,145,2,21+,Luxury,true,148,true,235,77,2026-05-17,St. George,Springdale,Virgin,Utah,84779,United States,mountains_lakes,https://www.airbnb.com/rooms/895432417771254832,https://a0.muscache.com/im/pictures/prohost-api/Hosting-895432417771254832/original/4659bed4-ba5b-462c-8a8e-b9ce98c5410d.jpeg,895432417771254832,9828391ha,37.2007,-113.1909,=AVERAGE($G$2:$G$280),=AVERAGE($D$2:$D$280),"=IFERROR(($AT134-G134)/$AT134,0)","=IFERROR(($AU134-D134)/$AU134,0)",=$AU134-D134
Emerald Pools A-Frame: HotTub & Zion Views frm Bed,337953456,,65620,69737,234.36,81.87,342,1,1,2,true,false,true,false,true,true,false,Home/Apartment,Tiny house,Unique,4.9,507,1,1,Luxury,true,47,true,280,155,2026-05-11,St. George,Springdale,Hildale,Utah,84784,United States,mountains_lakes,https://www.airbnb.com/rooms/42451327,https://a0.muscache.com/im/pictures/hosting/Hosting-U3RheVN1cHBseUxpc3Rpbmc6NDI0NTEzMjc%3D/original/d9b34f8d-da41-4a4f-a330-f0364c4c5291.png,42451327,,37.00727,-112.99033,=AVERAGE($G$2:$G$280),=AVERAGE($D$2:$D$280),"=IFERROR(($AT135-G135)/$AT135,0)","=IFERROR(($AU135-D135)/$AU135,0)",=$AU135-D135
"Narrows A-Frame: Hot Tub Views, Near Zion & Bryce",301327101,,63096,67658,228.61,80.94,341,1,1,2,true,false,true,true,true,true,false,Home/Apartment,Tiny house,Unique,4.9,609,1,1,Luxury,true,56,true,276,153,2026-05-17,St. George,Springdale,Hildale,Utah,84784,United States,mountains_lakes,https://www.airbnb.com/rooms/39253209,https://a0.muscache.com/im/pictures/miso/Hosting-39253209/original/982d4aaa-8a86-4e34-9ca4-df85f3ae8c13.jpeg,39253209,,37.00707,-112.99045,=AVERAGE($G$2:$G$280),=AVERAGE($D$2:$D$280),"=IFERROR(($AT136-G136)/$AT136,0)","=IFERROR(($AU136-D136)/$AU136,0)",=$AU136-D136
The Bungalows at Zion Fern #8,460895552,,61743,63190,232.12,74.51,357,1,1,4,true,false,false,false,true,false,false,Home/Apartment,Tiny house,Unique,4.95,79,2,6-20,Luxury,true,75,true,266,101,2026-05-17,St. George,Springdale,Springdale,Utah,84767,United States,mountains_lakes,https://www.airbnb.com/rooms/658800761049485129,https://a0.muscache.com/im/pictures/miso/Hosting-658800761049485129/original/2073bee7-fced-46f1-8375-63aba0a9a0c7.jpeg,658800761049485129,,37.18243,-113.00491,=AVERAGE($G$2:$G$280),=AVERAGE($D$2:$D$280),"=IFERROR(($AT137-G137)/$AT137,0)","=IFERROR(($AU137-D137)/$AU137,0)",=$AU137-D137
The Bungalows at Zion Yucca #11,460895552,,61525,62280,221.31,77.44,359,1,1,4,true,false,false,false,true,false,false,Home/Apartment,Tiny house,Unique,4.9,147,2,6-20,Luxury,true,75,true,278,106,2026-05-17,St. George,Springdale,Springdale,Utah,84767,United States,mountains_lakes,https://www.airbnb.com/rooms/659338405388141860,https://a0.muscache.com/im/pictures/miso/Hosting-659338405388141860/original/34ea2622-36fc-4c55-8a64-17d3c6ad4746.jpeg,659338405388141860,,37.18179,-113.00642,=AVERAGE($G$2:$G$280),=AVERAGE($D$2:$D$280),"=IFERROR(($AT138-G138)/$AT138,0)","=IFERROR(($AU138-D138)/$AU138,0)",=$AU138-D138
Sego Lily Cottage at Zion,690051104,,61428,64863,281.78,63.37,352,1,1,2,true,false,false,true,true,false,false,Home/Apartment,Apartment,Apt/Condo/Loft,5,62,1,2-5,Luxury,true,60,true,218,78,2026-05-16,St. George,Springdale,Springdale,Utah,84767,United States,mountains_lakes,https://www.airbnb.com/rooms/1399484486352051702,https://a0.muscache.com/im/pictures/miso/Hosting-1399484486352051702/original/dc7b41a7-bae7-44e6-aa42-6c4fc6bb1273.jpeg,1399484486352051702,4560231,37.1892570582,-112.9973432966,=AVERAGE($G$2:$G$280),=AVERAGE($D$2:$D$280),"=IFERROR(($AT139-G139)/$AT139,0)","=IFERROR(($AU139-D139)/$AU139,0)",=$AU139-D139
Zion Canyon BnB Room - 201,246409022,,61072,61675,231.33,73.33,360,1,1,2,true,false,false,false,true,false,false,Private Room,Bed & Breakfast,B&B,5,93,1,2-5,Luxury,true,0,true,264,128,2026-05-17,St. George,Springdale,Springdale,Utah,84767,United States,mountains_lakes,https://www.airbnb.com/rooms/53916449,https://a0.muscache.com/im/pictures/miso/Hosting-32848143/original/285adedd-dfbc-4e77-804a-2eade9980ddd.jpeg,53916449,,37.19205,-112.99302,=AVERAGE($G$2:$G$280),=AVERAGE($D$2:$D$280),"=IFERROR(($AT140-G140)/$AT140,0)","=IFERROR(($AU140-D140)/$AU140,0)",=$AU140-D140
Bird & Bough Loft Apartment and Zion National Park,Zion Village Plaza,,60833,63848,282.94,63.99,351,2,1,6,true,false,false,false,true,false,false,Home/Apartment,Apartment,Apt/Condo/Loft,4.9,416,1,6-20,Luxury,true,66,false,215,91,2026-05-13,St. George,Springdale,Springdale,Utah,84767,United States,mountains_lakes,https://www.airbnb.com/rooms/42136858,https://a0.muscache.com/im/pictures/hosting/Hosting-42136858/original/1ba4f45c-6155-481b-a1b5-01490ca550fa.jpeg,42136858,,37.18556,-113.002,=AVERAGE($G$2:$G$280),=AVERAGE($D$2:$D$280),"=IFERROR(($AT141-G141)/$AT141,0)","=IFERROR(($AU141-D141)/$AU141,0)",=$AU141-D141
The Bungalows at Zion Sage #9,460895552,,60814,61348,236.63,71.19,361,1,1,4,true,false,false,false,true,false,false,Home/Apartment,Tiny house,Unique,4.95,65,2,6-20,Luxury,true,75,true,257,95,2026-05-17,St. George,Springdale,Springdale,Utah,84767,United States,mountains_lakes,https://www.airbnb.com/rooms/659330789265512564,https://a0.muscache.com/im/pictures/miso/Hosting-659330789265512564/original/e23c06b8-97c4-4916-bb5b-5b9a23683459.jpeg,659330789265512564,,37.18084,-113.00638,=AVERAGE($G$2:$G$280),=AVERAGE($D$2:$D$280),"=IFERROR(($AT142-G142)/$AT142,0)","=IFERROR(($AU142-D142)/$AU142,0)",=$AU142-D142
The Bungalows at Zion Gooseberry #1,460895552,,60387,60696,293.14,57.38,362,1,1,4,true,false,false,false,true,false,false,Home/Apartment,Tiny house,Unique,4.95,27,2,6-20,Luxury,true,75,true,206,82,2026-05-13,St. George,Springdale,Springdale,Utah,84767,United States,mountains_lakes,https://www.airbnb.com/rooms/634665904792711618,https://a0.muscache.com/im/pictures/miso/Hosting-634665904792711618/original/643e11ab-9f23-4b90-8e64-a5fbdfd9dc8a.jpeg,634665904792711618,,37.1814,-113.0054,=AVERAGE($G$2:$G$280),=AVERAGE($D$2:$D$280),"=IFERROR(($AT143-G143)/$AT143,0)","=IFERROR(($AU143-D143)/$AU143,0)",=$AU143-D143
Apartment 3 at Zion National Park Entrance,120504289,,60351,61661,333.43,55.18,360,,1,4,true,false,false,false,true,false,false,Home/Apartment,Apartment,Apt/Condo/Loft,4.85,184,2,2-5,Luxury,false,85,true,181,61,2026-05-11,St. George,Springdale,Springdale,Utah,84767,United States,mountains_lakes,https://www.airbnb.com/rooms/48528054,https://a0.muscache.com/im/pictures/5ee57c73-4f9c-4a14-94d4-67ae74414f02.jpg,48528054,1597461,37.1984,-112.9915,=AVERAGE($G$2:$G$280),=AVERAGE($D$2:$D$280),"=IFERROR(($AT144-G144)/$AT144,0)","=IFERROR(($AU144-D144)/$AU144,0)",=$AU144-D144
The Bungalows at Zion Agave #10,460895552,,60322,61472,222.59,75.91,357,1,1,4,true,false,false,false,true,false,false,Home/Apartment,Tiny house,Unique,4.95,94,2,6-20,Luxury,true,75,true,271,103,2026-05-17,St. George,Springdale,Springdale,Utah,84767,United States,mountains_lakes,https://www.airbnb.com/rooms/659334950331078369,https://a0.muscache.com/im/pictures/miso/Hosting-659334950331078369/original/82647800-885a-4fc6-9a88-6fe0954cf764.jpeg,659334950331078369,,37.18075,-113.00506,=AVERAGE($G$2:$G$280),=AVERAGE($D$2:$D$280),"=IFERROR(($AT145-G145)/$AT145,0)","=IFERROR(($AU145-D145)/$AU145,0)",=$AU145-D145
Petty Ranch Inn | 3 Bedroom Luxury Suite,657977265,,60103,69833,577.91,39.25,316,3,1,6,true,false,false,true,true,false,true,Home/Apartment,Apartment,Apt/Condo/Loft,2.65,3,1,6-20,Luxury,true,0,true,104,28,2026-05-11,St. George,Springdale,Springdale,Utah,84767,United States,mountains_lakes,https://www.airbnb.com/rooms/1271275881191134649,https://a0.muscache.com/im/pictures/hosting/Hosting-1271275881191134649/original/85236387-c4a9-432f-b05d-6f2d810ab652.jpeg,1271275881191134649,,37.1895,-112.9978,=AVERAGE($G$2:$G$280),=AVERAGE($D$2:$D$280),"=IFERROR(($AT146-G146)/$AT146,0)","=IFERROR(($AU146-D146)/$AU146,0)",=$AU146-D146
Outdoor Fun Wagon By The Pond w/ 2QB &,Zion White Bison Resorts,,59929,64494,322.2,56.19,331,1,1,4,true,false,false,true,true,true,true,Home/Apartment,Place,House/villa,5,16,2,21+,Luxury,true,115,true,186,84,2026-05-11,St. George,Springdale,Virgin,Utah,84779,United States,mountains_lakes,https://www.airbnb.com/rooms/51469646,https://a0.muscache.com/im/pictures/prohost-api/Hosting-51469646/original/a3d9485f-f91a-4879-abf8-c40fa01a140a.jpeg,51469646,2540274,37.20284,-113.19656,=AVERAGE($G$2:$G$280),=AVERAGE($D$2:$D$280),"=IFERROR(($AT147-G147)/$AT147,0)","=IFERROR(($AU147-D147)/$AU147,0)",=$AU147-D147
Inn at 37 Main-Anniversary Room,133424063,,59624,69235,206.31,91.75,315,1,1,2,true,false,false,false,true,false,true,Private Room,Bed & Breakfast,B&B,4.9,36,2,6-20,Luxury,false,40,false,289,57,2026-05-17,St. George,Springdale,Rockville,Utah,84763,United States,mountains_lakes,https://www.airbnb.com/rooms/19269791,https://a0.muscache.com/im/pictures/prohost-api/Hosting-19269791/original/ef3fa3bb-d6b9-437a-8e17-6c3800396ed3.jpeg,19269791,,37.16143,-113.0405,=AVERAGE($G$2:$G$280),=AVERAGE($D$2:$D$280),"=IFERROR(($AT148-G148)/$AT148,0)","=IFERROR(($AU148-D148)/$AU148,0)",=$AU148-D148
Eclectic Treetop Apartment at Zion National Park,Zion Village Plaza,,58956,60920,294.78,60.42,354,2,1,6,true,false,false,true,true,false,false,Home/Apartment,Apartment,Apt/Condo/Loft,4.85,617,1,6-20,Luxury,true,59,false,200,75,2026-05-17,St. George,Springdale,Springdale,Utah,84767,United States,mountains_lakes,https://www.airbnb.com/rooms/15065231,https://a0.muscache.com/im/pictures/hosting/Hosting-15065231/original/816c198c-e083-4d8b-871a-457816874903.jpeg,15065231,,37.1858,-113.0015,=AVERAGE($G$2:$G$280),=AVERAGE($D$2:$D$280),"=IFERROR(($AT149-G149)/$AT149,0)","=IFERROR(($AU149-D149)/$AU149,0)",=$AU149-D149
Nama-Stay Suite 1 | Retreat near Zion NP,3131508,,58575,59328,242.05,67.04,361,,1,2,true,false,false,false,true,false,false,Home/Apartment,Guest suite,House/villa,4.9,230,2,6-20,Luxury,true,35,true,242,93,2026-05-11,St. George,Springdale,Springdale,Utah,84767,United States,mountains_lakes,https://www.airbnb.com/rooms/31282363,https://a0.muscache.com/im/pictures/prohost-api/Hosting-31282363/original/96535d64-4887-4a2f-9581-4aaf202d9869.jpeg,31282363,1689129,37.1868,-112.999,=AVERAGE($G$2:$G$280),=AVERAGE($D$2:$D$280),"=IFERROR(($AT150-G150)/$AT150,0)","=IFERROR(($AU150-D150)/$AU150,0)",=$AU150-D150
The Bungalows at Zion Manzanita #3,460895552,,58426,59916,276.9,58.94,358,1,1,4,true,false,false,false,true,false,false,Home/Apartment,Tiny house,Unique,5,46,2,6-20,Luxury,true,75,true,211,74,2026-05-17,St. George,Springdale,Springdale,Utah,84767,United States,mountains_lakes,https://www.airbnb.com/rooms/658796430090118057,https://a0.muscache.com/im/pictures/miso/Hosting-658796430090118057/original/1c7068fd-6132-4e5a-8c5a-14701b3a6a5e.jpeg,658796430090118057,,37.18115,-113.0064,=AVERAGE($G$2:$G$280),=AVERAGE($D$2:$D$280),"=IFERROR(($AT151-G151)/$AT151,0)","=IFERROR(($AU151-D151)/$AU151,0)",=$AU151-D151
OBSERVATION POINT- 2 Miles from main entrance to ZNP New Barrel Sauna by river,,,58112,91128,894.03,32.66,294,7,4,8,true,false,true,true,true,false,false,Home/Apartment,House,House/villa,5,171,3,1,Luxury,false,195,true,65,18,2026-05-12,St. George,Springdale,Springdale,Utah,84767,United States,mountains_lakes,https://www.vrbo.com/1376998,https://media.vrbo.com/lodging/40000000/39960000/39954600/39954553/d3204d69.jpg?impolicy=resizecrop&rw=1200&ra=fit,,1376998,37.178858,-113.00761,=AVERAGE($G$2:$G$280),=AVERAGE($D$2:$D$280),"=IFERROR(($AT152-G152)/$AT152,0)","=IFERROR(($AU152-D152)/$AU152,0)",=$AU152-D152
Nama-Stay Suite 3 | Retreat near Zion NP,3131508,,57912,58663,240.3,66.76,361,,1,2,true,false,false,false,true,false,false,Home/Apartment,Guest suite,House/villa,4.95,207,2,6-20,Luxury,true,35,true,241,85,2026-05-11,St. George,Springdale,Springdale,Utah,84767,United States,mountains_lakes,https://www.airbnb.com/rooms/31284077,https://a0.muscache.com/im/pictures/prohost-api/Hosting-31284077/original/745fcf34-cc2f-44e1-bf07-cd516326e52b.jpeg,31284077,1689172,37.1868,-112.999,=AVERAGE($G$2:$G$280),=AVERAGE($D$2:$D$280),"=IFERROR(($AT153-G153)/$AT153,0)","=IFERROR(($AU153-D153)/$AU153,0)",=$AU153-D153
King Covered Wagon Perfect for Adventures In Zion,Zion White Bison Resorts,,57343,61167,273.06,61.76,340,1,1,2,true,false,false,false,true,true,true,Home/Apartment,Place,House/villa,4.95,17,2,21+,Luxury,true,115,true,210,94,2026-05-11,St. George,Springdale,Virgin,Utah,84779,United States,mountains_lakes,https://www.airbnb.com/rooms/51466379,https://a0.muscache.com/im/pictures/prohost-api/Hosting-51466379/original/3fcb55d7-6744-45cf-883d-09773efef696.jpeg,51466379,2540285,37.20254,-113.19482,=AVERAGE($G$2:$G$280),=AVERAGE($D$2:$D$280),"=IFERROR(($AT154-G154)/$AT154,0)","=IFERROR(($AU154-D154)/$AU154,0)",=$AU154-D154
Zion Loft Unit 5,77830087,,56907,57468,301.1,54.78,362,1,1,4,true,false,false,true,true,false,false,Home/Apartment,Apartment,Apt/Condo/Loft,4.75,85,1,6-20,Luxury,true,75,false,189,67,2026-05-17,St. George,Springdale,Springdale,Utah,84767,United States,mountains_lakes,https://www.airbnb.com/rooms/781168540558099487,https://a0.muscache.com/im/pictures/prohost-api/Hosting-781168540558099487/original/f4b30c9e-a94f-4cb0-ba2d-1f4d9ccfae1c.jpeg,781168540558099487,4102882,37.1964,-112.9929,=AVERAGE($G$2:$G$280),=AVERAGE($D$2:$D$280),"=IFERROR(($AT155-G155)/$AT155,0)","=IFERROR(($AU155-D155)/$AU155,0)",=$AU155-D155
The Bungalows at Zion Chaparral #7,460895552,,56876,58398,284.38,56.18,356,1,1,4,true,false,false,false,true,false,false,Home/Apartment,Tiny house,Unique,4.95,49,2,6-20,Luxury,true,62,true,200,69,2026-05-17,St. George,Springdale,Springdale,Utah,84767,United States,mountains_lakes,https://www.airbnb.com/rooms/659316122733938177,https://a0.muscache.com/im/pictures/miso/Hosting-659316122733938177/original/682961c3-b758-416a-8682-33bcbd993b82.jpeg,659316122733938177,,37.18193,-113.0066,=AVERAGE($G$2:$G$280),=AVERAGE($D$2:$D$280),"=IFERROR(($AT156-G156)/$AT156,0)","=IFERROR(($AU156-D156)/$AU156,0)",=$AU156-D156
The Bungalows at Zion Sego #4 - ADA Unit,460895552,,56023,57772,223.2,71.1,353,1,1,4,true,false,false,false,true,false,false,Home/Apartment,Tiny house,Unique,4.95,79,2,6-20,Luxury,true,62,true,251,101,2026-05-17,St. George,Springdale,Springdale,Utah,84767,United States,mountains_lakes,https://www.airbnb.com/rooms/658798214128381631,https://a0.muscache.com/im/pictures/miso/Hosting-658798214128381631/original/297c7114-e3c9-4822-bc9a-3d28e261395d.jpeg,658798214128381631,,37.18103,-113.00569,=AVERAGE($G$2:$G$280),=AVERAGE($D$2:$D$280),"=IFERROR(($AT157-G157)/$AT157,0)","=IFERROR(($AU157-D157)/$AU157,0)",=$AU157-D157
Marigold Cottage at Zion,690051104,,55970,60469,294.58,55.07,345,1,1,2,true,false,false,true,true,false,false,Home/Apartment,Apartment,Apt/Condo/Loft,5,30,1,2-5,Luxury,true,60,true,190,69,2026-05-16,St. George,Springdale,Springdale,Utah,84767,United States,mountains_lakes,https://www.airbnb.com/rooms/1399465258140899732,https://a0.muscache.com/im/pictures/miso/Hosting-1399465258140899732/original/86eceef3-a670-4cd1-9370-9321c1c52321.jpeg,1399465258140899732,4560228,37.187735642,-112.9956654141,=AVERAGE($G$2:$G$280),=AVERAGE($D$2:$D$280),"=IFERROR(($AT158-G158)/$AT158,0)","=IFERROR(($AU158-D158)/$AU158,0)",=$AU158-D158
Zion Canyon BnB - Room 203,246409022,,55874,58364,230.88,69.74,347,1,1,2,true,false,false,false,true,false,false,Private Room,Bed & Breakfast,B&B,5,478,1,2-5,Luxury,true,0,true,242,126,2026-05-11,St. George,Springdale,Springdale,Utah,84767,United States,mountains_lakes,https://www.airbnb.com/rooms/32847787,https://a0.muscache.com/im/pictures/miso/Hosting-32847787/original/7d9bd01e-a32c-4711-bb32-b658f8bb7c2e.jpeg,32847787,,37.19199,-112.99286,=AVERAGE($G$2:$G$280),=AVERAGE($D$2:$D$280),"=IFERROR(($AT159-G159)/$AT159,0)","=IFERROR(($AU159-D159)/$AU159,0)",=$AU159-D159
The Bungalows at Zion Cholla #2,460895552,,55402,56423,278.4,56.37,359,1,1,4,true,false,false,false,true,false,false,Home/Apartment,Tiny house,Unique,4.95,18,2,6-20,Luxury,true,75,true,199,68,2026-05-17,St. George,Springdale,Springdale,Utah,84767,United States,mountains_lakes,https://www.airbnb.com/rooms/658787177507719657,https://a0.muscache.com/im/pictures/miso/Hosting-658787177507719657/original/525824a1-84c6-4154-9586-bb7bd08eb119.jpeg,658787177507719657,,37.18047,-113.00631,=AVERAGE($G$2:$G$280),=AVERAGE($D$2:$D$280),"=IFERROR(($AT160-G160)/$AT160,0)","=IFERROR(($AU160-D160)/$AU160,0)",=$AU160-D160
The ArkTiny House near Zion National Park,261225589,,55022,60958,474.33,38.03,340,1,1,5,true,false,true,true,true,false,false,Home/Apartment,Tiny house,Unique,4.95,262,1,2-5,Luxury,true,0,true,116,46,2026-05-13,St. George,Springdale,Virgin,Utah,84779,United States,mountains_lakes,https://www.airbnb.com/rooms/35976344,https://a0.muscache.com/im/pictures/4d7e731b-4e4d-4f50-b4ec-ab221629c8d5.jpg,35976344,1713114,37.23722,-113.15278,=AVERAGE($G$2:$G$280),=AVERAGE($D$2:$D$280),"=IFERROR(($AT161-G161)/$AT161,0)","=IFERROR(($AU161-D161)/$AU161,0)",=$AU161-D161
Butch Cassidy Family Wagon By the Pond Unit #23,Zion White Bison Resorts,,54933,59939,305.18,53.41,337,1,1,4,true,false,false,true,true,false,true,Home/Apartment,Place,House/villa,4.65,3,2,21+,Luxury,true,125,true,180,77,2026-05-11,St. George,Springdale,Virgin,Utah,84779,United States,mountains_lakes,https://www.airbnb.com/rooms/51465734,https://a0.muscache.com/im/pictures/prohost-api/Hosting-51465734/original/392b9702-c995-47b2-b095-cee0c694b841.jpeg,51465734,2540271,37.20441,-113.19593,=AVERAGE($G$2:$G$280),=AVERAGE($D$2:$D$280),"=IFERROR(($AT162-G162)/$AT162,0)","=IFERROR(($AU162-D162)/$AU162,0)",=$AU162-D162
Virgin River Oasis - Located minutes from Zion NP,5319148,,54793,66137,408.9,42.68,324,2,2,4,true,false,false,true,true,false,false,Home/Apartment,Apartment,Apt/Condo/Loft,4.9,11,1,6-20,Luxury,true,140,false,134,50,2026-05-13,St. George,Springdale,Virgin,Utah,84779,United States,mountains_lakes,https://www.airbnb.com/rooms/833349337830362269,https://a0.muscache.com/im/pictures/miso/Hosting-833349337830362269/original/0e2f10fc-9250-4c4b-9404-f0fe593561ed.jpeg,833349337830362269,3657654,37.2003,-113.2065,=AVERAGE($G$2:$G$280),=AVERAGE($D$2:$D$280),"=IFERROR(($AT163-G163)/$AT163,0)","=IFERROR(($AU163-D163)/$AU163,0)",=$AU163-D163
Zion Lofts Unit 4,77830087,,54360,55787,329.45,48.67,359,1,1,4,true,false,false,true,true,false,false,Home/Apartment,Apartment,Apt/Condo/Loft,4.65,93,1,6-20,Luxury,true,75,false,165,66,2026-04-27,St. George,Springdale,Springdale,Utah,84767,United States,mountains_lakes,https://www.airbnb.com/rooms/781172052199092715,https://a0.muscache.com/im/pictures/prohost-api/Hosting-781172052199092715/original/e3416de9-9221-4557-965a-f76e2784dedf.jpeg,781172052199092715,4102880,37.1964,-112.9929,=AVERAGE($G$2:$G$280),=AVERAGE($D$2:$D$280),"=IFERROR(($AT164-G164)/$AT164,0)","=IFERROR(($AU164-D164)/$AU164,0)",=$AU164-D164
Zion Canyon BnB - Room 101,246409022,,53901,57018,217.34,73.16,340,1,1,2,true,false,false,false,true,false,false,Private Room,Bed & Breakfast,B&B,5,360,1,2-5,Luxury,true,0,true,248,117,2026-05-17,St. George,Springdale,Springdale,Utah,84767,United States,mountains_lakes,https://www.airbnb.com/rooms/32781849,https://a0.muscache.com/im/pictures/miso/Hosting-32781849/original/feabac6c-7403-4c25-9a9e-1637861fdf5a.jpeg,32781849,,37.19208,-112.99124,=AVERAGE($G$2:$G$280),=AVERAGE($D$2:$D$280),"=IFERROR(($AT165-G165)/$AT165,0)","=IFERROR(($AU165-D165)/$AU165,0)",=$AU165-D165
Petty Ranch Inn | Rooftop Suite,657977265,,52834,66948,372.07,45.81,311,1,1,4,true,false,false,true,true,false,true,Home/Apartment,Apartment,Apt/Condo/Loft,4,1,1,6-20,Luxury,true,0,true,142,38,2026-05-14,St. George,Springdale,Springdale,Utah,84767,United States,mountains_lakes,https://www.airbnb.com/rooms/1271303477842189733,https://a0.muscache.com/im/pictures/hosting/Hosting-1271303477842189733/original/9fcb82ba-0a95-4eba-affe-11c5575bea1c.jpeg,1271303477842189733,,37.1895,-112.9978,=AVERAGE($G$2:$G$280),=AVERAGE($D$2:$D$280),"=IFERROR(($AT166-G166)/$AT166,0)","=IFERROR(($AU166-D166)/$AU166,0)",=$AU166-D166
Spacious Hildale House w/ Large Deck!,Evolve,,52648,75376,849.16,31.79,301,12,8,16,true,false,false,true,true,false,false,Home/Apartment,House,House/villa,4.65,12,2,21+,Luxury,true,829,true,62,11,2026-05-13,St. George,Springdale,Hildale,Utah,84784,United States,mountains_lakes,https://www.airbnb.com/rooms/884760647073620844,https://a0.muscache.com/im/pictures/prohost-api/Hosting-884760647073620844/original/7bfe774a-0eb2-4512-887e-53043b4b887e.jpeg,884760647073620844,9823477ha,37.0084,-112.9619,=AVERAGE($G$2:$G$280),=AVERAGE($D$2:$D$280),"=IFERROR(($AT167-G167)/$AT167,0)","=IFERROR(($AU167-D167)/$AU167,0)",=$AU167-D167
Sandstone Suite | Under the Eaves Inn at Zion NP,680072348,,52416,74214,340.36,57.89,271,2,1,4,true,false,true,true,true,false,false,Private Room,Bed & Breakfast,B&B,5,22,1,6-20,Luxury,true,0,true,154,82,2026-05-16,St. George,Springdale,Springdale,Utah,84767,United States,mountains_lakes,https://www.airbnb.com/rooms/1379210772593015671,https://a0.muscache.com/im/pictures/miso/Hosting-1379210772593015671/original/02b27358-6f3d-453d-ac8b-21ba02d3644a.jpeg,1379210772593015671,,37.1884,-113.001,=AVERAGE($G$2:$G$280),=AVERAGE($D$2:$D$280),"=IFERROR(($AT168-G168)/$AT168,0)","=IFERROR(($AU168-D168)/$AU168,0)",=$AU168-D168
Unique Wagon w/ 1QB-2BB bathroom #21,Zion White Bison Resorts,,51450,54627,287.43,51.73,346,1,1,6,true,false,false,false,true,true,true,Home/Apartment,Place,House/villa,4.9,22,2,21+,Luxury,true,125,true,179,82,2026-05-11,St. George,Springdale,Virgin,Utah,84779,United States,mountains_lakes,https://www.airbnb.com/rooms/51466948,https://a0.muscache.com/im/pictures/prohost-api/Hosting-51466948/original/39645b94-b9d1-4df3-b802-183f47744751.jpeg,51466948,2481935,37.20453,-113.19574,=AVERAGE($G$2:$G$280),=AVERAGE($D$2:$D$280),"=IFERROR(($AT169-G169)/$AT169,0)","=IFERROR(($AU169-D169)/$AU169,0)",=$AU169-D169
"Outdoor fun Wagon #19 w/2QB, bathroom and a Fire",Zion White Bison Resorts,,50840,53695,273.33,53.45,348,1,1,4,true,false,false,false,true,false,true,Home/Apartment,Place,House/villa,5,27,2,21+,Luxury,true,115,true,186,85,2026-05-11,St. George,Springdale,Virgin,Utah,84779,United States,mountains_lakes,https://www.airbnb.com/rooms/51452181,https://a0.muscache.com/im/pictures/prohost-api/Hosting-51452181/original/5ef5cf2a-2f9b-42db-bbe8-00e7b7d0c48e.jpeg,51452181,2540277,37.20372,-113.19562,=AVERAGE($G$2:$G$280),=AVERAGE($D$2:$D$280),"=IFERROR(($AT170-G170)/$AT170,0)","=IFERROR(($AU170-D170)/$AU170,0)",=$AU170-D170
The Bungalows at Zion Primrose #6,460895552,,50138,51692,278.54,52.17,351,1,1,4,true,false,false,false,true,false,false,Home/Apartment,Tiny house,Unique,4.95,80,2,6-20,Luxury,true,75,true,180,63,2026-05-17,St. George,Springdale,Springdale,Utah,84767,United States,mountains_lakes,https://www.airbnb.com/rooms/659310574580187321,https://a0.muscache.com/im/pictures/miso/Hosting-659310574580187321/original/fdbe9f85-8012-4f11-9d95-104610a3678f.jpeg,659310574580187321,,37.18206,-113.00471,=AVERAGE($G$2:$G$280),=AVERAGE($D$2:$D$280),"=IFERROR(($AT171-G171)/$AT171,0)","=IFERROR(($AU171-D171)/$AU171,0)",=$AU171-D171
"Buffalo Bill Wagon #25 w/ 2 QB, BBQ & Fire Pit",Zion White Bison Resorts,,49957,61949,280.66,65.44,274,1,1,4,true,false,false,false,true,false,true,Home/Apartment,Place,House/villa,4.95,20,2,21+,Luxury,true,115,true,178,82,2026-05-11,St. George,Springdale,Virgin,Utah,84779,United States,mountains_lakes,https://www.airbnb.com/rooms/51842978,https://a0.muscache.com/im/pictures/prohost-api/Hosting-51842978/original/740eb2bb-3b1a-459c-a18f-96a1d0005fa2.jpeg,51842978,,37.20291,-113.19518,=AVERAGE($G$2:$G$280),=AVERAGE($D$2:$D$280),"=IFERROR(($AT172-G172)/$AT172,0)","=IFERROR(($AU172-D172)/$AU172,0)",=$AU172-D172
Wyatt Earp Wagon w/ 2QB and Fire Pit #30,Zion White Bison Resorts,,49376,50767,262.64,53.41,352,1,1,4,true,false,false,false,true,true,true,Home/Apartment,Place,House/villa,4.9,22,2,21+,Luxury,true,115,true,188,77,2026-05-11,St. George,Springdale,Virgin,Utah,84779,United States,mountains_lakes,https://www.airbnb.com/rooms/51583575,https://a0.muscache.com/im/pictures/prohost-api/Hosting-51583575/original/d57b1c90-61c2-4b17-9eec-3d587d3ffa11.jpeg,51583575,,37.20359,-113.19452,=AVERAGE($G$2:$G$280),=AVERAGE($D$2:$D$280),"=IFERROR(($AT173-G173)/$AT173,0)","=IFERROR(($AU173-D173)/$AU173,0)",=$AU173-D173
North Cottage at Zion National Park,Zion Village Plaza,,49366,50607,222.37,63.98,356,1,1,5,true,false,false,true,true,true,false,Home/Apartment,Cottage,House/villa,4.9,288,1,6-20,Luxury,true,65,false,222,87,2026-05-11,St. George,Springdale,Springdale,Utah,84767,United States,mountains_lakes,https://www.airbnb.com/rooms/45031009,https://a0.muscache.com/im/pictures/hosting/Hosting-45031009/original/2b7770cc-8cff-4de5-bee1-e9edcbf6aad8.jpeg,45031009,,37.1868,-113.0016,=AVERAGE($G$2:$G$280),=AVERAGE($D$2:$D$280),"=IFERROR(($AT174-G174)/$AT174,0)","=IFERROR(($AU174-D174)/$AU174,0)",=$AU174-D174
Fun Outlaw Covered Wagon w/2 Queen Beds & Fire Pit,Zion White Bison Resorts,,48982,54009,286.44,52.29,327,1,1,4,true,false,false,false,true,false,true,Home/Apartment,Place,House/villa,5,18,2,21+,Luxury,true,115,true,171,78,2026-05-11,St. George,Springdale,Virgin,Utah,84779,United States,mountains_lakes,https://www.airbnb.com/rooms/51448621,https://a0.muscache.com/im/pictures/prohost-api/Hosting-51448621/original/59383126-c892-473b-8d65-e8204d74b058.jpeg,51448621,2540269,37.20303,-113.19443,=AVERAGE($G$2:$G$280),=AVERAGE($D$2:$D$280),"=IFERROR(($AT175-G175)/$AT175,0)","=IFERROR(($AU175-D175)/$AU175,0)",=$AU175-D175
Zion Canyon BnB - Room 202,246409022,,47765,54168,221.13,67.71,327,1,1,2,true,false,false,false,true,false,false,Private Room,Bed & Breakfast,B&B,5,383,1,2-5,Luxury,true,0,true,216,89,2026-05-13,St. George,Springdale,Springdale,Utah,84767,United States,mountains_lakes,https://www.airbnb.com/rooms/32848143,https://a0.muscache.com/im/pictures/miso/Hosting-32848143/original/285adedd-dfbc-4e77-804a-2eade9980ddd.jpeg,32848143,,37.19103,-112.9921,=AVERAGE($G$2:$G$280),=AVERAGE($D$2:$D$280),"=IFERROR(($AT176-G176)/$AT176,0)","=IFERROR(($AU176-D176)/$AU176,0)",=$AU176-D176
"Unforgettable Western Wagon w/ King Bed, Fire Pit",Zion White Bison Resorts,,47653,49016,273.87,49.29,353,1,1,2,true,false,false,false,true,false,true,Home/Apartment,Place,House/villa,4.85,19,2,21+,Luxury,true,115,true,174,79,2026-05-11,St. George,Springdale,Virgin,Utah,84779,United States,mountains_lakes,https://www.airbnb.com/rooms/51605842,https://a0.muscache.com/im/pictures/prohost-api/Hosting-51605842/original/6756590a-8b79-4888-8585-44113599b718.jpeg,51605842,2540287,37.20314,-113.19713,=AVERAGE($G$2:$G$280),=AVERAGE($D$2:$D$280),"=IFERROR(($AT177-G177)/$AT177,0)","=IFERROR(($AU177-D177)/$AU177,0)",=$AU177-D177
"Grafton Wagon w/ King Bed, Fire Pit & BBQ Grill",Zion White Bison Resorts,,47439,50789,277.42,49.85,343,1,1,2,true,false,false,false,true,false,true,Home/Apartment,Place,House/villa,4.9,17,2,21+,Luxury,true,115,true,171,70,2026-05-13,St. George,Springdale,Virgin,Utah,84779,United States,mountains_lakes,https://www.airbnb.com/rooms/51583749,https://a0.muscache.com/im/pictures/prohost-api/Hosting-51583749/original/e027ab41-f3c8-4fe6-aaa0-6af21f2e1dc8.jpeg,51583749,2540280,37.20341,-113.19575,=AVERAGE($G$2:$G$280),=AVERAGE($D$2:$D$280),"=IFERROR(($AT178-G178)/$AT178,0)","=IFERROR(($AU178-D178)/$AU178,0)",=$AU178-D178
ROMANTIC ENCHANTED COTTAGE WITH PRIVATE HOT TUB & POOL ACCESS ON PRIVATE RANCH,,,46568,58153,435.21,43.5,248,1,1,2,true,false,true,true,true,false,true,Home/Apartment,House,House/villa,5,153,3,1,Luxury,false,100,true,107,28,2026-05-17,St. George,Springdale,Virgin,Utah,84779,United States,mountains_lakes,https://www.vrbo.com/916935,https://media.vrbo.com/lodging/28000000/27300000/27293600/27293522/98fb9cd9.jpg?impolicy=resizecrop&rw=1200&ra=fit,,916935,37.2577,-113.124333,=AVERAGE($G$2:$G$280),=AVERAGE($D$2:$D$280),"=IFERROR(($AT179-G179)/$AT179,0)","=IFERROR(($AU179-D179)/$AU179,0)",=$AU179-D179
The Bungalows at Zion Sundrop #5,460895552,,46277,47656,292.89,45.8,357,1,1,4,true,false,false,false,true,false,false,Home/Apartment,Tiny house,Unique,4.9,65,2,6-20,Luxury,true,50,true,158,61,2026-05-11,St. George,Springdale,Springdale,Utah,84767,United States,mountains_lakes,https://www.airbnb.com/rooms/659305564177203712,https://a0.muscache.com/im/pictures/miso/Hosting-659305564177203712/original/350bd7e7-9b7a-4b41-9c2b-22f971606650.jpeg,659305564177203712,,37.18207,-113.00469,=AVERAGE($G$2:$G$280),=AVERAGE($D$2:$D$280),"=IFERROR(($AT180-G180)/$AT180,0)","=IFERROR(($AU180-D180)/$AU180,0)",=$AU180-D180
Historic Eaves Suite | Under the Eaves Inn at Zion,680072348,,46272,59152,361.5,48.85,282,1,1,4,true,false,true,false,true,false,false,Private Room,Bed & Breakfast,B&B,5,8,1,6-20,Luxury,true,0,true,128,67,2026-05-16,St. George,Springdale,Springdale,Utah,84767,United States,mountains_lakes,https://www.airbnb.com/rooms/1365601521074209848,https://a0.muscache.com/im/pictures/miso/Hosting-1365601521074209848/original/add2b9b9-4183-49ed-b2c5-45890326502b.jpeg,1365601521074209848,,37.1884,-113.001,=AVERAGE($G$2:$G$280),=AVERAGE($D$2:$D$280),"=IFERROR(($AT181-G181)/$AT181,0)","=IFERROR(($AU181-D181)/$AU181,0)",=$AU181-D181
"Outdoor fun Wagon #19 w/2QB, bathroom and a Fire",Escape RV Resorts ,,45841,52505,282.97,49.54,327,1,1,4,true,false,false,true,true,false,true,Home/Apartment,House,House/villa,0,0,2,2-5,Luxury,false,90,true,162,73,2026-05-15,St. George,Springdale,Virgin,Utah,84779,United States,mountains_lakes,https://www.vrbo.com/2540270,https://media.vrbo.com/lodging/73000000/72610000/72603200/72603161/4a8d812c.jpg?impolicy=resizecrop&rw=1200&ra=fit,,2540270,37.204245,-113.198608,=AVERAGE($G$2:$G$280),=AVERAGE($D$2:$D$280),"=IFERROR(($AT182-G182)/$AT182,0)","=IFERROR(($AU182-D182)/$AU182,0)",=$AU182-D182
Harvest House #2,185066253,,44756,50291,227.19,74.06,305,1,1,2,true,false,false,false,true,false,false,Private Room,Bed & Breakfast,B&B,4.95,22,2,2-5,Luxury,false,50,true,197,78,2026-05-17,St. George,Springdale,Springdale,Utah,84767,United States,mountains_lakes,https://www.airbnb.com/rooms/43849285,https://a0.muscache.com/im/pictures/prohost-api/Hosting-43849285/original/a00db420-ca51-45dc-ae9c-8acb596bbaaa.jpeg,43849285,,37.19244,-112.9926,=AVERAGE($G$2:$G$280),=AVERAGE($D$2:$D$280),"=IFERROR(($AT183-G183)/$AT183,0)","=IFERROR(($AU183-D183)/$AU183,0)",=$AU183-D183
Crazy Horse Wagon #27 w/ 2 Queen Beds,Zion White Bison Resorts,,44338,63238,265.5,61.17,273,1,1,4,true,false,false,false,true,false,true,Home/Apartment,Place,House/villa,4.9,9,2,21+,Luxury,true,115,true,167,74,2026-05-13,St. George,Springdale,Virgin,Utah,84779,United States,mountains_lakes,https://www.airbnb.com/rooms/51842347,https://a0.muscache.com/im/pictures/prohost-api/Hosting-51842347/original/febda059-a364-46c9-800e-ab230db2ce91.jpeg,51842347,2540273,37.20381,-113.19611,=AVERAGE($G$2:$G$280),=AVERAGE($D$2:$D$280),"=IFERROR(($AT184-G184)/$AT184,0)","=IFERROR(($AU184-D184)/$AU184,0)",=$AU184-D184
B&B Entire Guest Suite - King Bed - 2 miles to Zion National Park,KRD Canyon Vista LLC,,43821,45856,220.21,56.37,353,,1,2,true,false,false,false,true,false,false,Private Room,Bed & Breakfast,B&B,4.9,47,2,2-5,Luxury,true,40,true,199,76,2026-05-17,St. George,Springdale,Springdale,Utah,84767,United States,mountains_lakes,https://www.airbnb.com/rooms/22632645,https://a0.muscache.com/im/pictures/b90d0d94-3b02-496f-aa1d-2e2d32f9b0a2.jpg,22632645,,37.1707,-113.01211,=AVERAGE($G$2:$G$280),=AVERAGE($D$2:$D$280),"=IFERROR(($AT185-G185)/$AT185,0)","=IFERROR(($AU185-D185)/$AU185,0)",=$AU185-D185
#22 Royal Flush Wagon w/ 2QB & bathroom,Zion White Bison Resorts,,42901,55301,268.13,60.15,270,1,1,4,true,false,false,false,true,true,false,Home/Apartment,Place,House/villa,4.9,17,2,21+,Luxury,true,116,true,160,71,2026-05-13,St. George,Springdale,Virgin,Utah,84779,United States,mountains_lakes,https://www.airbnb.com/rooms/51841839,https://a0.muscache.com/im/pictures/prohost-api/Hosting-51841839/original/d7d7e039-d269-44ad-bbd4-b74e346986ee.jpeg,51841839,2540290,37.2044525434,-113.1982813307,=AVERAGE($G$2:$G$280),=AVERAGE($D$2:$D$280),"=IFERROR(($AT186-G186)/$AT186,0)","=IFERROR(($AU186-D186)/$AU186,0)",=$AU186-D186
Unique covered wagon with in unit bathroom,Zion White Bison Resorts,,42222,52087,262.25,59.41,271,1,1,4,true,false,false,false,true,true,true,Home/Apartment,Place,House/villa,4.95,47,2,21+,Luxury,true,115,true,161,65,2026-05-13,St. George,Springdale,Virgin,Utah,84779,United States,mountains_lakes,https://www.airbnb.com/rooms/51842631,https://a0.muscache.com/im/pictures/prohost-api/Hosting-51842631/original/427c3035-fbaf-43e4-a2eb-11dd737462c9.jpeg,51842631,2540289,37.20356,-113.19671,=AVERAGE($G$2:$G$280),=AVERAGE($D$2:$D$280),"=IFERROR(($AT187-G187)/$AT187,0)","=IFERROR(($AU187-D187)/$AU187,0)",=$AU187-D187
Petty Ranch Inn | Copper Tub Suite,657977265,,41300,53509,280.95,54.85,317,1,1,2,true,false,false,false,true,false,true,Home/Apartment,Apartment,Apt/Condo/Loft,0,0,1,6-20,Luxury,true,0,true,147,37,2026-05-14,St. George,Springdale,Springdale,Utah,84767,United States,mountains_lakes,https://www.airbnb.com/rooms/1271266768317671471,https://a0.muscache.com/im/pictures/hosting/Hosting-1271266768317671471/original/691afe33-d288-4ce9-8c12-0c81d2eaea98.jpeg,1271266768317671471,,37.1895,-112.9978,=AVERAGE($G$2:$G$280),=AVERAGE($D$2:$D$280),"=IFERROR(($AT188-G188)/$AT188,0)","=IFERROR(($AU188-D188)/$AU188,0)",=$AU188-D188
Garden Cabin | Under the Eaves Inn at Zion NP,680072348,,40670,56812,236.45,64.18,268,1,1,2,true,false,true,false,true,false,false,Private Room,Bed & Breakfast,B&B,5,5,1,6-20,Luxury,true,0,true,172,103,2026-05-16,St. George,Springdale,Springdale,Utah,84767,United States,mountains_lakes,https://www.airbnb.com/rooms/1384797467182166452,https://a0.muscache.com/im/pictures/miso/Hosting-1384797467182166452/original/67428196-4c55-4e6a-ab3d-9d03973843ea.jpeg,1384797467182166452,,37.1884,-113.001,=AVERAGE($G$2:$G$280),=AVERAGE($D$2:$D$280),"=IFERROR(($AT189-G189)/$AT189,0)","=IFERROR(($AU189-D189)/$AU189,0)",=$AU189-D189
Court of Melchizedek at Zion National Park,261225589,,40555,42633,779.9,18.64,355,2,1,6,true,false,true,true,true,false,false,Home/Apartment,Tiny house,Unique,4.85,47,1,2-5,Luxury,true,0,true,52,23,2026-05-13,St. George,Springdale,Virgin,Utah,84779,United States,mountains_lakes,https://www.airbnb.com/rooms/48272084,https://a0.muscache.com/im/pictures/162e1076-9952-4868-8e3d-59172f6f9951.jpg,48272084,2686416,37.23561,-113.1529,=AVERAGE($G$2:$G$280),=AVERAGE($D$2:$D$280),"=IFERROR(($AT190-G190)/$AT190,0)","=IFERROR(($AU190-D190)/$AU190,0)",=$AU190-D190
"Broken Arrow Wagon w/ 2QB, Fire Pit & BBQ #33",Zion White Bison Resorts,,39860,41901,274.9,44.21,342,1,1,4,true,false,false,false,true,false,true,Home/Apartment,Tent,Unique,4.8,10,2,21+,Luxury,true,115,true,145,65,2026-05-13,St. George,Springdale,Virgin,Utah,84779,United States,mountains_lakes,https://www.airbnb.com/rooms/51605364,https://a0.muscache.com/im/pictures/prohost-api/Hosting-51605364/original/2a098815-ca29-475b-9279-3589555ced53.jpeg,51605364,2540281,37.2048,-113.19581,=AVERAGE($G$2:$G$280),=AVERAGE($D$2:$D$280),"=IFERROR(($AT191-G191)/$AT191,0)","=IFERROR(($AU191-D191)/$AU191,0)",=$AU191-D191
Lazalu | Cave Valley Events & Retreats,299331074,,39841,52569,561.14,38.8,225,6,2,10,true,false,false,true,true,false,false,Home/Apartment,House,House/villa,5,76,2,6-20,Luxury,true,299,true,71,25,2026-05-14,St. George,Springdale,Virgin,Utah,84779,United States,mountains_lakes,https://www.airbnb.com/rooms/23715225,https://a0.muscache.com/im/pictures/56ca36cf-5a94-437e-a90b-e98c6fe6f75b.jpg,23715225,1683108,37.3185,-113.1141,=AVERAGE($G$2:$G$280),=AVERAGE($D$2:$D$280),"=IFERROR(($AT192-G192)/$AT192,0)","=IFERROR(($AU192-D192)/$AU192,0)",=$AU192-D192
Unique Pet Friendly Covered Wagon with 2 QB #24,Escape RV Resorts ,,39093,53423,264.14,57.81,256,1,1,4,true,false,false,true,true,false,true,Home/Apartment,House,House/villa,4.8,8,2,2-5,Luxury,false,89,true,148,61,2026-05-16,St. George,Springdale,Virgin,Utah,84779,United States,mountains_lakes,https://www.vrbo.com/2540272,https://media.vrbo.com/lodging/73000000/72610000/72603200/72603166/c301741e.jpg?impolicy=resizecrop&rw=1200&ra=fit,,2540272,37.204245,-113.198608,=AVERAGE($G$2:$G$280),=AVERAGE($D$2:$D$280),"=IFERROR(($AT193-G193)/$AT193,0)","=IFERROR(($AU193-D193)/$AU193,0)",=$AU193-D193
"Less than 10 minutes to Zion Nat'l Park Entrance, Newly renovated B&B in quiet town, with private en suite bathroom with e-bikes available for rental.",,,38507,43045,248.43,50.65,310,1,1,3,true,false,false,true,true,false,false,Home/Apartment,Bed & Breakfast,B&B,5,2,2,1,Luxury,false,0,true,155,72,2026-05-15,St. George,Springdale,Rockville,Utah,84763,United States,mountains_lakes,https://www.vrbo.com/3552477,https://media.vrbo.com/lodging/97000000/96690000/96685600/96685563/2dd98b9a.jpg?impolicy=resizecrop&rw=1200&ra=fit,,3552477,37.16259,-113.038853,=AVERAGE($G$2:$G$280),=AVERAGE($D$2:$D$280),"=IFERROR(($AT194-G194)/$AT194,0)","=IFERROR(($AU194-D194)/$AU194,0)",=$AU194-D194
Cedar Springs Luxury Camp,387800891,,37695,52245,477.15,58.09,155,1,1,2,true,false,false,false,true,false,false,Home/Apartment,Tent,Unique,4.95,68,1,2-5,Luxury,true,0,true,79,34,2025-12-21,St. George,Springdale,Virgin,Utah,84779,United States,mountains_lakes,https://www.airbnb.com/rooms/49290805,https://a0.muscache.com/im/pictures/miso/Hosting-49290805/original/50c282dc-7b59-4b11-9f15-b0e8ca98ead5.jpeg,49290805,,37.2258987427,-113.1244125366,=AVERAGE($G$2:$G$280),=AVERAGE($D$2:$D$280),"=IFERROR(($AT195-G195)/$AT195,0)","=IFERROR(($AU195-D195)/$AU195,0)",=$AU195-D195
Welcome to The Sanctuary at Zion,,,37531,40004,475.08,46.2,185,3,3,10,true,false,false,true,true,true,false,Home/Apartment,House,House/villa,0,0,2,1,Luxury,false,150,false,79,22,2025-10-01,St. George,Springdale,Springdale,Utah,84767,United States,mountains_lakes,https://www.vrbo.com/4735066,https://media.vrbo.com/lodging/120000000/119360000/119355400/119355379/55361b6b.jpg?impolicy=resizecrop&rw=1200&ra=fit,,4735066,37.167603,-113.01173,=AVERAGE($G$2:$G$280),=AVERAGE($D$2:$D$280),"=IFERROR(($AT196-G196)/$AT196,0)","=IFERROR(($AU196-D196)/$AU196,0)",=$AU196-D196
Harvest House Garden Suite,185066253,,37529,46438,260.62,61.54,287,1,1,2,true,false,false,false,true,false,false,Private Room,Bed & Breakfast,B&B,5,27,2,2-5,Luxury,false,60,true,144,56,2026-05-17,St. George,Springdale,Springdale,Utah,84767,United States,mountains_lakes,https://www.airbnb.com/rooms/43848260,https://a0.muscache.com/im/pictures/prohost-api/Hosting-43848260/original/457c9b37-8fcc-4ea4-bfe6-aff697708f18.jpeg,43848260,,37.19067,-112.99404,=AVERAGE($G$2:$G$280),=AVERAGE($D$2:$D$280),"=IFERROR(($AT197-G197)/$AT197,0)","=IFERROR(($AU197-D197)/$AU197,0)",=$AU197-D197
Zion Luxury,Sand Hollow Rentals,,37439,43677,719.98,44.44,136,4,5,8,true,false,true,true,true,false,false,Home/Apartment,House,House/villa,4.6,5,2,21+,Luxury,true,530,true,52,14,2026-05-14,St. George,Springdale,Virgin,Utah,84779,United States,mountains_lakes,https://www.airbnb.com/rooms/1562403280366715778,https://a0.muscache.com/im/pictures/hosting/Hosting-1562403280366715778/original/edb892e4-3e77-41bb-a54c-576de6b32425.png,1562403280366715778,,37.20194,-113.20588,=AVERAGE($G$2:$G$280),=AVERAGE($D$2:$D$280),"=IFERROR(($AT198-G198)/$AT198,0)","=IFERROR(($AU198-D198)/$AU198,0)",=$AU198-D198
Stunning Utah Home 30 Mi to Zion Nat'l Park,Evolve,,36199,36529,278.45,38.12,362,3,2,9,true,false,false,true,true,false,false,Home/Apartment,House,House/villa,4.9,115,2,21+,Luxury,true,261,true,130,33,2026-05-11,St. George,Springdale,Hurricane,Utah,84737,United States,mountains_lakes,https://www.airbnb.com/rooms/842765757836867488,https://a0.muscache.com/im/pictures/prohost-api/Hosting-842765757836867488/original/c0c6e287-a86f-4468-9ef6-ac8c77081e0c.jpeg,842765757836867488,9798833ha,37.0993,-113.1191,=AVERAGE($G$2:$G$280),=AVERAGE($D$2:$D$280),"=IFERROR(($AT199-G199)/$AT199,0)","=IFERROR(($AU199-D199)/$AU199,0)",=$AU199-D199
Rusty Guest House: Solitude at Zion National  Park,186125427,,36087,36573,231.33,52,360,1,1,4,true,false,false,true,true,true,false,Home/Apartment,House,House/villa,5,300,2,1,Luxury,true,75,false,156,36,2026-05-11,St. George,Springdale,Virgin,Utah,84779,United States,mountains_lakes,https://www.airbnb.com/rooms/24628947,https://a0.muscache.com/im/pictures/e9c6fee5-017b-46f4-94b0-290d3d738c46.jpg,24628947,1295099,37.20034,-113.20197,=AVERAGE($G$2:$G$280),=AVERAGE($D$2:$D$280),"=IFERROR(($AT200-G200)/$AT200,0)","=IFERROR(($AU200-D200)/$AU200,0)",=$AU200-D200
Historic Home Room 2 | Under the Eaves at Zion NP,680072348,,35944,43461,190.18,64.07,306,1,1,2,true,false,true,true,true,false,false,Private Room,Bed & Breakfast,B&B,5,1,1,6-20,Luxury,true,0,true,189,128,2026-05-13,St. George,Springdale,Springdale,Utah,84767,United States,mountains_lakes,https://www.airbnb.com/rooms/1384765382222351150,https://a0.muscache.com/im/pictures/miso/Hosting-1384765382222351150/original/5cf478d3-d319-466f-bdfe-48e51fac25c5.jpeg,1384765382222351150,,37.187976774,-113.0019698991,=AVERAGE($G$2:$G$280),=AVERAGE($D$2:$D$280),"=IFERROR(($AT201-G201)/$AT201,0)","=IFERROR(($AU201-D201)/$AU201,0)",=$AU201-D201
Casa Luna | Condo @ Zion Entrance,597903051,,35493,60245,331.71,78.68,256,2,1,3,true,false,false,true,true,true,false,Home/Apartment,Condominium (condo),Apt/Condo/Loft,5,10,3,1,Luxury,false,175,false,107,15,2026-05-14,St. George,Springdale,Springdale,Utah,84767,United States,mountains_lakes,https://www.airbnb.com/rooms/1230557244571259864,https://a0.muscache.com/im/pictures/hosting/Hosting-U3RheVN1cHBseUxpc3Rpbmc6MTIzMDU1NzI0NDU3MTI1OTg2NA%3D%3D/original/dd3ccfe2-bb9d-4cc2-ac60-a4358db4b3aa.jpeg,1230557244571259864,,37.1961,-112.9959,=AVERAGE($G$2:$G$280),=AVERAGE($D$2:$D$280),"=IFERROR(($AT202-G202)/$AT202,0)","=IFERROR(($AU202-D202)/$AU202,0)",=$AU202-D202
Historic Home Room 1 | Under the Eaves at Zion NP,680072348,,35018,48594,191.36,67.03,276,1,1,2,true,false,false,false,true,false,false,Private Room,Bed & Breakfast,B&B,5,3,1,6-20,Luxury,true,0,true,183,113,2026-05-16,St. George,Springdale,Springdale,Utah,84767,United States,mountains_lakes,https://www.airbnb.com/rooms/1365197852398910280,https://a0.muscache.com/im/pictures/miso/Hosting-1365197852398910280/original/aaa8859a-61ac-4a0f-a65a-c66747844c86.jpeg,1365197852398910280,,37.1884,-113.001,=AVERAGE($G$2:$G$280),=AVERAGE($D$2:$D$280),"=IFERROR(($AT203-G203)/$AT203,0)","=IFERROR(($AU203-D203)/$AU203,0)",=$AU203-D203
Zion on the 9: The Dirty Dog,414968679,,34495,37774,218.32,85.41,185,1,1,2,true,false,false,false,true,false,true,Home/Apartment,Tent,Unique,4.95,88,2,6-20,Luxury,true,73,true,158,37,2025-12-14,St. George,Springdale,Virgin,Utah,84779,United States,mountains_lakes,https://www.airbnb.com/rooms/53047815,https://a0.muscache.com/im/pictures/prohost-api/Hosting-53047815/original/dd75720a-4e45-4407-8dfc-92340aae4011.jpeg,53047815,3594745,37.19887,-113.19191,=AVERAGE($G$2:$G$280),=AVERAGE($D$2:$D$280),"=IFERROR(($AT204-G204)/$AT204,0)","=IFERROR(($AU204-D204)/$AU204,0)",=$AU204-D204
Garden Cottage Room 4 | Under the Eaves at Zion NP,680072348,,33769,47566,217.86,60.78,272,1,1,2,true,false,true,false,true,false,false,Private Room,Bed & Breakfast,B&B,5,1,1,6-20,Luxury,true,0,true,155,86,2026-05-16,St. George,Springdale,Springdale,Utah,84767,United States,mountains_lakes,https://www.airbnb.com/rooms/1384778859591908619,https://a0.muscache.com/im/pictures/miso/Hosting-1384778859591908619/original/1834727c-adda-4c15-b9cd-29e255892586.jpeg,1384778859591908619,,37.188068234,-113.0018700205,=AVERAGE($G$2:$G$280),=AVERAGE($D$2:$D$280),"=IFERROR(($AT205-G205)/$AT205,0)","=IFERROR(($AU205-D205)/$AU205,0)",=$AU205-D205
Garden Cottage Room 5 | Under the Eaves at Zion NP,680072348,,33624,44041,219.76,55.04,298,1,1,2,true,false,true,false,true,false,false,Private Room,Bed & Breakfast,B&B,5,3,1,6-20,Luxury,true,0,true,153,90,2026-05-13,St. George,Springdale,Springdale,Utah,84767,United States,mountains_lakes,https://www.airbnb.com/rooms/1361331078520641691,https://a0.muscache.com/im/pictures/miso/Hosting-1361331078520641691/original/feb5ce35-7972-4c0e-80b7-56bbe12df33f.jpeg,1361331078520641691,,37.1884,-113.001,=AVERAGE($G$2:$G$280),=AVERAGE($D$2:$D$280),"=IFERROR(($AT206-G206)/$AT206,0)","=IFERROR(($AU206-D206)/$AU206,0)",=$AU206-D206
Guardian Angel Tiny House near Zion National Park,261225589,,33519,36182,452.96,27.61,350,1,1,4,true,false,true,true,true,false,false,Home/Apartment,Tiny house,Unique,4.95,202,1,2-5,Luxury,true,0,true,74,26,2026-05-16,St. George,Springdale,Virgin,Utah,84779,United States,mountains_lakes,https://www.airbnb.com/rooms/34625595,https://a0.muscache.com/im/pictures/20a5adef-ae68-4de5-9f3d-3cd8081d3d10.jpg,34625595,1712610,37.23694,-113.15229,=AVERAGE($G$2:$G$280),=AVERAGE($D$2:$D$280),"=IFERROR(($AT207-G207)/$AT207,0)","=IFERROR(($AU207-D207)/$AU207,0)",=$AU207-D207
Mother Eve Tiny House near Zion National Park,261225589,,31895,34412,455.64,23.41,345,1,1,3,true,false,true,true,true,false,false,Home/Apartment,Tiny house,Unique,4.9,223,1,2-5,Luxury,true,0,true,70,33,2026-05-16,St. George,Springdale,Virgin,Utah,84779,United States,mountains_lakes,https://www.airbnb.com/rooms/37373006,https://a0.muscache.com/im/pictures/dc295a74-f819-4883-9889-693ce986f511.jpg,37373006,1834161,37.23593,-113.15177,=AVERAGE($G$2:$G$280),=AVERAGE($D$2:$D$280),"=IFERROR(($AT208-G208)/$AT208,0)","=IFERROR(($AU208-D208)/$AU208,0)",=$AU208-D208
Private Retreat at the gateway to Zion!,385295565,,30230,33644,272.34,36.51,328,2,1,6,true,false,false,true,true,false,false,Home/Apartment,Guest suite,House/villa,5,193,2,1,Luxury,true,61,true,111,38,2026-05-13,St. George,Springdale,Virgin,Utah,84779,United States,mountains_lakes,https://www.airbnb.com/rooms/47834037,https://a0.muscache.com/im/pictures/miso/Hosting-47834037/original/359eeb17-e1ab-4041-9497-ea25627e2732.jpeg,47834037,,37.2003,-113.2048,=AVERAGE($G$2:$G$280),=AVERAGE($D$2:$D$280),"=IFERROR(($AT209-G209)/$AT209,0)","=IFERROR(($AU209-D209)/$AU209,0)",=$AU209-D209
Glamping Tent with Great Views & Private Bathroom,149829205,,30034,33507,361.86,25.7,339,1,1,2,true,false,false,false,true,true,false,Private Room,Tent,Unique,0,0,1,21+,Luxury,true,0,true,83,52,2026-05-17,St. George,Springdale,Hildale,Utah,84784,United States,mountains_lakes,https://www.airbnb.com/rooms/727401749251474417,https://a0.muscache.com/im/pictures/hosting/Hosting-727401749251474417/original/83decd89-4de1-45ef-8d39-53be5c3c3e12.png,727401749251474417,,37.01694,-112.95875,=AVERAGE($G$2:$G$280),=AVERAGE($D$2:$D$280),"=IFERROR(($AT210-G210)/$AT210,0)","=IFERROR(($AU210-D210)/$AU210,0)",=$AU210-D210
Welcome to The Sanctuary at Zion,195878907,,29363,32997,419.47,45.16,192,4,2,8,true,false,false,true,true,true,false,Home/Apartment,House,House/villa,5,5,1,1,Luxury,false,148,false,70,20,2025-09-06,St. George,Springdale,Springdale,Utah,84767,United States,mountains_lakes,https://www.airbnb.com/rooms/1444262296037112453,https://a0.muscache.com/im/pictures/miso/Hosting-1444262296037112453/original/4fbc054d-dc5c-4141-88bf-93a40521a497.png,1444262296037112453,4722223,37.1699616217,-113.0156758767,=AVERAGE($G$2:$G$280),=AVERAGE($D$2:$D$280),"=IFERROR(($AT211-G211)/$AT211,0)","=IFERROR(($AU211-D211)/$AU211,0)",=$AU211-D211
Private Oasis,253667182,,29325,54660,575,33.33,197,4,5,16,true,false,true,true,true,true,true,Home/Apartment,House,House/villa,5,6,1,2-5,Luxury,false,374,true,51,14,2025-12-31,St. George,Springdale,Hildale,Utah,84784,United States,mountains_lakes,https://www.airbnb.com/rooms/48564461,https://a0.muscache.com/im/pictures/hosting/Hosting-U3RheVN1cHBseUxpc3Rpbmc6NDg1NjQ0NjE=/original/f2f2f1ef-b808-415b-a1cb-735a51f3d82b.jpeg,48564461,,37.0028277258,-112.9675140362,=AVERAGE($G$2:$G$280),=AVERAGE($D$2:$D$280),"=IFERROR(($AT212-G212)/$AT212,0)","=IFERROR(($AU212-D212)/$AU212,0)",=$AU212-D212
The Watchman | Glamping Near Zion National Park,562774979,,27270,31905,284.06,40.17,246,1,1,6,true,false,false,true,false,true,false,Home/Apartment,Camper/RV,Unique,4.8,5,3,2-5,Luxury,false,365,false,96,17,2026-05-13,St. George,Springdale,Springdale,Utah,84767,United States,mountains_lakes,https://www.airbnb.com/rooms/1252462170024032624,https://a0.muscache.com/im/pictures/miso/Hosting-1252462170024032624/original/2a85d799-85bd-4772-b204-520b71c091d3.jpeg,1252462170024032624,,37.2008632795,-112.9880921435,=AVERAGE($G$2:$G$280),=AVERAGE($D$2:$D$280),"=IFERROR(($AT213-G213)/$AT213,0)","=IFERROR(($AU213-D213)/$AU213,0)",=$AU213-D213
The Straw Bale Wing at Lazalu - Zion Wedding Venue,10505097,,25886,46002,835.03,22.96,159,1,1,2,true,false,false,true,true,false,false,Private Room,Ranch,Unique,5,7,2,2-5,Luxury,true,200,false,31,11,2025-07-23,St. George,Springdale,Virgin,Utah,84779,United States,mountains_lakes,https://www.airbnb.com/rooms/51601678,https://a0.muscache.com/im/pictures/miso/Hosting-51601678/original/2804b3fa-7fa7-46ef-b591-a3d260e30c9c.jpeg,51601678,,37.318329,-113.114105,=AVERAGE($G$2:$G$280),=AVERAGE($D$2:$D$280),"=IFERROR(($AT214-G214)/$AT214,0)","=IFERROR(($AU214-D214)/$AU214,0)",=$AU214-D214
"Zion Retreat: Brand New Tiny Home w/ King Bed, Full Kitchen & Kids Loft #13",The Riv At Zion,,25584,27073,234.72,46.98,260,3,1,6,true,false,false,true,true,false,false,Home/Apartment,House,House/villa,0,0,1,6-20,Luxury,false,0,true,109,39,2026-03-07,St. George,Springdale,Virgin,Utah,84779,United States,mountains_lakes,https://www.vrbo.com/4752564,https://media.vrbo.com/lodging/120000000/119610000/119606000/119605906/ea1d3d08.jpg?impolicy=resizecrop&rw=1200&ra=fit,,4752564,37.20832,-113.18828,=AVERAGE($G$2:$G$280),=AVERAGE($D$2:$D$280),"=IFERROR(($AT215-G215)/$AT215,0)","=IFERROR(($AU215-D215)/$AU215,0)",=$AU215-D215
The Zion Suite at Lazalu - Zion National Park,10505097,,25038,27209,403.84,33.7,184,2,1,6,true,false,false,true,true,false,false,Home/Apartment,House,House/villa,5,79,2,2-5,Luxury,true,200,true,62,22,2025-07-25,St. George,Springdale,Virgin,Utah,84779,United States,mountains_lakes,https://www.airbnb.com/rooms/21491442,https://a0.muscache.com/im/pictures/84e24960-c6cc-49af-a0d6-4817be577cdd.jpg,21491442,,37.32943,-113.112762,=AVERAGE($G$2:$G$280),=AVERAGE($D$2:$D$280),"=IFERROR(($AT216-G216)/$AT216,0)","=IFERROR(($AU216-D216)/$AU216,0)",=$AU216-D216
Desert Oasis | Glamping Near Zion National Park,562774979,,24685,29454,342.85,32.43,253,1,1,6,true,false,false,true,false,false,false,Home/Apartment,Camper/RV,Unique,4.6,5,3,2-5,Luxury,false,415,false,72,15,2026-05-16,St. George,Springdale,Springdale,Utah,84767,United States,mountains_lakes,https://www.airbnb.com/rooms/1094595422680821347,https://a0.muscache.com/im/pictures/miso/Hosting-1094595422680821347/original/3a351049-0524-4a1d-8f59-80378399ea56.jpeg,1094595422680821347,,37.2016,-112.98884,=AVERAGE($G$2:$G$280),=AVERAGE($D$2:$D$280),"=IFERROR(($AT217-G217)/$AT217,0)","=IFERROR(($AU217-D217)/$AU217,0)",=$AU217-D217
Canyon Retreat | Glamping Near Zion National Park,562774979,,24548,29424,303.06,35.53,237,2,1,8,true,false,false,true,false,true,false,Home/Apartment,Camper/RV,Unique,5,5,3,2-5,Luxury,false,366,false,81,15,2026-05-13,St. George,Springdale,Springdale,Utah,84767,United States,mountains_lakes,https://www.airbnb.com/rooms/1094453275238255415,https://a0.muscache.com/im/pictures/miso/Hosting-1094453275238255415/original/befae789-6b63-4391-a3ce-9a43d3b4b1df.png,1094453275238255415,,37.203,-112.98821,=AVERAGE($G$2:$G$280),=AVERAGE($D$2:$D$280),"=IFERROR(($AT218-G218)/$AT218,0)","=IFERROR(($AU218-D218)/$AU218,0)",=$AU218-D218
Petty Ranch Inn - Near Zion National Park ADA,657977265,,24539,33780,272.66,36.29,264,1,1,2,true,false,false,false,true,false,true,Home/Apartment,Apartment,Apt/Condo/Loft,4.6,5,1,6-20,Luxury,true,0,true,90,44,2026-05-15,St. George,Springdale,Springdale,Utah,84767,United States,mountains_lakes,https://www.airbnb.com/rooms/1271261233463369417,https://a0.muscache.com/im/pictures/hosting/Hosting-U3RheVN1cHBseUxpc3Rpbmc6MTI3MTI2MTIzMzQ2MzM2OTQxNw==/original/3ada4978-ea8a-49f6-9281-7db7aec893a1.jpeg,1271261233463369417,,37.1892284871,-112.9985999614,=AVERAGE($G$2:$G$280),=AVERAGE($D$2:$D$280),"=IFERROR(($AT219-G219)/$AT219,0)","=IFERROR(($AU219-D219)/$AU219,0)",=$AU219-D219
"Tiny Home Near Zion | Pool, Hot Tub, Full Kitchen",The Riv At Zion,,22827,24888,221.62,33.44,343,1,1,6,true,false,true,true,true,false,true,Home/Apartment,Tiny house,Unique,5,53,1,6-20,Luxury,true,0,true,103,70,2026-05-14,St. George,Springdale,Virgin,Utah,84779,United States,mountains_lakes,https://www.airbnb.com/rooms/1425582974924143829,https://a0.muscache.com/im/pictures/prohost-api/Hosting-1425582974924143829/original/d1a74f5f-6df9-4b62-9d36-bc4a51da071b.jpeg,1425582974924143829,4638254,37.2033,-113.1925,=AVERAGE($G$2:$G$280),=AVERAGE($D$2:$D$280),"=IFERROR(($AT220-G220)/$AT220,0)","=IFERROR(($AU220-D220)/$AU220,0)",=$AU220-D220
Montclair Zion - 3BR Villa w/ Game Room & Views,698787618,,22565,26838,705.16,19.63,285,3,3,10,true,false,false,true,true,false,true,Home/Apartment,Apartment,Apt/Condo/Loft,5,47,2,6-20,Luxury,true,150,false,32,16,2026-05-15,St. George,Springdale,Springdale,Utah,84767,United States,mountains_lakes,https://www.airbnb.com/rooms/1461860632489522590,https://a0.muscache.com/im/pictures/hosting/Hosting-U3RheVN1cHBseUxpc3Rpbmc6MTQ2MTg2MDYzMjQ4OTUyMjU5MA==/original/7015f97b-93df-4ccf-9b80-40c6db5915d7.jpeg,1461860632489522590,4450700,37.1798,-113.0071,=AVERAGE($G$2:$G$280),=AVERAGE($D$2:$D$280),"=IFERROR(($AT221-G221)/$AT221,0)","=IFERROR(($AU221-D221)/$AU221,0)",=$AU221-D221
"Zion's Edge Casita w/King Bed-Hike, UTV, Jeep, MTB",123476672,,22469,23552,220.28,38.49,349,,1,2,true,false,false,true,true,false,false,Home/Apartment,Apartment,Apt/Condo/Loft,5,97,1,1,Luxury,true,66,false,102,33,2026-05-13,St. George,Springdale,Virgin,Utah,84779,United States,mountains_lakes,https://www.airbnb.com/rooms/909552723009211999,https://a0.muscache.com/im/pictures/miso/Hosting-909552723009211999/original/c2f8fd17-7c41-45a5-b48f-7be703852b76.jpeg,909552723009211999,,37.20435,-113.19141,=AVERAGE($G$2:$G$280),=AVERAGE($D$2:$D$280),"=IFERROR(($AT222-G222)/$AT222,0)","=IFERROR(($AU222-D222)/$AU222,0)",=$AU222-D222
Beautiful studio casita with amazing views only 8 miles from Zion National park!,,,21658,23516,238,37.3,343,1,1,2,true,false,false,true,true,false,false,Home/Apartment,Apartment,Apt/Condo/Loft,5,21,1,1,Luxury,false,65,false,91,31,2026-05-17,St. George,Springdale,Virgin,Utah,84779,United States,mountains_lakes,https://www.vrbo.com/3530488,https://media.vrbo.com/lodging/97000000/96370000/96367000/96366902/0e244ccf.jpg?impolicy=resizecrop&rw=1200&ra=fit,,3530488,37.20539,-113.19209,=AVERAGE($G$2:$G$280),=AVERAGE($D$2:$D$280),"=IFERROR(($AT223-G223)/$AT223,0)","=IFERROR(($AU223-D223)/$AU223,0)",=$AU223-D223
"Zion Retreat: Brand New Tiny Home w/ King Bed, Full Kitchen & Kids Loft #14",The Riv At Zion,,21278,23584,231.28,40.53,256,3,1,6,true,false,false,true,true,false,false,Home/Apartment,House,House/villa,0,0,1,6-20,Luxury,false,0,true,92,39,2026-03-07,St. George,Springdale,Virgin,Utah,84779,United States,mountains_lakes,https://www.vrbo.com/4752565,https://media.vrbo.com/lodging/120000000/119610000/119606000/119605909/ec7d359f.jpg?impolicy=resizecrop&rw=1200&ra=fit,,4752565,37.20832,-113.18828,=AVERAGE($G$2:$G$280),=AVERAGE($D$2:$D$280),"=IFERROR(($AT224-G224)/$AT224,0)","=IFERROR(($AU224-D224)/$AU224,0)",=$AU224-D224
Zion's Cabin and Boujee Barn,414968679,,20588,67947,354.97,100,61,3,2,6,true,false,true,true,true,false,true,Home/Apartment,Cabin,House/villa,4.95,25,3,6-20,Luxury,true,199,false,58,10,2026-05-16,St. George,Springdale,Virgin,Utah,84779,United States,mountains_lakes,https://www.airbnb.com/rooms/1022367299173228272,https://a0.muscache.com/im/pictures/miso/Hosting-1022367299173228272/original/5743538c-a62b-4602-9022-3aa4f5d3039d.jpeg,1022367299173228272,,37.20008,-113.1927,=AVERAGE($G$2:$G$280),=AVERAGE($D$2:$D$280),"=IFERROR(($AT225-G225)/$AT225,0)","=IFERROR(($AU225-D225)/$AU225,0)",=$AU225-D225
Montclair Zion –Luxury Modern 1BR Villa with Patio,698787618,,19293,33509,448.67,20,269,1,1,4,true,false,false,true,true,false,true,Home/Apartment,Apartment,Apt/Condo/Loft,4.95,17,1,6-20,Luxury,true,75,false,43,24,2026-05-15,St. George,Springdale,Springdale,Utah,84767,United States,mountains_lakes,https://www.airbnb.com/rooms/1434845204506622706,https://a0.muscache.com/im/pictures/hosting/Hosting-U3RheVN1cHBseUxpc3Rpbmc6MTQzNDg0NTIwNDUwNjYyMjcwNg==/original/abea0dad-1070-476d-814c-a9a5b79b3d38.jpeg,1434845204506622706,4450699,37.1798,-113.0071,=AVERAGE($G$2:$G$280),=AVERAGE($D$2:$D$280),"=IFERROR(($AT226-G226)/$AT226,0)","=IFERROR(($AU226-D226)/$AU226,0)",=$AU226-D226
Zion Cliff Lodge: Room 11 - the Cottage,RedAwning,,18583,19013,189.62,28,359,1,1,2,true,false,false,true,true,true,false,Home/Apartment,Apartment,Apt/Condo/Loft,5,4,1,21+,Luxury,false,0,true,98,46,2026-05-17,St. George,Springdale,Hildale,Utah,84784,United States,mountains_lakes,https://www.airbnb.com/rooms/1319914263524729903,https://a0.muscache.com/im/pictures/prohost-api/Hosting-1319914263524729903/original/06661552-ce84-47a0-9d93-6022015ac454.jpeg,1319914263524729903,20090532ha,37.0005,-112.9912,=AVERAGE($G$2:$G$280),=AVERAGE($D$2:$D$280),"=IFERROR(($AT227-G227)/$AT227,0)","=IFERROR(($AU227-D227)/$AU227,0)",=$AU227-D227
Cozy Rock Cabin with Jacuzzi,149829205,,18408,33135,708,12.75,305,1,1,2,true,false,true,false,true,true,false,Private Room,Cabin,House/villa,4.35,3,1,21+,Luxury,true,0,true,26,17,2026-05-14,St. George,Springdale,Hildale,Utah,84784,United States,mountains_lakes,https://www.airbnb.com/rooms/802763568615421288,https://a0.muscache.com/im/pictures/miso/Hosting-802763568615421288/original/9c6adb9c-021b-4798-92a4-7425d0fe026b.jpeg,802763568615421288,,37.01697,-112.95877,=AVERAGE($G$2:$G$280),=AVERAGE($D$2:$D$280),"=IFERROR(($AT228-G228)/$AT228,0)","=IFERROR(($AU228-D228)/$AU228,0)",=$AU228-D228
"Tiny Home Near Zion | Pool, Hot Tub, Full Kitchen",The Riv At Zion,,17853,18499,241.26,28.46,356,1,1,6,true,false,true,true,true,false,true,Home/Apartment,Tiny house,Unique,5,6,1,6-20,Luxury,true,0,true,74,32,2026-05-14,St. George,Springdale,Virgin,Utah,84779,United States,mountains_lakes,https://www.airbnb.com/rooms/1425502863782978257,https://a0.muscache.com/im/pictures/prohost-api/Hosting-1425502863782978257/original/a13dae36-b5bd-4341-b3e0-70285e19e48c.jpeg,1425502863782978257,4752569,37.2033,-113.1925,=AVERAGE($G$2:$G$280),=AVERAGE($D$2:$D$280),"=IFERROR(($AT229-G229)/$AT229,0)","=IFERROR(($AU229-D229)/$AU229,0)",=$AU229-D229
"Zion Retreat: Brand New Tiny Home w/ King Bed, Full Kitchen & Kids Loft #9",The Riv At Zion,,16753,17054,235.96,24.15,323,3,1,6,true,false,false,true,true,false,false,Home/Apartment,House,House/villa,0,0,1,6-20,Luxury,false,0,true,71,31,2026-03-03,St. George,Springdale,Virgin,Utah,84779,United States,mountains_lakes,https://www.vrbo.com/4638428,https://media.vrbo.com/lodging/118000000/117470000/117468700/117468695/d2e9a775.jpg?impolicy=resizecrop&rw=1200&ra=fit,,4638428,37.20314,-113.19203,=AVERAGE($G$2:$G$280),=AVERAGE($D$2:$D$280),"=IFERROR(($AT230-G230)/$AT230,0)","=IFERROR(($AU230-D230)/$AU230,0)",=$AU230-D230
The Adobe Suite at Lazalu - Zion National Park,10505097,,16219,21594,311.9,30.06,174,1,1,2,true,false,false,true,true,false,false,Home/Apartment,Guest house,House/villa,4.95,104,2,2-5,Luxury,true,200,true,52,19,2025-07-25,St. George,Springdale,Virgin,Utah,84779,United States,mountains_lakes,https://www.airbnb.com/rooms/21365904,https://a0.muscache.com/im/pictures/295c68e3-8148-40c4-b6d1-9fcdb7ea142f.jpg,21365904,1683061,37.32943,-113.112762,=AVERAGE($G$2:$G$280),=AVERAGE($D$2:$D$280),"=IFERROR(($AT231-G231)/$AT231,0)","=IFERROR(($AU231-D231)/$AU231,0)",=$AU231-D231
"Tiny Home Near Zion | Pool, Hot Tub, Full Kitchen",The Riv At Zion,,16076,16742,229.66,22.22,352,1,1,6,true,false,true,true,true,false,true,Home/Apartment,Tiny house,Unique,4.9,85,1,6-20,Luxury,true,0,true,70,39,2026-05-14,St. George,Springdale,Virgin,Utah,84779,United States,mountains_lakes,https://www.airbnb.com/rooms/1426161643274221784,https://a0.muscache.com/im/pictures/prohost-api/Hosting-1426161643274221784/original/98ac27c6-3fec-48a7-a566-193d2d2416d4.jpeg,1426161643274221784,4638475,37.2033,-113.1925,=AVERAGE($G$2:$G$280),=AVERAGE($D$2:$D$280),"=IFERROR(($AT232-G232)/$AT232,0)","=IFERROR(($AU232-D232)/$AU232,0)",=$AU232-D232
"Zion Retreat: Brand New Tiny Home w/ King Bed, Full Kitchen & Kids Loft #8",The Riv At Zion,,15067,16155,231.8,24.62,323,3,1,6,true,false,false,true,true,false,false,Home/Apartment,House,House/villa,5,1,1,6-20,Luxury,false,0,true,65,29,2026-03-07,St. George,Springdale,Virgin,Utah,84779,United States,mountains_lakes,https://www.vrbo.com/4638421,https://media.vrbo.com/lodging/118000000/117470000/117468600/117468521/248aec58.jpg?impolicy=resizecrop&rw=1200&ra=fit,,4638421,37.20314,-113.19203,=AVERAGE($G$2:$G$280),=AVERAGE($D$2:$D$280),"=IFERROR(($AT233-G233)/$AT233,0)","=IFERROR(($AU233-D233)/$AU233,0)",=$AU233-D233
Montclair Zion | Modern 2BR Villa w/ Balcony Views,698787618,,14951,16219,364.66,20.92,294,2,1,6,true,false,false,true,true,false,true,Home/Apartment,Apartment,Apt/Condo/Loft,5,26,1,6-20,Luxury,true,99,false,41,14,2026-05-15,St. George,Springdale,Springdale,Utah,84767,United States,mountains_lakes,https://www.airbnb.com/rooms/1453078045129456170,https://a0.muscache.com/im/pictures/hosting/Hosting-U3RheVN1cHBseUxpc3Rpbmc6MTQ1MzA3ODA0NTEyOTQ1NjE3MA==/original/4a2f026e-12ed-4c3e-a366-76786d7c1de2.jpeg,1453078045129456170,,37.1798,-113.0071,=AVERAGE($G$2:$G$280),=AVERAGE($D$2:$D$280),"=IFERROR(($AT234-G234)/$AT234,0)","=IFERROR(($AU234-D234)/$AU234,0)",=$AU234-D234
"Montclair Zion - a Stunning Luxury Villa, 2 Bed, 1 Bath Retreat with Patio",,,14887,22372,531.68,18.18,274,2,1,6,true,false,true,true,true,false,false,Home/Apartment,House,House/villa,4.9,6,1,1,Luxury,false,100,true,28,12,2026-05-16,St. George,Springdale,Springdale,Utah,84767,United States,mountains_lakes,https://www.vrbo.com/4450697,https://media.vrbo.com/lodging/114000000/113370000/113361600/113361564/a72a25b1.jpg?impolicy=resizecrop&rw=1200&ra=fit,,4450697,37.180218,-113.006615,=AVERAGE($G$2:$G$280),=AVERAGE($D$2:$D$280),"=IFERROR(($AT235-G235)/$AT235,0)","=IFERROR(($AU235-D235)/$AU235,0)",=$AU235-D235
Experience Elegance at the Montclair in Our Luxury Villa,,,14365,26534,897.81,14.68,268,2,2,6,true,false,true,true,true,false,false,Home/Apartment,House,House/villa,5,1,1,1,Luxury,false,124,true,16,11,2026-05-14,St. George,Springdale,Springdale,Utah,84767,United States,mountains_lakes,https://www.vrbo.com/4450698,https://media.vrbo.com/lodging/114000000/113370000/113361600/113361568/f64935ad.jpg?impolicy=resizecrop&rw=1200&ra=fit,,4450698,37.18022,-113.00661,=AVERAGE($G$2:$G$280),=AVERAGE($D$2:$D$280),"=IFERROR(($AT236-G236)/$AT236,0)","=IFERROR(($AU236-D236)/$AU236,0)",=$AU236-D236
"Tiny Home Near Zion | Pool, Hot Tub, Full Kitchen",The Riv At Zion,,14300,15668,223.44,32.82,341,1,1,6,true,false,true,true,true,false,true,Home/Apartment,Tiny house,Unique,5,13,1,6-20,Luxury,true,0,true,64,21,2026-05-15,St. George,Springdale,Virgin,Utah,84779,United States,mountains_lakes,https://www.airbnb.com/rooms/1425545268958205695,https://a0.muscache.com/im/pictures/prohost-api/Hosting-1425545268958205695/original/6ffd7161-b4bf-451e-b421-ce377bec4ef4.jpeg,1425545268958205695,4621672,37.2033,-113.1925,=AVERAGE($G$2:$G$280),=AVERAGE($D$2:$D$280),"=IFERROR(($AT237-G237)/$AT237,0)","=IFERROR(($AU237-D237)/$AU237,0)",=$AU237-D237
Montclair Zion – Modern Luxury 1BR + Balcony Views,698787618,,13857,14367,494.89,22.95,205,1,1,4,true,false,false,true,true,false,true,Home/Apartment,Apartment,Apt/Condo/Loft,5,2,1,6-20,Luxury,true,75,true,28,12,2026-05-11,St. George,Springdale,Springdale,Utah,84767,United States,mountains_lakes,https://www.airbnb.com/rooms/1537165458538200490,https://a0.muscache.com/im/pictures/hosting/Hosting-1537165458538200490/original/0abc2169-53a0-4b09-8f38-a329635e2ffa.jpeg,1537165458538200490,4911241,37.1798,-113.0073,=AVERAGE($G$2:$G$280),=AVERAGE($D$2:$D$280),"=IFERROR(($AT238-G238)/$AT238,0)","=IFERROR(($AU238-D238)/$AU238,0)",=$AU238-D238
Glamping Tent Near Zion National Park - 1 Bed,149829205,,13718,15642,185.38,23.27,334,1,5,2,true,false,false,true,true,true,false,Private Room,Tent,Unique,4.8,143,1,21+,Luxury,true,0,true,74,69,2026-05-13,St. George,Springdale,Hildale,Utah,84784,United States,mountains_lakes,https://www.airbnb.com/rooms/21228217,https://a0.muscache.com/im/pictures/hosting/Hosting-21228217/original/cd946357-ecc2-4e2f-a76a-2a890e222500.png,21228217,,37.01806,-112.95769,=AVERAGE($G$2:$G$280),=AVERAGE($D$2:$D$280),"=IFERROR(($AT239-G239)/$AT239,0)","=IFERROR(($AU239-D239)/$AU239,0)",=$AU239-D239
Tiny Home Near Zion | Pool & Hot Tub,The Riv At Zion,,13442,13652,258.5,22.32,266,1,1,6,true,false,true,true,true,false,true,Home/Apartment,House,House/villa,5,7,1,6-20,Luxury,false,0,true,52,24,2026-05-15,St. George,Springdale,Virgin,Utah,84779,United States,mountains_lakes,https://www.vrbo.com/4752570,https://media.vrbo.com/lodging/120000000/119610000/119606000/119605921/a07350e4.jpg?impolicy=resizecrop&rw=1200&ra=fit,,4752570,37.208317,-113.188278,=AVERAGE($G$2:$G$280),=AVERAGE($D$2:$D$280),"=IFERROR(($AT240-G240)/$AT240,0)","=IFERROR(($AU240-D240)/$AU240,0)",=$AU240-D240
Montclair Zion - Luxury 2BR/2BA Villa - THE VIEWS,698787618,,13233,21019,490.11,17.65,279,2,2,6,true,false,true,true,true,false,true,Home/Apartment,Apartment,Apt/Condo/Loft,5,11,2,6-20,Luxury,true,128,false,27,9,2026-05-15,St. George,Springdale,Springdale,Utah,84767,United States,mountains_lakes,https://www.airbnb.com/rooms/1456807441994212154,https://a0.muscache.com/im/pictures/hosting/Hosting-U3RheVN1cHBseUxpc3Rpbmc6MTQ1NjgwNzQ0MTk5NDIxMjE1NA==/original/09cf317f-9deb-4548-b1e5-109520ccc0e1.jpeg,1456807441994212154,,37.1792440949,-113.0059133377,=AVERAGE($G$2:$G$280),=AVERAGE($D$2:$D$280),"=IFERROR(($AT241-G241)/$AT241,0)","=IFERROR(($AU241-D241)/$AU241,0)",=$AU241-D241
Montclair Zion | Luxury 2BR Villa w/ Patio Views,698787618,,12782,13837,608.67,18.1,207,2,1,6,true,false,false,true,true,false,true,Home/Apartment,Apartment,Apt/Condo/Loft,5,3,1,6-20,Luxury,true,100,true,21,13,2026-05-11,St. George,Springdale,Springdale,Utah,84767,United States,mountains_lakes,https://www.airbnb.com/rooms/1537757529146830417,https://a0.muscache.com/im/pictures/hosting/Hosting-1537757529146830417/original/a1549e79-883d-4c2d-813a-99f20cd9b9f0.jpeg,1537757529146830417,4911240,37.1798,-113.0071,=AVERAGE($G$2:$G$280),=AVERAGE($D$2:$D$280),"=IFERROR(($AT242-G242)/$AT242,0)","=IFERROR(($AU242-D242)/$AU242,0)",=$AU242-D242
Couples’ Escape Near Zion | Pet Friendly,,,12592,19789,206.43,54.46,153,1,1,2,true,false,false,true,true,true,false,Home/Apartment,House,House/villa,4.9,0,1,6-20,Luxury,false,85,true,61,19,2026-05-16,St. George,Springdale,Hurricane,Utah,84737,United States,mountains_lakes,https://www.vrbo.com/2547091,https://media.vrbo.com/lodging/73000000/72940000/72936500/72936477/1425545f.jpg?impolicy=resizecrop&rw=1200&ra=fit,,2547091,37.104416,-113.125178,=AVERAGE($G$2:$G$280),=AVERAGE($D$2:$D$280),"=IFERROR(($AT243-G243)/$AT243,0)","=IFERROR(($AU243-D243)/$AU243,0)",=$AU243-D243
"Tiny Home Near Zion | Pool, Hot Tub, Full Kitchen",The Riv At Zion,,12378,13276,247.56,21.74,356,1,1,6,true,false,true,true,true,false,true,Home/Apartment,Tiny house,Unique,4.95,57,1,6-20,Luxury,true,0,true,50,33,2026-05-15,St. George,Springdale,Virgin,Utah,84779,United States,mountains_lakes,https://www.airbnb.com/rooms/1415606925666603463,https://a0.muscache.com/im/pictures/prohost-api/Hosting-1415606925666603463/original/4d74c6c3-3194-4ef0-8d6b-206be1853506.jpeg,1415606925666603463,4752566,37.2034,-113.1925,=AVERAGE($G$2:$G$280),=AVERAGE($D$2:$D$280),"=IFERROR(($AT244-G244)/$AT244,0)","=IFERROR(($AU244-D244)/$AU244,0)",=$AU244-D244
"Zion Retreat: Brand New Tiny Home w/ King Bed, Full Kitchen & Kids Loft #4",The Riv At Zion,,12307,12581,251.16,21.4,329,3,1,6,true,false,false,true,true,false,false,Home/Apartment,House,House/villa,5,1,1,6-20,Luxury,false,0,true,49,18,2026-03-03,St. George,Springdale,Virgin,Utah,84779,United States,mountains_lakes,https://www.vrbo.com/4638300,https://media.vrbo.com/lodging/118000000/117470000/117467700/117467602/bbd0c5a8.jpg?impolicy=resizecrop&rw=1200&ra=fit,,4638300,37.20314,-113.19203,=AVERAGE($G$2:$G$280),=AVERAGE($D$2:$D$280),"=IFERROR(($AT245-G245)/$AT245,0)","=IFERROR(($AU245-D245)/$AU245,0)",=$AU245-D245
Petty Ranch Inn - Zion King Room in Springdale,657977265,,11950,23458,254.26,26.11,229,1,1,2,true,false,true,false,true,false,true,Home/Apartment,Apartment,Apt/Condo/Loft,4.8,11,1,6-20,Luxury,true,0,true,47,29,2026-05-15,St. George,Springdale,Springdale,Utah,84767,United States,mountains_lakes,https://www.airbnb.com/rooms/1271248157120549845,https://a0.muscache.com/im/pictures/hosting/Hosting-U3RheVN1cHBseUxpc3Rpbmc6MTI3MTI0ODE1NzEyMDU0OTg0NQ==/original/12b3cb13-d4d8-45da-9dd8-488484d21715.jpeg,1271248157120549845,,37.1895,-112.9978,=AVERAGE($G$2:$G$280),=AVERAGE($D$2:$D$280),"=IFERROR(($AT246-G246)/$AT246,0)","=IFERROR(($AU246-D246)/$AU246,0)",=$AU246-D246
"Zion Retreat: Brand New Tiny Home w/ King Bed, Full Kitchen & Kids Loft #16",The Riv At Zion,,11847,12212,246.81,21.33,265,3,1,6,true,false,false,true,true,false,false,Home/Apartment,House,House/villa,0,0,1,6-20,Luxury,false,0,true,48,22,2026-03-07,St. George,Springdale,Virgin,Utah,84779,United States,mountains_lakes,https://www.vrbo.com/4752567,https://media.vrbo.com/lodging/120000000/119610000/119606000/119605913/add8f11e.jpg?impolicy=resizecrop&rw=1200&ra=fit,,4752567,37.20832,-113.18828,=AVERAGE($G$2:$G$280),=AVERAGE($D$2:$D$280),"=IFERROR(($AT247-G247)/$AT247,0)","=IFERROR(($AU247-D247)/$AU247,0)",=$AU247-D247
"Zion Retreat: Brand New Tiny Home w/ King Bed, Full Kitchen & Kids Loft #5",The Riv At Zion,,11653,11909,237.82,21.3,331,3,1,6,true,false,false,true,true,false,false,Home/Apartment,House,House/villa,0,0,1,6-20,Luxury,false,0,true,49,18,2026-03-03,St. George,Springdale,Virgin,Utah,84779,United States,mountains_lakes,https://www.vrbo.com/4638312,https://media.vrbo.com/lodging/118000000/117470000/117467700/117467691/c6171d81.jpg?impolicy=resizecrop&rw=1200&ra=fit,,4638312,37.20314,-113.19203,=AVERAGE($G$2:$G$280),=AVERAGE($D$2:$D$280),"=IFERROR(($AT248-G248)/$AT248,0)","=IFERROR(($AU248-D248)/$AU248,0)",=$AU248-D248
"Zion Retreat: Brand New Tiny Home w/ King Bed, Full Kitchen & Kids Loft #6",The Riv At Zion,,11533,12863,240.27,22.64,325,2,1,6,true,false,false,true,true,false,false,Home/Apartment,House,House/villa,5,2,1,6-20,Luxury,false,0,true,48,20,2026-03-01,St. George,Springdale,Virgin,Utah,84779,United States,mountains_lakes,https://www.vrbo.com/4638321,https://media.vrbo.com/lodging/118000000/117470000/117467800/117467792/fcacc2cb.jpg?impolicy=resizecrop&rw=1200&ra=fit,,4638321,37.20314,-113.19203,=AVERAGE($G$2:$G$280),=AVERAGE($D$2:$D$280),"=IFERROR(($AT249-G249)/$AT249,0)","=IFERROR(($AU249-D249)/$AU249,0)",=$AU249-D249
"Zion Retreat: Brand New Tiny Home w/ King Bed, Full Kitchen & Kids Loft #17",The Riv At Zion,,11362,12386,252.49,26.63,252,2,1,6,true,false,false,true,true,false,false,Home/Apartment,House,House/villa,0,0,1,6-20,Luxury,false,0,true,45,13,2026-03-06,St. George,Springdale,Virgin,Utah,84779,United States,mountains_lakes,https://www.vrbo.com/4752568,https://media.vrbo.com/lodging/120000000/119610000/119606000/119605916/12524979.jpg?impolicy=resizecrop&rw=1200&ra=fit,,4752568,37.20832,-113.18828,=AVERAGE($G$2:$G$280),=AVERAGE($D$2:$D$280),"=IFERROR(($AT250-G250)/$AT250,0)","=IFERROR(($AU250-D250)/$AU250,0)",=$AU250-D250
The Woody Cabin,208329405,,11140,12571,232.08,22.33,275,1,1,5,true,false,false,true,true,true,false,Home/Apartment,Cabin,House/villa,4.8,19,1,2-5,Luxury,true,0,false,48,18,2026-05-14,St. George,Springdale,Hurricane,Utah,84737,United States,mountains_lakes,https://www.airbnb.com/rooms/924913649262412701,https://a0.muscache.com/im/pictures/miso/Hosting-924913649262412701/original/cc9cd22c-b82d-4df4-abd1-48a794ccf8f7.jpeg,924913649262412701,4080427,37.02558,-113.09881,=AVERAGE($G$2:$G$280),=AVERAGE($D$2:$D$280),"=IFERROR(($AT251-G251)/$AT251,0)","=IFERROR(($AU251-D251)/$AU251,0)",=$AU251-D251
"Zion Reunions Retreats Weddings: Sleeps 56 ppl Pvt: Pool,Theater,Indoor Soccer",,,10952,10952,2738,12.9,62,8,9,56,true,false,true,true,true,false,true,Home/Apartment,House,House/villa,0,0,4,1,Luxury,false,950,true,4,1,2025-04-18,St. George,Springdale,Rockville,Utah,84763,United States,mountains_lakes,https://www.vrbo.com/4425813,https://media.vrbo.com/lodging/113000000/112940000/112935500/112935425/e92d4386.jpg?impolicy=resizecrop&rw=1200&ra=fit,,4425813,37.152621,-113.057303,=AVERAGE($G$2:$G$280),=AVERAGE($D$2:$D$280),"=IFERROR(($AT252-G252)/$AT252,0)","=IFERROR(($AU252-D252)/$AU252,0)",=$AU252-D252
"Zion Retreat: Brand New Tiny Home w/ King Bed, Full Kitchen & Kids Loft #3",The Riv At Zion,,10931,11120,242.91,19.91,332,3,1,6,true,false,false,true,true,false,false,Home/Apartment,House,House/villa,0,0,1,6-20,Luxury,false,0,true,45,19,2026-03-05,St. George,Springdale,Virgin,Utah,84779,United States,mountains_lakes,https://www.vrbo.com/4638292,https://media.vrbo.com/lodging/118000000/117470000/117467600/117467523/d45d747d.jpg?impolicy=resizecrop&rw=1200&ra=fit,,4638292,37.20314,-113.19203,=AVERAGE($G$2:$G$280),=AVERAGE($D$2:$D$280),"=IFERROR(($AT253-G253)/$AT253,0)","=IFERROR(($AU253-D253)/$AU253,0)",=$AU253-D253
Sunrise point DQB |Cook | Full Electricity| Smores,Zion View Camping,,10192,10213,208,15.46,363,1,1,2,true,false,false,true,true,true,false,Home/Apartment,Tent,Unique,4.75,92,1,21+,Luxury,false,25,true,49,43,2025-11-04,St. George,Springdale,Hildale,Utah,84784,United States,mountains_lakes,https://www.airbnb.com/rooms/26237368,https://a0.muscache.com/im/pictures/hosting/Hosting-U3RheVN1cHBseUxpc3Rpbmc6MjYyMzczNjg%3D/original/3e3e8840-8ca4-4329-8c99-ffa76eee24d0.jpeg,26237368,2629180,37.000526,-112.959457,=AVERAGE($G$2:$G$280),=AVERAGE($D$2:$D$280),"=IFERROR(($AT254-G254)/$AT254,0)","=IFERROR(($AU254-D254)/$AU254,0)",=$AU254-D254
Dog-Friendly Escape • Zion Adventure Base,,,10112,10741,187.26,41.54,200,2,1,4,true,false,false,true,true,true,false,Home/Apartment,House,House/villa,0,0,1,6-20,Luxury,false,75,true,54,19,2026-05-16,St. George,Springdale,Hurricane,Utah,84737,United States,mountains_lakes,https://www.vrbo.com/2613268,https://media.vrbo.com/lodging/75000000/74440000/74431900/74431857/849d865b.jpg?impolicy=resizecrop&rw=1200&ra=fit,,2613268,37.038593,-113.079285,=AVERAGE($G$2:$G$280),=AVERAGE($D$2:$D$280),"=IFERROR(($AT255-G255)/$AT255,0)","=IFERROR(($AU255-D255)/$AU255,0)",=$AU255-D255
Accessible Tiny Home Near  Zion - Pool & Hot Tub,The Riv At Zion,,10052,10052,264.53,16.96,273,1,1,4,true,false,true,true,true,false,true,Home/Apartment,House,House/villa,5,3,1,6-20,Luxury,false,0,true,38,18,2026-05-15,St. George,Springdale,Virgin,Utah,84779,United States,mountains_lakes,https://www.vrbo.com/4752571,https://media.vrbo.com/lodging/120000000/119610000/119606000/119605923/4f6a8c1e.jpg?impolicy=resizecrop&rw=1200&ra=fit,,4752571,37.208317,-113.188278,=AVERAGE($G$2:$G$280),=AVERAGE($D$2:$D$280),"=IFERROR(($AT256-G256)/$AT256,0)","=IFERROR(($AU256-D256)/$AU256,0)",=$AU256-D256
Near Zion • Modern Tiny Home • Hiking & MTB Access,,,10027,13995,233.19,54.43,168,1,1,2,true,false,false,true,true,false,false,Home/Apartment,House,House/villa,4.9,0,1,6-20,Luxury,false,75,true,43,15,2026-05-17,St. George,Springdale,Hurricane,Utah,84737,United States,mountains_lakes,https://www.vrbo.com/2638704,https://media.vrbo.com/lodging/75000000/74810000/74803500/74803405/d6a7606c.jpg?impolicy=resizecrop&rw=1200&ra=fit,,2638704,37.044185,-113.073944,=AVERAGE($G$2:$G$280),=AVERAGE($D$2:$D$280),"=IFERROR(($AT257-G257)/$AT257,0)","=IFERROR(($AU257-D257)/$AU257,0)",=$AU257-D257
The Rocky Mountain Mountain Cabin: Charming 2-bedroom cabin in Apple Valley ,,,9843,10908,328.1,16.39,275,2,1,4,false,false,false,true,false,true,false,Home/Apartment,Cabin,House/villa,0,0,1,1,Luxury,false,247,true,30,10,2026-05-16,St. George,Springdale,Hurricane,Utah,84737,United States,mountains_lakes,https://www.vrbo.com/4076948,https://media.vrbo.com/lodging/107000000/106540000/106531000/106530901/64f2d4ca.jpg?impolicy=resizecrop&rw=1200&ra=fit,,4076948,37.039783,-113.083916,=AVERAGE($G$2:$G$280),=AVERAGE($D$2:$D$280),"=IFERROR(($AT258-G258)/$AT258,0)","=IFERROR(($AU258-D258)/$AU258,0)",=$AU258-D258
Modern private home nestled in the red rock,385439444,,9115,13476,337.59,72.97,226,1,2,4,true,false,false,true,true,false,false,Home/Apartment,Vacation home,House/villa,5,5,6,1,Luxury,false,252,true,27,3,2026-04-04,St. George,Springdale,Springdale,Utah,84767,United States,mountains_lakes,https://www.airbnb.com/rooms/674668427714960327,https://a0.muscache.com/im/pictures/miso/Hosting-674668427714960327/original/bef88490-79fd-4044-8baa-78629f9b739c.jpeg,674668427714960327,,37.1940977776,-112.9992413263,=AVERAGE($G$2:$G$280),=AVERAGE($D$2:$D$280),"=IFERROR(($AT259-G259)/$AT259,0)","=IFERROR(($AU259-D259)/$AU259,0)",=$AU259-D259
Zion Tiny Home • Pet Friendly • Stargazing Deck,,,8516,9192,173.8,32.24,198,2,1,4,true,false,false,true,true,true,false,Home/Apartment,House,House/villa,0,0,1,6-20,Luxury,false,74,true,49,15,2026-05-15,St. George,Springdale,Hurricane,Utah,84737,United States,mountains_lakes,https://www.vrbo.com/2592165,https://media.vrbo.com/lodging/75000000/74080000/74078100/74078042/7ad52834.jpg?impolicy=resizecrop&rw=1200&ra=fit,,2592165,37.040229,-113.078723,=AVERAGE($G$2:$G$280),=AVERAGE($D$2:$D$280),"=IFERROR(($AT260-G260)/$AT260,0)","=IFERROR(($AU260-D260)/$AU260,0)",=$AU260-D260
Under the Eaves at Zion National Park Sandstone Suite for two,,,8326,15247,297.36,96.55,29,1,1,2,true,false,false,true,true,false,false,Home/Apartment,House,House/villa,5,16,1,1,Luxury,false,25,false,28,9,2025-04-01,St. George,Springdale,Springdale,Utah,84767,United States,mountains_lakes,https://www.vrbo.com/1579617,https://media.vrbo.com/lodging/36000000/35140000/35136900/35136862/7325fa54.jpg?impolicy=resizecrop&rw=1200&ra=fit,,1579617,37.188297,-113.001069,=AVERAGE($G$2:$G$280),=AVERAGE($D$2:$D$280),"=IFERROR(($AT261-G261)/$AT261,0)","=IFERROR(($AU261-D261)/$AU261,0)",=$AU261-D261
The Lodge | Romantic Glamping Near Zion National P,562774979,,8036,10679,259.23,29.81,258,1,1,3,true,false,false,true,false,true,false,Home/Apartment,Camper/RV,Unique,0,0,3,2-5,Luxury,false,365,false,31,5,2026-05-17,St. George,Springdale,Springdale,Utah,84767,United States,mountains_lakes,https://www.airbnb.com/rooms/1193034787855811469,https://a0.muscache.com/im/pictures/miso/Hosting-1193034787855811469/original/f7031c16-412e-435a-8246-c3742c252127.jpeg,1193034787855811469,,37.20144,-112.98783,=AVERAGE($G$2:$G$280),=AVERAGE($D$2:$D$280),"=IFERROR(($AT262-G262)/$AT262,0)","=IFERROR(($AU262-D262)/$AU262,0)",=$AU262-D262
Petty Ranch Inn | King Luxury Spa Room,657977265,,7725,8572,309,16.45,315,1,1,2,true,false,false,false,true,false,false,Home/Apartment,Apartment,Apt/Condo/Loft,4.5,2,1,6-20,Luxury,true,2,true,25,13,2026-05-15,St. George,Springdale,Springdale,Utah,84767,United States,mountains_lakes,https://www.airbnb.com/rooms/1427779067165920186,https://a0.muscache.com/im/pictures/hosting/Hosting-1427779067165920186/original/f292f48c-7ff7-4b55-9f8e-5f6a7d3b6099.jpeg,1427779067165920186,,37.1884408391,-112.9981040416,=AVERAGE($G$2:$G$280),=AVERAGE($D$2:$D$280),"=IFERROR(($AT263-G263)/$AT263,0)","=IFERROR(($AU263-D263)/$AU263,0)",=$AU263-D263
King Solomon,Glamping Hub International,,7301,8070,1043,9.21,161,2,1,6,true,false,false,true,false,false,false,Home/Apartment,House,House/villa,0,0,1,21+,Luxury,false,0,false,7,3,2026-05-16,St. George,Springdale,Virgin,Utah,84779,United States,mountains_lakes,https://www.vrbo.com/4898900,https://media.vrbo.com/lodging/122000000/121750000/121745800/121745779/4264efe1.jpg?impolicy=resizecrop&rw=1200&ra=fit,,4898900,37.23655,-113.15205,=AVERAGE($G$2:$G$280),=AVERAGE($D$2:$D$280),"=IFERROR(($AT264-G264)/$AT264,0)","=IFERROR(($AU264-D264)/$AU264,0)",=$AU264-D264
Cabin on Virgin river on 4 acres,13062792,,6327,7731,333,41.3,361,3,2,7,true,false,false,true,true,false,false,Home/Apartment,Cabin,House/villa,4.7,154,3,2-5,Luxury,false,145,true,19,1,2026-05-13,St. George,Springdale,Virgin,Utah,84779,United States,mountains_lakes,https://www.airbnb.com/rooms/2551505,https://a0.muscache.com/im/pictures/33677145/395e2ed2_original.jpg,2551505,,37.19437,-113.15757,=AVERAGE($G$2:$G$280),=AVERAGE($D$2:$D$280),"=IFERROR(($AT265-G265)/$AT265,0)","=IFERROR(($AU265-D265)/$AU265,0)",=$AU265-D265
Petty Ranch Inn - Double Queen,657977265,,5838,7904,278,50,258,1,1,4,true,false,false,false,true,false,true,Home/Apartment,Apartment,Apt/Condo/Loft,4.8,5,1,6-20,Luxury,true,0,true,21,13,2026-05-15,St. George,Springdale,Springdale,Utah,84767,United States,mountains_lakes,https://www.airbnb.com/rooms/1427804066025678634,https://a0.muscache.com/im/pictures/hosting/Hosting-1427804066025678634/original/044cb537-3262-4453-9db0-a479599e690e.jpeg,1427804066025678634,,37.1895,-112.9978,=AVERAGE($G$2:$G$280),=AVERAGE($D$2:$D$280),"=IFERROR(($AT266-G266)/$AT266,0)","=IFERROR(($AU266-D266)/$AU266,0)",=$AU266-D266
Glamping Tent Near Zion National Park - 2 Beds,149829205,,5758,6038,221.46,9.12,355,1,5,4,true,false,false,false,true,true,false,Private Room,Tent,Unique,4.85,141,1,21+,Luxury,true,0,true,26,25,2026-05-13,St. George,Springdale,Hildale,Utah,84784,United States,mountains_lakes,https://www.airbnb.com/rooms/20870109,https://a0.muscache.com/im/pictures/hosting/Hosting-20870109/original/cc274a82-19a6-40f7-8d3f-4977575775b4.png,20870109,4883497ha,37.0176,-112.9582,=AVERAGE($G$2:$G$280),=AVERAGE($D$2:$D$280),"=IFERROR(($AT267-G267)/$AT267,0)","=IFERROR(($AU267-D267)/$AU267,0)",=$AU267-D267
"Romantic Getaway Tent on Glamping Site near Canaan Mountain Wilderness Area, Utah",Glamping Hub International,,5232,5644,261.6,27.03,146,1,1,2,false,false,false,true,false,true,false,Home/Apartment,House,House/villa,0,0,1,21+,Luxury,false,0,false,20,17,2026-05-15,St. George,Springdale,Hildale,Utah,84784,United States,mountains_lakes,https://www.vrbo.com/4984374,https://media.vrbo.com/lodging/124000000/123530000/123523600/123523520/36ab879c.jpg?impolicy=resizecrop&rw=1200&ra=fit,,4984374,37.01763,-112.95823,=AVERAGE($G$2:$G$280),=AVERAGE($D$2:$D$280),"=IFERROR(($AT268-G268)/$AT268,0)","=IFERROR(($AU268-D268)/$AU268,0)",=$AU268-D268
Petty Ranch Inn | Luxury Double Queen,657977265,,5017,7193,313.56,35.56,254,1,1,4,true,false,false,false,true,false,true,Home/Apartment,Apartment,Apt/Condo/Loft,4.8,17,1,6-20,Luxury,true,0,true,16,13,2026-05-11,St. George,Springdale,Springdale,Utah,84767,United States,mountains_lakes,https://www.airbnb.com/rooms/1427785083361284536,https://a0.muscache.com/im/pictures/hosting/Hosting-1427785083361284536/original/aef98456-2284-4ca9-913d-1bd1a9a46cad.jpeg,1427785083361284536,,37.1895,-112.9978,=AVERAGE($G$2:$G$280),=AVERAGE($D$2:$D$280),"=IFERROR(($AT269-G269)/$AT269,0)","=IFERROR(($AU269-D269)/$AU269,0)",=$AU269-D269
Large home on 1 acre,694071652,,3136,4105,448,8.64,330,3,3,16,true,true,true,true,true,true,false,Home/Apartment,House,House/villa,0,0,1,2-5,Luxury,true,196,false,7,3,2026-05-15,St. George,Springdale,Hildale,Utah,84784,United States,mountains_lakes,https://www.airbnb.com/rooms/1442028209909833158,https://a0.muscache.com/im/pictures/hosting/Hosting-1442028209909833158/original/5c9ad097-78d8-41d6-82ed-a290d504992d.jpeg,1442028209909833158,,37.0014608054,-112.980298493,=AVERAGE($G$2:$G$280),=AVERAGE($D$2:$D$280),"=IFERROR(($AT270-G270)/$AT270,0)","=IFERROR(($AU270-D270)/$AU270,0)",=$AU270-D270
The Winchester Cabin,208329405,,2406,14524,343.71,24.14,36,3,2,8,true,false,false,true,true,false,false,Home/Apartment,Farm stay,Unique,0,0,1,2-5,Luxury,true,0,true,7,4,2026-05-16,St. George,Springdale,Hurricane,Utah,84737,United States,mountains_lakes,https://www.airbnb.com/rooms/1546468414055940552,https://a0.muscache.com/im/pictures/hosting/Hosting-1546468414055940552/original/dbd0e3e5-5eef-43e6-93a7-7a47c5119d33.jpeg,1546468414055940552,5218203,37.0421,-113.0839,=AVERAGE($G$2:$G$280),=AVERAGE($D$2:$D$280),"=IFERROR(($AT271-G271)/$AT271,0)","=IFERROR(($AU271-D271)/$AU271,0)",=$AU271-D271
Retreat at Zion,,,1645,1688,411.25,6.9,91,1,2,6,true,false,false,true,true,false,false,Home/Apartment,Condominium (condo),Apt/Condo/Loft,5,3,3,1,Luxury,false,225,false,4,2,2026-01-01,St. George,Springdale,Springdale,Utah,84767,United States,mountains_lakes,https://www.vrbo.com/3017296,https://media.vrbo.com/lodging/88000000/87280000/87270100/87270046/55c8765f.jpg?impolicy=resizecrop&rw=1200&ra=fit,,3017296,37.194656,-112.999504,=AVERAGE($G$2:$G$280),=AVERAGE($D$2:$D$280),"=IFERROR(($AT272-G272)/$AT272,0)","=IFERROR(($AU272-D272)/$AU272,0)",=$AU272-D272
Magical Tiny House with a Hot Tub for Zion National Park Getaways,Glamping Hub International,,1216,1469,608,8.33,87,1,1,2,true,false,false,true,false,false,false,Home/Apartment,Cabin,House/villa,0,0,1,21+,Luxury,false,0,false,2,1,2026-05-16,St. George,Springdale,Virgin,Utah,84779,United States,mountains_lakes,https://www.vrbo.com/4898898,https://media.vrbo.com/lodging/122000000/121750000/121745800/121745774/dff543ea.jpg?impolicy=resizecrop&rw=1200&ra=fit,,4898898,37.23655,-113.15205,=AVERAGE($G$2:$G$280),=AVERAGE($D$2:$D$280),"=IFERROR(($AT273-G273)/$AT273,0)","=IFERROR(($AU273-D273)/$AU273,0)",=$AU273-D273
Virgin River Oasis - Located minutes from Zion NP,,,1019,11186,509.5,50,82,2,1,4,false,false,false,true,false,false,false,Home/Apartment,Apartment,Apt/Condo/Loft,4.9,0,1,1,Luxury,false,105,false,2,1,2026-05-17,St. George,Springdale,Virgin,Utah,84779,United States,mountains_lakes,https://www.vrbo.com/3657655,https://media.vrbo.com/lodging/100000000/99700000/99694800/99694744/2b4039cf.jpg?impolicy=resizecrop&rw=1200&ra=fit,,3657655,37.201557,-113.204801,=AVERAGE($G$2:$G$280),=AVERAGE($D$2:$D$280),"=IFERROR(($AT274-G274)/$AT274,0)","=IFERROR(($AU274-D274)/$AU274,0)",=$AU274-D274
Petty Ranch Inn - Zion National Park Suite,657977265,,946,946,236.5,7.02,92,1,1,2,true,false,false,false,true,false,true,Home/Apartment,Apartment,Apt/Condo/Loft,1,1,1,6-20,Luxury,false,0,true,4,2,2025-09-03,St. George,Springdale,Springdale,Utah,84767,United States,mountains_lakes,https://www.airbnb.com/rooms/1427808768918127487,https://a0.muscache.com/im/pictures/miso/Hosting-1427789870018015386/original/a99b7a85-b4f4-4c97-928a-6dfaee7a86c8.jpeg,1427808768918127487,,37.1888025732,-112.9988406388,=AVERAGE($G$2:$G$280),=AVERAGE($D$2:$D$280),"=IFERROR(($AT275-G275)/$AT275,0)","=IFERROR(($AU275-D275)/$AU275,0)",=$AU275-D275
Zion's Most Wanted Suite,241280394,,0,0,0,0,365,2,1,6,true,false,false,false,true,false,false,Private Room,Bed & Breakfast,B&B,4.35,3,1,2-5,Luxury,false,0,false,0,0,2026-05-14,St. George,Springdale,Hildale,Utah,84784,United States,mountains_lakes,https://www.airbnb.com/rooms/32162702,https://a0.muscache.com/im/pictures/e75cc139-cf87-4843-af62-1a5f2e0551c2.jpg,32162702,,37.00407,-112.96757,=AVERAGE($G$2:$G$280),=AVERAGE($D$2:$D$280),"=IFERROR(($AT276-G276)/$AT276,0)","=IFERROR(($AU276-D276)/$AU276,0)",=$AU276-D276
LaFave South: Bridge Mountain,LaFave: Luxury Rentals At Zion,,0,4983,0,0,2,3,2,8,true,false,false,true,true,false,true,Home/Apartment,House,House/villa,4.8,58,2,21+,Luxury,true,229,true,0,0,2026-05-11,St. George,Springdale,Springdale,Utah,84767,United States,mountains_lakes,https://www.airbnb.com/rooms/34837281,https://a0.muscache.com/im/pictures/7e88ecff-1f9c-4fc5-a863-8523b2e9f475.jpg,34837281,1662997,37.18305,-113.0023,=AVERAGE($G$2:$G$280),=AVERAGE($D$2:$D$280),"=IFERROR(($AT277-G277)/$AT277,0)","=IFERROR(($AU277-D277)/$AU277,0)",=$AU277-D277
Spacious 3 Bedroom 2.5 bath in Lodge at Zion NP,KRD Canyon Vista LLC,,0,24089,0,0,2,3,2,6,true,false,true,true,true,false,false,Home/Apartment,House,House/villa,4.15,6,2,2-5,Luxury,true,120,true,0,0,2026-05-15,St. George,Springdale,Springdale,Utah,84767,United States,mountains_lakes,https://www.airbnb.com/rooms/40895805,https://a0.muscache.com/im/pictures/prohost-api/Hosting-40895805/original/698a8f83-5ac9-4132-b936-82212cd2455e.jpeg,40895805,,37.1690859254,-113.0128714443,=AVERAGE($G$2:$G$280),=AVERAGE($D$2:$D$280),"=IFERROR(($AT278-G278)/$AT278,0)","=IFERROR(($AU278-D278)/$AU278,0)",=$AU278-D278
An artists  2 bedroom  riverside home & art studio,262414122,,0,0,0,0,365,2,2,4,false,false,false,true,false,false,false,Home/Apartment,House,House/villa,0,0,30,1,Luxury,false,0,true,0,0,2026-05-15,St. George,Springdale,Rockville,Utah,84763,United States,mountains_lakes,https://www.airbnb.com/rooms/573261520294043933,https://a0.muscache.com/im/pictures/miso/Hosting-573261520294043933/original/f2c2c693-a4c8-4683-9663-c5d66ca2461c.jpeg,573261520294043933,,37.15693,-113.04671,=AVERAGE($G$2:$G$280),=AVERAGE($D$2:$D$280),"=IFERROR(($AT279-G279)/$AT279,0)","=IFERROR(($AU279-D279)/$AU279,0)",=$AU279-D279
"New Cabins in Springdale, Utah. 1/2 mile to the entrance of Zion National Park! ",,,0,16206,0,0,5,1,1,4,true,false,false,true,false,false,true,Home/Apartment,Cabin,House/villa,4.9,14,10,1,Luxury,false,30,true,0,0,2026-04-02,St. George,Springdale,Springdale,Utah,84767,United States,mountains_lakes,https://www.vrbo.com/3479035,https://media.vrbo.com/lodging/96000000/95680000/95677200/95677114/22335f34.jpg?impolicy=resizecrop&rw=1200&ra=fit,,3479035,37.19134,-112.99026,=AVERAGE($G$2:$G$280),=AVERAGE($D$2:$D$280),"=IFERROR(($AT280-G280)/$AT280,0)","=IFERROR(($AU280-D280)/$AU280,0)",=$AU280-D280
