Title,Property Manager/Host,Contact,Revenue,Revenue Potential,ADR,Occupancy,Days Available,Bedrooms,Bathrooms,Accommodates,Has Air Conditioning,Has Gym,Has Hot Tub,Has Kitchen,Has Parking,Has Pets,Has Pool,Listing Type,Property Type,Real Estate Type,Overall Rating,Number of Reviews,Minimum Stay,Host Unit Count,Price Tier,Airbnb Superhost,Cleaning Fee,Instant Book,Reserved Days,Number of Bookings,Last Update,AirDNA Market,AirDNA Subarket,City,State,Zipcode,Country,Location Type,Listing URL,Main Listing Image,Airbnb Property ID,Vrbo Property ID,Latitude,Longitude,Market Average Occupancy,Market Average Revenue,Occupancy Gap,Revenue % Gap,Revenue $ Gap
"Steps from Slopes, Award Winning Modern Luxury!",Summit Luxury Estates,,838142,897806,7619.47,46.81,333,5,5,14,false,false,true,true,true,false,false,Home/Apartment,House,House/villa,4.9,96,1,21+,Luxury,true,4832,true,110,21,2026-05-16,Frisco/Silverthorne,Frisco,Frisco,Colorado,80443,United States,mountains_lakes,https://www.airbnb.com/rooms/592862494276217958,https://a0.muscache.com/im/pictures/prohost-api/Hosting-592862494276217958/original/4ef61417-4ced-4463-8aac-4be36bbbcda8.jpeg,592862494276217958,2732999,39.4984,-106.1767,=AVERAGE($G$2:$G$501),=AVERAGE($D$2:$D$501),"=IFERROR(($AT2-G2)/$AT2,0)","=IFERROR(($AU2-D2)/$AU2,0)",=$AU2-D2
"Snow Maker Manor: Pet-Friendly, True Ski-in/Out, H",River Ridge Rentals,,430829,538617,3682.3,48.75,282,7,7,16,false,false,true,true,true,false,false,Home/Apartment,House,House/villa,4.9,120,2,21+,Luxury,true,1723,true,117,23,2026-05-13,Frisco/Silverthorne,Frisco,Frisco,Colorado,80443,United States,mountains_lakes,https://www.airbnb.com/rooms/37114520,https://a0.muscache.com/im/pictures/prohost-api/Hosting-37114520/original/14643753-54dd-46e8-96c6-a76d29e18ab9.jpeg,37114520,7863719ha,39.49904,-106.17029,=AVERAGE($G$2:$G$501),=AVERAGE($D$2:$D$501),"=IFERROR(($AT3-G3)/$AT3,0)","=IFERROR(($AU3-D3)/$AU3,0)",=$AU3-D3
"Grand Timbers – Largest Home in Copper, Ski-In/Out",153911362,,418936,495825,2909.28,51.8,301,11,11,16,false,false,true,true,true,false,false,Home/Apartment,House,House/villa,5,30,3,6-20,Luxury,false,1000,true,144,30,2026-05-16,Frisco/Silverthorne,Frisco,Frisco,Colorado,80443,United States,mountains_lakes,https://www.airbnb.com/rooms/1373965059648423617,https://a0.muscache.com/im/pictures/miso/Hosting-1373965059648423617/original/8b5d85af-b3c8-4ccb-af04-e6116f6f1c5d.jpeg,1373965059648423617,3924865,39.4997471852,-106.1682497496,=AVERAGE($G$2:$G$501),=AVERAGE($D$2:$D$501),"=IFERROR(($AT4-G4)/$AT4,0)","=IFERROR(($AU4-D4)/$AU4,0)",=$AU4-D4
"Summit Grove Lodge | Ski in/out, Hot Tub + Theater",153911362,,416496,456585,2795.28,55.6,313,8,8,16,false,false,true,true,true,false,false,Home/Apartment,House,House/villa,5,28,3,6-20,Luxury,false,950,true,149,32,2026-05-16,Frisco/Silverthorne,Frisco,Frisco,Colorado,80443,United States,mountains_lakes,https://www.airbnb.com/rooms/1373957149123364574,https://a0.muscache.com/im/pictures/miso/Hosting-1373957149123364574/original/d38ffaa4-f99a-47fd-b92b-33f95e27f1f8.jpeg,1373957149123364574,2808785,39.4983429138,-106.1669592623,=AVERAGE($G$2:$G$501),=AVERAGE($D$2:$D$501),"=IFERROR(($AT5-G5)/$AT5,0)","=IFERROR(($AU5-D5)/$AU5,0)",=$AU5-D5
Altitude Adjustment | True Copper Mountain Luxury,153911362,,404210,447586,2846.55,49.48,327,7,8,16,false,false,true,true,true,false,false,Home/Apartment,House,House/villa,5,64,3,6-20,Luxury,false,949,false,142,28,2026-05-16,Frisco/Silverthorne,Frisco,Frisco,Colorado,80443,United States,mountains_lakes,https://www.airbnb.com/rooms/33492793,https://a0.muscache.com/im/pictures/hosting/Hosting-33492793/original/08dd5cf5-66cb-47f7-8082-9f6ac5450792.jpeg,33492793,1718907,39.4978269843,-106.1756634222,=AVERAGE($G$2:$G$501),=AVERAGE($D$2:$D$501),"=IFERROR(($AT6-G6)/$AT6,0)","=IFERROR(($AU6-D6)/$AU6,0)",=$AU6-D6
Heavens Gate| Ski in/out & Hot Tub | Silvercrest,153911362,,370657,473501,3013.47,44.89,293,8,9,16,false,false,true,true,true,false,false,Home/Apartment,House,House/villa,5,21,3,6-20,Luxury,false,949,true,123,25,2026-05-17,Frisco/Silverthorne,Frisco,Frisco,Colorado,80443,United States,mountains_lakes,https://www.airbnb.com/rooms/1373909743836613038,https://a0.muscache.com/im/pictures/miso/Hosting-1373909743836613038/original/1511276b-7d97-4446-a0e6-68c84a93f406.jpeg,1373909743836613038,4213307,39.5002909132,-106.1682574607,=AVERAGE($G$2:$G$501),=AVERAGE($D$2:$D$501),"=IFERROR(($AT7-G7)/$AT7,0)","=IFERROR(($AU7-D7)/$AU7,0)",=$AU7-D7
"Skibakken Chalet: Ski-in/out, Panoramic Deck Views",River Ridge Rentals,,322825,647562,3797.94,59.44,195,5,7,12,false,true,true,true,true,true,false,Home/Apartment,House,House/villa,5,10,1,21+,Luxury,true,1392,true,85,14,2026-05-16,Frisco/Silverthorne,Frisco,Frisco,Colorado,80443,United States,mountains_lakes,https://www.airbnb.com/rooms/1258822383529413128,https://a0.muscache.com/im/pictures/prohost-api/Hosting-1258822383529413128/original/0dd8f68d-7b53-4d37-9c24-f1a24cc98f28.jpeg,1258822383529413128,20054740ha,39.4962531622,-106.1421291724,=AVERAGE($G$2:$G$501),=AVERAGE($D$2:$D$501),"=IFERROR(($AT8-G8)/$AT8,0)","=IFERROR(($AU8-D8)/$AU8,0)",=$AU8-D8
"MS316G - Condo 1 Bed plus loft, Updated Top Floor",Bighorn Rentals of Summit County,,310124,316510,5002,100,218,1,1,6,false,false,true,true,true,false,true,Home/Apartment,Condominium (condo),Apt/Condo/Loft,4.65,27,5,21+,Luxury,true,195,true,62,1,2025-11-21,Frisco/Silverthorne,Frisco,Frisco,Colorado,80443,United States,mountains_lakes,https://www.airbnb.com/rooms/24989731,https://a0.muscache.com/im/pictures/prohost-api/Hosting-24989731/original/29f33722-ee2c-47db-8df9-542bc1868499.jpeg,24989731,1383319,39.5689468118,-106.0957846066,=AVERAGE($G$2:$G$501),=AVERAGE($D$2:$D$501),"=IFERROR(($AT9-G9)/$AT9,0)","=IFERROR(($AU9-D9)/$AU9,0)",=$AU9-D9
Lumber Jack Lodge: Spacious Ski-In/Out Home w/ Hot,River Ridge Rentals,,301764,502344,3079.22,49.49,264,7,7,16,false,false,true,true,true,false,false,Home/Apartment,House,House/villa,4.6,125,2,21+,Luxury,true,1244,true,98,18,2026-05-17,Frisco/Silverthorne,Frisco,Frisco,Colorado,80443,United States,mountains_lakes,https://www.airbnb.com/rooms/24984189,https://a0.muscache.com/im/pictures/prohost-api/Hosting-24984189/original/4ba35df6-2d2a-4223-9e7a-3a9a132d617d.jpeg,24984189,170415ha,39.49739,-106.17363,=AVERAGE($G$2:$G$501),=AVERAGE($D$2:$D$501),"=IFERROR(($AT10-G10)/$AT10,0)","=IFERROR(($AU10-D10)/$AU10,0)",=$AU10-D10
True Ski-In/Out Custom Home - Pinnacle Lodge,153911362,,293592,309391,2669.02,46.41,318,6,7,16,false,false,true,true,true,false,false,Home/Apartment,House,House/villa,5,73,3,6-20,Luxury,false,949,true,110,24,2026-05-14,Frisco/Silverthorne,Frisco,Frisco,Colorado,80443,United States,mountains_lakes,https://www.airbnb.com/rooms/1373953862181546318,https://a0.muscache.com/im/pictures/prohost-api/Hosting-1373953862181546318/original/6c8d8a3a-8054-4802-a4f5-5b170b70ec4f.jpeg,1373953862181546318,310703,39.4997720322,-106.1693909797,=AVERAGE($G$2:$G$501),=AVERAGE($D$2:$D$501),"=IFERROR(($AT11-G11)/$AT11,0)","=IFERROR(($AU11-D11)/$AU11,0)",=$AU11-D11
Incredible Executive Private Home!,SkyRun Vacation Rentals,,243162,255372,2532.94,36.78,341,5,5,16,false,true,true,true,true,false,false,Home/Apartment,House,House/villa,4.9,84,3,21+,Luxury,true,1470,false,96,28,2026-05-11,Frisco/Silverthorne,Frisco,Frisco,Colorado,80443,United States,mountains_lakes,https://www.airbnb.com/rooms/16664977,https://a0.muscache.com/im/pictures/prohost-api/Hosting-16664977/original/8256791f-60bf-4821-98e8-3602beb7d2c6.jpeg,16664977,1031388,39.4989,-106.1736,=AVERAGE($G$2:$G$501),=AVERAGE($D$2:$D$501),"=IFERROR(($AT12-G12)/$AT12,0)","=IFERROR(($AU12-D12)/$AU12,0)",=$AU12-D12
The Timber Lodge at Copper Mountain,SkyRun Vacation Rentals,,234997,314503,2732.52,43,281,7,6,16,false,true,true,true,true,false,false,Home/Apartment,House,House/villa,5,17,3,21+,Luxury,true,1050,true,86,21,2026-05-16,Frisco/Silverthorne,Frisco,Frisco,Colorado,80443,United States,mountains_lakes,https://www.airbnb.com/rooms/623491022742275438,https://a0.muscache.com/im/pictures/prohost-api/Hosting-623491022742275438/original/5f17dca6-a8e8-40a4-92d2-dcb78708c5b9.jpeg,623491022742275438,2799063,39.4995,-106.1747,=AVERAGE($G$2:$G$501),=AVERAGE($D$2:$D$501),"=IFERROR(($AT13-G13)/$AT13,0)","=IFERROR(($AU13-D13)/$AU13,0)",=$AU13-D13
Lodge @ Lewis Ranch True Ski In/Out - Green Access,153911362,,234968,290846,2900.84,37.16,308,7,7,16,false,false,true,true,true,false,false,Home/Apartment,House,House/villa,5,26,3,6-20,Luxury,false,798,true,81,20,2026-05-14,Frisco/Silverthorne,Frisco,Frisco,Colorado,80443,United States,mountains_lakes,https://www.airbnb.com/rooms/1373949674401270390,https://a0.muscache.com/im/pictures/hosting/Hosting-1373949674401270390/original/af3d9de1-d1d9-4bf0-9cf2-94e4ed116182.jpeg,1373949674401270390,2280235,39.50002,-106.16752,=AVERAGE($G$2:$G$501),=AVERAGE($D$2:$D$501),"=IFERROR(($AT14-G14)/$AT14,0)","=IFERROR(($AU14-D14)/$AU14,0)",=$AU14-D14
Slope Side Luxury Mountain Home,153911362,,212329,289446,2188.96,41.81,267,7,5,16,false,false,true,true,true,false,false,Home/Apartment,House,House/villa,4.9,76,3,6-20,Luxury,false,948,false,97,23,2026-05-13,Frisco/Silverthorne,Frisco,Frisco,Colorado,80443,United States,mountains_lakes,https://www.airbnb.com/rooms/33510174,https://a0.muscache.com/im/pictures/hosting/Hosting-33510174/original/9a9b6eb5-1257-40ea-8e4a-74aa3e7ea28f.jpeg,33510174,1426610,39.4998,-106.167,=AVERAGE($G$2:$G$501),=AVERAGE($D$2:$D$501),"=IFERROR(($AT15-G15)/$AT15,0)","=IFERROR(($AU15-D15)/$AU15,0)",=$AU15-D15
TRUE SKI-IN/SKI-OUT; ELEVATOR; 6BR; HOT TUB; SKI ROOM; GAME ROOM; MEDIA ROOM,,,204990,299143,3867.74,40.46,327,6,9,24,false,false,true,true,true,false,false,Home/Apartment,House,House/villa,5,90,5,1,Luxury,false,750,false,53,7,2026-05-16,Frisco/Silverthorne,Frisco,Frisco,Colorado,80443,United States,mountains_lakes,https://www.vrbo.com/256890,https://media.vrbo.com/lodging/34000000/33980000/33979000/33978960/58a14ce6.jpg?impolicy=resizecrop&rw=1200&ra=fit,,256890,39.499478,-106.167458,=AVERAGE($G$2:$G$501),=AVERAGE($D$2:$D$501),"=IFERROR(($AT16-G16)/$AT16,0)","=IFERROR(($AU16-D16)/$AU16,0)",=$AU16-D16
Award Winning True Ski in-Ski Out Masterpiece,Summit Mountain Properties,,204905,207664,2112.42,35.27,336,4,4,12,false,false,true,true,true,false,false,Home/Apartment,House,House/villa,4.85,88,4,21+,Luxury,true,559,true,97,27,2026-05-13,Frisco/Silverthorne,Frisco,Frisco,Colorado,80443,United States,mountains_lakes,https://www.airbnb.com/rooms/30063865,https://a0.muscache.com/im/pictures/prohost-api/Hosting-30063865/original/24f1a4e8-e2b4-47f3-a7c0-94b4c92bcbfa.jpeg,30063865,361834,39.5021,-106.151,=AVERAGE($G$2:$G$501),=AVERAGE($D$2:$D$501),"=IFERROR(($AT17-G17)/$AT17,0)","=IFERROR(($AU17-D17)/$AU17,0)",=$AU17-D17
"Huge Ski-in/ski-out Condo! Dog Friendly, Great For",SkyRun Vacation Rentals,,202338,226441,2129.87,44.19,286,7,4,16,false,true,false,true,true,true,false,Home/Apartment,Condominium (condo),Apt/Condo/Loft,4.2,37,3,21+,Luxury,true,928,true,95,25,2026-05-13,Frisco/Silverthorne,Frisco,Frisco,Colorado,80443,United States,mountains_lakes,https://www.airbnb.com/rooms/16664395,https://a0.muscache.com/im/pictures/prohost-api/Hosting-16664395/original/e6e4963d-472a-4ee6-bcdb-e36357c6f9f0.jpeg,16664395,49154,39.4995,-106.1538,=AVERAGE($G$2:$G$501),=AVERAGE($D$2:$D$501),"=IFERROR(($AT18-G18)/$AT18,0)","=IFERROR(($AU18-D18)/$AU18,0)",=$AU18-D18
Roof Top Deck•Sunroom•Hot Tub•Yard•$0 Cleaning Fee,HFTH,,182619,217103,716.15,81.99,311,3,2,10,false,false,true,true,true,true,false,Home/Apartment,House,House/villa,5,470,1,21+,Luxury,true,282,false,255,86,2026-05-17,Frisco/Silverthorne,Frisco,Frisco,Colorado,80443,United States,mountains_lakes,https://www.airbnb.com/rooms/21467740,https://a0.muscache.com/im/pictures/prohost-api/Hosting-21467740/original/bf9ea81a-2819-4093-b3ca-670e3cf76da8.jpeg,21467740,1200126,39.5725,-106.0926,=AVERAGE($G$2:$G$501),=AVERAGE($D$2:$D$501),"=IFERROR(($AT19-G19)/$AT19,0)","=IFERROR(($AU19-D19)/$AU19,0)",=$AU19-D19
Ski In/Out 8BR Center Village Pet Friendly,SkyRun Vacation Rentals,,176179,262945,2986.08,44.03,240,8,5,16,false,true,false,true,true,true,false,Home/Apartment,Condominium (condo),Apt/Condo/Loft,3.55,8,3,21+,Luxury,true,931,true,59,15,2026-05-13,Frisco/Silverthorne,Frisco,Frisco,Colorado,80443,United States,mountains_lakes,https://www.airbnb.com/rooms/17113658,https://a0.muscache.com/im/pictures/prohost-api/Hosting-17113658/original/eb270fbd-f0bc-4788-94eb-6e780f5c4754.jpeg,17113658,2080322,39.4996,-106.1539,=AVERAGE($G$2:$G$501),=AVERAGE($D$2:$D$501),"=IFERROR(($AT20-G20)/$AT20,0)","=IFERROR(($AU20-D20)/$AU20,0)",=$AU20-D20
"Bee Line Escape: Ski-in/out, Golf, Private Hot Tub",River Ridge Rentals,,170154,226622,2238.87,42.46,254,6,6,16,false,true,true,true,true,false,false,Home/Apartment,House,House/villa,4.9,25,1,21+,Luxury,true,1006,true,76,17,2026-05-11,Frisco/Silverthorne,Frisco,Frisco,Colorado,80443,United States,mountains_lakes,https://www.airbnb.com/rooms/1279122852064675247,https://a0.muscache.com/im/pictures/prohost-api/Hosting-1279122852064675247/original/25df2655-83a9-4fa1-ae7f-4a7f723675ad.jpeg,1279122852064675247,20057637ha,39.4966568007,-106.1430225479,=AVERAGE($G$2:$G$501),=AVERAGE($D$2:$D$501),"=IFERROR(($AT21-G21)/$AT21,0)","=IFERROR(($AU21-D21)/$AU21,0)",=$AU21-D21
Mountain Chalet Right Next To The Lift! 39B,SkyRun Vacation Rentals,,168090,190022,2367.46,56.8,282,4,4,12,false,true,true,true,true,false,false,Home/Apartment,Townhouse,Apt/Condo/Loft,4.95,44,3,21+,Luxury,true,608,true,71,17,2026-05-13,Frisco/Silverthorne,Frisco,Frisco,Colorado,80443,United States,mountains_lakes,https://www.airbnb.com/rooms/16676507,https://a0.muscache.com/im/pictures/prohost-api/Hosting-16676507/original/bbc796d2-8f7f-4c24-aa63-72334f2a93b5.jpeg,16676507,958889,39.5,-106.1622,=AVERAGE($G$2:$G$501),=AVERAGE($D$2:$D$501),"=IFERROR(($AT22-G22)/$AT22,0)","=IFERROR(($AU22-D22)/$AU22,0)",=$AU22-D22
Amazing Executive Home with hot tub Ski In/out 884,SkyRun Vacation Rentals,,166208,170199,2002.51,42.56,337,4,5,10,false,true,true,true,true,true,false,Home/Apartment,House,House/villa,4.9,68,3,21+,Luxury,true,700,true,83,17,2026-05-16,Frisco/Silverthorne,Frisco,Frisco,Colorado,80443,United States,mountains_lakes,https://www.airbnb.com/rooms/39733812,https://a0.muscache.com/im/pictures/prohost-api/Hosting-39733812/original/4fe2ae89-2a1b-4927-b687-ef54f5ef2827.jpeg,39733812,1811047,39.4987,-106.1734,=AVERAGE($G$2:$G$501),=AVERAGE($D$2:$D$501),"=IFERROR(($AT23-G23)/$AT23,0)","=IFERROR(($AU23-D23)/$AU23,0)",=$AU23-D23
"Retreat at Lewis Ranch: Walk to Lift, Private Hot",River Ridge Rentals,,163107,176120,1347.99,51.71,340,4,4,14,false,false,true,true,true,false,false,Home/Apartment,House,House/villa,4.6,85,2,21+,Luxury,true,548,true,121,25,2026-05-13,Frisco/Silverthorne,Frisco,Frisco,Colorado,80443,United States,mountains_lakes,https://www.airbnb.com/rooms/24984190,https://a0.muscache.com/im/pictures/prohost-api/Hosting-24984190/original/055abc5d-be60-415a-9846-96852fafc90a.jpeg,24984190,285472ha,39.49837,-106.17303,=AVERAGE($G$2:$G$501),=AVERAGE($D$2:$D$501),"=IFERROR(($AT24-G24)/$AT24,0)","=IFERROR(($AU24-D24)/$AU24,0)",=$AU24-D24
"Mega Mountain Retreat- Space, Views, Walk to Town!",23724674,,159094,175468,855.34,95.88,245,4,5,12,false,false,true,true,true,false,false,Home/Apartment,House,House/villa,5,39,6,21+,Luxury,false,326,true,186,4,2026-05-17,Frisco/Silverthorne,Frisco,Frisco,Colorado,80443,United States,mountains_lakes,https://www.airbnb.com/rooms/38415904,https://a0.muscache.com/im/pictures/b1742a44-0d35-4e21-a2a8-ef18b259030c.jpg,38415904,1818807,39.574,-106.093,=AVERAGE($G$2:$G$501),=AVERAGE($D$2:$D$501),"=IFERROR(($AT25-G25)/$AT25,0)","=IFERROR(($AU25-D25)/$AU25,0)",=$AU25-D25
"Private Hot tub, Luxury Modern Town Home 164B",SkyRun Vacation Rentals,,157859,210741,2077.09,73.08,215,3,2,8,false,true,true,true,true,false,false,Home/Apartment,Townhouse,Apt/Condo/Loft,5,3,3,21+,Luxury,true,565,true,76,4,2026-05-14,Frisco/Silverthorne,Frisco,Frisco,Colorado,80443,United States,mountains_lakes,https://www.airbnb.com/rooms/1053107978263586740,https://a0.muscache.com/im/pictures/prohost-api/Hosting-1053107978263586740/original/cae0da22-1af5-436e-9feb-af1df8bfa2d1.jpeg,1053107978263586740,3775846,39.4999,-106.161,=AVERAGE($G$2:$G$501),=AVERAGE($D$2:$D$501),"=IFERROR(($AT26-G26)/$AT26,0)","=IFERROR(($AU26-D26)/$AU26,0)",=$AU26-D26
"Top floor, expansive views! Ski in/out overlooking Center Village and ski slope!",,,157477,158348,3662.26,20.38,353,2,2,6,false,true,true,true,true,false,true,Home/Apartment,Condominium (condo),Apt/Condo/Loft,5,85,2,1,Luxury,false,175,false,43,10,2026-05-15,Frisco/Silverthorne,Frisco,Frisco,Colorado,80443,United States,mountains_lakes,https://www.vrbo.com/660739,https://media.vrbo.com/lodging/34000000/33490000/33488800/33488748/78f45bb2.jpg?impolicy=resizecrop&rw=1200&ra=fit,,660739,39.500197,-106.156484,=AVERAGE($G$2:$G$501),=AVERAGE($D$2:$D$501),"=IFERROR(($AT27-G27)/$AT27,0)","=IFERROR(($AU27-D27)/$AU27,0)",=$AU27-D27
"Timberline Lodge: True Ski in/Out, Featured on the cover of Denver Life magazine",,,156719,210194,1983.78,40.93,311,5,5,18,false,false,true,true,true,false,false,Home/Apartment,House,House/villa,5,79,3,1,Luxury,false,750,true,79,19,2026-05-16,Frisco/Silverthorne,Frisco,Frisco,Colorado,80443,United States,mountains_lakes,https://www.vrbo.com/254739,https://media.vrbo.com/lodging/34000000/33500000/33492500/33492407/021fdd6b.jpg?impolicy=resizecrop&rw=1200&ra=fit,,254739,39.499329,-106.167865,=AVERAGE($G$2:$G$501),=AVERAGE($D$2:$D$501),"=IFERROR(($AT28-G28)/$AT28,0)","=IFERROR(($AU28-D28)/$AU28,0)",=$AU28-D28
Mill Club 3 Bedroom Condo #411,RedAwning,,155742,238874,1331.13,57.92,288,3,3,8,false,false,false,true,false,false,false,Home/Apartment,Condominium (condo),Apt/Condo/Loft,0,0,1,21+,Luxury,false,196,true,117,24,2026-05-14,Frisco/Silverthorne,Frisco,Frisco,Colorado,80443,United States,mountains_lakes,https://www.airbnb.com/rooms/1404277054689064263,https://a0.muscache.com/im/pictures/prohost-api/Hosting-1404277054689064263/original/510101c3-0a58-482e-8c4f-a63bcf47d25d.jpeg,1404277054689064263,20139367ha,39.5022,-106.151,=AVERAGE($G$2:$G$501),=AVERAGE($D$2:$D$501),"=IFERROR(($AT29-G29)/$AT29,0)","=IFERROR(($AU29-D29)/$AU29,0)",=$AU29-D29
Mountain Plaza 3 Bedroom Condo #521/523 by RedAwning,RedAwning,,153847,182591,1240.7,51.03,283,3,3,10,false,false,false,false,true,false,false,Home/Apartment,Condominium (condo),Apt/Condo/Loft,5,1,1,21+,Luxury,false,197,true,124,35,2026-05-16,Frisco/Silverthorne,Frisco,Frisco,Colorado,80443,United States,mountains_lakes,https://www.vrbo.com/9695752ha,https://media.vrbo.com/lodging/79000000/78800000/78790900/78790826/abbe7e34.jpg?impolicy=resizecrop&rw=1200&ra=fit,,9695752ha,39.502155,-106.151007,=AVERAGE($G$2:$G$501),=AVERAGE($D$2:$D$501),"=IFERROR(($AT30-G30)/$AT30,0)","=IFERROR(($AU30-D30)/$AU30,0)",=$AU30-D30
Mountain Plaza 3 Bedroom Condo #407/409,RedAwning,,153695,186089,1249.55,52.34,284,3,3,10,false,false,false,true,false,true,false,Home/Apartment,Condominium (condo),Apt/Condo/Loft,5,1,1,21+,Luxury,false,195,true,123,29,2026-05-13,Frisco/Silverthorne,Frisco,Frisco,Colorado,80443,United States,mountains_lakes,https://www.airbnb.com/rooms/639248960478241106,https://a0.muscache.com/im/pictures/prohost-api/Hosting-639248960478241106/original/c8276f7e-b69a-4fe0-b2f6-072632e3acb3.jpeg,639248960478241106,,39.5022,-106.151,=AVERAGE($G$2:$G$501),=AVERAGE($D$2:$D$501),"=IFERROR(($AT31-G31)/$AT31,0)","=IFERROR(($AU31-D31)/$AU31,0)",=$AU31-D31
Slope-side Home with Rooftop Hot Tub,SkyRun Vacation Rentals,,142729,153297,2130.28,48.2,199,4,4,16,false,false,true,true,true,false,false,Home/Apartment,House,House/villa,4.85,39,3,21+,Luxury,true,823,true,67,18,2026-05-17,Frisco/Silverthorne,Frisco,Frisco,Colorado,80443,United States,mountains_lakes,https://www.airbnb.com/rooms/16313083,https://a0.muscache.com/im/pictures/prohost-api/Hosting-16313083/original/81b83dfa-58a2-4a62-a859-fc815e030d14.jpeg,16313083,1031387,39.4984,-106.1738,=AVERAGE($G$2:$G$501),=AVERAGE($D$2:$D$501),"=IFERROR(($AT32-G32)/$AT32,0)","=IFERROR(($AU32-D32)/$AU32,0)",=$AU32-D32
New! Union Creek 4 Bedroom Townhome #124a,RedAwning,,141440,154159,1992.11,48.97,167,4,3,9,false,false,false,true,true,false,false,Home/Apartment,Townhouse,Apt/Condo/Loft,5,1,1,21+,Luxury,false,227,true,71,15,2026-05-11,Frisco/Silverthorne,Frisco,Frisco,Colorado,80443,United States,mountains_lakes,https://www.airbnb.com/rooms/1547059462027865901,https://a0.muscache.com/im/pictures/prohost-api/Hosting-1547059462027865901/original/1699fe6e-040e-415e-9403-28a4018a7bb9.jpeg,1547059462027865901,20214274ha,39.5022,-106.151,=AVERAGE($G$2:$G$501),=AVERAGE($D$2:$D$501),"=IFERROR(($AT33-G33)/$AT33,0)","=IFERROR(($AU33-D33)/$AU33,0)",=$AU33-D33
"Warming Hut: True Ski-in/Out, Hot Tub, Video Wall,",River Ridge Rentals,,135526,251902,1831.43,81.32,168,5,5,16,false,false,true,true,true,false,false,Home/Apartment,House,House/villa,5,107,2,21+,Luxury,true,2100,true,74,8,2026-05-17,Frisco/Silverthorne,Frisco,Frisco,Colorado,80443,United States,mountains_lakes,https://www.airbnb.com/rooms/24984193,https://a0.muscache.com/im/pictures/prohost-api/Hosting-24984193/original/a14e0cac-9924-4506-a940-6a491656aeed.jpeg,24984193,3165330ha,39.50025,-106.16715,=AVERAGE($G$2:$G$501),=AVERAGE($D$2:$D$501),"=IFERROR(($AT34-G34)/$AT34,0)","=IFERROR(($AU34-D34)/$AU34,0)",=$AU34-D34
"Luxe Ski-In/Ski-Out Condo, Elevator, boot dryer",142258933,,134749,146692,1247.68,42.52,319,3,3,8,false,false,false,true,true,false,false,Home/Apartment,Condominium (condo),Apt/Condo/Loft,5,42,3,21+,Luxury,true,375,false,108,28,2026-05-11,Frisco/Silverthorne,Frisco,Frisco,Colorado,80443,United States,mountains_lakes,https://www.airbnb.com/rooms/975592897787398772,https://a0.muscache.com/im/pictures/prohost-api/Hosting-975592897787398772/original/0706aee9-fc65-495c-adc0-675bc7821987.jpeg,975592897787398772,9883977ha,39.5001,-106.1549,=AVERAGE($G$2:$G$501),=AVERAGE($D$2:$D$501),"=IFERROR(($AT35-G35)/$AT35,0)","=IFERROR(($AU35-D35)/$AU35,0)",=$AU35-D35
"Best Location! Ski-in/out Copper, HotTub, Sleeps 8",503611050,,131475,143412,801.68,66.4,247,3,2,8,false,false,false,true,true,true,false,Home/Apartment,Condominium (condo),Apt/Condo/Loft,5,209,3,1,Luxury,true,248,false,164,43,2026-05-11,Frisco/Silverthorne,Frisco,Frisco,Colorado,80443,United States,mountains_lakes,https://www.airbnb.com/rooms/838641709684443152,https://a0.muscache.com/im/pictures/hosting/Hosting-838641709684443152/original/ab85ac28-27f4-403c-8f97-e687734973ba.jpeg,838641709684443152,3270329,39.499,-106.146,=AVERAGE($G$2:$G$501),=AVERAGE($D$2:$D$501),"=IFERROR(($AT36-G36)/$AT36,0)","=IFERROR(($AU36-D36)/$AU36,0)",=$AU36-D36
Cache 3 Bedroom Townhome # 2103,RedAwning,,125507,137263,1280.68,51.85,330,3,3,9,false,false,false,true,false,false,false,Home/Apartment,Townhouse,Apt/Condo/Loft,0,0,1,21+,Luxury,false,197,true,98,21,2026-05-14,Frisco/Silverthorne,Frisco,Frisco,Colorado,80443,United States,mountains_lakes,https://www.airbnb.com/rooms/1344846688229266908,https://a0.muscache.com/im/pictures/prohost-api/Hosting-1344846688229266908/original/f70ea8dc-7ecf-43e7-a6b9-49c6a259d012.jpeg,1344846688229266908,20106060ha,39.5022,-106.151,=AVERAGE($G$2:$G$501),=AVERAGE($D$2:$D$501),"=IFERROR(($AT37-G37)/$AT37,0)","=IFERROR(($AU37-D37)/$AU37,0)",=$AU37-D37
Ski In/Out Right By The Lift with Slope side,SkyRun Vacation Rentals,,124042,131026,1265.73,56,326,4,3,12,false,true,true,true,true,false,false,Home/Apartment,Condominium (condo),Apt/Condo/Loft,4.55,82,3,21+,Luxury,true,519,true,98,22,2026-05-13,Frisco/Silverthorne,Frisco,Frisco,Colorado,80443,United States,mountains_lakes,https://www.airbnb.com/rooms/16313112,https://a0.muscache.com/im/pictures/prohost-api/Hosting-16313112/original/f8f09d18-c535-4bdb-aad2-02536167fc8f.jpeg,16313112,317249,39.5009,-106.1465,=AVERAGE($G$2:$G$501),=AVERAGE($D$2:$D$501),"=IFERROR(($AT38-G38)/$AT38,0)","=IFERROR(($AU38-D38)/$AU38,0)",=$AU38-D38
"Chateau Bella Rose - Amazing New TRUE Ski InOut!!  7 Bedrooms, Sleeps 19",,,123461,314734,2165.98,48.72,234,7,8,18,false,false,true,true,true,false,false,Home/Apartment,House,House/villa,5,69,5,1,Luxury,false,745,false,57,9,2026-05-17,Frisco/Silverthorne,Frisco,Frisco,Colorado,80443,United States,mountains_lakes,https://www.vrbo.com/884345,https://media.vrbo.com/lodging/34000000/33500000/33491600/33491511/f8af1ab1.jpg?impolicy=resizecrop&rw=1200&ra=fit,,884345,39.497905,-106.175311,=AVERAGE($G$2:$G$501),=AVERAGE($D$2:$D$501),"=IFERROR(($AT39-G39)/$AT39,0)","=IFERROR(($AU39-D39)/$AU39,0)",=$AU39-D39
"Wonderful Ski Access, Privacy and Views -  5+Bed/5.5 Bath Sleeps 18+",,,122543,172206,2450.86,45.45,338,5,5,18,false,false,true,true,true,false,false,Home/Apartment,House,House/villa,5,59,5,1,Luxury,false,690,false,50,10,2026-05-16,Frisco/Silverthorne,Frisco,Frisco,Colorado,80443,United States,mountains_lakes,https://www.vrbo.com/513037,https://media.vrbo.com/lodging/35000000/34750000/34748300/34748227/803546df.jpg?impolicy=resizecrop&rw=1200&ra=fit,,513037,39.49895,-106.174874,=AVERAGE($G$2:$G$501),=AVERAGE($D$2:$D$501),"=IFERROR(($AT40-G40)/$AT40,0)","=IFERROR(($AU40-D40)/$AU40,0)",=$AU40-D40
"Dreamy Home on River, Mtn Views, steps from town",315285310,,120356,142057,1352.31,38.53,311,4,3,10,false,false,true,true,true,false,false,Home/Apartment,House,House/villa,5,36,4,1,Luxury,false,350,false,89,20,2026-05-13,Frisco/Silverthorne,Frisco,Frisco,Colorado,80443,United States,mountains_lakes,https://www.airbnb.com/rooms/599395028877064236,https://a0.muscache.com/im/pictures/miso/Hosting-599395028877064236/original/d7f3b311-b84e-4b4f-bd5a-bdb647efceab.jpeg,599395028877064236,2806821,39.5788,-106.0965,=AVERAGE($G$2:$G$501),=AVERAGE($D$2:$D$501),"=IFERROR(($AT41-G41)/$AT41,0)","=IFERROR(($AU41-D41)/$AU41,0)",=$AU41-D41
Mountain Plaza 3 Bedroom Condo #521/523,RedAwning,,116646,188578,1202.54,48.99,238,3,3,10,false,false,false,true,true,false,false,Home/Apartment,Condominium (condo),Apt/Condo/Loft,2,1,1,21+,Luxury,false,196,true,97,27,2026-05-11,Frisco/Silverthorne,Frisco,Frisco,Colorado,80443,United States,mountains_lakes,https://www.airbnb.com/rooms/692555268942991401,https://a0.muscache.com/im/pictures/prohost-api/Hosting-692555268942991401/original/a28d986b-4a48-4e30-9ab2-de14137b8db3.jpeg,692555268942991401,9696136ha,39.5022,-106.151,=AVERAGE($G$2:$G$501),=AVERAGE($D$2:$D$501),"=IFERROR(($AT42-G42)/$AT42,0)","=IFERROR(($AU42-D42)/$AU42,0)",=$AU42-D42
Perfectley Placed Platinum Condo. MC204,SkyRun Vacation Rentals,,112638,122804,1340.93,69.42,288,3,3,9,false,true,true,true,true,false,false,Home/Apartment,Condominium (condo),Apt/Condo/Loft,4.9,13,3,21+,Luxury,true,441,true,84,22,2026-05-11,Frisco/Silverthorne,Frisco,Frisco,Colorado,80443,United States,mountains_lakes,https://www.airbnb.com/rooms/16313119,https://a0.muscache.com/im/pictures/prohost-api/Hosting-16313119/original/83587c49-23f7-4aae-9451-8a0abad5e4f2.jpeg,16313119,4223303,39.5007,-106.1568,=AVERAGE($G$2:$G$501),=AVERAGE($D$2:$D$501),"=IFERROR(($AT43-G43)/$AT43,0)","=IFERROR(($AU43-D43)/$AU43,0)",=$AU43-D43
"Spacious, Slope Side, Multi Level Townhome ER9",SkyRun Vacation Rentals,,112181,133016,1304.43,47.25,286,4,5,11,false,true,false,true,true,false,false,Home/Apartment,Townhouse,Apt/Condo/Loft,4.25,8,3,21+,Luxury,true,608,true,86,22,2026-05-11,Frisco/Silverthorne,Frisco,Frisco,Colorado,80443,United States,mountains_lakes,https://www.airbnb.com/rooms/1166575943218013499,https://a0.muscache.com/im/pictures/prohost-api/Hosting-1166575943218013499/original/c984c171-a473-4035-b69b-1b37d5122695.jpeg,1166575943218013499,4023874,39.4995,-106.1484,=AVERAGE($G$2:$G$501),=AVERAGE($D$2:$D$501),"=IFERROR(($AT44-G44)/$AT44,0)","=IFERROR(($AU44-D44)/$AU44,0)",=$AU44-D44
Mountain Plaza 3 Bedroom Condo #403/405,RedAwning,,111940,161026,1316.94,48.57,244,3,3,10,false,false,false,true,false,true,false,Home/Apartment,Condominium (condo),Apt/Condo/Loft,4,1,1,21+,Luxury,false,196,true,85,21,2026-05-11,Frisco/Silverthorne,Frisco,Frisco,Colorado,80443,United States,mountains_lakes,https://www.airbnb.com/rooms/692552784402767820,https://a0.muscache.com/im/pictures/prohost-api/Hosting-692552784402767820/original/af899062-a8cd-4467-9f1e-5b243ea16b45.jpeg,692552784402767820,9696225ha,39.5021,-106.151,=AVERAGE($G$2:$G$501),=AVERAGE($D$2:$D$501),"=IFERROR(($AT45-G45)/$AT45,0)","=IFERROR(($AU45-D45)/$AU45,0)",=$AU45-D45
"Retreat at Union Creek II:  Easy Walk to Lift, Hot",River Ridge Rentals,,108844,197872,1554.91,65.42,267,4,4,14,false,false,true,true,true,false,false,Home/Apartment,House,House/villa,4.8,80,2,21+,Luxury,true,1650,true,70,10,2026-05-16,Frisco/Silverthorne,Frisco,Frisco,Colorado,80443,United States,mountains_lakes,https://www.airbnb.com/rooms/24984192,https://a0.muscache.com/im/pictures/prohost-api/Hosting-24984192/original/496cc479-7e37-4258-8c00-ecd685a52a67.jpeg,24984192,358970ha,39.50002,-106.17538,=AVERAGE($G$2:$G$501),=AVERAGE($D$2:$D$501),"=IFERROR(($AT46-G46)/$AT46,0)","=IFERROR(($AU46-D46)/$AU46,0)",=$AU46-D46
Copper One 2 Bedroom Condo #524,RedAwning,,108754,126262,765.87,50.18,309,2,2,6,false,false,false,true,false,true,false,Home/Apartment,Condominium (condo),Apt/Condo/Loft,0,0,1,21+,Luxury,false,166,true,142,44,2026-05-14,Frisco/Silverthorne,Frisco,Frisco,Colorado,80443,United States,mountains_lakes,https://www.airbnb.com/rooms/1212939642963443329,https://a0.muscache.com/im/pictures/prohost-api/Hosting-1212939642963443329/original/4ab5ffad-5a4d-4dfa-ad12-ddc04db2c053.jpeg,1212939642963443329,9991171ha,39.5022,-106.151,=AVERAGE($G$2:$G$501),=AVERAGE($D$2:$D$501),"=IFERROR(($AT47-G47)/$AT47,0)","=IFERROR(($AU47-D47)/$AU47,0)",=$AU47-D47
Mill Club 3 Bedroom Condo #409,RedAwning,,107605,140613,1345.06,61.54,210,3,3,8,true,false,true,true,true,false,false,Home/Apartment,Condominium (condo),Apt/Condo/Loft,0,0,1,21+,Luxury,false,165,true,80,19,2026-05-11,Frisco/Silverthorne,Frisco,Frisco,Colorado,80443,United States,mountains_lakes,https://www.airbnb.com/rooms/1477484681764857252,https://a0.muscache.com/im/pictures/prohost-api/Hosting-1477484681764857252/original/f73f3f5d-6611-4ae5-8bd0-88b310aac6e0.jpeg,1477484681764857252,20181142ha,39.5022,-106.151,=AVERAGE($G$2:$G$501),=AVERAGE($D$2:$D$501),"=IFERROR(($AT48-G48)/$AT48,0)","=IFERROR(($AU48-D48)/$AU48,0)",=$AU48-D48
Luxurious Condo in Center Village,202184505,,102047,112868,953.71,48.42,334,2,3,10,false,false,true,true,true,false,false,Home/Apartment,Condominium (condo),Apt/Condo/Loft,4.9,150,2,1,Luxury,false,149,false,107,34,2024-03-13,Frisco/Silverthorne,Frisco,Frisco,Colorado,80443,United States,mountains_lakes,https://www.airbnb.com/rooms/26879614,https://a0.muscache.com/im/pictures/74362a5e-ecc0-4995-a109-0ae9472e9cc1.jpg?aki_policy=x_large,26879614,1235010,39.50194,-106.15425,=AVERAGE($G$2:$G$501),=AVERAGE($D$2:$D$501),"=IFERROR(($AT49-G49)/$AT49,0)","=IFERROR(($AU49-D49)/$AU49,0)",=$AU49-D49
Mountain Plaza 2 Bedroom Condo #403 by RedAwning,RedAwning,,99760,104921,804.52,48.25,312,1,2,8,false,false,false,false,false,true,false,Home/Apartment,Condominium (condo),Apt/Condo/Loft,5,1,1,21+,Luxury,false,169,true,124,28,2026-05-16,Frisco/Silverthorne,Frisco,Frisco,Colorado,80443,United States,mountains_lakes,https://www.vrbo.com/9696248ha,https://media.vrbo.com/lodging/80000000/79040000/79031100/79031066/679e0b65.jpg?impolicy=resizecrop&rw=1200&ra=fit,,9696248ha,39.502155,-106.151007,=AVERAGE($G$2:$G$501),=AVERAGE($D$2:$D$501),"=IFERROR(($AT50-G50)/$AT50,0)","=IFERROR(($AU50-D50)/$AU50,0)",=$AU50-D50
Copper Mountain Inn 125 - 3 bedroom condo,Copper Vacations,,97278,103286,917.72,47.96,314,3,3,10,false,true,false,true,true,false,false,Home/Apartment,Condominium (condo),Apt/Condo/Loft,4.65,39,2,21+,Luxury,true,334,true,106,28,2026-05-11,Frisco/Silverthorne,Frisco,Frisco,Colorado,80443,United States,mountains_lakes,https://www.airbnb.com/rooms/47442328,https://a0.muscache.com/im/pictures/prohost-api/Hosting-47442328/original/a1aef504-8ac4-476a-a505-5c29aa8fb92c.jpeg,47442328,9509703ha,39.50035,-106.15458,=AVERAGE($G$2:$G$501),=AVERAGE($D$2:$D$501),"=IFERROR(($AT51-G51)/$AT51,0)","=IFERROR(($AU51-D51)/$AU51,0)",=$AU51-D51
Largest Condo In Passage Point with hot tub!,SkyRun Vacation Rentals,,93265,102557,951.68,46.23,331,3,3,8,false,true,true,true,true,false,false,Home/Apartment,Condominium (condo),Apt/Condo/Loft,4.9,39,3,21+,Luxury,true,408,true,98,23,2026-05-11,Frisco/Silverthorne,Frisco,Frisco,Colorado,80443,United States,mountains_lakes,https://www.airbnb.com/rooms/45661515,https://a0.muscache.com/im/pictures/prohost-api/Hosting-45661515/original/aac4aefc-c833-4761-99d1-feef3e5f6ab1.jpeg,45661515,2080314,39.5012,-106.1574,=AVERAGE($G$2:$G$501),=AVERAGE($D$2:$D$501),"=IFERROR(($AT52-G52)/$AT52,0)","=IFERROR(($AU52-D52)/$AU52,0)",=$AU52-D52
"Pet Friendly, Slope-side, Spacious Town Home  ER21",SkyRun Vacation Rentals,,92967,105973,1328.1,53.03,258,4,3,10,false,false,false,true,true,true,false,Home/Apartment,Condominium (condo),Apt/Condo/Loft,4.6,56,3,21+,Luxury,true,608,true,70,11,2026-05-16,Frisco/Silverthorne,Frisco,Frisco,Colorado,80443,United States,mountains_lakes,https://www.airbnb.com/rooms/26577298,https://a0.muscache.com/im/pictures/prohost-api/Hosting-26577298/original/847a13b6-a078-4e86-b29f-200ce81874e7.jpeg,26577298,1799688,39.5022,-106.1497,=AVERAGE($G$2:$G$501),=AVERAGE($D$2:$D$501),"=IFERROR(($AT53-G53)/$AT53,0)","=IFERROR(($AU53-D53)/$AU53,0)",=$AU53-D53
Walk to lifts 4BR Mountainview | Hot Tub | Sauna,Vacasa,,92151,172111,990.87,60,262,4,4,12,false,false,true,true,true,false,false,Home/Apartment,Townhouse,Apt/Condo/Loft,4.7,40,3,21+,Luxury,false,485,true,93,19,2026-05-13,Frisco/Silverthorne,Frisco,Frisco,Colorado,80443,United States,mountains_lakes,https://www.airbnb.com/rooms/45769903,https://a0.muscache.com/im/pictures/prohost-api/Hosting-45769903/original/b816b29f-b67d-499d-9205-b8d1ea6ebfd9.jpeg,45769903,2087936,39.50129,-106.15118,=AVERAGE($G$2:$G$501),=AVERAGE($D$2:$D$501),"=IFERROR(($AT54-G54)/$AT54,0)","=IFERROR(($AU54-D54)/$AU54,0)",=$AU54-D54
Copper One 2 Bedroom Condo #207,RedAwning,,91366,121158,823.12,58.12,250,2,2,7,false,false,false,true,true,false,false,Home/Apartment,Condominium (condo),Apt/Condo/Loft,0,0,1,21+,Luxury,false,165,true,111,30,2026-05-11,Frisco/Silverthorne,Frisco,Frisco,Colorado,80443,United States,mountains_lakes,https://www.airbnb.com/rooms/639229311094765028,https://a0.muscache.com/im/pictures/prohost-api/Hosting-639229311094765028/original/4e0df55b-f4d4-4999-97f4-e487da3bccfd.jpeg,639229311094765028,9695318ha,39.5022,-106.151,=AVERAGE($G$2:$G$501),=AVERAGE($D$2:$D$501),"=IFERROR(($AT55-G55)/$AT55,0)","=IFERROR(($AU55-D55)/$AU55,0)",=$AU55-D55
Short Walk to Ski Lift & Private Hot tub. 39C,SkyRun Vacation Rentals,,90396,182764,2204.78,60.29,176,4,4,12,false,true,true,true,true,false,false,Home/Apartment,Townhouse,Apt/Condo/Loft,5,46,3,21+,Luxury,true,606,true,41,5,2026-05-16,Frisco/Silverthorne,Frisco,Frisco,Colorado,80443,United States,mountains_lakes,https://www.airbnb.com/rooms/16313108,https://a0.muscache.com/im/pictures/prohost-api/Hosting-16313108/original/36409633-8e46-4fed-87a2-5d2001ed1ae6.jpeg,16313108,776186,39.5001,-106.1623,=AVERAGE($G$2:$G$501),=AVERAGE($D$2:$D$501),"=IFERROR(($AT56-G56)/$AT56,0)","=IFERROR(($AU56-D56)/$AU56,0)",=$AU56-D56
Pet Friendly Remodeled Spacious Condo. BE410,SkyRun Vacation Rentals,,89887,100333,840.07,38.77,318,3,3,10,false,false,false,true,true,true,false,Home/Apartment,Condominium (condo),Apt/Condo/Loft,4.8,26,3,21+,Luxury,true,346,true,107,28,2026-05-11,Frisco/Silverthorne,Frisco,Frisco,Colorado,80443,United States,mountains_lakes,https://www.airbnb.com/rooms/1058119405843734895,https://a0.muscache.com/im/pictures/prohost-api/Hosting-1058119405843734895/original/0a550390-2fc1-4373-aa52-c95548e6155b.jpeg,1058119405843734895,3783298,39.5022,-106.1563,=AVERAGE($G$2:$G$501),=AVERAGE($D$2:$D$501),"=IFERROR(($AT57-G57)/$AT57,0)","=IFERROR(($AU57-D57)/$AU57,0)",=$AU57-D57
Amazing 3 Bedroom Property in Heart of Center Vill,SkyRun Vacation Rentals,,89585,108559,963.28,40.61,308,3,2,9,false,true,true,true,true,false,false,Home/Apartment,Condominium (condo),Apt/Condo/Loft,4.9,62,3,21+,Luxury,true,409,true,93,28,2026-05-13,Frisco/Silverthorne,Frisco,Frisco,Colorado,80443,United States,mountains_lakes,https://www.airbnb.com/rooms/16664404,https://a0.muscache.com/im/pictures/prohost-api/Hosting-16664404/original/1ad3ae4c-99da-4872-a8eb-563d9835cd13.jpeg,16664404,776190,39.5007,-106.1568,=AVERAGE($G$2:$G$501),=AVERAGE($D$2:$D$501),"=IFERROR(($AT58-G58)/$AT58,0)","=IFERROR(($AU58-D58)/$AU58,0)",=$AU58-D58
Private Home Boasts Incredible Views!,SkyRun Vacation Rentals,,89102,101564,968.5,43.19,305,3,2,9,false,true,false,true,true,false,false,Home/Apartment,Townhouse,Apt/Condo/Loft,4.85,50,3,21+,Luxury,true,409,true,92,18,2026-05-13,Frisco/Silverthorne,Frisco,Frisco,Colorado,80443,United States,mountains_lakes,https://www.airbnb.com/rooms/16313122,https://a0.muscache.com/im/pictures/prohost-api/Hosting-16313122/original/55d1e61d-3902-4974-8275-45ffe5a8b8fe.jpeg,16313122,776171,39.4998,-106.1424,=AVERAGE($G$2:$G$501),=AVERAGE($D$2:$D$501),"=IFERROR(($AT59-G59)/$AT59,0)","=IFERROR(($AU59-D59)/$AU59,0)",=$AU59-D59
Mill Club 2 Bedroom Condo #202,RedAwning,,88985,101516,1046.88,43.59,284,2,2,6,false,false,false,true,false,false,false,Home/Apartment,Condominium (condo),Apt/Condo/Loft,0,0,1,21+,Luxury,false,164,true,85,26,2026-05-14,Frisco/Silverthorne,Frisco,Frisco,Colorado,80443,United States,mountains_lakes,https://www.airbnb.com/rooms/1404278385870542987,https://a0.muscache.com/im/pictures/prohost-api/Hosting-1404278385870542987/original/d114ec37-6711-4178-a98f-cd1df534f343.jpeg,1404278385870542987,20139366ha,39.5022,-106.151,=AVERAGE($G$2:$G$501),=AVERAGE($D$2:$D$501),"=IFERROR(($AT60-G60)/$AT60,0)","=IFERROR(($AU60-D60)/$AU60,0)",=$AU60-D60
Pet-Friendly 4BR townhome in Frisco near Marina,Visit Breck,,87747,103198,914.03,43.84,281,4,3,10,false,false,true,true,true,true,false,Home/Apartment,Townhouse,Apt/Condo/Loft,4.7,34,4,21+,Luxury,false,392,false,96,17,2025-06-13,Frisco/Silverthorne,Frisco,Frisco,Colorado,80443,United States,mountains_lakes,https://www.airbnb.com/rooms/1411781019359725581,https://a0.muscache.com/im/pictures/prohost-api/Hosting-1411781019359725581/original/4fffce1a-ba2e-4056-8d89-5cf70c77cc94.jpeg,1411781019359725581,3142452,39.57437,-106.087015,=AVERAGE($G$2:$G$501),=AVERAGE($D$2:$D$501),"=IFERROR(($AT61-G61)/$AT61,0)","=IFERROR(($AU61-D61)/$AU61,0)",=$AU61-D61
Private Mountain Town home Pet Friendly,SkyRun Vacation Rentals,,86157,105379,820.54,58.99,268,3,2,8,false,true,false,true,true,true,false,Home/Apartment,Townhouse,Apt/Condo/Loft,4.7,88,3,21+,Luxury,true,409,true,105,25,2026-05-16,Frisco/Silverthorne,Frisco,Frisco,Colorado,80443,United States,mountains_lakes,https://www.airbnb.com/rooms/16313099,https://a0.muscache.com/im/pictures/prohost-api/Hosting-16313099/original/0cd11dc2-6271-4dca-a597-afabb9149768.jpeg,16313099,776174,39.502,-106.1436,=AVERAGE($G$2:$G$501),=AVERAGE($D$2:$D$501),"=IFERROR(($AT62-G62)/$AT62,0)","=IFERROR(($AU62-D62)/$AU62,0)",=$AU62-D62
Copper One 2 Bedroom Condo #503,RedAwning,,85406,106686,637.36,50.95,289,2,2,8,false,false,false,true,true,true,false,Home/Apartment,Condominium (condo),Apt/Condo/Loft,0,0,1,21+,Luxury,false,166,true,134,35,2026-05-13,Frisco/Silverthorne,Frisco,Frisco,Colorado,80443,United States,mountains_lakes,https://www.airbnb.com/rooms/639216722752660250,https://a0.muscache.com/im/pictures/prohost-api/Hosting-639216722752660250/original/75241148-2d3d-4b66-a0db-63d162fddafb.jpeg,639216722752660250,9695424ha,39.5022,-106.151,=AVERAGE($G$2:$G$501),=AVERAGE($D$2:$D$501),"=IFERROR(($AT63-G63)/$AT63,0)","=IFERROR(($AU63-D63)/$AU63,0)",=$AU63-D63
Copper One 2 Bedroom Condo #317/317a,RedAwning,,85230,160511,860.91,44,245,2,2,8,false,false,false,true,true,false,false,Home/Apartment,Condominium (condo),Apt/Condo/Loft,0,0,1,21+,Luxury,false,164,true,99,33,2026-05-17,Frisco/Silverthorne,Frisco,Frisco,Colorado,80443,United States,mountains_lakes,https://www.airbnb.com/rooms/641089415707554199,https://a0.muscache.com/im/pictures/prohost-api/Hosting-641089415707554199/original/73195af8-6e5c-4180-9c54-f0b5309678f2.jpeg,641089415707554199,9696120ha,39.5004,-106.1607,=AVERAGE($G$2:$G$501),=AVERAGE($D$2:$D$501),"=IFERROR(($AT64-G64)/$AT64,0)","=IFERROR(($AU64-D64)/$AU64,0)",=$AU64-D64
Frisco Flat•Heated Garage•$0 Cleaning & Pet Fees,HFTH,,84982,90642,320.69,79.34,334,1,1,4,true,false,false,true,true,true,false,Home/Apartment,Apartment,Apt/Condo/Loft,4.95,469,1,21+,Luxury,true,155,false,265,96,2026-05-17,Frisco/Silverthorne,Frisco,Frisco,Colorado,80443,United States,mountains_lakes,https://www.airbnb.com/rooms/26204986,https://a0.muscache.com/im/pictures/prohost-api/Hosting-26204986/original/45fec7ea-5bad-4507-9569-0f1703c55b93.jpeg,26204986,1375637,39.5725,-106.0926,=AVERAGE($G$2:$G$501),=AVERAGE($D$2:$D$501),"=IFERROR(($AT65-G65)/$AT65,0)","=IFERROR(($AU65-D65)/$AU65,0)",=$AU65-D65
"Large Cozy Townhouse Ski-in / Ski-out to Super Bee, Private Washer /Dry & Garage",,,84593,97977,919.49,37.4,342,3,3,11,false,true,true,true,true,false,true,Home/Apartment,House,House/villa,5,44,3,1,Luxury,false,325,true,92,26,2026-05-13,Frisco/Silverthorne,Frisco,Frisco,Colorado,80443,United States,mountains_lakes,https://www.vrbo.com/4034540,https://media.vrbo.com/lodging/106000000/105780000/105770800/105770765/17f77e66.jpg?impolicy=resizecrop&rw=1200&ra=fit,,4034540,39.499799,-106.147744,=AVERAGE($G$2:$G$501),=AVERAGE($D$2:$D$501),"=IFERROR(($AT66-G66)/$AT66,0)","=IFERROR(($AU66-D66)/$AU66,0)",=$AU66-D66
New! Tucker Mountain 2 Bedroom Condo #401,RedAwning,,84083,99563,1025.4,67.77,158,2,2,7,false,false,false,true,false,false,false,Home/Apartment,Condominium (condo),Apt/Condo/Loft,0,0,1,21+,Luxury,false,134,true,82,16,2026-05-13,Frisco/Silverthorne,Frisco,Frisco,Colorado,80443,United States,mountains_lakes,https://www.airbnb.com/rooms/1547059610182491163,https://a0.muscache.com/im/pictures/prohost-api/Hosting-1547059610182491163/original/88fe3716-f2ab-446e-9091-d8611d8aba2e.jpeg,1547059610182491163,20214275ha,39.5022,-106.151,=AVERAGE($G$2:$G$501),=AVERAGE($D$2:$D$501),"=IFERROR(($AT67-G67)/$AT67,0)","=IFERROR(($AU67-D67)/$AU67,0)",=$AU67-D67
"Lux Mtn Home w/Hot Tub, Sauna, 3 fireplaces, views",43629694,,82879,144452,963.71,45.26,280,4,4,10,false,true,true,true,true,true,false,Home/Apartment,House,House/villa,5,45,5,2-5,Luxury,false,500,false,86,12,2026-05-16,Frisco/Silverthorne,Frisco,Frisco,Colorado,80443,United States,mountains_lakes,https://www.airbnb.com/rooms/39256883,https://a0.muscache.com/im/pictures/b0992c07-c8b1-4ace-a84c-66dc9b1046f5.jpg,39256883,1434161,39.5824,-106.0959,=AVERAGE($G$2:$G$501),=AVERAGE($D$2:$D$501),"=IFERROR(($AT68-G68)/$AT68,0)","=IFERROR(($AU68-D68)/$AU68,0)",=$AU68-D68
Bridge End 2 Bedroom + Loft Condo #404/404a,RedAwning,,82765,100510,689.71,58.82,287,2,3,10,false,false,false,true,true,false,false,Home/Apartment,Condominium (condo),Apt/Condo/Loft,4,1,1,21+,Luxury,false,166,true,120,25,2026-05-17,Frisco/Silverthorne,Frisco,Frisco,Colorado,80443,United States,mountains_lakes,https://www.airbnb.com/rooms/614282305211340713,https://a0.muscache.com/im/pictures/prohost-api/Hosting-614282305211340713/original/e6564d9d-c5e9-4036-919b-a6965074f969.jpeg,614282305211340713,9695440ha,39.5021,-106.151,=AVERAGE($G$2:$G$501),=AVERAGE($D$2:$D$501),"=IFERROR(($AT69-G69)/$AT69,0)","=IFERROR(($AU69-D69)/$AU69,0)",=$AU69-D69
Cirque 3 Bedroom Condo #209,RedAwning,,82690,117328,984.4,49.41,256,3,3,8,false,false,false,true,true,false,false,Home/Apartment,Condominium (condo),Apt/Condo/Loft,0,0,1,21+,Luxury,false,196,true,84,18,2026-05-13,Frisco/Silverthorne,Frisco,Frisco,Colorado,80443,United States,mountains_lakes,https://www.airbnb.com/rooms/639246800676741525,https://a0.muscache.com/im/pictures/prohost-api/Hosting-639246800676741525/original/131f4553-c3da-4438-80b1-9a019a2ccfc1.jpeg,639246800676741525,9696250ha,39.4986,-106.1701,=AVERAGE($G$2:$G$501),=AVERAGE($D$2:$D$501),"=IFERROR(($AT70-G70)/$AT70,0)","=IFERROR(($AU70-D70)/$AU70,0)",=$AU70-D70
Copper Mountain Luxury 4 bedroom townhome,169357710,,82666,103537,1117.11,72.55,277,4,3,11,false,false,true,true,true,false,false,Home/Apartment,Townhouse,Apt/Condo/Loft,5,97,3,1,Luxury,false,275,false,74,15,2020-11-02,Frisco/Silverthorne,Frisco,Frisco,Colorado,80443,United States,mountains_lakes,https://www.airbnb.com/rooms/22885154,https://a0.muscache.com/im/pictures/131edcd8-d372-4a51-a12f-0823b87822e5.jpg?aki_policy=x_large,22885154,5372,39.50047,-106.15964,=AVERAGE($G$2:$G$501),=AVERAGE($D$2:$D$501),"=IFERROR(($AT71-G71)/$AT71,0)","=IFERROR(($AU71-D71)/$AU71,0)",=$AU71-D71
Walk to Lifts: Copper Mtn Condo in Center Village,Evolve,,82110,91094,526.35,57.99,335,2,2,8,false,false,false,true,true,false,false,Home/Apartment,Condominium (condo),Apt/Condo/Loft,5,27,1,21+,Luxury,false,356,true,156,35,2026-05-11,Frisco/Silverthorne,Frisco,Frisco,Colorado,80443,United States,mountains_lakes,https://www.airbnb.com/rooms/1313220312457388659,https://a0.muscache.com/im/pictures/prohost-api/Hosting-1313220312457388659/original/f7474635-f200-4a1c-93e2-5a6065bd8556.jpeg,1313220312457388659,20088322ha,39.5005,-106.1573,=AVERAGE($G$2:$G$501),=AVERAGE($D$2:$D$501),"=IFERROR(($AT72-G72)/$AT72,0)","=IFERROR(($AU72-D72)/$AU72,0)",=$AU72-D72
Bridge End 3 Bedroom Condo #202,RedAwning,,81764,96320,809.54,43.16,296,3,2,12,false,false,false,true,true,false,false,Home/Apartment,Condominium (condo),Apt/Condo/Loft,4.5,4,1,21+,Luxury,false,198,true,101,24,2026-05-11,Frisco/Silverthorne,Frisco,Frisco,Colorado,80443,United States,mountains_lakes,https://www.airbnb.com/rooms/639247868164492732,https://a0.muscache.com/im/pictures/prohost-api/Hosting-639247868164492732/original/925388bc-4d50-4be5-b202-ada872920445.jpeg,639247868164492732,9695216ha,39.5021,-106.151,=AVERAGE($G$2:$G$501),=AVERAGE($D$2:$D$501),"=IFERROR(($AT73-G73)/$AT73,0)","=IFERROR(($AU73-D73)/$AU73,0)",=$AU73-D73
Mill Club 210- 3 Bedroom Condo,Copper Vacations,,81504,91166,857.94,47.5,322,3,3,6,false,true,true,true,true,false,false,Home/Apartment,Condominium (condo),Apt/Condo/Loft,4.65,39,2,21+,Luxury,true,1326,true,95,20,2026-05-11,Frisco/Silverthorne,Frisco,Frisco,Colorado,80443,United States,mountains_lakes,https://www.airbnb.com/rooms/20521804,https://a0.muscache.com/im/pictures/prohost-api/Hosting-20521804/original/2c691386-5c66-4640-874e-0edfa0c4ac89.jpeg,20521804,3654491ha,39.50152,-106.15496,=AVERAGE($G$2:$G$501),=AVERAGE($D$2:$D$501),"=IFERROR(($AT74-G74)/$AT74,0)","=IFERROR(($AU74-D74)/$AU74,0)",=$AU74-D74
Bridge End 3 Bedroom + Loft Condo #402,RedAwning,,81231,86175,923.08,36.07,295,3,3,12,false,false,false,true,true,false,false,Home/Apartment,Condominium (condo),Apt/Condo/Loft,3.8,5,1,21+,Luxury,false,196,true,88,25,2026-05-13,Frisco/Silverthorne,Frisco,Frisco,Colorado,80443,United States,mountains_lakes,https://www.airbnb.com/rooms/639253349568969145,https://a0.muscache.com/im/pictures/prohost-api/Hosting-639253349568969145/original/74fa484f-e366-4742-addd-b10aead47f63.jpeg,639253349568969145,9695191ha,39.5022,-106.151,=AVERAGE($G$2:$G$501),=AVERAGE($D$2:$D$501),"=IFERROR(($AT75-G75)/$AT75,0)","=IFERROR(($AU75-D75)/$AU75,0)",=$AU75-D75
Tucker Mountain 2 Bedroom Condo #525/525a,RedAwning,,80597,120391,746.27,50,279,2,2,8,false,false,false,true,true,false,false,Home/Apartment,Condominium (condo),Apt/Condo/Loft,0,0,1,21+,Luxury,false,165,true,108,35,2026-05-13,Frisco/Silverthorne,Frisco,Frisco,Colorado,80443,United States,mountains_lakes,https://www.airbnb.com/rooms/639263231428679667,https://a0.muscache.com/im/pictures/prohost-api/Hosting-639263231428679667/original/f8ea865d-5425-4bf8-be4f-68cf213a659f.jpeg,639263231428679667,9695420ha,39.5022,-106.151,=AVERAGE($G$2:$G$501),=AVERAGE($D$2:$D$501),"=IFERROR(($AT76-G76)/$AT76,0)","=IFERROR(($AU76-D76)/$AU76,0)",=$AU76-D76
Tucker Mountain 2 Bedroom Condo #214/214a,RedAwning,,79105,143717,746.27,50.96,261,2,2,8,false,false,false,true,true,false,false,Home/Apartment,Condominium (condo),Apt/Condo/Loft,0,0,1,21+,Luxury,false,165,true,106,34,2026-05-13,Frisco/Silverthorne,Frisco,Frisco,Colorado,80443,United States,mountains_lakes,https://www.airbnb.com/rooms/639256508280724315,https://a0.muscache.com/im/pictures/prohost-api/Hosting-639256508280724315/original/222b12e7-4b41-4c32-80f7-7a472fd9c140.jpeg,639256508280724315,9695423ha,39.5022,-106.151,=AVERAGE($G$2:$G$501),=AVERAGE($D$2:$D$501),"=IFERROR(($AT77-G77)/$AT77,0)","=IFERROR(($AU77-D77)/$AU77,0)",=$AU77-D77
Passage Point 2 Bedroom Condo #523/523a,RedAwning,,78577,124084,720.89,63.01,247,2,2,8,false,false,false,true,true,false,false,Home/Apartment,Condominium (condo),Apt/Condo/Loft,0,0,1,21+,Luxury,false,165,true,109,35,2026-05-13,Frisco/Silverthorne,Frisco,Frisco,Colorado,80443,United States,mountains_lakes,https://www.airbnb.com/rooms/639226941968531377,https://a0.muscache.com/im/pictures/prohost-api/Hosting-639226941968531377/original/875b1732-904b-4f35-9416-1d3c99323cfe.jpeg,639226941968531377,9695200ha,39.5022,-106.151,=AVERAGE($G$2:$G$501),=AVERAGE($D$2:$D$501),"=IFERROR(($AT78-G78)/$AT78,0)","=IFERROR(($AU78-D78)/$AU78,0)",=$AU78-D78
Mountain Plaza 706 - 2 bedroom condo,Copper Vacations,,78345,84409,693.32,50.67,338,2,3,8,false,true,true,true,true,false,false,Home/Apartment,Condominium (condo),Apt/Condo/Loft,4.75,32,2,21+,Luxury,true,304,true,113,24,2026-05-16,Frisco/Silverthorne,Frisco,Frisco,Colorado,80443,United States,mountains_lakes,https://www.airbnb.com/rooms/52860408,https://a0.muscache.com/im/pictures/prohost-api/Hosting-52860408/original/8e1d0dac-d9a5-469d-a2db-412095281c5b.jpeg,52860408,9607198ha,39.50021,-106.15497,=AVERAGE($G$2:$G$501),=AVERAGE($D$2:$D$501),"=IFERROR(($AT79-G79)/$AT79,0)","=IFERROR(($AU79-D79)/$AU79,0)",=$AU79-D79
Mountain Plaza 2 Bedroom Condo #320/322,RedAwning,,77577,119137,711.72,47.81,266,2,3,8,false,false,true,true,false,false,false,Home/Apartment,Condominium (condo),Apt/Condo/Loft,0,0,1,21+,Luxury,false,164,true,109,28,2026-05-14,Frisco/Silverthorne,Frisco,Frisco,Colorado,80443,United States,mountains_lakes,https://www.airbnb.com/rooms/1212936860360865618,https://a0.muscache.com/im/pictures/prohost-api/Hosting-1212936860360865618/original/f026ed0e-f810-4553-a327-1ff9f67422ab.jpeg,1212936860360865618,,39.5022,-106.151,=AVERAGE($G$2:$G$501),=AVERAGE($D$2:$D$501),"=IFERROR(($AT80-G80)/$AT80,0)","=IFERROR(($AU80-D80)/$AU80,0)",=$AU80-D80
Copper One 2 Bedroom Condo #302,RedAwning,,76912,115036,904.85,39.17,276,2,2,7,false,false,false,true,true,false,false,Home/Apartment,Condominium (condo),Apt/Condo/Loft,0,0,1,21+,Luxury,false,169,true,85,25,2026-05-16,Frisco/Silverthorne,Frisco,Frisco,Colorado,80443,United States,mountains_lakes,https://www.airbnb.com/rooms/639238279390802161,https://a0.muscache.com/im/pictures/prohost-api/Hosting-639238279390802161/original/9716b6f6-8301-478b-9b0f-e954d84b4692.jpeg,639238279390802161,9696213ha,39.5022,-106.151,=AVERAGE($G$2:$G$501),=AVERAGE($D$2:$D$501),"=IFERROR(($AT81-G81)/$AT81,0)","=IFERROR(($AU81-D81)/$AU81,0)",=$AU81-D81
Copper One 1 Bedroom Condo #315,RedAwning,,76701,83389,576.7,49.44,330,1,1,4,false,false,false,true,false,false,false,Home/Apartment,Condominium (condo),Apt/Condo/Loft,0,0,1,21+,Luxury,false,139,true,133,34,2026-05-14,Frisco/Silverthorne,Frisco,Frisco,Colorado,80443,United States,mountains_lakes,https://www.airbnb.com/rooms/1212939705325823846,https://a0.muscache.com/im/pictures/prohost-api/Hosting-1212939705325823846/original/88570a37-c9f1-42ad-a820-6fa07cf5fd70.jpeg,1212939705325823846,9991173ha,39.5022,-106.151,=AVERAGE($G$2:$G$501),=AVERAGE($D$2:$D$501),"=IFERROR(($AT82-G82)/$AT82,0)","=IFERROR(($AU82-D82)/$AU82,0)",=$AU82-D82
Cirque 1 Bedroom + Den Condo #108,RedAwning,,76466,99409,427.18,64.86,276,1,2,6,false,true,false,true,true,false,true,Home/Apartment,Condominium (condo),Apt/Condo/Loft,0,0,1,21+,Luxury,false,133,true,179,33,2026-05-13,Frisco/Silverthorne,Frisco,Frisco,Colorado,80443,United States,mountains_lakes,https://www.airbnb.com/rooms/692558353912629389,https://a0.muscache.com/im/pictures/prohost-api/Hosting-692558353912629389/original/db2d0ce7-09d9-4d38-9d9f-4597bdd64587.jpeg,692558353912629389,9696166ha,39.5022,-106.151,=AVERAGE($G$2:$G$501),=AVERAGE($D$2:$D$501),"=IFERROR(($AT83-G83)/$AT83,0)","=IFERROR(($AU83-D83)/$AU83,0)",=$AU83-D83
Ten Mile Haus A7 - 2 bedroom condo,Copper Vacations,,75592,90936,551.77,46.6,308,2,2,6,false,true,false,true,true,false,false,Home/Apartment,Condominium (condo),Apt/Condo/Loft,4.65,33,2,21+,Luxury,true,306,true,137,31,2026-05-11,Frisco/Silverthorne,Frisco,Frisco,Colorado,80443,United States,mountains_lakes,https://www.airbnb.com/rooms/20521848,https://a0.muscache.com/im/pictures/prohost-api/Hosting-20521848/original/6214569a-efcb-4831-9398-082d0fca57c0.jpeg,20521848,3654513ha,39.50029,-106.15295,=AVERAGE($G$2:$G$501),=AVERAGE($D$2:$D$501),"=IFERROR(($AT84-G84)/$AT84,0)","=IFERROR(($AU84-D84)/$AU84,0)",=$AU84-D84
New! Taylor&#39;s Crossing 2 Bedroom Condo #305,RedAwning,,75032,78257,1271.73,51.75,116,2,2,4,false,false,false,true,false,false,false,Home/Apartment,Condominium (condo),Apt/Condo/Loft,0,0,1,21+,Luxury,false,0,false,59,13,2026-05-15,Frisco/Silverthorne,Frisco,Frisco,Colorado,80443,United States,mountains_lakes,https://www.airbnb.com/rooms/1586195751003210566,https://a0.muscache.com/im/pictures/prohost-api/Hosting-1586195751003210566/original/380e335d-1bda-465c-a708-12610fee9fb3.jpeg,1586195751003210566,20235799ha,39.5022,-106.151,=AVERAGE($G$2:$G$501),=AVERAGE($D$2:$D$501),"=IFERROR(($AT85-G85)/$AT85,0)","=IFERROR(($AU85-D85)/$AU85,0)",=$AU85-D85
Mill Club 208 - 2 bedroom condo,Copper Vacations,,74890,75780,656.93,50.89,344,2,2,6,false,true,true,true,true,false,false,Home/Apartment,Condominium (condo),Apt/Condo/Loft,4.65,38,2,21+,Luxury,true,306,true,114,27,2026-05-11,Frisco/Silverthorne,Frisco,Frisco,Colorado,80443,United States,mountains_lakes,https://www.airbnb.com/rooms/38756371,https://a0.muscache.com/im/pictures/prohost-api/Hosting-38756371/original/064ec1e6-4ec6-4b9e-afef-10e51865e653.jpeg,38756371,7486540ha,39.50122,-106.15551,=AVERAGE($G$2:$G$501),=AVERAGE($D$2:$D$501),"=IFERROR(($AT86-G86)/$AT86,0)","=IFERROR(($AU86-D86)/$AU86,0)",=$AU86-D86
Cache 3204 -3 Bedroom condo,Copper Vacations,,74512,112914,752.65,46.92,271,3,3,10,false,false,true,true,true,false,false,Home/Apartment,Townhouse,Apt/Condo/Loft,4.85,23,1,21+,Luxury,true,334,true,99,29,2026-05-13,Frisco/Silverthorne,Frisco,Frisco,Colorado,80443,United States,mountains_lakes,https://www.airbnb.com/rooms/823875061384854606,https://a0.muscache.com/im/pictures/prohost-api/Hosting-823875061384854606/original/ab3b14ba-8747-4ff8-a992-915106334e62.jpeg,823875061384854606,9788740ha,39.5002,-106.1615,=AVERAGE($G$2:$G$501),=AVERAGE($D$2:$D$501),"=IFERROR(($AT87-G87)/$AT87,0)","=IFERROR(($AU87-D87)/$AU87,0)",=$AU87-D87
Tucker Mountain 1 Bedroom + Den Condo #419,RedAwning,,74338,84213,663.73,59.26,265,1,2,6,false,false,false,true,true,false,false,Home/Apartment,Condominium (condo),Apt/Condo/Loft,0,0,1,21+,Luxury,false,132,true,112,27,2026-05-16,Frisco/Silverthorne,Frisco,Frisco,Colorado,80443,United States,mountains_lakes,https://www.airbnb.com/rooms/639239775457891171,https://a0.muscache.com/im/pictures/prohost-api/Hosting-639239775457891171/original/8307469b-45c0-422b-818b-1157e1b52302.jpeg,639239775457891171,9695257ha,39.5022,-106.151,=AVERAGE($G$2:$G$501),=AVERAGE($D$2:$D$501),"=IFERROR(($AT88-G88)/$AT88,0)","=IFERROR(($AU88-D88)/$AU88,0)",=$AU88-D88
Mill Club 3 Bedroom Condo #410,RedAwning,,73728,88693,1474.56,51.55,135,3,3,7,false,false,false,true,true,false,false,Home/Apartment,Condominium (condo),Apt/Condo/Loft,0,0,1,21+,Luxury,false,197,true,50,13,2026-05-17,Frisco/Silverthorne,Frisco,Frisco,Colorado,80443,United States,mountains_lakes,https://www.airbnb.com/rooms/639248559855995776,https://a0.muscache.com/im/pictures/prohost-api/Hosting-639248559855995776/original/0b37176e-70e1-4b3e-8c64-7396e7c72e66.jpeg,639248559855995776,9696192ha,39.5022,-106.151,=AVERAGE($G$2:$G$501),=AVERAGE($D$2:$D$501),"=IFERROR(($AT89-G89)/$AT89,0)","=IFERROR(($AU89-D89)/$AU89,0)",=$AU89-D89
"Executive Town Home, Short Walk to Lifts, Ski In",SkyRun Vacation Rentals,,73267,93148,1592.76,61.33,223,4,3,12,false,true,true,true,true,false,false,Home/Apartment,Townhouse,Apt/Condo/Loft,4.8,14,3,21+,Luxury,true,607,true,46,10,2026-05-14,Frisco/Silverthorne,Frisco,Frisco,Colorado,80443,United States,mountains_lakes,https://www.airbnb.com/rooms/623490970853310390,https://a0.muscache.com/im/pictures/prohost-api/Hosting-623490970853310390/original/bb5ec868-5100-46bd-8f0c-51df9ec9fc61.jpeg,623490970853310390,3087388,39.4999,-106.161,=AVERAGE($G$2:$G$501),=AVERAGE($D$2:$D$501),"=IFERROR(($AT90-G90)/$AT90,0)","=IFERROR(($AU90-D90)/$AU90,0)",=$AU90-D90
Bridge End 3 Bedroom Condo #302,RedAwning,,73067,85827,1159.79,60,186,3,2,8,false,false,false,true,true,true,false,Home/Apartment,Condominium (condo),Apt/Condo/Loft,3.45,7,1,21+,Luxury,false,198,true,63,10,2026-05-16,Frisco/Silverthorne,Frisco,Frisco,Colorado,80443,United States,mountains_lakes,https://www.airbnb.com/rooms/639270141425794063,https://a0.muscache.com/im/pictures/prohost-api/Hosting-639270141425794063/original/eb673f38-c7e0-45b8-b7d9-fee99a05f490.jpeg,639270141425794063,9695100ha,39.5021,-106.151,=AVERAGE($G$2:$G$501),=AVERAGE($D$2:$D$501),"=IFERROR(($AT91-G91)/$AT91,0)","=IFERROR(($AU91-D91)/$AU91,0)",=$AU91-D91
"Center Village, Spacious Condo, Three Hot tubs.",SkyRun Vacation Rentals,,73056,76979,561.97,45.61,336,2,2,6,false,true,true,true,true,false,false,Home/Apartment,Condominium (condo),Apt/Condo/Loft,4.7,19,3,21+,Luxury,true,303,true,130,37,2026-05-11,Frisco/Silverthorne,Frisco,Frisco,Colorado,80443,United States,mountains_lakes,https://www.airbnb.com/rooms/718122948074875999,https://a0.muscache.com/im/pictures/prohost-api/Hosting-718122948074875999/original/fc148b40-33bd-4c6f-ac81-cc102f60aa5a.jpeg,718122948074875999,3038407,39.5014,-106.1577,=AVERAGE($G$2:$G$501),=AVERAGE($D$2:$D$501),"=IFERROR(($AT92-G92)/$AT92,0)","=IFERROR(($AU92-D92)/$AU92,0)",=$AU92-D92
Mountain Plaza 2 Bedroom Condo #704,RedAwning,,72932,104058,540.24,52.53,260,2,2,6,false,false,false,true,true,false,false,Home/Apartment,Condominium (condo),Apt/Condo/Loft,0,0,1,21+,Luxury,false,165,true,135,34,2026-05-11,Frisco/Silverthorne,Frisco,Frisco,Colorado,80443,United States,mountains_lakes,https://www.airbnb.com/rooms/639251835713986681,https://a0.muscache.com/im/pictures/prohost-api/Hosting-639251835713986681/original/05b8adb2-809b-46a1-8289-93058c8d1360.jpeg,639251835713986681,9696244ha,39.5011,-106.1546,=AVERAGE($G$2:$G$501),=AVERAGE($D$2:$D$501),"=IFERROR(($AT93-G93)/$AT93,0)","=IFERROR(($AU93-D93)/$AU93,0)",=$AU93-D93
Passage Point 1 Bedroom Condo #406,RedAwning,,72876,86240,569.34,52.24,246,1,1,4,false,false,false,true,false,false,false,Home/Apartment,Condominium (condo),Apt/Condo/Loft,0,0,1,21+,Luxury,false,135,true,128,38,2026-05-14,Frisco/Silverthorne,Frisco,Frisco,Colorado,80443,United States,mountains_lakes,https://www.airbnb.com/rooms/1452838706679746831,https://a0.muscache.com/im/pictures/prohost-api/Hosting-1452838706679746831/original/bf6fb921-ce8a-4a18-a010-37a9445c304f.jpeg,1452838706679746831,20167609ha,39.5022,-106.151,=AVERAGE($G$2:$G$501),=AVERAGE($D$2:$D$501),"=IFERROR(($AT94-G94)/$AT94,0)","=IFERROR(($AU94-D94)/$AU94,0)",=$AU94-D94
"Peaceful Forested Location Next to River, Ski in/s",SkyRun Vacation Rentals,,72291,95879,688.49,48.39,293,2,2,8,false,true,true,true,true,false,false,Home/Apartment,Condominium (condo),Apt/Condo/Loft,4.8,64,3,21+,Luxury,true,273,true,105,27,2026-05-11,Frisco/Silverthorne,Frisco,Frisco,Colorado,80443,United States,mountains_lakes,https://www.airbnb.com/rooms/22346465,https://a0.muscache.com/im/pictures/prohost-api/Hosting-22346465/original/144986eb-59ab-4cb1-8819-fa9cd770db7f.jpeg,22346465,1246997,39.5,-106.1591,=AVERAGE($G$2:$G$501),=AVERAGE($D$2:$D$501),"=IFERROR(($AT95-G95)/$AT95,0)","=IFERROR(($AU95-D95)/$AU95,0)",=$AU95-D95
Modern Ski in/out Steps to American Eagle Lift. CJ,SkyRun Vacation Rentals,,71954,79651,604.66,46.85,336,2,3,8,false,false,false,true,true,false,false,Home/Apartment,Condominium (condo),Apt/Condo/Loft,4.95,72,3,21+,Luxury,true,300,true,119,29,2026-05-16,Frisco/Silverthorne,Frisco,Frisco,Colorado,80443,United States,mountains_lakes,https://www.airbnb.com/rooms/16676508,https://a0.muscache.com/im/pictures/prohost-api/Hosting-16676508/original/0e26beb9-8550-4ab6-94c3-d2eca929110a.jpeg,16676508,928871,39.5002,-106.1552,=AVERAGE($G$2:$G$501),=AVERAGE($D$2:$D$501),"=IFERROR(($AT96-G96)/$AT96,0)","=IFERROR(($AU96-D96)/$AU96,0)",=$AU96-D96
Copper One 2 Bedroom Condo #205,RedAwning,,71935,135079,781.9,62.16,167,2,2,8,false,false,false,true,false,false,false,Home/Apartment,Condominium (condo),Apt/Condo/Loft,0,0,1,21+,Luxury,false,287,true,92,23,2026-05-14,Frisco/Silverthorne,Frisco,Frisco,Colorado,80443,United States,mountains_lakes,https://www.airbnb.com/rooms/1212939597262565170,https://a0.muscache.com/im/pictures/prohost-api/Hosting-1212939597262565170/original/293e766e-5280-45c1-857c-ef6ad98f1249.jpeg,1212939597262565170,9991170ha,39.5022,-106.151,=AVERAGE($G$2:$G$501),=AVERAGE($D$2:$D$501),"=IFERROR(($AT97-G97)/$AT97,0)","=IFERROR(($AU97-D97)/$AU97,0)",=$AU97-D97
East Village Walk To Super Bee Lift Restaurants an,Rocky Mountain Resort Management,,71698,80490,724.22,46.92,329,3,3,10,false,true,true,true,true,false,false,Home/Apartment,Condominium (condo),Apt/Condo/Loft,2,2,2,21+,Luxury,false,324,true,99,22,2026-05-13,Frisco/Silverthorne,Frisco,Frisco,Colorado,80443,United States,mountains_lakes,https://www.airbnb.com/rooms/1141244851095215156,https://a0.muscache.com/im/pictures/prohost-api/Hosting-1141244851095215156/original/e460cee8-0615-449e-8e4e-d8f194bd73dd.jpeg,1141244851095215156,,39.4997,-106.1475,=AVERAGE($G$2:$G$501),=AVERAGE($D$2:$D$501),"=IFERROR(($AT98-G98)/$AT98,0)","=IFERROR(($AU98-D98)/$AU98,0)",=$AU98-D98
Cirque 1 Bedroom Condo #116,RedAwning,,71489,87493,503.44,55.04,295,1,1,4,false,false,false,true,true,false,false,Home/Apartment,Condominium (condo),Apt/Condo/Loft,0,0,1,21+,Luxury,false,135,true,142,36,2026-05-11,Frisco/Silverthorne,Frisco,Frisco,Colorado,80443,United States,mountains_lakes,https://www.airbnb.com/rooms/639239749847867373,https://a0.muscache.com/im/pictures/prohost-api/Hosting-639239749847867373/original/8e7e82e4-c17c-4380-bcc8-e08247bd82a4.jpeg,639239749847867373,9696180ha,39.5022,-106.151,=AVERAGE($G$2:$G$501),=AVERAGE($D$2:$D$501),"=IFERROR(($AT99-G99)/$AT99,0)","=IFERROR(($AU99-D99)/$AU99,0)",=$AU99-D99
Beautiful remodeled ski in ski out condo VP105,SkyRun Vacation Rentals,,71456,83541,1066.51,48.55,200,3,3,8,false,false,true,true,true,false,false,Home/Apartment,Condominium (condo),Apt/Condo/Loft,4.7,14,3,21+,Luxury,true,388,true,67,16,2026-05-16,Frisco/Silverthorne,Frisco,Frisco,Colorado,80443,United States,mountains_lakes,https://www.airbnb.com/rooms/1051675678330147959,https://a0.muscache.com/im/pictures/prohost-api/Hosting-1051675678330147959/original/97120424-660e-4462-947b-51f7c07249e7.jpeg,1051675678330147959,3769241,39.4997,-106.1457,=AVERAGE($G$2:$G$501),=AVERAGE($D$2:$D$501),"=IFERROR(($AT100-G100)/$AT100,0)","=IFERROR(($AU100-D100)/$AU100,0)",=$AU100-D100
Spacious 2 Bedroom In The Heart of Copper Mountain,SkyRun Vacation Rentals,,71285,79239,678.9,70,165,2,2,8,false,true,true,true,true,false,false,Home/Apartment,Condominium (condo),Apt/Condo/Loft,4.95,37,3,21+,Luxury,true,316,true,105,27,2026-05-11,Frisco/Silverthorne,Frisco,Frisco,Colorado,80443,United States,mountains_lakes,https://www.airbnb.com/rooms/52574232,https://a0.muscache.com/im/pictures/prohost-api/Hosting-52574232/original/ac0de8c3-d411-4a59-b543-0894b93fd7d0.jpeg,52574232,2487359,39.5006,-106.1555,=AVERAGE($G$2:$G$501),=AVERAGE($D$2:$D$501),"=IFERROR(($AT101-G101)/$AT101,0)","=IFERROR(($AU101-D101)/$AU101,0)",=$AU101-D101
Timber Creek 103 - 2 bedroom + loft condo,Copper Vacations,,71142,87896,569.14,51.23,303,2,2,8,false,true,true,true,true,false,false,Home/Apartment,Condominium (condo),Apt/Condo/Loft,4.55,83,2,21+,Luxury,true,332,true,125,32,2026-05-11,Frisco/Silverthorne,Frisco,Frisco,Colorado,80443,United States,mountains_lakes,https://www.airbnb.com/rooms/20521840,https://a0.muscache.com/im/pictures/prohost-api/Hosting-20521840/original/ef30294b-6fef-466a-89d5-f67323d73880.jpeg,20521840,3654504ha,39.50014,-106.15301,=AVERAGE($G$2:$G$501),=AVERAGE($D$2:$D$501),"=IFERROR(($AT102-G102)/$AT102,0)","=IFERROR(($AU102-D102)/$AU102,0)",=$AU102-D102
Dog Friendly Beautiful Mountain Vista WD24,SkyRun Vacation Rentals,,71105,101538,1001.48,52.21,144,3,2,8,false,true,false,true,true,true,false,Home/Apartment,Townhouse,Apt/Condo/Loft,4.7,43,3,21+,Luxury,true,409,true,71,18,2026-05-17,Frisco/Silverthorne,Frisco,Frisco,Colorado,80443,United States,mountains_lakes,https://www.airbnb.com/rooms/31213767,https://a0.muscache.com/im/pictures/prohost-api/Hosting-31213767/original/7bfad22d-86fe-4e76-a2e7-671014b4ab7e.jpeg,31213767,1523702,39.4999,-106.1426,=AVERAGE($G$2:$G$501),=AVERAGE($D$2:$D$501),"=IFERROR(($AT103-G103)/$AT103,0)","=IFERROR(($AU103-D103)/$AU103,0)",=$AU103-D103
Copper One 2 Bedroom Condo #303,RedAwning,,71050,82986,592.08,47.62,290,2,2,6,false,false,false,true,true,false,false,Home/Apartment,Condominium (condo),Apt/Condo/Loft,0,0,1,21+,Luxury,false,167,true,120,35,2026-05-13,Frisco/Silverthorne,Frisco,Frisco,Colorado,80443,United States,mountains_lakes,https://www.airbnb.com/rooms/639220570248759206,https://a0.muscache.com/im/pictures/prohost-api/Hosting-639220570248759206/original/d7ebd13d-3427-4e7e-a6be-761dc40b0ed8.jpeg,639220570248759206,9695380ha,39.5022,-106.151,=AVERAGE($G$2:$G$501),=AVERAGE($D$2:$D$501),"=IFERROR(($AT104-G104)/$AT104,0)","=IFERROR(($AU104-D104)/$AU104,0)",=$AU104-D104
Copper One 2 Bedroom Condo #206,RedAwning,,70999,90896,763.43,42.66,229,2,2,6,false,false,true,true,false,false,false,Home/Apartment,Condominium (condo),Apt/Condo/Loft,0,0,1,21+,Luxury,false,167,true,93,31,2026-05-16,Frisco/Silverthorne,Frisco,Frisco,Colorado,80443,United States,mountains_lakes,https://www.airbnb.com/rooms/1217152550172766881,https://a0.muscache.com/im/pictures/prohost-api/Hosting-1217152550172766881/original/945a6a2f-cdab-4d06-93c3-3e4d986b8f0c.jpeg,1217152550172766881,9991172ha,39.5022,-106.151,=AVERAGE($G$2:$G$501),=AVERAGE($D$2:$D$501),"=IFERROR(($AT105-G105)/$AT105,0)","=IFERROR(($AU105-D105)/$AU105,0)",=$AU105-D105
Spruce Lodge 396 - 2 Bedroom condo with loft,Copper Vacations,,70795,77108,621.01,53.27,314,2,2,12,false,false,false,true,true,false,false,Home/Apartment,Condominium (condo),Apt/Condo/Loft,4.8,24,2,21+,Luxury,true,333,true,114,26,2026-05-13,Frisco/Silverthorne,Frisco,Frisco,Colorado,80443,United States,mountains_lakes,https://www.airbnb.com/rooms/707235200642966795,https://a0.muscache.com/im/pictures/prohost-api/Hosting-707235200642966795/original/bb4e35a3-bb56-4b0f-9d04-a1a1c5f5a6d9.jpeg,707235200642966795,9722267ha,39.4998,-106.1545,=AVERAGE($G$2:$G$501),=AVERAGE($D$2:$D$501),"=IFERROR(($AT106-G106)/$AT106,0)","=IFERROR(($AU106-D106)/$AU106,0)",=$AU106-D106
"Amazing Ski in/Ski out Condo, Pet Friendly. Very Spacious. CM236",SkyRun Vacation Rentals,,70708,80533,777.01,35.97,324,3,2,10,false,false,false,true,true,true,false,Home/Apartment,Condominium (condo),Apt/Condo/Loft,4.7,49,3,21+,Luxury,false,249,true,91,26,2026-05-17,Frisco/Silverthorne,Frisco,Frisco,Colorado,80443,United States,mountains_lakes,https://www.vrbo.com/271517,https://media.vrbo.com/lodging/22000000/21660000/21654900/21654816/2344868d.jpg?impolicy=resizecrop&rw=1200&ra=fit,,271517,39.49955,-106.15406,=AVERAGE($G$2:$G$501),=AVERAGE($D$2:$D$501),"=IFERROR(($AT107-G107)/$AT107,0)","=IFERROR(($AU107-D107)/$AU107,0)",=$AU107-D107
Mountain Plaza 3 Bedroom Condo #421/423,RedAwning,,70620,118885,802.5,45.6,243,3,3,10,false,false,false,true,true,false,false,Home/Apartment,Condominium (condo),Apt/Condo/Loft,4,1,1,21+,Luxury,false,196,true,88,24,2026-05-11,Frisco/Silverthorne,Frisco,Frisco,Colorado,80443,United States,mountains_lakes,https://www.airbnb.com/rooms/639241059861098704,https://a0.muscache.com/im/pictures/prohost-api/Hosting-639241059861098704/original/a4733897-f108-452d-8350-56847d793551.jpeg,639241059861098704,9696206ha,39.5022,-106.151,=AVERAGE($G$2:$G$501),=AVERAGE($D$2:$D$501),"=IFERROR(($AT108-G108)/$AT108,0)","=IFERROR(($AU108-D108)/$AU108,0)",=$AU108-D108
Union Creek 3 Bedroom Townhome #124c,RedAwning,,69696,131498,1161.6,38.46,288,3,2,9,false,false,true,true,true,false,false,Home/Apartment,Townhouse,Apt/Condo/Loft,3.5,2,1,21+,Luxury,false,197,true,60,18,2026-05-17,Frisco/Silverthorne,Frisco,Frisco,Colorado,80443,United States,mountains_lakes,https://www.airbnb.com/rooms/639256366436546710,https://a0.muscache.com/im/pictures/prohost-api/Hosting-639256366436546710/original/158ec54d-c042-4fdd-a839-e5210578c739.jpeg,639256366436546710,9695178ha,39.5006,-106.16,=AVERAGE($G$2:$G$501),=AVERAGE($D$2:$D$501),"=IFERROR(($AT109-G109)/$AT109,0)","=IFERROR(($AU109-D109)/$AU109,0)",=$AU109-D109
"Ski in Ski out, Amazing Views Condo in East VP211",SkyRun Vacation Rentals,,69111,69982,561.88,49.4,344,2,2,6,false,false,true,true,true,false,false,Home/Apartment,Condominium (condo),Apt/Condo/Loft,4.85,33,3,21+,Luxury,true,296,true,123,26,2026-05-11,Frisco/Silverthorne,Frisco,Frisco,Colorado,80443,United States,mountains_lakes,https://www.airbnb.com/rooms/1069064789982678817,https://a0.muscache.com/im/pictures/prohost-api/Hosting-1069064789982678817/original/550a01b2-af53-49d8-ace5-83a4a7b7c633.jpeg,1069064789982678817,3806908,39.4997,-106.1457,=AVERAGE($G$2:$G$501),=AVERAGE($D$2:$D$501),"=IFERROR(($AT110-G110)/$AT110,0)","=IFERROR(($AU110-D110)/$AU110,0)",=$AU110-D110
"Pet Friendly, Hot tub, Ski lockers, MP504",SkyRun Vacation Rentals,,68934,74361,644.24,47.98,266,2,3,8,false,true,true,true,true,true,false,Home/Apartment,Condominium (condo),Apt/Condo/Loft,4.7,10,3,21+,Luxury,true,316,true,107,28,2026-05-11,Frisco/Silverthorne,Frisco,Frisco,Colorado,80443,United States,mountains_lakes,https://www.airbnb.com/rooms/711590876054531819,https://a0.muscache.com/im/pictures/prohost-api/Hosting-711590876054531819/original/0ead2584-61b6-4e60-9403-41e717c25af0.jpeg,711590876054531819,,39.5006,-106.1555,=AVERAGE($G$2:$G$501),=AVERAGE($D$2:$D$501),"=IFERROR(($AT111-G111)/$AT111,0)","=IFERROR(($AU111-D111)/$AU111,0)",=$AU111-D111
Cache 1204,Copper Vacations,,68876,87278,748.65,46,321,3,3,8,false,false,true,true,true,false,false,Home/Apartment,Apartment,Apt/Condo/Loft,5,12,2,21+,Luxury,true,1438,true,92,23,2026-05-13,Frisco/Silverthorne,Frisco,Frisco,Colorado,80443,United States,mountains_lakes,https://www.airbnb.com/rooms/1295787438129730400,https://a0.muscache.com/im/pictures/prohost-api/Hosting-1295787438129730400/original/84b4774d-4fee-4f26-90f9-c458021345c4.jpeg,1295787438129730400,20077964ha,39.5004,-106.1616,=AVERAGE($G$2:$G$501),=AVERAGE($D$2:$D$501),"=IFERROR(($AT112-G112)/$AT112,0)","=IFERROR(($AU112-D112)/$AU112,0)",=$AU112-D112
Beeler Place 3 Bedroom Townhome #8,RedAwning,,68492,87015,1104.71,30.24,305,3,2,8,false,false,false,true,true,false,false,Home/Apartment,Townhouse,Apt/Condo/Loft,0,0,1,21+,Luxury,false,196,true,62,18,2026-05-14,Frisco/Silverthorne,Frisco,Frisco,Colorado,80443,United States,mountains_lakes,https://www.airbnb.com/rooms/1212940638625637353,https://a0.muscache.com/im/pictures/prohost-api/Hosting-1212940638625637353/original/65e15701-4431-42a5-8106-e113b1c557ce.jpeg,1212940638625637353,9991174ha,39.5022,-106.151,=AVERAGE($G$2:$G$501),=AVERAGE($D$2:$D$501),"=IFERROR(($AT113-G113)/$AT113,0)","=IFERROR(($AU113-D113)/$AU113,0)",=$AU113-D113
Tucker Mountain 2 Bedroom Condo #314/314a,RedAwning,,68371,97308,795.01,60.14,222,2,2,8,false,false,false,true,true,true,false,Home/Apartment,Condominium (condo),Apt/Condo/Loft,0,0,1,21+,Luxury,false,167,true,86,34,2026-05-13,Frisco/Silverthorne,Frisco,Frisco,Colorado,80443,United States,mountains_lakes,https://www.airbnb.com/rooms/639262028957487062,https://a0.muscache.com/im/pictures/prohost-api/Hosting-639262028957487062/original/f02680e4-41dd-44ca-b6c9-c6042180e1ec.jpeg,639262028957487062,,39.5022,-106.151,=AVERAGE($G$2:$G$501),=AVERAGE($D$2:$D$501),"=IFERROR(($AT114-G114)/$AT114,0)","=IFERROR(($AU114-D114)/$AU114,0)",=$AU114-D114
Centrally Located Condo in Copper Center Village,271657849,,68278,77095,413.81,55.18,318,1,1,6,false,false,false,true,true,true,false,Home/Apartment,Apartment,Apt/Condo/Loft,4.95,33,1,6-20,Luxury,true,148,true,165,57,2026-05-11,Frisco/Silverthorne,Frisco,Frisco,Colorado,80443,United States,mountains_lakes,https://www.airbnb.com/rooms/1198516462204077252,https://a0.muscache.com/im/pictures/hosting/Hosting-1198516462204077252/original/f6750708-495c-4c6b-8f21-f9286ca9ffa2.jpeg,1198516462204077252,,39.5022,-106.1564,=AVERAGE($G$2:$G$501),=AVERAGE($D$2:$D$501),"=IFERROR(($AT115-G115)/$AT115,0)","=IFERROR(($AU115-D115)/$AU115,0)",=$AU115-D115
Pet Friendly Four Bedroom Cross Creek Condo-CC102,Bighorn Rentals of Summit County,,67847,69689,595.15,97.44,142,4,5,12,false,false,true,true,true,true,true,Private Room,Condominium (condo),Apt/Condo/Loft,0,0,30,21+,Luxury,true,0,true,114,5,2026-05-11,Frisco/Silverthorne,Frisco,Frisco,Colorado,80443,United States,mountains_lakes,https://www.airbnb.com/rooms/1534237142018482144,https://a0.muscache.com/im/pictures/prohost-api/Hosting-1534237142018482144/original/1eec6566-42fb-408b-938b-1d0f609b18f8.jpeg,1534237142018482144,4902441,39.5771,-106.1068,=AVERAGE($G$2:$G$501),=AVERAGE($D$2:$D$501),"=IFERROR(($AT116-G116)/$AT116,0)","=IFERROR(($AU116-D116)/$AU116,0)",=$AU116-D116
"MC205 - 2 Bed, Ski In/Out in Center Village",Bighorn Rentals of Summit County,,67830,68649,551.46,45.22,343,2,2,6,false,true,true,true,true,false,false,Home/Apartment,Condominium (condo),Apt/Condo/Loft,4.7,26,5,21+,Luxury,true,230,true,123,30,2026-05-16,Frisco/Silverthorne,Frisco,Frisco,Colorado,80443,United States,mountains_lakes,https://www.airbnb.com/rooms/50483902,https://a0.muscache.com/im/pictures/prohost-api/Hosting-50483902/original/26afc883-eeca-46a6-973b-2e88bc17d5ff.jpeg,50483902,2357684,39.5007,-106.1563,=AVERAGE($G$2:$G$501),=AVERAGE($D$2:$D$501),"=IFERROR(($AT117-G117)/$AT117,0)","=IFERROR(($AU117-D117)/$AU117,0)",=$AU117-D117
Passage Point 2 Bedroom Condo #513,RedAwning,,67734,75099,816.07,37.05,321,2,2,6,false,false,false,true,false,false,false,Home/Apartment,Condominium (condo),Apt/Condo/Loft,0,0,1,21+,Luxury,false,167,true,83,23,2026-05-14,Frisco/Silverthorne,Frisco,Frisco,Colorado,80443,United States,mountains_lakes,https://www.airbnb.com/rooms/1298462516994580035,https://a0.muscache.com/im/pictures/prohost-api/Hosting-1298462516994580035/original/01bb5b75-d8a6-44d6-b396-5c49e2ac3591.png,1298462516994580035,20079612ha,39.5022,-106.151,=AVERAGE($G$2:$G$501),=AVERAGE($D$2:$D$501),"=IFERROR(($AT118-G118)/$AT118,0)","=IFERROR(($AU118-D118)/$AU118,0)",=$AU118-D118
Roomy Condo With Great Amenities,SkyRun Vacation Rentals,,66822,66822,581.06,50.66,360,2,3,6,false,true,true,true,true,false,false,Home/Apartment,Condominium (condo),Apt/Condo/Loft,4.8,46,3,21+,Luxury,true,289,true,115,27,2026-05-13,Frisco/Silverthorne,Frisco,Frisco,Colorado,80443,United States,mountains_lakes,https://www.airbnb.com/rooms/21901722,https://a0.muscache.com/im/pictures/prohost-api/Hosting-21901722/original/301d19b9-eb87-4529-80ef-2151f3f9c2f3.jpeg,21901722,1216895,39.5012,-106.155,=AVERAGE($G$2:$G$501),=AVERAGE($D$2:$D$501),"=IFERROR(($AT119-G119)/$AT119,0)","=IFERROR(($AU119-D119)/$AU119,0)",=$AU119-D119
Copper Mountain Inn 2 Bedroom Condo #221/225 by RedAwning,RedAwning,,66599,86117,622.42,42.13,287,1,2,8,false,false,false,false,true,false,false,Home/Apartment,Condominium (condo),Apt/Condo/Loft,5,1,21,21+,Luxury,false,169,true,107,37,2026-05-16,Frisco/Silverthorne,Frisco,Frisco,Colorado,80443,United States,mountains_lakes,https://www.vrbo.com/9695218ha,https://media.vrbo.com/lodging/79000000/78770000/78762400/78762301/63fb59a2.jpg?impolicy=resizecrop&rw=1200&ra=fit,,9695218ha,39.502155,-106.151007,=AVERAGE($G$2:$G$501),=AVERAGE($D$2:$D$501),"=IFERROR(($AT120-G120)/$AT120,0)","=IFERROR(($AU120-D120)/$AU120,0)",=$AU120-D120
Timber Creek 207 - 2 Bedroom condo,Copper Vacations,,66464,69094,609.76,53.69,307,2,2,6,false,false,true,true,true,false,false,Home/Apartment,Condominium (condo),Apt/Condo/Loft,4.75,37,2,21+,Luxury,true,335,true,109,24,2026-05-11,Frisco/Silverthorne,Frisco,Frisco,Colorado,80443,United States,mountains_lakes,https://www.airbnb.com/rooms/755769726399757184,https://a0.muscache.com/im/pictures/prohost-api/Hosting-755769726399757184/original/4895f1af-536d-416d-83a7-36f7ee1c7ef1.jpeg,755769726399757184,9732558ha,39.4998,-106.1533,=AVERAGE($G$2:$G$501),=AVERAGE($D$2:$D$501),"=IFERROR(($AT121-G121)/$AT121,0)","=IFERROR(($AU121-D121)/$AU121,0)",=$AU121-D121
"Luxury Remodeled Condo, Short Walk to Lifts.",SkyRun Vacation Rentals,,66395,81990,677.5,49.49,276,2,2,7,false,true,true,true,true,false,false,Home/Apartment,Condominium (condo),Apt/Condo/Loft,4.9,38,3,21+,Luxury,true,304,true,98,23,2026-05-13,Frisco/Silverthorne,Frisco,Frisco,Colorado,80443,United States,mountains_lakes,https://www.airbnb.com/rooms/22021092,https://a0.muscache.com/im/pictures/prohost-api/Hosting-22021092/original/2d20e4b5-4f7b-4565-99ae-4c706c6913a0.jpeg,22021092,1220509,39.5017,-106.157,=AVERAGE($G$2:$G$501),=AVERAGE($D$2:$D$501),"=IFERROR(($AT122-G122)/$AT122,0)","=IFERROR(($AU122-D122)/$AU122,0)",=$AU122-D122
Copper Springs 3 Bedroom Condo #131,RedAwning,,66093,70469,971.96,28.45,306,3,3,6,false,false,false,true,true,false,false,Home/Apartment,Condominium (condo),Apt/Condo/Loft,1,1,1,21+,Luxury,false,195,true,68,20,2026-05-13,Frisco/Silverthorne,Frisco,Frisco,Colorado,80443,United States,mountains_lakes,https://www.airbnb.com/rooms/614275069911090638,https://a0.muscache.com/im/pictures/prohost-api/Hosting-614275069911090638/original/c22bfc72-2173-4651-bb69-92107d93df90.jpeg,614275069911090638,9695153ha,39.501,-106.145,=AVERAGE($G$2:$G$501),=AVERAGE($D$2:$D$501),"=IFERROR(($AT123-G123)/$AT123,0)","=IFERROR(($AU123-D123)/$AU123,0)",=$AU123-D123
Frisco Pet-Friendly 3BR TH - Short Drive to Breck,Visit Breck,,65881,73959,878.41,33.94,260,3,5,10,false,false,true,true,true,true,false,Home/Apartment,Townhouse,Apt/Condo/Loft,5,43,3,21+,Luxury,false,302,false,75,14,2025-06-13,Frisco/Silverthorne,Frisco,Frisco,Colorado,80443,United States,mountains_lakes,https://www.airbnb.com/rooms/1411774783373330585,https://a0.muscache.com/im/pictures/prohost-api/Hosting-1411774783373330585/original/c3cb432e-149a-48a1-8dc4-7315409511a0.jpeg,1411774783373330585,3003563,39.585173,-106.099266,=AVERAGE($G$2:$G$501),=AVERAGE($D$2:$D$501),"=IFERROR(($AT124-G124)/$AT124,0)","=IFERROR(($AU124-D124)/$AU124,0)",=$AU124-D124
"Dog Friendly, Private Townhome, Great Views WD21",SkyRun Vacation Rentals,,65801,86413,723.09,64.54,158,3,2,6,false,true,false,true,true,true,false,Home/Apartment,Townhouse,Apt/Condo/Loft,4.85,26,3,21+,Luxury,true,409,true,91,17,2026-05-17,Frisco/Silverthorne,Frisco,Frisco,Colorado,80443,United States,mountains_lakes,https://www.airbnb.com/rooms/712117903957772230,https://a0.muscache.com/im/pictures/prohost-api/Hosting-712117903957772230/original/13bae563-2688-4659-8766-f209f89262f9.jpeg,712117903957772230,3015881,39.502,-106.1436,=AVERAGE($G$2:$G$501),=AVERAGE($D$2:$D$501),"=IFERROR(($AT125-G125)/$AT125,0)","=IFERROR(($AU125-D125)/$AU125,0)",=$AU125-D125
Mountain Plaza 2 Bedroom Condo #521,RedAwning,,65774,100329,707.25,39.91,271,2,2,7,false,false,false,true,true,false,false,Home/Apartment,Condominium (condo),Apt/Condo/Loft,0,0,1,21+,Luxury,false,195,true,93,25,2026-05-13,Frisco/Silverthorne,Frisco,Frisco,Colorado,80443,United States,mountains_lakes,https://www.airbnb.com/rooms/639270032082138658,https://a0.muscache.com/im/pictures/prohost-api/Hosting-639270032082138658/original/8e824be8-d046-45c1-9524-308a50f14e19.jpeg,639270032082138658,9696187ha,39.5021,-106.151,=AVERAGE($G$2:$G$501),=AVERAGE($D$2:$D$501),"=IFERROR(($AT126-G126)/$AT126,0)","=IFERROR(($AU126-D126)/$AU126,0)",=$AU126-D126
Copper One 2 Bedroom Condo #305,RedAwning,,65563,97904,1057.47,38.75,262,2,2,7,false,false,false,true,true,false,false,Home/Apartment,Condominium (condo),Apt/Condo/Loft,0,0,1,21+,Luxury,false,167,true,62,17,2026-05-16,Frisco/Silverthorne,Frisco,Frisco,Colorado,80443,United States,mountains_lakes,https://www.airbnb.com/rooms/639266435273247515,https://a0.muscache.com/im/pictures/prohost-api/Hosting-639266435273247515/original/0ca0ef15-a924-471e-9480-8811a30ab417.jpeg,639266435273247515,9696148ha,39.5022,-106.151,=AVERAGE($G$2:$G$501),=AVERAGE($D$2:$D$501),"=IFERROR(($AT127-G127)/$AT127,0)","=IFERROR(($AU127-D127)/$AU127,0)",=$AU127-D127
Summit House 2 Bedroom Condo #504,RedAwning,,65016,78287,783.33,49.7,267,2,2,7,false,false,false,true,false,false,false,Home/Apartment,Condominium (condo),Apt/Condo/Loft,0,0,1,21+,Luxury,false,164,true,83,19,2026-05-16,Frisco/Silverthorne,Frisco,Frisco,Colorado,80443,United States,mountains_lakes,https://www.airbnb.com/rooms/1298464216796176018,https://a0.muscache.com/im/pictures/prohost-api/Hosting-1298464216796176018/original/59f86a26-a984-4587-9106-e0cbf1111cd4.png,1298464216796176018,20079614ha,39.5022,-106.151,=AVERAGE($G$2:$G$501),=AVERAGE($D$2:$D$501),"=IFERROR(($AT128-G128)/$AT128,0)","=IFERROR(($AU128-D128)/$AU128,0)",=$AU128-D128
Foxpine 2 Bedroom Condo #212/214/216,RedAwning,,64781,83498,526.67,46.24,278,2,3,6,false,false,false,true,true,false,false,Home/Apartment,Condominium (condo),Apt/Condo/Loft,0,0,1,21+,Luxury,false,167,true,123,42,2026-05-13,Frisco/Silverthorne,Frisco,Frisco,Colorado,80443,United States,mountains_lakes,https://www.airbnb.com/rooms/639258348454817589,https://a0.muscache.com/im/pictures/prohost-api/Hosting-639258348454817589/original/3a9a2a1c-a3cf-446a-9fc1-ec3cf9a72dd5.jpeg,639258348454817589,9695090ha,39.5022,-106.151,=AVERAGE($G$2:$G$501),=AVERAGE($D$2:$D$501),"=IFERROR(($AT129-G129)/$AT129,0)","=IFERROR(($AU129-D129)/$AU129,0)",=$AU129-D129
"Beautiful Mountain Condo 1 Minute to Lift, Hot Tub",SkyRun Vacation Rentals,,64721,66408,851.59,42.22,336,3,2,7,false,true,true,true,true,false,false,Home/Apartment,Condominium (condo),Apt/Condo/Loft,4.8,71,3,21+,Luxury,true,378,true,76,17,2026-05-13,Frisco/Silverthorne,Frisco,Frisco,Colorado,80443,United States,mountains_lakes,https://www.airbnb.com/rooms/16313109,https://a0.muscache.com/im/pictures/prohost-api/Hosting-16313109/original/c0d5803c-43e6-4ca4-b25e-ed708a291b61.jpeg,16313109,923738,39.5004,-106.1478,=AVERAGE($G$2:$G$501),=AVERAGE($D$2:$D$501),"=IFERROR(($AT130-G130)/$AT130,0)","=IFERROR(($AU130-D130)/$AU130,0)",=$AU130-D130
New Listing! Ski in/out Center Village Condo Indoo,SkyRun Vacation Rentals,,64573,79709,896.85,44.72,306,3,3,10,false,false,false,true,true,true,false,Home/Apartment,Condominium (condo),Apt/Condo/Loft,4.35,13,3,21+,Luxury,true,368,true,72,18,2026-05-16,Frisco/Silverthorne,Frisco,Frisco,Colorado,80443,United States,mountains_lakes,https://www.airbnb.com/rooms/590151198524442076,https://a0.muscache.com/im/pictures/prohost-api/Hosting-590151198524442076/original/63118599-225f-4837-b073-5f589a1c609f.jpeg,590151198524442076,2726570,39.4996,-106.1539,=AVERAGE($G$2:$G$501),=AVERAGE($D$2:$D$501),"=IFERROR(($AT131-G131)/$AT131,0)","=IFERROR(($AU131-D131)/$AU131,0)",=$AU131-D131
Copper One 2 Bedroom Condo #306,RedAwning,,63972,89259,789.78,37.67,260,2,2,6,false,false,false,true,true,false,false,Home/Apartment,Condominium (condo),Apt/Condo/Loft,0,0,1,21+,Luxury,false,164,true,81,24,2026-05-16,Frisco/Silverthorne,Frisco,Frisco,Colorado,80443,United States,mountains_lakes,https://www.airbnb.com/rooms/692555145791963453,https://a0.muscache.com/im/pictures/prohost-api/Hosting-692555145791963453/original/c78b02f7-6f79-499c-8768-d39fe49ce691.jpeg,692555145791963453,,39.4999,-106.1573,=AVERAGE($G$2:$G$501),=AVERAGE($D$2:$D$501),"=IFERROR(($AT132-G132)/$AT132,0)","=IFERROR(($AU132-D132)/$AU132,0)",=$AU132-D132
Passage Point 2 Bedroom Condo #119,RedAwning,,63939,97665,940.28,40.48,271,2,2,8,false,false,false,true,true,false,false,Home/Apartment,Condominium (condo),Apt/Condo/Loft,0,0,1,21+,Luxury,false,165,true,68,20,2026-05-11,Frisco/Silverthorne,Frisco,Frisco,Colorado,80443,United States,mountains_lakes,https://www.airbnb.com/rooms/639272307644686131,https://a0.muscache.com/im/pictures/prohost-api/Hosting-639272307644686131/original/7d1661c7-a25f-40a4-802a-c0dd0aa7356a.jpeg,639272307644686131,9696128ha,39.5022,-106.151,=AVERAGE($G$2:$G$501),=AVERAGE($D$2:$D$501),"=IFERROR(($AT133-G133)/$AT133,0)","=IFERROR(($AU133-D133)/$AU133,0)",=$AU133-D133
Mountain Plaza 2 Bedroom Condo #603,RedAwning,,63428,109567,792.85,40.61,271,2,3,10,false,false,false,true,false,false,false,Home/Apartment,Condominium (condo),Apt/Condo/Loft,0,0,1,21+,Luxury,false,168,true,80,24,2026-05-14,Frisco/Silverthorne,Frisco,Frisco,Colorado,80443,United States,mountains_lakes,https://www.airbnb.com/rooms/1304994044398947597,https://a0.muscache.com/im/pictures/prohost-api/Hosting-1304994044398947597/original/2d064a81-3171-4275-bf8e-0387aa19eb79.jpeg,1304994044398947597,20082350ha,39.5022,-106.151,=AVERAGE($G$2:$G$501),=AVERAGE($D$2:$D$501),"=IFERROR(($AT134-G134)/$AT134,0)","=IFERROR(($AU134-D134)/$AU134,0)",=$AU134-D134
213 County Road 1041,Summit County Mountain Retreats,,63091,127284,1342.36,46.53,252,5,7,14,false,false,true,true,true,false,false,Home/Apartment,House,House/villa,4.45,73,3,21+,Luxury,false,832,true,47,11,2026-05-16,Frisco/Silverthorne,Frisco,Frisco,Colorado,80443,United States,mountains_lakes,https://www.airbnb.com/rooms/47201225,https://a0.muscache.com/im/pictures/prohost-api/Hosting-47201225/original/8e812bdb-8f25-4ce7-ba7d-fe63649de4a8.jpeg,47201225,2141711,39.5839,-106.0992,=AVERAGE($G$2:$G$501),=AVERAGE($D$2:$D$501),"=IFERROR(($AT135-G135)/$AT135,0)","=IFERROR(($AU135-D135)/$AU135,0)",=$AU135-D135
Luxe Townhouse - Steps from Main St & Shuttle,157423555,,62705,69067,764.7,39.42,319,2,2,8,false,false,false,true,true,true,false,Home/Apartment,Townhouse,Apt/Condo/Loft,4.95,83,3,2-5,Luxury,false,275,false,82,17,2026-05-13,Frisco/Silverthorne,Frisco,Frisco,Colorado,80443,United States,mountains_lakes,https://www.airbnb.com/rooms/41152725,https://a0.muscache.com/im/pictures/miso/Hosting-41152725/original/afd9dea9-13a0-497e-9dd2-0cd55d615358.jpeg,41152725,9082415ha,39.5768,-106.0964,=AVERAGE($G$2:$G$501),=AVERAGE($D$2:$D$501),"=IFERROR(($AT136-G136)/$AT136,0)","=IFERROR(($AU136-D136)/$AU136,0)",=$AU136-D136
"Spacious, Center Village, Extra Sleeping VS741",SkyRun Vacation Rentals,,62678,93161,847,35.24,290,3,3,10,false,false,true,true,true,false,false,Home/Apartment,Condominium (condo),Apt/Condo/Loft,4.6,12,3,21+,Luxury,true,409,true,74,19,2026-05-13,Frisco/Silverthorne,Frisco,Frisco,Colorado,80443,United States,mountains_lakes,https://www.airbnb.com/rooms/1239879603472639942,https://a0.muscache.com/im/pictures/prohost-api/Hosting-1239879603472639942/original/8dd70e81-1652-4726-8691-86909802f6ea.jpeg,1239879603472639942,4182517,39.5013,-106.155,=AVERAGE($G$2:$G$501),=AVERAGE($D$2:$D$501),"=IFERROR(($AT137-G137)/$AT137,0)","=IFERROR(($AU137-D137)/$AU137,0)",=$AU137-D137
Timber Creek 205 - 2 bedroom + loft condo,Copper Vacations,,62638,64274,680.85,53.8,352,2,2,8,false,false,true,true,true,false,false,Home/Apartment,Condominium (condo),Apt/Condo/Loft,4.6,53,2,21+,Luxury,true,334,true,92,20,2026-05-13,Frisco/Silverthorne,Frisco,Frisco,Colorado,80443,United States,mountains_lakes,https://www.airbnb.com/rooms/43957515,https://a0.muscache.com/im/pictures/prohost-api/Hosting-43957515/original/46ed4600-7bc7-47dc-aa3e-cb6c99fe188b.jpeg,43957515,9125114ha,39.4996,-106.15327,=AVERAGE($G$2:$G$501),=AVERAGE($D$2:$D$501),"=IFERROR(($AT138-G138)/$AT138,0)","=IFERROR(($AU138-D138)/$AU138,0)",=$AU138-D138
Passage Point 1 Bedroom Condo #621,RedAwning,,62637,85258,645.74,47.09,292,1,1,4,false,false,false,true,false,true,false,Home/Apartment,Condominium (condo),Apt/Condo/Loft,5,1,1,21+,Luxury,false,135,true,97,32,2026-03-30,Frisco/Silverthorne,Frisco,Frisco,Colorado,80443,United States,mountains_lakes,https://www.airbnb.com/rooms/639255351137454564,https://a0.muscache.com/im/pictures/prohost-api/Hosting-639255351137454564/original/e3d24152-b68b-4d58-b2c5-17590b3d33f6.jpeg,639255351137454564,9696170ha,39.5022,-106.151,=AVERAGE($G$2:$G$501),=AVERAGE($D$2:$D$501),"=IFERROR(($AT139-G139)/$AT139,0)","=IFERROR(($AU139-D139)/$AU139,0)",=$AU139-D139
Lodge at Copper 1 Bedroom + Den Condo #304,RedAwning,,62616,71559,585.2,43.85,295,1,1,6,false,false,false,true,false,false,false,Home/Apartment,Condominium (condo),Apt/Condo/Loft,0,0,1,21+,Luxury,false,136,true,107,28,2026-05-14,Frisco/Silverthorne,Frisco,Frisco,Colorado,80443,United States,mountains_lakes,https://www.airbnb.com/rooms/1405003283516868640,https://a0.muscache.com/im/pictures/prohost-api/Hosting-1405003283516868640/original/bba7d52f-c622-491c-ba86-3a3eebe1649f.jpeg,1405003283516868640,9695351ha,39.5022,-106.151,=AVERAGE($G$2:$G$501),=AVERAGE($D$2:$D$501),"=IFERROR(($AT140-G140)/$AT140,0)","=IFERROR(($AU140-D140)/$AU140,0)",=$AU140-D140
"Spacious Town Home, Short Walk to Lifts",SkyRun Vacation Rentals,,62462,81753,1452.6,31.85,207,3,2,8,false,true,true,true,true,false,false,Home/Apartment,Townhouse,Apt/Condo/Loft,4.55,14,3,21+,Luxury,true,551,true,43,11,2026-05-13,Frisco/Silverthorne,Frisco,Frisco,Colorado,80443,United States,mountains_lakes,https://www.airbnb.com/rooms/50492705,https://a0.muscache.com/im/pictures/prohost-api/Hosting-50492705/original/aa237af9-2abc-477e-a96a-4bc35bf7f388.jpeg,50492705,2357993,39.4999,-106.1601,=AVERAGE($G$2:$G$501),=AVERAGE($D$2:$D$501),"=IFERROR(($AT141-G141)/$AT141,0)","=IFERROR(($AU141-D141)/$AU141,0)",=$AU141-D141
Dog Friendly Incredible Ski-in/Ski-out Condo CM329,SkyRun Vacation Rentals,,62327,65424,741.99,44.92,341,2,2,8,false,true,false,true,true,true,false,Home/Apartment,Condominium (condo),Apt/Condo/Loft,4.85,5,3,21+,Luxury,true,300,true,84,22,2026-05-13,Frisco/Silverthorne,Frisco,Frisco,Colorado,80443,United States,mountains_lakes,https://www.airbnb.com/rooms/915253068218431361,https://a0.muscache.com/im/pictures/prohost-api/Hosting-915253068218431361/original/767cbc28-7033-4c1a-9b08-da6609740a46.jpeg,915253068218431361,3465606,39.4995,-106.1541,=AVERAGE($G$2:$G$501),=AVERAGE($D$2:$D$501),"=IFERROR(($AT142-G142)/$AT142,0)","=IFERROR(($AU142-D142)/$AU142,0)",=$AU142-D142
Tucker Mountain 1 Bedroom Condo #425,RedAwning,,62222,67208,634.92,36.7,330,1,1,4,false,false,false,true,true,false,false,Home/Apartment,Condominium (condo),Apt/Condo/Loft,0,0,1,21+,Luxury,false,135,true,98,31,2026-05-13,Frisco/Silverthorne,Frisco,Frisco,Colorado,80443,United States,mountains_lakes,https://www.airbnb.com/rooms/639256509795638245,https://a0.muscache.com/im/pictures/prohost-api/Hosting-639256509795638245/original/4a3c6acc-5588-4e3c-803f-7ee2508f0bcc.jpeg,639256509795638245,9695176ha,39.5022,-106.151,=AVERAGE($G$2:$G$501),=AVERAGE($D$2:$D$501),"=IFERROR(($AT143-G143)/$AT143,0)","=IFERROR(($AU143-D143)/$AU143,0)",=$AU143-D143
"Dog Friendly, Ski in/out, Center Village CM325",SkyRun Vacation Rentals,,61910,86903,1086.14,34.97,307,3,3,12,false,true,false,true,true,true,false,Home/Apartment,Condominium (condo),Apt/Condo/Loft,4.9,15,3,21+,Luxury,true,404,true,57,17,2026-05-13,Frisco/Silverthorne,Frisco,Frisco,Colorado,80443,United States,mountains_lakes,https://www.airbnb.com/rooms/923077819720197468,https://a0.muscache.com/im/pictures/prohost-api/Hosting-923077819720197468/original/e5b80ec9-224c-423c-b56c-7f39dd1497f1.jpeg,923077819720197468,3454840,39.4995,-106.154,=AVERAGE($G$2:$G$501),=AVERAGE($D$2:$D$501),"=IFERROR(($AT144-G144)/$AT144,0)","=IFERROR(($AU144-D144)/$AU144,0)",=$AU144-D144
"Remodeled! 2 Kings + Slope Views, Copper One",Skis and Seas Vacation Rentals,,61868,69953,695.15,41.59,340,2,2,6,false,true,false,true,false,false,false,Home/Apartment,Condominium (condo),Apt/Condo/Loft,4.75,83,2,21+,Luxury,true,203,true,89,24,2026-05-13,Frisco/Silverthorne,Frisco,Frisco,Colorado,80443,United States,mountains_lakes,https://www.airbnb.com/rooms/4814077,https://a0.muscache.com/im/pictures/prohost-api/Hosting-4814077/original/2306da0b-3e95-41d8-ad92-6d41569f2ba3.jpeg,4814077,557497,39.5001,-106.1563,=AVERAGE($G$2:$G$501),=AVERAGE($D$2:$D$501),"=IFERROR(($AT145-G145)/$AT145,0)","=IFERROR(($AU145-D145)/$AU145,0)",=$AU145-D145
Greens at Copper #318,Summit County Mountain Retreats,,61840,88520,438.58,75,235,2,2,6,false,false,false,true,true,true,false,Home/Apartment,Apartment,Apt/Condo/Loft,4.15,7,1,21+,Luxury,false,234,true,141,24,2026-05-11,Frisco/Silverthorne,Frisco,Frisco,Colorado,80443,United States,mountains_lakes,https://www.airbnb.com/rooms/1241412306807298231,https://a0.muscache.com/im/pictures/hosting/Hosting-U3RheVN1cHBseUxpc3Rpbmc6MTI0MTQxMjMwNjgwNzI5ODIzMQ==/original/bf54a682-9f3a-4cc2-b0e6-1dd4dbf04661.jpeg,1241412306807298231,4167759,39.5001,-106.1448,=AVERAGE($G$2:$G$501),=AVERAGE($D$2:$D$501),"=IFERROR(($AT146-G146)/$AT146,0)","=IFERROR(($AU146-D146)/$AU146,0)",=$AU146-D146
Mountain Plaza 3 Bedroom Condo #703/704,RedAwning,,61665,123255,752.01,47.4,193,3,3,10,false,false,false,true,true,false,false,Home/Apartment,Condominium (condo),Apt/Condo/Loft,0,0,1,21+,Luxury,false,195,true,82,24,2026-05-11,Frisco/Silverthorne,Frisco,Frisco,Colorado,80443,United States,mountains_lakes,https://www.airbnb.com/rooms/639243802141868531,https://a0.muscache.com/im/pictures/prohost-api/Hosting-639243802141868531/original/05bb246a-e695-4583-a8ec-50cb0b2ee7b0.jpeg,639243802141868531,9696202ha,39.5011,-106.1546,=AVERAGE($G$2:$G$501),=AVERAGE($D$2:$D$501),"=IFERROR(($AT147-G147)/$AT147,0)","=IFERROR(($AU147-D147)/$AU147,0)",=$AU147-D147
Huge Ski In/Ski Out Condo. CM116,SkyRun Vacation Rentals,,61636,62363,933.88,42.86,353,2,3,12,false,false,false,true,true,false,false,Home/Apartment,Condominium (condo),Apt/Condo/Loft,4.4,37,3,21+,Luxury,true,366,true,66,17,2026-05-16,Frisco/Silverthorne,Frisco,Frisco,Colorado,80443,United States,mountains_lakes,https://www.airbnb.com/rooms/16313058,https://a0.muscache.com/im/pictures/prohost-api/Hosting-16313058/original/6cbd33b2-1e06-4718-b314-472c0a9e2d3d.jpeg,16313058,4223289,39.4995,-106.1537,=AVERAGE($G$2:$G$501),=AVERAGE($D$2:$D$501),"=IFERROR(($AT148-G148)/$AT148,0)","=IFERROR(($AU148-D148)/$AU148,0)",=$AU148-D148
Timber Creek 1 Bedroom + Loft  Condo #101,RedAwning,,61160,73021,546.07,53.59,316,1,2,6,false,false,false,true,false,false,false,Home/Apartment,Condominium (condo),Apt/Condo/Loft,4,1,1,21+,Luxury,false,134,true,112,30,2026-05-14,Frisco/Silverthorne,Frisco,Frisco,Colorado,80443,United States,mountains_lakes,https://www.airbnb.com/rooms/1334700776341719104,https://a0.muscache.com/im/pictures/prohost-api/Hosting-1334700776341719104/original/f2a770e5-de80-4beb-bcc0-96fc487ff011.png,1334700776341719104,20100166ha,39.5022,-106.151,=AVERAGE($G$2:$G$501),=AVERAGE($D$2:$D$501),"=IFERROR(($AT149-G149)/$AT149,0)","=IFERROR(($AU149-D149)/$AU149,0)",=$AU149-D149
Bridge End 2 Bedroom Condo #208/208a,RedAwning,,61082,89966,718.61,40.09,271,2,2,8,false,false,false,true,true,false,false,Home/Apartment,Condominium (condo),Apt/Condo/Loft,0,0,1,21+,Luxury,false,170,true,85,24,2026-05-16,Frisco/Silverthorne,Frisco,Frisco,Colorado,80443,United States,mountains_lakes,https://www.airbnb.com/rooms/639234847922830114,https://a0.muscache.com/im/pictures/prohost-api/Hosting-639234847922830114/original/e2ececfa-d4a4-4694-a685-975958383061.jpeg,639234847922830114,9696194ha,39.5022,-106.151,=AVERAGE($G$2:$G$501),=AVERAGE($D$2:$D$501),"=IFERROR(($AT150-G150)/$AT150,0)","=IFERROR(($AU150-D150)/$AU150,0)",=$AU150-D150
Mountain Plaza 2 Bedroom Condo #409,RedAwning,,61080,81245,727.14,37.67,268,2,2,8,false,false,false,true,false,true,false,Home/Apartment,Condominium (condo),Apt/Condo/Loft,5,2,1,21+,Luxury,false,166,true,84,20,2026-05-11,Frisco/Silverthorne,Frisco,Frisco,Colorado,80443,United States,mountains_lakes,https://www.airbnb.com/rooms/639246223662974815,https://a0.muscache.com/im/pictures/prohost-api/Hosting-639246223662974815/original/acafd5de-81de-4461-88fd-ab892cb37ff6.jpeg,639246223662974815,9696190ha,39.5021,-106.151,=AVERAGE($G$2:$G$501),=AVERAGE($D$2:$D$501),"=IFERROR(($AT151-G151)/$AT151,0)","=IFERROR(($AU151-D151)/$AU151,0)",=$AU151-D151
Ski In/Out Penthouse - Copper Mtn - Brand New!,165945017,,61041,66366,726.68,43.98,310,2,2,6,false,false,false,true,true,false,false,Home/Apartment,Condominium (condo),Apt/Condo/Loft,5,66,2,2-5,Luxury,false,200,false,84,25,2026-05-13,Frisco/Silverthorne,Frisco,Frisco,Colorado,80443,United States,mountains_lakes,https://www.airbnb.com/rooms/778279370963996948,https://a0.muscache.com/im/pictures/miso/Hosting-778279370963996948/original/dde53a77-6a6c-4d02-9deb-a09a8ed0caa3.png,778279370963996948,9359215ha,39.5002,-106.1549,=AVERAGE($G$2:$G$501),=AVERAGE($D$2:$D$501),"=IFERROR(($AT152-G152)/$AT152,0)","=IFERROR(($AU152-D152)/$AU152,0)",=$AU152-D152
Tucker Mountain 2 Bedroom Condo #107/107a,RedAwning,,61032,91398,604.28,48.1,284,2,2,8,false,false,false,true,true,false,false,Home/Apartment,Condominium (condo),Apt/Condo/Loft,0,0,1,21+,Luxury,false,164,true,101,30,2026-05-13,Frisco/Silverthorne,Frisco,Frisco,Colorado,80443,United States,mountains_lakes,https://www.airbnb.com/rooms/639221440997034759,https://a0.muscache.com/im/pictures/prohost-api/Hosting-639221440997034759/original/6f77e182-cb54-4a9c-a013-786a82180403.jpeg,639221440997034759,9695156ha,39.5022,-106.151,=AVERAGE($G$2:$G$501),=AVERAGE($D$2:$D$501),"=IFERROR(($AT153-G153)/$AT153,0)","=IFERROR(($AU153-D153)/$AU153,0)",=$AU153-D153
Copper One 2 Bedroom Condo #411/411a,RedAwning,,60975,103858,575.24,51.96,231,2,2,8,false,false,false,true,true,false,false,Home/Apartment,Condominium (condo),Apt/Condo/Loft,0,0,1,21+,Luxury,false,167,true,106,34,2026-05-14,Frisco/Silverthorne,Frisco,Frisco,Colorado,80443,United States,mountains_lakes,https://www.airbnb.com/rooms/614277962952177061,https://a0.muscache.com/im/pictures/prohost-api/Hosting-614277962952177061/original/63168b24-29e4-4606-a1f7-21bbb351edaa.jpeg,614277962952177061,9695354ha,39.5022,-106.151,=AVERAGE($G$2:$G$501),=AVERAGE($D$2:$D$501),"=IFERROR(($AT154-G154)/$AT154,0)","=IFERROR(($AU154-D154)/$AU154,0)",=$AU154-D154
Passage Point 2 Bedroom Condo #204,RedAwning,,60889,80983,676.54,41.1,277,2,2,8,false,false,false,true,true,false,false,Home/Apartment,Condominium (condo),Apt/Condo/Loft,4,1,1,21+,Luxury,false,165,true,90,20,2026-05-13,Frisco/Silverthorne,Frisco,Frisco,Colorado,80443,United States,mountains_lakes,https://www.airbnb.com/rooms/639225789241598259,https://a0.muscache.com/im/pictures/prohost-api/Hosting-639225789241598259/original/611235fc-4db6-4b05-8cec-1eb178fb9f1a.jpeg,639225789241598259,9695343ha,39.5022,-106.151,=AVERAGE($G$2:$G$501),=AVERAGE($D$2:$D$501),"=IFERROR(($AT155-G155)/$AT155,0)","=IFERROR(($AU155-D155)/$AU155,0)",=$AU155-D155
Copper One Studio  #401,RedAwning,,60809,68437,402.71,58.08,312,,1,4,false,false,false,true,true,false,false,Home/Apartment,Condominium (condo),Apt/Condo/Loft,0,0,1,21+,Luxury,false,104,true,151,35,2026-05-16,Frisco/Silverthorne,Frisco,Frisco,Colorado,80443,United States,mountains_lakes,https://www.airbnb.com/rooms/639256686961108332,https://a0.muscache.com/im/pictures/prohost-api/Hosting-639256686961108332/original/5592f9ac-3fe6-42f6-921c-0a902bf04120.jpeg,639256686961108332,9695174ha,39.5022,-106.151,=AVERAGE($G$2:$G$501),=AVERAGE($D$2:$D$501),"=IFERROR(($AT156-G156)/$AT156,0)","=IFERROR(($AU156-D156)/$AU156,0)",=$AU156-D156
Ten Mile Haus A3 - 3 bedroom condo,Copper Vacations,,60801,69587,668.14,42.13,314,3,2,8,false,false,false,true,true,false,false,Home/Apartment,Condominium (condo),Apt/Condo/Loft,4.4,56,2,21+,Luxury,true,335,true,91,22,2026-05-11,Frisco/Silverthorne,Frisco,Frisco,Colorado,80443,United States,mountains_lakes,https://www.airbnb.com/rooms/20521845,https://a0.muscache.com/im/pictures/prohost-api/Hosting-20521845/original/bcd83a81-6abe-4091-be67-4b2fb97ca22c.jpeg,20521845,3654511ha,39.5008,-106.15421,=AVERAGE($G$2:$G$501),=AVERAGE($D$2:$D$501),"=IFERROR(($AT157-G157)/$AT157,0)","=IFERROR(($AU157-D157)/$AU157,0)",=$AU157-D157
Tucker Mountain 1 Bedroom + Den Condo #519,RedAwning,,60659,62708,689.31,31.88,334,1,2,6,false,false,false,true,true,false,false,Home/Apartment,Condominium (condo),Apt/Condo/Loft,5,1,1,21+,Luxury,false,136,true,88,26,2026-05-13,Frisco/Silverthorne,Frisco,Frisco,Colorado,80443,United States,mountains_lakes,https://www.airbnb.com/rooms/692552919036386535,https://a0.muscache.com/im/pictures/prohost-api/Hosting-692552919036386535/original/bd55b668-de3b-43a8-bb27-845d17b0a09b.jpeg,692552919036386535,,39.5005,-106.1573,=AVERAGE($G$2:$G$501),=AVERAGE($D$2:$D$501),"=IFERROR(($AT158-G158)/$AT158,0)","=IFERROR(($AU158-D158)/$AU158,0)",=$AU158-D158
Pet Friendly/Hot Tub/Next to Lift AN202,SkyRun Vacation Rentals,,60517,84296,555.2,47.81,301,2,2,6,false,false,true,false,true,true,false,Home/Apartment,Condominium (condo),Apt/Condo/Loft,4.6,10,3,21+,Luxury,true,334,false,109,33,2026-05-13,Frisco/Silverthorne,Frisco,Frisco,Colorado,80443,United States,mountains_lakes,https://www.airbnb.com/rooms/1348665972922442485,https://a0.muscache.com/im/pictures/prohost-api/Hosting-1348665972922442485/original/89db671f-1295-41af-bdf9-3b54f5a55a0c.jpeg,1348665972922442485,4415530,39.4999899853,-106.1483667162,=AVERAGE($G$2:$G$501),=AVERAGE($D$2:$D$501),"=IFERROR(($AT159-G159)/$AT159,0)","=IFERROR(($AU159-D159)/$AU159,0)",=$AU159-D159
Mountain Plaza 1 Bedroom Condo #320,RedAwning,,60509,80120,508.48,44.24,307,1,2,6,false,false,true,true,false,false,false,Home/Apartment,Condominium (condo),Apt/Condo/Loft,0,0,1,21+,Luxury,false,136,true,119,31,2026-05-14,Frisco/Silverthorne,Frisco,Frisco,Colorado,80443,United States,mountains_lakes,https://www.airbnb.com/rooms/1212936742684858927,https://a0.muscache.com/im/pictures/prohost-api/Hosting-1212936742684858927/original/4b2bbbaf-2c8d-47e2-b487-33ff0d58cc3d.jpeg,1212936742684858927,9799804ha,39.5022,-106.151,=AVERAGE($G$2:$G$501),=AVERAGE($D$2:$D$501),"=IFERROR(($AT160-G160)/$AT160,0)","=IFERROR(($AU160-D160)/$AU160,0)",=$AU160-D160
"Great View, Bunk Room, Hot tub, Perfect Location.",SkyRun Vacation Rentals,,60415,67883,544.28,52.86,318,2,2,8,false,true,true,true,true,false,false,Home/Apartment,Condominium (condo),Apt/Condo/Loft,4.85,51,3,21+,Luxury,true,304,true,111,27,2026-05-13,Frisco/Silverthorne,Frisco,Frisco,Colorado,80443,United States,mountains_lakes,https://www.airbnb.com/rooms/16967601,https://a0.muscache.com/im/pictures/prohost-api/Hosting-16967601/original/935c5d14-56ff-4439-a20f-82deaba3f34c.jpeg,16967601,1810056,39.5007,-106.1568,=AVERAGE($G$2:$G$501),=AVERAGE($D$2:$D$501),"=IFERROR(($AT161-G161)/$AT161,0)","=IFERROR(($AU161-D161)/$AU161,0)",=$AU161-D161
Foxpine 1 Bedroom + Loft  Condo #309,RedAwning,,60351,77853,486.7,45.76,294,1,2,8,false,false,true,true,true,true,false,Home/Apartment,Condominium (condo),Apt/Condo/Loft,4,6,1,21+,Luxury,false,134,true,124,30,2026-05-11,Frisco/Silverthorne,Frisco,Frisco,Colorado,80443,United States,mountains_lakes,https://www.airbnb.com/rooms/614287618942477088,https://a0.muscache.com/im/pictures/prohost-api/Hosting-614287618942477088/original/4e97c42c-56c2-4c9d-bc27-a991df59e173.jpeg,614287618942477088,9695374ha,39.5022,-106.151,=AVERAGE($G$2:$G$501),=AVERAGE($D$2:$D$501),"=IFERROR(($AT162-G162)/$AT162,0)","=IFERROR(($AU162-D162)/$AU162,0)",=$AU162-D162
Copper Overlook - Great views and close to lifts!,376798764,,60296,63675,515.35,42.39,350,2,3,8,false,true,false,true,true,false,false,Home/Apartment,Condominium (condo),Apt/Condo/Loft,4.75,80,2,2-5,Luxury,true,200,true,117,31,2026-05-13,Frisco/Silverthorne,Frisco,Frisco,Colorado,80443,United States,mountains_lakes,https://www.airbnb.com/rooms/52567263,https://a0.muscache.com/im/pictures/2c5bd01a-2f2d-42a5-b0df-37256d852042.jpg,52567263,2505043,39.5011,-106.1551,=AVERAGE($G$2:$G$501),=AVERAGE($D$2:$D$501),"=IFERROR(($AT163-G163)/$AT163,0)","=IFERROR(($AU163-D163)/$AU163,0)",=$AU163-D163
Copper One 2 Bedroom Condo #311/311a,RedAwning,,60117,134394,653.45,52.27,246,2,2,8,false,false,false,true,true,false,false,Home/Apartment,Condominium (condo),Apt/Condo/Loft,0,0,1,21+,Luxury,false,168,true,92,29,2026-05-17,Frisco/Silverthorne,Frisco,Frisco,Colorado,80443,United States,mountains_lakes,https://www.airbnb.com/rooms/639221889952906472,https://a0.muscache.com/im/pictures/prohost-api/Hosting-639221889952906472/original/82a1f631-3e1e-4d01-8875-f4a0bdd1a7c9.jpeg,639221889952906472,9695373ha,39.5022,-106.151,=AVERAGE($G$2:$G$501),=AVERAGE($D$2:$D$501),"=IFERROR(($AT164-G164)/$AT164,0)","=IFERROR(($AU164-D164)/$AU164,0)",=$AU164-D164
★★Center Village Condo-Won't Feel Like a Rental★★,121907896,,59933,61388,422.06,52.21,346,2,2,6,false,true,false,true,true,false,false,Home/Apartment,Condominium (condo),Apt/Condo/Loft,5,112,3,6-20,Luxury,true,224,true,142,24,2026-05-13,Frisco/Silverthorne,Frisco,Frisco,Colorado,80443,United States,mountains_lakes,https://www.airbnb.com/rooms/45595536,https://a0.muscache.com/im/pictures/miso/Hosting-45595536/original/6c9d0e92-97d2-4018-a6d8-79f19ce075b9.jpeg,45595536,2073922,39.5012,-106.1563,=AVERAGE($G$2:$G$501),=AVERAGE($D$2:$D$501),"=IFERROR(($AT165-G165)/$AT165,0)","=IFERROR(($AU165-D165)/$AU165,0)",=$AU165-D165
Mountain Plaza 627 - 2 Bedroom condo,Copper Vacations,,59872,78986,907.15,48.53,254,2,3,8,false,true,true,true,true,false,false,Home/Apartment,Condominium (condo),Apt/Condo/Loft,4.8,46,2,21+,Luxury,true,305,true,66,15,2026-05-17,Frisco/Silverthorne,Frisco,Frisco,Colorado,80443,United States,mountains_lakes,https://www.airbnb.com/rooms/31040569,https://a0.muscache.com/im/pictures/prohost-api/Hosting-31040569/original/f0283f5e-1731-4cfd-aedb-754a5ce88601.jpeg,31040569,7126481ha,39.49967,-106.15403,=AVERAGE($G$2:$G$501),=AVERAGE($D$2:$D$501),"=IFERROR(($AT166-G166)/$AT166,0)","=IFERROR(($AU166-D166)/$AU166,0)",=$AU166-D166
"Unbeatable Location, Corner Condo, Outdoor Hot tub",SkyRun Vacation Rentals,,59803,65791,498.36,48.98,289,2,2,5,false,true,true,true,true,false,false,Home/Apartment,Condominium (condo),Apt/Condo/Loft,4.75,22,3,21+,Luxury,true,304,true,120,27,2026-05-11,Frisco/Silverthorne,Frisco,Frisco,Colorado,80443,United States,mountains_lakes,https://www.airbnb.com/rooms/1014471659463515913,https://a0.muscache.com/im/pictures/prohost-api/Hosting-1014471659463515913/original/6409857c-a7bd-4a32-87a8-a3b8b0d66dc8.jpeg,1014471659463515913,3689616,39.5006,-106.1567,=AVERAGE($G$2:$G$501),=AVERAGE($D$2:$D$501),"=IFERROR(($AT167-G167)/$AT167,0)","=IFERROR(($AU167-D167)/$AU167,0)",=$AU167-D167
Mill Club 2 Bedroom Condo #207,RedAwning,,59749,76755,963.69,41.33,298,2,2,6,false,false,false,true,true,false,false,Home/Apartment,Condominium (condo),Apt/Condo/Loft,0,0,1,21+,Luxury,false,196,true,62,16,2026-05-13,Frisco/Silverthorne,Frisco,Frisco,Colorado,80443,United States,mountains_lakes,https://www.airbnb.com/rooms/639274114809263651,https://a0.muscache.com/im/pictures/prohost-api/Hosting-639274114809263651/original/98f88846-d62c-4047-840e-bdf5126f6608.jpeg,639274114809263651,9696122ha,39.5022,-106.151,=AVERAGE($G$2:$G$501),=AVERAGE($D$2:$D$501),"=IFERROR(($AT168-G168)/$AT168,0)","=IFERROR(($AU168-D168)/$AU168,0)",=$AU168-D168
Mountain Plaza 604 - 2 bedroom condo,Copper Vacations,,59486,72597,814.88,42.94,319,2,3,10,false,true,true,true,true,false,false,Home/Apartment,Condominium (condo),Apt/Condo/Loft,4.5,49,2,21+,Luxury,true,305,true,73,17,2026-05-16,Frisco/Silverthorne,Frisco,Frisco,Colorado,80443,United States,mountains_lakes,https://www.airbnb.com/rooms/38841998,https://a0.muscache.com/im/pictures/prohost-api/Hosting-38841998/original/7a866154-bdce-4f29-9488-73ec874c0aa3.jpeg,38841998,7436260ha,39.50164,-106.15606,=AVERAGE($G$2:$G$501),=AVERAGE($D$2:$D$501),"=IFERROR(($AT169-G169)/$AT169,0)","=IFERROR(($AU169-D169)/$AU169,0)",=$AU169-D169
Spacious 3 Bedroom with 2 Year-round Heated Pools,33399344,,59441,84994,479.36,80.52,185,3,3,8,true,false,true,true,true,false,true,Private Room,Nature lodge,Unique,4.9,22,3,1,Luxury,false,143,false,124,11,2026-04-05,Frisco/Silverthorne,Frisco,Frisco,Colorado,80443,United States,mountains_lakes,https://www.airbnb.com/rooms/48956505,https://a0.muscache.com/im/pictures/37252e4f-b4b1-40af-b955-7a7e28331e4d.jpg,48956505,2254710,39.49979,-106.16126,=AVERAGE($G$2:$G$501),=AVERAGE($D$2:$D$501),"=IFERROR(($AT170-G170)/$AT170,0)","=IFERROR(($AU170-D170)/$AU170,0)",=$AU170-D170
Foxpine 2 Bedroom + Loft Condo #309/311,RedAwning,,59386,112129,802.51,39.78,233,2,3,10,false,false,true,true,true,true,false,Home/Apartment,Condominium (condo),Apt/Condo/Loft,0,0,1,21+,Luxury,false,165,true,74,22,2026-05-13,Frisco/Silverthorne,Frisco,Frisco,Colorado,80443,United States,mountains_lakes,https://www.airbnb.com/rooms/639244421210357685,https://a0.muscache.com/im/pictures/prohost-api/Hosting-639244421210357685/original/8ca7c6fe-8dbf-477f-8e9c-ffaae2763774.jpeg,639244421210357685,9695232ha,39.5022,-106.151,=AVERAGE($G$2:$G$501),=AVERAGE($D$2:$D$501),"=IFERROR(($AT171-G171)/$AT171,0)","=IFERROR(($AU171-D171)/$AU171,0)",=$AU171-D171
Ski-In Ski-Out Union Creek Townhome Woodward Lift,53223156,,59372,60410,1979.07,27.78,364,4,4,12,false,false,true,true,false,false,false,Home/Apartment,Townhouse,Apt/Condo/Loft,5,126,1,1,Luxury,false,525,false,30,8,2026-05-14,Frisco/Silverthorne,Frisco,Frisco,Colorado,80443,United States,mountains_lakes,https://www.airbnb.com/rooms/632702148448880637,https://a0.muscache.com/im/pictures/miso/Hosting-632702148448880637/original/9214ba9c-5233-4c72-9ebd-7cde894b67a5.jpeg,632702148448880637,2756520,39.50021,-106.16157,=AVERAGE($G$2:$G$501),=AVERAGE($D$2:$D$501),"=IFERROR(($AT172-G172)/$AT172,0)","=IFERROR(($AU172-D172)/$AU172,0)",=$AU172-D172
Top Floor East Village Condo w Hot Tub PG305,SkyRun Vacation Rentals,,59202,79372,897,30.28,276,3,3,9,false,false,false,true,true,false,false,Home/Apartment,Condominium (condo),Apt/Condo/Loft,5,7,3,21+,Luxury,true,408,true,66,19,2026-05-13,Frisco/Silverthorne,Frisco,Frisco,Colorado,80443,United States,mountains_lakes,https://www.airbnb.com/rooms/1291324190288685790,https://a0.muscache.com/im/pictures/prohost-api/Hosting-1291324190288685790/original/2aab94cc-3173-4354-a705-057b5b4322c9.jpeg,1291324190288685790,4290214,39.501447009,-106.1481066061,=AVERAGE($G$2:$G$501),=AVERAGE($D$2:$D$501),"=IFERROR(($AT173-G173)/$AT173,0)","=IFERROR(($AU173-D173)/$AU173,0)",=$AU173-D173
"Newly Renovated, Slope-Side Walk-in/Walk out",SkyRun Vacation Rentals,,58985,62074,589.85,48.54,325,2,2,8,false,false,false,true,true,false,false,Home/Apartment,Condominium (condo),Apt/Condo/Loft,4.7,45,3,21+,Luxury,true,359,true,100,22,2026-05-11,Frisco/Silverthorne,Frisco,Frisco,Colorado,80443,United States,mountains_lakes,https://www.airbnb.com/rooms/44090669,https://a0.muscache.com/im/pictures/prohost-api/Hosting-44090669/original/e52bda46-f9c9-4f84-a4fe-1b8a16aa608c.jpeg,44090669,2021611,39.4998,-106.1481,=AVERAGE($G$2:$G$501),=AVERAGE($D$2:$D$501),"=IFERROR(($AT174-G174)/$AT174,0)","=IFERROR(($AU174-D174)/$AU174,0)",=$AU174-D174
"Best Location, Amazing View, Outdoor Hot tub CO406",SkyRun Vacation Rentals,,58971,62564,517.29,45.06,340,2,2,7,false,true,true,true,true,false,false,Home/Apartment,Condominium (condo),Apt/Condo/Loft,4.55,14,3,21+,Luxury,true,300,true,114,28,2026-05-11,Frisco/Silverthorne,Frisco,Frisco,Colorado,80443,United States,mountains_lakes,https://www.airbnb.com/rooms/912150594200623807,https://a0.muscache.com/im/pictures/prohost-api/Hosting-912150594200623807/original/1fc99f7e-645b-41c5-b776-68b48069764e.jpeg,912150594200623807,3455965,39.5004,-106.1564,=AVERAGE($G$2:$G$501),=AVERAGE($D$2:$D$501),"=IFERROR(($AT175-G175)/$AT175,0)","=IFERROR(($AU175-D175)/$AU175,0)",=$AU175-D175
Tucker Mountain 318 - 1 bedroom + den condo,Copper Vacations,,58955,68501,467.9,45.49,324,1,2,6,false,true,true,true,true,false,false,Home/Apartment,Condominium (condo),Apt/Condo/Loft,4.35,84,2,21+,Luxury,true,306,true,126,31,2026-05-11,Frisco/Silverthorne,Frisco,Frisco,Colorado,80443,United States,mountains_lakes,https://www.airbnb.com/rooms/20521831,https://a0.muscache.com/im/pictures/prohost-api/Hosting-20521831/original/c887c81a-56dc-4085-ad04-bf0cd3c5bcf9.jpeg,20521831,3654522ha,39.5014,-106.15685,=AVERAGE($G$2:$G$501),=AVERAGE($D$2:$D$501),"=IFERROR(($AT176-G176)/$AT176,0)","=IFERROR(($AU176-D176)/$AU176,0)",=$AU176-D176
Passage Point 2 Bedroom Condo #413,RedAwning,,58931,86339,854.07,44.81,278,2,2,8,false,false,false,true,true,false,false,Home/Apartment,Condominium (condo),Apt/Condo/Loft,0,0,1,21+,Luxury,false,167,true,69,18,2026-05-13,Frisco/Silverthorne,Frisco,Frisco,Colorado,80443,United States,mountains_lakes,https://www.airbnb.com/rooms/614290140487354066,https://a0.muscache.com/im/pictures/prohost-api/Hosting-614290140487354066/original/d0d27ccb-6bb1-4446-b67e-27dbb81a8025.jpeg,614290140487354066,9695422ha,39.5022,-106.151,=AVERAGE($G$2:$G$501),=AVERAGE($D$2:$D$501),"=IFERROR(($AT177-G177)/$AT177,0)","=IFERROR(($AU177-D177)/$AU177,0)",=$AU177-D177
Foxpine 2 Bedroom + Loft Condo #305/307,RedAwning,,58915,86294,647.42,37.92,281,2,3,10,false,false,true,true,true,false,false,Home/Apartment,Condominium (condo),Apt/Condo/Loft,0,0,1,21+,Luxury,false,164,true,91,27,2026-05-13,Frisco/Silverthorne,Frisco,Frisco,Colorado,80443,United States,mountains_lakes,https://www.airbnb.com/rooms/614277411213938744,https://a0.muscache.com/im/pictures/prohost-api/Hosting-614277411213938744/original/3ee20510-1c55-40b7-8f55-2530fc0c1bfd.jpeg,614277411213938744,,39.5022,-106.151,=AVERAGE($G$2:$G$501),=AVERAGE($D$2:$D$501),"=IFERROR(($AT178-G178)/$AT178,0)","=IFERROR(($AU178-D178)/$AU178,0)",=$AU178-D178
Passage Point 103 - 2 bedroom condo,Copper Vacations,,58723,105403,581.42,52.06,272,2,2,8,false,true,true,true,true,false,false,Home/Apartment,Condominium (condo),Apt/Condo/Loft,4.85,53,2,21+,Luxury,true,307,true,101,29,2026-05-11,Frisco/Silverthorne,Frisco,Frisco,Colorado,80443,United States,mountains_lakes,https://www.airbnb.com/rooms/43957506,https://a0.muscache.com/im/pictures/prohost-api/Hosting-43957506/original/032cc93f-7b20-4def-b6c8-d259c9a44388.jpeg,43957506,9437112ha,39.50105,-106.15657,=AVERAGE($G$2:$G$501),=AVERAGE($D$2:$D$501),"=IFERROR(($AT179-G179)/$AT179,0)","=IFERROR(($AU179-D179)/$AU179,0)",=$AU179-D179
Cirque 1 Bedroom + Den Condo #206,RedAwning,,58635,74396,528.24,52.11,260,1,2,6,false,false,false,true,true,false,false,Home/Apartment,Condominium (condo),Apt/Condo/Loft,0,0,1,21+,Luxury,false,135,true,111,21,2026-05-13,Frisco/Silverthorne,Frisco,Frisco,Colorado,80443,United States,mountains_lakes,https://www.airbnb.com/rooms/639265456027426831,https://a0.muscache.com/im/pictures/prohost-api/Hosting-639265456027426831/original/b40312da-302c-4a56-a501-da7a0f85179a.jpeg,639265456027426831,9696132ha,39.5022,-106.151,=AVERAGE($G$2:$G$501),=AVERAGE($D$2:$D$501),"=IFERROR(($AT180-G180)/$AT180,0)","=IFERROR(($AU180-D180)/$AU180,0)",=$AU180-D180
Tucker Mountain 2 Bedroom Condo #304,RedAwning,,58577,81280,791.58,37,311,2,2,6,false,false,false,true,true,false,false,Home/Apartment,Condominium (condo),Apt/Condo/Loft,0,0,1,21+,Luxury,false,165,true,74,19,2026-05-16,Frisco/Silverthorne,Frisco,Frisco,Colorado,80443,United States,mountains_lakes,https://www.airbnb.com/rooms/639218975187344773,https://a0.muscache.com/im/pictures/prohost-api/Hosting-639218975187344773/original/825d5a65-8db8-433a-953b-8a95be58a556.jpeg,639218975187344773,9695402ha,39.5022,-106.151,=AVERAGE($G$2:$G$501),=AVERAGE($D$2:$D$501),"=IFERROR(($AT181-G181)/$AT181,0)","=IFERROR(($AU181-D181)/$AU181,0)",=$AU181-D181
"Frisco Flats Condo - Mountain Views, Private Hot T",Summit Mountain Rentals,,58385,95076,1242.23,62.67,116,3,3,10,false,false,true,true,false,false,false,Home/Apartment,Condominium (condo),Apt/Condo/Loft,5,6,3,21+,Luxury,true,408,true,47,11,2026-05-11,Frisco/Silverthorne,Frisco,Frisco,Colorado,80443,United States,mountains_lakes,https://www.airbnb.com/rooms/1536421910239211941,https://a0.muscache.com/im/pictures/prohost-api/Hosting-1536421910239211941/original/7ce0467d-b794-4122-9f0b-2661d5b41cd0.jpeg,1536421910239211941,4815722,39.5755109287,-106.1041870053,=AVERAGE($G$2:$G$501),=AVERAGE($D$2:$D$501),"=IFERROR(($AT182-G182)/$AT182,0)","=IFERROR(($AU182-D182)/$AU182,0)",=$AU182-D182
Mill Club 2 Bedroom Condo #302,RedAwning,,58281,110494,607.09,51.06,260,2,2,6,false,false,false,true,true,false,false,Home/Apartment,Condominium (condo),Apt/Condo/Loft,0,0,1,21+,Luxury,false,167,true,96,22,2026-05-11,Frisco/Silverthorne,Frisco,Frisco,Colorado,80443,United States,mountains_lakes,https://www.airbnb.com/rooms/639255719810532654,https://a0.muscache.com/im/pictures/prohost-api/Hosting-639255719810532654/original/b51a8762-1224-4a02-8ce4-8cf6f1925ba7.jpeg,639255719810532654,9695182ha,39.5022,-106.151,=AVERAGE($G$2:$G$501),=AVERAGE($D$2:$D$501),"=IFERROR(($AT183-G183)/$AT183,0)","=IFERROR(($AU183-D183)/$AU183,0)",=$AU183-D183
"Newly Remodeled, Open Layout, with Incredible View",SkyRun Vacation Rentals,,58247,67410,1164.94,35.21,331,3,3,8,false,true,true,true,true,false,false,Home/Apartment,Condominium (condo),Apt/Condo/Loft,4.8,34,3,21+,Luxury,true,378,true,50,12,2026-05-13,Frisco/Silverthorne,Frisco,Frisco,Colorado,80443,United States,mountains_lakes,https://www.airbnb.com/rooms/16313145,https://a0.muscache.com/im/pictures/prohost-api/Hosting-16313145/original/3e9c54c1-9c06-48ba-8ece-6ea853b2120a.jpeg,16313145,923739,39.5007,-106.1456,=AVERAGE($G$2:$G$501),=AVERAGE($D$2:$D$501),"=IFERROR(($AT184-G184)/$AT184,0)","=IFERROR(($AU184-D184)/$AU184,0)",=$AU184-D184
Cache 1101 - 2 bedroom condo,Copper Vacations,,58128,59784,638.77,39.06,351,2,2,6,false,false,true,true,true,false,false,Home/Apartment,Condominium (condo),Apt/Condo/Loft,4.8,18,2,21+,Luxury,true,308,true,91,21,2026-05-16,Frisco/Silverthorne,Frisco,Frisco,Colorado,80443,United States,mountains_lakes,https://www.airbnb.com/rooms/628167451850359291,https://a0.muscache.com/im/pictures/prohost-api/Hosting-628167451850359291/original/ef2920c6-3874-4a5f-877a-dd4cb6399416.jpeg,628167451850359291,9689680ha,39.50015,-106.16157,=AVERAGE($G$2:$G$501),=AVERAGE($D$2:$D$501),"=IFERROR(($AT185-G185)/$AT185,0)","=IFERROR(($AU185-D185)/$AU185,0)",=$AU185-D185
Passage Point 1 Bedroom + Den Condo #410,RedAwning,,57990,68344,610.42,32.2,312,1,2,4,false,false,false,true,true,false,false,Home/Apartment,Condominium (condo),Apt/Condo/Loft,0,0,1,21+,Luxury,false,137,true,95,27,2026-05-13,Frisco/Silverthorne,Frisco,Frisco,Colorado,80443,United States,mountains_lakes,https://www.airbnb.com/rooms/614279588496350360,https://a0.muscache.com/im/pictures/prohost-api/Hosting-614279588496350360/original/a81b39ec-de14-4395-bec9-bdb019a513a4.jpeg,614279588496350360,9695235ha,39.5022,-106.151,=AVERAGE($G$2:$G$501),=AVERAGE($D$2:$D$501),"=IFERROR(($AT186-G186)/$AT186,0)","=IFERROR(($AU186-D186)/$AU186,0)",=$AU186-D186
Cache 3103 - 3 bedroom condo,Copper Vacations,,57798,74803,507,63.69,261,3,3,9,false,false,true,true,true,false,false,Home/Apartment,Townhouse,Apt/Condo/Loft,4.55,31,2,21+,Luxury,true,333,true,114,17,2026-05-16,Frisco/Silverthorne,Frisco,Frisco,Colorado,80443,United States,mountains_lakes,https://www.airbnb.com/rooms/47440268,https://a0.muscache.com/im/pictures/prohost-api/Hosting-47440268/original/3d1aa8b7-8f61-4b30-a188-99721a3c7853.jpeg,47440268,9530373ha,39.50047,-106.16276,=AVERAGE($G$2:$G$501),=AVERAGE($D$2:$D$501),"=IFERROR(($AT187-G187)/$AT187,0)","=IFERROR(($AU187-D187)/$AU187,0)",=$AU187-D187
Passage Point 2 Bedroom Condo #303,RedAwning,,57758,76819,931.58,42.76,289,2,2,7,false,false,false,true,true,false,false,Home/Apartment,Condominium (condo),Apt/Condo/Loft,0,0,1,21+,Luxury,false,166,true,62,14,2026-05-13,Frisco/Silverthorne,Frisco,Frisco,Colorado,80443,United States,mountains_lakes,https://www.airbnb.com/rooms/692551786010779261,https://a0.muscache.com/im/pictures/prohost-api/Hosting-692551786010779261/original/2ebb17a8-8f52-491d-b456-ccdd8b4b25e0.jpeg,692551786010779261,9695328ha,39.5016,-106.1574,=AVERAGE($G$2:$G$501),=AVERAGE($D$2:$D$501),"=IFERROR(($AT188-G188)/$AT188,0)","=IFERROR(($AU188-D188)/$AU188,0)",=$AU188-D188
"Mountain Plaza, Center Village, Hot Tub, MP504 1BR",SkyRun Vacation Rentals,,57744,63165,583.27,54.7,264,1,2,4,false,true,true,true,true,true,false,Home/Apartment,Condominium (condo),Apt/Condo/Loft,4.6,34,3,21+,Luxury,true,266,true,99,24,2026-05-13,Frisco/Silverthorne,Frisco,Frisco,Colorado,80443,United States,mountains_lakes,https://www.airbnb.com/rooms/711586346376549975,https://a0.muscache.com/im/pictures/prohost-api/Hosting-711586346376549975/original/ef85e1a5-3329-4f3b-aa29-bf8b440836f8.jpeg,711586346376549975,3009350,39.5006,-106.1555,=AVERAGE($G$2:$G$501),=AVERAGE($D$2:$D$501),"=IFERROR(($AT189-G189)/$AT189,0)","=IFERROR(($AU189-D189)/$AU189,0)",=$AU189-D189
Copper One 2 Bedroom Condo #423,RedAwning,,57684,101844,670.74,43.88,247,2,2,6,false,false,false,true,true,false,false,Home/Apartment,Condominium (condo),Apt/Condo/Loft,0,0,1,21+,Luxury,false,167,true,86,26,2026-05-16,Frisco/Silverthorne,Frisco,Frisco,Colorado,80443,United States,mountains_lakes,https://www.airbnb.com/rooms/639240759711210881,https://a0.muscache.com/im/pictures/prohost-api/Hosting-639240759711210881/original/a19bda62-777a-40ae-8f1d-50c801d5e78c.jpeg,639240759711210881,9695253ha,39.5022,-106.151,=AVERAGE($G$2:$G$501),=AVERAGE($D$2:$D$501),"=IFERROR(($AT190-G190)/$AT190,0)","=IFERROR(($AU190-D190)/$AU190,0)",=$AU190-D190
Passage Point 3 Bedroom Condo #508,RedAwning,,57623,96748,1047.69,41.04,231,3,3,8,false,false,false,true,true,false,false,Home/Apartment,Condominium (condo),Apt/Condo/Loft,5,1,1,21+,Luxury,false,197,true,55,17,2026-05-11,Frisco/Silverthorne,Frisco,Frisco,Colorado,80443,United States,mountains_lakes,https://www.airbnb.com/rooms/639227296379482821,https://a0.muscache.com/im/pictures/prohost-api/Hosting-639227296379482821/original/74a37ac3-d7d6-4450-a995-3daebcab29e4.jpeg,639227296379482821,9695336ha,39.5021,-106.151,=AVERAGE($G$2:$G$501),=AVERAGE($D$2:$D$501),"=IFERROR(($AT191-G191)/$AT191,0)","=IFERROR(($AU191-D191)/$AU191,0)",=$AU191-D191
Slope-side LOFT Ski-In & Ski-Out!  Window bed,20679426,,57590,61705,378.88,47.5,338,1,1,6,false,false,false,true,true,false,false,Home/Apartment,Condominium (condo),Apt/Condo/Loft,4.95,242,2,2-5,Luxury,true,116,false,152,50,2026-05-13,Frisco/Silverthorne,Frisco,Frisco,Colorado,80443,United States,mountains_lakes,https://www.airbnb.com/rooms/46514177,https://a0.muscache.com/im/pictures/miso/Hosting-46514177/original/661a1501-b209-4156-b257-ba501981b2f4.jpeg,46514177,,39.5,-106.1548,=AVERAGE($G$2:$G$501),=AVERAGE($D$2:$D$501),"=IFERROR(($AT192-G192)/$AT192,0)","=IFERROR(($AU192-D192)/$AU192,0)",=$AU192-D192
New! Spruce Lodge 2 Bedroom Condo #398/498,RedAwning,,57569,71684,959.48,73.17,100,2,1,8,false,false,false,true,false,false,false,Home/Apartment,Condominium (condo),Apt/Condo/Loft,0,0,1,21+,Luxury,false,166,false,60,14,2026-05-17,Frisco/Silverthorne,Frisco,Frisco,Colorado,80443,United States,mountains_lakes,https://www.airbnb.com/rooms/1593449852130318850,https://a0.muscache.com/im/pictures/prohost-api/Hosting-1593449852130318850/original/479cb903-c4a3-43cd-9d30-45e802c924fa.jpeg,1593449852130318850,20238006ha,39.5022,-106.151,=AVERAGE($G$2:$G$501),=AVERAGE($D$2:$D$501),"=IFERROR(($AT193-G193)/$AT193,0)","=IFERROR(($AU193-D193)/$AU193,0)",=$AU193-D193
Cirque 2 Bedroom Condo #104,RedAwning,,57474,75206,832.96,40.59,267,2,2,6,false,false,false,true,true,false,true,Home/Apartment,Condominium (condo),Apt/Condo/Loft,0,0,1,21+,Luxury,false,164,true,69,16,2026-05-13,Frisco/Silverthorne,Frisco,Frisco,Colorado,80443,United States,mountains_lakes,https://www.airbnb.com/rooms/692558669376356099,https://a0.muscache.com/im/pictures/prohost-api/Hosting-692558669376356099/original/eef4383d-214a-4fa5-93cd-54aa72850a41.jpeg,692558669376356099,9695763ha,39.5022,-106.151,=AVERAGE($G$2:$G$501),=AVERAGE($D$2:$D$501),"=IFERROR(($AT194-G194)/$AT194,0)","=IFERROR(($AU194-D194)/$AU194,0)",=$AU194-D194
"Mt. Victoria Lodge Crestline Condo: Downtown, Nice",Summit Mountain Rentals,,57442,113965,574.42,77.52,183,2,2,6,false,false,false,true,false,false,false,Home/Apartment,Condominium (condo),Apt/Condo/Loft,4.75,71,2,21+,Luxury,true,1485,true,100,17,2026-05-11,Frisco/Silverthorne,Frisco,Frisco,Colorado,80443,United States,mountains_lakes,https://www.airbnb.com/rooms/573861641602001554,https://a0.muscache.com/im/pictures/prohost-api/Hosting-573861641602001554/original/893c564f-dcdc-48c1-8143-ff56cc853a35.jpeg,573861641602001554,717274,39.5748,-106.1011,=AVERAGE($G$2:$G$501),=AVERAGE($D$2:$D$501),"=IFERROR(($AT195-G195)/$AT195,0)","=IFERROR(($AU195-D195)/$AU195,0)",=$AU195-D195
Tucker Mountain 1 Bedroom Condo #525,RedAwning,,57248,70309,535.03,44.77,305,1,1,4,false,false,false,true,true,false,false,Home/Apartment,Condominium (condo),Apt/Condo/Loft,0,0,1,21+,Luxury,false,135,true,107,34,2026-05-13,Frisco/Silverthorne,Frisco,Frisco,Colorado,80443,United States,mountains_lakes,https://www.airbnb.com/rooms/639216871590318377,https://a0.muscache.com/im/pictures/prohost-api/Hosting-639216871590318377/original/cbbb0515-ec0b-4403-bd48-191740b3f2d4.jpeg,639216871590318377,9695138ha,39.5022,-106.151,=AVERAGE($G$2:$G$501),=AVERAGE($D$2:$D$501),"=IFERROR(($AT196-G196)/$AT196,0)","=IFERROR(($AU196-D196)/$AU196,0)",=$AU196-D196
Passage Point 2 Bedroom Condo #609,RedAwning,,57181,74304,772.72,48.37,290,2,2,6,false,false,false,true,true,false,false,Home/Apartment,Condominium (condo),Apt/Condo/Loft,5,1,1,21+,Luxury,false,166,true,74,19,2026-05-13,Frisco/Silverthorne,Frisco,Frisco,Colorado,80443,United States,mountains_lakes,https://www.airbnb.com/rooms/639257491843032571,https://a0.muscache.com/im/pictures/prohost-api/Hosting-639257491843032571/original/e479f592-bd7e-4467-9ffd-caebd6a1b167.jpeg,639257491843032571,9695169ha,39.5022,-106.151,=AVERAGE($G$2:$G$501),=AVERAGE($D$2:$D$501),"=IFERROR(($AT197-G197)/$AT197,0)","=IFERROR(($AU197-D197)/$AU197,0)",=$AU197-D197
Mountain Plaza 526 - 2 bedroom condo,Copper Vacations,,57043,79131,704.23,55.1,248,2,3,8,false,true,true,true,true,false,false,Home/Apartment,Condominium (condo),Apt/Condo/Loft,4.7,27,2,21+,Luxury,true,208,true,81,16,2026-05-16,Frisco/Silverthorne,Frisco,Frisco,Colorado,80443,United States,mountains_lakes,https://www.airbnb.com/rooms/53660465,https://a0.muscache.com/im/pictures/prohost-api/Hosting-53660465/original/5abca522-51c1-408c-9bd8-8334ae1dde0d.jpeg,53660465,9634335ha,39.50012,-106.15536,=AVERAGE($G$2:$G$501),=AVERAGE($D$2:$D$501),"=IFERROR(($AT198-G198)/$AT198,0)","=IFERROR(($AU198-D198)/$AU198,0)",=$AU198-D198
Cirque 3 Bedroom + Loft Condo #302,RedAwning,,56894,76586,1161.1,34.03,299,3,3,10,false,true,true,true,true,false,true,Home/Apartment,Condominium (condo),Apt/Condo/Loft,0,0,1,21+,Luxury,false,195,true,49,10,2026-05-13,Frisco/Silverthorne,Frisco,Frisco,Colorado,80443,United States,mountains_lakes,https://www.airbnb.com/rooms/639247881997307325,https://a0.muscache.com/im/pictures/prohost-api/Hosting-639247881997307325/original/a5bbda2d-afd2-4ff1-84d2-dd360f02518a.jpeg,639247881997307325,9696171ha,39.5022,-106.151,=AVERAGE($G$2:$G$501),=AVERAGE($D$2:$D$501),"=IFERROR(($AT199-G199)/$AT199,0)","=IFERROR(($AU199-D199)/$AU199,0)",=$AU199-D199
Cirque 1 Bedroom Condo #117,RedAwning,,56883,83951,395.02,55.6,288,1,1,4,false,false,false,true,true,false,false,Home/Apartment,Condominium (condo),Apt/Condo/Loft,0,0,1,21+,Luxury,false,136,true,144,30,2026-05-13,Frisco/Silverthorne,Frisco,Frisco,Colorado,80443,United States,mountains_lakes,https://www.airbnb.com/rooms/639242909184713108,https://a0.muscache.com/im/pictures/prohost-api/Hosting-639242909184713108/original/9efc64b1-05ca-4c7b-95b2-155593f57c6c.jpeg,639242909184713108,,39.5022,-106.151,=AVERAGE($G$2:$G$501),=AVERAGE($D$2:$D$501),"=IFERROR(($AT200-G200)/$AT200,0)","=IFERROR(($AU200-D200)/$AU200,0)",=$AU200-D200
Pine Forest Retreat,114509800,,56799,59732,1893.3,30.93,197,4,4,10,false,false,true,true,true,false,false,Home/Apartment,House,House/villa,0,0,3,1,Luxury,false,400,false,30,5,2026-05-15,Frisco/Silverthorne,Frisco,Frisco,Colorado,80443,United States,mountains_lakes,https://www.airbnb.com/rooms/1378364178542999908,https://a0.muscache.com/im/pictures/miso/Hosting-1378364178542999908/original/c2325aca-807f-41cf-a5ef-4ddb3b6cacb9.jpeg,1378364178542999908,,39.4984661272,-106.1753310201,=AVERAGE($G$2:$G$501),=AVERAGE($D$2:$D$501),"=IFERROR(($AT201-G201)/$AT201,0)","=IFERROR(($AU201-D201)/$AU201,0)",=$AU201-D201
Ski-In Ski-Out Relaxing 3-Bed 3-Bath Condo At Copper East Village,,,56492,70845,869.11,36.11,322,3,3,10,false,true,true,true,true,false,false,Home/Apartment,Condominium (condo),Apt/Condo/Loft,4.9,78,2,1,Luxury,false,450,false,65,22,2026-05-13,Frisco/Silverthorne,Frisco,Frisco,Colorado,80443,United States,mountains_lakes,https://www.vrbo.com/937019,https://media.vrbo.com/lodging/34000000/33500000/33491800/33491720/5fb5e1ce.jpg?impolicy=resizecrop&rw=1200&ra=fit,,937019,39.500606,-106.148126,=AVERAGE($G$2:$G$501),=AVERAGE($D$2:$D$501),"=IFERROR(($AT202-G202)/$AT202,0)","=IFERROR(($AU202-D202)/$AU202,0)",=$AU202-D202
"Snowy Pines at Copper: Private Hot Tub, Walk To Li",River Ridge Rentals,,56270,203198,3126.11,54.55,113,4,4,10,false,false,true,true,true,false,false,Home/Apartment,House,House/villa,4.9,54,2,21+,Luxury,true,1059,true,18,3,2026-05-11,Frisco/Silverthorne,Frisco,Frisco,Colorado,80443,United States,mountains_lakes,https://www.airbnb.com/rooms/46087132,https://a0.muscache.com/im/pictures/prohost-api/Hosting-46087132/original/10de0b89-f8ee-4a4e-a39f-78226f062a80.jpeg,46087132,9503916ha,39.49893,-106.17199,=AVERAGE($G$2:$G$501),=AVERAGE($D$2:$D$501),"=IFERROR(($AT203-G203)/$AT203,0)","=IFERROR(($AU203-D203)/$AU203,0)",=$AU203-D203
Copper One 2 Bedroom Condo #424,RedAwning,,56017,96223,737.07,43.43,240,2,2,6,false,false,false,true,true,false,false,Home/Apartment,Condominium (condo),Apt/Condo/Loft,0,0,1,21+,Luxury,false,170,true,76,22,2026-05-13,Frisco/Silverthorne,Frisco,Frisco,Colorado,80443,United States,mountains_lakes,https://www.airbnb.com/rooms/639250457889485989,https://a0.muscache.com/im/pictures/prohost-api/Hosting-639250457889485989/original/3e39d4de-5626-4951-9b51-7be0e6e0c738.jpeg,639250457889485989,9695209ha,39.5022,-106.151,=AVERAGE($G$2:$G$501),=AVERAGE($D$2:$D$501),"=IFERROR(($AT204-G204)/$AT204,0)","=IFERROR(($AU204-D204)/$AU204,0)",=$AU204-D204
"Best Location On The Mountain, Amazing Views!",SkyRun Vacation Rentals,,55820,59590,600.22,41.89,347,2,2,6,false,true,true,true,true,false,false,Home/Apartment,Condominium (condo),Apt/Condo/Loft,4.65,56,3,21+,Luxury,true,304,true,93,23,2026-05-13,Frisco/Silverthorne,Frisco,Frisco,Colorado,80443,United States,mountains_lakes,https://www.airbnb.com/rooms/16313138,https://a0.muscache.com/im/pictures/prohost-api/Hosting-16313138/original/b472e5d9-6207-4451-939a-4098e36cc68c.jpeg,16313138,776182,39.5002,-106.1563,=AVERAGE($G$2:$G$501),=AVERAGE($D$2:$D$501),"=IFERROR(($AT205-G205)/$AT205,0)","=IFERROR(($AU205-D205)/$AU205,0)",=$AU205-D205
Cirque 2 Bedroom Condo #109,RedAwning,,55771,68242,606.21,38.33,274,2,2,6,false,false,true,true,true,false,true,Home/Apartment,Condominium (condo),Apt/Condo/Loft,0,0,1,21+,Luxury,false,164,true,92,22,2026-05-13,Frisco/Silverthorne,Frisco,Frisco,Colorado,80443,United States,mountains_lakes,https://www.airbnb.com/rooms/639248586665545150,https://a0.muscache.com/im/pictures/prohost-api/Hosting-639248586665545150/original/9c78cccf-604c-4b02-ab90-c8e6e5e0e4b4.jpeg,639248586665545150,,39.5022,-106.151,=AVERAGE($G$2:$G$501),=AVERAGE($D$2:$D$501),"=IFERROR(($AT206-G206)/$AT206,0)","=IFERROR(($AU206-D206)/$AU206,0)",=$AU206-D206
Cirque 2 Bedroom Condo #102,RedAwning,,55552,89440,868,52.46,200,2,2,6,false,false,false,true,true,false,false,Home/Apartment,Condominium (condo),Apt/Condo/Loft,0,0,1,21+,Luxury,false,165,true,64,14,2026-05-13,Frisco/Silverthorne,Frisco,Frisco,Colorado,80443,United States,mountains_lakes,https://www.airbnb.com/rooms/692548144807689956,https://a0.muscache.com/im/pictures/prohost-api/Hosting-692548144807689956/original/afe4f237-fe15-459a-a9a2-fea70df95b00.jpeg,692548144807689956,9696249ha,39.5022,-106.151,=AVERAGE($G$2:$G$501),=AVERAGE($D$2:$D$501),"=IFERROR(($AT207-G207)/$AT207,0)","=IFERROR(($AU207-D207)/$AU207,0)",=$AU207-D207
Elk Run 2 Bedroom Townhome #19,RedAwning,,55535,83043,669.1,49.7,228,2,3,8,false,false,false,true,true,false,false,Home/Apartment,Townhouse,Apt/Condo/Loft,0,0,1,21+,Luxury,false,165,true,83,17,2026-05-13,Frisco/Silverthorne,Frisco,Frisco,Colorado,80443,United States,mountains_lakes,https://www.airbnb.com/rooms/639262415753992178,https://a0.muscache.com/im/pictures/prohost-api/Hosting-639262415753992178/original/151af125-7c27-44cc-81fb-8f03694c8851.jpeg,639262415753992178,9695141ha,39.5022,-106.151,=AVERAGE($G$2:$G$501),=AVERAGE($D$2:$D$501),"=IFERROR(($AT208-G208)/$AT208,0)","=IFERROR(($AU208-D208)/$AU208,0)",=$AU208-D208
Passage Point 216 - 2 bedroom condo,Copper Vacations,,55506,57203,623.66,39.38,346,2,2,7,false,true,true,true,true,false,false,Home/Apartment,Condominium (condo),Apt/Condo/Loft,4.55,40,2,21+,Luxury,true,1062,true,89,23,2026-05-13,Frisco/Silverthorne,Frisco,Frisco,Colorado,80443,United States,mountains_lakes,https://www.airbnb.com/rooms/53238958,https://a0.muscache.com/im/pictures/prohost-api/Hosting-53238958/original/ca751da4-f0c2-4293-b67b-b3768f3db7fc.jpeg,53238958,9626211ha,39.50152,-106.1521,=AVERAGE($G$2:$G$501),=AVERAGE($D$2:$D$501),"=IFERROR(($AT209-G209)/$AT209,0)","=IFERROR(($AU209-D209)/$AU209,0)",=$AU209-D209
Copper One 2 Bedroom Condo #308,RedAwning,,55488,88530,720.62,40.31,244,2,2,6,false,false,false,true,true,false,false,Home/Apartment,Condominium (condo),Apt/Condo/Loft,0,0,1,21+,Luxury,false,166,true,77,20,2026-05-17,Frisco/Silverthorne,Frisco,Frisco,Colorado,80443,United States,mountains_lakes,https://www.airbnb.com/rooms/639219698855232202,https://a0.muscache.com/im/pictures/prohost-api/Hosting-639219698855232202/original/d97fab7a-5d4d-4795-a6e5-1194e8845b58.jpeg,639219698855232202,9695394ha,39.5021,-106.151,=AVERAGE($G$2:$G$501),=AVERAGE($D$2:$D$501),"=IFERROR(($AT210-G210)/$AT210,0)","=IFERROR(($AU210-D210)/$AU210,0)",=$AU210-D210
Greens at Copper #218,Summit County Mountain Retreats,,55256,61815,338.99,58.84,288,1,1,4,false,false,false,true,true,false,false,Home/Apartment,Apartment,Apt/Condo/Loft,4.55,9,1,21+,Luxury,false,220,true,163,39,2026-05-13,Frisco/Silverthorne,Frisco,Frisco,Colorado,80443,United States,mountains_lakes,https://www.airbnb.com/rooms/1239178210541144312,https://a0.muscache.com/im/pictures/hosting/Hosting-U3RheVN1cHBseUxpc3Rpbmc6MTIzOTE3ODIxMDU0MTE0NDMxMg%3D%3D/original/a587804f-2138-459f-8c40-0e85204a5f6c.jpeg,1239178210541144312,4167752,39.5001,-106.1448,=AVERAGE($G$2:$G$501),=AVERAGE($D$2:$D$501),"=IFERROR(($AT211-G211)/$AT211,0)","=IFERROR(($AU211-D211)/$AU211,0)",=$AU211-D211
New Condo in Center Village ~100 steps to lifts,16422529,,55023,56176,524.03,50,348,2,2,6,false,true,false,true,true,false,false,Home/Apartment,Condominium (condo),Apt/Condo/Loft,4.9,141,2,1,Luxury,true,252,true,105,29,2026-05-13,Frisco/Silverthorne,Frisco,Frisco,Colorado,80443,United States,mountains_lakes,https://www.airbnb.com/rooms/45975536,https://a0.muscache.com/im/pictures/cd994631-2f3c-4bce-beae-3671aa55071b.jpg,45975536,776164,39.50197,-106.15608,=AVERAGE($G$2:$G$501),=AVERAGE($D$2:$D$501),"=IFERROR(($AT212-G212)/$AT212,0)","=IFERROR(($AU212-D212)/$AU212,0)",=$AU212-D212
Passage Point 2 Bedroom Condo #314,RedAwning,,54979,77146,610.88,58.44,205,2,2,6,false,false,false,true,true,false,false,Home/Apartment,Condominium (condo),Apt/Condo/Loft,0,0,1,21+,Luxury,false,165,true,90,18,2026-05-13,Frisco/Silverthorne,Frisco,Frisco,Colorado,80443,United States,mountains_lakes,https://www.airbnb.com/rooms/614281613844809861,https://a0.muscache.com/im/pictures/prohost-api/Hosting-614281613844809861/original/7033dd1a-a161-4d14-83e9-5756c218119f.jpeg,614281613844809861,9695281ha,39.5022,-106.151,=AVERAGE($G$2:$G$501),=AVERAGE($D$2:$D$501),"=IFERROR(($AT213-G213)/$AT213,0)","=IFERROR(($AU213-D213)/$AU213,0)",=$AU213-D213
Bridge End 2 Bedroom Condo #206/206a,RedAwning,,54901,69555,623.88,46.56,284,2,2,8,false,false,false,true,true,false,false,Home/Apartment,Condominium (condo),Apt/Condo/Loft,0,0,1,21+,Luxury,false,167,true,88,26,2026-05-16,Frisco/Silverthorne,Frisco,Frisco,Colorado,80443,United States,mountains_lakes,https://www.airbnb.com/rooms/639223620705764031,https://a0.muscache.com/im/pictures/prohost-api/Hosting-639223620705764031/original/569c9625-2c7e-4e1d-b134-eeee8189601c.jpeg,639223620705764031,9695355ha,39.5022,-106.151,=AVERAGE($G$2:$G$501),=AVERAGE($D$2:$D$501),"=IFERROR(($AT214-G214)/$AT214,0)","=IFERROR(($AU214-D214)/$AU214,0)",=$AU214-D214
West Lake Lodge 1 Bedroom Condo #305,RedAwning,,54591,62154,440.25,51.88,313,1,2,6,false,false,false,true,false,false,false,Home/Apartment,Condominium (condo),Apt/Condo/Loft,0,0,1,21+,Luxury,false,134,true,124,31,2026-03-28,Frisco/Silverthorne,Frisco,Frisco,Colorado,80443,United States,mountains_lakes,https://www.airbnb.com/rooms/940420988816110203,https://a0.muscache.com/im/pictures/prohost-api/Hosting-940420988816110203/original/4779ff6b-01cd-4a55-9bd4-c363ea773134.jpeg,940420988816110203,9799806ha,39.5022,-106.151,=AVERAGE($G$2:$G$501),=AVERAGE($D$2:$D$501),"=IFERROR(($AT215-G215)/$AT215,0)","=IFERROR(($AU215-D215)/$AU215,0)",=$AU215-D215
Mountain Plaza 1 Bedroom Condo #404,RedAwning,,54571,65037,443.67,43.93,302,1,2,4,false,false,false,true,true,false,false,Home/Apartment,Condominium (condo),Apt/Condo/Loft,0,0,1,21+,Luxury,false,166,true,123,33,2026-05-13,Frisco/Silverthorne,Frisco,Frisco,Colorado,80443,United States,mountains_lakes,https://www.airbnb.com/rooms/639236006214212992,https://a0.muscache.com/im/pictures/prohost-api/Hosting-639236006214212992/original/600691a4-eafb-4c86-a360-c57db1ee67a1.jpeg,639236006214212992,9695277ha,39.5022,-106.151,=AVERAGE($G$2:$G$501),=AVERAGE($D$2:$D$501),"=IFERROR(($AT216-G216)/$AT216,0)","=IFERROR(($AU216-D216)/$AU216,0)",=$AU216-D216
Timeless Classic Ski Condo. SH404,SkyRun Vacation Rentals,,54242,56758,542.42,43.86,354,2,2,8,false,true,false,true,true,false,false,Home/Apartment,Condominium (condo),Apt/Condo/Loft,4.8,56,3,21+,Luxury,true,283,true,100,24,2026-05-13,Frisco/Silverthorne,Frisco,Frisco,Colorado,80443,United States,mountains_lakes,https://www.airbnb.com/rooms/16313091,https://a0.muscache.com/im/pictures/prohost-api/Hosting-16313091/original/a3b23b77-55f3-434b-b90b-bb0f47649c33.jpeg,16313091,322697,39.5004,-106.1525,=AVERAGE($G$2:$G$501),=AVERAGE($D$2:$D$501),"=IFERROR(($AT217-G217)/$AT217,0)","=IFERROR(($AU217-D217)/$AU217,0)",=$AU217-D217
Tucker Mountain 2 Bedroom Condo #522,RedAwning,,54237,68111,686.54,47.59,317,2,2,6,false,false,false,true,true,false,false,Home/Apartment,Condominium (condo),Apt/Condo/Loft,0,0,1,21+,Luxury,false,165,true,79,18,2026-05-17,Frisco/Silverthorne,Frisco,Frisco,Colorado,80443,United States,mountains_lakes,https://www.airbnb.com/rooms/639248102238617807,https://a0.muscache.com/im/pictures/prohost-api/Hosting-639248102238617807/original/8acc941d-d3dd-4938-b97a-5d8aa5759c4a.jpeg,639248102238617807,9695215ha,39.5022,-106.151,=AVERAGE($G$2:$G$501),=AVERAGE($D$2:$D$501),"=IFERROR(($AT218-G218)/$AT218,0)","=IFERROR(($AU218-D218)/$AU218,0)",=$AU218-D218
Comfortable Cozy Condo. Short Walk to lifts,SkyRun Vacation Rentals,,54093,54627,510.31,56.99,358,2,2,8,false,true,false,true,true,false,false,Home/Apartment,Condominium (condo),Apt/Condo/Loft,4.8,67,3,21+,Luxury,true,300,true,106,20,2026-05-17,Frisco/Silverthorne,Frisco,Frisco,Colorado,80443,United States,mountains_lakes,https://www.airbnb.com/rooms/16313148,https://a0.muscache.com/im/pictures/prohost-api/Hosting-16313148/original/86468118-25e2-4918-addb-d749eb57aef8.jpeg,16313148,2128540,39.5004,-106.1524,=AVERAGE($G$2:$G$501),=AVERAGE($D$2:$D$501),"=IFERROR(($AT219-G219)/$AT219,0)","=IFERROR(($AU219-D219)/$AU219,0)",=$AU219-D219
Tucker Mountain 2 Bedroom Condo #409/409a,RedAwning,,54064,92772,621.43,39.19,274,2,2,8,false,false,false,true,true,false,false,Home/Apartment,Condominium (condo),Apt/Condo/Loft,0,0,1,21+,Luxury,false,167,true,87,28,2026-05-16,Frisco/Silverthorne,Frisco,Frisco,Colorado,80443,United States,mountains_lakes,https://www.airbnb.com/rooms/639247540642601398,https://a0.muscache.com/im/pictures/prohost-api/Hosting-639247540642601398/original/8089590c-f797-45b7-95d0-7aae4829425a.jpeg,639247540642601398,9695359ha,39.5022,-106.151,=AVERAGE($G$2:$G$501),=AVERAGE($D$2:$D$501),"=IFERROR(($AT220-G220)/$AT220,0)","=IFERROR(($AU220-D220)/$AU220,0)",=$AU220-D220
Mountain Plaza 1BR Heart of Copper with Hot Tub,SkyRun Vacation Rentals,,53902,60461,477.01,58.25,311,1,2,4,false,true,true,true,true,true,false,Home/Apartment,Condominium (condo),Apt/Condo/Loft,4.7,36,3,21+,Luxury,true,266,true,113,26,2026-05-11,Frisco/Silverthorne,Frisco,Frisco,Colorado,80443,United States,mountains_lakes,https://www.airbnb.com/rooms/711569734078859489,https://a0.muscache.com/im/pictures/prohost-api/Hosting-711569734078859489/original/daf20aa2-17fd-4bc6-be22-b552ec21d0ff.jpeg,711569734078859489,3009353,39.5006,-106.1555,=AVERAGE($G$2:$G$501),=AVERAGE($D$2:$D$501),"=IFERROR(($AT221-G221)/$AT221,0)","=IFERROR(($AU221-D221)/$AU221,0)",=$AU221-D221
"Bike, & Soak - Garage - Copper Condo - Hot Tub",375776189,,53873,54509,379.39,42.77,354,1,1,6,false,true,false,true,true,false,false,Home/Apartment,Apartment,Apt/Condo/Loft,5,34,2,2-5,Luxury,true,124,false,142,48,2026-05-14,Frisco/Silverthorne,Frisco,Frisco,Colorado,80443,United States,mountains_lakes,https://www.airbnb.com/rooms/1361122506805909118,https://a0.muscache.com/im/pictures/hosting/Hosting-1361122506805909118/original/d9ac1318-bb8d-4c0f-a652-77dcb8495611.jpeg,1361122506805909118,,39.5016,-106.1574,=AVERAGE($G$2:$G$501),=AVERAGE($D$2:$D$501),"=IFERROR(($AT222-G222)/$AT222,0)","=IFERROR(($AU222-D222)/$AU222,0)",=$AU222-D222
Tucker Mountain 2 Bedroom Condo #303,RedAwning,,53855,85951,928.53,55.77,162,2,2,6,false,false,false,true,false,false,false,Home/Apartment,Condominium (condo),Apt/Condo/Loft,0,0,1,21+,Luxury,false,154,true,58,16,2026-05-16,Frisco/Silverthorne,Frisco,Frisco,Colorado,80443,United States,mountains_lakes,https://www.airbnb.com/rooms/1303533662175535849,https://a0.muscache.com/im/pictures/prohost-api/Hosting-1303533662175535849/original/8d1d82fe-2e97-46c3-8291-268cd3b3afcb.jpeg,1303533662175535849,20082352ha,39.5022,-106.151,=AVERAGE($G$2:$G$501),=AVERAGE($D$2:$D$501),"=IFERROR(($AT223-G223)/$AT223,0)","=IFERROR(($AU223-D223)/$AU223,0)",=$AU223-D223
"Rare Gem, Spacious Condo, Outstanding Location A6",SkyRun Vacation Rentals,,53602,54793,541.43,43.23,342,2,2,6,false,true,true,true,true,false,false,Home/Apartment,Condominium (condo),Apt/Condo/Loft,4.5,16,3,21+,Luxury,true,272,true,99,24,2026-05-11,Frisco/Silverthorne,Frisco,Frisco,Colorado,80443,United States,mountains_lakes,https://www.airbnb.com/rooms/697162327043580095,https://a0.muscache.com/im/pictures/prohost-api/Hosting-697162327043580095/original/95ce4b60-43ae-49f9-8950-77ea7312a4f1.jpeg,697162327043580095,2969533,39.4999,-106.1533,=AVERAGE($G$2:$G$501),=AVERAGE($D$2:$D$501),"=IFERROR(($AT224-G224)/$AT224,0)","=IFERROR(($AU224-D224)/$AU224,0)",=$AU224-D224
Ski in/out in Center Village,63250538,,53538,60845,713.84,40.11,353,2,1,6,false,false,false,true,true,false,false,Home/Apartment,Apartment,Apt/Condo/Loft,4.85,18,3,1,Luxury,false,170,true,75,24,2026-05-17,Frisco/Silverthorne,Frisco,Frisco,Colorado,80443,United States,mountains_lakes,https://www.airbnb.com/rooms/768167162521694276,https://a0.muscache.com/im/pictures/miso/Hosting-768167162521694276/original/48c00abe-ec92-4395-837e-5bf62305ebef.jpeg,768167162521694276,3215288,39.4994,-106.155,=AVERAGE($G$2:$G$501),=AVERAGE($D$2:$D$501),"=IFERROR(($AT225-G225)/$AT225,0)","=IFERROR(($AU225-D225)/$AU225,0)",=$AU225-D225
Luxury 6 BR 8 Bth Ski In/Out Copper Mtn  Lewis Ranch Subdivision 15 min to Vail,,,53425,67762,2226.04,47.06,51,7,8,16,false,false,true,true,true,false,false,Home/Apartment,House,House/villa,4.8,15,7,1,Luxury,false,650,false,24,2,2025-03-01,Frisco/Silverthorne,Frisco,Frisco,Colorado,80443,United States,mountains_lakes,https://www.vrbo.com/1550094,https://media.vrbo.com/lodging/34000000/34000000/33999500/33999402/b15e54ae.jpg?impolicy=resizecrop&rw=1200&ra=fit,,1550094,39.49762,-106.177048,=AVERAGE($G$2:$G$501),=AVERAGE($D$2:$D$501),"=IFERROR(($AT226-G226)/$AT226,0)","=IFERROR(($AU226-D226)/$AU226,0)",=$AU226-D226
"Luxury Remodeled Condo, Short Walk to Lifts",SkyRun Vacation Rentals,,53320,58086,627.29,46.96,310,2,2,6,false,true,true,true,true,false,false,Home/Apartment,Condominium (condo),Apt/Condo/Loft,5,29,3,21+,Luxury,true,267,true,85,23,2026-05-13,Frisco/Silverthorne,Frisco,Frisco,Colorado,80443,United States,mountains_lakes,https://www.airbnb.com/rooms/49250540,https://a0.muscache.com/im/pictures/prohost-api/Hosting-49250540/original/be4b98df-d811-4dff-9200-c0704f3dd349.jpeg,49250540,2280964,39.5017,-106.157,=AVERAGE($G$2:$G$501),=AVERAGE($D$2:$D$501),"=IFERROR(($AT227-G227)/$AT227,0)","=IFERROR(($AU227-D227)/$AU227,0)",=$AU227-D227
Passage Point 2 Bedroom Condo #519,RedAwning,,53255,72640,771.81,37.7,292,2,2,6,false,false,false,true,true,false,false,Home/Apartment,Condominium (condo),Apt/Condo/Loft,0,0,1,21+,Luxury,false,167,true,69,17,2026-05-13,Frisco/Silverthorne,Frisco,Frisco,Colorado,80443,United States,mountains_lakes,https://www.airbnb.com/rooms/639223173811842577,https://a0.muscache.com/im/pictures/prohost-api/Hosting-639223173811842577/original/60d5e364-a186-4416-be00-3b60c52fad52.jpeg,639223173811842577,9695361ha,39.5022,-106.151,=AVERAGE($G$2:$G$501),=AVERAGE($D$2:$D$501),"=IFERROR(($AT228-G228)/$AT228,0)","=IFERROR(($AU228-D228)/$AU228,0)",=$AU228-D228
Tucker Mountain 1 Bedroom Condo #109,RedAwning,,53195,57897,699.93,43.93,246,1,1,4,false,false,false,true,false,false,false,Home/Apartment,Condominium (condo),Apt/Condo/Loft,0,0,1,21+,Luxury,false,135,true,76,19,2026-05-14,Frisco/Silverthorne,Frisco,Frisco,Colorado,80443,United States,mountains_lakes,https://www.airbnb.com/rooms/1303534673639878059,https://a0.muscache.com/im/pictures/prohost-api/Hosting-1303534673639878059/original/cc63e1b4-2998-4d54-b8f2-d29cbf2ddb29.jpeg,1303534673639878059,20082354ha,39.5022,-106.151,=AVERAGE($G$2:$G$501),=AVERAGE($D$2:$D$501),"=IFERROR(($AT229-G229)/$AT229,0)","=IFERROR(($AU229-D229)/$AU229,0)",=$AU229-D229
Passage Point 3 Bedroom Condo #608,RedAwning,,53064,107764,947.57,52.34,236,3,3,8,false,false,false,true,true,false,false,Home/Apartment,Condominium (condo),Apt/Condo/Loft,4.5,2,1,21+,Luxury,false,193,true,56,16,2026-05-13,Frisco/Silverthorne,Frisco,Frisco,Colorado,80443,United States,mountains_lakes,https://www.airbnb.com/rooms/639232143267007241,https://a0.muscache.com/im/pictures/prohost-api/Hosting-639232143267007241/original/a635099c-760a-485b-b37f-3541d3d8ff83.jpeg,639232143267007241,9695299ha,39.5022,-106.151,=AVERAGE($G$2:$G$501),=AVERAGE($D$2:$D$501),"=IFERROR(($AT230-G230)/$AT230,0)","=IFERROR(($AU230-D230)/$AU230,0)",=$AU230-D230
Nice updated 3 Bedroom Condo. Great Access to,SkyRun Vacation Rentals,,52808,64884,865.7,69.32,119,3,3,8,false,true,true,true,true,false,false,Home/Apartment,Condominium (condo),Apt/Condo/Loft,4.75,26,3,21+,Luxury,true,379,true,61,11,2026-05-17,Frisco/Silverthorne,Frisco,Frisco,Colorado,80443,United States,mountains_lakes,https://www.airbnb.com/rooms/26535761,https://a0.muscache.com/im/pictures/prohost-api/Hosting-26535761/original/02916373-0d48-49fd-bdb1-ef75af2a6170.jpeg,26535761,1484233,39.5004,-106.1477,=AVERAGE($G$2:$G$501),=AVERAGE($D$2:$D$501),"=IFERROR(($AT231-G231)/$AT231,0)","=IFERROR(($AU231-D231)/$AU231,0)",=$AU231-D231
Inviting and Spacious Condo In The Heart of Center,SkyRun Vacation Rentals,,52778,66780,522.55,48.33,328,2,2,8,false,true,true,true,true,false,false,Home/Apartment,Condominium (condo),Apt/Condo/Loft,4.9,33,3,21+,Luxury,true,304,true,101,27,2026-05-17,Frisco/Silverthorne,Frisco,Frisco,Colorado,80443,United States,mountains_lakes,https://www.airbnb.com/rooms/40355312,https://a0.muscache.com/im/pictures/prohost-api/Hosting-40355312/original/79547d0d-5180-439d-899a-aeed9b085f3f.jpeg,40355312,1844566,39.5014,-106.1577,=AVERAGE($G$2:$G$501),=AVERAGE($D$2:$D$501),"=IFERROR(($AT232-G232)/$AT232,0)","=IFERROR(($AU232-D232)/$AU232,0)",=$AU232-D232
Tucker Mountain 2 Bedroom Condo #204,RedAwning,,52655,62100,634.4,36.56,313,2,2,6,false,false,false,true,true,false,false,Home/Apartment,Condominium (condo),Apt/Condo/Loft,0,0,1,21+,Luxury,false,167,true,83,19,2026-05-13,Frisco/Silverthorne,Frisco,Frisco,Colorado,80443,United States,mountains_lakes,https://www.airbnb.com/rooms/614275701555180558,https://a0.muscache.com/im/pictures/prohost-api/Hosting-614275701555180558/original/3df8d58f-dddc-434d-a628-a2ec8ee75d5e.jpeg,614275701555180558,9695175ha,39.5022,-106.151,=AVERAGE($G$2:$G$501),=AVERAGE($D$2:$D$501),"=IFERROR(($AT233-G233)/$AT233,0)","=IFERROR(($AU233-D233)/$AU233,0)",=$AU233-D233
Spacious 3 Bedroom Condo with available hot tub!,SkyRun Vacation Rentals,,52520,58857,1280.98,39.81,334,3,3,8,false,true,true,true,true,false,false,Home/Apartment,Condominium (condo),Apt/Condo/Loft,4.75,25,3,21+,Luxury,true,409,true,41,9,2026-05-13,Frisco/Silverthorne,Frisco,Frisco,Colorado,80443,United States,mountains_lakes,https://www.airbnb.com/rooms/53206219,https://a0.muscache.com/im/pictures/prohost-api/Hosting-53206219/original/98b59677-76af-4800-ad04-fd2e714293a9.jpeg,53206219,2568948,39.5007,-106.1456,=AVERAGE($G$2:$G$501),=AVERAGE($D$2:$D$501),"=IFERROR(($AT234-G234)/$AT234,0)","=IFERROR(($AU234-D234)/$AU234,0)",=$AU234-D234
Snowbridge Square 108 - 2 Bedroom condo,Copper Vacations,,52253,54854,561.86,44.71,312,2,2,8,false,false,true,true,true,false,false,Home/Apartment,Condominium (condo),Apt/Condo/Loft,4.3,24,2,21+,Luxury,true,305,true,93,24,2026-05-11,Frisco/Silverthorne,Frisco,Frisco,Colorado,80443,United States,mountains_lakes,https://www.airbnb.com/rooms/707235254578241652,https://a0.muscache.com/im/pictures/prohost-api/Hosting-707235254578241652/original/80019cd6-d25e-43aa-811d-13b834e19c00.jpeg,707235254578241652,9705432ha,39.502,-106.1545,=AVERAGE($G$2:$G$501),=AVERAGE($D$2:$D$501),"=IFERROR(($AT235-G235)/$AT235,0)","=IFERROR(($AU235-D235)/$AU235,0)",=$AU235-D235
Passage Point 2 Bedroom Condo #619,RedAwning,,52153,71541,745.04,45.16,274,2,2,6,false,false,false,true,true,false,false,Home/Apartment,Condominium (condo),Apt/Condo/Loft,0,0,1,21+,Luxury,false,167,true,70,16,2026-05-13,Frisco/Silverthorne,Frisco,Frisco,Colorado,80443,United States,mountains_lakes,https://www.airbnb.com/rooms/639218980745821214,https://a0.muscache.com/im/pictures/prohost-api/Hosting-639218980745821214/original/eccbd78f-cda4-4236-868a-280de424bea8.jpeg,639218980745821214,9695399ha,39.5022,-106.151,=AVERAGE($G$2:$G$501),=AVERAGE($D$2:$D$501),"=IFERROR(($AT236-G236)/$AT236,0)","=IFERROR(($AU236-D236)/$AU236,0)",=$AU236-D236
"Upscale Comfort w/ Stunning Views! Private Garage, free WiFi, Games, Porch Swing",,,51720,78310,940.36,35.48,309,3,2,8,false,false,false,true,true,false,false,Home/Apartment,House,House/villa,5,24,2,1,Luxury,false,295,true,55,17,2026-05-14,Frisco/Silverthorne,Frisco,Frisco,Colorado,80443,United States,mountains_lakes,https://www.vrbo.com/2423352,https://media.vrbo.com/lodging/71000000/70340000/70330200/70330157/55d2bf67.jpg?impolicy=resizecrop&rw=1200&ra=fit,,2423352,39.50169,-106.160159,=AVERAGE($G$2:$G$501),=AVERAGE($D$2:$D$501),"=IFERROR(($AT237-G237)/$AT237,0)","=IFERROR(($AU237-D237)/$AU237,0)",=$AU237-D237
Spruce Lodge 1 Bedroom + Den Condo #191,RedAwning,,51688,57441,820.44,49.61,166,1,1,5,false,false,false,true,false,false,false,Home/Apartment,Condominium (condo),Apt/Condo/Loft,0,0,1,21+,Luxury,false,133,true,63,15,2026-05-13,Frisco/Silverthorne,Frisco,Frisco,Colorado,80443,United States,mountains_lakes,https://www.airbnb.com/rooms/1120891760376276219,https://a0.muscache.com/im/pictures/prohost-api/Hosting-1120891760376276219/original/c10a2e00-05b9-4292-afca-d16ac43aa5fd.jpeg,1120891760376276219,9799807ha,39.5022,-106.151,=AVERAGE($G$2:$G$501),=AVERAGE($D$2:$D$501),"=IFERROR(($AT238-G238)/$AT238,0)","=IFERROR(($AU238-D238)/$AU238,0)",=$AU238-D238
Mill Club 3 Bedroom Condo #402,RedAwning,,51536,86686,757.88,43.04,250,3,3,8,false,false,false,true,true,false,false,Home/Apartment,Condominium (condo),Apt/Condo/Loft,5,1,1,21+,Luxury,false,197,true,68,18,2026-05-13,Frisco/Silverthorne,Frisco,Frisco,Colorado,80443,United States,mountains_lakes,https://www.airbnb.com/rooms/639221766119107685,https://a0.muscache.com/im/pictures/prohost-api/Hosting-639221766119107685/original/7a1a71fd-3664-4eb1-b2db-6ab954fcb5fc.jpeg,639221766119107685,9695369ha,39.5022,-106.151,=AVERAGE($G$2:$G$501),=AVERAGE($D$2:$D$501),"=IFERROR(($AT239-G239)/$AT239,0)","=IFERROR(($AU239-D239)/$AU239,0)",=$AU239-D239
Copper One 2 Bedroom Condo #421,RedAwning,,51492,104707,627.95,45.56,235,2,2,6,false,false,false,true,true,false,false,Home/Apartment,Condominium (condo),Apt/Condo/Loft,0,0,1,21+,Luxury,false,167,true,82,21,2026-05-16,Frisco/Silverthorne,Frisco,Frisco,Colorado,80443,United States,mountains_lakes,https://www.airbnb.com/rooms/614289431578328440,https://a0.muscache.com/im/pictures/prohost-api/Hosting-614289431578328440/original/15032ed0-66fd-4473-a299-4e80adeb8983.jpeg,614289431578328440,9695411ha,39.5022,-106.151,=AVERAGE($G$2:$G$501),=AVERAGE($D$2:$D$501),"=IFERROR(($AT240-G240)/$AT240,0)","=IFERROR(($AU240-D240)/$AU240,0)",=$AU240-D240
"Luxury 4BR, Close to Lumberjack Lift, Exclusive Lewis Ranch, Hot Tub",,,51463,60836,2058.52,26.6,354,4,3,10,false,false,true,true,true,false,false,Home/Apartment,House,House/villa,5,26,3,1,Luxury,false,400,false,25,6,2026-05-12,Frisco/Silverthorne,Frisco,Frisco,Colorado,80443,United States,mountains_lakes,https://www.vrbo.com/388074,https://media.vrbo.com/lodging/35000000/34090000/34081100/34081033/00581311.jpg?impolicy=resizecrop&rw=1200&ra=fit,,388074,39.499393,-106.174382,=AVERAGE($G$2:$G$501),=AVERAGE($D$2:$D$501),"=IFERROR(($AT241-G241)/$AT241,0)","=IFERROR(($AU241-D241)/$AU241,0)",=$AU241-D241
Cirque 2 Bedroom Condo #216,RedAwning,,51440,55059,668.05,33.92,299,2,2,6,false,false,false,true,true,false,false,Home/Apartment,Condominium (condo),Apt/Condo/Loft,0,0,1,21+,Luxury,false,164,true,77,19,2026-05-11,Frisco/Silverthorne,Frisco,Frisco,Colorado,80443,United States,mountains_lakes,https://www.airbnb.com/rooms/692559527115137558,https://a0.muscache.com/im/pictures/prohost-api/Hosting-692559527115137558/original/7e522816-d833-41ed-8027-6e6c78ee58d2.jpeg,692559527115137558,9696142ha,39.5022,-106.151,=AVERAGE($G$2:$G$501),=AVERAGE($D$2:$D$501),"=IFERROR(($AT242-G242)/$AT242,0)","=IFERROR(($AU242-D242)/$AU242,0)",=$AU242-D242
Mill Club 1 Bedroom Condo #206,RedAwning,,51419,63040,530.09,45.12,295,1,1,4,false,false,false,true,true,false,false,Home/Apartment,Condominium (condo),Apt/Condo/Loft,0,0,1,21+,Luxury,false,137,true,97,29,2026-05-13,Frisco/Silverthorne,Frisco,Frisco,Colorado,80443,United States,mountains_lakes,https://www.airbnb.com/rooms/639245545594342463,https://a0.muscache.com/im/pictures/prohost-api/Hosting-639245545594342463/original/a70f587d-66da-4db3-b4d2-d49c4590c11c.jpeg,639245545594342463,9695225ha,39.5022,-106.151,=AVERAGE($G$2:$G$501),=AVERAGE($D$2:$D$501),"=IFERROR(($AT243-G243)/$AT243,0)","=IFERROR(($AU243-D243)/$AU243,0)",=$AU243-D243
Remodeled 2 bedroom/3 FULL BATH,201296878,,51391,58058,667.42,46.39,327,2,3,8,false,false,true,true,true,false,false,Home/Apartment,Condominium (condo),Apt/Condo/Loft,5,75,1,1,Luxury,false,226,true,77,24,2026-05-16,Frisco/Silverthorne,Frisco,Frisco,Colorado,80443,United States,mountains_lakes,https://www.airbnb.com/rooms/1336181571457734189,https://a0.muscache.com/im/pictures/hosting/Hosting-1336181571457734189/original/de59bf7e-3e40-4211-88d2-bc9f96cee5a0.jpeg,1336181571457734189,3015879,39.5021,-106.1556,=AVERAGE($G$2:$G$501),=AVERAGE($D$2:$D$501),"=IFERROR(($AT244-G244)/$AT244,0)","=IFERROR(($AU244-D244)/$AU244,0)",=$AU244-D244
Tucker Mountain 1 Bedroom Condo #214,RedAwning,,51264,63058,479.1,38.08,310,1,1,4,false,false,false,true,true,false,false,Home/Apartment,Condominium (condo),Apt/Condo/Loft,0,0,1,21+,Luxury,false,133,true,107,28,2026-05-11,Frisco/Silverthorne,Frisco,Frisco,Colorado,80443,United States,mountains_lakes,https://www.airbnb.com/rooms/614290574525074935,https://a0.muscache.com/im/pictures/prohost-api/Hosting-614290574525074935/original/6782806b-305b-4fa1-b465-b3ddb37c75f3.jpeg,614290574525074935,,39.5022,-106.151,=AVERAGE($G$2:$G$501),=AVERAGE($D$2:$D$501),"=IFERROR(($AT245-G245)/$AT245,0)","=IFERROR(($AU245-D245)/$AU245,0)",=$AU245-D245
Passage Point 1 Bedroom Condo #322,RedAwning,,51225,57916,465.68,38.46,333,1,1,4,false,false,false,true,true,false,false,Home/Apartment,Condominium (condo),Apt/Condo/Loft,0,0,1,21+,Luxury,false,134,true,110,32,2026-05-13,Frisco/Silverthorne,Frisco,Frisco,Colorado,80443,United States,mountains_lakes,https://www.airbnb.com/rooms/639265940084993412,https://a0.muscache.com/im/pictures/prohost-api/Hosting-639265940084993412/original/8900618d-4a61-4ffa-9dfd-ca0f2af2e32c.jpeg,639265940084993412,9695121ha,39.5022,-106.151,=AVERAGE($G$2:$G$501),=AVERAGE($D$2:$D$501),"=IFERROR(($AT246-G246)/$AT246,0)","=IFERROR(($AU246-D246)/$AU246,0)",=$AU246-D246
Passage Point 1 Bedroom Condo #618,RedAwning,,50858,58051,479.79,42.57,315,1,1,4,false,false,false,true,true,false,false,Home/Apartment,Condominium (condo),Apt/Condo/Loft,0,0,1,21+,Luxury,false,114,true,106,28,2026-05-16,Frisco/Silverthorne,Frisco,Frisco,Colorado,80443,United States,mountains_lakes,https://www.airbnb.com/rooms/639236594075024938,https://a0.muscache.com/im/pictures/prohost-api/Hosting-639236594075024938/original/20e061f8-76d1-48f0-bc6a-9d521d8ee760.jpeg,639236594075024938,9695273ha,39.5022,-106.151,=AVERAGE($G$2:$G$501),=AVERAGE($D$2:$D$501),"=IFERROR(($AT247-G247)/$AT247,0)","=IFERROR(($AU247-D247)/$AU247,0)",=$AU247-D247
Copper Springs 2 Bedroom Condo #309,RedAwning,,50717,68781,685.36,37.37,294,2,2,6,false,false,false,true,true,false,false,Home/Apartment,Condominium (condo),Apt/Condo/Loft,0,0,1,21+,Luxury,false,165,true,74,20,2026-05-13,Frisco/Silverthorne,Frisco,Frisco,Colorado,80443,United States,mountains_lakes,https://www.airbnb.com/rooms/639222293581031152,https://a0.muscache.com/im/pictures/prohost-api/Hosting-639222293581031152/original/52671462-cf97-4010-818b-96daafbc6a83.jpeg,639222293581031152,9695368ha,39.5022,-106.151,=AVERAGE($G$2:$G$501),=AVERAGE($D$2:$D$501),"=IFERROR(($AT248-G248)/$AT248,0)","=IFERROR(($AU248-D248)/$AU248,0)",=$AU248-D248
Taylor&#39;s Crossing 1 Bedroom Condo #308,RedAwning,,50624,56964,532.88,37.25,322,1,1,5,false,false,false,true,true,true,false,Home/Apartment,Condominium (condo),Apt/Condo/Loft,0,0,1,21+,Luxury,false,135,true,95,29,2026-05-13,Frisco/Silverthorne,Frisco,Frisco,Colorado,80443,United States,mountains_lakes,https://www.airbnb.com/rooms/639225705175970499,https://a0.muscache.com/im/pictures/prohost-api/Hosting-639225705175970499/original/ac0a714f-1f56-45d6-a262-4bb5d9723e1e.jpeg,639225705175970499,9695345ha,39.5022,-106.151,=AVERAGE($G$2:$G$501),=AVERAGE($D$2:$D$501),"=IFERROR(($AT249-G249)/$AT249,0)","=IFERROR(($AU249-D249)/$AU249,0)",=$AU249-D249
CS335 - Remodeled 3 bed/2.5 bath Condo,Bighorn Rentals of Summit County,,50562,66072,732.78,60.53,194,3,2,8,false,true,true,true,true,false,false,Home/Apartment,Condominium (condo),Apt/Condo/Loft,4.75,16,5,21+,Luxury,true,291,true,69,19,2026-05-17,Frisco/Silverthorne,Frisco,Frisco,Colorado,80443,United States,mountains_lakes,https://www.airbnb.com/rooms/53751482,https://a0.muscache.com/im/pictures/prohost-api/Hosting-53751482/original/793c46e3-d48a-4197-97ad-959075479c07.jpeg,53751482,2577560,39.5011,-106.1447,=AVERAGE($G$2:$G$501),=AVERAGE($D$2:$D$501),"=IFERROR(($AT250-G250)/$AT250,0)","=IFERROR(($AU250-D250)/$AU250,0)",=$AU250-D250
X-Large Balcony View of Half Pipe and Mountain! Steps from American Eagle Lift! ,,,50425,57864,566.57,35.89,332,2,2,6,false,true,true,true,true,false,true,Home/Apartment,Condominium (condo),Apt/Condo/Loft,5,171,2,1,Luxury,false,215,false,89,26,2026-05-16,Frisco/Silverthorne,Frisco,Frisco,Colorado,80443,United States,mountains_lakes,https://www.vrbo.com/793286,https://media.vrbo.com/lodging/34000000/33490000/33484200/33484101/fbb8aacc.jpg?impolicy=resizecrop&rw=1200&ra=fit,,793286,39.499955,-106.156412,=AVERAGE($G$2:$G$501),=AVERAGE($D$2:$D$501),"=IFERROR(($AT251-G251)/$AT251,0)","=IFERROR(($AU251-D251)/$AU251,0)",=$AU251-D251
Taylors Crossing 309 - 2 bedroom condo,Copper Vacations,,50390,56406,622.1,37.5,329,2,2,8,false,true,false,true,true,false,false,Home/Apartment,Condominium (condo),Apt/Condo/Loft,4.8,28,2,21+,Luxury,true,306,true,81,20,2026-05-13,Frisco/Silverthorne,Frisco,Frisco,Colorado,80443,United States,mountains_lakes,https://www.airbnb.com/rooms/47442300,https://a0.muscache.com/im/pictures/prohost-api/Hosting-47442300/original/13e66b58-1f6b-4ca5-b488-102208989926.jpeg,47442300,9502486ha,39.5009,-106.15663,=AVERAGE($G$2:$G$501),=AVERAGE($D$2:$D$501),"=IFERROR(($AT252-G252)/$AT252,0)","=IFERROR(($AU252-D252)/$AU252,0)",=$AU252-D252
Tucker Mountain 1 Bedroom Condo #409,RedAwning,,50334,60422,541.23,43.26,310,1,1,4,false,false,false,true,true,false,false,Home/Apartment,Condominium (condo),Apt/Condo/Loft,0,0,1,21+,Luxury,false,135,true,93,24,2026-05-16,Frisco/Silverthorne,Frisco,Frisco,Colorado,80443,United States,mountains_lakes,https://www.airbnb.com/rooms/639223568223037617,https://a0.muscache.com/im/pictures/prohost-api/Hosting-639223568223037617/original/2e24a3e4-617c-4507-9fd8-a5e8861dbe44.jpeg,639223568223037617,9695217ha,39.5022,-106.151,=AVERAGE($G$2:$G$501),=AVERAGE($D$2:$D$501),"=IFERROR(($AT253-G253)/$AT253,0)","=IFERROR(($AU253-D253)/$AU253,0)",=$AU253-D253
Mountain Plaza Center Village 2BR 3BA Hot Tub,SkyRun Vacation Rentals,,50241,57373,598.11,55.26,319,2,3,10,false,true,true,false,true,false,false,Home/Apartment,Condominium (condo),Apt/Condo/Loft,4.4,5,3,21+,Luxury,true,316,true,84,17,2026-05-14,Frisco/Silverthorne,Frisco,Frisco,Colorado,80443,United States,mountains_lakes,https://www.airbnb.com/rooms/711565712849085879,https://a0.muscache.com/im/pictures/prohost-api/Hosting-711565712849085879/original/0fb1b839-a8c9-4ca1-8d31-7a206acdbb22.jpeg,711565712849085879,3009359,39.5006,-106.1543,=AVERAGE($G$2:$G$501),=AVERAGE($D$2:$D$501),"=IFERROR(($AT254-G254)/$AT254,0)","=IFERROR(($AU254-D254)/$AU254,0)",=$AU254-D254
Cirque 1 Bedroom + Den Condo #208,RedAwning,,50063,63288,505.69,50,279,1,2,6,false,false,false,true,true,false,false,Home/Apartment,Condominium (condo),Apt/Condo/Loft,0,0,1,21+,Luxury,false,133,true,99,25,2026-05-13,Frisco/Silverthorne,Frisco,Frisco,Colorado,80443,United States,mountains_lakes,https://www.airbnb.com/rooms/639260383072612474,https://a0.muscache.com/im/pictures/prohost-api/Hosting-639260383072612474/original/5941ce1a-bd1b-4ea4-8509-99b957801474.jpeg,639260383072612474,9696134ha,39.5022,-106.151,=AVERAGE($G$2:$G$501),=AVERAGE($D$2:$D$501),"=IFERROR(($AT255-G255)/$AT255,0)","=IFERROR(($AU255-D255)/$AU255,0)",=$AU255-D255
Perfect Passage To Copper Mountain PP327,SkyRun Vacation Rentals,,49975,60757,649.03,45.03,300,2,2,8,false,true,true,true,true,false,false,Home/Apartment,Condominium (condo),Apt/Condo/Loft,4.8,44,3,21+,Luxury,true,289,true,77,18,2026-05-13,Frisco/Silverthorne,Frisco,Frisco,Colorado,80443,United States,mountains_lakes,https://www.airbnb.com/rooms/16313073,https://a0.muscache.com/im/pictures/prohost-api/Hosting-16313073/original/589c3f93-b540-46c9-b224-4a9ad18c9eb8.jpeg,16313073,322393,39.5017,-106.1577,=AVERAGE($G$2:$G$501),=AVERAGE($D$2:$D$501),"=IFERROR(($AT256-G256)/$AT256,0)","=IFERROR(($AU256-D256)/$AU256,0)",=$AU256-D256
Mill Club 2 Bedroom Condo #307,RedAwning,,49631,92248,787.79,40.65,202,2,2,6,false,false,false,false,true,false,false,Home/Apartment,Condominium (condo),Apt/Condo/Loft,0,0,1,21+,Luxury,false,200,true,63,15,2026-05-13,Frisco/Silverthorne,Frisco,Frisco,Colorado,80443,United States,mountains_lakes,https://www.airbnb.com/rooms/639271463296148990,https://a0.muscache.com/im/pictures/prohost-api/Hosting-639271463296148990/original/43855876-eff2-41ec-8825-ac08fa7b63c4.jpeg,639271463296148990,9696133ha,39.5022,-106.151,=AVERAGE($G$2:$G$501),=AVERAGE($D$2:$D$501),"=IFERROR(($AT257-G257)/$AT257,0)","=IFERROR(($AU257-D257)/$AU257,0)",=$AU257-D257
"Beautifully Remodeled, SB204",SkyRun Vacation Rentals,,49589,53209,627.71,52.67,169,2,2,10,false,true,true,true,true,true,false,Home/Apartment,Condominium (condo),Apt/Condo/Loft,4.6,60,3,21+,Luxury,true,304,true,79,21,2026-05-16,Frisco/Silverthorne,Frisco,Frisco,Colorado,80443,United States,mountains_lakes,https://www.airbnb.com/rooms/51626545,https://a0.muscache.com/im/pictures/prohost-api/Hosting-51626545/original/53786931-87b5-4d61-8ddb-ccd5f5615937.jpeg,51626545,2427634,39.5019,-106.1543,=AVERAGE($G$2:$G$501),=AVERAGE($D$2:$D$501),"=IFERROR(($AT258-G258)/$AT258,0)","=IFERROR(($AU258-D258)/$AU258,0)",=$AU258-D258
Mountain Plaza 2 Bedroom Condo #403,RedAwning,,49508,80988,761.66,37.57,242,2,2,8,false,false,false,true,false,true,false,Home/Apartment,Condominium (condo),Apt/Condo/Loft,1,1,1,21+,Luxury,false,166,true,65,16,2026-05-11,Frisco/Silverthorne,Frisco,Frisco,Colorado,80443,United States,mountains_lakes,https://www.airbnb.com/rooms/692554883988853246,https://a0.muscache.com/im/pictures/prohost-api/Hosting-692554883988853246/original/0b22c7ea-36e4-475f-b05b-f3da4f209f34.jpeg,692554883988853246,9696236ha,39.5021,-106.151,=AVERAGE($G$2:$G$501),=AVERAGE($D$2:$D$501),"=IFERROR(($AT259-G259)/$AT259,0)","=IFERROR(($AU259-D259)/$AU259,0)",=$AU259-D259
Foxpine 1 Bedroom + Loft  Condo #307,RedAwning,,49501,60098,430.44,42.28,318,1,2,8,false,false,true,true,true,false,false,Home/Apartment,Condominium (condo),Apt/Condo/Loft,5,1,1,21+,Luxury,false,136,true,115,32,2026-05-13,Frisco/Silverthorne,Frisco,Frisco,Colorado,80443,United States,mountains_lakes,https://www.airbnb.com/rooms/614279006144707948,https://a0.muscache.com/im/pictures/prohost-api/Hosting-614279006144707948/original/2838af4b-f275-4631-9031-6f9f41d00a39.jpeg,614279006144707948,9695201ha,39.5022,-106.151,=AVERAGE($G$2:$G$501),=AVERAGE($D$2:$D$501),"=IFERROR(($AT260-G260)/$AT260,0)","=IFERROR(($AU260-D260)/$AU260,0)",=$AU260-D260
Panoramic mountain views from this peaceful condo,SkyRun Vacation Rentals,,49454,56158,1075.09,46,151,3,2,8,false,true,true,true,true,false,false,Home/Apartment,Condominium (condo),Apt/Condo/Loft,4.45,25,3,21+,Luxury,true,388,true,46,11,2026-05-13,Frisco/Silverthorne,Frisco,Frisco,Colorado,80443,United States,mountains_lakes,https://www.airbnb.com/rooms/53775853,https://a0.muscache.com/im/pictures/prohost-api/Hosting-53775853/original/69cca525-cf26-4183-b6ff-26ee34c01893.jpeg,53775853,2579244,39.5007,-106.1456,=AVERAGE($G$2:$G$501),=AVERAGE($D$2:$D$501),"=IFERROR(($AT261-G261)/$AT261,0)","=IFERROR(($AU261-D261)/$AU261,0)",=$AU261-D261
Copper Valley 2 Bedroom + Loft Condo #208/208a,RedAwning,,49427,66036,677.08,44.24,294,2,2,10,false,false,false,true,true,false,false,Home/Apartment,Condominium (condo),Apt/Condo/Loft,0,0,1,21+,Luxury,false,165,true,73,16,2026-05-16,Frisco/Silverthorne,Frisco,Frisco,Colorado,80443,United States,mountains_lakes,https://www.airbnb.com/rooms/639271597945500319,https://a0.muscache.com/im/pictures/prohost-api/Hosting-639271597945500319/original/7b3bbf4f-6fdf-4ff5-bc1f-5cd1b76f031c.jpeg,639271597945500319,9696130ha,39.5022,-106.151,=AVERAGE($G$2:$G$501),=AVERAGE($D$2:$D$501),"=IFERROR(($AT262-G262)/$AT262,0)","=IFERROR(($AU262-D262)/$AU262,0)",=$AU262-D262
2 bedroom 3 bath ski in/out awesome,9815724,,49346,50765,704.94,30.97,358,2,3,6,false,false,false,true,true,false,false,Home/Apartment,Condominium (condo),Apt/Condo/Loft,4.8,173,1,2-5,Luxury,true,170,false,70,19,2026-05-17,Frisco/Silverthorne,Frisco,Frisco,Colorado,80443,United States,mountains_lakes,https://www.airbnb.com/rooms/1886799,https://a0.muscache.com/im/pictures/844c0022-7140-4ddd-9988-b43714456264.jpg,1886799,,39.50058,-106.15461,=AVERAGE($G$2:$G$501),=AVERAGE($D$2:$D$501),"=IFERROR(($AT263-G263)/$AT263,0)","=IFERROR(($AU263-D263)/$AU263,0)",=$AU263-D263
Copper Mountain Condo w/ Fabulous SuperPipe Views,Skis and Seas Vacation Rentals,,49147,55734,552.21,36.33,330,2,2,5,false,false,true,true,true,false,false,Home/Apartment,Condominium (condo),Apt/Condo/Loft,4.85,23,2,21+,Luxury,true,175,true,89,29,2026-05-13,Frisco/Silverthorne,Frisco,Frisco,Colorado,80443,United States,mountains_lakes,https://www.airbnb.com/rooms/745033052369789783,https://a0.muscache.com/im/pictures/prohost-api/Hosting-745033052369789783/original/a78c55d1-483c-4fff-b37e-0e97f6b96f3c.jpeg,745033052369789783,3069688,39.50045,-106.15667,=AVERAGE($G$2:$G$501),=AVERAGE($D$2:$D$501),"=IFERROR(($AT264-G264)/$AT264,0)","=IFERROR(($AU264-D264)/$AU264,0)",=$AU264-D264
Perfect Location Hot tub Amazing Views TX414,SkyRun Vacation Rentals,,49035,57047,576.88,43.81,322,2,2,6,false,true,true,true,true,false,false,Home/Apartment,Condominium (condo),Apt/Condo/Loft,5,49,3,21+,Luxury,true,289,true,85,16,2026-05-16,Frisco/Silverthorne,Frisco,Frisco,Colorado,80443,United States,mountains_lakes,https://www.airbnb.com/rooms/16313150,https://a0.muscache.com/im/pictures/prohost-api/Hosting-16313150/original/f4a0f664-ee79-4b9b-b5f3-155de427300a.jpeg,16313150,776191,39.5019,-106.152,=AVERAGE($G$2:$G$501),=AVERAGE($D$2:$D$501),"=IFERROR(($AT265-G265)/$AT265,0)","=IFERROR(($AU265-D265)/$AU265,0)",=$AU265-D265
Taylor's Crossing In The Heart Of Copper,SkyRun Vacation Rentals,,49027,56461,408.56,48.58,331,1,1,4,false,true,true,true,true,false,false,Home/Apartment,Condominium (condo),Apt/Condo/Loft,4.8,58,3,21+,Luxury,true,248,true,120,33,2026-05-11,Frisco/Silverthorne,Frisco,Frisco,Colorado,80443,United States,mountains_lakes,https://www.airbnb.com/rooms/16313103,https://a0.muscache.com/im/pictures/prohost-api/Hosting-16313103/original/f6e27789-1107-4192-8735-3eba58090e67.jpeg,16313103,322703,39.5009,-106.1565,=AVERAGE($G$2:$G$501),=AVERAGE($D$2:$D$501),"=IFERROR(($AT266-G266)/$AT266,0)","=IFERROR(($AU266-D266)/$AU266,0)",=$AU266-D266
Copper One Studio  #413,RedAwning,,49001,62809,441.45,55.22,297,,1,4,false,false,false,true,true,false,false,Home/Apartment,Condominium (condo),Apt/Condo/Loft,0,0,1,21+,Luxury,false,103,true,111,33,2026-05-17,Frisco/Silverthorne,Frisco,Frisco,Colorado,80443,United States,mountains_lakes,https://www.airbnb.com/rooms/639275497450487608,https://a0.muscache.com/im/pictures/prohost-api/Hosting-639275497450487608/original/49bf757c-93a6-43e4-8f27-87d27beaf572.jpeg,639275497450487608,9695076ha,39.5022,-106.151,=AVERAGE($G$2:$G$501),=AVERAGE($D$2:$D$501),"=IFERROR(($AT267-G267)/$AT267,0)","=IFERROR(($AU267-D267)/$AU267,0)",=$AU267-D267
Sierra House,134404068,,48805,124534,1877.12,25.74,306,6,6,16,false,false,true,true,true,false,false,Home/Apartment,Vacation home,House/villa,5,40,3,1,Luxury,false,450,false,26,5,2017-09-23,Frisco/Silverthorne,Frisco,Frisco,Colorado,80443,United States,mountains_lakes,https://www.airbnb.com/rooms/19208207,https://a0.muscache.com/im/pictures/0df3b5c8-15c2-4503-8bbc-30fc5c74404e.jpg?aki_policy=x_large,19208207,1076594,39.4993502835,-106.1667132445,=AVERAGE($G$2:$G$501),=AVERAGE($D$2:$D$501),"=IFERROR(($AT268-G268)/$AT268,0)","=IFERROR(($AU268-D268)/$AU268,0)",=$AU268-D268
LD308 The Lodge at Copper,SkyRun Vacation Rentals,,48695,72334,705.72,65.71,255,2,2,7,false,false,true,true,true,true,false,Home/Apartment,Condominium (condo),Apt/Condo/Loft,4.9,10,3,21+,Luxury,true,316,true,69,17,2026-05-16,Frisco/Silverthorne,Frisco,Frisco,Colorado,80443,United States,mountains_lakes,https://www.airbnb.com/rooms/1306502661319095535,https://a0.muscache.com/im/pictures/prohost-api/Hosting-1306502661319095535/original/1b9974f1-d05a-4038-afe8-69aa842ef70d.jpeg,1306502661319095535,4339100,39.49959,-106.1597,=AVERAGE($G$2:$G$501),=AVERAGE($D$2:$D$501),"=IFERROR(($AT269-G269)/$AT269,0)","=IFERROR(($AU269-D269)/$AU269,0)",=$AU269-D269
Spectacular Views from 1-bedroom Condo in Copper Mountain Center Village,,,48673,53850,501.78,64.67,231,1,1,4,false,true,true,true,true,false,false,Home/Apartment,Condominium (condo),Apt/Condo/Loft,5,20,2,1,Luxury,false,150,true,97,28,2026-05-15,Frisco/Silverthorne,Frisco,Frisco,Colorado,80443,United States,mountains_lakes,https://www.vrbo.com/4230475,https://media.vrbo.com/lodging/110000000/109560000/109554600/109554547/1f2501d3.jpg?impolicy=resizecrop&rw=1200&ra=fit,,4230475,39.500523,-106.157334,=AVERAGE($G$2:$G$501),=AVERAGE($D$2:$D$501),"=IFERROR(($AT270-G270)/$AT270,0)","=IFERROR(($AU270-D270)/$AU270,0)",=$AU270-D270
Alluring Lofty Condo In East Village,SkyRun Vacation Rentals,,48652,57548,900.96,32.14,298,3,3,10,false,false,false,true,true,false,false,Home/Apartment,Condominium (condo),Apt/Condo/Loft,4.7,62,3,21+,Luxury,true,416,true,54,13,2026-05-16,Frisco/Silverthorne,Frisco,Frisco,Colorado,80443,United States,mountains_lakes,https://www.airbnb.com/rooms/16664399,https://a0.muscache.com/im/pictures/prohost-api/Hosting-16664399/original/09496af2-8ae8-4fb0-b2fb-dab3524640d3.jpeg,16664399,776170,39.5008,-106.1473,=AVERAGE($G$2:$G$501),=AVERAGE($D$2:$D$501),"=IFERROR(($AT271-G271)/$AT271,0)","=IFERROR(($AU271-D271)/$AU271,0)",=$AU271-D271
Mountain chic Copper Ctr Vil condo; bunk beds!,28174021,,48512,52241,351.54,50.18,350,1,1,6,false,false,false,true,true,false,false,Home/Apartment,Condominium (condo),Apt/Condo/Loft,4.9,177,1,2-5,Luxury,true,220,true,138,49,2026-05-11,Frisco/Silverthorne,Frisco,Frisco,Colorado,80443,United States,mountains_lakes,https://www.airbnb.com/rooms/41887614,https://a0.muscache.com/im/pictures/10230358-f72e-4653-a9db-fbd4cc04e431.jpg,41887614,9370888ha,39.5011,-106.1546,=AVERAGE($G$2:$G$501),=AVERAGE($D$2:$D$501),"=IFERROR(($AT272-G272)/$AT272,0)","=IFERROR(($AU272-D272)/$AU272,0)",=$AU272-D272
Cirque 2 Bedroom Condo #103,RedAwning,,48504,74571,723.94,51.54,203,2,2,6,false,false,false,true,true,false,true,Home/Apartment,Condominium (condo),Apt/Condo/Loft,0,0,1,21+,Luxury,false,169,true,67,14,2026-05-17,Frisco/Silverthorne,Frisco,Frisco,Colorado,80443,United States,mountains_lakes,https://www.airbnb.com/rooms/639268954044441464,https://a0.muscache.com/im/pictures/prohost-api/Hosting-639268954044441464/original/57ab1968-e929-4438-8fe8-067cbd21e02d.jpeg,639268954044441464,9696221ha,39.5022,-106.151,=AVERAGE($G$2:$G$501),=AVERAGE($D$2:$D$501),"=IFERROR(($AT273-G273)/$AT273,0)","=IFERROR(($AU273-D273)/$AU273,0)",=$AU273-D273
Passage Point 1 Bedroom + Den Condo #610,RedAwning,,48474,60601,550.84,39.64,304,1,2,6,false,false,false,true,true,false,false,Home/Apartment,Condominium (condo),Apt/Condo/Loft,0,0,1,21+,Luxury,false,136,true,88,26,2026-05-16,Frisco/Silverthorne,Frisco,Frisco,Colorado,80443,United States,mountains_lakes,https://www.airbnb.com/rooms/639214248413778290,https://a0.muscache.com/im/pictures/prohost-api/Hosting-639214248413778290/original/e6ab33a1-e047-499e-8ae1-6112322ef29c.jpeg,639214248413778290,9695441ha,39.5022,-106.151,=AVERAGE($G$2:$G$501),=AVERAGE($D$2:$D$501),"=IFERROR(($AT274-G274)/$AT274,0)","=IFERROR(($AU274-D274)/$AU274,0)",=$AU274-D274
Elevation House – Luxury Mountain Retreat,352897433,,48450,65228,2550,33.33,141,7,8,14,false,false,true,true,true,false,true,Home/Apartment,House,House/villa,5,1,4,2-5,Luxury,false,691,false,19,3,2026-03-16,Frisco/Silverthorne,Frisco,Frisco,Colorado,80443,United States,mountains_lakes,https://www.airbnb.com/rooms/1558972191866641673,https://a0.muscache.com/im/pictures/hosting/Hosting-1558972191866641673/original/99f6c809-cb04-4f72-86fc-ecd4d1a39cc6.jpeg,1558972191866641673,,39.4981,-106.177,=AVERAGE($G$2:$G$501),=AVERAGE($D$2:$D$501),"=IFERROR(($AT275-G275)/$AT275,0)","=IFERROR(($AU275-D275)/$AU275,0)",=$AU275-D275
Cache 1201 - 2 bedroom condo,Copper Vacations,,48440,62419,440.36,58.2,262,2,2,8,false,false,true,true,true,false,false,Home/Apartment,Condominium (condo),Apt/Condo/Loft,4.9,9,2,21+,Luxury,true,1309,true,110,23,2026-05-16,Frisco/Silverthorne,Frisco,Frisco,Colorado,80443,United States,mountains_lakes,https://www.airbnb.com/rooms/53660464,https://a0.muscache.com/im/pictures/prohost-api/Hosting-53660464/original/15967c94-8ca1-4c49-aaa4-d6177eb9b30e.jpeg,53660464,9635319ha,39.49919,-106.16228,=AVERAGE($G$2:$G$501),=AVERAGE($D$2:$D$501),"=IFERROR(($AT276-G276)/$AT276,0)","=IFERROR(($AU276-D276)/$AU276,0)",=$AU276-D276
New Listing! Ski in/out Center Village Condo Indoo,SkyRun Vacation Rentals,,48190,72870,876.18,47.01,289,2,2,5,false,true,false,true,true,true,false,Home/Apartment,Condominium (condo),Apt/Condo/Loft,5,1,3,21+,Luxury,true,281,true,55,14,2026-05-16,Frisco/Silverthorne,Frisco,Frisco,Colorado,80443,United States,mountains_lakes,https://www.airbnb.com/rooms/577135446899278965,https://a0.muscache.com/im/pictures/prohost-api/Hosting-577135446899278965/original/16273f12-b15a-4ce0-a8e0-34632a5d376e.jpeg,577135446899278965,2698074,39.4996,-106.1539,=AVERAGE($G$2:$G$501),=AVERAGE($D$2:$D$501),"=IFERROR(($AT277-G277)/$AT277,0)","=IFERROR(($AU277-D277)/$AU277,0)",=$AU277-D277
"Slope facing w/ Great View, Corner unit, Ideal Location",,,48171,50898,463.18,42.62,348,2,2,8,false,true,true,true,true,false,true,Home/Apartment,Condominium (condo),Apt/Condo/Loft,5,104,3,1,Luxury,false,210,false,104,28,2026-05-17,Frisco/Silverthorne,Frisco,Frisco,Colorado,80443,United States,mountains_lakes,https://www.vrbo.com/622046,https://media.vrbo.com/lodging/34000000/33710000/33706300/33706278/b64ffcd7.jpg?impolicy=resizecrop&rw=1200&ra=fit,,622046,39.501766,-106.157572,=AVERAGE($G$2:$G$501),=AVERAGE($D$2:$D$501),"=IFERROR(($AT278-G278)/$AT278,0)","=IFERROR(($AU278-D278)/$AU278,0)",=$AU278-D278
"PP202 - 2 Bed 2 Bath, Center Village Condo",Bighorn Rentals of Summit County,,48101,49034,506.33,62.91,190,2,2,6,false,true,true,true,true,false,false,Home/Apartment,Condominium (condo),Apt/Condo/Loft,4.55,33,5,21+,Luxury,true,231,true,95,20,2026-05-13,Frisco/Silverthorne,Frisco,Frisco,Colorado,80443,United States,mountains_lakes,https://www.airbnb.com/rooms/44379636,https://a0.muscache.com/im/pictures/prohost-api/Hosting-44379636/original/c1dda053-f9d3-4dfe-9855-4ef645b87297.jpeg,44379636,2023934,39.5016,-106.1576,=AVERAGE($G$2:$G$501),=AVERAGE($D$2:$D$501),"=IFERROR(($AT279-G279)/$AT279,0)","=IFERROR(($AU279-D279)/$AU279,0)",=$AU279-D279
New! Cache 2 Bedroom Townhome #2201,RedAwning,,48053,61555,1232.13,39.8,149,1,1,6,false,false,false,true,false,false,false,Home/Apartment,Townhouse,Apt/Condo/Loft,0,0,1,21+,Luxury,false,133,true,39,10,2026-05-13,Frisco/Silverthorne,Frisco,Frisco,Colorado,80443,United States,mountains_lakes,https://www.airbnb.com/rooms/1547058208755916389,https://a0.muscache.com/im/pictures/prohost-api/Hosting-1547058208755916389/original/69936b6a-60ac-4d29-8b62-b7914d3cf534.jpeg,1547058208755916389,20214278ha,39.5022,-106.151,=AVERAGE($G$2:$G$501),=AVERAGE($D$2:$D$501),"=IFERROR(($AT280-G280)/$AT280,0)","=IFERROR(($AU280-D280)/$AU280,0)",=$AU280-D280
Tucker Mountain 1 Bedroom Condo #527,RedAwning,,47939,51578,684.84,32.86,336,1,1,4,false,false,false,true,true,false,false,Home/Apartment,Condominium (condo),Apt/Condo/Loft,0,0,1,21+,Luxury,false,135,true,70,19,2026-05-16,Frisco/Silverthorne,Frisco,Frisco,Colorado,80443,United States,mountains_lakes,https://www.airbnb.com/rooms/639268328541138743,https://a0.muscache.com/im/pictures/prohost-api/Hosting-639268328541138743/original/b57d7f1c-1c86-4ebb-a248-4c7e80215f1e.jpeg,639268328541138743,,39.5022,-106.151,=AVERAGE($G$2:$G$501),=AVERAGE($D$2:$D$501),"=IFERROR(($AT281-G281)/$AT281,0)","=IFERROR(($AU281-D281)/$AU281,0)",=$AU281-D281
"True Ski-in/Out, Free WiFi & pkg, Sunroom, W/D, Steps to American Eagle lift",,,47919,57870,591.59,32.53,329,2,3,6,false,false,false,true,true,false,false,Home/Apartment,Condominium (condo),Apt/Condo/Loft,4.5,91,2,1,Luxury,false,175,true,81,27,2026-05-15,Frisco/Silverthorne,Frisco,Frisco,Colorado,80443,United States,mountains_lakes,https://www.vrbo.com/626187,https://media.vrbo.com/lodging/22000000/21300000/21298300/21298234/47555f60.jpg?impolicy=resizecrop&rw=1200&ra=fit,,626187,39.500198,-106.154816,=AVERAGE($G$2:$G$501),=AVERAGE($D$2:$D$501),"=IFERROR(($AT282-G282)/$AT282,0)","=IFERROR(($AU282-D282)/$AU282,0)",=$AU282-D282
"Modern Condo with Amazing Views, close to lifts",SkyRun Vacation Rentals,,47681,53550,596.01,39.22,277,2,2,8,false,true,true,true,true,false,false,Home/Apartment,Condominium (condo),Apt/Condo/Loft,4.65,23,3,21+,Luxury,true,303,true,80,15,2026-05-17,Frisco/Silverthorne,Frisco,Frisco,Colorado,80443,United States,mountains_lakes,https://www.airbnb.com/rooms/50779841,https://a0.muscache.com/im/pictures/prohost-api/Hosting-50779841/original/0633e330-c891-4aba-9a02-39331825c0c3.jpeg,50779841,2374203,39.5009,-106.1452,=AVERAGE($G$2:$G$501),=AVERAGE($D$2:$D$501),"=IFERROR(($AT283-G283)/$AT283,0)","=IFERROR(($AU283-D283)/$AU283,0)",=$AU283-D283
Cirque 2 Bedroom Condo #203,RedAwning,,47530,72607,669.44,37.57,247,2,2,6,false,false,false,true,true,false,false,Home/Apartment,Condominium (condo),Apt/Condo/Loft,0,0,1,21+,Luxury,false,165,true,71,18,2026-05-13,Frisco/Silverthorne,Frisco,Frisco,Colorado,80443,United States,mountains_lakes,https://www.airbnb.com/rooms/639269575560388597,https://a0.muscache.com/im/pictures/prohost-api/Hosting-639269575560388597/original/e2380a1b-98c1-42c5-a367-46490363a886.jpeg,639269575560388597,,39.5022,-106.151,=AVERAGE($G$2:$G$501),=AVERAGE($D$2:$D$501),"=IFERROR(($AT284-G284)/$AT284,0)","=IFERROR(($AU284-D284)/$AU284,0)",=$AU284-D284
Tucker Mountain 1 Bedroom + Den Condo #418,RedAwning,,47432,63180,600.41,37.8,304,1,2,6,false,false,false,true,true,false,false,Home/Apartment,Condominium (condo),Apt/Condo/Loft,0,0,1,21+,Luxury,false,137,true,79,25,2026-05-16,Frisco/Silverthorne,Frisco,Frisco,Colorado,80443,United States,mountains_lakes,https://www.airbnb.com/rooms/639251891901148257,https://a0.muscache.com/im/pictures/prohost-api/Hosting-639251891901148257/original/b949a3ef-074f-42a8-8788-e9c48e392349.jpeg,639251891901148257,9695199ha,39.5022,-106.151,=AVERAGE($G$2:$G$501),=AVERAGE($D$2:$D$501),"=IFERROR(($AT285-G285)/$AT285,0)","=IFERROR(($AU285-D285)/$AU285,0)",=$AU285-D285
Passage Point 1 Bedroom Condo #121,RedAwning,,47415,79389,632.2,44.91,236,1,1,4,false,false,false,true,false,false,false,Home/Apartment,Condominium (condo),Apt/Condo/Loft,0,0,1,21+,Luxury,false,136,true,75,18,2026-05-14,Frisco/Silverthorne,Frisco,Frisco,Colorado,80443,United States,mountains_lakes,https://www.airbnb.com/rooms/1303536098940330730,https://a0.muscache.com/im/pictures/prohost-api/Hosting-1303536098940330730/original/b6896859-ca93-4e68-895c-b4b44b95f1a2.jpeg,1303536098940330730,20082357ha,39.5022,-106.151,=AVERAGE($G$2:$G$501),=AVERAGE($D$2:$D$501),"=IFERROR(($AT286-G286)/$AT286,0)","=IFERROR(($AU286-D286)/$AU286,0)",=$AU286-D286
Beautiful Corner Condo In The Heart of Copper,SkyRun Vacation Rentals,,47355,59265,639.93,38.74,293,2,2,6,false,true,true,true,true,false,false,Home/Apartment,Condominium (condo),Apt/Condo/Loft,4.8,35,3,21+,Luxury,true,304,true,74,20,2026-05-13,Frisco/Silverthorne,Frisco,Frisco,Colorado,80443,United States,mountains_lakes,https://www.airbnb.com/rooms/16313147,https://a0.muscache.com/im/pictures/prohost-api/Hosting-16313147/original/35f4a798-d8a1-457b-8220-3b1294c717d6.jpeg,16313147,776189,39.5007,-106.1568,=AVERAGE($G$2:$G$501),=AVERAGE($D$2:$D$501),"=IFERROR(($AT287-G287)/$AT287,0)","=IFERROR(($AU287-D287)/$AU287,0)",=$AU287-D287
Ski in/Ski Out Slope Views Sleeps 6 -Snowflake 212,38552575,,47232,51080,583.11,32.79,343,2,2,6,false,false,false,true,true,false,false,Home/Apartment,Apartment,Apt/Condo/Loft,4.85,230,1,1,Luxury,true,99,true,81,26,2026-05-16,Frisco/Silverthorne,Frisco,Frisco,Colorado,80443,United States,mountains_lakes,https://www.airbnb.com/rooms/17279884,https://a0.muscache.com/im/pictures/miso/Hosting-17279884/original/ff92bdad-8719-4ecc-8f82-593418c77d5e.jpeg,17279884,1015714,39.49875,-106.14665,=AVERAGE($G$2:$G$501),=AVERAGE($D$2:$D$501),"=IFERROR(($AT288-G288)/$AT288,0)","=IFERROR(($AU288-D288)/$AU288,0)",=$AU288-D288
Tucker Mountain 1 Bedroom Condo #314 by RedAwning,RedAwning,,46997,70415,528.06,48.63,248,,1,4,false,false,false,false,true,false,false,Home/Apartment,Condominium (condo),Apt/Condo/Loft,2,1,21,21+,Luxury,false,113,true,89,25,2026-05-17,Frisco/Silverthorne,Frisco,Frisco,Colorado,80443,United States,mountains_lakes,https://www.vrbo.com/9695247ha,https://media.vrbo.com/lodging/79000000/78770000/78762500/78762421/be25528f.jpg?impolicy=resizecrop&rw=1200&ra=fit,,9695247ha,39.502155,-106.151007,=AVERAGE($G$2:$G$501),=AVERAGE($D$2:$D$501),"=IFERROR(($AT289-G289)/$AT289,0)","=IFERROR(($AU289-D289)/$AU289,0)",=$AU289-D289
Mill Club 301- 2 Bedroom Condo,Copper Vacations,,46969,56195,733.89,41.56,307,2,2,8,false,true,true,true,true,false,false,Home/Apartment,Condominium (condo),Apt/Condo/Loft,4.15,38,2,21+,Luxury,true,305,true,64,18,2026-05-13,Frisco/Silverthorne,Frisco,Frisco,Colorado,80443,United States,mountains_lakes,https://www.airbnb.com/rooms/20521803,https://a0.muscache.com/im/pictures/prohost-api/Hosting-20521803/original/67a54639-4049-49f8-bc2a-76be371255b9.jpeg,20521803,3654492ha,39.51367,-106.18187,=AVERAGE($G$2:$G$501),=AVERAGE($D$2:$D$501),"=IFERROR(($AT290-G290)/$AT290,0)","=IFERROR(($AU290-D290)/$AU290,0)",=$AU290-D290
Tucker Mountain 322,Copper Vacations,,46906,68369,617.18,50,222,2,2,6,false,false,false,false,false,false,false,Home/Apartment,Condominium (condo),Apt/Condo/Loft,5,15,2,21+,Luxury,true,306,true,76,15,2026-05-14,Frisco/Silverthorne,Frisco,Frisco,Colorado,80443,United States,mountains_lakes,https://www.airbnb.com/rooms/1221059042887297858,https://a0.muscache.com/im/pictures/prohost-api/Hosting-1221059042887297858/original/e25f007f-5c70-4b3f-905e-92f0423f300d.jpeg,1221059042887297858,9863900ha,39.5006,-106.1579,=AVERAGE($G$2:$G$501),=AVERAGE($D$2:$D$501),"=IFERROR(($AT291-G291)/$AT291,0)","=IFERROR(($AU291-D291)/$AU291,0)",=$AU291-D291
MP504 Mountain Plaza 1BR 2BA  Center Village Hot Tub,SkyRun Vacation Rentals,,46741,50958,476.95,43.56,260,1,2,4,false,false,true,true,true,true,false,Home/Apartment,Condominium (condo),Apt/Condo/Loft,5,0,3,21+,Luxury,false,155,true,98,25,2026-05-17,Frisco/Silverthorne,Frisco,Frisco,Colorado,80443,United States,mountains_lakes,https://www.vrbo.com/3009351,https://media.vrbo.com/lodging/87000000/86290000/86281400/86281361/7133e788.jpg?impolicy=resizecrop&rw=1200&ra=fit,,3009351,39.500629,-106.155495,=AVERAGE($G$2:$G$501),=AVERAGE($D$2:$D$501),"=IFERROR(($AT292-G292)/$AT292,0)","=IFERROR(($AU292-D292)/$AU292,0)",=$AU292-D292
Amazing Location In Center Village.,SkyRun Vacation Rentals,,46539,47918,460.78,48.1,351,1,2,2,false,true,true,true,true,false,false,Home/Apartment,Condominium (condo),Apt/Condo/Loft,4.75,4,3,21+,Luxury,true,247,true,101,23,2026-05-13,Frisco/Silverthorne,Frisco,Frisco,Colorado,80443,United States,mountains_lakes,https://www.airbnb.com/rooms/21901723,https://a0.muscache.com/im/pictures/prohost-api/Hosting-21901723/original/26a243ab-a2ad-446e-9f3b-7d112e44226a.jpeg,21901723,4223313,39.5012,-106.1551,=AVERAGE($G$2:$G$501),=AVERAGE($D$2:$D$501),"=IFERROR(($AT293-G293)/$AT293,0)","=IFERROR(($AU293-D293)/$AU293,0)",=$AU293-D293
Greens 2 Bedroom Condo #319,RedAwning,,46167,85117,569.96,60.45,152,2,2,6,false,false,false,true,true,false,false,Home/Apartment,Condominium (condo),Apt/Condo/Loft,0,0,1,21+,Luxury,false,168,true,81,15,2026-05-15,Frisco/Silverthorne,Frisco,Frisco,Colorado,80443,United States,mountains_lakes,https://www.airbnb.com/rooms/640363705981443754,https://a0.muscache.com/im/pictures/prohost-api/Hosting-640363705981443754/original/7e63eb65-cec2-4d27-bc84-acbd9cc186c5.jpeg,640363705981443754,9695751ha,39.5022,-106.151,=AVERAGE($G$2:$G$501),=AVERAGE($D$2:$D$501),"=IFERROR(($AT294-G294)/$AT294,0)","=IFERROR(($AU294-D294)/$AU294,0)",=$AU294-D294
"Ski in/ Ski Out Condo, Perfect Location,Great View",SkyRun Vacation Rentals,,45885,53714,674.78,40.96,351,2,2,8,false,true,false,true,true,false,false,Home/Apartment,Condominium (condo),Apt/Condo/Loft,4.6,52,3,21+,Luxury,true,304,true,68,17,2026-05-13,Frisco/Silverthorne,Frisco,Frisco,Colorado,80443,United States,mountains_lakes,https://www.airbnb.com/rooms/1039102234058441135,https://a0.muscache.com/im/pictures/prohost-api/Hosting-1039102234058441135/original/14fc9f2e-8be4-45a1-a72a-f4a7db81d047.jpeg,1039102234058441135,3740886,39.4999,-106.1544,=AVERAGE($G$2:$G$501),=AVERAGE($D$2:$D$501),"=IFERROR(($AT295-G295)/$AT295,0)","=IFERROR(($AU295-D295)/$AU295,0)",=$AU295-D295
Passage Point 2 Bedroom Condo #312,RedAwning,,45734,65161,846.93,34.18,290,2,2,4,false,false,false,true,true,false,false,Home/Apartment,Condominium (condo),Apt/Condo/Loft,0,0,1,21+,Luxury,false,167,true,54,16,2026-05-13,Frisco/Silverthorne,Frisco,Frisco,Colorado,80443,United States,mountains_lakes,https://www.airbnb.com/rooms/639253482813229090,https://a0.muscache.com/im/pictures/prohost-api/Hosting-639253482813229090/original/a2ad5806-f63b-456d-9ff3-c3b1d090e3f3.jpeg,639253482813229090,9695190ha,39.5022,-106.151,=AVERAGE($G$2:$G$501),=AVERAGE($D$2:$D$501),"=IFERROR(($AT296-G296)/$AT296,0)","=IFERROR(($AU296-D296)/$AU296,0)",=$AU296-D296
Cirque 2 Bedroom Condo #113,RedAwning,,45665,84547,671.54,51.91,211,2,2,6,false,false,false,true,true,false,false,Home/Apartment,Condominium (condo),Apt/Condo/Loft,0,0,1,21+,Luxury,false,166,true,68,15,2026-05-13,Frisco/Silverthorne,Frisco,Frisco,Colorado,80443,United States,mountains_lakes,https://www.airbnb.com/rooms/641089602347495341,https://a0.muscache.com/im/pictures/prohost-api/Hosting-641089602347495341/original/264e3b86-1529-4f4b-95a2-94bd2f72f8eb.jpeg,641089602347495341,9696260ha,39.5022,-106.151,=AVERAGE($G$2:$G$501),=AVERAGE($D$2:$D$501),"=IFERROR(($AT297-G297)/$AT297,0)","=IFERROR(($AU297-D297)/$AU297,0)",=$AU297-D297
"Best Location: Ski-in ~ Ski-Out fits 2 Families, 2 Bdrm / 2 Bath",,,45652,73662,748.39,70.11,260,2,2,8,false,false,true,true,true,false,false,Home/Apartment,Condominium (condo),Apt/Condo/Loft,5,14,5,1,Luxury,false,249,false,61,10,2026-05-14,Frisco/Silverthorne,Frisco,Frisco,Colorado,80443,United States,mountains_lakes,https://www.vrbo.com/1021002,https://media.vrbo.com/lodging/35000000/34840000/34839200/34839168/80e9d23b.jpg?impolicy=resizecrop&rw=1200&ra=fit,,1021002,39.500687,-106.157848,=AVERAGE($G$2:$G$501),=AVERAGE($D$2:$D$501),"=IFERROR(($AT298-G298)/$AT298,0)","=IFERROR(($AU298-D298)/$AU298,0)",=$AU298-D298
"WL406 Large, Hot tub, Incredible Views, top floor",SkyRun Vacation Rentals,,45605,58697,642.32,41.76,331,2,2,8,false,true,true,true,true,false,false,Home/Apartment,Condominium (condo),Apt/Condo/Loft,5,59,3,21+,Luxury,true,185,true,71,16,2026-05-13,Frisco/Silverthorne,Frisco,Frisco,Colorado,80443,United States,mountains_lakes,https://www.airbnb.com/rooms/52956922,https://a0.muscache.com/im/pictures/prohost-api/Hosting-52956922/original/f3583040-aff7-47ca-a196-1a4304e0464d.jpeg,52956922,2520123,39.5022,-106.1558,=AVERAGE($G$2:$G$501),=AVERAGE($D$2:$D$501),"=IFERROR(($AT299-G299)/$AT299,0)","=IFERROR(($AU299-D299)/$AU299,0)",=$AU299-D299
No Such Thing As Global Warming on Copper Mountain,203622217,,45597,58405,345.43,67.35,304,1,1,6,false,false,true,true,true,false,false,Home/Apartment,Condominium (condo),Apt/Condo/Loft,5,195,3,2-5,Luxury,false,114,false,132,30,2022-07-20,Frisco/Silverthorne,Frisco,Frisco,Colorado,80443,United States,mountains_lakes,https://www.airbnb.com/rooms/27061357,https://a0.muscache.com/im/pictures/8b4fa441-028d-4fa0-a32b-473f3422a92c.jpg?aki_policy=x_large,27061357,290804,39.49944,-106.15951,=AVERAGE($G$2:$G$501),=AVERAGE($D$2:$D$501),"=IFERROR(($AT300-G300)/$AT300,0)","=IFERROR(($AU300-D300)/$AU300,0)",=$AU300-D300
Greens at Copper #315,Summit County Mountain Retreats,,45565,67769,442.38,52.02,213,2,2,6,false,false,false,true,true,false,false,Home/Apartment,Apartment,Apt/Condo/Loft,4.1,11,1,21+,Luxury,false,231,true,103,27,2026-05-11,Frisco/Silverthorne,Frisco,Frisco,Colorado,80443,United States,mountains_lakes,https://www.airbnb.com/rooms/1241412331828894491,https://a0.muscache.com/im/pictures/prohost-api/Hosting-1241412331828894491/original/3265882c-ebe7-4849-a6ff-5558049a150e.jpeg,1241412331828894491,4167756,39.5001,-106.1448,=AVERAGE($G$2:$G$501),=AVERAGE($D$2:$D$501),"=IFERROR(($AT301-G301)/$AT301,0)","=IFERROR(($AU301-D301)/$AU301,0)",=$AU301-D301
Copper One Studio  #513,RedAwning,,45519,55104,489.45,43.46,299,,1,4,false,false,false,true,true,false,false,Home/Apartment,Condominium (condo),Apt/Condo/Loft,0,0,1,21+,Luxury,false,104,true,93,33,2026-05-17,Frisco/Silverthorne,Frisco,Frisco,Colorado,80443,United States,mountains_lakes,https://www.airbnb.com/rooms/614283681021856845,https://a0.muscache.com/im/pictures/prohost-api/Hosting-614283681021856845/original/e26a074a-0553-47df-b043-4513d7f9aa7b.jpeg,614283681021856845,9695300ha,39.5022,-106.151,=AVERAGE($G$2:$G$501),=AVERAGE($D$2:$D$501),"=IFERROR(($AT302-G302)/$AT302,0)","=IFERROR(($AU302-D302)/$AU302,0)",=$AU302-D302
Modern Passage Point Condo PP308,SkyRun Vacation Rentals,,45437,49793,658.51,59.48,132,2,2,6,false,true,true,true,true,false,false,Home/Apartment,Condominium (condo),Apt/Condo/Loft,5,4,3,21+,Luxury,true,304,false,69,14,2026-05-11,Frisco/Silverthorne,Frisco,Frisco,Colorado,80443,United States,mountains_lakes,https://www.airbnb.com/rooms/1574720128835230026,https://a0.muscache.com/im/pictures/prohost-api/Hosting-1574720128835230026/original/6611a4de-0441-4b88-8c44-7d05934e00a7.jpeg,1574720128835230026,4998846,39.5023803695,-106.1574362193,=AVERAGE($G$2:$G$501),=AVERAGE($D$2:$D$501),"=IFERROR(($AT303-G303)/$AT303,0)","=IFERROR(($AU303-D303)/$AU303,0)",=$AU303-D303
Timber Creek 107 - 1 bedroom + loft condo,Copper Vacations,,45350,49660,427.83,41.09,281,1,2,4,false,true,true,true,true,false,false,Home/Apartment,Condominium (condo),Apt/Condo/Loft,4.4,41,1,21+,Luxury,true,810,true,106,25,2026-05-11,Frisco/Silverthorne,Frisco,Frisco,Colorado,80443,United States,mountains_lakes,https://www.airbnb.com/rooms/20521842,https://a0.muscache.com/im/pictures/prohost-api/Hosting-20521842/original/932e9b6a-0235-4e48-8a73-915d1b51407b.jpeg,20521842,3654505ha,39.50056,-106.1535,=AVERAGE($G$2:$G$501),=AVERAGE($D$2:$D$501),"=IFERROR(($AT304-G304)/$AT304,0)","=IFERROR(($AU304-D304)/$AU304,0)",=$AU304-D304
Bridge End 1 Bedroom Condo #104,RedAwning,,45281,53542,486.89,40.43,302,1,1,4,false,false,false,true,false,false,false,Home/Apartment,Condominium (condo),Apt/Condo/Loft,4,3,1,21+,Luxury,false,135,true,93,23,2026-05-13,Frisco/Silverthorne,Frisco,Frisco,Colorado,80443,United States,mountains_lakes,https://www.airbnb.com/rooms/639219757763977945,https://a0.muscache.com/im/pictures/prohost-api/Hosting-639219757763977945/original/1d2c0395-eb8b-4587-bd94-f833b19f46c4.jpeg,639219757763977945,9695387ha,39.5021,-106.151,=AVERAGE($G$2:$G$501),=AVERAGE($D$2:$D$501),"=IFERROR(($AT305-G305)/$AT305,0)","=IFERROR(($AU305-D305)/$AU305,0)",=$AU305-D305
Cirque 2 Bedroom Condo #204,RedAwning,,45157,87856,765.37,68.6,202,2,2,6,false,false,false,true,true,false,false,Home/Apartment,Condominium (condo),Apt/Condo/Loft,0,0,1,21+,Luxury,false,165,true,59,10,2026-05-13,Frisco/Silverthorne,Frisco,Frisco,Colorado,80443,United States,mountains_lakes,https://www.airbnb.com/rooms/639232187337803395,https://a0.muscache.com/im/pictures/prohost-api/Hosting-639232187337803395/original/2537f04e-cd68-4994-a023-6381ed71b17c.jpeg,639232187337803395,9696226ha,39.5022,-106.151,=AVERAGE($G$2:$G$501),=AVERAGE($D$2:$D$501),"=IFERROR(($AT306-G306)/$AT306,0)","=IFERROR(($AU306-D306)/$AU306,0)",=$AU306-D306
Comfortable Condo Outstanding Location Hot Tub,SkyRun Vacation Rentals,,45112,50155,530.73,43.15,256,2,2,6,false,true,true,true,true,false,false,Home/Apartment,Condominium (condo),Apt/Condo/Loft,4.5,17,3,21+,Luxury,true,303,true,85,23,2026-05-13,Frisco/Silverthorne,Frisco,Frisco,Colorado,80443,United States,mountains_lakes,https://www.airbnb.com/rooms/704953638904884984,https://a0.muscache.com/im/pictures/hosting/Hosting-704953638904884984/original/768758d7-153c-437d-ae24-9e854b8d45e2.jpeg,704953638904884984,3014596,39.501,-106.1564,=AVERAGE($G$2:$G$501),=AVERAGE($D$2:$D$501),"=IFERROR(($AT307-G307)/$AT307,0)","=IFERROR(($AU307-D307)/$AU307,0)",=$AU307-D307
"Steps to American Flyer lift & Stellar Mtn Views! Hot Tub, Free Wifi, Heated Pkg",,,44915,46605,415.88,46.15,353,1,1,5,false,true,true,true,true,false,false,Home/Apartment,Condominium (condo),Apt/Condo/Loft,4.7,115,2,1,Luxury,false,124,true,108,31,2026-05-16,Frisco/Silverthorne,Frisco,Frisco,Colorado,80443,United States,mountains_lakes,https://www.vrbo.com/106605,https://media.vrbo.com/lodging/23000000/22130000/22122000/22121909/4fdba77b.jpg?impolicy=resizecrop&rw=1200&ra=fit,,106605,39.500608,-106.157356,=AVERAGE($G$2:$G$501),=AVERAGE($D$2:$D$501),"=IFERROR(($AT308-G308)/$AT308,0)","=IFERROR(($AU308-D308)/$AU308,0)",=$AU308-D308
Tucker Mountain 2 Bedroom Condo #523,RedAwning,,44830,59441,521.28,40.76,285,2,2,6,false,false,false,true,true,false,false,Home/Apartment,Condominium (condo),Apt/Condo/Loft,0,0,1,21+,Luxury,false,165,true,86,20,2026-05-13,Frisco/Silverthorne,Frisco,Frisco,Colorado,80443,United States,mountains_lakes,https://www.airbnb.com/rooms/614276603402405981,https://a0.muscache.com/im/pictures/prohost-api/Hosting-614276603402405981/original/850472f1-7c2c-4498-a2af-5c9f73d4954f.jpeg,614276603402405981,9695184ha,39.5022,-106.151,=AVERAGE($G$2:$G$501),=AVERAGE($D$2:$D$501),"=IFERROR(($AT309-G309)/$AT309,0)","=IFERROR(($AU309-D309)/$AU309,0)",=$AU309-D309
Mill Club 2 Bedroom Condo #305,RedAwning,,44767,91736,973.2,40.35,238,2,2,6,false,false,false,true,true,false,false,Home/Apartment,Condominium (condo),Apt/Condo/Loft,0,0,1,21+,Luxury,false,167,true,46,15,2026-05-13,Frisco/Silverthorne,Frisco,Frisco,Colorado,80443,United States,mountains_lakes,https://www.airbnb.com/rooms/639264413865762132,https://a0.muscache.com/im/pictures/prohost-api/Hosting-639264413865762132/original/a2b93bc4-9823-4f40-827b-4e776a25e7a1.jpeg,639264413865762132,9695129ha,39.5022,-106.151,=AVERAGE($G$2:$G$501),=AVERAGE($D$2:$D$501),"=IFERROR(($AT310-G310)/$AT310,0)","=IFERROR(($AU310-D310)/$AU310,0)",=$AU310-D310
Greens at Copper #219,Summit County Mountain Retreats,,44724,69478,319.46,68.63,227,1,1,4,false,false,false,true,true,false,false,Home/Apartment,Apartment,Apt/Condo/Loft,4.5,12,1,21+,Luxury,false,222,true,140,35,2026-05-13,Frisco/Silverthorne,Frisco,Frisco,Colorado,80443,United States,mountains_lakes,https://www.airbnb.com/rooms/1241412091088904765,https://a0.muscache.com/im/pictures/prohost-api/Hosting-1241412091088904765/original/060084d5-d1ae-46ce-94d5-ff3c7260c86d.jpeg,1241412091088904765,4167753,39.5001,-106.1448,=AVERAGE($G$2:$G$501),=AVERAGE($D$2:$D$501),"=IFERROR(($AT311-G311)/$AT311,0)","=IFERROR(($AU311-D311)/$AU311,0)",=$AU311-D311
Taylor&#39;s Crossing 1 Bedroom Condo #201,RedAwning,,44638,67658,485.2,45.54,271,1,1,4,false,false,false,true,true,false,false,Home/Apartment,Condominium (condo),Apt/Condo/Loft,5,1,1,21+,Luxury,false,135,true,92,24,2026-05-13,Frisco/Silverthorne,Frisco,Frisco,Colorado,80443,United States,mountains_lakes,https://www.airbnb.com/rooms/639222760434744443,https://a0.muscache.com/im/pictures/prohost-api/Hosting-639222760434744443/original/4f66bc0c-b0d3-4b0a-8e35-d4d7eea21711.jpeg,639222760434744443,9695364ha,39.5022,-106.151,=AVERAGE($G$2:$G$501),=AVERAGE($D$2:$D$501),"=IFERROR(($AT312-G312)/$AT312,0)","=IFERROR(($AU312-D312)/$AU312,0)",=$AU312-D312
Greens at Copper #314,Summit County Mountain Retreats,,44625,71559,365.78,59.51,217,2,2,6,false,false,false,true,true,false,false,Home/Apartment,Apartment,Apt/Condo/Loft,4.6,6,1,21+,Luxury,false,267,true,122,26,2026-05-11,Frisco/Silverthorne,Frisco,Frisco,Colorado,80443,United States,mountains_lakes,https://www.airbnb.com/rooms/1234828149336274010,https://a0.muscache.com/im/pictures/hosting/Hosting-U3RheVN1cHBseUxpc3Rpbmc6MTIzNDgyODE0OTMzNjI3NDAxMA==/original/0e6006ae-5507-486c-86b3-984c9452ee43.jpeg,1234828149336274010,4167755,39.5001,-106.1448,=AVERAGE($G$2:$G$501),=AVERAGE($D$2:$D$501),"=IFERROR(($AT313-G313)/$AT313,0)","=IFERROR(($AU313-D313)/$AU313,0)",=$AU313-D313
" SKI IN/OUT, AT SUPER B 6chair Lift , 3 Bedrms, Bunk, 3 Bathrm, Sleep 9, Hot Tub",,,44523,52159,1035.42,37.39,199,3,2,9,false,false,true,true,true,false,false,Home/Apartment,House,House/villa,4.8,45,5,1,Luxury,false,150,true,43,8,2026-05-16,Frisco/Silverthorne,Frisco,Frisco,Colorado,80443,United States,mountains_lakes,https://www.vrbo.com/204759,https://media.vrbo.com/lodging/34000000/33490000/33482900/33482858/fe78857c.jpg?impolicy=resizecrop&rw=1200&ra=fit,,204759,39.499371,-106.145782,=AVERAGE($G$2:$G$501),=AVERAGE($D$2:$D$501),"=IFERROR(($AT314-G314)/$AT314,0)","=IFERROR(($AU314-D314)/$AU314,0)",=$AU314-D314
Taylor&#39;s Crossing 2 Bedroom Condo #206,RedAwning,,44487,66441,767.02,28.02,294,2,2,6,false,false,false,true,true,false,false,Home/Apartment,Condominium (condo),Apt/Condo/Loft,0,0,1,21+,Luxury,false,164,true,58,17,2026-05-13,Frisco/Silverthorne,Frisco,Frisco,Colorado,80443,United States,mountains_lakes,https://www.airbnb.com/rooms/692549099546608924,https://a0.muscache.com/im/pictures/prohost-api/Hosting-692549099546608924/original/263a9def-2a1e-40a0-916f-1d260f15314e.jpeg,692549099546608924,9696219ha,39.5012,-106.1563,=AVERAGE($G$2:$G$501),=AVERAGE($D$2:$D$501),"=IFERROR(($AT315-G315)/$AT315,0)","=IFERROR(($AU315-D315)/$AU315,0)",=$AU315-D315
Bridge End 2 Bedroom Condo #104/104a,RedAwning,,44464,86739,617.56,38.92,239,2,2,8,false,false,false,true,true,false,false,Home/Apartment,Condominium (condo),Apt/Condo/Loft,0,0,1,21+,Luxury,false,164,true,72,22,2026-05-13,Frisco/Silverthorne,Frisco,Frisco,Colorado,80443,United States,mountains_lakes,https://www.airbnb.com/rooms/639254449546102520,https://a0.muscache.com/im/pictures/prohost-api/Hosting-639254449546102520/original/c2287329-87df-42a3-9877-6099d5a89f38.jpeg,639254449546102520,9695186ha,39.5021,-106.151,=AVERAGE($G$2:$G$501),=AVERAGE($D$2:$D$501),"=IFERROR(($AT316-G316)/$AT316,0)","=IFERROR(($AU316-D316)/$AU316,0)",=$AU316-D316
"Best value Slopeside! Ski-in/walk-out access, Sleeps 6, Free WiFi, Games",,,44323,48829,375.62,36.88,342,1,2,6,false,false,false,true,true,false,false,Home/Apartment,Condominium (condo),Apt/Condo/Loft,4.6,116,2,1,Luxury,false,175,true,118,33,2026-05-17,Frisco/Silverthorne,Frisco,Frisco,Colorado,80443,United States,mountains_lakes,https://www.vrbo.com/641241,https://media.vrbo.com/lodging/23000000/22150000/22145300/22145244/w1199h800x1y0-1bcbad06.jpg?impolicy=resizecrop&rw=1200&ra=fit,,641241,39.49981,-106.152568,=AVERAGE($G$2:$G$501),=AVERAGE($D$2:$D$501),"=IFERROR(($AT317-G317)/$AT317,0)","=IFERROR(($AU317-D317)/$AU317,0)",=$AU317-D317
"Ski-in/out, Dog-friendly, 2 bed/3 bath Spacious Condo in Center Village Copper",,,44182,47961,775.12,43.85,168,2,2,8,false,false,false,true,true,true,false,Home/Apartment,Condominium (condo),Apt/Condo/Loft,5,9,2,1,Luxury,false,240,false,57,17,2026-05-15,Frisco/Silverthorne,Frisco,Frisco,Colorado,80443,United States,mountains_lakes,https://www.vrbo.com/4927517,https://media.vrbo.com/lodging/123000000/122320000/122310300/122310239/7b950b19.jpg?impolicy=resizecrop&rw=1200&ra=fit,,4927517,39.499592,-106.153947,=AVERAGE($G$2:$G$501),=AVERAGE($D$2:$D$501),"=IFERROR(($AT318-G318)/$AT318,0)","=IFERROR(($AU318-D318)/$AU318,0)",=$AU318-D318
Taylor's Crossing 107,Copper Vacations,,44145,47008,390.66,51.13,347,1,1,4,false,false,false,true,true,false,false,Home/Apartment,Condominium (condo),Apt/Condo/Loft,4.85,22,2,21+,Luxury,true,276,true,113,26,2026-05-13,Frisco/Silverthorne,Frisco,Frisco,Colorado,80443,United States,mountains_lakes,https://www.airbnb.com/rooms/1221058695915734845,https://a0.muscache.com/im/pictures/prohost-api/Hosting-1221058695915734845/original/00bb1e82-d5a7-4532-9b7a-f7a98c0a42f3.jpeg,1221058695915734845,9873504ha,39.5011,-106.1564,=AVERAGE($G$2:$G$501),=AVERAGE($D$2:$D$501),"=IFERROR(($AT319-G319)/$AT319,0)","=IFERROR(($AU319-D319)/$AU319,0)",=$AU319-D319
True Ski-In Copper Mtn Condo: Quick Walk to Lift!,Evolve,,44120,49003,479.57,56.79,194,1,2,6,false,false,false,true,true,false,false,Home/Apartment,Condominium (condo),Apt/Condo/Loft,5,3,3,21+,Luxury,false,277,true,92,26,2026-05-15,Frisco/Silverthorne,Frisco,Frisco,Colorado,80443,United States,mountains_lakes,https://www.airbnb.com/rooms/1526927480552399781,https://a0.muscache.com/im/pictures/prohost-api/Hosting-1526927480552399781/original/eb3fbc86-6982-4046-91c3-89c6b202064c.jpeg,1526927480552399781,20204659ha,39.5,-106.1525,=AVERAGE($G$2:$G$501),=AVERAGE($D$2:$D$501),"=IFERROR(($AT320-G320)/$AT320,0)","=IFERROR(($AU320-D320)/$AU320,0)",=$AU320-D320
The Little Red Ski Haus,121907896,,43994,50887,733.23,24.39,311,3,3,10,false,true,false,true,true,false,false,Home/Apartment,Apartment,Apt/Condo/Loft,4.95,24,3,6-20,Luxury,true,299,true,60,16,2026-05-16,Frisco/Silverthorne,Frisco,Frisco,Colorado,80443,United States,mountains_lakes,https://www.airbnb.com/rooms/796658858268038612,https://a0.muscache.com/im/pictures/miso/Hosting-796658858268038612/original/dd6c4014-5d1f-473d-a08c-13f70799ea3c.jpeg,796658858268038612,3215435,39.5019,-106.1547,=AVERAGE($G$2:$G$501),=AVERAGE($D$2:$D$501),"=IFERROR(($AT321-G321)/$AT321,0)","=IFERROR(($AU321-D321)/$AU321,0)",=$AU321-D321
New Upscale Condo. Mountain Views. Near New Lift & Ski School.,,,43962,47736,745.12,47.2,355,2,2,6,false,false,true,true,true,false,false,Home/Apartment,Condominium (condo),Apt/Condo/Loft,5,84,3,1,Luxury,false,150,true,59,16,2026-05-17,Frisco/Silverthorne,Frisco,Frisco,Colorado,80443,United States,mountains_lakes,https://www.vrbo.com/386921,https://media.vrbo.com/lodging/35000000/34330000/34323300/34323270/w799h599x1y1-43a62bc1.jpg?impolicy=resizecrop&rw=1200&ra=fit,,386921,39.500086,-106.16187,=AVERAGE($G$2:$G$501),=AVERAGE($D$2:$D$501),"=IFERROR(($AT322-G322)/$AT322,0)","=IFERROR(($AU322-D322)/$AU322,0)",=$AU322-D322
Copper One Studio  #301,RedAwning,,43944,47139,426.64,42.39,317,,1,4,false,false,false,true,true,false,false,Home/Apartment,Condominium (condo),Apt/Condo/Loft,0,0,1,21+,Luxury,false,103,true,103,27,2026-05-17,Frisco/Silverthorne,Frisco,Frisco,Colorado,80443,United States,mountains_lakes,https://www.airbnb.com/rooms/639242262143474917,https://a0.muscache.com/im/pictures/prohost-api/Hosting-639242262143474917/original/2875ac09-44df-43b8-9ae6-8bae11cb6d64.jpeg,639242262143474917,9695245ha,39.5022,-106.151,=AVERAGE($G$2:$G$501),=AVERAGE($D$2:$D$501),"=IFERROR(($AT323-G323)/$AT323,0)","=IFERROR(($AU323-D323)/$AU323,0)",=$AU323-D323
Tucker Mountain 1 Bedroom Condo #107,RedAwning,,43885,51955,434.5,38.11,328,1,1,4,false,false,false,true,true,false,false,Home/Apartment,Condominium (condo),Apt/Condo/Loft,0,0,1,21+,Luxury,false,134,true,101,25,2026-05-13,Frisco/Silverthorne,Frisco,Frisco,Colorado,80443,United States,mountains_lakes,https://www.airbnb.com/rooms/639260186137199380,https://a0.muscache.com/im/pictures/prohost-api/Hosting-639260186137199380/original/103abee2-1edd-4b9d-9f6d-abaa1456b868.jpeg,639260186137199380,9695377ha,39.5022,-106.151,=AVERAGE($G$2:$G$501),=AVERAGE($D$2:$D$501),"=IFERROR(($AT324-G324)/$AT324,0)","=IFERROR(($AU324-D324)/$AU324,0)",=$AU324-D324
2 bedr 3 bath condo 40 yds to lift  (Snow condo),600268,,43849,58651,797.25,47.01,325,2,3,10,false,false,false,true,true,false,false,Home/Apartment,Apartment,Apt/Condo/Loft,4.8,84,1,2-5,Luxury,false,198,false,55,13,2026-05-17,Frisco/Silverthorne,Frisco,Frisco,Colorado,80443,United States,mountains_lakes,https://www.airbnb.com/rooms/13155725,https://a0.muscache.com/im/pictures/70ec5dbb-a3e0-42d4-ac1d-a97d07745113.jpg,13155725,926058,39.50033,-106.15381,=AVERAGE($G$2:$G$501),=AVERAGE($D$2:$D$501),"=IFERROR(($AT325-G325)/$AT325,0)","=IFERROR(($AU325-D325)/$AU325,0)",=$AU325-D325
Copper Springs 2 Bedroom Condo #212,RedAwning,,43841,52137,617.48,30.6,294,2,2,6,false,false,false,true,true,false,false,Home/Apartment,Condominium (condo),Apt/Condo/Loft,0,0,1,21+,Luxury,false,166,true,71,19,2026-05-13,Frisco/Silverthorne,Frisco,Frisco,Colorado,80443,United States,mountains_lakes,https://www.airbnb.com/rooms/639220370282550534,https://a0.muscache.com/im/pictures/prohost-api/Hosting-639220370282550534/original/48f53abf-d834-4cde-be26-31e3cd0d5d0c.jpeg,639220370282550534,9695386ha,39.5022,-106.151,=AVERAGE($G$2:$G$501),=AVERAGE($D$2:$D$501),"=IFERROR(($AT326-G326)/$AT326,0)","=IFERROR(($AU326-D326)/$AU326,0)",=$AU326-D326
Spacious One Bedroom Condo with available hot tub!,SkyRun Vacation Rentals,,43802,44640,433.68,46.76,352,1,2,4,false,true,true,true,true,false,false,Home/Apartment,Condominium (condo),Apt/Condo/Loft,4.45,7,3,21+,Luxury,true,248,true,101,23,2026-05-13,Frisco/Silverthorne,Frisco,Frisco,Colorado,80443,United States,mountains_lakes,https://www.airbnb.com/rooms/21901718,https://a0.muscache.com/im/pictures/prohost-api/Hosting-21901718/original/61b6a232-603c-4e06-aa98-7bbb84df5380.jpeg,21901718,4223312,39.5012,-106.1551,=AVERAGE($G$2:$G$501),=AVERAGE($D$2:$D$501),"=IFERROR(($AT327-G327)/$AT327,0)","=IFERROR(($AU327-D327)/$AU327,0)",=$AU327-D327
"Retreat at Union Creek I: Easy Walk to Lift, Hot T",River Ridge Rentals,,43649,146837,1064.61,54.67,235,4,4,13,false,false,true,true,true,false,false,Home/Apartment,House,House/villa,4.8,59,2,21+,Luxury,true,609,true,41,7,2026-05-13,Frisco/Silverthorne,Frisco,Frisco,Colorado,80443,United States,mountains_lakes,https://www.airbnb.com/rooms/24984191,https://a0.muscache.com/im/pictures/prohost-api/Hosting-24984191/original/cc723cb3-478f-43ca-b3a1-c8f15d3549f7.jpeg,24984191,356739ha,39.49995,-106.17411,=AVERAGE($G$2:$G$501),=AVERAGE($D$2:$D$501),"=IFERROR(($AT328-G328)/$AT328,0)","=IFERROR(($AU328-D328)/$AU328,0)",=$AU328-D328
Luxury 7th-Floor Designer Penthouse-Steps to Lifts,Lark Mountain Group,,43524,46430,444.12,78.4,144,2,3,8,false,false,true,true,true,false,false,Home/Apartment,Condominium (condo),Apt/Condo/Loft,5,19,4,21+,Luxury,true,215,false,98,21,2026-05-13,Frisco/Silverthorne,Frisco,Frisco,Colorado,80443,United States,mountains_lakes,https://www.airbnb.com/rooms/1574778217030827443,https://a0.muscache.com/im/pictures/hosting/Hosting-1574778217030827443/original/9261358b-d225-42cf-86e5-f62e48ad9c25.jpeg,1574778217030827443,4998892,39.5006492279,-106.1539683184,=AVERAGE($G$2:$G$501),=AVERAGE($D$2:$D$501),"=IFERROR(($AT329-G329)/$AT329,0)","=IFERROR(($AU329-D329)/$AU329,0)",=$AU329-D329
Tucker Mountain 1 Bedroom Condo #521,RedAwning,,43447,59428,443.34,36.7,314,1,1,4,false,false,false,true,true,false,false,Home/Apartment,Condominium (condo),Apt/Condo/Loft,0,0,1,21+,Luxury,false,135,true,98,29,2026-05-16,Frisco/Silverthorne,Frisco,Frisco,Colorado,80443,United States,mountains_lakes,https://www.airbnb.com/rooms/639218738242661473,https://a0.muscache.com/im/pictures/prohost-api/Hosting-639218738242661473/original/61437b50-81d1-4156-8a4d-02a9454ca671.jpeg,639218738242661473,9695398ha,39.5022,-106.151,=AVERAGE($G$2:$G$501),=AVERAGE($D$2:$D$501),"=IFERROR(($AT330-G330)/$AT330,0)","=IFERROR(($AU330-D330)/$AU330,0)",=$AU330-D330
Mountain Plaza 1 Bedroom Condo #202,RedAwning,,43402,53798,723.37,31.58,319,1,1,4,false,false,false,true,true,false,false,Home/Apartment,Condominium (condo),Apt/Condo/Loft,0,0,1,21+,Luxury,false,136,true,60,17,2026-05-16,Frisco/Silverthorne,Frisco,Frisco,Colorado,80443,United States,mountains_lakes,https://www.airbnb.com/rooms/692548935115270752,https://a0.muscache.com/im/pictures/prohost-api/Hosting-692548935115270752/original/a38adde3-9046-4633-97f9-00600b6af107.jpeg,692548935115270752,9696163ha,39.5022,-106.151,=AVERAGE($G$2:$G$501),=AVERAGE($D$2:$D$501),"=IFERROR(($AT331-G331)/$AT331,0)","=IFERROR(($AU331-D331)/$AU331,0)",=$AU331-D331
Copper Mountain 3 Bedroom 2 Bath ski in ski out,436395257,,43232,49598,772,33.33,336,3,2,7,false,false,false,true,true,false,false,Home/Apartment,Condominium (condo),Apt/Condo/Loft,4.95,37,2,2-5,Luxury,false,240,false,56,13,2026-05-16,Frisco/Silverthorne,Frisco,Frisco,Colorado,80443,United States,mountains_lakes,https://www.airbnb.com/rooms/53982504,https://a0.muscache.com/im/pictures/miso/Hosting-53982504/original/94eb1d1c-98e2-4581-a99d-559c58a26b02.jpeg,53982504,3191720,39.5001,-106.1469,=AVERAGE($G$2:$G$501),=AVERAGE($D$2:$D$501),"=IFERROR(($AT332-G332)/$AT332,0)","=IFERROR(($AU332-D332)/$AU332,0)",=$AU332-D332
Mountain Home -Downtown Frisco,42900372,,43184,44620,1270.12,32.69,350,4,3,10,true,false,true,true,true,false,false,Home/Apartment,Townhouse,Apt/Condo/Loft,5,4,3,1,Luxury,false,320,true,34,7,2026-05-14,Frisco/Silverthorne,Frisco,Frisco,Colorado,80443,United States,mountains_lakes,https://www.airbnb.com/rooms/785530422522754293,https://a0.muscache.com/im/pictures/hosting/Hosting-U3RheVN1cHBseUxpc3Rpbmc6Nzg1NTMwNDIyNTIyNzU0Mjkz/original/2fb1283c-9d50-42eb-b967-cf5b05080715.jpeg,785530422522754293,,39.5756,-106.1048,=AVERAGE($G$2:$G$501),=AVERAGE($D$2:$D$501),"=IFERROR(($AT333-G333)/$AT333,0)","=IFERROR(($AU333-D333)/$AU333,0)",=$AU333-D333
"Spacious, Comfortable Retreat At Copper Mountain",SkyRun Vacation Rentals,,43134,44910,582.89,47.44,349,2,2,10,false,false,true,true,true,false,false,Home/Apartment,Condominium (condo),Apt/Condo/Loft,4.6,67,3,21+,Luxury,true,304,true,74,19,2026-05-13,Frisco/Silverthorne,Frisco,Frisco,Colorado,80443,United States,mountains_lakes,https://www.airbnb.com/rooms/16313136,https://a0.muscache.com/im/pictures/prohost-api/Hosting-16313136/original/2d8cb33e-f350-4b75-a43e-dc9f81a0fed8.jpeg,16313136,776181,39.5013,-106.1551,=AVERAGE($G$2:$G$501),=AVERAGE($D$2:$D$501),"=IFERROR(($AT334-G334)/$AT334,0)","=IFERROR(($AU334-D334)/$AU334,0)",=$AU334-D334
Remodeled and Spacious Pet Friendly Condo BE310,SkyRun Vacation Rentals,,43057,46194,581.85,35.07,345,2,2,8,false,false,false,true,true,true,false,Home/Apartment,Condominium (condo),Apt/Condo/Loft,4.7,7,3,21+,Luxury,true,308,true,74,17,2026-05-13,Frisco/Silverthorne,Frisco,Frisco,Colorado,80443,United States,mountains_lakes,https://www.airbnb.com/rooms/1186350104084125788,https://a0.muscache.com/im/pictures/prohost-api/Hosting-1186350104084125788/original/4da11289-ace1-46d3-99f9-c1c7f14f2b3b.jpeg,1186350104084125788,4069115,39.5023,-106.1554,=AVERAGE($G$2:$G$501),=AVERAGE($D$2:$D$501),"=IFERROR(($AT335-G335)/$AT335,0)","=IFERROR(($AU335-D335)/$AU335,0)",=$AU335-D335
Ten Mile Haus A5 - 2 bedroom condo,Copper Vacations,,42980,53552,671.56,47.41,288,2,2,6,false,true,false,true,true,false,false,Home/Apartment,Condominium (condo),Apt/Condo/Loft,4.65,43,2,21+,Luxury,true,306,true,64,17,2026-05-11,Frisco/Silverthorne,Frisco,Frisco,Colorado,80443,United States,mountains_lakes,https://www.airbnb.com/rooms/20521847,https://a0.muscache.com/im/pictures/prohost-api/Hosting-20521847/original/21f35a4d-4317-4789-baec-a97f5e40835e.jpeg,20521847,3654512ha,39.49923,-106.15252,=AVERAGE($G$2:$G$501),=AVERAGE($D$2:$D$501),"=IFERROR(($AT336-G336)/$AT336,0)","=IFERROR(($AU336-D336)/$AU336,0)",=$AU336-D336
Passage Point 208- 2 Bedroom Condo,Copper Vacations,,42778,45935,586,51.77,340,2,2,6,false,true,true,true,true,false,false,Home/Apartment,Condominium (condo),Apt/Condo/Loft,4.45,39,2,21+,Luxury,true,304,true,73,19,2026-05-13,Frisco/Silverthorne,Frisco,Frisco,Colorado,80443,United States,mountains_lakes,https://www.airbnb.com/rooms/20521807,https://a0.muscache.com/im/pictures/prohost-api/Hosting-20521807/original/544d0e86-37bc-43cd-8427-9ad9ed6a6a74.jpeg,20521807,3654495ha,39.50056,-106.15793,=AVERAGE($G$2:$G$501),=AVERAGE($D$2:$D$501),"=IFERROR(($AT337-G337)/$AT337,0)","=IFERROR(($AU337-D337)/$AU337,0)",=$AU337-D337
Ground Level Private Wash/Dry- G6,SkyRun Vacation Rentals,,42776,49535,619.94,46.31,293,2,2,6,false,true,false,true,true,false,false,Home/Apartment,Condominium (condo),Apt/Condo/Loft,4.75,10,3,21+,Luxury,true,286,true,69,15,2026-05-16,Frisco/Silverthorne,Frisco,Frisco,Colorado,80443,United States,mountains_lakes,https://www.airbnb.com/rooms/712117355041474464,https://a0.muscache.com/im/pictures/prohost-api/Hosting-712117355041474464/original/ed7ab30c-31e9-4082-b87a-51546232b6e4.jpeg,712117355041474464,3016716,39.5008,-106.1472,=AVERAGE($G$2:$G$501),=AVERAGE($D$2:$D$501),"=IFERROR(($AT338-G338)/$AT338,0)","=IFERROR(($AU338-D338)/$AU338,0)",=$AU338-D338
Ski Condo With Short Walk to Lifts SH501,SkyRun Vacation Rentals,,42707,42899,374.62,48.51,359,2,2,6,false,true,false,true,true,false,false,Home/Apartment,Condominium (condo),Apt/Condo/Loft,4.35,43,3,21+,Luxury,false,175,true,114,23,2024-10-30,Frisco/Silverthorne,Frisco,Frisco,Colorado,80443,United States,mountains_lakes,https://www.airbnb.com/rooms/36083200,https://a0.muscache.com/im/pictures/prohost-api/Hosting-36083200/original/01345020-ae3a-45b4-a322-cc3bcddc9fdc.jpeg,36083200,1775558,39.5003,-106.1526,=AVERAGE($G$2:$G$501),=AVERAGE($D$2:$D$501),"=IFERROR(($AT339-G339)/$AT339,0)","=IFERROR(($AU339-D339)/$AU339,0)",=$AU339-D339
Exceptionally Remodeled 2 Bedroom in East Village.,SkyRun Vacation Rentals,,42667,46601,380.96,52.34,337,2,2,8,false,false,false,true,true,false,false,Home/Apartment,Condominium (condo),Apt/Condo/Loft,4.8,99,3,21+,Luxury,false,219,true,112,30,2023-06-30,Frisco/Silverthorne,Frisco,Frisco,Colorado,80443,United States,mountains_lakes,https://www.airbnb.com/rooms/16313130,https://a0.muscache.com/im/pictures/prohost-api/Hosting-16313130/original/ada2b7a3-ee95-4e36-b9de-9d6697897269.jpeg?aki_policy=x_large,16313130,295914,39.50013,-106.14819,=AVERAGE($G$2:$G$501),=AVERAGE($D$2:$D$501),"=IFERROR(($AT340-G340)/$AT340,0)","=IFERROR(($AU340-D340)/$AU340,0)",=$AU340-D340
Passage Point 1 Bedroom Condo #221,RedAwning,,42524,50708,452.38,42.15,318,1,1,4,false,false,false,true,true,false,false,Home/Apartment,Condominium (condo),Apt/Condo/Loft,0,0,1,21+,Luxury,false,135,true,94,23,2026-05-13,Frisco/Silverthorne,Frisco,Frisco,Colorado,80443,United States,mountains_lakes,https://www.airbnb.com/rooms/639225768101855358,https://a0.muscache.com/im/pictures/prohost-api/Hosting-639225768101855358/original/65d3bc83-6943-4d60-8e22-82c6df57bd3f.jpeg,639225768101855358,9695344ha,39.5022,-106.151,=AVERAGE($G$2:$G$501),=AVERAGE($D$2:$D$501),"=IFERROR(($AT341-G341)/$AT341,0)","=IFERROR(($AU341-D341)/$AU341,0)",=$AU341-D341
Copper Springs 3 Bedroom Condo #202,RedAwning,,42502,88310,833.37,30.54,214,3,3,10,false,false,false,true,true,false,false,Home/Apartment,Condominium (condo),Apt/Condo/Loft,0,0,1,21+,Luxury,false,196,true,51,15,2026-05-16,Frisco/Silverthorne,Frisco,Frisco,Colorado,80443,United States,mountains_lakes,https://www.airbnb.com/rooms/639229193765988370,https://a0.muscache.com/im/pictures/prohost-api/Hosting-639229193765988370/original/82b5176e-b8f5-4fcc-87bf-939c01c2d2e8.jpeg,639229193765988370,9695317ha,39.5022,-106.151,=AVERAGE($G$2:$G$501),=AVERAGE($D$2:$D$501),"=IFERROR(($AT342-G342)/$AT342,0)","=IFERROR(($AU342-D342)/$AU342,0)",=$AU342-D342
Tucker Mountain 220 - 1 bedroom condo,Copper Vacations,,42481,49723,493.97,45.99,317,1,1,4,false,true,true,true,true,false,false,Home/Apartment,Condominium (condo),Apt/Condo/Loft,4.8,43,2,21+,Luxury,true,754,true,86,19,2026-05-16,Frisco/Silverthorne,Frisco,Frisco,Colorado,80443,United States,mountains_lakes,https://www.airbnb.com/rooms/43957514,https://a0.muscache.com/im/pictures/prohost-api/Hosting-43957514/original/8e7912b5-ca95-41c9-ad89-056a36b57ba0.jpeg,43957514,9130136ha,39.49973,-106.15706,=AVERAGE($G$2:$G$501),=AVERAGE($D$2:$D$501),"=IFERROR(($AT343-G343)/$AT343,0)","=IFERROR(($AU343-D343)/$AU343,0)",=$AU343-D343
"Ultimate location and views. 2 bdr, 1.5 bath",38503201,,42320,70880,516.1,69.49,146,2,1,4,false,true,false,true,true,false,false,Home/Apartment,Condominium (condo),Apt/Condo/Loft,4.9,87,1,6-20,Luxury,true,200,false,82,21,2026-05-13,Frisco/Silverthorne,Frisco,Frisco,Colorado,80443,United States,mountains_lakes,https://www.airbnb.com/rooms/19363459,https://a0.muscache.com/im/pictures/af1441d8-3a9a-4084-9712-0faadb5a34c9.jpg,19363459,,39.49924,-106.14561,=AVERAGE($G$2:$G$501),=AVERAGE($D$2:$D$501),"=IFERROR(($AT344-G344)/$AT344,0)","=IFERROR(($AU344-D344)/$AU344,0)",=$AU344-D344
Passage Point 1 Bedroom Condo #425,RedAwning,,42317,50438,459.97,37.86,337,1,1,4,false,false,false,true,true,false,false,Home/Apartment,Condominium (condo),Apt/Condo/Loft,0,0,1,21+,Luxury,false,132,true,92,27,2026-05-13,Frisco/Silverthorne,Frisco,Frisco,Colorado,80443,United States,mountains_lakes,https://www.airbnb.com/rooms/639226531938985305,https://a0.muscache.com/im/pictures/prohost-api/Hosting-639226531938985305/original/97ab3646-ba1e-4c57-a7aa-908235ecbed7.jpeg,639226531938985305,9695341ha,39.5022,-106.151,=AVERAGE($G$2:$G$501),=AVERAGE($D$2:$D$501),"=IFERROR(($AT345-G345)/$AT345,0)","=IFERROR(($AU345-D345)/$AU345,0)",=$AU345-D345
Ten Mile Haus A9 - 2 bedroom condo,Copper Vacations,,41994,96927,385.27,89.34,152,3,2,8,false,true,false,true,true,false,false,Home/Apartment,Condominium (condo),Apt/Condo/Loft,4.35,29,2,21+,Luxury,true,334,true,109,10,2026-05-13,Frisco/Silverthorne,Frisco,Frisco,Colorado,80443,United States,mountains_lakes,https://www.airbnb.com/rooms/20521849,https://a0.muscache.com/im/pictures/prohost-api/Hosting-20521849/original/e5898440-d751-460b-aa13-3f217874a968.jpeg,20521849,3654514ha,39.50079,-106.1527,=AVERAGE($G$2:$G$501),=AVERAGE($D$2:$D$501),"=IFERROR(($AT346-G346)/$AT346,0)","=IFERROR(($AU346-D346)/$AU346,0)",=$AU346-D346
Mill Club 2 Bedroom Condo #407,RedAwning,,41953,74017,699.22,46.88,252,2,2,6,false,false,false,true,true,false,false,Home/Apartment,Condominium (condo),Apt/Condo/Loft,0,0,1,21+,Luxury,false,164,true,60,17,2026-05-11,Frisco/Silverthorne,Frisco,Frisco,Colorado,80443,United States,mountains_lakes,https://www.airbnb.com/rooms/639226593041881819,https://a0.muscache.com/im/pictures/prohost-api/Hosting-639226593041881819/original/62116f63-07a0-415e-a7a8-fc242989326c.jpeg,639226593041881819,9695338ha,39.5022,-106.151,=AVERAGE($G$2:$G$501),=AVERAGE($D$2:$D$501),"=IFERROR(($AT347-G347)/$AT347,0)","=IFERROR(($AU347-D347)/$AU347,0)",=$AU347-D347
Copper Springs 1 Bedroom Condo #223,RedAwning,,41933,46495,411.11,36.04,317,1,1,6,false,false,false,true,true,false,false,Home/Apartment,Condominium (condo),Apt/Condo/Loft,0,0,1,21+,Luxury,false,135,true,102,25,2026-05-13,Frisco/Silverthorne,Frisco,Frisco,Colorado,80443,United States,mountains_lakes,https://www.airbnb.com/rooms/614275969882416798,https://a0.muscache.com/im/pictures/prohost-api/Hosting-614275969882416798/original/ac6f13ba-93e3-4609-b289-fff5671c25a7.jpeg,614275969882416798,9695179ha,39.5022,-106.151,=AVERAGE($G$2:$G$501),=AVERAGE($D$2:$D$501),"=IFERROR(($AT348-G348)/$AT348,0)","=IFERROR(($AU348-D348)/$AU348,0)",=$AU348-D348
Tucker Mountain 324 - 1 bedroom condo,Copper Vacations,,41732,50791,405.17,51.24,262,1,1,4,false,true,true,true,true,false,false,Home/Apartment,Condominium (condo),Apt/Condo/Loft,4.8,9,2,21+,Luxury,true,278,true,103,23,2026-05-16,Frisco/Silverthorne,Frisco,Frisco,Colorado,80443,United States,mountains_lakes,https://www.airbnb.com/rooms/43957508,https://a0.muscache.com/im/pictures/prohost-api/Hosting-43957508/original/a31bfe60-c0fd-4e81-b2f5-e8dcd52e7fd5.jpeg,43957508,9256803ha,39.49998,-106.15816,=AVERAGE($G$2:$G$501),=AVERAGE($D$2:$D$501),"=IFERROR(($AT349-G349)/$AT349,0)","=IFERROR(($AU349-D349)/$AU349,0)",=$AU349-D349
Amazing Location Center Village One Bedroom,SkyRun Vacation Rentals,,41728,45997,413.15,44.3,339,1,2,4,false,true,false,true,true,false,false,Home/Apartment,Condominium (condo),Apt/Condo/Loft,4.7,26,3,21+,Luxury,true,279,true,101,27,2026-05-13,Frisco/Silverthorne,Frisco,Frisco,Colorado,80443,United States,mountains_lakes,https://www.airbnb.com/rooms/694156261965492146,https://a0.muscache.com/im/pictures/prohost-api/Hosting-694156261965492146/original/c0c969c4-1c33-4e61-a1ad-b04f9724f5bf.jpeg,694156261965492146,2961418,39.5002,-106.1548,=AVERAGE($G$2:$G$501),=AVERAGE($D$2:$D$501),"=IFERROR(($AT350-G350)/$AT350,0)","=IFERROR(($AU350-D350)/$AU350,0)",=$AU350-D350
3 Bed/Bath with Pool and Hot Tub in Center Village,41966275,,41530,75551,1122.43,71.15,102,3,3,9,false,false,true,true,true,false,true,Home/Apartment,Apartment,Apt/Condo/Loft,5,2,1,2-5,Luxury,false,285,true,37,11,2026-05-16,Frisco/Silverthorne,Frisco,Frisco,Colorado,80443,United States,mountains_lakes,https://www.airbnb.com/rooms/1528259623056326357,https://a0.muscache.com/im/pictures/hosting/Hosting-1528259623056326357/original/b8de5dc0-ce8b-4512-b852-6b9844de116b.jpeg,1528259623056326357,,39.50256,-106.15807,=AVERAGE($G$2:$G$501),=AVERAGE($D$2:$D$501),"=IFERROR(($AT351-G351)/$AT351,0)","=IFERROR(($AU351-D351)/$AU351,0)",=$AU351-D351
"Ski-in/ski-out, 2 sunrooms overlook main plaza! Free Parking and Wifi",,,41405,42573,418.23,40.74,354,2,3,6,false,false,false,true,true,false,false,Home/Apartment,Condominium (condo),Apt/Condo/Loft,4.7,134,2,1,Luxury,false,174,true,99,30,2026-05-13,Frisco/Silverthorne,Frisco,Frisco,Colorado,80443,United States,mountains_lakes,https://www.vrbo.com/198645,https://media.vrbo.com/lodging/22000000/21190000/21181200/21181113/548ccefc.jpg?impolicy=resizecrop&rw=1200&ra=fit,,198645,39.500172,-106.154933,=AVERAGE($G$2:$G$501),=AVERAGE($D$2:$D$501),"=IFERROR(($AT352-G352)/$AT352,0)","=IFERROR(($AU352-D352)/$AU352,0)",=$AU352-D352
Cirque 2 Bedroom Condo #217,RedAwning,,41360,50283,574.44,43.11,232,2,2,6,false,false,false,true,true,false,false,Home/Apartment,Condominium (condo),Apt/Condo/Loft,0,0,1,21+,Luxury,false,166,true,72,15,2026-05-13,Frisco/Silverthorne,Frisco,Frisco,Colorado,80443,United States,mountains_lakes,https://www.airbnb.com/rooms/639261384191692225,https://a0.muscache.com/im/pictures/prohost-api/Hosting-639261384191692225/original/7159a801-00d4-4f5c-bc81-c5d46e5428a8.jpeg,639261384191692225,9696155ha,39.5022,-106.151,=AVERAGE($G$2:$G$501),=AVERAGE($D$2:$D$501),"=IFERROR(($AT353-G353)/$AT353,0)","=IFERROR(($AU353-D353)/$AU353,0)",=$AU353-D353
Tucker Mountain 1 Bedroom Condo #424,RedAwning,,41028,49045,562.03,36.5,313,1,1,4,false,false,false,true,true,false,false,Home/Apartment,Condominium (condo),Apt/Condo/Loft,0,0,1,21+,Luxury,false,133,true,73,17,2026-05-13,Frisco/Silverthorne,Frisco,Frisco,Colorado,80443,United States,mountains_lakes,https://www.airbnb.com/rooms/639263042415932956,https://a0.muscache.com/im/pictures/prohost-api/Hosting-639263042415932956/original/1e995f20-144b-4702-9191-f9ef8b1ea78d.jpeg,639263042415932956,9695139ha,39.5022,-106.151,=AVERAGE($G$2:$G$501),=AVERAGE($D$2:$D$501),"=IFERROR(($AT354-G354)/$AT354,0)","=IFERROR(($AU354-D354)/$AU354,0)",=$AU354-D354
2 BR Cache condo Steps from the west village lifts,71119572,,40815,43100,669.1,61.62,177,2,2,5,false,false,false,true,true,false,false,Home/Apartment,Condominium (condo),Apt/Condo/Loft,5,59,2,6-20,Luxury,true,124,false,61,20,2026-05-16,Frisco/Silverthorne,Frisco,Frisco,Colorado,80443,United States,mountains_lakes,https://www.airbnb.com/rooms/581354926543348504,https://a0.muscache.com/im/pictures/prohost-api/Hosting-581354926543348504/original/e28b2a86-53c8-402f-809c-dd08d22f2567.jpeg,581354926543348504,2941365,39.50046,-106.16052,=AVERAGE($G$2:$G$501),=AVERAGE($D$2:$D$501),"=IFERROR(($AT355-G355)/$AT355,0)","=IFERROR(($AU355-D355)/$AU355,0)",=$AU355-D355
Copper Center Village - Half Pipe views,97001921,,40762,41957,627.11,42.48,362,2,2,8,false,true,false,true,true,false,false,Home/Apartment,Condominium (condo),Apt/Condo/Loft,4.95,127,3,1,Luxury,true,200,false,65,21,2026-05-16,Frisco/Silverthorne,Frisco,Frisco,Colorado,80443,United States,mountains_lakes,https://www.airbnb.com/rooms/21427070,https://a0.muscache.com/im/pictures/83b0975e-6e0d-451f-967a-913d89edcceb.jpg,21427070,2086667,39.49976,-106.15608,=AVERAGE($G$2:$G$501),=AVERAGE($D$2:$D$501),"=IFERROR(($AT356-G356)/$AT356,0)","=IFERROR(($AU356-D356)/$AU356,0)",=$AU356-D356
Bridge End 1 Bedroom + Loft  Condo #404,RedAwning,,40758,55437,384.51,53.27,298,1,2,7,false,false,false,true,true,false,false,Home/Apartment,Condominium (condo),Apt/Condo/Loft,0,0,1,21+,Luxury,false,135,true,106,18,2026-05-17,Frisco/Silverthorne,Frisco,Frisco,Colorado,80443,United States,mountains_lakes,https://www.airbnb.com/rooms/614291581344460655,https://a0.muscache.com/im/pictures/prohost-api/Hosting-614291581344460655/original/fdae8262-78ff-4119-ac21-e8fb9cb04b1a.jpeg,614291581344460655,9695286ha,39.5022,-106.151,=AVERAGE($G$2:$G$501),=AVERAGE($D$2:$D$501),"=IFERROR(($AT357-G357)/$AT357,0)","=IFERROR(($AU357-D357)/$AU357,0)",=$AU357-D357
New! Spruce Lodge 1 Bedroom Condo #398,RedAwning,,40608,41549,615.27,61.68,117,1,1,6,false,false,false,true,false,false,false,Home/Apartment,Condominium (condo),Apt/Condo/Loft,0,0,1,21+,Luxury,false,133,false,66,12,2026-05-17,Frisco/Silverthorne,Frisco,Frisco,Colorado,80443,United States,mountains_lakes,https://www.airbnb.com/rooms/1593447597841085364,https://a0.muscache.com/im/pictures/prohost-api/Hosting-1593447597841085364/original/13c0b520-5620-4ec2-9e32-1e5a95dd499e.jpeg,1593447597841085364,20238007ha,39.5022,-106.151,=AVERAGE($G$2:$G$501),=AVERAGE($D$2:$D$501),"=IFERROR(($AT358-G358)/$AT358,0)","=IFERROR(($AU358-D358)/$AU358,0)",=$AU358-D358
Passage Point 1 Bedroom Condo #201,RedAwning,,40591,44613,483.23,34.85,325,1,1,4,false,false,false,true,true,false,false,Home/Apartment,Condominium (condo),Apt/Condo/Loft,5,1,1,21+,Luxury,false,134,true,84,25,2026-05-13,Frisco/Silverthorne,Frisco,Frisco,Colorado,80443,United States,mountains_lakes,https://www.airbnb.com/rooms/639216969391457395,https://a0.muscache.com/im/pictures/prohost-api/Hosting-639216969391457395/original/0f6138c0-384f-4ab7-bfd4-99dc38b449da.jpeg,639216969391457395,9695417ha,39.5021,-106.151,=AVERAGE($G$2:$G$501),=AVERAGE($D$2:$D$501),"=IFERROR(($AT359-G359)/$AT359,0)","=IFERROR(($AU359-D359)/$AU359,0)",=$AU359-D359
Ski in/out - Sunsets in Copper Mountain CO,208481751,,40515,64002,512.85,50.32,287,2,2,6,false,false,false,true,true,false,false,Home/Apartment,Condominium (condo),Apt/Condo/Loft,5,104,2,2-5,Luxury,true,225,false,79,19,2026-05-16,Frisco/Silverthorne,Frisco,Frisco,Colorado,80443,United States,mountains_lakes,https://www.airbnb.com/rooms/45563840,https://a0.muscache.com/im/pictures/miso/Hosting-45563840/original/8d2bf8bb-32ea-4487-becc-36a5edc7e52e.jpeg,45563840,2073105,39.49908,-106.14669,=AVERAGE($G$2:$G$501),=AVERAGE($D$2:$D$501),"=IFERROR(($AT360-G360)/$AT360,0)","=IFERROR(($AU360-D360)/$AU360,0)",=$AU360-D360
"Summit House Short Walk to Skiing, Covered Parking",Rocky Mountain Resort Management,,40497,51151,426.28,46.34,249,2,2,8,false,true,false,true,true,false,true,Home/Apartment,Condominium (condo),Apt/Condo/Loft,4.45,47,2,21+,Luxury,false,279,true,95,18,2026-05-13,Frisco/Silverthorne,Frisco,Frisco,Colorado,80443,United States,mountains_lakes,https://www.airbnb.com/rooms/1969974,https://a0.muscache.com/im/pictures/prohost-api/Hosting-1969974/original/d8a9cdff-1737-448f-bb04-6d8bfce6c83f.jpeg,1969974,3861892ha,39.5005,-106.1525,=AVERAGE($G$2:$G$501),=AVERAGE($D$2:$D$501),"=IFERROR(($AT361-G361)/$AT361,0)","=IFERROR(($AU361-D361)/$AU361,0)",=$AU361-D361
"PP311 - 1 Bed + Den, Center Village Condo",Bighorn Rentals of Summit County,,40473,53639,505.91,62.99,160,2,2,6,false,true,true,true,true,false,false,Home/Apartment,Condominium (condo),Apt/Condo/Loft,4.5,40,5,21+,Luxury,true,231,true,80,19,2026-05-16,Frisco/Silverthorne,Frisco,Frisco,Colorado,80443,United States,mountains_lakes,https://www.airbnb.com/rooms/22772320,https://a0.muscache.com/im/pictures/prohost-api/Hosting-22772320/original/ca795b90-c4e0-4b2f-a9d8-ebff22aeb8fa.jpeg,22772320,920651,39.5016,-106.1576,=AVERAGE($G$2:$G$501),=AVERAGE($D$2:$D$501),"=IFERROR(($AT362-G362)/$AT362,0)","=IFERROR(($AU362-D362)/$AU362,0)",=$AU362-D362
Location! location! location! Steps from the Eagle chair lift.,,,40424,48193,721.86,46.28,273,2,2,8,false,true,true,true,true,false,false,Home/Apartment,Condominium (condo),Apt/Condo/Loft,5,6,5,1,Luxury,false,240,true,56,10,2026-05-17,Frisco/Silverthorne,Frisco,Frisco,Colorado,80443,United States,mountains_lakes,https://www.vrbo.com/4495987,https://media.vrbo.com/lodging/115000000/114220000/114219500/114219462/11c7cf6b.jpg?impolicy=resizecrop&rw=1200&ra=fit,,4495987,39.50014,-106.15638,=AVERAGE($G$2:$G$501),=AVERAGE($D$2:$D$501),"=IFERROR(($AT363-G363)/$AT363,0)","=IFERROR(($AU363-D363)/$AU363,0)",=$AU363-D363
Mountain Plaza 310,Copper Vacations,,40240,41885,515.9,46.71,258,1,2,4,false,false,true,true,true,false,false,Home/Apartment,Condominium (condo),Apt/Condo/Loft,4.8,5,2,21+,Luxury,true,277,true,78,17,2026-05-16,Frisco/Silverthorne,Frisco,Frisco,Colorado,80443,United States,mountains_lakes,https://www.airbnb.com/rooms/1295790544750832944,https://a0.muscache.com/im/pictures/prohost-api/Hosting-1295790544750832944/original/057b298e-73b5-4eb2-8956-874833b6ed42.jpeg,1295790544750832944,20052930ha,39.5009,-106.1549,=AVERAGE($G$2:$G$501),=AVERAGE($D$2:$D$501),"=IFERROR(($AT364-G364)/$AT364,0)","=IFERROR(($AU364-D364)/$AU364,0)",=$AU364-D364
Gorgeous top floor 2 bdrm/2 bath in Center Village,188416044,,39744,51908,516.16,47.53,183,2,2,6,false,true,false,true,true,false,false,Home/Apartment,Condominium (condo),Apt/Condo/Loft,4.9,110,3,2-5,Luxury,false,150,false,77,14,2026-05-15,Frisco/Silverthorne,Frisco,Frisco,Colorado,80443,United States,mountains_lakes,https://www.airbnb.com/rooms/40506072,https://a0.muscache.com/im/pictures/6ee5274c-8b70-4a64-8ffc-6adedf98d134.jpg,40506072,2137063,39.50049,-106.15538,=AVERAGE($G$2:$G$501),=AVERAGE($D$2:$D$501),"=IFERROR(($AT365-G365)/$AT365,0)","=IFERROR(($AU365-D365)/$AU365,0)",=$AU365-D365
Tucker Mountain 2 Bedroom Condo #311,RedAwning,,39714,64994,620.53,35.16,279,2,2,8,false,false,false,true,true,false,false,Home/Apartment,Condominium (condo),Apt/Condo/Loft,0,0,1,21+,Luxury,false,167,true,64,18,2026-05-17,Frisco/Silverthorne,Frisco,Frisco,Colorado,80443,United States,mountains_lakes,https://www.airbnb.com/rooms/639250326354399188,https://a0.muscache.com/im/pictures/prohost-api/Hosting-639250326354399188/original/68366acb-aaf4-4680-a87a-e8d2ad6e88ab.jpeg,639250326354399188,9695210ha,39.5022,-106.151,=AVERAGE($G$2:$G$501),=AVERAGE($D$2:$D$501),"=IFERROR(($AT366-G366)/$AT366,0)","=IFERROR(($AU366-D366)/$AU366,0)",=$AU366-D366
Taylor&#39;s Crossing 1 Bedroom Condo #402,RedAwning,,39631,45579,600.47,36.07,314,1,1,4,false,false,false,true,true,false,false,Home/Apartment,Condominium (condo),Apt/Condo/Loft,0,0,1,21+,Luxury,false,135,true,66,17,2026-05-13,Frisco/Silverthorne,Frisco,Frisco,Colorado,80443,United States,mountains_lakes,https://www.airbnb.com/rooms/639245527807962050,https://a0.muscache.com/im/pictures/prohost-api/Hosting-639245527807962050/original/5df08bbc-91be-4146-8c7f-4dd81e03e7ff.jpeg,639245527807962050,9696258ha,39.5012,-106.1563,=AVERAGE($G$2:$G$501),=AVERAGE($D$2:$D$501),"=IFERROR(($AT367-G367)/$AT367,0)","=IFERROR(($AU367-D367)/$AU367,0)",=$AU367-D367
Passage Point 1 Bedroom Condo #523,RedAwning,,39605,43695,408.3,39.11,319,1,1,4,false,false,false,true,true,false,false,Home/Apartment,Condominium (condo),Apt/Condo/Loft,0,0,1,21+,Luxury,false,135,true,97,22,2026-05-11,Frisco/Silverthorne,Frisco,Frisco,Colorado,80443,United States,mountains_lakes,https://www.airbnb.com/rooms/639251882100831062,https://a0.muscache.com/im/pictures/prohost-api/Hosting-639251882100831062/original/136416a6-111f-4c58-9207-dabb1a2d7b2c.jpeg,639251882100831062,9695337ha,39.5022,-106.151,=AVERAGE($G$2:$G$501),=AVERAGE($D$2:$D$501),"=IFERROR(($AT368-G368)/$AT368,0)","=IFERROR(($AU368-D368)/$AU368,0)",=$AU368-D368
Best loft ever! Unreal ski in/out and brand new,9815724,,39204,39745,388.16,49.27,287,,2,4,false,false,false,true,true,false,false,Home/Apartment,Condominium (condo),Apt/Condo/Loft,4.9,168,1,2-5,Luxury,true,119,false,101,32,2026-05-13,Frisco/Silverthorne,Frisco,Frisco,Colorado,80443,United States,mountains_lakes,https://www.airbnb.com/rooms/31224269,https://a0.muscache.com/im/pictures/91f83ad0-45e7-46fe-8913-12487c9cbdb4.jpg,31224269,,39.5006,-106.15524,=AVERAGE($G$2:$G$501),=AVERAGE($D$2:$D$501),"=IFERROR(($AT369-G369)/$AT369,0)","=IFERROR(($AU369-D369)/$AU369,0)",=$AU369-D369
Mill Club 2 Bedroom Condo #209,RedAwning,,38943,72669,548.49,39.44,274,2,2,6,false,false,false,true,true,false,false,Home/Apartment,Condominium (condo),Apt/Condo/Loft,0,0,1,21+,Luxury,false,167,true,71,17,2026-05-13,Frisco/Silverthorne,Frisco,Frisco,Colorado,80443,United States,mountains_lakes,https://www.airbnb.com/rooms/639225641868511813,https://a0.muscache.com/im/pictures/prohost-api/Hosting-639225641868511813/original/c6d432de-9d60-4ccc-8516-7f467315763a.jpeg,639225641868511813,9695346ha,39.5022,-106.151,=AVERAGE($G$2:$G$501),=AVERAGE($D$2:$D$501),"=IFERROR(($AT370-G370)/$AT370,0)","=IFERROR(($AU370-D370)/$AU370,0)",=$AU370-D370
Passage Point 313 - 2 Bedroom condo,Copper Vacations,,38940,49290,734.72,34.19,335,2,2,4,false,false,true,true,true,false,false,Home/Apartment,Condominium (condo),Apt/Condo/Loft,4.75,9,2,21+,Luxury,true,306,true,53,13,2026-05-17,Frisco/Silverthorne,Frisco,Frisco,Colorado,80443,United States,mountains_lakes,https://www.airbnb.com/rooms/652169002004703711,https://a0.muscache.com/im/pictures/prohost-api/Hosting-652169002004703711/original/ba257597-d53a-423c-8bd0-f0184cd433bf.jpeg,652169002004703711,9698910ha,39.50129,-106.15825,=AVERAGE($G$2:$G$501),=AVERAGE($D$2:$D$501),"=IFERROR(($AT371-G371)/$AT371,0)","=IFERROR(($AU371-D371)/$AU371,0)",=$AU371-D371
Charming 1BR Mountainview | Hot Tub | Fireplace,Vacasa,,38791,54636,291.66,43.61,307,1,2,6,false,true,false,true,true,false,false,Home/Apartment,Townhouse,Apt/Condo/Loft,4.55,19,1,21+,Luxury,false,178,true,133,58,2026-05-11,Frisco/Silverthorne,Frisco,Frisco,Colorado,80443,United States,mountains_lakes,https://www.airbnb.com/rooms/34478226,https://a0.muscache.com/im/pictures/prohost-api/Hosting-34478226/original/f06ad027-371e-4c85-b241-b12b61bd91f0.jpeg,34478226,1641758,39.50087,-106.15364,=AVERAGE($G$2:$G$501),=AVERAGE($D$2:$D$501),"=IFERROR(($AT372-G372)/$AT372,0)","=IFERROR(($AU372-D372)/$AU372,0)",=$AU372-D372
Economically Priced  1 Bedroom  -,Summit Mountain Rentals,,38768,42570,219.03,54.63,335,1,2,6,false,false,false,false,true,false,false,Home/Apartment,Vacation home,House/villa,4.8,92,2,21+,Luxury,false,1,true,177,31,2017-10-17,Frisco/Silverthorne,Frisco,Frisco,Colorado,80443,United States,mountains_lakes,https://www.airbnb.com/rooms/20480222,https://a0.muscache.com/im/pictures/c4e37fac-24fe-4220-aca8-bf9164e6d303.jpg?aki_policy=x_large,20480222,717308,39.5684343937,-106.0955376274,=AVERAGE($G$2:$G$501),=AVERAGE($D$2:$D$501),"=IFERROR(($AT373-G373)/$AT373,0)","=IFERROR(($AU373-D373)/$AU373,0)",=$AU373-D373
Cirque 3 Bedroom Condo #211,RedAwning,,38735,61744,595.92,46.76,207,3,3,8,false,false,true,true,true,false,true,Home/Apartment,Condominium (condo),Apt/Condo/Loft,0,0,1,21+,Luxury,false,196,true,65,13,2026-05-16,Frisco/Silverthorne,Frisco,Frisco,Colorado,80443,United States,mountains_lakes,https://www.airbnb.com/rooms/639254877855765834,https://a0.muscache.com/im/pictures/prohost-api/Hosting-639254877855765834/original/737add38-ba09-4866-82b2-7b8b6068fcd8.jpeg,639254877855765834,9696175ha,39.5022,-106.151,=AVERAGE($G$2:$G$501),=AVERAGE($D$2:$D$501),"=IFERROR(($AT374-G374)/$AT374,0)","=IFERROR(($AU374-D374)/$AU374,0)",=$AU374-D374
Copper Valley 1 Bedroom + Loft  Condo #208,RedAwning,,38681,43537,364.92,43.27,327,1,1,8,false,false,false,true,true,false,false,Home/Apartment,Condominium (condo),Apt/Condo/Loft,0,0,1,21+,Luxury,false,135,true,106,22,2026-05-16,Frisco/Silverthorne,Frisco,Frisco,Colorado,80443,United States,mountains_lakes,https://www.airbnb.com/rooms/614272457854620547,https://a0.muscache.com/im/pictures/prohost-api/Hosting-614272457854620547/original/da8b4eed-4d05-4694-89ad-b356f752deb0.jpeg,614272457854620547,9695091ha,39.5022,-106.151,=AVERAGE($G$2:$G$501),=AVERAGE($D$2:$D$501),"=IFERROR(($AT375-G375)/$AT375,0)","=IFERROR(($AU375-D375)/$AU375,0)",=$AU375-D375
"Outstanding Location, Hot tub, Over looking Creek",SkyRun Vacation Rentals,,38393,48925,673.56,56.44,309,2,2,6,false,true,true,true,true,false,false,Home/Apartment,Condominium (condo),Apt/Condo/Loft,4.75,10,3,21+,Luxury,true,288,true,57,14,2026-05-13,Frisco/Silverthorne,Frisco,Frisco,Colorado,80443,United States,mountains_lakes,https://www.airbnb.com/rooms/1014476437785223150,https://a0.muscache.com/im/pictures/prohost-api/Hosting-1014476437785223150/original/bd78b0ed-d3e9-4f1b-ae65-b78b594f240b.jpeg,1014476437785223150,3689615,39.5015,-106.1547,=AVERAGE($G$2:$G$501),=AVERAGE($D$2:$D$501),"=IFERROR(($AT376-G376)/$AT376,0)","=IFERROR(($AU376-D376)/$AU376,0)",=$AU376-D376
Copper Springs 2 Bedroom Condo #322,RedAwning,,38387,56401,673.46,32.76,288,2,2,6,false,false,false,true,true,false,false,Home/Apartment,Condominium (condo),Apt/Condo/Loft,0,0,1,21+,Luxury,false,167,true,57,12,2026-05-13,Frisco/Silverthorne,Frisco,Frisco,Colorado,80443,United States,mountains_lakes,https://www.airbnb.com/rooms/639240918922482783,https://a0.muscache.com/im/pictures/prohost-api/Hosting-639240918922482783/original/434c46f9-07c8-435f-bb72-24be4a9b1e56.jpeg,639240918922482783,9695252ha,39.5022,-106.151,=AVERAGE($G$2:$G$501),=AVERAGE($D$2:$D$501),"=IFERROR(($AT377-G377)/$AT377,0)","=IFERROR(($AU377-D377)/$AU377,0)",=$AU377-D377
Copper One 2 Bedroom Condo #304,RedAwning,,38340,60934,958.5,70.18,79,2,2,6,false,false,false,true,true,false,false,Home/Apartment,Condominium (condo),Apt/Condo/Loft,0,0,1,21+,Luxury,false,166,true,40,12,2026-05-13,Frisco/Silverthorne,Frisco,Frisco,Colorado,80443,United States,mountains_lakes,https://www.airbnb.com/rooms/639241671937166092,https://a0.muscache.com/im/pictures/prohost-api/Hosting-639241671937166092/original/32b115ab-14fc-43dc-a05e-314c7b9c0a6e.jpeg,639241671937166092,9695249ha,39.5022,-106.151,=AVERAGE($G$2:$G$501),=AVERAGE($D$2:$D$501),"=IFERROR(($AT378-G378)/$AT378,0)","=IFERROR(($AU378-D378)/$AU378,0)",=$AU378-D378
Passage Point 1 Bedroom Condo #307,RedAwning,,38183,52430,410.57,44.5,285,1,1,4,false,false,false,true,true,false,false,Home/Apartment,Condominium (condo),Apt/Condo/Loft,0,0,1,21+,Luxury,false,133,true,93,27,2026-05-13,Frisco/Silverthorne,Frisco,Frisco,Colorado,80443,United States,mountains_lakes,https://www.airbnb.com/rooms/639244752807955125,https://a0.muscache.com/im/pictures/prohost-api/Hosting-639244752807955125/original/7e819ef0-70a7-4f1e-ab1c-2d29eb6465d5.jpeg,639244752807955125,9695230ha,39.5022,-106.151,=AVERAGE($G$2:$G$501),=AVERAGE($D$2:$D$501),"=IFERROR(($AT379-G379)/$AT379,0)","=IFERROR(($AU379-D379)/$AU379,0)",=$AU379-D379
Lakepointe 807B | 3BR / 2BA,Colorado Rocky Mountain Resorts,,38082,237254,2004.32,100,81,3,2,9,false,false,false,true,true,false,false,Home/Apartment,Townhouse,Apt/Condo/Loft,4.25,11,2,21+,Luxury,false,302,true,19,2,2025-11-03,Frisco/Silverthorne,Frisco,Frisco,Colorado,80443,United States,mountains_lakes,https://www.airbnb.com/rooms/21136778,https://a0.muscache.com/im/pictures/prohost-api/Hosting-21136778/original/fda568bb-eb3c-4bd6-9927-51135ccc3447.jpeg,21136778,1182991,39.589515,-106.092247,=AVERAGE($G$2:$G$501),=AVERAGE($D$2:$D$501),"=IFERROR(($AT380-G380)/$AT380,0)","=IFERROR(($AU380-D380)/$AU380,0)",=$AU380-D380
"Lakeside retreat, stunning views, 3700SF",196373371,,37715,43031,1142.88,23.74,350,4,4,12,false,false,true,true,true,false,false,Home/Apartment,House,House/villa,4.95,38,2,2-5,Luxury,false,351,false,33,9,2026-05-13,Frisco/Silverthorne,Frisco,Frisco,Colorado,80443,United States,mountains_lakes,https://www.airbnb.com/rooms/37176127,https://a0.muscache.com/im/pictures/hosting/Hosting-37176127/original/7dcf58b4-6288-4fad-9c34-f92715a466fb.jpeg,37176127,,39.5908,-106.0913,=AVERAGE($G$2:$G$501),=AVERAGE($D$2:$D$501),"=IFERROR(($AT381-G381)/$AT381,0)","=IFERROR(($AU381-D381)/$AU381,0)",=$AU381-D381
Passage Point 2 Bedroom Condo #402,RedAwning,,37663,59845,784.65,29.81,270,2,2,8,false,false,false,true,true,false,false,Home/Apartment,Condominium (condo),Apt/Condo/Loft,5,1,1,21+,Luxury,false,165,true,48,16,2026-05-13,Frisco/Silverthorne,Frisco,Frisco,Colorado,80443,United States,mountains_lakes,https://www.airbnb.com/rooms/614286191801154925,https://a0.muscache.com/im/pictures/prohost-api/Hosting-614286191801154925/original/3457767c-c325-4695-884d-9663a40f1011.jpeg,614286191801154925,9695335ha,39.5021,-106.151,=AVERAGE($G$2:$G$501),=AVERAGE($D$2:$D$501),"=IFERROR(($AT382-G382)/$AT382,0)","=IFERROR(($AU382-D382)/$AU382,0)",=$AU382-D382
Telemark Studio  #205,RedAwning,,37604,73981,529.63,46.41,191,,1,6,false,false,true,true,false,false,false,Home/Apartment,Condominium (condo),Apt/Condo/Loft,0,0,1,21+,Luxury,false,103,true,71,23,2026-04-02,Frisco/Silverthorne,Frisco,Frisco,Colorado,80443,United States,mountains_lakes,https://www.airbnb.com/rooms/1212939191985624517,https://a0.muscache.com/im/pictures/prohost-api/Hosting-1212939191985624517/original/d8040753-2c0d-43b5-b887-06bf43a0ee86.jpeg,1212939191985624517,9990785ha,39.5022,-106.151,=AVERAGE($G$2:$G$501),=AVERAGE($D$2:$D$501),"=IFERROR(($AT383-G383)/$AT383,0)","=IFERROR(($AU383-D383)/$AU383,0)",=$AU383-D383
Steps from Lift - Premium 2 bed and 2 bath condo in Mill Club,,,36823,51924,708.13,36.36,335,2,2,6,false,true,true,true,true,false,false,Home/Apartment,Condominium (condo),Apt/Condo/Loft,5,52,4,1,Luxury,false,200,true,52,12,2026-05-14,Frisco/Silverthorne,Frisco,Frisco,Colorado,80443,United States,mountains_lakes,https://www.vrbo.com/1418582,https://media.vrbo.com/lodging/38000000/37630000/37621800/37621722/1d706274.jpg?impolicy=resizecrop&rw=1200&ra=fit,,1418582,39.500683,-106.15621,=AVERAGE($G$2:$G$501),=AVERAGE($D$2:$D$501),"=IFERROR(($AT384-G384)/$AT384,0)","=IFERROR(($AU384-D384)/$AU384,0)",=$AU384-D384
Union Creek 3 Bedroom Townhome #124b,RedAwning,,36237,75101,1249.55,25.22,294,3,2,8,false,false,true,true,true,false,false,Home/Apartment,Townhouse,Apt/Condo/Loft,0,0,1,21+,Luxury,false,196,true,29,7,2026-05-13,Frisco/Silverthorne,Frisco,Frisco,Colorado,80443,United States,mountains_lakes,https://www.airbnb.com/rooms/639260731577597315,https://a0.muscache.com/im/pictures/prohost-api/Hosting-639260731577597315/original/79ee8294-dead-452a-a985-5be18fd5cd9b.jpeg,639260731577597315,9696158ha,39.5022,-106.151,=AVERAGE($G$2:$G$501),=AVERAGE($D$2:$D$501),"=IFERROR(($AT385-G385)/$AT385,0)","=IFERROR(($AU385-D385)/$AU385,0)",=$AU385-D385
"Beautiful Ski in/out Condo, Great Location! CM244",SkyRun Vacation Rentals,,36162,49183,583.26,37.58,317,1,2,8,false,false,false,true,true,false,false,Home/Apartment,Condominium (condo),Apt/Condo/Loft,4.7,45,3,21+,Luxury,true,267,true,62,15,2026-05-16,Frisco/Silverthorne,Frisco,Frisco,Colorado,80443,United States,mountains_lakes,https://www.airbnb.com/rooms/16313050,https://a0.muscache.com/im/pictures/prohost-api/Hosting-16313050/original/44834eb5-95a5-48ca-a662-b8949eb5d2ff.jpeg,16313050,776162,39.4996,-106.154,=AVERAGE($G$2:$G$501),=AVERAGE($D$2:$D$501),"=IFERROR(($AT386-G386)/$AT386,0)","=IFERROR(($AU386-D386)/$AU386,0)",=$AU386-D386
"True ski in/ski out, main village, spacious condo",175564782,,36132,40423,582.77,33.51,343,1,1,6,false,false,false,true,true,false,false,Home/Apartment,Condominium (condo),Apt/Condo/Loft,4.95,89,3,1,Luxury,false,176,false,62,16,2026-05-16,Frisco/Silverthorne,Frisco,Frisco,Colorado,80443,United States,mountains_lakes,https://www.airbnb.com/rooms/53298368,https://a0.muscache.com/im/pictures/miso/Hosting-53298368/original/74509a86-2f48-41a4-a31e-5b893fdc32d6.jpeg,53298368,114366,39.49934,-106.15478,=AVERAGE($G$2:$G$501),=AVERAGE($D$2:$D$501),"=IFERROR(($AT387-G387)/$AT387,0)","=IFERROR(($AU387-D387)/$AU387,0)",=$AU387-D387
Gold 2br/2ba ski in/out! Views! Sleeps 8. 6 beds!,13205530,,36057,37387,643.88,27.86,360,2,2,8,false,true,false,true,true,false,true,Home/Apartment,Condominium (condo),Apt/Condo/Loft,4.95,99,2,2-5,Luxury,false,160,false,56,16,2026-05-16,Frisco/Silverthorne,Frisco,Frisco,Colorado,80443,United States,mountains_lakes,https://www.airbnb.com/rooms/6865108,https://a0.muscache.com/im/pictures/517fedad-c3a2-445c-82ff-964387785985.jpg,6865108,685250,39.5011,-106.1447,=AVERAGE($G$2:$G$501),=AVERAGE($D$2:$D$501),"=IFERROR(($AT388-G388)/$AT388,0)","=IFERROR(($AU388-D388)/$AU388,0)",=$AU388-D388
Taylors Crossing 411 - 2 bedroom condo,Copper Vacations,,35903,51974,677.42,38.97,305,2,2,6,false,true,false,true,true,false,false,Home/Apartment,Condominium (condo),Apt/Condo/Loft,4.65,44,2,21+,Luxury,true,1062,true,53,13,2026-05-13,Frisco/Silverthorne,Frisco,Frisco,Colorado,80443,United States,mountains_lakes,https://www.airbnb.com/rooms/20521832,https://a0.muscache.com/im/pictures/prohost-api/Hosting-20521832/original/8f484729-31c2-4726-969c-c62426ff1b22.jpeg,20521832,3654523ha,39.50009,-106.15749,=AVERAGE($G$2:$G$501),=AVERAGE($D$2:$D$501),"=IFERROR(($AT389-G389)/$AT389,0)","=IFERROR(($AU389-D389)/$AU389,0)",=$AU389-D389
Foxpine Studio  #112,RedAwning,,35888,39872,345.08,45.02,321,,1,4,false,false,true,false,true,false,false,Home/Apartment,Condominium (condo),Apt/Condo/Loft,0,0,1,21+,Luxury,false,104,true,104,27,2026-05-16,Frisco/Silverthorne,Frisco,Frisco,Colorado,80443,United States,mountains_lakes,https://www.airbnb.com/rooms/639217658628972182,https://a0.muscache.com/im/pictures/prohost-api/Hosting-639217658628972182/original/f28f0c9d-6518-40d5-a0fc-336207f0a8bb.jpeg,639217658628972182,9695409ha,39.4998,-106.1472,=AVERAGE($G$2:$G$501),=AVERAGE($D$2:$D$501),"=IFERROR(($AT390-G390)/$AT390,0)","=IFERROR(($AU390-D390)/$AU390,0)",=$AU390-D390
Copper One 2 Bedroom Condo #211/211a,RedAwning,,35873,62134,512.47,43.48,230,2,2,8,false,false,false,true,true,false,false,Home/Apartment,Condominium (condo),Apt/Condo/Loft,0,0,1,21+,Luxury,false,166,true,70,22,2026-05-16,Frisco/Silverthorne,Frisco,Frisco,Colorado,80443,United States,mountains_lakes,https://www.airbnb.com/rooms/639272469520918558,https://a0.muscache.com/im/pictures/prohost-api/Hosting-639272469520918558/original/843fa936-444d-4119-80fb-20c7ac65df87.jpeg,639272469520918558,9695412ha,39.5022,-106.151,=AVERAGE($G$2:$G$501),=AVERAGE($D$2:$D$501),"=IFERROR(($AT391-G391)/$AT391,0)","=IFERROR(($AU391-D391)/$AU391,0)",=$AU391-D391
Center Village Ski In/Out Perfectly decorated and,Rocky Mountain Resort Management,,35832,39001,298.6,53.33,341,1,2,6,false,true,false,true,true,true,false,Home/Apartment,Condominium (condo),Apt/Condo/Loft,3.85,74,2,21+,Luxury,false,258,true,120,25,2026-05-13,Frisco/Silverthorne,Frisco,Frisco,Colorado,80443,United States,mountains_lakes,https://www.airbnb.com/rooms/1835269,https://a0.muscache.com/im/pictures/prohost-api/Hosting-1835269/original/fea4d247-e20e-4bd9-bb51-2a086c8f1e1c.jpeg,1835269,3861864ha,39.5007,-106.1551,=AVERAGE($G$2:$G$501),=AVERAGE($D$2:$D$501),"=IFERROR(($AT392-G392)/$AT392,0)","=IFERROR(($AU392-D392)/$AU392,0)",=$AU392-D392
Center Village  Pet  Friendly 444/446,Skis and Seas Vacation Rentals,,35614,36248,352.61,37.69,357,1,2,7,false,false,true,false,true,true,false,Home/Apartment,Condominium (condo),Apt/Condo/Loft,4.8,5,2,21+,Luxury,true,258,true,101,28,2026-05-13,Frisco/Silverthorne,Frisco,Frisco,Colorado,80443,United States,mountains_lakes,https://www.airbnb.com/rooms/898060721691275849,https://a0.muscache.com/im/pictures/prohost-api/Hosting-898060721691275849/original/bc01f0b0-1c35-4ac6-be20-5d9f8cc6b495.jpeg,898060721691275849,3416659,39.5011,-106.1546,=AVERAGE($G$2:$G$501),=AVERAGE($D$2:$D$501),"=IFERROR(($AT393-G393)/$AT393,0)","=IFERROR(($AU393-D393)/$AU393,0)",=$AU393-D393
Tucker Mountain Studio  #212,RedAwning,,35525,49148,444.06,42.78,311,,1,4,false,false,false,true,true,false,false,Home/Apartment,Condominium (condo),Apt/Condo/Loft,0,0,1,21+,Luxury,false,104,true,80,18,2026-05-17,Frisco/Silverthorne,Frisco,Frisco,Colorado,80443,United States,mountains_lakes,https://www.airbnb.com/rooms/639246662437520006,https://a0.muscache.com/im/pictures/prohost-api/Hosting-639246662437520006/original/cc1e73bd-8f9f-47f6-8a49-601209373835.jpeg,639246662437520006,9695220ha,39.5022,-106.151,=AVERAGE($G$2:$G$501),=AVERAGE($D$2:$D$501),"=IFERROR(($AT394-G394)/$AT394,0)","=IFERROR(($AU394-D394)/$AU394,0)",=$AU394-D394
"Spacious, Mountain Chic, Close to Ski Lift, 1 BR",SkyRun Vacation Rentals,,35398,40422,397.73,35.89,343,1,1,4,false,true,true,true,true,false,false,Home/Apartment,Condominium (condo),Apt/Condo/Loft,4.9,42,3,21+,Luxury,true,248,true,89,26,2026-05-13,Frisco/Silverthorne,Frisco,Frisco,Colorado,80443,United States,mountains_lakes,https://www.airbnb.com/rooms/45902251,https://a0.muscache.com/im/pictures/prohost-api/Hosting-45902251/original/b0ccac6e-d93d-4c1a-a521-73129db58def.jpeg,45902251,2535554,39.5006,-106.1576,=AVERAGE($G$2:$G$501),=AVERAGE($D$2:$D$501),"=IFERROR(($AT395-G395)/$AT395,0)","=IFERROR(($AU395-D395)/$AU395,0)",=$AU395-D395
Cirque 2 Bedroom Condo #212,RedAwning,,35253,50624,652.83,37.5,197,2,2,6,false,false,true,true,true,false,true,Home/Apartment,Condominium (condo),Apt/Condo/Loft,0,0,1,21+,Luxury,false,170,true,54,14,2026-05-13,Frisco/Silverthorne,Frisco,Frisco,Colorado,80443,United States,mountains_lakes,https://www.airbnb.com/rooms/639251358036573636,https://a0.muscache.com/im/pictures/prohost-api/Hosting-639251358036573636/original/18872635-9a9a-489c-a3a9-4ff00b589b88.jpeg,639251358036573636,9696191ha,39.5022,-106.151,=AVERAGE($G$2:$G$501),=AVERAGE($D$2:$D$501),"=IFERROR(($AT396-G396)/$AT396,0)","=IFERROR(($AU396-D396)/$AU396,0)",=$AU396-D396
"Huge 1,600 Sq Ft Condo -- One of the Largest in Copper!",,,35235,45080,859.39,51.25,222,3,3,12,false,false,true,true,true,false,false,Home/Apartment,Condominium (condo),Apt/Condo/Loft,4.4,69,3,1,Luxury,false,225,true,41,11,2026-04-03,Frisco/Silverthorne,Frisco,Frisco,Colorado,80443,United States,mountains_lakes,https://www.vrbo.com/334870ha,https://media.vrbo.com/lodging/34000000/33570000/33560600/33560534/47dd748b.jpg?impolicy=resizecrop&rw=1200&ra=fit,,334870ha,39.50081,-106.14512,=AVERAGE($G$2:$G$501),=AVERAGE($D$2:$D$501),"=IFERROR(($AT397-G397)/$AT397,0)","=IFERROR(($AU397-D397)/$AU397,0)",=$AU397-D397
Taylors Crossing 302 - 1 bedroom condo,Copper Vacations,,34984,36036,466.45,35.21,345,1,1,4,false,true,false,true,true,false,false,Home/Apartment,Condominium (condo),Apt/Condo/Loft,4.7,62,2,21+,Luxury,true,373,true,75,20,2026-05-13,Frisco/Silverthorne,Frisco,Frisco,Colorado,80443,United States,mountains_lakes,https://www.airbnb.com/rooms/43957517,https://a0.muscache.com/im/pictures/prohost-api/Hosting-43957517/original/88ec4c41-2944-4ce9-a0c7-04ab8c569c02.jpeg,43957517,4522508ha,39.50044,-106.1571,=AVERAGE($G$2:$G$501),=AVERAGE($D$2:$D$501),"=IFERROR(($AT398-G398)/$AT398,0)","=IFERROR(($AU398-D398)/$AU398,0)",=$AU398-D398
MTN View | Close to Lifts | Heated Pool | Copper,Effortless Rental Group,,34962,50451,613.37,33.53,192,2,2,7,false,false,false,true,true,false,true,Home/Apartment,Condominium (condo),Apt/Condo/Loft,4.8,50,2,21+,Luxury,true,393,true,57,17,2026-05-16,Frisco/Silverthorne,Frisco,Frisco,Colorado,80443,United States,mountains_lakes,https://www.airbnb.com/rooms/52301189,https://a0.muscache.com/im/pictures/prohost-api/Hosting-52301189/original/87fa91c9-50b0-42f6-b4fd-bdef9e57dd96.jpeg,52301189,2495577,39.5004,-106.1513,=AVERAGE($G$2:$G$501),=AVERAGE($D$2:$D$501),"=IFERROR(($AT399-G399)/$AT399,0)","=IFERROR(($AU399-D399)/$AU399,0)",=$AU399-D399
Tucker Mountain 1 Bedroom Condo #327,RedAwning,,34772,46686,503.94,29.87,303,1,1,4,false,false,false,true,true,false,false,Home/Apartment,Condominium (condo),Apt/Condo/Loft,0,0,1,21+,Luxury,false,134,true,69,20,2026-05-16,Frisco/Silverthorne,Frisco,Frisco,Colorado,80443,United States,mountains_lakes,https://www.airbnb.com/rooms/639259882007749487,https://a0.muscache.com/im/pictures/prohost-api/Hosting-639259882007749487/original/641732f6-342d-480d-8058-76655738902e.jpeg,639259882007749487,9695158ha,39.5022,-106.151,=AVERAGE($G$2:$G$501),=AVERAGE($D$2:$D$501),"=IFERROR(($AT400-G400)/$AT400,0)","=IFERROR(($AU400-D400)/$AU400,0)",=$AU400-D400
Taylors Crossing 412 - 1 bedroom condo,Copper Vacations,,34753,54037,476.07,32.88,228,1,1,4,false,true,false,true,true,false,false,Home/Apartment,Condominium (condo),Apt/Condo/Loft,4.7,71,2,21+,Luxury,true,279,true,73,19,2026-05-11,Frisco/Silverthorne,Frisco,Frisco,Colorado,80443,United States,mountains_lakes,https://www.airbnb.com/rooms/20521834,https://a0.muscache.com/im/pictures/prohost-api/Hosting-20521834/original/cb250b64-1eeb-4d72-a53a-6d30feb60f88.jpeg,20521834,4058915ha,39.50007,-106.15681,=AVERAGE($G$2:$G$501),=AVERAGE($D$2:$D$501),"=IFERROR(($AT401-G401)/$AT401,0)","=IFERROR(($AU401-D401)/$AU401,0)",=$AU401-D401
Passage Point 1 Bedroom Condo #401,RedAwning,,34692,39055,450.55,33.33,336,1,1,4,false,false,false,true,true,false,false,Home/Apartment,Condominium (condo),Apt/Condo/Loft,0,0,1,21+,Luxury,false,133,true,77,19,2026-05-16,Frisco/Silverthorne,Frisco,Frisco,Colorado,80443,United States,mountains_lakes,https://www.airbnb.com/rooms/639218399534789066,https://a0.muscache.com/im/pictures/prohost-api/Hosting-639218399534789066/original/0919ad9a-f111-4e40-9fed-bc9000cd6e61.jpeg,639218399534789066,9695404ha,39.5022,-106.151,=AVERAGE($G$2:$G$501),=AVERAGE($D$2:$D$501),"=IFERROR(($AT402-G402)/$AT402,0)","=IFERROR(($AU402-D402)/$AU402,0)",=$AU402-D402
Snowflake Lodge 209 - 1 bedroom + den condo,Copper Vacations,,34194,50802,393.03,33.72,312,1,2,6,false,false,false,true,true,false,false,Home/Apartment,Condominium (condo),Apt/Condo/Loft,4.45,18,2,21+,Luxury,true,306,true,87,20,2026-05-11,Frisco/Silverthorne,Frisco,Frisco,Colorado,80443,United States,mountains_lakes,https://www.airbnb.com/rooms/581177881112271420,https://a0.muscache.com/im/pictures/prohost-api/Hosting-581177881112271420/original/58be1fea-cdae-4c54-9d11-cbc569574b59.jpeg,581177881112271420,9667272ha,39.50097,-106.14649,=AVERAGE($G$2:$G$501),=AVERAGE($D$2:$D$501),"=IFERROR(($AT403-G403)/$AT403,0)","=IFERROR(($AU403-D403)/$AU403,0)",=$AU403-D403
Ten Mile Haus 1 Bedroom Condo #b8,RedAwning,,33824,38150,393.3,48.59,322,1,1,4,false,false,false,true,true,true,false,Home/Apartment,Condominium (condo),Apt/Condo/Loft,4.35,6,1,21+,Luxury,false,136,true,86,18,2026-05-13,Frisco/Silverthorne,Frisco,Frisco,Colorado,80443,United States,mountains_lakes,https://www.airbnb.com/rooms/639237660532978512,https://a0.muscache.com/im/pictures/prohost-api/Hosting-639237660532978512/original/eda0926e-7e27-41dd-9804-dcc35d93c50f.jpeg,639237660532978512,9695268ha,39.5021,-106.151,=AVERAGE($G$2:$G$501),=AVERAGE($D$2:$D$501),"=IFERROR(($AT404-G404)/$AT404,0)","=IFERROR(($AU404-D404)/$AU404,0)",=$AU404-D404
Village Square 353 - 1 bedroom condo,Copper Vacations,,33731,35024,396.84,44.74,299,1,1,6,false,true,true,true,true,false,false,Home/Apartment,Condominium (condo),Apt/Condo/Loft,4.45,41,2,21+,Luxury,true,626,true,85,16,2026-05-13,Frisco/Silverthorne,Frisco,Frisco,Colorado,80443,United States,mountains_lakes,https://www.airbnb.com/rooms/581177852344664595,https://a0.muscache.com/im/pictures/prohost-api/Hosting-581177852344664595/original/ec4ae4fa-51ae-464e-883d-dbfe2695ebac.jpeg,581177852344664595,9640420ha,39.50097,-106.15383,=AVERAGE($G$2:$G$501),=AVERAGE($D$2:$D$501),"=IFERROR(($AT405-G405)/$AT405,0)","=IFERROR(($AU405-D405)/$AU405,0)",=$AU405-D405
Passage Point 1 Bedroom Condo #325,RedAwning,,33551,41460,541.15,27.07,314,1,1,4,false,false,false,true,false,false,false,Home/Apartment,Condominium (condo),Apt/Condo/Loft,0,0,1,21+,Luxury,false,135,true,62,18,2026-05-16,Frisco/Silverthorne,Frisco,Frisco,Colorado,80443,United States,mountains_lakes,https://www.airbnb.com/rooms/843302629036365411,https://a0.muscache.com/im/pictures/prohost-api/Hosting-843302629036365411/original/f92fccc6-d6d0-41b8-b576-d9144d94399f.jpeg,843302629036365411,9799793ha,39.5022,-106.151,=AVERAGE($G$2:$G$501),=AVERAGE($D$2:$D$501),"=IFERROR(($AT406-G406)/$AT406,0)","=IFERROR(($AU406-D406)/$AU406,0)",=$AU406-D406
"Prime Location, Spacious Layout VS551",SkyRun Vacation Rentals,,33355,34623,383.39,63.97,145,1,1,4,false,false,true,true,true,false,false,Home/Apartment,Condominium (condo),Apt/Condo/Loft,4.85,6,3,21+,Luxury,true,240,false,87,21,2026-05-13,Frisco/Silverthorne,Frisco,Frisco,Colorado,80443,United States,mountains_lakes,https://www.airbnb.com/rooms/1570383020862784113,https://a0.muscache.com/im/pictures/prohost-api/Hosting-1570383020862784113/original/eaedbc7f-a17e-4f32-8c26-96ea8e7935e5.jpeg,1570383020862784113,4988873,39.5010226259,-106.1552157812,=AVERAGE($G$2:$G$501),=AVERAGE($D$2:$D$501),"=IFERROR(($AT407-G407)/$AT407,0)","=IFERROR(($AU407-D407)/$AU407,0)",=$AU407-D407
Taylor&#39;s Crossing 1 Bedroom Condo #208,RedAwning,,33035,39272,516.17,28.7,325,1,1,4,false,false,true,true,true,false,false,Home/Apartment,Condominium (condo),Apt/Condo/Loft,0,0,1,21+,Luxury,false,135,true,64,20,2026-05-13,Frisco/Silverthorne,Frisco,Frisco,Colorado,80443,United States,mountains_lakes,https://www.airbnb.com/rooms/692553887481982812,https://a0.muscache.com/im/pictures/prohost-api/Hosting-692553887481982812/original/c3a70d5d-1e99-43d1-9940-99277ab34c3a.jpeg,692553887481982812,9696200ha,39.5012,-106.1563,=AVERAGE($G$2:$G$501),=AVERAGE($D$2:$D$501),"=IFERROR(($AT408-G408)/$AT408,0)","=IFERROR(($AU408-D408)/$AU408,0)",=$AU408-D408
Copper One 2 Bedroom Condo #410,RedAwning,,32773,65185,885.76,45.12,132,2,2,6,false,false,false,true,true,false,false,Home/Apartment,Condominium (condo),Apt/Condo/Loft,0,0,1,21+,Luxury,false,167,true,37,10,2026-05-15,Frisco/Silverthorne,Frisco,Frisco,Colorado,80443,United States,mountains_lakes,https://www.airbnb.com/rooms/639237874853893861,https://a0.muscache.com/im/pictures/prohost-api/Hosting-639237874853893861/original/eca3a615-5d2f-4951-b2f1-539d15bd95ec.jpeg,639237874853893861,9695265ha,39.5022,-106.151,=AVERAGE($G$2:$G$501),=AVERAGE($D$2:$D$501),"=IFERROR(($AT409-G409)/$AT409,0)","=IFERROR(($AU409-D409)/$AU409,0)",=$AU409-D409
Luxury Mountain Home in Frisco’s Village - Walk to Main Street and the Shuttle!,,,32772,38804,963.88,40.48,205,4,3,12,false,false,true,true,true,false,false,Home/Apartment,House,House/villa,5,69,2,1,Luxury,false,250,false,34,10,2026-05-17,Frisco/Silverthorne,Frisco,Frisco,Colorado,80443,United States,mountains_lakes,https://www.vrbo.com/1835468,https://media.vrbo.com/lodging/45000000/44530000/44524500/44524446/9fccf10b.jpg?impolicy=resizecrop&rw=1200&ra=fit,,1835468,39.578709,-106.100325,=AVERAGE($G$2:$G$501),=AVERAGE($D$2:$D$501),"=IFERROR(($AT410-G410)/$AT410,0)","=IFERROR(($AU410-D410)/$AU410,0)",=$AU410-D410
"Luxury 2BR/2BA - Granite Kitchen, King Bed, Hot Tubs - Copper Mtn Center Village",,,32573,45296,552.08,56.73,169,2,2,6,false,true,true,true,true,false,false,Home/Apartment,Condominium (condo),Apt/Condo/Loft,5,15,2,1,Luxury,false,139,true,59,17,2026-05-17,Frisco/Silverthorne,Frisco,Frisco,Colorado,80443,United States,mountains_lakes,https://www.vrbo.com/4859961,https://media.vrbo.com/lodging/121000000/120810000/120804500/120804402/f76091fa.jpg?impolicy=resizecrop&rw=1200&ra=fit,,4859961,39.504853,-106.159166,=AVERAGE($G$2:$G$501),=AVERAGE($D$2:$D$501),"=IFERROR(($AT411-G411)/$AT411,0)","=IFERROR(($AU411-D411)/$AU411,0)",=$AU411-D411
Cirque 2 Bedroom Condo #213,RedAwning,,32404,56049,611.4,35.57,235,2,2,6,false,false,true,true,true,false,true,Home/Apartment,Condominium (condo),Apt/Condo/Loft,0,0,1,21+,Luxury,false,164,true,53,11,2026-05-16,Frisco/Silverthorne,Frisco,Frisco,Colorado,80443,United States,mountains_lakes,https://www.airbnb.com/rooms/639234472708145676,https://a0.muscache.com/im/pictures/prohost-api/Hosting-639234472708145676/original/3927cedd-c4d5-44f8-99d3-7fb2179f6cc7.jpeg,639234472708145676,,39.5022,-106.151,=AVERAGE($G$2:$G$501),=AVERAGE($D$2:$D$501),"=IFERROR(($AT412-G412)/$AT412,0)","=IFERROR(($AU412-D412)/$AU412,0)",=$AU412-D412
Copper Springs 1 Bedroom Condo #225,RedAwning,,32331,36044,333.31,37.31,321,1,1,6,false,false,false,true,true,false,false,Home/Apartment,Condominium (condo),Apt/Condo/Loft,0,0,1,21+,Luxury,false,135,true,97,23,2026-05-11,Frisco/Silverthorne,Frisco,Frisco,Colorado,80443,United States,mountains_lakes,https://www.airbnb.com/rooms/639249325045420457,https://a0.muscache.com/im/pictures/prohost-api/Hosting-639249325045420457/original/2bb45b6e-54b8-459e-8a5b-51956fee50cc.jpeg,639249325045420457,9695212ha,39.5022,-106.151,=AVERAGE($G$2:$G$501),=AVERAGE($D$2:$D$501),"=IFERROR(($AT413-G413)/$AT413,0)","=IFERROR(($AU413-D413)/$AU413,0)",=$AU413-D413
Walk to lifts 2BR Mountainview 5th-Floor,Vacasa,,32294,44524,566.56,30.65,328,2,2,8,false,false,false,true,true,false,false,Home/Apartment,Condominium (condo),Apt/Condo/Loft,3.6,9,2,21+,Luxury,false,212,true,57,16,2026-05-13,Frisco/Silverthorne,Frisco,Frisco,Colorado,80443,United States,mountains_lakes,https://www.airbnb.com/rooms/47353173,https://a0.muscache.com/im/pictures/prohost-api/Hosting-47353173/original/43585f6b-0557-45d2-8489-25ab8327dd24.jpeg,47353173,2160511,39.50042,-106.15407,=AVERAGE($G$2:$G$501),=AVERAGE($D$2:$D$501),"=IFERROR(($AT414-G414)/$AT414,0)","=IFERROR(($AU414-D414)/$AU414,0)",=$AU414-D414
Amazing Ski in/Ski out Condo! CM116S/CM117H,SkyRun Vacation Rentals,,32258,34354,620.35,40.31,346,1,2,8,false,false,false,true,true,false,false,Home/Apartment,Condominium (condo),Apt/Condo/Loft,4.35,12,3,21+,Luxury,true,257,true,52,15,2026-05-16,Frisco/Silverthorne,Frisco,Frisco,Colorado,80443,United States,mountains_lakes,https://www.airbnb.com/rooms/16313063,https://a0.muscache.com/im/pictures/prohost-api/Hosting-16313063/original/4a300b23-57e6-4933-a0ad-33217fea5603.jpeg,16313063,4223296,39.4995,-106.1537,=AVERAGE($G$2:$G$501),=AVERAGE($D$2:$D$501),"=IFERROR(($AT415-G415)/$AT415,0)","=IFERROR(($AU415-D415)/$AU415,0)",=$AU415-D415
Tucker Mountain 2 Bedroom Condo #404,RedAwning,,32154,45981,564.11,35.85,302,2,2,6,false,false,false,true,true,false,false,Home/Apartment,Condominium (condo),Apt/Condo/Loft,3,1,1,21+,Luxury,false,164,true,57,12,2026-05-13,Frisco/Silverthorne,Frisco,Frisco,Colorado,80443,United States,mountains_lakes,https://www.airbnb.com/rooms/639255010759305510,https://a0.muscache.com/im/pictures/prohost-api/Hosting-639255010759305510/original/623d6295-877a-46ac-8dc3-fdf92ea8b8eb.jpeg,639255010759305510,9695185ha,39.5022,-106.151,=AVERAGE($G$2:$G$501),=AVERAGE($D$2:$D$501),"=IFERROR(($AT416-G416)/$AT416,0)","=IFERROR(($AU416-D416)/$AU416,0)",=$AU416-D416
The Ultimate Ski studios in East Copper Village!!,Vacasa,,32068,41142,281.3,60.64,200,2,2,6,false,false,true,true,true,false,false,Home/Apartment,Condominium (condo),Apt/Condo/Loft,4.25,43,5,21+,Luxury,true,190,true,114,30,2026-05-11,Frisco/Silverthorne,Frisco,Frisco,Colorado,80443,United States,mountains_lakes,https://www.airbnb.com/rooms/21840447,https://a0.muscache.com/im/pictures/5eeb4d05-74d7-4391-9d87-8e6327281cb4.jpg,21840447,2087938,39.50004,-106.14677,=AVERAGE($G$2:$G$501),=AVERAGE($D$2:$D$501),"=IFERROR(($AT417-G417)/$AT417,0)","=IFERROR(($AU417-D417)/$AU417,0)",=$AU417-D417
"Ski in, walk out, On the golf course. WH102",SkyRun Vacation Rentals,,31950,58302,614.42,40.94,328,2,2,6,false,true,false,true,true,false,false,Home/Apartment,Condominium (condo),Apt/Condo/Loft,4.85,12,3,21+,Luxury,true,304,true,52,11,2026-05-13,Frisco/Silverthorne,Frisco,Frisco,Colorado,80443,United States,mountains_lakes,https://www.airbnb.com/rooms/981977175342067880,https://a0.muscache.com/im/pictures/prohost-api/Hosting-981977175342067880/original/b48189df-9faa-4fdf-adf0-adb7cd59c05d.jpeg,981977175342067880,3609619,39.5001,-106.1482,=AVERAGE($G$2:$G$501),=AVERAGE($D$2:$D$501),"=IFERROR(($AT418-G418)/$AT418,0)","=IFERROR(($AU418-D418)/$AU418,0)",=$AU418-D418
Copper Springs 2 Bedroom Condo #412,RedAwning,,31890,37828,455.57,33.65,305,2,2,6,false,false,false,true,true,false,false,Home/Apartment,Condominium (condo),Apt/Condo/Loft,0,0,1,21+,Luxury,false,166,true,70,19,2026-05-13,Frisco/Silverthorne,Frisco,Frisco,Colorado,80443,United States,mountains_lakes,https://www.airbnb.com/rooms/614273962141177013,https://a0.muscache.com/im/pictures/prohost-api/Hosting-614273962141177013/original/55b6847f-ffdc-44db-b9f9-73c1a0979ebe.jpeg,614273962141177013,9695120ha,39.5022,-106.151,=AVERAGE($G$2:$G$501),=AVERAGE($D$2:$D$501),"=IFERROR(($AT419-G419)/$AT419,0)","=IFERROR(($AU419-D419)/$AU419,0)",=$AU419-D419
Mountain Plaza 1BR 2BA Center Village Hot Tub,SkyRun Vacation Rentals,,31791,37233,435.49,47.71,326,1,2,6,false,true,true,true,true,false,false,Home/Apartment,Condominium (condo),Apt/Condo/Loft,5,10,3,21+,Luxury,true,239,true,73,14,2026-05-17,Frisco/Silverthorne,Frisco,Frisco,Colorado,80443,United States,mountains_lakes,https://www.airbnb.com/rooms/711611011931747511,https://a0.muscache.com/im/pictures/prohost-api/Hosting-711611011931747511/original/f6c8fdc9-3c27-4b38-812e-a71a45755a0c.jpeg,711611011931747511,3009360,39.5007,-106.1551,=AVERAGE($G$2:$G$501),=AVERAGE($D$2:$D$501),"=IFERROR(($AT420-G420)/$AT420,0)","=IFERROR(($AU420-D420)/$AU420,0)",=$AU420-D420
"A Skiers Paradise, Short Walk to Lift. TX202",SkyRun Vacation Rentals,,31525,35502,350.28,58.44,170,1,1,4,false,true,true,true,true,false,false,Home/Apartment,Condominium (condo),Apt/Condo/Loft,4.9,39,3,21+,Luxury,true,248,true,90,24,2026-05-13,Frisco/Silverthorne,Frisco,Frisco,Colorado,80443,United States,mountains_lakes,https://www.airbnb.com/rooms/16313062,https://a0.muscache.com/im/pictures/prohost-api/Hosting-16313062/original/4f5c0685-61fe-44e4-8d5c-c2279efbc52d.jpeg,16313062,3591829,39.5011,-106.1562,=AVERAGE($G$2:$G$501),=AVERAGE($D$2:$D$501),"=IFERROR(($AT421-G421)/$AT421,0)","=IFERROR(($AU421-D421)/$AU421,0)",=$AU421-D421
Amazing Location In Center Village,SkyRun Vacation Rentals,,31417,51876,418.89,53.19,218,1,2,4,false,true,true,true,true,false,false,Home/Apartment,Condominium (condo),Apt/Condo/Loft,5,4,3,21+,Luxury,true,256,true,75,20,2026-05-16,Frisco/Silverthorne,Frisco,Frisco,Colorado,80443,United States,mountains_lakes,https://www.airbnb.com/rooms/16313092,https://a0.muscache.com/im/pictures/prohost-api/Hosting-16313092/original/f7c0f6f7-b4cc-4f3a-aa7e-df2e84241944.jpeg,16313092,4223302,39.5012,-106.1551,=AVERAGE($G$2:$G$501),=AVERAGE($D$2:$D$501),"=IFERROR(($AT422-G422)/$AT422,0)","=IFERROR(($AU422-D422)/$AU422,0)",=$AU422-D422
"CJ203 - 1 Bed Condo, Ski in/Ski out Center Village",Bighorn Rentals of Summit County,,31338,33862,360.21,46.77,244,1,2,4,false,false,false,true,true,false,false,Home/Apartment,Condominium (condo),Apt/Condo/Loft,4.55,46,5,21+,Luxury,true,195,true,87,18,2026-05-13,Frisco/Silverthorne,Frisco,Frisco,Colorado,80443,United States,mountains_lakes,https://www.airbnb.com/rooms/26663878,https://a0.muscache.com/im/pictures/prohost-api/Hosting-26663878/original/88962f03-22d2-4ec4-b3ba-91c229f78827.jpeg,26663878,1385483,39.5006,-106.1543,=AVERAGE($G$2:$G$501),=AVERAGE($D$2:$D$501),"=IFERROR(($AT423-G423)/$AT423,0)","=IFERROR(($AU423-D423)/$AU423,0)",=$AU423-D423
Luxury Condo in Mill Club   3 BR/3 BA   1 minute walk to lifts in Center Village,,,31266,57587,822.79,34.23,266,3,3,8,false,true,true,true,true,false,false,Home/Apartment,Condominium (condo),Apt/Condo/Loft,4.9,60,2,1,Luxury,false,223,false,38,12,2026-05-15,Frisco/Silverthorne,Frisco,Frisco,Colorado,80443,United States,mountains_lakes,https://www.vrbo.com/387721,https://media.vrbo.com/lodging/35000000/34090000/34089000/34088974/7dd33f0b.jpg?impolicy=resizecrop&rw=1200&ra=fit,,387721,39.500526,-106.156145,=AVERAGE($G$2:$G$501),=AVERAGE($D$2:$D$501),"=IFERROR(($AT424-G424)/$AT424,0)","=IFERROR(($AU424-D424)/$AU424,0)",=$AU424-D424
Tucker Mountain 224 - 1 bedroom condo,Copper Vacations,,31093,31911,536.09,31.87,352,1,1,4,false,true,true,true,true,false,false,Home/Apartment,Condominium (condo),Apt/Condo/Loft,4.8,38,2,21+,Luxury,true,278,true,58,16,2026-05-17,Frisco/Silverthorne,Frisco,Frisco,Colorado,80443,United States,mountains_lakes,https://www.airbnb.com/rooms/43957511,https://a0.muscache.com/im/pictures/prohost-api/Hosting-43957511/original/5b345954-71c9-43d4-80af-798befc66189.jpeg,43957511,4643511ha,39.50125,-106.15635,=AVERAGE($G$2:$G$501),=AVERAGE($D$2:$D$501),"=IFERROR(($AT425-G425)/$AT425,0)","=IFERROR(($AU425-D425)/$AU425,0)",=$AU425-D425
"Best Value Ski-in/out in Ctr Village, Ski Mtn view, Free Wifi, Free Covered Pkg",,,30885,30885,367.68,37.5,360,,1,4,false,false,false,true,true,false,false,Home/Apartment,Condominium (condo),Apt/Condo/Loft,4.4,100,2,1,Luxury,false,120,true,84,24,2026-05-16,Frisco/Silverthorne,Frisco,Frisco,Colorado,80443,United States,mountains_lakes,https://www.vrbo.com/455212,https://media.vrbo.com/lodging/22000000/21300000/21294100/21294074/2a1203d8.jpg?impolicy=resizecrop&rw=1200&ra=fit,,455212,39.500145,-106.154907,=AVERAGE($G$2:$G$501),=AVERAGE($D$2:$D$501),"=IFERROR(($AT426-G426)/$AT426,0)","=IFERROR(($AU426-D426)/$AU426,0)",=$AU426-D426
"Amazing Views, Right next to the Lift! outdoor",SkyRun Vacation Rentals,,30576,34690,546,42.75,225,2,2,6,false,true,true,true,true,false,false,Home/Apartment,Condominium (condo),Apt/Condo/Loft,4.6,48,3,21+,Luxury,true,285,true,56,15,2026-05-16,Frisco/Silverthorne,Frisco,Frisco,Colorado,80443,United States,mountains_lakes,https://www.airbnb.com/rooms/16313140,https://a0.muscache.com/im/pictures/prohost-api/Hosting-16313140/original/9e099441-3e6b-4c7c-a79a-3be998d68a70.jpeg,16313140,167772,39.5011,-106.145,=AVERAGE($G$2:$G$501),=AVERAGE($D$2:$D$501),"=IFERROR(($AT427-G427)/$AT427,0)","=IFERROR(($AU427-D427)/$AU427,0)",=$AU427-D427
Ten Mile Haus 2 Bedroom Condo #c6,RedAwning,,30083,56680,485.21,29.95,278,2,2,6,false,false,false,true,true,false,false,Home/Apartment,Condominium (condo),Apt/Condo/Loft,5,1,1,21+,Luxury,false,195,true,62,13,2026-05-13,Frisco/Silverthorne,Frisco,Frisco,Colorado,80443,United States,mountains_lakes,https://www.airbnb.com/rooms/639249820946210184,https://a0.muscache.com/im/pictures/prohost-api/Hosting-639249820946210184/original/8b9325dd-7c48-4620-acd7-530e088d9b2e.jpeg,639249820946210184,9696189ha,39.5022,-106.151,=AVERAGE($G$2:$G$501),=AVERAGE($D$2:$D$501),"=IFERROR(($AT428-G428)/$AT428,0)","=IFERROR(($AU428-D428)/$AU428,0)",=$AU428-D428
Peregrine Lodge - Remodeled Kitchen,SkyRun Vacation Rentals,,29906,33173,467.28,28.7,341,1,2,8,false,true,false,true,true,false,false,Home/Apartment,Condominium (condo),Apt/Condo/Loft,4.85,36,3,21+,Luxury,true,304,true,64,17,2026-05-16,Frisco/Silverthorne,Frisco,Frisco,Colorado,80443,United States,mountains_lakes,https://www.airbnb.com/rooms/17113654,https://a0.muscache.com/im/pictures/prohost-api/Hosting-17113654/original/a3057b21-fd00-4b3a-9120-77639da77280.jpeg,17113654,1202357,39.5008,-106.1472,=AVERAGE($G$2:$G$501),=AVERAGE($D$2:$D$501),"=IFERROR(($AT429-G429)/$AT429,0)","=IFERROR(($AU429-D429)/$AU429,0)",=$AU429-D429
Luxury Condo; Steps to Lift with Gorgeous Views,667181913,,29890,33788,474.44,42,343,1,2,4,false,false,false,true,true,false,false,Home/Apartment,Apartment,Apt/Condo/Loft,5,54,1,1,Luxury,false,150,false,63,12,2026-05-14,Frisco/Silverthorne,Frisco,Frisco,Colorado,80443,United States,mountains_lakes,https://www.airbnb.com/rooms/1312600514483125621,https://a0.muscache.com/im/pictures/hosting/Hosting-1312600514483125621/original/3145350f-eda2-4faa-a2cf-ec19dd59126d.jpeg,1312600514483125621,212775,39.4998,-106.1469,=AVERAGE($G$2:$G$501),=AVERAGE($D$2:$D$501),"=IFERROR(($AT430-G430)/$AT430,0)","=IFERROR(($AU430-D430)/$AU430,0)",=$AU430-D430
Location!  ski in/out slopeside,9815724,,29800,30212,402.7,46.54,344,1,2,4,false,false,false,true,true,false,false,Home/Apartment,Condominium (condo),Apt/Condo/Loft,4.65,246,1,2-5,Luxury,true,120,false,74,21,2026-05-17,Frisco/Silverthorne,Frisco,Frisco,Colorado,80443,United States,mountains_lakes,https://www.airbnb.com/rooms/11259544,https://a0.muscache.com/im/pictures/97a9d2bd-f2fa-4d20-8dc7-58a77c8555e7.jpg,11259544,,39.49551,-106.15901,=AVERAGE($G$2:$G$501),=AVERAGE($D$2:$D$501),"=IFERROR(($AT431-G431)/$AT431,0)","=IFERROR(($AU431-D431)/$AU431,0)",=$AU431-D431
"Copper Mnt, guarantee access & 2 lift tickets",292224444,,29712,30230,540.22,46.22,363,2,2,6,false,false,false,false,true,false,false,Home/Apartment,Condominium (condo),Apt/Condo/Loft,4.9,112,3,2-5,Luxury,false,142,false,55,11,2026-05-17,Frisco/Silverthorne,Frisco,Frisco,Colorado,80443,United States,mountains_lakes,https://www.airbnb.com/rooms/38375088,https://a0.muscache.com/im/pictures/3e193028-1ca5-4938-98cf-4f2f0246b635.jpg,38375088,789303,39.5008,-106.1472,=AVERAGE($G$2:$G$501),=AVERAGE($D$2:$D$501),"=IFERROR(($AT432-G432)/$AT432,0)","=IFERROR(($AU432-D432)/$AU432,0)",=$AU432-D432
Cirque 2 Bedroom Condo #105,RedAwning,,29697,82704,761.46,34.21,175,2,2,6,false,false,false,true,true,false,false,Home/Apartment,Condominium (condo),Apt/Condo/Loft,0,0,1,21+,Luxury,false,164,true,39,10,2026-05-14,Frisco/Silverthorne,Frisco,Frisco,Colorado,80443,United States,mountains_lakes,https://www.airbnb.com/rooms/639232333946230853,https://a0.muscache.com/im/pictures/prohost-api/Hosting-639232333946230853/original/47b9a216-ac11-4e5a-8b25-6bc11471dc27.jpeg,639232333946230853,9696224ha,39.5022,-106.151,=AVERAGE($G$2:$G$501),=AVERAGE($D$2:$D$501),"=IFERROR(($AT433-G433)/$AT433,0)","=IFERROR(($AU433-D433)/$AU433,0)",=$AU433-D433
West Lake 408-  1 Bedroom Condo,Copper Vacations,,29675,30301,430.07,37.91,286,1,1,4,false,true,true,true,true,false,false,Home/Apartment,Condominium (condo),Apt/Condo/Loft,4.45,48,2,21+,Luxury,true,277,true,69,17,2026-05-13,Frisco/Silverthorne,Frisco,Frisco,Colorado,80443,United States,mountains_lakes,https://www.airbnb.com/rooms/25806390,https://a0.muscache.com/im/pictures/prohost-api/Hosting-25806390/original/ce0f2da8-6f7c-433a-a78c-fa8fd82bc0da.jpeg,25806390,3654526ha,39.50169,-106.15473,=AVERAGE($G$2:$G$501),=AVERAGE($D$2:$D$501),"=IFERROR(($AT434-G434)/$AT434,0)","=IFERROR(($AU434-D434)/$AU434,0)",=$AU434-D434
Copper Springs 2 Bedroom Condo #122,RedAwning,,29605,33332,629.89,29.19,317,2,2,6,false,false,false,true,true,false,false,Home/Apartment,Condominium (condo),Apt/Condo/Loft,0,0,1,21+,Luxury,false,165,true,47,11,2026-05-13,Frisco/Silverthorne,Frisco,Frisco,Colorado,80443,United States,mountains_lakes,https://www.airbnb.com/rooms/639268243247702545,https://a0.muscache.com/im/pictures/prohost-api/Hosting-639268243247702545/original/4ba5ded2-8855-4519-824d-9526aa53dfb0.jpeg,639268243247702545,9695109ha,39.5022,-106.151,=AVERAGE($G$2:$G$501),=AVERAGE($D$2:$D$501),"=IFERROR(($AT435-G435)/$AT435,0)","=IFERROR(($AU435-D435)/$AU435,0)",=$AU435-D435
Cache 1 Bedroom Townhome #2302,RedAwning,,29600,38856,411.11,33.33,302,1,1,4,false,false,false,true,true,false,false,Home/Apartment,Townhouse,Apt/Condo/Loft,0,0,1,21+,Luxury,false,135,true,72,21,2026-05-13,Frisco/Silverthorne,Frisco,Frisco,Colorado,80443,United States,mountains_lakes,https://www.airbnb.com/rooms/692553666922018143,https://a0.muscache.com/im/pictures/prohost-api/Hosting-692553666922018143/original/8ce0cc05-a470-4a0c-9075-aac7d9976ea9.jpeg,692553666922018143,9696241ha,39.5004,-106.1619,=AVERAGE($G$2:$G$501),=AVERAGE($D$2:$D$501),"=IFERROR(($AT436-G436)/$AT436,0)","=IFERROR(($AU436-D436)/$AU436,0)",=$AU436-D436
Studio with Prime Location in Heart of Center Vill,SkyRun Vacation Rentals,,29482,35890,409.47,61.54,331,1,1,4,false,false,false,true,true,false,false,Home/Apartment,Condominium (condo),Apt/Condo/Loft,4.65,35,3,21+,Luxury,true,250,true,72,18,2026-05-17,Frisco/Silverthorne,Frisco,Frisco,Colorado,80443,United States,mountains_lakes,https://www.airbnb.com/rooms/49677162,https://a0.muscache.com/im/pictures/prohost-api/Hosting-49677162/original/999a8989-e906-47aa-8563-cfb37a10f7fe.jpeg,49677162,2304506,39.5002,-106.155,=AVERAGE($G$2:$G$501),=AVERAGE($D$2:$D$501),"=IFERROR(($AT437-G437)/$AT437,0)","=IFERROR(($AU437-D437)/$AU437,0)",=$AU437-D437
Copper Springs 2 Bedroom Condo #113,RedAwning,,29406,40074,554.83,23.98,303,2,2,7,false,false,false,true,true,false,false,Home/Apartment,Condominium (condo),Apt/Condo/Loft,0,0,1,21+,Luxury,false,168,true,53,14,2026-05-16,Frisco/Silverthorne,Frisco,Frisco,Colorado,80443,United States,mountains_lakes,https://www.airbnb.com/rooms/639274170810310025,https://a0.muscache.com/im/pictures/prohost-api/Hosting-639274170810310025/original/4c4557e8-a444-4158-aecd-b1707f315060.jpeg,639274170810310025,9695081ha,39.5022,-106.151,=AVERAGE($G$2:$G$501),=AVERAGE($D$2:$D$501),"=IFERROR(($AT438-G438)/$AT438,0)","=IFERROR(($AU438-D438)/$AU438,0)",=$AU438-D438
New! Spruce Lodge 1 Bedroom Condo #399,RedAwning,,29392,36084,565.23,57.14,99,1,1,4,false,false,true,true,false,false,false,Home/Apartment,Condominium (condo),Apt/Condo/Loft,0,0,1,21+,Luxury,false,134,false,52,13,2026-03-26,Frisco/Silverthorne,Frisco,Frisco,Colorado,80443,United States,mountains_lakes,https://www.airbnb.com/rooms/1592718676066370658,https://a0.muscache.com/im/pictures/prohost-api/Hosting-1592718676066370658/original/a3ab4af3-0b59-4cf0-9c42-482899d06b43.jpeg,1592718676066370658,20237255ha,39.5022,-106.151,=AVERAGE($G$2:$G$501),=AVERAGE($D$2:$D$501),"=IFERROR(($AT439-G439)/$AT439,0)","=IFERROR(($AU439-D439)/$AU439,0)",=$AU439-D439
Ten Mile Haus B9 - 1 bedroom condo,Copper Vacations,,29310,31639,344.82,34.27,346,1,1,4,false,true,false,true,true,false,false,Home/Apartment,Condominium (condo),Apt/Condo/Loft,4.25,97,2,21+,Luxury,true,712,true,85,20,2026-05-11,Frisco/Silverthorne,Frisco,Frisco,Colorado,80443,United States,mountains_lakes,https://www.airbnb.com/rooms/20521838,https://a0.muscache.com/im/pictures/prohost-api/Hosting-20521838/original/cbcf7412-d65b-4b22-a5be-8feda8fb65d3.jpeg,20521838,3654518ha,39.50017,-106.15436,=AVERAGE($G$2:$G$501),=AVERAGE($D$2:$D$501),"=IFERROR(($AT440-G440)/$AT440,0)","=IFERROR(($AU440-D440)/$AU440,0)",=$AU440-D440
Cirque 3 Bedroom + Loft Condo #301,RedAwning,,29291,148547,1010.03,46.77,103,3,3,10,false,false,false,true,true,false,false,Home/Apartment,Condominium (condo),Apt/Condo/Loft,0,0,1,21+,Luxury,false,200,true,29,7,2026-05-14,Frisco/Silverthorne,Frisco,Frisco,Colorado,80443,United States,mountains_lakes,https://www.airbnb.com/rooms/639238566869516417,https://a0.muscache.com/im/pictures/prohost-api/Hosting-639238566869516417/original/fdc11702-8349-404a-89ce-2569b929ae9d.jpeg,639238566869516417,,39.5022,-106.151,=AVERAGE($G$2:$G$501),=AVERAGE($D$2:$D$501),"=IFERROR(($AT441-G441)/$AT441,0)","=IFERROR(($AU441-D441)/$AU441,0)",=$AU441-D441
"Cozy Copper condo, the ultimate ski-in, ski-out",44189324,,29222,38053,411.58,44.65,268,1,1,4,false,false,false,true,true,false,false,Home/Apartment,House,House/villa,4.95,18,2,2-5,Luxury,true,139,true,71,17,2026-05-16,Frisco/Silverthorne,Frisco,Frisco,Colorado,80443,United States,mountains_lakes,https://www.airbnb.com/rooms/1195830886007432153,https://a0.muscache.com/im/pictures/prohost-api/Hosting-1195830886007432153/original/509b6b22-8794-410e-842d-c52ba88130ba.jpeg,1195830886007432153,,39.49991,-106.15676,=AVERAGE($G$2:$G$501),=AVERAGE($D$2:$D$501),"=IFERROR(($AT442-G442)/$AT442,0)","=IFERROR(($AU442-D442)/$AU442,0)",=$AU442-D442
Mountain Plaza 308,Copper Vacations,,29085,35248,382.7,67.26,246,1,1,4,false,false,false,true,true,false,false,Home/Apartment,Condominium (condo),Apt/Condo/Loft,5,3,2,21+,Luxury,true,244,true,76,19,2026-05-11,Frisco/Silverthorne,Frisco,Frisco,Colorado,80443,United States,mountains_lakes,https://www.airbnb.com/rooms/1505880577436125037,https://a0.muscache.com/im/pictures/prohost-api/Hosting-1505880577436125037/original/87965c1f-3b86-4fb0-bf22-1e76c6fcf6ce.jpeg,1505880577436125037,20184148ha,39.4998,-106.1579,=AVERAGE($G$2:$G$501),=AVERAGE($D$2:$D$501),"=IFERROR(($AT443-G443)/$AT443,0)","=IFERROR(($AU443-D443)/$AU443,0)",=$AU443-D443
"Spacious 3Bed/3Bath Condo, Mountain Views, Steps Away from Everything.",,,29061,76155,968.7,43.48,114,3,3,8,false,true,true,true,true,false,false,Home/Apartment,Condominium (condo),Apt/Condo/Loft,5,13,5,1,Luxury,false,92,false,30,9,2026-05-17,Frisco/Silverthorne,Frisco,Frisco,Colorado,80443,United States,mountains_lakes,https://www.vrbo.com/2459619,https://media.vrbo.com/lodging/72000000/71010000/71008400/71008341/e184c83a.jpg?impolicy=resizecrop&rw=1200&ra=fit,,2459619,39.50168,-106.15732,=AVERAGE($G$2:$G$501),=AVERAGE($D$2:$D$501),"=IFERROR(($AT444-G444)/$AT444,0)","=IFERROR(($AU444-D444)/$AU444,0)",=$AU444-D444
Peregine 1 Bedroom Condo #109,RedAwning,,28977,35013,491.14,24.89,305,1,1,6,false,false,false,true,true,false,false,Home/Apartment,Condominium (condo),Apt/Condo/Loft,0,0,1,21+,Luxury,false,133,true,59,17,2026-05-16,Frisco/Silverthorne,Frisco,Frisco,Colorado,80443,United States,mountains_lakes,https://www.airbnb.com/rooms/639242752644988721,https://a0.muscache.com/im/pictures/prohost-api/Hosting-639242752644988721/original/064ffe13-e4aa-4abd-b140-e04ceb535ac0.jpeg,639242752644988721,9695244ha,39.5021,-106.151,=AVERAGE($G$2:$G$501),=AVERAGE($D$2:$D$501),"=IFERROR(($AT445-G445)/$AT445,0)","=IFERROR(($AU445-D445)/$AU445,0)",=$AU445-D445
"Ten Mile Haus C-9, Great location. Easy walk to",SkyRun Vacation Rentals,,28962,33076,482.7,32.09,332,2,2,6,false,true,true,true,true,false,false,Home/Apartment,Condominium (condo),Apt/Condo/Loft,4.4,9,3,21+,Luxury,true,304,true,60,18,2026-05-17,Frisco/Silverthorne,Frisco,Frisco,Colorado,80443,United States,mountains_lakes,https://www.airbnb.com/rooms/1307399264915332848,https://a0.muscache.com/im/pictures/prohost-api/Hosting-1307399264915332848/original/7249c58e-3b60-43ac-8980-d27a2963f9f7.jpeg,1307399264915332848,4322008,39.4987776255,-106.1528898211,=AVERAGE($G$2:$G$501),=AVERAGE($D$2:$D$501),"=IFERROR(($AT446-G446)/$AT446,0)","=IFERROR(($AU446-D446)/$AU446,0)",=$AU446-D446
"Large Condo, Center Village, Lake View, Big Balcony, Ski In/Out, Heated Parking",,,28950,33657,567.65,27.57,341,2,2,8,false,true,true,true,true,false,true,Home/Apartment,Condominium (condo),Apt/Condo/Loft,4.9,81,2,1,Luxury,false,210,false,51,12,2026-05-17,Frisco/Silverthorne,Frisco,Frisco,Colorado,80443,United States,mountains_lakes,https://www.vrbo.com/503227,https://media.vrbo.com/lodging/35000000/34340000/34340000/34339975/395d7a89.jpg?impolicy=resizecrop&rw=1200&ra=fit,,503227,39.50104,-106.15627,=AVERAGE($G$2:$G$501),=AVERAGE($D$2:$D$501),"=IFERROR(($AT447-G447)/$AT447,0)","=IFERROR(($AU447-D447)/$AU447,0)",=$AU447-D447
Cirque 3 Bedroom Condo #205,RedAwning,,28749,68173,737.15,33.62,214,3,3,8,false,false,false,true,true,false,false,Home/Apartment,Condominium (condo),Apt/Condo/Loft,0,0,1,21+,Luxury,false,196,true,39,10,2026-05-16,Frisco/Silverthorne,Frisco,Frisco,Colorado,80443,United States,mountains_lakes,https://www.airbnb.com/rooms/639255324280861338,https://a0.muscache.com/im/pictures/prohost-api/Hosting-639255324280861338/original/4a08525a-4368-4b57-bc2b-c2a75b6e2b41.jpeg,639255324280861338,,39.5022,-106.151,=AVERAGE($G$2:$G$501),=AVERAGE($D$2:$D$501),"=IFERROR(($AT448-G448)/$AT448,0)","=IFERROR(($AU448-D448)/$AU448,0)",=$AU448-D448
Tucker Mountain 2 Bedroom Condo #214/214A by RedAwning,RedAwning,,28308,74645,514.69,35.71,221,1,2,8,false,false,false,false,true,false,false,Home/Apartment,Condominium (condo),Apt/Condo/Loft,0,0,1,21+,Luxury,false,169,true,55,18,2026-05-17,Frisco/Silverthorne,Frisco,Frisco,Colorado,80443,United States,mountains_lakes,https://www.vrbo.com/9695177ha,https://media.vrbo.com/lodging/79000000/78770000/78762200/78762112/316ba30c.jpg?impolicy=resizecrop&rw=1200&ra=fit,,9695177ha,39.50215,-106.15101,=AVERAGE($G$2:$G$501),=AVERAGE($D$2:$D$501),"=IFERROR(($AT449-G449)/$AT449,0)","=IFERROR(($AU449-D449)/$AU449,0)",=$AU449-D449
Timber Creek 209 - 1 bedroom + loft condo,Copper Vacations,,28303,34045,589.65,28.74,341,1,2,6,false,true,true,true,true,false,false,Home/Apartment,Condominium (condo),Apt/Condo/Loft,4.35,49,2,21+,Luxury,true,696,true,48,11,2026-05-17,Frisco/Silverthorne,Frisco,Frisco,Colorado,80443,United States,mountains_lakes,https://www.airbnb.com/rooms/20521843,https://a0.muscache.com/im/pictures/prohost-api/Hosting-20521843/original/5c121467-5fc6-4d53-9717-db33ba1050dc.jpeg,20521843,3654508ha,39.50092,-106.1518,=AVERAGE($G$2:$G$501),=AVERAGE($D$2:$D$501),"=IFERROR(($AT450-G450)/$AT450,0)","=IFERROR(($AU450-D450)/$AU450,0)",=$AU450-D450
Attractive Open One Bedroom Condo with hut tub,SkyRun Vacation Rentals,,28250,45878,421.64,47.52,220,1,2,6,false,true,true,true,true,false,false,Home/Apartment,Condominium (condo),Apt/Condo/Loft,4.65,6,3,21+,Luxury,true,251,true,67,18,2026-05-16,Frisco/Silverthorne,Frisco,Frisco,Colorado,80443,United States,mountains_lakes,https://www.airbnb.com/rooms/16313120,https://a0.muscache.com/im/pictures/prohost-api/Hosting-16313120/original/4e517c20-3cb7-4ea1-a573-10bee253e366.jpeg,16313120,4223305,39.5012,-106.1551,=AVERAGE($G$2:$G$501),=AVERAGE($D$2:$D$501),"=IFERROR(($AT451-G451)/$AT451,0)","=IFERROR(($AU451-D451)/$AU451,0)",=$AU451-D451
Foxpine 1 Bedroom + Loft  Condo #307 by RedAwning,RedAwning,,27901,40510,344.46,32.66,291,1,2,8,false,false,true,false,true,false,false,Home/Apartment,Condominium (condo),Apt/Condo/Loft,5,0,21,21+,Luxury,false,113,true,81,24,2026-05-16,Frisco/Silverthorne,Frisco,Frisco,Colorado,80443,United States,mountains_lakes,https://www.vrbo.com/9695231ha,https://media.vrbo.com/lodging/79000000/78770000/78762400/78762348/63d8018b.jpg?impolicy=resizecrop&rw=1200&ra=fit,,9695231ha,39.50215,-106.15101,=AVERAGE($G$2:$G$501),=AVERAGE($D$2:$D$501),"=IFERROR(($AT452-G452)/$AT452,0)","=IFERROR(($AU452-D452)/$AU452,0)",=$AU452-D452
NEW Listing! FRISCO - Stunning/ Spacious Retreat / Sleeps 10,,,27658,38309,1106.32,20.16,307,4,5,10,false,false,false,true,true,false,false,Home/Apartment,House,House/villa,5,8,3,1,Luxury,false,375,false,25,8,2026-05-13,Frisco/Silverthorne,Frisco,Frisco,Colorado,80443,United States,mountains_lakes,https://www.vrbo.com/2187516,https://media.vrbo.com/lodging/64000000/63870000/63868700/63868614/782e466a.jpg?impolicy=resizecrop&rw=1200&ra=fit,,2187516,39.574892,-106.083364,=AVERAGE($G$2:$G$501),=AVERAGE($D$2:$D$501),"=IFERROR(($AT453-G453)/$AT453,0)","=IFERROR(($AU453-D453)/$AU453,0)",=$AU453-D453
Cirque 2 Bedroom Condo #101,RedAwning,,27611,62796,788.89,51.47,179,2,2,6,false,false,false,true,true,false,false,Home/Apartment,Condominium (condo),Apt/Condo/Loft,0,0,1,21+,Luxury,false,163,true,35,9,2026-05-13,Frisco/Silverthorne,Frisco,Frisco,Colorado,80443,United States,mountains_lakes,https://www.airbnb.com/rooms/639250195393409143,https://a0.muscache.com/im/pictures/prohost-api/Hosting-639250195393409143/original/c8f47c64-fe18-4036-a00a-662d49648ca1.jpeg,639250195393409143,9696188ha,39.5022,-106.151,=AVERAGE($G$2:$G$501),=AVERAGE($D$2:$D$501),"=IFERROR(($AT454-G454)/$AT454,0)","=IFERROR(($AU454-D454)/$AU454,0)",=$AU454-D454
Copper Springs 1 Bedroom Condo #121,RedAwning,,27506,38023,323.6,38.81,324,1,1,4,false,false,true,true,true,false,false,Home/Apartment,Condominium (condo),Apt/Condo/Loft,5,2,1,21+,Luxury,false,135,true,85,21,2026-05-13,Frisco/Silverthorne,Frisco,Frisco,Colorado,80443,United States,mountains_lakes,https://www.airbnb.com/rooms/843303694511493877,https://a0.muscache.com/im/pictures/prohost-api/Hosting-843303694511493877/original/d5e54e8a-9631-4be1-bc72-b520d663a3ee.jpeg,843303694511493877,9799805ha,39.5022,-106.151,=AVERAGE($G$2:$G$501),=AVERAGE($D$2:$D$501),"=IFERROR(($AT455-G455)/$AT455,0)","=IFERROR(($AU455-D455)/$AU455,0)",=$AU455-D455
Taylors Crossing 203 - 1 bedroom condo,Copper Vacations,,27440,29422,386.48,37.37,333,1,1,4,false,true,false,true,true,false,false,Home/Apartment,Condominium (condo),Apt/Condo/Loft,4.75,35,2,21+,Luxury,true,278,true,71,15,2026-05-16,Frisco/Silverthorne,Frisco,Frisco,Colorado,80443,United States,mountains_lakes,https://www.airbnb.com/rooms/47442273,https://a0.muscache.com/im/pictures/prohost-api/Hosting-47442273/original/f42856f2-b326-46fe-983a-aac45b1e9982.jpeg,47442273,9490946ha,39.50192,-106.1555,=AVERAGE($G$2:$G$501),=AVERAGE($D$2:$D$501),"=IFERROR(($AT456-G456)/$AT456,0)","=IFERROR(($AU456-D456)/$AU456,0)",=$AU456-D456
Studio With Incredible Ski Access! CM244S,SkyRun Vacation Rentals,,27368,34487,402.47,35.05,326,,1,4,false,false,false,true,true,false,false,Home/Apartment,Condominium (condo),Apt/Condo/Loft,4.6,12,3,21+,Luxury,true,192,true,68,17,2026-05-13,Frisco/Silverthorne,Frisco,Frisco,Colorado,80443,United States,mountains_lakes,https://www.airbnb.com/rooms/16313051,https://a0.muscache.com/im/pictures/prohost-api/Hosting-16313051/original/adb25402-5c65-4b77-95e7-397f47f4317a.jpeg,16313051,4223287,39.4997,-106.154,=AVERAGE($G$2:$G$501),=AVERAGE($D$2:$D$501),"=IFERROR(($AT457-G457)/$AT457,0)","=IFERROR(($AU457-D457)/$AU457,0)",=$AU457-D457
Cache 1 Bedroom Townhome #2202,RedAwning,,27367,33417,463.85,26.58,327,1,1,4,false,false,false,true,true,false,false,Home/Apartment,Townhouse,Apt/Condo/Loft,0,0,1,21+,Luxury,false,135,true,59,17,2026-05-16,Frisco/Silverthorne,Frisco,Frisco,Colorado,80443,United States,mountains_lakes,https://www.airbnb.com/rooms/639268073667268461,https://a0.muscache.com/im/pictures/prohost-api/Hosting-639268073667268461/original/34cdc3d5-917a-4958-8296-9be5ab08defd.jpeg,639268073667268461,9696144ha,39.5022,-106.151,=AVERAGE($G$2:$G$501),=AVERAGE($D$2:$D$501),"=IFERROR(($AT458-G458)/$AT458,0)","=IFERROR(($AU458-D458)/$AU458,0)",=$AU458-D458
"Mountains Views + Hot Tubs, Hiking & Balcony",477886686,,26897,29357,349.31,54.61,217,1,1,4,false,true,true,true,true,false,true,Home/Apartment,Condominium (condo),Apt/Condo/Loft,4.65,9,2,21+,Luxury,true,175,true,77,22,2026-05-15,Frisco/Silverthorne,Frisco,Frisco,Colorado,80443,United States,mountains_lakes,https://www.airbnb.com/rooms/1481987413887536542,https://a0.muscache.com/im/pictures/hosting/Hosting-1481987413887536542/original/ca28306c-54ea-4f46-8edc-e4ce7a2ac497.jpeg,1481987413887536542,4931266,39.5009,-106.1457,=AVERAGE($G$2:$G$501),=AVERAGE($D$2:$D$501),"=IFERROR(($AT459-G459)/$AT459,0)","=IFERROR(($AU459-D459)/$AU459,0)",=$AU459-D459
Foxpine Studio  #106,RedAwning,,26672,33147,365.37,35.44,326,,1,4,false,false,false,false,true,false,false,Home/Apartment,Condominium (condo),Apt/Condo/Loft,0,0,1,21+,Luxury,false,104,true,73,18,2026-05-16,Frisco/Silverthorne,Frisco,Frisco,Colorado,80443,United States,mountains_lakes,https://www.airbnb.com/rooms/639217641749998844,https://a0.muscache.com/im/pictures/prohost-api/Hosting-639217641749998844/original/28c7547e-bc10-420d-857d-974f6154903d.jpeg,639217641749998844,9695416ha,39.5022,-106.151,=AVERAGE($G$2:$G$501),=AVERAGE($D$2:$D$501),"=IFERROR(($AT460-G460)/$AT460,0)","=IFERROR(($AU460-D460)/$AU460,0)",=$AU460-D460
Copper One 1 Bedroom Condo #209,RedAwning,,26572,79666,492.07,43.9,197,1,1,4,false,false,false,true,true,false,false,Home/Apartment,Condominium (condo),Apt/Condo/Loft,0,0,1,21+,Luxury,false,136,true,54,14,2026-05-13,Frisco/Silverthorne,Frisco,Frisco,Colorado,80443,United States,mountains_lakes,https://www.airbnb.com/rooms/639251698977658394,https://a0.muscache.com/im/pictures/prohost-api/Hosting-639251698977658394/original/34304a32-76a5-4625-b1ce-105ffce7560f.jpeg,639251698977658394,9695202ha,39.5022,-106.151,=AVERAGE($G$2:$G$501),=AVERAGE($D$2:$D$501),"=IFERROR(($AT461-G461)/$AT461,0)","=IFERROR(($AU461-D461)/$AU461,0)",=$AU461-D461
"Spacious 1st flr-ski school/rentals, lift, hot tub",210482869,,26530,43079,616.98,28.86,159,2,2,6,false,false,true,true,true,false,false,Home/Apartment,Condominium (condo),Apt/Condo/Loft,4.95,79,3,2-5,Luxury,false,175,true,43,12,2026-05-16,Frisco/Silverthorne,Frisco,Frisco,Colorado,80443,United States,mountains_lakes,https://www.airbnb.com/rooms/40003021,https://a0.muscache.com/im/pictures/b6416b1a-5e32-4137-bc42-c8523dcdd50f.jpg,40003021,9359518ha,39.5006,-106.1615,=AVERAGE($G$2:$G$501),=AVERAGE($D$2:$D$501),"=IFERROR(($AT462-G462)/$AT462,0)","=IFERROR(($AU462-D462)/$AU462,0)",=$AU462-D462
"Spacious Condo, Short Walk to Lifts. SH301",SkyRun Vacation Rentals,,26404,27382,356.81,42.29,350,1,1,6,false,true,false,true,true,false,false,Home/Apartment,Condominium (condo),Apt/Condo/Loft,4.75,46,3,21+,Luxury,true,242,true,74,18,2026-05-13,Frisco/Silverthorne,Frisco,Frisco,Colorado,80443,United States,mountains_lakes,https://www.airbnb.com/rooms/16313118,https://a0.muscache.com/im/pictures/prohost-api/Hosting-16313118/original/184c7680-5457-4ba7-86b5-f7b8b1be2342.jpeg,16313118,3062302,39.5003,-106.1526,=AVERAGE($G$2:$G$501),=AVERAGE($D$2:$D$501),"=IFERROR(($AT463-G463)/$AT463,0)","=IFERROR(($AU463-D463)/$AU463,0)",=$AU463-D463
Copper Springs 2 Bedroom Condo #432,RedAwning,,26235,35044,583,25.28,317,2,2,7,false,false,false,true,true,false,false,Home/Apartment,Condominium (condo),Apt/Condo/Loft,0,0,1,21+,Luxury,false,166,true,45,11,2026-05-16,Frisco/Silverthorne,Frisco,Frisco,Colorado,80443,United States,mountains_lakes,https://www.airbnb.com/rooms/614285032599274255,https://a0.muscache.com/im/pictures/prohost-api/Hosting-614285032599274255/original/2cf92a78-28a2-4b45-93a4-29e9a1a3218c.jpeg,614285032599274255,9695320ha,39.5022,-106.151,=AVERAGE($G$2:$G$501),=AVERAGE($D$2:$D$501),"=IFERROR(($AT464-G464)/$AT464,0)","=IFERROR(($AU464-D464)/$AU464,0)",=$AU464-D464
"Taylor's Crossing, View of Lake, Center Village",,,25401,48421,430.53,85.51,97,1,1,4,false,true,true,true,true,false,true,Home/Apartment,Condominium (condo),Apt/Condo/Loft,4.9,78,1,1,Luxury,false,140,false,59,13,2026-05-13,Frisco/Silverthorne,Frisco,Frisco,Colorado,80443,United States,mountains_lakes,https://www.vrbo.com/174647ha,https://media.vrbo.com/lodging/35000000/34020000/34018900/34018801/5e39c48b.jpg?impolicy=resizecrop&rw=1200&ra=fit,,174647ha,39.499893,-106.156468,=AVERAGE($G$2:$G$501),=AVERAGE($D$2:$D$501),"=IFERROR(($AT465-G465)/$AT465,0)","=IFERROR(($AU465-D465)/$AU465,0)",=$AU465-D465
Beautiful slope-side condo!,56082345,,25284,90044,1053.5,80,127,2,2,6,false,true,true,true,true,false,false,Home/Apartment,Condominium (condo),Apt/Condo/Loft,4.9,8,5,1,Luxury,false,250,false,24,3,2026-05-13,Frisco/Silverthorne,Frisco,Frisco,Colorado,80443,United States,mountains_lakes,https://www.airbnb.com/rooms/39727034,https://a0.muscache.com/im/pictures/hosting/Hosting-39727034/original/8e7d4abe-bbdb-45e6-b152-ce749da031dd.jpeg,39727034,,39.49987,-106.14642,=AVERAGE($G$2:$G$501),=AVERAGE($D$2:$D$501),"=IFERROR(($AT466-G466)/$AT466,0)","=IFERROR(($AU466-D466)/$AU466,0)",=$AU466-D466
Copper Springs 1 Bedroom Condo #323,RedAwning,,25240,29614,382.42,27.39,325,1,1,6,false,false,false,true,true,false,false,Home/Apartment,Condominium (condo),Apt/Condo/Loft,0,0,1,21+,Luxury,false,135,true,66,16,2026-05-13,Frisco/Silverthorne,Frisco,Frisco,Colorado,80443,United States,mountains_lakes,https://www.airbnb.com/rooms/614288521695405002,https://a0.muscache.com/im/pictures/prohost-api/Hosting-614288521695405002/original/ec375872-94d2-46a2-b761-0504829c7d71.jpeg,614288521695405002,9695401ha,39.5022,-106.151,=AVERAGE($G$2:$G$501),=AVERAGE($D$2:$D$501),"=IFERROR(($AT467-G467)/$AT467,0)","=IFERROR(($AU467-D467)/$AU467,0)",=$AU467-D467
Copper Mountain Ski In Ski Out Condominium,123941566,,24905,43929,566.02,44,123,2,2,8,false,true,true,true,true,false,false,Home/Apartment,Condominium (condo),Apt/Condo/Loft,4.95,50,2,1,Luxury,true,136,false,44,13,2026-05-17,Frisco/Silverthorne,Frisco,Frisco,Colorado,80443,United States,mountains_lakes,https://www.airbnb.com/rooms/25047005,https://a0.muscache.com/im/pictures/5310700c-48d8-446d-83c9-dae337dbcbe6.jpg,25047005,,39.50125,-106.14475,=AVERAGE($G$2:$G$501),=AVERAGE($D$2:$D$501),"=IFERROR(($AT468-G468)/$AT468,0)","=IFERROR(($AU468-D468)/$AU468,0)",=$AU468-D468
New! Copper Springs 2 Bedroom Condo #401,RedAwning,,24512,34458,1114.18,25.88,161,2,2,4,false,false,false,true,false,false,false,Home/Apartment,Condominium (condo),Apt/Condo/Loft,0,0,1,21+,Luxury,false,163,true,22,5,2026-05-13,Frisco/Silverthorne,Frisco,Frisco,Colorado,80443,United States,mountains_lakes,https://www.airbnb.com/rooms/1547060866519568068,https://a0.muscache.com/im/pictures/prohost-api/Hosting-1547060866519568068/original/d5536ffa-5dbc-4a51-9a4f-5b31923b2545.jpeg,1547060866519568068,20214277ha,39.5022,-106.151,=AVERAGE($G$2:$G$501),=AVERAGE($D$2:$D$501),"=IFERROR(($AT469-G469)/$AT469,0)","=IFERROR(($AU469-D469)/$AU469,0)",=$AU469-D469
2 bedrm 3 bath condo 40 yds to lift (Sky Condo),600268,,24399,39468,717.62,30.91,316,2,3,8,false,false,false,true,true,false,false,Home/Apartment,Apartment,Apt/Condo/Loft,4.75,126,21,2-5,Luxury,false,200,false,34,8,2026-05-13,Frisco/Silverthorne,Frisco,Frisco,Colorado,80443,United States,mountains_lakes,https://www.airbnb.com/rooms/849140,https://a0.muscache.com/im/pictures/5e9b26a4-7e3e-4686-8ccb-3aa5d0011adb.jpg,849140,442428,39.50031,-106.15538,=AVERAGE($G$2:$G$501),=AVERAGE($D$2:$D$501),"=IFERROR(($AT470-G470)/$AT470,0)","=IFERROR(($AU470-D470)/$AU470,0)",=$AU470-D470
LARGE 1 BEDROOM + DEN / 2 BATH,38503201,,24283,25594,367.92,28.57,302,1,2,6,false,false,false,true,true,true,false,Home/Apartment,Condominium (condo),Apt/Condo/Loft,4.95,110,2,6-20,Luxury,true,100,false,66,17,2026-05-13,Frisco/Silverthorne,Frisco,Frisco,Colorado,80443,United States,mountains_lakes,https://www.airbnb.com/rooms/19575235,https://a0.muscache.com/im/pictures/724770a4-1de1-4f80-b34a-f40dc88102b5.jpg,19575235,,39.499,-106.1469,=AVERAGE($G$2:$G$501),=AVERAGE($D$2:$D$501),"=IFERROR(($AT471-G471)/$AT471,0)","=IFERROR(($AU471-D471)/$AU471,0)",=$AU471-D471
"Location, Location, Location",RedAwning,,23985,23985,406.53,44.03,365,1,2,4,false,false,false,true,true,false,false,Home/Apartment,Condominium (condo),Apt/Condo/Loft,4.7,148,1,21+,Luxury,true,120,false,59,18,2026-05-17,Frisco/Silverthorne,Frisco,Frisco,Colorado,80443,United States,mountains_lakes,https://www.airbnb.com/rooms/10263000,https://a0.muscache.com/im/pictures/0ad6107e-2ae7-4c36-9ad7-136850c7a7b0.jpg,10263000,9695360ha,39.50061,-106.15247,=AVERAGE($G$2:$G$501),=AVERAGE($D$2:$D$501),"=IFERROR(($AT472-G472)/$AT472,0)","=IFERROR(($AU472-D472)/$AU472,0)",=$AU472-D472
Village Square 355 - 1 Bedroom condo,Copper Vacations,,23947,28952,412.88,37.66,324,1,,5,false,true,true,true,true,false,false,Home/Apartment,Condominium (condo),Apt/Condo/Loft,4.5,51,2,21+,Luxury,true,276,true,58,14,2026-05-13,Frisco/Silverthorne,Frisco,Frisco,Colorado,80443,United States,mountains_lakes,https://www.airbnb.com/rooms/20521835,https://a0.muscache.com/im/pictures/prohost-api/Hosting-20521835/original/958bec33-a55d-4968-a8ce-0a00f56f8b15.jpeg,20521835,3840137ha,39.50222,-106.15426,=AVERAGE($G$2:$G$501),=AVERAGE($D$2:$D$501),"=IFERROR(($AT473-G473)/$AT473,0)","=IFERROR(($AU473-D473)/$AU473,0)",=$AU473-D473
Pet Friendly Three Bedroom CrossCreek Condo-CC102B,Bighorn Rentals of Summit County,,23715,29034,592.88,42.55,142,3,4,8,false,false,true,true,true,true,true,Private Room,Condominium (condo),Apt/Condo/Loft,0,0,30,21+,Luxury,true,0,true,40,3,2026-05-11,Frisco/Silverthorne,Frisco,Frisco,Colorado,80443,United States,mountains_lakes,https://www.airbnb.com/rooms/1534237608841014179,https://a0.muscache.com/im/pictures/prohost-api/Hosting-1534237608841014179/original/92bd74d3-8e4b-42d2-a690-eeaaafd17e05.jpeg,1534237608841014179,4902439,39.5769,-106.107,=AVERAGE($G$2:$G$501),=AVERAGE($D$2:$D$501),"=IFERROR(($AT474-G474)/$AT474,0)","=IFERROR(($AU474-D474)/$AU474,0)",=$AU474-D474
Mountain Plaza 503 - 2 bedroom condo,Copper Vacations,,23638,37347,537.23,40.74,280,2,3,6,false,true,true,true,true,false,false,Home/Apartment,Condominium (condo),Apt/Condo/Loft,4.6,30,2,21+,Luxury,true,304,true,44,10,2026-05-13,Frisco/Silverthorne,Frisco,Frisco,Colorado,80443,United States,mountains_lakes,https://www.airbnb.com/rooms/20521805,https://a0.muscache.com/im/pictures/prohost-api/Hosting-20521805/original/646d5a8c-5848-49d7-ac32-ef88d4cdf1d3.jpeg,20521805,3654493ha,39.50003,-106.1544,=AVERAGE($G$2:$G$501),=AVERAGE($D$2:$D$501),"=IFERROR(($AT475-G475)/$AT475,0)","=IFERROR(($AU475-D475)/$AU475,0)",=$AU475-D475
Mountain Plaza 1 Bedroom Condo #202 by RedAwning,RedAwning,,23489,33013,469.78,27.17,290,1,1,4,false,false,false,false,true,false,false,Home/Apartment,Condominium (condo),Apt/Condo/Loft,0,0,21,21+,Luxury,false,84,true,50,12,2026-05-13,Frisco/Silverthorne,Frisco,Frisco,Colorado,80443,United States,mountains_lakes,https://www.vrbo.com/9696151ha,https://media.vrbo.com/lodging/80000000/79030000/79026700/79026669/92b19ec8.jpg?impolicy=resizecrop&rw=1200&ra=fit,,9696151ha,39.502155,-106.151007,=AVERAGE($G$2:$G$501),=AVERAGE($D$2:$D$501),"=IFERROR(($AT476-G476)/$AT476,0)","=IFERROR(($AU476-D476)/$AU476,0)",=$AU476-D476
Mill Club 2 Bedroom Condo #307 by RedAwning,RedAwning,,23486,48933,1021.13,33.33,152,2,2,6,false,false,false,false,true,false,false,Home/Apartment,Condominium (condo),Apt/Condo/Loft,0,0,21,21+,Luxury,false,169,true,23,6,2026-05-16,Frisco/Silverthorne,Frisco,Frisco,Colorado,80443,United States,mountains_lakes,https://www.vrbo.com/9696131ha,https://media.vrbo.com/lodging/80000000/79030000/79026100/79026047/8b980055.jpg?impolicy=resizecrop&rw=1200&ra=fit,,9696131ha,39.502155,-106.151007,=AVERAGE($G$2:$G$501),=AVERAGE($D$2:$D$501),"=IFERROR(($AT477-G477)/$AT477,0)","=IFERROR(($AU477-D477)/$AU477,0)",=$AU477-D477
Penthouse Ski-In/Out | 2BR + Loft | Steps to base,43020210,,23457,34937,977.38,21.24,344,3,3,9,true,false,false,true,true,false,false,Home/Apartment,Condominium (condo),Apt/Condo/Loft,4.9,9,4,1,Luxury,false,298,true,24,5,2026-05-17,Frisco/Silverthorne,Frisco,Frisco,Colorado,80443,United States,mountains_lakes,https://www.airbnb.com/rooms/1173890559088406152,https://a0.muscache.com/im/pictures/miso/Hosting-1173890559088406152/original/6aa0dc9c-057d-4565-a70a-51335ef2999c.jpeg,1173890559088406152,,39.5001,-106.1549,=AVERAGE($G$2:$G$501),=AVERAGE($D$2:$D$501),"=IFERROR(($AT478-G478)/$AT478,0)","=IFERROR(($AU478-D478)/$AU478,0)",=$AU478-D478
Copper Springs 1 Bedroom Condo #414,RedAwning,,23427,27654,344.51,27.87,338,1,1,4,false,false,false,true,true,false,false,Home/Apartment,Condominium (condo),Apt/Condo/Loft,0,0,1,21+,Luxury,false,135,true,68,18,2026-05-13,Frisco/Silverthorne,Frisco,Frisco,Colorado,80443,United States,mountains_lakes,https://www.airbnb.com/rooms/639269448055672496,https://a0.muscache.com/im/pictures/prohost-api/Hosting-639269448055672496/original/c503a2bb-dd52-4f79-8d35-728858673b2e.jpeg,639269448055672496,9695101ha,39.5022,-106.151,=AVERAGE($G$2:$G$501),=AVERAGE($D$2:$D$501),"=IFERROR(($AT479-G479)/$AT479,0)","=IFERROR(($AU479-D479)/$AU479,0)",=$AU479-D479
Peregrine 2 Bedroom Condo #210,RedAwning,,23414,37339,900.54,25.49,210,2,2,5,false,false,false,true,false,false,false,Home/Apartment,Condominium (condo),Apt/Condo/Loft,0,0,1,21+,Luxury,false,164,true,26,8,2026-05-16,Frisco/Silverthorne,Frisco,Frisco,Colorado,80443,United States,mountains_lakes,https://www.airbnb.com/rooms/1359819408025453236,https://a0.muscache.com/im/pictures/prohost-api/Hosting-1359819408025453236/original/453c8896-59aa-4dc0-9b1b-fcd1676e033a.jpeg,1359819408025453236,20114604ha,39.5022,-106.151,=AVERAGE($G$2:$G$501),=AVERAGE($D$2:$D$501),"=IFERROR(($AT480-G480)/$AT480,0)","=IFERROR(($AU480-D480)/$AU480,0)",=$AU480-D480
"Hike, Bike, Golf, Fish- Summer in the Mountains",24523989,,23135,24374,325.85,34.8,351,1,1,2,true,true,false,false,true,false,false,Home/Apartment,Condominium (condo),Apt/Condo/Loft,4.95,69,3,6-20,Luxury,true,199,false,71,15,2026-05-16,Frisco/Silverthorne,Frisco,Frisco,Colorado,80443,United States,mountains_lakes,https://www.airbnb.com/rooms/46642526,https://a0.muscache.com/im/pictures/hosting/Hosting-46642526/original/40def026-04b9-42dd-b1e0-adddd999374f.png,46642526,,39.50106,-106.15799,=AVERAGE($G$2:$G$501),=AVERAGE($D$2:$D$501),"=IFERROR(($AT481-G481)/$AT481,0)","=IFERROR(($AU481-D481)/$AU481,0)",=$AU481-D481
Copper Springs 1 Bedroom Condo #421,RedAwning,,22962,27025,441.58,29.38,284,1,1,4,false,false,false,true,true,false,false,Home/Apartment,Condominium (condo),Apt/Condo/Loft,0,0,1,21+,Luxury,false,135,true,52,11,2026-05-16,Frisco/Silverthorne,Frisco,Frisco,Colorado,80443,United States,mountains_lakes,https://www.airbnb.com/rooms/639234344849611581,https://a0.muscache.com/im/pictures/prohost-api/Hosting-639234344849611581/original/b61319a6-5707-4931-9949-e3d84393a9d8.jpeg,639234344849611581,9695284ha,39.5022,-106.151,=AVERAGE($G$2:$G$501),=AVERAGE($D$2:$D$501),"=IFERROR(($AT482-G482)/$AT482,0)","=IFERROR(($AU482-D482)/$AU482,0)",=$AU482-D482
Copper Center Village / Renovated / FREE Parking,160776476,,22930,22930,409.46,27.72,365,1,1,6,false,false,false,true,true,false,false,Home/Apartment,Condominium (condo),Apt/Condo/Loft,4.95,211,1,1,Luxury,false,85,true,56,11,2026-05-13,Frisco/Silverthorne,Frisco,Frisco,Colorado,80443,United States,mountains_lakes,https://www.airbnb.com/rooms/22017373,https://a0.muscache.com/im/pictures/6ef1e19a-e1e3-4abd-9482-aa6c24252f43.jpg,22017373,1211857,39.5021,-106.1591,=AVERAGE($G$2:$G$501),=AVERAGE($D$2:$D$501),"=IFERROR(($AT483-G483)/$AT483,0)","=IFERROR(($AU483-D483)/$AU483,0)",=$AU483-D483
Luxury Private Frisco Home,SkyRun Vacation Rentals,,22740,25100,1196.84,27.94,100,4,4,10,false,false,true,true,true,false,false,Home/Apartment,House,House/villa,5,8,3,21+,Luxury,true,639,true,19,6,2026-05-16,Frisco/Silverthorne,Frisco,Frisco,Colorado,80443,United States,mountains_lakes,https://www.airbnb.com/rooms/1306764567680597081,https://a0.muscache.com/im/pictures/prohost-api/Hosting-1306764567680597081/original/500762f7-b3fb-431f-a828-03451e90bc5b.jpeg,1306764567680597081,4324911,39.5873042344,-106.1056905404,=AVERAGE($G$2:$G$501),=AVERAGE($D$2:$D$501),"=IFERROR(($AT484-G484)/$AT484,0)","=IFERROR(($AU484-D484)/$AU484,0)",=$AU484-D484
Copper Springs 2 Bedroom Condo #313,RedAwning,,22602,31754,645.77,20.11,301,2,2,6,false,false,false,true,true,false,false,Home/Apartment,Condominium (condo),Apt/Condo/Loft,0,0,1,21+,Luxury,false,163,true,35,10,2026-05-13,Frisco/Silverthorne,Frisco,Frisco,Colorado,80443,United States,mountains_lakes,https://www.airbnb.com/rooms/614280013277763223,https://a0.muscache.com/im/pictures/prohost-api/Hosting-614280013277763223/original/1ddd17b8-77ce-4722-9a73-e3f2e1c5835f.jpeg,614280013277763223,9695236ha,39.5022,-106.151,=AVERAGE($G$2:$G$501),=AVERAGE($D$2:$D$501),"=IFERROR(($AT485-G485)/$AT485,0)","=IFERROR(($AU485-D485)/$AU485,0)",=$AU485-D485
Telemark Lodge 303 - Studio Condo,Copper Vacations,,22224,70083,364.33,100,71,1,1,6,false,false,true,true,true,false,false,Home/Apartment,Condominium (condo),Apt/Condo/Loft,4.7,26,1,21+,Luxury,true,773,true,61,9,2026-05-13,Frisco/Silverthorne,Frisco,Frisco,Colorado,80443,United States,mountains_lakes,https://www.airbnb.com/rooms/707235177802073720,https://a0.muscache.com/im/pictures/prohost-api/Hosting-707235177802073720/original/af662bfa-bd1c-4200-b6de-7084d827761d.jpeg,707235177802073720,9721039ha,39.5019,-106.1589,=AVERAGE($G$2:$G$501),=AVERAGE($D$2:$D$501),"=IFERROR(($AT486-G486)/$AT486,0)","=IFERROR(($AU486-D486)/$AU486,0)",=$AU486-D486
Cirque 2 Bedroom Condo #103 by RedAwning,RedAwning,,22094,50004,883.76,27.17,193,1,2,6,false,false,false,false,true,false,false,Home/Apartment,Condominium (condo),Apt/Condo/Loft,0,0,21,21+,Luxury,false,112,true,25,7,2026-05-17,Frisco/Silverthorne,Frisco,Frisco,Colorado,80443,United States,mountains_lakes,https://www.vrbo.com/9696141ha,https://media.vrbo.com/lodging/80000000/79030000/79026400/79026318/bf3f2965.jpg?impolicy=resizecrop&rw=1200&ra=fit,,9696141ha,39.50215,-106.15101,=AVERAGE($G$2:$G$501),=AVERAGE($D$2:$D$501),"=IFERROR(($AT487-G487)/$AT487,0)","=IFERROR(($AU487-D487)/$AU487,0)",=$AU487-D487
Tucker Mountain Studio  #112,RedAwning,,21909,28512,312.99,31.25,282,,1,4,false,false,false,true,true,false,false,Home/Apartment,Condominium (condo),Apt/Condo/Loft,0,0,1,21+,Luxury,false,104,true,70,25,2026-05-17,Frisco/Silverthorne,Frisco,Frisco,Colorado,80443,United States,mountains_lakes,https://www.airbnb.com/rooms/614284256908184654,https://a0.muscache.com/im/pictures/prohost-api/Hosting-614284256908184654/original/d545087d-7451-4944-95b7-8562ea141018.jpeg,614284256908184654,9695305ha,39.5022,-106.151,=AVERAGE($G$2:$G$501),=AVERAGE($D$2:$D$501),"=IFERROR(($AT488-G488)/$AT488,0)","=IFERROR(($AU488-D488)/$AU488,0)",=$AU488-D488
Snowflake Lodge conveniently located ski in/out sl,Rocky Mountain Resort Management,,21903,22005,486.73,24.06,360,1,2,6,false,true,false,true,true,false,true,Home/Apartment,Condominium (condo),Apt/Condo/Loft,3.45,34,2,21+,Luxury,false,280,true,45,12,2026-05-17,Frisco/Silverthorne,Frisco,Frisco,Colorado,80443,United States,mountains_lakes,https://www.airbnb.com/rooms/1970141,https://a0.muscache.com/im/pictures/prohost-api/Hosting-1970141/original/7adf83f3-a13c-49a8-925a-b1dec7757b4e.jpeg,1970141,3861886ha,39.5002,-106.1468,=AVERAGE($G$2:$G$501),=AVERAGE($D$2:$D$501),"=IFERROR(($AT489-G489)/$AT489,0)","=IFERROR(($AU489-D489)/$AU489,0)",=$AU489-D489
Ski In/ Ski Out  Copper Mountain Center Village Condo,,,21814,34628,908.92,32,191,2,2,9,false,false,false,true,true,false,false,Home/Apartment,Condominium (condo),Apt/Condo/Loft,5,32,3,1,Luxury,false,300,true,24,6,2026-05-13,Frisco/Silverthorne,Frisco,Frisco,Colorado,80443,United States,mountains_lakes,https://www.vrbo.com/2570419,https://media.vrbo.com/lodging/74000000/73450000/73445000/73444985/0c3b429c.jpg?impolicy=resizecrop&rw=1200&ra=fit,,2570419,39.499861,-106.154433,=AVERAGE($G$2:$G$501),=AVERAGE($D$2:$D$501),"=IFERROR(($AT490-G490)/$AT490,0)","=IFERROR(($AU490-D490)/$AU490,0)",=$AU490-D490
Cirque 3 Bedroom Condo #214,RedAwning,,21659,45068,941.7,29.49,278,3,3,8,false,false,true,true,true,false,true,Home/Apartment,Condominium (condo),Apt/Condo/Loft,0,0,1,21+,Luxury,false,200,true,23,5,2026-05-13,Frisco/Silverthorne,Frisco,Frisco,Colorado,80443,United States,mountains_lakes,https://www.airbnb.com/rooms/639273235631617565,https://a0.muscache.com/im/pictures/prohost-api/Hosting-639273235631617565/original/1167a7cb-8d8f-4b89-aa93-7ce246897706.jpeg,639273235631617565,9696196ha,39.5022,-106.151,=AVERAGE($G$2:$G$501),=AVERAGE($D$2:$D$501),"=IFERROR(($AT491-G491)/$AT491,0)","=IFERROR(($AU491-D491)/$AU491,0)",=$AU491-D491
*New listing discount* Updated Copper Condo,14550684,,20953,42261,805.88,41.94,126,3,2,8,false,false,false,true,true,false,false,Home/Apartment,Condominium (condo),Apt/Condo/Loft,5,3,2,2-5,Luxury,false,0,false,26,5,2026-05-14,Frisco/Silverthorne,Frisco,Frisco,Colorado,80443,United States,mountains_lakes,https://www.airbnb.com/rooms/1554744408288717095,https://a0.muscache.com/im/pictures/hosting/Hosting-1554744408288717095/original/a15f1733-add1-49ef-8913-04947ca1b190.jpeg,1554744408288717095,,39.5003,-106.1484,=AVERAGE($G$2:$G$501),=AVERAGE($D$2:$D$501),"=IFERROR(($AT492-G492)/$AT492,0)","=IFERROR(($AU492-D492)/$AU492,0)",=$AU492-D492
Copper Springs 1 Bedroom Condo #423,RedAwning,,20949,29266,395.26,25,325,1,1,5,false,false,false,true,true,false,false,Home/Apartment,Condominium (condo),Apt/Condo/Loft,0,0,1,21+,Luxury,false,135,true,53,16,2026-05-13,Frisco/Silverthorne,Frisco,Frisco,Colorado,80443,United States,mountains_lakes,https://www.airbnb.com/rooms/614287140240504550,https://a0.muscache.com/im/pictures/prohost-api/Hosting-614287140240504550/original/ca1809d1-4445-4757-be60-051ad393f301.jpeg,614287140240504550,9695371ha,39.5022,-106.151,=AVERAGE($G$2:$G$501),=AVERAGE($D$2:$D$501),"=IFERROR(($AT493-G493)/$AT493,0)","=IFERROR(($AU493-D493)/$AU493,0)",=$AU493-D493
Village square 444. Center Village Pet Friendly,Skis and Seas Vacation Rentals,,20786,20800,247.45,28.87,363,,1,5,false,false,true,true,true,true,false,Home/Apartment,Condominium (condo),Apt/Condo/Loft,4.65,16,2,21+,Luxury,true,150,true,84,23,2026-05-13,Frisco/Silverthorne,Frisco,Frisco,Colorado,80443,United States,mountains_lakes,https://www.airbnb.com/rooms/898060700339923874,https://a0.muscache.com/im/pictures/prohost-api/Hosting-898060700339923874/original/2c1ea6c9-02ed-4869-92b3-3cc8c55324bf.jpeg,898060700339923874,3416658,39.5011,-106.1546,=AVERAGE($G$2:$G$501),=AVERAGE($D$2:$D$501),"=IFERROR(($AT494-G494)/$AT494,0)","=IFERROR(($AU494-D494)/$AU494,0)",=$AU494-D494
Mountain Plaza 2 Bedroom Condo #404/406 by RedAwning,RedAwning,,20566,69664,514.15,22.1,221,1,3,8,false,false,false,false,true,false,false,Home/Apartment,Condominium (condo),Apt/Condo/Loft,0,0,1,21+,Luxury,false,169,true,40,12,2026-05-16,Frisco/Silverthorne,Frisco,Frisco,Colorado,80443,United States,mountains_lakes,https://www.vrbo.com/9696235ha,https://media.vrbo.com/lodging/80000000/79040000/79030500/79030401/1cca63aa.jpg?impolicy=resizecrop&rw=1200&ra=fit,,9696235ha,39.502155,-106.151007,=AVERAGE($G$2:$G$501),=AVERAGE($D$2:$D$501),"=IFERROR(($AT495-G495)/$AT495,0)","=IFERROR(($AU495-D495)/$AU495,0)",=$AU495-D495
Perfect 1BR Mountainview | Hot Tub,Vacasa,,20510,33933,250.12,28.98,296,1,2,6,false,true,false,true,true,false,false,Home/Apartment,Condominium (condo),Apt/Condo/Loft,4.5,15,1,21+,Luxury,false,184,true,82,32,2026-05-13,Frisco/Silverthorne,Frisco,Frisco,Colorado,80443,United States,mountains_lakes,https://www.airbnb.com/rooms/34478233,https://a0.muscache.com/im/pictures/prohost-api/Hosting-34478233/original/0825849d-e7a2-4216-9507-091ad336b58d.jpeg,34478233,1641759,39.50065,-106.15349,=AVERAGE($G$2:$G$501),=AVERAGE($D$2:$D$501),"=IFERROR(($AT496-G496)/$AT496,0)","=IFERROR(($AU496-D496)/$AU496,0)",=$AU496-D496
"River Glen Creekside Condo: Stroll to Main St, Shu",Summit Mountain Rentals,,20087,23825,590.79,58.62,73,2,3,8,false,false,true,true,true,false,false,Home/Apartment,Condominium (condo),Apt/Condo/Loft,5,2,3,21+,Luxury,true,574,false,34,8,2026-05-17,Frisco/Silverthorne,Frisco,Frisco,Colorado,80443,United States,mountains_lakes,https://www.airbnb.com/rooms/1610286694496383951,https://a0.muscache.com/im/pictures/prohost-api/Hosting-1610286694496383951/original/3daeeba1-2b06-41c5-ad45-4cb7c40e5938.jpeg,1610286694496383951,5062080,39.5756119907,-106.1027011937,=AVERAGE($G$2:$G$501),=AVERAGE($D$2:$D$501),"=IFERROR(($AT497-G497)/$AT497,0)","=IFERROR(($AU497-D497)/$AU497,0)",=$AU497-D497
Cirque 2 Bedroom Condo #111,RedAwning,,19884,83185,685.66,34.52,123,2,2,6,false,false,false,true,true,false,false,Home/Apartment,Condominium (condo),Apt/Condo/Loft,0,0,1,21+,Luxury,false,170,true,29,9,2026-02-21,Frisco/Silverthorne,Frisco,Frisco,Colorado,80443,United States,mountains_lakes,https://www.airbnb.com/rooms/692556486708952098,https://a0.muscache.com/im/pictures/prohost-api/Hosting-692556486708952098/original/d5dcd666-ebe1-478b-af21-d90fc663718d.jpeg,692556486708952098,9695754ha,39.5022,-106.151,=AVERAGE($G$2:$G$501),=AVERAGE($D$2:$D$501),"=IFERROR(($AT498-G498)/$AT498,0)","=IFERROR(($AU498-D498)/$AU498,0)",=$AU498-D498
Copper Springs 2 Bedroom Condo #303,RedAwning,,19665,49767,855,19.17,254,2,2,6,false,false,false,true,true,false,false,Home/Apartment,Condominium (condo),Apt/Condo/Loft,0,0,1,21+,Luxury,false,163,true,23,8,2026-05-16,Frisco/Silverthorne,Frisco,Frisco,Colorado,80443,United States,mountains_lakes,https://www.airbnb.com/rooms/639273417789866168,https://a0.muscache.com/im/pictures/prohost-api/Hosting-639273417789866168/original/1d8e5d5d-42c7-43da-a627-0baf60fd0a61.jpeg,639273417789866168,9696217ha,39.5022,-106.151,=AVERAGE($G$2:$G$501),=AVERAGE($D$2:$D$501),"=IFERROR(($AT499-G499)/$AT499,0)","=IFERROR(($AU499-D499)/$AU499,0)",=$AU499-D499
Creek Side / Ski Side Townhome,,,19644,93676,1785.82,28.95,102,4,3,9,false,false,true,true,true,false,false,Home/Apartment,House,House/villa,5,28,2,1,Luxury,false,249,false,11,3,2026-05-15,Frisco/Silverthorne,Frisco,Frisco,Colorado,80443,United States,mountains_lakes,https://www.vrbo.com/65849,https://media.vrbo.com/lodging/41000000/40140000/40136200/40136142/abfce479.jpg?impolicy=resizecrop&rw=1200&ra=fit,,65849,39.499894,-106.160503,=AVERAGE($G$2:$G$501),=AVERAGE($D$2:$D$501),"=IFERROR(($AT500-G500)/$AT500,0)","=IFERROR(($AU500-D500)/$AU500,0)",=$AU500-D500
Cirque 1 Bedroom Condo #116 by RedAwning,RedAwning,,19553,41546,434.51,30.2,207,1,1,4,false,false,false,false,true,false,false,Home/Apartment,Condominium (condo),Apt/Condo/Loft,0,0,21,21+,Luxury,false,84,true,45,14,2026-05-14,Frisco/Silverthorne,Frisco,Frisco,Colorado,80443,United States,mountains_lakes,https://www.vrbo.com/9696208ha,https://media.vrbo.com/lodging/80000000/79030000/79029000/79028976/6d4635fb.jpg?impolicy=resizecrop&rw=1200&ra=fit,,9696208ha,39.50215,-106.15101,=AVERAGE($G$2:$G$501),=AVERAGE($D$2:$D$501),"=IFERROR(($AT501-G501)/$AT501,0)","=IFERROR(($AU501-D501)/$AU501,0)",=$AU501-D501
