Title,Property Manager/Host,Contact,Revenue,Revenue Potential,ADR,Occupancy,Days Available,Bedrooms,Bathrooms,Accommodates,Has Air Conditioning,Has Gym,Has Hot Tub,Has Kitchen,Has Parking,Has Pets,Has Pool,Listing Type,Property Type,Real Estate Type,Overall Rating,Number of Reviews,Minimum Stay,Host Unit Count,Price Tier,Airbnb Superhost,Cleaning Fee,Instant Book,Reserved Days,Number of Bookings,Last Update,AirDNA Market,AirDNA Subarket,City,State,Zipcode,Country,Location Type,Listing URL,Main Listing Image,Airbnb Property ID,Vrbo Property ID,Latitude,Longitude,Market Average Occupancy,Market Average Revenue,Occupancy Gap,Revenue % Gap,Revenue $ Gap
Whitewater Estate! The Grand South Main Residence!,Renjoy,,339943,361028,1343.65,74.41,340,6,6,16,true,false,true,true,false,false,false,Home/Apartment,Villa,House/villa,5,7,2,21+,Luxury,false,885,false,253,83,2026-05-11,Colorado Area,Buena Vista,Buena Vista,Colorado,81211,United States,mountains_lakes,https://www.airbnb.com/rooms/1213210134886246755,https://a0.muscache.com/im/pictures/prohost-api/Hosting-1213210134886246755/original/71b2343f-c474-4b14-be53-11bc9aedff9d.jpeg,1213210134886246755,,38.8421,-106.1224,=AVERAGE($G$2:$G$182),=AVERAGE($D$2:$D$182),"=IFERROR(($AT2-G2)/$AT2,0)","=IFERROR(($AU2-D2)/$AU2,0)",=$AU2-D2
Whitewater Villa! Signature BV South Main Manor!,Renjoy,,230670,248839,1288.66,54.24,330,5,5,16,true,false,true,true,false,false,false,Home/Apartment,House,House/villa,4.85,36,2,21+,Luxury,true,684,false,179,55,2026-05-11,Colorado Area,Buena Vista,Buena Vista,Colorado,81211,United States,mountains_lakes,https://www.airbnb.com/rooms/1213251972621526514,https://a0.muscache.com/im/pictures/prohost-api/Hosting-1213251972621526514/original/b52a8c81-1ec9-4701-a9b8-e126f8d0c2a7.jpeg,1213251972621526514,4126385,38.8421,-106.1224,=AVERAGE($G$2:$G$182),=AVERAGE($D$2:$D$182),"=IFERROR(($AT3-G3)/$AT3,0)","=IFERROR(($AU3-D3)/$AU3,0)",=$AU3-D3
Whitewater Villa! Signature BV South Main Manor!,Renjoy,,205107,212575,1041.15,56.45,349,5,5,20,true,false,true,true,false,false,false,Home/Apartment,House,House/villa,5,9,3,21+,Luxury,false,350,true,197,57,2026-05-17,Colorado Area,Buena Vista,Buena Vista,Colorado,81211,United States,mountains_lakes,https://www.vrbo.com/4126387,https://media.vrbo.com/lodging/108000000/107380000/107376900/107376817/07370a99.jpg?impolicy=resizecrop&rw=1200&ra=fit,,4126387,38.842085,-106.122388,=AVERAGE($G$2:$G$182),=AVERAGE($D$2:$D$182),"=IFERROR(($AT4-G4)/$AT4,0)","=IFERROR(($AU4-D4)/$AU4,0)",=$AU4-D4
Grand Riverfront Retreat + Studio,130957760,,181639,210786,1094.21,55.89,313,5,4,10,false,false,false,true,true,true,false,Home/Apartment,House,House/villa,4.95,45,2,6-20,Luxury,false,552,true,166,45,2026-05-11,Colorado Area,Buena Vista,Buena Vista,Colorado,81211,United States,mountains_lakes,https://www.airbnb.com/rooms/897687977728480797,https://a0.muscache.com/im/pictures/miso/Hosting-897687977728480797/original/18fb6e96-5a2b-4f96-bfaa-e056aef9f99d.jpeg,897687977728480797,,38.83074,-106.11257,=AVERAGE($G$2:$G$182),=AVERAGE($D$2:$D$182),"=IFERROR(($AT5-G5)/$AT5,0)","=IFERROR(($AU5-D5)/$AU5,0)",=$AU5-D5
Casa Del Rio | Riverfront Retreat Hot Tub #020796,475335261,,166814,215769,738.12,76.09,297,4,3,8,false,false,false,false,false,true,false,Home/Apartment,House,House/villa,4.95,149,2,1,Luxury,true,301,true,226,60,2026-05-17,Colorado Area,Buena Vista,Buena Vista,Colorado,81211,United States,mountains_lakes,https://www.airbnb.com/rooms/694940773293539741,https://a0.muscache.com/im/pictures/prohost-api/Hosting-694940773293539741/original/be27ad0f-e4e0-4981-ba9c-5667ee3f3128.jpeg,694940773293539741,2961285,38.768,-106.0974,=AVERAGE($G$2:$G$182),=AVERAGE($D$2:$D$182),"=IFERROR(($AT6-G6)/$AT6,0)","=IFERROR(($AU6-D6)/$AU6,0)",=$AU6-D6
Casa Immaculata on Chalk Creek w/ Views!,Evolve,,162763,175984,968.83,50,336,5,3,14,false,false,true,true,true,false,false,Home/Apartment,House,House/villa,4.85,143,2,21+,Luxury,true,356,true,168,50,2026-05-11,Colorado Area,Buena Vista,Nathrop,Colorado,81236,United States,mountains_lakes,https://www.airbnb.com/rooms/36277097,https://a0.muscache.com/im/pictures/prohost-api/Hosting-36277097/original/60c7dfbb-95f9-4ef2-bcd0-3ca8172a9700.jpeg,36277097,7918605ha,38.7142,-106.205,=AVERAGE($G$2:$G$182),=AVERAGE($D$2:$D$182),"=IFERROR(($AT7-G7)/$AT7,0)","=IFERROR(($AU7-D7)/$AU7,0)",=$AU7-D7
Merrifield Cabin on Creek & Private Hot-Springs,54894696,,151775,165168,662.77,68.15,336,2,1,4,false,false,true,true,true,true,false,Home/Apartment,Cabin,House/villa,4.95,289,1,2-5,Luxury,true,152,false,229,95,2026-05-17,Colorado Area,Buena Vista,Buena Vista,Colorado,81211,United States,mountains_lakes,https://www.airbnb.com/rooms/15483944,https://a0.muscache.com/im/pictures/6d385e5a-2bd9-4916-aa08-ed7a4252fed4.jpg,15483944,4448096ha,38.81199,-106.22579,=AVERAGE($G$2:$G$182),=AVERAGE($D$2:$D$182),"=IFERROR(($AT8-G8)/$AT8,0)","=IFERROR(($AU8-D8)/$AU8,0)",=$AU8-D8
"Casa Del Rio hot tub, sauna, movie theater #020796",,,141446,239767,785.81,77.25,233,4,3,8,true,false,true,true,false,true,false,Home/Apartment,House,House/villa,5,39,2,1,Luxury,false,300,true,180,48,2026-05-16,Colorado Area,Buena Vista,Buena Vista,Colorado,81211,United States,mountains_lakes,https://www.vrbo.com/3826711,https://media.vrbo.com/lodging/102000000/101980000/101973500/101973476/w1200h784x6y0-169f48c4.jpg?impolicy=resizecrop&rw=1200&ra=fit,,3826711,38.767963,-106.097194,=AVERAGE($G$2:$G$182),=AVERAGE($D$2:$D$182),"=IFERROR(($AT9-G9)/$AT9,0)","=IFERROR(($AU9-D9)/$AU9,0)",=$AU9-D9
"Escape to an Extraordinary Log Home, amazing views, hot tub, secluded, tranquil",,,135451,163602,591.49,73.4,312,4,3,10,false,false,true,true,true,false,false,Home/Apartment,Cabin,House/villa,5,383,2,1,Luxury,false,350,true,229,62,2026-05-17,Colorado Area,Buena Vista,Buena Vista,Colorado,81211,United States,mountains_lakes,https://www.vrbo.com/515634,https://media.vrbo.com/lodging/28000000/27130000/27130000/27129934/36621323.jpg?impolicy=resizecrop&rw=1200&ra=fit,,515634,38.848021,-106.183976,=AVERAGE($G$2:$G$182),=AVERAGE($D$2:$D$182),"=IFERROR(($AT10-G10)/$AT10,0)","=IFERROR(($AU10-D10)/$AU10,0)",=$AU10-D10
Riverfront Retreat w/ Mountain Views,130957760,,131871,151058,757.88,55.06,316,4,3,9,false,false,false,true,true,true,false,Home/Apartment,House,House/villa,4.95,65,2,6-20,Luxury,false,400,true,174,49,2026-05-11,Colorado Area,Buena Vista,Buena Vista,Colorado,81211,United States,mountains_lakes,https://www.airbnb.com/rooms/831810305493022983,https://a0.muscache.com/im/pictures/miso/Hosting-831810305493022983/original/3ab30f2f-000b-4ec5-a486-df82c51d99b6.jpeg,831810305493022983,3337069,38.83192,-106.11114,=AVERAGE($G$2:$G$182),=AVERAGE($D$2:$D$182),"=IFERROR(($AT11-G11)/$AT11,0)","=IFERROR(($AU11-D11)/$AU11,0)",=$AU11-D11
Ultimate Privacy w/ Spa & Unbeatable Views,34084251,,116699,118652,385.15,84.4,359,3,2,6,true,false,true,true,true,false,false,Home/Apartment,House,House/villa,5,280,4,2-5,Luxury,true,175,true,303,87,2026-05-17,Colorado Area,Buena Vista,Buena Vista,Colorado,81211,United States,mountains_lakes,https://www.airbnb.com/rooms/546381990432198711,https://a0.muscache.com/im/pictures/miso/Hosting-546381990432198711/original/37a6ac22-e0d5-4e2b-b82c-47f8446e22c9.jpeg,546381990432198711,2633619,38.8182,-106.185,=AVERAGE($G$2:$G$182),=AVERAGE($D$2:$D$182),"=IFERROR(($AT12-G12)/$AT12,0)","=IFERROR(($AU12-D12)/$AU12,0)",=$AU12-D12
Holloway Cabin on Creek & Private Hot-Springs,54894696,,108255,132910,517.97,70.61,296,1,1,2,false,false,true,true,true,true,false,Home/Apartment,Cabin,House/villa,5,673,1,2-5,Luxury,true,100,false,209,102,2026-05-17,Colorado Area,Buena Vista,Buena Vista,Colorado,81211,United States,mountains_lakes,https://www.airbnb.com/rooms/10634001,https://a0.muscache.com/im/pictures/68744a10-90e8-44c3-bff9-9053ffad7268.jpg,10634001,810894,38.81336,-106.22565,=AVERAGE($G$2:$G$182),=AVERAGE($D$2:$D$182),"=IFERROR(($AT13-G13)/$AT13,0)","=IFERROR(($AU13-D13)/$AU13,0)",=$AU13-D13
Alpine Rapids Retreat,Vista Point Services,,106390,111339,614.97,52.91,350,4,3,8,true,false,true,true,true,true,false,Home/Apartment,House,House/villa,4.95,34,2,21+,Luxury,true,300,false,173,53,2026-05-13,Colorado Area,Buena Vista,Buena Vista,Colorado,81211,United States,mountains_lakes,https://www.airbnb.com/rooms/1304816241778424710,https://a0.muscache.com/im/pictures/prohost-api/Hosting-1304816241778424710/original/c4080e0e-4704-4a70-918b-81622c298ae6.png,1304816241778424710,4319978,38.8413279166,-106.1225598111,=AVERAGE($G$2:$G$182),=AVERAGE($D$2:$D$182),"=IFERROR(($AT14-G14)/$AT14,0)","=IFERROR(($AU14-D14)/$AU14,0)",=$AU14-D14
Riverfront Ranch | Hot Tub · Fire Pit · Boat Ramp,31817576,,98509,118803,1059.24,32.18,308,3,3,16,true,false,true,true,true,false,false,Home/Apartment,House,House/villa,4.9,134,2,2-5,Luxury,true,235,true,93,34,2026-05-11,Colorado Area,Buena Vista,Buena Vista,Colorado,81211,United States,mountains_lakes,https://www.airbnb.com/rooms/571818511059484058,https://a0.muscache.com/im/pictures/miso/Hosting-571818511059484058/original/0de75f4f-f199-4cab-903c-15d9837f3822.jpeg,571818511059484058,,38.7709,-106.1029,=AVERAGE($G$2:$G$182),=AVERAGE($D$2:$D$182),"=IFERROR(($AT15-G15)/$AT15,0)","=IFERROR(($AU15-D15)/$AU15,0)",=$AU15-D15
The Base at Buzz- Walk to the Surf! (STR-228),Vista Point Services,,92692,127941,945.84,40.16,287,4,4,11,false,false,false,true,true,true,false,Home/Apartment,House,House/villa,5,68,2,21+,Luxury,true,250,true,98,32,2026-05-13,Colorado Area,Buena Vista,Buena Vista,Colorado,81211,United States,mountains_lakes,https://www.airbnb.com/rooms/785022573894673434,https://a0.muscache.com/im/pictures/miso/Hosting-785022573894673434/original/a326413e-6926-4e27-9609-daa686158d16.jpeg,785022573894673434,4483208,38.84273,-106.12009,=AVERAGE($G$2:$G$182),=AVERAGE($D$2:$D$182),"=IFERROR(($AT16-G16)/$AT16,0)","=IFERROR(($AU16-D16)/$AU16,0)",=$AU16-D16
Cozy Cabin at Three Peaks (Near the Hot Springs),44998029,,84330,101642,487.46,58.25,301,4,4,10,false,false,false,true,true,false,false,Home/Apartment,House,House/villa,5,90,2,2-5,Luxury,true,50,false,173,54,2026-05-17,Colorado Area,Buena Vista,Nathrop,Colorado,81236,United States,mountains_lakes,https://www.airbnb.com/rooms/1004616582291823994,https://a0.muscache.com/im/pictures/miso/Hosting-1004616582291823994/original/df243b3c-0245-4c60-845b-34efbbabf8f1.jpeg,1004616582291823994,3752898,38.71245,-106.28663,=AVERAGE($G$2:$G$182),=AVERAGE($D$2:$D$182),"=IFERROR(($AT17-G17)/$AT17,0)","=IFERROR(($AU17-D17)/$AU17,0)",=$AU17-D17
Dogs OK|AC|Hot Tub|Games & Theater|5 min to Barn,12985089,,81375,89347,565.1,48.81,331,4,4,8,true,false,true,true,true,true,false,Home/Apartment,House,House/villa,4.95,46,2,2-5,Luxury,true,399,true,144,37,2026-05-11,Colorado Area,Buena Vista,Buena Vista,Colorado,81211,United States,mountains_lakes,https://www.airbnb.com/rooms/670366445461268732,https://a0.muscache.com/im/pictures/hosting/Hosting-U3RheVN1cHBseUxpc3Rpbmc6NjcwMzY2NDQ1NDYxMjY4NzMy/original/98e822d4-88b1-45bc-96c5-433cd660c7ab.jpeg,670366445461268732,3942730,38.82082,-106.17939,=AVERAGE($G$2:$G$182),=AVERAGE($D$2:$D$182),"=IFERROR(($AT18-G18)/$AT18,0)","=IFERROR(($AU18-D18)/$AU18,0)",=$AU18-D18
The Base at South Main- Private back yard- STR-055,Vista Point Services,,80095,89243,488.38,49.1,334,3,2,6,true,false,false,true,true,true,false,Home/Apartment,House,House/villa,5,167,2,21+,Luxury,true,215,true,164,52,2026-05-11,Colorado Area,Buena Vista,Buena Vista,Colorado,81211,United States,mountains_lakes,https://www.airbnb.com/rooms/51674217,https://a0.muscache.com/im/pictures/miso/Hosting-51674217/original/ecef4fe3-d45b-4297-a9de-2ad998ff1605.jpeg,51674217,4483209,38.84279,-106.11904,=AVERAGE($G$2:$G$182),=AVERAGE($D$2:$D$182),"=IFERROR(($AT19-G19)/$AT19,0)","=IFERROR(($AU19-D19)/$AU19,0)",=$AU19-D19
A spacious Buena Vista retreat,29071456,,79919,91486,897.97,39.38,342,3,3,12,true,false,false,true,true,false,false,Home/Apartment,House,House/villa,5,12,2,1,Luxury,false,225,false,89,23,2026-05-13,Colorado Area,Buena Vista,Buena Vista,Colorado,81211,United States,mountains_lakes,https://www.airbnb.com/rooms/962523283423510305,https://a0.muscache.com/im/pictures/hosting/Hosting-U3RheVN1cHBseUxpc3Rpbmc6OTYyNTIzMjgzNDIzNTEwMzA1/original/c349dca2-e7b3-4d33-bafa-f6303154ce2a.jpeg,962523283423510305,,38.8417,-106.1218,=AVERAGE($G$2:$G$182),=AVERAGE($D$2:$D$182),"=IFERROR(($AT20-G20)/$AT20,0)","=IFERROR(($AU20-D20)/$AU20,0)",=$AU20-D20
668 Buzz,Renjoy,,75086,87233,497.26,48.87,324,4,3,8,false,false,false,true,false,false,false,Home/Apartment,House,House/villa,4.75,8,2,21+,Luxury,true,150,true,151,51,2026-05-11,Colorado Area,Buena Vista,Buena Vista,Colorado,81211,United States,mountains_lakes,https://www.airbnb.com/rooms/884063716519532043,https://a0.muscache.com/im/pictures/miso/Hosting-884063716519532043/original/6f4ba7b0-65e0-4f3c-b967-86c456f89a16.jpeg,884063716519532043,4955431,38.84165,-106.12133,=AVERAGE($G$2:$G$182),=AVERAGE($D$2:$D$182),"=IFERROR(($AT21-G21)/$AT21,0)","=IFERROR(($AU21-D21)/$AU21,0)",=$AU21-D21
Riverfront Retreat w/ Hot Tub: Fish & Hike!,Evolve,,73084,85849,403.78,56.56,320,2,2,4,false,false,true,true,true,false,false,Home/Apartment,Cabin,House/villa,4.85,141,2,21+,Luxury,false,208,true,181,54,2026-05-17,Colorado Area,Buena Vista,Buena Vista,Colorado,81211,United States,mountains_lakes,https://www.airbnb.com/rooms/48932532,https://a0.muscache.com/im/pictures/prohost-api/Hosting-48932532/original/68e909a4-2196-433d-868a-ddc972910fa8.jpeg,48932532,9558800ha,38.8638,-106.1378,=AVERAGE($G$2:$G$182),=AVERAGE($D$2:$D$182),"=IFERROR(($AT22-G22)/$AT22,0)","=IFERROR(($AU22-D22)/$AU22,0)",=$AU22-D22
Downtown BV (315) Retreat – Steps to Main & River,282860713,,69052,70690,345.26,56.18,356,3,2,10,false,false,false,true,true,false,false,Home/Apartment,House,House/villa,5,257,2,2-5,Luxury,true,175,false,200,51,2026-05-13,Colorado Area,Buena Vista,Buena Vista,Colorado,81211,United States,mountains_lakes,https://www.airbnb.com/rooms/37490142,https://a0.muscache.com/im/pictures/a34a0ad8-11cb-4869-ad3c-968348bee6aa.jpg,37490142,1730857,38.84287,-106.13124,=AVERAGE($G$2:$G$182),=AVERAGE($D$2:$D$182),"=IFERROR(($AT23-G23)/$AT23,0)","=IFERROR(($AU23-D23)/$AU23,0)",=$AU23-D23
1000 Swift,3220525,,66353,69818,480.82,40.23,345,3,2,6,false,false,false,true,true,false,false,Home/Apartment,House,House/villa,4.8,56,2,21+,Luxury,true,150,true,138,50,2026-05-11,Colorado Area,Buena Vista,Buena Vista,Colorado,81211,United States,mountains_lakes,https://www.airbnb.com/rooms/878588,https://a0.muscache.com/im/pictures/12667481/5b5f3d15_original.jpg,878588,451658,38.84352,-106.12127,=AVERAGE($G$2:$G$182),=AVERAGE($D$2:$D$182),"=IFERROR(($AT24-G24)/$AT24,0)","=IFERROR(($AU24-D24)/$AU24,0)",=$AU24-D24
Aspen Grove across from the wildlife meadow,242704819,,66227,73297,389.57,55.37,333,3,3,6,false,false,false,true,true,true,false,Home/Apartment,House,House/villa,4.9,82,3,6-20,Luxury,true,165,false,170,35,2026-05-11,Colorado Area,Buena Vista,Nathrop,Colorado,81236,United States,mountains_lakes,https://www.airbnb.com/rooms/49533098,https://a0.muscache.com/im/pictures/miso/Hosting-49533098/original/4d1a7773-e314-4da6-9bb2-f8b7f59f8417.jpeg,49533098,2312597,38.7124,-106.21614,=AVERAGE($G$2:$G$182),=AVERAGE($D$2:$D$182),"=IFERROR(($AT25-G25)/$AT25,0)","=IFERROR(($AU25-D25)/$AU25,0)",=$AU25-D25
Close to Hot Springs: Chalk Creek Meadows Home!,Evolve,,64044,72019,508.29,41.86,333,3,3,10,false,false,false,true,true,true,false,Home/Apartment,House,House/villa,4.95,84,2,21+,Luxury,false,356,true,126,30,2026-05-11,Colorado Area,Buena Vista,Nathrop,Colorado,81236,United States,mountains_lakes,https://www.airbnb.com/rooms/1126908232554479009,https://a0.muscache.com/im/pictures/prohost-api/Hosting-1126908232554479009/original/224daadf-f996-4045-9849-684513c51324.jpeg,1126908232554479009,9945952ha,38.713,-106.2088,=AVERAGE($G$2:$G$182),=AVERAGE($D$2:$D$182),"=IFERROR(($AT26-G26)/$AT26,0)","=IFERROR(($AU26-D26)/$AU26,0)",=$AU26-D26
*Hot Tub/Mountain Views/AR River* (South Main),448148180,,62097,65232,332.07,52.82,354,2,2,6,false,false,true,true,true,false,false,Home/Apartment,House,House/villa,5,167,2,1,Luxury,true,190,true,187,64,2026-05-11,Colorado Area,Buena Vista,Buena Vista,Colorado,81211,United States,mountains_lakes,https://www.airbnb.com/rooms/579138472468448106,https://a0.muscache.com/im/pictures/9b7d304f-b070-4105-986c-4b2ec2a81dd7.jpg,579138472468448106,2823756,38.83991,-106.11951,=AVERAGE($G$2:$G$182),=AVERAGE($D$2:$D$182),"=IFERROR(($AT27-G27)/$AT27,0)","=IFERROR(($AU27-D27)/$AU27,0)",=$AU27-D27
Wilderness Privacy. Brook. Hot Tub. USFS 3 Sides.,64365901,,62005,63515,366.89,47.34,357,3,2,6,true,false,true,true,true,false,false,Home/Apartment,Cabin,House/villa,4.95,469,2,6-20,Luxury,true,225,true,169,48,2026-05-11,Colorado Area,Buena Vista,Nathrop,Colorado,81236,United States,mountains_lakes,https://www.airbnb.com/rooms/12041697,https://a0.muscache.com/im/pictures/8071e79a-d0d2-47a6-b7ff-bb1ed4c4702c.jpg,12041697,508593,38.71478,-106.23045,=AVERAGE($G$2:$G$182),=AVERAGE($D$2:$D$182),"=IFERROR(($AT28-G28)/$AT28,0)","=IFERROR(($AU28-D28)/$AU28,0)",=$AU28-D28
"Luxury 6500 sq ft Mountain Lodge w/ stunning views, gourmet kitchen and theater",,,59703,74701,1148.13,55.91,323,5,5,13,false,false,false,true,true,false,false,Home/Apartment,House,House/villa,5,51,4,1,Luxury,false,399,false,52,14,2026-05-15,Colorado Area,Buena Vista,Buena Vista,Colorado,81211,United States,mountains_lakes,https://www.vrbo.com/1226934,https://media.vrbo.com/lodging/34000000/33660000/33654800/33654789/73dc85b6.jpg?impolicy=resizecrop&rw=1200&ra=fit,,1226934,38.866027,-106.214202,=AVERAGE($G$2:$G$182),=AVERAGE($D$2:$D$182),"=IFERROR(($AT29-G29)/$AT29,0)","=IFERROR(($AU29-D29)/$AU29,0)",=$AU29-D29
Mt Ralphmore Cabin,272889820,,59646,77965,634.53,58.02,299,4,3,10,false,false,false,true,true,false,false,Home/Apartment,House,House/villa,5,134,3,1,Luxury,true,351,false,94,16,2026-05-13,Colorado Area,Buena Vista,Nathrop,Colorado,81236,United States,mountains_lakes,https://www.airbnb.com/rooms/1242208728289635984,https://a0.muscache.com/im/pictures/miso/Hosting-1242208728289635984/original/beedcd72-fef7-4901-a7a8-089faa04715d.jpeg,1242208728289635984,227566,38.72046,-106.18223,=AVERAGE($G$2:$G$182),=AVERAGE($D$2:$D$182),"=IFERROR(($AT30-G30)/$AT30,0)","=IFERROR(($AU30-D30)/$AU30,0)",=$AU30-D30
695 Swift,VacayHome Connect,,59572,63937,389.36,45.4,337,2,1,4,true,false,false,true,false,false,false,Home/Apartment,Loft,Apt/Condo/Loft,4.95,15,2,21+,Luxury,true,149,true,153,62,2026-05-11,Colorado Area,Buena Vista,Buena Vista,Colorado,81211,United States,mountains_lakes,https://www.airbnb.com/rooms/591252086383169816,https://a0.muscache.com/im/pictures/miso/Hosting-591252086383169816/original/b1bd4de9-4c47-4197-9ed9-1a3980b94096.jpeg,591252086383169816,9972884ha,38.84085,-106.12103,=AVERAGE($G$2:$G$182),=AVERAGE($D$2:$D$182),"=IFERROR(($AT31-G31)/$AT31,0)","=IFERROR(($AU31-D31)/$AU31,0)",=$AU31-D31
Charming Buena Vista Home w/ Private Hot Tub!,Evolve,,58952,71599,308.65,62.01,308,2,2,6,true,false,true,true,true,false,false,Home/Apartment,House,House/villa,5,87,3,21+,Luxury,false,237,true,191,47,2026-05-17,Colorado Area,Buena Vista,Buena Vista,Colorado,81211,United States,mountains_lakes,https://www.airbnb.com/rooms/783251400018009113,https://a0.muscache.com/im/pictures/prohost-api/Hosting-783251400018009113/original/f963be9e-faa7-48a7-aad3-958965dd7a14.jpeg,783251400018009113,9768248ha,38.8445,-106.1425,=AVERAGE($G$2:$G$182),=AVERAGE($D$2:$D$182),"=IFERROR(($AT32-G32)/$AT32,0)","=IFERROR(($AU32-D32)/$AU32,0)",=$AU32-D32
CO-loo-dare: the harmony of being together,33323305,,58796,84093,485.92,40.33,300,3,2,7,false,false,false,true,true,false,false,Home/Apartment,Cabin,House/villa,5,149,2,1,Luxury,true,199,false,121,37,2026-05-13,Colorado Area,Buena Vista,Nathrop,Colorado,81236,United States,mountains_lakes,https://www.airbnb.com/rooms/31293530,https://a0.muscache.com/im/pictures/7a55584c-b1e8-49a2-87e1-f473708160c3.jpg,31293530,1522531,38.71643,-106.20527,=AVERAGE($G$2:$G$182),=AVERAGE($D$2:$D$182),"=IFERROR(($AT33-G33)/$AT33,0)","=IFERROR(($AU33-D33)/$AU33,0)",=$AU33-D33
The Lighthouse,VacayHome Connect,,58588,66078,368.48,49.23,323,3,2,6,true,false,false,true,false,false,false,Home/Apartment,House,House/villa,5,4,2,21+,Luxury,true,0,true,159,59,2026-05-11,Colorado Area,Buena Vista,Buena Vista,Colorado,81211,United States,mountains_lakes,https://www.airbnb.com/rooms/1157992700577359648,https://a0.muscache.com/im/pictures/miso/Hosting-1157992700577359648/original/7680ed05-3cfa-4906-ac4b-ce597f36bb34.jpeg,1157992700577359648,9978422ha,38.8424,-106.1203,=AVERAGE($G$2:$G$182),=AVERAGE($D$2:$D$182),"=IFERROR(($AT34-G34)/$AT34,0)","=IFERROR(($AU34-D34)/$AU34,0)",=$AU34-D34
1014 River Park Road,3220525,,58455,63016,467.64,42.09,332,2,2,6,false,false,false,true,true,false,false,Home/Apartment,Townhouse,Apt/Condo/Loft,4.95,40,2,21+,Luxury,true,150,true,125,46,2026-05-13,Colorado Area,Buena Vista,Buena Vista,Colorado,81211,United States,mountains_lakes,https://www.airbnb.com/rooms/18460844,https://a0.muscache.com/im/pictures/miso/Hosting-18460844/original/6dcd5cf5-68d0-4833-bbaf-4f1a14e585c6.jpeg,18460844,569610,38.84074,-106.11902,=AVERAGE($G$2:$G$182),=AVERAGE($D$2:$D$182),"=IFERROR(($AT35-G35)/$AT35,0)","=IFERROR(($AU35-D35)/$AU35,0)",=$AU35-D35
Dog Friendly•360° Views•Large Patio,Pinon Vacation,,57929,62705,503.73,42.12,339,3,3,6,false,false,false,true,true,true,false,Home/Apartment,House,House/villa,4.95,112,2,21+,Luxury,true,270,true,115,33,2026-05-11,Colorado Area,Buena Vista,Buena Vista,Colorado,81211,United States,mountains_lakes,https://www.airbnb.com/rooms/54159580,https://a0.muscache.com/im/pictures/hosting/Hosting-54159580/original/4bd9f2a3-ec8c-452e-996c-b918691c9477.jpeg,54159580,2608834,38.86349,-106.17851,=AVERAGE($G$2:$G$182),=AVERAGE($D$2:$D$182),"=IFERROR(($AT36-G36)/$AT36,0)","=IFERROR(($AU36-D36)/$AU36,0)",=$AU36-D36
903 Swift Circle,3220525,,53908,67091,700.1,45.83,168,4,3,13,false,false,false,true,true,false,false,Home/Apartment,House,House/villa,4.95,76,3,21+,Luxury,true,149,true,77,25,2026-05-11,Colorado Area,Buena Vista,Buena Vista,Colorado,81211,United States,mountains_lakes,https://www.airbnb.com/rooms/2699610,https://a0.muscache.com/im/pictures/38145903/711dc729_original.jpg,2699610,573456,38.84226,-106.12151,=AVERAGE($G$2:$G$182),=AVERAGE($D$2:$D$182),"=IFERROR(($AT37-G37)/$AT37,0)","=IFERROR(($AU37-D37)/$AU37,0)",=$AU37-D37
‘Riverheart Retreat’ - One-of-a-Kind Villa!,Evolve,,53653,61618,462.53,52.25,225,3,2,4,false,false,true,true,true,true,false,Home/Apartment,Villa,House/villa,4.35,88,2,21+,Luxury,false,415,true,116,36,2026-05-13,Colorado Area,Buena Vista,Buena Vista,Colorado,81211,United States,mountains_lakes,https://www.airbnb.com/rooms/52508088,https://a0.muscache.com/im/pictures/prohost-api/Hosting-52508088/original/15ded247-2217-4e0d-be9f-90481bdc7db7.jpeg,52508088,9612608ha,38.832,-106.1127,=AVERAGE($G$2:$G$182),=AVERAGE($D$2:$D$182),"=IFERROR(($AT38-G38)/$AT38,0)","=IFERROR(($AU38-D38)/$AU38,0)",=$AU38-D38
806 Swift - Unit A,3220525,,53602,60783,409.18,40.06,327,2,1,4,true,false,false,true,false,false,false,Home/Apartment,Apartment,Apt/Condo/Loft,4.85,22,1,21+,Luxury,true,151,true,131,56,2026-05-11,Colorado Area,Buena Vista,Buena Vista,Colorado,81211,United States,mountains_lakes,https://www.airbnb.com/rooms/46793930,https://a0.muscache.com/im/pictures/1812d47c-2360-4cdb-9c60-927c60d2e509.jpg,46793930,2137122,38.84157,-106.11943,=AVERAGE($G$2:$G$182),=AVERAGE($D$2:$D$182),"=IFERROR(($AT39-G39)/$AT39,0)","=IFERROR(($AU39-D39)/$AU39,0)",=$AU39-D39
Charming Buena Vista Home ~ 1 Block to Main Street,Evolve,,53483,56860,255.9,63.72,328,2,2,6,true,false,false,true,true,false,false,Home/Apartment,House,House/villa,4.95,225,3,21+,Luxury,false,119,true,209,56,2026-05-17,Colorado Area,Buena Vista,Buena Vista,Colorado,81211,United States,mountains_lakes,https://www.airbnb.com/rooms/32664032,https://a0.muscache.com/im/pictures/prohost-api/Hosting-32664032/original/3ffe21bd-ecf3-4501-bc5b-3f07c67ba1bf.jpeg,32664032,7626304ha,38.8419,-106.136,=AVERAGE($G$2:$G$182),=AVERAGE($D$2:$D$182),"=IFERROR(($AT40-G40)/$AT40,0)","=IFERROR(($AU40-D40)/$AU40,0)",=$AU40-D40
"Home on Ark River, private boat ramp & fishing",20939427,,53290,61309,433.25,39.81,335,3,2,6,true,false,false,true,true,false,false,Home/Apartment,House,House/villa,5,39,3,1,Luxury,false,200,false,123,34,2021-11-13,Colorado Area,Buena Vista,Buena Vista,Colorado,81211,United States,mountains_lakes,https://www.airbnb.com/rooms/49859173,https://a0.muscache.com/im/pictures/416022c1-c1b3-4004-a350-85fc1a9774ef.jpg?aki_policy=x_large,49859173,2313700,38.7695,-106.09959,=AVERAGE($G$2:$G$182),=AVERAGE($D$2:$D$182),"=IFERROR(($AT41-G41)/$AT41,0)","=IFERROR(($AU41-D41)/$AU41,0)",=$AU41-D41
Crow's Nest Penthouse-Luxe Main Street Apartment,12268781,,52770,55789,333.99,47.16,342,2,2,6,true,false,false,true,false,false,false,Home/Apartment,Apartment,Apt/Condo/Loft,5,84,1,2-5,Luxury,true,150,true,158,66,2026-05-11,Colorado Area,Buena Vista,Buena Vista,Colorado,81211,United States,mountains_lakes,https://www.airbnb.com/rooms/1150823260346564280,https://a0.muscache.com/im/pictures/hosting/Hosting-U3RheVN1cHBseUxpc3Rpbmc6MTE1MDgyMzI2MDM0NjU2NDI4MA%3D%3D/original/a910d035-622c-4dff-ba34-e36fb5d6a71e.jpeg,1150823260346564280,4261596,38.84303,-106.12875,=AVERAGE($G$2:$G$182),=AVERAGE($D$2:$D$182),"=IFERROR(($AT42-G42)/$AT42,0)","=IFERROR(($AU42-D42)/$AU42,0)",=$AU42-D42
1002 River Park,Renjoy,,51107,64177,336.23,53.33,302,2,2,10,false,false,false,true,true,false,false,Home/Apartment,House,House/villa,4.5,4,2,21+,Luxury,true,150,true,152,50,2026-05-13,Colorado Area,Buena Vista,Buena Vista,Colorado,81211,United States,mountains_lakes,https://www.airbnb.com/rooms/620969795021460721,https://a0.muscache.com/im/pictures/miso/Hosting-620969795021460721/original/bbd58281-5f16-4437-974d-0f83349704d4.jpeg,620969795021460721,4955432,38.8411,-106.1203,=AVERAGE($G$2:$G$182),=AVERAGE($D$2:$D$182),"=IFERROR(($AT43-G43)/$AT43,0)","=IFERROR(($AU43-D43)/$AU43,0)",=$AU43-D43
Buena Vista Retreat: Steps To Arkansas River!,Evolve,,49779,66540,429.13,47.93,301,2,2,6,false,false,false,true,true,false,false,Home/Apartment,House,House/villa,4.95,135,3,21+,Luxury,false,219,true,116,33,2026-05-11,Colorado Area,Buena Vista,Buena Vista,Colorado,81211,United States,mountains_lakes,https://www.airbnb.com/rooms/25546803,https://a0.muscache.com/im/pictures/prohost-api/Hosting-25546803/original/93ef9246-8f6a-4acc-b7d9-02b652efe5b7.jpeg,25546803,7122658ha,38.8626,-106.1384,=AVERAGE($G$2:$G$182),=AVERAGE($D$2:$D$182),"=IFERROR(($AT44-G44)/$AT44,0)","=IFERROR(($AU44-D44)/$AU44,0)",=$AU44-D44
Rowhouse Refuge next to Surf Hotel,14376166,,49059,55897,450.08,37.98,334,3,2,7,true,false,false,true,false,false,false,Home/Apartment,House,House/villa,4.95,234,2,2-5,Luxury,true,175,false,109,35,2026-05-13,Colorado Area,Buena Vista,Buena Vista,Colorado,81211,United States,mountains_lakes,https://www.airbnb.com/rooms/20984522,https://a0.muscache.com/im/pictures/hosting/Hosting-U3RheVN1cHBseUxpc3Rpbmc6MjA5ODQ1MjI=/original/42a6076d-07b2-4a8f-a228-df6bc7540f01.jpeg,20984522,,38.8421,-106.1203,=AVERAGE($G$2:$G$182),=AVERAGE($D$2:$D$182),"=IFERROR(($AT45-G45)/$AT45,0)","=IFERROR(($AU45-D45)/$AU45,0)",=$AU45-D45
Cozy Riverfront Cabin ~ 1 Mile To Buena Vista,Evolve,,47470,49930,282.56,55.45,347,1,1,2,false,false,false,true,true,false,false,Home/Apartment,Cabin,House/villa,4.95,105,2,21+,Luxury,false,72,true,168,46,2026-05-13,Colorado Area,Buena Vista,Buena Vista,Colorado,81211,United States,mountains_lakes,https://www.airbnb.com/rooms/37707168,https://a0.muscache.com/im/pictures/prohost-api/Hosting-37707168/original/571cc35f-5c50-4621-8a60-b3bca33226d5.jpeg,37707168,9056207ha,38.8294,-106.1109,=AVERAGE($G$2:$G$182),=AVERAGE($D$2:$D$182),"=IFERROR(($AT46-G46)/$AT46,0)","=IFERROR(($AU46-D46)/$AU46,0)",=$AU46-D46
South Main Chalet-Luxury Living in BV-STR-120,416745086,,46055,54704,529.37,35.08,327,3,2,6,true,false,false,true,true,false,false,Home/Apartment,House,House/villa,5,85,2,2-5,Luxury,true,175,true,87,25,2026-05-13,Colorado Area,Buena Vista,Buena Vista,Colorado,81211,United States,mountains_lakes,https://www.airbnb.com/rooms/584935948121380803,https://a0.muscache.com/im/pictures/miso/Hosting-584935948121380803/original/44e17049-268b-4a7e-996f-e3c2ff5bac92.jpeg,584935948121380803,2508781,38.8426,-106.12094,=AVERAGE($G$2:$G$182),=AVERAGE($D$2:$D$182),"=IFERROR(($AT47-G47)/$AT47,0)","=IFERROR(($AU47-D47)/$AU47,0)",=$AU47-D47
"Riverside Home, Private Fishing, Sauna, Fire Pit",388167995,,45844,47951,382.03,41.1,335,3,2,6,true,false,false,true,true,true,false,Home/Apartment,House,House/villa,4.95,37,2,2-5,Luxury,true,190,true,120,33,2026-05-17,Colorado Area,Buena Vista,Buena Vista,Colorado,81211,United States,mountains_lakes,https://www.airbnb.com/rooms/53322594,https://a0.muscache.com/im/pictures/hosting/Hosting-53322594/original/11109993-4732-4f32-b62c-59b5bbd52437.jpeg,53322594,,38.76996,-106.10041,=AVERAGE($G$2:$G$182),=AVERAGE($D$2:$D$182),"=IFERROR(($AT48-G48)/$AT48,0)","=IFERROR(($AU48-D48)/$AU48,0)",=$AU48-D48
Hygge Studio- Stylish New Main Street Apartment,12268781,,45816,46455,209.21,61.86,354,,1,4,true,false,false,true,false,false,false,Home/Apartment,Apartment,Apt/Condo/Loft,4.95,125,1,2-5,Luxury,true,80,true,219,101,2026-05-17,Colorado Area,Buena Vista,Buena Vista,Colorado,81211,United States,mountains_lakes,https://www.airbnb.com/rooms/1150819274111742265,https://a0.muscache.com/im/pictures/hosting/Hosting-U3RheVN1cHBseUxpc3Rpbmc6MTE1MDgxOTI3NDExMTc0MjI2NQ%3D%3D/original/0a34874a-a7d1-47c3-965f-f4a7cd0dd553.jpeg,1150819274111742265,4261456,38.84416,-106.12902,=AVERAGE($G$2:$G$182),=AVERAGE($D$2:$D$182),"=IFERROR(($AT49-G49)/$AT49,0)","=IFERROR(($AU49-D49)/$AU49,0)",=$AU49-D49
Bighorn Lodge - Spring in the Rockies!,242704819,,44034,54642,537,37.44,299,4,3,9,false,false,false,true,true,true,false,Home/Apartment,House,House/villa,4.9,67,3,6-20,Luxury,true,275,false,82,21,2026-05-13,Colorado Area,Buena Vista,Nathrop,Colorado,81236,United States,mountains_lakes,https://www.airbnb.com/rooms/32328025,https://a0.muscache.com/im/pictures/83d48a84-5bea-4cb1-8c09-71f1718e87ab.jpg,32328025,1526218,38.71614,-106.21536,=AVERAGE($G$2:$G$182),=AVERAGE($D$2:$D$182),"=IFERROR(($AT50-G50)/$AT50,0)","=IFERROR(($AU50-D50)/$AU50,0)",=$AU50-D50
"Hot Springs Nearby, Large Deck, Fireplace",Pinon Vacation,,44014,54463,453.75,43.5,285,3,3,8,false,false,false,true,true,false,false,Home/Apartment,House,House/villa,4.8,78,2,21+,Luxury,true,215,true,97,28,2026-05-11,Colorado Area,Buena Vista,Nathrop,Colorado,81236,United States,mountains_lakes,https://www.airbnb.com/rooms/53830376,https://a0.muscache.com/im/pictures/prohost-api/Hosting-53830376/original/0d4f94e1-57bb-4398-ac29-1d97044d7526.jpeg,53830376,2583270,38.72647,-106.17698,=AVERAGE($G$2:$G$182),=AVERAGE($D$2:$D$182),"=IFERROR(($AT51-G51)/$AT51,0)","=IFERROR(($AU51-D51)/$AU51,0)",=$AU51-D51
Alpine Abode! Private Main Level Studio,Renjoy,,43217,49629,221.63,84.05,239,1,1,2,true,false,false,true,true,false,false,Home/Apartment,Apartment,Apt/Condo/Loft,4.8,65,4,21+,Luxury,true,162,false,195,40,2026-05-13,Colorado Area,Buena Vista,Buena Vista,Colorado,81211,United States,mountains_lakes,https://www.airbnb.com/rooms/605751968600522030,https://a0.muscache.com/im/pictures/prohost-api/Hosting-605751968600522030/original/527b710c-82af-4ef9-ac3c-2f2f7015522d.jpeg,605751968600522030,4500343,38.8423,-106.1218,=AVERAGE($G$2:$G$182),=AVERAGE($D$2:$D$182),"=IFERROR(($AT52-G52)/$AT52,0)","=IFERROR(($AU52-D52)/$AU52,0)",=$AU52-D52
806 Swift - Unit B,3220525,,42534,46755,345.8,36.5,337,1,1,3,true,false,false,true,false,false,false,Home/Apartment,Apartment,Apt/Condo/Loft,4.6,13,1,21+,Luxury,true,150,true,123,55,2026-05-13,Colorado Area,Buena Vista,Buena Vista,Colorado,81211,United States,mountains_lakes,https://www.airbnb.com/rooms/47052391,https://a0.muscache.com/im/pictures/0177bba4-d061-42bb-86e6-a3040ebcb7af.jpg,47052391,2138201,38.84335,-106.12033,=AVERAGE($G$2:$G$182),=AVERAGE($D$2:$D$182),"=IFERROR(($AT53-G53)/$AT53,0)","=IFERROR(($AU53-D53)/$AU53,0)",=$AU53-D53
New Custom Home!_Downtown_The Buena Jewel_STR-167,169146278,,42080,60318,438.33,35.82,295,3,2,8,false,false,false,true,true,true,false,Home/Apartment,House,House/villa,4.95,100,2,2-5,Luxury,true,175,true,96,30,2026-05-13,Colorado Area,Buena Vista,Buena Vista,Colorado,81211,United States,mountains_lakes,https://www.airbnb.com/rooms/54169384,https://a0.muscache.com/im/pictures/hosting/Hosting-54169384/original/0dfed7d3-a33c-4328-8483-cdcdc7470b6e.jpeg,54169384,2719205,38.84595,-106.12894,=AVERAGE($G$2:$G$182),=AVERAGE($D$2:$D$182),"=IFERROR(($AT54-G54)/$AT54,0)","=IFERROR(($AU54-D54)/$AU54,0)",=$AU54-D54
Skadi Studio- Cozy Modern Main Street Apartment,12268781,,42056,43260,211.34,56.53,352,,1,4,true,false,false,true,false,false,false,Home/Apartment,Apartment,Apt/Condo/Loft,4.95,105,1,2-5,Luxury,true,80,true,199,101,2026-05-11,Colorado Area,Buena Vista,Buena Vista,Colorado,81211,United States,mountains_lakes,https://www.airbnb.com/rooms/1138479696616091338,https://a0.muscache.com/im/pictures/hosting/Hosting-U3RheVN1cHBseUxpc3Rpbmc6MTEzODQ3OTY5NjYxNjA5MTMzOA%3D%3D/original/f9303a1a-7b1e-48d9-9181-4d2986e77d51.jpeg,1138479696616091338,4261566,38.8433,-106.1284,=AVERAGE($G$2:$G$182),=AVERAGE($D$2:$D$182),"=IFERROR(($AT55-G55)/$AT55,0)","=IFERROR(($AU55-D55)/$AU55,0)",=$AU55-D55
Dogs OK|AC|Hot Tub|5 min to Barn|Private,12985089,,41614,47846,322.59,44.18,317,2,2,4,true,false,true,true,true,true,false,Home/Apartment,House,House/villa,5,15,2,2-5,Luxury,true,200,false,129,29,2026-05-11,Colorado Area,Buena Vista,Buena Vista,Colorado,81211,United States,mountains_lakes,https://www.airbnb.com/rooms/1247172401752392342,https://a0.muscache.com/im/pictures/hosting/Hosting-U3RheVN1cHBseUxpc3Rpbmc6NjcwMzY2NDQ1NDYxMjY4NzMy/original/d72d8a1a-07e3-40de-a1b5-520b0257926e.jpeg,1247172401752392342,4417186,38.8207086847,-106.1762923221,=AVERAGE($G$2:$G$182),=AVERAGE($D$2:$D$182),"=IFERROR(($AT56-G56)/$AT56,0)","=IFERROR(($AU56-D56)/$AU56,0)",=$AU56-D56
Buena Vista Cottonwood Creek Oasis - 3 bed/STR -134,170683797,,41515,54548,343.1,47.08,312,3,2,8,false,false,false,true,true,false,false,Home/Apartment,House,House/villa,4.95,54,2,2-5,Luxury,true,150,false,121,30,2026-05-11,Colorado Area,Buena Vista,Buena Vista,Colorado,81211,United States,mountains_lakes,https://www.airbnb.com/rooms/48170830,https://a0.muscache.com/im/pictures/miso/Hosting-48170830/original/bf59fffe-f312-48bc-aa29-f178a8638c74.jpeg,48170830,,38.83749,-106.12421,=AVERAGE($G$2:$G$182),=AVERAGE($D$2:$D$182),"=IFERROR(($AT57-G57)/$AT57,0)","=IFERROR(($AU57-D57)/$AU57,0)",=$AU57-D57
"Wintersong Cabin, Sleeps 4",Vista Court Cabins & Lodge,,40986,49633,273.24,50.34,298,2,1,4,false,false,false,true,true,true,false,Home/Apartment,Cabin,House/villa,4.85,7,1,6-20,Luxury,false,0,true,150,60,2026-05-13,Colorado Area,Buena Vista,Buena Vista,Colorado,81211,United States,mountains_lakes,https://www.airbnb.com/rooms/1329104390945093806,https://a0.muscache.com/im/pictures/miso/Hosting-1329104390945093806/original/4afe83f5-2d5c-4332-8ed2-0126dffeaffc.jpeg,1329104390945093806,,38.8389,-106.1448,=AVERAGE($G$2:$G$182),=AVERAGE($D$2:$D$182),"=IFERROR(($AT58-G58)/$AT58,0)","=IFERROR(($AU58-D58)/$AU58,0)",=$AU58-D58
Alpine Vista! Walk to Downtown South Main in BV!,Renjoy,,40590,53163,309.85,74.86,176,2,1,7,true,false,false,true,false,false,false,Home/Apartment,House,House/villa,4.8,164,2,21+,Luxury,true,161,false,131,52,2026-05-17,Colorado Area,Buena Vista,Buena Vista,Colorado,81211,United States,mountains_lakes,https://www.airbnb.com/rooms/573909905931419867,https://a0.muscache.com/im/pictures/prohost-api/Hosting-573909905931419867/original/d23ad293-351b-44df-9ae3-d22fa9eda189.jpeg,573909905931419867,2874910,38.8423,-106.1218,=AVERAGE($G$2:$G$182),=AVERAGE($D$2:$D$182),"=IFERROR(($AT59-G59)/$AT59,0)","=IFERROR(($AU59-D59)/$AU59,0)",=$AU59-D59
River Trail Respite - a South Main Gem (STR#306),120436103,,39752,77758,764.46,81.25,95,5,3,12,true,false,false,true,true,false,false,Home/Apartment,House,House/villa,5,3,4,6-20,Luxury,true,348,false,52,6,2026-05-17,Colorado Area,Buena Vista,Buena Vista,Colorado,81211,United States,mountains_lakes,https://www.airbnb.com/rooms/1412694468462176574,https://a0.muscache.com/im/pictures/9e12a7b8-03ea-48e9-85a2-9a4fb8536db4.jpg,1412694468462176574,4594061,38.8432062255,-106.1200983833,=AVERAGE($G$2:$G$182),=AVERAGE($D$2:$D$182),"=IFERROR(($AT60-G60)/$AT60,0)","=IFERROR(($AU60-D60)/$AU60,0)",=$AU60-D60
Cozy Cabin/Private fishing on Chalk Creek,141352131,,39437,40266,402.42,39.84,352,2,2,6,false,false,false,true,true,true,false,Home/Apartment,Cabin,House/villa,4.75,44,2,2-5,Luxury,true,199,true,98,26,2026-05-16,Colorado Area,Buena Vista,Nathrop,Colorado,81236,United States,mountains_lakes,https://www.airbnb.com/rooms/607285899843640652,https://a0.muscache.com/im/pictures/684c8e9c-b771-4b35-979c-10bf2964cb87.jpg,607285899843640652,3079348,38.74139,-106.07659,=AVERAGE($G$2:$G$182),=AVERAGE($D$2:$D$182),"=IFERROR(($AT61-G61)/$AT61,0)","=IFERROR(($AU61-D61)/$AU61,0)",=$AU61-D61
Creekside Buena Vista Retreat: Walk to Main St!,Evolve,,39181,44830,399.81,57.65,233,3,2,7,false,false,true,true,true,true,false,Home/Apartment,House,House/villa,4.65,11,2,21+,Luxury,false,326,true,98,32,2026-02-07,Colorado Area,Buena Vista,Buena Vista,Colorado,81211,United States,mountains_lakes,https://www.airbnb.com/rooms/1451528183319406006,https://a0.muscache.com/im/pictures/prohost-api/Hosting-1451528183319406006/original/b720bba5-37e0-4d32-839b-4a921baa8325.jpeg,1451528183319406006,20166732ha,38.8369,-106.1202,=AVERAGE($G$2:$G$182),=AVERAGE($D$2:$D$182),"=IFERROR(($AT62-G62)/$AT62,0)","=IFERROR(($AU62-D62)/$AU62,0)",=$AU62-D62
806 Swift - Unit C,3220525,,38753,41041,336.98,34.12,343,1,1,2,true,false,false,false,false,false,false,Home/Apartment,Apartment,Apt/Condo/Loft,4.65,12,1,21+,Luxury,true,149,true,115,55,2026-05-13,Colorado Area,Buena Vista,Buena Vista,Colorado,81211,United States,mountains_lakes,https://www.airbnb.com/rooms/47053570,https://a0.muscache.com/im/pictures/03225332-29fa-4620-a882-4a53ed93bd50.jpg,47053570,2138299,38.84157,-106.12094,=AVERAGE($G$2:$G$182),=AVERAGE($D$2:$D$182),"=IFERROR(($AT63-G63)/$AT63,0)","=IFERROR(($AU63-D63)/$AU63,0)",=$AU63-D63
Iron City Cabin at Deer Valley Ranch,548561709,,38158,48798,340.7,39.3,308,3,2,8,false,false,false,true,true,true,true,Home/Apartment,Cabin,House/villa,4.4,9,2,21+,Luxury,false,175,false,112,43,2026-05-16,Colorado Area,Buena Vista,Nathrop,Colorado,81236,United States,mountains_lakes,https://www.airbnb.com/rooms/1034924283857818441,https://a0.muscache.com/im/pictures/miso/Hosting-1034924283857818441/original/ca4882de-ec5b-4525-bcb1-3ba465b4cffc.jpeg,1034924283857818441,3746119,38.7247,-106.1812,=AVERAGE($G$2:$G$182),=AVERAGE($D$2:$D$182),"=IFERROR(($AT64-G64)/$AT64,0)","=IFERROR(($AU64-D64)/$AU64,0)",=$AU64-D64
"Wildwood Cabin, Great In Town Location",Vista Court Cabins & Lodge,,37917,41688,238.47,49.84,319,1,1,2,false,false,false,true,true,true,false,Home/Apartment,Cabin,House/villa,4.8,10,1,6-20,Luxury,false,0,true,159,68,2026-05-13,Colorado Area,Buena Vista,Buena Vista,Colorado,81211,United States,mountains_lakes,https://www.airbnb.com/rooms/1329780300131356139,https://a0.muscache.com/im/pictures/miso/Hosting-1329780300131356139/original/7d43dca9-7b05-4d06-8b6e-66065670768e.jpeg,1329780300131356139,,38.8389,-106.1448,=AVERAGE($G$2:$G$182),=AVERAGE($D$2:$D$182),"=IFERROR(($AT65-G65)/$AT65,0)","=IFERROR(($AU65-D65)/$AU65,0)",=$AU65-D65
"Luxury Home on the River w/ Hot Tub, Minutes to BV",30861107,,37488,96197,814.96,58.97,148,5,2,6,true,false,true,true,true,false,false,Home/Apartment,House,House/villa,5,100,2,1,Luxury,false,224,false,46,8,2026-05-17,Colorado Area,Buena Vista,Buena Vista,Colorado,81211,United States,mountains_lakes,https://www.airbnb.com/rooms/8502757,https://a0.muscache.com/im/pictures/3fede60a-3dcb-41b8-afed-0ff160e35089.jpg,8502757,1318849,38.8277,-106.1108,=AVERAGE($G$2:$G$182),=AVERAGE($D$2:$D$182),"=IFERROR(($AT66-G66)/$AT66,0)","=IFERROR(($AU66-D66)/$AU66,0)",=$AU66-D66
1002 Swift,3220525,,37390,41715,346.2,41.38,261,2,1,2,false,false,false,true,true,false,false,Home/Apartment,Guest house,House/villa,4.95,53,1,21+,Luxury,true,150,true,108,42,2025-08-29,Colorado Area,Buena Vista,Buena Vista,Colorado,81211,United States,mountains_lakes,https://www.airbnb.com/rooms/643879,https://a0.muscache.com/im/pictures/miso/Hosting-643879/original/49591f50-203e-42fb-8461-e50a1b1bccdc.jpeg,643879,231422,38.84195,-106.12004,=AVERAGE($G$2:$G$182),=AVERAGE($D$2:$D$182),"=IFERROR(($AT67-G67)/$AT67,0)","=IFERROR(($AU67-D67)/$AU67,0)",=$AU67-D67
Romantic Mountain Chalet on the Arkansas River! Y,11981539,,37214,46941,572.52,25.49,268,1,1,2,true,false,true,true,true,true,false,Home/Apartment,House,House/villa,5,46,1,21+,Luxury,true,0,false,65,34,2026-05-17,Colorado Area,Buena Vista,Buena Vista,Colorado,81211,United States,mountains_lakes,https://www.airbnb.com/rooms/1435808484160962171,https://a0.muscache.com/im/pictures/hosting/Hosting-1435808484160962171/original/c7a28652-443b-4868-9160-bc2065861be6.jpeg,1435808484160962171,4629753,38.8079,-106.1053,=AVERAGE($G$2:$G$182),=AVERAGE($D$2:$D$182),"=IFERROR(($AT68-G68)/$AT68,0)","=IFERROR(($AU68-D68)/$AU68,0)",=$AU68-D68
Elegant Mountain Farmhouse STR-114,98428157,,37017,39739,175.44,65.12,345,1,1,4,false,false,false,true,true,false,false,Home/Apartment,House,House/villa,4.9,333,2,2-5,Luxury,true,120,true,211,61,2026-05-17,Colorado Area,Buena Vista,Buena Vista,Colorado,81211,United States,mountains_lakes,https://www.airbnb.com/rooms/15391841,https://a0.muscache.com/im/pictures/miso/Hosting-15391841/original/88e2e1fc-57fc-46f6-ac32-dc78f75ccdcb.jpeg,15391841,4704643ha,38.84195,-106.137,=AVERAGE($G$2:$G$182),=AVERAGE($D$2:$D$182),"=IFERROR(($AT69-G69)/$AT69,0)","=IFERROR(($AU69-D69)/$AU69,0)",=$AU69-D69
The Aspen Courtyard | Rooftop Hot Tub + Fireplaces,458812772,,36759,45617,503.55,51.05,203,3,3,6,false,false,true,true,true,false,false,Home/Apartment,House,House/villa,5,14,2,2-5,Luxury,true,375,true,73,26,2026-05-11,Colorado Area,Buena Vista,Buena Vista,Colorado,81211,United States,mountains_lakes,https://www.airbnb.com/rooms/1512548281487809897,https://a0.muscache.com/im/pictures/hosting/Hosting-1512548281487809897/original/f53271b7-66e7-424a-9975-d25b7586f945.jpeg,1512548281487809897,4882691,38.84363,-106.11966,=AVERAGE($G$2:$G$182),=AVERAGE($D$2:$D$182),"=IFERROR(($AT70-G70)/$AT70,0)","=IFERROR(($AU70-D70)/$AU70,0)",=$AU70-D70
Green View Hideaway,Escape to the Mountains,,36082,36821,414.74,31.99,357,3,2,6,false,false,false,true,true,false,false,Home/Apartment,House,House/villa,5,11,3,21+,Luxury,true,199,false,87,24,2026-05-13,Colorado Area,Buena Vista,Buena Vista,Colorado,81211,United States,mountains_lakes,https://www.airbnb.com/rooms/1099355593493776444,https://a0.muscache.com/im/pictures/miso/Hosting-1099355593493776444/original/71913f61-c7a2-4f78-bf10-dc0457bc7d32.jpeg,1099355593493776444,3874594,38.8727,-106.15703,=AVERAGE($G$2:$G$182),=AVERAGE($D$2:$D$182),"=IFERROR(($AT71-G71)/$AT71,0)","=IFERROR(($AU71-D71)/$AU71,0)",=$AU71-D71
Brock Haus Log Home on Cottonwood Creek,Escape to the Mountains,,35860,45460,381.49,49.74,336,3,2,6,false,false,false,true,true,false,false,Home/Apartment,House,House/villa,4.65,49,3,21+,Luxury,true,175,false,94,19,2026-05-16,Colorado Area,Buena Vista,Buena Vista,Colorado,81211,United States,mountains_lakes,https://www.airbnb.com/rooms/6311730,https://a0.muscache.com/im/pictures/78851482/da0cca2d_original.jpg,6311730,72276,38.82737,-106.18155,=AVERAGE($G$2:$G$182),=AVERAGE($D$2:$D$182),"=IFERROR(($AT72-G72)/$AT72,0)","=IFERROR(($AU72-D72)/$AU72,0)",=$AU72-D72
Haven House Retreat - STR317,413987378,,35729,71952,503.23,46.71,218,3,2,10,true,false,true,true,true,false,false,Home/Apartment,House,House/villa,4.9,19,2,6-20,Luxury,true,375,true,71,23,2026-05-14,Colorado Area,Buena Vista,Buena Vista,Colorado,81211,United States,mountains_lakes,https://www.airbnb.com/rooms/1406643188729100687,https://a0.muscache.com/im/pictures/hosting/Hosting-U3RheVN1cHBseUxpc3Rpbmc6MTQwNjY0MzE4ODcyOTEwMDY4Nw==/original/0ccdbf06-75ef-4df3-9bac-660d703661be.jpeg,1406643188729100687,4696990,38.8328833061,-106.1557641005,=AVERAGE($G$2:$G$182),=AVERAGE($D$2:$D$182),"=IFERROR(($AT73-G73)/$AT73,0)","=IFERROR(($AU73-D73)/$AU73,0)",=$AU73-D73
Watts Cabin at Deer Valley,548561709,,35526,36606,493.42,35.29,316,2,2,8,false,false,true,true,true,false,true,Home/Apartment,Cabin,House/villa,4,2,2,21+,Luxury,false,200,false,72,18,2026-04-18,Colorado Area,Buena Vista,Nathrop,Colorado,81236,United States,mountains_lakes,https://www.airbnb.com/rooms/1437720178763756588,https://a0.muscache.com/im/pictures/miso/Hosting-1437720178763756588/original/c40d6edd-d2d1-43ee-8994-c0ab9efc8dde.jpeg,1437720178763756588,4631441,38.7229,-106.1797,=AVERAGE($G$2:$G$182),=AVERAGE($D$2:$D$182),"=IFERROR(($AT74-G74)/$AT74,0)","=IFERROR(($AU74-D74)/$AU74,0)",=$AU74-D74
"Evening Star Cabin, Sleeps 4",Vista Court Cabins & Lodge,,35368,43506,278.49,46.01,289,2,1,4,false,false,false,true,true,true,false,Home/Apartment,Cabin,House/villa,4.2,5,1,6-20,Luxury,false,0,true,127,50,2026-05-13,Colorado Area,Buena Vista,Buena Vista,Colorado,81211,United States,mountains_lakes,https://www.airbnb.com/rooms/1329801329828022167,https://a0.muscache.com/im/pictures/miso/Hosting-1329801329828022167/original/e05140e6-e8c2-414a-bd79-f1708bd03ed7.jpeg,1329801329828022167,,38.8389,-106.1449,=AVERAGE($G$2:$G$182),=AVERAGE($D$2:$D$182),"=IFERROR(($AT75-G75)/$AT75,0)","=IFERROR(($AU75-D75)/$AU75,0)",=$AU75-D75
"Cozy, quiet, secluded log cabin.           ",,,35339,39499,307.3,37.83,313,2,2,4,false,false,false,true,true,true,false,Home/Apartment,Cabin,House/villa,5,215,1,1,Luxury,false,124,true,115,40,2026-04-01,Colorado Area,Buena Vista,Buena Vista,Colorado,81211,United States,mountains_lakes,https://www.vrbo.com/1984458,https://media.vrbo.com/lodging/54000000/53580000/53571700/53571616/a1c39d55.jpg?impolicy=resizecrop&rw=1200&ra=fit,,1984458,38.909187,-106.166985,=AVERAGE($G$2:$G$182),=AVERAGE($D$2:$D$182),"=IFERROR(($AT76-G76)/$AT76,0)","=IFERROR(($AU76-D76)/$AU76,0)",=$AU76-D76
"Sunset Cottage, Sleeps 7",Vista Court Cabins & Lodge,,34926,44439,303.7,37.22,320,3,2,7,false,false,false,true,true,true,false,Home/Apartment,Cabin,House/villa,5,1,1,6-20,Luxury,false,0,true,115,32,2026-05-16,Colorado Area,Buena Vista,Buena Vista,Colorado,81211,United States,mountains_lakes,https://www.airbnb.com/rooms/1328518035514424312,https://a0.muscache.com/im/pictures/miso/Hosting-1328518035514424312/original/5e0e1e45-67e1-4a60-a5e5-adf44e197830.jpeg,1328518035514424312,,38.83936,-106.14569,=AVERAGE($G$2:$G$182),=AVERAGE($D$2:$D$182),"=IFERROR(($AT77-G77)/$AT77,0)","=IFERROR(($AU77-D77)/$AU77,0)",=$AU77-D77
3500 sq ft Rustic MTN home**PERFECT for families**,290996500,,34634,75830,481.03,41.86,191,4,3,6,false,false,false,true,true,false,false,Home/Apartment,House,House/villa,5,53,2,1,Luxury,false,201,false,72,15,2026-05-13,Colorado Area,Buena Vista,Buena Vista,Colorado,81211,United States,mountains_lakes,https://www.airbnb.com/rooms/38280087,https://a0.muscache.com/im/pictures/490f34a4-d8ba-41fb-8577-36d116c0078f.jpg,38280087,1762654,38.86236,-106.21911,=AVERAGE($G$2:$G$182),=AVERAGE($D$2:$D$182),"=IFERROR(($AT78-G78)/$AT78,0)","=IFERROR(($AU78-D78)/$AU78,0)",=$AU78-D78
The Isabella House,10059092,,33450,118672,777.91,79.63,54,4,3,10,false,false,false,true,true,false,false,Home/Apartment,House,House/villa,5,25,4,2-5,Luxury,false,351,false,43,14,2026-02-14,Colorado Area,Buena Vista,Buena Vista,Colorado,81211,United States,mountains_lakes,https://www.airbnb.com/rooms/984782484266752740,https://a0.muscache.com/im/pictures/miso/Hosting-984782484266752740/original/81094af8-b692-41e5-b6da-31e867610fa4.jpeg,984782484266752740,3650016,38.8408,-106.1286,=AVERAGE($G$2:$G$182),=AVERAGE($D$2:$D$182),"=IFERROR(($AT79-G79)/$AT79,0)","=IFERROR(($AU79-D79)/$AU79,0)",=$AU79-D79
Studio Just Steps From The River,3220525,,32594,41705,350.47,66.43,140,,1,3,true,false,false,true,false,false,false,Home/Apartment,Apartment,Apt/Condo/Loft,5,3,1,21+,Luxury,true,150,true,93,45,2026-05-11,Colorado Area,Buena Vista,Buena Vista,Colorado,81211,United States,mountains_lakes,https://www.airbnb.com/rooms/808673529644855531,https://a0.muscache.com/im/pictures/miso/Hosting-808673529644855531/original/be7572d4-bf81-44c5-a00f-5fcd7c43d031.jpeg,808673529644855531,3212294,38.84064,-106.11847,=AVERAGE($G$2:$G$182),=AVERAGE($D$2:$D$182),"=IFERROR(($AT80-G80)/$AT80,0)","=IFERROR(($AU80-D80)/$AU80,0)",=$AU80-D80
Three Elk Retreat,219665212,,32444,32444,190.85,86.29,365,3,3,6,false,false,true,true,true,false,false,Home/Apartment,House,House/villa,5,27,30,1,Luxury,false,325,false,170,3,2026-05-17,Colorado Area,Buena Vista,Buena Vista,Colorado,81211,United States,mountains_lakes,https://www.airbnb.com/rooms/895026935768454589,https://a0.muscache.com/im/pictures/miso/Hosting-895026935768454589/original/04fa3136-b624-4899-a907-84b5b7552f9f.jpeg,895026935768454589,,38.89425,-106.21379,=AVERAGE($G$2:$G$182),=AVERAGE($D$2:$D$182),"=IFERROR(($AT81-G81)/$AT81,0)","=IFERROR(($AU81-D81)/$AU81,0)",=$AU81-D81
"Altitude Adjustment Cabin, Great Location",Vista Court Cabins & Lodge,,32415,39113,257.26,42.86,294,2,1,3,false,false,false,true,true,true,false,Home/Apartment,Cabin,House/villa,4.75,4,1,6-20,Luxury,false,0,true,126,52,2026-05-11,Colorado Area,Buena Vista,Buena Vista,Colorado,81211,United States,mountains_lakes,https://www.airbnb.com/rooms/1329768519672632906,https://a0.muscache.com/im/pictures/miso/Hosting-1329768519672632906/original/5ab2e476-14dc-49de-af18-3185af3e697a.jpeg,1329768519672632906,,38.83946586,-106.1455188741,=AVERAGE($G$2:$G$182),=AVERAGE($D$2:$D$182),"=IFERROR(($AT82-G82)/$AT82,0)","=IFERROR(($AU82-D82)/$AU82,0)",=$AU82-D82
Our Humble Adobe,126652546,,32150,44111,263.52,89.05,137,2,2,5,false,false,true,true,true,false,false,Home/Apartment,House,House/villa,5,101,3,1,Luxury,true,149,false,122,18,2026-05-16,Colorado Area,Buena Vista,Buena Vista,Colorado,81211,United States,mountains_lakes,https://www.airbnb.com/rooms/18310709,https://a0.muscache.com/im/pictures/2c16e298-e3ef-4711-aac6-2a59dc749c06.jpg,18310709,,38.90486,-106.17012,=AVERAGE($G$2:$G$182),=AVERAGE($D$2:$D$182),"=IFERROR(($AT83-G83)/$AT83,0)","=IFERROR(($AU83-D83)/$AU83,0)",=$AU83-D83
Buffalo Peaks Lodge Arkansas River Cabin,157604433,,32082,33635,356.47,39.3,229,2,2,5,false,false,false,true,true,false,false,Home/Apartment,Cabin,House/villa,4.85,44,1,6-20,Luxury,false,125,true,90,33,2025-12-26,Colorado Area,Buena Vista,Buena Vista,Colorado,81211,United States,mountains_lakes,https://www.airbnb.com/rooms/38951465,https://a0.muscache.com/im/pictures/miso/Hosting-38951465/original/4418b0b2-1c7d-45a4-95b9-a7358584db62.jpeg,38951465,,38.85731,-106.13671,=AVERAGE($G$2:$G$182),=AVERAGE($D$2:$D$182),"=IFERROR(($AT84-G84)/$AT84,0)","=IFERROR(($AU84-D84)/$AU84,0)",=$AU84-D84
The Jackalope,3220525,,31848,46008,549.1,36.02,180,3,3,8,true,false,false,true,true,false,false,Home/Apartment,House,House/villa,4,1,2,21+,Luxury,true,2,true,58,19,2025-10-22,Colorado Area,Buena Vista,Buena Vista,Colorado,81211,United States,mountains_lakes,https://www.airbnb.com/rooms/547031558955205609,https://a0.muscache.com/im/pictures/miso/Hosting-547031558955205609/original/9fd10d3f-2869-4ade-86e0-c822b28429dd.jpeg,547031558955205609,,38.8421453,-106.1222383,=AVERAGE($G$2:$G$182),=AVERAGE($D$2:$D$182),"=IFERROR(($AT85-G85)/$AT85,0)","=IFERROR(($AU85-D85)/$AU85,0)",=$AU85-D85
801 Front Loop - Unit 2B,3220525,,31452,40007,425.03,54.01,137,2,1,6,false,false,false,true,false,false,false,Home/Apartment,Apartment,Apt/Condo/Loft,4.75,8,1,21+,Luxury,true,149,true,74,32,2026-05-11,Colorado Area,Buena Vista,Buena Vista,Colorado,81211,United States,mountains_lakes,https://www.airbnb.com/rooms/808658302113196348,https://a0.muscache.com/im/pictures/miso/Hosting-808658302113196348/original/808044b8-3273-40e0-a67f-2a40d3e40640.jpeg,808658302113196348,3212170,38.84013,-106.11954,=AVERAGE($G$2:$G$182),=AVERAGE($D$2:$D$182),"=IFERROR(($AT86-G86)/$AT86,0)","=IFERROR(($AU86-D86)/$AU86,0)",=$AU86-D86
Beat the Heat at Riverside Retreat in South Main,211044837,,31428,37063,341.61,32.74,328,2,2,6,true,false,false,true,true,false,false,Home/Apartment,Townhouse,Apt/Condo/Loft,5,58,2,1,Luxury,false,174,true,92,26,2026-05-13,Colorado Area,Buena Vista,Buena Vista,Colorado,81211,United States,mountains_lakes,https://www.airbnb.com/rooms/732036564732199212,https://a0.muscache.com/im/pictures/miso/Hosting-732036564732199212/original/de2b18d7-4b1c-4d1c-b71d-27876731082f.jpeg,732036564732199212,3071230,38.84171,-106.12026,=AVERAGE($G$2:$G$182),=AVERAGE($D$2:$D$182),"=IFERROR(($AT87-G87)/$AT87,0)","=IFERROR(($AU87-D87)/$AU87,0)",=$AU87-D87
Princeton View | New Listing!,Vista Point Services,,31296,37221,601.85,61.18,107,4,3,10,false,false,true,true,true,true,false,Home/Apartment,House,House/villa,4.8,61,2,21+,Luxury,true,215,false,52,15,2025-08-18,Colorado Area,Buena Vista,Buena Vista,Colorado,81211,United States,mountains_lakes,https://www.airbnb.com/rooms/868736708526633851,https://a0.muscache.com/im/pictures/miso/Hosting-868736708526633851/original/a88c319c-4b24-4988-8886-fd20cdd96ea8.jpeg,868736708526633851,,38.8182977,-106.1912468,=AVERAGE($G$2:$G$182),=AVERAGE($D$2:$D$182),"=IFERROR(($AT88-G88)/$AT88,0)","=IFERROR(($AU88-D88)/$AU88,0)",=$AU88-D88
"Game Room, Amazing Views and Space for Everyone",49427801,,30285,31224,364.88,30.07,359,3,3,8,false,false,false,true,true,true,false,Home/Apartment,House,House/villa,5,109,2,2-5,Luxury,false,124,false,83,23,2026-05-16,Colorado Area,Buena Vista,Buena Vista,Colorado,81211,United States,mountains_lakes,https://www.airbnb.com/rooms/33768884,https://a0.muscache.com/im/pictures/64dd2c9e-0c4b-4a55-bb44-bc5499016e9b.jpg,33768884,393315,38.84824,-106.16071,=AVERAGE($G$2:$G$182),=AVERAGE($D$2:$D$182),"=IFERROR(($AT89-G89)/$AT89,0)","=IFERROR(($AU89-D89)/$AU89,0)",=$AU89-D89
"Downtown, Near Arkansas River, Trails & South Main",6244187,,30256,30925,204.43,46.39,359,1,1,4,true,false,false,true,true,false,false,Home/Apartment,Apartment,Apt/Condo/Loft,4.95,31,2,6-20,Luxury,true,110,false,148,46,2026-05-16,Colorado Area,Buena Vista,Buena Vista,Colorado,81211,United States,mountains_lakes,https://www.airbnb.com/rooms/1365176282746896450,https://a0.muscache.com/im/pictures/hosting/Hosting-1365176282746896450/original/8fcd05cf-71f7-4f7b-8e49-5c187233c4d2.jpeg,1365176282746896450,4474433,38.8426568868,-106.1239574583,=AVERAGE($G$2:$G$182),=AVERAGE($D$2:$D$182),"=IFERROR(($AT90-G90)/$AT90,0)","=IFERROR(($AU90-D90)/$AU90,0)",=$AU90-D90
*Sweet Retreat*- one block to Main St.  STR-080,1381677,,29806,49818,372.57,43.24,295,3,2,8,false,false,false,true,true,true,false,Home/Apartment,House,House/villa,5,76,3,1,Luxury,false,200,false,80,17,2026-05-16,Colorado Area,Buena Vista,Buena Vista,Colorado,81211,United States,mountains_lakes,https://www.airbnb.com/rooms/37912890,https://a0.muscache.com/im/pictures/b0f5cbf2-113b-41b1-adad-2a6d3e698979.jpg,37912890,1728472,38.84431,-106.12848,=AVERAGE($G$2:$G$182),=AVERAGE($D$2:$D$182),"=IFERROR(($AT91-G91)/$AT91,0)","=IFERROR(($AU91-D91)/$AU91,0)",=$AU91-D91
Arkansas River Yurt + Breakfast (O),11981539,,29797,44898,263.69,76.87,147,1,1,5,false,false,false,false,true,true,false,Home/Apartment,Yurt,Unique,4.95,18,1,21+,Luxury,true,0,true,113,37,2026-05-13,Colorado Area,Buena Vista,Buena Vista,Colorado,81211,United States,mountains_lakes,https://www.airbnb.com/rooms/1176882823191768693,https://a0.muscache.com/im/pictures/prohost-api/Hosting-1176882823191768693/original/372ed152-2eb2-4fe7-a09a-0b8830f7a4aa.jpeg,1176882823191768693,,38.80669,-106.10693,=AVERAGE($G$2:$G$182),=AVERAGE($D$2:$D$182),"=IFERROR(($AT92-G92)/$AT92,0)","=IFERROR(($AU92-D92)/$AU92,0)",=$AU92-D92
Modern Buena Vista Home w/ Luxe Interior & Views!,Evolve,,29235,35455,400.48,39.46,296,3,2,6,false,false,false,true,true,false,false,Home/Apartment,House,House/villa,4.7,86,3,21+,Luxury,false,237,true,73,22,2026-05-16,Colorado Area,Buena Vista,Buena Vista,Colorado,81211,United States,mountains_lakes,https://www.airbnb.com/rooms/20253992,https://a0.muscache.com/im/pictures/prohost-api/Hosting-20253992/original/5a36a8d3-a34a-418c-8316-54f4ca01b53b.jpeg,20253992,4651381ha,38.8397,-106.1267,=AVERAGE($G$2:$G$182),=AVERAGE($D$2:$D$182),"=IFERROR(($AT93-G93)/$AT93,0)","=IFERROR(($AU93-D93)/$AU93,0)",=$AU93-D93
"Quaint 3-bedroom house, 2 blocks off Main in Buena Vista",,,28405,31041,443.83,36.16,181,3,3,6,false,false,false,false,false,false,false,Home/Apartment,House,House/villa,0,0,2,1,Luxury,false,140,true,64,20,2025-05-18,Colorado Area,Buena Vista,Buena Vista,Colorado,81211,United States,mountains_lakes,https://www.vrbo.com/4251390,https://media.vrbo.com/lodging/110000000/109940000/109939100/109939038/f7b99beb.jpg?impolicy=resizecrop&rw=1200&ra=fit,,4251390,38.845794,-106.133255,=AVERAGE($G$2:$G$182),=AVERAGE($D$2:$D$182),"=IFERROR(($AT94-G94)/$AT94,0)","=IFERROR(($AU94-D94)/$AU94,0)",=$AU94-D94
Pomeroy Cabin at Deer Valley Ranch,548561709,,28306,28843,393.14,28.24,346,3,2,9,false,false,false,true,true,true,true,Home/Apartment,Cabin,House/villa,4.3,7,2,21+,Luxury,false,202,false,72,25,2026-05-16,Colorado Area,Buena Vista,Nathrop,Colorado,81236,United States,mountains_lakes,https://www.airbnb.com/rooms/1034902539560697556,https://a0.muscache.com/im/pictures/miso/Hosting-1034902539560697556/original/67a7026e-e1e7-4689-9ae6-84384f065981.jpeg,1034902539560697556,3745354,38.7247,-106.1812,=AVERAGE($G$2:$G$182),=AVERAGE($D$2:$D$182),"=IFERROR(($AT95-G95)/$AT95,0)","=IFERROR(($AU95-D95)/$AU95,0)",=$AU95-D95
6 Free Hot Springs Passes &Views,57177634,,27908,29194,473.02,23.23,321,3,2,6,true,false,false,true,true,false,false,Home/Apartment,House,House/villa,5,18,2,2-5,Luxury,true,379,true,59,25,2026-05-15,Colorado Area,Buena Vista,Nathrop,Colorado,81236,United States,mountains_lakes,https://www.airbnb.com/rooms/1452219969305435428,https://a0.muscache.com/im/pictures/miso/Hosting-1452219969305435428/original/fa5dd0eb-5746-4f25-99e5-309319636d84.jpeg,1452219969305435428,4731215,38.7392,-106.1433,=AVERAGE($G$2:$G$182),=AVERAGE($D$2:$D$182),"=IFERROR(($AT96-G96)/$AT96,0)","=IFERROR(($AU96-D96)/$AU96,0)",=$AU96-D96
"Riverside Studio, Mountain Views",130957760,,27778,32693,283.45,46.01,216,,1,2,true,false,false,true,true,true,false,Home/Apartment,Guest house,House/villa,5,15,2,6-20,Luxury,false,150,false,98,28,2026-05-16,Colorado Area,Buena Vista,Buena Vista,Colorado,81211,United States,mountains_lakes,https://www.airbnb.com/rooms/880365594556768135,https://a0.muscache.com/im/pictures/miso/Hosting-880365594556768135/original/72a9a109-4256-4b28-8390-ca4dfd187f2b.jpeg,880365594556768135,,38.83032,-106.11266,=AVERAGE($G$2:$G$182),=AVERAGE($D$2:$D$182),"=IFERROR(($AT97-G97)/$AT97,0)","=IFERROR(($AU97-D97)/$AU97,0)",=$AU97-D97
668A Buzz,3220525,,27718,30698,338.02,41.62,197,1,1,4,false,false,false,true,false,false,false,Home/Apartment,Apartment,Apt/Condo/Loft,4.45,7,1,21+,Luxury,true,149,true,82,36,2026-05-13,Colorado Area,Buena Vista,Buena Vista,Colorado,81211,United States,mountains_lakes,https://www.airbnb.com/rooms/836267195618040197,https://a0.muscache.com/im/pictures/miso/Hosting-836267195618040197/original/9842f2d0-a35f-417c-a9b4-f671e1255ca2.jpeg,836267195618040197,3274839,38.84214,-106.12242,=AVERAGE($G$2:$G$182),=AVERAGE($D$2:$D$182),"=IFERROR(($AT98-G98)/$AT98,0)","=IFERROR(($AU98-D98)/$AU98,0)",=$AU98-D98
St. Elmo Cabin and Deer Valley Ranch,548561709,,27685,30086,321.92,37.89,328,2,2,6,false,false,false,true,true,true,true,Home/Apartment,Cabin,House/villa,5,3,2,21+,Luxury,false,150,false,86,31,2026-05-16,Colorado Area,Buena Vista,Nathrop,Colorado,81236,United States,mountains_lakes,https://www.airbnb.com/rooms/1036363307625746192,https://a0.muscache.com/im/pictures/miso/Hosting-1036363307625746192/original/eb52324b-e274-4a90-ab93-b725513aa273.jpeg,1036363307625746192,3748011,38.7247,-106.1812,=AVERAGE($G$2:$G$182),=AVERAGE($D$2:$D$182),"=IFERROR(($AT99-G99)/$AT99,0)","=IFERROR(($AU99-D99)/$AU99,0)",=$AU99-D99
Alpine Cabin at Deer Valley Ranch,548561709,,27220,29115,486.07,26.67,337,3,2,8,false,false,false,true,true,false,true,Home/Apartment,Cabin,House/villa,4.5,2,2,21+,Luxury,false,200,false,56,21,2026-04-18,Colorado Area,Buena Vista,Nathrop,Colorado,81236,United States,mountains_lakes,https://www.airbnb.com/rooms/1036445608417035420,https://a0.muscache.com/im/pictures/miso/Hosting-1036445608417035420/original/448ee8c1-eaf6-42ed-80a9-747d0d855057.jpeg,1036445608417035420,3748388,38.7247,-106.1812,=AVERAGE($G$2:$G$182),=AVERAGE($D$2:$D$182),"=IFERROR(($AT100-G100)/$AT100,0)","=IFERROR(($AU100-D100)/$AU100,0)",=$AU100-D100
You Found It!,482640652,,27065,27247,392.25,35.94,326,1,3,1,false,false,false,true,false,false,false,Home/Apartment,Cabin,House/villa,5,108,3,1,Luxury,false,275,false,69,14,2025-03-21,Colorado Area,Buena Vista,Nathrop,Colorado,81236,United States,mountains_lakes,https://www.airbnb.com/rooms/732542891504604770,https://a0.muscache.com/im/pictures/miso/Hosting-732542891504604770/original/79015218-a4e6-401c-9f34-2d064090ad35.jpeg,732542891504604770,110775,38.71323,-106.28435,=AVERAGE($G$2:$G$182),=AVERAGE($D$2:$D$182),"=IFERROR(($AT101-G101)/$AT101,0)","=IFERROR(($AU101-D101)/$AU101,0)",=$AU101-D101
NEW*Roof Top Chalet-Luxury Western Living- STR-308,416745086,,26983,28934,345.94,28.06,348,1,1,4,true,false,false,true,true,false,false,Home/Apartment,House,House/villa,5,24,2,2-5,Luxury,true,80,true,78,28,2026-05-14,Colorado Area,Buena Vista,Buena Vista,Colorado,81211,United States,mountains_lakes,https://www.airbnb.com/rooms/1414154811355667473,https://a0.muscache.com/im/pictures/hosting/Hosting-U3RheVN1cHBseUxpc3Rpbmc6MTQxNDE1NDgxMTM1NTY2NzQ3Mw==/original/40baa211-6a81-4b9b-8086-b6de2e14cba2.jpeg,1414154811355667473,4600043,38.842437644,-106.121122194,=AVERAGE($G$2:$G$182),=AVERAGE($D$2:$D$182),"=IFERROR(($AT102-G102)/$AT102,0)","=IFERROR(($AU102-D102)/$AU102,0)",=$AU102-D102
The Vista Haus,49615946,,25425,47362,270.48,87.85,115,2,2,6,false,false,false,true,true,false,false,Home/Apartment,Cabin,House/villa,4.95,53,2,1,Luxury,false,150,false,94,13,2026-05-13,Colorado Area,Buena Vista,Buena Vista,Colorado,81211,United States,mountains_lakes,https://www.airbnb.com/rooms/23702421,https://a0.muscache.com/im/pictures/509f7ebf-7344-481f-800d-d18fba16f311.jpg,23702421,,38.81202,-106.2001,=AVERAGE($G$2:$G$182),=AVERAGE($D$2:$D$182),"=IFERROR(($AT103-G103)/$AT103,0)","=IFERROR(($AU103-D103)/$AU103,0)",=$AU103-D103
 Breathtaking 360 Views Of The Collegiate Peaks GORGEOUS Loft +New gourmet Range,,,25248,33307,376.84,30.04,301,2,2,6,false,false,false,true,true,true,false,Home/Apartment,Cabin,House/villa,5,176,2,1,Luxury,false,185,false,67,14,2026-05-17,Colorado Area,Buena Vista,Buena Vista,Colorado,81211,United States,mountains_lakes,https://www.vrbo.com/4269339ha,https://media.vrbo.com/lodging/34000000/33560000/33555300/33555284/270-aa7d0a7c.jpg?impolicy=resizecrop&rw=1200&ra=fit,,4269339ha,38.9092,-106.16769,=AVERAGE($G$2:$G$182),=AVERAGE($D$2:$D$182),"=IFERROR(($AT104-G104)/$AT104,0)","=IFERROR(($AU104-D104)/$AU104,0)",=$AU104-D104
Charming Log Cabin Family-friendly Home Walking Distance to Town STR-045,,,24361,29033,392.92,58.49,128,3,2,7,false,false,false,true,true,false,false,Home/Apartment,House,House/villa,4.9,65,3,1,Luxury,false,200,true,62,16,2026-05-13,Colorado Area,Buena Vista,Buena Vista,Colorado,81211,United States,mountains_lakes,https://www.vrbo.com/2409272,https://media.vrbo.com/lodging/71000000/70040000/70038000/70037957/63c2d24c.jpg?impolicy=resizecrop&rw=1200&ra=fit,,2409272,38.836004,-106.13928,=AVERAGE($G$2:$G$182),=AVERAGE($D$2:$D$182),"=IFERROR(($AT105-G105)/$AT105,0)","=IFERROR(($AU105-D105)/$AU105,0)",=$AU105-D105
1002A River Park,3220525,,24171,25148,355.46,32.69,208,1,1,4,false,false,false,true,true,false,false,Home/Apartment,Apartment,Apt/Condo/Loft,4.65,3,1,21+,Luxury,true,152,true,68,33,2026-05-16,Colorado Area,Buena Vista,Buena Vista,Colorado,81211,United States,mountains_lakes,https://www.airbnb.com/rooms/547029127694581198,https://a0.muscache.com/im/pictures/miso/Hosting-547029127694581198/original/e1dabdc1-0749-4c7f-a443-01850e2b1a79.jpeg,547029127694581198,2634829,38.8411,-106.1203,=AVERAGE($G$2:$G$182),=AVERAGE($D$2:$D$182),"=IFERROR(($AT106-G106)/$AT106,0)","=IFERROR(($AU106-D106)/$AU106,0)",=$AU106-D106
Romley Cabin at Deer Valley Ranch,548561709,,24154,30484,409.39,32.96,250,3,3,8,false,false,false,true,true,true,true,Home/Apartment,Cabin,House/villa,5,1,2,21+,Luxury,false,200,false,59,24,2026-05-15,Colorado Area,Buena Vista,Nathrop,Colorado,81236,United States,mountains_lakes,https://www.airbnb.com/rooms/1034821798422548868,https://a0.muscache.com/im/pictures/miso/Hosting-1034821798422548868/original/10225fc0-6f77-4e79-82f7-206f252e3312.jpeg,1034821798422548868,3742466,38.7247,-106.1812,=AVERAGE($G$2:$G$182),=AVERAGE($D$2:$D$182),"=IFERROR(($AT107-G107)/$AT107,0)","=IFERROR(($AU107-D107)/$AU107,0)",=$AU107-D107
Swift Landing! Steps from River & Local Hotspots,Renjoy,,23754,27681,416.74,48.31,170,4,3,13,false,false,false,true,true,false,false,Home/Apartment,House,House/villa,5,1,3,21+,Luxury,false,401,false,57,17,2026-05-16,Colorado Area,Buena Vista,Buena Vista,Colorado,81211,United States,mountains_lakes,https://www.vrbo.com/4955434,https://media.vrbo.com/lodging/123000000/122970000/122967900/122967851/4a4b9a71.jpg?impolicy=resizecrop&rw=1200&ra=fit,,4955434,38.842939,-106.120741,=AVERAGE($G$2:$G$182),=AVERAGE($D$2:$D$182),"=IFERROR(($AT108-G108)/$AT108,0)","=IFERROR(($AU108-D108)/$AU108,0)",=$AU108-D108
Windswept Cabin In Town Location,Vista Court Cabins & Lodge,,23541,26598,309.75,63.33,127,,1,2,false,false,false,true,true,true,false,Home/Apartment,Cabin,House/villa,0,0,1,6-20,Luxury,false,0,true,76,28,2026-05-13,Colorado Area,Buena Vista,Buena Vista,Colorado,81211,United States,mountains_lakes,https://www.airbnb.com/rooms/1349484830074460832,https://a0.muscache.com/im/pictures/miso/Hosting-1349484830074460832/original/07bcff89-540b-4cc3-bf4e-185d7f3f8130.jpeg,1349484830074460832,,38.8386997394,-106.1456590587,=AVERAGE($G$2:$G$182),=AVERAGE($D$2:$D$182),"=IFERROR(($AT109-G109)/$AT109,0)","=IFERROR(($AU109-D109)/$AU109,0)",=$AU109-D109
'McCall Creekside Cabin' Secluded Buena Vista Gem!,Evolve,,23484,26387,293.55,64,160,2,2,6,false,false,false,true,true,false,false,Home/Apartment,Cabin,House/villa,4.9,65,2,21+,Luxury,false,237,true,80,17,2026-05-17,Colorado Area,Buena Vista,Buena Vista,Colorado,81211,United States,mountains_lakes,https://www.airbnb.com/rooms/1168045966370090716,https://a0.muscache.com/im/pictures/prohost-api/Hosting-1168045966370090716/original/a23a9093-5296-4a29-9fbf-82e5c5b94d78.jpeg,1168045966370090716,9967165ha,38.7566,-106.1833,=AVERAGE($G$2:$G$182),=AVERAGE($D$2:$D$182),"=IFERROR(($AT110-G110)/$AT110,0)","=IFERROR(($AU110-D110)/$AU110,0)",=$AU110-D110
South Main Chalet- 2 Units!,416745086,,23447,64930,976.96,21.43,197,4,3,10,true,false,false,true,true,false,false,Home/Apartment,House,House/villa,0,0,2,2-5,Luxury,true,253,true,24,8,2025-12-09,Colorado Area,Buena Vista,Buena Vista,Colorado,81211,United States,mountains_lakes,https://www.airbnb.com/rooms/1453332248400852818,https://a0.muscache.com/im/pictures/miso/Hosting-1453332248400852818/original/b3494219-cbf0-4b68-805e-e2b370fbda5d.jpeg,1453332248400852818,4668484,38.8420428,-106.1202357,=AVERAGE($G$2:$G$182),=AVERAGE($D$2:$D$182),"=IFERROR(($AT111-G111)/$AT111,0)","=IFERROR(($AU111-D111)/$AU111,0)",=$AU111-D111
3 Bd Apt on the Arkansas River w/ Mountain Views!,404530734,,23287,31912,298.55,36.62,294,3,1,6,false,false,false,true,true,true,false,Home/Apartment,Apartment,Apt/Condo/Loft,4.75,71,1,2-5,Luxury,true,50,true,78,39,2026-05-16,Colorado Area,Buena Vista,Buena Vista,Colorado,81211,United States,mountains_lakes,https://www.airbnb.com/rooms/50132534,https://a0.muscache.com/im/pictures/miso/Hosting-50132534/original/a4d69331-cc89-4555-8c39-a8ceef5bc6c7.jpeg,50132534,,38.80958,-106.11355,=AVERAGE($G$2:$G$182),=AVERAGE($D$2:$D$182),"=IFERROR(($AT112-G112)/$AT112,0)","=IFERROR(($AU112-D112)/$AU112,0)",=$AU112-D112
"Beautiful, brand new Apt. in quiet neighborhood.  Minutes from downtown BV",,,23267,30532,228.11,62.96,162,1,1,2,false,false,false,true,true,true,false,Home/Apartment,Apartment,Apt/Condo/Loft,5,3,3,1,Luxury,false,100,false,102,29,2025-10-06,Colorado Area,Buena Vista,Buena Vista,Colorado,81211,United States,mountains_lakes,https://www.vrbo.com/3396829,https://media.vrbo.com/lodging/94000000/93530000/93520800/93520773/207d0ee7.jpg?impolicy=resizecrop&rw=1200&ra=fit,,3396829,38.82961,-106.15235,=AVERAGE($G$2:$G$182),=AVERAGE($D$2:$D$182),"=IFERROR(($AT113-G113)/$AT113,0)","=IFERROR(($AU113-D113)/$AU113,0)",=$AU113-D113
"Charming historic loft close to restaurants, shopping and Arkansas river!",,,22959,27997,395.84,32.77,244,3,2,12,false,false,false,true,true,true,false,Home/Apartment,Apartment,Apt/Condo/Loft,4.9,36,3,1,Luxury,false,150,true,58,15,2026-05-13,Colorado Area,Buena Vista,Buena Vista,Colorado,81211,United States,mountains_lakes,https://www.vrbo.com/2741958,https://media.vrbo.com/lodging/77000000/76820000/76814700/76814632/c3411042.jpg?impolicy=resizecrop&rw=1200&ra=fit,,2741958,38.84259,-106.130153,=AVERAGE($G$2:$G$182),=AVERAGE($D$2:$D$182),"=IFERROR(($AT114-G114)/$AT114,0)","=IFERROR(($AU114-D114)/$AU114,0)",=$AU114-D114
Cozy Buena Vista Cottage near Downtown STR-139,55723542,,22399,24119,290.9,47.53,163,2,1,6,true,false,false,true,true,true,false,Home/Apartment,House,House/villa,5,126,2,1,Luxury,true,150,true,77,25,2025-06-27,Colorado Area,Buena Vista,Buena Vista,Colorado,81211,United States,mountains_lakes,https://www.airbnb.com/rooms/48215662,https://a0.muscache.com/im/pictures/miso/Hosting-48215662/original/9b093a0a-66a7-496c-919e-6a1737d3ebef.jpeg,48215662,2213321,38.84265,-106.13677,=AVERAGE($G$2:$G$182),=AVERAGE($D$2:$D$182),"=IFERROR(($AT115-G115)/$AT115,0)","=IFERROR(($AU115-D115)/$AU115,0)",=$AU115-D115
Log Cabin with Direct Access to Cottonwood Creek,404036895,,22376,34784,399.57,43.41,138,3,2,6,false,false,false,true,true,false,false,Home/Apartment,Cabin,House/villa,5,115,3,2-5,Luxury,false,150,false,56,17,2024-03-26,Colorado Area,Buena Vista,Buena Vista,Colorado,81211,United States,mountains_lakes,https://www.airbnb.com/rooms/904441797859164572,https://a0.muscache.com/im/pictures/miso/Hosting-904441797859164572/original/73f9686f-32f5-4a98-bb4e-32d60b5530e8.jpeg?aki_policy=x_large,904441797859164572,1979479,38.82429,-106.18456,=AVERAGE($G$2:$G$182),=AVERAGE($D$2:$D$182),"=IFERROR(($AT116-G116)/$AT116,0)","=IFERROR(($AU116-D116)/$AU116,0)",=$AU116-D116
The Sun House • Walk to Main St! • Hot Tub!,101500955,,21714,30462,310.2,57.85,121,2,1,4,true,false,true,true,true,false,false,Home/Apartment,House,House/villa,5,108,1,1,Luxury,false,110,false,70,26,2026-02-10,Colorado Area,Buena Vista,Buena Vista,Colorado,81211,United States,mountains_lakes,https://www.airbnb.com/rooms/26468910,https://a0.muscache.com/im/pictures/miso/Hosting-26468910/original/ec3c1c0c-175f-46e0-98c4-5714642c1255.jpeg,26468910,,38.84233,-106.13587,=AVERAGE($G$2:$G$182),=AVERAGE($D$2:$D$182),"=IFERROR(($AT117-G117)/$AT117,0)","=IFERROR(($AU117-D117)/$AU117,0)",=$AU117-D117
Triple R Retreat on the Golf Course,125556644,,21649,26520,191.58,71.52,159,1,1,2,true,false,true,true,true,false,false,Home/Apartment,Guest suite,House/villa,5,122,2,1,Luxury,true,74,false,113,24,2026-05-16,Colorado Area,Buena Vista,Buena Vista,Colorado,81211,United States,mountains_lakes,https://www.airbnb.com/rooms/18193251,https://a0.muscache.com/im/pictures/1013908b-7072-4019-832a-e3793e8227f4.jpg,18193251,,38.8387,-106.1627,=AVERAGE($G$2:$G$182),=AVERAGE($D$2:$D$182),"=IFERROR(($AT118-G118)/$AT118,0)","=IFERROR(($AU118-D118)/$AU118,0)",=$AU118-D118
Casa de Catalina - EV charger - ST284,44104750,,21313,32842,409.87,22.91,300,2,2,4,false,false,false,true,true,false,false,Home/Apartment,House,House/villa,5,8,1,6-20,Luxury,true,119,false,52,19,2026-05-17,Colorado Area,Buena Vista,Buena Vista,Colorado,81211,United States,mountains_lakes,https://www.airbnb.com/rooms/1186552463654226083,https://a0.muscache.com/im/pictures/miso/Hosting-1186552463654226083/original/6d34dbc8-7549-4991-b4b6-d417af9a221b.jpeg,1186552463654226083,,38.8377168484,-106.140617225,=AVERAGE($G$2:$G$182),=AVERAGE($D$2:$D$182),"=IFERROR(($AT119-G119)/$AT119,0)","=IFERROR(($AU119-D119)/$AU119,0)",=$AU119-D119
"River Park Retreat! Walk to River, Trails & Town",Renjoy,,21028,25390,223.7,74.02,147,2,2,10,false,false,false,true,true,false,false,Home/Apartment,House,House/villa,4.85,18,3,21+,Luxury,false,290,true,94,27,2026-05-15,Colorado Area,Buena Vista,Buena Vista,Colorado,81211,United States,mountains_lakes,https://www.airbnb.com/rooms/1556693084068011467,https://a0.muscache.com/im/pictures/prohost-api/Hosting-1556693084068011467/original/70abe949-1343-4695-8b40-66f94107fba1.jpeg,1556693084068011467,2793914,38.8411,-106.1203,=AVERAGE($G$2:$G$182),=AVERAGE($D$2:$D$182),"=IFERROR(($AT120-G120)/$AT120,0)","=IFERROR(($AU120-D120)/$AU120,0)",=$AU120-D120
Wrangler's Cabin at Deer Valley,548561709,,20861,25521,386.31,36.24,269,2,1,5,false,false,false,true,true,false,true,Home/Apartment,House,House/villa,5,1,2,21+,Luxury,false,150,false,54,18,2026-05-16,Colorado Area,Buena Vista,Nathrop,Colorado,81236,United States,mountains_lakes,https://www.airbnb.com/rooms/1321186305331350881,https://a0.muscache.com/im/pictures/miso/Hosting-1321186305331350881/original/8a6eba45-f076-477d-9792-70733c210ccc.jpeg,1321186305331350881,4412859,38.72529,-106.18073,=AVERAGE($G$2:$G$182),=AVERAGE($D$2:$D$182),"=IFERROR(($AT121-G121)/$AT121,0)","=IFERROR(($AU121-D121)/$AU121,0)",=$AU121-D121
Glamours River Yurt  + Breakfast (F),11981539,,20812,36326,273.84,56.3,135,1,1,4,false,false,false,true,true,true,false,Home/Apartment,Yurt,Unique,4.95,59,1,21+,Luxury,true,0,true,76,32,2026-05-16,Colorado Area,Buena Vista,Buena Vista,Colorado,81211,United States,mountains_lakes,https://www.airbnb.com/rooms/965543768218463957,https://a0.muscache.com/im/pictures/miso/Hosting-934221615487513444/original/028efb11-0239-4d2d-8cc1-60cf0565faa6.jpeg,965543768218463957,,38.80702,-106.10567,=AVERAGE($G$2:$G$182),=AVERAGE($D$2:$D$182),"=IFERROR(($AT122-G122)/$AT122,0)","=IFERROR(($AU122-D122)/$AU122,0)",=$AU122-D122
Glamours River Yurt + Breakfast (M),11981539,,20629,40831,234.42,72.73,122,1,1,3,false,false,false,true,true,true,false,Home/Apartment,Yurt,Unique,5,59,1,21+,Luxury,true,0,true,88,38,2026-05-16,Colorado Area,Buena Vista,Buena Vista,Colorado,81211,United States,mountains_lakes,https://www.airbnb.com/rooms/901080641101399504,https://a0.muscache.com/im/pictures/miso/Hosting-857989849634026083/original/f03185ad-b1ab-46b0-8743-7c46255a5389.png,901080641101399504,,38.80737,-106.10474,=AVERAGE($G$2:$G$182),=AVERAGE($D$2:$D$182),"=IFERROR(($AT123-G123)/$AT123,0)","=IFERROR(($AU123-D123)/$AU123,0)",=$AU123-D123
River Trail Retreat - a charming garden apt STR148,120436103,,20472,53019,222.52,100,107,1,1,4,false,false,false,true,false,false,false,Home/Apartment,Apartment,Apt/Condo/Loft,4.95,265,2,6-20,Luxury,true,75,false,92,24,2026-05-16,Colorado Area,Buena Vista,Buena Vista,Colorado,81211,United States,mountains_lakes,https://www.airbnb.com/rooms/19791112,https://a0.muscache.com/im/pictures/9e12a7b8-03ea-48e9-85a2-9a4fb8536db4.jpg,19791112,1150538,38.8429,-106.1206,=AVERAGE($G$2:$G$182),=AVERAGE($D$2:$D$182),"=IFERROR(($AT124-G124)/$AT124,0)","=IFERROR(($AU124-D124)/$AU124,0)",=$AU124-D124
"Peaceful Mountain getaway, 3 bath, Spectacular views!  Coffee in the cupboard!",,,20237,28042,613.24,37.93,265,4,3,8,false,false,false,true,true,false,false,Home/Apartment,House,House/villa,5,103,2,1,Luxury,false,165,false,33,9,2026-02-01,Colorado Area,Buena Vista,Buena Vista,Colorado,81211,United States,mountains_lakes,https://www.vrbo.com/1184073,https://media.vrbo.com/lodging/35000000/34090000/34082400/34082302/1004ccea.jpg?impolicy=resizecrop&rw=1200&ra=fit,,1184073,38.85587,-106.19642,=AVERAGE($G$2:$G$182),=AVERAGE($D$2:$D$182),"=IFERROR(($AT125-G125)/$AT125,0)","=IFERROR(($AU125-D125)/$AU125,0)",=$AU125-D125
Arkansas River Yurt + Breakfast (D),11981539,,20200,29912,219.57,60.13,153,1,1,2,false,false,false,false,true,true,false,Home/Apartment,Yurt,Unique,4.95,123,1,21+,Luxury,true,0,true,92,55,2026-05-16,Colorado Area,Buena Vista,Buena Vista,Colorado,81211,United States,mountains_lakes,https://www.airbnb.com/rooms/857989849634026083,https://a0.muscache.com/im/pictures/2926e0ee-1e30-449a-b5bc-c13890b420d1.jpg,857989849634026083,,38.80809,-106.10597,=AVERAGE($G$2:$G$182),=AVERAGE($D$2:$D$182),"=IFERROR(($AT126-G126)/$AT126,0)","=IFERROR(($AU126-D126)/$AU126,0)",=$AU126-D126
Whitewater Peak! Cozy Retreat with Scenic Views,Renjoy,,19729,28214,411.02,52.75,100,1,1,4,true,false,false,true,true,true,false,Home/Apartment,House,House/villa,3.35,6,2,21+,Luxury,false,200,false,48,16,2025-07-04,Colorado Area,Buena Vista,Buena Vista,Colorado,81211,United States,mountains_lakes,https://www.airbnb.com/rooms/1213251554710802960,https://a0.muscache.com/im/pictures/prohost-api/Hosting-1213251554710802960/original/ddcadc54-020c-4189-9927-91f721346aa1.jpeg,1213251554710802960,,38.8420846,-106.1223883,=AVERAGE($G$2:$G$182),=AVERAGE($D$2:$D$182),"=IFERROR(($AT127-G127)/$AT127,0)","=IFERROR(($AU127-D127)/$AU127,0)",=$AU127-D127
Glamours River Yurt + Breakfast (N),11981539,,19359,40853,219.99,73.33,121,1,1,2,false,false,false,false,true,true,false,Home/Apartment,Yurt,Unique,4.9,64,1,21+,Luxury,true,0,true,88,36,2026-05-16,Colorado Area,Buena Vista,Buena Vista,Colorado,81211,United States,mountains_lakes,https://www.airbnb.com/rooms/924818173669520298,https://a0.muscache.com/im/pictures/e6822cf6-588e-4dba-ab60-3feef8f783bf.jpg,924818173669520298,,38.8088,-106.10511,=AVERAGE($G$2:$G$182),=AVERAGE($D$2:$D$182),"=IFERROR(($AT128-G128)/$AT128,0)","=IFERROR(($AU128-D128)/$AU128,0)",=$AU128-D128
Mountain Town Getaway STR-046,44104750,,19335,31812,184.14,73.43,173,1,1,4,true,false,false,true,true,false,false,Home/Apartment,Apartment,Apt/Condo/Loft,5,68,1,6-20,Luxury,true,90,false,105,6,2026-05-13,Colorado Area,Buena Vista,Buena Vista,Colorado,81211,United States,mountains_lakes,https://www.airbnb.com/rooms/45220049,https://a0.muscache.com/im/pictures/4c673377-1905-4521-a1cd-f43857ed3273.jpg,45220049,,38.83732,-106.14041,=AVERAGE($G$2:$G$182),=AVERAGE($D$2:$D$182),"=IFERROR(($AT129-G129)/$AT129,0)","=IFERROR(($AU129-D129)/$AU129,0)",=$AU129-D129
Glamours River Yurt + Breakfast (H),11981539,,19106,31871,261.73,61.86,120,1,1,5,false,false,false,true,true,true,false,Home/Apartment,Yurt,Unique,5,89,1,21+,Luxury,true,0,true,73,37,2026-05-17,Colorado Area,Buena Vista,Buena Vista,Colorado,81211,United States,mountains_lakes,https://www.airbnb.com/rooms/901056259977494395,https://a0.muscache.com/im/pictures/5e2c9752-ba95-4c72-8860-603f22b59d60.jpg,901056259977494395,,38.80751,-106.10554,=AVERAGE($G$2:$G$182),=AVERAGE($D$2:$D$182),"=IFERROR(($AT130-G130)/$AT130,0)","=IFERROR(($AU130-D130)/$AU130,0)",=$AU130-D130
Arkansas River Cabin + Breakfast - B,11981539,,18867,31041,230.09,60.74,135,1,1,2,false,false,false,true,true,true,false,Home/Apartment,Cabin,House/villa,4.9,167,1,21+,Luxury,true,0,true,82,40,2026-05-13,Colorado Area,Buena Vista,Buena Vista,Colorado,81211,United States,mountains_lakes,https://www.airbnb.com/rooms/858328356082074922,https://a0.muscache.com/im/pictures/miso/Hosting-858215316099643489/original/73a8849e-0ff7-45f4-bd1b-4d4206f07b09.jpeg,858328356082074922,3329229,38.80701,-106.10512,=AVERAGE($G$2:$G$182),=AVERAGE($D$2:$D$182),"=IFERROR(($AT131-G131)/$AT131,0)","=IFERROR(($AU131-D131)/$AU131,0)",=$AU131-D131
Iconic Log Cabin w/ Wood Burning Hot Tub & Views!,108981232,,18740,21404,360.38,27.66,289,2,1,4,true,false,false,true,true,false,false,Home/Apartment,Cabin,House/villa,4.95,42,2,2-5,Luxury,true,151,false,52,16,2026-05-15,Colorado Area,Buena Vista,Nathrop,Colorado,81236,United States,mountains_lakes,https://www.airbnb.com/rooms/634028170136590755,https://a0.muscache.com/im/pictures/miso/Hosting-634028170136590755/original/2c67dce2-7e1c-47cc-a284-724df170770d.jpeg,634028170136590755,3274600,38.71588,-106.27271,=AVERAGE($G$2:$G$182),=AVERAGE($D$2:$D$182),"=IFERROR(($AT132-G132)/$AT132,0)","=IFERROR(($AU132-D132)/$AU132,0)",=$AU132-D132
Cozy Buena Vista Apartment < 4 Mi to Main Street!,Evolve,,18451,35890,256.26,61.02,241,1,1,5,false,false,false,true,true,false,false,Home/Apartment,Apartment,Apt/Condo/Loft,4.95,29,2,21+,Luxury,false,326,true,72,10,2026-05-16,Colorado Area,Buena Vista,Buena Vista,Colorado,81211,United States,mountains_lakes,https://www.airbnb.com/rooms/20633463,https://a0.muscache.com/im/pictures/prohost-api/Hosting-20633463/original/d5481e2a-e4b8-4b60-85b5-11c0034b4fab.jpeg,20633463,4677319ha,38.848,-106.1873,=AVERAGE($G$2:$G$182),=AVERAGE($D$2:$D$182),"=IFERROR(($AT133-G133)/$AT133,0)","=IFERROR(($AU133-D133)/$AU133,0)",=$AU133-D133
Glamours River Yurt + Breakfast (G),11981539,,18438,23922,279.36,47.14,140,1,1,4,false,false,false,false,true,true,false,Home/Apartment,Yurt,Unique,4.85,73,1,21+,Luxury,true,0,true,66,28,2026-05-17,Colorado Area,Buena Vista,Buena Vista,Colorado,81211,United States,mountains_lakes,https://www.airbnb.com/rooms/967009199141984469,https://a0.muscache.com/im/pictures/miso/Hosting-934221615487513444/original/028efb11-0239-4d2d-8cc1-60cf0565faa6.jpeg,967009199141984469,,38.80842,-106.10509,=AVERAGE($G$2:$G$182),=AVERAGE($D$2:$D$182),"=IFERROR(($AT134-G134)/$AT134,0)","=IFERROR(($AU134-D134)/$AU134,0)",=$AU134-D134
Mountain View Yurt + Breakfast (Q),11981539,,18378,23671,213.7,75.44,123,1,1,4,false,false,false,false,true,true,false,Home/Apartment,Yurt,Unique,4.95,30,1,21+,Luxury,true,0,true,86,39,2026-05-17,Colorado Area,Buena Vista,Buena Vista,Colorado,81211,United States,mountains_lakes,https://www.airbnb.com/rooms/1437802620415071481,https://a0.muscache.com/im/pictures/prohost-api/Hosting-1437802620415071481/original/742bd906-9fc5-4a78-9b4b-87572412cada.jpeg,1437802620415071481,,38.80888,-106.10569,=AVERAGE($G$2:$G$182),=AVERAGE($D$2:$D$182),"=IFERROR(($AT135-G135)/$AT135,0)","=IFERROR(($AU135-D135)/$AU135,0)",=$AU135-D135
Romantic Mountain Chalet on the Arkansas River!,11981539,,18212,21523,404.71,20.09,296,1,1,2,true,false,true,true,true,true,false,Home/Apartment,Tiny house,Unique,5,22,1,21+,Luxury,true,0,false,45,31,2026-05-15,Colorado Area,Buena Vista,Buena Vista,Colorado,81211,United States,mountains_lakes,https://www.airbnb.com/rooms/1438087484612071813,https://a0.muscache.com/im/pictures/hosting/Hosting-1438087484612071813/original/fd619331-5e41-41a3-9746-de4a47d09810.jpeg,1438087484612071813,4718973,38.80923,-106.10509,=AVERAGE($G$2:$G$182),=AVERAGE($D$2:$D$182),"=IFERROR(($AT136-G136)/$AT136,0)","=IFERROR(($AU136-D136)/$AU136,0)",=$AU136-D136
Arkansas River Cabin + Breakfast (A),11981539,,17803,27906,217.11,59.42,147,1,1,2,false,false,false,true,true,true,false,Home/Apartment,Cabin,House/villa,4.9,106,1,21+,Luxury,true,0,true,82,33,2026-05-16,Colorado Area,Buena Vista,Buena Vista,Colorado,81211,United States,mountains_lakes,https://www.airbnb.com/rooms/858215316099643489,https://a0.muscache.com/im/pictures/miso/Hosting-858215316099643489/original/d06d5469-81ea-44a1-b59f-a152810077b9.jpeg,858215316099643489,3329232,38.80795,-106.10426,=AVERAGE($G$2:$G$182),=AVERAGE($D$2:$D$182),"=IFERROR(($AT137-G137)/$AT137,0)","=IFERROR(($AU137-D137)/$AU137,0)",=$AU137-D137
Swift Landing! Steps from River & Local Hotspots,Renjoy,,17738,28583,506.8,37.23,134,4,3,13,false,false,false,true,true,false,false,Home/Apartment,House,House/villa,5,43,3,21+,Luxury,false,464,true,35,14,2026-05-15,Colorado Area,Buena Vista,Buena Vista,Colorado,81211,United States,mountains_lakes,https://www.airbnb.com/rooms/1556693515854475718,https://a0.muscache.com/im/pictures/prohost-api/Hosting-1556693515854475718/original/5c5fe916-5fd2-4d5c-9e8b-43ed177a8214.jpeg,1556693515854475718,9972885ha,38.8429,-106.1207,=AVERAGE($G$2:$G$182),=AVERAGE($D$2:$D$182),"=IFERROR(($AT138-G138)/$AT138,0)","=IFERROR(($AU138-D138)/$AU138,0)",=$AU138-D138
Luxe Casita with Mountain Views,14376166,,17318,19700,402.74,25.6,301,2,1,4,true,false,false,true,false,false,false,Home/Apartment,House,House/villa,5,12,3,2-5,Luxury,true,106,false,43,15,2026-05-15,Colorado Area,Buena Vista,Buena Vista,Colorado,81211,United States,mountains_lakes,https://www.airbnb.com/rooms/1436929456984349039,https://a0.muscache.com/im/pictures/hosting/Hosting-1436929456984349039/original/39ab3d5f-fc21-44c7-ab16-5e33cb4de05d.jpeg,1436929456984349039,,38.8421,-106.1203,=AVERAGE($G$2:$G$182),=AVERAGE($D$2:$D$182),"=IFERROR(($AT139-G139)/$AT139,0)","=IFERROR(($AU139-D139)/$AU139,0)",=$AU139-D139
Glamping the Arkansas River+Breakfast (K),11981539,,17178,32020,204.5,86.6,104,1,1,2,false,false,false,true,true,true,false,Home/Apartment,Yurt,Unique,5,96,1,21+,Luxury,true,0,true,84,40,2026-05-13,Colorado Area,Buena Vista,Buena Vista,Colorado,81211,United States,mountains_lakes,https://www.airbnb.com/rooms/892193752514137186,https://a0.muscache.com/im/pictures/hosting/Hosting-892193752514137186/original/c5dcfca6-0834-4b04-bc0e-a3d9e517eb8f.jpeg,892193752514137186,,38.80832,-106.10459,=AVERAGE($G$2:$G$182),=AVERAGE($D$2:$D$182),"=IFERROR(($AT140-G140)/$AT140,0)","=IFERROR(($AU140-D140)/$AU140,0)",=$AU140-D140
2 King Beds-EV Charger-Toy Trailer Parking-Views,6968400,,16818,20327,243.74,40.35,251,2,2,5,false,false,false,true,true,false,false,Home/Apartment,House,House/villa,4.9,9,2,1,Luxury,true,186,false,69,13,2026-05-15,Colorado Area,Buena Vista,Buena Vista,Colorado,81211,United States,mountains_lakes,https://www.airbnb.com/rooms/1436223237664297986,https://a0.muscache.com/im/pictures/hosting/Hosting-1436223237664297986/original/30d52027-517e-46da-bd4c-dc95d9af84c7.jpeg,1436223237664297986,,38.8275,-106.1802,=AVERAGE($G$2:$G$182),=AVERAGE($D$2:$D$182),"=IFERROR(($AT141-G141)/$AT141,0)","=IFERROR(($AU141-D141)/$AU141,0)",=$AU141-D141
River Front Yurt + Breakfast (E),11981539,,16624,29539,255.75,46.76,140,1,1,4,false,false,false,true,true,true,false,Home/Apartment,Yurt,Unique,4.95,92,1,21+,Luxury,true,0,true,65,29,2026-05-16,Colorado Area,Buena Vista,Buena Vista,Colorado,81211,United States,mountains_lakes,https://www.airbnb.com/rooms/934221615487513444,https://a0.muscache.com/im/pictures/miso/Hosting-934221615487513444/original/028efb11-0239-4d2d-8cc1-60cf0565faa6.jpeg,934221615487513444,,38.80722,-106.10472,=AVERAGE($G$2:$G$182),=AVERAGE($D$2:$D$182),"=IFERROR(($AT142-G142)/$AT142,0)","=IFERROR(($AU142-D142)/$AU142,0)",=$AU142-D142
Glamours River Yurt + Breakfast (L),11981539,,16236,24061,180.4,72,125,1,1,2,false,false,false,true,true,true,false,Home/Apartment,Yurt,Unique,4.85,53,1,21+,Luxury,true,0,true,90,27,2026-05-16,Colorado Area,Buena Vista,Buena Vista,Colorado,81211,United States,mountains_lakes,https://www.airbnb.com/rooms/872680757104910635,https://a0.muscache.com/im/pictures/miso/Hosting-857989849634026083/original/b22a3639-5be4-45bd-9805-462eee15e10e.png,872680757104910635,,38.80864,-106.10458,=AVERAGE($G$2:$G$182),=AVERAGE($D$2:$D$182),"=IFERROR(($AT143-G143)/$AT143,0)","=IFERROR(($AU143-D143)/$AU143,0)",=$AU143-D143
Arkansas River Yurt + Breakfast (P),11981539,,16126,24361,268.77,58.82,111,1,1,5,false,false,false,false,true,true,false,Home/Apartment,Yurt,Unique,5,10,1,21+,Luxury,true,0,true,60,29,2026-05-17,Colorado Area,Buena Vista,Buena Vista,Colorado,81211,United States,mountains_lakes,https://www.airbnb.com/rooms/1437800105323816014,https://a0.muscache.com/im/pictures/prohost-api/Hosting-1437800105323816014/original/d8337332-1a05-41f5-8c32-c9a87e617a69.jpeg,1437800105323816014,,38.80872,-106.10489,=AVERAGE($G$2:$G$182),=AVERAGE($D$2:$D$182),"=IFERROR(($AT144-G144)/$AT144,0)","=IFERROR(($AU144-D144)/$AU144,0)",=$AU144-D144
Glamours River Yurt + Breakfast (J),11981539,,15911,29943,189.42,70,120,1,1,2,false,false,false,true,true,true,false,Home/Apartment,Yurt,Unique,5,63,1,21+,Luxury,true,0,true,84,34,2026-05-17,Colorado Area,Buena Vista,Buena Vista,Colorado,81211,United States,mountains_lakes,https://www.airbnb.com/rooms/894355286353477572,https://a0.muscache.com/im/pictures/miso/Hosting-857989849634026083/original/b22a3639-5be4-45bd-9805-462eee15e10e.png,894355286353477572,,38.80879,-106.1049,=AVERAGE($G$2:$G$182),=AVERAGE($D$2:$D$182),"=IFERROR(($AT145-G145)/$AT145,0)","=IFERROR(($AU145-D145)/$AU145,0)",=$AU145-D145
"PARADISE!  Ride-In/Ride-Out Cabin located in St. Elmo, CO.  STR Permit#: 005594",,,15562,21340,389.05,57.14,113,2,2,4,false,false,false,true,true,true,false,Home/Apartment,Cabin,House/villa,5,47,4,1,Luxury,false,225,false,40,11,2026-05-17,Colorado Area,Buena Vista,Nathrop,Colorado,81236,United States,mountains_lakes,https://www.vrbo.com/1360276,https://media.vrbo.com/lodging/32000000/31880000/31878700/31878657/50422547.jpg?impolicy=resizecrop&rw=1200&ra=fit,,1360276,38.703624,-106.345224,=AVERAGE($G$2:$G$182),=AVERAGE($D$2:$D$182),"=IFERROR(($AT146-G146)/$AT146,0)","=IFERROR(($AU146-D146)/$AU146,0)",=$AU146-D146
Luxury RV at Snowy Peaks RV Park,103602672,,15453,15989,186.18,52.53,180,1,1,6,true,false,false,true,true,false,false,Home/Apartment,Camper/RV,Unique,5,1,1,2-5,Luxury,false,0,false,83,24,2026-05-15,Colorado Area,Buena Vista,Buena Vista,Colorado,81211,United States,mountains_lakes,https://www.airbnb.com/rooms/1101717560675331887,https://a0.muscache.com/im/pictures/hosting/Hosting-U3RheVN1cHBseUxpc3Rpbmc6MTEwMTcxNzU2MDY3NTMzMTg4Nw==/original/5d3ab686-da6c-434c-8822-ac988ce82b29.jpeg,1101717560675331887,,38.8609,-106.1456,=AVERAGE($G$2:$G$182),=AVERAGE($D$2:$D$182),"=IFERROR(($AT147-G147)/$AT147,0)","=IFERROR(($AU147-D147)/$AU147,0)",=$AU147-D147
Glamours River Yurt + Breakfast (I),11981539,,14907,24368,248.45,56.07,111,1,1,2,false,false,false,true,true,true,false,Home/Apartment,Yurt,Unique,4.95,76,1,21+,Luxury,true,0,true,60,31,2026-05-16,Colorado Area,Buena Vista,Buena Vista,Colorado,81211,United States,mountains_lakes,https://www.airbnb.com/rooms/893780859453462246,https://a0.muscache.com/im/pictures/miso/Hosting-893780859453462246/original/6c3650a1-6f5f-43db-a585-66e5f701f8c2.jpeg,893780859453462246,,38.80848,-106.10435,=AVERAGE($G$2:$G$182),=AVERAGE($D$2:$D$182),"=IFERROR(($AT148-G148)/$AT148,0)","=IFERROR(($AU148-D148)/$AU148,0)",=$AU148-D148
Newer Build-Just a Block to Main St.-Mountain Views,,,14512,15033,226.75,58.72,211,1,1,4,true,false,false,true,true,false,false,Home/Apartment,Condominium (condo),Apt/Condo/Loft,5,73,3,1,Luxury,false,99,true,64,19,2026-05-16,Colorado Area,Buena Vista,Buena Vista,Colorado,81211,United States,mountains_lakes,https://www.vrbo.com/2250593,https://media.vrbo.com/lodging/67000000/66170000/66166800/66166770/d46b02df.jpg?impolicy=resizecrop&rw=1200&ra=fit,,2250593,38.845445,-106.12723,=AVERAGE($G$2:$G$182),=AVERAGE($D$2:$D$182),"=IFERROR(($AT149-G149)/$AT149,0)","=IFERROR(($AU149-D149)/$AU149,0)",=$AU149-D149
Great Place on the river,1494939,,14094,28169,640.64,28.95,302,3,2,6,false,false,true,true,false,true,false,Home/Apartment,House,House/villa,3.5,6,2,21+,Luxury,false,351,false,22,6,2026-05-10,Colorado Area,Buena Vista,Buena Vista,Colorado,81211,United States,mountains_lakes,https://www.airbnb.com/rooms/989705031231883872,https://a0.muscache.com/im/pictures/hosting/Hosting-989705031231883872/original/dd7f18f1-8fcd-483a-97e6-ccfff5535a9c.jpeg,989705031231883872,3976403,38.83173,-106.11292,=AVERAGE($G$2:$G$182),=AVERAGE($D$2:$D$182),"=IFERROR(($AT150-G150)/$AT150,0)","=IFERROR(($AU150-D150)/$AU150,0)",=$AU150-D150
Blue Tiny House Getaway at Deer Valley w/ Geothermal pools & more!,,,13872,16272,201.04,35.75,211,1,1,3,true,false,true,true,true,false,true,Home/Apartment,House,House/villa,4.8,4,2,1,Luxury,false,75,false,69,22,2025-11-15,Colorado Area,Buena Vista,Nathrop,Colorado,81236,United States,mountains_lakes,https://www.vrbo.com/4147835,https://media.vrbo.com/lodging/108000000/107850000/107846300/107846297/0f76feeb.jpg?impolicy=resizecrop&rw=1200&ra=fit,,4147835,38.716263,-106.21902,=AVERAGE($G$2:$G$182),=AVERAGE($D$2:$D$182),"=IFERROR(($AT151-G151)/$AT151,0)","=IFERROR(($AU151-D151)/$AU151,0)",=$AU151-D151
Mountain View Yurt + Breakfast (S),11981539,,13715,18459,228.58,59.41,110,1,1,4,false,false,false,false,true,true,false,Home/Apartment,Yurt,Unique,4.95,25,1,21+,Luxury,true,0,true,60,34,2026-05-17,Colorado Area,Buena Vista,Buena Vista,Colorado,81211,United States,mountains_lakes,https://www.airbnb.com/rooms/1437805140380500581,https://a0.muscache.com/im/pictures/prohost-api/Hosting-1437805140380500581/original/08a39de0-75c9-4b24-950e-d4d2f77ae09e.jpeg,1437805140380500581,,38.8075958654,-106.1045601533,=AVERAGE($G$2:$G$182),=AVERAGE($D$2:$D$182),"=IFERROR(($AT152-G152)/$AT152,0)","=IFERROR(($AU152-D152)/$AU152,0)",=$AU152-D152
Princeton Retreat,Escape to the Mountains,,13595,22397,295.54,45.54,249,2,2,6,false,false,false,true,true,false,false,Home/Apartment,House,House/villa,4.9,61,3,21+,Luxury,true,175,false,46,11,2026-05-17,Colorado Area,Buena Vista,Buena Vista,Colorado,81211,United States,mountains_lakes,https://www.airbnb.com/rooms/45240210,https://a0.muscache.com/im/pictures/miso/Hosting-45240210/original/decccb86-8da6-47a5-9409-545589c3d8e1.jpeg,45240210,848086,38.86996,-106.1954,=AVERAGE($G$2:$G$182),=AVERAGE($D$2:$D$182),"=IFERROR(($AT153-G153)/$AT153,0)","=IFERROR(($AU153-D153)/$AU153,0)",=$AU153-D153
Mt Princeton Lookout (STR-307),692887091,,12635,14045,191.44,24.09,320,2,1,4,false,false,false,true,true,false,false,Private Room,House,House/villa,4.95,20,1,1,Luxury,true,41,false,66,32,2026-05-15,Colorado Area,Buena Vista,Buena Vista,Colorado,81211,United States,mountains_lakes,https://www.airbnb.com/rooms/1431440826204947709,https://a0.muscache.com/im/pictures/miso/Hosting-1431440826204947709/original/09474ae4-321d-439b-904a-bc426a8a92e8.jpeg,1431440826204947709,,38.8303,-106.1519,=AVERAGE($G$2:$G$182),=AVERAGE($D$2:$D$182),"=IFERROR(($AT154-G154)/$AT154,0)","=IFERROR(($AU154-D154)/$AU154,0)",=$AU154-D154
Arkansas River Yurt + Breakfast (C),11981539,,12578,20426,213.19,39.86,151,1,1,2,false,false,false,false,true,true,false,Home/Apartment,Yurt,Unique,4.95,116,1,21+,Luxury,true,0,true,59,36,2026-05-16,Colorado Area,Buena Vista,Buena Vista,Colorado,81211,United States,mountains_lakes,https://www.airbnb.com/rooms/872753504758753692,https://a0.muscache.com/im/pictures/miso/Hosting-857989849634026083/original/b22a3639-5be4-45bd-9805-462eee15e10e.png,872753504758753692,,38.80726,-106.10566,=AVERAGE($G$2:$G$182),=AVERAGE($D$2:$D$182),"=IFERROR(($AT155-G155)/$AT155,0)","=IFERROR(($AU155-D155)/$AU155,0)",=$AU155-D155
Winfield Cabin at Deer Valley Ranch,548561709,,11874,11977,359.82,21.57,212,3,3,8,false,false,false,true,true,false,true,Home/Apartment,Cabin,House/villa,3,2,2,21+,Luxury,false,150,false,33,12,2026-04-18,Colorado Area,Buena Vista,Nathrop,Colorado,81236,United States,mountains_lakes,https://www.airbnb.com/rooms/1037118196922107322,https://a0.muscache.com/im/pictures/miso/Hosting-1037118196922107322/original/18e73e17-a2d0-413a-8a48-adf91362d691.jpeg,1037118196922107322,3757657,38.7247,-106.1812,=AVERAGE($G$2:$G$182),=AVERAGE($D$2:$D$182),"=IFERROR(($AT156-G156)/$AT156,0)","=IFERROR(($AU156-D156)/$AU156,0)",=$AU156-D156
"Yurt on River, Glamping! + Breakfast (R)",11981539,,11342,15181,226.84,51.02,107,1,1,4,false,false,false,false,true,true,false,Home/Apartment,Yurt,Unique,4.9,12,1,21+,Luxury,true,0,true,50,30,2026-05-17,Colorado Area,Buena Vista,Buena Vista,Colorado,81211,United States,mountains_lakes,https://www.airbnb.com/rooms/1437804198758187950,https://a0.muscache.com/im/pictures/prohost-api/Hosting-1437804198758187950/original/264f1b54-62e6-4598-b895-d33ac68771a9.jpeg,1437804198758187950,,38.80899,-106.10602,=AVERAGE($G$2:$G$182),=AVERAGE($D$2:$D$182),"=IFERROR(($AT157-G157)/$AT157,0)","=IFERROR(($AU157-D157)/$AU157,0)",=$AU157-D157
Sweet Log Cabin on the Chalk Creek bend,242704819,,11047,14179,345.22,17.88,233,2,1,4,false,false,false,true,true,true,false,Home/Apartment,Cabin,House/villa,4.85,56,3,6-20,Luxury,true,126,false,32,10,2026-05-13,Colorado Area,Buena Vista,Nathrop,Colorado,81236,United States,mountains_lakes,https://www.airbnb.com/rooms/47520767,https://a0.muscache.com/im/pictures/miso/Hosting-47520767/original/918a89d9-00b8-4e57-a3bb-f8edf1236572.jpeg,47520767,2138671,38.71199,-106.20483,=AVERAGE($G$2:$G$182),=AVERAGE($D$2:$D$182),"=IFERROR(($AT158-G158)/$AT158,0)","=IFERROR(($AU158-D158)/$AU158,0)",=$AU158-D158
Beautiful Home in a Quiet Neighborhood close to BV,256042878,,10956,12299,391.29,43.75,356,3,2,6,false,false,false,true,false,false,false,Home/Apartment,House,House/villa,4.65,39,2,2-5,Luxury,true,250,false,28,7,2026-05-14,Colorado Area,Buena Vista,Buena Vista,Colorado,81211,United States,mountains_lakes,https://www.airbnb.com/rooms/33906059,https://a0.muscache.com/im/pictures/92841e64-bc87-47fc-97e5-852e7a57fff4.jpg,33906059,,38.83936,-106.15967,=AVERAGE($G$2:$G$182),=AVERAGE($D$2:$D$182),"=IFERROR(($AT159-G159)/$AT159,0)","=IFERROR(($AU159-D159)/$AU159,0)",=$AU159-D159
"VIEWS! Beautiful 3 bdrm home in BV, by RIVER str98",182788703,,10680,22123,534,21.51,268,3,3,6,false,false,false,true,true,false,false,Home/Apartment,House,House/villa,4.95,55,2,2-5,Luxury,false,195,false,20,6,2026-05-17,Colorado Area,Buena Vista,Buena Vista,Colorado,81211,United States,mountains_lakes,https://www.airbnb.com/rooms/41661710,https://a0.muscache.com/im/pictures/miso/Hosting-41661710/original/874b15ee-fa5c-4c4a-b2b2-5b6c6324e055.jpeg,41661710,9350436ha,38.83757,-106.11979,=AVERAGE($G$2:$G$182),=AVERAGE($D$2:$D$182),"=IFERROR(($AT160-G160)/$AT160,0)","=IFERROR(($AU160-D160)/$AU160,0)",=$AU160-D160
River Park Studio! Apartment Near Shops & Trails,Renjoy,,10414,12036,167.97,46.27,156,1,1,4,false,false,false,true,true,false,false,Home/Apartment,Apartment,Apt/Condo/Loft,4.85,7,3,21+,Luxury,false,175,true,62,18,2026-05-15,Colorado Area,Buena Vista,Buena Vista,Colorado,81211,United States,mountains_lakes,https://www.airbnb.com/rooms/1556692586304218247,https://a0.muscache.com/im/pictures/prohost-api/Hosting-1556692586304218247/original/7e3f15ce-6525-4ac5-884a-9ad54969e6ee.jpeg,1556692586304218247,4955433,38.8411,-106.1203,=AVERAGE($G$2:$G$182),=AVERAGE($D$2:$D$182),"=IFERROR(($AT161-G161)/$AT161,0)","=IFERROR(($AU161-D161)/$AU161,0)",=$AU161-D161
"Viewside Cabin Overlooking Buena Vista, CO USA",Escape to the Mountains,,9914,18412,413.08,29.63,304,3,2,6,false,false,false,true,true,false,false,Home/Apartment,Cabin,House/villa,4.9,9,3,21+,Luxury,true,199,false,24,7,2026-05-14,Colorado Area,Buena Vista,Buena Vista,Colorado,81211,United States,mountains_lakes,https://www.airbnb.com/rooms/602836967382536149,https://a0.muscache.com/im/pictures/miso/Hosting-602836967382536149/original/b4613495-e5ee-4d28-8131-0ac0d675d672.jpeg,602836967382536149,3886787,38.86459,-106.20049,=AVERAGE($G$2:$G$182),=AVERAGE($D$2:$D$182),"=IFERROR(($AT162-G162)/$AT162,0)","=IFERROR(($AU162-D162)/$AU162,0)",=$AU162-D162
Blue Tiny House Getaway,548561709,,8058,12517,187.4,27.92,187,1,1,3,true,false,true,true,true,false,true,Home/Apartment,Tiny house,Unique,5,2,2,21+,Luxury,false,74,false,43,20,2026-05-16,Colorado Area,Buena Vista,Nathrop,Colorado,81236,United States,mountains_lakes,https://www.airbnb.com/rooms/1222584426268802851,https://a0.muscache.com/im/pictures/miso/Hosting-1222584426268802851/original/cec62612-54fa-4298-b191-b0e983a7a09f.jpeg,1222584426268802851,,38.72416,-106.18084,=AVERAGE($G$2:$G$182),=AVERAGE($D$2:$D$182),"=IFERROR(($AT163-G163)/$AT163,0)","=IFERROR(($AU163-D163)/$AU163,0)",=$AU163-D163
Christian's Chalk Creek Lodge - Christian based.,242704819,,7297,12150,663.36,18.64,341,4,4,16,true,false,false,true,true,false,false,Home/Apartment,House,House/villa,4.65,3,2,6-20,Luxury,true,376,false,11,3,2026-05-14,Colorado Area,Buena Vista,Nathrop,Colorado,81236,United States,mountains_lakes,https://www.airbnb.com/rooms/1254452978780524336,https://a0.muscache.com/im/pictures/hosting/Hosting-U3RheVN1cHBseUxpc3Rpbmc6MTI1NDQ1Mjk3ODc4MDUyNDMzNg%3D%3D/original/1674871b-18fa-4c81-9dd3-e314fa1c890b.jpeg,1254452978780524336,,38.7428221082,-106.0792131155,=AVERAGE($G$2:$G$182),=AVERAGE($D$2:$D$182),"=IFERROR(($AT164-G164)/$AT164,0)","=IFERROR(($AU164-D164)/$AU164,0)",=$AU164-D164
"Idyllic park setting, walk to downtown BV!",117973820,,6166,27187,324.53,67.86,38,3,2,6,false,false,false,true,true,false,false,Home/Apartment,House,House/villa,5,11,3,1,Luxury,false,150,false,19,3,2025-08-20,Colorado Area,Buena Vista,Buena Vista,Colorado,81211,United States,mountains_lakes,https://www.airbnb.com/rooms/587690779833309866,https://a0.muscache.com/im/pictures/miso/Hosting-587690779833309866/original/03405322-75d7-42c9-b412-42fbbe7499c0.jpeg,587690779833309866,,38.8396,-106.13541,=AVERAGE($G$2:$G$182),=AVERAGE($D$2:$D$182),"=IFERROR(($AT165-G165)/$AT165,0)","=IFERROR(($AU165-D165)/$AU165,0)",=$AU165-D165
2BR/3BA Carriage House By Cottonwood Creek,97557613,,5417,13914,270.85,58.82,61,2,3,6,false,false,false,true,true,false,false,Home/Apartment,Guest house,House/villa,5,34,2,2-5,Luxury,true,151,false,20,6,2026-05-13,Colorado Area,Buena Vista,Buena Vista,Colorado,81211,United States,mountains_lakes,https://www.airbnb.com/rooms/747891622309907293,https://a0.muscache.com/im/pictures/miso/Hosting-747891622309907293/original/ccde0d89-67cc-4038-aa67-3331950d721f.jpeg,747891622309907293,3961500,38.81299,-106.21412,=AVERAGE($G$2:$G$182),=AVERAGE($D$2:$D$182),"=IFERROR(($AT166-G166)/$AT166,0)","=IFERROR(($AU166-D166)/$AU166,0)",=$AU166-D166
1008 Swift Circle,3220525,,5392,18513,770.29,18.42,38,3,3,7,false,false,true,true,true,false,false,Home/Apartment,House,House/villa,4.7,14,2,21+,Luxury,true,150,true,7,3,2025-08-29,Colorado Area,Buena Vista,Buena Vista,Colorado,81211,United States,mountains_lakes,https://www.airbnb.com/rooms/53475464,https://a0.muscache.com/im/pictures/miso/Hosting-53475464/original/45a72d0a-0591-42bf-b652-d64342002f0c.jpeg,53475464,2563558,38.84274,-106.11979,=AVERAGE($G$2:$G$182),=AVERAGE($D$2:$D$182),"=IFERROR(($AT167-G167)/$AT167,0)","=IFERROR(($AU167-D167)/$AU167,0)",=$AU167-D167
Whitewater Peak! Cozy Retreat with Scenic Views,Renjoy,,4773,4773,216.95,21.78,120,1,1,4,true,false,false,true,true,true,false,Home/Apartment,House,House/villa,0,0,3,21+,Luxury,false,201,true,22,6,2025-08-23,Colorado Area,Buena Vista,Buena Vista,Colorado,81211,United States,mountains_lakes,https://www.airbnb.com/rooms/1485685302470945498,https://a0.muscache.com/im/pictures/prohost-api/Hosting-1485685302470945498/original/a96d7914-8fc3-443a-9f45-0a113e144edc.jpeg,1485685302470945498,,38.841993,-106.122241,=AVERAGE($G$2:$G$182),=AVERAGE($D$2:$D$182),"=IFERROR(($AT168-G168)/$AT168,0)","=IFERROR(($AU168-D168)/$AU168,0)",=$AU168-D168
Buena Vista Log Cabin,145036221,,4740,9886,395,11.76,188,3,2,5,false,false,false,true,true,false,false,Home/Apartment,Cabin,House/villa,5,2,2,1,Luxury,false,124,false,12,5,2026-05-11,Colorado Area,Buena Vista,Buena Vista,Colorado,81211,United States,mountains_lakes,https://www.airbnb.com/rooms/1167331590516758154,https://a0.muscache.com/im/pictures/miso/Hosting-1167331590516758154/original/408e5dd8-9ea5-462c-a611-ad5436d13d3d.jpeg,1167331590516758154,,38.8393,-106.1553,=AVERAGE($G$2:$G$182),=AVERAGE($D$2:$D$182),"=IFERROR(($AT169-G169)/$AT169,0)","=IFERROR(($AU169-D169)/$AU169,0)",=$AU169-D169
Hortense Cabin at Deer Valley Ranch,548561709,,4241,4241,471.22,13.64,97,3,2,6,false,false,false,true,true,false,true,Home/Apartment,Cabin,House/villa,4.5,2,2,21+,Luxury,false,100,true,9,3,2025-04-04,Colorado Area,Buena Vista,Nathrop,Colorado,81236,United States,mountains_lakes,https://www.airbnb.com/rooms/1037083164724232450,https://a0.muscache.com/im/pictures/miso/Hosting-1037083164724232450/original/86d2064e-f301-41f9-b34b-4cefa2c0cf15.jpeg,1037083164724232450,3757595,38.7246877,-106.1812279,=AVERAGE($G$2:$G$182),=AVERAGE($D$2:$D$182),"=IFERROR(($AT170-G170)/$AT170,0)","=IFERROR(($AU170-D170)/$AU170,0)",=$AU170-D170
Mountain House on the River!,11981539,,3078,23853,513,75,8,4,2,10,false,false,true,true,true,true,false,Home/Apartment,House,House/villa,4.95,101,1,21+,Luxury,true,170,true,6,2,2024-09-30,Colorado Area,Buena Vista,Buena Vista,Colorado,81211,United States,mountains_lakes,https://www.airbnb.com/rooms/855943127663133587,https://a0.muscache.com/im/pictures/prohost-api/Hosting-855943127663133587/original/49151935-7852-4477-9dff-68829c64ba26.jpeg,855943127663133587,3329233,38.80747,-106.10604,=AVERAGE($G$2:$G$182),=AVERAGE($D$2:$D$182),"=IFERROR(($AT171-G171)/$AT171,0)","=IFERROR(($AU171-D171)/$AU171,0)",=$AU171-D171
Elegant Mountain Farmhouse STR-114,Grand View Property Management ,,3034,5337,303.4,16.95,59,1,1,4,false,false,false,true,true,false,false,Home/Apartment,House,House/villa,5,3,2,6-20,Luxury,false,95,true,10,4,2025-04-01,Colorado Area,Buena Vista,Buena Vista,Colorado,81211,United States,mountains_lakes,https://www.vrbo.com/3914469,https://media.vrbo.com/lodging/104000000/103460000/103454400/103454374/c864cf7e.jpg?impolicy=resizecrop&rw=1200&ra=fit,,3914469,38.841576,-106.136787,=AVERAGE($G$2:$G$182),=AVERAGE($D$2:$D$182),"=IFERROR(($AT172-G172)/$AT172,0)","=IFERROR(($AU172-D172)/$AU172,0)",=$AU172-D172
Peaceful Rustic Mountain Retreat,360777848,,2224,5794,317.71,10.61,167,2,2,7,false,false,false,true,true,false,false,Home/Apartment,House,House/villa,5,1,1,2-5,Luxury,true,170,true,7,3,2026-05-13,Colorado Area,Buena Vista,Buena Vista,Colorado,81211,United States,mountains_lakes,https://www.airbnb.com/rooms/1547935031166774958,https://a0.muscache.com/im/pictures/hosting/Hosting-1547935031166774958/original/3fd7d1f4-4da4-4b51-8605-3b312b6104d5.jpeg,1547935031166774958,4949276,38.8823,-105.93797,=AVERAGE($G$2:$G$182),=AVERAGE($D$2:$D$182),"=IFERROR(($AT173-G173)/$AT173,0)","=IFERROR(($AU173-D173)/$AU173,0)",=$AU173-D173
Dog Friendly Partial Home w/AC & Hot Tub,12985089,,2064,2064,344,30,20,2,2,4,true,false,true,true,true,true,false,Home/Apartment,House,House/villa,5,2,2,2-5,Luxury,true,175,true,6,1,2024-08-03,Colorado Area,Buena Vista,Buena Vista,Colorado,81211,United States,mountains_lakes,https://www.airbnb.com/rooms/1130614874266279115,https://a0.muscache.com/im/pictures/hosting/Hosting-U3RheVN1cHBseUxpc3Rpbmc6MTEzMDYxNDg3NDI2NjI3OTExNQ%3D%3D/original/ee4415c7-254f-43cb-8894-6bd119339643.jpeg,1130614874266279115,,38.8196137775,-106.1766764148,=AVERAGE($G$2:$G$182),=AVERAGE($D$2:$D$182),"=IFERROR(($AT174-G174)/$AT174,0)","=IFERROR(($AU174-D174)/$AU174,0)",=$AU174-D174
Futurity Cabin at Deer Valley Ranch,548561709,,1689,2095,337.8,9.26,85,2,1,8,false,false,false,true,true,false,true,Home/Apartment,Cabin,House/villa,5,1,2,21+,Luxury,false,100,true,5,2,2025-04-04,Colorado Area,Buena Vista,Nathrop,Colorado,81236,United States,mountains_lakes,https://www.airbnb.com/rooms/1047195158223858732,https://a0.muscache.com/im/pictures/miso/Hosting-1047195158223858732/original/c02612f4-a1a1-4581-98b6-5f16f520e408.jpeg,1047195158223858732,3755912,38.7246877,-106.1812279,=AVERAGE($G$2:$G$182),=AVERAGE($D$2:$D$182),"=IFERROR(($AT175-G175)/$AT175,0)","=IFERROR(($AU175-D175)/$AU175,0)",=$AU175-D175
AirstreamBasecamp Arkansas River,11981539,,1197,1279,239.4,9.09,55,1,1,2,true,false,false,true,true,true,false,Home/Apartment,Camper/RV,Unique,5,2,1,21+,Luxury,true,0,false,5,2,2025-03-19,Colorado Area,Buena Vista,Buena Vista,Colorado,81211,United States,mountains_lakes,https://www.airbnb.com/rooms/1215462701292055264,https://a0.muscache.com/im/pictures/5ddee100-4662-4cc5-8eed-d932a81c176d.jpg,1215462701292055264,,38.8081,-106.10505,=AVERAGE($G$2:$G$182),=AVERAGE($D$2:$D$182),"=IFERROR(($AT176-G176)/$AT176,0)","=IFERROR(($AU176-D176)/$AU176,0)",=$AU176-D176
Stylish South Main Studio | Steps to River/Dining,458812772,,631,788,210.33,37.5,28,1,1,3,false,false,false,true,false,false,false,Home/Apartment,Apartment,Apt/Condo/Loft,5,3,1,2-5,Luxury,true,80,false,3,2,2026-05-16,Colorado Area,Buena Vista,Buena Vista,Colorado,81211,United States,mountains_lakes,https://www.airbnb.com/rooms/1653100550501306728,https://a0.muscache.com/im/pictures/hosting/Hosting-1653100550501306728/original/945c7688-0456-4284-966f-782873085df5.jpeg,1653100550501306728,,38.8411,-106.1191,=AVERAGE($G$2:$G$182),=AVERAGE($D$2:$D$182),"=IFERROR(($AT177-G177)/$AT177,0)","=IFERROR(($AU177-D177)/$AU177,0)",=$AU177-D177
901½ South Main,VacayHome Connect,,0,2201,0,0,14,2,1,4,false,false,false,true,false,false,false,Home/Apartment,Guest house,House/villa,4.8,87,1,21+,Luxury,true,150,true,0,0,2026-05-17,Colorado Area,Buena Vista,Buena Vista,Colorado,81211,United States,mountains_lakes,https://www.airbnb.com/rooms/1156985,https://a0.muscache.com/im/pictures/e9ee0486-a0be-4409-a5a7-753a28b2d845.jpg,1156985,9972887ha,38.84204,-106.12134,=AVERAGE($G$2:$G$182),=AVERAGE($D$2:$D$182),"=IFERROR(($AT178-G178)/$AT178,0)","=IFERROR(($AU178-D178)/$AU178,0)",=$AU178-D178
Cozy and Close to Town Condo,10762395,,0,8628,0,0,6,2,1,4,false,false,false,true,true,false,false,Home/Apartment,Apartment,Apt/Condo/Loft,0,0,2,1,Luxury,false,100,false,0,0,2026-05-17,Colorado Area,Buena Vista,Buena Vista,Colorado,81211,United States,mountains_lakes,https://www.airbnb.com/rooms/1216162401871071721,https://a0.muscache.com/im/pictures/hosting/Hosting-1216162401871071721/original/dc86a1f5-284c-4d2d-b89c-b79c39e80918.jpeg,1216162401871071721,,38.8436,-106.12407,=AVERAGE($G$2:$G$182),=AVERAGE($D$2:$D$182),"=IFERROR(($AT179-G179)/$AT179,0)","=IFERROR(($AU179-D179)/$AU179,0)",=$AU179-D179
Propst Mountain Ranch House,197857185,,0,0,0,0,61,3,2,8,false,false,false,true,true,false,false,Home/Apartment,House,House/villa,0,0,2,1,Luxury,false,200,false,0,0,2025-05-20,Colorado Area,Buena Vista,Buena Vista,Colorado,81211,United States,mountains_lakes,https://www.airbnb.com/rooms/1410149259730886558,https://a0.muscache.com/im/pictures/hosting/Hosting-U3RheVN1cHBseUxpc3Rpbmc6MTQxMDE0OTI1OTczMDg4NjU1OA==/original/06c0198a-01bd-486b-83f9-7ec0a0bf0006.jpeg,1410149259730886558,,38.8319832032,-106.1567760533,=AVERAGE($G$2:$G$182),=AVERAGE($D$2:$D$182),"=IFERROR(($AT180-G180)/$AT180,0)","=IFERROR(($AU180-D180)/$AU180,0)",=$AU180-D180
Alpine Estate! DT Villa w 3 Full Kitchens & Views!,Renjoy,,0,30147,0,0,4,3,3,14,true,false,false,true,true,false,false,Home/Apartment,House,House/villa,5,2,4,21+,Luxury,true,400,false,0,0,2026-05-13,Colorado Area,Buena Vista,Buena Vista,Colorado,81211,United States,mountains_lakes,https://www.airbnb.com/rooms/605754490089346575,https://a0.muscache.com/im/pictures/prohost-api/Hosting-605754490089346575/original/842b46e3-20fc-474c-92a6-aac2a8dbdb54.jpeg,605754490089346575,2874904,38.8423,-106.1218,=AVERAGE($G$2:$G$182),=AVERAGE($D$2:$D$182),"=IFERROR(($AT181-G181)/$AT181,0)","=IFERROR(($AU181-D181)/$AU181,0)",=$AU181-D181
Hoosier Bunny Mine Mountain Chalet,,,0,0,0,0,365,2,2,4,false,true,false,true,true,false,false,Home/Apartment,Chalet,House/villa,0,0,30,1,Luxury,false,123,true,0,0,2026-05-13,Colorado Area,Buena Vista,Nathrop,Colorado,81236,United States,mountains_lakes,https://www.vrbo.com/3034596,https://media.vrbo.com/lodging/88000000/87740000/87733300/87733207/69dec68e.jpg?impolicy=resizecrop&rw=1200&ra=fit,,3034596,38.71852,-106.20288,=AVERAGE($G$2:$G$182),=AVERAGE($D$2:$D$182),"=IFERROR(($AT182-G182)/$AT182,0)","=IFERROR(($AU182-D182)/$AU182,0)",=$AU182-D182
