Title,Property Manager/Host,Contact,Revenue,Revenue Potential,ADR,Occupancy,Days Available,Bedrooms,Bathrooms,Accommodates,Has Air Conditioning,Has Gym,Has Hot Tub,Has Kitchen,Has Parking,Has Pets,Has Pool,Listing Type,Property Type,Real Estate Type,Overall Rating,Number of Reviews,Minimum Stay,Host Unit Count,Price Tier,Airbnb Superhost,Cleaning Fee,Instant Book,Reserved Days,Number of Bookings,Last Update,AirDNA Market,AirDNA Subarket,City,State,Zipcode,Country,Location Type,Listing URL,Main Listing Image,Airbnb Property ID,Vrbo Property ID,Latitude,Longitude,Market Average Occupancy,Market Average Revenue,Occupancy Gap,Revenue % Gap,Revenue $ Gap
Star Mtn Lodge•Sleeps23•Grotto•Theater•Gym,HFTH,,665941,793741,2845.9,77.48,302,9,10,16,false,true,true,true,true,true,false,Home/Apartment,House,House/villa,5,206,2,21+,Luxury,true,1130,false,234,64,2026-05-17,Frisco/Silverthorne,Keystone,Dillon,Colorado,80435,United States,mountains_lakes,https://www.airbnb.com/rooms/675452527722518295,https://a0.muscache.com/im/pictures/prohost-api/Hosting-675452527722518295/original/124b0a58-f78c-4a62-9ea3-feb4ad9bc8b2.jpeg,675452527722518295,2916664,39.6014,-105.9876,=AVERAGE($G$2:$G$439),=AVERAGE($D$2:$D$439),"=IFERROR(($AT2-G2)/$AT2,0)","=IFERROR(($AU2-D2)/$AU2,0)",=$AU2-D2
"Crown Jewel of Keystone | Pool, Gym, Sleeps 19",AvantStay,,491082,566199,3252.2,51.01,300,7,12,16,false,true,true,true,true,true,true,Home/Apartment,House,House/villa,5,25,2,21+,Luxury,false,2120,true,151,36,2026-05-14,Frisco/Silverthorne,Keystone,Dillon,Colorado,80435,United States,mountains_lakes,https://www.airbnb.com/rooms/1374660213903264050,https://a0.muscache.com/im/pictures/hosting/Hosting-1374660213903264050/original/fe36429b-ab22-4f17-ba9e-20925276d470.jpeg,1374660213903264050,4477258,39.60612,-105.97081,=AVERAGE($G$2:$G$439),=AVERAGE($D$2:$D$439),"=IFERROR(($AT3-G3)/$AT3,0)","=IFERROR(($AU3-D3)/$AU3,0)",=$AU3-D3
The Country Club • Lux • Sleeps 19 $0 Cleaning Fee,HFTH,,415703,499170,1989.01,69.44,301,8,6,16,false,false,true,true,true,true,false,Home/Apartment,House,House/villa,5,102,2,21+,Luxury,true,1005,false,209,59,2026-05-17,Frisco/Silverthorne,Keystone,Dillon,Colorado,80435,United States,mountains_lakes,https://www.airbnb.com/rooms/1061060651261837058,https://a0.muscache.com/im/pictures/prohost-api/Hosting-1061060651261837058/original/3e9586d4-066b-445c-b1d8-57e80e6b866f.png,1061060651261837058,3790080,39.6023,-105.9874,=AVERAGE($G$2:$G$439),=AVERAGE($D$2:$D$439),"=IFERROR(($AT4-G4)/$AT4,0)","=IFERROR(($AU4-D4)/$AU4,0)",=$AU4-D4
Soda Ridge 1608,Summit County Mountain Retreats,,304444,320874,2306.39,39.29,351,8,7,16,false,false,true,true,true,false,false,Home/Apartment,House,House/villa,4.45,272,2,21+,Luxury,false,797,true,132,44,2026-05-11,Frisco/Silverthorne,Keystone,Dillon,Colorado,80435,United States,mountains_lakes,https://www.airbnb.com/rooms/5546733,https://a0.muscache.com/im/pictures/miso/Hosting-5546733/original/7da71c24-1e80-4bb2-a667-b65bd2aadd49.jpeg,5546733,168910,39.6002,-105.9806,=AVERAGE($G$2:$G$439),=AVERAGE($D$2:$D$439),"=IFERROR(($AT5-G5)/$AT5,0)","=IFERROR(($AU5-D5)/$AU5,0)",=$AU5-D5
"Amazing New Home, Hot Tub, Near Village",SummitCove,,276177,321495,2076.52,52.78,312,5,5,16,false,false,true,true,true,false,true,Home/Apartment,House,House/villa,5,11,3,21+,Luxury,true,933,false,133,22,2026-05-13,Frisco/Silverthorne,Keystone,Dillon,Colorado,80435,United States,mountains_lakes,https://www.airbnb.com/rooms/806139940857685012,https://a0.muscache.com/im/pictures/prohost-api/Hosting-806139940857685012/original/136b5817-78da-4894-98c0-66c6b3353cd2.jpeg,806139940857685012,3205493,39.607,-105.936,=AVERAGE($G$2:$G$439),=AVERAGE($D$2:$D$439),"=IFERROR(($AT6-G6)/$AT6,0)","=IFERROR(($AU6-D6)/$AU6,0)",=$AU6-D6
Luxury Ski-In/Out 3 Bedroom Kindred Residence at the River Run Gondola,Gondola Resorts,,258111,366552,3852.4,72.83,104,3,3,8,true,true,true,true,true,true,true,Home/Apartment,Condominium (condo),Apt/Condo/Loft,0,0,2,21+,Luxury,false,269,false,67,4,2026-05-14,Frisco/Silverthorne,Keystone,Dillon,Colorado,80435,United States,mountains_lakes,https://www.vrbo.com/4938544,https://media.vrbo.com/lodging/123000000/122640000/122632800/122632727/w1023h682x0y0-3ada5d6d.jpg?impolicy=resizecrop&rw=1200&ra=fit,,4938544,39.606191,-105.941577,=AVERAGE($G$2:$G$439),=AVERAGE($D$2:$D$439),"=IFERROR(($AT7-G7)/$AT7,0)","=IFERROR(($AU7-D7)/$AU7,0)",=$AU7-D7
"Keystone Luxury 3BR | Balcony, Fireplace & Ski-in",Leavetown,,253191,402456,3246.04,100,83,3,3,10,true,false,true,true,true,false,true,Home/Apartment,Condominium (condo),Apt/Condo/Loft,0,0,1,21+,Luxury,false,0,true,78,2,2026-05-15,Frisco/Silverthorne,Keystone,Dillon,Colorado,80435,United States,mountains_lakes,https://www.vrbo.com/4793592,https://media.vrbo.com/lodging/121000000/120120000/120113100/120113027/3d2cdf9b.jpg?impolicy=resizecrop&rw=1200&ra=fit,,4793592,39.60508,-105.946472,=AVERAGE($G$2:$G$439),=AVERAGE($D$2:$D$439),"=IFERROR(($AT8-G8)/$AT8,0)","=IFERROR(($AU8-D8)/$AU8,0)",=$AU8-D8
"Twin Peaks Lodge, Views, Hot Tub, Golf, Ski, Lake",HFTH,,214644,249577,1022.11,72.41,290,3,4,12,false,false,true,true,true,true,false,Home/Apartment,House,House/villa,5,130,2,21+,Luxury,true,656,false,210,67,2026-05-17,Frisco/Silverthorne,Keystone,Dillon,Colorado,80435,United States,mountains_lakes,https://www.airbnb.com/rooms/725456633955396011,https://a0.muscache.com/im/pictures/prohost-api/Hosting-725456633955396011/original/5dacdab5-2b3e-46f1-a22a-017e0356adc4.jpeg,725456633955396011,3033184,39.6027,-105.987,=AVERAGE($G$2:$G$439),=AVERAGE($D$2:$D$439),"=IFERROR(($AT9-G9)/$AT9,0)","=IFERROR(($AU9-D9)/$AU9,0)",=$AU9-D9
Lux Penthouse•Pool/Spa•Ski In/Out•$0 Cleaning Fee,HFTH,,214308,230958,867.64,74.17,333,4,3,12,true,false,false,true,true,false,true,Home/Apartment,Condominium (condo),Apt/Condo/Loft,4.95,174,1,21+,Luxury,true,382,false,247,73,2026-05-17,Frisco/Silverthorne,Keystone,Dillon,Colorado,80435,United States,mountains_lakes,https://www.airbnb.com/rooms/906499027024159347,https://a0.muscache.com/im/pictures/prohost-api/Hosting-906499027024159347/original/b6a96a51-7852-40b9-bc65-61cce373aa8f.jpeg,906499027024159347,3442416,39.6076,-105.9425,=AVERAGE($G$2:$G$439),=AVERAGE($D$2:$D$439),"=IFERROR(($AT10-G10)/$AT10,0)","=IFERROR(($AU10-D10)/$AU10,0)",=$AU10-D10
"Keystone Luxury 3BR | Balcony, Fireplace & Ski-in",Leavetown,,201882,272318,3541.79,67.86,90,3,3,10,true,true,false,true,false,false,true,Home/Apartment,Condominium (condo),Apt/Condo/Loft,0,0,1,21+,Luxury,false,468,true,57,2,2026-05-11,Frisco/Silverthorne,Keystone,Dillon,Colorado,80435,United States,mountains_lakes,https://www.airbnb.com/rooms/1501495742764508631,https://a0.muscache.com/im/pictures/prohost-api/Hosting-1501495742764508631/original/4ced912e-b287-49dc-9e38-d216312d9f02.jpeg,1501495742764508631,4793462,39.6069789313,-105.9423501103,=AVERAGE($G$2:$G$439),=AVERAGE($D$2:$D$439),"=IFERROR(($AT11-G11)/$AT11,0)","=IFERROR(($AU11-D11)/$AU11,0)",=$AU11-D11
227 North Fork Road,Summit County Mountain Retreats,,176346,181282,1175.64,45.32,351,4,5,11,false,false,true,true,true,false,false,Home/Apartment,House,House/villa,4.9,125,3,21+,Luxury,false,716,true,150,39,2026-05-13,Frisco/Silverthorne,Keystone,Dillon,Colorado,80435,United States,mountains_lakes,https://www.airbnb.com/rooms/26003516,https://a0.muscache.com/im/pictures/hosting/Hosting-U3RheVN1cHBseUxpc3Rpbmc6MjYwMDM1MTY=/original/fb430c2b-7896-4806-97a7-d039fde37a59.jpeg,26003516,1365724,39.6105,-105.9382,=AVERAGE($G$2:$G$439),=AVERAGE($D$2:$D$439),"=IFERROR(($AT12-G12)/$AT12,0)","=IFERROR(($AU12-D12)/$AU12,0)",=$AU12-D12
"Luxury Riverfront House w/ Hot tub, Mountain Views",112017400,,168846,179693,1372.73,38.56,326,4,3,16,false,true,true,true,true,true,false,Home/Apartment,House,House/villa,5,94,3,1,Luxury,true,888,true,123,38,2026-05-11,Frisco/Silverthorne,Keystone,Dillon,Colorado,80435,United States,mountains_lakes,https://www.airbnb.com/rooms/46646898,https://a0.muscache.com/im/pictures/hosting/Hosting-U3RheVN1cHBseUxpc3Rpbmc6NDY2NDY4OTg=/original/3f1f083c-2c30-4328-8eb3-675440859f6c.jpeg,46646898,2118879,39.6012,-105.9871,=AVERAGE($G$2:$G$439),=AVERAGE($D$2:$D$439),"=IFERROR(($AT13-G13)/$AT13,0)","=IFERROR(($AU13-D13)/$AU13,0)",=$AU13-D13
Luxury Ski-In/Out 2 Bedroom Kindred Residence at the River Run Gondola,Gondola Resorts,,164026,194736,1952.69,80,117,2,2,6,true,true,true,true,true,true,true,Home/Apartment,Condominium (condo),Apt/Condo/Loft,0,0,2,21+,Luxury,false,169,false,84,2,2026-05-12,Frisco/Silverthorne,Keystone,Dillon,Colorado,80435,United States,mountains_lakes,https://www.vrbo.com/4938542,https://media.vrbo.com/lodging/123000000/122640000/122632800/122632713/dc5437d2.jpg?impolicy=resizecrop&rw=1200&ra=fit,,4938542,39.606191,-105.941577,=AVERAGE($G$2:$G$439),=AVERAGE($D$2:$D$439),"=IFERROR(($AT14-G14)/$AT14,0)","=IFERROR(($AU14-D14)/$AU14,0)",=$AU14-D14
3br Condo at the Springs-Best Pool In Keystone,RedAwning,,150547,170650,1098.88,64.32,299,3,2,8,false,false,true,true,true,false,true,Home/Apartment,Condominium (condo),Apt/Condo/Loft,4.65,3,1,21+,Luxury,false,372,true,137,20,2026-05-13,Frisco/Silverthorne,Keystone,Dillon,Colorado,80435,United States,mountains_lakes,https://www.airbnb.com/rooms/21657842,https://a0.muscache.com/im/pictures/prohost-api/Hosting-21657842/original/59126cd6-5493-4001-9e93-3d6d01ae8e8f.jpeg,21657842,4709394ha,39.607,-105.9404,=AVERAGE($G$2:$G$439),=AVERAGE($D$2:$D$439),"=IFERROR(($AT15-G15)/$AT15,0)","=IFERROR(($AU15-D15)/$AU15,0)",=$AU15-D15
"Ina's Way Townhomes, Unit B",Summit County Mountain Retreats,,144572,157707,1095.24,46.98,342,4,4,12,true,false,true,true,true,false,false,Home/Apartment,Villa,House/villa,4.8,17,2,21+,Luxury,false,554,true,132,35,2026-05-13,Frisco/Silverthorne,Keystone,Dillon,Colorado,80435,United States,mountains_lakes,https://www.airbnb.com/rooms/1265377713464386139,https://a0.muscache.com/im/pictures/hosting/Hosting-U3RheVN1cHBseUxpc3Rpbmc6MTI2NTM3NzcxMzQ2NDM4NjEzOQ==/original/0156c970-381c-47ad-bab7-a60185c1f895.jpeg,1265377713464386139,4236334,39.6065,-105.9442,=AVERAGE($G$2:$G$439),=AVERAGE($D$2:$D$439),"=IFERROR(($AT16-G16)/$AT16,0)","=IFERROR(($AU16-D16)/$AU16,0)",=$AU16-D16
Luxury Ski-In/Out 1 Bedroom Kindred Residence at the River Run Gondola,Gondola Resorts,,142197,166532,1777.46,76.19,117,1,1,4,true,true,true,true,true,true,true,Home/Apartment,Condominium (condo),Apt/Condo/Loft,0,0,2,21+,Luxury,false,129,false,80,5,2026-05-12,Frisco/Silverthorne,Keystone,Dillon,Colorado,80435,United States,mountains_lakes,https://www.vrbo.com/4938540,https://media.vrbo.com/lodging/123000000/122640000/122632800/122632706/71dfca6d.jpg?impolicy=resizecrop&rw=1200&ra=fit,,4938540,39.606191,-105.941577,=AVERAGE($G$2:$G$439),=AVERAGE($D$2:$D$439),"=IFERROR(($AT17-G17)/$AT17,0)","=IFERROR(($AU17-D17)/$AU17,0)",=$AU17-D17
No Cleaning Fees! 3br Condo~jackpine 8021,RedAwning,,139956,174007,818.46,79.17,222,3,3,8,false,true,true,true,true,false,true,Home/Apartment,Condominium (condo),Apt/Condo/Loft,4.35,3,1,21+,Luxury,false,392,true,171,15,2026-05-13,Frisco/Silverthorne,Keystone,Dillon,Colorado,80435,United States,mountains_lakes,https://www.airbnb.com/rooms/22331429,https://a0.muscache.com/im/pictures/5d30d0f3-dd11-4b23-abb2-935a59c4462f.jpg,22331429,4802403ha,39.6069,-105.9422,=AVERAGE($G$2:$G$439),=AVERAGE($D$2:$D$439),"=IFERROR(($AT18-G18)/$AT18,0)","=IFERROR(($AU18-D18)/$AU18,0)",=$AU18-D18
Ski-in Ski-out Winter Retreat! Sleeps 12,SummitCove,,135359,140656,1487.46,50,248,4,3,12,false,true,true,true,true,false,true,Home/Apartment,Condominium (condo),Apt/Condo/Loft,4.85,16,3,21+,Luxury,true,384,true,91,17,2026-05-10,Frisco/Silverthorne,Keystone,Dillon,Colorado,80435,United States,mountains_lakes,https://www.airbnb.com/rooms/47814859,https://a0.muscache.com/im/pictures/prohost-api/Hosting-47814859/original/3927932b-f908-41ca-a1f1-a2e80cac1908.jpeg,47814859,2179406,39.6044,-105.9436,=AVERAGE($G$2:$G$439),=AVERAGE($D$2:$D$439),"=IFERROR(($AT19-G19)/$AT19,0)","=IFERROR(($AU19-D19)/$AU19,0)",=$AU19-D19
Luxurious 4br Mountain Home~kids Ski Free!,RedAwning,,135087,144654,1184.97,44.02,331,4,4,10,false,false,true,true,true,false,true,Home/Apartment,House,House/villa,4.5,10,1,21+,Luxury,false,0,true,114,28,2026-05-13,Frisco/Silverthorne,Keystone,Dillon,Colorado,80435,United States,mountains_lakes,https://www.airbnb.com/rooms/23360873,https://a0.muscache.com/im/pictures/prohost-api/Hosting-23360873/original/1f6ecf82-9791-4354-971e-d9923996ad52.jpeg,23360873,4469866ha,39.6052,-105.9264,=AVERAGE($G$2:$G$439),=AVERAGE($D$2:$D$439),"=IFERROR(($AT20-G20)/$AT20,0)","=IFERROR(($AU20-D20)/$AU20,0)",=$AU20-D20
Luxury Home • Pvt Hot Tub • Pool •  Shuttle,SummitCove,,134312,148313,1167.93,39.12,334,4,4,12,false,false,true,true,true,false,true,Home/Apartment,House,House/villa,5,11,3,21+,Luxury,true,822,false,115,30,2026-05-13,Frisco/Silverthorne,Keystone,Dillon,Colorado,80435,United States,mountains_lakes,https://www.airbnb.com/rooms/1081927636304287521,https://a0.muscache.com/im/pictures/prohost-api/Hosting-1081927636304287521/original/0966265b-4045-4f31-a0e3-f0a9850fc2a4.jpeg,1081927636304287521,3838605,39.6061,-105.9254,=AVERAGE($G$2:$G$439),=AVERAGE($D$2:$D$439),"=IFERROR(($AT21-G21)/$AT21,0)","=IFERROR(($AU21-D21)/$AU21,0)",=$AU21-D21
"Ina's Way Townhomes, Unit C",Summit County Mountain Retreats,,130069,145210,1131.03,56.1,322,4,4,12,true,false,true,true,true,false,false,Home/Apartment,Villa,House/villa,5,7,2,21+,Luxury,false,524,true,115,27,2026-05-13,Frisco/Silverthorne,Keystone,Dillon,Colorado,80435,United States,mountains_lakes,https://www.airbnb.com/rooms/1268376467288897311,https://a0.muscache.com/im/pictures/hosting/Hosting-U3RheVN1cHBseUxpc3Rpbmc6MTI2ODM3NjQ2NzI4ODg5NzMxMQ==/original/49016c7d-2116-48f9-b0ee-87710c3eedfa.jpeg,1268376467288897311,4242006,39.6065,-105.9442,=AVERAGE($G$2:$G$439),=AVERAGE($D$2:$D$439),"=IFERROR(($AT22-G22)/$AT22,0)","=IFERROR(($AU22-D22)/$AU22,0)",=$AU22-D22
"Elegant Ski in-Ski out, Walk to Village",SummitCove,,129531,136636,1282.49,42.8,306,4,3,9,false,true,false,true,true,false,true,Home/Apartment,Condominium (condo),Apt/Condo/Loft,5,16,3,21+,Luxury,true,347,true,101,27,2026-05-13,Frisco/Silverthorne,Keystone,Dillon,Colorado,80435,United States,mountains_lakes,https://www.airbnb.com/rooms/46797044,https://a0.muscache.com/im/pictures/prohost-api/Hosting-46797044/original/36bb75ee-0cdc-4d21-9441-54d9180513bb.jpeg,46797044,2131390,39.6044,-105.9436,=AVERAGE($G$2:$G$439),=AVERAGE($D$2:$D$439),"=IFERROR(($AT23-G23)/$AT23,0)","=IFERROR(($AU23-D23)/$AU23,0)",=$AU23-D23
"Ina's Way Townhomes, Unit D",Summit County Mountain Retreats,,129004,141649,1112.1,47.15,335,4,4,12,true,false,true,true,true,false,false,Home/Apartment,Villa,House/villa,4.25,9,2,21+,Luxury,false,554,true,116,33,2026-05-13,Frisco/Silverthorne,Keystone,Dillon,Colorado,80435,United States,mountains_lakes,https://www.airbnb.com/rooms/1268316150102205938,https://a0.muscache.com/im/pictures/hosting/Hosting-U3RheVN1cHBseUxpc3Rpbmc6MTI2ODMxNjE1MDEwMjIwNTkzOA==/original/16ec95ab-cac0-43a9-9791-7c7ebd4793c1.jpeg,1268316150102205938,4242007,39.6065,-105.9442,=AVERAGE($G$2:$G$439),=AVERAGE($D$2:$D$439),"=IFERROR(($AT24-G24)/$AT24,0)","=IFERROR(($AU24-D24)/$AU24,0)",=$AU24-D24
Lone Eagle #3042,Summit County Mountain Retreats,,125944,133469,850.97,55.64,325,3,3,6,false,true,true,true,true,false,true,Home/Apartment,Apartment,Apt/Condo/Loft,4.6,156,3,21+,Luxury,false,468,true,148,40,2026-05-11,Frisco/Silverthorne,Keystone,Dillon,Colorado,80435,United States,mountains_lakes,https://www.airbnb.com/rooms/6225300,https://a0.muscache.com/im/pictures/hosting/Hosting-U3RheVN1cHBseUxpc3Rpbmc6NjIyNTMwMA%3D%3D/original/411734cd-9716-4323-95c4-b2a6c327d135.jpeg,6225300,250120,39.6043,-105.9426,=AVERAGE($G$2:$G$439),=AVERAGE($D$2:$D$439),"=IFERROR(($AT25-G25)/$AT25,0)","=IFERROR(($AU25-D25)/$AU25,0)",=$AU25-D25
Arap Ldg #8130,Summit County Mountain Retreats,,124989,131345,1115.97,50.91,344,4,4,10,false,false,false,true,false,false,true,Home/Apartment,Apartment,Apt/Condo/Loft,4.45,65,2,21+,Luxury,false,417,true,112,27,2026-05-16,Frisco/Silverthorne,Keystone,Dillon,Colorado,80435,United States,mountains_lakes,https://www.airbnb.com/rooms/915935681315954106,https://a0.muscache.com/im/pictures/prohost-api/Hosting-915935681315954106/original/15e4d854-1434-4791-a914-192eba9c0b01.jpeg,915935681315954106,960889,39.60623,-105.94258,=AVERAGE($G$2:$G$439),=AVERAGE($D$2:$D$439),"=IFERROR(($AT26-G26)/$AT26,0)","=IFERROR(($AU26-D26)/$AU26,0)",=$AU26-D26
#SnowLife in River Run- 2bd/2bath Condo & Pool/Spa,182615195,,123015,123555,3968.23,100,348,2,2,6,false,false,true,true,true,false,true,Home/Apartment,Condominium (condo),Apt/Condo/Loft,5,16,2,2-5,Luxury,true,196,true,31,1,2026-05-16,Frisco/Silverthorne,Keystone,Dillon,Colorado,80435,United States,mountains_lakes,https://www.airbnb.com/rooms/968398635945707163,https://a0.muscache.com/im/pictures/miso/Hosting-968398635945707163/original/c8669f03-9deb-43c5-bbc7-96c536a24aa4.jpeg,968398635945707163,1749346,39.6071,-105.9433,=AVERAGE($G$2:$G$439),=AVERAGE($D$2:$D$439),"=IFERROR(($AT27-G27)/$AT27,0)","=IFERROR(($AU27-D27)/$AU27,0)",=$AU27-D27
Lone Eagle #3052,Summit County Mountain Retreats,,122790,137013,930.23,50.77,332,3,3,8,false,true,true,true,true,false,true,Home/Apartment,Apartment,Apt/Condo/Loft,4.6,139,3,21+,Luxury,false,372,true,132,30,2026-05-11,Frisco/Silverthorne,Keystone,Dillon,Colorado,80435,United States,mountains_lakes,https://www.airbnb.com/rooms/5536907,https://a0.muscache.com/im/pictures/prohost-api/Hosting-5536907/original/a32ac1d5-760d-4a09-94a6-3aa719804d9a.jpeg,5536907,13591,39.6043,-105.9425,=AVERAGE($G$2:$G$439),=AVERAGE($D$2:$D$439),"=IFERROR(($AT28-G28)/$AT28,0)","=IFERROR(($AU28-D28)/$AU28,0)",=$AU28-D28
555 Independence Road,Summit County Mountain Retreats,,120526,126838,1076.12,43.92,329,4,5,11,false,false,true,true,true,false,false,Home/Apartment,House,House/villa,4.75,72,2,21+,Luxury,false,656,true,112,28,2026-05-13,Frisco/Silverthorne,Keystone,Dillon,Colorado,80435,United States,mountains_lakes,https://www.airbnb.com/rooms/45637935,https://a0.muscache.com/im/pictures/prohost-api/Hosting-45637935/original/7f4f61ed-e537-45fc-a010-9ca7090f3f19.jpeg,45637935,2073506,39.6043,-105.9338,=AVERAGE($G$2:$G$439),=AVERAGE($D$2:$D$439),"=IFERROR(($AT29-G29)/$AT29,0)","=IFERROR(($AU29-D29)/$AU29,0)",=$AU29-D29
Evolve | Ski-In/Ski-Out Keystone Condo w/ Balcony,Evolve,,119956,154357,1363.14,73.95,310,3,3,9,false,true,true,true,true,false,true,Home/Apartment,Condominium (condo),Apt/Condo/Loft,4.7,33,3,21+,Luxury,false,284,true,88,10,2026-05-13,Frisco/Silverthorne,Keystone,Dillon,Colorado,80435,United States,mountains_lakes,https://www.airbnb.com/rooms/50768048,https://a0.muscache.com/im/pictures/prohost-api/Hosting-50768048/original/9d6751da-e8b8-4efa-833f-f60c531e0061.jpeg,50768048,9588380ha,39.60668,-105.9448,=AVERAGE($G$2:$G$439),=AVERAGE($D$2:$D$439),"=IFERROR(($AT30-G30)/$AT30,0)","=IFERROR(($AU30-D30)/$AU30,0)",=$AU30-D30
"3br Summer Escape, River Run Townhome W/ View-R84",RedAwning,,114174,140829,1327.6,39.63,318,3,3,8,false,false,true,true,true,false,true,Home/Apartment,Townhouse,Apt/Condo/Loft,5,3,2,21+,Luxury,false,426,true,86,23,2026-05-13,Frisco/Silverthorne,Keystone,Dillon,Colorado,80435,United States,mountains_lakes,https://www.airbnb.com/rooms/26793044,https://a0.muscache.com/im/pictures/160208f2-27ff-4db1-a5f4-a90a5ad2961d.jpg,26793044,7191224ha,39.6072,-105.9466,=AVERAGE($G$2:$G$439),=AVERAGE($D$2:$D$439),"=IFERROR(($AT31-G31)/$AT31,0)","=IFERROR(($AU31-D31)/$AU31,0)",=$AU31-D31
Alpine Luxury Remodel/Penthouse/Resort-style Pool,SummitCove,,111746,156200,859.58,62.8,209,3,3,8,false,true,true,true,true,false,true,Home/Apartment,Condominium (condo),Apt/Condo/Loft,4.85,27,3,21+,Luxury,true,296,true,130,29,2026-05-16,Frisco/Silverthorne,Keystone,Dillon,Colorado,80435,United States,mountains_lakes,https://www.airbnb.com/rooms/47093699,https://a0.muscache.com/im/pictures/prohost-api/Hosting-47093699/original/3ec06073-3afb-450e-b747-9771f62aa8d0.png,47093699,1636578,39.607,-105.9401,=AVERAGE($G$2:$G$439),=AVERAGE($D$2:$D$439),"=IFERROR(($AT32-G32)/$AT32,0)","=IFERROR(($AU32-D32)/$AU32,0)",=$AU32-D32
Spacious Home near River Run w/Hot Tub,SummitCove,,109144,155228,2322.21,27.01,319,6,5,16,false,true,true,true,true,false,false,Home/Apartment,House,House/villa,5,15,3,21+,Luxury,true,857,true,47,12,2026-05-13,Frisco/Silverthorne,Keystone,Dillon,Colorado,80435,United States,mountains_lakes,https://www.airbnb.com/rooms/47093919,https://a0.muscache.com/im/pictures/prohost-api/Hosting-47093919/original/14f19786-9b45-4761-9479-d31cef552aa7.jpeg,47093919,1636536,39.6081,-105.9367,=AVERAGE($G$2:$G$439),=AVERAGE($D$2:$D$439),"=IFERROR(($AT33-G33)/$AT33,0)","=IFERROR(($AU33-D33)/$AU33,0)",=$AU33-D33
3br Ski-In/ski-Out~on Mountain~lone Eagle 3053,RedAwning,,108430,134807,1527.18,62.83,318,3,3,8,false,false,false,true,true,false,false,Home/Apartment,Condominium (condo),Apt/Condo/Loft,0,0,2,21+,Luxury,false,564,true,71,18,2026-05-17,Frisco/Silverthorne,Keystone,Dillon,Colorado,80435,United States,mountains_lakes,https://www.airbnb.com/rooms/1077406442391702208,https://a0.muscache.com/im/pictures/prohost-api/Hosting-1077406442391702208/original/2376f299-f0cb-4ba6-9ea3-029a68e96269.jpeg,1077406442391702208,9970884ha,39.6041,-105.9414,=AVERAGE($G$2:$G$439),=AVERAGE($D$2:$D$439),"=IFERROR(($AT34-G34)/$AT34,0)","=IFERROR(($AU34-D34)/$AU34,0)",=$AU34-D34
Timbers #3073,Summit County Mountain Retreats,,107225,111375,1357.28,46.75,298,4,4,9,false,false,true,true,true,false,true,Home/Apartment,Apartment,Apt/Condo/Loft,4.8,166,3,21+,Luxury,false,504,true,79,18,2026-05-13,Frisco/Silverthorne,Keystone,Dillon,Colorado,80435,United States,mountains_lakes,https://www.airbnb.com/rooms/5546975,https://a0.muscache.com/im/pictures/hosting/Hosting-U3RheVN1cHBseUxpc3Rpbmc6NTU0Njk3NQ==/original/6100bb53-906c-4b1b-9fe5-99b9a03df2d6.jpeg,5546975,259911,39.6044,-105.9454,=AVERAGE($G$2:$G$439),=AVERAGE($D$2:$D$439),"=IFERROR(($AT35-G35)/$AT35,0)","=IFERROR(($AU35-D35)/$AU35,0)",=$AU35-D35
Walk to Lift Townhome w/Hot Tub & Oxygen System,SummitCove,,106700,141350,1422.67,44.38,287,4,3,10,false,false,true,true,true,false,true,Home/Apartment,Townhouse,Apt/Condo/Loft,5,2,3,21+,Luxury,true,474,true,75,15,2026-05-15,Frisco/Silverthorne,Keystone,Dillon,Colorado,80435,United States,mountains_lakes,https://www.airbnb.com/rooms/1417389397233561638,https://a0.muscache.com/im/pictures/prohost-api/Hosting-1417389397233561638/original/0d5a682d-328a-414b-bb65-cb2f7617168a.jpeg,1417389397233561638,4583249,39.606,-105.9436,=AVERAGE($G$2:$G$439),=AVERAGE($D$2:$D$439),"=IFERROR(($AT36-G36)/$AT36,0)","=IFERROR(($AU36-D36)/$AU36,0)",=$AU36-D36
Lone Eagle #3024,Summit County Mountain Retreats,,104298,121142,690.72,57.85,316,2,2,8,false,true,true,true,true,false,true,Home/Apartment,Apartment,Apt/Condo/Loft,4.7,203,1,21+,Luxury,false,312,true,151,34,2026-05-11,Frisco/Silverthorne,Keystone,Dillon,Colorado,80435,United States,mountains_lakes,https://www.airbnb.com/rooms/6225210,https://a0.muscache.com/im/pictures/hosting/Hosting-U3RheVN1cHBseUxpc3Rpbmc6NjIyNTIxMA==/original/1b386d3a-0843-4b71-b9c9-c53340122f7a.jpeg,6225210,246643,39.6044,-105.9423,=AVERAGE($G$2:$G$439),=AVERAGE($D$2:$D$439),"=IFERROR(($AT37-G37)/$AT37,0)","=IFERROR(($AU37-D37)/$AU37,0)",=$AU37-D37
Luminous 3br Escape-River Run Townhome+view-R38,RedAwning,,103562,115281,1569.12,55.46,323,3,3,8,false,false,true,true,true,false,true,Home/Apartment,Townhouse,Apt/Condo/Loft,0,0,1,21+,Luxury,false,509,true,66,19,2026-05-13,Frisco/Silverthorne,Keystone,Dillon,Colorado,80435,United States,mountains_lakes,https://www.airbnb.com/rooms/22576838,https://a0.muscache.com/im/pictures/77c248e6-5d44-4739-bdbb-d3e1e95174af.jpg,22576838,4807533ha,39.6072,-105.9466,=AVERAGE($G$2:$G$439),=AVERAGE($D$2:$D$439),"=IFERROR(($AT38-G38)/$AT38,0)","=IFERROR(($AU38-D38)/$AU38,0)",=$AU38-D38
Stunning Retreat/Private Hot Tub/Steps to Gondola,SkyRun Vacation Rentals,,103225,110446,839.23,43.01,347,3,3,10,false,false,true,true,true,false,false,Home/Apartment,Condominium (condo),Apt/Condo/Loft,4.9,42,2,21+,Luxury,true,287,true,123,34,2026-05-11,Frisco/Silverthorne,Keystone,Dillon,Colorado,80435,United States,mountains_lakes,https://www.airbnb.com/rooms/605809211920874726,https://a0.muscache.com/im/pictures/prohost-api/Hosting-605809211920874726/original/e1d13e0c-79f4-4a8b-bd61-3588cc38a5ba.jpeg,605809211920874726,639415,39.6064,-105.9447,=AVERAGE($G$2:$G$439),=AVERAGE($D$2:$D$439),"=IFERROR(($AT39-G39)/$AT39,0)","=IFERROR(($AU39-D39)/$AU39,0)",=$AU39-D39
Steps to Main Village - River Run Townhome R42,RedAwning,,101077,133197,1579.33,48.48,311,3,3,8,false,false,true,true,false,false,true,Home/Apartment,Townhouse,Apt/Condo/Loft,4,2,1,21+,Luxury,false,401,true,64,17,2026-05-17,Frisco/Silverthorne,Keystone,Dillon,Colorado,80435,United States,mountains_lakes,https://www.airbnb.com/rooms/22576839,https://a0.muscache.com/im/pictures/prohost-api/Hosting-22576839/original/67072e30-a838-46e6-912f-af4fa89e4f07.jpeg,22576839,4807532ha,39.6073,-105.9462,=AVERAGE($G$2:$G$439),=AVERAGE($D$2:$D$439),"=IFERROR(($AT40-G40)/$AT40,0)","=IFERROR(($AU40-D40)/$AU40,0)",=$AU40-D40
Riverfront Luxury Townhome with Hot Tub,SummitCove,,100403,117565,1224.43,63.08,217,3,3,9,false,false,true,true,true,false,true,Home/Apartment,Townhouse,Apt/Condo/Loft,5,5,3,21+,Luxury,true,393,true,82,20,2026-05-11,Frisco/Silverthorne,Keystone,Dillon,Colorado,80435,United States,mountains_lakes,https://www.airbnb.com/rooms/1511794165598346666,https://a0.muscache.com/im/pictures/prohost-api/Hosting-1511794165598346666/original/a47e45d2-802a-4600-96fc-fc3f0ddf2a2d.jpeg,1511794165598346666,4834561,39.6057136298,-105.9420906178,=AVERAGE($G$2:$G$439),=AVERAGE($D$2:$D$439),"=IFERROR(($AT41-G41)/$AT41,0)","=IFERROR(($AU41-D41)/$AU41,0)",=$AU41-D41
"Spacious Lodge with Sauna, Hot Tub & Recovery Room",539046582,,100169,134935,1077.09,86.92,132,4,3,12,false,false,false,true,true,true,false,Home/Apartment,House,House/villa,5,18,3,2-5,Luxury,true,400,false,93,23,2026-05-13,Frisco/Silverthorne,Keystone,Dillon,Colorado,80435,United States,mountains_lakes,https://www.airbnb.com/rooms/1552978390273046011,https://a0.muscache.com/im/pictures/prohost-api/Hosting-1552978390273046011/original/1585a81b-b84d-49f6-a241-f907a985d83a.jpeg,1552978390273046011,5083295,39.5987,-105.9851,=AVERAGE($G$2:$G$439),=AVERAGE($D$2:$D$439),"=IFERROR(($AT42-G42)/$AT42,0)","=IFERROR(($AU42-D42)/$AU42,0)",=$AU42-D42
"4Min WALK to Lift! Near Both Bases, Fireplace+Deck",242127331,,99275,118779,863.26,43.23,291,2,2,6,false,false,false,true,true,false,true,Home/Apartment,Condominium (condo),Apt/Condo/Loft,4.85,229,1,1,Luxury,true,148,false,115,36,2026-05-13,Frisco/Silverthorne,Keystone,Dillon,Colorado,80435,United States,mountains_lakes,https://www.airbnb.com/rooms/32268004,https://a0.muscache.com/im/pictures/f62433f8-8f27-403b-bcfa-2652bd0629fd.jpg,32268004,1586135,39.6051,-105.9498,=AVERAGE($G$2:$G$439),=AVERAGE($D$2:$D$439),"=IFERROR(($AT43-G43)/$AT43,0)","=IFERROR(($AU43-D43)/$AU43,0)",=$AU43-D43
Walk to Slopes Red Hawk Penthouse - 4-Bed / 4-Bath,146026467,,98617,99847,957.45,42.21,347,4,4,12,true,true,false,true,true,false,true,Home/Apartment,Condominium (condo),Apt/Condo/Loft,4.8,159,2,1,Luxury,false,305,true,103,24,2026-05-13,Frisco/Silverthorne,Keystone,Dillon,Colorado,80435,United States,mountains_lakes,https://www.airbnb.com/rooms/30128071,https://a0.muscache.com/im/pictures/8046ae31-0260-4821-82c6-d0ac24cc9272.jpg,30128071,1490118,39.6069,-105.9395,=AVERAGE($G$2:$G$439),=AVERAGE($D$2:$D$439),"=IFERROR(($AT44-G44)/$AT44,0)","=IFERROR(($AU44-D44)/$AU44,0)",=$AU44-D44
Lone Eagle #3012,Summit County Mountain Retreats,,96942,99964,598.41,57.04,352,2,2,6,false,true,true,true,true,false,true,Home/Apartment,Apartment,Apt/Condo/Loft,4.75,16,3,21+,Luxury,false,294,true,162,35,2026-05-11,Frisco/Silverthorne,Keystone,Dillon,Colorado,80435,United States,mountains_lakes,https://www.airbnb.com/rooms/1298049801875220259,https://a0.muscache.com/im/pictures/prohost-api/Hosting-1298049801875220259/original/9800385f-c666-4c5d-bffd-ac7cf632392b.jpeg,1298049801875220259,4297080,39.6045,-105.9434,=AVERAGE($G$2:$G$439),=AVERAGE($D$2:$D$439),"=IFERROR(($AT45-G45)/$AT45,0)","=IFERROR(($AU45-D45)/$AU45,0)",=$AU45-D45
"Summer Retreat/Pool, Slide & Village Activities",SummitCove,,94894,104292,673.01,51.09,309,3,3,10,false,true,false,true,true,false,true,Home/Apartment,Condominium (condo),Apt/Condo/Loft,4.55,7,3,21+,Luxury,true,298,true,141,36,2026-05-13,Frisco/Silverthorne,Keystone,Dillon,Colorado,80435,United States,mountains_lakes,https://www.airbnb.com/rooms/47094134,https://a0.muscache.com/im/pictures/hosting/Hosting-47094134/original/06ae5ebb-129d-4b01-b69a-538bfd48ed49.png,47094134,1636486,39.607,-105.9401,=AVERAGE($G$2:$G$439),=AVERAGE($D$2:$D$439),"=IFERROR(($AT46-G46)/$AT46,0)","=IFERROR(($AU46-D46)/$AU46,0)",=$AU46-D46
"Gorgeous Views of Slopes,  Ski-in/Ski-out",SummitCove,,94551,106335,984.91,48.73,292,2,3,7,false,true,true,true,true,false,true,Home/Apartment,Condominium (condo),Apt/Condo/Loft,4.7,20,2,21+,Luxury,true,283,true,96,24,2026-05-13,Frisco/Silverthorne,Keystone,Dillon,Colorado,80435,United States,mountains_lakes,https://www.airbnb.com/rooms/47093299,https://a0.muscache.com/im/pictures/prohost-api/Hosting-47093299/original/c33b2bec-56d3-47bc-af70-758dce8205be.jpeg,47093299,1698781,39.6045,-105.9425,=AVERAGE($G$2:$G$439),=AVERAGE($D$2:$D$439),"=IFERROR(($AT47-G47)/$AT47,0)","=IFERROR(($AU47-D47)/$AU47,0)",=$AU47-D47
Luxury 4 Bedroom home! Walk to Slopes!,5 Diamond Lodging,,92577,149401,1653.16,63.64,106,4,4,10,false,false,true,true,true,false,false,Home/Apartment,House,House/villa,4.9,35,4,21+,Luxury,true,629,true,56,12,2026-05-13,Frisco/Silverthorne,Keystone,Dillon,Colorado,80435,United States,mountains_lakes,https://www.airbnb.com/rooms/28911824,https://a0.muscache.com/im/pictures/prohost-api/Hosting-28911824/original/60a5b29b-a6d7-4f03-8d2b-f610a8df7b35.jpeg,28911824,1450683,39.61,-105.941,=AVERAGE($G$2:$G$439),=AVERAGE($D$2:$D$439),"=IFERROR(($AT48-G48)/$AT48,0)","=IFERROR(($AU48-D48)/$AU48,0)",=$AU48-D48
Fantastic Mountain Home Near Ski Lifts,RedAwning,,92339,114572,982.33,35.07,313,3,3,8,false,false,false,true,true,false,false,Home/Apartment,Condominium (condo),Apt/Condo/Loft,0,0,2,21+,Luxury,false,787,true,94,29,2026-05-14,Frisco/Silverthorne,Keystone,Dillon,Colorado,80435,United States,mountains_lakes,https://www.airbnb.com/rooms/1405727945976830343,https://a0.muscache.com/im/pictures/prohost-api/Hosting-1405727945976830343/original/2eee247b-7fa3-444b-beee-1fcbde2650a8.jpeg,1405727945976830343,20140240ha,39.6075,-105.9429,=AVERAGE($G$2:$G$439),=AVERAGE($D$2:$D$439),"=IFERROR(($AT49-G49)/$AT49,0)","=IFERROR(($AU49-D49)/$AU49,0)",=$AU49-D49
Luxurious 3 Br In River Run Village W/ Ski-In Out,RedAwning,,89288,114157,1395.12,36.78,312,3,3,10,false,true,true,true,true,false,true,Home/Apartment,Condominium (condo),Apt/Condo/Loft,5,1,2,21+,Luxury,false,500,true,64,16,2026-05-16,Frisco/Silverthorne,Keystone,Dillon,Colorado,80435,United States,mountains_lakes,https://www.airbnb.com/rooms/584307801324235476,https://a0.muscache.com/im/pictures/prohost-api/Hosting-584307801324235476/original/75d0c0b7-1c7d-4c04-926e-805b7dd97829.jpeg,584307801324235476,9671101ha,39.6041,-105.9414,=AVERAGE($G$2:$G$439),=AVERAGE($D$2:$D$439),"=IFERROR(($AT50-G50)/$AT50,0)","=IFERROR(($AU50-D50)/$AU50,0)",=$AU50-D50
"Red Hawk Townhome - Walk to Lifts, Pool/Hot Tub Ac",Summit Mountain Rentals,,87862,111651,1220.31,69.9,154,4,3,12,false,false,true,true,false,false,true,Home/Apartment,Townhouse,Apt/Condo/Loft,5,3,3,21+,Luxury,true,970,true,72,15,2026-05-13,Frisco/Silverthorne,Keystone,Dillon,Colorado,80435,United States,mountains_lakes,https://www.airbnb.com/rooms/1539134336378075581,https://a0.muscache.com/im/pictures/prohost-api/Hosting-1539134336378075581/original/1aefa9ea-498a-49d5-9980-ceab639b8b10.jpeg,1539134336378075581,4843550,39.6066820465,-105.9376085725,=AVERAGE($G$2:$G$439),=AVERAGE($D$2:$D$439),"=IFERROR(($AT51-G51)/$AT51,0)","=IFERROR(($AU51-D51)/$AU51,0)",=$AU51-D51
"Stunning, Private Hot Tub, Walk to Slopes",SummitCove,,87009,97226,750.08,41.73,328,3,3,8,false,false,true,true,true,false,true,Home/Apartment,Townhouse,Apt/Condo/Loft,4.9,8,3,21+,Luxury,true,378,true,116,29,2026-05-13,Frisco/Silverthorne,Keystone,Dillon,Colorado,80435,United States,mountains_lakes,https://www.airbnb.com/rooms/47093491,https://a0.muscache.com/im/pictures/cb36500e-545f-4bf6-836e-54afed53b8f2.jpg,47093491,1636599,39.60628,-105.94588,=AVERAGE($G$2:$G$439),=AVERAGE($D$2:$D$439),"=IFERROR(($AT52-G52)/$AT52,0)","=IFERROR(($AU52-D52)/$AU52,0)",=$AU52-D52
True Ski-in/Ski-out Condo w/Hot Tub and Pool,SummitCove,,86659,101414,1031.65,34.29,320,3,3,8,false,true,true,true,true,false,true,Home/Apartment,Condominium (condo),Apt/Condo/Loft,4.9,9,3,21+,Luxury,true,325,true,84,25,2026-05-13,Frisco/Silverthorne,Keystone,Dillon,Colorado,80435,United States,mountains_lakes,https://www.airbnb.com/rooms/1261609631433684760,https://a0.muscache.com/im/pictures/prohost-api/Hosting-1261609631433684760/original/754da99d-660a-479b-aa57-2c7e74795e84.jpeg,1261609631433684760,4229316,39.6045,-105.9425,=AVERAGE($G$2:$G$439),=AVERAGE($D$2:$D$439),"=IFERROR(($AT53-G53)/$AT53,0)","=IFERROR(($AU53-D53)/$AU53,0)",=$AU53-D53
Lone Eagle #3009,Summit County Mountain Retreats,,85867,86254,479.7,56.29,362,2,2,6,false,true,true,true,true,false,true,Home/Apartment,Apartment,Apt/Condo/Loft,4.65,160,1,21+,Luxury,false,310,true,179,40,2026-05-11,Frisco/Silverthorne,Keystone,Dillon,Colorado,80435,United States,mountains_lakes,https://www.airbnb.com/rooms/5536291,https://a0.muscache.com/im/pictures/prohost-api/Hosting-5536291/original/422833e3-6c35-4a8e-8780-1e30163d9e5a.jpeg,5536291,248454,39.6045,-105.9424,=AVERAGE($G$2:$G$439),=AVERAGE($D$2:$D$439),"=IFERROR(($AT54-G54)/$AT54,0)","=IFERROR(($AU54-D54)/$AU54,0)",=$AU54-D54
Mountain-View 3BR | Near Gondola + Pool & Kitchen,Leavetown,,84980,86882,1036.34,62.12,170,3,3,8,false,true,false,true,true,false,true,Home/Apartment,Condominium (condo),Apt/Condo/Loft,0,0,2,21+,Luxury,false,0,true,82,18,2026-05-11,Frisco/Silverthorne,Keystone,Dillon,Colorado,80435,United States,mountains_lakes,https://www.airbnb.com/rooms/1557374896168605492,https://a0.muscache.com/im/pictures/prohost-api/Hosting-1557374896168605492/original/0ad4b47f-6171-4409-93b6-e8c421389ee1.jpeg,1557374896168605492,4956564,39.6055851893,-105.941737964,=AVERAGE($G$2:$G$439),=AVERAGE($D$2:$D$439),"=IFERROR(($AT55-G55)/$AT55,0)","=IFERROR(($AU55-D55)/$AU55,0)",=$AU55-D55
Whispering Pines • Luxury Keystone Retreat • Spa,HFTH,,84175,88088,1315.23,69.57,145,4,4,15,false,true,true,true,true,true,false,Home/Apartment,House,House/villa,5,13,2,21+,Luxury,true,595,false,64,22,2026-05-14,Frisco/Silverthorne,Keystone,Dillon,Colorado,80435,United States,mountains_lakes,https://www.airbnb.com/rooms/1602517621500870691,https://a0.muscache.com/im/pictures/prohost-api/Hosting-1602517621500870691/original/51ac7836-fc73-449f-bde6-f02c7cc01bb2.jpeg,1602517621500870691,5017012,39.60089,-105.97701,=AVERAGE($G$2:$G$439),=AVERAGE($D$2:$D$439),"=IFERROR(($AT56-G56)/$AT56,0)","=IFERROR(($AU56-D56)/$AU56,0)",=$AU56-D56
Skip the Ritz—Renovated Ski-In/Ski-Out Penthouse with Soaring 25-Ft Ceilings,,,83026,100825,1886.95,36.97,198,5,5,15,false,true,true,true,true,false,true,Home/Apartment,Condominium (condo),Apt/Condo/Loft,4.5,157,2,1,Luxury,false,398,true,44,10,2026-05-16,Frisco/Silverthorne,Keystone,Dillon,Colorado,80435,United States,mountains_lakes,https://www.vrbo.com/4850121,https://media.vrbo.com/lodging/121000000/120700000/120692100/120692027/77ad4a20.jpg?impolicy=resizecrop&rw=1200&ra=fit,,4850121,39.604413,-105.943734,=AVERAGE($G$2:$G$439),=AVERAGE($D$2:$D$439),"=IFERROR(($AT57-G57)/$AT57,0)","=IFERROR(($AU57-D57)/$AU57,0)",=$AU57-D57
Luxurious 3br In River Run Village + Ski In/out,RedAwning,,82512,136828,1447.58,51.82,289,3,3,8,false,true,true,true,true,false,true,Home/Apartment,Condominium (condo),Apt/Condo/Loft,0,0,1,21+,Luxury,false,488,true,57,14,2026-05-17,Frisco/Silverthorne,Keystone,Dillon,Colorado,80435,United States,mountains_lakes,https://www.airbnb.com/rooms/630036153253952723,https://a0.muscache.com/im/pictures/prohost-api/Hosting-630036153253952723/original/a852af02-39ec-4068-8334-78ba6eba2e55.jpeg,630036153253952723,9690882ha,39.6041,-105.9414,=AVERAGE($G$2:$G$439),=AVERAGE($D$2:$D$439),"=IFERROR(($AT58-G58)/$AT58,0)","=IFERROR(($AU58-D58)/$AU58,0)",=$AU58-D58
Keystone Escape | Luxe Penthouse w/ Pool + Views,Leavetown,,82100,179823,3040.74,100,33,3,3,10,true,true,false,true,false,false,true,Home/Apartment,Condominium (condo),Apt/Condo/Loft,0,0,1,21+,Luxury,false,0,true,27,1,2026-05-08,Frisco/Silverthorne,Keystone,Dillon,Colorado,80435,United States,mountains_lakes,https://www.airbnb.com/rooms/1501495277859181091,https://a0.muscache.com/im/pictures/prohost-api/Hosting-1501495277859181091/original/ada1cecc-e516-478e-abf2-d04babf4d356.jpeg,1501495277859181091,4793464,39.6057296348,-105.9421975833,=AVERAGE($G$2:$G$439),=AVERAGE($D$2:$D$439),"=IFERROR(($AT59-G59)/$AT59,0)","=IFERROR(($AU59-D59)/$AU59,0)",=$AU59-D59
Timbers #3064,Summit County Mountain Retreats,,80965,91418,460.03,61.54,316,2,2,7,false,false,false,true,true,false,true,Home/Apartment,Apartment,Apt/Condo/Loft,4.75,12,2,21+,Luxury,false,258,true,176,44,2026-05-11,Frisco/Silverthorne,Keystone,Dillon,Colorado,80435,United States,mountains_lakes,https://www.airbnb.com/rooms/1250087010043398456,https://a0.muscache.com/im/pictures/prohost-api/Hosting-1250087010043398456/original/518b3398-b1ba-4e85-a549-ce18f6034763.jpeg,1250087010043398456,4201063,39.6044,-105.9433,=AVERAGE($G$2:$G$439),=AVERAGE($D$2:$D$439),"=IFERROR(($AT60-G60)/$AT60,0)","=IFERROR(($AU60-D60)/$AU60,0)",=$AU60-D60
"Deluxe, Spacious, Elegant Home | Close to Gondola!",Leavetown,,78856,100018,866.55,38.24,301,4,3,10,false,false,false,true,true,false,false,Home/Apartment,House,House/villa,5,2,1,21+,Luxury,false,76,true,91,24,2026-05-16,Frisco/Silverthorne,Keystone,Dillon,Colorado,80435,United States,mountains_lakes,https://www.airbnb.com/rooms/50334141,https://a0.muscache.com/im/pictures/prohost-api/Hosting-50334141/original/ecb1db24-3015-4613-b295-17d72be5bff4.jpeg,50334141,2348502,39.6058,-105.92723,=AVERAGE($G$2:$G$439),=AVERAGE($D$2:$D$439),"=IFERROR(($AT61-G61)/$AT61,0)","=IFERROR(($AU61-D61)/$AU61,0)",=$AU61-D61
Chateaux DuMont #2706,Summit County Mountain Retreats,,78701,97060,542.77,59.43,297,3,3,9,false,false,true,true,true,false,false,Home/Apartment,Apartment,Apt/Condo/Loft,4.85,46,2,21+,Luxury,false,454,true,145,29,2026-05-13,Frisco/Silverthorne,Keystone,Dillon,Colorado,80435,United States,mountains_lakes,https://www.airbnb.com/rooms/38581322,https://a0.muscache.com/im/pictures/hosting/Hosting-38581322/original/c825f1c4-2ec0-459a-b3d7-3df46f3948cc.jpeg,38581322,1754380,39.6056,-105.9544,=AVERAGE($G$2:$G$439),=AVERAGE($D$2:$D$439),"=IFERROR(($AT62-G62)/$AT62,0)","=IFERROR(($AU62-D62)/$AU62,0)",=$AU62-D62
Whispering Pines🌲Luxury Keystone Retreat 🏔️ Hot Tub 🛁 Game Room ⛷️ 1 Mile to Lifts,,,78255,82953,1819.88,60.56,111,4,4,15,false,true,true,true,true,true,false,Home/Apartment,House,House/villa,5,0,2,2-5,Luxury,false,0,false,43,12,2026-05-16,Frisco/Silverthorne,Keystone,Dillon,Colorado,80435,United States,mountains_lakes,https://www.vrbo.com/5055795,https://media.vrbo.com/lodging/126000000/125180000/125175200/125175196/532819f6.jpg?impolicy=resizecrop&rw=1200&ra=fit,,5055795,39.601724,-105.977566,=AVERAGE($G$2:$G$439),=AVERAGE($D$2:$D$439),"=IFERROR(($AT63-G63)/$AT63,0)","=IFERROR(($AU63-D63)/$AU63,0)",=$AU63-D63
3brcondo-River Run Village Sleeps 9. Kids Ski Free,RedAwning,,78086,92238,1099.8,34.47,325,3,3,8,false,true,true,true,true,false,true,Home/Apartment,Condominium (condo),Apt/Condo/Loft,4.65,3,1,21+,Luxury,false,385,true,71,23,2026-05-13,Frisco/Silverthorne,Keystone,Dillon,Colorado,80435,United States,mountains_lakes,https://www.airbnb.com/rooms/23302858,https://a0.muscache.com/im/pictures/prohost-api/Hosting-23302858/original/9a05681d-a005-4aaf-b724-225409f2756a.jpeg,23302858,4424375ha,39.6065,-105.9436,=AVERAGE($G$2:$G$439),=AVERAGE($D$2:$D$439),"=IFERROR(($AT64-G64)/$AT64,0)","=IFERROR(($AU64-D64)/$AU64,0)",=$AU64-D64
Best Pool • Walk to Festivals • Corner Unit,SummitCove,,78030,93963,690.53,47.88,282,3,3,10,false,true,true,true,true,false,true,Home/Apartment,Condominium (condo),Apt/Condo/Loft,5,5,2,21+,Luxury,true,305,true,113,34,2026-05-13,Frisco/Silverthorne,Keystone,Dillon,Colorado,80435,United States,mountains_lakes,https://www.airbnb.com/rooms/47093568,https://a0.muscache.com/im/pictures/prohost-api/Hosting-47093568/original/aca969b8-3898-43db-bd5d-7253373358d6.jpeg,47093568,1792750,39.60745,-105.94062,=AVERAGE($G$2:$G$439),=AVERAGE($D$2:$D$439),"=IFERROR(($AT65-G65)/$AT65,0)","=IFERROR(($AU65-D65)/$AU65,0)",=$AU65-D65
Exquisite Ski-in/Ski-out Condo with Mtn Views,SummitCove,,77931,93849,1198.94,34.95,328,3,3,10,false,true,false,true,true,false,true,Home/Apartment,Condominium (condo),Apt/Condo/Loft,4.65,14,3,21+,Luxury,true,359,false,65,15,2026-05-16,Frisco/Silverthorne,Keystone,Dillon,Colorado,80435,United States,mountains_lakes,https://www.airbnb.com/rooms/47093314,https://a0.muscache.com/im/pictures/prohost-api/Hosting-47093314/original/c0e869fd-36d5-471d-9d75-ca80916fd32a.jpeg,47093314,1636727,39.6044,-105.9424,=AVERAGE($G$2:$G$439),=AVERAGE($D$2:$D$439),"=IFERROR(($AT66-G66)/$AT66,0)","=IFERROR(($AU66-D66)/$AU66,0)",=$AU66-D66
Quaint 1BR/2BA Alpine Unit in Keystone Near Lifts,Leavetown,,77707,138684,1653.34,65.28,78,1,2,6,true,true,false,true,false,false,true,Home/Apartment,Condominium (condo),Apt/Condo/Loft,0,0,1,21+,Luxury,false,0,true,47,13,2026-05-11,Frisco/Silverthorne,Keystone,Dillon,Colorado,80435,United States,mountains_lakes,https://www.airbnb.com/rooms/1501493704243379895,https://a0.muscache.com/im/pictures/prohost-api/Hosting-1501493704243379895/original/0239d096-5d2f-456c-876c-55cc91e2f3db.jpeg,1501493704243379895,4793459,39.6069942646,-105.941157206,=AVERAGE($G$2:$G$439),=AVERAGE($D$2:$D$439),"=IFERROR(($AT67-G67)/$AT67,0)","=IFERROR(($AU67-D67)/$AU67,0)",=$AU67-D67
Luxury Mountain Retreat in The Heart of Keystone,SkyRun Vacation Rentals,,76946,76946,1115.16,53.08,204,3,2,10,true,false,true,true,false,false,true,Home/Apartment,Townhouse,Apt/Condo/Loft,5,2,2,21+,Luxury,true,298,true,69,14,2026-05-13,Frisco/Silverthorne,Keystone,Dillon,Colorado,80435,United States,mountains_lakes,https://www.airbnb.com/rooms/1542237673460165080,https://a0.muscache.com/im/pictures/prohost-api/Hosting-1542237673460165080/original/2a53f239-b664-419c-bc50-3193f36a82e5.jpeg,1542237673460165080,,39.6068301812,-105.9426585061,=AVERAGE($G$2:$G$439),=AVERAGE($D$2:$D$439),"=IFERROR(($AT68-G68)/$AT68,0)","=IFERROR(($AU68-D68)/$AU68,0)",=$AU68-D68
Ski-in/Ski-out Condo w/Balcony & Private Laundry,SummitCove,,76209,88674,875.97,37.66,304,2,2,9,false,true,true,true,true,false,true,Home/Apartment,Condominium (condo),Apt/Condo/Loft,4.65,14,2,21+,Luxury,true,284,true,87,21,2026-05-16,Frisco/Silverthorne,Keystone,Dillon,Colorado,80435,United States,mountains_lakes,https://www.airbnb.com/rooms/47093291,https://a0.muscache.com/im/pictures/prohost-api/Hosting-47093291/original/d95713e7-89d6-4c74-a4c6-f7e5f5f65c5c.png,47093291,1636639,39.6045,-105.9425,=AVERAGE($G$2:$G$439),=AVERAGE($D$2:$D$439),"=IFERROR(($AT69-G69)/$AT69,0)","=IFERROR(($AU69-D69)/$AU69,0)",=$AU69-D69
Luxury Cabin Retreat in Keystone,96747753,,75466,110779,1509.32,42.37,143,4,3,14,false,false,true,true,true,false,false,Home/Apartment,House,House/villa,5,3,3,1,Luxury,false,376,false,50,11,2026-05-14,Frisco/Silverthorne,Keystone,Dillon,Colorado,80435,United States,mountains_lakes,https://www.airbnb.com/rooms/1553768022082450800,https://a0.muscache.com/im/pictures/hosting/Hosting-1553768022082450800/original/31ceba05-2e2c-4435-ab27-740795bd30c8.jpeg,1553768022082450800,4958704,39.6005,-105.9779,=AVERAGE($G$2:$G$439),=AVERAGE($D$2:$D$439),"=IFERROR(($AT70-G70)/$AT70,0)","=IFERROR(($AU70-D70)/$AU70,0)",=$AU70-D70
Luxury 4bdr Ski In-Out Condo-Premium Amenities,RedAwning,,75322,104387,1673.82,45,247,4,4,10,false,true,true,true,true,false,true,Home/Apartment,Condominium (condo),Apt/Condo/Loft,4.25,13,1,21+,Luxury,false,0,true,45,10,2026-05-13,Frisco/Silverthorne,Keystone,Dillon,Colorado,80435,United States,mountains_lakes,https://www.airbnb.com/rooms/21657809,https://a0.muscache.com/im/pictures/f2c5411d-d562-47e3-8595-01788d789f52.jpg,21657809,4507822ha,39.6045,-105.9453,=AVERAGE($G$2:$G$439),=AVERAGE($D$2:$D$439),"=IFERROR(($AT71-G71)/$AT71,0)","=IFERROR(($AU71-D71)/$AU71,0)",=$AU71-D71
"Remodeled Top Floor, Walk to Slopes Condo",SummitCove,,74076,78004,425.72,74.36,255,2,2,6,false,true,true,true,true,false,true,Home/Apartment,Condominium (condo),Apt/Condo/Loft,5,17,2,21+,Luxury,true,216,true,174,32,2026-05-13,Frisco/Silverthorne,Keystone,Dillon,Colorado,80435,United States,mountains_lakes,https://www.airbnb.com/rooms/1552346287113644907,https://a0.muscache.com/im/pictures/prohost-api/Hosting-1552346287113644907/original/1ab40295-0ce1-4ea3-ac34-ff4ea947467b.jpeg,1552346287113644907,1636514,39.6065,-105.9421,=AVERAGE($G$2:$G$439),=AVERAGE($D$2:$D$439),"=IFERROR(($AT72-G72)/$AT72,0)","=IFERROR(($AU72-D72)/$AU72,0)",=$AU72-D72
Elegant 4BR Keystone Getaway w/ Hot Tub,SummitCove,,73857,73857,1342.85,39.57,180,4,3,10,false,false,true,true,true,false,true,Home/Apartment,Townhouse,Apt/Condo/Loft,5,1,3,21+,Luxury,true,428,true,55,9,2026-05-13,Frisco/Silverthorne,Keystone,Dillon,Colorado,80435,United States,mountains_lakes,https://www.airbnb.com/rooms/1543495015778477343,https://a0.muscache.com/im/pictures/prohost-api/Hosting-1543495015778477343/original/b2c28bed-ce27-4496-8f7b-df6f8f7774d7.jpeg,1543495015778477343,4923322,39.6077,-105.947,=AVERAGE($G$2:$G$439),=AVERAGE($D$2:$D$439),"=IFERROR(($AT73-G73)/$AT73,0)","=IFERROR(($AU73-D73)/$AU73,0)",=$AU73-D73
Luxury Ski in Ski out Condo with Great Amenities,SkyRun Vacation Rentals,,73508,77803,514.04,50.53,344,2,2,7,false,true,true,true,true,false,true,Home/Apartment,Condominium (condo),Apt/Condo/Loft,4.9,55,2,21+,Luxury,true,231,true,143,36,2026-05-13,Frisco/Silverthorne,Keystone,Dillon,Colorado,80435,United States,mountains_lakes,https://www.airbnb.com/rooms/16257629,https://a0.muscache.com/im/pictures/prohost-api/Hosting-16257629/original/a635a596-7b37-4e49-9e6d-76c8f29e759b.jpeg,16257629,322603,39.6043,-105.9428,=AVERAGE($G$2:$G$439),=AVERAGE($D$2:$D$439),"=IFERROR(($AT74-G74)/$AT74,0)","=IFERROR(($AU74-D74)/$AU74,0)",=$AU74-D74
223 Caravelle Drive,Summit County Mountain Retreats,,73503,88841,668.21,70.97,169,3,3,10,false,false,true,true,true,false,false,Home/Apartment,Villa,House/villa,4.75,43,1,21+,Luxury,false,517,true,110,22,2026-05-13,Frisco/Silverthorne,Keystone,Dillon,Colorado,80435,United States,mountains_lakes,https://www.airbnb.com/rooms/744978358423017099,https://a0.muscache.com/im/pictures/hosting/Hosting-744978358423017099/original/f1acac44-dc1d-490f-ba6a-0ed5c83899ac.jpeg,744978358423017099,3071558,39.6099,-105.9573,=AVERAGE($G$2:$G$439),=AVERAGE($D$2:$D$439),"=IFERROR(($AT75-G75)/$AT75,0)","=IFERROR(($AU75-D75)/$AU75,0)",=$AU75-D75
Stunning Ski-In Ski-Out Condo/Private Hot Tub,SkyRun Vacation Rentals,,71404,79760,440.77,47.51,348,2,2,6,false,true,true,true,true,false,false,Home/Apartment,Condominium (condo),Apt/Condo/Loft,4.35,124,2,21+,Luxury,false,140,true,162,45,2024-11-20,Frisco/Silverthorne,Keystone,Dillon,Colorado,80435,United States,mountains_lakes,https://www.airbnb.com/rooms/16257654,https://a0.muscache.com/im/pictures/prohost-api/Hosting-16257654/original/007389e6-6e16-4c92-b060-55aa26515729.jpeg,16257654,28288,39.6052,-105.9542,=AVERAGE($G$2:$G$439),=AVERAGE($D$2:$D$439),"=IFERROR(($AT76-G76)/$AT76,0)","=IFERROR(($AU76-D76)/$AU76,0)",=$AU76-D76
"Spacious 3BR Ski Condo | Balcony, Pool & Fireplace",Leavetown,,71325,74911,902.85,58.96,171,3,2,8,false,false,true,true,true,false,true,Home/Apartment,Condominium (condo),Apt/Condo/Loft,0,0,2,21+,Luxury,false,432,true,79,20,2026-05-13,Frisco/Silverthorne,Keystone,Dillon,Colorado,80435,United States,mountains_lakes,https://www.airbnb.com/rooms/1557999082051372207,https://a0.muscache.com/im/pictures/prohost-api/Hosting-1557999082051372207/original/15bc7572-817a-4220-8741-4044139ffd2a.jpeg,1557999082051372207,4958096,39.60642,-105.94345,=AVERAGE($G$2:$G$439),=AVERAGE($D$2:$D$439),"=IFERROR(($AT77-G77)/$AT77,0)","=IFERROR(($AU77-D77)/$AU77,0)",=$AU77-D77
"Slope views,  pool & hot tub, Bike Park!",SummitCove,,71234,72752,636.02,50.68,357,2,2,6,false,true,true,true,true,false,true,Home/Apartment,Condominium (condo),Apt/Condo/Loft,4.95,14,2,21+,Luxury,true,224,true,112,29,2026-05-13,Frisco/Silverthorne,Keystone,Dillon,Colorado,80435,United States,mountains_lakes,https://www.airbnb.com/rooms/47093277,https://a0.muscache.com/im/pictures/prohost-api/Hosting-47093277/original/26e10dcf-3220-449b-9b81-21927ef08c63.jpeg,47093277,1636752,39.6045,-105.9425,=AVERAGE($G$2:$G$439),=AVERAGE($D$2:$D$439),"=IFERROR(($AT78-G78)/$AT78,0)","=IFERROR(($AU78-D78)/$AU78,0)",=$AU78-D78
"Modern Condo, Walk to Skiing, and Village",SummitCove,,70919,112770,354.6,94.34,214,2,2,6,false,false,true,true,true,false,true,Home/Apartment,Condominium (condo),Apt/Condo/Loft,4.8,16,2,21+,Luxury,true,204,true,200,30,2026-05-16,Frisco/Silverthorne,Keystone,Dillon,Colorado,80435,United States,mountains_lakes,https://www.airbnb.com/rooms/46903929,https://a0.muscache.com/im/pictures/prohost-api/Hosting-46903929/original/187e439d-cb02-4beb-994b-a4ea538622f3.jpeg,46903929,1117529,39.6071,-105.9443,=AVERAGE($G$2:$G$439),=AVERAGE($D$2:$D$439),"=IFERROR(($AT79-G79)/$AT79,0)","=IFERROR(($AU79-D79)/$AU79,0)",=$AU79-D79
"Stunning 3BD, Private Laundry, Walk to Slopes",SummitCove,,68004,81104,894.79,55.88,138,3,3,7,false,true,true,true,true,false,true,Home/Apartment,Condominium (condo),Apt/Condo/Loft,4.9,12,3,21+,Luxury,true,286,true,76,19,2026-05-16,Frisco/Silverthorne,Keystone,Dillon,Colorado,80435,United States,mountains_lakes,https://www.airbnb.com/rooms/733305275564948883,https://a0.muscache.com/im/pictures/prohost-api/Hosting-733305275564948883/original/681e6c6d-708a-411c-886c-50ff9de9c163.jpeg,733305275564948883,3050797,39.6074,-105.9428,=AVERAGE($G$2:$G$439),=AVERAGE($D$2:$D$439),"=IFERROR(($AT80-G80)/$AT80,0)","=IFERROR(($AU80-D80)/$AU80,0)",=$AU80-D80
Luxurious 2br In River Run Village W/ Ski In/out,RedAwning,,67986,96871,731.03,47.45,302,2,2,6,false,true,true,true,true,false,true,Home/Apartment,Condominium (condo),Apt/Condo/Loft,0,0,1,21+,Luxury,false,2,true,93,25,2026-05-17,Frisco/Silverthorne,Keystone,Dillon,Colorado,80435,United States,mountains_lakes,https://www.airbnb.com/rooms/630032154143633511,https://a0.muscache.com/im/pictures/prohost-api/Hosting-630032154143633511/original/2cc37b1e-cf3a-427c-b98c-4ca36880d524.jpeg,630032154143633511,9690884ha,39.6041,-105.9414,=AVERAGE($G$2:$G$439),=AVERAGE($D$2:$D$439),"=IFERROR(($AT81-G81)/$AT81,0)","=IFERROR(($AU81-D81)/$AU81,0)",=$AU81-D81
"Private Hot Tub, Views, Summer Adventures",SummitCove,,66565,114675,801.99,48.82,205,3,3,10,false,false,true,true,true,false,false,Home/Apartment,Condominium (condo),Apt/Condo/Loft,5,7,3,21+,Luxury,true,328,true,83,23,2026-05-13,Frisco/Silverthorne,Keystone,Dillon,Colorado,80435,United States,mountains_lakes,https://www.airbnb.com/rooms/1318988518537311308,https://a0.muscache.com/im/pictures/prohost-api/Hosting-1318988518537311308/original/9ea0eb5e-c30a-4e3f-828b-a25ef0c9d686.jpeg,1318988518537311308,4350698,39.6052,-105.9541,=AVERAGE($G$2:$G$439),=AVERAGE($D$2:$D$439),"=IFERROR(($AT82-G82)/$AT82,0)","=IFERROR(($AU82-D82)/$AU82,0)",=$AU82-D82
Cozy 3BR Condo Near Keystone Gondola | Sleeps 8,Leavetown,,66473,72173,1038.64,49.61,169,3,2,8,false,true,false,true,true,false,true,Home/Apartment,Condominium (condo),Apt/Condo/Loft,0,0,2,21+,Luxury,false,720,true,64,20,2026-05-13,Frisco/Silverthorne,Keystone,Dillon,Colorado,80435,United States,mountains_lakes,https://www.airbnb.com/rooms/1553649575533030159,https://a0.muscache.com/im/pictures/prohost-api/Hosting-1553649575533030159/original/246d32fd-8394-4394-914f-a4ac26e3f0ec.jpeg,1553649575533030159,4948531,39.6046787397,-105.9766825837,=AVERAGE($G$2:$G$439),=AVERAGE($D$2:$D$439),"=IFERROR(($AT83-G83)/$AT83,0)","=IFERROR(($AU83-D83)/$AU83,0)",=$AU83-D83
Remodeled Luxe Top-Floor • Steps to Gondola • WD,93141857,,65142,89015,581.62,58.33,205,2,3,8,false,true,false,true,true,false,true,Home/Apartment,Condominium (condo),Apt/Condo/Loft,4.9,196,4,2-5,Luxury,true,250,false,112,24,2026-05-13,Frisco/Silverthorne,Keystone,Dillon,Colorado,80435,United States,mountains_lakes,https://www.airbnb.com/rooms/14868785,https://a0.muscache.com/im/pictures/prohost-api/Hosting-14868785/original/6c6eaa2d-d7d2-4009-8d4f-edd570617c0e.jpeg,14868785,4317923ha,39.6071,-105.9404,=AVERAGE($G$2:$G$439),=AVERAGE($D$2:$D$439),"=IFERROR(($AT84-G84)/$AT84,0)","=IFERROR(($AU84-D84)/$AU84,0)",=$AU84-D84
River Run Retreat – Summer Activities & Hot Tub,SummitCove,,64995,68005,1299.9,43.48,147,4,4,14,false,false,true,true,true,false,true,Home/Apartment,House,House/villa,4.65,3,3,21+,Luxury,true,764,false,50,10,2026-05-15,Frisco/Silverthorne,Keystone,Dillon,Colorado,80435,United States,mountains_lakes,https://www.airbnb.com/rooms/1576996945017022714,https://a0.muscache.com/im/pictures/prohost-api/Hosting-1576996945017022714/original/0d6057d7-22cf-45f6-8d9f-016c06725b87.png,1576996945017022714,1636448,39.607,-105.937,=AVERAGE($G$2:$G$439),=AVERAGE($D$2:$D$439),"=IFERROR(($AT85-G85)/$AT85,0)","=IFERROR(($AU85-D85)/$AU85,0)",=$AU85-D85
The Springs in River Run 3BR/2BA Comfortable Condo,Gondola Resorts,,62521,62521,1059.68,41.84,340,3,2,8,false,true,true,true,true,false,true,Home/Apartment,Condominium (condo),Apt/Condo/Loft,4,3,2,21+,Luxury,false,292,false,59,13,2025-06-11,Frisco/Silverthorne,Keystone,Dillon,Colorado,80435,United States,mountains_lakes,https://www.airbnb.com/rooms/1392086092956504490,https://a0.muscache.com/im/pictures/prohost-api/Hosting-1392086092956504490/original/4ae36bba-3726-4db5-ad69-a4801ab3f5d3.jpeg,1392086092956504490,1645684,39.606996,-105.940351,=AVERAGE($G$2:$G$439),=AVERAGE($D$2:$D$439),"=IFERROR(($AT86-G86)/$AT86,0)","=IFERROR(($AU86-D86)/$AU86,0)",=$AU86-D86
Ski-In/Out Lone Eagle 1 Bedroom Luxury Condo,Gondola Resorts,,62243,66823,635.13,49,333,1,1,4,false,true,true,true,true,false,true,Home/Apartment,Condominium (condo),Apt/Condo/Loft,4.5,3,3,21+,Luxury,false,140,false,98,22,2025-06-09,Frisco/Silverthorne,Keystone,Dillon,Colorado,80435,United States,mountains_lakes,https://www.airbnb.com/rooms/1401535610714735475,https://a0.muscache.com/im/pictures/prohost-api/Hosting-1401535610714735475/original/0f0e564d-316d-4716-800e-d0d6b19b354b.jpeg,1401535610714735475,1949004,39.604144,-105.94144,=AVERAGE($G$2:$G$439),=AVERAGE($D$2:$D$439),"=IFERROR(($AT87-G87)/$AT87,0)","=IFERROR(($AU87-D87)/$AU87,0)",=$AU87-D87
"Walk to Slopes River Run Condo with Hot Tub, Views",SummitCove,,61612,67651,598.17,50.24,321,2,2,6,false,true,true,true,true,false,true,Home/Apartment,Condominium (condo),Apt/Condo/Loft,4.65,32,2,21+,Luxury,true,206,true,103,29,2026-05-13,Frisco/Silverthorne,Keystone,Dillon,Colorado,80435,United States,mountains_lakes,https://www.airbnb.com/rooms/51769691,https://a0.muscache.com/im/pictures/prohost-api/Hosting-51769691/original/2013e11f-c479-48c5-8a4c-19a44a3ec652.jpeg,51769691,2437064,39.6065,-105.9421,=AVERAGE($G$2:$G$439),=AVERAGE($D$2:$D$439),"=IFERROR(($AT88-G88)/$AT88,0)","=IFERROR(($AU88-D88)/$AU88,0)",=$AU88-D88
Timbers #3081,Summit County Mountain Retreats,,61547,364768,1663.43,33.64,124,5,5,15,false,false,false,true,true,false,true,Home/Apartment,Apartment,Apt/Condo/Loft,4.5,181,1,21+,Luxury,false,312,true,37,12,2025-10-02,Frisco/Silverthorne,Keystone,Dillon,Colorado,80435,United States,mountains_lakes,https://www.airbnb.com/rooms/5547549,https://a0.muscache.com/im/pictures/hosting/Hosting-U3RheVN1cHBseUxpc3Rpbmc6NTU0NzU0OQ%3D%3D/original/1cbb8c49-06bf-4d7a-aa86-9914e564b76c.jpeg,5547549,268006,39.6044006348,-105.9453201294,=AVERAGE($G$2:$G$439),=AVERAGE($D$2:$D$439),"=IFERROR(($AT89-G89)/$AT89,0)","=IFERROR(($AU89-D89)/$AU89,0)",=$AU89-D89
Heart of River Run & Spacious 2br Premier,RedAwning,,61488,112119,621.09,70.71,151,2,2,6,false,true,true,true,true,false,false,Home/Apartment,Condominium (condo),Apt/Condo/Loft,4.5,5,1,21+,Luxury,false,0,true,99,24,2026-05-16,Frisco/Silverthorne,Keystone,Dillon,Colorado,80435,United States,mountains_lakes,https://www.airbnb.com/rooms/38171522,https://a0.muscache.com/im/pictures/098b1007-6425-403e-a427-75971d9e89e4.jpg,38171522,9087609ha,39.6067,-105.9422,=AVERAGE($G$2:$G$439),=AVERAGE($D$2:$D$439),"=IFERROR(($AT90-G90)/$AT90,0)","=IFERROR(($AU90-D90)/$AU90,0)",=$AU90-D90
Luxury 1br Ski-In/out Condo-Slopeside Heated Pool,RedAwning,,61027,71310,484.34,46.67,323,1,2,4,false,true,true,true,true,false,true,Home/Apartment,Condominium (condo),Apt/Condo/Loft,4.75,4,1,21+,Luxury,false,0,true,126,40,2026-05-13,Frisco/Silverthorne,Keystone,Dillon,Colorado,80435,United States,mountains_lakes,https://www.airbnb.com/rooms/584307803771325832,https://a0.muscache.com/im/pictures/prohost-api/Hosting-584307803771325832/original/d1c8d40a-9f25-4605-b998-8ecb2bb479ea.jpeg,584307803771325832,9671100ha,39.6041,-105.9414,=AVERAGE($G$2:$G$439),=AVERAGE($D$2:$D$439),"=IFERROR(($AT91-G91)/$AT91,0)","=IFERROR(($AU91-D91)/$AU91,0)",=$AU91-D91
New 3br Townhome W/ Stunning Decor & Mountain View,RedAwning,,60949,92978,1647.27,35.24,196,3,3,8,false,false,true,true,true,false,true,Home/Apartment,Townhouse,Apt/Condo/Loft,5,5,1,21+,Luxury,false,480,true,37,12,2026-05-13,Frisco/Silverthorne,Keystone,Dillon,Colorado,80435,United States,mountains_lakes,https://www.airbnb.com/rooms/22913138,https://a0.muscache.com/im/pictures/d0acd3b0-de89-4598-9fb5-f2fd6cb3bd0a.jpg,22913138,4825132ha,39.6073,-105.9462,=AVERAGE($G$2:$G$439),=AVERAGE($D$2:$D$439),"=IFERROR(($AT92-G92)/$AT92,0)","=IFERROR(($AU92-D92)/$AU92,0)",=$AU92-D92
"1 Bedroom + Murphy Condo at The Timbers, Keystone",Leavetown,,60633,63196,396.29,49.68,316,1,2,6,false,true,false,true,false,false,true,Home/Apartment,Condominium (condo),Apt/Condo/Loft,4.5,2,1,21+,Luxury,false,0,true,153,50,2026-05-16,Frisco/Silverthorne,Keystone,Dillon,Colorado,80435,United States,mountains_lakes,https://www.airbnb.com/rooms/975457449747819390,https://a0.muscache.com/im/pictures/prohost-api/Hosting-975457449747819390/original/49dd0509-5a57-4cd4-8664-f90c3d58aef7.jpeg,975457449747819390,3598385,39.60497,-105.94469,=AVERAGE($G$2:$G$439),=AVERAGE($D$2:$D$439),"=IFERROR(($AT93-G93)/$AT93,0)","=IFERROR(($AU93-D93)/$AU93,0)",=$AU93-D93
"Modern 2BR Escape | Pool, Hot Tubs & Resort Views",Leavetown,,59319,119322,1210.59,81.67,64,2,2,8,true,true,false,true,false,false,true,Home/Apartment,Condominium (condo),Apt/Condo/Loft,0,0,1,21+,Luxury,false,0,true,49,12,2026-05-11,Frisco/Silverthorne,Keystone,Dillon,Colorado,80435,United States,mountains_lakes,https://www.airbnb.com/rooms/1501494760273910623,https://a0.muscache.com/im/pictures/prohost-api/Hosting-1501494760273910623/original/e6590195-ebd6-4eba-9ae9-0fc4cc8ce7b4.jpeg,1501494760273910623,4793461,39.6072129474,-105.9426706428,=AVERAGE($G$2:$G$439),=AVERAGE($D$2:$D$439),"=IFERROR(($AT94-G94)/$AT94,0)","=IFERROR(($AU94-D94)/$AU94,0)",=$AU94-D94
Walk-to-Lifts Townhome w/ Hot Tub and Garage,SummitCove,,59176,69461,680.18,42.03,334,3,3,10,false,false,true,true,true,false,false,Home/Apartment,Townhouse,Apt/Condo/Loft,4.7,19,2,21+,Luxury,true,354,true,87,20,2026-05-16,Frisco/Silverthorne,Keystone,Dillon,Colorado,80435,United States,mountains_lakes,https://www.airbnb.com/rooms/1086324708247744285,https://a0.muscache.com/im/pictures/prohost-api/Hosting-1086324708247744285/original/db103fad-0009-4a02-b5fd-9e4cdb9cd1d8.jpeg,1086324708247744285,3848150,39.6054,-105.9503,=AVERAGE($G$2:$G$439),=AVERAGE($D$2:$D$439),"=IFERROR(($AT95-G95)/$AT95,0)","=IFERROR(($AU95-D95)/$AU95,0)",=$AU95-D95
Walk to Slopes River Run Condo w/Private Laundry,SummitCove,,58334,87678,577.56,49.51,241,2,2,6,false,true,true,true,true,false,true,Home/Apartment,Condominium (condo),Apt/Condo/Loft,5,12,2,21+,Luxury,true,240,true,101,25,2026-05-16,Frisco/Silverthorne,Keystone,Dillon,Colorado,80435,United States,mountains_lakes,https://www.airbnb.com/rooms/46905189,https://a0.muscache.com/im/pictures/prohost-api/Hosting-46905189/original/008da7d9-483a-4012-bc7b-aa760cb4726a.jpeg,46905189,1159055,39.6068,-105.9422,=AVERAGE($G$2:$G$439),=AVERAGE($D$2:$D$439),"=IFERROR(($AT96-G96)/$AT96,0)","=IFERROR(($AU96-D96)/$AU96,0)",=$AU96-D96
Luxury Ski in Ski out/Shared Pool & Hot Tub,SkyRun Vacation Rentals,,58098,62444,683.51,37.12,308,2,,8,false,true,true,true,true,false,true,Home/Apartment,Condominium (condo),Apt/Condo/Loft,4.85,45,2,21+,Luxury,true,242,true,85,25,2026-05-16,Frisco/Silverthorne,Keystone,Dillon,Colorado,80435,United States,mountains_lakes,https://www.airbnb.com/rooms/48684789,https://a0.muscache.com/im/pictures/prohost-api/Hosting-48684789/original/455ec2a1-8420-466e-8ba5-66ad5e22970c.jpeg,48684789,2244880,39.6044,-105.9438,=AVERAGE($G$2:$G$439),=AVERAGE($D$2:$D$439),"=IFERROR(($AT97-G97)/$AT97,0)","=IFERROR(($AU97-D97)/$AU97,0)",=$AU97-D97
Luxurious 2br In River Run Village + Ski In/out,RedAwning,,57897,108608,815.45,52.59,154,2,2,6,false,true,true,true,true,false,true,Home/Apartment,Condominium (condo),Apt/Condo/Loft,0,0,1,21+,Luxury,false,0,true,71,25,2026-05-17,Frisco/Silverthorne,Keystone,Dillon,Colorado,80435,United States,mountains_lakes,https://www.airbnb.com/rooms/630036153546721922,https://a0.muscache.com/im/pictures/prohost-api/Hosting-630036153546721922/original/684ce689-76ee-4a83-b6e5-b9362fe62bbc.jpeg,630036153546721922,9690881ha,39.6041,-105.9414,=AVERAGE($G$2:$G$439),=AVERAGE($D$2:$D$439),"=IFERROR(($AT98-G98)/$AT98,0)","=IFERROR(($AU98-D98)/$AU98,0)",=$AU98-D98
"Close to Slopes, Gourmet Kitchen, Private Hot Tub",SummitCove,,57431,64843,776.09,35.92,304,3,2,10,false,false,true,true,true,false,true,Home/Apartment,Townhouse,Apt/Condo/Loft,4.65,16,3,21+,Luxury,true,331,false,74,17,2026-05-16,Frisco/Silverthorne,Keystone,Dillon,Colorado,80435,United States,mountains_lakes,https://www.airbnb.com/rooms/47559715,https://a0.muscache.com/im/pictures/prohost-api/Hosting-47559715/original/56a4c66a-00b5-443f-8efd-1a294ea32f61.jpeg,47559715,2112872,39.6073,-105.9464,=AVERAGE($G$2:$G$439),=AVERAGE($D$2:$D$439),"=IFERROR(($AT99-G99)/$AT99,0)","=IFERROR(($AU99-D99)/$AU99,0)",=$AU99-D99
"Alpine Escape – Summer Hiking & Hot Tub, Pool",SummitCove,,57184,59456,468.72,40.4,328,1,2,4,false,true,true,true,true,false,true,Home/Apartment,Condominium (condo),Apt/Condo/Loft,4.9,28,2,21+,Luxury,true,175,true,122,38,2026-05-13,Frisco/Silverthorne,Keystone,Dillon,Colorado,80435,United States,mountains_lakes,https://www.airbnb.com/rooms/47093776,https://a0.muscache.com/im/pictures/406ef84b-1dbf-4dae-9181-feb7298c9949.jpg,47093776,1636668,39.6044,-105.9436,=AVERAGE($G$2:$G$439),=AVERAGE($D$2:$D$439),"=IFERROR(($AT100-G100)/$AT100,0)","=IFERROR(($AU100-D100)/$AU100,0)",=$AU100-D100
Mountain Views + Private Tub | Walk to River Run,SummitCove,,56821,65036,631.34,50.56,317,3,3,10,false,false,true,true,true,false,false,Home/Apartment,Townhouse,Apt/Condo/Loft,4.85,18,3,21+,Luxury,true,371,true,90,20,2026-05-13,Frisco/Silverthorne,Keystone,Dillon,Colorado,80435,United States,mountains_lakes,https://www.airbnb.com/rooms/47082299,https://a0.muscache.com/im/pictures/prohost-api/Hosting-47082299/original/fa0dde04-451e-4df4-94d9-ea38788ebac7.jpeg,47082299,1636497,39.6054,-105.95,=AVERAGE($G$2:$G$439),=AVERAGE($D$2:$D$439),"=IFERROR(($AT101-G101)/$AT101,0)","=IFERROR(($AU101-D101)/$AU101,0)",=$AU101-D101
Silver Mill 8281 2br-Walk to Slopes -Kids Ski Free,RedAwning,,56616,72644,577.71,37.98,284,2,2,6,false,false,true,true,true,false,true,Home/Apartment,Condominium (condo),Apt/Condo/Loft,4.6,5,1,21+,Luxury,false,209,true,98,35,2026-05-11,Frisco/Silverthorne,Keystone,Dillon,Colorado,80435,United States,mountains_lakes,https://www.airbnb.com/rooms/816174856662144323,https://a0.muscache.com/im/pictures/prohost-api/Hosting-816174856662144323/original/93781477-331d-4a00-ad52-7a9e60bcff1c.jpeg,816174856662144323,9783188ha,39.6075,-105.9429,=AVERAGE($G$2:$G$439),=AVERAGE($D$2:$D$439),"=IFERROR(($AT102-G102)/$AT102,0)","=IFERROR(($AU102-D102)/$AU102,0)",=$AU102-D102
6 Free Lift Tickets To Keystone/Breckenridge,Summit County Mountain Retreats,,56579,89189,912.56,40.79,271,3,3,8,false,true,true,true,true,false,true,Home/Apartment,Apartment,Apt/Condo/Loft,5,1,3,21+,Luxury,false,366,true,62,14,2026-05-17,Frisco/Silverthorne,Keystone,Dillon,Colorado,80435,United States,mountains_lakes,https://www.airbnb.com/rooms/1282852880221966564,https://a0.muscache.com/im/pictures/hosting/Hosting-1282852880221966564/original/5eafd769-1cb9-49a7-bbd7-5e5c2a45cb0d.jpeg,1282852880221966564,4272435,39.6076,-105.9428,=AVERAGE($G$2:$G$439),=AVERAGE($D$2:$D$439),"=IFERROR(($AT103-G103)/$AT103,0)","=IFERROR(($AU103-D103)/$AU103,0)",=$AU103-D103
Clear Water Loft- 2br Premier Condo- Kids Ski Free,RedAwning,,56373,71676,633.4,41.01,244,2,2,6,false,false,true,true,true,false,false,Home/Apartment,Condominium (condo),Apt/Condo/Loft,5,1,1,21+,Luxury,false,582,true,89,21,2026-05-13,Frisco/Silverthorne,Keystone,Dillon,Colorado,80435,United States,mountains_lakes,https://www.airbnb.com/rooms/714113472903279561,https://a0.muscache.com/im/pictures/prohost-api/Hosting-714113472903279561/original/88fd204d-73a9-4126-b460-eeed6e940372.jpeg,714113472903279561,9729833ha,39.6069,-105.9615,=AVERAGE($G$2:$G$439),=AVERAGE($D$2:$D$439),"=IFERROR(($AT104-G104)/$AT104,0)","=IFERROR(($AU104-D104)/$AU104,0)",=$AU104-D104
"Luxury 3br Ski In-Out Condo/firepit, Pool, Sauna",RedAwning,,56221,82910,1405.53,46.51,103,3,3,8,false,true,true,true,true,false,true,Home/Apartment,Condominium (condo),Apt/Condo/Loft,4.5,2,1,21+,Luxury,false,0,true,40,9,2026-05-17,Frisco/Silverthorne,Keystone,Dillon,Colorado,80435,United States,mountains_lakes,https://www.airbnb.com/rooms/23361050,https://a0.muscache.com/im/pictures/a03bf6e7-7258-476d-b4ed-22a8e678fe08.jpg,23361050,4640938ha,39.6045,-105.9453,=AVERAGE($G$2:$G$439),=AVERAGE($D$2:$D$439),"=IFERROR(($AT105-G105)/$AT105,0)","=IFERROR(($AU105-D105)/$AU105,0)",=$AU105-D105
Updated 1br Condo -Black Bear Lodge- Kids Ski Free,RedAwning,,56003,86139,411.79,62.39,227,1,1,4,false,true,true,true,true,false,false,Home/Apartment,Condominium (condo),Apt/Condo/Loft,4.5,2,1,21+,Luxury,false,0,true,136,37,2026-05-11,Frisco/Silverthorne,Keystone,Dillon,Colorado,80435,United States,mountains_lakes,https://www.airbnb.com/rooms/37948810,https://a0.muscache.com/im/pictures/2a88fce5-398f-44e0-a6e9-8de16deffd15.jpg,37948810,9077147ha,39.6065,-105.9436,=AVERAGE($G$2:$G$439),=AVERAGE($D$2:$D$439),"=IFERROR(($AT106-G106)/$AT106,0)","=IFERROR(($AU106-D106)/$AU106,0)",=$AU106-D106
Sleeps 4~walk to the Slopes~no Cleaning Fees,RedAwning,,55971,63558,345.5,49.85,326,,1,4,false,false,true,true,true,false,true,Home/Apartment,Condominium (condo),Apt/Condo/Loft,4.25,4,1,21+,Luxury,false,0,true,162,63,2026-05-13,Frisco/Silverthorne,Keystone,Dillon,Colorado,80435,United States,mountains_lakes,https://www.airbnb.com/rooms/23302936,https://a0.muscache.com/im/pictures/a37afe67-e216-4b7b-a6ab-b3d5b31ff43c.jpg,23302936,4424365ha,39.6075,-105.9438,=AVERAGE($G$2:$G$439),=AVERAGE($D$2:$D$439),"=IFERROR(($AT107-G107)/$AT107,0)","=IFERROR(($AU107-D107)/$AU107,0)",=$AU107-D107
"Modern Condo, Walk to Slopes, Village Views",SummitCove,,55752,55815,599.48,34.7,363,2,2,6,false,true,true,true,true,false,true,Home/Apartment,Condominium (condo),Apt/Condo/Loft,4.75,17,2,21+,Luxury,true,198,true,93,26,2026-05-16,Frisco/Silverthorne,Keystone,Dillon,Colorado,80435,United States,mountains_lakes,https://www.airbnb.com/rooms/46903487,https://a0.muscache.com/im/pictures/prohost-api/Hosting-46903487/original/e4b40820-9595-43b4-aa88-2f4b21a675b4.jpeg,46903487,,39.6065,-105.9425,=AVERAGE($G$2:$G$439),=AVERAGE($D$2:$D$439),"=IFERROR(($AT108-G108)/$AT108,0)","=IFERROR(($AU108-D108)/$AU108,0)",=$AU108-D108
*Steps to Gondola* | Ski-in/out | 3b/3b | Sleeps 9,422467006,,55704,59567,795.77,32.71,354,3,3,9,false,true,false,true,true,false,true,Home/Apartment,Apartment,Apt/Condo/Loft,4.9,73,2,1,Luxury,true,250,true,70,19,2026-05-16,Frisco/Silverthorne,Keystone,Dillon,Colorado,80435,United States,mountains_lakes,https://www.airbnb.com/rooms/52188735,https://a0.muscache.com/im/pictures/miso/Hosting-52188735/original/bebf0d7a-bbfb-4274-a636-d545c7352b64.jpeg,52188735,,39.60731,-105.93945,=AVERAGE($G$2:$G$439),=AVERAGE($D$2:$D$439),"=IFERROR(($AT109-G109)/$AT109,0)","=IFERROR(($AU109-D109)/$AU109,0)",=$AU109-D109
"Summer in Keystone | Pool, Views & Walk to Village",SummitCove,,55532,61465,417.53,52.99,309,2,2,6,false,true,false,true,true,false,true,Home/Apartment,Condominium (condo),Apt/Condo/Loft,4.8,17,2,21+,Luxury,true,198,true,133,28,2026-05-16,Frisco/Silverthorne,Keystone,Dillon,Colorado,80435,United States,mountains_lakes,https://www.airbnb.com/rooms/46905631,https://a0.muscache.com/im/pictures/prohost-api/Hosting-46905631/original/a73dd821-4e15-4f5a-9129-6fc06599b5f1.jpeg,46905631,1636258,39.607,-105.9402,=AVERAGE($G$2:$G$439),=AVERAGE($D$2:$D$439),"=IFERROR(($AT110-G110)/$AT110,0)","=IFERROR(($AU110-D110)/$AU110,0)",=$AU110-D110
"Luxurious 1br In River Run Village, Kids Ski Free",RedAwning,,55484,70309,543.96,36.04,316,1,2,4,false,true,true,true,true,false,true,Home/Apartment,Condominium (condo),Apt/Condo/Loft,5,2,1,21+,Luxury,false,0,true,102,36,2026-05-13,Frisco/Silverthorne,Keystone,Dillon,Colorado,80435,United States,mountains_lakes,https://www.airbnb.com/rooms/584308862491911812,https://a0.muscache.com/im/pictures/prohost-api/Hosting-584308862491911812/original/524cae2a-c720-4405-8cae-fcbef2661d99.jpeg,584308862491911812,9671102ha,39.6041,-105.9414,=AVERAGE($G$2:$G$439),=AVERAGE($D$2:$D$439),"=IFERROR(($AT111-G111)/$AT111,0)","=IFERROR(($AU111-D111)/$AU111,0)",=$AU111-D111
Updated Townhome | Private Hot Tub | Pool access,SummitCove,,55167,67475,904.38,33.15,302,3,3,10,false,false,true,true,true,false,true,Home/Apartment,Townhouse,Apt/Condo/Loft,5,9,3,21+,Luxury,true,403,true,61,15,2026-05-13,Frisco/Silverthorne,Keystone,Dillon,Colorado,80435,United States,mountains_lakes,https://www.airbnb.com/rooms/53326231,https://a0.muscache.com/im/pictures/prohost-api/Hosting-53326231/original/ce4385b0-8f1f-4098-81b7-12a9dd82ac68.jpeg,53326231,2545104,39.6073,-105.9464,=AVERAGE($G$2:$G$439),=AVERAGE($D$2:$D$439),"=IFERROR(($AT112-G112)/$AT112,0)","=IFERROR(($AU112-D112)/$AU112,0)",=$AU112-D112
"Ski-In/Ski-Out Condo Pool, Hot Tub, BBQ + Fire Pit",Leavetown,,54969,80143,1145.19,32.43,250,4,4,10,false,true,false,true,false,false,true,Home/Apartment,Condominium (condo),Apt/Condo/Loft,0,0,2,21+,Luxury,false,621,true,48,12,2026-05-13,Frisco/Silverthorne,Keystone,Dillon,Colorado,80435,United States,mountains_lakes,https://www.airbnb.com/rooms/24084405,https://a0.muscache.com/im/pictures/75e8964b-5fd3-4b56-a720-6ec344b005a0.jpg,24084405,1448492,39.60385,-105.94266,=AVERAGE($G$2:$G$439),=AVERAGE($D$2:$D$439),"=IFERROR(($AT113-G113)/$AT113,0)","=IFERROR(($AU113-D113)/$AU113,0)",=$AU113-D113
"Charming Updated Condo, Private Laundry, RRV",SummitCove,,54926,58541,412.98,47.67,320,2,3,8,false,true,true,true,true,false,true,Home/Apartment,Condominium (condo),Apt/Condo/Loft,4.95,14,2,21+,Luxury,true,310,false,133,39,2026-05-16,Frisco/Silverthorne,Keystone,Dillon,Colorado,80435,United States,mountains_lakes,https://www.airbnb.com/rooms/46904268,https://a0.muscache.com/im/pictures/prohost-api/Hosting-46904268/original/e6f02171-cfbd-4f07-bedd-95dddd3cd95b.jpeg,46904268,2135367,39.6074,-105.945,=AVERAGE($G$2:$G$439),=AVERAGE($D$2:$D$439),"=IFERROR(($AT114-G114)/$AT114,0)","=IFERROR(($AU114-D114)/$AU114,0)",=$AU114-D114
Mountain Retreat Steps from Keystone Lifts,AvantStay,,54880,57989,1035.47,44.92,168,3,2,10,true,false,false,true,true,false,false,Home/Apartment,House,House/villa,4.8,4,2,21+,Luxury,false,303,true,53,12,2026-05-15,Frisco/Silverthorne,Keystone,Dillon,Colorado,80435,United States,mountains_lakes,https://www.airbnb.com/rooms/1566850548564184333,https://a0.muscache.com/im/pictures/prohost-api/Hosting-1566850548564184333/original/043b9342-86b9-4011-8969-ada1c62dadd4.jpeg,1566850548564184333,4939988,39.60695,-105.94655,=AVERAGE($G$2:$G$439),=AVERAGE($D$2:$D$439),"=IFERROR(($AT115-G115)/$AT115,0)","=IFERROR(($AU115-D115)/$AU115,0)",=$AU115-D115
Luxury Summer Escape | Hot Tub Access • Sleeps 9,47043651,,54535,59141,839,33.85,344,3,3,9,true,false,false,true,true,false,false,Home/Apartment,Townhouse,Apt/Condo/Loft,4.85,20,2,6-20,Luxury,true,300,false,65,20,2026-05-16,Frisco/Silverthorne,Keystone,Dillon,Colorado,80435,United States,mountains_lakes,https://www.airbnb.com/rooms/1303768412328013062,https://a0.muscache.com/im/pictures/prohost-api/Hosting-1303768412328013062/original/977209a8-64cd-4ac5-a147-f45446b61910.jpeg,1303768412328013062,4323638,39.6063169864,-105.9422815124,=AVERAGE($G$2:$G$439),=AVERAGE($D$2:$D$439),"=IFERROR(($AT116-G116)/$AT116,0)","=IFERROR(($AU116-D116)/$AU116,0)",=$AU116-D116
"3br Home - Fireplace, Parking, Kids Ski Free",RedAwning,,53531,72092,1305.63,40.2,235,3,3,8,false,false,true,true,true,false,true,Home/Apartment,Townhouse,Apt/Condo/Loft,4.65,9,1,21+,Luxury,false,397,true,41,12,2026-05-16,Frisco/Silverthorne,Keystone,Dillon,Colorado,80435,United States,mountains_lakes,https://www.airbnb.com/rooms/23361025,https://a0.muscache.com/im/pictures/5599123b-165a-47e7-9101-ff99e3eec2c1.jpg,23361025,4640899ha,39.6065,-105.9431,=AVERAGE($G$2:$G$439),=AVERAGE($D$2:$D$439),"=IFERROR(($AT117-G117)/$AT117,0)","=IFERROR(($AU117-D117)/$AU117,0)",=$AU117-D117
Beautiful 2br In River Run - Kids Ski Free!,RedAwning,,52801,75134,676.94,49.68,245,2,2,6,false,false,false,true,true,false,true,Home/Apartment,Condominium (condo),Apt/Condo/Loft,4.5,4,1,21+,Luxury,false,0,true,78,31,2026-05-17,Frisco/Silverthorne,Keystone,Dillon,Colorado,80435,United States,mountains_lakes,https://www.airbnb.com/rooms/1162930224174428625,https://a0.muscache.com/im/pictures/prohost-api/Hosting-1162930224174428625/original/3b4064b3-8d80-4cfa-a745-b13c53203376.jpeg,1162930224174428625,9965019ha,39.6067,-105.9434,=AVERAGE($G$2:$G$439),=AVERAGE($D$2:$D$439),"=IFERROR(($AT118-G118)/$AT118,0)","=IFERROR(($AU118-D118)/$AU118,0)",=$AU118-D118
"Short Walk to Slopes, Outdoor Hot Tubs",SummitCove,,52750,54132,412.11,44.44,350,2,2,6,false,true,true,true,true,false,true,Home/Apartment,Condominium (condo),Apt/Condo/Loft,4.8,10,2,21+,Luxury,true,212,true,128,35,2026-05-16,Frisco/Silverthorne,Keystone,Dillon,Colorado,80435,United States,mountains_lakes,https://www.airbnb.com/rooms/1048765978919845867,https://a0.muscache.com/im/pictures/prohost-api/Hosting-1048765978919845867/original/3282d6c0-c216-43a7-be20-95fb42767aac.png,1048765978919845867,3767067,39.6077,-105.9425,=AVERAGE($G$2:$G$439),=AVERAGE($D$2:$D$439),"=IFERROR(($AT119-G119)/$AT119,0)","=IFERROR(($AU119-D119)/$AU119,0)",=$AU119-D119
"The Springs at River Run - Walk to Lifts, Pool & H",Summit Mountain Rentals,,52539,72152,618.11,73.91,169,2,3,8,false,false,true,true,false,false,true,Home/Apartment,Condominium (condo),Apt/Condo/Loft,4.3,11,3,21+,Luxury,true,352,false,85,16,2026-05-11,Frisco/Silverthorne,Keystone,Dillon,Colorado,80435,United States,mountains_lakes,https://www.airbnb.com/rooms/1531902812734511335,https://a0.muscache.com/im/pictures/prohost-api/Hosting-1531902812734511335/original/b30f8aa7-795d-4c5e-8541-73072446177f.jpeg,1531902812734511335,4892011,39.6081660584,-105.9398325866,=AVERAGE($G$2:$G$439),=AVERAGE($D$2:$D$439),"=IFERROR(($AT120-G120)/$AT120,0)","=IFERROR(($AU120-D120)/$AU120,0)",=$AU120-D120
5-Star Location Luxury 3 bedroom nearest Gondola,108854707,,52450,65427,519.31,44.89,264,3,2,8,false,true,true,true,true,false,true,Home/Apartment,Condominium (condo),Apt/Condo/Loft,5,88,3,1,Luxury,false,180,false,101,31,2021-09-01,Frisco/Silverthorne,Keystone,Dillon,Colorado,80435,United States,mountains_lakes,https://www.airbnb.com/rooms/43740759,https://a0.muscache.com/im/pictures/miso/Hosting-43740759/original/1347a958-006e-46a3-a41c-b512aebecfae.png?aki_policy=x_large,43740759,9409873ha,39.60569,-105.94264,=AVERAGE($G$2:$G$439),=AVERAGE($D$2:$D$439),"=IFERROR(($AT121-G121)/$AT121,0)","=IFERROR(($AU121-D121)/$AU121,0)",=$AU121-D121
Luxurious 1br In River Run Village with Ski In/out,RedAwning,,52010,62690,536.19,35.79,316,1,2,4,false,true,true,true,true,false,true,Home/Apartment,Condominium (condo),Apt/Condo/Loft,0,0,1,21+,Luxury,false,0,true,97,29,2026-05-16,Frisco/Silverthorne,Keystone,Dillon,Colorado,80435,United States,mountains_lakes,https://www.airbnb.com/rooms/630032156259987238,https://a0.muscache.com/im/pictures/prohost-api/Hosting-630032156259987238/original/1020f487-7440-4041-86f3-4f86f1388b72.jpeg,630032156259987238,9690883ha,39.6041,-105.9414,=AVERAGE($G$2:$G$439),=AVERAGE($D$2:$D$439),"=IFERROR(($AT122-G122)/$AT122,0)","=IFERROR(($AU122-D122)/$AU122,0)",=$AU122-D122
Ski Slope-View Condo Steps to Gondola with Hot Tub,SummitCove,,51724,55400,502.17,43.1,353,2,2,6,false,true,true,true,true,false,true,Home/Apartment,Condominium (condo),Apt/Condo/Loft,4.7,13,2,21+,Luxury,true,206,true,103,28,2026-05-13,Frisco/Silverthorne,Keystone,Dillon,Colorado,80435,United States,mountains_lakes,https://www.airbnb.com/rooms/743326221294024532,https://a0.muscache.com/im/pictures/prohost-api/Hosting-743326221294024532/original/581e8979-cb90-4e6a-8588-49ae61c3ac47.jpeg,743326221294024532,3074132,39.60691,-105.94278,=AVERAGE($G$2:$G$439),=AVERAGE($D$2:$D$439),"=IFERROR(($AT123-G123)/$AT123,0)","=IFERROR(($AU123-D123)/$AU123,0)",=$AU123-D123
Modern Townhome with Private Hot Tub & Views,SummitCove,,51635,62829,1053.78,28.49,333,4,4,12,false,false,true,true,true,false,false,Home/Apartment,Townhouse,Apt/Condo/Loft,4.75,22,3,21+,Luxury,true,528,false,49,12,2026-05-16,Frisco/Silverthorne,Keystone,Dillon,Colorado,80435,United States,mountains_lakes,https://www.airbnb.com/rooms/53755342,https://a0.muscache.com/im/pictures/prohost-api/Hosting-53755342/original/f47ecc96-e161-48b3-8cec-44a328e329a1.jpeg,53755342,2577648,39.6101,-105.9579,=AVERAGE($G$2:$G$439),=AVERAGE($D$2:$D$439),"=IFERROR(($AT124-G124)/$AT124,0)","=IFERROR(($AU124-D124)/$AU124,0)",=$AU124-D124
Keystone CO  | Settler`s Creek #6524 | 2 Bedroom,Gondola Resorts,,51617,54017,409.66,40.38,343,2,2,4,false,false,true,true,true,false,true,Home/Apartment,Townhouse,Apt/Condo/Loft,4,1,3,21+,Luxury,false,190,false,126,37,2025-03-19,Frisco/Silverthorne,Keystone,Dillon,Colorado,80435,United States,mountains_lakes,https://www.airbnb.com/rooms/37124829,https://a0.muscache.com/im/pictures/prohost-api/Hosting-37124829/original/d601acc3-cf1d-46b2-8719-209ead86ec1b.jpeg,37124829,4164677,39.604813,-105.927447,=AVERAGE($G$2:$G$439),=AVERAGE($D$2:$D$439),"=IFERROR(($AT125-G125)/$AT125,0)","=IFERROR(($AU125-D125)/$AU125,0)",=$AU125-D125
Studio Condo Next to Slopes! Kids Ski Free!,RedAwning,,50036,52767,387.88,38.86,332,,1,4,false,true,true,true,true,false,true,Home/Apartment,Condominium (condo),Apt/Condo/Loft,4.65,3,1,21+,Luxury,false,0,true,129,71,2026-05-13,Frisco/Silverthorne,Keystone,Dillon,Colorado,80435,United States,mountains_lakes,https://www.airbnb.com/rooms/23360749,https://a0.muscache.com/im/pictures/7a48da90-bb53-4b2b-a76f-f16f211c09d4.jpg,23360749,4441896ha,39.6065,-105.9432,=AVERAGE($G$2:$G$439),=AVERAGE($D$2:$D$439),"=IFERROR(($AT126-G126)/$AT126,0)","=IFERROR(($AU126-D126)/$AU126,0)",=$AU126-D126
Slope-View Townhome | Walk to Gondola & Pool,SummitCove,,49957,55133,616.75,32.66,311,3,3,9,false,true,true,true,true,false,true,Home/Apartment,Townhouse,Apt/Condo/Loft,4.65,3,3,21+,Luxury,true,368,true,81,21,2026-05-13,Frisco/Silverthorne,Keystone,Dillon,Colorado,80435,United States,mountains_lakes,https://www.airbnb.com/rooms/1026950035557062737,https://a0.muscache.com/im/pictures/prohost-api/Hosting-1026950035557062737/original/7a2b39f0-35a8-4187-87fe-2a8cbe4b1012.jpeg,1026950035557062737,3717689,39.6071,-105.9379,=AVERAGE($G$2:$G$439),=AVERAGE($D$2:$D$439),"=IFERROR(($AT127-G127)/$AT127,0)","=IFERROR(($AU127-D127)/$AU127,0)",=$AU127-D127
Ski or Hike from a River Run Townhouse with Hot Tub/Pool,7079430,,49767,57427,921.61,34.39,327,3,2,8,false,false,false,true,true,false,true,Home/Apartment,Townhouse,Apt/Condo/Loft,4.95,115,2,1,Luxury,false,250,false,54,12,2026-05-17,Frisco/Silverthorne,Keystone,Dillon,Colorado,80435,United States,mountains_lakes,https://www.airbnb.com/rooms/27504784,https://a0.muscache.com/im/pictures/76c866a9-d127-4f49-a17b-0347f82608c9.jpg,27504784,1408144,39.6075,-105.9469,=AVERAGE($G$2:$G$439),=AVERAGE($D$2:$D$439),"=IFERROR(($AT128-G128)/$AT128,0)","=IFERROR(($AU128-D128)/$AU128,0)",=$AU128-D128
All Seasons Retreat - River Run Condo in Keystone,443329198,,49470,71934,526.28,61.44,248,2,2,6,false,true,false,true,true,false,true,Home/Apartment,Condominium (condo),Apt/Condo/Loft,4.8,11,1,2-5,Luxury,false,252,false,94,25,2026-05-17,Frisco/Silverthorne,Keystone,Dillon,Colorado,80435,United States,mountains_lakes,https://www.airbnb.com/rooms/991376417753381791,https://a0.muscache.com/im/pictures/hosting/Hosting-991376417753381791/original/afa8ee95-6a1f-46ca-9dad-f31896bef400.jpeg,991376417753381791,,39.6074,-105.9451,=AVERAGE($G$2:$G$439),=AVERAGE($D$2:$D$439),"=IFERROR(($AT129-G129)/$AT129,0)","=IFERROR(($AU129-D129)/$AU129,0)",=$AU129-D129
Timbers Luxury 4BR Ski-In/Out Condo in River Run,Gondola Resorts,,49200,82910,3075,25,310,4,3,9,false,true,true,true,true,false,true,Home/Apartment,Condominium (condo),Apt/Condo/Loft,0,0,3,21+,Luxury,false,378,false,16,4,2025-06-13,Frisco/Silverthorne,Keystone,Dillon,Colorado,80435,United States,mountains_lakes,https://www.airbnb.com/rooms/1419679369325820475,https://a0.muscache.com/im/pictures/prohost-api/Hosting-1419679369325820475/original/621e910e-9d68-477b-af9b-2ca198ef1c69.jpeg,1419679369325820475,4164646,39.604378,-105.943429,=AVERAGE($G$2:$G$439),=AVERAGE($D$2:$D$439),"=IFERROR(($AT130-G130)/$AT130,0)","=IFERROR(($AU130-D130)/$AU130,0)",=$AU130-D130
Keystone Family Property | Balcony & Summer Fun,SummitCove,,48828,79405,574.45,57.05,194,3,3,12,false,true,true,true,true,false,true,Home/Apartment,Condominium (condo),Apt/Condo/Loft,4.45,19,3,21+,Luxury,true,423,true,85,16,2026-05-17,Frisco/Silverthorne,Keystone,Dillon,Colorado,80435,United States,mountains_lakes,https://www.airbnb.com/rooms/47081982,https://a0.muscache.com/im/pictures/prohost-api/Hosting-47081982/original/1e6e59d9-a48a-420c-9c37-3f964e2fb7aa.jpeg,47081982,2038403,39.6088,-105.9487,=AVERAGE($G$2:$G$439),=AVERAGE($D$2:$D$439),"=IFERROR(($AT131-G131)/$AT131,0)","=IFERROR(($AU131-D131)/$AU131,0)",=$AU131-D131
"Mountain Side Relaxation w/ Hot Tub, Trails",SummitCove,,48722,56569,812.03,50.85,215,3,3,10,false,false,true,true,true,false,false,Home/Apartment,Condominium (condo),Apt/Condo/Loft,5,2,3,21+,Luxury,true,312,true,60,15,2026-05-15,Frisco/Silverthorne,Keystone,Dillon,Colorado,80435,United States,mountains_lakes,https://www.airbnb.com/rooms/1511769394745547906,https://a0.muscache.com/im/pictures/prohost-api/Hosting-1511769394745547906/original/e0ff8947-91fe-49f0-a134-d206f2dd50a9.jpeg,1511769394745547906,4834560,39.6056,-105.9543,=AVERAGE($G$2:$G$439),=AVERAGE($D$2:$D$439),"=IFERROR(($AT132-G132)/$AT132,0)","=IFERROR(($AU132-D132)/$AU132,0)",=$AU132-D132
"Modern, Walk to Gondola, Mountain Views,",SummitCove,,48466,52577,538.51,37.34,355,2,2,6,false,true,true,true,true,false,true,Home/Apartment,Condominium (condo),Apt/Condo/Loft,4.75,18,2,21+,Luxury,true,212,true,90,24,2026-05-13,Frisco/Silverthorne,Keystone,Dillon,Colorado,80435,United States,mountains_lakes,https://www.airbnb.com/rooms/46905138,https://a0.muscache.com/im/pictures/prohost-api/Hosting-46905138/original/17569b0e-3326-4736-8db1-a1f56fb9e81d.jpeg,46905138,1636746,39.6068,-105.9422,=AVERAGE($G$2:$G$439),=AVERAGE($D$2:$D$439),"=IFERROR(($AT133-G133)/$AT133,0)","=IFERROR(($AU133-D133)/$AU133,0)",=$AU133-D133
1br Ski In/out on Mountain Lone Eagle 3031,RedAwning,,48340,80430,469.32,48.13,254,1,2,4,false,true,true,true,true,false,true,Home/Apartment,Condominium (condo),Apt/Condo/Loft,5,4,1,21+,Luxury,false,0,true,103,32,2026-05-13,Frisco/Silverthorne,Keystone,Dillon,Colorado,80435,United States,mountains_lakes,https://www.airbnb.com/rooms/23295288,https://a0.muscache.com/im/pictures/prohost-api/Hosting-23295288/original/8991dac7-2436-4892-8af5-5898fb1d04fe.jpeg,23295288,4372363ha,39.6045,-105.9453,=AVERAGE($G$2:$G$439),=AVERAGE($D$2:$D$439),"=IFERROR(($AT134-G134)/$AT134,0)","=IFERROR(($AU134-D134)/$AU134,0)",=$AU134-D134
Updated Walk to Lifts 2-Bedroom w/Ski Slope Views,SummitCove,,48283,67343,699.75,53.91,305,2,2,6,false,true,false,true,true,false,true,Home/Apartment,Condominium (condo),Apt/Condo/Loft,4.65,15,3,21+,Luxury,true,206,true,69,18,2026-05-16,Frisco/Silverthorne,Keystone,Dillon,Colorado,80435,United States,mountains_lakes,https://www.airbnb.com/rooms/46905283,https://a0.muscache.com/im/pictures/prohost-api/Hosting-46905283/original/6dbadc06-0501-4a59-96de-be50c50c8d76.jpeg,46905283,1636602,39.6065,-105.942,=AVERAGE($G$2:$G$439),=AVERAGE($D$2:$D$439),"=IFERROR(($AT135-G135)/$AT135,0)","=IFERROR(($AU135-D135)/$AU135,0)",=$AU135-D135
Lone Eagle #3014,Summit County Mountain Retreats,,48153,80119,517.77,54.39,291,2,2,5,false,false,false,true,false,false,false,Home/Apartment,Condominium (condo),Apt/Condo/Loft,4.9,177,1,21+,Luxury,false,314,true,93,23,2025-11-20,Frisco/Silverthorne,Keystone,Dillon,Colorado,80435,United States,mountains_lakes,https://www.airbnb.com/rooms/1532144025766467308,https://a0.muscache.com/im/pictures/prohost-api/Hosting-1532144025766467308/original/6b76d3a9-c68e-49c6-93e4-327a1a05dcb7.jpeg,1532144025766467308,49174,39.6045188904,-105.9430084229,=AVERAGE($G$2:$G$439),=AVERAGE($D$2:$D$439),"=IFERROR(($AT136-G136)/$AT136,0)","=IFERROR(($AU136-D136)/$AU136,0)",=$AU136-D136
"8808 | Springs, wood floors, steps to Gondola!",Keystone Resort,,47964,48507,527.08,29.64,347,2,2,8,false,true,false,true,true,false,true,Home/Apartment,Condominium (condo),Apt/Condo/Loft,4.75,179,2,21+,Luxury,true,210,true,91,25,2026-05-16,Frisco/Silverthorne,Keystone,Dillon,Colorado,80435,United States,mountains_lakes,https://www.airbnb.com/rooms/20705687,https://a0.muscache.com/im/pictures/03c0a873-64b1-4f86-8734-b8efb3f94c50.jpg,20705687,682772,39.607,-105.9404,=AVERAGE($G$2:$G$439),=AVERAGE($D$2:$D$439),"=IFERROR(($AT137-G137)/$AT137,0)","=IFERROR(($AU137-D137)/$AU137,0)",=$AU137-D137
Family-Friendly Summer  Fun – Pool/Waterslide,SummitCove,,47824,52523,395.24,50.21,319,2,2,7,false,true,true,true,true,false,true,Home/Apartment,Condominium (condo),Apt/Condo/Loft,4.6,18,2,21+,Luxury,true,226,true,121,23,2026-05-13,Frisco/Silverthorne,Keystone,Dillon,Colorado,80435,United States,mountains_lakes,https://www.airbnb.com/rooms/46905881,https://a0.muscache.com/im/pictures/prohost-api/Hosting-46905881/original/8fb39281-8e2d-45b4-8f81-86ffea79f9d3.jpeg,46905881,1262715,39.6066,-105.9403,=AVERAGE($G$2:$G$439),=AVERAGE($D$2:$D$439),"=IFERROR(($AT138-G138)/$AT138,0)","=IFERROR(($AU138-D138)/$AU138,0)",=$AU138-D138
"Modern 2B/3B, Walk to Gondola, Mtn Views",SummitCove,,47397,54208,412.15,38.98,337,2,3,8,false,true,false,true,true,false,true,Home/Apartment,Condominium (condo),Apt/Condo/Loft,4.85,15,2,21+,Luxury,true,260,true,115,28,2026-05-17,Frisco/Silverthorne,Keystone,Dillon,Colorado,80435,United States,mountains_lakes,https://www.airbnb.com/rooms/46904975,https://a0.muscache.com/im/pictures/prohost-api/Hosting-46904975/original/04a0f7d0-b7f8-4313-a740-467e1d72ac3d.jpeg,46904975,2005745,39.6069,-105.9396,=AVERAGE($G$2:$G$439),=AVERAGE($D$2:$D$439),"=IFERROR(($AT139-G139)/$AT139,0)","=IFERROR(($AU139-D139)/$AU139,0)",=$AU139-D139
Walk to the Slopes! Full Kitchen Sleeps 4,RedAwning,,47293,53125,358.28,43,327,,1,4,false,false,true,true,true,false,true,Home/Apartment,Condominium (condo),Apt/Condo/Loft,3.85,8,1,21+,Luxury,false,0,true,132,52,2026-05-15,Frisco/Silverthorne,Keystone,Dillon,Colorado,80435,United States,mountains_lakes,https://www.airbnb.com/rooms/23302979,https://a0.muscache.com/im/pictures/8d014367-d58f-4e7e-b88b-7bde253956bf.jpg,23302979,4441895ha,39.6065,-105.9432,=AVERAGE($G$2:$G$439),=AVERAGE($D$2:$D$439),"=IFERROR(($AT140-G140)/$AT140,0)","=IFERROR(($AU140-D140)/$AU140,0)",=$AU140-D140
2br Springs 8831 Condo~short Walk to Gondola,RedAwning,,47237,77160,749.79,55.75,226,2,2,6,false,true,true,true,true,false,true,Home/Apartment,Condominium (condo),Apt/Condo/Loft,4.65,3,1,21+,Luxury,false,0,true,63,26,2026-05-13,Frisco/Silverthorne,Keystone,Dillon,Colorado,80435,United States,mountains_lakes,https://www.airbnb.com/rooms/23295336,https://a0.muscache.com/im/pictures/2c9b6120-15f4-4bf9-9fda-47a9aa78d0e0.jpg,23295336,4380592ha,39.6069,-105.9401,=AVERAGE($G$2:$G$439),=AVERAGE($D$2:$D$439),"=IFERROR(($AT141-G141)/$AT141,0)","=IFERROR(($AU141-D141)/$AU141,0)",=$AU141-D141
Ski in / Ski out | Private hot tub | Sleeps 8,CO Mtn Vacations,,46858,60399,641.89,35.96,322,2,2,8,false,false,true,true,true,false,false,Home/Apartment,Condominium (condo),Apt/Condo/Loft,4.9,125,2,21+,Luxury,false,315,false,73,21,2026-05-16,Frisco/Silverthorne,Keystone,Dillon,Colorado,80435,United States,mountains_lakes,https://www.airbnb.com/rooms/28863626,https://a0.muscache.com/im/pictures/miso/Hosting-28863626/original/a96a5ff2-148f-4d17-a1d2-b1dbc7e26152.jpeg,28863626,1455846,39.6052,-105.9544,=AVERAGE($G$2:$G$439),=AVERAGE($D$2:$D$439),"=IFERROR(($AT142-G142)/$AT142,0)","=IFERROR(($AU142-D142)/$AU142,0)",=$AU142-D142
Chic Getaway | Private Hot Tub & Near Trails,SummitCove,,46832,51022,1419.15,35.48,181,4,3,10,false,false,true,true,true,false,true,Home/Apartment,Townhouse,Apt/Condo/Loft,5,9,3,21+,Luxury,true,395,true,33,5,2026-05-17,Frisco/Silverthorne,Keystone,Dillon,Colorado,80435,United States,mountains_lakes,https://www.airbnb.com/rooms/47080289,https://a0.muscache.com/im/pictures/b8eca706-7248-4168-89bd-18c43b78aa25.jpg,47080289,2029357,39.6033,-105.9303,=AVERAGE($G$2:$G$439),=AVERAGE($D$2:$D$439),"=IFERROR(($AT143-G143)/$AT143,0)","=IFERROR(($AU143-D143)/$AU143,0)",=$AU143-D143
Luxury Home- Sleeps 10 - Fireplace & Mountain View,RedAwning,,46795,58433,1017.28,27.88,312,3,2,10,false,false,false,true,true,false,false,Home/Apartment,Condominium (condo),Apt/Condo/Loft,0,0,1,21+,Luxury,false,498,true,46,15,2026-05-13,Frisco/Silverthorne,Keystone,Dillon,Colorado,80435,United States,mountains_lakes,https://www.airbnb.com/rooms/1303987428146391044,https://a0.muscache.com/im/pictures/prohost-api/Hosting-1303987428146391044/original/cdc5803a-c2a6-43b2-b1d0-c8296287f81f.jpeg,1303987428146391044,20082970ha,39.6083,-105.947,=AVERAGE($G$2:$G$439),=AVERAGE($D$2:$D$439),"=IFERROR(($AT144-G144)/$AT144,0)","=IFERROR(($AU144-D144)/$AU144,0)",=$AU144-D144
"Luxury Mountain Escape in Keystone – Sleeps 12,",SkyRun Vacation Rentals,,46500,50496,930,43.1,172,3,3,12,false,true,true,true,true,false,true,Home/Apartment,Condominium (condo),Apt/Condo/Loft,5,3,2,21+,Luxury,true,359,true,50,13,2026-03-24,Frisco/Silverthorne,Keystone,Dillon,Colorado,80435,United States,mountains_lakes,https://www.airbnb.com/rooms/1533447564751335887,https://a0.muscache.com/im/pictures/prohost-api/Hosting-1533447564751335887/original/f744beb2-3103-4247-8653-052e4e9ac382.jpeg,1533447564751335887,4901262,39.6094757048,-105.9499586987,=AVERAGE($G$2:$G$439),=AVERAGE($D$2:$D$439),"=IFERROR(($AT145-G145)/$AT145,0)","=IFERROR(($AU145-D145)/$AU145,0)",=$AU145-D145
Closest to River Run Gondola! Spacious 4 Beds/3BA,109327715,,46407,46885,565.94,36.28,363,2,3,8,false,true,false,true,true,false,true,Home/Apartment,Condominium (condo),Apt/Condo/Loft,4.8,125,2,6-20,Luxury,false,238,false,82,19,2026-05-13,Frisco/Silverthorne,Keystone,Dillon,Colorado,80435,United States,mountains_lakes,https://www.airbnb.com/rooms/49033758,https://a0.muscache.com/im/pictures/1db0e86d-d8db-4f71-a7cb-e500db896768.jpg,49033758,,39.60724,-105.94139,=AVERAGE($G$2:$G$439),=AVERAGE($D$2:$D$439),"=IFERROR(($AT146-G146)/$AT146,0)","=IFERROR(($AU146-D146)/$AU146,0)",=$AU146-D146
Walk to Slopes w/Best Balcony View in Village,SummitCove,,46275,48751,487.11,39.26,334,2,2,8,false,true,true,true,true,false,true,Home/Apartment,Condominium (condo),Apt/Condo/Loft,4.95,23,2,21+,Luxury,true,218,true,95,28,2026-05-13,Frisco/Silverthorne,Keystone,Dillon,Colorado,80435,United States,mountains_lakes,https://www.airbnb.com/rooms/46903540,https://a0.muscache.com/im/pictures/28b1f267-dc2e-4063-bffb-48ffb6b48549.jpg,46903540,1636743,39.6068,-105.943,=AVERAGE($G$2:$G$439),=AVERAGE($D$2:$D$439),"=IFERROR(($AT147-G147)/$AT147,0)","=IFERROR(($AU147-D147)/$AU147,0)",=$AU147-D147
Ski-in/Ski-out Luxury 4 bed Penthouse - Late Summer and Fall Specials!,,,46201,64035,1776.96,33.77,324,4,3,9,false,true,false,true,true,false,true,Home/Apartment,Condominium (condo),Apt/Condo/Loft,4.9,40,4,1,Luxury,false,400,true,26,6,2026-05-16,Frisco/Silverthorne,Keystone,Dillon,Colorado,80435,United States,mountains_lakes,https://www.vrbo.com/2639095,https://media.vrbo.com/lodging/75000000/74810000/74807100/74807049/7fe6474f.jpg?impolicy=resizecrop&rw=1200&ra=fit,,2639095,39.604316,-105.942689,=AVERAGE($G$2:$G$439),=AVERAGE($D$2:$D$439),"=IFERROR(($AT148-G148)/$AT148,0)","=IFERROR(($AU148-D148)/$AU148,0)",=$AU148-D148
"40577 Ski-in Ski-out Condo, River Run Village",89159400,,46107,56828,678.04,40.24,339,1,2,5,false,true,true,true,true,false,true,Home/Apartment,Condominium (condo),Apt/Condo/Loft,4.5,2,2,21+,Luxury,false,99,false,68,18,2023-02-22,Frisco/Silverthorne,Keystone,Dillon,Colorado,80435,United States,mountains_lakes,https://www.airbnb.com/rooms/29538366,https://a0.muscache.com/im/pictures/ab3b60a9-ce16-4cb6-a0f3-aac35bc40bb3.jpg?aki_policy=x_large,29538366,4564122,39.60402,-105.94376,=AVERAGE($G$2:$G$439),=AVERAGE($D$2:$D$439),"=IFERROR(($AT149-G149)/$AT149,0)","=IFERROR(($AU149-D149)/$AU149,0)",=$AU149-D149
Silver Mill 8229 2br-Walk to Slopes -Kids Ski Free,RedAwning,,45783,59220,610.44,32.19,309,2,2,6,false,false,true,true,true,false,true,Home/Apartment,Condominium (condo),Apt/Condo/Loft,4.75,10,1,21+,Luxury,false,0,true,75,29,2026-05-13,Frisco/Silverthorne,Keystone,Dillon,Colorado,80435,United States,mountains_lakes,https://www.airbnb.com/rooms/816172353720151747,https://a0.muscache.com/im/pictures/prohost-api/Hosting-816172353720151747/original/9f9fbf09-7488-40cd-b765-11f511785928.jpeg,816172353720151747,9783184ha,39.6075,-105.9429,=AVERAGE($G$2:$G$439),=AVERAGE($D$2:$D$439),"=IFERROR(($AT150-G150)/$AT150,0)","=IFERROR(($AU150-D150)/$AU150,0)",=$AU150-D150
Updated River Run Condo Steps from Gondola,SummitCove,,45225,49967,361.8,43.1,339,1,1,4,false,true,true,true,true,false,true,Home/Apartment,Condominium (condo),Apt/Condo/Loft,4.85,28,2,21+,Luxury,true,148,true,125,41,2026-05-13,Frisco/Silverthorne,Keystone,Dillon,Colorado,80435,United States,mountains_lakes,https://www.airbnb.com/rooms/46904543,https://a0.muscache.com/im/pictures/prohost-api/Hosting-46904543/original/5bce3987-f650-465e-9457-02366d16d534.jpeg,46904543,1636600,39.6065,-105.942,=AVERAGE($G$2:$G$439),=AVERAGE($D$2:$D$439),"=IFERROR(($AT151-G151)/$AT151,0)","=IFERROR(($AU151-D151)/$AU151,0)",=$AU151-D151
Keystone Ski-in/Ski-Out 'Timbers' on the Mountain,,,45181,74576,537.87,68.85,207,1,2,4,false,true,true,true,true,false,true,Home/Apartment,Condominium (condo),Apt/Condo/Loft,4.9,63,3,1,Luxury,false,144,true,84,26,2026-05-16,Frisco/Silverthorne,Keystone,Dillon,Colorado,80435,United States,mountains_lakes,https://www.vrbo.com/103040,https://media.vrbo.com/lodging/34000000/33510000/33509300/33509243/cbaf5d18.jpg?impolicy=resizecrop&rw=1200&ra=fit,,103040,39.604203,-105.943437,=AVERAGE($G$2:$G$439),=AVERAGE($D$2:$D$439),"=IFERROR(($AT152-G152)/$AT152,0)","=IFERROR(($AU152-D152)/$AU152,0)",=$AU152-D152
"Gorgeous Ski-in Ski-out, Walk to Village",SummitCove,,44880,45840,760.68,27.19,324,2,3,6,false,true,true,true,true,false,true,Home/Apartment,Condominium (condo),Apt/Condo/Loft,4.9,20,3,21+,Luxury,true,290,true,59,18,2026-05-16,Frisco/Silverthorne,Keystone,Dillon,Colorado,80435,United States,mountains_lakes,https://www.airbnb.com/rooms/47093885,https://a0.muscache.com/im/pictures/prohost-api/Hosting-47093885/original/c693a0af-99c9-453b-bde8-3742babc3837.jpeg,47093885,1636398,39.6044,-105.9436,=AVERAGE($G$2:$G$439),=AVERAGE($D$2:$D$439),"=IFERROR(($AT153-G153)/$AT153,0)","=IFERROR(($AU153-D153)/$AU153,0)",=$AU153-D153
5 GUESTS SKI for FREE!  Luxury condo,,,44344,49180,624.56,57.26,355,2,2,6,true,true,true,true,true,false,false,Home/Apartment,Condominium (condo),Apt/Condo/Loft,4.9,51,2,1,Luxury,false,170,false,71,16,2026-05-15,Frisco/Silverthorne,Keystone,Dillon,Colorado,80435,United States,mountains_lakes,https://www.vrbo.com/436469,https://media.vrbo.com/lodging/35000000/34120000/34111200/34111192/92b05040.jpg?impolicy=resizecrop&rw=1200&ra=fit,,436469,39.610634,-105.96626,=AVERAGE($G$2:$G$439),=AVERAGE($D$2:$D$439),"=IFERROR(($AT154-G154)/$AT154,0)","=IFERROR(($AU154-D154)/$AU154,0)",=$AU154-D154
Private Hot Tub |Summer Fun |Top Floor,SummitCove,,44266,54664,1029.44,40.19,173,3,3,10,false,false,true,true,true,false,false,Home/Apartment,Condominium (condo),Apt/Condo/Loft,4.85,15,2,21+,Luxury,true,337,true,43,12,2026-05-11,Frisco/Silverthorne,Keystone,Dillon,Colorado,80435,United States,mountains_lakes,https://www.airbnb.com/rooms/51925738,https://a0.muscache.com/im/pictures/prohost-api/Hosting-51925738/original/5862a44b-77d7-4622-9775-6f60017adb68.png,51925738,2446949,39.6052,-105.954,=AVERAGE($G$2:$G$439),=AVERAGE($D$2:$D$439),"=IFERROR(($AT155-G155)/$AT155,0)","=IFERROR(($AU155-D155)/$AU155,0)",=$AU155-D155
River Run Village Walk To Gondola Pool Hot Tubs Re,Rocky Mountain Resort Management,,43751,62778,1367.22,30.77,313,2,2,8,false,false,false,true,true,false,true,Home/Apartment,Condominium (condo),Apt/Condo/Loft,4.3,8,2,21+,Luxury,false,379,true,32,8,2026-05-16,Frisco/Silverthorne,Keystone,Dillon,Colorado,80435,United States,mountains_lakes,https://www.airbnb.com/rooms/53310211,https://a0.muscache.com/im/pictures/prohost-api/Hosting-53310211/original/578c795e-e698-4cef-821f-02114d13601b.jpeg,53310211,9627695ha,39.6074,-105.9433,=AVERAGE($G$2:$G$439),=AVERAGE($D$2:$D$439),"=IFERROR(($AT156-G156)/$AT156,0)","=IFERROR(($AU156-D156)/$AU156,0)",=$AU156-D156
Premier 1br Black Bear 8078 ~walk to Slopes,RedAwning,,43314,51332,428.85,38.7,323,1,1,4,false,true,true,true,true,false,true,Home/Apartment,Condominium (condo),Apt/Condo/Loft,4.6,5,1,21+,Luxury,false,0,true,101,35,2026-05-13,Frisco/Silverthorne,Keystone,Dillon,Colorado,80435,United States,mountains_lakes,https://www.airbnb.com/rooms/23302824,https://a0.muscache.com/im/pictures/ecf0ddc8-7316-4f14-a3d6-7d417c6a82cf.jpg,23302824,4424262ha,39.6067,-105.9429,=AVERAGE($G$2:$G$439),=AVERAGE($D$2:$D$439),"=IFERROR(($AT157-G157)/$AT157,0)","=IFERROR(($AU157-D157)/$AU157,0)",=$AU157-D157
"Condo with Fireplace and Laundry, Yards from Lift",SummitCove,,42744,64782,474.93,60.4,192,2,2,8,false,false,false,true,true,false,false,Home/Apartment,Condominium (condo),Apt/Condo/Loft,5,10,1,21+,Luxury,true,281,true,90,19,2026-05-16,Frisco/Silverthorne,Keystone,Dillon,Colorado,80435,United States,mountains_lakes,https://www.airbnb.com/rooms/1045140377453432160,https://a0.muscache.com/im/pictures/prohost-api/Hosting-1045140377453432160/original/fee2134b-42e5-4951-bf05-158221a09102.jpeg,1045140377453432160,3759184,39.6056,-105.9543,=AVERAGE($G$2:$G$439),=AVERAGE($D$2:$D$439),"=IFERROR(($AT158-G158)/$AT158,0)","=IFERROR(($AU158-D158)/$AU158,0)",=$AU158-D158
The Timbers 1BR/2BA Ski-In/Out Condo in River Run,Gondola Resorts,,42646,56189,495.88,37.72,308,1,2,5,false,true,true,true,true,false,true,Home/Apartment,Condominium (condo),Apt/Condo/Loft,0,0,4,21+,Luxury,false,140,true,86,20,2025-06-13,Frisco/Silverthorne,Keystone,Dillon,Colorado,80435,United States,mountains_lakes,https://www.airbnb.com/rooms/14467464,https://a0.muscache.com/im/pictures/prohost-api/Hosting-14467464/original/bc5b0bfa-6f30-49ad-8c36-0344fcc60909.jpeg,14467464,4338951,39.6047821045,-105.9425354004,=AVERAGE($G$2:$G$439),=AVERAGE($D$2:$D$439),"=IFERROR(($AT159-G159)/$AT159,0)","=IFERROR(($AU159-D159)/$AU159,0)",=$AU159-D159
"Walk to Gondola Condo w/Mountain Views, Sleeps 6",SummitCove,,42424,43269,365.72,44.79,362,1,1,6,false,true,true,true,true,false,true,Home/Apartment,Condominium (condo),Apt/Condo/Loft,4.8,19,2,21+,Luxury,true,172,true,116,36,2026-05-13,Frisco/Silverthorne,Keystone,Dillon,Colorado,80435,United States,mountains_lakes,https://www.airbnb.com/rooms/46903458,https://a0.muscache.com/im/pictures/prohost-api/Hosting-46903458/original/e92a13ae-2efb-4ed0-bb09-516b266663b8.jpeg,46903458,,39.6065,-105.9425,=AVERAGE($G$2:$G$439),=AVERAGE($D$2:$D$439),"=IFERROR(($AT160-G160)/$AT160,0)","=IFERROR(($AU160-D160)/$AU160,0)",=$AU160-D160
"PENTHOUSE, CORNER UNIT, SKI-IN/SKI-OUT",2790624,,42396,45865,706.6,41.1,342,2,2,6,false,true,false,true,true,false,false,Home/Apartment,Condominium (condo),Apt/Condo/Loft,4.8,31,3,6-20,Luxury,false,300,true,60,16,2026-05-16,Frisco/Silverthorne,Keystone,Dillon,Colorado,80435,United States,mountains_lakes,https://www.airbnb.com/rooms/644127629329661005,https://a0.muscache.com/im/pictures/miso/Hosting-644127629329661005/original/7f4af6af-2d23-4482-842a-816b398ae45c.jpeg,644127629329661005,2860361,39.6044,-105.9428,=AVERAGE($G$2:$G$439),=AVERAGE($D$2:$D$439),"=IFERROR(($AT161-G161)/$AT161,0)","=IFERROR(($AU161-D161)/$AU161,0)",=$AU161-D161
Silver Mill 8260-2br-Walk to Slopes! Kids Ski Free,RedAwning,,42351,54045,651.55,38.69,313,2,2,6,false,false,true,true,true,false,true,Home/Apartment,Condominium (condo),Apt/Condo/Loft,4.75,4,1,21+,Luxury,false,0,true,65,27,2026-05-13,Frisco/Silverthorne,Keystone,Dillon,Colorado,80435,United States,mountains_lakes,https://www.airbnb.com/rooms/816174866148630565,https://a0.muscache.com/im/pictures/prohost-api/Hosting-816174866148630565/original/cf573dbb-0442-4ca9-8a52-312df827bb5e.jpeg,816174866148630565,9783187ha,39.6075,-105.9429,=AVERAGE($G$2:$G$439),=AVERAGE($D$2:$D$439),"=IFERROR(($AT162-G162)/$AT162,0)","=IFERROR(($AU162-D162)/$AU162,0)",=$AU162-D162
Luxury Ski in Ski out Condo/Pool and Hot Tub Acces,SkyRun Vacation Rentals,,41738,48800,542.05,34.07,331,2,3,8,false,true,true,true,true,false,true,Home/Apartment,Condominium (condo),Apt/Condo/Loft,4.65,54,3,21+,Luxury,true,197,true,77,20,2026-05-16,Frisco/Silverthorne,Keystone,Dillon,Colorado,80435,United States,mountains_lakes,https://www.airbnb.com/rooms/23828585,https://a0.muscache.com/im/pictures/prohost-api/Hosting-23828585/original/abce9b28-09aa-4f9b-88b2-c85d38f34242.jpeg,23828585,1295539,39.6044,-105.9435,=AVERAGE($G$2:$G$439),=AVERAGE($D$2:$D$439),"=IFERROR(($AT163-G163)/$AT163,0)","=IFERROR(($AU163-D163)/$AU163,0)",=$AU163-D163
"3bdr Condo-Master Fireplace, Upgraded Kitchen",RedAwning,,41674,48354,731.12,23.65,318,3,2,8,false,true,true,true,true,false,true,Home/Apartment,Condominium (condo),Apt/Condo/Loft,4.4,8,2,21+,Luxury,false,332,true,57,21,2026-05-13,Frisco/Silverthorne,Keystone,Dillon,Colorado,80435,United States,mountains_lakes,https://www.airbnb.com/rooms/23360751,https://a0.muscache.com/im/pictures/d426fc8c-3f7e-4d13-944d-41e403010ce1.jpg,23360751,4441918ha,39.606,-105.9683,=AVERAGE($G$2:$G$439),=AVERAGE($D$2:$D$439),"=IFERROR(($AT164-G164)/$AT164,0)","=IFERROR(($AU164-D164)/$AU164,0)",=$AU164-D164
1824 The Seasons,SkyRun Vacation Rentals,,41272,43377,396.85,53.06,226,2,3,8,false,false,true,true,true,false,false,Home/Apartment,Condominium (condo),Apt/Condo/Loft,4.95,20,2,21+,Luxury,true,278,true,104,29,2026-05-16,Frisco/Silverthorne,Keystone,Dillon,Colorado,80435,United States,mountains_lakes,https://www.airbnb.com/rooms/1238530453789531283,https://a0.muscache.com/im/pictures/prohost-api/Hosting-1238530453789531283/original/8e65a0b6-3f3a-4173-a413-0d04023e1b3f.jpeg,1238530453789531283,4166352,39.6053,-105.9693,=AVERAGE($G$2:$G$439),=AVERAGE($D$2:$D$439),"=IFERROR(($AT165-G165)/$AT165,0)","=IFERROR(($AU165-D165)/$AU165,0)",=$AU165-D165
"Luxurious 2 Br In River Run Village, Kids Ski Free",RedAwning,,41203,68192,807.9,44.74,281,2,2,6,false,true,true,true,true,false,true,Home/Apartment,Condominium (condo),Apt/Condo/Loft,0,0,1,21+,Luxury,false,0,true,51,15,2026-05-13,Frisco/Silverthorne,Keystone,Dillon,Colorado,80435,United States,mountains_lakes,https://www.airbnb.com/rooms/584309517285768894,https://a0.muscache.com/im/pictures/prohost-api/Hosting-584309517285768894/original/87bd7e19-47ba-40d7-98cc-1ac563b7faa9.jpeg,584309517285768894,9671104ha,39.6041,-105.9414,=AVERAGE($G$2:$G$439),=AVERAGE($D$2:$D$439),"=IFERROR(($AT166-G166)/$AT166,0)","=IFERROR(($AU166-D166)/$AU166,0)",=$AU166-D166
"8884 | Springs, wood floors, steps to gondola!",Keystone Resort,,41173,42451,614.52,29.78,344,2,3,7,false,true,true,true,true,false,true,Home/Apartment,Condominium (condo),Apt/Condo/Loft,4.6,170,2,21+,Luxury,true,210,true,67,20,2026-05-16,Frisco/Silverthorne,Keystone,Dillon,Colorado,80435,United States,mountains_lakes,https://www.airbnb.com/rooms/21013044,https://a0.muscache.com/im/pictures/f045a1f1-e5c0-4ab2-a402-a1cf495abfeb.jpg,21013044,678812,39.6072,-105.9402,=AVERAGE($G$2:$G$439),=AVERAGE($D$2:$D$439),"=IFERROR(($AT167-G167)/$AT167,0)","=IFERROR(($AU167-D167)/$AU167,0)",=$AU167-D167
2br Townhome - Shuttle to Slopes. Kids Ski Free!,RedAwning,,41113,43591,548.17,32.61,350,2,2,6,false,false,true,true,true,false,false,Home/Apartment,Condominium (condo),Apt/Condo/Loft,4.95,10,1,21+,Luxury,false,0,true,75,23,2026-05-16,Frisco/Silverthorne,Keystone,Dillon,Colorado,80435,United States,mountains_lakes,https://www.airbnb.com/rooms/48744424,https://a0.muscache.com/im/pictures/prohost-api/Hosting-48744424/original/268bed76-9781-4931-9f27-6d30e1dc8dab.jpeg,48744424,9556065ha,39.6032,-105.9719,=AVERAGE($G$2:$G$439),=AVERAGE($D$2:$D$439),"=IFERROR(($AT168-G168)/$AT168,0)","=IFERROR(($AU168-D168)/$AU168,0)",=$AU168-D168
"Walk to Slopes/Village, Hot Tub, Sleeps 8",SummitCove,,41028,44017,406.22,35.94,341,2,2,8,false,false,true,true,true,false,true,Home/Apartment,Condominium (condo),Apt/Condo/Loft,4.65,27,2,21+,Luxury,true,239,false,101,31,2026-05-16,Frisco/Silverthorne,Keystone,Dillon,Colorado,80435,United States,mountains_lakes,https://www.airbnb.com/rooms/46903636,https://a0.muscache.com/im/pictures/prohost-api/Hosting-46903636/original/5e97363f-31ac-43b2-8057-31ad487b0c37.jpeg,46903636,1636327,39.6075,-105.9437,=AVERAGE($G$2:$G$439),=AVERAGE($D$2:$D$439),"=IFERROR(($AT169-G169)/$AT169,0)","=IFERROR(($AU169-D169)/$AU169,0)",=$AU169-D169
2br Condo @ Springs 8848~walk to Slopes,RedAwning,,40449,55773,808.98,53.76,252,2,2,6,false,true,true,true,true,false,true,Home/Apartment,Condominium (condo),Apt/Condo/Loft,5,5,1,21+,Luxury,false,0,true,50,25,2026-05-16,Frisco/Silverthorne,Keystone,Dillon,Colorado,80435,United States,mountains_lakes,https://www.airbnb.com/rooms/23302820,https://a0.muscache.com/im/pictures/prohost-api/Hosting-23302820/original/2f6bc52a-a215-4b4f-880e-077d8a38b0fa.jpeg,23302820,4424257ha,39.6069,-105.9401,=AVERAGE($G$2:$G$439),=AVERAGE($D$2:$D$439),"=IFERROR(($AT170-G170)/$AT170,0)","=IFERROR(($AU170-D170)/$AU170,0)",=$AU170-D170
"Walk to Gondola, Pool, Hot tubs, Steam Room",SummitCove,,40307,48701,438.12,55.42,275,2,2,8,false,true,true,true,true,false,true,Home/Apartment,Condominium (condo),Apt/Condo/Loft,5,7,2,21+,Luxury,true,229,true,92,26,2026-05-16,Frisco/Silverthorne,Keystone,Dillon,Colorado,80435,United States,mountains_lakes,https://www.airbnb.com/rooms/47093609,https://a0.muscache.com/im/pictures/prohost-api/Hosting-47093609/original/b5e07354-46ee-43aa-bd47-a1071f973978.jpeg,47093609,2029356,39.607,-105.9401,=AVERAGE($G$2:$G$439),=AVERAGE($D$2:$D$439),"=IFERROR(($AT171-G171)/$AT171,0)","=IFERROR(($AU171-D171)/$AU171,0)",=$AU171-D171
"Cozy 1BR Retreat | Fireplace, Ski Valet & Views",Leavetown,,40306,131750,1343.53,100,35,1,2,4,true,false,true,true,true,false,true,Home/Apartment,Condominium (condo),Apt/Condo/Loft,0,0,1,21+,Luxury,false,0,true,30,2,2026-05-17,Frisco/Silverthorne,Keystone,Dillon,Colorado,80435,United States,mountains_lakes,https://www.vrbo.com/4793590,https://media.vrbo.com/lodging/121000000/120120000/120113100/120113024/0aa904f9.jpg?impolicy=resizecrop&rw=1200&ra=fit,,4793590,39.606255,-105.94689,=AVERAGE($G$2:$G$439),=AVERAGE($D$2:$D$439),"=IFERROR(($AT172-G172)/$AT172,0)","=IFERROR(($AU172-D172)/$AU172,0)",=$AU172-D172
"Upscale Ski-in/Ski-out home, walk to Gondola",732631150,,39929,51015,1140.83,43.21,129,3,4,10,true,false,false,true,true,false,false,Home/Apartment,House,House/villa,5,6,2,1,Luxury,false,284,false,35,10,2026-05-13,Frisco/Silverthorne,Keystone,Dillon,Colorado,80435,United States,mountains_lakes,https://www.airbnb.com/rooms/1577673249205244729,https://a0.muscache.com/im/pictures/hosting/Hosting-1577673249205244729/original/ec1a9364-2556-4d39-ba28-d8d3a94ada42.png,1577673249205244729,5004861,39.6065404253,-105.9448985415,=AVERAGE($G$2:$G$439),=AVERAGE($D$2:$D$439),"=IFERROR(($AT173-G173)/$AT173,0)","=IFERROR(($AU173-D173)/$AU173,0)",=$AU173-D173
2br+loft Condo on Shuttle Route! Sleeps8 & Skifree,RedAwning,,39913,58892,712.73,59.57,105,2,2,8,false,false,false,true,true,false,true,Home/Apartment,Condominium (condo),Apt/Condo/Loft,3.5,2,1,21+,Luxury,false,0,true,56,7,2026-05-17,Frisco/Silverthorne,Keystone,Dillon,Colorado,80435,United States,mountains_lakes,https://www.airbnb.com/rooms/816170834799782213,https://a0.muscache.com/im/pictures/prohost-api/Hosting-816170834799782213/original/0fa4d343-7c14-455e-9d0e-eacc2cb46429.jpeg,816170834799782213,9759010ha,39.6042,-105.9723,=AVERAGE($G$2:$G$439),=AVERAGE($D$2:$D$439),"=IFERROR(($AT174-G174)/$AT174,0)","=IFERROR(($AU174-D174)/$AU174,0)",=$AU174-D174
Full Renovated 1br -Walk to Gondola,RedAwning,,39833,51039,358.86,39.93,307,1,1,4,false,true,true,true,true,false,true,Home/Apartment,Condominium (condo),Apt/Condo/Loft,3.35,3,1,21+,Luxury,false,0,true,111,47,2026-05-13,Frisco/Silverthorne,Keystone,Dillon,Colorado,80435,United States,mountains_lakes,https://www.airbnb.com/rooms/43645241,https://a0.muscache.com/im/pictures/prohost-api/Hosting-43645241/original/e5a9801b-afa1-4909-8a64-1cefa2d5cf07.jpeg,43645241,9421653ha,39.6069,-105.9396,=AVERAGE($G$2:$G$439),=AVERAGE($D$2:$D$439),"=IFERROR(($AT175-G175)/$AT175,0)","=IFERROR(($AU175-D175)/$AU175,0)",=$AU175-D175
"Large Condo, Walk to Gondola, Dining/Shops",SummitCove,,39802,41994,462.81,41.55,311,2,2,9,false,false,true,true,true,false,true,Home/Apartment,Condominium (condo),Apt/Condo/Loft,4.45,21,2,21+,Luxury,true,247,true,86,28,2026-05-16,Frisco/Silverthorne,Keystone,Dillon,Colorado,80435,United States,mountains_lakes,https://www.airbnb.com/rooms/46904040,https://a0.muscache.com/im/pictures/prohost-api/Hosting-46904040/original/c5350168-3851-44dc-a529-55989ca00a6b.jpeg,46904040,1636367,39.6071,-105.9442,=AVERAGE($G$2:$G$439),=AVERAGE($D$2:$D$439),"=IFERROR(($AT176-G176)/$AT176,0)","=IFERROR(($AU176-D176)/$AU176,0)",=$AU176-D176
"Village Condo, Walk to Slopes, Heated Pool Access",RedAwning,,39657,47406,377.69,36.08,310,1,1,4,false,true,true,true,true,false,true,Home/Apartment,Condominium (condo),Apt/Condo/Loft,4.4,5,1,21+,Luxury,false,0,true,105,46,2026-05-13,Frisco/Silverthorne,Keystone,Dillon,Colorado,80435,United States,mountains_lakes,https://www.airbnb.com/rooms/23360895,https://a0.muscache.com/im/pictures/588bdf5d-5380-412c-9da8-214d2c10de2b.jpg,23360895,4497468ha,39.6072,-105.9451,=AVERAGE($G$2:$G$439),=AVERAGE($D$2:$D$439),"=IFERROR(($AT177-G177)/$AT177,0)","=IFERROR(($AU177-D177)/$AU177,0)",=$AU177-D177
Premier Red Hawk Lodge 2 Br~walk to Slopes,RedAwning,,39239,62257,594.53,40.24,288,2,2,6,false,false,true,true,true,false,true,Home/Apartment,Condominium (condo),Apt/Condo/Loft,4.45,7,1,21+,Luxury,false,0,true,66,23,2026-05-13,Frisco/Silverthorne,Keystone,Dillon,Colorado,80435,United States,mountains_lakes,https://www.airbnb.com/rooms/38858300,https://a0.muscache.com/im/pictures/06353d60-bb0e-4e75-b5ea-815d265a7e1c.jpg,38858300,9142118ha,39.6068,-105.9394,=AVERAGE($G$2:$G$439),=AVERAGE($D$2:$D$439),"=IFERROR(($AT178-G178)/$AT178,0)","=IFERROR(($AU178-D178)/$AU178,0)",=$AU178-D178
*Large* 3Br condo on bus route~Lenawee 1735~Kids Ski Free,RedAwning,,38754,43550,842.48,26.9,319,3,3,9,false,false,true,true,false,false,true,Home/Apartment,Condominium (condo),Apt/Condo/Loft,4.75,4,1,21+,Luxury,false,30,true,46,13,2018-02-13,Frisco/Silverthorne,Keystone,Dillon,Colorado,80435,United States,mountains_lakes,https://www.airbnb.com/rooms/20393027,https://a0.muscache.com/im/pictures/9b27ce35-ad8a-4bf0-891c-f64b7e0cd863.jpg?aki_policy=x_large,20393027,4372364ha,39.6059434127,-105.9666450092,=AVERAGE($G$2:$G$439),=AVERAGE($D$2:$D$439),"=IFERROR(($AT179-G179)/$AT179,0)","=IFERROR(($AU179-D179)/$AU179,0)",=$AU179-D179
Keystone Getaway/Water Slide Pool & Village Life,SummitCove,,38656,44322,333.24,52.02,304,2,2,6,false,true,true,true,true,false,true,Home/Apartment,Condominium (condo),Apt/Condo/Loft,4.9,15,2,21+,Luxury,true,173,true,116,24,2026-05-13,Frisco/Silverthorne,Keystone,Dillon,Colorado,80435,United States,mountains_lakes,https://www.airbnb.com/rooms/52258876,https://a0.muscache.com/im/pictures/prohost-api/Hosting-52258876/original/b4c887ed-2e55-4a93-8ceb-89bc3cf7e99f.jpeg,52258876,2394513,39.607,-105.9401,=AVERAGE($G$2:$G$439),=AVERAGE($D$2:$D$439),"=IFERROR(($AT180-G180)/$AT180,0)","=IFERROR(($AU180-D180)/$AU180,0)",=$AU180-D180
"Great Updated Kitchen, Walk to Gondola",SummitCove,,38494,40192,413.91,43.87,350,2,2,6,false,true,true,true,true,false,true,Home/Apartment,Condominium (condo),Apt/Condo/Loft,4.8,10,2,21+,Luxury,true,203,false,93,24,2026-05-16,Frisco/Silverthorne,Keystone,Dillon,Colorado,80435,United States,mountains_lakes,https://www.airbnb.com/rooms/51500575,https://a0.muscache.com/im/pictures/prohost-api/Hosting-51500575/original/49732142-3025-49d7-9361-d67a0c770214.jpeg,51500575,,39.6074,-105.9428,=AVERAGE($G$2:$G$439),=AVERAGE($D$2:$D$439),"=IFERROR(($AT181-G181)/$AT181,0)","=IFERROR(($AU181-D181)/$AU181,0)",=$AU181-D181
"8562 | Pool & Hot tub OPEN, Steps to Gondola.",Keystone Resort,,38169,38893,605.86,27.27,358,2,2,6,false,true,true,true,true,false,true,Home/Apartment,Condominium (condo),Apt/Condo/Loft,4.65,156,1,21+,Luxury,true,210,true,63,18,2026-05-16,Frisco/Silverthorne,Keystone,Dillon,Colorado,80435,United States,mountains_lakes,https://www.airbnb.com/rooms/22009701,https://a0.muscache.com/im/pictures/39db3964-e68b-4e98-b238-d8904f397e6d.jpg,22009701,1217050,39.6074,-105.9449,=AVERAGE($G$2:$G$439),=AVERAGE($D$2:$D$439),"=IFERROR(($AT182-G182)/$AT182,0)","=IFERROR(($AU182-D182)/$AU182,0)",=$AU182-D182
Studio Condo W/ Full Kitchen + Walk to the Slopes,RedAwning,,38115,39577,373.68,32.8,352,,1,4,false,false,true,true,true,false,true,Home/Apartment,Condominium (condo),Apt/Condo/Loft,5,2,1,21+,Luxury,false,0,true,102,46,2026-05-13,Frisco/Silverthorne,Keystone,Dillon,Colorado,80435,United States,mountains_lakes,https://www.airbnb.com/rooms/23360730,https://a0.muscache.com/im/pictures/fa5cd3dc-63e7-422c-8716-0cfa802c435a.jpg,23360730,4441917ha,39.6065,-105.9432,=AVERAGE($G$2:$G$439),=AVERAGE($D$2:$D$439),"=IFERROR(($AT183-G183)/$AT183,0)","=IFERROR(($AU183-D183)/$AU183,0)",=$AU183-D183
"Modern River Run Condo, steps to Gondola!",1860658,,37900,38835,505.33,56.39,158,2,2,6,false,true,false,true,true,false,true,Home/Apartment,Condominium (condo),Apt/Condo/Loft,4.8,189,2,1,Luxury,true,200,false,75,23,2026-05-16,Frisco/Silverthorne,Keystone,Dillon,Colorado,80435,United States,mountains_lakes,https://www.airbnb.com/rooms/39667042,https://a0.muscache.com/im/pictures/0a70d058-c9dd-4c90-a560-845ea6b2e103.jpg,39667042,152720,39.60655,-105.94237,=AVERAGE($G$2:$G$439),=AVERAGE($D$2:$D$439),"=IFERROR(($AT184-G184)/$AT184,0)","=IFERROR(($AU184-D184)/$AU184,0)",=$AU184-D184
Ironwood #2990,Summit County Mountain Retreats,,37558,88767,834.62,56.96,188,3,3,10,false,false,true,true,true,false,false,Home/Apartment,Villa,House/villa,4.6,26,1,21+,Luxury,false,366,true,45,9,2026-05-11,Frisco/Silverthorne,Keystone,Dillon,Colorado,80435,United States,mountains_lakes,https://www.airbnb.com/rooms/1181117433429607107,https://a0.muscache.com/im/pictures/hosting/Hosting-U3RheVN1cHBseUxpc3Rpbmc6MTE4MTExNzQzMzQyOTYwNzEwNw%3D%3D/original/14752181-ba35-4664-8062-cb6e7de61e73.jpeg,1181117433429607107,1225972,39.6054,-105.9502,=AVERAGE($G$2:$G$439),=AVERAGE($D$2:$D$439),"=IFERROR(($AT185-G185)/$AT185,0)","=IFERROR(($AU185-D185)/$AU185,0)",=$AU185-D185
Spacious and Beautiful! Stay Here & Kids Ski Free,RedAwning,,37403,42688,485.75,25.67,330,2,2,6,false,true,true,true,true,false,true,Home/Apartment,Condominium (condo),Apt/Condo/Loft,4.85,7,1,21+,Luxury,false,0,true,77,29,2026-05-13,Frisco/Silverthorne,Keystone,Dillon,Colorado,80435,United States,mountains_lakes,https://www.airbnb.com/rooms/23302948,https://a0.muscache.com/im/pictures/8d80e083-276c-426f-8f71-ecefce6b2548.jpg,23302948,4441911ha,39.6061,-105.9723,=AVERAGE($G$2:$G$439),=AVERAGE($D$2:$D$439),"=IFERROR(($AT186-G186)/$AT186,0)","=IFERROR(($AU186-D186)/$AU186,0)",=$AU186-D186
1br Condo-Red Hawk 2291~walk-Gondola~kids Ski Free,RedAwning,,37344,43478,461.04,32.66,324,1,2,6,false,true,true,true,true,false,true,Home/Apartment,Condominium (condo),Apt/Condo/Loft,4.75,8,1,21+,Luxury,false,0,true,81,36,2026-05-13,Frisco/Silverthorne,Keystone,Dillon,Colorado,80435,United States,mountains_lakes,https://www.airbnb.com/rooms/23295337,https://a0.muscache.com/im/pictures/38b75dda-55fe-4dc4-ae3c-1ca9fa1149d1.jpg,23295337,4372465ha,39.6068,-105.9394,=AVERAGE($G$2:$G$439),=AVERAGE($D$2:$D$439),"=IFERROR(($AT187-G187)/$AT187,0)","=IFERROR(($AU187-D187)/$AU187,0)",=$AU187-D187
1br Value Condo~walk to the Slopes~great Views,RedAwning,,37266,44496,335.73,35.46,327,1,1,4,false,true,true,true,true,false,true,Home/Apartment,Condominium (condo),Apt/Condo/Loft,4.35,3,1,21+,Luxury,false,0,true,111,49,2026-05-13,Frisco/Silverthorne,Keystone,Dillon,Colorado,80435,United States,mountains_lakes,https://www.airbnb.com/rooms/23302937,https://a0.muscache.com/im/pictures/ee4f6e3d-fbfd-4b75-a2ce-39b4fdeb5dae.jpg,23302937,4441916ha,39.6068,-105.9394,=AVERAGE($G$2:$G$439),=AVERAGE($D$2:$D$439),"=IFERROR(($AT188-G188)/$AT188,0)","=IFERROR(($AU188-D188)/$AU188,0)",=$AU188-D188
Vacay for 8 | Prime Location + Exclusive Privacy,Leavetown,,37087,48313,686.8,32.53,285,3,2,8,false,false,false,false,false,false,true,Home/Apartment,Condominium (condo),Apt/Condo/Loft,0,0,2,21+,Luxury,false,283,true,54,14,2026-05-11,Frisco/Silverthorne,Keystone,Dillon,Colorado,80435,United States,mountains_lakes,https://www.airbnb.com/rooms/955024188933164654,https://a0.muscache.com/im/pictures/prohost-api/Hosting-955024188933164654/original/728deb25-8a43-4074-94bd-d7e26487c68e.jpeg,955024188933164654,3552497,39.60771,-105.94366,=AVERAGE($G$2:$G$439),=AVERAGE($D$2:$D$439),"=IFERROR(($AT189-G189)/$AT189,0)","=IFERROR(($AU189-D189)/$AU189,0)",=$AU189-D189
"Ski-In Condo with Access to Sauna, Pool + Hot Tub",Leavetown,,37013,75553,672.96,42.97,238,3,3,8,false,true,false,true,false,false,true,Home/Apartment,Condominium (condo),Apt/Condo/Loft,0,0,2,21+,Luxury,false,236,true,55,8,2026-05-13,Frisco/Silverthorne,Keystone,Dillon,Colorado,80435,United States,mountains_lakes,https://www.airbnb.com/rooms/24084372,https://a0.muscache.com/im/pictures/a4c07b8d-8fa6-46a9-8188-398b2bb47bb6.jpg,24084372,4548723,39.60543,-105.94343,=AVERAGE($G$2:$G$439),=AVERAGE($D$2:$D$439),"=IFERROR(($AT190-G190)/$AT190,0)","=IFERROR(($AU190-D190)/$AU190,0)",=$AU190-D190
Stay 2br Condo Near River Run. No Clean Fee,RedAwning,,36964,46361,467.9,45.93,276,2,2,6,false,true,true,true,true,false,true,Home/Apartment,Condominium (condo),Apt/Condo/Loft,4.25,8,1,21+,Luxury,false,0,true,79,23,2026-05-11,Frisco/Silverthorne,Keystone,Dillon,Colorado,80435,United States,mountains_lakes,https://www.airbnb.com/rooms/23302861,https://a0.muscache.com/im/pictures/ae771d54-44c3-447e-892b-78198172fdf2.jpg,23302861,4424291ha,39.6088,-105.9487,=AVERAGE($G$2:$G$439),=AVERAGE($D$2:$D$439),"=IFERROR(($AT191-G191)/$AT191,0)","=IFERROR(($AU191-D191)/$AU191,0)",=$AU191-D191
Large 2br Condo @ Red Hawk 2272~walk to Slopes,RedAwning,,36953,56976,769.85,40,310,2,3,8,false,false,true,true,true,false,true,Home/Apartment,Condominium (condo),Apt/Condo/Loft,4,1,1,21+,Luxury,false,2,true,48,22,2026-05-13,Frisco/Silverthorne,Keystone,Dillon,Colorado,80435,United States,mountains_lakes,https://www.airbnb.com/rooms/23295316,https://a0.muscache.com/im/pictures/1fd8f6a7-f4ec-4bc1-a949-27c15d240a3f.jpg,23295316,4372464ha,39.6068,-105.9394,=AVERAGE($G$2:$G$439),=AVERAGE($D$2:$D$439),"=IFERROR(($AT192-G192)/$AT192,0)","=IFERROR(($AU192-D192)/$AU192,0)",=$AU192-D192
2br Condo on Shuttle Rt-Wild Irishman 1015 W/ Pool,RedAwning,,36891,41443,466.97,41.15,324,2,2,6,false,false,false,true,true,false,true,Home/Apartment,Condominium (condo),Apt/Condo/Loft,4.65,3,1,21+,Luxury,false,6,true,79,15,2026-05-13,Frisco/Silverthorne,Keystone,Dillon,Colorado,80435,United States,mountains_lakes,https://www.airbnb.com/rooms/780658364587451504,https://a0.muscache.com/im/pictures/prohost-api/Hosting-780658364587451504/original/9bc8ae3d-3758-4c89-b970-98cdb7c86249.jpeg,780658364587451504,9765413ha,39.6042,-105.9723,=AVERAGE($G$2:$G$439),=AVERAGE($D$2:$D$439),"=IFERROR(($AT193-G193)/$AT193,0)","=IFERROR(($AU193-D193)/$AU193,0)",=$AU193-D193
Private Garage/Walk to Gondola/Pool and Hot Tub,SkyRun Vacation Rentals,,36807,49683,1022.42,44.44,173,3,2,10,false,true,true,true,true,false,true,Home/Apartment,Condominium (condo),Apt/Condo/Loft,5,15,2,21+,Luxury,true,284,true,36,11,2026-05-17,Frisco/Silverthorne,Keystone,Dillon,Colorado,80435,United States,mountains_lakes,https://www.airbnb.com/rooms/53300933,https://a0.muscache.com/im/pictures/prohost-api/Hosting-53300933/original/28fdff0e-b27c-4e7b-beab-f41edd9410c5.jpeg,53300933,2543099,39.6065,-105.9384,=AVERAGE($G$2:$G$439),=AVERAGE($D$2:$D$439),"=IFERROR(($AT194-G194)/$AT194,0)","=IFERROR(($AU194-D194)/$AU194,0)",=$AU194-D194
Beautiful 5br Home at the Ranch – Kids Ski Free!,RedAwning,,36738,36738,1836.9,33.33,142,5,5,12,false,false,false,true,true,false,false,Home/Apartment,Condominium (condo),Apt/Condo/Loft,0,0,1,21+,Luxury,false,0,true,20,2,2026-05-14,Frisco/Silverthorne,Keystone,Dillon,Colorado,80435,United States,mountains_lakes,https://www.airbnb.com/rooms/929990849363608320,https://a0.muscache.com/im/pictures/prohost-api/Hosting-929990849363608320/original/1f8a8cbc-5fac-412f-ae86-824e5325c394.jpeg,929990849363608320,9845107ha,39.5887,-105.9927,=AVERAGE($G$2:$G$439),=AVERAGE($D$2:$D$439),"=IFERROR(($AT195-G195)/$AT195,0)","=IFERROR(($AU195-D195)/$AU195,0)",=$AU195-D195
Spacious 2br Condo In Sleeps Up to 6.,RedAwning,,36480,55628,513.8,42.51,265,2,2,6,false,true,true,true,true,false,true,Home/Apartment,Townhouse,Apt/Condo/Loft,4.55,8,1,21+,Luxury,false,0,true,71,16,2026-05-13,Frisco/Silverthorne,Keystone,Dillon,Colorado,80435,United States,mountains_lakes,https://www.airbnb.com/rooms/23302830,https://a0.muscache.com/im/pictures/2437a725-a802-49d2-8614-5e913c53c4c7.jpg,23302830,4424266ha,39.6085,-105.9754,=AVERAGE($G$2:$G$439),=AVERAGE($D$2:$D$439),"=IFERROR(($AT196-G196)/$AT196,0)","=IFERROR(($AU196-D196)/$AU196,0)",=$AU196-D196
Silver Mill 8173-1br-Walk to Slopes! Kids Ski Free,RedAwning,,36399,43919,337.03,43.55,318,1,1,4,false,false,true,true,true,false,true,Home/Apartment,Condominium (condo),Apt/Condo/Loft,0,0,1,21+,Luxury,false,0,true,108,36,2026-05-13,Frisco/Silverthorne,Keystone,Dillon,Colorado,80435,United States,mountains_lakes,https://www.airbnb.com/rooms/810362635256060304,https://a0.muscache.com/im/pictures/prohost-api/Hosting-810362635256060304/original/9ef5807b-c488-45fa-b86f-34ea4e998df5.jpeg,810362635256060304,9781324ha,39.6075,-105.9429,=AVERAGE($G$2:$G$439),=AVERAGE($D$2:$D$439),"=IFERROR(($AT197-G197)/$AT197,0)","=IFERROR(($AU197-D197)/$AU197,0)",=$AU197-D197
Spacious Penthouse 3br Condo~kids Ski Free!,RedAwning,,36204,42072,883.02,21.13,295,3,2,8,false,false,true,true,true,false,false,Home/Apartment,Condominium (condo),Apt/Condo/Loft,4.45,13,2,21+,Luxury,false,418,true,41,12,2026-05-13,Frisco/Silverthorne,Keystone,Dillon,Colorado,80435,United States,mountains_lakes,https://www.airbnb.com/rooms/23361042,https://a0.muscache.com/im/pictures/e2061b5f-e6c5-4e23-baa2-0b71bad3ace0.jpg,23361042,4640912ha,39.6105,-105.9678,=AVERAGE($G$2:$G$439),=AVERAGE($D$2:$D$439),"=IFERROR(($AT198-G198)/$AT198,0)","=IFERROR(($AU198-D198)/$AU198,0)",=$AU198-D198
Silver Mill 8181-2br-Walk to Slopes. Kids Ski Free,RedAwning,,36144,47173,737.63,38.58,286,2,2,6,false,false,true,true,true,false,true,Home/Apartment,Condominium (condo),Apt/Condo/Loft,5,1,1,21+,Luxury,false,235,true,49,22,2026-04-10,Frisco/Silverthorne,Keystone,Dillon,Colorado,80435,United States,mountains_lakes,https://www.airbnb.com/rooms/810364823436579522,https://a0.muscache.com/im/pictures/prohost-api/Hosting-810364823436579522/original/e360598a-2f8b-4ff7-9acb-d6be04191c4a.jpeg,810364823436579522,9781326ha,39.6075,-105.9429,=AVERAGE($G$2:$G$439),=AVERAGE($D$2:$D$439),"=IFERROR(($AT199-G199)/$AT199,0)","=IFERROR(($AU199-D199)/$AU199,0)",=$AU199-D199
Red Hawk Lodge #2271,Summit County Mountain Retreats,,35875,55094,535.45,67.68,194,2,3,8,false,true,false,true,true,false,false,Home/Apartment,Apartment,Apt/Condo/Loft,4.35,11,1,21+,Luxury,false,268,true,67,17,2026-05-16,Frisco/Silverthorne,Keystone,Dillon,Colorado,80435,United States,mountains_lakes,https://www.airbnb.com/rooms/627028128084466314,https://a0.muscache.com/im/pictures/prohost-api/Hosting-627028128084466314/original/911ae8a1-c43d-43dd-b013-a653694b92b6.jpeg,627028128084466314,2775485,39.6067,-105.9396,=AVERAGE($G$2:$G$439),=AVERAGE($D$2:$D$439),"=IFERROR(($AT200-G200)/$AT200,0)","=IFERROR(($AU200-D200)/$AU200,0)",=$AU200-D200
Keystone CO | Red Hawk Townhomes #2350 | 4 Bedroom,Gondola Resorts,,35807,86647,1627.59,88,264,4,3,10,false,false,true,true,true,false,true,Home/Apartment,Townhouse,Apt/Condo/Loft,0,0,3,21+,Luxury,false,392,false,22,4,2025-03-19,Frisco/Silverthorne,Keystone,Dillon,Colorado,80435,United States,mountains_lakes,https://www.airbnb.com/rooms/905039181632927397,https://a0.muscache.com/im/pictures/prohost-api/Hosting-905039181632927397/original/53b027ee-f885-466b-b838-3e79038eca9e.png,905039181632927397,3436797,39.606005,-105.936954,=AVERAGE($G$2:$G$439),=AVERAGE($D$2:$D$439),"=IFERROR(($AT201-G201)/$AT201,0)","=IFERROR(($AU201-D201)/$AU201,0)",=$AU201-D201
1brcondo-Riverrun Village W/hot Tub &Kids Ski Free,RedAwning,,35240,88197,370.95,50.53,205,1,1,4,false,true,true,true,true,false,false,Home/Apartment,Condominium (condo),Apt/Condo/Loft,4.65,3,1,21+,Luxury,false,0,true,95,29,2026-05-11,Frisco/Silverthorne,Keystone,Dillon,Colorado,80435,United States,mountains_lakes,https://www.airbnb.com/rooms/37948831,https://a0.muscache.com/im/pictures/05d7eb91-6e78-4ee5-be8f-c3d42465d38a.jpg,37948831,9077146ha,39.6065,-105.9436,=AVERAGE($G$2:$G$439),=AVERAGE($D$2:$D$439),"=IFERROR(($AT202-G202)/$AT202,0)","=IFERROR(($AU202-D202)/$AU202,0)",=$AU202-D202
Settler's Creek #6523,Summit County Mountain Retreats,,35096,35096,8774,12.9,153,3,3,10,false,false,true,true,false,false,true,Home/Apartment,Townhouse,Apt/Condo/Loft,0,0,1,21+,Luxury,false,323,true,4,1,2025-12-02,Frisco/Silverthorne,Keystone,Dillon,Colorado,80435,United States,mountains_lakes,https://www.airbnb.com/rooms/1516764369070507339,https://a0.muscache.com/im/pictures/prohost-api/Hosting-1516764369070507339/original/28148736-7026-4935-a8b6-2fa011222215.jpeg,1516764369070507339,,39.6058656285,-105.9287881097,=AVERAGE($G$2:$G$439),=AVERAGE($D$2:$D$439),"=IFERROR(($AT203-G203)/$AT203,0)","=IFERROR(($AU203-D203)/$AU203,0)",=$AU203-D203
"2B/3B, Sleeps 9, Walk to Slopes, Views!",SummitCove,,34723,34771,408.51,32.2,341,2,3,9,false,true,false,true,true,false,true,Home/Apartment,Condominium (condo),Apt/Condo/Loft,4.3,19,2,21+,Luxury,true,272,false,85,25,2026-05-16,Frisco/Silverthorne,Keystone,Dillon,Colorado,80435,United States,mountains_lakes,https://www.airbnb.com/rooms/46904870,https://a0.muscache.com/im/pictures/prohost-api/Hosting-46904870/original/9b3588fe-b667-4bfa-bb93-f4303b25db60.jpeg,46904870,1636569,39.6069,-105.9396,=AVERAGE($G$2:$G$439),=AVERAGE($D$2:$D$439),"=IFERROR(($AT204-G204)/$AT204,0)","=IFERROR(($AU204-D204)/$AU204,0)",=$AU204-D204
Modern 2BR Condo w/ Den | Free Resort Shuttle,Leavetown,,34589,40509,735.94,39.83,137,2,2,6,false,false,false,true,false,false,true,Home/Apartment,Condominium (condo),Apt/Condo/Loft,0,0,1,21+,Luxury,false,184,false,47,14,2026-05-14,Frisco/Silverthorne,Keystone,Dillon,Colorado,80435,United States,mountains_lakes,https://www.airbnb.com/rooms/1574023454260533309,https://a0.muscache.com/im/pictures/prohost-api/Hosting-1574023454260533309/original/0a837efa-12e8-4130-b83c-7784d649312b.jpeg,1574023454260533309,4995891,39.6081082422,-105.9689954132,=AVERAGE($G$2:$G$439),=AVERAGE($D$2:$D$439),"=IFERROR(($AT205-G205)/$AT205,0)","=IFERROR(($AU205-D205)/$AU205,0)",=$AU205-D205
Large Luxury Ski in Ski out Condo/Pool and Hot Tub,SkyRun Vacation Rentals,,34176,35562,438.15,38.05,358,1,2,4,false,true,true,true,true,false,true,Home/Apartment,Condominium (condo),Apt/Condo/Loft,4.65,40,3,21+,Luxury,true,158,true,78,19,2026-05-17,Frisco/Silverthorne,Keystone,Dillon,Colorado,80435,United States,mountains_lakes,https://www.airbnb.com/rooms/16257605,https://a0.muscache.com/im/pictures/prohost-api/Hosting-16257605/original/024527ef-212e-44c1-9f63-630548bd796a.jpeg,16257605,1085477,39.6044,-105.9436,=AVERAGE($G$2:$G$439),=AVERAGE($D$2:$D$439),"=IFERROR(($AT206-G206)/$AT206,0)","=IFERROR(($AU206-D206)/$AU206,0)",=$AU206-D206
"Easy Walk to Gondola, Shops, Dining, Festivals",SummitCove,,34002,34580,465.78,28.63,348,2,2,6,false,true,true,true,true,false,true,Home/Apartment,Condominium (condo),Apt/Condo/Loft,4.65,8,2,21+,Luxury,true,201,true,73,20,2025-07-25,Frisco/Silverthorne,Keystone,Dillon,Colorado,80435,United States,mountains_lakes,https://www.airbnb.com/rooms/1274088112951581506,https://a0.muscache.com/im/pictures/prohost-api/Hosting-1274088112951581506/original/1da905f2-9cd4-4e88-85a3-d338c1f0578e.jpeg,1274088112951581506,2101949,39.6067894,-105.9395572,=AVERAGE($G$2:$G$439),=AVERAGE($D$2:$D$439),"=IFERROR(($AT207-G207)/$AT207,0)","=IFERROR(($AU207-D207)/$AU207,0)",=$AU207-D207
Keystone CO | Red Hawk Townhomes | 2 Bedroom,Gondola Resorts,,33977,38424,828.71,33.61,348,2,2,6,false,true,true,true,true,false,true,Home/Apartment,House,House/villa,5,1,3,21+,Luxury,false,183,false,41,9,2025-03-19,Frisco/Silverthorne,Keystone,Dillon,Colorado,80435,United States,mountains_lakes,https://www.airbnb.com/rooms/614333475739424058,https://a0.muscache.com/im/pictures/prohost-api/Hosting-614333475739424058/original/c3e309bb-ea36-4e24-aebd-7824430a58b2.jpeg,614333475739424058,2586909,39.606005,-105.936954,=AVERAGE($G$2:$G$439),=AVERAGE($D$2:$D$439),"=IFERROR(($AT208-G208)/$AT208,0)","=IFERROR(($AU208-D208)/$AU208,0)",=$AU208-D208
"Mountain Getaway | Pool, Hot Tubs & Summer Fun",SummitCove,,33841,60101,769.11,40.37,226,3,3,9,false,true,true,true,true,false,true,Home/Apartment,Condominium (condo),Apt/Condo/Loft,4.65,6,3,21+,Luxury,true,289,true,44,10,2026-05-17,Frisco/Silverthorne,Keystone,Dillon,Colorado,80435,United States,mountains_lakes,https://www.airbnb.com/rooms/671801015376010465,https://a0.muscache.com/im/pictures/prohost-api/Hosting-671801015376010465/original/04b179fc-0a39-44db-8841-48e08d8f1df5.jpeg,671801015376010465,2913893,39.60807,-105.93906,=AVERAGE($G$2:$G$439),=AVERAGE($D$2:$D$439),"=IFERROR(($AT209-G209)/$AT209,0)","=IFERROR(($AU209-D209)/$AU209,0)",=$AU209-D209
Elegant Ski-in/Ski-out Condo + Outdoor Hot Tub,Leavetown,,33810,50020,1352.4,21.01,307,4,4,10,false,true,false,true,false,false,true,Home/Apartment,Condominium (condo),Apt/Condo/Loft,0,0,2,21+,Luxury,false,249,true,25,9,2026-05-16,Frisco/Silverthorne,Keystone,Dillon,Colorado,80435,United States,mountains_lakes,https://www.airbnb.com/rooms/24082434,https://a0.muscache.com/im/pictures/e3d08116-de43-4c3e-81d6-845e8ef12131.jpg,24082434,4986260,39.60351,-105.94192,=AVERAGE($G$2:$G$439),=AVERAGE($D$2:$D$439),"=IFERROR(($AT210-G210)/$AT210,0)","=IFERROR(($AU210-D210)/$AU210,0)",=$AU210-D210
Keystone CO | Alders Townhomes | 3 Bed 03,Gondola Resorts,,33747,59654,964.2,39.33,279,3,3,10,false,false,true,true,true,false,false,Home/Apartment,Townhouse,Apt/Condo/Loft,0,0,3,21+,Luxury,false,298,false,35,4,2025-03-19,Frisco/Silverthorne,Keystone,Dillon,Colorado,80435,United States,mountains_lakes,https://www.airbnb.com/rooms/940631433567307532,https://a0.muscache.com/im/pictures/prohost-api/Hosting-940631433567307532/original/4b99671a-9023-43fa-8eb4-20b974e127cb.jpeg,940631433567307532,3505579,39.604549,-105.932457,=AVERAGE($G$2:$G$439),=AVERAGE($D$2:$D$439),"=IFERROR(($AT211-G211)/$AT211,0)","=IFERROR(($AU211-D211)/$AU211,0)",=$AU211-D211
"Modern Townhome, Private Garage, Hot Tub on Site",SummitCove,,33690,34880,474.51,43.03,359,2,2,8,false,false,true,true,true,false,false,Home/Apartment,Townhouse,Apt/Condo/Loft,4.9,11,3,21+,Luxury,true,249,true,71,16,2026-05-13,Frisco/Silverthorne,Keystone,Dillon,Colorado,80435,United States,mountains_lakes,https://www.airbnb.com/rooms/47091471,https://a0.muscache.com/im/pictures/prohost-api/Hosting-47091471/original/ce8676be-60b7-4b27-b968-315dc63c1fad.jpeg,47091471,1785127,39.6082,-105.9493,=AVERAGE($G$2:$G$439),=AVERAGE($D$2:$D$439),"=IFERROR(($AT212-G212)/$AT212,0)","=IFERROR(($AU212-D212)/$AU212,0)",=$AU212-D212
River Run Village Walk To Gondola Pool Hot Tubs Re,Rocky Mountain Resort Management,,33579,36281,493.81,33.33,350,2,2,8,false,true,false,true,true,false,true,Home/Apartment,Condominium (condo),Apt/Condo/Loft,4.55,37,2,21+,Luxury,false,280,true,68,16,2026-05-13,Frisco/Silverthorne,Keystone,Dillon,Colorado,80435,United States,mountains_lakes,https://www.airbnb.com/rooms/44641188,https://a0.muscache.com/im/pictures/prohost-api/Hosting-44641188/original/1b1f8495-4940-4ee2-969b-6034ecbcce44.jpeg,44641188,9488454ha,39.6068,-105.9429,=AVERAGE($G$2:$G$439),=AVERAGE($D$2:$D$439),"=IFERROR(($AT213-G213)/$AT213,0)","=IFERROR(($AU213-D213)/$AU213,0)",=$AU213-D213
Luxury Ski in Ski out Condo/Pool & Hot Tub Access,SkyRun Vacation Rentals,,33271,34265,924.19,30.25,199,2,1,8,false,true,true,true,true,false,true,Home/Apartment,Condominium (condo),Apt/Condo/Loft,4.9,21,3,21+,Luxury,true,200,true,36,11,2026-05-17,Frisco/Silverthorne,Keystone,Dillon,Colorado,80435,United States,mountains_lakes,https://www.airbnb.com/rooms/52270127,https://a0.muscache.com/im/pictures/prohost-api/Hosting-52270127/original/0e1622f7-8d52-4761-8757-65168eea4f0f.jpeg,52270127,2465599,39.604,-105.9438,=AVERAGE($G$2:$G$439),=AVERAGE($D$2:$D$439),"=IFERROR(($AT214-G214)/$AT214,0)","=IFERROR(($AU214-D214)/$AU214,0)",=$AU214-D214
Premier Keystone 3BR Townhome w/ Resort Access,Leavetown,,33204,46331,948.69,32.71,149,3,3,8,false,false,false,true,false,false,true,Home/Apartment,Townhouse,Apt/Condo/Loft,0,0,3,21+,Luxury,false,0,true,35,10,2026-05-13,Frisco/Silverthorne,Keystone,Dillon,Colorado,80435,United States,mountains_lakes,https://www.airbnb.com/rooms/1562471312224237457,https://a0.muscache.com/im/pictures/prohost-api/Hosting-1562471312224237457/original/39bddc8b-32cc-4381-8808-a18d45be2d96.png,1562471312224237457,4968515,39.6044560215,-105.9770889989,=AVERAGE($G$2:$G$439),=AVERAGE($D$2:$D$439),"=IFERROR(($AT215-G215)/$AT215,0)","=IFERROR(($AU215-D215)/$AU215,0)",=$AU215-D215
"Great Views, Walk to Gondola, Top Floor",SummitCove,,33117,40949,290.5,49.78,311,1,1,6,false,false,true,true,true,false,true,Home/Apartment,Condominium (condo),Apt/Condo/Loft,4.5,19,2,21+,Luxury,true,150,true,114,27,2026-04-26,Frisco/Silverthorne,Keystone,Dillon,Colorado,80435,United States,mountains_lakes,https://www.airbnb.com/rooms/46903868,https://a0.muscache.com/im/pictures/prohost-api/Hosting-46903868/original/849c647b-f917-4a2e-afa1-8207cd300c02.jpeg,46903868,1636330,39.6076,-105.9437,=AVERAGE($G$2:$G$439),=AVERAGE($D$2:$D$439),"=IFERROR(($AT216-G216)/$AT216,0)","=IFERROR(($AU216-D216)/$AU216,0)",=$AU216-D216
River Run ~ Close To Gondola ~ Main Level ~ Walk Out To Pool & Hot Tub,,,33094,36009,661.88,25.64,297,2,3,10,false,true,true,true,true,false,true,Home/Apartment,Condominium (condo),Apt/Condo/Loft,4.9,76,3,1,Luxury,false,250,false,50,15,2026-05-13,Frisco/Silverthorne,Keystone,Dillon,Colorado,80435,United States,mountains_lakes,https://www.vrbo.com/1337552,https://media.vrbo.com/lodging/34000000/33960000/33951800/33951787/774277f8.jpg?impolicy=resizecrop&rw=1200&ra=fit,,1337552,39.606996,-105.940351,=AVERAGE($G$2:$G$439),=AVERAGE($D$2:$D$439),"=IFERROR(($AT217-G217)/$AT217,0)","=IFERROR(($AU217-D217)/$AU217,0)",=$AU217-D217
River Run Village Walk To Gondola Pool Hot Tubs Re,Rocky Mountain Resort Management,,33026,35788,270.7,52.59,330,1,2,6,false,true,false,true,true,false,true,Home/Apartment,Condominium (condo),Apt/Condo/Loft,4.4,54,2,21+,Luxury,false,250,true,122,17,2026-05-17,Frisco/Silverthorne,Keystone,Dillon,Colorado,80435,United States,mountains_lakes,https://www.airbnb.com/rooms/1810750,https://a0.muscache.com/im/pictures/prohost-api/Hosting-1810750/original/94003343-90d5-41b2-bbb1-c48bb9adebd9.jpeg,1810750,3861859ha,39.6065,-105.9433,=AVERAGE($G$2:$G$439),=AVERAGE($D$2:$D$439),"=IFERROR(($AT218-G218)/$AT218,0)","=IFERROR(($AU218-D218)/$AU218,0)",=$AU218-D218
Family-Friendly 3BR Townhome Near Keystone Slopes,Leavetown,,32948,33259,998.42,29.2,150,3,2,6,false,false,false,true,false,false,true,Home/Apartment,Townhouse,Apt/Condo/Loft,0,0,2,21+,Luxury,false,0,false,33,8,2026-05-16,Frisco/Silverthorne,Keystone,Dillon,Colorado,80435,United States,mountains_lakes,https://www.airbnb.com/rooms/1582692382925189486,https://a0.muscache.com/im/pictures/prohost-api/Hosting-1582692382925189486/original/d7614add-3f17-4a99-b6e3-7d09a443450a.png,1582692382925189486,5013536,39.6075,-105.9307,=AVERAGE($G$2:$G$439),=AVERAGE($D$2:$D$439),"=IFERROR(($AT219-G219)/$AT219,0)","=IFERROR(($AU219-D219)/$AU219,0)",=$AU219-D219
Luxury Renovated 2BR | Walk to Slopes I River View,Fairly,,32758,32832,519.97,50,147,2,2,6,false,true,true,true,true,false,false,Home/Apartment,Condominium (condo),Apt/Condo/Loft,5,11,2,21+,Luxury,true,295,true,63,12,2026-05-16,Frisco/Silverthorne,Keystone,Dillon,Colorado,80435,United States,mountains_lakes,https://www.airbnb.com/rooms/1566936531359438842,https://a0.muscache.com/im/pictures/prohost-api/Hosting-1566936531359438842/original/0c538916-0931-4095-b02d-e63cb98b130d.jpeg,1566936531359438842,4894680,39.6069,-105.9581,=AVERAGE($G$2:$G$439),=AVERAGE($D$2:$D$439),"=IFERROR(($AT220-G220)/$AT220,0)","=IFERROR(($AU220-D220)/$AU220,0)",=$AU220-D220
2 Minute Walk to the Gondola/Pool and Hot Tub,SkyRun Vacation Rentals,,32401,34556,469.58,48.59,284,2,3,8,false,true,true,true,true,false,true,Home/Apartment,Condominium (condo),Apt/Condo/Loft,4.7,26,2,21+,Luxury,true,248,true,69,16,2026-05-17,Frisco/Silverthorne,Keystone,Dillon,Colorado,80435,United States,mountains_lakes,https://www.airbnb.com/rooms/16257615,https://a0.muscache.com/im/pictures/prohost-api/Hosting-16257615/original/660c1031-a962-45d5-9837-0b31968b5e13.jpeg,16257615,383927,39.6067,-105.9396,=AVERAGE($G$2:$G$439),=AVERAGE($D$2:$D$439),"=IFERROR(($AT221-G221)/$AT221,0)","=IFERROR(($AU221-D221)/$AU221,0)",=$AU221-D221
Ski-in/Ski-out Condo + Fireplace + Shared Hot Tub,Leavetown,,32155,38031,699.02,28.57,331,2,2,6,false,true,false,true,false,false,true,Home/Apartment,Condominium (condo),Apt/Condo/Loft,0,0,1,21+,Luxury,false,0,true,46,24,2026-05-17,Frisco/Silverthorne,Keystone,Dillon,Colorado,80435,United States,mountains_lakes,https://www.airbnb.com/rooms/24082389,https://a0.muscache.com/im/pictures/a0e7e9e5-8356-4d51-bf3f-0dc48617469e.jpg,24082389,1448516,39.60378,-105.94212,=AVERAGE($G$2:$G$439),=AVERAGE($D$2:$D$439),"=IFERROR(($AT222-G222)/$AT222,0)","=IFERROR(($AU222-D222)/$AU222,0)",=$AU222-D222
"8125 | Corner unit, wood floors, huge floor plan.",Keystone Resort,,31718,36060,473.4,38.73,193,1,1,4,false,true,true,true,true,false,true,Home/Apartment,Condominium (condo),Apt/Condo/Loft,4.75,229,1,21+,Luxury,true,160,true,67,23,2026-05-16,Frisco/Silverthorne,Keystone,Dillon,Colorado,80435,United States,mountains_lakes,https://www.airbnb.com/rooms/22438764,https://a0.muscache.com/im/pictures/237d794d-1493-4ac2-9c5d-6934f3df7ad4.jpg,22438764,680742,39.60715,-105.9465,=AVERAGE($G$2:$G$439),=AVERAGE($D$2:$D$439),"=IFERROR(($AT223-G223)/$AT223,0)","=IFERROR(($AU223-D223)/$AU223,0)",=$AU223-D223
Walk to Slopes! Value Studio Condo,RedAwning,,31580,35730,380.48,36.4,331,,1,4,false,false,true,false,true,false,false,Home/Apartment,Condominium (condo),Apt/Condo/Loft,4,6,1,21+,Luxury,false,0,true,83,37,2026-05-16,Frisco/Silverthorne,Keystone,Dillon,Colorado,80435,United States,mountains_lakes,https://www.airbnb.com/rooms/23302863,https://a0.muscache.com/im/pictures/b38f8bc8-c5ae-4deb-91d4-58561824d467.jpg,23302863,4424264ha,39.605,-105.9556,=AVERAGE($G$2:$G$439),=AVERAGE($D$2:$D$439),"=IFERROR(($AT224-G224)/$AT224,0)","=IFERROR(($AU224-D224)/$AU224,0)",=$AU224-D224
Mountain Escape | Cozy 2BR Townhome | Pool Access,Leavetown,,31501,32841,787.52,32.52,142,2,2,6,false,true,false,true,true,false,true,Home/Apartment,Townhouse,Apt/Condo/Loft,0,0,1,21+,Luxury,false,68,false,40,15,2026-05-15,Frisco/Silverthorne,Keystone,Dillon,Colorado,80435,United States,mountains_lakes,https://www.airbnb.com/rooms/1578292818414240099,https://a0.muscache.com/im/pictures/prohost-api/Hosting-1578292818414240099/original/a093c2d3-5570-4e1c-affc-31ed61d53c85.jpeg,1578292818414240099,5004563,39.6047406385,-105.9771805557,=AVERAGE($G$2:$G$439),=AVERAGE($D$2:$D$439),"=IFERROR(($AT225-G225)/$AT225,0)","=IFERROR(($AU225-D225)/$AU225,0)",=$AU225-D225
"Four Bedroom Luxury Ski in, Ski Out at Lone Eagle",,,31359,34447,1844.65,28.33,353,4,4,8,false,true,true,true,true,false,true,Home/Apartment,Condominium (condo),Apt/Condo/Loft,5,18,5,1,Luxury,false,0,false,17,3,2026-05-14,Frisco/Silverthorne,Keystone,Dillon,Colorado,80435,United States,mountains_lakes,https://www.vrbo.com/322758,https://media.vrbo.com/lodging/35000000/34200000/34192300/34192285/43a3af24.jpg?impolicy=resizecrop&rw=1200&ra=fit,,322758,39.604583,-105.942776,=AVERAGE($G$2:$G$439),=AVERAGE($D$2:$D$439),"=IFERROR(($AT226-G226)/$AT226,0)","=IFERROR(($AU226-D226)/$AU226,0)",=$AU226-D226
"Walk to Slopes, Open Floor Plan, Hot Tubs",SummitCove,,31029,39047,348.64,46.6,316,2,2,6,false,true,true,true,true,false,true,Home/Apartment,Condominium (condo),Apt/Condo/Loft,4.7,23,2,21+,Luxury,true,214,true,89,25,2026-05-13,Frisco/Silverthorne,Keystone,Dillon,Colorado,80435,United States,mountains_lakes,https://www.airbnb.com/rooms/620535276656050190,https://a0.muscache.com/im/pictures/prohost-api/Hosting-620535276656050190/original/4d41f622-99c7-43c4-8be0-4f4b579d6d10.jpeg,620535276656050190,2792986,39.6074,-105.9428,=AVERAGE($G$2:$G$439),=AVERAGE($D$2:$D$439),"=IFERROR(($AT227-G227)/$AT227,0)","=IFERROR(($AU227-D227)/$AU227,0)",=$AU227-D227
Red Hawk Lodge #2265,RedAwning,,31019,37865,238.61,89.66,208,2,2,6,false,true,false,true,false,false,true,Home/Apartment,Condominium (condo),Apt/Condo/Loft,4.7,193,2,21+,Luxury,false,160,true,130,29,2017-09-12,Frisco/Silverthorne,Keystone,Dillon,Colorado,80435,United States,mountains_lakes,https://www.airbnb.com/rooms/18329329,https://a0.muscache.com/im/pictures/0d14a9b7-2321-4c90-b021-7fd78d1b811f.jpg?aki_policy=x_large,18329329,272415,39.6078394893,-105.9391714793,=AVERAGE($G$2:$G$439),=AVERAGE($D$2:$D$439),"=IFERROR(($AT228-G228)/$AT228,0)","=IFERROR(($AU228-D228)/$AU228,0)",=$AU228-D228
Updated Condo Steps from Peru Lift,SummitCove,,30579,32534,493.21,50.82,144,2,2,8,false,false,false,true,true,false,false,Home/Apartment,Condominium (condo),Apt/Condo/Loft,4.85,6,1,21+,Luxury,true,253,false,62,17,2026-05-11,Frisco/Silverthorne,Keystone,Dillon,Colorado,80435,United States,mountains_lakes,https://www.airbnb.com/rooms/1579040442230554093,https://a0.muscache.com/im/pictures/prohost-api/Hosting-1579040442230554093/original/19d7e42b-6d7e-41a6-b1b0-d8f1d3dd7927.jpeg,1579040442230554093,1638048,39.6051,-105.9545,=AVERAGE($G$2:$G$439),=AVERAGE($D$2:$D$439),"=IFERROR(($AT229-G229)/$AT229,0)","=IFERROR(($AU229-D229)/$AU229,0)",=$AU229-D229
"Cozy Keystone Condo | Hot Tubs, Patio & Views",SummitCove,,30342,33494,340.92,78.07,126,2,2,8,false,false,true,true,true,false,false,Home/Apartment,Condominium (condo),Apt/Condo/Loft,4.85,28,1,21+,Luxury,true,233,true,89,26,2026-05-17,Frisco/Silverthorne,Keystone,Dillon,Colorado,80435,United States,mountains_lakes,https://www.airbnb.com/rooms/47091677,https://a0.muscache.com/im/pictures/prohost-api/Hosting-47091677/original/21584684-8a6d-48e6-8d9c-5de9893fc162.jpeg,47091677,2092253,39.6073,-105.9569,=AVERAGE($G$2:$G$439),=AVERAGE($D$2:$D$439),"=IFERROR(($AT230-G230)/$AT230,0)","=IFERROR(($AU230-D230)/$AU230,0)",=$AU230-D230
Summer Mountain Escape | Balcony & Scenic Views,SummitCove,,30305,47848,242.44,83.33,162,1,1,4,false,false,true,true,true,false,true,Home/Apartment,Condominium (condo),Apt/Condo/Loft,4.85,14,3,21+,Luxury,true,139,true,125,17,2026-05-13,Frisco/Silverthorne,Keystone,Dillon,Colorado,80435,United States,mountains_lakes,https://www.airbnb.com/rooms/47082603,https://a0.muscache.com/im/pictures/prohost-api/Hosting-47082603/original/8f72fb88-9cd6-478c-b8a0-e10d3fe09e6f.jpeg,47082603,1636472,39.607,-105.9546,=AVERAGE($G$2:$G$439),=AVERAGE($D$2:$D$439),"=IFERROR(($AT231-G231)/$AT231,0)","=IFERROR(($AU231-D231)/$AU231,0)",=$AU231-D231
River Run Village Walk To Gondola Pool Hot Tubs Re,Rocky Mountain Resort Management,,30287,34570,414.89,32.74,309,2,3,9,false,true,false,true,true,false,true,Home/Apartment,Condominium (condo),Apt/Condo/Loft,4.5,55,2,21+,Luxury,false,324,true,73,17,2026-05-13,Frisco/Silverthorne,Keystone,Dillon,Colorado,80435,United States,mountains_lakes,https://www.airbnb.com/rooms/928187310508376483,https://a0.muscache.com/im/pictures/prohost-api/Hosting-928187310508376483/original/62894a6f-2b22-459d-ae02-829f385899b4.jpeg,928187310508376483,3863984ha,39.6069,-105.9404,=AVERAGE($G$2:$G$439),=AVERAGE($D$2:$D$439),"=IFERROR(($AT232-G232)/$AT232,0)","=IFERROR(($AU232-D232)/$AU232,0)",=$AU232-D232
Affordable 2br West Keystone Take Bus to Lift,RedAwning,,30250,47157,817.57,31.09,251,2,2,6,false,false,true,true,true,false,true,Home/Apartment,Condominium (condo),Apt/Condo/Loft,4.15,3,1,21+,Luxury,false,0,true,37,16,2026-05-13,Frisco/Silverthorne,Keystone,Dillon,Colorado,80435,United States,mountains_lakes,https://www.airbnb.com/rooms/23295290,https://a0.muscache.com/im/pictures/prohost-api/Hosting-23295290/original/7fcfdb48-b883-48f9-8370-7e68cbb7ddcc.jpeg,23295290,4372422ha,39.6071,-105.9442,=AVERAGE($G$2:$G$439),=AVERAGE($D$2:$D$439),"=IFERROR(($AT233-G233)/$AT233,0)","=IFERROR(($AU233-D233)/$AU233,0)",=$AU233-D233
Premier 1br~silver Mill 8308-Walk to Slopes!,RedAwning,,29988,36153,374.85,32.65,314,1,1,4,false,true,true,true,true,false,true,Home/Apartment,Condominium (condo),Apt/Condo/Loft,4.2,6,1,21+,Luxury,false,0,true,80,33,2026-05-13,Frisco/Silverthorne,Keystone,Dillon,Colorado,80435,United States,mountains_lakes,https://www.airbnb.com/rooms/23360822,https://a0.muscache.com/im/pictures/0d5d77c4-71cf-4631-b63c-8c3a76e69687.jpg,23360822,4497439ha,39.6068,-105.945,=AVERAGE($G$2:$G$439),=AVERAGE($D$2:$D$439),"=IFERROR(($AT234-G234)/$AT234,0)","=IFERROR(($AU234-D234)/$AU234,0)",=$AU234-D234
⭐Mtn Modern ⭐ PRIVATE INDOOR HOT TUB walk to slope,98008224,,29894,34426,543.53,26.19,342,2,2,8,false,false,true,true,true,false,false,Home/Apartment,Condominium (condo),Apt/Condo/Loft,4.95,175,2,2-5,Luxury,false,270,true,55,13,2026-05-17,Frisco/Silverthorne,Keystone,Dillon,Colorado,80435,United States,mountains_lakes,https://www.airbnb.com/rooms/22507817,https://a0.muscache.com/im/pictures/miso/Hosting-22507817/original/9a193a2f-fe0c-421b-94c2-68706ff89426.jpeg,22507817,1413997,39.6078,-105.9544,=AVERAGE($G$2:$G$439),=AVERAGE($D$2:$D$439),"=IFERROR(($AT235-G235)/$AT235,0)","=IFERROR(($AU235-D235)/$AU235,0)",=$AU235-D235
Penthouse Mountain View | Walk to Summer Action,SummitCove,,29741,30904,367.17,55.48,206,1,1,4,false,true,true,true,true,false,true,Home/Apartment,Condominium (condo),Apt/Condo/Loft,4.75,8,2,21+,Luxury,true,130,true,81,24,2026-05-13,Frisco/Silverthorne,Keystone,Dillon,Colorado,80435,United States,mountains_lakes,https://www.airbnb.com/rooms/1521147934410498523,https://a0.muscache.com/im/pictures/prohost-api/Hosting-1521147934410498523/original/6532dc7f-1267-4384-ae1b-396ca75b59e7.jpeg,1521147934410498523,4873299,39.6065,-105.9425,=AVERAGE($G$2:$G$439),=AVERAGE($D$2:$D$439),"=IFERROR(($AT236-G236)/$AT236,0)","=IFERROR(($AU236-D236)/$AU236,0)",=$AU236-D236
Independence Lodge - Newly Built! Near Keystone!,Natural Retreats,,29666,76079,1854.12,33.33,289,5,6,14,false,false,true,true,true,false,false,Home/Apartment,House,House/villa,4.8,14,3,21+,Luxury,true,1004,true,16,3,2026-05-13,Frisco/Silverthorne,Keystone,Dillon,Colorado,80435,United States,mountains_lakes,https://www.airbnb.com/rooms/984184243259662159,https://a0.muscache.com/im/pictures/prohost-api/Hosting-984184243259662159/original/0bea13c2-bc94-425d-9307-a42a82b22748.jpeg,984184243259662159,9872497ha,39.60406,-105.93139,=AVERAGE($G$2:$G$439),=AVERAGE($D$2:$D$439),"=IFERROR(($AT237-G237)/$AT237,0)","=IFERROR(($AU237-D237)/$AU237,0)",=$AU237-D237
Silver Mill 8167-1br-Walk to Slopes! Kids Ski Free,RedAwning,,29520,35624,378.46,33.62,310,1,1,4,false,false,true,true,true,false,true,Home/Apartment,Condominium (condo),Apt/Condo/Loft,0,0,1,21+,Luxury,false,0,true,78,28,2026-05-13,Frisco/Silverthorne,Keystone,Dillon,Colorado,80435,United States,mountains_lakes,https://www.airbnb.com/rooms/810364280726434483,https://a0.muscache.com/im/pictures/prohost-api/Hosting-810364280726434483/original/56109c64-029a-40ee-87d1-a0353fbd9ffb.jpeg,810364280726434483,9781323ha,39.6075,-105.9429,=AVERAGE($G$2:$G$439),=AVERAGE($D$2:$D$439),"=IFERROR(($AT238-G238)/$AT238,0)","=IFERROR(($AU238-D238)/$AU238,0)",=$AU238-D238
Keystone CO | Tenderfoot Lodge #2664 | 1 Bedroom,Gondola Resorts,,29500,32475,347.06,48.3,354,1,1,4,false,false,true,true,true,false,false,Home/Apartment,House,House/villa,0,0,3,21+,Luxury,false,140,true,85,15,2025-03-19,Frisco/Silverthorne,Keystone,Dillon,Colorado,80435,United States,mountains_lakes,https://www.airbnb.com/rooms/1216659934969863504,https://a0.muscache.com/im/pictures/prohost-api/Hosting-1216659934969863504/original/c6acf175-d61f-4472-8de6-48f7d77b935b.jpeg,1216659934969863504,4165011,39.607462,-105.956631,=AVERAGE($G$2:$G$439),=AVERAGE($D$2:$D$439),"=IFERROR(($AT239-G239)/$AT239,0)","=IFERROR(($AU239-D239)/$AU239,0)",=$AU239-D239
Luxury 3BR Lone Eagle Condo in River Run Village,Gondola Resorts,,29467,31405,1339.41,24.44,356,3,3,8,false,true,true,true,true,false,true,Home/Apartment,Condominium (condo),Apt/Condo/Loft,4.65,3,3,21+,Luxury,false,292,false,22,7,2025-06-11,Frisco/Silverthorne,Keystone,Dillon,Colorado,80435,United States,mountains_lakes,https://www.airbnb.com/rooms/1401538806660141197,https://a0.muscache.com/im/pictures/prohost-api/Hosting-1401538806660141197/original/c7ed7941-ce4c-45f5-a125-3309868581f4.jpeg,1401538806660141197,1949021,39.604382,-105.942443,=AVERAGE($G$2:$G$439),=AVERAGE($D$2:$D$439),"=IFERROR(($AT240-G240)/$AT240,0)","=IFERROR(($AU240-D240)/$AU240,0)",=$AU240-D240
*Steps to Slopes* Modern Condo & Superb Amenities!,492087737,,29330,29330,480.82,45.52,365,2,2,7,false,false,false,true,true,false,true,Home/Apartment,Condominium (condo),Apt/Condo/Loft,4.9,32,2,1,Luxury,true,189,false,61,12,2026-05-14,Frisco/Silverthorne,Keystone,Dillon,Colorado,80435,United States,mountains_lakes,https://www.airbnb.com/rooms/785786676784753357,https://a0.muscache.com/im/pictures/hosting/Hosting-785786676784753357/original/bf40ca9a-fc1d-4841-9d2c-854451c3fcd2.jpeg,785786676784753357,,39.6067,-105.9399,=AVERAGE($G$2:$G$439),=AVERAGE($D$2:$D$439),"=IFERROR(($AT241-G241)/$AT241,0)","=IFERROR(($AU241-D241)/$AU241,0)",=$AU241-D241
2925 | Breathtaking views steps to the gondola!,Keystone Resort,,29229,30979,442.86,34.38,352,2,2,6,false,true,false,true,true,false,false,Home/Apartment,Condominium (condo),Apt/Condo/Loft,4.7,207,2,21+,Luxury,true,210,true,66,19,2026-05-17,Frisco/Silverthorne,Keystone,Dillon,Colorado,80435,United States,mountains_lakes,https://www.airbnb.com/rooms/22564346,https://a0.muscache.com/im/pictures/miso/Hosting-22564346/original/633ecf8b-2003-42d0-abab-b81abb8c74dd.jpeg,22564346,1276323,39.6066,-105.9459,=AVERAGE($G$2:$G$439),=AVERAGE($D$2:$D$439),"=IFERROR(($AT242-G242)/$AT242,0)","=IFERROR(($AU242-D242)/$AU242,0)",=$AU242-D242
"Alpine Escape – Pool, Waterslide and Village Fun",SummitCove,,29031,37222,319.02,48.15,301,1,1,4,false,true,false,true,true,false,true,Home/Apartment,Condominium (condo),Apt/Condo/Loft,5,9,3,21+,Luxury,true,122,true,91,17,2026-05-17,Frisco/Silverthorne,Keystone,Dillon,Colorado,80435,United States,mountains_lakes,https://www.airbnb.com/rooms/46905848,https://a0.muscache.com/im/pictures/prohost-api/Hosting-46905848/original/a0a708b2-9c84-42a1-a7c2-d3c627063fb4.png,46905848,1636662,39.607,-105.9401,=AVERAGE($G$2:$G$439),=AVERAGE($D$2:$D$439),"=IFERROR(($AT243-G243)/$AT243,0)","=IFERROR(($AU243-D243)/$AU243,0)",=$AU243-D243
New! Renovated 3br Mountain Condo - Kids Ski Free,RedAwning,,28739,29312,821.11,39.33,117,3,2,8,false,false,true,true,true,false,false,Home/Apartment,Condominium (condo),Apt/Condo/Loft,0,0,2,21+,Luxury,false,0,false,35,9,2026-05-16,Frisco/Silverthorne,Keystone,Dillon,Colorado,80435,United States,mountains_lakes,https://www.airbnb.com/rooms/1599245106887216416,https://a0.muscache.com/im/pictures/prohost-api/Hosting-1599245106887216416/original/7e088461-58ab-48da-a207-0d2b8f936643.jpeg,1599245106887216416,20240782ha,39.6073,-105.9561,=AVERAGE($G$2:$G$439),=AVERAGE($D$2:$D$439),"=IFERROR(($AT244-G244)/$AT244,0)","=IFERROR(($AU244-D244)/$AU244,0)",=$AU244-D244
Spacious and Luxurious 2br Condo - Kids Ski Free,RedAwning,,28444,29022,605.19,33.57,173,2,2,6,false,true,true,true,true,false,true,Home/Apartment,Condominium (condo),Apt/Condo/Loft,0,0,1,21+,Luxury,false,0,true,47,18,2026-05-15,Frisco/Silverthorne,Keystone,Dillon,Colorado,80435,United States,mountains_lakes,https://www.airbnb.com/rooms/1506471132233020348,https://a0.muscache.com/im/pictures/prohost-api/Hosting-1506471132233020348/original/752b3e92-c1f2-4359-8f9b-f6033c6f17ca.jpeg,1506471132233020348,20195092ha,39.6064,-105.9724,=AVERAGE($G$2:$G$439),=AVERAGE($D$2:$D$439),"=IFERROR(($AT245-G245)/$AT245,0)","=IFERROR(($AU245-D245)/$AU245,0)",=$AU245-D245
Keystone CO | River Run Village Condos | 1 Bedroom,Gondola Resorts,,28075,44886,346.6,45.25,311,1,1,4,false,true,true,true,true,false,true,Home/Apartment,Condominium (condo),Apt/Condo/Loft,0,0,1,21+,Luxury,false,129,false,81,11,2025-03-20,Frisco/Silverthorne,Keystone,Dillon,Colorado,80435,United States,mountains_lakes,https://www.airbnb.com/rooms/580284214296030488,https://a0.muscache.com/im/pictures/prohost-api/Hosting-580284214296030488/original/69a7cd64-4209-44bd-8120-31177533055e.jpeg,580284214296030488,3420514,39.60831,-105.94388,=AVERAGE($G$2:$G$439),=AVERAGE($D$2:$D$439),"=IFERROR(($AT246-G246)/$AT246,0)","=IFERROR(($AU246-D246)/$AU246,0)",=$AU246-D246
4-bedroom condo at River Run - Rates reduced for fall festival season!,,,28072,33437,1079.69,29.89,343,4,4,8,false,true,false,true,true,false,true,Home/Apartment,Condominium (condo),Apt/Condo/Loft,4.9,34,3,1,Luxury,false,348,true,26,6,2026-05-17,Frisco/Silverthorne,Keystone,Dillon,Colorado,80435,United States,mountains_lakes,https://www.vrbo.com/2568782,https://media.vrbo.com/lodging/74000000/73410000/73409900/73409805/c7141957.jpg?impolicy=resizecrop&rw=1200&ra=fit,,2568782,39.60696,-105.94034,=AVERAGE($G$2:$G$439),=AVERAGE($D$2:$D$439),"=IFERROR(($AT247-G247)/$AT247,0)","=IFERROR(($AU247-D247)/$AU247,0)",=$AU247-D247
New Clear Water Lofts - 2br Condo - Kids Ski Free,RedAwning,,28049,37340,584.35,26.97,301,2,2,6,false,false,true,true,true,false,false,Home/Apartment,Condominium (condo),Apt/Condo/Loft,0,0,2,21+,Luxury,false,267,true,48,13,2026-05-16,Frisco/Silverthorne,Keystone,Dillon,Colorado,80435,United States,mountains_lakes,https://www.airbnb.com/rooms/724252154137624353,https://a0.muscache.com/im/pictures/prohost-api/Hosting-724252154137624353/original/e0355aed-51a3-4fd4-a8a3-125e8bd46c73.jpeg,724252154137624353,9736107ha,39.6069,-105.9615,=AVERAGE($G$2:$G$439),=AVERAGE($D$2:$D$439),"=IFERROR(($AT248-G248)/$AT248,0)","=IFERROR(($AU248-D248)/$AU248,0)",=$AU248-D248
3br Ski Tip Townhome 8713-No Cleaning Fees,RedAwning,,27809,31591,713.05,18.93,327,3,2,8,false,false,true,true,true,false,false,Home/Apartment,Townhouse,Apt/Condo/Loft,4.15,8,2,21+,Luxury,false,357,true,39,13,2026-05-13,Frisco/Silverthorne,Keystone,Dillon,Colorado,80435,United States,mountains_lakes,https://www.airbnb.com/rooms/22331437,https://a0.muscache.com/im/pictures/5c40fc44-f17b-462e-a4b8-e798049b24d8.jpg,22331437,4808965ha,39.6078,-105.9291,=AVERAGE($G$2:$G$439),=AVERAGE($D$2:$D$439),"=IFERROR(($AT249-G249)/$AT249,0)","=IFERROR(($AU249-D249)/$AU249,0)",=$AU249-D249
"Cozy Red Hawk 3BR townhome - 200yds to ski lift w/ pool, hot tub & gym!",Gondola Resorts,,27794,47148,751.19,22.98,339,3,3,8,false,true,true,true,true,false,true,Home/Apartment,House,House/villa,3,1,3,21+,Luxury,false,269,false,37,8,2026-05-16,Frisco/Silverthorne,Keystone,Dillon,Colorado,80435,United States,mountains_lakes,https://www.vrbo.com/1623529,https://media.vrbo.com/lodging/37000000/36380000/36375700/36375689/d177c279.jpg?impolicy=resizecrop&rw=1200&ra=fit,,1623529,39.607066,-105.940366,=AVERAGE($G$2:$G$439),=AVERAGE($D$2:$D$439),"=IFERROR(($AT250-G250)/$AT250,0)","=IFERROR(($AU250-D250)/$AU250,0)",=$AU250-D250
Keystone CO | Dakota Lodge | 2 Bedroom,Gondola Resorts,,27766,31245,617.02,33.33,351,2,2,6,false,true,true,true,true,false,true,Home/Apartment,House,House/villa,0,0,4,21+,Luxury,false,183,true,45,6,2025-03-19,Frisco/Silverthorne,Keystone,Dillon,Colorado,80435,United States,mountains_lakes,https://www.airbnb.com/rooms/1216663535237088249,https://a0.muscache.com/im/pictures/prohost-api/Hosting-1216663535237088249/original/17854ad3-14e4-49ed-aa55-4e6f12df0990.jpeg,1216663535237088249,4165016,39.607091,-105.944256,=AVERAGE($G$2:$G$439),=AVERAGE($D$2:$D$439),"=IFERROR(($AT251-G251)/$AT251,0)","=IFERROR(($AU251-D251)/$AU251,0)",=$AU251-D251
Scenic 1 Bedroom Condo for 4,Leavetown,,27690,30469,325.76,28.05,319,1,1,4,false,true,false,true,false,false,false,Home/Apartment,Condominium (condo),Apt/Condo/Loft,0,0,2,21+,Luxury,false,0,true,85,29,2025-03-07,Frisco/Silverthorne,Keystone,Dillon,Colorado,80435,United States,mountains_lakes,https://www.airbnb.com/rooms/23806066,https://a0.muscache.com/im/pictures/8c84dda1-4ee0-4f90-b658-71522f7ed72b.jpg,23806066,1448478,39.6079,-105.94515,=AVERAGE($G$2:$G$439),=AVERAGE($D$2:$D$439),"=IFERROR(($AT252-G252)/$AT252,0)","=IFERROR(($AU252-D252)/$AU252,0)",=$AU252-D252
Perfect Mountain Retreat/3br Condo-Fireplace,RedAwning,,27604,52118,811.88,28.33,273,3,2,8,false,false,true,true,true,false,true,Home/Apartment,Condominium (condo),Apt/Condo/Loft,4.15,7,2,21+,Luxury,false,318,true,34,11,2026-05-16,Frisco/Silverthorne,Keystone,Dillon,Colorado,80435,United States,mountains_lakes,https://www.airbnb.com/rooms/23302823,https://a0.muscache.com/im/pictures/aa3db3b6-3ca5-4889-93b4-35081ca2f20e.jpg,23302823,4424258ha,39.6045,-105.9554,=AVERAGE($G$2:$G$439),=AVERAGE($D$2:$D$439),"=IFERROR(($AT253-G253)/$AT253,0)","=IFERROR(($AU253-D253)/$AU253,0)",=$AU253-D253
Luxury Stay Meets Family Fun: Premier 1br Retreat,RedAwning,,27144,29834,366.81,32.46,279,1,1,4,false,false,true,true,false,false,false,Home/Apartment,Condominium (condo),Apt/Condo/Loft,0,0,1,21+,Luxury,false,0,true,74,23,2026-05-15,Frisco/Silverthorne,Keystone,Dillon,Colorado,80435,United States,mountains_lakes,https://www.airbnb.com/rooms/1467339973843088118,https://a0.muscache.com/im/pictures/prohost-api/Hosting-1467339973843088118/original/8d7f8da6-0f06-44dc-bd97-1dc7ebb1d768.jpeg,1467339973843088118,20175411ha,39.6064,-105.9724,=AVERAGE($G$2:$G$439),=AVERAGE($D$2:$D$439),"=IFERROR(($AT254-G254)/$AT254,0)","=IFERROR(($AU254-D254)/$AU254,0)",=$AU254-D254
Premier 2br/2ba In Lakeside Village,RedAwning,,27131,48090,467.78,32.22,241,2,2,6,false,true,true,true,true,false,true,Home/Apartment,Condominium (condo),Apt/Condo/Loft,4.35,3,1,21+,Luxury,false,0,true,58,25,2026-05-17,Frisco/Silverthorne,Keystone,Dillon,Colorado,80435,United States,mountains_lakes,https://www.airbnb.com/rooms/41717090,https://a0.muscache.com/im/pictures/1a48c501-26a4-4e44-961c-3f762fc3ad58.jpg,41717090,9364889ha,39.607,-105.9659,=AVERAGE($G$2:$G$439),=AVERAGE($D$2:$D$439),"=IFERROR(($AT255-G255)/$AT255,0)","=IFERROR(($AU255-D255)/$AU255,0)",=$AU255-D255
Family-Friendly 3BR Condo Near Keystone Resort,Leavetown,,26894,29586,1680.88,14.95,151,3,2,8,false,false,false,true,false,false,true,Home/Apartment,Condominium (condo),Apt/Condo/Loft,0,0,2,21+,Luxury,false,269,true,16,5,2026-05-13,Frisco/Silverthorne,Keystone,Dillon,Colorado,80435,United States,mountains_lakes,https://www.airbnb.com/rooms/1554374582105870529,https://a0.muscache.com/im/pictures/prohost-api/Hosting-1554374582105870529/original/76aaa7eb-68f8-4a3b-b3b5-03dd15317aea.jpeg,1554374582105870529,4950216,39.6089997702,-105.9767536609,=AVERAGE($G$2:$G$439),=AVERAGE($D$2:$D$439),"=IFERROR(($AT256-G256)/$AT256,0)","=IFERROR(($AU256-D256)/$AU256,0)",=$AU256-D256
Cozy Walk-to-Lifts Condo w/ Pool & Hot Tub,SummitCove,,26851,30068,383.59,57.38,140,2,2,7,false,false,true,true,true,false,true,Home/Apartment,Condominium (condo),Apt/Condo/Loft,4.9,24,1,21+,Luxury,true,236,true,70,17,2026-05-13,Frisco/Silverthorne,Keystone,Dillon,Colorado,80435,United States,mountains_lakes,https://www.airbnb.com/rooms/47082783,https://a0.muscache.com/im/pictures/prohost-api/Hosting-47082783/original/d9a5e13a-fbb6-4ff7-8331-706d42e064d9.jpeg,47082783,1162750,39.6075,-105.9553,=AVERAGE($G$2:$G$439),=AVERAGE($D$2:$D$439),"=IFERROR(($AT257-G257)/$AT257,0)","=IFERROR(($AU257-D257)/$AU257,0)",=$AU257-D257
Luxury Ski Retreat |Private Hot Tub |Fireplace,ITrip Vacations,,26510,28913,457.07,26.98,336,2,2,8,false,false,true,true,true,false,false,Home/Apartment,Condominium (condo),Apt/Condo/Loft,4.55,20,3,21+,Luxury,false,304,true,58,16,2026-04-14,Frisco/Silverthorne,Keystone,Dillon,Colorado,80435,United States,mountains_lakes,https://www.airbnb.com/rooms/1046376023292602729,https://a0.muscache.com/im/pictures/prohost-api/Hosting-1046376023292602729/original/0b040e5f-03f6-4cb2-96bd-64c3515fdb3c.jpeg,1046376023292602729,9906830ha,39.6049,-105.968,=AVERAGE($G$2:$G$439),=AVERAGE($D$2:$D$439),"=IFERROR(($AT258-G258)/$AT258,0)","=IFERROR(($AU258-D258)/$AU258,0)",=$AU258-D258
Premier Mountain Condo + Ski-in/Ski-out Access!,Leavetown,,26493,29404,509.48,20.55,323,1,1,4,false,true,false,true,false,false,true,Home/Apartment,Condominium (condo),Apt/Condo/Loft,4.7,15,1,21+,Luxury,false,6,true,52,28,2026-05-13,Frisco/Silverthorne,Keystone,Dillon,Colorado,80435,United States,mountains_lakes,https://www.airbnb.com/rooms/24082340,https://a0.muscache.com/im/pictures/2b36244b-71d9-4622-b0ce-04043431a129.jpg,24082340,1448513,39.60462,-105.9428,=AVERAGE($G$2:$G$439),=AVERAGE($D$2:$D$439),"=IFERROR(($AT259-G259)/$AT259,0)","=IFERROR(($AU259-D259)/$AU259,0)",=$AU259-D259
"Steps to Lift, Views, New Kitchen & Bath, Deck!",175565156,,26053,49990,255.42,56.67,245,1,1,4,true,false,false,true,true,false,false,Home/Apartment,Condominium (condo),Apt/Condo/Loft,4.85,147,2,1,Luxury,false,170,true,102,12,2026-05-17,Frisco/Silverthorne,Keystone,Dillon,Colorado,80435,United States,mountains_lakes,https://www.airbnb.com/rooms/24355476,https://a0.muscache.com/im/pictures/prohost-api/Hosting-24355476/original/40f909d2-fde6-447e-8f1d-8931207c1ffe.jpeg,24355476,266070,39.6053,-105.9555,=AVERAGE($G$2:$G$439),=AVERAGE($D$2:$D$439),"=IFERROR(($AT260-G260)/$AT260,0)","=IFERROR(($AU260-D260)/$AU260,0)",=$AU260-D260
Close to Keystone  Hot Tubs & Private Deck!,Book by Owner Dillon,,25405,29664,261.91,39.75,345,1,3,8,false,false,false,true,true,false,false,Home/Apartment,House,House/villa,4.9,71,2,21+,Luxury,true,234,false,97,21,2026-05-16,Frisco/Silverthorne,Keystone,Dillon,Colorado,80435,United States,mountains_lakes,https://www.airbnb.com/rooms/48718419,https://a0.muscache.com/im/pictures/prohost-api/Hosting-48718419/original/e2aa617a-e093-495e-9bb7-b6d98b859382.jpeg,48718419,2248429,39.6053,-105.9766,=AVERAGE($G$2:$G$439),=AVERAGE($D$2:$D$439),"=IFERROR(($AT261-G261)/$AT261,0)","=IFERROR(($AU261-D261)/$AU261,0)",=$AU261-D261
"Modern Condo, Walk to Ski Lifts & Dining!",SummitCove,,25257,36989,315.71,44.94,196,2,3,8,false,true,true,true,true,false,true,Home/Apartment,Condominium (condo),Apt/Condo/Loft,4.75,8,2,21+,Luxury,true,278,true,80,22,2026-01-12,Frisco/Silverthorne,Keystone,Dillon,Colorado,80435,United States,mountains_lakes,https://www.airbnb.com/rooms/988533367621035031,https://a0.muscache.com/im/pictures/prohost-api/Hosting-988533367621035031/original/7fb1cb47-c191-4d78-be3a-18856214e26b.jpeg,988533367621035031,3627395,39.60662,-105.93962,=AVERAGE($G$2:$G$439),=AVERAGE($D$2:$D$439),"=IFERROR(($AT262-G262)/$AT262,0)","=IFERROR(($AU262-D262)/$AU262,0)",=$AU262-D262
Arapahoe Lodge #8137,Summit County Mountain Retreats,,24988,25449,211.76,71.52,177,1,1,4,false,false,true,true,true,false,true,Home/Apartment,Condominium (condo),Apt/Condo/Loft,4.7,144,1,21+,Luxury,false,108,true,118,39,2021-10-05,Frisco/Silverthorne,Keystone,Dillon,Colorado,80435,United States,mountains_lakes,https://www.airbnb.com/rooms/8513474,https://a0.muscache.com/im/pictures/prohost-api/Hosting-8513474/original/e1944209-a276-4463-a428-6da4b2b66397.jpeg?aki_policy=x_large,8513474,768529,39.6072,-105.94376,=AVERAGE($G$2:$G$439),=AVERAGE($D$2:$D$439),"=IFERROR(($AT263-G263)/$AT263,0)","=IFERROR(($AU263-D263)/$AU263,0)",=$AU263-D263
3br Condo In Lakeside Village - Kids Ski Free,RedAwning,,24722,52774,772.56,24.43,216,3,3,8,false,false,true,true,true,false,true,Home/Apartment,Condominium (condo),Apt/Condo/Loft,2,1,2,21+,Luxury,false,449,true,32,9,2026-05-16,Frisco/Silverthorne,Keystone,Dillon,Colorado,80435,United States,mountains_lakes,https://www.airbnb.com/rooms/23361051,https://a0.muscache.com/im/pictures/0a738e65-b1fd-4735-9fd5-c13fe50bd9d0.jpg,23361051,4640946ha,39.607,-105.967,=AVERAGE($G$2:$G$439),=AVERAGE($D$2:$D$439),"=IFERROR(($AT264-G264)/$AT264,0)","=IFERROR(($AU264-D264)/$AU264,0)",=$AU264-D264
Silver Mill 8253-1br-Walk to Slopes! Kids Ski Free,RedAwning,,24045,29888,407.54,26.34,310,1,1,4,false,false,true,true,true,false,true,Home/Apartment,Condominium (condo),Apt/Condo/Loft,0,0,1,21+,Luxury,false,0,true,59,22,2026-05-16,Frisco/Silverthorne,Keystone,Dillon,Colorado,80435,United States,mountains_lakes,https://www.airbnb.com/rooms/816173559906758828,https://a0.muscache.com/im/pictures/prohost-api/Hosting-816173559906758828/original/46838fd2-bb54-49be-9958-2a36a01390f5.jpeg,816173559906758828,9783186ha,39.6075,-105.9429,=AVERAGE($G$2:$G$439),=AVERAGE($D$2:$D$439),"=IFERROR(($AT265-G265)/$AT265,0)","=IFERROR(($AU265-D265)/$AU265,0)",=$AU265-D265
Large Luxury Condo Located on Keystone Lake!,SkyRun Vacation Rentals,,24011,25237,292.82,55.41,182,1,1,5,false,true,false,true,true,false,false,Home/Apartment,Condominium (condo),Apt/Condo/Loft,4.9,43,2,21+,Luxury,true,176,false,82,21,2026-05-11,Frisco/Silverthorne,Keystone,Dillon,Colorado,80435,United States,mountains_lakes,https://www.airbnb.com/rooms/1537141294590197586,https://a0.muscache.com/im/pictures/prohost-api/Hosting-1537141294590197586/original/08ea7e21-15f0-4b7b-bb81-0047cb68c84a.jpeg,1537141294590197586,504096,39.6072729513,-105.9674205789,=AVERAGE($G$2:$G$439),=AVERAGE($D$2:$D$439),"=IFERROR(($AT266-G266)/$AT266,0)","=IFERROR(($AU266-D266)/$AU266,0)",=$AU266-D266
Amazing Fully-Equipped 3 Bedroom Condo,Leavetown,,23966,37729,684.74,20.96,240,3,2,8,false,true,false,true,false,false,false,Home/Apartment,Condominium (condo),Apt/Condo/Loft,0,0,1,21+,Luxury,false,159,true,35,12,2026-05-14,Frisco/Silverthorne,Keystone,Dillon,Colorado,80435,United States,mountains_lakes,https://www.airbnb.com/rooms/1371782306426783355,https://a0.muscache.com/im/pictures/prohost-api/Hosting-1371782306426783355/original/1ca21130-d0d1-42a6-9126-d9f9dd60b657.jpeg,1371782306426783355,3774632,39.6054391822,-105.9679179205,=AVERAGE($G$2:$G$439),=AVERAGE($D$2:$D$439),"=IFERROR(($AT267-G267)/$AT267,0)","=IFERROR(($AU267-D267)/$AU267,0)",=$AU267-D267
Mountain Studio Close to Lifts | Hot Tub & Kitchen,Leavetown,,23889,24360,373.27,40.76,178,,1,4,false,true,false,true,true,false,true,Home/Apartment,Serviced apartment,Apt/Condo/Loft,0,0,1,21+,Luxury,false,135,true,64,28,2026-05-11,Frisco/Silverthorne,Keystone,Dillon,Colorado,80435,United States,mountains_lakes,https://www.airbnb.com/rooms/1557374013461590919,https://a0.muscache.com/im/pictures/prohost-api/Hosting-1557374013461590919/original/3fa0575b-d942-4fde-9f72-0db8ad24c999.jpeg,1557374013461590919,4956565,39.6059650415,-105.9419332567,=AVERAGE($G$2:$G$439),=AVERAGE($D$2:$D$439),"=IFERROR(($AT268-G268)/$AT268,0)","=IFERROR(($AU268-D268)/$AU268,0)",=$AU268-D268
Mountain Serenity on Thackwell Lane,SkyRun Vacation Rentals,,23884,40651,336.39,43.83,277,3,3,6,false,false,true,true,true,false,true,Home/Apartment,Townhouse,Apt/Condo/Loft,5,6,2,21+,Luxury,true,300,false,71,12,2026-05-15,Frisco/Silverthorne,Keystone,Dillon,Colorado,80435,United States,mountains_lakes,https://www.airbnb.com/rooms/1617543636402734168,https://a0.muscache.com/im/pictures/prohost-api/Hosting-1617543636402734168/original/14bae8e0-5ce6-419f-b4ad-1f22b3673c81.jpeg,1617543636402734168,4209119,39.6074822376,-105.936233866,=AVERAGE($G$2:$G$439),=AVERAGE($D$2:$D$439),"=IFERROR(($AT269-G269)/$AT269,0)","=IFERROR(($AU269-D269)/$AU269,0)",=$AU269-D269
R&R for 6 | Prime Location + Exclusive Privacy!,Leavetown,,23832,28866,627.16,21.84,317,2,2,6,false,false,false,false,false,false,true,Home/Apartment,Condominium (condo),Apt/Condo/Loft,0,0,1,21+,Luxury,false,180,true,38,18,2026-05-17,Frisco/Silverthorne,Keystone,Dillon,Colorado,80435,United States,mountains_lakes,https://www.airbnb.com/rooms/955023764567486085,https://a0.muscache.com/im/pictures/prohost-api/Hosting-955023764567486085/original/e60f7acc-9bd5-49d3-aee8-10c07617ce78.jpeg,955023764567486085,3552496,39.60847,-105.94529,=AVERAGE($G$2:$G$439),=AVERAGE($D$2:$D$439),"=IFERROR(($AT270-G270)/$AT270,0)","=IFERROR(($AU270-D270)/$AU270,0)",=$AU270-D270
Arapahoe Lodge-1br and Murphy Condo -Kids Ski Free,RedAwning,,23387,26194,354.35,52.8,157,1,1,6,false,false,true,true,false,false,true,Home/Apartment,Condominium (condo),Apt/Condo/Loft,0,0,1,21+,Luxury,false,0,true,66,25,2026-05-11,Frisco/Silverthorne,Keystone,Dillon,Colorado,80435,United States,mountains_lakes,https://www.airbnb.com/rooms/1526039450286026953,https://a0.muscache.com/im/pictures/prohost-api/Hosting-1526039450286026953/original/37efc0e0-902f-4a20-867f-8f9995b45be8.jpeg,1526039450286026953,20204263ha,39.6067,-105.9434,=AVERAGE($G$2:$G$439),=AVERAGE($D$2:$D$439),"=IFERROR(($AT271-G271)/$AT271,0)","=IFERROR(($AU271-D271)/$AU271,0)",=$AU271-D271
Cozy 2BR Stay w/ Balcony | Walk to Lifts + Hot Tub,Leavetown,,23135,24478,642.64,29.51,165,2,2,6,false,true,false,true,true,false,true,Home/Apartment,Condominium (condo),Apt/Condo/Loft,2,1,1,21+,Luxury,false,210,true,36,14,2026-05-11,Frisco/Silverthorne,Keystone,Dillon,Colorado,80435,United States,mountains_lakes,https://www.airbnb.com/rooms/1557374434457229450,https://a0.muscache.com/im/pictures/prohost-api/Hosting-1557374434457229450/original/bf1789f2-1a9d-41fb-b2c8-48709db76976.jpeg,1557374434457229450,4956566,39.6057672893,-105.9420968003,=AVERAGE($G$2:$G$439),=AVERAGE($D$2:$D$439),"=IFERROR(($AT272-G272)/$AT272,0)","=IFERROR(($AU272-D272)/$AU272,0)",=$AU272-D272
Rustic 2BR Condo Near Lifts | Fireplace + Hot Tub,Leavetown,,23048,25767,501.04,46.46,107,2,2,4,false,true,false,true,false,false,true,Home/Apartment,Condominium (condo),Apt/Condo/Loft,0,0,1,21+,Luxury,false,55,false,46,15,2026-05-17,Frisco/Silverthorne,Keystone,Dillon,Colorado,80435,United States,mountains_lakes,https://www.airbnb.com/rooms/1589325143543618719,https://a0.muscache.com/im/pictures/prohost-api/Hosting-1589325143543618719/original/a68cfc36-989a-480c-8c5c-d6eeb3610954.jpeg,1589325143543618719,5024278,39.6096817218,-105.9482252349,=AVERAGE($G$2:$G$439),=AVERAGE($D$2:$D$439),"=IFERROR(($AT273-G273)/$AT273,0)","=IFERROR(($AU273-D273)/$AU273,0)",=$AU273-D273
Alpine Condo Fondue Chalet,73171179,,22892,47341,313.59,100,76,1,2,4,false,false,false,true,true,false,true,Home/Apartment,Apartment,Apt/Condo/Loft,5,9,3,1,Luxury,false,193,false,73,4,2026-05-14,Frisco/Silverthorne,Keystone,Dillon,Colorado,80435,United States,mountains_lakes,https://www.airbnb.com/rooms/972419293394153066,https://a0.muscache.com/im/pictures/miso/Hosting-972419293394153066/original/6c7b038a-09dd-491b-b725-f0217ad8e648.jpeg,972419293394153066,3283673,39.60339,-105.97394,=AVERAGE($G$2:$G$439),=AVERAGE($D$2:$D$439),"=IFERROR(($AT274-G274)/$AT274,0)","=IFERROR(($AU274-D274)/$AU274,0)",=$AU274-D274
"Modern Top Floor Condo, Walk to Skiing, Views",SummitCove,,22149,22394,257.55,72.27,119,1,1,4,false,true,true,true,true,false,true,Home/Apartment,Condominium (condo),Apt/Condo/Loft,4.85,13,2,21+,Luxury,true,137,true,86,21,2026-05-17,Frisco/Silverthorne,Keystone,Dillon,Colorado,80435,United States,mountains_lakes,https://www.airbnb.com/rooms/46801898,https://a0.muscache.com/im/pictures/prohost-api/Hosting-46801898/original/c595e21d-5e61-4cc1-9f94-5d119a80422c.jpeg,46801898,,39.60629,-105.93935,=AVERAGE($G$2:$G$439),=AVERAGE($D$2:$D$439),"=IFERROR(($AT275-G275)/$AT275,0)","=IFERROR(($AU275-D275)/$AU275,0)",=$AU275-D275
Retreat for 6 | Prime Location + Exclusive Privacy,Leavetown,,21220,27618,558.42,29.01,303,2,2,6,false,false,false,false,false,false,true,Home/Apartment,Condominium (condo),Apt/Condo/Loft,0,0,1,21+,Luxury,false,212,true,38,16,2026-05-16,Frisco/Silverthorne,Keystone,Dillon,Colorado,80435,United States,mountains_lakes,https://www.airbnb.com/rooms/955023336408213219,https://a0.muscache.com/im/pictures/prohost-api/Hosting-955023336408213219/original/94a19483-db45-4246-80e3-a9e0ca697f9a.jpeg,955023336408213219,3552495,39.6072,-105.94578,=AVERAGE($G$2:$G$439),=AVERAGE($D$2:$D$439),"=IFERROR(($AT276-G276)/$AT276,0)","=IFERROR(($AU276-D276)/$AU276,0)",=$AU276-D276
Alders #736,Summit County Mountain Retreats,,21050,21585,637.88,28.95,148,3,3,10,false,false,true,true,true,false,false,Home/Apartment,Townhouse,Apt/Condo/Loft,5,1,2,21+,Luxury,false,417,false,33,9,2026-05-17,Frisco/Silverthorne,Keystone,Dillon,Colorado,80435,United States,mountains_lakes,https://www.airbnb.com/rooms/1578550435980960524,https://a0.muscache.com/im/pictures/prohost-api/Hosting-1578550435980960524/original/01464abd-cad9-437c-8177-9feb2a818215.jpeg,1578550435980960524,5004396,39.6035,-105.9325,=AVERAGE($G$2:$G$439),=AVERAGE($D$2:$D$439),"=IFERROR(($AT277-G277)/$AT277,0)","=IFERROR(($AU277-D277)/$AU277,0)",=$AU277-D277
Ski Keystone! Springs 8900 2 BR/3 BA Corner condo! Steps to Kindred and Gondola!,,,20954,35055,634.97,41.25,329,2,3,8,false,true,true,true,true,false,true,Home/Apartment,Condominium (condo),Apt/Condo/Loft,4.9,66,3,1,Luxury,false,200,false,33,8,2026-05-16,Frisco/Silverthorne,Keystone,Dillon,Colorado,80435,United States,mountains_lakes,https://www.vrbo.com/74610,https://media.vrbo.com/lodging/34000000/33970000/33960500/33960439/269a7867.jpg?impolicy=resizecrop&rw=1200&ra=fit,,74610,39.606995,-105.940132,=AVERAGE($G$2:$G$439),=AVERAGE($D$2:$D$439),"=IFERROR(($AT278-G278)/$AT278,0)","=IFERROR(($AU278-D278)/$AU278,0)",=$AU278-D278
Keystone Charm: Wild Irishman 3br Mountain Escape,RedAwning,,20946,21682,775.78,25.47,117,3,2,8,false,false,true,true,true,false,false,Home/Apartment,Condominium (condo),Apt/Condo/Loft,0,0,2,21+,Luxury,false,2,false,27,8,2026-05-17,Frisco/Silverthorne,Keystone,Dillon,Colorado,80435,United States,mountains_lakes,https://www.airbnb.com/rooms/1593444220131991396,https://a0.muscache.com/im/pictures/prohost-api/Hosting-1593444220131991396/original/61e37684-6c95-46d5-8525-b6f770167534.jpeg,1593444220131991396,20238005ha,39.6046,-105.9728,=AVERAGE($G$2:$G$439),=AVERAGE($D$2:$D$439),"=IFERROR(($AT279-G279)/$AT279,0)","=IFERROR(($AU279-D279)/$AU279,0)",=$AU279-D279
New Listing! Top Floor w/Slope Views,SummitCove,,20659,21390,237.46,67.44,147,1,1,5,false,true,true,true,true,false,true,Home/Apartment,Condominium (condo),Apt/Condo/Loft,4.6,5,2,21+,Luxury,true,128,false,87,20,2026-05-16,Frisco/Silverthorne,Keystone,Dillon,Colorado,80435,United States,mountains_lakes,https://www.airbnb.com/rooms/1567786647094739562,https://a0.muscache.com/im/pictures/prohost-api/Hosting-1567786647094739562/original/69e53507-e832-4008-a4b8-52e100b87b19.png,1567786647094739562,4977907,39.6077,-105.9425,=AVERAGE($G$2:$G$439),=AVERAGE($D$2:$D$439),"=IFERROR(($AT280-G280)/$AT280,0)","=IFERROR(($AU280-D280)/$AU280,0)",=$AU280-D280
Updated River Run Village 2BR Black Bear condo 50yds to gondola - w/ swim area!,Gondola Resorts,,20544,21531,642,23.7,361,2,2,6,false,true,true,true,true,false,true,Home/Apartment,Condominium (condo),Apt/Condo/Loft,5,1,2,21+,Luxury,false,169,false,32,9,2026-05-17,Frisco/Silverthorne,Keystone,Dillon,Colorado,80435,United States,mountains_lakes,https://www.vrbo.com/1724469,https://media.vrbo.com/lodging/40000000/39150000/39150000/39149985/e76980d5.jpg?impolicy=resizecrop&rw=1200&ra=fit,,1724469,39.606728,-105.942389,=AVERAGE($G$2:$G$439),=AVERAGE($D$2:$D$439),"=IFERROR(($AT281-G281)/$AT281,0)","=IFERROR(($AU281-D281)/$AU281,0)",=$AU281-D281
River Run Village |  Cozy 1BR for 6 | Pool Access,Leavetown,,20543,22171,402.8,20.48,328,1,1,6,false,true,true,true,true,false,true,Home/Apartment,Condominium (condo),Apt/Condo/Loft,5,1,2,21+,Luxury,false,0,true,51,30,2025-03-07,Frisco/Silverthorne,Keystone,Dillon,Colorado,80435,United States,mountains_lakes,https://www.airbnb.com/rooms/892985310730391607,https://a0.muscache.com/im/pictures/prohost-api/Hosting-892985310730391607/original/0575756f-bd21-4970-8068-7529c0efe3ba.jpeg,892985310730391607,3446216,39.60472,-105.97701,=AVERAGE($G$2:$G$439),=AVERAGE($D$2:$D$439),"=IFERROR(($AT282-G282)/$AT282,0)","=IFERROR(($AU282-D282)/$AU282,0)",=$AU282-D282
Huge Luxury Condo/2 Minute Walk to the Gondola,SkyRun Vacation Rentals,,20263,108784,810.52,83.33,37,4,4,10,false,false,false,true,true,false,false,Home/Apartment,Condominium (condo),Apt/Condo/Loft,4.9,17,3,21+,Luxury,true,589,true,25,5,2026-05-16,Frisco/Silverthorne,Keystone,Dillon,Colorado,80435,United States,mountains_lakes,https://www.airbnb.com/rooms/16257659,https://a0.muscache.com/im/pictures/prohost-api/Hosting-16257659/original/796a27a5-9b17-4692-be5b-4743cea04e14.jpeg,16257659,504100,39.6065,-105.9448,=AVERAGE($G$2:$G$439),=AVERAGE($D$2:$D$439),"=IFERROR(($AT283-G283)/$AT283,0)","=IFERROR(($AU283-D283)/$AU283,0)",=$AU283-D283
Keystone Co. 3 bdrm condo with 6 lifetime transferable passes included!,,,20133,24343,875.35,23,353,3,1,9,false,true,true,true,true,false,true,Home/Apartment,Condominium (condo),Apt/Condo/Loft,5,22,4,1,Luxury,false,134,true,23,5,2026-05-17,Frisco/Silverthorne,Keystone,Dillon,Colorado,80435,United States,mountains_lakes,https://www.vrbo.com/321369,https://media.vrbo.com/lodging/35000000/34330000/34326800/34326793/e1288d72.jpg?impolicy=resizecrop&rw=1200&ra=fit,,321369,39.605989,-105.968652,=AVERAGE($G$2:$G$439),=AVERAGE($D$2:$D$439),"=IFERROR(($AT284-G284)/$AT284,0)","=IFERROR(($AU284-D284)/$AU284,0)",=$AU284-D284
"2BR Mtn Stay near Gondola | Pool, Sauna & Shuttle",Leavetown,,20034,26554,715.5,28.28,156,2,2,6,false,true,false,true,false,false,false,Home/Apartment,Condominium (condo),Apt/Condo/Loft,5,1,1,21+,Luxury,false,227,true,28,17,2026-05-13,Frisco/Silverthorne,Keystone,Dillon,Colorado,80435,United States,mountains_lakes,https://www.airbnb.com/rooms/1554594571939916190,https://a0.muscache.com/im/pictures/prohost-api/Hosting-1554594571939916190/original/424e53d5-fbca-4323-a02f-86330c44bebf.jpeg,1554594571939916190,4950939,39.6071256203,-105.9427030383,=AVERAGE($G$2:$G$439),=AVERAGE($D$2:$D$439),"=IFERROR(($AT285-G285)/$AT285,0)","=IFERROR(($AU285-D285)/$AU285,0)",=$AU285-D285
Mountain Condo with a Loft,Leavetown,,19783,22392,439.62,20.93,332,2,2,8,false,false,true,true,false,false,true,Home/Apartment,Condominium (condo),Apt/Condo/Loft,0,0,3,21+,Luxury,false,0,true,45,21,2023-10-04,Frisco/Silverthorne,Keystone,Dillon,Colorado,80435,United States,mountains_lakes,https://www.airbnb.com/rooms/23786588,https://a0.muscache.com/im/pictures/8199ada0-6969-4ac3-a0de-775050e1e4cf.jpg?aki_policy=x_large,23786588,4548719,39.60597,-105.97735,=AVERAGE($G$2:$G$439),=AVERAGE($D$2:$D$439),"=IFERROR(($AT286-G286)/$AT286,0)","=IFERROR(($AU286-D286)/$AU286,0)",=$AU286-D286
"Steps to Gondola, Balcony View- River Run Village!",598642159,,19281,20614,344.3,53.85,164,1,1,4,false,true,true,true,true,false,true,Home/Apartment,House,House/villa,4.95,9,2,2-5,Luxury,true,147,true,56,15,2026-05-13,Frisco/Silverthorne,Keystone,Dillon,Colorado,80435,United States,mountains_lakes,https://www.airbnb.com/rooms/1563924705429610671,https://a0.muscache.com/im/pictures/hosting/Hosting-1563924705429610671/original/709ee92a-1998-4235-b03d-bd82c83ad0be.png,1563924705429610671,4972823,39.6065,-105.9427,=AVERAGE($G$2:$G$439),=AVERAGE($D$2:$D$439),"=IFERROR(($AT287-G287)/$AT287,0)","=IFERROR(($AU287-D287)/$AU287,0)",=$AU287-D287
Large 3br2ba Condo-St Johns and  on Bus Route,RedAwning,,19276,32140,713.93,16.27,285,3,2,8,false,false,true,true,true,false,false,Home/Apartment,Condominium (condo),Apt/Condo/Loft,4.75,8,2,21+,Luxury,false,317,true,27,10,2026-05-13,Frisco/Silverthorne,Keystone,Dillon,Colorado,80435,United States,mountains_lakes,https://www.airbnb.com/rooms/21657825,https://a0.muscache.com/im/pictures/62a8910b-52aa-4f0c-8df8-6a15bf30850e.jpg,21657825,4724914ha,39.6106,-105.9675,=AVERAGE($G$2:$G$439),=AVERAGE($D$2:$D$439),"=IFERROR(($AT288-G288)/$AT288,0)","=IFERROR(($AU288-D288)/$AU288,0)",=$AU288-D288
3br Condo on Bus Route~lenawee 1735. Kids Ski Free,RedAwning,,19211,25530,835.26,20.91,302,3,3,8,false,false,true,true,true,false,true,Home/Apartment,Condominium (condo),Apt/Condo/Loft,4.75,11,2,21+,Luxury,false,380,true,23,6,2026-05-13,Frisco/Silverthorne,Keystone,Dillon,Colorado,80435,United States,mountains_lakes,https://www.airbnb.com/rooms/23295311,https://a0.muscache.com/im/pictures/prohost-api/Hosting-23295311/original/d2c871a2-9489-4942-8396-418fa619e850.jpeg,23295311,1437873,39.6042,-105.9723,=AVERAGE($G$2:$G$439),=AVERAGE($D$2:$D$439),"=IFERROR(($AT289-G289)/$AT289,0)","=IFERROR(($AU289-D289)/$AU289,0)",=$AU289-D289
Spacious Top-Floor 3-bed Springs Condo: 5 minute walk to gondola and restaurants,,,18966,27510,758.64,36.23,343,3,3,6,false,true,true,true,true,false,true,Home/Apartment,Condominium (condo),Apt/Condo/Loft,4.9,29,3,1,Luxury,false,300,true,25,7,2026-05-14,Frisco/Silverthorne,Keystone,Dillon,Colorado,80435,United States,mountains_lakes,https://www.vrbo.com/2526328,https://media.vrbo.com/lodging/73000000/72300000/72296000/72295939/b1b9ddb5.jpg?impolicy=resizecrop&rw=1200&ra=fit,,2526328,39.606944,-105.940285,=AVERAGE($G$2:$G$439),=AVERAGE($D$2:$D$439),"=IFERROR(($AT290-G290)/$AT290,0)","=IFERROR(($AU290-D290)/$AU290,0)",=$AU290-D290
Keystone CO | Chateaux DuMont | 3 Bedroom,Gondola Resorts,,18816,39894,1568,25,324,3,3,8,false,false,true,true,true,false,false,Home/Apartment,House,House/villa,5,2,3,21+,Luxury,false,292,false,12,3,2025-03-19,Frisco/Silverthorne,Keystone,Dillon,Colorado,80435,United States,mountains_lakes,https://www.airbnb.com/rooms/36695854,https://a0.muscache.com/im/pictures/prohost-api/Hosting-36695854/original/0cc465aa-ce51-4549-920f-4c765235bb0e.jpeg,36695854,4164834,39.6049575806,-105.9567260742,=AVERAGE($G$2:$G$439),=AVERAGE($D$2:$D$439),"=IFERROR(($AT291-G291)/$AT291,0)","=IFERROR(($AU291-D291)/$AU291,0)",=$AU291-D291
2BR Alpine Stay | Near the Lifts + Pool & Balcony,Leavetown,,18722,22484,550.65,28.81,153,2,2,6,false,true,false,true,true,false,true,Home/Apartment,Condominium (condo),Apt/Condo/Loft,3,1,1,21+,Luxury,false,192,true,34,17,2026-05-13,Frisco/Silverthorne,Keystone,Dillon,Colorado,80435,United States,mountains_lakes,https://www.airbnb.com/rooms/1559538355531213577,https://a0.muscache.com/im/pictures/prohost-api/Hosting-1559538355531213577/original/8f9dd8e2-8450-4994-91e6-57525ce4bf85.jpeg,1559538355531213577,4962251,39.6064280124,-105.941529475,=AVERAGE($G$2:$G$439),=AVERAGE($D$2:$D$439),"=IFERROR(($AT292-G292)/$AT292,0)","=IFERROR(($AU292-D292)/$AU292,0)",=$AU292-D292
Spacious 3BR Northstar Townhome in West Keystone,Gondola Resorts,,18452,18452,738.08,35.71,113,3,2,8,false,false,true,true,true,false,true,Home/Apartment,Townhouse,Apt/Condo/Loft,0,0,2,21+,Luxury,false,292,false,25,1,2025-06-11,Frisco/Silverthorne,Keystone,Dillon,Colorado,80435,United States,mountains_lakes,https://www.airbnb.com/rooms/1415364375928736775,https://a0.muscache.com/im/pictures/prohost-api/Hosting-1415364375928736775/original/5cd667b7-80d6-4538-99cd-e6c8c03b8e07.jpeg,1415364375928736775,3089014,39.603961,-105.971779,=AVERAGE($G$2:$G$439),=AVERAGE($D$2:$D$439),"=IFERROR(($AT293-G293)/$AT293,0)","=IFERROR(($AU293-D293)/$AU293,0)",=$AU293-D293
Keystone Condo on Golf Course w/ Views! - 3BR/3BA,510961276,,18424,22302,354.31,49.06,128,3,3,8,false,false,true,true,true,false,true,Home/Apartment,Condominium (condo),Apt/Condo/Loft,5,6,4,6-20,Luxury,true,210,false,52,15,2026-05-16,Frisco/Silverthorne,Keystone,Dillon,Colorado,80435,United States,mountains_lakes,https://www.airbnb.com/rooms/1572022106736162532,https://a0.muscache.com/im/pictures/hosting/Hosting-1572022106736162532/original/23033aa2-b240-4cb4-887f-9e97990b262b.jpeg,1572022106736162532,,39.6034,-105.9804,=AVERAGE($G$2:$G$439),=AVERAGE($D$2:$D$439),"=IFERROR(($AT294-G294)/$AT294,0)","=IFERROR(($AU294-D294)/$AU294,0)",=$AU294-D294
River Run Village Walk To Gondola Pool Hot Tubs Re,Rocky Mountain Resort Management,,18279,27850,1305.64,21.88,298,3,3,10,false,true,false,true,true,false,true,Home/Apartment,Condominium (condo),Apt/Condo/Loft,4.6,50,2,21+,Luxury,false,363,true,14,4,2026-05-13,Frisco/Silverthorne,Keystone,Dillon,Colorado,80435,United States,mountains_lakes,https://www.airbnb.com/rooms/1817369,https://a0.muscache.com/im/pictures/prohost-api/Hosting-1817369/original/d2a1062d-5316-4949-8577-fa7f95730725.jpeg,1817369,3861861ha,39.6077,-105.9437,=AVERAGE($G$2:$G$439),=AVERAGE($D$2:$D$439),"=IFERROR(($AT295-G295)/$AT295,0)","=IFERROR(($AU295-D295)/$AU295,0)",=$AU295-D295
Beautiful Renovated 3br In Keystone,RedAwning,,18238,29238,569.94,22.86,230,3,2,8,false,false,false,true,true,false,false,Home/Apartment,Condominium (condo),Apt/Condo/Loft,0,0,2,21+,Luxury,false,380,true,32,8,2026-05-16,Frisco/Silverthorne,Keystone,Dillon,Colorado,80435,United States,mountains_lakes,https://www.airbnb.com/rooms/1307157494948527653,https://a0.muscache.com/im/pictures/prohost-api/Hosting-1307157494948527653/original/db0b5435-2ad6-4de2-847d-71dea1ce0392.jpeg,1307157494948527653,20084611ha,39.6044,-105.9722,=AVERAGE($G$2:$G$439),=AVERAGE($D$2:$D$439),"=IFERROR(($AT296-G296)/$AT296,0)","=IFERROR(($AU296-D296)/$AU296,0)",=$AU296-D296
Studio Condo w/ Fireplace & Pool | Near Gondola!,Leavetown,,18196,18308,404.36,34.09,180,,1,3,false,false,false,true,true,false,true,Home/Apartment,Serviced apartment,Apt/Condo/Loft,0,0,1,21+,Luxury,false,0,true,45,26,2026-05-13,Frisco/Silverthorne,Keystone,Dillon,Colorado,80435,United States,mountains_lakes,https://www.airbnb.com/rooms/1562450542411506990,https://a0.muscache.com/im/pictures/prohost-api/Hosting-1562450542411506990/original/e3fd5bf3-b419-4a87-bd4b-936df5b48d86.jpeg,1562450542411506990,4968616,39.607349318,-105.9416478684,=AVERAGE($G$2:$G$439),=AVERAGE($D$2:$D$439),"=IFERROR(($AT297-G297)/$AT297,0)","=IFERROR(($AU297-D297)/$AU297,0)",=$AU297-D297
Settlers Creek #6526,Summit County Mountain Retreats,,18087,18097,296.51,53.98,150,2,2,6,false,false,true,true,true,false,true,Home/Apartment,Townhouse,Apt/Condo/Loft,4.65,3,2,21+,Luxury,false,250,false,61,15,2026-05-17,Frisco/Silverthorne,Keystone,Dillon,Colorado,80435,United States,mountains_lakes,https://www.airbnb.com/rooms/1579239588356460231,https://a0.muscache.com/im/pictures/prohost-api/Hosting-1579239588356460231/original/996c44aa-c415-4fc9-851f-ff47bf4b7d1c.jpeg,1579239588356460231,5006264,39.6046,-105.9282,=AVERAGE($G$2:$G$439),=AVERAGE($D$2:$D$439),"=IFERROR(($AT298-G298)/$AT298,0)","=IFERROR(($AU298-D298)/$AU298,0)",=$AU298-D298
Spacious 3-Bed Condo with Pool Views,Leavetown,,17918,89101,1194.53,22.06,68,3,2,8,false,true,true,true,false,false,true,Home/Apartment,Condominium (condo),Apt/Condo/Loft,2,1,2,21+,Luxury,false,0,true,15,4,2025-03-24,Frisco/Silverthorne,Keystone,Dillon,Colorado,80435,United States,mountains_lakes,https://www.airbnb.com/rooms/1224611173807703335,https://a0.muscache.com/im/pictures/prohost-api/Hosting-1224611173807703335/original/ed196a32-c56d-4c86-9114-ccb82e4b3f87.jpeg,1224611173807703335,,39.60582,-105.94122,=AVERAGE($G$2:$G$439),=AVERAGE($D$2:$D$439),"=IFERROR(($AT299-G299)/$AT299,0)","=IFERROR(($AU299-D299)/$AU299,0)",=$AU299-D299
Slope Side |Stunning Views |Hot Tub |Walk to Lifts,ITrip Vacations,,17812,18212,468.74,36.19,179,2,2,6,false,false,true,true,true,false,false,Home/Apartment,Condominium (condo),Apt/Condo/Loft,4,1,3,21+,Luxury,false,332,true,38,10,2026-04-13,Frisco/Silverthorne,Keystone,Dillon,Colorado,80435,United States,mountains_lakes,https://www.airbnb.com/rooms/1552353874948042932,https://a0.muscache.com/im/pictures/prohost-api/Hosting-1552353874948042932/original/cc34abe3-70fb-4f59-bd4b-ad024d8a10d0.jpeg,1552353874948042932,,39.6069,-105.9583,=AVERAGE($G$2:$G$439),=AVERAGE($D$2:$D$439),"=IFERROR(($AT300-G300)/$AT300,0)","=IFERROR(($AU300-D300)/$AU300,0)",=$AU300-D300
2br+murphy at the Springs~recently Renovated,RedAwning,,17784,21366,635.14,18.92,331,2,3,8,false,false,true,true,true,false,true,Home/Apartment,Condominium (condo),Apt/Condo/Loft,4.5,9,1,21+,Luxury,false,0,true,28,10,2025-10-02,Frisco/Silverthorne,Keystone,Dillon,Colorado,80435,United States,mountains_lakes,https://www.airbnb.com/rooms/21657902,https://a0.muscache.com/im/pictures/47f24d8c-72ce-4f62-8923-982545649775.jpg,21657902,1084462,39.606995,-105.940353,=AVERAGE($G$2:$G$439),=AVERAGE($D$2:$D$439),"=IFERROR(($AT301-G301)/$AT301,0)","=IFERROR(($AU301-D301)/$AU301,0)",=$AU301-D301
"Spacious, Renovated 3 Bedroom Townhome",Leavetown,,17597,28496,1035.12,11.11,325,3,3,8,false,false,false,true,false,false,true,Home/Apartment,Townhouse,Apt/Condo/Loft,4.6,9,2,21+,Luxury,false,84,true,17,7,2026-05-14,Frisco/Silverthorne,Keystone,Dillon,Colorado,80435,United States,mountains_lakes,https://www.airbnb.com/rooms/1371780886688117421,https://a0.muscache.com/im/pictures/prohost-api/Hosting-1371780886688117421/original/1c2c6517-d4f7-49e6-92f0-fe6e82df646f.jpeg,1371780886688117421,1448620,39.6078758634,-105.9432357697,=AVERAGE($G$2:$G$439),=AVERAGE($D$2:$D$439),"=IFERROR(($AT302-G302)/$AT302,0)","=IFERROR(($AU302-D302)/$AU302,0)",=$AU302-D302
Silver Mill 8184-1br-Walk to Slopes! Kids Ski Free,RedAwning,,17405,20180,280.73,26.5,329,1,1,4,false,false,true,true,true,false,true,Home/Apartment,Condominium (condo),Apt/Condo/Loft,1,1,1,21+,Luxury,false,0,true,62,26,2026-05-16,Frisco/Silverthorne,Keystone,Dillon,Colorado,80435,United States,mountains_lakes,https://www.airbnb.com/rooms/810365674616923832,https://a0.muscache.com/im/pictures/prohost-api/Hosting-810365674616923832/original/c3350090-da5a-42d7-9cb4-439f7b33c9d2.jpeg,810365674616923832,9781327ha,39.6075,-105.9429,=AVERAGE($G$2:$G$439),=AVERAGE($D$2:$D$439),"=IFERROR(($AT303-G303)/$AT303,0)","=IFERROR(($AU303-D303)/$AU303,0)",=$AU303-D303
Keystone CO | River Run Village Townhomes | 4 Bedr,Gondola Resorts,,17357,34457,1446.42,18.75,329,4,4,10,false,false,true,true,true,false,true,Home/Apartment,Townhouse,Apt/Condo/Loft,0,0,3,21+,Luxury,false,392,false,12,4,2025-03-19,Frisco/Silverthorne,Keystone,Dillon,Colorado,80435,United States,mountains_lakes,https://www.airbnb.com/rooms/910060245610251623,https://a0.muscache.com/im/pictures/prohost-api/Hosting-910060245610251623/original/74c1ce7a-b70f-40e2-8fc8-cbcc5a9701c0.jpeg,910060245610251623,1949075,39.607529,-105.946853,=AVERAGE($G$2:$G$439),=AVERAGE($D$2:$D$439),"=IFERROR(($AT304-G304)/$AT304,0)","=IFERROR(($AU304-D304)/$AU304,0)",=$AU304-D304
Roomy Soda Springs Condo with 3BR and Views,Leavetown,,16678,20605,758.09,14.38,329,3,2,8,false,false,false,true,false,false,true,Home/Apartment,Condominium (condo),Apt/Condo/Loft,0,0,2,21+,Luxury,false,0,true,22,9,2026-05-17,Frisco/Silverthorne,Keystone,Dillon,Colorado,80435,United States,mountains_lakes,https://www.airbnb.com/rooms/1224026123005091047,https://a0.muscache.com/im/pictures/prohost-api/Hosting-1224026123005091047/original/28b8d22e-6974-4b39-8a2c-f4f86e8b07cd.jpeg,1224026123005091047,4147903,39.60553,-105.97708,=AVERAGE($G$2:$G$439),=AVERAGE($D$2:$D$439),"=IFERROR(($AT305-G305)/$AT305,0)","=IFERROR(($AU305-D305)/$AU305,0)",=$AU305-D305
River Run Townhomes 3BR - Only 200yds to Gondola!,Gondola Resorts,,16652,49248,640.46,30.95,213,3,3,10,false,false,true,true,true,false,false,Home/Apartment,Townhouse,Apt/Condo/Loft,0,0,3,21+,Luxury,false,292,false,26,6,2025-06-09,Frisco/Silverthorne,Keystone,Dillon,Colorado,80435,United States,mountains_lakes,https://www.airbnb.com/rooms/1416077193389078436,https://a0.muscache.com/im/pictures/prohost-api/Hosting-1416077193389078436/original/b635d43c-84be-4366-88ad-8f40a7736486.jpeg,1416077193389078436,3443735,39.607375,-105.946553,=AVERAGE($G$2:$G$439),=AVERAGE($D$2:$D$439),"=IFERROR(($AT306-G306)/$AT306,0)","=IFERROR(($AU306-D306)/$AU306,0)",=$AU306-D306
Keystone CO | Gateway Lodge #5059 | Studio Condo,Gondola Resorts,,16469,16469,216.7,47.8,365,1,1,4,false,true,true,false,true,false,true,Home/Apartment,House,House/villa,0,0,3,21+,Luxury,false,140,false,76,8,2025-03-19,Frisco/Silverthorne,Keystone,Dillon,Colorado,80435,United States,mountains_lakes,https://www.airbnb.com/rooms/1216661793598720324,https://a0.muscache.com/im/pictures/prohost-api/Hosting-1216661793598720324/original/aa77e861-434b-4450-ba50-cd2397a3b541.jpeg,1216661793598720324,4165010,39.608761,-105.948782,=AVERAGE($G$2:$G$439),=AVERAGE($D$2:$D$439),"=IFERROR(($AT307-G307)/$AT307,0)","=IFERROR(($AU307-D307)/$AU307,0)",=$AU307-D307
"*Slope Views, Steps To Gondola, Heart Of Keystone*",11136215,,16258,16258,541.93,17.14,365,2,2,6,false,false,false,true,true,false,true,Home/Apartment,Condominium (condo),Apt/Condo/Loft,4.9,107,1,1,Luxury,false,197,false,30,10,2026-05-17,Frisco/Silverthorne,Keystone,Dillon,Colorado,80435,United States,mountains_lakes,https://www.airbnb.com/rooms/27963715,https://a0.muscache.com/im/pictures/218f7b5f-55d1-4288-a4a9-3bbd51ae81d2.jpg,27963715,,39.6072,-105.9444,=AVERAGE($G$2:$G$439),=AVERAGE($D$2:$D$439),"=IFERROR(($AT308-G308)/$AT308,0)","=IFERROR(($AU308-D308)/$AU308,0)",=$AU308-D308
2 Bedroom Apartment | Balcony and Stunning Views!,Leavetown,,16232,18182,438.7,20.56,353,2,2,6,false,true,false,true,false,false,false,Home/Apartment,Condominium (condo),Apt/Condo/Loft,5,1,1,21+,Luxury,false,0,true,37,14,2026-05-17,Frisco/Silverthorne,Keystone,Dillon,Colorado,80435,United States,mountains_lakes,https://www.airbnb.com/rooms/24083311,https://a0.muscache.com/im/pictures/a4b4be01-0d3d-43cd-b450-7a661a5acef3.jpg,24083311,2720027,39.60798,-105.95828,=AVERAGE($G$2:$G$439),=AVERAGE($D$2:$D$439),"=IFERROR(($AT309-G309)/$AT309,0)","=IFERROR(($AU309-D309)/$AU309,0)",=$AU309-D309
"Lakeside, Spacious, Modern 2br - Sleeps Up to 8",RedAwning,,16037,18805,553,23.02,149,2,2,8,false,false,false,true,true,false,false,Home/Apartment,Condominium (condo),Apt/Condo/Loft,5,2,1,21+,Luxury,false,0,true,29,12,2026-05-17,Frisco/Silverthorne,Keystone,Dillon,Colorado,80435,United States,mountains_lakes,https://www.airbnb.com/rooms/1302808672321563214,https://a0.muscache.com/im/pictures/prohost-api/Hosting-1302808672321563214/original/975e399c-028e-4561-a6a6-87abc4bb97af.jpeg,1302808672321563214,20081844ha,39.6057,-105.9682,=AVERAGE($G$2:$G$439),=AVERAGE($D$2:$D$439),"=IFERROR(($AT310-G310)/$AT310,0)","=IFERROR(($AU310-D310)/$AU310,0)",=$AU310-D310
2BR Alpine Stay | Near the Lifts + Pool & Balcony,Leavetown,,15651,17444,652.12,22.43,169,2,2,6,false,false,true,true,true,false,true,Home/Apartment,Condominium (condo),Apt/Condo/Loft,5,1,1,21+,Luxury,false,73,true,24,13,2026-05-13,Frisco/Silverthorne,Keystone,Dillon,Colorado,80435,United States,mountains_lakes,https://www.airbnb.com/rooms/1557998484662537470,https://a0.muscache.com/im/pictures/prohost-api/Hosting-1557998484662537470/original/1e137247-e8f5-47b2-98d1-5e72f0500f88.jpeg,1557998484662537470,4958097,39.60673,-105.94364,=AVERAGE($G$2:$G$439),=AVERAGE($D$2:$D$439),"=IFERROR(($AT311-G311)/$AT311,0)","=IFERROR(($AU311-D311)/$AU311,0)",=$AU311-D311
Luxury Streamside Log Home! Walk to the slopes!,SkyRun Vacation Rentals,,15649,15649,1203.77,19.4,185,4,4,10,false,false,true,true,true,false,false,Home/Apartment,House,House/villa,4.85,7,3,21+,Luxury,false,450,true,13,2,2025-08-06,Frisco/Silverthorne,Keystone,Dillon,Colorado,80435,United States,mountains_lakes,https://www.airbnb.com/rooms/19678665,https://a0.muscache.com/im/pictures/prohost-api/Hosting-19678665/original/05521aa3-fcae-49db-9f5a-4cbd64f14830.jpeg,19678665,4254246,39.60973,-105.94048,=AVERAGE($G$2:$G$439),=AVERAGE($D$2:$D$439),"=IFERROR(($AT312-G312)/$AT312,0)","=IFERROR(($AU312-D312)/$AU312,0)",=$AU312-D312
2BR Residence | Steps to Gondola + Pool & Hot Tubs,Leavetown,,15577,83324,1730.78,25,41,2,2,8,true,true,false,true,false,false,true,Home/Apartment,Condominium (condo),Apt/Condo/Loft,0,0,1,21+,Luxury,false,0,true,9,2,2026-05-11,Frisco/Silverthorne,Keystone,Dillon,Colorado,80435,United States,mountains_lakes,https://www.airbnb.com/rooms/1501494464636833579,https://a0.muscache.com/im/pictures/prohost-api/Hosting-1501494464636833579/original/c864a1f8-72e1-4f6f-b504-b861f8493109.jpeg,1501494464636833579,4793467,39.6065909163,-105.9426752739,=AVERAGE($G$2:$G$439),=AVERAGE($D$2:$D$439),"=IFERROR(($AT313-G313)/$AT313,0)","=IFERROR(($AU313-D313)/$AU313,0)",=$AU313-D313
Silver Mill 8200-1br-Walk to Slopes! Kids Ski Free,RedAwning,,15483,19110,407.45,19.39,316,1,1,4,false,false,true,true,true,false,true,Home/Apartment,Condominium (condo),Apt/Condo/Loft,0,0,1,21+,Luxury,false,0,true,38,18,2026-05-17,Frisco/Silverthorne,Keystone,Dillon,Colorado,80435,United States,mountains_lakes,https://www.airbnb.com/rooms/816172051765135474,https://a0.muscache.com/im/pictures/prohost-api/Hosting-816172051765135474/original/29424fd7-6f03-4af5-970d-6a7b68f9c755.jpeg,816172051765135474,9783183ha,39.6075,-105.9429,=AVERAGE($G$2:$G$439),=AVERAGE($D$2:$D$439),"=IFERROR(($AT314-G314)/$AT314,0)","=IFERROR(($AU314-D314)/$AU314,0)",=$AU314-D314
Spacious River Run Townhomes 3BR - 200yds to Lift,Gondola Resorts,,14668,26954,1629.78,19.57,338,3,2,8,false,false,true,true,true,false,true,Home/Apartment,Townhouse,Apt/Condo/Loft,0,0,3,21+,Luxury,false,292,false,9,2,2025-06-07,Frisco/Silverthorne,Keystone,Dillon,Colorado,80435,United States,mountains_lakes,https://www.airbnb.com/rooms/1414634762710000518,https://a0.muscache.com/im/pictures/prohost-api/Hosting-1414634762710000518/original/4c7c46fb-3f96-4028-a386-de27e3bd5b79.jpeg,1414634762710000518,1949064,39.607278,-105.946311,=AVERAGE($G$2:$G$439),=AVERAGE($D$2:$D$439),"=IFERROR(($AT315-G315)/$AT315,0)","=IFERROR(($AU315-D315)/$AU315,0)",=$AU315-D315
Slopeside Lone Eagle 2BR/2BA Condo - Ski-In/Out,Gondola Resorts,,14647,38319,976.47,32.61,329,2,2,6,false,true,true,true,true,false,true,Home/Apartment,Condominium (condo),Apt/Condo/Loft,0,0,3,21+,Luxury,false,183,false,15,3,2025-06-12,Frisco/Silverthorne,Keystone,Dillon,Colorado,80435,United States,mountains_lakes,https://www.airbnb.com/rooms/1392102985990356003,https://a0.muscache.com/im/pictures/prohost-api/Hosting-1392102985990356003/original/396d8f8d-d7c7-4264-8e57-8a1c4a5598f8.jpeg,1392102985990356003,1084445,39.604274,-105.94277,=AVERAGE($G$2:$G$439),=AVERAGE($D$2:$D$439),"=IFERROR(($AT316-G316)/$AT316,0)","=IFERROR(($AU316-D316)/$AU316,0)",=$AU316-D316
Keystone CO | Clearwater Lofts | 1 Bedroom,Gondola Resorts,,14561,14561,455.03,23.02,365,1,1,4,false,false,true,true,true,false,false,Home/Apartment,House,House/villa,0,0,3,21+,Luxury,false,140,false,32,9,2025-03-19,Frisco/Silverthorne,Keystone,Dillon,Colorado,80435,United States,mountains_lakes,https://www.airbnb.com/rooms/910057311613244971,https://a0.muscache.com/im/pictures/prohost-api/Hosting-910057311613244971/original/d3a54544-b274-4d7a-a47e-0d18a2efd781.jpeg,910057311613244971,3443544,39.606554,-105.962365,=AVERAGE($G$2:$G$439),=AVERAGE($D$2:$D$439),"=IFERROR(($AT317-G317)/$AT317,0)","=IFERROR(($AU317-D317)/$AU317,0)",=$AU317-D317
"River Run, Walk to Gondola",583725925,,14526,15934,605.25,20.87,206,2,2,7,false,false,true,true,true,false,true,Home/Apartment,Apartment,Apt/Condo/Loft,5,7,4,1,Luxury,false,78,false,24,8,2026-05-14,Frisco/Silverthorne,Keystone,Dillon,Colorado,80435,United States,mountains_lakes,https://www.airbnb.com/rooms/1263027291915916228,https://a0.muscache.com/im/pictures/miso/Hosting-1263027291915916228/original/b17b30a9-41e4-4e9e-9e00-b0342a26408a.jpeg,1263027291915916228,4902030,39.6074,-105.9451,=AVERAGE($G$2:$G$439),=AVERAGE($D$2:$D$439),"=IFERROR(($AT318-G318)/$AT318,0)","=IFERROR(($AU318-D318)/$AU318,0)",=$AU318-D318
Keystone CO | Trappers Crossing Condominiums | 1 B,Gondola Resorts,,14265,31109,279.71,30.36,305,1,1,4,false,false,true,true,false,false,true,Home/Apartment,House,House/villa,0,0,3,21+,Luxury,false,140,false,51,9,2025-03-19,Frisco/Silverthorne,Keystone,Dillon,Colorado,80435,United States,mountains_lakes,https://www.airbnb.com/rooms/49563975,https://a0.muscache.com/im/pictures/prohost-api/Hosting-49563975/original/a04006d1-e3f9-4fe3-bbc0-66d77dbfe5b7.jpeg,49563975,4164774,39.607855,-105.926833,=AVERAGE($G$2:$G$439),=AVERAGE($D$2:$D$439),"=IFERROR(($AT319-G319)/$AT319,0)","=IFERROR(($AU319-D319)/$AU319,0)",=$AU319-D319
Cozy Red Hawk Lodge 2BR Condo in River Run Village,Gondola Resorts,,14235,19792,547.5,19.85,307,2,2,6,false,true,true,true,true,false,true,Home/Apartment,Condominium (condo),Apt/Condo/Loft,0,0,2,21+,Luxury,false,183,false,26,6,2025-06-12,Frisco/Silverthorne,Keystone,Dillon,Colorado,80435,United States,mountains_lakes,https://www.airbnb.com/rooms/1415379608912512383,https://a0.muscache.com/im/pictures/prohost-api/Hosting-1415379608912512383/original/512cbb00-b0ea-43ec-b6f0-e93cb5901d24.jpeg,1415379608912512383,1623440,39.606884,-105.939621,=AVERAGE($G$2:$G$439),=AVERAGE($D$2:$D$439),"=IFERROR(($AT320-G320)/$AT320,0)","=IFERROR(($AU320-D320)/$AU320,0)",=$AU320-D320
Large 3br Condo ~ Argentine 1517~kids Ski Free,RedAwning,,14155,100833,786.39,42.86,50,3,2,10,false,false,false,true,true,false,false,Home/Apartment,Condominium (condo),Apt/Condo/Loft,0,0,1,21+,Luxury,false,0,true,18,8,2025-07-25,Frisco/Silverthorne,Keystone,Dillon,Colorado,80435,United States,mountains_lakes,https://www.airbnb.com/rooms/1267039463784239924,https://a0.muscache.com/im/pictures/prohost-api/Hosting-1267039463784239924/original/7d935764-6a22-4c8d-8be4-7737a02cc635.jpeg,1267039463784239924,20061709ha,39.6063,-105.9683,=AVERAGE($G$2:$G$439),=AVERAGE($D$2:$D$439),"=IFERROR(($AT321-G321)/$AT321,0)","=IFERROR(($AU321-D321)/$AU321,0)",=$AU321-D321
Keystone CO | The Springs | 1 Bedroom,Gondola Resorts,,13799,14114,492.82,23.14,361,1,1,4,false,true,true,true,true,false,true,Home/Apartment,House,House/villa,3,1,3,21+,Luxury,false,140,false,28,9,2025-03-19,Frisco/Silverthorne,Keystone,Dillon,Colorado,80435,United States,mountains_lakes,https://www.airbnb.com/rooms/38669992,https://a0.muscache.com/im/pictures/prohost-api/Hosting-38669992/original/3b245c27-702e-4892-8ab1-ee3749686686.jpeg,38669992,4164602,39.606854,-105.940319,=AVERAGE($G$2:$G$439),=AVERAGE($D$2:$D$439),"=IFERROR(($AT322-G322)/$AT322,0)","=IFERROR(($AU322-D322)/$AU322,0)",=$AU322-D322
Mountain Condo with a Loft,Leavetown,,13791,16660,383.08,18.37,323,2,2,8,false,false,false,true,false,false,true,Home/Apartment,Condominium (condo),Apt/Condo/Loft,0,0,1,21+,Luxury,false,0,true,36,15,2026-05-17,Frisco/Silverthorne,Keystone,Dillon,Colorado,80435,United States,mountains_lakes,https://www.airbnb.com/rooms/1052276152462969485,https://a0.muscache.com/im/pictures/prohost-api/Hosting-1052276152462969485/original/b5e03029-c5c4-4b18-b3c2-d348820ed582.jpeg,1052276152462969485,,39.60614,-105.97807,=AVERAGE($G$2:$G$439),=AVERAGE($D$2:$D$439),"=IFERROR(($AT323-G323)/$AT323,0)","=IFERROR(($AU323-D323)/$AU323,0)",=$AU323-D323
"Big 2bd/2ba 5 beds, free parking, close to ski lift, New to VRBO, 4.85 *rating",,,13743,20154,549.72,52.08,279,2,2,8,false,false,true,true,true,false,true,Home/Apartment,Condominium (condo),Apt/Condo/Loft,5,2,2,1,Luxury,false,184,true,25,9,2026-02-01,Frisco/Silverthorne,Keystone,Dillon,Colorado,80435,United States,mountains_lakes,https://www.vrbo.com/2580816,https://media.vrbo.com/lodging/74000000/73660000/73650800/73650710/5451709c.jpg?impolicy=resizecrop&rw=1200&ra=fit,,2580816,39.60693,-105.96434,=AVERAGE($G$2:$G$439),=AVERAGE($D$2:$D$439),"=IFERROR(($AT324-G324)/$AT324,0)","=IFERROR(($AU324-D324)/$AU324,0)",=$AU324-D324
"Updated Walk to Lifts River Run Condo, Sleeps 6",SummitCove,,13728,26438,490.29,44.44,95,1,1,6,false,true,false,true,true,false,true,Home/Apartment,Condominium (condo),Apt/Condo/Loft,4.9,24,2,21+,Luxury,true,162,true,28,10,2026-05-16,Frisco/Silverthorne,Keystone,Dillon,Colorado,80435,United States,mountains_lakes,https://www.airbnb.com/rooms/53936181,https://a0.muscache.com/im/pictures/prohost-api/Hosting-53936181/original/3cdfdcce-9f4c-4b0f-903c-1b1b00b40e4d.jpeg,53936181,2591743,39.60716,-105.94456,=AVERAGE($G$2:$G$439),=AVERAGE($D$2:$D$439),"=IFERROR(($AT325-G325)/$AT325,0)","=IFERROR(($AU325-D325)/$AU325,0)",=$AU325-D325
Cozy Studio Condo w/ Fireplace & GREAT Amenities!,Leavetown,,13179,14166,274.56,47.06,121,,1,2,false,false,false,true,false,false,true,Home/Apartment,Serviced apartment,Apt/Condo/Loft,0,0,1,21+,Luxury,false,24,false,48,24,2026-05-16,Frisco/Silverthorne,Keystone,Dillon,Colorado,80435,United States,mountains_lakes,https://www.airbnb.com/rooms/1578293693047019751,https://a0.muscache.com/im/pictures/prohost-api/Hosting-1578293693047019751/original/d2b9030f-9f40-4016-b4fd-bc01497c2680.jpeg,1578293693047019751,5004565,39.6081855705,-105.9753606115,=AVERAGE($G$2:$G$439),=AVERAGE($D$2:$D$439),"=IFERROR(($AT326-G326)/$AT326,0)","=IFERROR(($AU326-D326)/$AU326,0)",=$AU326-D326
Keystone CO | Jackpine Lodge | 2 Bedroom,Gondola Resorts,,13169,16334,877.93,18.52,355,2,2,6,false,true,true,true,true,false,true,Home/Apartment,House,House/villa,5,1,3,21+,Luxury,false,183,false,15,5,2025-03-19,Frisco/Silverthorne,Keystone,Dillon,Colorado,80435,United States,mountains_lakes,https://www.airbnb.com/rooms/46008587,https://a0.muscache.com/im/pictures/prohost-api/Hosting-46008587/original/2af9460a-7f1a-4677-89e3-75879479b8de.jpeg,46008587,4164844,39.606728,-105.942389,=AVERAGE($G$2:$G$439),=AVERAGE($D$2:$D$439),"=IFERROR(($AT327-G327)/$AT327,0)","=IFERROR(($AU327-D327)/$AU327,0)",=$AU327-D327
3 Bedroom Condo Near the Lake,Leavetown,,12750,13663,796.88,14.16,323,3,2,8,false,false,false,true,false,false,true,Home/Apartment,Condominium (condo),Apt/Condo/Loft,0,0,2,21+,Luxury,false,0,true,16,8,2026-05-14,Frisco/Silverthorne,Keystone,Dillon,Colorado,80435,United States,mountains_lakes,https://www.airbnb.com/rooms/1371783881393749070,https://a0.muscache.com/im/pictures/prohost-api/Hosting-1371783881393749070/original/8a448d09-e0b5-44cb-817e-99236ef640aa.jpeg,1371783881393749070,1448567,39.6064072496,-105.9682550417,=AVERAGE($G$2:$G$439),=AVERAGE($D$2:$D$439),"=IFERROR(($AT328-G328)/$AT328,0)","=IFERROR(($AU328-D328)/$AU328,0)",=$AU328-D328
Ski-in/Ski-out Mountain Condo | Free Parking,Leavetown,,12678,33088,1584.75,11.43,316,3,3,8,false,true,false,true,false,false,true,Home/Apartment,Condominium (condo),Apt/Condo/Loft,4,1,2,21+,Luxury,false,370,true,8,4,2026-05-14,Frisco/Silverthorne,Keystone,Dillon,Colorado,80435,United States,mountains_lakes,https://www.airbnb.com/rooms/759766202595634272,https://a0.muscache.com/im/pictures/prohost-api/Hosting-759766202595634272/original/c3e91b13-04b8-4c83-ad7a-96f8067508b9.jpeg,759766202595634272,3110700,39.60554,-105.94202,=AVERAGE($G$2:$G$439),=AVERAGE($D$2:$D$439),"=IFERROR(($AT329-G329)/$AT329,0)","=IFERROR(($AU329-D329)/$AU329,0)",=$AU329-D329
"3BD Silver Mill condo 100yds to gondola w/ pool, hot tubs, gym & sauna!",Gondola Resorts,,12448,30392,1556,15.09,292,3,3,8,false,true,true,true,true,false,true,Home/Apartment,Condominium (condo),Apt/Condo/Loft,0,0,3,21+,Luxury,false,267,false,8,2,2026-05-04,Frisco/Silverthorne,Keystone,Dillon,Colorado,80435,United States,mountains_lakes,https://www.vrbo.com/4164731,https://media.vrbo.com/lodging/109000000/108290000/108285900/108285816/3ab0c462.jpg?impolicy=resizecrop&rw=1200&ra=fit,,4164731,39.60754,-105.94291,=AVERAGE($G$2:$G$439),=AVERAGE($D$2:$D$439),"=IFERROR(($AT330-G330)/$AT330,0)","=IFERROR(($AU330-D330)/$AU330,0)",=$AU330-D330
Keystone CO | River Run Village Condos | 1 Bedroom,Gondola Resorts,,12313,12630,492.52,25.77,363,1,1,4,false,true,true,true,true,false,true,Home/Apartment,House,House/villa,5,1,3,21+,Luxury,false,145,false,25,7,2025-03-19,Frisco/Silverthorne,Keystone,Dillon,Colorado,80435,United States,mountains_lakes,https://www.airbnb.com/rooms/910057377788217573,https://a0.muscache.com/im/pictures/prohost-api/Hosting-910057377788217573/original/b35bd29e-ba5e-4544-a699-460041d71a32.jpeg,910057377788217573,1646571,39.60719,-105.942915,=AVERAGE($G$2:$G$439),=AVERAGE($D$2:$D$439),"=IFERROR(($AT331-G331)/$AT331,0)","=IFERROR(($AU331-D331)/$AU331,0)",=$AU331-D331
Keystone CO | River Run Village Condos | 2 Bedroom,Gondola Resorts,,12028,13523,633.05,20.21,361,2,2,6,false,true,true,true,true,false,true,Home/Apartment,House,House/villa,4.5,2,3,21+,Luxury,false,190,false,19,6,2025-03-19,Frisco/Silverthorne,Keystone,Dillon,Colorado,80435,United States,mountains_lakes,https://www.airbnb.com/rooms/910058791713786976,https://a0.muscache.com/im/pictures/prohost-api/Hosting-910058791713786976/original/bf58557d-652b-4327-8337-f1328c59d20f.jpeg,910058791713786976,3446043,39.605768,-105.94137,=AVERAGE($G$2:$G$439),=AVERAGE($D$2:$D$439),"=IFERROR(($AT332-G332)/$AT332,0)","=IFERROR(($AU332-D332)/$AU332,0)",=$AU332-D332
East Keystone Luxury 3BR Townhome - Along Shuttle!,Gondola Resorts,,11970,11970,1330,14.29,124,3,3,10,false,false,true,true,true,false,false,Home/Apartment,Townhouse,Apt/Condo/Loft,0,0,3,21+,Luxury,false,292,false,9,2,2025-06-07,Frisco/Silverthorne,Keystone,Dillon,Colorado,80435,United States,mountains_lakes,https://www.airbnb.com/rooms/1415325701562445859,https://a0.muscache.com/im/pictures/prohost-api/Hosting-1415325701562445859/original/01542c0f-85d1-4d59-9da9-cdc98e387d08.jpeg,1415325701562445859,4164950,39.604549,-105.932457,=AVERAGE($G$2:$G$439),=AVERAGE($D$2:$D$439),"=IFERROR(($AT333-G333)/$AT333,0)","=IFERROR(($AU333-D333)/$AU333,0)",=$AU333-D333
"Updated, Modern 2BR Pines Lodge Condo in Keystone",Gondola Resorts,,11508,13608,822,20.59,118,2,2,7,false,false,true,true,true,false,true,Home/Apartment,Condominium (condo),Apt/Condo/Loft,0,0,2,21+,Luxury,false,183,false,14,2,2025-06-11,Frisco/Silverthorne,Keystone,Dillon,Colorado,80435,United States,mountains_lakes,https://www.airbnb.com/rooms/1415365432531496288,https://a0.muscache.com/im/pictures/prohost-api/Hosting-1415365432531496288/original/d37e2fc2-6e88-4b96-a0c3-5816073b6c85.jpeg,1415365432531496288,4164955,39.604379,-105.978572,=AVERAGE($G$2:$G$439),=AVERAGE($D$2:$D$439),"=IFERROR(($AT334-G334)/$AT334,0)","=IFERROR(($AU334-D334)/$AU334,0)",=$AU334-D334
4 Br Decatur 1779-Minutes to Conf Center & Slopes!,RedAwning,,11490,17008,718.12,18.82,298,3,3,8,false,false,true,true,true,false,true,Home/Apartment,Condominium (condo),Apt/Condo/Loft,5,2,2,21+,Luxury,false,422,true,16,4,2026-05-13,Frisco/Silverthorne,Keystone,Dillon,Colorado,80435,United States,mountains_lakes,https://www.airbnb.com/rooms/41750050,https://a0.muscache.com/im/pictures/d2984f66-522c-4ba9-92d3-06e8c5c4f6f0.jpg,41750050,4372462ha,39.607,-105.9643,=AVERAGE($G$2:$G$439),=AVERAGE($D$2:$D$439),"=IFERROR(($AT335-G335)/$AT335,0)","=IFERROR(($AU335-D335)/$AU335,0)",=$AU335-D335
Condo W. Mountain and Lake Views/Clubhouse Access!,SkyRun Vacation Rentals,,11464,12136,272.95,33.87,184,,,4,false,false,true,true,true,false,true,Home/Apartment,Condominium (condo),Apt/Condo/Loft,4.85,7,2,21+,Luxury,true,196,true,42,12,2026-05-14,Frisco/Silverthorne,Keystone,Dillon,Colorado,80435,United States,mountains_lakes,https://www.airbnb.com/rooms/1252281887760141721,https://a0.muscache.com/im/pictures/prohost-api/Hosting-1252281887760141721/original/c4488947-640a-450a-a53d-d7c0e037fbf5.jpeg,1252281887760141721,4205339,39.6069,-105.965,=AVERAGE($G$2:$G$439),=AVERAGE($D$2:$D$439),"=IFERROR(($AT336-G336)/$AT336,0)","=IFERROR(($AU336-D336)/$AU336,0)",=$AU336-D336
Keystone CO | Clearwater Lofts | 3 Bedroom,Gondola Resorts,,10401,11314,742.93,22.58,329,3,3,8,false,false,true,true,true,false,false,Home/Apartment,House,House/villa,0,0,3,21+,Luxury,false,292,false,14,5,2025-03-19,Frisco/Silverthorne,Keystone,Dillon,Colorado,80435,United States,mountains_lakes,https://www.airbnb.com/rooms/910057365525199954,https://a0.muscache.com/im/pictures/prohost-api/Hosting-910057365525199954/original/7d07ad62-262b-46f9-b109-9698e4565008.jpeg,910057365525199954,3445890,39.60655,-105.96237,=AVERAGE($G$2:$G$439),=AVERAGE($D$2:$D$439),"=IFERROR(($AT337-G337)/$AT337,0)","=IFERROR(($AU337-D337)/$AU337,0)",=$AU337-D337
Alpine Condo | Fantastic Mountain Adventure,Leavetown,,10242,12066,353.17,13.68,283,1,1,4,false,true,true,true,false,false,false,Home/Apartment,Condominium (condo),Apt/Condo/Loft,4,1,2,21+,Luxury,false,0,true,29,14,2025-03-07,Frisco/Silverthorne,Keystone,Dillon,Colorado,80435,United States,mountains_lakes,https://www.airbnb.com/rooms/23806210,https://a0.muscache.com/im/pictures/878a8bb3-5996-4404-ba7f-64c76365794e.jpg,23806210,4048950,39.60704,-105.94356,=AVERAGE($G$2:$G$439),=AVERAGE($D$2:$D$439),"=IFERROR(($AT338-G338)/$AT338,0)","=IFERROR(($AU338-D338)/$AU338,0)",=$AU338-D338
Keystone CO | Halcyon Mountain Chalet | 6 Bedroom,Gondola Resorts,,10212,19147,2553,25,16,6,6,15,false,false,true,true,true,false,false,Home/Apartment,House,House/villa,0,0,1,21+,Luxury,false,579,false,4,1,2024-12-27,Frisco/Silverthorne,Keystone,Dillon,Colorado,80435,United States,mountains_lakes,https://www.vrbo.com/4164894,https://images.trvl-media.com/lodging/109000000/108290000/108287100/108287040/a43b3bb1.jpg?impolicy=resizecrop&rw=1200&ra=fit,,4164894,39.597735,-105.986903,=AVERAGE($G$2:$G$439),=AVERAGE($D$2:$D$439),"=IFERROR(($AT339-G339)/$AT339,0)","=IFERROR(($AU339-D339)/$AU339,0)",=$AU339-D339
Spacious 4BR in Keystone | Pool & Hot Tub Access,Leavetown,,10119,15858,595.24,17.53,310,4,2,10,false,true,true,true,true,false,true,Home/Apartment,Townhouse,Apt/Condo/Loft,0,0,2,21+,Luxury,false,0,true,17,8,2025-03-07,Frisco/Silverthorne,Keystone,Dillon,Colorado,80435,United States,mountains_lakes,https://www.airbnb.com/rooms/892984649776245099,https://a0.muscache.com/im/pictures/prohost-api/Hosting-892984649776245099/original/1a2391c2-577f-4bd2-b47a-e8f4e63b8346.jpeg,892984649776245099,4151437,39.60578,-105.97653,=AVERAGE($G$2:$G$439),=AVERAGE($D$2:$D$439),"=IFERROR(($AT340-G340)/$AT340,0)","=IFERROR(($AU340-D340)/$AU340,0)",=$AU340-D340
"Ski-in/Ski-out, Winter Gem, Pool/Hot Tub",SummitCove,,10038,10427,528.32,28.36,101,3,3,8,false,true,false,true,true,false,true,Home/Apartment,Condominium (condo),Apt/Condo/Loft,5,2,3,21+,Luxury,true,350,true,19,6,2025-10-06,Frisco/Silverthorne,Keystone,Dillon,Colorado,80435,United States,mountains_lakes,https://www.airbnb.com/rooms/1025498945703201888,https://a0.muscache.com/im/pictures/prohost-api/Hosting-1025498945703201888/original/5dd92739-0bb0-41b5-825a-9178222d490b.jpeg,1025498945703201888,3714093,39.60439867,-105.94358683,=AVERAGE($G$2:$G$439),=AVERAGE($D$2:$D$439),"=IFERROR(($AT341-G341)/$AT341,0)","=IFERROR(($AU341-D341)/$AU341,0)",=$AU341-D341
Cozy 2  Bedroom Keystone Townhouse Minutes From Lifts ,,,9823,13716,701.64,14.29,353,2,2,4,false,false,true,true,true,false,false,Home/Apartment,House,House/villa,5,7,3,1,Luxury,false,174,false,14,5,2026-05-16,Frisco/Silverthorne,Keystone,Dillon,Colorado,80435,United States,mountains_lakes,https://www.vrbo.com/3526546,https://media.vrbo.com/lodging/97000000/96320000/96314500/96314402/1c171ddb.jpg?impolicy=resizecrop&rw=1200&ra=fit,,3526546,39.606363,-105.930285,=AVERAGE($G$2:$G$439),=AVERAGE($D$2:$D$439),"=IFERROR(($AT342-G342)/$AT342,0)","=IFERROR(($AU342-D342)/$AU342,0)",=$AU342-D342
"Cozy 1BR condo at Springs - walk to gondola w/ pool, hot tubs, firepit & more!",Gondola Resorts,,9619,9972,565.82,16.83,362,1,1,4,false,true,true,true,true,false,true,Home/Apartment,Condominium (condo),Apt/Condo/Loft,4,1,2,21+,Luxury,false,129,false,17,6,2026-05-15,Frisco/Silverthorne,Keystone,Dillon,Colorado,80435,United States,mountains_lakes,https://www.vrbo.com/3497713,https://media.vrbo.com/lodging/96000000/95930000/95924600/95924545/d32f053c.jpg?impolicy=resizecrop&rw=1200&ra=fit,,3497713,39.606966,-105.940341,=AVERAGE($G$2:$G$439),=AVERAGE($D$2:$D$439),"=IFERROR(($AT343-G343)/$AT343,0)","=IFERROR(($AU343-D343)/$AU343,0)",=$AU343-D343
"Beautiful Condo, Close Gondola, Village",SummitCove,,9565,37708,434.77,44.9,97,2,2,6,false,true,true,true,true,false,true,Home/Apartment,Condominium (condo),Apt/Condo/Loft,4.5,32,2,21+,Luxury,true,193,true,22,6,2025-11-06,Frisco/Silverthorne,Keystone,Dillon,Colorado,80435,United States,mountains_lakes,https://www.airbnb.com/rooms/1026898320303861767,https://a0.muscache.com/im/pictures/prohost-api/Hosting-1026898320303861767/original/93e70632-42a6-484f-9a30-edc872b72ac4.jpeg,1026898320303861767,222793,39.606527,-105.942085,=AVERAGE($G$2:$G$439),=AVERAGE($D$2:$D$439),"=IFERROR(($AT344-G344)/$AT344,0)","=IFERROR(($AU344-D344)/$AU344,0)",=$AU344-D344
"Settlers Creek 3 Bed, 3 Bath Townhome, Free Shuttle to lifts, Free WiFi & VIEWS!",,,9300,14614,775,18.18,358,3,3,6,false,false,true,true,true,false,true,Home/Apartment,House,House/villa,5,22,3,1,Luxury,false,275,false,12,3,2026-05-17,Frisco/Silverthorne,Keystone,Dillon,Colorado,80435,United States,mountains_lakes,https://www.vrbo.com/4758413ha,https://media.vrbo.com/lodging/34000000/33560000/33559300/33559257/w1125h739x0y4-1a170223.jpg?impolicy=resizecrop&rw=1200&ra=fit,,4758413ha,39.60405,-105.92837,=AVERAGE($G$2:$G$439),=AVERAGE($D$2:$D$439),"=IFERROR(($AT345-G345)/$AT345,0)","=IFERROR(($AU345-D345)/$AU345,0)",=$AU345-D345
Keystone CO | Red Hawk Lodge #2286 | 1 Bedroom,Gondola Resorts,,9130,10280,570.62,11.59,359,1,2,4,false,true,true,true,true,false,true,Home/Apartment,House,House/villa,0,0,3,21+,Luxury,false,145,false,16,5,2025-03-19,Frisco/Silverthorne,Keystone,Dillon,Colorado,80435,United States,mountains_lakes,https://www.airbnb.com/rooms/33585331,https://a0.muscache.com/im/pictures/prohost-api/Hosting-33585331/original/bf034571-5a9b-4702-8bf5-da0cfe02ef09.jpeg,33585331,1623481,39.606325,-105.939471,=AVERAGE($G$2:$G$439),=AVERAGE($D$2:$D$439),"=IFERROR(($AT346-G346)/$AT346,0)","=IFERROR(($AU346-D346)/$AU346,0)",=$AU346-D346
Keystone CO | The Springs | 3 Bedroom,Gondola Resorts,,8945,18387,1789,15.62,344,3,3,8,false,true,true,true,true,false,true,Home/Apartment,House,House/villa,0,0,3,21+,Luxury,false,302,false,5,2,2025-03-19,Frisco/Silverthorne,Keystone,Dillon,Colorado,80435,United States,mountains_lakes,https://www.airbnb.com/rooms/579078449193259403,https://a0.muscache.com/im/pictures/prohost-api/Hosting-579078449193259403/original/42518cda-46e6-4253-a04e-1a9438b2db04.jpeg,579078449193259403,4164767,39.606955,-105.940337,=AVERAGE($G$2:$G$439),=AVERAGE($D$2:$D$439),"=IFERROR(($AT347-G347)/$AT347,0)","=IFERROR(($AU347-D347)/$AU347,0)",=$AU347-D347
"Cozy 1BR Retreat | Fireplace, Ski Valet & Views",Leavetown,,8742,33545,1457,18.18,39,1,2,4,true,true,false,true,false,false,true,Home/Apartment,Condominium (condo),Apt/Condo/Loft,0,0,1,21+,Luxury,false,0,true,6,1,2026-05-11,Frisco/Silverthorne,Keystone,Dillon,Colorado,80435,United States,mountains_lakes,https://www.airbnb.com/rooms/1501494124688617722,https://a0.muscache.com/im/pictures/prohost-api/Hosting-1501494124688617722/original/de429f9a-8350-4032-b845-80b9e1571002.jpeg,1501494124688617722,,39.6066892094,-105.9413713842,=AVERAGE($G$2:$G$439),=AVERAGE($D$2:$D$439),"=IFERROR(($AT348-G348)/$AT348,0)","=IFERROR(($AU348-D348)/$AU348,0)",=$AU348-D348
Keystone CO | The Springs #8888 | 3 Bedroom,Gondola Resorts,,8701,8701,1740.2,13.51,37,3,2,8,false,true,true,true,true,false,true,Home/Apartment,House,House/villa,4,1,3,21+,Luxury,false,292,false,5,1,2025-03-19,Frisco/Silverthorne,Keystone,Dillon,Colorado,80435,United States,mountains_lakes,https://www.airbnb.com/rooms/33217587,https://a0.muscache.com/im/pictures/prohost-api/Hosting-33217587/original/3ab58a7d-b461-43d9-9364-9fe645a525ac.jpeg,33217587,4164611,39.607093,-105.940743,=AVERAGE($G$2:$G$439),=AVERAGE($D$2:$D$439),"=IFERROR(($AT349-G349)/$AT349,0)","=IFERROR(($AU349-D349)/$AU349,0)",=$AU349-D349
Comfortable and Cozy 3 Bedroom Townhome,Leavetown,,8640,8666,720,9.52,350,3,2,8,false,true,true,true,false,false,true,Home/Apartment,Townhouse,Apt/Condo/Loft,0,0,2,21+,Luxury,false,0,true,12,5,2025-04-16,Frisco/Silverthorne,Keystone,Dillon,Colorado,80435,United States,mountains_lakes,https://www.airbnb.com/rooms/1176965268307974852,https://a0.muscache.com/im/pictures/prohost-api/Hosting-1176965268307974852/original/6d1267c7-263e-40f7-ba94-a3bdce1ab3d7.jpeg,1176965268307974852,4147902,39.60341,-105.97083,=AVERAGE($G$2:$G$439),=AVERAGE($D$2:$D$439),"=IFERROR(($AT350-G350)/$AT350,0)","=IFERROR(($AU350-D350)/$AU350,0)",=$AU350-D350
"Modern Condo, Walk to Slopes and Village",SummitCove,,8469,9948,264.66,47.76,80,2,2,6,false,false,true,true,true,false,true,Home/Apartment,Condominium (condo),Apt/Condo/Loft,4.9,12,2,21+,Luxury,true,178,true,32,9,2025-08-17,Frisco/Silverthorne,Keystone,Dillon,Colorado,80435,United States,mountains_lakes,https://www.airbnb.com/rooms/50188040,https://a0.muscache.com/im/pictures/prohost-api/Hosting-50188040/original/9beb0816-23fd-4ce5-8004-08be4516b7ae.jpeg,50188040,2338339,39.607132,-105.944176,=AVERAGE($G$2:$G$439),=AVERAGE($D$2:$D$439),"=IFERROR(($AT351-G351)/$AT351,0)","=IFERROR(($AU351-D351)/$AU351,0)",=$AU351-D351
"2BR Condo Near Gondola | Balcony, Pool & Kitchen",Leavetown,,8399,12511,599.93,16.28,162,2,2,6,false,false,false,true,true,false,true,Home/Apartment,Condominium (condo),Apt/Condo/Loft,0,0,1,21+,Luxury,false,0,true,14,10,2026-05-13,Frisco/Silverthorne,Keystone,Dillon,Colorado,80435,United States,mountains_lakes,https://www.airbnb.com/rooms/1562450312456518358,https://a0.muscache.com/im/pictures/prohost-api/Hosting-1562450312456518358/original/671b9a76-c33f-4c10-964a-e16ff46392a4.jpeg,1562450312456518358,4968615,39.6057211826,-105.942189098,=AVERAGE($G$2:$G$439),=AVERAGE($D$2:$D$439),"=IFERROR(($AT352-G352)/$AT352,0)","=IFERROR(($AU352-D352)/$AU352,0)",=$AU352-D352
3 Bedroom Condo Near the Lake,Leavetown,,8309,9047,830.9,10.64,145,3,2,8,false,false,true,true,false,false,true,Home/Apartment,Condominium (condo),Apt/Condo/Loft,0,0,2,21+,Luxury,false,0,true,10,5,2025-03-07,Frisco/Silverthorne,Keystone,Dillon,Colorado,80435,United States,mountains_lakes,https://www.airbnb.com/rooms/23787387,https://a0.muscache.com/im/pictures/25e2af5e-a40b-4b47-b899-b094640d5835.jpg,23787387,4986263,39.60691,-105.96911,=AVERAGE($G$2:$G$439),=AVERAGE($D$2:$D$439),"=IFERROR(($AT353-G353)/$AT353,0)","=IFERROR(($AU353-D353)/$AU353,0)",=$AU353-D353
Keystone CO | River Run Village Condos | 1 Bedroom,Gondola Resorts,,8180,8991,371.82,12.72,355,1,1,4,false,true,true,true,true,false,true,Home/Apartment,House,House/villa,4.35,3,3,21+,Luxury,false,145,false,22,8,2025-03-19,Frisco/Silverthorne,Keystone,Dillon,Colorado,80435,United States,mountains_lakes,https://www.airbnb.com/rooms/16273155,https://a0.muscache.com/im/pictures/prohost-api/Hosting-16273155/original/4d7d8594-85bd-49a1-8fb1-3db39a852b24.jpeg,16273155,4164574,39.607729,-105.943669,=AVERAGE($G$2:$G$439),=AVERAGE($D$2:$D$439),"=IFERROR(($AT354-G354)/$AT354,0)","=IFERROR(($AU354-D354)/$AU354,0)",=$AU354-D354
Stay & Kids Ski Free! 2Br Condo Near River Run. No Clean Fee,RedAwning,,8130,10901,406.5,25,349,2,2,6,false,true,true,true,false,false,true,Home/Apartment,Condominium (condo),Apt/Condo/Loft,0,0,1,21+,Luxury,false,30,true,20,4,2018-02-13,Frisco/Silverthorne,Keystone,Dillon,Colorado,80435,United States,mountains_lakes,https://www.airbnb.com/rooms/20391610,https://a0.muscache.com/im/pictures/a0d29333-4a1c-4f1a-a5f4-9dfbbebe2aa8.jpg?aki_policy=x_large,20391610,4165014,39.6096154598,-105.9475953067,=AVERAGE($G$2:$G$439),=AVERAGE($D$2:$D$439),"=IFERROR(($AT355-G355)/$AT355,0)","=IFERROR(($AU355-D355)/$AU355,0)",=$AU355-D355
Spacious 4BR Ski Tip townhome near the slopes with mountain views and hot tubs!,Gondola Resorts,,7986,15304,798.6,18.87,308,4,3,10,false,false,true,true,true,false,true,Home/Apartment,House,House/villa,0,0,3,21+,Luxury,false,346,false,10,2,2026-02-03,Frisco/Silverthorne,Keystone,Dillon,Colorado,80435,United States,mountains_lakes,https://www.vrbo.com/2598783,https://media.vrbo.com/lodging/75000000/74150000/74141200/74141121/f8b1eb15.jpg?impolicy=resizecrop&rw=1200&ra=fit,,2598783,39.60312,-105.97187,=AVERAGE($G$2:$G$439),=AVERAGE($D$2:$D$439),"=IFERROR(($AT356-G356)/$AT356,0)","=IFERROR(($AU356-D356)/$AU356,0)",=$AU356-D356
Gorgeous East Keystone 3BR Townhome - Ski Tip TH,Gondola Resorts,,7947,7947,993.38,12.9,116,3,2,7,false,false,true,true,true,false,true,Home/Apartment,Townhouse,Apt/Condo/Loft,0,0,4,21+,Luxury,false,292,false,8,2,2025-06-13,Frisco/Silverthorne,Keystone,Dillon,Colorado,80435,United States,mountains_lakes,https://www.airbnb.com/rooms/1419657121229182506,https://a0.muscache.com/im/pictures/prohost-api/Hosting-1419657121229182506/original/12e960d3-5db1-48d2-b485-48441ea62777.jpeg,1419657121229182506,4164947,39.607849,-105.928635,=AVERAGE($G$2:$G$439),=AVERAGE($D$2:$D$439),"=IFERROR(($AT357-G357)/$AT357,0)","=IFERROR(($AU357-D357)/$AU357,0)",=$AU357-D357
LUXE Keystone 3 bdrm townhome! Walk/ride to lifts!,266812850,,7750,9269,968.75,13.11,360,3,2,8,false,false,false,true,true,false,true,Home/Apartment,Townhouse,Apt/Condo/Loft,5,30,1,1,Luxury,false,301,false,8,3,2026-05-15,Frisco/Silverthorne,Keystone,Dillon,Colorado,80435,United States,mountains_lakes,https://www.airbnb.com/rooms/52655531,https://a0.muscache.com/im/pictures/hosting/Hosting-52655531/original/dd057c61-a594-4c93-a9ad-a08b021a0787.jpeg,52655531,769591,39.60712,-105.93217,=AVERAGE($G$2:$G$439),=AVERAGE($D$2:$D$439),"=IFERROR(($AT358-G358)/$AT358,0)","=IFERROR(($AU358-D358)/$AU358,0)",=$AU358-D358
Walk to Lifts | Cozy 1BR Condo w/ Fireplace + Pool,Leavetown,,7596,8789,399.79,17.59,166,1,1,4,false,false,false,true,true,false,true,Home/Apartment,Condominium (condo),Apt/Condo/Loft,0,0,1,21+,Luxury,false,44,true,19,15,2026-05-13,Frisco/Silverthorne,Keystone,Dillon,Colorado,80435,United States,mountains_lakes,https://www.airbnb.com/rooms/1562449701010769491,https://a0.muscache.com/im/pictures/prohost-api/Hosting-1562449701010769491/original/dabfa119-c894-474d-a3bb-a7934dde4f52.jpeg,1562449701010769491,4968614,39.6062388599,-105.9431113341,=AVERAGE($G$2:$G$439),=AVERAGE($D$2:$D$439),"=IFERROR(($AT359-G359)/$AT359,0)","=IFERROR(($AU359-D359)/$AU359,0)",=$AU359-D359
Log Home For Family Winter Escape! Hot Tub!,SummitCove,,7428,18756,619,28.57,63,4,4,14,false,false,true,true,true,false,false,Home/Apartment,House,House/villa,4.45,9,3,21+,Luxury,true,576,false,12,5,2025-08-07,Frisco/Silverthorne,Keystone,Dillon,Colorado,80435,United States,mountains_lakes,https://www.airbnb.com/rooms/1044337439677186865,https://a0.muscache.com/im/pictures/prohost-api/Hosting-1044337439677186865/original/39eddca4-8c1f-4bde-be4d-bff992abcce4.jpeg,1044337439677186865,3757375,39.5993889,-105.98528445,=AVERAGE($G$2:$G$439),=AVERAGE($D$2:$D$439),"=IFERROR(($AT360-G360)/$AT360,0)","=IFERROR(($AU360-D360)/$AU360,0)",=$AU360-D360
5-Min Walk to Gondola/Dining/Shopping. Pool/HotTub,ITrip Vacations,,7222,12052,120.37,96.77,62,2,3,8,false,false,false,true,true,false,true,Home/Apartment,Condominium (condo),Apt/Condo/Loft,4.65,71,3,21+,Luxury,false,290,true,60,1,2025-11-03,Frisco/Silverthorne,Keystone,Dillon,Colorado,80435,United States,mountains_lakes,https://www.airbnb.com/rooms/36844916,https://a0.muscache.com/im/pictures/prohost-api/Hosting-36844916/original/b35476af-1df9-46a7-af92-143e4bba69d0.jpeg,36844916,7869696ha,39.60735,-105.94507,=AVERAGE($G$2:$G$439),=AVERAGE($D$2:$D$439),"=IFERROR(($AT361-G361)/$AT361,0)","=IFERROR(($AU361-D361)/$AU361,0)",=$AU361-D361
Seasons 3BR TH next to Keystone Lake w/ free shuttle to slopes and hot tub!,Gondola Resorts,,7156,14662,550.46,15.48,322,3,3,6,false,false,true,true,true,false,false,Home/Apartment,House,House/villa,0,0,2,21+,Luxury,false,269,false,13,3,2026-05-14,Frisco/Silverthorne,Keystone,Dillon,Colorado,80435,United States,mountains_lakes,https://www.vrbo.com/4164679,https://media.vrbo.com/lodging/109000000/108290000/108285600/108285567/f7c648ba.jpg?impolicy=resizecrop&rw=1200&ra=fit,,4164679,39.60511,-105.96888,=AVERAGE($G$2:$G$439),=AVERAGE($D$2:$D$439),"=IFERROR(($AT362-G362)/$AT362,0)","=IFERROR(($AU362-D362)/$AU362,0)",=$AU362-D362
Newly Built Luxury Escape with Scenic Views,SkyRun Vacation Rentals,,6939,8027,771,14.75,245,3,3,7,false,false,false,true,true,false,false,Home/Apartment,Townhouse,Apt/Condo/Loft,4.5,2,2,21+,Luxury,true,280,true,9,3,2026-05-14,Frisco/Silverthorne,Keystone,Dillon,Colorado,80435,United States,mountains_lakes,https://www.airbnb.com/rooms/1313089540889493241,https://a0.muscache.com/im/pictures/prohost-api/Hosting-1313089540889493241/original/fb66b5ad-4b3e-4dcf-9def-76709115acd8.jpeg,1313089540889493241,4329970,39.6042731151,-105.9668112255,=AVERAGE($G$2:$G$439),=AVERAGE($D$2:$D$439),"=IFERROR(($AT363-G363)/$AT363,0)","=IFERROR(($AU363-D363)/$AU363,0)",=$AU363-D363
Condo with Fireplace and Balcony Near the Lake,Leavetown,,6729,7355,517.62,10.48,124,2,2,6,false,false,true,true,false,false,true,Home/Apartment,Condominium (condo),Apt/Condo/Loft,4.1,8,2,21+,Luxury,false,0,true,13,5,2025-03-07,Frisco/Silverthorne,Keystone,Dillon,Colorado,80435,United States,mountains_lakes,https://www.airbnb.com/rooms/23787260,https://a0.muscache.com/im/pictures/ed819dfb-27e0-4770-af48-33d8cbc34559.jpg,23787260,1448563,39.60694,-105.96882,=AVERAGE($G$2:$G$439),=AVERAGE($D$2:$D$439),"=IFERROR(($AT364-G364)/$AT364,0)","=IFERROR(($AU364-D364)/$AU364,0)",=$AU364-D364
Keystone CO | Black Bear Lodge | 3 Bedroom,Gondola Resorts,,6497,23075,928.14,11.67,304,3,2,8,false,true,true,true,true,false,true,Home/Apartment,House,House/villa,0,0,3,21+,Luxury,false,302,false,7,2,2025-03-19,Frisco/Silverthorne,Keystone,Dillon,Colorado,80435,United States,mountains_lakes,https://www.airbnb.com/rooms/49193944,https://a0.muscache.com/im/pictures/prohost-api/Hosting-49193944/original/d7f04059-ddae-48dc-aa58-806780877253.jpeg,49193944,4164842,39.606728,-105.942389,=AVERAGE($G$2:$G$439),=AVERAGE($D$2:$D$439),"=IFERROR(($AT365-G365)/$AT365,0)","=IFERROR(($AU365-D365)/$AU365,0)",=$AU365-D365
Mountain Chic Condo - Steps to Keystone Gondola & River Run Village,,,6063,28861,673.67,32.14,59,2,2,4,false,true,true,true,true,false,true,Home/Apartment,Condominium (condo),Apt/Condo/Loft,5,23,2,1,Luxury,false,140,true,9,2,2026-03-01,Frisco/Silverthorne,Keystone,Dillon,Colorado,80435,United States,mountains_lakes,https://www.vrbo.com/1475487,https://media.vrbo.com/lodging/35000000/34090000/34084800/34084765/2b9e654b.jpg?impolicy=resizecrop&rw=1200&ra=fit,,1475487,39.60673,-105.93948,=AVERAGE($G$2:$G$439),=AVERAGE($D$2:$D$439),"=IFERROR(($AT366-G366)/$AT366,0)","=IFERROR(($AU366-D366)/$AU366,0)",=$AU366-D366
Cozy but Spacious Penthouse + Views,12548460,,5968,6303,596.8,15.62,362,2,2,6,false,false,false,true,true,false,false,Home/Apartment,Apartment,Apt/Condo/Loft,5,13,2,2-5,Luxury,false,170,false,10,2,2026-05-13,Frisco/Silverthorne,Keystone,Dillon,Colorado,80435,United States,mountains_lakes,https://www.airbnb.com/rooms/16123767,https://a0.muscache.com/im/pictures/1a256f9a-9089-48b7-96ff-f45913e328df.jpg,16123767,,39.58244,-105.93714,=AVERAGE($G$2:$G$439),=AVERAGE($D$2:$D$439),"=IFERROR(($AT367-G367)/$AT367,0)","=IFERROR(($AU367-D367)/$AU367,0)",=$AU367-D367
"Ski-In Condo with Access to Sauna, Pool + Hot Tub",Leavetown,,5610,59611,935,100,6,3,3,8,false,false,true,true,true,false,true,Home/Apartment,Condominium (condo),Apt/Condo/Loft,4,1,2,21+,Luxury,false,0,true,6,3,2025-05-01,Frisco/Silverthorne,Keystone,Dillon,Colorado,80435,United States,mountains_lakes,https://www.vrbo.com/1448490,https://media.vrbo.com/lodging/31000000/30450000/30443300/30443219/69e1a45f.jpg?impolicy=resizecrop&rw=1200&ra=fit,,1448490,39.603971,-105.947119,=AVERAGE($G$2:$G$439),=AVERAGE($D$2:$D$439),"=IFERROR(($AT368-G368)/$AT368,0)","=IFERROR(($AU368-D368)/$AU368,0)",=$AU368-D368
Premier 3-Bedroom Condo + Fully-Equipped Kitchen,Leavetown,,5365,5664,536.5,13.51,74,3,2,8,false,false,true,true,false,false,true,Home/Apartment,Condominium (condo),Apt/Condo/Loft,4.5,2,2,21+,Luxury,true,0,true,10,4,2025-01-27,Frisco/Silverthorne,Keystone,Dillon,Colorado,80435,United States,mountains_lakes,https://www.airbnb.com/rooms/688818714775933634,https://a0.muscache.com/im/pictures/prohost-api/Hosting-688818714775933634/original/433da8ca-c243-439a-b664-f30719c8c556.jpeg,688818714775933634,1448542,39.60826,-105.97527,=AVERAGE($G$2:$G$439),=AVERAGE($D$2:$D$439),"=IFERROR(($AT369-G369)/$AT369,0)","=IFERROR(($AU369-D369)/$AU369,0)",=$AU369-D369
Walk to Lifts/Hot Tub Access/Stunning Views,SkyRun Vacation Rentals,,5137,6444,513.7,15.62,64,1,1,4,false,false,true,true,true,false,false,Home/Apartment,Condominium (condo),Apt/Condo/Loft,4.15,6,3,21+,Luxury,false,110,true,10,2,2025-07-24,Frisco/Silverthorne,Keystone,Dillon,Colorado,80435,United States,mountains_lakes,https://www.airbnb.com/rooms/16257670,https://a0.muscache.com/im/pictures/prohost-api/Hosting-16257670/original/b0fd278d-63f4-4359-8721-28f2b89c1017.jpeg,16257670,4251708,39.60561,-105.95506,=AVERAGE($G$2:$G$439),=AVERAGE($D$2:$D$439),"=IFERROR(($AT370-G370)/$AT370,0)","=IFERROR(($AU370-D370)/$AU370,0)",=$AU370-D370
Hillside Penthouse with a View!,227680081,,5137,5137,733.86,17.95,365,2,2,7,true,false,true,true,true,false,false,Home/Apartment,Condominium (condo),Apt/Condo/Loft,4.95,17,2,2-5,Luxury,false,200,false,7,2,2026-05-13,Frisco/Silverthorne,Keystone,Dillon,Colorado,80435,United States,mountains_lakes,https://www.airbnb.com/rooms/30317900,https://a0.muscache.com/im/pictures/902a1092-9980-4435-ae05-3c7363f1acb0.jpg,30317900,2652502,39.61095,-105.96647,=AVERAGE($G$2:$G$439),=AVERAGE($D$2:$D$439),"=IFERROR(($AT371-G371)/$AT371,0)","=IFERROR(($AU371-D371)/$AU371,0)",=$AU371-D371
Mountain House Ski In/out Private Hot Tub Walk to,Rocky Mountain Resort Management,,5084,18234,508.4,66.67,126,2,2,8,false,true,true,true,true,false,false,Home/Apartment,Condominium (condo),Apt/Condo/Loft,4,3,1,21+,Luxury,false,324,true,10,2,2026-03-12,Frisco/Silverthorne,Keystone,Dillon,Colorado,80435,United States,mountains_lakes,https://www.airbnb.com/rooms/1147810465364462432,https://a0.muscache.com/im/pictures/prohost-api/Hosting-1147810465364462432/original/d785d68d-7990-4929-a13b-dfd86879bb01.jpeg,1147810465364462432,9953282ha,39.6054,-105.9544,=AVERAGE($G$2:$G$439),=AVERAGE($D$2:$D$439),"=IFERROR(($AT372-G372)/$AT372,0)","=IFERROR(($AU372-D372)/$AU372,0)",=$AU372-D372
Silver Mill #8222,RedAwning,,5072,6913,140.89,41.38,122,1,1,4,false,true,false,true,false,false,true,Home/Apartment,Condominium (condo),Apt/Condo/Loft,4.5,3,2,21+,Luxury,false,130,true,36,7,2017-09-11,Frisco/Silverthorne,Keystone,Dillon,Colorado,80435,United States,mountains_lakes,https://www.airbnb.com/rooms/18336133,https://a0.muscache.com/im/pictures/3dc45329-43ec-4840-bc89-1a59ea439784.jpg?aki_policy=x_large,18336133,4327808,39.6081588038,-105.9426117308,=AVERAGE($G$2:$G$439),=AVERAGE($D$2:$D$439),"=IFERROR(($AT373-G373)/$AT373,0)","=IFERROR(($AU373-D373)/$AU373,0)",=$AU373-D373
Near Gondola! | 1BR Condo w/ Hot Tub & Fireplace,Leavetown,,5013,5716,417.75,10.81,166,1,1,4,false,true,false,true,true,false,true,Home/Apartment,Condominium (condo),Apt/Condo/Loft,0,0,1,21+,Luxury,false,43,true,12,6,2026-05-13,Frisco/Silverthorne,Keystone,Dillon,Colorado,80435,United States,mountains_lakes,https://www.airbnb.com/rooms/1559538897917617903,https://a0.muscache.com/im/pictures/prohost-api/Hosting-1559538897917617903/original/0a696884-abd8-496b-b98a-ebe1df8f4200.png,1559538897917617903,4962252,39.6077184926,-105.942042493,=AVERAGE($G$2:$G$439),=AVERAGE($D$2:$D$439),"=IFERROR(($AT374-G374)/$AT374,0)","=IFERROR(($AU374-D374)/$AU374,0)",=$AU374-D374
Keystone CO | West Keystone Condos | 3 Bedroom,Gondola Resorts,,4708,4708,672.57,11.48,365,3,2,8,false,false,true,true,true,false,true,Home/Apartment,House,House/villa,0,0,3,21+,Luxury,false,302,false,7,2,2025-03-19,Frisco/Silverthorne,Keystone,Dillon,Colorado,80435,United States,mountains_lakes,https://www.airbnb.com/rooms/49498438,https://a0.muscache.com/im/pictures/prohost-api/Hosting-49498438/original/a7d082a4-a7bf-4eb5-9959-0a93e6d7de29.jpeg,49498438,4164837,39.605292,-105.976552,=AVERAGE($G$2:$G$439),=AVERAGE($D$2:$D$439),"=IFERROR(($AT375-G375)/$AT375,0)","=IFERROR(($AU375-D375)/$AU375,0)",=$AU375-D375
Chateaux DuMont #2716,RedAwning,,4696,33298,223.62,60,35,2,2,8,false,false,true,true,false,false,false,Home/Apartment,Condominium (condo),Apt/Condo/Loft,4.8,204,2,21+,Luxury,false,160,true,21,3,2017-09-12,Frisco/Silverthorne,Keystone,Dillon,Colorado,80435,United States,mountains_lakes,https://www.airbnb.com/rooms/18336142,https://a0.muscache.com/im/pictures/0dced2aa-f03c-4b96-b657-6313b8685323.jpg?aki_policy=x_large,18336142,415211,39.605597664,-105.9538352214,=AVERAGE($G$2:$G$439),=AVERAGE($D$2:$D$439),"=IFERROR(($AT376-G376)/$AT376,0)","=IFERROR(($AU376-D376)/$AU376,0)",=$AU376-D376
Keystone CO | River Run Village Townhomes | 3 Bedr,Gondola Resorts,,4452,4795,742,15.79,38,3,3,10,false,false,true,true,true,false,false,Home/Apartment,Townhouse,Apt/Condo/Loft,0,0,3,21+,Luxury,false,302,false,6,2,2025-03-19,Frisco/Silverthorne,Keystone,Dillon,Colorado,80435,United States,mountains_lakes,https://www.airbnb.com/rooms/910058748821167850,https://a0.muscache.com/im/pictures/prohost-api/Hosting-910058748821167850/original/fabd23ea-9433-4ed1-bd6d-fc45c5bdbecb.jpeg,910058748821167850,4164902,39.607375,-105.946553,=AVERAGE($G$2:$G$439),=AVERAGE($D$2:$D$439),"=IFERROR(($AT377-G377)/$AT377,0)","=IFERROR(($AU377-D377)/$AU377,0)",=$AU377-D377
Beautiful Ski Retreat a 3 Min. Walk to the Shuttle,538954924,,4408,4408,629.71,19.44,365,2,2,4,false,false,true,true,true,false,false,Home/Apartment,Condominium (condo),Apt/Condo/Loft,5,9,4,1,Luxury,false,159,false,7,2,2026-05-14,Frisco/Silverthorne,Keystone,Dillon,Colorado,80435,United States,mountains_lakes,https://www.airbnb.com/rooms/993727404156886176,https://a0.muscache.com/im/pictures/hosting/Hosting-U3RheVN1cHBseUxpc3Rpbmc6OTkzNzI3NDA0MTU2ODg2MTc2/original/03ac51b1-b43a-43fc-ac4e-bbe33c6ef101.jpeg,993727404156886176,3395637,39.6089,-105.92609,=AVERAGE($G$2:$G$439),=AVERAGE($D$2:$D$439),"=IFERROR(($AT378-G378)/$AT378,0)","=IFERROR(($AU378-D378)/$AU378,0)",=$AU378-D378
Keystone CO | River Run Village Condos | 2 Bedroom,Gondola Resorts,,4031,7805,503.88,9.41,356,2,2,6,false,true,true,true,true,false,true,Home/Apartment,House,House/villa,4,1,3,21+,Luxury,false,190,false,8,3,2025-03-19,Frisco/Silverthorne,Keystone,Dillon,Colorado,80435,United States,mountains_lakes,https://www.airbnb.com/rooms/36451594,https://a0.muscache.com/im/pictures/prohost-api/Hosting-36451594/original/75f63ff5-565c-4444-9e18-ee2b1905df56.jpeg,36451594,4164675,39.607729,-105.943669,=AVERAGE($G$2:$G$439),=AVERAGE($D$2:$D$439),"=IFERROR(($AT379-G379)/$AT379,0)","=IFERROR(($AU379-D379)/$AU379,0)",=$AU379-D379
River Run Townhomes Luxury 4BR - 200yds to Gondola,Gondola Resorts,,3837,3837,1279,10,91,4,4,10,false,false,true,true,true,false,true,Home/Apartment,Townhouse,Apt/Condo/Loft,0,0,3,21+,Luxury,false,378,false,3,1,2025-06-07,Frisco/Silverthorne,Keystone,Dillon,Colorado,80435,United States,mountains_lakes,https://www.airbnb.com/rooms/1414635409180622116,https://a0.muscache.com/im/pictures/prohost-api/Hosting-1414635409180622116/original/2a973ce8-7277-4f57-b5f8-89d1fe67328e.jpeg,1414635409180622116,4164666,39.607529,-105.946853,=AVERAGE($G$2:$G$439),=AVERAGE($D$2:$D$439),"=IFERROR(($AT380-G380)/$AT380,0)","=IFERROR(($AU380-D380)/$AU380,0)",=$AU380-D380
Mountain Retreat Steps from Keystone Lifts,AvantStay,,3713,3713,928.25,12.9,74,3,2,11,true,false,false,true,true,true,false,Home/Apartment,House,House/villa,0,0,2,21+,Luxury,true,303,true,4,1,2025-12-01,Frisco/Silverthorne,Keystone,Dillon,Colorado,80435,United States,mountains_lakes,https://www.airbnb.com/rooms/1549359154702392152,https://a0.muscache.com/im/pictures/prohost-api/Hosting-1549359154702392152/original/7f2a35aa-e3d9-4c99-9b67-bc8b68347319.jpeg,1549359154702392152,,39.6064038367,-105.9454596315,=AVERAGE($G$2:$G$439),=AVERAGE($D$2:$D$439),"=IFERROR(($AT381-G381)/$AT381,0)","=IFERROR(($AU381-D381)/$AU381,0)",=$AU381-D381
Condo with private hot tub & quick walk to slopes,SummitCove,,3710,3872,412.22,14.29,147,3,3,10,false,false,true,true,true,false,false,Home/Apartment,Condominium (condo),Apt/Condo/Loft,5,2,3,21+,Luxury,true,374,true,9,3,2025-10-06,Frisco/Silverthorne,Keystone,Dillon,Colorado,80435,United States,mountains_lakes,https://www.airbnb.com/rooms/47081643,https://a0.muscache.com/im/pictures/prohost-api/Hosting-47081643/original/c7eca5b5-d058-470d-a8d6-cbc5c64d1749.jpeg,47081643,1636299,39.605301,-105.954308,=AVERAGE($G$2:$G$439),=AVERAGE($D$2:$D$439),"=IFERROR(($AT382-G382)/$AT382,0)","=IFERROR(($AU382-D382)/$AU382,0)",=$AU382-D382
Keystone CO | River Run Village Condos | 1 Bedroom,Gondola Resorts,,3470,5533,495.71,15.22,357,1,1,4,false,true,true,true,true,false,true,Home/Apartment,House,House/villa,0,0,3,21+,Luxury,false,145,false,7,2,2025-03-19,Frisco/Silverthorne,Keystone,Dillon,Colorado,80435,United States,mountains_lakes,https://www.airbnb.com/rooms/36449149,https://a0.muscache.com/im/pictures/prohost-api/Hosting-36449149/original/6a0d2e30-a026-4b49-9ae0-33039711bad9.jpeg,36449149,1724435,39.607729,-105.943669,=AVERAGE($G$2:$G$439),=AVERAGE($D$2:$D$439),"=IFERROR(($AT383-G383)/$AT383,0)","=IFERROR(($AU383-D383)/$AU383,0)",=$AU383-D383
Keystone CO | River Run Village Condos | 3 Bedroom,Gondola Resorts,,3445,8729,689,8.77,353,3,2,8,false,true,true,true,true,false,true,Home/Apartment,House,House/villa,0,0,3,21+,Luxury,false,292,false,5,2,2025-03-19,Frisco/Silverthorne,Keystone,Dillon,Colorado,80435,United States,mountains_lakes,https://www.airbnb.com/rooms/36602652,https://a0.muscache.com/im/pictures/prohost-api/Hosting-36602652/original/a82aaa54-cfdb-4514-beab-54a9f6f7a777.jpeg,36602652,4164676,39.607729,-105.943669,=AVERAGE($G$2:$G$439),=AVERAGE($D$2:$D$439),"=IFERROR(($AT384-G384)/$AT384,0)","=IFERROR(($AU384-D384)/$AU384,0)",=$AU384-D384
Keystone CO | Lakeside Village | Montezuma 2 Bed,Gondola Resorts,,3369,8132,336.9,33.33,327,2,2,6,false,false,false,true,true,false,false,Home/Apartment,House,House/villa,0,0,3,21+,Luxury,false,183,false,10,2,2025-03-19,Frisco/Silverthorne,Keystone,Dillon,Colorado,80435,United States,mountains_lakes,https://www.airbnb.com/rooms/940632739364079983,https://a0.muscache.com/im/pictures/prohost-api/Hosting-940632739364079983/original/a780ff4d-eb81-4353-a814-20a34e831a5f.jpeg,940632739364079983,4164952,39.6068755,-105.9649734,=AVERAGE($G$2:$G$439),=AVERAGE($D$2:$D$439),"=IFERROR(($AT385-G385)/$AT385,0)","=IFERROR(($AU385-D385)/$AU385,0)",=$AU385-D385
Cozy 1-Bedroom Condo with River Run Views,Leavetown,,3246,3263,324.6,9.35,107,1,1,4,false,true,true,true,false,false,true,Home/Apartment,Condominium (condo),Apt/Condo/Loft,0,0,2,21+,Luxury,false,0,true,10,4,2025-03-24,Frisco/Silverthorne,Keystone,Dillon,Colorado,80435,United States,mountains_lakes,https://www.airbnb.com/rooms/1224611732042854387,https://a0.muscache.com/im/pictures/prohost-api/Hosting-1224611732042854387/original/8c67eeee-6af0-409b-a49a-f4024a8f6ebe.jpeg,1224611732042854387,,39.60582,-105.9394,=AVERAGE($G$2:$G$439),=AVERAGE($D$2:$D$439),"=IFERROR(($AT386-G386)/$AT386,0)","=IFERROR(($AU386-D386)/$AU386,0)",=$AU386-D386
Keystone CO | The Timbers | 1 Bedroom,Gondola Resorts,,3015,31341,502.5,100,6,1,2,5,false,true,true,true,true,false,true,Home/Apartment,House,House/villa,0,0,4,21+,Luxury,false,140,false,6,1,2025-03-20,Frisco/Silverthorne,Keystone,Dillon,Colorado,80435,United States,mountains_lakes,https://www.airbnb.com/rooms/38671001,https://a0.muscache.com/im/pictures/prohost-api/Hosting-38671001/original/d467925f-64b3-4aaf-bb45-abc14805ddfa.jpeg,38671001,1084448,39.604427,-105.943612,=AVERAGE($G$2:$G$439),=AVERAGE($D$2:$D$439),"=IFERROR(($AT387-G387)/$AT387,0)","=IFERROR(($AU387-D387)/$AU387,0)",=$AU387-D387
2br+Murphy at The Springs~Recently Renovated by RedAwning,RedAwning,,2588,3996,431.33,10.53,59,1,3,8,false,false,true,true,true,false,true,Home/Apartment,Condominium (condo),Apt/Condo/Loft,5,2,1,21+,Luxury,false,0,true,6,4,2025-09-27,Frisco/Silverthorne,Keystone,Dillon,Colorado,80435,United States,mountains_lakes,https://www.vrbo.com/4808960ha,https://media.vrbo.com/lodging/23000000/22160000/22154500/22154469/50fbc149.jpg?impolicy=resizecrop&rw=1200&ra=fit,,4808960ha,39.60699,-105.94035,=AVERAGE($G$2:$G$439),=AVERAGE($D$2:$D$439),"=IFERROR(($AT388-G388)/$AT388,0)","=IFERROR(($AU388-D388)/$AU388,0)",=$AU388-D388
3br River Run-Plenty of Bedding & Kids Ski Free,RedAwning,,2542,12706,635.5,66.67,37,3,3,8,false,false,true,true,true,false,true,Home/Apartment,Condominium (condo),Apt/Condo/Loft,4.5,2,1,21+,Luxury,false,0,true,4,1,2025-08-11,Frisco/Silverthorne,Keystone,Dillon,Colorado,80435,United States,mountains_lakes,https://www.airbnb.com/rooms/42495128,https://a0.muscache.com/im/pictures/47f6cc7a-fc30-401f-9683-e966fbdb17c5.jpg,42495128,9378881ha,39.6077,-105.943703,=AVERAGE($G$2:$G$439),=AVERAGE($D$2:$D$439),"=IFERROR(($AT389-G389)/$AT389,0)","=IFERROR(($AU389-D389)/$AU389,0)",=$AU389-D389
Stunning 3 Bedroom Mountain Condo Private Hot Tub,Leavetown,,2416,2416,604,18.18,44,3,2,8,false,false,true,true,true,false,false,Home/Apartment,Condominium (condo),Apt/Condo/Loft,3.7,3,1,21+,Luxury,false,0,true,4,1,2026-05-14,Frisco/Silverthorne,Keystone,Dillon,Colorado,80435,United States,mountains_lakes,https://www.vrbo.com/3774633,https://media.vrbo.com/lodging/102000000/101220000/101216000/101215972/2d6666a9.jpg?impolicy=resizecrop&rw=1200&ra=fit,,3774633,39.606651,-105.949527,=AVERAGE($G$2:$G$439),=AVERAGE($D$2:$D$439),"=IFERROR(($AT390-G390)/$AT390,0)","=IFERROR(($AU390-D390)/$AU390,0)",=$AU390-D390
Buffalo Lodge 1br Condo 8388. Kids Ski Free,RedAwning,,2161,9081,270.12,12.9,129,1,1,4,false,false,true,true,true,false,true,Home/Apartment,Condominium (condo),Apt/Condo/Loft,0,0,1,21+,Luxury,false,0,true,8,3,2025-12-03,Frisco/Silverthorne,Keystone,Dillon,Colorado,80435,United States,mountains_lakes,https://www.airbnb.com/rooms/801840949783301023,https://a0.muscache.com/im/pictures/prohost-api/Hosting-801840949783301023/original/ea17b85b-ca8c-4764-ad5a-1cb724170db7.jpeg,801840949783301023,9774824ha,39.6067,-105.9434,=AVERAGE($G$2:$G$439),=AVERAGE($D$2:$D$439),"=IFERROR(($AT391-G391)/$AT391,0)","=IFERROR(($AU391-D391)/$AU391,0)",=$AU391-D391
Keystone CO | West Keystone Condos | 2 Bedroom,Gondola Resorts,,2093,2093,299,11.48,365,2,2,6,false,false,true,true,true,false,true,Home/Apartment,House,House/villa,5,1,3,21+,Luxury,false,190,false,7,2,2025-03-19,Frisco/Silverthorne,Keystone,Dillon,Colorado,80435,United States,mountains_lakes,https://www.airbnb.com/rooms/49498143,https://a0.muscache.com/im/pictures/prohost-api/Hosting-49498143/original/7f54a850-10c0-421f-94a6-3009d9e22cf9.png,49498143,4164836,39.605292,-105.976552,=AVERAGE($G$2:$G$439),=AVERAGE($D$2:$D$439),"=IFERROR(($AT392-G392)/$AT392,0)","=IFERROR(($AU392-D392)/$AU392,0)",=$AU392-D392
Alpine Getaway for 8! w/ Private Balcony and Views,Leavetown,,1971,1971,657,9.68,31,2,2,8,false,true,true,true,false,false,false,Home/Apartment,Condominium (condo),Apt/Condo/Loft,0,0,2,21+,Luxury,false,0,true,3,1,2025-03-07,Frisco/Silverthorne,Keystone,Dillon,Colorado,80435,United States,mountains_lakes,https://www.airbnb.com/rooms/23806338,https://a0.muscache.com/im/pictures/2926f82e-e846-4d94-a370-83c8af4900c6.jpg,23806338,,39.60764,-105.94254,=AVERAGE($G$2:$G$439),=AVERAGE($D$2:$D$439),"=IFERROR(($AT393-G393)/$AT393,0)","=IFERROR(($AU393-D393)/$AU393,0)",=$AU393-D393
Spacious 3BR Condo Near Gondola + Full Kitchen,Leavetown,,1953,1953,976.5,6.45,31,3,1,6,false,true,true,true,false,false,false,Home/Apartment,Condominium (condo),Apt/Condo/Loft,0,0,2,21+,Luxury,false,0,true,2,1,2025-03-07,Frisco/Silverthorne,Keystone,Dillon,Colorado,80435,United States,mountains_lakes,https://www.airbnb.com/rooms/1334867644791663976,https://a0.muscache.com/im/pictures/prohost-api/Hosting-1334867644791663976/original/1f9bf7cd-5866-4c1e-bc45-4e02c8b840b9.jpeg,1334867644791663976,,39.60612,-105.94338,=AVERAGE($G$2:$G$439),=AVERAGE($D$2:$D$439),"=IFERROR(($AT394-G394)/$AT394,0)","=IFERROR(($AU394-D394)/$AU394,0)",=$AU394-D394
3 Bedroom Condo at Key Condo in Keystone,Leavetown,,1932,2193,483,7.55,54,3,2,7,false,false,true,true,true,false,true,Home/Apartment,Condominium (condo),Apt/Condo/Loft,4,2,2,21+,Luxury,false,0,true,4,1,2025-05-01,Frisco/Silverthorne,Keystone,Dillon,Colorado,80435,United States,mountains_lakes,https://www.vrbo.com/1448616,https://media.vrbo.com/lodging/31000000/30450000/30443200/30443186/09a25e14.jpg?impolicy=resizecrop&rw=1200&ra=fit,,1448616,39.603914,-105.953547,=AVERAGE($G$2:$G$439),=AVERAGE($D$2:$D$439),"=IFERROR(($AT395-G395)/$AT395,0)","=IFERROR(($AU395-D395)/$AU395,0)",=$AU395-D395
Keystone CO | Red Hawk Lodge | 2 Bedroom #9954,Gondola Resorts,,1917,1917,639,30,10,2,2,6,false,true,true,true,true,false,true,Home/Apartment,Condominium (condo),Apt/Condo/Loft,1.7,6,3,21+,Luxury,false,183,false,3,1,2025-03-19,Frisco/Silverthorne,Keystone,Dillon,Colorado,80435,United States,mountains_lakes,https://www.airbnb.com/rooms/1116796381426635024,https://a0.muscache.com/im/pictures/prohost-api/Hosting-1116796381426635024/original/fa420c93-0ace-4bb0-8ba5-e9e2ddc85e17.jpeg,1116796381426635024,4164967,39.606884,-105.939621,=AVERAGE($G$2:$G$439),=AVERAGE($D$2:$D$439),"=IFERROR(($AT396-G396)/$AT396,0)","=IFERROR(($AU396-D396)/$AU396,0)",=$AU396-D396
Keystone CO | Buffalo Lodge #998372 | 1 Bedroom,Gondola Resorts,,1861,1861,206.78,19.57,46,1,1,4,false,true,true,true,true,false,true,Home/Apartment,House,House/villa,4,1,3,21+,Luxury,false,140,false,9,2,2025-03-19,Frisco/Silverthorne,Keystone,Dillon,Colorado,80435,United States,mountains_lakes,https://www.airbnb.com/rooms/897782548469101626,https://a0.muscache.com/im/pictures/prohost-api/Hosting-897782548469101626/original/5f55488e-3a05-4c4d-b57e-641a65699de3.jpeg,897782548469101626,4164891,39.60771,-105.94367,=AVERAGE($G$2:$G$439),=AVERAGE($D$2:$D$439),"=IFERROR(($AT397-G397)/$AT397,0)","=IFERROR(($AU397-D397)/$AU397,0)",=$AU397-D397
Fantastic Studio Condo Near the Lifts,Leavetown,,1747,1834,349.4,8.77,57,,1,2,false,false,true,true,false,false,true,Home/Apartment,Serviced apartment,Apt/Condo/Loft,0,0,2,21+,Luxury,false,0,true,5,2,2025-03-07,Frisco/Silverthorne,Keystone,Dillon,Colorado,80435,United States,mountains_lakes,https://www.airbnb.com/rooms/23805350,https://a0.muscache.com/im/pictures/db08168c-02ae-4da1-92f9-8a1c8f899ee4.jpg,23805350,,39.60626,-105.94331,=AVERAGE($G$2:$G$439),=AVERAGE($D$2:$D$439),"=IFERROR(($AT398-G398)/$AT398,0)","=IFERROR(($AU398-D398)/$AU398,0)",=$AU398-D398
Incredible and Spacious 2 Bedroom + Loft,Leavetown,,1720,2488,344,9.09,55,2,2,6,false,false,true,true,false,false,true,Home/Apartment,Condominium (condo),Apt/Condo/Loft,0,0,2,21+,Luxury,false,0,true,5,2,2025-03-07,Frisco/Silverthorne,Keystone,Dillon,Colorado,80435,United States,mountains_lakes,https://www.airbnb.com/rooms/24651353,https://a0.muscache.com/im/pictures/59dad514-e4b0-44d3-8955-42cf1a378266.jpg,24651353,,39.60831,-105.96977,=AVERAGE($G$2:$G$439),=AVERAGE($D$2:$D$439),"=IFERROR(($AT399-G399)/$AT399,0)","=IFERROR(($AU399-D399)/$AU399,0)",=$AU399-D399
Ski in ski out condo! Heated garage and hot tub!,69963913,,1711,4263,427.75,12.9,196,1,1,4,false,false,true,true,true,false,false,Home/Apartment,Apartment,Apt/Condo/Loft,5,3,3,2-5,Luxury,true,175,true,4,1,2026-04-30,Frisco/Silverthorne,Keystone,Dillon,Colorado,80435,United States,mountains_lakes,https://www.airbnb.com/rooms/1447679999403273499,https://a0.muscache.com/im/pictures/hosting/Hosting-1447679999403273499/original/7ba5df2c-5434-412a-8d14-54765104fd12.jpeg,1447679999403273499,,39.6061,-105.95428,=AVERAGE($G$2:$G$439),=AVERAGE($D$2:$D$439),"=IFERROR(($AT400-G400)/$AT400,0)","=IFERROR(($AU400-D400)/$AU400,0)",=$AU400-D400
"4 Bedroom Condo | Private Balcony, Pool, Hot Tub",Leavetown,,1643,3939,821.5,8.7,49,4,4,8,false,false,true,true,true,false,true,Home/Apartment,Condominium (condo),Apt/Condo/Loft,4,1,2,21+,Luxury,false,0,true,2,1,2025-05-01,Frisco/Silverthorne,Keystone,Dillon,Colorado,80435,United States,mountains_lakes,https://www.vrbo.com/1447482,https://media.vrbo.com/lodging/31000000/30440000/30435400/30435351/bd8a32f6.jpg?impolicy=resizecrop&rw=1200&ra=fit,,1447482,39.607831,-105.953691,=AVERAGE($G$2:$G$439),=AVERAGE($D$2:$D$439),"=IFERROR(($AT401-G401)/$AT401,0)","=IFERROR(($AU401-D401)/$AU401,0)",=$AU401-D401
Keystone CO | Expedition Station #8615 | 2 Bedroom,Gondola Resorts,,1642,1642,410.5,8,50,2,2,7,false,false,true,true,true,false,true,Home/Apartment,House,House/villa,3.5,2,3,21+,Luxury,false,183,false,4,2,2025-03-19,Frisco/Silverthorne,Keystone,Dillon,Colorado,80435,United States,mountains_lakes,https://www.airbnb.com/rooms/38669881,https://a0.muscache.com/im/pictures/prohost-api/Hosting-38669881/original/449abee4-4493-4404-b25c-cb79e16d6d40.jpeg,38669881,4164595,39.606665,-105.942659,=AVERAGE($G$2:$G$439),=AVERAGE($D$2:$D$439),"=IFERROR(($AT402-G402)/$AT402,0)","=IFERROR(($AU402-D402)/$AU402,0)",=$AU402-D402
"2Br condo on shuttle route, sleeps up to 8. Kids Ski Free!",RedAwning,,1339,1339,669.5,6.9,365,2,2,8,false,false,true,true,false,false,true,Home/Apartment,Townhouse,Apt/Condo/Loft,5,1,1,21+,Luxury,false,30,true,2,1,2018-02-11,Frisco/Silverthorne,Keystone,Dillon,Colorado,80435,United States,mountains_lakes,https://www.airbnb.com/rooms/20391589,https://a0.muscache.com/im/pictures/8b08ed34-208b-4d96-8f4e-75e3db199772.jpg?aki_policy=x_large,20391589,4164839,39.6080464937,-105.9734257809,=AVERAGE($G$2:$G$439),=AVERAGE($D$2:$D$439),"=IFERROR(($AT403-G403)/$AT403,0)","=IFERROR(($AU403-D403)/$AU403,0)",=$AU403-D403
Spacious 3BR Condo Near Gondola + Full Kitchen,Leavetown,,1311,1311,655.5,6.45,31,3,1,6,false,true,true,true,false,false,false,Home/Apartment,Condominium (condo),Apt/Condo/Loft,0,0,1,21+,Luxury,false,0,true,2,1,2025-01-15,Frisco/Silverthorne,Keystone,Dillon,Colorado,80435,United States,mountains_lakes,https://www.airbnb.com/rooms/1224027244172517552,https://a0.muscache.com/im/pictures/prohost-api/Hosting-1224027244172517552/original/610b7adc-0227-4015-b600-d571ecf32650.jpeg,1224027244172517552,,39.60705,-105.94199,=AVERAGE($G$2:$G$439),=AVERAGE($D$2:$D$439),"=IFERROR(($AT404-G404)/$AT404,0)","=IFERROR(($AU404-D404)/$AU404,0)",=$AU404-D404
"Spacious, Renovated 3 Bedroom Townhome",Leavetown,,1254,1254,627,6.9,29,3,3,8,false,false,true,true,false,false,true,Home/Apartment,Townhouse,Apt/Condo/Loft,4,4,2,21+,Luxury,false,0,true,2,1,2025-03-07,Frisco/Silverthorne,Keystone,Dillon,Colorado,80435,United States,mountains_lakes,https://www.airbnb.com/rooms/23787824,https://a0.muscache.com/im/pictures/6368846a-034b-43bf-9588-d9162796a135.jpg,23787824,,39.60818,-105.94271,=AVERAGE($G$2:$G$439),=AVERAGE($D$2:$D$439),"=IFERROR(($AT405-G405)/$AT405,0)","=IFERROR(($AU405-D405)/$AU405,0)",=$AU405-D405
Clear Water Lofts - 2br Condo - Kids Ski Free!,RedAwning,,1128,11280,376,18.75,16,2,2,6,false,false,true,true,true,false,false,Home/Apartment,Condominium (condo),Apt/Condo/Loft,5,3,1,21+,Luxury,false,0,true,3,1,2025-05-13,Frisco/Silverthorne,Keystone,Dillon,Colorado,80435,United States,mountains_lakes,https://www.airbnb.com/rooms/632980890048403770,https://a0.muscache.com/im/pictures/prohost-api/Hosting-632980890048403770/original/8f058475-1ead-4c8b-87bd-c01116ae5557.jpeg,632980890048403770,9692315ha,39.6069,-105.9615,=AVERAGE($G$2:$G$439),=AVERAGE($D$2:$D$439),"=IFERROR(($AT406-G406)/$AT406,0)","=IFERROR(($AU406-D406)/$AU406,0)",=$AU406-D406
Mountain Condo with a Loft,Leavetown,,807,807,403.5,3.57,87,2,2,8,false,false,true,true,true,false,true,Home/Apartment,Condominium (condo),Apt/Condo/Loft,4,1,1,21+,Luxury,false,0,true,2,2,2025-04-23,Frisco/Silverthorne,Keystone,Dillon,Colorado,80435,United States,mountains_lakes,https://www.vrbo.com/1448609,https://media.vrbo.com/lodging/31000000/30450000/30443200/30443111/239dd497.jpg?impolicy=resizecrop&rw=1200&ra=fit,,1448609,39.605046,-105.971634,=AVERAGE($G$2:$G$439),=AVERAGE($D$2:$D$439),"=IFERROR(($AT407-G407)/$AT407,0)","=IFERROR(($AU407-D407)/$AU407,0)",=$AU407-D407
"Spectacular for Families! Cozy, Oversized 2BR Corner Unit w/ Heated Pool!",,,609,609,609,3.57,28,2,2,7,false,false,true,true,true,false,true,Home/Apartment,Condominium (condo),Apt/Condo/Loft,4.8,29,1,1,Luxury,false,205,true,1,1,2025-03-23,Frisco/Silverthorne,Keystone,Dillon,Colorado,80435,United States,mountains_lakes,https://www.vrbo.com/1465722,https://media.vrbo.com/lodging/32000000/31950000/31948800/31948762/71db5ce9.jpg?impolicy=resizecrop&rw=1200&ra=fit,,1465722,39.606722,-105.943924,=AVERAGE($G$2:$G$439),=AVERAGE($D$2:$D$439),"=IFERROR(($AT408-G408)/$AT408,0)","=IFERROR(($AU408-D408)/$AU408,0)",=$AU408-D408
"1BR condo w/ hot tub, shuttle to ski, and parking all in Lakeside Village!",Gondola Resorts,,583,583,194.33,10,167,1,1,4,false,false,true,true,true,false,true,Home/Apartment,Condominium (condo),Apt/Condo/Loft,5,1,1,21+,Luxury,false,129,false,3,1,2025-09-01,Frisco/Silverthorne,Keystone,Dillon,Colorado,80435,United States,mountains_lakes,https://www.vrbo.com/1765997,https://media.vrbo.com/lodging/41000000/40290000/40282300/40282244/f422410a.jpg?impolicy=resizecrop&rw=1200&ra=fit,,1765997,39.60702,-105.9659,=AVERAGE($G$2:$G$439),=AVERAGE($D$2:$D$439),"=IFERROR(($AT409-G409)/$AT409,0)","=IFERROR(($AU409-D409)/$AU409,0)",=$AU409-D409
"Walk to Gondola, Private Balcony, Cozy Condo",SummitCove,,567,5868,189,100,5,1,1,5,false,false,true,true,true,false,true,Home/Apartment,Condominium (condo),Apt/Condo/Loft,4.65,20,2,21+,Luxury,true,140,true,3,1,2025-10-02,Frisco/Silverthorne,Keystone,Dillon,Colorado,80435,United States,mountains_lakes,https://www.airbnb.com/rooms/768171242528111586,https://a0.muscache.com/im/pictures/prohost-api/Hosting-768171242528111586/original/0cd70b5a-4d69-4661-8979-d09c8ba82725.jpeg,768171242528111586,3127081,39.60712,-105.94279,=AVERAGE($G$2:$G$439),=AVERAGE($D$2:$D$439),"=IFERROR(($AT410-G410)/$AT410,0)","=IFERROR(($AU410-D410)/$AU410,0)",=$AU410-D410
2br Ski In/out on Mountain Lone Eagle 3008,RedAwning,,494,3455,494,3.57,99,2,2,6,false,true,true,true,true,false,true,Home/Apartment,Condominium (condo),Apt/Condo/Loft,0,0,1,21+,Luxury,false,0,true,1,1,2026-05-16,Frisco/Silverthorne,Keystone,Dillon,Colorado,80435,United States,mountains_lakes,https://www.airbnb.com/rooms/23295315,https://a0.muscache.com/im/pictures/9e3e8c7b-4367-44b4-b1b4-a5a9cc24381d.jpg,23295315,4372367ha,39.6045,-105.9453,=AVERAGE($G$2:$G$439),=AVERAGE($D$2:$D$439),"=IFERROR(($AT411-G411)/$AT411,0)","=IFERROR(($AU411-D411)/$AU411,0)",=$AU411-D411
"Condo with Private Patio, on Shuttle Route",RedAwning,,334,10354,334,100,1,2,2,6,false,false,true,true,true,true,false,Home/Apartment,Condominium (condo),Apt/Condo/Loft,4.45,70,1,21+,Luxury,false,0,true,1,1,2024-09-20,Frisco/Silverthorne,Keystone,Dillon,Colorado,80435,United States,mountains_lakes,https://www.airbnb.com/rooms/23302847,https://a0.muscache.com/im/pictures/9adc1d67-7e5a-4f54-922d-6def45f07ce1.jpg,23302847,4424289ha,39.608,-105.9262,=AVERAGE($G$2:$G$439),=AVERAGE($D$2:$D$439),"=IFERROR(($AT412-G412)/$AT412,0)","=IFERROR(($AU412-D412)/$AU412,0)",=$AU412-D412
Black Bear #8046,RedAwning,,302,581,151,7.14,53,2,2,7,false,true,false,true,false,false,true,Home/Apartment,Condominium (condo),Apt/Condo/Loft,4.2,6,2,21+,Luxury,false,160,true,2,1,2017-09-11,Frisco/Silverthorne,Keystone,Dillon,Colorado,80435,United States,mountains_lakes,https://www.airbnb.com/rooms/18329322,https://a0.muscache.com/im/pictures/1841c1e1-a5a0-4164-b7ae-3c9321fdc5e2.jpg?aki_policy=x_large,18329322,1343793,39.6059598387,-105.9417864455,=AVERAGE($G$2:$G$439),=AVERAGE($D$2:$D$439),"=IFERROR(($AT413-G413)/$AT413,0)","=IFERROR(($AU413-D413)/$AU413,0)",=$AU413-D413
Keystone CO | Lone Eagle | 3 Bedroom,Gondola Resorts,,0,10150,0,0,339,3,3,8,false,true,true,true,true,false,true,Home/Apartment,House,House/villa,0,0,3,21+,Luxury,false,292,true,0,0,2025-03-19,Frisco/Silverthorne,Keystone,Dillon,Colorado,80435,United States,mountains_lakes,https://www.airbnb.com/rooms/1160860932770723011,https://a0.muscache.com/im/pictures/prohost-api/Hosting-1160860932770723011/original/96dc402f-d726-449f-bc3a-bdbf04831cfb.jpeg,1160860932770723011,1949964,39.604397,-105.942586,=AVERAGE($G$2:$G$439),=AVERAGE($D$2:$D$439),"=IFERROR(($AT414-G414)/$AT414,0)","=IFERROR(($AU414-D414)/$AU414,0)",=$AU414-D414
Gorgeous Property W/Private Garage Family Trip,SummitCove,,0,0,0,0,4,3,2,12,false,true,false,true,true,false,true,Home/Apartment,Townhouse,Apt/Condo/Loft,5,3,2,21+,Luxury,true,380,true,0,0,2025-07-10,Frisco/Silverthorne,Keystone,Dillon,Colorado,80435,United States,mountains_lakes,https://www.airbnb.com/rooms/1213904183292214519,https://a0.muscache.com/im/pictures/prohost-api/Hosting-1213904183292214519/original/4cd15bd2-20e3-4734-81ae-86e0cf92164d.jpeg,1213904183292214519,4128220,39.61017008,-105.95091787,=AVERAGE($G$2:$G$439),=AVERAGE($D$2:$D$439),"=IFERROR(($AT415-G415)/$AT415,0)","=IFERROR(($AU415-D415)/$AU415,0)",=$AU415-D415
Steps to Gondola/Heart of Keystone Village,SummitCove,,0,856,0,0,68,1,,6,false,false,true,true,true,false,true,Home/Apartment,Condominium (condo),Apt/Condo/Loft,4.5,2,2,21+,Luxury,true,152,true,0,0,2025-07-25,Frisco/Silverthorne,Keystone,Dillon,Colorado,80435,United States,mountains_lakes,https://www.airbnb.com/rooms/1305771591826943109,https://a0.muscache.com/im/pictures/prohost-api/Hosting-1305771591826943109/original/7caafd77-71b1-4b9e-809e-ad05082775e7.jpeg,1305771591826943109,4323309,39.60707,-105.94439,=AVERAGE($G$2:$G$439),=AVERAGE($D$2:$D$439),"=IFERROR(($AT416-G416)/$AT416,0)","=IFERROR(($AU416-D416)/$AU416,0)",=$AU416-D416
"2BR/2BA Village Condo - Buffalo Lodge, Keystone CO",16298444,,0,6840,0,0,73,2,2,6,false,false,true,true,true,false,true,Home/Apartment,Apartment,Apt/Condo/Loft,5,3,2,1,Luxury,false,0,false,0,0,2026-01-05,Frisco/Silverthorne,Keystone,Dillon,Colorado,80435,United States,mountains_lakes,https://www.airbnb.com/rooms/1536416760461067419,https://a0.muscache.com/im/pictures/hosting/Hosting-1536416760461067419/original/20844d0b-6370-4540-92bb-9788b2a9b4e2.jpeg,1536416760461067419,,39.6075032987,-105.9433202735,=AVERAGE($G$2:$G$439),=AVERAGE($D$2:$D$439),"=IFERROR(($AT417-G417)/$AT417,0)","=IFERROR(($AU417-D417)/$AU417,0)",=$AU417-D417
Large vacation home minutes from Keystone Resort,105970844,,0,12324,0,0,350,4,3,10,false,false,true,true,true,false,false,Home/Apartment,House,House/villa,5,12,4,1,Luxury,false,400,false,0,0,2026-05-11,Frisco/Silverthorne,Keystone,Dillon,Colorado,80435,United States,mountains_lakes,https://www.airbnb.com/rooms/16219652,https://a0.muscache.com/im/pictures/f303dea3-b8e3-42f7-90ae-1a8ec2ece81f.jpg,16219652,3088770,39.59953,-105.98252,=AVERAGE($G$2:$G$439),=AVERAGE($D$2:$D$439),"=IFERROR(($AT418-G418)/$AT418,0)","=IFERROR(($AU418-D418)/$AU418,0)",=$AU418-D418
Dakota Lodge #8521,RedAwning,,0,1546,0,0,32,1,1,4,false,true,false,true,false,false,true,Home/Apartment,Condominium (condo),Apt/Condo/Loft,4.4,163,2,21+,Luxury,false,130,true,0,0,2017-09-11,Frisco/Silverthorne,Keystone,Dillon,Colorado,80435,United States,mountains_lakes,https://www.airbnb.com/rooms/18336163,https://a0.muscache.com/im/pictures/ff0aa5c6-6593-4194-826b-b53231ef1e66.jpg?aki_policy=x_large,18336163,145248,39.6063720474,-105.9445137544,=AVERAGE($G$2:$G$439),=AVERAGE($D$2:$D$439),"=IFERROR(($AT419-G419)/$AT419,0)","=IFERROR(($AU419-D419)/$AU419,0)",=$AU419-D419
Spacious 1Br Condo Sleeps up to 4. Kids Ski Free!,RedAwning,,0,0,0,0,334,1,1,4,false,false,true,true,false,false,false,Home/Apartment,Condominium (condo),Apt/Condo/Loft,0,0,1,21+,Luxury,false,30,true,0,0,2018-02-11,Frisco/Silverthorne,Keystone,Dillon,Colorado,80435,United States,mountains_lakes,https://www.airbnb.com/rooms/20391611,https://a0.muscache.com/im/pictures/893c6583-af95-49ca-8954-75caf36eff0b.jpg?aki_policy=x_large,20391611,4164838,39.6087658195,-105.9731880793,=AVERAGE($G$2:$G$439),=AVERAGE($D$2:$D$439),"=IFERROR(($AT420-G420)/$AT420,0)","=IFERROR(($AU420-D420)/$AU420,0)",=$AU420-D420
Value 1br Condo~flying Dutchman 1197~kids Ski Free,RedAwning,,0,223,0,0,302,1,2,6,false,true,true,true,true,false,true,Home/Apartment,Condominium (condo),Apt/Condo/Loft,3.5,15,1,21+,Luxury,false,0,true,0,0,2024-10-02,Frisco/Silverthorne,Keystone,Dillon,Colorado,80435,United States,mountains_lakes,https://www.airbnb.com/rooms/23295358,https://a0.muscache.com/im/pictures/prohost-api/Hosting-23295358/original/9aa40e4b-005b-4864-bbb9-dd56ff9addec.jpeg,23295358,4424252ha,39.6015,-105.9742,=AVERAGE($G$2:$G$439),=AVERAGE($D$2:$D$439),"=IFERROR(($AT421-G421)/$AT421,0)","=IFERROR(($AU421-D421)/$AU421,0)",=$AU421-D421
New 3br Home. Sleeps10 W/fireplace & Mountain View,RedAwning,,0,5713,0,0,33,3,3,10,false,false,true,true,true,false,true,Home/Apartment,Townhouse,Apt/Condo/Loft,4.9,12,1,21+,Luxury,false,0,true,0,0,2025-08-27,Frisco/Silverthorne,Keystone,Dillon,Colorado,80435,United States,mountains_lakes,https://www.airbnb.com/rooms/23361248,https://a0.muscache.com/im/pictures/4c718875-ad6a-42ba-84cc-79874daf1764.jpg,23361248,4698928ha,39.607319,-105.946243,=AVERAGE($G$2:$G$439),=AVERAGE($D$2:$D$439),"=IFERROR(($AT422-G422)/$AT422,0)","=IFERROR(($AU422-D422)/$AU422,0)",=$AU422-D422
"8174 | Cozy, wood floors, steps to the gondola!",Keystone Resort,,0,0,0,0,3,1,1,4,false,true,true,true,true,false,false,Home/Apartment,Condominium (condo),Apt/Condo/Loft,4.7,165,1,21+,Luxury,true,0,true,0,0,2025-03-26,Frisco/Silverthorne,Keystone,Dillon,Colorado,80435,United States,mountains_lakes,https://www.airbnb.com/rooms/23376559,https://a0.muscache.com/im/pictures/0ebd4ff0-c572-46cb-9900-b85142d246de.jpg,23376559,,39.6069,-105.94459,=AVERAGE($G$2:$G$439),=AVERAGE($D$2:$D$439),"=IFERROR(($AT423-G423)/$AT423,0)","=IFERROR(($AU423-D423)/$AU423,0)",=$AU423-D423
2 Bedroom Condo with Gas Fireplace + Hot Tub!,Leavetown,,0,0,0,0,1,2,2,6,false,true,true,true,false,false,false,Private Room,Nature lodge,Unique,0,0,1,21+,Luxury,false,0,true,0,0,2026-05-14,Frisco/Silverthorne,Keystone,Dillon,Colorado,80435,United States,mountains_lakes,https://www.airbnb.com/rooms/24083162,https://a0.muscache.com/im/pictures/ef493b6f-5b18-483b-889d-73651a6a836e.jpg,24083162,4061775,39.6059,-105.95364,=AVERAGE($G$2:$G$439),=AVERAGE($D$2:$D$439),"=IFERROR(($AT424-G424)/$AT424,0)","=IFERROR(($AU424-D424)/$AU424,0)",=$AU424-D424
New Luxury 3br Townhome R40,RedAwning,,0,0,0,0,81,3,2,8,false,false,true,true,true,false,true,Home/Apartment,Townhouse,Apt/Condo/Loft,5,2,1,21+,Luxury,false,977,true,0,0,2025-11-26,Frisco/Silverthorne,Keystone,Dillon,Colorado,80435,United States,mountains_lakes,https://www.airbnb.com/rooms/24387504,https://a0.muscache.com/im/pictures/098399a4-048c-403f-b0ff-619cb462c5c1.jpg,24387504,4948848ha,39.607319,-105.946243,=AVERAGE($G$2:$G$439),=AVERAGE($D$2:$D$439),"=IFERROR(($AT425-G425)/$AT425,0)","=IFERROR(($AU425-D425)/$AU425,0)",=$AU425-D425
KEYSTONE 1 BED CONDO,151959957,,0,0,0,0,236,1,1,4,false,true,false,true,true,false,true,Home/Apartment,Condominium (condo),Apt/Condo/Loft,4.95,134,2,2-5,Luxury,true,85,false,0,0,2025-12-08,Frisco/Silverthorne,Keystone,Dillon,Colorado,80435,United States,mountains_lakes,https://www.airbnb.com/rooms/29254131,https://a0.muscache.com/im/pictures/f88c39fd-5d6f-4486-8922-da6f1434f5d6.jpg,29254131,1425148,39.60798,-105.94554,=AVERAGE($G$2:$G$439),=AVERAGE($D$2:$D$439),"=IFERROR(($AT426-G426)/$AT426,0)","=IFERROR(($AU426-D426)/$AU426,0)",=$AU426-D426
Beautiful Spacious Mtn Hm on Snake R  Slps 8+kids,224480986,,0,605,0,0,363,4,4,8,false,false,true,true,true,false,false,Home/Apartment,House,House/villa,5,2,180,1,Luxury,false,198,false,0,0,2026-05-14,Frisco/Silverthorne,Keystone,Dillon,Colorado,80435,United States,mountains_lakes,https://www.airbnb.com/rooms/30131356,https://a0.muscache.com/im/pictures/c0af5afc-da71-417f-a97e-29d8c3c7e4fe.jpg,30131356,,39.57939,-105.86736,=AVERAGE($G$2:$G$439),=AVERAGE($D$2:$D$439),"=IFERROR(($AT427-G427)/$AT427,0)","=IFERROR(($AU427-D427)/$AU427,0)",=$AU427-D427
"Luxe 2bed/2bath Condo in River Run - Pool, Hot Tub",103123329,,0,914,0,0,348,2,2,6,false,true,false,true,true,false,true,Home/Apartment,Condominium (condo),Apt/Condo/Loft,4.95,95,2,2-5,Luxury,false,231,false,0,0,2026-05-15,Frisco/Silverthorne,Keystone,Dillon,Colorado,80435,United States,mountains_lakes,https://www.airbnb.com/rooms/37875130,https://a0.muscache.com/im/pictures/325520ee-7b9f-48a4-9e2f-2994da184b9c.jpg,37875130,3561675,39.6073,-105.9435,=AVERAGE($G$2:$G$439),=AVERAGE($D$2:$D$439),"=IFERROR(($AT428-G428)/$AT428,0)","=IFERROR(($AU428-D428)/$AU428,0)",=$AU428-D428
"Walk to Lift! 2BR/2BA Keystone,CO",23865773,,0,487,0,0,9,2,2,8,false,false,false,true,true,false,false,Home/Apartment,Condominium (condo),Apt/Condo/Loft,4.65,43,2,1,Luxury,false,162,false,0,0,2026-05-13,Frisco/Silverthorne,Keystone,Dillon,Colorado,80435,United States,mountains_lakes,https://www.airbnb.com/rooms/4605651,https://a0.muscache.com/im/pictures/57835299/1cd734fa_original.jpg,4605651,,39.60558,-105.95348,=AVERAGE($G$2:$G$439),=AVERAGE($D$2:$D$439),"=IFERROR(($AT429-G429)/$AT429,0)","=IFERROR(($AU429-D429)/$AU429,0)",=$AU429-D429
Cozy condo with views of the snowy mountains!,SummitCove,,0,206,0,0,1,2,2,6,false,true,false,true,true,false,true,Home/Apartment,Condominium (condo),Apt/Condo/Loft,4.6,6,2,21+,Luxury,true,210,true,0,0,2025-10-02,Frisco/Silverthorne,Keystone,Dillon,Colorado,80435,United States,mountains_lakes,https://www.airbnb.com/rooms/47082138,https://a0.muscache.com/im/pictures/prohost-api/Hosting-47082138/original/1816a724-c4ef-4519-a701-20b1422bc1fa.jpeg,47082138,,39.606983,-105.957954,=AVERAGE($G$2:$G$439),=AVERAGE($D$2:$D$439),"=IFERROR(($AT430-G430)/$AT430,0)","=IFERROR(($AU430-D430)/$AU430,0)",=$AU430-D430
3br In River Run Village. Featuring Ski-In/out,RedAwning,,0,0,0,0,8,3,3,9,false,true,true,true,true,false,true,Home/Apartment,Condominium (condo),Apt/Condo/Loft,3.7,3,1,21+,Luxury,false,0,true,0,0,2026-05-13,Frisco/Silverthorne,Keystone,Dillon,Colorado,80435,United States,mountains_lakes,https://www.airbnb.com/rooms/584309533569049270,https://a0.muscache.com/im/pictures/prohost-api/Hosting-584309533569049270/original/dbcf585a-a69c-465f-91de-f02bfb1cb6ca.jpeg,584309533569049270,9671105ha,39.6041,-105.9414,=AVERAGE($G$2:$G$439),=AVERAGE($D$2:$D$439),"=IFERROR(($AT431-G431)/$AT431,0)","=IFERROR(($AU431-D431)/$AU431,0)",=$AU431-D431
RARE 2/2 WALK-OUT w/AMAZING VIEWS CLOSE TO GONDOLA,448929146,,0,303,0,0,167,2,2,6,false,true,false,true,true,false,true,Home/Apartment,Condominium (condo),Apt/Condo/Loft,5,1,3,1,Luxury,false,219,false,0,0,2026-05-15,Frisco/Silverthorne,Keystone,Dillon,Colorado,80435,United States,mountains_lakes,https://www.airbnb.com/rooms/653725171865703919,https://a0.muscache.com/im/pictures/miso/Hosting-653725171865703919/original/ee3315cd-b1a7-4095-9e3d-7980b1d2be30.jpeg,653725171865703919,2956401,39.60765,-105.93832,=AVERAGE($G$2:$G$439),=AVERAGE($D$2:$D$439),"=IFERROR(($AT432-G432)/$AT432,0)","=IFERROR(($AU432-D432)/$AU432,0)",=$AU432-D432
Settler's Creek #6563,Summit County Mountain Retreats,,0,2515,0,0,25,3,3,7,false,false,false,true,true,false,true,Home/Apartment,Villa,House/villa,4.75,34,1,21+,Luxury,false,215,true,0,0,2026-01-31,Frisco/Silverthorne,Keystone,Dillon,Colorado,80435,United States,mountains_lakes,https://www.airbnb.com/rooms/741242220963164457,https://a0.muscache.com/im/pictures/hosting/Hosting-U3RheVN1cHBseUxpc3Rpbmc6NzQxMjQyMjIwOTYzMTY0NDU3/original/7e983cf8-3cda-4451-b98f-80113fbffd98.jpeg,741242220963164457,3024651,39.6043,-105.9294,=AVERAGE($G$2:$G$439),=AVERAGE($D$2:$D$439),"=IFERROR(($AT433-G433)/$AT433,0)","=IFERROR(($AU433-D433)/$AU433,0)",=$AU433-D433
Keystone CO | The Pines #2041 | 2 Bedroom plus Lof,Gondola Resorts,,0,0,0,0,16,2,2,7,false,false,true,true,true,false,true,Home/Apartment,House,House/villa,0,0,3,21+,Luxury,false,190,false,0,0,2025-03-19,Frisco/Silverthorne,Keystone,Dillon,Colorado,80435,United States,mountains_lakes,https://www.airbnb.com/rooms/940633008356342927,https://a0.muscache.com/im/pictures/prohost-api/Hosting-940633008356342927/original/a5a68f21-a671-48b5-930b-f1d266046884.jpeg,940633008356342927,,39.60438,-105.97857,=AVERAGE($G$2:$G$439),=AVERAGE($D$2:$D$439),"=IFERROR(($AT434-G434)/$AT434,0)","=IFERROR(($AU434-D434)/$AU434,0)",=$AU434-D434
Holiday for 4 | Prime Location + Exclusive Privacy,Leavetown,,0,6435,0,0,1,1,1,4,false,false,false,false,false,false,true,Home/Apartment,Condominium (condo),Apt/Condo/Loft,0,0,1,21+,Luxury,false,0,true,0,0,2026-05-16,Frisco/Silverthorne,Keystone,Dillon,Colorado,80435,United States,mountains_lakes,https://www.airbnb.com/rooms/955023225059558265,https://a0.muscache.com/im/pictures/prohost-api/Hosting-955023225059558265/original/c835f9c1-9110-4d34-8a19-211344e428da.jpeg,955023225059558265,3552493,39.60672,-105.94376,=AVERAGE($G$2:$G$439),=AVERAGE($D$2:$D$439),"=IFERROR(($AT435-G435)/$AT435,0)","=IFERROR(($AU435-D435)/$AU435,0)",=$AU435-D435
River Run Luxury 2BR/2BA - Walk to Gondola,41826683,,0,6413,0,0,346,2,2,6,false,true,true,true,true,false,true,Home/Apartment,Condominium (condo),Apt/Condo/Loft,4.9,19,4,1,Luxury,false,128,false,0,0,2026-05-13,Frisco/Silverthorne,Keystone,Dillon,Colorado,80435,United States,mountains_lakes,https://www.airbnb.com/rooms/9695071,https://a0.muscache.com/im/pictures/56240fd2-f5e4-4b8c-8a94-6bc2e45e17fd.jpg,9695071,,39.6073,-105.9451,=AVERAGE($G$2:$G$439),=AVERAGE($D$2:$D$439),"=IFERROR(($AT436-G436)/$AT436,0)","=IFERROR(($AU436-D436)/$AU436,0)",=$AU436-D436
Spacious 3BR Ski Tip Townhouse near slopes w/ shared heated pool & hot tubs!,Gondola Resorts,,0,8489,0,0,334,3,2,8,false,true,true,true,true,false,true,Home/Apartment,House,House/villa,0,0,3,21+,Luxury,false,269,false,0,0,2026-05-16,Frisco/Silverthorne,Keystone,Dillon,Colorado,80435,United States,mountains_lakes,https://www.vrbo.com/1643211,https://media.vrbo.com/lodging/37000000/36850000/36848300/36848265/fabf3bd9.jpg?impolicy=resizecrop&rw=1200&ra=fit,,1643211,39.607849,-105.928635,=AVERAGE($G$2:$G$439),=AVERAGE($D$2:$D$439),"=IFERROR(($AT437-G437)/$AT437,0)","=IFERROR(($AU437-D437)/$AU437,0)",=$AU437-D437
Luxury streamside log home walking distance from Keystone Resort!,,,0,9562,0,0,348,4,4,10,false,false,true,true,true,false,false,Home/Apartment,House,House/villa,4.9,23,4,1,Luxury,false,450,false,0,0,2026-05-16,Frisco/Silverthorne,Keystone,Dillon,Colorado,80435,United States,mountains_lakes,https://www.vrbo.com/2060021,https://media.vrbo.com/lodging/58000000/57820000/57818300/57818233/852e9675.jpg?impolicy=resizecrop&rw=1200&ra=fit,,2060021,39.610188,-105.94039,=AVERAGE($G$2:$G$439),=AVERAGE($D$2:$D$439),"=IFERROR(($AT438-G438)/$AT438,0)","=IFERROR(($AU438-D438)/$AU438,0)",=$AU438-D438
"Stunning Walk To Lifts 2 Bathrooms Large Studio!  
STR License:STR20-00124",,,0,0,0,0,184,,1,6,false,false,true,true,true,false,true,Home/Apartment,Condominium (condo),Apt/Condo/Loft,5,18,3,1,Luxury,false,75,false,0,0,2025-12-13,Frisco/Silverthorne,Keystone,Dillon,Colorado,80435,United States,mountains_lakes,https://www.vrbo.com/908320,https://media.vrbo.com/lodging/39000000/38110000/38109600/38109557/w4032h2842x0y0-8f119266.jpg?impolicy=resizecrop&rw=1200&ra=fit,,908320,39.60756,-105.95474,=AVERAGE($G$2:$G$439),=AVERAGE($D$2:$D$439),"=IFERROR(($AT439-G439)/$AT439,0)","=IFERROR(($AU439-D439)/$AU439,0)",=$AU439-D439
