Title,Property Manager/Host,Contact,Revenue,Revenue Potential,ADR,Occupancy,Days Available,Bedrooms,Bathrooms,Accommodates,Has Air Conditioning,Has Gym,Has Hot Tub,Has Kitchen,Has Parking,Has Pets,Has Pool,Listing Type,Property Type,Real Estate Type,Overall Rating,Number of Reviews,Minimum Stay,Host Unit Count,Price Tier,Airbnb Superhost,Cleaning Fee,Instant Book,Reserved Days,Number of Bookings,Last Update,AirDNA Market,AirDNA Subarket,City,State,Zipcode,Country,Location Type,Listing URL,Main Listing Image,Airbnb Property ID,Vrbo Property ID,Latitude,Longitude,Market Average Occupancy,Market Average Revenue,Occupancy Gap,Revenue % Gap,Revenue $ Gap
"Isla Sands Collection: Sleeps 24, Waterfront",Newman Hospitality,,669811,730719,2733.92,72.49,338,12,12,16,true,false,false,true,true,false,true,Home/Apartment,House,House/villa,0,0,1,21+,Luxury,false,184,true,245,38,2025-09-14,Key West,Islamorada,Islamorada,Florida,33036,United States,coastal,https://www.airbnb.com/rooms/1255029569132312232,https://a0.muscache.com/im/pictures/prohost-api/Hosting-1255029569132312232/original/18c0889d-870b-4f8f-a621-3681ed8cc5db.jpeg,1255029569132312232,20055754ha,24.92353,-80.62703,=AVERAGE($G$2:$G$191),=AVERAGE($D$2:$D$191),"=IFERROR(($AT2-G2)/$AT2,0)","=IFERROR(($AU2-D2)/$AU2,0)",=$AU2-D2
Island Beach House Oasis Your Memory Maker awaits,2428723,,413624,413624,5825.69,23.36,365,6,6,16,true,false,false,true,true,true,true,Home/Apartment,House,House/villa,5,5,3,6-20,Luxury,false,999,true,71,20,2026-05-14,Key West,Islamorada,Islamorada,Florida,33036,United States,coastal,https://www.airbnb.com/rooms/665868898027104148,https://a0.muscache.com/im/pictures/prohost-api/Hosting-665868898027104148/original/45318440-8bec-45b5-81f2-38d08275cebe.jpeg,665868898027104148,2900265,24.87004,-80.70607,=AVERAGE($G$2:$G$191),=AVERAGE($D$2:$D$191),"=IFERROR(($AT3-G3)/$AT3,0)","=IFERROR(($AU3-D3)/$AU3,0)",=$AU3-D3
BeachFront Paradise/By The Glam Homes,The Glam Homes,,390698,409178,1669.65,66.86,350,4,4,15,true,false,true,true,true,false,true,Home/Apartment,House,House/villa,4,29,28,21+,Luxury,false,601,true,234,63,2026-05-11,Key West,Islamorada,Islamorada,Florida,33036,United States,coastal,https://www.airbnb.com/rooms/1293010400201207090,https://a0.muscache.com/im/pictures/hosting/Hosting-1293010400201207090/original/0bd2e980-c063-4aa0-acd7-9a9eca785e75.jpeg,1293010400201207090,4448826,24.8652,-80.7112,=AVERAGE($G$2:$G$191),=AVERAGE($D$2:$D$191),"=IFERROR(($AT4-G4)/$AT4,0)","=IFERROR(($AU4-D4)/$AU4,0)",=$AU4-D4
Beachfront Villa |Kayak|Cinema|Fire Pit|Pool,The Glam Homes,,378983,397834,1923.77,57.43,343,4,4,15,true,false,true,true,true,true,true,Home/Apartment,Villa,House/villa,4.8,119,7,21+,Luxury,false,651,true,197,45,2025-12-28,Key West,Islamorada,Islamorada,Florida,33036,United States,coastal,https://www.airbnb.com/rooms/640557361586046314,https://a0.muscache.com/im/pictures/miso/Hosting-640557361586046314/original/c3610f5b-9847-478c-a620-c686837a1030.png,640557361586046314,2931273,24.8651891,-80.7104615,=AVERAGE($G$2:$G$191),=AVERAGE($D$2:$D$191),"=IFERROR(($AT5-G5)/$AT5,0)","=IFERROR(($AU5-D5)/$AU5,0)",=$AU5-D5
Private Beach / Pickleball Court and Tiki Bar,Latitude Key,,351941,505269,3351.82,45.65,259,6,4,16,true,false,false,true,true,true,true,Home/Apartment,House,House/villa,5,3,7,21+,Luxury,true,1071,false,105,19,2026-05-16,Key West,Islamorada,Islamorada,Florida,33036,United States,coastal,https://www.airbnb.com/rooms/1290974928235010589,https://a0.muscache.com/im/pictures/prohost-api/Hosting-1290974928235010589/original/a60433ad-5a71-4404-9013-2aba5c878530.jpeg,1290974928235010589,4291235,24.873,-80.704,=AVERAGE($G$2:$G$191),=AVERAGE($D$2:$D$191),"=IFERROR(($AT6-G6)/$AT6,0)","=IFERROR(($AU6-D6)/$AU6,0)",=$AU6-D6
Pineapple Beach,Keys Ocean Vacation Rentals,,350654,691716,2827.85,79.49,181,5,4,10,true,false,true,true,true,false,true,Home/Apartment,House,House/villa,4.65,12,7,21+,Luxury,true,1285,true,124,17,2026-05-17,Key West,Islamorada,Islamorada,Florida,33036,United States,coastal,https://www.airbnb.com/rooms/1138315818880859894,https://a0.muscache.com/im/pictures/prohost-api/Hosting-1138315818880859894/original/a9fffc6f-ea87-4580-92e4-b6124a605d74.jpeg,1138315818880859894,3738364,24.9733,-80.5515,=AVERAGE($G$2:$G$191),=AVERAGE($D$2:$D$191),"=IFERROR(($AT7-G7)/$AT7,0)","=IFERROR(($AU7-D7)/$AU7,0)",=$AU7-D7
Private Beach | Heated Pool | Mahi Key,Latitude Key,,309737,317100,1420.81,61.76,353,3,3,6,true,false,false,true,true,true,true,Home/Apartment,House,House/villa,4.9,10,7,21+,Luxury,true,481,true,218,33,2026-05-13,Key West,Islamorada,Islamorada,Florida,33036,United States,coastal,https://www.airbnb.com/rooms/1351654477680236438,https://a0.muscache.com/im/pictures/prohost-api/Hosting-1351654477680236438/original/6b099a7d-a18d-40bf-a375-7a3c7af679c3.jpeg,1351654477680236438,4422456,24.8705,-80.7027,=AVERAGE($G$2:$G$191),=AVERAGE($D$2:$D$191),"=IFERROR(($AT8-G8)/$AT8,0)","=IFERROR(($AU8-D8)/$AU8,0)",=$AU8-D8
Island Palm Estate,507528739,,282657,408279,2798.58,50.5,240,10,10,16,true,true,false,true,true,false,true,Home/Apartment,Villa,House/villa,5,3,28,21+,Luxury,false,1000,true,101,14,2026-05-16,Key West,Islamorada,Islamorada,Florida,33036,United States,coastal,https://www.airbnb.com/rooms/913854835472738027,https://a0.muscache.com/im/pictures/prohost-api/Hosting-913854835472738027/original/d8cb1072-2e72-4905-80b5-1b6801d960cc.jpeg,913854835472738027,3306767,24.92436,-80.62476,=AVERAGE($G$2:$G$191),=AVERAGE($D$2:$D$191),"=IFERROR(($AT9-G9)/$AT9,0)","=IFERROR(($AU9-D9)/$AU9,0)",=$AU9-D9
Turtle Nest Estate,507528739,,278603,384821,1556.44,65.81,272,4,4,12,true,false,false,true,true,false,true,Home/Apartment,Villa,House/villa,4.75,15,7,21+,Luxury,false,650,true,179,29,2026-05-17,Key West,Islamorada,Islamorada,Florida,33036,United States,coastal,https://www.airbnb.com/rooms/907259643452189381,https://a0.muscache.com/im/pictures/prohost-api/Hosting-907259643452189381/original/87f6bfd4-9d3a-4c6f-81b6-4880b9827601.jpeg,907259643452189381,2980153,24.86627,-80.70935,=AVERAGE($G$2:$G$191),=AVERAGE($D$2:$D$191),"=IFERROR(($AT10-G10)/$AT10,0)","=IFERROR(($AU10-D10)/$AU10,0)",=$AU10-D10
Tea Table Key Private Island  5 BR Oceanfront home,Island Villa Rental Properties,,266642,442615,3212.55,44.39,229,6,5,10,true,false,false,true,true,false,true,Home/Apartment,House,House/villa,5,1,7,6-20,Luxury,false,666,false,83,17,2026-05-14,Key West,Islamorada,Islamorada,Florida,33036,United States,coastal,https://www.airbnb.com/rooms/652029010838901807,https://a0.muscache.com/im/pictures/miso/Hosting-652029010838901807/original/ebf35115-ca28-4362-b6d8-8c90e9c48c89.jpeg,652029010838901807,2867194,24.89302,-80.65708,=AVERAGE($G$2:$G$191),=AVERAGE($D$2:$D$191),"=IFERROR(($AT11-G11)/$AT11,0)","=IFERROR(($AU11-D11)/$AU11,0)",=$AU11-D11
Islamorada Penthouse with Private Beach & Pool!,Equity Residences,,223351,280891,1151.29,71.59,292,3,3,8,true,false,false,true,true,false,true,Home/Apartment,Condominium (condo),Apt/Condo/Loft,4.9,31,7,21+,Luxury,true,699,false,194,34,2026-05-17,Key West,Islamorada,Islamorada,Florida,33036,United States,coastal,https://www.airbnb.com/rooms/50345715,https://a0.muscache.com/im/pictures/prohost-api/Hosting-50345715/original/d5b6d7fe-5019-4db4-919a-eaf20b4938b3.jpeg,50345715,2352171,24.9067,-80.6458,=AVERAGE($G$2:$G$191),=AVERAGE($D$2:$D$191),"=IFERROR(($AT12-G12)/$AT12,0)","=IFERROR(($AU12-D12)/$AU12,0)",=$AU12-D12
"Waterfront private home, pool, dock, sunsets, tiki",431196631,,209036,260350,1266.88,65.74,276,4,3,7,true,false,true,true,true,true,true,Home/Apartment,House,House/villa,5,56,7,1,Luxury,true,450,false,165,24,2026-05-11,Key West,Islamorada,Islamorada,Florida,33036,United States,coastal,https://www.airbnb.com/rooms/836818708997811556,https://a0.muscache.com/im/pictures/bb030042-3ce8-4ea7-8b66-c15581c97eed.jpg,836818708997811556,3999773,24.9202,-80.6335,=AVERAGE($G$2:$G$191),=AVERAGE($D$2:$D$191),"=IFERROR(($AT13-G13)/$AT13,0)","=IFERROR(($AU13-D13)/$AU13,0)",=$AU13-D13
4 Bedroom Oceanfront Accessible Villa – Capacity 8,369863983,,200819,241748,2256.39,28.08,318,4,4,8,true,true,false,true,true,true,true,Home/Apartment,Villa,House/villa,5,4,2,6-20,Luxury,true,0,true,89,29,2026-05-13,Key West,Islamorada,Islamorada,Florida,33036,United States,coastal,https://www.airbnb.com/rooms/46756700,https://a0.muscache.com/im/pictures/prohost-api/Hosting-46756700/original/10a3dd80-d2dc-4b90-afbc-985c11c7b3ba.jpeg,46756700,4963158,24.9275,-80.6223,=AVERAGE($G$2:$G$191),=AVERAGE($D$2:$D$191),"=IFERROR(($AT14-G14)/$AT14,0)","=IFERROR(($AU14-D14)/$AU14,0)",=$AU14-D14
Oceanfront Keys Escape | Private Beach & Pool | 3,63349033,,189964,228911,1544.42,60,320,3,2,8,true,false,false,true,true,true,true,Home/Apartment,House,House/villa,5,56,7,2-5,Luxury,false,699,true,123,15,2026-05-13,Key West,Islamorada,Islamorada,Florida,33036,United States,coastal,https://www.airbnb.com/rooms/51857893,https://a0.muscache.com/im/pictures/prohost-api/Hosting-51857893/original/b93fd0a1-fe03-4081-8341-a2bb2a8e2c90.jpeg,51857893,2409559,24.9259,-80.6238,=AVERAGE($G$2:$G$191),=AVERAGE($D$2:$D$191),"=IFERROR(($AT15-G15)/$AT15,0)","=IFERROR(($AU15-D15)/$AU15,0)",=$AU15-D15
Islamorada ~ Your Hammock Awaits,65533720,,186321,353823,1433.24,83.33,179,4,5,12,true,false,false,true,true,true,true,Home/Apartment,House,House/villa,5,97,7,1,Luxury,false,0,false,130,14,2026-05-14,Key West,Islamorada,Islamorada,Florida,33036,United States,coastal,https://www.airbnb.com/rooms/932821202304065938,https://a0.muscache.com/im/pictures/miso/Hosting-932821202304065938/original/5023893c-78f2-49e3-8834-f17ad6830ff8.jpeg,932821202304065938,311833ha,24.872,-80.7016,=AVERAGE($G$2:$G$191),=AVERAGE($D$2:$D$191),"=IFERROR(($AT16-G16)/$AT16,0)","=IFERROR(($AU16-D16)/$AU16,0)",=$AU16-D16
Oceanfront + Resort Perks | 4BR Villa (Sleeps 8),369863983,,183730,235789,2417.5,25.08,313,4,4,8,true,false,false,true,false,true,true,Home/Apartment,Villa,House/villa,0,0,2,6-20,Luxury,true,0,true,76,31,2026-05-13,Key West,Islamorada,Islamorada,Florida,33036,United States,coastal,https://www.airbnb.com/rooms/1284787679733240735,https://a0.muscache.com/im/pictures/hosting/Hosting-1284787679733240735/original/ef4b089f-0c61-49ea-9534-8254d990221b.jpeg,1284787679733240735,4963155,24.9275,-80.6224,=AVERAGE($G$2:$G$191),=AVERAGE($D$2:$D$191),"=IFERROR(($AT17-G17)/$AT17,0)","=IFERROR(($AU17-D17)/$AU17,0)",=$AU17-D17
"Oceanfront Estate with Private 350 foot Pier, Heated Pool, Pet Friendly",,,183652,264652,1061.57,74.89,260,4,3,10,true,false,false,true,true,true,true,Home/Apartment,House,House/villa,4.7,108,7,1,Luxury,false,396,true,173,25,2026-05-15,Key West,Islamorada,Tavernier,Florida,33070,United States,coastal,https://www.vrbo.com/207249ha,https://media.vrbo.com/lodging/35000000/34020000/34015800/34015770/f1425d94.jpg?impolicy=resizecrop&rw=1200&ra=fit,,207249ha,24.977977,-80.549138,=AVERAGE($G$2:$G$191),=AVERAGE($D$2:$D$191),"=IFERROR(($AT18-G18)/$AT18,0)","=IFERROR(($AU18-D18)/$AU18,0)",=$AU18-D18
"Maison Residences, 8 Bedroom oceanfront w Pool",Island Villa Rental Properties,,170442,263895,2622.18,37.57,280,8,9,16,true,false,false,true,true,false,true,Home/Apartment,Apartment,Apt/Condo/Loft,0,0,7,6-20,Luxury,false,1222,false,65,5,2026-02-22,Key West,Islamorada,Islamorada,Florida,33036,United States,coastal,https://www.airbnb.com/rooms/1243544270533828109,https://a0.muscache.com/im/pictures/hosting/Hosting-1243544270533828109/original/433a82b3-33d8-4613-aad3-3ba43e464b54.jpeg,1243544270533828109,4192159,24.9069,-80.6461,=AVERAGE($G$2:$G$191),=AVERAGE($D$2:$D$191),"=IFERROR(($AT19-G19)/$AT19,0)","=IFERROR(($AU19-D19)/$AU19,0)",=$AU19-D19
Seaside Sanctuary in Islamorada,38793410,,161764,176514,1163.77,52.26,331,4,4,8,true,false,false,true,true,true,true,Home/Apartment,House,House/villa,4.95,25,7,6-20,Luxury,true,500,false,139,25,2026-05-16,Key West,Islamorada,Islamorada,Florida,33036,United States,coastal,https://www.airbnb.com/rooms/1115968666458673701,https://a0.muscache.com/im/pictures/miso/Hosting-1115968666458673701/original/450a919d-ff1c-467d-8a0d-7460f2b53726.jpeg,1115968666458673701,3912783,24.91867,-80.63354,=AVERAGE($G$2:$G$191),=AVERAGE($D$2:$D$191),"=IFERROR(($AT20-G20)/$AT20,0)","=IFERROR(($AU20-D20)/$AU20,0)",=$AU20-D20
Oceanfront Cottage With Stunning Pool & Dockage in Islamorada,,,157524,191468,2500.38,50.4,317,2,2,4,true,false,true,true,true,false,true,Home/Apartment,House,House/villa,5,4,7,1,Luxury,false,250,false,63,4,2026-05-14,Key West,Islamorada,Islamorada,Florida,33036,United States,coastal,https://www.vrbo.com/689629,https://media.vrbo.com/lodging/38000000/37260000/37251800/37251780/000eb7d9.jpg?impolicy=resizecrop&rw=1200&ra=fit,,689629,24.904727,-80.657248,=AVERAGE($G$2:$G$191),=AVERAGE($D$2:$D$191),"=IFERROR(($AT21-G21)/$AT21,0)","=IFERROR(($AU21-D21)/$AU21,0)",=$AU21-D21
"Castaway Island - Pool, Spa, Tiki Bar, Kyaks,Sup’s",460740417,,151930,177799,593.48,81.27,315,2,1,5,true,false,true,true,true,true,true,Home/Apartment,Bungalow,House/villa,5,169,3,1,Luxury,true,195,true,256,60,2026-05-11,Key West,Islamorada,Islamorada,Florida,33036,United States,coastal,https://www.airbnb.com/rooms/634001765630603450,https://a0.muscache.com/im/pictures/miso/Hosting-634001765630603450/original/7f86eda0-1891-4672-8af6-4d687c1e84e0.jpeg,634001765630603450,9161149ha,24.875,-80.7002,=AVERAGE($G$2:$G$191),=AVERAGE($D$2:$D$191),"=IFERROR(($AT22-G22)/$AT22,0)","=IFERROR(($AU22-D22)/$AU22,0)",=$AU22-D22
Orchid Beach,Freewheeler Vacations Inc,,149024,149024,1284.69,80.56,335,4,4,8,true,false,false,true,true,false,true,Home/Apartment,House,House/villa,0,0,28,21+,Luxury,false,850,false,116,2,2025-09-05,Key West,Islamorada,Islamorada,Florida,33036,United States,coastal,https://www.airbnb.com/rooms/1247861829502843985,https://a0.muscache.com/im/pictures/miso/Hosting-1247861829502843985/original/bd499f1a-8197-438d-8fca-e7ed374b87d9.jpeg,1247861829502843985,9967092ha,24.87781,-80.69511,=AVERAGE($G$2:$G$191),=AVERAGE($D$2:$D$191),"=IFERROR(($AT23-G23)/$AT23,0)","=IFERROR(($AU23-D23)/$AU23,0)",=$AU23-D23
Peninsula Villa | Boat Dock | Heated Pool | Sunset,Latitude Key,,146255,202704,2031.32,42.35,284,5,4,10,true,false,false,true,true,true,true,Home/Apartment,House,House/villa,5,8,7,21+,Luxury,true,915,false,72,13,2026-05-17,Key West,Islamorada,Islamorada,Florida,33036,United States,coastal,https://www.airbnb.com/rooms/1126302648948144684,https://a0.muscache.com/im/pictures/prohost-api/Hosting-1126302648948144684/original/c9be85b5-ff82-4bc6-b1cf-8149c0aef7a0.jpeg,1126302648948144684,3935299,24.8735,-80.7038,=AVERAGE($G$2:$G$191),=AVERAGE($D$2:$D$191),"=IFERROR(($AT24-G24)/$AT24,0)","=IFERROR(($AU24-D24)/$AU24,0)",=$AU24-D24
Wander Islamorada Island,Wander,,144624,151129,3286.91,25.14,175,6,6,12,true,false,true,true,true,true,true,Home/Apartment,House,House/villa,0,0,7,21+,Luxury,true,450,true,44,8,2025-01-30,Key West,Islamorada,Islamorada,Florida,33036,United States,coastal,https://www.airbnb.com/rooms/1219650363136142051,https://a0.muscache.com/im/pictures/miso/Hosting-1219650363136142051/original/ecc593e7-ce26-4de6-97e8-f5aa5c5bbf00.jpeg,1219650363136142051,4141822,24.8938,-80.6596,=AVERAGE($G$2:$G$191),=AVERAGE($D$2:$D$191),"=IFERROR(($AT25-G25)/$AT25,0)","=IFERROR(($AU25-D25)/$AU25,0)",=$AU25-D25
"Voted best boutique resort in Islamorada! Beach, dockage, pool + more!",,,135485,312092,2765,87.5,92,8,7,22,true,false,true,true,true,true,true,Home/Apartment,House,House/villa,0,0,7,1,Luxury,false,1200,false,49,1,2025-10-15,Key West,Islamorada,Islamorada,Florida,33036,United States,coastal,https://www.vrbo.com/4012678,https://media.vrbo.com/lodging/106000000/105380000/105374500/105374482/8c9ef835.jpg?impolicy=resizecrop&rw=1200&ra=fit,,4012678,24.92699,-80.62686,=AVERAGE($G$2:$G$191),=AVERAGE($D$2:$D$191),"=IFERROR(($AT26-G26)/$AT26,0)","=IFERROR(($AU26-D26)/$AU26,0)",=$AU26-D26
"Spectacular Ocean Front Home In Beautiful Islamorada!Slip,Com Pool, & Prv Bch",,,132861,145418,593.13,71.34,345,2,2,6,true,false,false,true,true,false,true,Home/Apartment,House,House/villa,5,51,7,1,Luxury,false,250,true,224,35,2026-05-17,Key West,Islamorada,Islamorada,Florida,33036,United States,coastal,https://www.vrbo.com/2359899,https://media.vrbo.com/lodging/69000000/68940000/68933000/68932948/64614435.jpg?impolicy=resizecrop&rw=1200&ra=fit,,2359899,24.949838,-80.598872,=AVERAGE($G$2:$G$191),=AVERAGE($D$2:$D$191),"=IFERROR(($AT27-G27)/$AT27,0)","=IFERROR(($AU27-D27)/$AU27,0)",=$AU27-D27
75731 Overseas Highway  License#: 24-0390,Freewheeler Vacations Inc,,131242,166877,1171.8,56.57,327,4,4,10,true,false,false,true,true,false,true,Home/Apartment,House,House/villa,4.45,38,7,21+,Luxury,false,738,false,112,16,2026-05-13,Key West,Islamorada,Islamorada,Florida,33036,United States,coastal,https://www.airbnb.com/rooms/14103272,https://a0.muscache.com/im/pictures/2b1983d3-7c77-4174-bb53-07ba9f8dd939.jpg,14103272,4555960ha,24.8653,-80.71112,=AVERAGE($G$2:$G$191),=AVERAGE($D$2:$D$191),"=IFERROR(($AT28-G28)/$AT28,0)","=IFERROR(($AU28-D28)/$AU28,0)",=$AU28-D28
"Closest Oceanfront Home - 3 Stories, Views & Dock",187085649,,126271,152136,725.7,57.43,324,3,3,8,true,false,false,true,true,false,true,Home/Apartment,Townhouse,Apt/Condo/Loft,5,31,7,1,Luxury,true,329,false,174,29,2026-05-17,Key West,Islamorada,Islamorada,Florida,33036,United States,coastal,https://www.airbnb.com/rooms/1076820479856150251,https://a0.muscache.com/im/pictures/hosting/Hosting-1076820479856150251/original/1cf13958-0028-4c32-a35e-24d5513d48ad.jpeg,1076820479856150251,3860651,24.9458,-80.5998,=AVERAGE($G$2:$G$191),=AVERAGE($D$2:$D$191),"=IFERROR(($AT29-G29)/$AT29,0)","=IFERROR(($AU29-D29)/$AU29,0)",=$AU29-D29
"4 bedroom Oceanfront, Top-tier home in Islamorada",Island Villa Rental Properties,,118254,198963,1739.03,68,297,4,4,8,true,true,true,true,true,false,true,Home/Apartment,Condominium (condo),Apt/Condo/Loft,5,3,7,6-20,Luxury,false,805,false,68,8,2026-05-16,Key West,Islamorada,Islamorada,Florida,33036,United States,coastal,https://www.airbnb.com/rooms/49775477,https://a0.muscache.com/im/pictures/miso/Hosting-49775477/original/7bfd84a8-3eee-4e88-a80d-e66b6baaabf0.jpeg,49775477,3503759,24.90768,-80.64647,=AVERAGE($G$2:$G$191),=AVERAGE($D$2:$D$191),"=IFERROR(($AT30-G30)/$AT30,0)","=IFERROR(($AU30-D30)/$AU30,0)",=$AU30-D30
Oceanfront 4BR Villa | Resort Access + Bunks,,,117763,134269,2738.67,34.96,133,4,4,10,true,false,false,true,true,false,false,Home/Apartment,Condominium (condo),Apt/Condo/Loft,5,1,2,1,Luxury,false,0,false,43,16,2026-05-16,Key West,Islamorada,Islamorada,Florida,33036,United States,coastal,https://www.vrbo.com/4963159,https://media.vrbo.com/lodging/124000000/123130000/123126000/123125924/71b66f2b.jpg?impolicy=resizecrop&rw=1200&ra=fit,,4963159,24.927478,-80.622386,=AVERAGE($G$2:$G$191),=AVERAGE($D$2:$D$191),"=IFERROR(($AT31-G31)/$AT31,0)","=IFERROR(($AU31-D31)/$AU31,0)",=$AU31-D31
Paradise in Venetian Shores Pool / SPA - Heater / Chiller & Commercial Ice Maker,,,114318,139370,853.12,52.14,272,3,2,8,true,true,true,true,true,true,true,Home/Apartment,House,House/villa,5,38,28,1,Luxury,false,349,true,134,27,2026-03-01,Key West,Islamorada,Islamorada,Florida,33036,United States,coastal,https://www.vrbo.com/3719777ha,https://media.vrbo.com/lodging/35000000/34530000/34520800/34520723/a7e79a9e.jpg?impolicy=resizecrop&rw=1200&ra=fit,,3719777ha,24.95847,-80.58808,=AVERAGE($G$2:$G$191),=AVERAGE($D$2:$D$191),"=IFERROR(($AT32-G32)/$AT32,0)","=IFERROR(($AU32-D32)/$AU32,0)",=$AU32-D32
"Bayfront Cottage w/ Dock, Pool & Beach! VR#24-0326",Freewheeler Vacations Inc,,103190,146741,881.97,49.16,254,2,1,6,true,false,true,true,true,false,true,Home/Apartment,House,House/villa,5,13,7,21+,Luxury,false,250,false,117,17,2024-10-27,Key West,Islamorada,Islamorada,Florida,33036,United States,coastal,https://www.airbnb.com/rooms/658639091637962200,https://a0.muscache.com/im/pictures/miso/Hosting-658639091637962200/original/0ce0ae44-cbae-4d1f-9ef5-a92737e41901.png,658639091637962200,2273761,24.927,-80.6269,=AVERAGE($G$2:$G$191),=AVERAGE($D$2:$D$191),"=IFERROR(($AT33-G33)/$AT33,0)","=IFERROR(($AU33-D33)/$AU33,0)",=$AU33-D33
Coastal Cove Villa,Freewheeler Vacations Inc,,101719,143071,1541.2,44.9,264,4,4,8,true,false,true,true,true,false,true,Home/Apartment,Apartment,Apt/Condo/Loft,5,1,7,21+,Luxury,false,634,false,66,3,2025-09-05,Key West,Islamorada,Islamorada,Florida,33036,United States,coastal,https://www.airbnb.com/rooms/1244119071675107548,https://a0.muscache.com/im/pictures/miso/Hosting-1244119071675107548/original/9e9e84a6-0380-4d51-a8ef-bd759d370723.jpeg,1244119071675107548,9933247ha,24.9059,-80.64691,=AVERAGE($G$2:$G$191),=AVERAGE($D$2:$D$191),"=IFERROR(($AT34-G34)/$AT34,0)","=IFERROR(($AU34-D34)/$AU34,0)",=$AU34-D34
Oceanfront 4BR Villa | Resort Access + Bunks,369863983,,99799,111423,2697.27,13.5,332,4,4,10,true,false,false,true,false,true,true,Home/Apartment,Villa,House/villa,0,0,2,6-20,Luxury,true,0,true,37,20,2026-05-13,Key West,Islamorada,Islamorada,Florida,33036,United States,coastal,https://www.airbnb.com/rooms/1284850921781705110,https://a0.muscache.com/im/pictures/hosting/Hosting-1284850921781705110/original/3a4521ff-d274-416c-96fb-c8fc84e55757.jpeg,1284850921781705110,4963154,24.9275,-80.6224,=AVERAGE($G$2:$G$191),=AVERAGE($D$2:$D$191),"=IFERROR(($AT35-G35)/$AT35,0)","=IFERROR(($AU35-D35)/$AU35,0)",=$AU35-D35
Oceanview 4BR Family Villa + Resort Perks | Bunks,369863983,,96601,103747,2300.02,15,351,4,4,10,true,false,false,true,false,true,true,Home/Apartment,Villa,House/villa,5,1,2,6-20,Luxury,true,0,true,42,19,2026-05-13,Key West,Islamorada,Islamorada,Florida,33036,United States,coastal,https://www.airbnb.com/rooms/46639798,https://a0.muscache.com/im/pictures/prohost-api/Hosting-46639798/original/bcf9b030-c12b-4487-81e7-318823e17d66.jpeg,46639798,4963157,24.9275,-80.6223,=AVERAGE($G$2:$G$191),=AVERAGE($D$2:$D$191),"=IFERROR(($AT36-G36)/$AT36,0)","=IFERROR(($AU36-D36)/$AU36,0)",=$AU36-D36
Bayfront Home w/ Beach and Dock,77894082,,90758,189206,703.55,66.15,196,3,2,6,true,false,false,true,true,true,false,Home/Apartment,House,House/villa,4.9,68,7,1,Luxury,false,225,false,129,20,2025-02-14,Key West,Islamorada,Islamorada,Florida,33036,United States,coastal,https://www.airbnb.com/rooms/1110843207867999006,https://a0.muscache.com/im/pictures/miso/Hosting-1110843207867999006/original/93d95482-3928-4422-a7ed-57d2e0bfffdb.jpeg,1110843207867999006,1026563,24.86608,-80.71332,=AVERAGE($G$2:$G$191),=AVERAGE($D$2:$D$191),"=IFERROR(($AT37-G37)/$AT37,0)","=IFERROR(($AU37-D37)/$AU37,0)",=$AU37-D37
Summer-Fall Super Discounts- Check Availability!,54219590,,89460,140979,1146.92,40.41,266,4,4,8,true,false,false,true,true,false,true,Home/Apartment,House,House/villa,5,11,7,1,Luxury,false,499,false,78,12,2026-05-11,Key West,Islamorada,Islamorada,Florida,33036,United States,coastal,https://www.airbnb.com/rooms/568077714795295292,https://a0.muscache.com/im/pictures/hosting/Hosting-U3RheVN1cHBseUxpc3Rpbmc6NTY4MDc3NzE0Nzk1Mjk1Mjky/original/990b8baf-3ef4-4954-a1b2-45348ce912c2.jpeg,568077714795295292,3993946,24.9188,-80.6324,=AVERAGE($G$2:$G$191),=AVERAGE($D$2:$D$191),"=IFERROR(($AT38-G38)/$AT38,0)","=IFERROR(($AU38-D38)/$AU38,0)",=$AU38-D38
Truly OceanFRONT-PanoramicOceanViews-WraparoundDecks-QuietLocation-AvailableSlip,,,88413,135464,669.8,63.46,209,3,2,8,true,false,false,true,true,false,true,Home/Apartment,House,House/villa,5,104,7,1,Luxury,false,375,false,132,19,2026-05-16,Key West,Islamorada,Islamorada,Florida,33036,United States,coastal,https://www.vrbo.com/186650ha,https://media.vrbo.com/lodging/35000000/34390000/34384900/34384802/3241f377.jpg?impolicy=resizecrop&rw=1200&ra=fit,,186650ha,24.948531,-80.594648,=AVERAGE($G$2:$G$191),=AVERAGE($D$2:$D$191),"=IFERROR(($AT39-G39)/$AT39,0)","=IFERROR(($AU39-D39)/$AU39,0)",=$AU39-D39
Pristine pool front home w/ocean views Anglers 148,Pinnacle Choice Properties LLC,,86866,100685,502.12,58.84,311,2,2,7,true,false,false,true,true,false,true,Home/Apartment,House,House/villa,4.95,82,7,21+,Luxury,true,285,true,173,27,2026-05-11,Key West,Islamorada,Islamorada,Florida,33036,United States,coastal,https://www.airbnb.com/rooms/701337348357253647,https://a0.muscache.com/im/pictures/hosting/Hosting-U3RheVN1cHBseUxpc3Rpbmc6NzAxMzM3MzQ4MzU3MjUzNjQ3/original/5e7fe290-d322-4f1f-9abb-1f9b72bd2da6.jpeg,701337348357253647,2481577,24.9489,-80.5941,=AVERAGE($G$2:$G$191),=AVERAGE($D$2:$D$191),"=IFERROR(($AT40-G40)/$AT40,0)","=IFERROR(($AU40-D40)/$AU40,0)",=$AU40-D40
"Islamorada Oceanfront Home with Ocean View, Dock, Comm Pool & Beach, plus Den",,,86446,145523,592.1,79.35,218,2,2,6,true,false,false,true,true,false,true,Home/Apartment,House,House/villa,5,105,7,1,Luxury,false,350,true,146,24,2026-05-14,Key West,Islamorada,Islamorada,Florida,33036,United States,coastal,https://www.vrbo.com/4249038ha,https://media.vrbo.com/lodging/35000000/34010000/34009600/34009513/w2302h1702x0y2-7c6cfa80.jpg?impolicy=resizecrop&rw=1200&ra=fit,,4249038ha,24.948867,-80.593747,=AVERAGE($G$2:$G$191),=AVERAGE($D$2:$D$191),"=IFERROR(($AT41-G41)/$AT41,0)","=IFERROR(($AU41-D41)/$AU41,0)",=$AU41-D41
Luxe~Beachfront~Heated Pool~Hot Tub~Beach Access,The Glam Homes,,83216,117374,1981.33,63.64,89,4,4,15,true,false,true,true,true,true,true,Home/Apartment,House,House/villa,3.5,5,3,21+,Luxury,false,600,false,42,11,2026-05-14,Key West,Islamorada,Islamorada,Florida,33036,United States,coastal,https://www.airbnb.com/rooms/1593548225696771943,https://a0.muscache.com/im/pictures/hosting/Hosting-1593548225696771943/original/1ac711fa-70d2-4220-95e9-d3676918fa5f.jpeg,1593548225696771943,,24.8654,-80.7107,=AVERAGE($G$2:$G$191),=AVERAGE($D$2:$D$191),"=IFERROR(($AT42-G42)/$AT42,0)","=IFERROR(($AU42-D42)/$AU42,0)",=$AU42-D42
Oceanfront Islamorada Townhome with Pool & Dock,526379714,,81723,116096,619.11,53.66,271,3,3,6,true,false,false,true,true,true,true,Home/Apartment,Townhouse,Apt/Condo/Loft,4.95,16,7,2-5,Luxury,true,299,true,132,28,2026-05-17,Key West,Islamorada,Islamorada,Florida,33036,United States,coastal,https://www.airbnb.com/rooms/1328570188737989157,https://a0.muscache.com/im/pictures/hosting/Hosting-1328570188737989157/original/0378db45-7476-4510-9601-1f37db1d01ca.jpeg,1328570188737989157,4384269,24.94473,-80.59979,=AVERAGE($G$2:$G$191),=AVERAGE($D$2:$D$191),"=IFERROR(($AT43-G43)/$AT43,0)","=IFERROR(($AU43-D43)/$AU43,0)",=$AU43-D43
"You Don’t Want to Miss This! Beachfront, Onsite Pool, Near Coral Bay Marina",BnBerry,,81662,125433,1218.84,27.69,274,1,1,4,true,false,false,true,true,true,true,Home/Apartment,House,House/villa,0,0,1,21+,Luxury,false,0,true,67,25,2026-05-07,Key West,Islamorada,Islamorada,Florida,33036,United States,coastal,https://www.vrbo.com/4210198,https://media.vrbo.com/lodging/110000000/109160000/109152100/109152066/3aa825f8.jpg?impolicy=resizecrop&rw=1200&ra=fit,,4210198,24.92005,-80.6289,=AVERAGE($G$2:$G$191),=AVERAGE($D$2:$D$191),"=IFERROR(($AT44-G44)/$AT44,0)","=IFERROR(($AU44-D44)/$AU44,0)",=$AU44-D44
"Malayan Palm North 2 Bedrooms, 1 Bath, Garden View",,,79039,103171,576.93,51.89,268,2,1,6,true,false,false,true,true,false,false,Home/Apartment,House,House/villa,5,2,5,6-20,Luxury,false,0,true,137,34,2026-05-17,Key West,Islamorada,Islamorada,Florida,33036,United States,coastal,https://www.vrbo.com/3137149,https://media.vrbo.com/lodging/90000000/89660000/89653900/89653879/d6a75067.jpg?impolicy=resizecrop&rw=1200&ra=fit,,3137149,24.9187,-80.6315,=AVERAGE($G$2:$G$191),=AVERAGE($D$2:$D$191),"=IFERROR(($AT45-G45)/$AT45,0)","=IFERROR(($AU45-D45)/$AU45,0)",=$AU45-D45
4 Bedroom Oceanview Villa – Capacity 8,369863983,,77131,89462,2203.74,15.98,336,4,4,8,true,false,false,true,false,true,true,Home/Apartment,Villa,House/villa,5,5,2,6-20,Luxury,true,3,true,35,17,2026-05-13,Key West,Islamorada,Islamorada,Florida,33036,United States,coastal,https://www.airbnb.com/rooms/46763443,https://a0.muscache.com/im/pictures/hosting/Hosting-46763443/original/a961a360-f477-4585-ae9a-879e49e4538c.jpeg,46763443,,24.9275,-80.6223,=AVERAGE($G$2:$G$191),=AVERAGE($D$2:$D$191),"=IFERROR(($AT46-G46)/$AT46,0)","=IFERROR(($AU46-D46)/$AU46,0)",=$AU46-D46
Venetian Tropics private heated pool at 82 degrees,87452591,,76997,104711,699.97,62.86,301,3,3,6,true,false,false,true,true,true,true,Home/Apartment,House,House/villa,4.85,7,7,2-5,Luxury,false,225,true,110,13,2026-05-16,Key West,Islamorada,Islamorada,Florida,33036,United States,coastal,https://www.airbnb.com/rooms/33075735,https://a0.muscache.com/im/pictures/4918d0b1-f8f7-47f0-b838-ce4d861316cf.jpg,33075735,,24.95723,-80.58389,=AVERAGE($G$2:$G$191),=AVERAGE($D$2:$D$191),"=IFERROR(($AT47-G47)/$AT47,0)","=IFERROR(($AU47-D47)/$AU47,0)",=$AU47-D47
Anglers Reef Islamorada Ocean Views DOCK Beach Pool Boat Slip NO ROAD NOISE!,,,74063,95570,480.93,69.68,297,2,2,6,true,false,false,true,true,false,true,Home/Apartment,House,House/villa,5,88,7,1,Luxury,false,350,false,154,19,2026-05-16,Key West,Islamorada,Islamorada,Florida,33036,United States,coastal,https://www.vrbo.com/1827955,https://media.vrbo.com/lodging/45000000/44350000/44342100/44342007/w1024h752x8y0-ba867c45.jpg?impolicy=resizecrop&rw=1200&ra=fit,,1827955,24.948826,-80.594717,=AVERAGE($G$2:$G$191),=AVERAGE($D$2:$D$191),"=IFERROR(($AT48-G48)/$AT48,0)","=IFERROR(($AU48-D48)/$AU48,0)",=$AU48-D48
"Large bay-front home with dockage, pool and beach in the heart of Islamorada",,,73721,133573,1390.96,39.26,174,4,7,8,true,false,true,true,true,true,true,Home/Apartment,House,House/villa,5,9,7,1,Luxury,false,700,false,53,8,2025-10-13,Key West,Islamorada,Islamorada,Florida,33036,United States,coastal,https://www.vrbo.com/2310629,https://media.vrbo.com/lodging/68000000/67570000/67569800/67569792/431c966a.jpg?impolicy=resizecrop&rw=1200&ra=fit,,2310629,24.927,-80.62686,=AVERAGE($G$2:$G$191),=AVERAGE($D$2:$D$191),"=IFERROR(($AT49-G49)/$AT49,0)","=IFERROR(($AU49-D49)/$AU49,0)",=$AU49-D49
Keys Getaway Den Suite | Room for the Crew,450201602,,72830,74144,343.54,63.66,360,1,2,6,true,false,false,false,true,false,true,Home/Apartment,Condominium (condo),Apt/Condo/Loft,0,0,3,21+,Luxury,true,50,false,212,57,2026-05-15,Key West,Islamorada,Islamorada,Florida,33036,United States,coastal,https://www.airbnb.com/rooms/1210146634363681230,https://a0.muscache.com/im/pictures/miso/Hosting-613215922989118890/original/cc797017-1da2-462d-9fba-d0a5195d4fb2.jpeg,1210146634363681230,4504588,24.8501523321,-80.7386710885,=AVERAGE($G$2:$G$191),=AVERAGE($D$2:$D$191),"=IFERROR(($AT50-G50)/$AT50,0)","=IFERROR(($AU50-D50)/$AU50,0)",=$AU50-D50
"Jamaican Palm House 3 Bedrooms, 2 Bath, Poolside",,,71879,151349,1041.72,46.62,181,3,2,9,true,false,false,true,true,false,false,Home/Apartment,House,House/villa,5,3,5,6-20,Luxury,false,0,true,69,20,2026-05-15,Key West,Islamorada,Islamorada,Florida,33036,United States,coastal,https://www.vrbo.com/3137143,https://media.vrbo.com/lodging/90000000/89660000/89653900/89653858/f0c59941.jpg?impolicy=resizecrop&rw=1200&ra=fit,,3137143,24.9187,-80.6315,=AVERAGE($G$2:$G$191),=AVERAGE($D$2:$D$191),"=IFERROR(($AT51-G51)/$AT51,0)","=IFERROR(($AU51-D51)/$AU51,0)",=$AU51-D51
Casa Dos Hondos II,Freewheeler Vacations Inc,,71819,99142,718.19,47.85,299,3,3,6,true,false,false,true,true,false,true,Home/Apartment,House,House/villa,4.55,4,7,21+,Luxury,false,510,false,100,15,2026-05-11,Key West,Islamorada,Islamorada,Florida,33036,United States,coastal,https://www.airbnb.com/rooms/1250102335689225416,https://a0.muscache.com/im/pictures/miso/Hosting-1250102335689225416/original/79e35e48-7742-4a4e-be78-b7963d75e4fd.jpeg,1250102335689225416,20023950ha,24.9479435999,-80.5929328586,=AVERAGE($G$2:$G$191),=AVERAGE($D$2:$D$191),"=IFERROR(($AT52-G52)/$AT52,0)","=IFERROR(($AU52-D52)/$AU52,0)",=$AU52-D52
"Royal Palm South 3 Bedrooms, 3 Baths, Ocean Front, Marina",,,71287,194101,1549.72,35.11,185,3,3,8,true,false,false,true,true,false,false,Home/Apartment,House,House/villa,5,3,5,6-20,Luxury,false,0,true,46,14,2026-05-17,Key West,Islamorada,Islamorada,Florida,33036,United States,coastal,https://www.vrbo.com/3137146,https://media.vrbo.com/lodging/90000000/89660000/89653900/89653868/cbb5634f.jpg?impolicy=resizecrop&rw=1200&ra=fit,,3137146,24.9187,-80.6315,=AVERAGE($G$2:$G$191),=AVERAGE($D$2:$D$191),"=IFERROR(($AT53-G53)/$AT53,0)","=IFERROR(($AU53-D53)/$AU53,0)",=$AU53-D53
Islamorada-Anglers Reef-LARGE/updated/Views DOCKAGE AVAILABLE,,,69405,85992,529.81,57.71,253,2,2,6,true,false,true,true,true,false,true,Home/Apartment,House,House/villa,5,39,7,1,Luxury,false,200,false,131,19,2026-05-15,Key West,Islamorada,Islamorada,Florida,33036,United States,coastal,https://www.vrbo.com/1908319,https://media.vrbo.com/lodging/48000000/47090000/47082800/47082749/90-b579e673.jpg?impolicy=resizecrop&rw=1200&ra=fit,,1908319,24.948729,-80.594712,=AVERAGE($G$2:$G$191),=AVERAGE($D$2:$D$191),"=IFERROR(($AT54-G54)/$AT54,0)","=IFERROR(($AU54-D54)/$AU54,0)",=$AU54-D54
Above It All | Ocean Sparkle + Pool Glow,450201602,,68675,82649,353.99,67.83,318,1,,6,true,false,false,true,true,false,true,Home/Apartment,Condominium (condo),Apt/Condo/Loft,4.5,8,3,21+,Luxury,true,50,false,194,60,2026-05-15,Key West,Islamorada,Islamorada,Florida,33036,United States,coastal,https://www.airbnb.com/rooms/1612463215684351403,https://a0.muscache.com/im/pictures/prohost-api/Hosting-597741142800340101/original/f0093623-cbed-47f0-ad4a-b6c1d15f3b84.jpeg,1612463215684351403,2880973,24.85003,-80.73652,=AVERAGE($G$2:$G$191),=AVERAGE($D$2:$D$191),"=IFERROR(($AT55-G55)/$AT55,0)","=IFERROR(($AU55-D55)/$AU55,0)",=$AU55-D55
"Gated Keys Home | Dock, Heated Pool & 2 Pools | Pe",63349033,,68643,101450,880.04,38.24,305,3,3,6,true,false,false,true,true,true,true,Home/Apartment,House,House/villa,5,44,7,2-5,Luxury,false,675,true,78,11,2026-05-13,Key West,Islamorada,Islamorada,Florida,33036,United States,coastal,https://www.airbnb.com/rooms/619560380498814681,https://a0.muscache.com/im/pictures/prohost-api/Hosting-619560380498814681/original/44e1da36-352a-46c6-92f7-bd1d1d47702b.jpeg,619560380498814681,2777898,24.9196,-80.6341,=AVERAGE($G$2:$G$191),=AVERAGE($D$2:$D$191),"=IFERROR(($AT56-G56)/$AT56,0)","=IFERROR(($AU56-D56)/$AU56,0)",=$AU56-D56
Venetian Tropics,96717115,,67560,101891,649.62,56.52,288,3,3,8,true,false,false,true,false,true,true,Home/Apartment,House,House/villa,4.7,63,7,1,Luxury,false,200,true,104,15,2016-10-16,Key West,Islamorada,Islamorada,Florida,33036,United States,coastal,https://www.airbnb.com/rooms/15220130,https://a2.muscache.com/im/pictures/1a5412f0-2eed-4c70-a3a1-5e7526f01a32.jpg,15220130,42310,24.9570407242,-80.583796677,=AVERAGE($G$2:$G$191),=AVERAGE($D$2:$D$191),"=IFERROR(($AT57-G57)/$AT57,0)","=IFERROR(($AU57-D57)/$AU57,0)",=$AU57-D57
4-Bedroom Coastal Retreat,38793410,,66577,95681,1168.02,40.43,317,4,4,8,true,false,false,true,true,true,true,Home/Apartment,House,House/villa,5,11,7,6-20,Luxury,true,498,false,57,8,2026-05-14,Key West,Islamorada,Islamorada,Florida,33036,United States,coastal,https://www.airbnb.com/rooms/1045024790340543117,https://a0.muscache.com/im/pictures/miso/Hosting-1045024790340543117/original/dc76f762-7a15-44b6-ac00-321dbcee6200.jpeg,1045024790340543117,,24.9185,-80.6327,=AVERAGE($G$2:$G$191),=AVERAGE($D$2:$D$191),"=IFERROR(($AT58-G58)/$AT58,0)","=IFERROR(($AU58-D58)/$AU58,0)",=$AU58-D58
First Floor Coastal Escape | Restaurant Onsite,450201602,,66083,85386,325.53,74.91,298,1,2,6,true,false,false,true,true,false,true,Home/Apartment,Condominium (condo),Apt/Condo/Loft,5,6,3,21+,Luxury,true,50,false,203,46,2026-05-15,Key West,Islamorada,Islamorada,Florida,33036,United States,coastal,https://www.airbnb.com/rooms/1628392924866356606,https://a0.muscache.com/im/pictures/miso/Hosting-613215922989118890/original/cc797017-1da2-462d-9fba-d0a5195d4fb2.jpeg,1628392924866356606,2880970,24.8508570283,-80.7369465363,=AVERAGE($G$2:$G$191),=AVERAGE($D$2:$D$191),"=IFERROR(($AT59-G59)/$AT59,0)","=IFERROR(($AU59-D59)/$AU59,0)",=$AU59-D59
Enjoy Tropical Experience in Beachfront Casita,First Class Stays Florida,,65257,73098,557.75,35.78,327,1,1,4,true,false,false,false,true,true,false,Home/Apartment,Cottage,House/villa,4.5,4,1,21+,Luxury,true,0,true,117,56,2026-05-13,Key West,Islamorada,Islamorada,Florida,33036,United States,coastal,https://www.airbnb.com/rooms/1261569869679059501,https://a0.muscache.com/im/pictures/hosting/Hosting-1261569869679059501/original/14b741cb-2a8c-4608-a4b3-7583bfdee8e7.jpeg,1261569869679059501,,24.9032,-80.6501,=AVERAGE($G$2:$G$191),=AVERAGE($D$2:$D$191),"=IFERROR(($AT60-G60)/$AT60,0)","=IFERROR(($AU60-D60)/$AU60,0)",=$AU60-D60
Bay front Private Beach Pickle ball Ct Game room,2428723,,65184,65184,4656,20,70,6,4,12,true,true,false,true,true,true,true,Home/Apartment,House,House/villa,5,8,5,6-20,Luxury,true,999,true,14,2,2025-02-13,Key West,Islamorada,Islamorada,Florida,33036,United States,coastal,https://www.airbnb.com/rooms/46986704,https://a0.muscache.com/im/pictures/prohost-api/Hosting-46986704/original/934fc8cc-8869-4c9d-99f0-01c6e797236e.jpeg,46986704,2139674,24.87234,-80.70369,=AVERAGE($G$2:$G$191),=AVERAGE($D$2:$D$191),"=IFERROR(($AT61-G61)/$AT61,0)","=IFERROR(($AU61-D61)/$AU61,0)",=$AU61-D61
4 Bedroom Private Oceanfront House - Bahia,221165660,,64330,173985,1090.34,68.6,108,4,2,8,true,false,false,true,true,false,true,Home/Apartment,House,House/villa,4.65,73,7,2-5,Luxury,false,0,true,59,13,2026-05-17,Key West,Islamorada,Islamorada,Florida,33036,United States,coastal,https://www.airbnb.com/rooms/29649958,https://a0.muscache.com/im/pictures/a0790def-ea76-4229-83b7-62ff273f00cf.jpg,29649958,7476608ha,24.92356,-80.62867,=AVERAGE($G$2:$G$191),=AVERAGE($D$2:$D$191),"=IFERROR(($AT62-G62)/$AT62,0)","=IFERROR(($AU62-D62)/$AU62,0)",=$AU62-D62
A Slice of Islamorada Paradise with Ocean Views,450201602,,64213,73064,291.88,70.06,342,,1,3,true,false,false,true,true,false,true,Home/Apartment,Condominium (condo),Apt/Condo/Loft,5,1,3,21+,Luxury,true,50,false,220,82,2026-05-15,Key West,Islamorada,Islamorada,Florida,33036,United States,coastal,https://www.airbnb.com/rooms/1210142758858503909,https://a0.muscache.com/im/pictures/hosting/Hosting-U3RheVN1cHBseUxpc3Rpbmc6MTIxMDE0Mjc1ODg1ODUwMzkwOQ%3D%3D/original/fc54eb88-7da0-4c00-86ce-d5efb0a3c214.jpeg,1210142758858503909,4504590,24.8497339299,-80.7387384436,=AVERAGE($G$2:$G$191),=AVERAGE($D$2:$D$191),"=IFERROR(($AT63-G63)/$AT63,0)","=IFERROR(($AU63-D63)/$AU63,0)",=$AU63-D63
"Sunset Reef - Bayside Gated Estate, Pool, Spa, Deep Water Dock, Kayaks & SUPs",,,61864,143672,1167.25,48.18,205,4,4,10,true,false,true,true,true,true,true,Home/Apartment,House,House/villa,5,79,7,1,Luxury,false,500,true,53,8,2026-05-17,Key West,Islamorada,Islamorada,Florida,33036,United States,coastal,https://www.vrbo.com/809744,https://media.vrbo.com/lodging/35000000/34340000/34338100/34338033/00ea76ba.jpg?impolicy=resizecrop&rw=1200&ra=fit,,809744,24.866962,-80.71195,=AVERAGE($G$2:$G$191),=AVERAGE($D$2:$D$191),"=IFERROR(($AT64-G64)/$AT64,0)","=IFERROR(($AU64-D64)/$AU64,0)",=$AU64-D64
Leatherback Cottage: Adorable 2-bedroom oceanfront pool home with open water views in Islamorada.,Freewheeler Vacations,,60079,83189,675.04,53.61,281,2,3,8,true,false,false,true,true,false,false,Home/Apartment,House,House/villa,5,17,7,21+,Luxury,false,260,false,89,17,2026-05-17,Key West,Islamorada,Islamorada,Florida,33036,United States,coastal,https://www.vrbo.com/7940367ha,https://media.vrbo.com/lodging/40000000/39170000/39160900/39160812/29ed38de.jpg?impolicy=resizecrop&rw=1200&ra=fit,,7940367ha,24.966631,-80.557919,=AVERAGE($G$2:$G$191),=AVERAGE($D$2:$D$191),"=IFERROR(($AT65-G65)/$AT65,0)","=IFERROR(($AU65-D65)/$AU65,0)",=$AU65-D65
High Tide Hangout | Ocean + Pool Views | Sleeps 6,450201602,,59381,68518,373.47,54.08,321,1,,6,true,false,false,true,true,false,true,Home/Apartment,Condominium (condo),Apt/Condo/Loft,5,10,3,21+,Luxury,true,0,false,159,47,2026-05-15,Key West,Islamorada,Islamorada,Florida,33036,United States,coastal,https://www.airbnb.com/rooms/1612466210547020730,https://a0.muscache.com/im/pictures/prohost-api/Hosting-597741142800340101/original/f0093623-cbed-47f0-ad4a-b6c1d15f3b84.jpeg,1612466210547020730,2880977,24.8494631265,-80.7377965768,=AVERAGE($G$2:$G$191),=AVERAGE($D$2:$D$191),"=IFERROR(($AT66-G66)/$AT66,0)","=IFERROR(($AU66-D66)/$AU66,0)",=$AU66-D66
Luxurious Caribbean 2 Bedroom 2 Bath Home,,,58086,112036,652.65,55.28,200,2,2,8,true,false,false,true,true,false,false,Home/Apartment,House,House/villa,5,1,5,6-20,Luxury,false,0,true,89,24,2026-05-17,Key West,Islamorada,Islamorada,Florida,33036,United States,coastal,https://www.vrbo.com/2428021,https://media.vrbo.com/lodging/71000000/70420000/70417800/70417795/64cf2364.jpg?impolicy=resizecrop&rw=1200&ra=fit,,2428021,24.9187,-80.6315,=AVERAGE($G$2:$G$191),=AVERAGE($D$2:$D$191),"=IFERROR(($AT67-G67)/$AT67,0)","=IFERROR(($AU67-D67)/$AU67,0)",=$AU67-D67
Bay Front Home With Magnificent Views ,,,57385,93154,683.15,47.19,286,3,3,10,true,false,false,true,true,false,false,Home/Apartment,House,House/villa,5,95,7,1,Luxury,false,195,true,84,13,2026-05-17,Key West,Islamorada,Tavernier,Florida,33070,United States,coastal,https://www.vrbo.com/452120,https://media.vrbo.com/lodging/33000000/32090000/32081100/32081067/aedb4dbb.jpg?impolicy=resizecrop&rw=1200&ra=fit,,452120,24.979278,-80.555229,=AVERAGE($G$2:$G$191),=AVERAGE($D$2:$D$191),"=IFERROR(($AT68-G68)/$AT68,0)","=IFERROR(($AU68-D68)/$AU68,0)",=$AU68-D68
"Front Row, DIRECT Ocean/Pool Views, Anglers Reef, Islamorada.  Boat Dock, Beach",,,57344,72210,651.64,46.32,280,2,2,6,true,false,false,true,true,false,true,Home/Apartment,House,House/villa,5,95,7,1,Luxury,false,297,false,88,13,2026-05-16,Key West,Islamorada,Islamorada,Florida,33036,United States,coastal,https://www.vrbo.com/4269726ha,https://media.vrbo.com/lodging/34000000/33570000/33568900/33568827/0e1a74bb.jpg?impolicy=resizecrop&rw=1200&ra=fit,,4269726ha,24.948948,-80.594337,=AVERAGE($G$2:$G$191),=AVERAGE($D$2:$D$191),"=IFERROR(($AT69-G69)/$AT69,0)","=IFERROR(($AU69-D69)/$AU69,0)",=$AU69-D69
"Escape to Paradise! Beachfront, Outdoor Pool, Near Theater of the Sea",BnBerry,,56818,62862,692.9,24.4,336,1,1,4,true,false,false,true,true,true,true,Home/Apartment,House,House/villa,5,1,1,21+,Luxury,false,0,true,82,73,2026-05-08,Key West,Islamorada,Islamorada,Florida,33036,United States,coastal,https://www.vrbo.com/4210182,https://media.vrbo.com/lodging/110000000/109160000/109151700/109151610/9032c9b8.jpg?impolicy=resizecrop&rw=1200&ra=fit,,4210182,24.92005,-80.6289,=AVERAGE($G$2:$G$191),=AVERAGE($D$2:$D$191),"=IFERROR(($AT70-G70)/$AT70,0)","=IFERROR(($AU70-D70)/$AU70,0)",=$AU70-D70
Paradise Point,Freewheeler Vacations Inc,,56613,89596,707.66,61.54,190,3,2,6,true,false,false,true,true,false,true,Home/Apartment,House,House/villa,4.4,20,7,21+,Luxury,false,494,false,80,9,2025-08-24,Key West,Islamorada,Islamorada,Florida,33036,United States,coastal,https://www.airbnb.com/rooms/1040642057613474735,https://a0.muscache.com/im/pictures/miso/Hosting-1040642057613474735/original/99c10a25-17c6-4ce9-82d2-730ede6c3e23.jpeg,1040642057613474735,9642344ha,24.87105,-80.7016,=AVERAGE($G$2:$G$191),=AVERAGE($D$2:$D$191),"=IFERROR(($AT71-G71)/$AT71,0)","=IFERROR(($AU71-D71)/$AU71,0)",=$AU71-D71
"Private Cottage on Bayfront Estate with Heated Pool, Deep Dockage, Kayaks and More",,,55418,62212,522.81,95.5,160,2,1,6,true,false,true,true,true,true,true,Home/Apartment,House,House/villa,5,16,7,1,Luxury,false,398,true,106,12,2026-05-15,Key West,Islamorada,Islamorada,Florida,33036,United States,coastal,https://www.vrbo.com/4718162,https://media.vrbo.com/lodging/120000000/119140000/119137800/119137719/29dfff22.jpg?impolicy=resizecrop&rw=1200&ra=fit,,4718162,24.927,-80.626862,=AVERAGE($G$2:$G$191),=AVERAGE($D$2:$D$191),"=IFERROR(($AT72-G72)/$AT72,0)","=IFERROR(($AU72-D72)/$AU72,0)",=$AU72-D72
Balcony Double Take | 2 Queens | Sleeps 6,450201602,,54942,73289,315.76,64.93,304,1,2,6,true,false,false,true,true,false,true,Home/Apartment,Condominium (condo),Apt/Condo/Loft,5,3,3,21+,Luxury,true,50,false,174,47,2026-05-15,Key West,Islamorada,Islamorada,Florida,33036,United States,coastal,https://www.airbnb.com/rooms/1612460088935755953,https://a0.muscache.com/im/pictures/miso/Hosting-613215922989118890/original/cc797017-1da2-462d-9fba-d0a5195d4fb2.jpeg,1612460088935755953,2880979,24.84951,-80.73637,=AVERAGE($G$2:$G$191),=AVERAGE($D$2:$D$191),"=IFERROR(($AT73-G73)/$AT73,0)","=IFERROR(($AU73-D73)/$AU73,0)",=$AU73-D73
 Pool Front Home with Ocean Views at Anglers Reef in Islamorada and Slip.,,,53682,81985,631.55,48.02,289,2,2,6,true,false,false,true,true,false,true,Home/Apartment,House,House/villa,5,27,7,1,Luxury,false,250,false,85,12,2026-05-14,Key West,Islamorada,Islamorada,Florida,33036,United States,coastal,https://www.vrbo.com/3831464,https://media.vrbo.com/lodging/103000000/102040000/102031300/102031286/c7937389.jpg?impolicy=resizecrop&rw=1200&ra=fit,,3831464,24.949263,-80.592251,=AVERAGE($G$2:$G$191),=AVERAGE($D$2:$D$191),"=IFERROR(($AT74-G74)/$AT74,0)","=IFERROR(($AU74-D74)/$AU74,0)",=$AU74-D74
Discover 'The Oasis': a stunning 3-bedroom retreat in Islamorada with a heated private pool.,Freewheeler Vacations,,51885,66017,1789.14,27.62,241,3,2,8,true,false,false,true,true,false,true,Home/Apartment,House,House/villa,4,1,7,21+,Luxury,false,580,false,29,4,2026-05-17,Key West,Islamorada,Islamorada,Florida,33036,United States,coastal,https://www.vrbo.com/9590943ha,https://media.vrbo.com/lodging/70000000/69670000/69665600/69665557/b31d6a5d.jpg?impolicy=resizecrop&rw=1200&ra=fit,,9590943ha,24.926679,-80.620849,=AVERAGE($G$2:$G$191),=AVERAGE($D$2:$D$191),"=IFERROR(($AT75-G75)/$AT75,0)","=IFERROR(($AU75-D75)/$AU75,0)",=$AU75-D75
Luxury 3/3·Secret Speakeasy·BBQ Patio·Dock·Pool,715537561,,51099,51099,594.17,62.77,181,3,3,8,true,true,false,true,true,false,true,Home/Apartment,Townhouse,Apt/Condo/Loft,5,10,6,1,Luxury,false,250,true,86,15,2026-05-13,Key West,Islamorada,Islamorada,Florida,33036,United States,coastal,https://www.airbnb.com/rooms/1495817238366630844,https://a0.muscache.com/im/pictures/hosting/Hosting-1495817238366630844/original/bd5bc139-6dfa-42aa-9ed0-ff6dfd81d1f5.jpeg,1495817238366630844,4949670,24.9457,-80.6003,=AVERAGE($G$2:$G$191),=AVERAGE($D$2:$D$191),"=IFERROR(($AT76-G76)/$AT76,0)","=IFERROR(($AU76-D76)/$AU76,0)",=$AU76-D76
Island Basecamp | Easy First Floor Escape,450201602,,50997,84923,305.37,69.87,272,1,2,6,true,false,false,true,true,false,true,Home/Apartment,Condominium (condo),Apt/Condo/Loft,4.8,20,3,21+,Luxury,true,50,false,167,59,2026-05-15,Key West,Islamorada,Islamorada,Florida,33036,United States,coastal,https://www.airbnb.com/rooms/1210145312235794630,https://a0.muscache.com/im/pictures/miso/Hosting-613215922989118890/original/cc797017-1da2-462d-9fba-d0a5195d4fb2.jpeg,1210145312235794630,2880965,24.8502076381,-80.7368903967,=AVERAGE($G$2:$G$191),=AVERAGE($D$2:$D$191),"=IFERROR(($AT77-G77)/$AT77,0)","=IFERROR(($AU77-D77)/$AU77,0)",=$AU77-D77
Keys Paradise with Private Beach and Pool,,,50824,57417,498.27,45.95,347,2,2,8,true,false,false,true,true,false,true,Home/Apartment,House,House/villa,5,47,5,1,Luxury,false,150,false,102,17,2026-05-16,Key West,Islamorada,Islamorada,Florida,33036,United States,coastal,https://www.vrbo.com/956145,https://media.vrbo.com/lodging/34000000/33750000/33744300/33744234/d95cd755.jpg?impolicy=resizecrop&rw=1200&ra=fit,,956145,24.964776,-80.567606,=AVERAGE($G$2:$G$191),=AVERAGE($D$2:$D$191),"=IFERROR(($AT78-G78)/$AT78,0)","=IFERROR(($AU78-D78)/$AU78,0)",=$AU78-D78
BOTE House Islamorada - with Villa Butler,443578720,,50475,70638,1173.84,39.81,325,2,2,4,true,false,false,true,true,true,true,Home/Apartment,Villa,House/villa,4.65,26,3,2-5,Luxury,false,40,false,43,9,2026-04-10,Key West,Islamorada,Islamorada,Florida,33036,United States,coastal,https://www.airbnb.com/rooms/559425431715298005,https://a0.muscache.com/im/pictures/hosting/Hosting-U3RheVN1cHBseUxpc3Rpbmc6NTU5NDI1NDMxNzE1Mjk4MDA1/original/7828bcf6-670e-422f-b0d9-3f53d7291bec.jpeg,559425431715298005,,24.9035,-80.65041,=AVERAGE($G$2:$G$191),=AVERAGE($D$2:$D$191),"=IFERROR(($AT79-G79)/$AT79,0)","=IFERROR(($AU79-D79)/$AU79,0)",=$AU79-D79
Sunny Islamorada Den Suite | Sleeps 6,450201602,,49925,51315,297.17,50.3,361,1,2,6,true,false,false,false,true,false,true,Home/Apartment,Condominium (condo),Apt/Condo/Loft,5,8,3,21+,Luxury,true,50,false,168,68,2026-05-15,Key West,Islamorada,Islamorada,Florida,33036,United States,coastal,https://www.airbnb.com/rooms/1610254641279869196,https://a0.muscache.com/im/pictures/miso/Hosting-613215922989118890/original/cc797017-1da2-462d-9fba-d0a5195d4fb2.jpeg,1610254641279869196,4504589,24.8493919198,-80.7385605296,=AVERAGE($G$2:$G$191),=AVERAGE($D$2:$D$191),"=IFERROR(($AT80-G80)/$AT80,0)","=IFERROR(($AU80-D80)/$AU80,0)",=$AU80-D80
Happy Tarpon - Heated Pool- Boat Dock-  Sleeps 6,555791590,,49659,69747,699.42,60.17,265,3,3,6,true,false,false,true,true,false,true,Home/Apartment,House,House/villa,5,63,7,1,Luxury,false,298,false,71,4,2026-05-11,Key West,Islamorada,Islamorada,Florida,33036,United States,coastal,https://www.airbnb.com/rooms/1143534510490763723,https://a0.muscache.com/im/pictures/hosting/Hosting-1143534510490763723/original/e110d9fb-bf41-49f1-87c4-0783a13934d7.jpeg,1143534510490763723,370890,24.9236,-80.6323,=AVERAGE($G$2:$G$191),=AVERAGE($D$2:$D$191),"=IFERROR(($AT81-G81)/$AT81,0)","=IFERROR(($AU81-D81)/$AU81,0)",=$AU81-D81
Ocean Breeze Den Suite | Island Vibes,450201602,,48857,64147,309.22,56.63,307,1,2,6,true,false,false,false,true,false,true,Home/Apartment,Condominium (condo),Apt/Condo/Loft,4.85,7,3,21+,Luxury,true,50,false,158,50,2026-05-15,Key West,Islamorada,Islamorada,Florida,33036,United States,coastal,https://www.airbnb.com/rooms/1610245146750547347,https://a0.muscache.com/im/pictures/miso/Hosting-613215922989118890/original/dd1606f8-a0cc-42bb-869a-6e47f8e4bbbe.png,1610245146750547347,2880976,24.8513466976,-80.7380008438,=AVERAGE($G$2:$G$191),=AVERAGE($D$2:$D$191),"=IFERROR(($AT82-G82)/$AT82,0)","=IFERROR(($AU82-D82)/$AU82,0)",=$AU82-D82
The Oasis VR#24-0120,Freewheeler Vacations Inc,,48741,84371,2119.17,25.27,205,3,2,8,true,false,false,true,true,true,true,Home/Apartment,House,House/villa,5,3,7,21+,Luxury,false,650,false,23,3,2025-09-08,Key West,Islamorada,Islamorada,Florida,33036,United States,coastal,https://www.airbnb.com/rooms/51463846,https://a0.muscache.com/im/pictures/6a92339d-e1e9-4e74-b7e1-8b0283f2b4e7.jpg,51463846,,24.92525,-80.62272,=AVERAGE($G$2:$G$191),=AVERAGE($D$2:$D$191),"=IFERROR(($AT83-G83)/$AT83,0)","=IFERROR(($AU83-D83)/$AU83,0)",=$AU83-D83
Maison 308 Seaside Cove: A stylish 3-bed condo in Islamorada with stunning views and  pool,Freewheeler Vacations,,48711,55198,608.89,42.33,325,3,3,8,true,false,false,true,true,false,false,Home/Apartment,Condominium (condo),Apt/Condo/Loft,5,1,7,21+,Luxury,false,290,false,80,14,2026-05-15,Key West,Islamorada,Islamorada,Florida,33036,United States,coastal,https://www.vrbo.com/20068953ha,https://media.vrbo.com/lodging/111000000/110350000/110340700/110340653/fc724e0c.jpg?impolicy=resizecrop&rw=1200&ra=fit,,20068953ha,24.90668,-80.644339,=AVERAGE($G$2:$G$191),=AVERAGE($D$2:$D$191),"=IFERROR(($AT84-G84)/$AT84,0)","=IFERROR(($AU84-D84)/$AU84,0)",=$AU84-D84
"Canary Island Palm North Poolside,1 King Bed, 2 QueenBeds, 1 Pull Out",,,48626,105047,639.82,46.91,177,2,2,8,true,false,false,true,true,false,false,Home/Apartment,House,House/villa,0,0,5,6-20,Luxury,false,0,true,76,20,2026-05-15,Key West,Islamorada,Islamorada,Florida,33036,United States,coastal,https://www.vrbo.com/3137151,https://media.vrbo.com/lodging/90000000/89660000/89653900/89653889/adbb213f.jpg?impolicy=resizecrop&rw=1200&ra=fit,,3137151,24.9187,-80.6315,=AVERAGE($G$2:$G$191),=AVERAGE($D$2:$D$191),"=IFERROR(($AT85-G85)/$AT85,0)","=IFERROR(($AU85-D85)/$AU85,0)",=$AU85-D85
Ultra Lux 4 Bedroom ocean front home in Islamorada,Island Villa Rental Properties,,48514,93890,1732.64,62.22,231,4,4,8,true,false,true,true,true,false,true,Home/Apartment,Villa,House/villa,5,2,7,6-20,Luxury,false,694,false,28,3,2026-05-14,Key West,Islamorada,Islamorada,Florida,33036,United States,coastal,https://www.airbnb.com/rooms/53767571,https://a0.muscache.com/im/pictures/miso/Hosting-53767571/original/5d42db27-4825-4159-9ae1-1cb5ce0ba824.jpeg,53767571,2309850,24.90597,-80.64506,=AVERAGE($G$2:$G$191),=AVERAGE($D$2:$D$191),"=IFERROR(($AT86-G86)/$AT86,0)","=IFERROR(($AU86-D86)/$AU86,0)",=$AU86-D86
"Cottage on Bayfront Estate – Pool, Beach, & Dock",659379520,,48039,73108,667.21,39.56,219,2,1,6,true,false,false,true,true,true,true,Home/Apartment,Cottage,House/villa,5,18,7,1,Luxury,false,401,false,72,9,2025-10-24,Key West,Islamorada,Islamorada,Florida,33036,United States,coastal,https://www.airbnb.com/rooms/1277515439566863072,https://a0.muscache.com/im/pictures/prohost-api/Hosting-1277515439566863072/original/0117042d-dee8-40d7-a4c1-d6f1388331a0.jpeg,1277515439566863072,2272139,24.9264937485,-80.6260361764,=AVERAGE($G$2:$G$191),=AVERAGE($D$2:$D$191),"=IFERROR(($AT87-G87)/$AT87,0)","=IFERROR(($AU87-D87)/$AU87,0)",=$AU87-D87
Coastal Retreat in Islamorada,59566874,,47238,58661,1098.56,35.54,333,4,4,8,true,false,false,false,true,true,true,Home/Apartment,House,House/villa,5,4,7,2-5,Luxury,false,497,false,43,4,2026-05-14,Key West,Islamorada,Islamorada,Florida,33036,United States,coastal,https://www.airbnb.com/rooms/1119739754625884222,https://a0.muscache.com/im/pictures/miso/Hosting-1119739754625884222/original/86076d54-5451-4005-ae16-3736bcda19da.jpeg,1119739754625884222,3757610,24.91949,-80.633,=AVERAGE($G$2:$G$191),=AVERAGE($D$2:$D$191),"=IFERROR(($AT88-G88)/$AT88,0)","=IFERROR(($AU88-D88)/$AU88,0)",=$AU88-D88
"Anglers Reef is Oceanfront, Blue Marlin House2/2.5",26475557,,46975,59243,434.95,43.55,316,2,2,6,true,false,false,true,true,false,true,Home/Apartment,House,House/villa,4.9,90,7,2-5,Luxury,false,200,false,108,15,2026-05-13,Key West,Islamorada,Islamorada,Florida,33036,United States,coastal,https://www.airbnb.com/rooms/12674639,https://a0.muscache.com/im/pictures/f43d1aff-3f4d-4863-8b1e-76581318752a.jpg,12674639,823516,24.95034,-80.59416,=AVERAGE($G$2:$G$191),=AVERAGE($D$2:$D$191),"=IFERROR(($AT89-G89)/$AT89,0)","=IFERROR(($AU89-D89)/$AU89,0)",=$AU89-D89
The Keys Beach House,315537569,,46563,47122,789.2,69.41,364,3,3,7,true,false,false,true,true,false,false,Home/Apartment,House,House/villa,0,0,28,1,Luxury,false,400,false,59,2,2026-05-14,Key West,Islamorada,Islamorada,Florida,33036,United States,coastal,https://www.airbnb.com/rooms/1136378854473609667,https://a0.muscache.com/im/pictures/miso/Hosting-1136378854473609667/original/f3f32657-6efd-427a-b8d9-4e576690fd79.jpeg,1136378854473609667,3942539,24.86472,-80.71196,=AVERAGE($G$2:$G$191),=AVERAGE($D$2:$D$191),"=IFERROR(($AT90-G90)/$AT90,0)","=IFERROR(($AU90-D90)/$AU90,0)",=$AU90-D90
3 Bedroom Private Oceanfront House - Sol,221165660,,46298,158731,964.54,64,114,3,3,8,true,false,false,true,true,false,true,Home/Apartment,House,House/villa,4.55,56,7,2-5,Luxury,false,0,true,48,10,2026-05-17,Key West,Islamorada,Islamorada,Florida,33036,United States,coastal,https://www.airbnb.com/rooms/29360111,https://a0.muscache.com/im/pictures/d9b906b3-0ef7-41be-9b10-ca600d764e29.jpg,29360111,7399954ha,24.9245,-80.629,=AVERAGE($G$2:$G$191),=AVERAGE($D$2:$D$191),"=IFERROR(($AT91-G91)/$AT91,0)","=IFERROR(($AU91-D91)/$AU91,0)",=$AU91-D91
"Island Time: Partial Ocean View, Pool, Dockage",Newman Hospitality,,45806,59102,776.37,68.6,119,3,4,8,true,false,false,true,true,false,true,Home/Apartment,House,House/villa,4.6,5,7,21+,Luxury,true,709,false,59,9,2026-05-16,Key West,Islamorada,Islamorada,Florida,33036,United States,coastal,https://www.airbnb.com/rooms/1567607176229201791,https://a0.muscache.com/im/pictures/prohost-api/Hosting-1567607176229201791/original/e4205a76-bb05-4c44-89b2-7d3011ca3634.jpeg,1567607176229201791,20225545ha,24.9458209516,-80.5998251174,=AVERAGE($G$2:$G$191),=AVERAGE($D$2:$D$191),"=IFERROR(($AT92-G92)/$AT92,0)","=IFERROR(($AU92-D92)/$AU92,0)",=$AU92-D92
"Experience luxury at Heart of Morada, a 3-bedroom condo in beautiful Islamorada.",Freewheeler Vacations,,45214,78457,982.91,36.51,278,3,3,6,true,false,false,true,true,false,true,Home/Apartment,House,House/villa,5,2,7,21+,Luxury,false,470,false,46,6,2026-05-16,Key West,Islamorada,Islamorada,Florida,33036,United States,coastal,https://www.vrbo.com/9691525ha,https://media.vrbo.com/lodging/79000000/78460000/78457600/78457519/2cffd5ba.jpg?impolicy=resizecrop&rw=1200&ra=fit,,9691525ha,24.917527,-80.630963,=AVERAGE($G$2:$G$191),=AVERAGE($D$2:$D$191),"=IFERROR(($AT93-G93)/$AT93,0)","=IFERROR(($AU93-D93)/$AU93,0)",=$AU93-D93
"Beach Dream House, relax and enjoy the clear waters of Islamorada  FL ",,,44131,132995,817.24,39.42,240,2,2,6,true,false,true,true,true,true,true,Home/Apartment,House,House/villa,5,49,28,1,Luxury,false,450,true,54,7,2026-05-17,Key West,Islamorada,Islamorada,Florida,33036,United States,coastal,https://www.vrbo.com/7152695ha,https://media.vrbo.com/lodging/34000000/33560000/33553400/33553394/73a64930.jpg?impolicy=resizecrop&rw=1200&ra=fit,,7152695ha,24.861445,-80.717259,=AVERAGE($G$2:$G$191),=AVERAGE($D$2:$D$191),"=IFERROR(($AT94-G94)/$AT94,0)","=IFERROR(($AU94-D94)/$AU94,0)",=$AU94-D94
Luxury vacation home! Paradise!,238303691,,42419,45426,673.32,56.76,358,3,3,10,true,false,false,true,true,false,true,Home/Apartment,House,House/villa,5,2,28,2-5,Luxury,false,800,true,63,2,2026-05-14,Key West,Islamorada,Islamorada,Florida,33036,United States,coastal,https://www.airbnb.com/rooms/1007372176720678528,https://a0.muscache.com/im/pictures/hosting/Hosting-1007372176720678528/original/9745304d-f9f8-4dbe-a7a0-46358f7790e7.png,1007372176720678528,4767359,24.87324,-80.70196,=AVERAGE($G$2:$G$191),=AVERAGE($D$2:$D$191),"=IFERROR(($AT95-G95)/$AT95,0)","=IFERROR(($AU95-D95)/$AU95,0)",=$AU95-D95
Slip to Sip | 1BR Marina & Pool Scene,450201602,,39995,70935,327.83,52.36,260,1,2,6,true,false,false,true,true,false,true,Home/Apartment,Condominium (condo),Apt/Condo/Loft,4,2,3,21+,Luxury,true,50,false,122,39,2026-05-15,Key West,Islamorada,Islamorada,Florida,33036,United States,coastal,https://www.airbnb.com/rooms/1210114668905903244,https://a0.muscache.com/im/pictures/miso/Hosting-613215922989118890/original/cc797017-1da2-462d-9fba-d0a5195d4fb2.jpeg,1210114668905903244,2880960,24.8501360084,-80.7372688551,=AVERAGE($G$2:$G$191),=AVERAGE($D$2:$D$191),"=IFERROR(($AT96-G96)/$AT96,0)","=IFERROR(($AU96-D96)/$AU96,0)",=$AU96-D96
Tut's Cay,Keys Ocean Vacation Rentals,,39893,41370,1477.52,100,180,4,5,10,true,true,true,true,true,false,true,Home/Apartment,House,House/villa,5,1,1,21+,Luxury,true,790,true,27,1,2025-08-07,Key West,Islamorada,Tavernier,Florida,33070,United States,coastal,https://www.airbnb.com/rooms/1171722381366526582,https://a0.muscache.com/im/pictures/prohost-api/Hosting-1171722381366526582/original/f0cc8379-7b4a-43ae-bfd0-2cf276a831fa.jpeg,1171722381366526582,4030628,24.992743,-80.53561,=AVERAGE($G$2:$G$191),=AVERAGE($D$2:$D$191),"=IFERROR(($AT97-G97)/$AT97,0)","=IFERROR(($AU97-D97)/$AU97,0)",=$AU97-D97
Coastal Retreat in the Heart of Islamorada,,,38227,54776,1194.59,35.56,319,4,4,8,true,false,false,true,false,true,false,Home/Apartment,House,House/villa,5,1,7,1,Luxury,false,499,false,32,5,2026-05-17,Key West,Islamorada,Islamorada,Florida,33036,United States,coastal,https://www.vrbo.com/4068928,https://media.vrbo.com/lodging/107000000/106390000/106386800/106386768/293d24c5.jpg?impolicy=resizecrop&rw=1200&ra=fit,,4068928,24.918669,-80.628253,=AVERAGE($G$2:$G$191),=AVERAGE($D$2:$D$191),"=IFERROR(($AT98-G98)/$AT98,0)","=IFERROR(($AU98-D98)/$AU98,0)",=$AU98-D98
Islamorada Pool Villa w/ Private Beach,32335879,,37477,39247,604.47,51.24,337,3,3,12,true,false,true,true,true,false,true,Home/Apartment,Villa,House/villa,5,6,31,1,Luxury,false,345,true,62,2,2026-05-15,Key West,Islamorada,Islamorada,Florida,33036,United States,coastal,https://www.airbnb.com/rooms/52632338,https://a0.muscache.com/im/pictures/miso/Hosting-52632338/original/96e86f67-7454-423a-b229-9b4cb89bde4a.jpeg,52632338,2406247,24.86334,-80.72874,=AVERAGE($G$2:$G$191),=AVERAGE($D$2:$D$191),"=IFERROR(($AT99-G99)/$AT99,0)","=IFERROR(($AU99-D99)/$AU99,0)",=$AU99-D99
"Beautiful bayfront house, private pool and dock, right in Downtown Islamorada",,,36593,86986,1180.42,34.44,206,3,3,6,true,false,false,true,true,false,true,Home/Apartment,House,House/villa,4.9,13,7,1,Luxury,false,300,false,31,7,2026-05-14,Key West,Islamorada,Islamorada,Florida,33036,United States,coastal,https://www.vrbo.com/2652357,https://media.vrbo.com/lodging/76000000/75170000/75167900/75167801/47fea623.jpg?impolicy=resizecrop&rw=1200&ra=fit,,2652357,24.917355,-80.637394,=AVERAGE($G$2:$G$191),=AVERAGE($D$2:$D$191),"=IFERROR(($AT100-G100)/$AT100,0)","=IFERROR(($AU100-D100)/$AU100,0)",=$AU100-D100
Brand New Home-  Islamorada on ocean with views,693787165,,35668,41505,1486.17,29.63,256,3,2,15,true,false,false,true,true,true,true,Home/Apartment,House,House/villa,5,1,7,1,Luxury,false,502,false,24,3,2026-05-11,Key West,Islamorada,Islamorada,Florida,33036,United States,coastal,https://www.airbnb.com/rooms/1414131852436213651,https://a0.muscache.com/im/pictures/miso/Hosting-1414131852436213651/original/6496e814-f855-4756-a46b-89c067cbcf7d.jpeg,1414131852436213651,,24.9499,-80.5916,=AVERAGE($G$2:$G$191),=AVERAGE($D$2:$D$191),"=IFERROR(($AT101-G101)/$AT101,0)","=IFERROR(($AU101-D101)/$AU101,0)",=$AU101-D101
"Discover luxury at Stillwater Cove, a stunning 3BR retreat with beautiful pool and dockage.",Freewheeler Vacations,,34800,53865,600,67.44,303,3,4,6,true,false,false,true,true,false,false,Home/Apartment,House,House/villa,0,0,28,21+,Luxury,false,515,false,58,2,2026-05-17,Key West,Islamorada,Islamorada,Florida,33036,United States,coastal,https://www.vrbo.com/20166090ha,https://media.vrbo.com/lodging/118000000/117960000/117959700/117959616/93024f27.jpg?impolicy=resizecrop&rw=1200&ra=fit,,20166090ha,24.858546,-80.725087,=AVERAGE($G$2:$G$191),=AVERAGE($D$2:$D$191),"=IFERROR(($AT102-G102)/$AT102,0)","=IFERROR(($AU102-D102)/$AU102,0)",=$AU102-D102
"Oceanfront Anglers Reef, Islamorada Florida Keys",133390552,,34094,107150,831.56,68.33,157,3,2,6,true,false,false,true,true,false,true,Home/Apartment,House,House/villa,5,10,7,1,Luxury,false,1350,true,41,7,2026-05-11,Key West,Islamorada,Islamorada,Florida,33036,United States,coastal,https://www.airbnb.com/rooms/1507417325083041977,https://a0.muscache.com/im/pictures/hosting/Hosting-1507417325083041977/original/d89cd57e-7084-4b3f-8a7e-acc1b34cf72e.jpeg,1507417325083041977,4777715,24.94927,-80.595,=AVERAGE($G$2:$G$191),=AVERAGE($D$2:$D$191),"=IFERROR(($AT103-G103)/$AT103,0)","=IFERROR(($AU103-D103)/$AU103,0)",=$AU103-D103
Gated Estate Duplex on the bay with dockage,Keys Holiday,,33922,53442,530.03,60.38,212,2,2,7,true,false,false,true,true,false,false,Home/Apartment,House,House/villa,5,1,7,21+,Luxury,true,358,true,64,7,2026-05-13,Key West,Islamorada,Islamorada,Florida,33036,United States,coastal,https://www.airbnb.com/rooms/973992534825689592,https://a0.muscache.com/im/pictures/prohost-api/Hosting-973992534825689592/original/4455fbc7-3254-4243-9bfb-18f7a1bbe409.jpeg,973992534825689592,3605082,24.92638,-80.62755,=AVERAGE($G$2:$G$191),=AVERAGE($D$2:$D$191),"=IFERROR(($AT104-G104)/$AT104,0)","=IFERROR(($AU104-D104)/$AU104,0)",=$AU104-D104
Steps to Pool at 4 bedroom Luxury Oceanfront condo,129016909,,33303,125654,2081.44,25.81,300,4,4,8,true,true,true,true,true,false,true,Home/Apartment,Condominium (condo),Apt/Condo/Loft,5,1,7,21+,Luxury,false,722,false,16,2,2026-05-13,Key West,Islamorada,Islamorada,Florida,33036,United States,coastal,https://www.airbnb.com/rooms/704355627220315303,https://a0.muscache.com/im/pictures/miso/Hosting-704355627220315303/original/5df3f84f-ae1f-400b-a4cb-4535b75d4830.jpeg,704355627220315303,,24.9078,-80.64613,=AVERAGE($G$2:$G$191),=AVERAGE($D$2:$D$191),"=IFERROR(($AT105-G105)/$AT105,0)","=IFERROR(($AU105-D105)/$AU105,0)",=$AU105-D105
Ocean’s Fourteen: Direct Ocean View- Htd Pool,Newman Hospitality,,33101,38244,675.53,68.06,109,3,3,6,true,false,false,true,true,false,true,Home/Apartment,House,House/villa,4.65,3,7,21+,Luxury,true,742,false,49,7,2026-05-14,Key West,Islamorada,Islamorada,Florida,33036,United States,coastal,https://www.airbnb.com/rooms/1607345188585988625,https://a0.muscache.com/im/pictures/prohost-api/Hosting-1607345188585988625/original/9297dfeb-3010-4de9-916e-d1423024cb02.jpeg,1607345188585988625,20244990ha,24.94535,-80.59898,=AVERAGE($G$2:$G$191),=AVERAGE($D$2:$D$191),"=IFERROR(($AT106-G106)/$AT106,0)","=IFERROR(($AU106-D106)/$AU106,0)",=$AU106-D106
Coastal Paradise in Anglers Reef-Ocean Access,69111091,,31850,31918,475.37,52.34,211,2,2,6,true,false,false,true,true,false,true,Home/Apartment,House,House/villa,5,7,7,2-5,Luxury,false,252,true,67,9,2026-05-11,Key West,Islamorada,Islamorada,Florida,33036,United States,coastal,https://www.airbnb.com/rooms/1532777872152127090,https://a0.muscache.com/im/pictures/hosting/Hosting-1532777872152127090/original/e2ec4fb6-5082-417d-ac8e-11e2f4daa4df.jpeg,1532777872152127090,4896418,24.9497,-80.5937,=AVERAGE($G$2:$G$191),=AVERAGE($D$2:$D$191),"=IFERROR(($AT107-G107)/$AT107,0)","=IFERROR(($AU107-D107)/$AU107,0)",=$AU107-D107
"Sea Ranch Estate of Islamorada, Florida Keys",Island Villa Rental Properties,,31585,161515,1214.81,35.62,167,4,3,10,true,false,false,true,true,false,true,Home/Apartment,Villa,House/villa,4.9,9,7,6-20,Luxury,false,777,false,26,4,2026-05-13,Key West,Islamorada,Islamorada,Florida,33036,United States,coastal,https://www.airbnb.com/rooms/23184902,https://a0.muscache.com/im/pictures/0df2a1ca-5233-4db4-b10f-ef918f3a4465.jpg,23184902,29775,24.93153,-80.61969,=AVERAGE($G$2:$G$191),=AVERAGE($D$2:$D$191),"=IFERROR(($AT108-G108)/$AT108,0)","=IFERROR(($AU108-D108)/$AU108,0)",=$AU108-D108
2nd Floor Duplex on Gated Bayfront Property,Keys Holiday,,31105,52871,536.29,32.95,265,2,2,6,true,false,false,true,true,true,false,Home/Apartment,House,House/villa,0,0,7,21+,Luxury,true,421,true,58,9,2026-05-11,Key West,Islamorada,Islamorada,Florida,33036,United States,coastal,https://www.airbnb.com/rooms/973992555420833301,https://a0.muscache.com/im/pictures/prohost-api/Hosting-973992555420833301/original/12f22c03-29f2-4ccd-8b26-2f4ea146037e.jpeg,973992555420833301,3605083,24.92607,-80.62737,=AVERAGE($G$2:$G$191),=AVERAGE($D$2:$D$191),"=IFERROR(($AT109-G109)/$AT109,0)","=IFERROR(($AU109-D109)/$AU109,0)",=$AU109-D109
"Experience luxury at Maison 307 in Islamorada, 3 bedrooms with resort-style pool.",Freewheeler Vacations,,30360,80628,778.46,32.77,230,3,3,8,true,false,false,true,true,false,false,Home/Apartment,Condominium (condo),Apt/Condo/Loft,5,11,7,21+,Luxury,false,290,false,39,6,2026-05-16,Key West,Islamorada,Islamorada,Florida,33036,United States,coastal,https://www.vrbo.com/9486590ha,https://media.vrbo.com/lodging/58000000/57130000/57127400/57127377/c169962d.jpg?impolicy=resizecrop&rw=1200&ra=fit,,9486590ha,24.905105,-80.647168,=AVERAGE($G$2:$G$191),=AVERAGE($D$2:$D$191),"=IFERROR(($AT110-G110)/$AT110,0)","=IFERROR(($AU110-D110)/$AU110,0)",=$AU110-D110
"Stunning Islamorada Home ~ Pool, Spa, Dockage",Sea Haven Vacations,,29918,42795,747.95,71.43,338,3,2,6,true,false,true,true,true,true,true,Home/Apartment,House,House/villa,0,0,28,21+,Luxury,false,450,false,40,1,2026-04-27,Key West,Islamorada,Tavernier,Florida,33070,United States,coastal,https://www.airbnb.com/rooms/1415248541427538207,https://a0.muscache.com/im/pictures/prohost-api/Hosting-1415248541427538207/original/0ceb5ece-6498-40b4-ac4f-4357d0a641fd.jpeg,1415248541427538207,4574780,25,-80.5342,=AVERAGE($G$2:$G$191),=AVERAGE($D$2:$D$191),"=IFERROR(($AT111-G111)/$AT111,0)","=IFERROR(($AU111-D111)/$AU111,0)",=$AU111-D111
FL Keys Ocean Front Escape,348896322,,29391,34321,506.74,66.67,159,2,3,4,true,false,false,true,true,true,true,Home/Apartment,House,House/villa,5,8,7,2-5,Luxury,true,300,true,58,9,2026-05-13,Key West,Islamorada,Islamorada,Florida,33036,United States,coastal,https://www.airbnb.com/rooms/1544362938754917558,https://a0.muscache.com/im/pictures/prohost-api/Hosting-1544362938754917558/original/f7d85d23-6674-439b-b4df-0dc458194d1f.jpeg,1544362938754917558,,24.97233,-80.5522,=AVERAGE($G$2:$G$191),=AVERAGE($D$2:$D$191),"=IFERROR(($AT112-G112)/$AT112,0)","=IFERROR(($AU112-D112)/$AU112,0)",=$AU112-D112
"Ocean Views, Playroom, Pool and Boat Dockage",Keys Holiday,,29165,29165,767.5,53.52,92,3,3,8,true,false,false,true,true,true,true,Home/Apartment,House,House/villa,4.5,2,7,21+,Luxury,false,386,true,38,3,2025-04-13,Key West,Islamorada,Islamorada,Florida,33036,United States,coastal,https://www.airbnb.com/rooms/1097962997309045185,https://a0.muscache.com/im/pictures/prohost-api/Hosting-1097962997309045185/original/d1f70936-652b-461c-8edc-8912fe410efd.jpeg,1097962997309045185,3872657,24.9461386,-80.6005674,=AVERAGE($G$2:$G$191),=AVERAGE($D$2:$D$191),"=IFERROR(($AT113-G113)/$AT113,0)","=IFERROR(($AU113-D113)/$AU113,0)",=$AU113-D113
"Experience paradise at Green Cottage, a charming 2-bedroom oceanfront retreat in Islamorada!",Freewheeler Vacations,,29146,43370,485.77,34.68,290,2,1,5,true,false,false,true,true,false,false,Home/Apartment,House,House/villa,5,15,7,21+,Luxury,false,210,false,60,8,2026-05-14,Key West,Islamorada,Islamorada,Florida,33036,United States,coastal,https://www.vrbo.com/7940370ha,https://media.vrbo.com/lodging/40000000/39200000/39199000/39198938/5baffe77.jpg?impolicy=resizecrop&rw=1200&ra=fit,,7940370ha,24.967327,-80.564107,=AVERAGE($G$2:$G$191),=AVERAGE($D$2:$D$191),"=IFERROR(($AT114-G114)/$AT114,0)","=IFERROR(($AU114-D114)/$AU114,0)",=$AU114-D114
"Beach House Estate, Islamorada, Florida Keys",Island Villa Rental Properties,,28496,160493,1583.11,42.86,90,4,4,8,true,false,false,true,true,false,true,Home/Apartment,Villa,House/villa,4.6,9,7,6-20,Luxury,false,933,false,18,3,2026-05-13,Key West,Islamorada,Islamorada,Florida,33036,United States,coastal,https://www.airbnb.com/rooms/25130599,https://a0.muscache.com/im/pictures/c9fa5bec-06af-4910-a6e6-a8896adbb251.jpg,25130599,471432,24.90856,-80.64307,=AVERAGE($G$2:$G$191),=AVERAGE($D$2:$D$191),"=IFERROR(($AT115-G115)/$AT115,0)","=IFERROR(($AU115-D115)/$AU115,0)",=$AU115-D115
"1 bedroom, 1 bath, full kitchen, 1 queen bed, 1 queen sleeper sofa.",,,27910,65201,473.05,53.64,157,1,1,4,true,false,false,true,true,false,false,Home/Apartment,House,House/villa,0,0,5,6-20,Luxury,false,0,true,59,16,2026-05-16,Key West,Islamorada,Islamorada,Florida,33036,United States,coastal,https://www.vrbo.com/3137141,https://media.vrbo.com/lodging/90000000/89660000/89653900/89653844/2aef3029.jpg?impolicy=resizecrop&rw=1200&ra=fit,,3137141,24.9187,-80.6315,=AVERAGE($G$2:$G$191),=AVERAGE($D$2:$D$191),"=IFERROR(($AT116-G116)/$AT116,0)","=IFERROR(($AU116-D116)/$AU116,0)",=$AU116-D116
Green Coconut Islamorada,Island Villa Rental Properties,,27600,27600,460,68.97,363,2,2,4,true,false,false,true,true,false,true,Home/Apartment,House,House/villa,0,0,28,6-20,Luxury,false,450,false,60,1,2025-09-01,Key West,Islamorada,Islamorada,Florida,33036,United States,coastal,https://www.airbnb.com/rooms/1387645888591910149,https://a0.muscache.com/im/pictures/miso/Hosting-1387645888591910149/original/597ac673-3391-43b3-bf04-3c73447f274b.jpeg,1387645888591910149,4511423,24.9166706578,-80.6375010569,=AVERAGE($G$2:$G$191),=AVERAGE($D$2:$D$191),"=IFERROR(($AT117-G117)/$AT117,0)","=IFERROR(($AU117-D117)/$AU117,0)",=$AU117-D117
Peaceful Palms - Paradise Awaits,Freewheeler Vacations Inc,,26700,56369,635.71,24.42,280,3,3,6,true,false,false,true,true,true,true,Home/Apartment,Apartment,Apt/Condo/Loft,5,5,7,21+,Luxury,false,584,false,42,8,2025-09-08,Key West,Islamorada,Islamorada,Florida,33036,United States,coastal,https://www.airbnb.com/rooms/1350126450428034295,https://a0.muscache.com/im/pictures/miso/Hosting-1350126450428034295/original/a4dbb335-95e5-421c-91bf-9f59262d2889.jpeg,1350126450428034295,20106733ha,24.94636,-80.59907,=AVERAGE($G$2:$G$191),=AVERAGE($D$2:$D$191),"=IFERROR(($AT118-G118)/$AT118,0)","=IFERROR(($AU118-D118)/$AU118,0)",=$AU118-D118
Private Beach Villa Awaits-R&R~,341986911,,25190,25318,458,67.07,363,2,2,6,true,false,true,true,true,true,false,Home/Apartment,Villa,House/villa,0,0,30,2-5,Luxury,false,250,false,55,1,2026-05-14,Key West,Islamorada,Islamorada,Florida,33036,United States,coastal,https://www.airbnb.com/rooms/690603010671964135,https://a0.muscache.com/im/pictures/miso/Hosting-690603010671964135/original/8f072959-8e9a-48c4-89d8-ce1e2e7840de.jpeg,690603010671964135,,24.8722,-80.70194,=AVERAGE($G$2:$G$191),=AVERAGE($D$2:$D$191),"=IFERROR(($AT119-G119)/$AT119,0)","=IFERROR(($AU119-D119)/$AU119,0)",=$AU119-D119
Waterfront / Ocean Access Canal / Kamp Key,Latitude Key,,24745,35211,634.49,23.08,281,3,3,6,true,false,false,true,true,true,false,Home/Apartment,House,House/villa,5,3,7,21+,Luxury,true,398,true,39,8,2026-05-15,Key West,Islamorada,Islamorada,Florida,33036,United States,coastal,https://www.airbnb.com/rooms/1447160795093185523,https://a0.muscache.com/im/pictures/prohost-api/Hosting-1447160795093185523/original/2016a68b-5f8d-49b9-9740-d47c693857f2.jpeg,1447160795093185523,4654619,24.87408,-80.70446,=AVERAGE($G$2:$G$191),=AVERAGE($D$2:$D$191),"=IFERROR(($AT120-G120)/$AT120,0)","=IFERROR(($AU120-D120)/$AU120,0)",=$AU120-D120
"Blue Oasis Estate, Islamorada",129016909,,24346,24346,1872.77,19.4,123,3,3,6,true,false,false,true,true,false,true,Home/Apartment,House,House/villa,0,0,7,21+,Luxury,false,650,false,13,1,2025-07-14,Key West,Islamorada,Islamorada,Florida,33036,United States,coastal,https://www.airbnb.com/rooms/1074736989770566537,https://a0.muscache.com/im/pictures/miso/Hosting-1074736989770566537/original/511d931b-4caf-497e-bcf6-843bad209f83.jpeg,1074736989770566537,3821003,24.9086541,-80.6426418,=AVERAGE($G$2:$G$191),=AVERAGE($D$2:$D$191),"=IFERROR(($AT121-G121)/$AT121,0)","=IFERROR(($AU121-D121)/$AU121,0)",=$AU121-D121
Gated lush tropical property on Florida Bay,Keys Holiday,,24148,39431,524.96,39.66,219,2,2,4,true,false,false,true,true,false,false,Home/Apartment,House,House/villa,0,0,7,21+,Luxury,true,302,true,46,7,2026-05-13,Key West,Islamorada,Islamorada,Florida,33036,United States,coastal,https://www.airbnb.com/rooms/973992512523868832,https://a0.muscache.com/im/pictures/prohost-api/Hosting-973992512523868832/original/76554a27-a655-4e99-b8bf-809886608d7c.jpeg,973992512523868832,3530611,24.92679,-80.62881,=AVERAGE($G$2:$G$191),=AVERAGE($D$2:$D$191),"=IFERROR(($AT122-G122)/$AT122,0)","=IFERROR(($AU122-D122)/$AU122,0)",=$AU122-D122
"Coconut Palm South,1 King Bed, 2 Full Beds, 1 Pull Out",,,24043,81766,649.81,39.78,157,2,1,8,true,false,false,true,true,false,false,Home/Apartment,House,House/villa,0,0,5,6-20,Luxury,false,0,true,37,9,2026-05-17,Key West,Islamorada,Islamorada,Florida,33036,United States,coastal,https://www.vrbo.com/3137150,https://media.vrbo.com/lodging/90000000/89660000/89653900/89653884/84f56ff2.jpg?impolicy=resizecrop&rw=1200&ra=fit,,3137150,24.9187,-80.6315,=AVERAGE($G$2:$G$191),=AVERAGE($D$2:$D$191),"=IFERROR(($AT123-G123)/$AT123,0)","=IFERROR(($AU123-D123)/$AU123,0)",=$AU123-D123
Beachfront Villa Cinema|Pool|Spa,The Glam Homes,,23331,23331,1555.4,12.93,116,4,4,15,true,false,true,true,true,true,true,Home/Apartment,House,House/villa,0,0,3,21+,Luxury,false,500,true,15,4,2025-01-11,Key West,Islamorada,Islamorada,Florida,33036,United States,coastal,https://www.airbnb.com/rooms/1329086904692753273,https://a0.muscache.com/im/pictures/miso/Hosting-920182537028006062/original/63f7927a-1992-47cd-b8ae-d9b95e35ffe4.jpeg,1329086904692753273,,24.8654,-80.7107,=AVERAGE($G$2:$G$191),=AVERAGE($D$2:$D$191),"=IFERROR(($AT124-G124)/$AT124,0)","=IFERROR(($AU124-D124)/$AU124,0)",=$AU124-D124
"Canary Island Palm South 2 Bedrooms, 2 Baths, Poolside",,,23292,84510,629.51,50.68,127,2,2,8,true,false,false,true,true,false,false,Home/Apartment,House,House/villa,0,0,5,6-20,Luxury,false,0,true,37,12,2026-05-15,Key West,Islamorada,Islamorada,Florida,33036,United States,coastal,https://www.vrbo.com/3137144,https://media.vrbo.com/lodging/90000000/89660000/89653900/89653863/9c1ba526.jpg?impolicy=resizecrop&rw=1200&ra=fit,,3137144,24.9187,-80.6315,=AVERAGE($G$2:$G$191),=AVERAGE($D$2:$D$191),"=IFERROR(($AT125-G125)/$AT125,0)","=IFERROR(($AU125-D125)/$AU125,0)",=$AU125-D125
First Floor Flavor | 2 Balconies | Sleeps 6,450201602,,22971,24534,574.27,70.18,84,1,2,6,true,false,false,true,true,false,true,Home/Apartment,Condominium (condo),Apt/Condo/Loft,0,0,3,21+,Luxury,true,50,false,40,6,2026-05-15,Key West,Islamorada,Islamorada,Florida,33036,United States,coastal,https://www.airbnb.com/rooms/1628396572239575265,https://a0.muscache.com/im/pictures/prohost-api/Hosting-597741142800340101/original/f0093623-cbed-47f0-ad4a-b6c1d15f3b84.jpeg,1628396572239575265,,24.84941,-80.73671,=AVERAGE($G$2:$G$191),=AVERAGE($D$2:$D$191),"=IFERROR(($AT126-G126)/$AT126,0)","=IFERROR(($AU126-D126)/$AU126,0)",=$AU126-D126
"Princess Palm South Poolside,1 King Bed, 2 FullBeds, 1 Pull Out",,,22951,99735,637.53,40.91,124,2,1,8,true,false,false,true,true,false,false,Home/Apartment,House,House/villa,0,0,5,6-20,Luxury,false,0,true,36,12,2026-05-16,Key West,Islamorada,Islamorada,Florida,33036,United States,coastal,https://www.vrbo.com/3137145,https://media.vrbo.com/lodging/90000000/89660000/89653900/89653866/d5df374b.jpg?impolicy=resizecrop&rw=1200&ra=fit,,3137145,24.9187,-80.6315,=AVERAGE($G$2:$G$191),=AVERAGE($D$2:$D$191),"=IFERROR(($AT127-G127)/$AT127,0)","=IFERROR(($AU127-D127)/$AU127,0)",=$AU127-D127
One Ten Palms ~ Charming Islamorada Beachfront Home with Heated Pool,Coastal Vacation Rentals of the Florida Keys,,22167,76987,1303.94,37.78,112,3,3,10,true,false,false,true,true,false,true,Home/Apartment,House,House/villa,0,0,7,21+,Luxury,false,651,false,17,4,2026-05-16,Key West,Islamorada,Islamorada,Florida,33036,United States,coastal,https://www.vrbo.com/4889260,https://media.vrbo.com/lodging/122000000/121440000/121434400/121434369/268942e6.jpg?impolicy=resizecrop&rw=1200&ra=fit,,4889260,24.91114,-80.6414,=AVERAGE($G$2:$G$191),=AVERAGE($D$2:$D$191),"=IFERROR(($AT128-G128)/$AT128,0)","=IFERROR(($AU128-D128)/$AU128,0)",=$AU128-D128
Ocean Front House: 3-bedroom house in fantastic Islamorada with cool AC,,,20366,21540,599,64.15,57,3,2,6,true,false,false,false,false,false,false,Home/Apartment,House,House/villa,0,0,2,1,Luxury,false,0,false,34,5,2026-05-15,Key West,Islamorada,Islamorada,Florida,33036,United States,coastal,https://www.vrbo.com/5095969,https://media.vrbo.com/lodging/127000000/126150000/126142300/126142222/ca4ad73e.jpg?impolicy=resizecrop&rw=1200&ra=fit,,5095969,24.897587,-80.660021,=AVERAGE($G$2:$G$191),=AVERAGE($D$2:$D$191),"=IFERROR(($AT129-G129)/$AT129,0)","=IFERROR(($AU129-D129)/$AU129,0)",=$AU129-D129
"Princess Palm North 2 Bedrooms, 2 Baths Poolside",,,20354,66331,636.06,40.51,133,2,2,8,true,false,false,true,true,false,false,Home/Apartment,House,House/villa,0,0,5,6-20,Luxury,false,0,true,32,9,2026-05-13,Key West,Islamorada,Islamorada,Florida,33036,United States,coastal,https://www.vrbo.com/3137147,https://media.vrbo.com/lodging/90000000/89660000/89653900/89653872/f21e24c6.jpg?impolicy=resizecrop&rw=1200&ra=fit,,3137147,24.9187,-80.6315,=AVERAGE($G$2:$G$191),=AVERAGE($D$2:$D$191),"=IFERROR(($AT130-G130)/$AT130,0)","=IFERROR(($AU130-D130)/$AU130,0)",=$AU130-D130
Islamorada | Maison Residences,537957995,,20332,112155,1196,56.67,202,4,6,8,true,false,true,false,true,false,true,Home/Apartment,Villa,House/villa,5,10,7,2-5,Luxury,true,550,false,17,2,2026-05-14,Key West,Islamorada,Islamorada,Florida,33036,United States,coastal,https://www.airbnb.com/rooms/1087541175336119839,https://a0.muscache.com/im/pictures/prohost-api/Hosting-1087541175336119839/original/5c379b76-0b69-4ce5-851c-cc915f69b08e.png,1087541175336119839,3850463,24.90772,-80.64556,=AVERAGE($G$2:$G$191),=AVERAGE($D$2:$D$191),"=IFERROR(($AT131-G131)/$AT131,0)","=IFERROR(($AU131-D131)/$AU131,0)",=$AU131-D131
Discover Sea Ranch in Islamorada: spacious 4BR home with private pool and stunning views.,Freewheeler Vacations,,20307,50483,1450.5,15.91,264,4,3,12,true,false,false,true,true,false,true,Home/Apartment,House,House/villa,5,2,7,21+,Luxury,false,530,false,14,3,2026-05-14,Key West,Islamorada,Islamorada,Florida,33036,United States,coastal,https://www.vrbo.com/4555994ha,https://media.vrbo.com/lodging/40000000/39840000/39831300/39831208/f49f1207.jpg?impolicy=resizecrop&rw=1200&ra=fit,,4555994ha,24.9293,-80.622915,=AVERAGE($G$2:$G$191),=AVERAGE($D$2:$D$191),"=IFERROR(($AT132-G132)/$AT132,0)","=IFERROR(($AU132-D132)/$AU132,0)",=$AU132-D132
"Maison Residences, 4 BR with dockage Islamorada",Island Villa Rental Properties,,20187,124520,2243,24.32,296,4,4,8,true,false,true,true,true,false,true,Home/Apartment,House,House/villa,5,2,7,6-20,Luxury,false,672,false,9,2,2026-05-13,Key West,Islamorada,Islamorada,Florida,33036,United States,coastal,https://www.airbnb.com/rooms/40232532,https://a0.muscache.com/im/pictures/f9f72a0a-f188-41fa-95a2-99bd9b01ce2f.jpg,40232532,2540188,24.90756,-80.64694,=AVERAGE($G$2:$G$191),=AVERAGE($D$2:$D$191),"=IFERROR(($AT133-G133)/$AT133,0)","=IFERROR(($AU133-D133)/$AU133,0)",=$AU133-D133
"Venetian Shores Waterfront with Ocean Access, Pool",10013591,,20074,55996,1056.53,50,99,3,3,8,true,false,true,false,true,true,true,Home/Apartment,House,House/villa,5,40,7,1,Luxury,false,351,true,19,3,2026-05-13,Key West,Islamorada,Islamorada,Florida,33036,United States,coastal,https://www.airbnb.com/rooms/1563874469386576035,https://a0.muscache.com/im/pictures/prohost-api/Hosting-1563874469386576035/original/0435ab58-2eff-46e7-91cd-629e3751c62b.jpeg,1563874469386576035,4983442,24.95824,-80.58733,=AVERAGE($G$2:$G$191),=AVERAGE($D$2:$D$191),"=IFERROR(($AT134-G134)/$AT134,0)","=IFERROR(($AU134-D134)/$AU134,0)",=$AU134-D134
"Charming Bayfront Cottage in Heart of Islamorada with Heated Pool, Deep Dockage, Kayaks & More",,,19879,52440,736.26,48.21,100,2,1,6,true,false,true,true,true,true,true,Home/Apartment,House,House/villa,5,19,7,1,Luxury,false,397,true,27,5,2026-05-15,Key West,Islamorada,Islamorada,Florida,33036,United States,coastal,https://www.vrbo.com/4718161,https://media.vrbo.com/lodging/120000000/119140000/119137800/119137717/cb215467.jpg?impolicy=resizecrop&rw=1200&ra=fit,,4718161,24.927,-80.626862,=AVERAGE($G$2:$G$191),=AVERAGE($D$2:$D$191),"=IFERROR(($AT135-G135)/$AT135,0)","=IFERROR(($AU135-D135)/$AU135,0)",=$AU135-D135
Oceanfront  Condo Islamorada June  & July Special,80496316,,19364,20591,195.6,69.72,359,2,2,4,true,true,false,true,true,false,true,Home/Apartment,Condominium (condo),Apt/Condo/Loft,5,15,28,1,Luxury,false,150,true,99,3,2025-05-09,Key West,Islamorada,Islamorada,Florida,33036,United States,coastal,https://www.airbnb.com/rooms/49987175,https://a0.muscache.com/im/pictures/02a43d50-8baf-40fa-8ee4-19f6135256a5.jpg,49987175,9314671ha,24.96677,-80.5577,=AVERAGE($G$2:$G$191),=AVERAGE($D$2:$D$191),"=IFERROR(($AT136-G136)/$AT136,0)","=IFERROR(($AU136-D136)/$AU136,0)",=$AU136-D136
Conch House: 3-bedroom house in charming Islamorada with cool AC,,,19170,19170,599.06,54.24,61,3,2,6,true,false,false,false,false,false,false,Home/Apartment,House,House/villa,0,0,2,1,Luxury,false,0,false,32,9,2026-05-15,Key West,Islamorada,Islamorada,Florida,33036,United States,coastal,https://www.vrbo.com/5096044,https://media.vrbo.com/lodging/127000000/126150000/126143400/126143380/14051958.jpg?impolicy=resizecrop&rw=1200&ra=fit,,5096044,24.897167,-80.655749,=AVERAGE($G$2:$G$191),=AVERAGE($D$2:$D$191),"=IFERROR(($AT137-G137)/$AT137,0)","=IFERROR(($AU137-D137)/$AU137,0)",=$AU137-D137
Peaceful Palms- Islamorada's Newest Address!,Freewheeler Vacations Inc,,19081,31632,681.46,30.43,180,3,3,6,true,false,false,true,true,true,false,Home/Apartment,Condominium (condo),Apt/Condo/Loft,0,0,7,21+,Luxury,false,585,false,28,6,2025-09-08,Key West,Islamorada,Islamorada,Florida,33036,United States,coastal,https://www.airbnb.com/rooms/1345062082264822907,https://a0.muscache.com/im/pictures/miso/Hosting-1345062082264822907/original/e4ed6639-a3d2-4d8a-b4dc-2d0db3f92a7e.jpeg,1345062082264822907,20101007ha,24.9459719698,-80.6004221651,=AVERAGE($G$2:$G$191),=AVERAGE($D$2:$D$191),"=IFERROR(($AT138-G138)/$AT138,0)","=IFERROR(($AU138-D138)/$AU138,0)",=$AU138-D138
"Renovated Home in Anglers Reef, Islamorada / 2BR-2.5BA / Marina, Pool, Beach",,,18880,20355,590,69.57,55,2,2,4,true,false,false,true,true,false,true,Home/Apartment,House,House/villa,5,1,7,1,Luxury,false,250,false,32,1,2026-05-14,Key West,Islamorada,Islamorada,Florida,33036,United States,coastal,https://www.vrbo.com/5077394,https://media.vrbo.com/lodging/126000000/125620000/125616800/125616745/218b9721.jpg?impolicy=resizecrop&rw=1200&ra=fit,,5077394,24.949255,-80.593565,=AVERAGE($G$2:$G$191),=AVERAGE($D$2:$D$191),"=IFERROR(($AT139-G139)/$AT139,0)","=IFERROR(($AU139-D139)/$AU139,0)",=$AU139-D139
Conch House at Alligator Reef- VR#24-0389,Freewheeler Vacations Inc,,18775,46908,938.75,21.98,218,3,2,8,true,false,false,true,true,true,true,Home/Apartment,House,House/villa,4.4,5,7,21+,Luxury,false,477,false,20,4,2026-05-16,Key West,Islamorada,Islamorada,Florida,33036,United States,coastal,https://www.airbnb.com/rooms/17207904,https://a0.muscache.com/im/pictures/a602dff0-5151-4e81-8038-c2d4f0ca3423.jpg,17207904,4555926ha,24.94668,-80.59883,=AVERAGE($G$2:$G$191),=AVERAGE($D$2:$D$191),"=IFERROR(($AT140-G140)/$AT140,0)","=IFERROR(($AU140-D140)/$AU140,0)",=$AU140-D140
Serenity,507528739,,17842,45385,939.05,33.93,154,3,2,6,true,false,false,true,true,false,true,Home/Apartment,House,House/villa,0,0,28,21+,Luxury,false,600,true,19,3,2026-05-14,Key West,Islamorada,Islamorada,Florida,33036,United States,coastal,https://www.airbnb.com/rooms/1250094075580418474,https://a0.muscache.com/im/pictures/prohost-api/Hosting-1250094075580418474/original/3a46b984-2cef-4f0a-8908-f76cf080ae2a.jpeg,1250094075580418474,4206004,24.8643320839,-80.7128669442,=AVERAGE($G$2:$G$191),=AVERAGE($D$2:$D$191),"=IFERROR(($AT141-G141)/$AT141,0)","=IFERROR(($AU141-D141)/$AU141,0)",=$AU141-D141
"Fish Tail Palm Ocean View 1 Queen Bed, and 1 Pull Out",,,17293,35160,524.03,45.83,126,1,1,4,true,false,false,true,true,false,false,Home/Apartment,House,House/villa,0,0,5,6-20,Luxury,false,0,true,33,9,2026-05-14,Key West,Islamorada,Islamorada,Florida,33036,United States,coastal,https://www.vrbo.com/3137148,https://media.vrbo.com/lodging/90000000/89660000/89653900/89653874/902c8f20.jpg?impolicy=resizecrop&rw=1200&ra=fit,,3137148,24.9187,-80.6315,=AVERAGE($G$2:$G$191),=AVERAGE($D$2:$D$191),"=IFERROR(($AT142-G142)/$AT142,0)","=IFERROR(($AU142-D142)/$AU142,0)",=$AU142-D142
"3 BR Oceanfront luxury Villa 402 - Islamorada, FL",Island Villa Rental Properties,,17036,68215,1703.6,18.87,239,3,3,6,true,false,true,true,true,false,true,Home/Apartment,Villa,House/villa,5,2,7,6-20,Luxury,false,694,false,10,2,2026-05-13,Key West,Islamorada,Islamorada,Florida,33036,United States,coastal,https://www.airbnb.com/rooms/594161956531563658,https://a0.muscache.com/im/pictures/miso/Hosting-594161956531563658/original/52508a44-326e-4441-b3df-6d32cc3a119a.jpeg,594161956531563658,2881557,24.90555,-80.64674,=AVERAGE($G$2:$G$191),=AVERAGE($D$2:$D$191),"=IFERROR(($AT143-G143)/$AT143,0)","=IFERROR(($AU143-D143)/$AU143,0)",=$AU143-D143
182 Gulfview Dr.,Freewheeler Vacations,,16500,25033,550,93.75,285,,,5,true,false,false,true,false,true,true,Home/Apartment,House,House/villa,5,6,1,21+,Luxury,false,400,true,30,0,2026-05-15,Key West,Islamorada,Islamorada,Florida,33036,United States,coastal,https://www.airbnb.com/rooms/720272068373645172,https://a0.muscache.com/im/pictures/prohost-api/Hosting-720272068373645172/original/b259b5c0-66e8-4560-9828-f98a7a2f5c11.jpeg,720272068373645172,9859498ha,24.85855,-80.73206,=AVERAGE($G$2:$G$191),=AVERAGE($D$2:$D$191),"=IFERROR(($AT144-G144)/$AT144,0)","=IFERROR(($AU144-D144)/$AU144,0)",=$AU144-D144
"Harbor house 2 Bedrooms, 2 Baths, Partial Ocean View",,,16032,52374,763.43,25.61,139,2,2,6,false,false,false,false,true,false,false,Home/Apartment,House,House/villa,0,0,5,6-20,Luxury,false,0,true,21,9,2026-05-16,Key West,Islamorada,Islamorada,Florida,33036,United States,coastal,https://www.vrbo.com/3137153,https://media.vrbo.com/lodging/90000000/89660000/89654000/89653901/9c3e071b.jpg?impolicy=resizecrop&rw=1200&ra=fit,,3137153,24.9187,-80.6315,=AVERAGE($G$2:$G$191),=AVERAGE($D$2:$D$191),"=IFERROR(($AT145-G145)/$AT145,0)","=IFERROR(($AU145-D145)/$AU145,0)",=$AU145-D145
Dockside Days | First Floor & Flavor Nearby,450201602,,13806,27063,493.07,93.33,57,1,2,6,true,false,false,true,true,false,true,Home/Apartment,Condominium (condo),Apt/Condo/Loft,0,0,3,21+,Luxury,true,50,false,28,5,2026-05-15,Key West,Islamorada,Islamorada,Florida,33036,United States,coastal,https://www.airbnb.com/rooms/1612459281236881341,https://a0.muscache.com/im/pictures/prohost-api/Hosting-597741142800340101/original/f0093623-cbed-47f0-ad4a-b6c1d15f3b84.jpeg,1612459281236881341,,24.8513169577,-80.7368142481,=AVERAGE($G$2:$G$191),=AVERAGE($D$2:$D$191),"=IFERROR(($AT146-G146)/$AT146,0)","=IFERROR(($AU146-D146)/$AU146,0)",=$AU146-D146
New Ground Level Caribbean Cottage,,,13507,34510,500.26,20,239,2,2,6,true,false,false,true,true,false,false,Home/Apartment,House,House/villa,5,3,7,6-20,Luxury,false,0,true,27,8,2026-05-16,Key West,Islamorada,Islamorada,Florida,33036,United States,coastal,https://www.vrbo.com/2428020,https://media.vrbo.com/lodging/71000000/70420000/70417800/70417789/ace23b83.jpg?impolicy=resizecrop&rw=1200&ra=fit,,2428020,24.9187,-80.6315,=AVERAGE($G$2:$G$191),=AVERAGE($D$2:$D$191),"=IFERROR(($AT147-G147)/$AT147,0)","=IFERROR(($AU147-D147)/$AU147,0)",=$AU147-D147
Maison 402 Island Charm,Freewheeler Vacations Inc,,13291,20833,1022.38,14.13,248,3,3,8,true,false,true,true,true,true,true,Home/Apartment,Apartment,Apt/Condo/Loft,5,1,7,21+,Luxury,false,586,false,13,3,2025-09-05,Key West,Islamorada,Islamorada,Florida,33036,United States,coastal,https://www.airbnb.com/rooms/1244235844862190845,https://a0.muscache.com/im/pictures/miso/Hosting-1244235844862190845/original/28efaca0-7297-4aeb-8512-a9a5cac4235a.jpeg,1244235844862190845,9982615ha,24.90629,-80.64501,=AVERAGE($G$2:$G$191),=AVERAGE($D$2:$D$191),"=IFERROR(($AT148-G148)/$AT148,0)","=IFERROR(($AU148-D148)/$AU148,0)",=$AU148-D148
Marina View Retreat | 2 Balconies | Sleeps 6,450201602,,12992,25171,499.69,72.22,64,1,2,6,true,false,false,true,true,false,true,Home/Apartment,Condominium (condo),Apt/Condo/Loft,0,0,3,21+,Luxury,true,50,false,26,8,2026-05-15,Key West,Islamorada,Islamorada,Florida,33036,United States,coastal,https://www.airbnb.com/rooms/1612458295065223773,https://a0.muscache.com/im/pictures/prohost-api/Hosting-597741142800340101/original/f0093623-cbed-47f0-ad4a-b6c1d15f3b84.jpeg,1612458295065223773,,24.8506742456,-80.7365409291,=AVERAGE($G$2:$G$191),=AVERAGE($D$2:$D$191),"=IFERROR(($AT149-G149)/$AT149,0)","=IFERROR(($AU149-D149)/$AU149,0)",=$AU149-D149
"204 Ocean front, Top shelf condo, Islamorada, Keys",Island Villa Rental Properties,,12184,22887,1523,22.86,358,4,4,8,true,true,true,true,true,false,true,Home/Apartment,Condominium (condo),Apt/Condo/Loft,0,0,7,6-20,Luxury,false,694,false,8,1,2026-05-14,Key West,Islamorada,Islamorada,Florida,33036,United States,coastal,https://www.airbnb.com/rooms/589879358402566073,https://a0.muscache.com/im/pictures/miso/Hosting-589879358402566073/original/266250e3-80e0-4da0-b254-32c6df1f67fa.jpeg,589879358402566073,2308423,24.90691,-80.64609,=AVERAGE($G$2:$G$191),=AVERAGE($D$2:$D$191),"=IFERROR(($AT150-G150)/$AT150,0)","=IFERROR(($AU150-D150)/$AU150,0)",=$AU150-D150
"Islamorada waterfront gem: Total reno ‘24: 3/3.5, pool, spa & deep water dock.  ",,,11214,18690,623,40,260,3,4,6,true,false,true,true,true,false,true,Home/Apartment,House,House/villa,0,0,28,1,Luxury,false,497,true,18,1,2025-12-21,Key West,Islamorada,Islamorada,Florida,33036,United States,coastal,https://www.vrbo.com/3898316,https://media.vrbo.com/lodging/104000000/103080000/103076300/103076285/46dd6f88.jpg?impolicy=resizecrop&rw=1200&ra=fit,,3898316,24.86086,-80.72515,=AVERAGE($G$2:$G$191),=AVERAGE($D$2:$D$191),"=IFERROR(($AT151-G151)/$AT151,0)","=IFERROR(($AU151-D151)/$AU151,0)",=$AU151-D151
Islamorada Palm Cove | Private Waterfront Escape,732630562,,8832,8832,1104,100,89,4,3,8,true,false,false,true,true,false,true,Home/Apartment,House,House/villa,0,0,28,2-5,Luxury,false,629,false,8,1,2026-05-17,Key West,Islamorada,Islamorada,Florida,33036,United States,coastal,https://www.airbnb.com/rooms/1620405547089295367,https://a0.muscache.com/im/pictures/prohost-api/Hosting-1620405547089295367/original/b8d4103a-6965-40f6-8af9-398ea4f4a2fa.jpeg,1620405547089295367,5103313,24.8609,-80.7252,=AVERAGE($G$2:$G$191),=AVERAGE($D$2:$D$191),"=IFERROR(($AT152-G152)/$AT152,0)","=IFERROR(($AU152-D152)/$AU152,0)",=$AU152-D152
Poolside Glow | First Floor Water View | Sleeps 6,450201602,,8702,28172,483.44,94.74,46,1,,6,true,false,false,true,true,false,true,Home/Apartment,Condominium (condo),Apt/Condo/Loft,0,0,3,21+,Luxury,true,50,false,18,4,2026-05-15,Key West,Islamorada,Islamorada,Florida,33036,United States,coastal,https://www.airbnb.com/rooms/1612456212049906794,https://a0.muscache.com/im/pictures/prohost-api/Hosting-597741142800340101/original/f0093623-cbed-47f0-ad4a-b6c1d15f3b84.jpeg,1612456212049906794,,24.8510730901,-80.737158185,=AVERAGE($G$2:$G$191),=AVERAGE($D$2:$D$191),"=IFERROR(($AT153-G153)/$AT153,0)","=IFERROR(($AU153-D153)/$AU153,0)",=$AU153-D153
"Brand New Unique Deep Water Gulf Front Estate.  Beach, Pool, Hot tub and docks",,,8100,51424,2025,12.9,169,4,4,8,true,false,true,true,true,false,true,Home/Apartment,House,House/villa,5,55,7,1,Luxury,false,698,false,4,1,2026-05-15,Key West,Islamorada,Islamorada,Florida,33036,United States,coastal,https://www.vrbo.com/296394,https://media.vrbo.com/lodging/35000000/34330000/34323300/34323245/b3e7c4d6.jpg?impolicy=resizecrop&rw=1200&ra=fit,,296394,24.970265,-80.559665,=AVERAGE($G$2:$G$191),=AVERAGE($D$2:$D$191),"=IFERROR(($AT154-G154)/$AT154,0)","=IFERROR(($AU154-D154)/$AU154,0)",=$AU154-D154
Second Floor Splash Spot | Ocean + Pool Views,450201602,,7866,28091,561.86,66.67,50,1,,6,true,false,false,true,true,false,true,Home/Apartment,Condominium (condo),Apt/Condo/Loft,0,0,3,21+,Luxury,true,100,false,14,4,2026-05-15,Key West,Islamorada,Islamorada,Florida,33036,United States,coastal,https://www.airbnb.com/rooms/1612464204655013284,https://a0.muscache.com/im/pictures/prohost-api/Hosting-597741142800340101/original/f0093623-cbed-47f0-ad4a-b6c1d15f3b84.jpeg,1612464204655013284,,24.8506855291,-80.7363632306,=AVERAGE($G$2:$G$191),=AVERAGE($D$2:$D$191),"=IFERROR(($AT155-G155)/$AT155,0)","=IFERROR(($AU155-D155)/$AU155,0)",=$AU155-D155
Poolside Drift | Partial Ocean View | Sleeps 6,450201602,,5545,24312,426.54,100,45,1,,6,true,false,false,true,true,false,true,Home/Apartment,Condominium (condo),Apt/Condo/Loft,0,0,3,21+,Luxury,true,50,false,13,4,2026-05-15,Key West,Islamorada,Islamorada,Florida,33036,United States,coastal,https://www.airbnb.com/rooms/1612454908963387427,https://a0.muscache.com/im/pictures/prohost-api/Hosting-597741142800340101/original/f0093623-cbed-47f0-ad4a-b6c1d15f3b84.jpeg,1612454908963387427,,24.8508505822,-80.7386819679,=AVERAGE($G$2:$G$191),=AVERAGE($D$2:$D$191),"=IFERROR(($AT156-G156)/$AT156,0)","=IFERROR(($AU156-D156)/$AU156,0)",=$AU156-D156
"OCEAN VIEW ANGLERS REEF - POOL, BEACH. Walk or bike to local food + bars",,,5522,12900,502,34.38,48,2,2,5,true,false,false,true,true,false,true,Home/Apartment,House,House/villa,5,1,7,1,Luxury,false,225,false,11,2,2026-05-16,Key West,Islamorada,Islamorada,Florida,33036,United States,coastal,https://www.vrbo.com/5048310,https://media.vrbo.com/lodging/126000000/125060000/125051500/125051409/f09fc25f.jpg?impolicy=resizecrop&rw=1200&ra=fit,,5048310,24.949314,-80.593337,=AVERAGE($G$2:$G$191),=AVERAGE($D$2:$D$191),"=IFERROR(($AT157-G157)/$AT157,0)","=IFERROR(($AU157-D157)/$AU157,0)",=$AU157-D157
"GREAT LOCATION !!! White Marlin Beach House, Islamorada",,,5274,11976,586,25,333,2,2,5,true,false,false,true,true,false,false,Home/Apartment,House,House/villa,5,67,28,1,Luxury,false,300,false,9,1,2026-05-16,Key West,Islamorada,Islamorada,Florida,33036,United States,coastal,https://www.vrbo.com/29285,https://media.vrbo.com/lodging/34000000/33510000/33506100/33506001/d6109374.jpg?impolicy=resizecrop&rw=1200&ra=fit,,29285,24.859367,-80.732765,=AVERAGE($G$2:$G$191),=AVERAGE($D$2:$D$191),"=IFERROR(($AT158-G158)/$AT158,0)","=IFERROR(($AU158-D158)/$AU158,0)",=$AU158-D158
Enjoy Tropical Experience in Beachfront Casita,Islamorada Stays,,5270,5346,585.56,10.98,82,2,1,4,true,false,false,false,true,true,true,Home/Apartment,Cottage,House/villa,0,0,1,21+,Luxury,false,0,true,9,4,2025-03-03,Key West,Islamorada,Islamorada,Florida,33036,United States,coastal,https://www.airbnb.com/rooms/1353721939534952410,https://a0.muscache.com/im/pictures/prohost-api/Hosting-1353721939534952410/original/233ae47b-396f-479b-baac-475af88d36c8.jpeg,1353721939534952410,,24.9032,-80.6501,=AVERAGE($G$2:$G$191),=AVERAGE($D$2:$D$191),"=IFERROR(($AT159-G159)/$AT159,0)","=IFERROR(($AU159-D159)/$AU159,0)",=$AU159-D159
"GREAT LOCATION !!! ** White Marlin Beach House, Islamorada FLORIDA KEYS  ",,,5247,6229,583,25,356,2,2,4,true,false,false,true,true,false,false,Home/Apartment,House,House/villa,4.8,17,28,1,Luxury,false,297,false,9,1,2026-05-12,Key West,Islamorada,Islamorada,Florida,33036,United States,coastal,https://www.vrbo.com/7027791ha,https://media.vrbo.com/lodging/34000000/33550000/33547700/33547649/beae8b2c.jpg?impolicy=resizecrop&rw=1200&ra=fit,,7027791ha,24.855703,-80.731061,=AVERAGE($G$2:$G$191),=AVERAGE($D$2:$D$191),"=IFERROR(($AT160-G160)/$AT160,0)","=IFERROR(($AU160-D160)/$AU160,0)",=$AU160-D160
Stay for the Vibe | 1BR at a Marina Escape,450201602,,3362,9599,420.25,72.73,38,1,,6,true,false,false,true,true,false,true,Home/Apartment,Condominium (condo),Apt/Condo/Loft,0,0,3,21+,Luxury,true,50,false,8,1,2026-05-15,Key West,Islamorada,Islamorada,Florida,33036,United States,coastal,https://www.airbnb.com/rooms/1612454151302439235,https://a0.muscache.com/im/pictures/prohost-api/Hosting-597741142800340101/original/f0093623-cbed-47f0-ad4a-b6c1d15f3b84.jpeg,1612454151302439235,,24.850011978,-80.736419841,=AVERAGE($G$2:$G$191),=AVERAGE($D$2:$D$191),"=IFERROR(($AT161-G161)/$AT161,0)","=IFERROR(($AU161-D161)/$AU161,0)",=$AU161-D161
Penthouse Paradise Developer Unit with all upgrade,2428723,,2812,29057,1406,66.67,3,3,2,6,true,true,true,true,true,true,true,Home/Apartment,Apartment,Apt/Condo/Loft,5,15,3,6-20,Luxury,true,500,true,2,1,2025-02-13,Key West,Islamorada,Islamorada,Florida,33036,United States,coastal,https://www.airbnb.com/rooms/46986764,https://a0.muscache.com/im/pictures/prohost-api/Hosting-46986764/original/91970556-72d2-45c9-b075-73332146a3eb.jpeg,46986764,1712371,24.85636,-80.72974,=AVERAGE($G$2:$G$191),=AVERAGE($D$2:$D$191),"=IFERROR(($AT162-G162)/$AT162,0)","=IFERROR(($AU162-D162)/$AU162,0)",=$AU162-D162
Den Suite Vibes | Affordable Island Escape,450201602,,1858,15948,464.5,30.77,41,1,2,6,true,false,false,false,true,false,true,Home/Apartment,Condominium (condo),Apt/Condo/Loft,0,0,3,21+,Luxury,true,50,false,4,2,2026-05-15,Key West,Islamorada,Islamorada,Florida,33036,United States,coastal,https://www.airbnb.com/rooms/1610253275211131540,https://a0.muscache.com/im/pictures/prohost-api/Hosting-613215922989118890/original/4b2d022d-79de-48d1-bfac-c8baa164d2f0.jpeg,1610253275211131540,,24.8494718646,-80.7369802338,=AVERAGE($G$2:$G$191),=AVERAGE($D$2:$D$191),"=IFERROR(($AT163-G163)/$AT163,0)","=IFERROR(($AU163-D163)/$AU163,0)",=$AU163-D163
You will never want to leave.,10230634,,1358,14780,1358,2.63,337,3,3,6,true,false,true,true,true,true,true,Home/Apartment,House,House/villa,5,7,28,1,Luxury,false,500,false,1,1,2026-05-13,Key West,Islamorada,Islamorada,Florida,33036,United States,coastal,https://www.airbnb.com/rooms/1982730,https://a0.muscache.com/im/pictures/miso/Hosting-1982730/original/abc8674c-da20-4214-96e7-990d5942cd3d.jpeg,1982730,2029884,24.84977,-80.73639,=AVERAGE($G$2:$G$191),=AVERAGE($D$2:$D$191),"=IFERROR(($AT164-G164)/$AT164,0)","=IFERROR(($AU164-D164)/$AU164,0)",=$AU164-D164
Paradise at Isla Morada,122580232,,0,0,0,0,365,4,3,15,true,true,true,true,true,true,false,Home/Apartment,House,House/villa,5,1,7,1,Luxury,false,500,true,0,0,2025-02-24,Key West,Islamorada,Tavernier,Florida,33070,United States,coastal,https://www.airbnb.com/rooms/1013802444362685473,https://a0.muscache.com/im/pictures/miso/Hosting-1013802444362685473/original/264ddf69-a1ae-4bcb-ad35-20a46c86c1a0.jpeg,1013802444362685473,3689587,24.97516,-80.55057,=AVERAGE($G$2:$G$191),=AVERAGE($D$2:$D$191),"=IFERROR(($AT165-G165)/$AT165,0)","=IFERROR(($AU165-D165)/$AU165,0)",=$AU165-D165
Exclusive and Luxurious Home,462104444,,0,0,0,0,365,3,2,10,false,false,true,true,true,false,true,Home/Apartment,House,House/villa,5,1,28,1,Luxury,false,350,false,0,0,2026-05-16,Key West,Islamorada,Islamorada,Florida,33036,United States,coastal,https://www.airbnb.com/rooms/1084716618166472127,https://a0.muscache.com/im/pictures/miso/Hosting-1084716618166472127/original/4a984893-9469-4650-b4b2-ef9e83c18ea9.jpeg,1084716618166472127,3836659,24.86184,-80.72757,=AVERAGE($G$2:$G$191),=AVERAGE($D$2:$D$191),"=IFERROR(($AT166-G166)/$AT166,0)","=IFERROR(($AU166-D166)/$AU166,0)",=$AU166-D166
A Premier Oceanfront Estate in Islamorada,Sea Haven Vacations,,0,0,0,0,184,6,8,14,true,true,true,true,true,true,true,Home/Apartment,House,House/villa,0,0,28,21+,Luxury,false,1000,false,0,0,2025-10-02,Key West,Islamorada,Islamorada,Florida,33036,United States,coastal,https://www.airbnb.com/rooms/1150810068105961059,https://a0.muscache.com/im/pictures/prohost-api/Hosting-1150810068105961059/original/732e7e90-b6f2-4b2a-b598-33835c102387.jpeg,1150810068105961059,3991874,24.95383,-80.572567,=AVERAGE($G$2:$G$191),=AVERAGE($D$2:$D$191),"=IFERROR(($AT167-G167)/$AT167,0)","=IFERROR(($AU167-D167)/$AU167,0)",=$AU167-D167
Oceanfront Oasis - Pinch me am I dreaming!!!,2428723,,0,0,0,0,21,5,4,10,true,false,false,true,true,true,true,Home/Apartment,House,House/villa,4.75,20,7,6-20,Luxury,false,700,true,0,0,2023-10-27,Key West,Islamorada,Islamorada,Florida,33036,United States,coastal,https://www.airbnb.com/rooms/14431017,https://a0.muscache.com/im/pictures/7fc4815a-448a-4a0f-a4ad-4bba6d2cb73f.jpg?aki_policy=x_large,14431017,903487,24.86995,-80.70284,=AVERAGE($G$2:$G$191),=AVERAGE($D$2:$D$191),"=IFERROR(($AT168-G168)/$AT168,0)","=IFERROR(($AU168-D168)/$AU168,0)",=$AU168-D168
Beautiful Pool Home located in Port Antigua,Keys Holiday,,0,0,0,0,304,3,3,6,true,false,true,true,true,false,true,Home/Apartment,House,House/villa,0,0,28,21+,Luxury,true,451,true,0,0,2026-05-13,Key West,Islamorada,Islamorada,Florida,33036,United States,coastal,https://www.airbnb.com/rooms/1462457320467748546,https://a0.muscache.com/im/pictures/prohost-api/Hosting-1462457320467748546/original/482183cb-416d-4e48-8260-2d10984a614f.jpeg,1462457320467748546,4691836,24.86182,-80.72966,=AVERAGE($G$2:$G$191),=AVERAGE($D$2:$D$191),"=IFERROR(($AT169-G169)/$AT169,0)","=IFERROR(($AU169-D169)/$AU169,0)",=$AU169-D169
Paradise Found!,105696987,,0,5159,0,0,335,4,3,8,true,false,false,true,true,false,true,Home/Apartment,House,House/villa,4.6,5,28,2-5,Luxury,false,350,false,0,0,2026-05-13,Key West,Islamorada,Tavernier,Florida,33070,United States,coastal,https://www.airbnb.com/rooms/16558311,https://a0.muscache.com/im/pictures/miso/Hosting-16558311/original/8b9908ee-1887-4073-9d09-bc25e4620e09.png,16558311,2946669,25.00463,-80.53736,=AVERAGE($G$2:$G$191),=AVERAGE($D$2:$D$191),"=IFERROR(($AT170-G170)/$AT170,0)","=IFERROR(($AU170-D170)/$AU170,0)",=$AU170-D170
Gorgeous waterfront home,55683231,,0,1355,0,0,341,3,2,8,true,false,false,true,true,false,false,Home/Apartment,House,House/villa,5,2,28,2-5,Luxury,false,300,false,0,0,2026-05-14,Key West,Islamorada,Islamorada,Florida,33036,United States,coastal,https://www.airbnb.com/rooms/32234743,https://a0.muscache.com/im/pictures/793bc2a9-1ad1-4d28-a9d3-b0d4dada13f1.jpg,32234743,,24.95558,-80.57244,=AVERAGE($G$2:$G$191),=AVERAGE($D$2:$D$191),"=IFERROR(($AT171-G171)/$AT171,0)","=IFERROR(($AU171-D171)/$AU171,0)",=$AU171-D171
Keys home on water w/ access to  beach *monthly*,236699,,0,0,0,0,153,3,2,10,true,false,false,true,true,true,false,Home/Apartment,House,House/villa,4.9,30,28,21+,Luxury,true,200,false,0,0,2025-08-24,Key West,Islamorada,Islamorada,Florida,33036,United States,coastal,https://www.airbnb.com/rooms/32763309,https://a0.muscache.com/im/pictures/ce68296c-2a22-45fb-a36a-85484069d589.jpg,32763309,,24.85705,-80.7368,=AVERAGE($G$2:$G$191),=AVERAGE($D$2:$D$191),"=IFERROR(($AT172-G172)/$AT172,0)","=IFERROR(($AU172-D172)/$AU172,0)",=$AU172-D172
A little piece of Paradise,226251895,,0,715,0,0,361,2,1,4,true,true,false,true,true,false,true,Home/Apartment,Condominium (condo),Apt/Condo/Loft,0,0,28,1,Luxury,false,150,false,0,0,2026-05-15,Key West,Islamorada,Islamorada,Florida,33036,United States,coastal,https://www.airbnb.com/rooms/38686690,https://a0.muscache.com/im/pictures/966ba3bb-d948-4e35-80fd-c70490531b86.jpg,38686690,,24.96849,-80.55808,=AVERAGE($G$2:$G$191),=AVERAGE($D$2:$D$191),"=IFERROR(($AT173-G173)/$AT173,0)","=IFERROR(($AU173-D173)/$AU173,0)",=$AU173-D173
1 Bedroom Oceanview Suite,369863983,,0,0,0,0,245,1,1,3,true,true,true,false,true,false,true,Home/Apartment,Vacation home,House/villa,5,2,7,6-20,Luxury,false,0,true,0,0,2025-11-09,Key West,Islamorada,Islamorada,Florida,33036,United States,coastal,https://www.airbnb.com/rooms/46756575,https://a0.muscache.com/im/pictures/a43a2ca3-51f5-4104-9b5f-2fdbd319e633.jpg,46756575,2174337,24.92749,-80.62231,=AVERAGE($G$2:$G$191),=AVERAGE($D$2:$D$191),"=IFERROR(($AT174-G174)/$AT174,0)","=IFERROR(($AU174-D174)/$AU174,0)",=$AU174-D174
Alluring Accessible Suite with Ocean Views,369863983,,0,0,0,0,245,1,1,3,true,true,true,false,true,false,true,Home/Apartment,Vacation home,House/villa,0,0,7,6-20,Luxury,false,0,true,0,0,2025-11-09,Key West,Islamorada,Islamorada,Florida,33036,United States,coastal,https://www.airbnb.com/rooms/46756846,https://a0.muscache.com/im/pictures/f6df5700-dc49-4e90-ada5-3a7c1b9100d6.jpg,46756846,2174340,24.92749,-80.62231,=AVERAGE($G$2:$G$191),=AVERAGE($D$2:$D$191),"=IFERROR(($AT175-G175)/$AT175,0)","=IFERROR(($AU175-D175)/$AU175,0)",=$AU175-D175
Modern Oceanview Paradise at Islamorada,2428723,,0,0,0,0,15,3,3,6,true,false,false,true,true,false,true,Home/Apartment,House,House/villa,5,15,6,6-20,Luxury,true,500,true,0,0,2025-02-17,Key West,Islamorada,Islamorada,Florida,33036,United States,coastal,https://www.airbnb.com/rooms/50023646,https://a0.muscache.com/im/pictures/prohost-api/Hosting-50023646/original/bdbea1c7-fdc9-4fb1-badd-97285af34fec.jpeg,50023646,2326664,24.87006,-80.70149,=AVERAGE($G$2:$G$191),=AVERAGE($D$2:$D$191),"=IFERROR(($AT176-G176)/$AT176,0)","=IFERROR(($AU176-D176)/$AU176,0)",=$AU176-D176
Luxury beachfront home with pool in Islamorada,Pack N Relax,,0,0,0,0,31,3,4,6,true,false,false,true,true,false,true,Home/Apartment,House,House/villa,5,9,28,21+,Luxury,true,578,false,0,0,2025-04-28,Key West,Islamorada,Islamorada,Florida,33036,United States,coastal,https://www.airbnb.com/rooms/50089136,https://a0.muscache.com/im/pictures/prohost-api/Hosting-50089136/original/1b451e8c-ddad-4a7a-a5e8-cae8c47762de.jpeg,50089136,2331567,24.86432,-80.71427,=AVERAGE($G$2:$G$191),=AVERAGE($D$2:$D$191),"=IFERROR(($AT177-G177)/$AT177,0)","=IFERROR(($AU177-D177)/$AU177,0)",=$AU177-D177
4BR Oceanfront Condo steps to beach and pool,Island Villa Rental Properties,,0,8311,0,0,9,4,4,8,true,false,true,false,false,false,true,Home/Apartment,Condominium (condo),Apt/Condo/Loft,0,0,7,6-20,Luxury,false,550,false,0,0,2025-09-03,Key West,Islamorada,Islamorada,Florida,33036,United States,coastal,https://www.airbnb.com/rooms/645640176018839710,https://a0.muscache.com/im/pictures/miso/Hosting-645640176018839710/original/28c05c30-e63e-4c0f-9171-e75876cd09fd.jpeg,645640176018839710,2851074,24.9066735,-80.6458282,=AVERAGE($G$2:$G$191),=AVERAGE($D$2:$D$191),"=IFERROR(($AT178-G178)/$AT178,0)","=IFERROR(($AU178-D178)/$AU178,0)",=$AU178-D178
Pirate's Chateau,Freewheeler Vacations Inc,,0,0,0,0,214,5,4,10,true,false,false,true,true,false,true,Home/Apartment,House,House/villa,0,0,28,21+,Luxury,false,900,false,0,0,2025-08-24,Key West,Islamorada,Islamorada,Florida,33036,United States,coastal,https://www.airbnb.com/rooms/665927426330092528,https://a0.muscache.com/im/pictures/miso/Hosting-665927426330092528/original/51de39fe-9734-463f-a6ff-8de71f696a37.jpeg,665927426330092528,9972837ha,24.96464,-80.58828,=AVERAGE($G$2:$G$191),=AVERAGE($D$2:$D$191),"=IFERROR(($AT179-G179)/$AT179,0)","=IFERROR(($AU179-D179)/$AU179,0)",=$AU179-D179
Islamorada Tropical Oasis - Luxury Waterfront Home,42308086,,0,19381,0,0,149,3,2,6,true,true,true,true,true,true,true,Home/Apartment,House,House/villa,4.85,7,28,2-5,Luxury,false,400,false,0,0,2026-05-15,Key West,Islamorada,Tavernier,Florida,33070,United States,coastal,https://www.airbnb.com/rooms/830389097367671305,https://a0.muscache.com/im/pictures/be142be9-6ed7-4d25-82d1-8f07b5b373e3.jpg,830389097367671305,3439397,25.00492,-80.5371,=AVERAGE($G$2:$G$191),=AVERAGE($D$2:$D$191),"=IFERROR(($AT180-G180)/$AT180,0)","=IFERROR(($AU180-D180)/$AU180,0)",=$AU180-D180
"Key Lime Villa - Islamorada, FL",129016909,,0,2488,0,0,9,3,3,6,true,false,false,true,true,false,true,Home/Apartment,House,House/villa,0,0,7,21+,Luxury,false,301,false,0,0,2025-10-02,Key West,Islamorada,Islamorada,Florida,33036,United States,coastal,https://www.airbnb.com/rooms/917457139875243887,https://a0.muscache.com/im/pictures/miso/Hosting-917457139875243887/original/3c402b08-84e2-47ee-9070-47c15a57f6e6.jpeg,917457139875243887,3469923,24.91853,-80.63605,=AVERAGE($G$2:$G$191),=AVERAGE($D$2:$D$191),"=IFERROR(($AT181-G181)/$AT181,0)","=IFERROR(($AU181-D181)/$AU181,0)",=$AU181-D181
"Bayfront Townhome with Boat Slip, Pool and Beach",Keys Holiday,,0,7038,0,0,33,2,2,5,true,false,false,true,true,false,true,Home/Apartment,Townhouse,Apt/Condo/Loft,3.35,3,7,21+,Luxury,false,261,true,0,0,2025-08-11,Key West,Islamorada,Tavernier,Florida,33070,United States,coastal,https://www.airbnb.com/rooms/918778789419538260,https://a0.muscache.com/im/pictures/prohost-api/Hosting-918778789419538260/original/e90c01b8-75b7-401d-a89c-07ce1d22b420.jpeg,918778789419538260,3974247,24.97598,-80.55452,=AVERAGE($G$2:$G$191),=AVERAGE($D$2:$D$191),"=IFERROR(($AT182-G182)/$AT182,0)","=IFERROR(($AU182-D182)/$AU182,0)",=$AU182-D182
Oceanfront Oasis - Pinch me am I dreaming,2428723,,0,0,0,0,21,5,4,10,true,false,false,true,true,true,true,Home/Apartment,House,House/villa,5,4,3,6-20,Luxury,true,700,true,0,0,2025-03-01,Key West,Islamorada,Islamorada,Florida,33036,United States,coastal,https://www.airbnb.com/rooms/937589997753122266,https://a0.muscache.com/im/pictures/prohost-api/Hosting-937589997753122266/original/4dcf8817-6ee0-4e9d-adb2-e4a2092059aa.jpeg,937589997753122266,,24.87183,-80.70232,=AVERAGE($G$2:$G$191),=AVERAGE($D$2:$D$191),"=IFERROR(($AT183-G183)/$AT183,0)","=IFERROR(($AU183-D183)/$AU183,0)",=$AU183-D183
Gorgeous bayfront Snappy Turtle: Spacious 4BR home in Islamorada with open water views!,Freewheeler Vacations,,0,283,0,0,232,4,3,8,true,false,false,true,true,true,false,Home/Apartment,House,House/villa,0,0,28,21+,Luxury,false,815,false,0,0,2026-05-16,Key West,Islamorada,Islamorada,Florida,33036,United States,coastal,https://www.vrbo.com/20116970ha,https://media.vrbo.com/lodging/114000000/113380000/113372300/113372208/190e7f59.jpg?impolicy=resizecrop&rw=1200&ra=fit,,20116970ha,24.853604,-80.737229,=AVERAGE($G$2:$G$191),=AVERAGE($D$2:$D$191),"=IFERROR(($AT184-G184)/$AT184,0)","=IFERROR(($AU184-D184)/$AU184,0)",=$AU184-D184
Oceanview Villa at The Islands of Islamorada: Tropical Bliss & Resort Amenities,,,0,0,0,0,1,4,5,8,true,true,true,true,true,false,true,Home/Apartment,House,House/villa,5,4,1,1,Luxury,false,0,true,0,0,2025-01-05,Key West,Islamorada,Islamorada,Florida,33036,United States,coastal,https://www.vrbo.com/2174349,https://media.vrbo.com/lodging/64000000/63220000/63219100/63219040/4d78a912.jpg?impolicy=resizecrop&rw=1200&ra=fit,,2174349,24.927691,-80.622595,=AVERAGE($G$2:$G$191),=AVERAGE($D$2:$D$191),"=IFERROR(($AT185-G185)/$AT185,0)","=IFERROR(($AU185-D185)/$AU185,0)",=$AU185-D185
Islamorada paradise vacation home in sought after Venation shores,,,0,9530,0,0,34,3,3,8,true,false,false,true,true,false,true,Home/Apartment,House,House/villa,5,1,28,1,Luxury,false,400,false,0,0,2025-10-07,Key West,Islamorada,Islamorada,Florida,33036,United States,coastal,https://www.vrbo.com/3118380,https://media.vrbo.com/lodging/90000000/89350000/89347900/89347855/792f2014.jpg?impolicy=resizecrop&rw=1200&ra=fit,,3118380,24.96156,-80.59212,=AVERAGE($G$2:$G$191),=AVERAGE($D$2:$D$191),"=IFERROR(($AT186-G186)/$AT186,0)","=IFERROR(($AU186-D186)/$AU186,0)",=$AU186-D186
"Royal Palm North 3 Bedrooms, 3 Baths, Ocean Front,",,,0,55053,0,0,158,3,3,8,true,false,false,true,true,false,false,Home/Apartment,House,House/villa,0,0,5,6-20,Luxury,false,0,true,0,0,2026-05-16,Key West,Islamorada,Islamorada,Florida,33036,United States,coastal,https://www.vrbo.com/3137142,https://media.vrbo.com/lodging/90000000/89660000/89653900/89653852/0abc3e52.jpg?impolicy=resizecrop&rw=1200&ra=fit,,3137142,24.9187,-80.6315,=AVERAGE($G$2:$G$191),=AVERAGE($D$2:$D$191),"=IFERROR(($AT187-G187)/$AT187,0)","=IFERROR(($AU187-D187)/$AU187,0)",=$AU187-D187
"Sprawling Bayfront Estate in Heart of Islamorada with Deep Dockage, Heated Pool, Kayaks and More!",,,0,88819,0,0,39,8,6,22,true,false,true,true,true,true,true,Home/Apartment,House,House/villa,0,0,7,1,Luxury,false,1403,true,0,0,2026-05-15,Key West,Islamorada,Islamorada,Florida,33036,United States,coastal,https://www.vrbo.com/4718159,https://media.vrbo.com/lodging/120000000/119140000/119137800/119137713/91331911.jpg?impolicy=resizecrop&rw=1200&ra=fit,,4718159,24.927,-80.626862,=AVERAGE($G$2:$G$191),=AVERAGE($D$2:$D$191),"=IFERROR(($AT188-G188)/$AT188,0)","=IFERROR(($AU188-D188)/$AU188,0)",=$AU188-D188
Stay at the Pirate House conveniently located on Snake Creek in Venetian Shores,,,0,0,0,0,224,3,2,8,true,true,false,true,true,true,false,Home/Apartment,House,House/villa,0,0,28,1,Luxury,false,400,false,0,0,2026-05-16,Key West,Islamorada,Islamorada,Florida,33036,United States,coastal,https://www.vrbo.com/4766746,https://media.vrbo.com/lodging/120000000/119780000/119775100/119775073/9ae71e32.jpg?impolicy=resizecrop&rw=1200&ra=fit,,4766746,24.96061,-80.59174,=AVERAGE($G$2:$G$191),=AVERAGE($D$2:$D$191),"=IFERROR(($AT189-G189)/$AT189,0)","=IFERROR(($AU189-D189)/$AU189,0)",=$AU189-D189
Caribee Beach House ~ Private Islamorada Beach Estate W/ Heated Pool & Dockage,Coastal Vacation Rentals of the Florida Keys,,0,74516,0,0,257,6,5,14,true,false,false,true,true,false,true,Home/Apartment,House,House/villa,0,0,7,21+,Luxury,false,900,false,0,0,2026-05-15,Key West,Islamorada,Islamorada,Florida,33036,United States,coastal,https://www.vrbo.com/7868623ha,https://media.vrbo.com/lodging/38000000/37710000/37701400/37701364/326ec200.jpg?impolicy=resizecrop&rw=1200&ra=fit,,7868623ha,24.90117,-80.65361,=AVERAGE($G$2:$G$191),=AVERAGE($D$2:$D$191),"=IFERROR(($AT190-G190)/$AT190,0)","=IFERROR(($AU190-D190)/$AU190,0)",=$AU190-D190
"Beautifully decorated 3-bedroom condo in Islamorada, steps from the pool with beautiful views!",Freewheeler Vacations,,0,27385,0,0,129,3,2,6,true,false,false,true,true,false,false,Home/Apartment,Condominium (condo),Apt/Condo/Loft,5,0,7,21+,Luxury,false,285,false,0,0,2026-05-16,Key West,Islamorada,Islamorada,Florida,33036,United States,coastal,https://www.vrbo.com/9817851ha,https://media.vrbo.com/lodging/93000000/92970000/92963700/92963674/44fcbd80.jpg?impolicy=resizecrop&rw=1200&ra=fit,,9817851ha,24.902441,-80.646709,=AVERAGE($G$2:$G$191),=AVERAGE($D$2:$D$191),"=IFERROR(($AT191-G191)/$AT191,0)","=IFERROR(($AU191-D191)/$AU191,0)",=$AU191-D191
