Title,Property Manager/Host,Contact,Revenue,Revenue Potential,ADR,Occupancy,Days Available,Bedrooms,Bathrooms,Accommodates,Has Air Conditioning,Has Gym,Has Hot Tub,Has Kitchen,Has Parking,Has Pets,Has Pool,Listing Type,Property Type,Real Estate Type,Overall Rating,Number of Reviews,Minimum Stay,Host Unit Count,Price Tier,Airbnb Superhost,Cleaning Fee,Instant Book,Reserved Days,Number of Bookings,Last Update,AirDNA Market,AirDNA Subarket,City,State,Zipcode,Country,Location Type,Listing URL,Main Listing Image,Airbnb Property ID,Vrbo Property ID,Latitude,Longitude,Market Average Occupancy,Market Average Revenue,Occupancy Gap,Revenue % Gap,Revenue $ Gap
3 Beachfront Homes | Heated Pools | Hot Tubs | 80,151947999,,449845,570240,7255.56,37.58,193,18,16,16,true,true,true,true,true,true,true,Home/Apartment,House,House/villa,0,0,3,6-20,Luxury,true,2100,true,62,14,2026-05-11,Galveston,Port Bolivar,Gilchrist,Texas,77617,United States,coastal,https://www.airbnb.com/rooms/1508077922952428584,"https://a0.muscache.com/im/pictures/hosting/Hosting-U3RheVN1cHBseUxpc3Rpbmc6MTUwODA3NzkyMjk1MjQyODU4NA==/original/ffa73d89-07e0-40ea-bff3-fe9cfbe90578.png",1508077922952428584,,29.50127,-94.51594,"=AVERAGE($G$2:$G$830)","=AVERAGE($D$2:$D$830)","=IFERROR(($AT2-G2)/$AT2,0)","=IFERROR(($AU2-D2)/$AU2,0)","=$AU2-D2"
5 O' Clock Somewhere,Swedes Real Estate,,435824,514598,2212.3,60.43,330,10,11,16,true,true,false,true,true,false,true,Home/Apartment,House,House/villa,4.9,9,2,21+,Luxury,false,420,true,197,45,2026-05-13,Galveston,Port Bolivar,Port Bolivar,Texas,77650,United States,coastal,https://www.airbnb.com/rooms/1120389915021561443,https://a0.muscache.com/im/pictures/hosting/Hosting-1120389915021561443/original/83353b6c-af17-4d28-b75a-3d27fc2cd7d6.jpeg,1120389915021561443,3880302,29.4408,-94.6567,"=AVERAGE($G$2:$G$830)","=AVERAGE($D$2:$D$830)","=IFERROR(($AT3-G3)/$AT3,0)","=IFERROR(($AU3-D3)/$AU3,0)","=$AU3-D3"
2 Beachfront Homes | Heated Pools | Hot Tubs | 56,151947999,,430272,459336,4021.23,40.38,306,13,11,16,true,true,true,true,true,true,true,Home/Apartment,House,House/villa,0,0,3,6-20,Luxury,true,1750,true,107,26,2026-05-14,Galveston,Port Bolivar,Gilchrist,Texas,77617,United States,coastal,https://www.airbnb.com/rooms/1389878138399394766,"https://a0.muscache.com/im/pictures/hosting/Hosting-U3RheVN1cHBseUxpc3Rpbmc6MTM4OTg3ODEzODM5OTM5NDc2Ng==/original/bad71e30-5285-43b7-9097-03c94a4d7349.png",1389878138399394766,,29.5012703907,-94.5143202009,"=AVERAGE($G$2:$G$830)","=AVERAGE($D$2:$D$830)","=IFERROR(($AT4-G4)/$AT4,0)","=IFERROR(($AU4-D4)/$AU4,0)","=$AU4-D4"
"3 Beachfront Homes | Sleeps 54, Perfect for Groups",Bolivar Vacations,,373998,438288,2266.65,62.98,266,15,12,16,true,false,false,true,true,true,false,Home/Apartment,House,House/villa,4,1,2,21+,Luxury,true,1212,true,165,45,2026-05-13,Galveston,Port Bolivar,Gilchrist,Texas,77617,United States,coastal,https://www.airbnb.com/rooms/1358846641819379540,https://a0.muscache.com/im/pictures/prohost-api/Hosting-1358846641819379540/original/5107c8a2-6cd2-41ad-8b87-231b28a001fe.jpeg,1358846641819379540,4439795,29.5004927253,-94.522622363,"=AVERAGE($G$2:$G$830)","=AVERAGE($D$2:$D$830)","=IFERROR(($AT5-G5)/$AT5,0)","=IFERROR(($AU5-D5)/$AU5,0)","=$AU5-D5"
"2 Beachfront Homes, Each with Pool. Sleep 26",22259364,,318435,509245,1759.31,84.58,214,8,5,16,true,false,false,true,true,false,true,Home/Apartment,House,House/villa,4.6,5,3,6-20,Luxury,false,572,true,181,50,2026-05-17,Galveston,Port Bolivar,Gilchrist,Texas,77617,United States,coastal,https://www.airbnb.com/rooms/844047269479516327,https://a0.muscache.com/im/pictures/prohost-api/Hosting-844047269479516327/original/60b6b4d2-bbf6-465a-b2f6-09b39b740247.jpeg,844047269479516327,3328279,29.5156,-94.4794,"=AVERAGE($G$2:$G$830)","=AVERAGE($D$2:$D$830)","=IFERROR(($AT6-G6)/$AT6,0)","=IFERROR(($AU6-D6)/$AU6,0)","=$AU6-D6"
Dragonfly & Flamingo,Bolivar Vacations,,316364,358216,2309.23,45.07,309,10,8,16,true,false,false,true,true,true,false,Home/Apartment,House,House/villa,4,1,2,21+,Luxury,true,1043,true,137,46,2026-05-13,Galveston,Port Bolivar,Gilchrist,Texas,77617,United States,coastal,https://www.airbnb.com/rooms/1360294174115385670,https://a0.muscache.com/im/pictures/prohost-api/Hosting-1360294174115385670/original/497cffce-307d-44b8-93a8-b53478a857c2.jpeg,1360294174115385670,4441869,29.4969418299,-94.5294771621,"=AVERAGE($G$2:$G$830)","=AVERAGE($D$2:$D$830)","=IFERROR(($AT7-G7)/$AT7,0)","=IFERROR(($AU7-D7)/$AU7,0)","=$AU7-D7"
"Beachfront Luxury | 2 Homes, Pools & Hot Tubs",Bolivar Vacations,,309499,350658,2119.86,53.28,281,8,8,16,true,false,true,true,true,false,true,Home/Apartment,House,House/villa,0,0,2,21+,Luxury,true,1033,true,146,36,2026-05-16,Galveston,Port Bolivar,Port Bolivar,Texas,77650,United States,coastal,https://www.airbnb.com/rooms/1350222084483360461,https://a0.muscache.com/im/pictures/prohost-api/Hosting-1350222084483360461/original/2a9f6ee3-8f07-43cd-a388-4149cdb22d6e.jpeg,1350222084483360461,4420277,29.4254643684,-94.6824339971,"=AVERAGE($G$2:$G$830)","=AVERAGE($D$2:$D$830)","=IFERROR(($AT8-G8)/$AT8,0)","=IFERROR(($AU8-D8)/$AU8,0)","=$AU8-D8"
The Shores at Galveston,497003474,,284505,320662,1571.85,55.86,324,9,7,16,true,false,false,true,true,true,false,Home/Apartment,House,House/villa,4.95,110,2,6-20,Luxury,true,300,false,181,36,2026-05-11,Galveston,Galveston,Galveston,Texas,77554,United States,coastal,https://www.airbnb.com/rooms/816076951256804658,https://a0.muscache.com/im/pictures/miso/Hosting-816076951256804658/original/2e33a798-25a2-4d38-9a13-9dd02ca145f7.jpeg,816076951256804658,,29.1699,-94.9925,"=AVERAGE($G$2:$G$830)","=AVERAGE($D$2:$D$830)","=IFERROR(($AT9-G9)/$AT9,0)","=IFERROR(($AU9-D9)/$AU9,0)","=$AU9-D9"
Beachfront-Heated Pool | Hot Tub | Lift | Sleep 32,151947999,,276216,284121,2192.19,38.3,346,8,6,16,true,true,true,true,true,true,true,Home/Apartment,House,House/villa,5,73,3,6-20,Luxury,true,975,true,126,33,2026-05-11,Galveston,Port Bolivar,Gilchrist,Texas,77617,United States,coastal,https://www.airbnb.com/rooms/1041383605099362122,https://a0.muscache.com/im/pictures/miso/Hosting-1041383605099362122/original/42f5aa5a-4809-4abe-8a72-38ee90ea9831.jpeg,1041383605099362122,3751855,29.50107,-94.51444,"=AVERAGE($G$2:$G$830)","=AVERAGE($D$2:$D$830)","=IFERROR(($AT10-G10)/$AT10,0)","=IFERROR(($AU10-D10)/$AU10,0)","=$AU10-D10"
Beachfront Estate w/ Expansive Deck & Ocean Views,StayBeachBox Vacations,,270376,300344,1228.98,69.18,318,8,4,16,true,false,false,true,true,true,false,Home/Apartment,House,House/villa,4.5,238,1,21+,Luxury,false,276,true,220,74,2026-05-17,Galveston,Galveston,Galveston,Texas,77554,United States,coastal,https://www.airbnb.com/rooms/42141353,https://a0.muscache.com/im/pictures/prohost-api/Hosting-42141353/original/80de675d-7dd7-48be-81ab-16e8a0b18aa1.jpeg,42141353,1945033,29.16845,-94.99116,"=AVERAGE($G$2:$G$830)","=AVERAGE($D$2:$D$830)","=IFERROR(($AT11-G11)/$AT11,0)","=IFERROR(($AU11-D11)/$AU11,0)","=$AU11-D11"
"3 Beachfront Homes, 3 Heated Pools, 4 Hot Tubs, 3 Lifts, Pet Friendly, Sleeps 80",,,260969,319363,4209.18,45.26,194,18,14,80,true,true,true,true,true,true,true,Home/Apartment,House,House/villa,0,0,3,1,Luxury,false,1800,true,62,17,2026-05-16,Galveston,Port Bolivar,Gilchrist,Texas,77617,United States,coastal,https://www.vrbo.com/4821106,"https://media.vrbo.com/lodging/121000000/120440000/120438100/120438091/0bb55640.jpg?impolicy=resizecrop&rw=1200&ra=fit",,4821106,29.506441,-94.515378,"=AVERAGE($G$2:$G$830)","=AVERAGE($D$2:$D$830)","=IFERROR(($AT12-G12)/$AT12,0)","=IFERROR(($AU12-D12)/$AU12,0)","=$AU12-D12"
"Beachfront-Swim Spa, Elevator, Golf Cart,Game Room",157552394,,231487,283671,1653.48,46.82,299,5,4,16,true,true,true,true,true,true,true,Home/Apartment,House,House/villa,5,52,2,2-5,Luxury,true,734,true,140,45,2026-05-16,Galveston,Galveston,Galveston,Texas,77554,United States,coastal,https://www.airbnb.com/rooms/1114027806604816294,https://a0.muscache.com/im/pictures/prohost-api/Hosting-1114027806604816294/original/d280925a-6c05-4134-831a-0ccbc21ceeed.jpeg,1114027806604816294,3914015,29.1066,-95.0914,"=AVERAGE($G$2:$G$830)","=AVERAGE($D$2:$D$830)","=IFERROR(($AT13-G13)/$AT13,0)","=IFERROR(($AU13-D13)/$AU13,0)","=$AU13-D13"
Luxurious Beach Front Coastal Dream,452269496,,227507,245280,1354.21,54.72,337,5,4,15,true,false,false,true,true,false,false,Home/Apartment,House,House/villa,5,103,3,1,Luxury,true,395,false,168,38,2026-05-16,Galveston,Galveston,Galveston,Texas,77554,United States,coastal,https://www.airbnb.com/rooms/595602972006159776,https://a0.muscache.com/im/pictures/miso/Hosting-595602972006159776/original/e4c1fe02-0f64-41b1-8c60-e811b803cb6e.jpeg,595602972006159776,3027722,29.22615,-94.89974,"=AVERAGE($G$2:$G$830)","=AVERAGE($D$2:$D$830)","=IFERROR(($AT14-G14)/$AT14,0)","=IFERROR(($AU14-D14)/$AU14,0)","=$AU14-D14"
Bayfront Trio House w/Hot Tub + Private Pier,333751434,,219593,346865,1663.58,67.01,197,9,9,16,true,false,true,true,true,true,true,Home/Apartment,House,House/villa,4.75,7,3,6-20,Luxury,true,797,false,132,35,2026-05-17,Galveston,Dickinson,Dickinson,Texas,77539,United States,coastal,https://www.airbnb.com/rooms/1151446945444685285,https://a0.muscache.com/im/pictures/prohost-api/Hosting-1151446945444685285/original/77e63c4e-501f-4acf-911b-09372e425b1a.jpeg,1151446945444685285,3993495,29.4982,-94.9248,"=AVERAGE($G$2:$G$830)","=AVERAGE($D$2:$D$830)","=IFERROR(($AT15-G15)/$AT15,0)","=IFERROR(($AU15-D15)/$AU15,0)","=$AU15-D15"
Beachfront Luxury with Elevator/Bikes/Ping-Pong,420657113,,216579,229143,1077.51,57.93,351,5,5,15,true,false,false,true,true,false,false,Home/Apartment,House,House/villa,4.95,78,2,6-20,Luxury,false,716,true,201,61,2026-05-11,Galveston,Galveston,Galveston,Texas,77554,United States,coastal,https://www.airbnb.com/rooms/641175771207855507,https://a0.muscache.com/im/pictures/prohost-api/Hosting-641175771207855507/original/8572ea61-2750-4e42-b075-1c4ae010f37f.jpeg,641175771207855507,2736029,29.1157,-95.0779,"=AVERAGE($G$2:$G$830)","=AVERAGE($D$2:$D$830)","=IFERROR(($AT16-G16)/$AT16,0)","=IFERROR(($AU16-D16)/$AU16,0)","=$AU16-D16"
"Relax in Style, Waterfront Retreat w/ Private Pool",StayBeachBox,,214865,303182,1130.87,74.8,254,7,5,16,true,false,true,true,true,true,true,Home/Apartment,House,House/villa,4.8,37,1,21+,Luxury,false,535,true,190,51,2026-05-17,Galveston,Galveston,Galveston,Texas,77554,United States,coastal,https://www.airbnb.com/rooms/1313149015216816749,https://a0.muscache.com/im/pictures/prohost-api/Hosting-1313149015216816749/original/25d5ff43-a328-4545-bd16-be565f643ce3.jpeg,1313149015216816749,4344338,29.1936835648,-94.981343285,"=AVERAGE($G$2:$G$830)","=AVERAGE($D$2:$D$830)","=IFERROR(($AT17-G17)/$AT17,0)","=IFERROR(($AU17-D17)/$AU17,0)","=$AU17-D17"
Beachfront | Swim Spa | Outdoor Games | Fire Pit,Southern Sands Property Management Group,,213619,226085,841.02,74.27,342,4,3,16,true,false,true,true,true,true,true,Home/Apartment,House,House/villa,4.95,81,2,21+,Luxury,true,600,true,254,64,2026-05-17,Galveston,Galveston,Galveston,Texas,77554,United States,coastal,https://www.airbnb.com/rooms/1045940303851244822,https://a0.muscache.com/im/pictures/prohost-api/Hosting-1045940303851244822/original/732cea23-a7eb-4f81-878d-390484570309.png,1045940303851244822,3762402,29.1174,-95.0757,"=AVERAGE($G$2:$G$830)","=AVERAGE($D$2:$D$830)","=IFERROR(($AT18-G18)/$AT18,0)","=IFERROR(($AU18-D18)/$AU18,0)","=$AU18-D18"
Big Bay Getaway / Sleeps 25+ waterfront Lakehouse,457846140,,207908,251747,1307.6,53.9,297,10,10,16,true,false,true,true,true,true,true,Home/Apartment,Villa,House/villa,5,167,1,6-20,Luxury,true,497,false,159,54,2026-05-11,Galveston,Dickinson,Dickinson,Texas,77539,United States,coastal,https://www.airbnb.com/rooms/699550848681796981,https://a0.muscache.com/im/pictures/hosting/Hosting-699550848681796981/original/085dbea2-8b3a-4603-badb-aeb35a11bdba.jpeg,699550848681796981,,29.50237,-94.95848,"=AVERAGE($G$2:$G$830)","=AVERAGE($D$2:$D$830)","=IFERROR(($AT19-G19)/$AT19,0)","=IFERROR(($AU19-D19)/$AU19,0)","=$AU19-D19"
Beachfront Home with Pool & Private Walkover,StayBeachBox Vacations,,202268,203810,704.77,79.5,361,4,4,16,true,false,false,true,true,true,true,Home/Apartment,House,House/villa,4.3,173,2,21+,Luxury,false,215,true,287,105,2026-05-17,Galveston,Galveston,Galveston,Texas,77554,United States,coastal,https://www.airbnb.com/rooms/948632487432098905,https://a0.muscache.com/im/pictures/prohost-api/Hosting-948632487432098905/original/36191bf0-45a9-4eca-949a-e458476f2ff2.jpeg,948632487432098905,1943571,29.11958,-95.07348,"=AVERAGE($G$2:$G$830)","=AVERAGE($D$2:$D$830)","=IFERROR(($AT20-G20)/$AT20,0)","=IFERROR(($AU20-D20)/$AU20,0)","=$AU20-D20"
Beach Front Luxury House with direct beach access,445500747,,190890,220998,1393.36,44.77,317,5,5,16,true,false,false,true,true,false,true,Home/Apartment,House,House/villa,5,99,3,6-20,Luxury,true,400,true,137,36,2026-05-16,Galveston,Galveston,Galveston,Texas,77554,United States,coastal,https://www.airbnb.com/rooms/673013074080525394,https://a0.muscache.com/im/pictures/prohost-api/Hosting-673013074080525394/original/abf50dc3-2727-4973-a361-ff4cb0413207.jpeg,673013074080525394,2909239,29.1065,-95.0916,"=AVERAGE($G$2:$G$830)","=AVERAGE($D$2:$D$830)","=IFERROR(($AT21-G21)/$AT21,0)","=IFERROR(($AU21-D21)/$AU21,0)","=$AU21-D21"
"Beachfront, Huge Deck and Private Heated Pool",22259364,,187728,195632,736.19,72.65,351,4,3,15,true,false,false,true,true,false,true,Home/Apartment,House,House/villa,4.75,163,2,6-20,Luxury,false,259,true,255,76,2026-05-17,Galveston,Port Bolivar,Gilchrist,Texas,77617,United States,coastal,https://www.airbnb.com/rooms/536854361865057905,https://a0.muscache.com/im/pictures/prohost-api/Hosting-536854361865057905/original/c63091c9-9b11-4fb4-b3a4-504ed278690a.jpeg,536854361865057905,2670939,29.5157,-94.4795,"=AVERAGE($G$2:$G$830)","=AVERAGE($D$2:$D$830)","=IFERROR(($AT22-G22)/$AT22,0)","=IFERROR(($AU22-D22)/$AU22,0)","=$AU22-D22"
"Modern Coastal Home, Private Pool & Hot-Tub",30787533,,187037,222357,1612.39,38.67,314,6,6,16,true,false,true,true,true,true,true,Home/Apartment,House,House/villa,5,75,2,2-5,Luxury,true,525,true,116,38,2026-05-11,Galveston,Galveston,Galveston,Texas,77554,United States,coastal,https://www.airbnb.com/rooms/988486590737634291,https://a0.muscache.com/im/pictures/prohost-api/Hosting-988486590737634291/original/9be6e3b6-931f-43e5-a96f-4afd6131d00b.jpeg,988486590737634291,3630416,29.106,-95.0958,"=AVERAGE($G$2:$G$830)","=AVERAGE($D$2:$D$830)","=IFERROR(($AT23-G23)/$AT23,0)","=IFERROR(($AU23-D23)/$AU23,0)","=$AU23-D23"
Covered Heated Pool + Hot Tub | Golf | Sleeps 14,Pacific Properties Management,,182211,197009,650.75,81.63,343,4,3,14,true,false,true,true,true,false,true,Home/Apartment,House,House/villa,5,171,2,21+,Luxury,true,289,false,280,86,2026-05-17,Galveston,Galveston,Galveston,Texas,77554,United States,coastal,https://www.airbnb.com/rooms/893543817832021937,https://a0.muscache.com/im/pictures/hosting/Hosting-893543817832021937/original/e51a85ad-0b6a-4d61-92af-b458622de977.jpeg,893543817832021937,3412352,29.1369,-95.0481,"=AVERAGE($G$2:$G$830)","=AVERAGE($D$2:$D$830)","=IFERROR(($AT24-G24)/$AT24,0)","=IFERROR(($AU24-D24)/$AU24,0)","=$AU24-D24"
BEACH FRONT away from crowds! Sleeps up to 30!,180691440,,180895,187759,1282.94,41.59,349,8,6,16,true,false,false,true,true,true,false,Home/Apartment,House,House/villa,5,77,2,2-5,Luxury,true,500,false,141,46,2026-05-13,Galveston,Port Bolivar,Gilchrist,Texas,77617,United States,coastal,https://www.airbnb.com/rooms/929629264064080022,https://a0.muscache.com/im/pictures/miso/Hosting-929629264064080022/original/8a1088c2-63ab-4438-91d6-a7caf373e343.jpeg,929629264064080022,3501492,29.5148,-94.4818,"=AVERAGE($G$2:$G$830)","=AVERAGE($D$2:$D$830)","=IFERROR(($AT25-G25)/$AT25,0)","=IFERROR(($AU25-D25)/$AU25,0)","=$AU25-D25"
Saltwater Gospel - 9/7 with Private Pool,Swedes Real Estate,,180171,217366,1217.37,53.43,299,9,7,16,true,true,false,true,true,true,true,Home/Apartment,House,House/villa,4.75,26,2,21+,Luxury,false,626,true,148,30,2026-05-11,Galveston,Port Bolivar,Port Bolivar,Texas,77650,United States,coastal,https://www.airbnb.com/rooms/1018931799528806852,https://a0.muscache.com/im/pictures/hosting/Hosting-1018931799528806852/original/3031751d-e44b-4469-be2b-053ab0db73b2.jpeg,1018931799528806852,3415102,29.4676,-94.5991,"=AVERAGE($G$2:$G$830)","=AVERAGE($D$2:$D$830)","=IFERROR(($AT26-G26)/$AT26,0)","=IFERROR(($AU26-D26)/$AU26,0)","=$AU26-D26"
"BlueMarlin,Luxury Beachfront,WeddingVenue,Sleeps30",189925974,,178697,189958,1160.37,47.98,342,5,5,16,true,false,false,true,true,true,false,Home/Apartment,House,House/villa,5,105,2,2-5,Luxury,true,395,true,154,47,2026-05-13,Galveston,Port Bolivar,Port Bolivar,Texas,77650,United States,coastal,https://www.airbnb.com/rooms/52010148,https://a0.muscache.com/im/pictures/hosting/Hosting-52010148/original/976b013e-8f95-433d-9f33-a942ac4a0c1f.jpeg,52010148,2513946,29.4768,-94.5775,"=AVERAGE($G$2:$G$830)","=AVERAGE($D$2:$D$830)","=IFERROR(($AT27-G27)/$AT27,0)","=IFERROR(($AU27-D27)/$AU27,0)","=$AU27-D27"
Beachfront l Hot Tub l Free Cancelation,Bolivar Vacations,,177054,186162,808.47,64.41,340,4,3,15,true,false,true,true,true,true,false,Home/Apartment,House,House/villa,4.95,24,2,21+,Luxury,true,439,true,219,58,2026-05-11,Galveston,Port Bolivar,Port Bolivar,Texas,77650,United States,coastal,https://www.airbnb.com/rooms/1355032262781341037,https://a0.muscache.com/im/pictures/prohost-api/Hosting-1355032262781341037/original/ad6c491c-dc3a-4481-bdfa-749a97837950.jpeg,1355032262781341037,4439796,29.4566336211,-94.6212539146,"=AVERAGE($G$2:$G$830)","=AVERAGE($D$2:$D$830)","=IFERROR(($AT28-G28)/$AT28,0)","=IFERROR(($AU28-D28)/$AU28,0)","=$AU28-D28"
2 homes + pool & hot tub; walk to beach,83764935,,175708,213864,681.04,84.87,304,4,4,14,true,false,true,true,true,false,true,Home/Apartment,House,House/villa,5,38,2,6-20,Luxury,true,361,false,258,86,2026-05-17,Galveston,Galveston,Galveston,Texas,77550,United States,coastal,https://www.airbnb.com/rooms/942992914336390867,https://a0.muscache.com/im/pictures/prohost-api/Hosting-942992914336390867/original/1081fd4c-df86-4f11-aec3-5fc2ae39de1a.jpeg,942992914336390867,3546273,29.29922,-94.77894,"=AVERAGE($G$2:$G$830)","=AVERAGE($D$2:$D$830)","=IFERROR(($AT29-G29)/$AT29,0)","=IFERROR(($AU29-D29)/$AU29,0)","=$AU29-D29"
"Pelican Lookout | Heated Pool, Spa, Fire Pit, Bar",Pacific Properties Management,,174868,189876,878.73,58.36,341,4,3,12,true,false,true,true,true,false,true,Home/Apartment,House,House/villa,4.95,164,2,21+,Luxury,true,225,false,199,70,2026-05-17,Galveston,Galveston,Galveston,Texas,77554,United States,coastal,https://www.airbnb.com/rooms/805967348373808886,https://a0.muscache.com/im/pictures/miso/Hosting-805967348373808886/original/85c7a361-670a-4423-bc9c-cad17fe1fe62.jpeg,805967348373808886,3209328,29.1962,-94.98469,"=AVERAGE($G$2:$G$830)","=AVERAGE($D$2:$D$830)","=IFERROR(($AT30-G30)/$AT30,0)","=IFERROR(($AU30-D30)/$AU30,0)","=$AU30-D30"
"The Gulf Goddess® | Luxury Home, Community Pool!",Ryson Vacation Rentals by Vtrips,,174784,218257,1099.27,57.61,290,5,5,14,true,false,false,true,false,false,true,Home/Apartment,House,House/villa,4.7,48,3,21+,Luxury,false,589,true,159,35,2026-03-01,Galveston,Galveston,Galveston,Texas,77554,United States,coastal,https://www.airbnb.com/rooms/797944774454450873,https://a0.muscache.com/im/pictures/prohost-api/Hosting-797944774454450873/original/74a340ac-b8c7-4599-8f2b-07e636b09b40.jpeg,797944774454450873,2687991,29.1338,-95.0504,"=AVERAGE($G$2:$G$830)","=AVERAGE($D$2:$D$830)","=IFERROR(($AT31-G31)/$AT31,0)","=IFERROR(($AU31-D31)/$AU31,0)","=$AU31-D31"
Private Pier & Pool | 5 min to Kemah Boardwalk,651163357,,173858,188253,915.04,55.56,342,4,3,14,true,false,true,true,true,true,true,Home/Apartment,House,House/villa,4.85,40,1,2-5,Luxury,true,400,true,190,59,2026-05-17,Galveston,Kemah,Kemah,Texas,77565,United States,coastal,https://www.airbnb.com/rooms/1248541938227449014,https://a0.muscache.com/im/pictures/hosting/Hosting-U3RheVN1cHBseUxpc3Rpbmc6MTI0ODU0MTkzODIyNzQ0OTAxNA%3D%3D/original/1a259f72-4dad-445f-8cf3-d8e7306eac0d.jpeg,1248541938227449014,5068561,29.5344,-95.01,"=AVERAGE($G$2:$G$830)","=AVERAGE($D$2:$D$830)","=IFERROR(($AT32-G32)/$AT32,0)","=IFERROR(($AU32-D32)/$AU32,0)","=$AU32-D32"
Beachfront 4BR | SwimSpa | Putt-Putt | Fire Pit,Southern Sands Property Management,,172234,184354,844.28,62.39,333,4,3,16,true,false,true,true,true,true,true,Home/Apartment,House,House/villa,4.9,153,2,21+,Luxury,true,520,true,204,60,2026-05-17,Galveston,Port Bolivar,Port Bolivar,Texas,77650,United States,coastal,https://www.airbnb.com/rooms/51482960,https://a0.muscache.com/im/pictures/prohost-api/Hosting-51482960/original/aed48b0d-8ba5-4f77-8573-ba7c868aace7.jpeg,51482960,2417192,29.4363,-94.6612,"=AVERAGE($G$2:$G$830)","=AVERAGE($D$2:$D$830)","=IFERROR(($AT33-G33)/$AT33,0)","=IFERROR(($AU33-D33)/$AU33,0)","=$AU33-D33"
2 Houses|Family Gatherings|Weddings|Ocean Views,199843457,,171617,206655,1418.32,40.6,302,11,7,16,true,false,true,true,true,true,false,Home/Apartment,House,House/villa,4.9,13,2,2-5,Luxury,true,822,true,121,33,2026-05-13,Galveston,Port Bolivar,Port Bolivar,Texas,77650,United States,coastal,https://www.airbnb.com/rooms/700993890010540062,https://a0.muscache.com/im/pictures/miso/Hosting-700993890010540062/original/87668b68-802c-44d3-a252-e68edc83452a.jpeg,700993890010540062,,29.47271,-94.58985,"=AVERAGE($G$2:$G$830)","=AVERAGE($D$2:$D$830)","=IFERROR(($AT34-G34)/$AT34,0)","=IFERROR(($AU34-D34)/$AU34,0)","=$AU34-D34"
SEA OF GRACE-Beachfront -Offered by OGPlaces.com,276584180,,171288,205167,1747.84,35.13,300,5,5,16,true,true,true,true,true,false,true,Home/Apartment,House,House/villa,5,82,2,1,Luxury,false,500,false,98,26,2026-05-17,Galveston,Galveston,Galveston,Texas,77554,United States,coastal,https://www.airbnb.com/rooms/1391316265213279956,https://a0.muscache.com/im/pictures/prohost-api/Hosting-1391316265213279956/original/2d76b3ea-0320-4421-86e4-ee667408a54e.jpeg,1391316265213279956,7921460ha,29.1052899125,-95.0926153368,"=AVERAGE($G$2:$G$830)","=AVERAGE($D$2:$D$830)","=IFERROR(($AT35-G35)/$AT35,0)","=IFERROR(($AU35-D35)/$AU35,0)","=$AU35-D35"
"Beachtown - Luxury Beachfront Home - Private Pool, Elevator, Beachfront Yard",Beachtown Realty,,171211,218202,1729.4,34.02,323,4,4,12,true,false,false,true,true,false,true,Home/Apartment,House,House/villa,5,16,3,21+,Luxury,false,400,true,99,25,2026-05-16,Galveston,Galveston,Galveston,Texas,77550,United States,coastal,https://www.vrbo.com/3829549,"https://media.vrbo.com/lodging/103000000/102010000/102009000/102008953/7b3cefc1.jpg?impolicy=resizecrop&rw=1200&ra=fit",,3829549,29.323686,-94.742044,"=AVERAGE($G$2:$G$830)","=AVERAGE($D$2:$D$830)","=IFERROR(($AT36-G36)/$AT36,0)","=IFERROR(($AU36-D36)/$AU36,0)","=$AU36-D36"
"Solara Sands: Theater & Game, Steps to the Beach!",Tailored Stays,,171093,237202,1645.12,36.88,290,11,8,16,true,true,false,true,true,true,true,Home/Apartment,House,House/villa,4.85,53,3,21+,Luxury,true,751,false,104,31,2026-05-13,Galveston,Port Bolivar,Port Bolivar,Texas,77650,United States,coastal,https://www.airbnb.com/rooms/845126681509074420,https://a0.muscache.com/im/pictures/prohost-api/Hosting-845126681509074420/original/d0cc16e0-2671-43cd-8855-ee48964abe9e.jpeg,845126681509074420,3070769,29.4655,-94.6126,"=AVERAGE($G$2:$G$830)","=AVERAGE($D$2:$D$830)","=IFERROR(($AT37-G37)/$AT37,0)","=IFERROR(($AU37-D37)/$AU37,0)","=$AU37-D37"
A Step Into Paradise - Gulf Oasis w/ Indoor Pool,Vacay Time,,169850,259088,2022.02,39.81,211,8,4,15,true,false,false,true,true,true,true,Home/Apartment,House,House/villa,4.7,32,2,21+,Luxury,false,800,true,84,22,2025-10-05,Galveston,Galveston,Galveston,Texas,77554,United States,coastal,https://www.airbnb.com/rooms/962368792710983944,https://a0.muscache.com/im/pictures/miso/Hosting-962368792710983944/original/6f06a2f4-c19a-4202-ab27-2d7b41f7b0ee.jpeg,962368792710983944,3634271,29.2249809,-94.899624,"=AVERAGE($G$2:$G$830)","=AVERAGE($D$2:$D$830)","=IFERROR(($AT38-G38)/$AT38,0)","=IFERROR(($AU38-D38)/$AU38,0)","=$AU38-D38"
A Sea Glass Estate,Swedes Real Estate,,168220,210555,1324.57,45.36,318,9,5,16,true,true,false,true,true,true,false,Home/Apartment,House,House/villa,4.4,46,2,21+,Luxury,false,466,true,127,21,2026-05-11,Galveston,Port Bolivar,Port Bolivar,Texas,77650,United States,coastal,https://www.airbnb.com/rooms/1120382061762268349,https://a0.muscache.com/im/pictures/prohost-api/Hosting-1120382061762268349/original/277b9558-e992-42ac-bd1d-beb41e4f53d1.jpeg,1120382061762268349,965280,29.4632,-94.6096,"=AVERAGE($G$2:$G$830)","=AVERAGE($D$2:$D$830)","=IFERROR(($AT39-G39)/$AT39,0)","=IFERROR(($AU39-D39)/$AU39,0)","=$AU39-D39"
Beachfront 4BR Galveston Retreat | Pirates Beach,Southern Sands Property Management Group,,166438,167454,967.66,47.65,361,4,3,16,true,false,false,true,true,false,false,Home/Apartment,House,House/villa,4.95,94,2,21+,Luxury,true,536,true,172,50,2026-05-10,Galveston,Galveston,Galveston,Texas,77554,United States,coastal,https://www.airbnb.com/rooms/744945406405121927,https://a0.muscache.com/im/pictures/prohost-api/Hosting-744945406405121927/original/d81b03c8-8a40-4bb5-94fb-3b5bfa164809.png,744945406405121927,3077460,29.2017,-94.9378,"=AVERAGE($G$2:$G$830)","=AVERAGE($D$2:$D$830)","=IFERROR(($AT40-G40)/$AT40,0)","=IFERROR(($AU40-D40)/$AU40,0)","=$AU40-D40"
"Cala Tortuga Beachfront Elevator, Hot Tub, Great V",Best Of The West Galveston,,160631,185035,1107.8,48.33,312,5,5,14,true,false,true,true,true,false,false,Home/Apartment,House,House/villa,5,28,2,21+,Luxury,true,586,true,145,38,2026-05-11,Galveston,Galveston,Galveston,Texas,77554,United States,coastal,https://www.airbnb.com/rooms/1266714835892330962,https://a0.muscache.com/im/pictures/prohost-api/Hosting-1266714835892330962/original/550b5576-780e-485f-bc5b-4f5086a741a2.jpeg,1266714835892330962,4239652,29.2039,-94.935,"=AVERAGE($G$2:$G$830)","=AVERAGE($D$2:$D$830)","=IFERROR(($AT41-G41)/$AT41,0)","=IFERROR(($AU41-D41)/$AU41,0)","=$AU41-D41"
Beachfront| Highest Rated House| Elevator| Hot Tub,153303499,,160584,175394,1254.56,39.63,323,5,4,16,true,false,true,true,true,false,false,Home/Apartment,House,House/villa,5,198,1,2-5,Luxury,true,475,false,128,41,2026-05-13,Galveston,Galveston,Galveston,Texas,77550,United States,coastal,https://www.airbnb.com/rooms/31852877,https://a0.muscache.com/im/pictures/6bb93eee-7307-4881-9cfb-00fc0c150e99.jpg,31852877,1411925,29.30823,-94.76265,"=AVERAGE($G$2:$G$830)","=AVERAGE($D$2:$D$830)","=IFERROR(($AT42-G42)/$AT42,0)","=IFERROR(($AU42-D42)/$AU42,0)","=$AU42-D42"
BEACHFRONT BEAUTY w/ 4 KING BEDS ULTIMATE Getaway!,115961017,,159066,168575,623.79,73.49,347,4,2,12,true,false,false,true,true,true,true,Home/Apartment,House,House/villa,5,207,2,1,Luxury,true,250,true,255,84,2026-05-11,Galveston,Galveston,Galveston,Texas,77554,United States,coastal,https://www.airbnb.com/rooms/635755277284730890,https://a0.muscache.com/im/pictures/miso/Hosting-635755277284730890/original/c04c4e7e-0802-4a0b-ad7b-fe9c793e87b8.jpeg,635755277284730890,2830587,29.12806,-95.05843,"=AVERAGE($G$2:$G$830)","=AVERAGE($D$2:$D$830)","=IFERROR(($AT43-G43)/$AT43,0)","=IFERROR(($AU43-D43)/$AU43,0)","=$AU43-D43"
"Luxury Beachfront 4BR with Pool, Hot tub, Elevator",Bolivar Vacations,,158365,187079,954.01,53.72,329,4,4,14,true,false,true,true,true,true,true,Home/Apartment,House,House/villa,4.9,28,2,21+,Luxury,true,479,false,166,47,2026-05-14,Galveston,Port Bolivar,Port Bolivar,Texas,77650,United States,coastal,https://www.airbnb.com/rooms/1637662044640736450,https://a0.muscache.com/im/pictures/prohost-api/Hosting-1637662044640736450/original/efbf1944-fb4d-4f8f-aa95-81a0cd4bf1bb.jpeg,1637662044640736450,4216702,29.42419,-94.68449,"=AVERAGE($G$2:$G$830)","=AVERAGE($D$2:$D$830)","=IFERROR(($AT44-G44)/$AT44,0)","=IFERROR(($AU44-D44)/$AU44,0)","=$AU44-D44"
"Luxury Beachfront 4BR with Pool, Hot tub, Elevator",Bolivar Vacations,,154716,169528,973.06,51.29,321,4,4,14,true,false,true,true,true,true,true,Home/Apartment,House,House/villa,4.9,12,2,21+,Luxury,true,479,true,159,42,2026-03-08,Galveston,Port Bolivar,Port Bolivar,Texas,77650,United States,coastal,https://www.airbnb.com/rooms/1255084988878856098,https://a0.muscache.com/im/pictures/prohost-api/Hosting-1255084988878856098/original/d1e8b521-9f64-45f7-8b20-fe5f4122d893.jpeg,1255084988878856098,,29.4253479662,-94.682139601,"=AVERAGE($G$2:$G$830)","=AVERAGE($D$2:$D$830)","=IFERROR(($AT45-G45)/$AT45,0)","=IFERROR(($AU45-D45)/$AU45,0)","=$AU45-D45"
Bayfront Luxury House with Pool near Kemah Boardwalk with Pier,,,152869,219326,979.93,57.35,272,4,4,14,true,false,true,true,true,true,true,Home/Apartment,House,House/villa,4.8,22,2,1,Luxury,false,370,true,156,49,2026-03-01,Galveston,Kemah,Kemah,Texas,77565,United States,coastal,https://www.vrbo.com/4243074,"https://media.vrbo.com/lodging/110000000/109800000/109794500/109794497/0d0e06de.jpg?impolicy=resizecrop&rw=1200&ra=fit",,4243074,29.53441,-95.00999,"=AVERAGE($G$2:$G$830)","=AVERAGE($D$2:$D$830)","=IFERROR(($AT46-G46)/$AT46,0)","=IFERROR(($AU46-D46)/$AU46,0)","=$AU46-D46"
"Luxury Beachfront 4BR with Pool, Hot tub, Elevator",Bolivar Vacations,,152652,157450,914.08,52.52,341,4,4,14,true,false,true,true,true,true,true,Home/Apartment,House,House/villa,4.9,32,2,21+,Luxury,true,504,true,167,48,2026-03-09,Galveston,Port Bolivar,Port Bolivar,Texas,77650,United States,coastal,https://www.airbnb.com/rooms/1289269435533646062,https://a0.muscache.com/im/pictures/prohost-api/Hosting-1289269435533646062/original/abb0df38-fafe-4d47-ac91-5eb9cff7a5d4.jpeg,1289269435533646062,4287580,29.4255438495,-94.6843496882,"=AVERAGE($G$2:$G$830)","=AVERAGE($D$2:$D$830)","=IFERROR(($AT47-G47)/$AT47,0)","=IFERROR(($AU47-D47)/$AU47,0)","=$AU47-D47"
Beachfront | Hot Tub & Fire Pit | Sleeps 16,Southern Sands Property Management,,151500,165676,765.15,61.68,335,4,4,16,true,false,true,true,true,true,false,Home/Apartment,House,House/villa,5,93,2,21+,Luxury,true,538,true,198,47,2026-05-17,Galveston,Port Bolivar,Port Bolivar,Texas,77650,United States,coastal,https://www.airbnb.com/rooms/775289424909148399,https://a0.muscache.com/im/pictures/hosting/Hosting-775289424909148399/original/b4e67b08-3f59-47dc-8569-a65c19f6151c.png,775289424909148399,3141813,29.4633,-94.6072,"=AVERAGE($G$2:$G$830)","=AVERAGE($D$2:$D$830)","=IFERROR(($AT48-G48)/$AT48,0)","=IFERROR(($AU48-D48)/$AU48,0)","=$AU48-D48"
Gorgeous Lodge w/Heated Pool + Pier,333751434,,150240,161874,670.71,67.67,331,4,4,16,true,false,true,true,true,true,true,Home/Apartment,House,House/villa,4.9,132,2,6-20,Luxury,true,402,false,224,64,2026-05-11,Galveston,Dickinson,Dickinson,Texas,77539,United States,coastal,https://www.airbnb.com/rooms/43467492,https://a0.muscache.com/im/pictures/prohost-api/Hosting-43467492/original/ab9a8771-ca9a-4663-9bab-734fef9bd21c.jpeg,43467492,2703163,29.497,-94.9192,"=AVERAGE($G$2:$G$830)","=AVERAGE($D$2:$D$830)","=IFERROR(($AT49-G49)/$AT49,0)","=IFERROR(($AU49-D49)/$AU49,0)","=$AU49-D49"
 New~ 6 Bedroom 5 bath ~ Pool and Spa ~ Beach Views~ Direct Beach Access,,,148379,170155,1226.27,41.02,326,6,5,22,true,false,false,true,true,true,true,Home/Apartment,House,House/villa,5,100,2,1,Luxury,false,375,true,121,34,2026-05-16,Galveston,Port Bolivar,Port Bolivar,Texas,77650,United States,coastal,https://www.vrbo.com/1962198,"https://media.vrbo.com/lodging/52000000/51670000/51661000/51660915/0be61eb4.jpg?impolicy=resizecrop&rw=1200&ra=fit",,1962198,29.453376,-94.632304,"=AVERAGE($G$2:$G$830)","=AVERAGE($D$2:$D$830)","=IFERROR(($AT50-G50)/$AT50,0)","=IFERROR(($AU50-D50)/$AU50,0)","=$AU50-D50"
"Beachfront Hot Tub, All Suites, Lux Interior",Sand `N Sea Properties,,146740,321346,1544.63,38.93,251,6,6,16,true,false,true,true,true,false,false,Home/Apartment,House,House/villa,4.9,30,2,21+,Luxury,false,792,true,95,26,2026-05-13,Galveston,Galveston,Galveston,Texas,77554,United States,coastal,https://www.airbnb.com/rooms/1353633013373815836,https://a0.muscache.com/im/pictures/prohost-api/Hosting-1353633013373815836/original/bf3243d9-6d6f-4002-b989-77582d13a274.jpeg,1353633013373815836,2671062,29.2318741474,-94.8864732347,"=AVERAGE($G$2:$G$830)","=AVERAGE($D$2:$D$830)","=IFERROR(($AT51-G51)/$AT51,0)","=IFERROR(($AU51-D51)/$AU51,0)","=$AU51-D51"
Beachfront l Free Cancellation l Pet-Friendly,Bolivar Vacations,,146636,150450,722.34,57.67,352,4,4,12,true,false,false,true,true,true,false,Home/Apartment,House,House/villa,4.95,121,2,21+,Luxury,true,359,true,203,46,2026-05-17,Galveston,Port Bolivar,Gilchrist,Texas,77617,United States,coastal,https://www.airbnb.com/rooms/44800398,https://a0.muscache.com/im/pictures/prohost-api/Hosting-44800398/original/986db9a9-6b94-460d-90a1-e0ed364cef40.jpeg,44800398,2040394,29.5003,-94.51702,"=AVERAGE($G$2:$G$830)","=AVERAGE($D$2:$D$830)","=IFERROR(($AT52-G52)/$AT52,0)","=IFERROR(($AU52-D52)/$AU52,0)","=$AU52-D52"
Beachfront! HotTub! Elevator! Gated community!L2EV,49874190,,145519,148791,1287.78,33.53,356,5,5,15,true,false,true,true,true,false,false,Home/Apartment,House,House/villa,5,53,2,2-5,Luxury,true,500,false,113,35,2026-05-16,Galveston,Galveston,Galveston,Texas,77550,United States,coastal,https://www.airbnb.com/rooms/45547613,"https://a0.muscache.com/im/pictures/hosting/Hosting-U3RheVN1cHBseUxpc3Rpbmc6NDU1NDc2MTM=/original/cf341616-3908-483f-818e-db1ee2a254ab.jpeg",45547613,1958098,29.309,-94.7638,"=AVERAGE($G$2:$G$830)","=AVERAGE($D$2:$D$830)","=IFERROR(($AT53-G53)/$AT53,0)","=IFERROR(($AU53-D53)/$AU53,0)","=$AU53-D53"
Beachfront Pool - Chilled & Heated + Hot Tub,210959189,,144946,164380,766.91,59.62,317,4,3,15,true,false,true,true,true,false,true,Home/Apartment,House,House/villa,5,75,3,2-5,Luxury,true,325,false,189,64,2026-05-11,Galveston,Port Bolivar,Port Bolivar,Texas,77650,United States,coastal,https://www.airbnb.com/rooms/1134378567618298612,https://a0.muscache.com/im/pictures/hosting/Hosting-1134378567618298612/original/ba7a32fc-d34c-44aa-88a4-3dbc905e562c.png,1134378567618298612,3957708,29.47857,-94.57127,"=AVERAGE($G$2:$G$830)","=AVERAGE($D$2:$D$830)","=IFERROR(($AT54-G54)/$AT54,0)","=IFERROR(($AU54-D54)/$AU54,0)","=$AU54-D54"
Beachfront | Hot Tub | Large Deck,Southern Sands Property Management,,143459,150571,686.41,60.58,345,4,3,16,true,false,true,true,true,true,false,Home/Apartment,House,House/villa,4.95,37,2,21+,Luxury,true,534,true,209,56,2026-05-11,Galveston,Port Bolivar,Port Bolivar,Texas,77650,United States,coastal,https://www.airbnb.com/rooms/1081082978865650958,https://a0.muscache.com/im/pictures/prohost-api/Hosting-1081082978865650958/original/88d81f9e-0316-411b-8b3c-6d7100e48213.jpeg,1081082978865650958,3837142,29.4052,-94.7072,"=AVERAGE($G$2:$G$830)","=AVERAGE($D$2:$D$830)","=IFERROR(($AT55-G55)/$AT55,0)","=IFERROR(($AU55-D55)/$AU55,0)","=$AU55-D55"
Jamaica Beach Waterfront |Heated Pool & Spa |Kayak,Rainbow Sands,,142558,149776,750.31,56.21,338,4,3,10,true,false,true,true,true,true,true,Home/Apartment,House,House/villa,4.75,124,2,21+,Luxury,false,392,true,190,56,2026-05-11,Galveston,Galveston,Galveston,Texas,77554,United States,coastal,https://www.airbnb.com/rooms/48430824,https://a0.muscache.com/im/pictures/prohost-api/Hosting-48430824/original/a663244b-1852-4313-9a92-48e9f92108a7.jpeg,48430824,9501442ha,29.1981,-94.9869,"=AVERAGE($G$2:$G$830)","=AVERAGE($D$2:$D$830)","=IFERROR(($AT56-G56)/$AT56,0)","=IFERROR(($AU56-D56)/$AU56,0)","=$AU56-D56"
The Grand Pearl: Private Pool & Spa~ Beach Access,302559190,,141307,171643,1296.39,41.92,311,6,6,16,true,false,true,true,true,true,true,Home/Apartment,House,House/villa,4.95,78,2,21+,Luxury,true,525,true,109,34,2026-05-11,Galveston,Port Bolivar,Port Bolivar,Texas,77650,United States,coastal,https://www.airbnb.com/rooms/885487605368002207,https://a0.muscache.com/im/pictures/prohost-api/Hosting-885487605368002207/original/1500b810-97b7-4eb3-93d0-2fa22b02f008.jpeg,885487605368002207,3392002,29.4569,-94.6255,"=AVERAGE($G$2:$G$830)","=AVERAGE($D$2:$D$830)","=IFERROR(($AT57-G57)/$AT57,0)","=IFERROR(($AU57-D57)/$AU57,0)","=$AU57-D57"
Beachfront Sleeps 14 | Hot Tub | Fire Pit | Deck,Southern Sands Property Management Group,,140181,147765,778.78,56.43,336,4,3,14,true,false,true,true,true,false,true,Home/Apartment,House,House/villa,4.95,130,2,21+,Luxury,true,646,true,180,51,2026-05-11,Galveston,Galveston,Galveston,Texas,77554,United States,coastal,https://www.airbnb.com/rooms/49920422,https://a0.muscache.com/im/pictures/prohost-api/Hosting-49920422/original/a7557b0b-b86b-40f1-aa18-578e2b0dd9dc.png,49920422,2320990,29.1446,-95.0335,"=AVERAGE($G$2:$G$830)","=AVERAGE($D$2:$D$830)","=IFERROR(($AT58-G58)/$AT58,0)","=IFERROR(($AU58-D58)/$AU58,0)","=$AU58-D58"
"Seaside Sanctuary, Pool/Hot Tub",302559190,,140051,143168,1321.24,37.72,355,6,5,16,true,false,true,true,true,true,true,Home/Apartment,House,House/villa,5,55,2,21+,Luxury,true,550,true,106,28,2026-05-11,Galveston,Port Bolivar,Port Bolivar,Texas,77650,United States,coastal,https://www.airbnb.com/rooms/863854726714309228,https://a0.muscache.com/im/pictures/prohost-api/Hosting-863854726714309228/original/07f7140c-6641-4877-9abe-f8fde7e0dd4a.jpeg,863854726714309228,3341587,29.4394,-94.659,"=AVERAGE($G$2:$G$830)","=AVERAGE($D$2:$D$830)","=IFERROR(($AT59-G59)/$AT59,0)","=IFERROR(($AU59-D59)/$AU59,0)","=$AU59-D59"
Luxury Modern Beachfront Retreat with Hot Tub,14512417,,139436,194032,995.97,51.85,295,4,4,11,true,false,true,true,true,true,false,Home/Apartment,House,House/villa,5,158,3,2-5,Luxury,false,406,false,140,41,2026-05-11,Galveston,Galveston,Galveston,Texas,77554,United States,coastal,https://www.airbnb.com/rooms/44434755,https://a0.muscache.com/im/pictures/hosting/Hosting-U3RheVN1cHBseUxpc3Rpbmc6NDQ0MzQ3NTU%3D/original/96f7502d-2ce3-4bfa-b907-81731aa288f8.jpeg,44434755,2030411,29.11766,-95.0724,"=AVERAGE($G$2:$G$830)","=AVERAGE($D$2:$D$830)","=IFERROR(($AT60-G60)/$AT60,0)","=IFERROR(($AU60-D60)/$AU60,0)","=$AU60-D60"
Beachfront | Hot Tub | Tiki Bar | Fenced Yard,Southern Sands Property Management,,139311,143109,729.38,53.5,357,4,3,16,true,false,true,true,true,true,false,Home/Apartment,House,House/villa,4.95,40,2,21+,Luxury,true,520,true,191,52,2026-05-11,Galveston,Port Bolivar,Port Bolivar,Texas,77650,United States,coastal,https://www.airbnb.com/rooms/1167439855702873037,https://a0.muscache.com/im/pictures/hosting/Hosting-1167439855702873037/original/3e96db93-2d5c-4825-a864-bec04e5247b2.png,1167439855702873037,4029786,29.4365,-94.6627,"=AVERAGE($G$2:$G$830)","=AVERAGE($D$2:$D$830)","=IFERROR(($AT61-G61)/$AT61,0)","=IFERROR(($AU61-D61)/$AU61,0)","=$AU61-D61"
Kahala Castle On The Beach,334196775,,137499,162311,922.81,49.83,328,4,4,16,true,false,false,true,true,false,false,Home/Apartment,House,House/villa,5,184,3,2-5,Luxury,false,250,true,149,35,2026-05-13,Galveston,Galveston,Galveston,Texas,77554,United States,coastal,https://www.airbnb.com/rooms/49027879,https://a0.muscache.com/im/pictures/prohost-api/Hosting-49027879/original/37185785-f69e-4812-9374-789c1aa7c013.jpeg,49027879,2218763,29.2242,-94.9007,"=AVERAGE($G$2:$G$830)","=AVERAGE($D$2:$D$830)","=IFERROR(($AT62-G62)/$AT62,0)","=IFERROR(($AU62-D62)/$AU62,0)","=$AU62-D62"
Luxury Brand New | Beach Access | Elevator | 5BR,569158452,,137140,189179,1162.2,48.76,281,5,5,14,true,false,false,true,true,false,false,Home/Apartment,House,House/villa,5,34,3,6-20,Luxury,true,462,false,118,25,2026-05-13,Galveston,Galveston,Galveston,Texas,77550,United States,coastal,https://www.airbnb.com/rooms/1130419022589269995,https://a0.muscache.com/im/pictures/hosting/Hosting-U3RheVN1cHBseUxpc3Rpbmc6MTEzMDQxOTAyMjU4OTI2OTk5NQ%3D%3D/original/11eb13b4-c98a-4663-869d-ef4c585db141.jpeg,1130419022589269995,3942043,29.3104,-94.7619,"=AVERAGE($G$2:$G$830)","=AVERAGE($D$2:$D$830)","=IFERROR(($AT63-G63)/$AT63,0)","=IFERROR(($AU63-D63)/$AU63,0)","=$AU63-D63"
Jamaica Beach Canal Front + Heated Pool,Pacific Properties Management,,134476,135976,795.72,53.14,359,4,3,12,true,false,false,true,true,true,true,Home/Apartment,House,House/villa,4.9,74,2,21+,Luxury,true,266,false,169,44,2026-05-04,Galveston,Galveston,Galveston,Texas,77554,United States,coastal,https://www.airbnb.com/rooms/923210240883979538,https://a0.muscache.com/im/pictures/miso/Hosting-923210240883979538/original/67d6e7af-111e-44b9-baa2-c835b55a0e77.jpeg,923210240883979538,3498125,29.19838,-94.98803,"=AVERAGE($G$2:$G$830)","=AVERAGE($D$2:$D$830)","=IFERROR(($AT64-G64)/$AT64,0)","=IFERROR(($AU64-D64)/$AU64,0)","=$AU64-D64"
"Bayfront, Pool, Spa, Private Fishing Pier",Rainbow Sands,,134134,209085,1166.38,49.36,273,6,6,16,true,false,true,true,true,false,true,Home/Apartment,House,House/villa,4.95,17,3,21+,Luxury,false,911,true,115,28,2026-05-17,Galveston,Galveston,Galveston,Texas,77554,United States,coastal,https://www.airbnb.com/rooms/1432040975835332586,https://a0.muscache.com/im/pictures/prohost-api/Hosting-1432040975835332586/original/15676c7c-0ccb-47bf-ab22-345ccd0d9bbf.jpeg,1432040975835332586,20141584ha,29.2184,-94.9503,"=AVERAGE($G$2:$G$830)","=AVERAGE($D$2:$D$830)","=IFERROR(($AT65-G65)/$AT65,0)","=IFERROR(($AU65-D65)/$AU65,0)","=$AU65-D65"
Sea Dreams~ New Beachfront~ 5 bedroom/5 bathroom~ Pool & Spa,,,134008,154859,1207.28,44.4,307,5,5,18,true,false,true,true,true,true,true,Home/Apartment,House,House/villa,5,67,3,1,Luxury,false,375,true,111,27,2026-05-15,Galveston,Port Bolivar,Port Bolivar,Texas,77650,United States,coastal,https://www.vrbo.com/2452610,"https://media.vrbo.com/lodging/71000000/70940000/70939600/70939532/86e91f56.jpg?impolicy=resizecrop&rw=1200&ra=fit",,2452610,29.427839,-94.677273,"=AVERAGE($G$2:$G$830)","=AVERAGE($D$2:$D$830)","=IFERROR(($AT66-G66)/$AT66,0)","=IFERROR(($AU66-D66)/$AU66,0)","=$AU66-D66"
"Crystal Beach Resort (Sleeps 60, Beach Front)",Swedes Real Estate,,133480,156775,2426.91,26.7,337,9,7,16,true,false,false,true,true,true,false,Home/Apartment,House,House/villa,4.4,9,5,21+,Luxury,false,575,false,55,17,2026-04-24,Galveston,Port Bolivar,Port Bolivar,Texas,77650,United States,coastal,https://www.airbnb.com/rooms/1455815127226278842,https://a0.muscache.com/im/pictures/hosting/Hosting-1455815127226278842/original/766c48d7-26b8-46c0-9152-6fa25173c4b6.jpeg,1455815127226278842,1664867,29.458815369,-94.6220433812,"=AVERAGE($G$2:$G$830)","=AVERAGE($D$2:$D$830)","=IFERROR(($AT67-G67)/$AT67,0)","=IFERROR(($AU67-D67)/$AU67,0)","=$AU67-D67"
"Moon Pye, Pool, Dog Friendly",302559190,,132978,177698,1511.11,32.12,311,9,8,16,true,false,false,true,true,true,true,Home/Apartment,House,House/villa,4.95,39,2,21+,Luxury,true,751,true,88,27,2026-05-16,Galveston,Port Bolivar,Port Bolivar,Texas,77650,United States,coastal,https://www.airbnb.com/rooms/1114593591663783383,https://a0.muscache.com/im/pictures/prohost-api/Hosting-1114593591663783383/original/77e8e4d6-5728-4542-9b5f-4945275bf200.jpeg,1114593591663783383,3911842,29.4587,-94.6203,"=AVERAGE($G$2:$G$830)","=AVERAGE($D$2:$D$830)","=IFERROR(($AT68-G68)/$AT68,0)","=IFERROR(($AU68-D68)/$AU68,0)","=$AU68-D68"
Beachfront I Hot Tub l Free Cancellation,Bolivar Vacations,,132335,155913,773.89,54.63,322,4,3,14,true,false,false,true,true,true,true,Home/Apartment,House,House/villa,4.95,45,2,21+,Luxury,true,429,true,171,52,2026-05-17,Galveston,Port Bolivar,Gilchrist,Texas,77617,United States,coastal,https://www.airbnb.com/rooms/1062463002645056811,https://a0.muscache.com/im/pictures/prohost-api/Hosting-1062463002645056811/original/815bc474-60ec-4e10-87ee-fc0b65a96aaa.jpeg,1062463002645056811,3794517,29.48391,-94.57135,"=AVERAGE($G$2:$G$830)","=AVERAGE($D$2:$D$830)","=IFERROR(($AT69-G69)/$AT69,0)","=IFERROR(($AU69-D69)/$AU69,0)","=$AU69-D69"
Beachfront | Hot Tub | Amazing Entertainment Space,Bolivar Vacations,,132295,148967,806.68,52.23,319,4,3,16,true,true,true,true,true,true,false,Home/Apartment,House,House/villa,4.9,126,2,21+,Luxury,true,434,true,164,51,2026-05-13,Galveston,Port Bolivar,Port Bolivar,Texas,77650,United States,coastal,https://www.airbnb.com/rooms/635685495096823982,https://a0.muscache.com/im/pictures/hosting/Hosting-635685495096823982/original/f5aa7c04-1d58-4012-831b-12816efdd678.jpeg,635685495096823982,4258808,29.4568,-94.6215,"=AVERAGE($G$2:$G$830)","=AVERAGE($D$2:$D$830)","=IFERROR(($AT70-G70)/$AT70,0)","=IFERROR(($AU70-D70)/$AU70,0)","=$AU70-D70"
"2 Beachfront Homes, 2 Heated Pools, 3 Hot Tubs, 2 Lifts, Pet Friendly, Sleeps 56",,,132168,170975,3003.82,28.21,209,13,10,56,true,true,true,true,true,true,true,Home/Apartment,House,House/villa,5,1,3,1,Luxury,false,1250,true,44,14,2026-05-16,Galveston,Port Bolivar,Gilchrist,Texas,77617,United States,coastal,https://www.vrbo.com/4816628,"https://media.vrbo.com/lodging/121000000/120380000/120378500/120378479/d4fbfb07.jpg?impolicy=resizecrop&rw=1200&ra=fit",,4816628,29.506441,-94.515378,"=AVERAGE($G$2:$G$830)","=AVERAGE($D$2:$D$830)","=IFERROR(($AT71-G71)/$AT71,0)","=IFERROR(($AU71-D71)/$AU71,0)","=$AU71-D71"
Pirate's Beach,Swedes Real Estate,,132153,140104,1810.32,37.24,323,6,4,16,true,true,false,true,true,true,false,Home/Apartment,House,House/villa,4.3,4,3,21+,Luxury,false,620,true,73,16,2026-02-27,Galveston,Port Bolivar,Port Bolivar,Texas,77650,United States,coastal,https://www.airbnb.com/rooms/1120379326106717467,https://a0.muscache.com/im/pictures/prohost-api/Hosting-1120379326106717467/original/129a97d8-de35-4582-8fbc-1f2ac9431ab3.jpeg,1120379326106717467,3452150,29.4579,-94.6216,"=AVERAGE($G$2:$G$830)","=AVERAGE($D$2:$D$830)","=IFERROR(($AT72-G72)/$AT72,0)","=IFERROR(($AU72-D72)/$AU72,0)","=$AU72-D72"
HotTub•EVcharger•Arcade•Coffee•BabyItems•TONS more,240711438,,131313,139606,1085.23,37.46,350,6,3,16,true,false,true,true,true,false,false,Home/Apartment,House,House/villa,5,110,2,1,Luxury,false,350,true,121,44,2026-05-13,Galveston,Galveston,Galveston,Texas,77554,United States,coastal,https://www.airbnb.com/rooms/52989888,https://a0.muscache.com/im/pictures/miso/Hosting-52989888/original/9034aecc-4439-4b06-926e-0cd66398fe31.jpeg,52989888,2507317,29.17277,-94.98579,"=AVERAGE($G$2:$G$830)","=AVERAGE($D$2:$D$830)","=IFERROR(($AT73-G73)/$AT73,0)","=IFERROR(($AU73-D73)/$AU73,0)","=$AU73-D73"
Krabbyshack-Private Pool & Hot Tub- Water Front- 5,Pointe West Vacation,,130499,155826,1359.36,53.33,196,5,4,15,true,false,true,true,false,true,true,Home/Apartment,House,House/villa,5,15,1,21+,Luxury,true,386,true,96,22,2026-05-13,Galveston,Galveston,Galveston,Texas,77554,United States,coastal,https://www.airbnb.com/rooms/1100664165291561195,https://a0.muscache.com/im/pictures/prohost-api/Hosting-1100664165291561195/original/37aed942-ca98-4d22-a116-a29d9ecd26a9.jpeg,1100664165291561195,3508732,29.1003,-95.1078,"=AVERAGE($G$2:$G$830)","=AVERAGE($D$2:$D$830)","=IFERROR(($AT74-G74)/$AT74,0)","=IFERROR(($AU74-D74)/$AU74,0)","=$AU74-D74"
Private Pool | Hot Tub | 4BD | 3 min walk to beach,651128914,,127060,138186,644.97,58.81,335,4,3,16,true,false,true,true,true,true,true,Home/Apartment,House,House/villa,5,66,6,6-20,Luxury,true,361,false,197,61,2026-05-13,Galveston,Port Bolivar,Port Bolivar,Texas,77650,United States,coastal,https://www.airbnb.com/rooms/1318204919946821103,https://a0.muscache.com/im/pictures/hosting/Hosting-1318204919946821103/original/6285570e-90ad-475e-8c65-d3b4410da375.png,1318204919946821103,4395065,29.4751178147,-94.5827776428,"=AVERAGE($G$2:$G$830)","=AVERAGE($D$2:$D$830)","=IFERROR(($AT75-G75)/$AT75,0)","=IFERROR(($AU75-D75)/$AU75,0)","=$AU75-D75"
Coastal Euphoria Beachfront Jacuzzi Pet Friendly,Best Of The West Galveston,,126310,151949,1148.27,45.08,244,4,4,16,true,false,true,true,true,true,false,Home/Apartment,House,House/villa,4.95,30,2,21+,Luxury,true,470,true,110,34,2025-12-23,Galveston,Galveston,Galveston,Texas,77554,United States,coastal,https://www.airbnb.com/rooms/1130423549143159202,https://a0.muscache.com/im/pictures/prohost-api/Hosting-1130423549143159202/original/cf42744c-e5ec-40b0-b52f-e085f9109d22.jpeg,1130423549143159202,3943723,29.1769584,-94.9822777,"=AVERAGE($G$2:$G$830)","=AVERAGE($D$2:$D$830)","=IFERROR(($AT76-G76)/$AT76,0)","=IFERROR(($AU76-D76)/$AU76,0)","=$AU76-D76"
*BEACHFRONT*Beautiful home DIRECTLY on the SAND,215242457,,123367,145147,913.83,41.41,326,4,3,15,true,false,false,true,true,true,false,Home/Apartment,House,House/villa,4.85,122,1,6-20,Luxury,true,282,true,135,39,2026-05-11,Galveston,Galveston,Galveston,Texas,77554,United States,coastal,https://www.airbnb.com/rooms/573256548724647190,https://a0.muscache.com/im/pictures/miso/Hosting-573256548724647190/original/e3726fed-d7ce-42cb-a255-1f6b5fa15eff.jpeg,573256548724647190,3490547,29.20163,-94.9362,"=AVERAGE($G$2:$G$830)","=AVERAGE($D$2:$D$830)","=IFERROR(($AT77-G77)/$AT77,0)","=IFERROR(($AU77-D77)/$AU77,0)","=$AU77-D77"
𝐏𝐚𝐱 𝐁𝐥𝐞𝐮 Spa & Heatable Pool | 4 Bedroom | Pet,119177287,,123166,131405,737.52,48.27,346,4,2,12,true,false,false,true,true,true,true,Home/Apartment,House,House/villa,4.95,87,2,2-5,Luxury,true,428,true,167,55,2026-05-11,Galveston,Galveston,Galveston,Texas,77554,United States,coastal,https://www.airbnb.com/rooms/748392065929436775,https://a0.muscache.com/im/pictures/prohost-api/Hosting-748392065929436775/original/48612f4c-8413-4d83-b2a9-72f98d8d11eb.png,748392065929436775,3178911,29.1407,-95.0487,"=AVERAGE($G$2:$G$830)","=AVERAGE($D$2:$D$830)","=IFERROR(($AT78-G78)/$AT78,0)","=IFERROR(($AU78-D78)/$AU78,0)","=$AU78-D78"
Large 4BR Oceanfront Dog Friendly | Deck | W/D,Vacasa,,122564,130843,666.11,82.14,224,4,3,12,true,false,false,true,true,true,false,Home/Apartment,House,House/villa,4.8,124,2,21+,Luxury,false,224,true,184,52,2026-01-06,Galveston,Galveston,Galveston,Texas,77554,United States,coastal,https://www.airbnb.com/rooms/696689013367416676,https://a0.muscache.com/im/pictures/prohost-api/Hosting-696689013367416676/original/7c635cb0-b755-4795-bffc-748bc09e034d.jpeg,696689013367416676,2968880,29.1732,-94.98479,"=AVERAGE($G$2:$G$830)","=AVERAGE($D$2:$D$830)","=IFERROR(($AT79-G79)/$AT79,0)","=IFERROR(($AU79-D79)/$AU79,0)","=$AU79-D79"
"Sunsets on Pirates Beach, 3 King Bds, 52 steps",Buzz Vacation,,120928,121881,711.34,51.99,362,4,4,16,true,false,false,true,true,true,false,Home/Apartment,House,House/villa,4.5,55,3,21+,Luxury,false,278,true,170,40,2026-05-13,Galveston,Galveston,Galveston,Texas,77554,United States,coastal,https://www.airbnb.com/rooms/621969273143764259,https://a0.muscache.com/im/pictures/prohost-api/Hosting-621969273143764259/original/eb483bf0-b190-44c8-8957-3ed45cc97bc1.png,621969273143764259,2796454,29.20898,-94.92766,"=AVERAGE($G$2:$G$830)","=AVERAGE($D$2:$D$830)","=IFERROR(($AT80-G80)/$AT80,0)","=IFERROR(($AU80-D80)/$AU80,0)","=$AU80-D80"
Luxurious Beachfront Heated Pool -Private Elevator,484413383,,119605,132556,980.37,44.53,339,4,5,16,true,true,true,true,true,false,true,Home/Apartment,House,House/villa,5,74,2,2-5,Luxury,true,254,false,122,39,2026-05-13,Galveston,Port Bolivar,Port Bolivar,Texas,77650,United States,coastal,https://www.airbnb.com/rooms/1113314435715305942,https://a0.muscache.com/im/pictures/hosting/Hosting-U3RheVN1cHBseUxpc3Rpbmc6MTExMzMxNDQzNTcxNTMwNTk0Mg%3D%3D/original/15ad705a-d7cd-44ac-9667-0e7475e68605.jpeg,1113314435715305942,3916797,29.4681,-94.598,"=AVERAGE($G$2:$G$830)","=AVERAGE($D$2:$D$830)","=IFERROR(($AT81-G81)/$AT81,0)","=IFERROR(($AU81-D81)/$AU81,0)","=$AU81-D81"
Oceanfront Experience | Pet-friendly,Ryson Vacation Rentals,,118520,121945,713.98,55.15,341,4,4,12,true,false,false,true,true,true,false,Home/Apartment,House,House/villa,4.15,19,2,21+,Luxury,false,695,true,166,47,2026-05-13,Galveston,Galveston,Galveston,Texas,77554,United States,coastal,https://www.airbnb.com/rooms/1369328754937256228,https://a0.muscache.com/im/pictures/prohost-api/Hosting-1369328754937256228/original/50a48b19-bed9-412a-bbe5-49bcd73dce76.jpeg,1369328754937256228,4463580,29.2135217315,-94.9196038518,"=AVERAGE($G$2:$G$830)","=AVERAGE($D$2:$D$830)","=IFERROR(($AT82-G82)/$AT82,0)","=IFERROR(($AU82-D82)/$AU82,0)","=$AU82-D82"
"125ft of Beachfront, Private Walkover and Lawn, Front Row Views, Sleeps 14",,,118239,132955,832.67,44.94,335,4,4,14,true,true,false,true,true,false,false,Home/Apartment,House,House/villa,4.9,83,2,1,Luxury,false,350,true,142,38,2026-05-14,Galveston,Galveston,Galveston,Texas,77554,United States,coastal,https://www.vrbo.com/2112882,"https://media.vrbo.com/lodging/61000000/60060000/60057700/60057661/5d073b82.jpg?impolicy=resizecrop&rw=1200&ra=fit",,2112882,29.164275,-95.001485,"=AVERAGE($G$2:$G$830)","=AVERAGE($D$2:$D$830)","=IFERROR(($AT83-G83)/$AT83,0)","=IFERROR(($AU83-D83)/$AU83,0)","=$AU83-D83"
"Luxury Resort Beach House | Elevator, EV charger",486677678,,118093,143700,1312.14,41.47,320,5,5,16,true,false,false,true,true,false,true,Home/Apartment,House,House/villa,5,49,3,2-5,Luxury,true,377,true,90,25,2026-05-11,Galveston,Galveston,Galveston,Texas,77554,United States,coastal,https://www.airbnb.com/rooms/754640601077328788,https://a0.muscache.com/im/pictures/hosting/Hosting-754640601077328788/original/ae49dd97-08e5-4523-a8e7-f7b8cd20a58c.jpeg,754640601077328788,3106215,29.1067,-95.0919,"=AVERAGE($G$2:$G$830)","=AVERAGE($D$2:$D$830)","=IFERROR(($AT84-G84)/$AT84,0)","=IFERROR(($AU84-D84)/$AU84,0)","=$AU84-D84"
Breathtaking Pointe West Beachfront Luxurious Home with Elevator,,,117326,170740,1289.3,49.19,274,5,5,20,true,true,true,true,true,false,true,Home/Apartment,House,House/villa,5,143,3,1,Luxury,false,390,true,91,21,2026-05-15,Galveston,Galveston,Galveston,Texas,77554,United States,coastal,https://www.vrbo.com/2089225,"https://media.vrbo.com/lodging/60000000/59200000/59197700/59197674/89eb475c.jpg?impolicy=resizecrop&rw=1200&ra=fit",,2089225,29.106103,-95.092022,"=AVERAGE($G$2:$G$830)","=AVERAGE($D$2:$D$830)","=IFERROR(($AT85-G85)/$AT85,0)","=IFERROR(($AU85-D85)/$AU85,0)","=$AU85-D85"
Beachside Village Home w/ Heated Pool + Spa,Pacific Properties Management,,117093,122672,959.78,38.85,349,5,3,14,true,false,false,true,true,false,true,Home/Apartment,House,House/villa,4.8,88,2,21+,Luxury,true,265,false,122,40,2026-05-16,Galveston,Galveston,Galveston,Texas,77554,United States,coastal,https://www.airbnb.com/rooms/811963042030409313,https://a0.muscache.com/im/pictures/miso/Hosting-811963042030409313/original/5d4ec635-b77d-43ae-ba70-27394aff8cab.jpeg,811963042030409313,3230289,29.234,-94.8896,"=AVERAGE($G$2:$G$830)","=AVERAGE($D$2:$D$830)","=IFERROR(($AT86-G86)/$AT86,0)","=IFERROR(($AU86-D86)/$AU86,0)","=$AU86-D86"
"Panoramic Beachfront Four Bedroom, Sleeps 14",25680100,,115652,128633,736.64,50.81,327,4,3,16,true,false,false,true,true,true,false,Home/Apartment,House,House/villa,5,108,3,2-5,Luxury,true,350,true,157,43,2026-05-17,Galveston,Port Bolivar,Port Bolivar,Texas,77650,United States,coastal,https://www.airbnb.com/rooms/694410988360701852,https://a0.muscache.com/im/pictures/miso/Hosting-694410988360701852/original/96024f2a-d2fe-481e-a5f1-45402ea96738.png,694410988360701852,,29.4646,-94.6023,"=AVERAGE($G$2:$G$830)","=AVERAGE($D$2:$D$830)","=IFERROR(($AT87-G87)/$AT87,0)","=IFERROR(($AU87-D87)/$AU87,0)","=$AU87-D87"
Dorado Grande | Private Pool | Direct Beach Access,569158452,,114931,116058,1222.67,29.28,357,4,4,13,true,false,false,true,true,false,true,Home/Apartment,House,House/villa,5,9,2,6-20,Luxury,true,404,false,94,29,2026-05-16,Galveston,Galveston,Galveston,Texas,77550,United States,coastal,https://www.airbnb.com/rooms/1269710803874100904,https://a0.muscache.com/im/pictures/miso/Hosting-1269710803874100904/original/4632b4a1-ecf3-4967-9bbe-29dfab6f1dd0.jpeg,1269710803874100904,4275308,29.3096,-94.763,"=AVERAGE($G$2:$G$830)","=AVERAGE($D$2:$D$830)","=IFERROR(($AT88-G88)/$AT88,0)","=IFERROR(($AU88-D88)/$AU88,0)","=$AU88-D88"
Beachfront l SwimSpa Game Room l Free Cancellation,Bolivar Vacations,,114420,118169,789.1,42.03,353,4,5,16,true,false,true,true,true,false,true,Home/Apartment,House,House/villa,5,26,2,21+,Luxury,true,502,true,145,46,2026-05-13,Galveston,Port Bolivar,Port Bolivar,Texas,77650,United States,coastal,https://www.airbnb.com/rooms/1336412072018368880,https://a0.muscache.com/im/pictures/prohost-api/Hosting-1336412072018368880/original/106ff6fe-46ae-4c69-a4b8-adbebeab63fc.jpeg,1336412072018368880,4388367,29.39831,-94.71469,"=AVERAGE($G$2:$G$830)","=AVERAGE($D$2:$D$830)","=IFERROR(($AT89-G89)/$AT89,0)","=IFERROR(($AU89-D89)/$AU89,0)","=$AU89-D89"
Charming 4BR Oceanview | Pool | Hot Tub,Vacasa,,114187,124192,722.7,57.45,275,4,3,10,true,false,true,true,true,false,true,Home/Apartment,House,House/villa,4.7,103,3,21+,Luxury,false,227,true,158,48,2026-05-17,Galveston,Galveston,Galveston,Texas,77554,United States,coastal,https://www.airbnb.com/rooms/52774283,https://a0.muscache.com/im/pictures/prohost-api/Hosting-52774283/original/d8ffc3d0-7d0d-410e-b5a8-9a1989215cdf.jpeg,52774283,2503219,29.20065,-94.9465,"=AVERAGE($G$2:$G$830)","=AVERAGE($D$2:$D$830)","=IFERROR(($AT90-G90)/$AT90,0)","=IFERROR(($AU90-D90)/$AU90,0)","=$AU90-D90"
Swimspa Hot Tub | Beachfront | Sleeps 16,Southern Sands Property Management,,114089,119420,695.66,48.81,336,4,3,16,true,false,true,true,true,false,true,Home/Apartment,House,House/villa,4.95,27,2,21+,Luxury,true,547,true,164,45,2026-05-13,Galveston,Port Bolivar,Port Bolivar,Texas,77650,United States,coastal,https://www.airbnb.com/rooms/1273997747219139367,https://a0.muscache.com/im/pictures/prohost-api/Hosting-1273997747219139367/original/4d52203f-88dc-4ac5-b44e-bc1c9b4f62a3.png,1273997747219139367,4194997,29.4377,-94.6596,"=AVERAGE($G$2:$G$830)","=AVERAGE($D$2:$D$830)","=IFERROR(($AT91-G91)/$AT91,0)","=IFERROR(($AU91-D91)/$AU91,0)","=$AU91-D91"
"5BR waterfront oasis with hot tub, balcony & views",Vacasa,,113958,133596,1174.82,52.72,184,5,7,15,true,false,true,true,true,true,false,Home/Apartment,House,House/villa,4.65,27,3,21+,Luxury,false,331,true,97,23,2025-12-08,Galveston,Galveston,Galveston,Texas,77550,United States,coastal,https://www.airbnb.com/rooms/1025380350395994168,https://a0.muscache.com/im/pictures/prohost-api/Hosting-1025380350395994168/original/00d840c9-439d-426c-b9c0-405d0adee837.jpeg,1025380350395994168,3713508,29.30745,-94.76343,"=AVERAGE($G$2:$G$830)","=AVERAGE($D$2:$D$830)","=IFERROR(($AT92-G92)/$AT92,0)","=IFERROR(($AU92-D92)/$AU92,0)","=$AU92-D92"
NEW! Beachfront! Panorama 4/3 Sleeps 14 Awesome,,,113564,126542,732.67,48.14,329,4,3,14,true,false,false,true,true,true,false,Home/Apartment,House,House/villa,5,61,3,1,Luxury,false,200,true,155,43,2026-05-15,Galveston,Port Bolivar,Port Bolivar,Texas,77650,United States,coastal,https://www.vrbo.com/3055980,"https://media.vrbo.com/lodging/89000000/88180000/88170800/88170785/91856ff9.jpg?impolicy=resizecrop&rw=1200&ra=fit",,3055980,29.46563,-94.603542,"=AVERAGE($G$2:$G$830)","=AVERAGE($D$2:$D$830)","=IFERROR(($AT93-G93)/$AT93,0)","=IFERROR(($AU93-D93)/$AU93,0)","=$AU93-D93"
Beachfront Paradise Sleeps 20 w/ Heated Pool,484413383,,113207,178717,1179.24,39.83,247,6,4,16,true,true,false,true,true,false,true,Home/Apartment,House,House/villa,5,55,2,2-5,Luxury,true,364,true,96,35,2026-05-11,Galveston,Port Bolivar,Port Bolivar,Texas,77650,United States,coastal,https://www.airbnb.com/rooms/1314687990212688203,https://a0.muscache.com/im/pictures/hosting/Hosting-1314687990212688203/original/e9abfbc5-72b3-4a41-9053-2d336c4370cb.jpeg,1314687990212688203,4410247,29.4726167079,-94.5898699225,"=AVERAGE($G$2:$G$830)","=AVERAGE($D$2:$D$830)","=IFERROR(($AT94-G94)/$AT94,0)","=IFERROR(($AU94-D94)/$AU94,0)","=$AU94-D94"
Oceanfront 4 bedroom beach house,28356095,,111809,126030,653.85,52.94,323,4,3,10,true,false,false,true,true,false,false,Home/Apartment,House,House/villa,4.95,216,2,1,Luxury,true,268,true,171,52,2026-05-17,Galveston,Galveston,Galveston,Texas,77554,United States,coastal,https://www.airbnb.com/rooms/46437081,https://a0.muscache.com/im/pictures/miso/Hosting-46437081/original/ae8b8858-7777-4003-8bc3-593e38d0b8e8.jpeg,46437081,2121217,29.16971,-94.99465,"=AVERAGE($G$2:$G$830)","=AVERAGE($D$2:$D$830)","=IFERROR(($AT95-G95)/$AT95,0)","=IFERROR(($AU95-D95)/$AU95,0)","=$AU95-D95"
Stunning &Spacious Oceanfront Luxury Home•sleeps18,331184293,,111325,138382,1147.68,36.19,306,6,5,16,true,false,false,true,true,false,false,Home/Apartment,House,House/villa,4.8,161,3,2-5,Luxury,false,400,false,97,30,2026-05-11,Galveston,Galveston,Galveston,Texas,77550,United States,coastal,https://www.airbnb.com/rooms/41881998,https://a0.muscache.com/im/pictures/4918c68f-e7d6-4b07-b050-af5bd0e52e04.jpg,41881998,1891473,29.3084,-94.7649,"=AVERAGE($G$2:$G$830)","=AVERAGE($D$2:$D$830)","=IFERROR(($AT96-G96)/$AT96,0)","=IFERROR(($AU96-D96)/$AU96,0)","=$AU96-D96"
"Lux Beachside Beauty: Private Pool, Beach Access",24715582,,111268,119896,762.11,50.17,331,4,3,10,true,false,true,true,true,false,true,Home/Apartment,House,House/villa,4.9,111,4,2-5,Luxury,false,350,true,146,50,2026-05-11,Galveston,Galveston,Galveston,Texas,77554,United States,coastal,https://www.airbnb.com/rooms/565403083538645763,https://a0.muscache.com/im/pictures/miso/Hosting-565403083538645763/original/ad0bf4a0-3e26-4383-bbbe-6df4c8f95923.jpeg,565403083538645763,2808322,29.23069,-94.89257,"=AVERAGE($G$2:$G$830)","=AVERAGE($D$2:$D$830)","=IFERROR(($AT97-G97)/$AT97,0)","=IFERROR(($AU97-D97)/$AU97,0)","=$AU97-D97"
Beach Hanson 3,455629056,,110820,114247,1319.29,25.61,354,5,6,16,true,false,false,true,true,false,false,Home/Apartment,House,House/villa,5,18,2,2-5,Luxury,false,375,true,84,28,2026-05-16,Galveston,Port Bolivar,Port Bolivar,Texas,77650,United States,coastal,https://www.airbnb.com/rooms/958267730890652692,https://a0.muscache.com/im/pictures/miso/Hosting-958267730890652692/original/9e5b1219-58d8-4d36-a8a5-e7eaae8098de.jpeg,958267730890652692,3567984,29.46294,-94.61076,"=AVERAGE($G$2:$G$830)","=AVERAGE($D$2:$D$830)","=IFERROR(($AT98-G98)/$AT98,0)","=IFERROR(($AU98-D98)/$AU98,0)","=$AU98-D98"
"The Lazy Turtle, Beachfront",302559190,,110425,121936,1648.13,25.57,341,9,9,16,true,false,true,true,true,true,false,Home/Apartment,House,House/villa,5,15,2,21+,Luxury,true,720,true,67,22,2026-05-14,Galveston,Port Bolivar,Port Bolivar,Texas,77650,United States,coastal,https://www.airbnb.com/rooms/1219591479431909433,https://a0.muscache.com/im/pictures/prohost-api/Hosting-1219591479431909433/original/68e14672-bdd6-4e07-8bdd-46eb73767948.jpeg,1219591479431909433,4556009,29.4662,-94.6016,"=AVERAGE($G$2:$G$830)","=AVERAGE($D$2:$D$830)","=IFERROR(($AT99-G99)/$AT99,0)","=IFERROR(($AU99-D99)/$AU99,0)","=$AU99-D99"
Luxury Retreat |Golf Cart•Pool•Kayak Paddle Boards,420657113,,109739,126231,653.21,67.2,272,4,2,11,true,false,false,true,true,false,true,Home/Apartment,House,House/villa,5,171,2,6-20,Luxury,false,420,true,168,43,2026-05-11,Galveston,Galveston,Galveston,Texas,77554,United States,coastal,https://www.airbnb.com/rooms/716523918296420842,https://a0.muscache.com/im/pictures/prohost-api/Hosting-716523918296420842/original/8023198d-8022-47be-8c5b-2fc9a8f2a3d0.png,716523918296420842,1177544,29.1449,-95.0503,"=AVERAGE($G$2:$G$830)","=AVERAGE($D$2:$D$830)","=IFERROR(($AT100-G100)/$AT100,0)","=IFERROR(($AU100-D100)/$AU100,0)","=$AU100-D100"
"Beachfront! Hot tub! Elevator! Beach, steps away",49874190,,109206,129301,1284.78,35.27,330,5,5,15,true,false,true,true,true,false,false,Home/Apartment,Townhouse,Apt/Condo/Loft,5,27,2,2-5,Luxury,true,500,false,85,24,2026-05-13,Galveston,Galveston,Galveston,Texas,77550,United States,coastal,https://www.airbnb.com/rooms/964013722744090440,https://a0.muscache.com/im/pictures/miso/Hosting-964013722744090440/original/acd75f6a-3cb7-419d-8c5a-541add1a9ad9.jpeg,964013722744090440,3189358,29.31,-94.7625,"=AVERAGE($G$2:$G$830)","=AVERAGE($D$2:$D$830)","=IFERROR(($AT101-G101)/$AT101,0)","=IFERROR(($AU101-D101)/$AU101,0)","=$AU101-D101"
A Touch of Paradise–Beachfront w/ Elevator & BBQ,532435079,,108810,120977,1195.71,51.12,178,4,4,12,true,false,false,true,true,true,false,Home/Apartment,House,House/villa,4.65,17,2,21+,Luxury,false,650,true,91,27,2025-12-03,Galveston,Galveston,Galveston,Texas,77554,United States,coastal,https://www.airbnb.com/rooms/1348886711692590637,https://a0.muscache.com/im/pictures/prohost-api/Hosting-1348886711692590637/original/34788431-7f09-4966-9a53-638b7515669f.jpeg,1348886711692590637,,29.2256,-94.89883,"=AVERAGE($G$2:$G$830)","=AVERAGE($D$2:$D$830)","=IFERROR(($AT102-G102)/$AT102,0)","=IFERROR(($AU102-D102)/$AU102,0)","=$AU102-D102"
Luxury 4BR Oceanfront Dog Friendly | Balcony,Vacasa,,108513,112054,427.22,71.75,354,4,2,10,true,false,false,true,true,true,false,Home/Apartment,House,House/villa,4.3,250,2,21+,Luxury,false,159,true,254,85,2023-09-17,Galveston,Galveston,Galveston,Texas,77554,United States,coastal,https://www.airbnb.com/rooms/17077063,"https://a0.muscache.com/im/pictures/prohost-api/Hosting-17077063/original/94161ac7-3c17-4832-8199-07110f88d322.jpeg?aki_policy=x_large",17077063,773856,29.236101,-94.881584,"=AVERAGE($G$2:$G$830)","=AVERAGE($D$2:$D$830)","=IFERROR(($AT103-G103)/$AT103,0)","=IFERROR(($AU103-D103)/$AU103,0)","=$AU103-D103"
"NEW Build: Pool, Fire Pit, Elevator, Mosquito Sys.",546981764,,108480,130028,1166.45,31.42,326,4,5,12,true,false,false,true,true,false,true,Home/Apartment,House,House/villa,5,30,3,1,Luxury,true,548,false,93,27,2026-05-13,Galveston,Galveston,Galveston,Texas,77554,United States,coastal,https://www.airbnb.com/rooms/1026919923135174777,"https://a0.muscache.com/im/pictures/hosting/Hosting-U3RheVN1cHBseUxpc3Rpbmc6MTAyNjkxOTkyMzEzNTE3NDc3Nw==/original/c728ef8f-8889-4526-b24d-509aabf7bac4.jpeg",1026919923135174777,4581729,29.1458008704,-95.0480385978,"=AVERAGE($G$2:$G$830)","=AVERAGE($D$2:$D$830)","=IFERROR(($AT104-G104)/$AT104,0)","=IFERROR(($AU104-D104)/$AU104,0)","=$AU104-D104"
Salty Bay Getaway | Luxury 4BR w Pool | Near Beach,663906038,,108414,110856,747.68,40.96,354,4,4,16,true,false,false,true,true,false,true,Home/Apartment,House,House/villa,5,48,2,1,Luxury,true,316,false,145,52,2026-05-16,Galveston,Galveston,Galveston,Texas,77554,United States,coastal,https://www.airbnb.com/rooms/1308046257874665143,https://a0.muscache.com/im/pictures/prohost-api/Hosting-1308046257874665143/original/0128eed5-e84c-43c5-90d5-dea192ecc9c7.jpeg,1308046257874665143,4328913,29.2323056119,-94.8931747152,"=AVERAGE($G$2:$G$830)","=AVERAGE($D$2:$D$830)","=IFERROR(($AT105-G105)/$AT105,0)","=IFERROR(($AU105-D105)/$AU105,0)","=$AU105-D105"
4BR ~ Beachfront ~ Views ~ Hammocks ~ King Beds,9741603,,107780,115140,661.23,51.75,340,4,3,14,true,false,false,true,true,false,false,Home/Apartment,House,House/villa,5,162,2,2-5,Luxury,true,325,true,163,48,2026-05-11,Galveston,Port Bolivar,Port Bolivar,Texas,77650,United States,coastal,https://www.airbnb.com/rooms/611398014875184235,https://a0.muscache.com/im/pictures/miso/Hosting-611398014875184235/original/e837df91-0e75-469a-9646-c8ccd46b3d40.jpeg,611398014875184235,2790606,29.4411,-94.655,"=AVERAGE($G$2:$G$830)","=AVERAGE($D$2:$D$830)","=IFERROR(($AT106-G106)/$AT106,0)","=IFERROR(($AU106-D106)/$AU106,0)","=$AU106-D106"
"The Oasis -  Private Pool, Bayfront, Fire Pit!",979 Vacation Property Services,,107217,112523,619.75,50.29,348,4,3,9,true,false,false,true,true,true,true,Home/Apartment,House,House/villa,4.7,50,3,21+,Luxury,false,340,true,173,44,2026-05-17,Galveston,Galveston,Galveston,Texas,77554,United States,coastal,https://www.airbnb.com/rooms/710787659035087882,https://a0.muscache.com/im/pictures/prohost-api/Hosting-710787659035087882/original/b806e691-12ae-4c36-995b-fef047404b43.jpeg,710787659035087882,9729168ha,29.196,-94.981,"=AVERAGE($G$2:$G$830)","=AVERAGE($D$2:$D$830)","=IFERROR(($AT107-G107)/$AT107,0)","=IFERROR(($AU107-D107)/$AU107,0)","=$AU107-D107"
2 Lodge Combo - Sleeps 30 w/Pool + Private Pier,333751434,,107004,236836,1289.2,50.3,166,7,7,16,true,false,true,true,true,true,true,Home/Apartment,House,House/villa,4.9,10,2,6-20,Luxury,true,625,false,83,26,2026-05-11,Galveston,Dickinson,Dickinson,Texas,77539,United States,coastal,https://www.airbnb.com/rooms/1086518391416202679,https://a0.muscache.com/im/pictures/prohost-api/Hosting-1086518391416202679/original/03a077f6-467d-4068-b104-3f4cf963c750.jpeg,1086518391416202679,3848007,29.4982,-94.9248,"=AVERAGE($G$2:$G$830)","=AVERAGE($D$2:$D$830)","=IFERROR(($AT108-G108)/$AT108,0)","=IFERROR(($AU108-D108)/$AU108,0)","=$AU108-D108"
Paradise At Last | Direct Beach Access!,Ryson Vacation Rentals,,106977,130002,1038.61,38.58,296,7,4,16,true,false,false,true,true,false,false,Home/Apartment,House,House/villa,4.6,97,3,21+,Luxury,false,735,true,103,25,2026-05-14,Galveston,Galveston,Galveston,Texas,77554,United States,coastal,https://www.airbnb.com/rooms/1157548608012455476,https://a0.muscache.com/im/pictures/prohost-api/Hosting-1157548608012455476/original/28927a5d-bb7a-426f-890c-38af96fd535a.jpeg,1157548608012455476,691823,29.2242539273,-94.8998520067,"=AVERAGE($G$2:$G$830)","=AVERAGE($D$2:$D$830)","=IFERROR(($AT109-G109)/$AT109,0)","=IFERROR(($AU109-D109)/$AU109,0)","=$AU109-D109"
Sacious ocean-view 6BR with balconies & firepit,Vacasa,,106760,136223,1386.49,35,291,6,4,16,true,false,false,true,true,false,false,Home/Apartment,House,House/villa,4.55,15,2,21+,Luxury,false,402,true,77,25,2026-05-16,Galveston,Galveston,Galveston,Texas,77554,United States,coastal,https://www.airbnb.com/rooms/1163105343965951771,https://a0.muscache.com/im/pictures/prohost-api/Hosting-1163105343965951771/original/874cc447-346d-490e-933e-9e097f1a0329.jpeg,1163105343965951771,4028430,29.20145,-94.93751,"=AVERAGE($G$2:$G$830)","=AVERAGE($D$2:$D$830)","=IFERROR(($AT110-G110)/$AT110,0)","=IFERROR(($AU110-D110)/$AU110,0)","=$AU110-D110"
"Good Life - Easy Beach Access, Gulf Views, Hot Tub",979 Vacation Property Services,,106685,108073,589.42,50.42,359,4,3,13,true,false,true,true,true,true,false,Home/Apartment,House,House/villa,4.95,60,2,21+,Luxury,false,349,true,181,49,2026-05-11,Galveston,Galveston,Galveston,Texas,77554,United States,coastal,https://www.airbnb.com/rooms/555913114243703276,https://a0.muscache.com/im/pictures/prohost-api/Hosting-555913114243703276/original/0772fbfc-308e-449b-ac29-420b5d7fa89f.jpeg,555913114243703276,9656186ha,29.2063,-94.9311,"=AVERAGE($G$2:$G$830)","=AVERAGE($D$2:$D$830)","=IFERROR(($AT111-G111)/$AT111,0)","=IFERROR(($AU111-D111)/$AU111,0)","=$AU111-D111"
Pirate's Cove,Swedes Real Estate,,106591,123630,1567.51,30.09,329,5,4,16,true,true,false,true,true,true,false,Home/Apartment,House,House/villa,0,0,3,21+,Luxury,false,620,true,68,13,2026-02-27,Galveston,Port Bolivar,Port Bolivar,Texas,77650,United States,coastal,https://www.airbnb.com/rooms/1120380098912629825,https://a0.muscache.com/im/pictures/prohost-api/Hosting-1120380098912629825/original/d7d503ed-fdf5-4ccf-8fa6-291fe6f29002.jpeg,1120380098912629825,,29.4581,-94.6214,"=AVERAGE($G$2:$G$830)","=AVERAGE($D$2:$D$830)","=IFERROR(($AT112-G112)/$AT112,0)","=IFERROR(($AU112-D112)/$AU112,0)","=$AU112-D112"
Brand New Canal Home With Heated Pool,20485688,,105318,118808,829.28,40.32,337,4,3,12,true,false,false,true,true,false,true,Home/Apartment,House,House/villa,4.9,59,3,6-20,Luxury,false,201,true,127,37,2026-05-13,Galveston,Galveston,Galveston,Texas,77554,United States,coastal,https://www.airbnb.com/rooms/892192433438132001,https://a0.muscache.com/im/pictures/miso/Hosting-892192433438132001/original/b713a50c-af62-48b2-9906-b571a057d788.jpeg,892192433438132001,3407296,29.19176,-94.98016,"=AVERAGE($G$2:$G$830)","=AVERAGE($D$2:$D$830)","=IFERROR(($AT113-G113)/$AT113,0)","=IFERROR(($AU113-D113)/$AU113,0)","=$AU113-D113"
Near Beach~Large Home~Sleeps 22~BBQ~Soaking Tub,DLRJ Holdings ,,104270,105068,668.4,51.49,330,4,4,16,true,false,false,true,true,false,false,Home/Apartment,House,House/villa,4.95,15,1,21+,Luxury,true,430,false,156,25,2026-05-15,Galveston,Port Bolivar,Port Bolivar,Texas,77650,United States,coastal,https://www.airbnb.com/rooms/1450963419988289047,https://a0.muscache.com/im/pictures/prohost-api/Hosting-1450963419988289047/original/6bf10a7c-abcd-4e7e-8e8c-342d40053ca7.jpeg,1450963419988289047,4664161,29.46509,-94.60758,"=AVERAGE($G$2:$G$830)","=AVERAGE($D$2:$D$830)","=IFERROR(($AT114-G114)/$AT114,0)","=IFERROR(($AU114-D114)/$AU114,0)","=$AU114-D114"
Kemah Waterfront Estate with Pools & Private Pier,395268668,,104209,126457,1108.61,36.29,290,7,6,16,true,false,false,true,true,true,true,Home/Apartment,House,House/villa,5,269,3,2-5,Luxury,true,294,true,94,28,2026-05-14,Galveston,Kemah,Kemah,Texas,77565,United States,coastal,https://www.airbnb.com/rooms/952067803493309017,https://a0.muscache.com/im/pictures/prohost-api/Hosting-952067803493309017/original/740e2d15-6ed9-4bb0-9336-32e38da44fbf.jpeg,952067803493309017,2739407,29.5360888345,-95.0140800235,"=AVERAGE($G$2:$G$830)","=AVERAGE($D$2:$D$830)","=IFERROR(($AT115-G115)/$AT115,0)","=IFERROR(($AU115-D115)/$AU115,0)","=$AU115-D115"
No Regrets ~ Luxury at the Beach ~ pool & spa ~ 6 bedrooms & 5 full bathrooms ~,,,103956,113791,1315.9,27.43,349,6,5,22,true,false,true,true,true,true,true,Home/Apartment,House,House/villa,5,89,2,1,Luxury,false,373,true,79,26,2026-05-17,Galveston,Port Bolivar,Port Bolivar,Texas,77650,United States,coastal,https://www.vrbo.com/1802763,"https://media.vrbo.com/lodging/43000000/42380000/42378600/42378531/36817735.jpg?impolicy=resizecrop&rw=1200&ra=fit",,1802763,29.47213,-94.59269,"=AVERAGE($G$2:$G$830)","=AVERAGE($D$2:$D$830)","=IFERROR(($AT116-G116)/$AT116,0)","=IFERROR(($AU116-D116)/$AU116,0)","=$AU116-D116"
The Blue Pete - Book 7 nights get the last night f,Pointe West Vacation,,102706,146106,1467.23,63.64,236,5,3,15,true,true,false,true,false,true,true,Home/Apartment,House,House/villa,5,17,1,21+,Luxury,true,1256,true,70,16,2026-05-11,Galveston,Galveston,Galveston,Texas,77554,United States,coastal,https://www.airbnb.com/rooms/1102814499563677685,https://a0.muscache.com/im/pictures/prohost-api/Hosting-1102814499563677685/original/0d57d853-b6d2-44c5-a006-6c345a897226.jpeg,1102814499563677685,2833820,29.1036,-95.0965,"=AVERAGE($G$2:$G$830)","=AVERAGE($D$2:$D$830)","=IFERROR(($AT117-G117)/$AT117,0)","=IFERROR(($AU117-D117)/$AU117,0)","=$AU117-D117"
Beachfront Oasis-1- Book For A Relaxing Getaway!,Bolivar Vacations,,101725,104461,571.49,53.13,357,4,2,12,true,false,false,true,true,true,false,Home/Apartment,House,House/villa,4.9,84,2,21+,Luxury,false,175,true,178,59,2025-10-02,Galveston,Port Bolivar,Gilchrist,Texas,77617,United States,coastal,https://www.airbnb.com/rooms/1091387220837121551,https://a0.muscache.com/im/pictures/prohost-api/Hosting-1091387220837121551/original/f14c16de-497f-41bd-b6b8-bdc5631a7d46.jpeg,1091387220837121551,4570039,29.49703,-94.52634,"=AVERAGE($G$2:$G$830)","=AVERAGE($D$2:$D$830)","=IFERROR(($AT118-G118)/$AT118,0)","=IFERROR(($AU118-D118)/$AU118,0)","=$AU118-D118"
Beachfront l Gameroom l Free Cancellation,Bolivar Vacations,,100230,114303,630.38,54.08,308,4,3,16,true,false,false,true,true,true,false,Home/Apartment,House,House/villa,4.9,19,2,21+,Luxury,true,384,true,159,48,2026-05-11,Galveston,Port Bolivar,Gilchrist,Texas,77617,United States,coastal,https://www.airbnb.com/rooms/1219611950217047084,https://a0.muscache.com/im/pictures/prohost-api/Hosting-1219611950217047084/original/9c4becd2-2bc3-4afd-9296-60159eb93c2b.jpeg,1219611950217047084,4204348,29.49555,-94.53072,"=AVERAGE($G$2:$G$830)","=AVERAGE($D$2:$D$830)","=IFERROR(($AT119-G119)/$AT119,0)","=IFERROR(($AU119-D119)/$AU119,0)","=$AU119-D119"
"The Sandy Dollar - Direct Beachfront, Sea 4 Miles!",979 Vacation Property Services,,100175,118225,700.52,50,313,4,3,10,true,false,false,true,true,true,false,Home/Apartment,House,House/villa,4.85,42,2,21+,Luxury,false,340,true,143,34,2026-05-11,Galveston,Galveston,Galveston,Texas,77554,United States,coastal,https://www.airbnb.com/rooms/612150457167111375,https://a0.muscache.com/im/pictures/prohost-api/Hosting-612150457167111375/original/d063c419-48df-4df2-8855-d15a0a3f1cb5.jpeg,612150457167111375,9688074ha,29.1305,-95.0557,"=AVERAGE($G$2:$G$830)","=AVERAGE($D$2:$D$830)","=IFERROR(($AT120-G120)/$AT120,0)","=IFERROR(($AU120-D120)/$AU120,0)","=$AU120-D120"
POOL & HOT TUB!  Sleeps 22 - 3 Master Suites! ! !,399198435,,99902,117606,1097.82,34.6,315,6,6,16,true,false,true,true,true,true,true,Home/Apartment,House,House/villa,5,49,4,2-5,Luxury,true,551,false,91,20,2026-05-13,Galveston,Port Bolivar,Port Bolivar,Texas,77650,United States,coastal,https://www.airbnb.com/rooms/801387469448448318,https://a0.muscache.com/im/pictures/miso/Hosting-801387469448448318/original/799171aa-a99d-41e3-95f1-f3ca42e2dc60.jpeg,801387469448448318,3194414,29.4532,-94.6329,"=AVERAGE($G$2:$G$830)","=AVERAGE($D$2:$D$830)","=IFERROR(($AT121-G121)/$AT121,0)","=IFERROR(($AU121-D121)/$AU121,0)","=$AU121-D121"
The Archelon | Seen on TV! Heated POOL+Spa+Grill,49148840,,99353,136977,887.08,51.38,226,4,2,12,true,false,true,true,true,false,true,Home/Apartment,House,House/villa,5,30,2,1,Luxury,true,226,false,112,40,2026-05-13,Galveston,Galveston,Galveston,Texas,77550,United States,coastal,https://www.airbnb.com/rooms/1182756433215408510,https://a0.muscache.com/im/pictures/hosting/Hosting-1182756433215408510/original/97cf7fae-39ac-47c5-8c27-1c4d4da06d0f.png,1182756433215408510,,29.29399,-94.80079,"=AVERAGE($G$2:$G$830)","=AVERAGE($D$2:$D$830)","=IFERROR(($AT122-G122)/$AT122,0)","=IFERROR(($AU122-D122)/$AU122,0)","=$AU122-D122"
"Large Bedrooms, 2 Decks, Steps from Sand & Surf",Sand `N Sea Properties,,99277,176577,1196.11,35.93,268,5,3,12,true,false,false,true,true,false,false,Home/Apartment,House,House/villa,5,2,2,21+,Luxury,false,550,true,83,19,2026-05-14,Galveston,Galveston,Galveston,Texas,77554,United States,coastal,https://www.airbnb.com/rooms/1401469809956583122,https://a0.muscache.com/im/pictures/prohost-api/Hosting-1401469809956583122/original/b756fe13-abd1-40ef-923d-ef49fb910516.jpeg,1401469809956583122,2637802,29.2242883222,-94.8996438037,"=AVERAGE($G$2:$G$830)","=AVERAGE($D$2:$D$830)","=IFERROR(($AT123-G123)/$AT123,0)","=IFERROR(($AU123-D123)/$AU123,0)","=$AU123-D123"
BEACHFRONT!!!  TEN STEPS TO BEACH SAND!! PERFECT BEACH VACATION!,,,98315,107610,697.27,41.59,339,4,2,13,true,false,false,true,true,true,false,Home/Apartment,House,House/villa,4.7,31,2,1,Luxury,false,299,true,141,51,2026-05-15,Galveston,Galveston,Galveston,Texas,77554,United States,coastal,https://www.vrbo.com/1650604,"https://media.vrbo.com/lodging/38000000/37040000/37037600/37037542/b04020cf.jpg?impolicy=resizecrop&rw=1200&ra=fit",,1650604,29.219547,-94.91033,"=AVERAGE($G$2:$G$830)","=AVERAGE($D$2:$D$830)","=IFERROR(($AT124-G124)/$AT124,0)","=IFERROR(($AU124-D124)/$AU124,0)","=$AU124-D124"
Gulf front - Beautiful Custom Beach House w/Elevator - Sleeps 17- Private Beach,,,96572,126271,1254.18,27.7,314,6,5,17,true,false,false,true,true,false,false,Home/Apartment,House,House/villa,5,188,3,1,Luxury,false,496,false,77,18,2026-05-17,Galveston,Galveston,Galveston,Texas,77554,United States,coastal,https://www.vrbo.com/813301,"https://media.vrbo.com/lodging/34000000/33500000/33498900/33498801/w1585h1069x0y3-e431ebf5.jpg?impolicy=resizecrop&rw=1200&ra=fit",,813301,29.220603,-94.906843,"=AVERAGE($G$2:$G$830)","=AVERAGE($D$2:$D$830)","=IFERROR(($AT125-G125)/$AT125,0)","=IFERROR(($AU125-D125)/$AU125,0)","=$AU125-D125"
Oceanfront Retreat - Steps from Kemah Boardwalk,310922939,,95955,98642,761.55,35.2,358,4,3,16,true,false,false,true,true,false,false,Home/Apartment,House,House/villa,5,166,2,1,Luxury,true,249,false,126,46,2026-05-13,Galveston,Kemah,Kemah,Texas,77565,United States,coastal,https://www.airbnb.com/rooms/752454957748535998,https://a0.muscache.com/im/pictures/miso/Hosting-752454957748535998/original/d0e0e182-0be6-4024-bead-6f4580369574.jpeg,752454957748535998,2139849,29.5445,-95.0166,"=AVERAGE($G$2:$G$830)","=AVERAGE($D$2:$D$830)","=IFERROR(($AT126-G126)/$AT126,0)","=IFERROR(($AU126-D126)/$AU126,0)","=$AU126-D126"
Honeysuckle Blue Pointe West- 6 min walk to beach!,179141701,,95061,96082,664.76,42.06,360,4,4,10,true,false,false,true,true,true,false,Home/Apartment,House,House/villa,5,58,2,1,Luxury,true,299,false,143,42,2026-05-13,Galveston,Galveston,Galveston,Texas,77554,United States,coastal,https://www.airbnb.com/rooms/1100712747239130049,https://a0.muscache.com/im/pictures/miso/Hosting-1100712747239130049/original/2d38f9a0-10e6-417a-82ee-043ff048c097.jpeg,1100712747239130049,3878883,29.1092,-95.0905,"=AVERAGE($G$2:$G$830)","=AVERAGE($D$2:$D$830)","=IFERROR(($AT127-G127)/$AT127,0)","=IFERROR(($AU127-D127)/$AU127,0)","=$AU127-D127"
Girlie Grounds~Pool~FirePit~ 10Guest~,247514012,,94685,104779,751.47,40.13,341,4,2,10,true,false,false,true,true,false,true,Home/Apartment,House,House/villa,4.95,23,2,1,Luxury,true,400,false,126,51,2026-05-11,Galveston,Galveston,Galveston,Texas,77551,United States,coastal,https://www.airbnb.com/rooms/881285792168291458,https://a0.muscache.com/im/pictures/hosting/Hosting-881285792168291458/original/5a69bb84-47c8-4c4a-9263-db8cae6abc66.jpeg,881285792168291458,,29.27826,-94.83504,"=AVERAGE($G$2:$G$830)","=AVERAGE($D$2:$D$830)","=IFERROR(($AT128-G128)/$AT128,0)","=IFERROR(($AU128-D128)/$AU128,0)","=$AU128-D128"
5BR Oceanview Dog Friendly | Pool | Hot Tub,Vacasa,,94661,97108,763.4,35.23,352,5,5,10,true,true,false,true,true,true,true,Home/Apartment,House,House/villa,4.95,69,3,21+,Luxury,false,264,true,124,34,2026-05-13,Galveston,Galveston,Galveston,Texas,77554,United States,coastal,https://www.airbnb.com/rooms/52919985,https://a0.muscache.com/im/pictures/prohost-api/Hosting-52919985/original/8ec6dcc3-df93-45c6-bed6-1e8e65d7583b.jpeg,52919985,2012730,29.09754,-95.11004,"=AVERAGE($G$2:$G$830)","=AVERAGE($D$2:$D$830)","=IFERROR(($AT129-G129)/$AT129,0)","=IFERROR(($AU129-D129)/$AU129,0)","=$AU129-D129"
"Canal in Sea Isle. Beautiful, spacious, comfortably decorated beach house",,,93879,105724,1091.62,34.13,340,5,4,14,true,false,false,true,true,false,true,Home/Apartment,House,House/villa,5,27,3,1,Luxury,false,300,true,86,26,2026-05-14,Galveston,Galveston,Galveston,Texas,77554,United States,coastal,https://www.vrbo.com/2881818,"https://media.vrbo.com/lodging/83000000/82830000/82821200/82821178/27a94d77.jpg?impolicy=resizecrop&rw=1200&ra=fit",,2881818,29.140227,-95.049869,"=AVERAGE($G$2:$G$830)","=AVERAGE($D$2:$D$830)","=IFERROR(($AT130-G130)/$AT130,0)","=IFERROR(($AU130-D130)/$AU130,0)","=$AU130-D130"
Steps to Beach | Sleeps 14 | Fenced Yard,Southern Sands Property Management Group,,93813,110100,781.77,50.85,238,4,4,14,true,false,false,true,true,true,false,Home/Apartment,House,House/villa,5,16,3,21+,Luxury,true,535,true,120,31,2026-03-28,Galveston,Galveston,Galveston,Texas,77554,United States,coastal,https://www.airbnb.com/rooms/1383289084433538919,https://a0.muscache.com/im/pictures/prohost-api/Hosting-1383289084433538919/original/d49a2de2-0258-47a0-902d-c9f3571986ba.jpeg,1383289084433538919,4499224,29.2328,-94.8884,"=AVERAGE($G$2:$G$830)","=AVERAGE($D$2:$D$830)","=IFERROR(($AT131-G131)/$AT131,0)","=IFERROR(($AU131-D131)/$AU131,0)","=$AU131-D131"
Private Pool - Spa - Golf Cart - Beach Side Home,30787533,,92622,97242,1077,31.16,329,5,4,16,true,false,true,true,true,false,true,Home/Apartment,House,House/villa,5,33,2,2-5,Luxury,true,430,true,86,27,2026-05-15,Galveston,Galveston,Galveston,Texas,77554,United States,coastal,https://www.airbnb.com/rooms/1115543733956992995,https://a0.muscache.com/im/pictures/prohost-api/Hosting-1115543733956992995/original/851198c3-cefb-4e47-85a9-322de0bcbb57.jpeg,1115543733956992995,4335609,29.1065,-95.093,"=AVERAGE($G$2:$G$830)","=AVERAGE($D$2:$D$830)","=IFERROR(($AT132-G132)/$AT132,0)","=IFERROR(($AU132-D132)/$AU132,0)","=$AU132-D132"
4BR modern Gulf-front beach house with decks,Vacasa,,92254,99367,704.23,38.19,343,4,3,15,true,false,false,true,true,false,false,Home/Apartment,House,House/villa,4.75,41,2,21+,Luxury,false,271,true,131,49,2026-05-13,Galveston,Galveston,Galveston,Texas,77554,United States,coastal,https://www.airbnb.com/rooms/1100850366913385879,https://a0.muscache.com/im/pictures/prohost-api/Hosting-1100850366913385879/original/b14bbd8c-8d9c-4c40-9cc5-eb274437eb17.jpeg,1100850366913385879,3880670,29.16473,-95.00049,"=AVERAGE($G$2:$G$830)","=AVERAGE($D$2:$D$830)","=IFERROR(($AT133-G133)/$AT133,0)","=IFERROR(($AU133-D133)/$AU133,0)","=$AU133-D133"
Brand New House on Canal with POOL and Hot tub!,364695630,,92214,94838,720.42,45.88,349,4,3,12,true,false,false,true,true,false,true,Home/Apartment,House,House/villa,5,27,2,1,Luxury,true,368,false,128,40,2026-05-13,Galveston,Galveston,Galveston,Texas,77554,United States,coastal,https://www.airbnb.com/rooms/1156073724613070694,https://a0.muscache.com/im/pictures/prohost-api/Hosting-1156073724613070694/original/4566d8f2-0ea6-46b1-990a-bf50a011b3d0.jpeg,1156073724613070694,3472525,29.1912,-94.9773,"=AVERAGE($G$2:$G$830)","=AVERAGE($D$2:$D$830)","=IFERROR(($AT134-G134)/$AT134,0)","=IFERROR(($AU134-D134)/$AU134,0)","=$AU134-D134"
"Beachfront w/ Rooftop Deck, Dune Walkover & Nearby to Jamaica Beach Amenities",Sand `N Sea Properties,,91790,106337,740.24,45.59,304,4,3,12,true,false,false,true,true,false,true,Home/Apartment,House,House/villa,5,13,2,21+,Luxury,false,0,true,124,35,2026-05-17,Galveston,Galveston,Galveston,Texas,77554,United States,coastal,https://www.vrbo.com/3026472,"https://media.vrbo.com/lodging/88000000/87640000/87634900/87634804/443f6958.jpg?impolicy=resizecrop&rw=1200&ra=fit",,3026472,29.18147,-94.9732,"=AVERAGE($G$2:$G$830)","=AVERAGE($D$2:$D$830)","=IFERROR(($AT135-G135)/$AT135,0)","=IFERROR(($AU135-D135)/$AU135,0)","=$AU135-D135"
Beachfront | Fenced Yard | SwimSpa | 4 Bedrooms,Southern Sands Property Management,,91486,93881,802.51,46.72,265,4,3,16,true,false,true,true,true,true,true,Home/Apartment,House,House/villa,4.85,26,3,21+,Luxury,true,521,true,114,34,2026-03-16,Galveston,Port Bolivar,Port Bolivar,Texas,77650,United States,coastal,https://www.airbnb.com/rooms/1197841520210090531,https://a0.muscache.com/im/pictures/prohost-api/Hosting-1197841520210090531/original/175976c9-6054-46d4-9717-b4fd4f7fbe04.jpeg,1197841520210090531,4096538,29.4522,-94.6324,"=AVERAGE($G$2:$G$830)","=AVERAGE($D$2:$D$830)","=IFERROR(($AT136-G136)/$AT136,0)","=IFERROR(($AU136-D136)/$AU136,0)","=$AU136-D136"
Beachfront Oasis | Gorgeous View | Family Friendly,Vello,,91352,94767,601,45.51,344,4,3,12,true,false,false,true,true,false,false,Home/Apartment,House,House/villa,4.95,59,2,21+,Luxury,true,404,false,152,43,2026-05-13,Galveston,Galveston,Galveston,Texas,77554,United States,coastal,https://www.airbnb.com/rooms/704386155584527052,https://a0.muscache.com/im/pictures/hosting/Hosting-U3RheVN1cHBseUxpc3Rpbmc6NzA0Mzg2MTU1NTg0NTI3MDUy/original/6da80b8a-21d5-46e0-a901-15b57d34afc9.jpeg,704386155584527052,4649403,29.1434,-95.0354,"=AVERAGE($G$2:$G$830)","=AVERAGE($D$2:$D$830)","=IFERROR(($AT137-G137)/$AT137,0)","=IFERROR(($AU137-D137)/$AU137,0)","=$AU137-D137"
Beachfront | Sleeps 14 | Hot Tub | Deck w/ Grill,Southern Sands Property Management,,91056,103616,746.36,43.73,326,4,3,14,true,false,true,true,true,false,false,Home/Apartment,House,House/villa,4.95,67,3,21+,Luxury,true,521,true,122,33,2026-05-13,Galveston,Port Bolivar,Port Bolivar,Texas,77650,United States,coastal,https://www.airbnb.com/rooms/580363534188681776,https://a0.muscache.com/im/pictures/prohost-api/Hosting-580363534188681776/original/02849147-51a6-4baf-a67f-8baac9ad3fef.jpeg,580363534188681776,2704828,29.4778,-94.5753,"=AVERAGE($G$2:$G$830)","=AVERAGE($D$2:$D$830)","=IFERROR(($AT138-G138)/$AT138,0)","=IFERROR(($AU138-D138)/$AU138,0)","=$AU138-D138"
"Pool, Elevator, Hot Tub, Lux Designer Interior",Sand `N Sea Properties,,90848,163723,1279.55,43.29,284,5,4,12,true,false,true,true,true,false,true,Home/Apartment,House,House/villa,4.9,9,5,21+,Luxury,false,606,true,71,14,2026-05-14,Galveston,Galveston,Galveston,Texas,77554,United States,coastal,https://www.airbnb.com/rooms/1359476388118797592,https://a0.muscache.com/im/pictures/prohost-api/Hosting-1359476388118797592/original/67547012-cc0a-4a1d-88ce-817641e59936.jpeg,1359476388118797592,3529564,29.1807319782,-94.9765504808,"=AVERAGE($G$2:$G$830)","=AVERAGE($D$2:$D$830)","=IFERROR(($AT139-G139)/$AT139,0)","=IFERROR(($AU139-D139)/$AU139,0)","=$AU139-D139"
Endless Horizons Beachfront,302559190,,90654,103076,1313.83,25,330,5,6,16,true,false,true,true,true,true,false,Home/Apartment,House,House/villa,4.9,23,2,21+,Luxury,true,544,true,69,19,2026-05-13,Galveston,Port Bolivar,Port Bolivar,Texas,77650,United States,coastal,https://www.airbnb.com/rooms/1070337171104271812,https://a0.muscache.com/im/pictures/prohost-api/Hosting-1070337171104271812/original/299c34ec-2316-419c-bd8f-002a0da6e785.jpeg,1070337171104271812,3813111,29.4616,-94.6113,"=AVERAGE($G$2:$G$830)","=AVERAGE($D$2:$D$830)","=IFERROR(($AT140-G140)/$AT140,0)","=IFERROR(($AU140-D140)/$AU140,0)","=$AU140-D140"
"Private Beachfront Home w/ 2 Decks, Open Plan, Neighborhood Pool & Hot Tub",Sand `N Sea Properties,,90223,96297,771.14,43.17,335,4,4,10,true,true,false,true,true,true,true,Home/Apartment,House,House/villa,4.9,12,2,21+,Luxury,false,125,true,117,28,2026-05-16,Galveston,Galveston,Galveston,Texas,77554,United States,coastal,https://www.vrbo.com/2637730,"https://media.vrbo.com/lodging/75000000/74800000/74797000/74796909/c8ae2af2.jpg?impolicy=resizecrop&rw=1200&ra=fit",,2637730,29.108778,-95.088408,"=AVERAGE($G$2:$G$830)","=AVERAGE($D$2:$D$830)","=IFERROR(($AT141-G141)/$AT141,0)","=IFERROR(($AU141-D141)/$AU141,0)","=$AU141-D141"
22 Palms: 5BR Canal Retreat W/ Pool & Hot tub!,Pacific Properties Management,,89836,109842,1151.74,31.71,326,6,4,12,true,false,false,true,true,true,true,Home/Apartment,House,House/villa,4.9,11,2,21+,Luxury,true,343,true,78,21,2026-05-17,Galveston,Galveston,Galveston,Texas,77554,United States,coastal,https://www.airbnb.com/rooms/1358272062691681552,"https://a0.muscache.com/im/pictures/hosting/Hosting-U3RheVN1cHBseUxpc3Rpbmc6MTM1ODI3MjA2MjY5MTY4MTU1Mg==/original/86d50c09-6407-4731-b33c-65b19fd07973.jpeg",1358272062691681552,4562469,29.1967,-94.9844,"=AVERAGE($G$2:$G$830)","=AVERAGE($D$2:$D$830)","=IFERROR(($AT142-G142)/$AT142,0)","=IFERROR(($AU142-D142)/$AU142,0)","=$AU142-D142"
Family Friendly Beach House in Gated Beach Resort,41819768,,89705,93897,711.94,39.38,323,4,4,14,true,false,true,true,true,true,false,Home/Apartment,Vacation home,House/villa,4.95,170,2,1,Luxury,false,355,true,126,42,2026-05-13,Galveston,Galveston,Galveston,Texas,77550,United States,coastal,https://www.airbnb.com/rooms/636224655121502611,https://a0.muscache.com/im/pictures/miso/Hosting-636224655121502611/original/223d49cf-e620-400f-97b7-35e1fa1889e7.jpeg,636224655121502611,2832424,29.3095,-94.7614,"=AVERAGE($G$2:$G$830)","=AVERAGE($D$2:$D$830)","=IFERROR(($AT143-G143)/$AT143,0)","=IFERROR(($AU143-D143)/$AU143,0)","=$AU143-D143"
"Beachtown - Steps from Beach & Pool - 5 Bedroom, 2nd Row + Beach Views, Elevator",Beachtown Realty,,89436,94785,1296.17,23.23,356,5,5,12,true,false,false,true,true,false,true,Home/Apartment,House,House/villa,4.9,24,3,21+,Luxury,false,397,true,69,20,2026-05-17,Galveston,Galveston,Galveston,Texas,77550,United States,coastal,https://www.vrbo.com/2873931,"https://media.vrbo.com/lodging/83000000/82690000/82680100/82680023/5b6d4747.jpg?impolicy=resizecrop&rw=1200&ra=fit",,2873931,29.318758,-94.750012,"=AVERAGE($G$2:$G$830)","=AVERAGE($D$2:$D$830)","=IFERROR(($AT144-G144)/$AT144,0)","=IFERROR(($AU144-D144)/$AU144,0)","=$AU144-D144"
4BR Oceanfront | Deck | Washer/Dryer,Vacasa,,89395,111771,715.16,46.64,270,4,4,8,true,false,false,true,true,false,false,Home/Apartment,House,House/villa,4.5,111,2,21+,Luxury,false,233,true,125,38,2026-03-01,Galveston,Galveston,Galveston,Texas,77554,United States,coastal,https://www.airbnb.com/rooms/53309802,https://a0.muscache.com/im/pictures/prohost-api/Hosting-53309802/original/fd95eb14-51bf-476e-ae08-53f09ca989b3.jpeg,53309802,2543578,29.15938,-95.00771,"=AVERAGE($G$2:$G$830)","=AVERAGE($D$2:$D$830)","=IFERROR(($AT145-G145)/$AT145,0)","=IFERROR(($AU145-D145)/$AU145,0)","=$AU145-D145"
Summer Breeze-Stunning ocean-front home,166411597,,88746,107918,1556.95,21.51,331,5,6,16,true,false,false,true,true,false,true,Home/Apartment,House,House/villa,4.9,33,5,2-5,Luxury,false,350,false,57,13,2023-04-12,Galveston,Galveston,Galveston,Texas,77554,United States,coastal,https://www.airbnb.com/rooms/703603455245565174,"https://a0.muscache.com/im/pictures/miso/Hosting-703603455245565174/original/e566e0b9-de7d-4e4b-be4e-fc8abb96acdc.jpeg?aki_policy=x_large",703603455245565174,2685337,29.10766,-95.09004,"=AVERAGE($G$2:$G$830)","=AVERAGE($D$2:$D$830)","=IFERROR(($AT146-G146)/$AT146,0)","=IFERROR(($AU146-D146)/$AU146,0)","=$AU146-D146"
Pet-Friendly Galveston Beach House w/ Private Pool,Pacific Properties Management,,88522,89602,686.22,46.74,361,4,3,12,true,false,false,true,true,true,true,Home/Apartment,House,House/villa,4.8,59,2,21+,Luxury,true,284,false,129,41,2026-04-28,Galveston,Galveston,Galveston,Texas,77554,United States,coastal,https://www.airbnb.com/rooms/1066843480683920483,https://a0.muscache.com/im/pictures/miso/Hosting-1066843480683920483/original/be387a08-d46c-4297-9dad-4fa10c8163b1.jpeg,1066843480683920483,3815710,29.1682,-94.9998,"=AVERAGE($G$2:$G$830)","=AVERAGE($D$2:$D$830)","=IFERROR(($AT147-G147)/$AT147,0)","=IFERROR(($AU147-D147)/$AU147,0)","=$AU147-D147"
Hot Tub | Bayfront Views | Private Dock,Southern Sands Property Management Group,,88483,99765,696.72,42.47,314,4,3,14,true,false,true,true,true,true,true,Home/Apartment,House,House/villa,4.95,33,3,21+,Luxury,true,536,true,127,37,2026-05-11,Galveston,Galveston,Galveston,Texas,77554,United States,coastal,https://www.airbnb.com/rooms/953552662612988939,https://a0.muscache.com/im/pictures/prohost-api/Hosting-953552662612988939/original/d8943529-cce1-40a6-b38b-a28be3d17b92.jpeg,953552662612988939,3548919,29.1379,-95.0609,"=AVERAGE($G$2:$G$830)","=AVERAGE($D$2:$D$830)","=IFERROR(($AT148-G148)/$AT148,0)","=IFERROR(($AU148-D148)/$AU148,0)","=$AU148-D148"
"Luxury Oceanview Home with Pool, Pet Friendly",117214522,,87934,91572,686.98,43.99,350,4,4,14,true,false,false,true,true,true,true,Home/Apartment,House,House/villa,4.9,37,4,1,Luxury,true,285,false,128,37,2026-05-13,Galveston,Port Bolivar,Port Bolivar,Texas,77650,United States,coastal,https://www.airbnb.com/rooms/1115176977997887492,https://a0.muscache.com/im/pictures/hosting/Hosting-1115176977997887492/original/b50c2ed1-7c02-45e3-b110-db830ce92335.jpeg,1115176977997887492,4228597,29.41636,-94.6993,"=AVERAGE($G$2:$G$830)","=AVERAGE($D$2:$D$830)","=IFERROR(($AT149-G149)/$AT149,0)","=IFERROR(($AU149-D149)/$AU149,0)","=$AU149-D149"
"Fully Updated Beachfront Home! Dog Friendly, Designed for Relaxation & Comfort",Sand `N Sea Properties,,87074,110162,1243.91,28.34,321,5,5,18,true,false,false,true,true,true,false,Home/Apartment,House,House/villa,4.4,5,2,21+,Luxury,false,0,true,70,18,2026-05-14,Galveston,Galveston,Galveston,Texas,77554,United States,coastal,https://www.vrbo.com/3543957,"https://media.vrbo.com/lodging/97000000/96530000/96522100/96522042/136ae4dc.jpg?impolicy=resizecrop&rw=1200&ra=fit",,3543957,29.124048,-95.066018,"=AVERAGE($G$2:$G$830)","=AVERAGE($D$2:$D$830)","=IFERROR(($AT150-G150)/$AT150,0)","=IFERROR(($AU150-D150)/$AU150,0)","=$AU150-D150"
"Luxury High-End Family Retreat, Elevator, Sleeps 14, 14-Seat Dining Table",,,87023,96495,956.3,33.83,337,5,4,14,true,true,false,true,true,false,false,Home/Apartment,House,House/villa,5,33,3,1,Luxury,false,357,true,91,22,2026-05-17,Galveston,Galveston,Galveston,Texas,77554,United States,coastal,https://www.vrbo.com/2748756,"https://media.vrbo.com/lodging/77000000/76930000/76925200/76925135/8d3e8c4f.jpg?impolicy=resizecrop&rw=1200&ra=fit",,2748756,29.230596,-94.892602,"=AVERAGE($G$2:$G$830)","=AVERAGE($D$2:$D$830)","=IFERROR(($AT151-G151)/$AT151,0)","=IFERROR(($AU151-D151)/$AU151,0)","=$AU151-D151"
Beachtown - STEPS FROM BEACH - 5 Bed/4.5 Bath - Beach Views - Elevator!,Beachtown Realty,,86272,92960,1181.81,26.45,343,5,4,12,true,false,false,true,true,false,true,Home/Apartment,House,House/villa,4.8,25,3,21+,Luxury,false,450,true,73,20,2026-05-16,Galveston,Galveston,Galveston,Texas,77550,United States,coastal,https://www.vrbo.com/1774962,"https://media.vrbo.com/lodging/42000000/41370000/41363800/41363790/94d63dbc.jpg?impolicy=resizecrop&rw=1200&ra=fit",,1774962,29.323782,-94.739566,"=AVERAGE($G$2:$G$830)","=AVERAGE($D$2:$D$830)","=IFERROR(($AT152-G152)/$AT152,0)","=IFERROR(($AU152-D152)/$AU152,0)","=$AU152-D152"
Seabatical! Home with private pool in Pointe West,Coastal Waves Vacations,,86209,95508,990.91,31.52,339,4,4,16,true,true,true,true,true,false,true,Home/Apartment,House,House/villa,4.8,25,2,21+,Luxury,false,308,true,87,28,2026-05-16,Galveston,Galveston,Galveston,Texas,77554,United States,coastal,https://www.vrbo.com/9668566ha,"https://media.vrbo.com/lodging/77000000/76370000/76367000/76366978/w3009h1847x0y0-97e87f67.jpg?impolicy=resizecrop&rw=1200&ra=fit",,9668566ha,29.108835,-95.090194,"=AVERAGE($G$2:$G$830)","=AVERAGE($D$2:$D$830)","=IFERROR(($AT153-G153)/$AT153,0)","=IFERROR(($AU153-D153)/$AU153,0)","=$AU153-D153"
Beachfront Holiday for the Family Sleeps 20!,416375563,,86168,96879,1090.73,28.73,330,6,5,16,true,false,false,true,true,true,false,Home/Apartment,House,House/villa,4.85,70,2,1,Luxury,true,0,true,79,24,2026-05-13,Galveston,Port Bolivar,Port Bolivar,Texas,77650,United States,coastal,https://www.airbnb.com/rooms/749869397428420000,https://a0.muscache.com/im/pictures/prohost-api/Hosting-749869397428420000/original/a42767e0-0004-4057-b1a9-3dcd0d3c21b0.jpeg,749869397428420000,3088636,29.4412,-94.6539,"=AVERAGE($G$2:$G$830)","=AVERAGE($D$2:$D$830)","=IFERROR(($AT154-G154)/$AT154,0)","=IFERROR(($AU154-D154)/$AU154,0)","=$AU154-D154"
Beachfront | Hot Tub l Free Cancellation,Bolivar Vacations,,86039,93865,688.31,38.46,347,4,4,16,true,false,true,true,true,false,false,Home/Apartment,House,House/villa,4.3,22,2,21+,Luxury,true,479,true,125,37,2026-05-13,Galveston,Port Bolivar,Port Bolivar,Texas,77650,United States,coastal,https://www.airbnb.com/rooms/1275350496085606322,https://a0.muscache.com/im/pictures/prohost-api/Hosting-1275350496085606322/original/36d28fd3-b44a-4666-badc-28f3c472d805.jpeg,1275350496085606322,4258809,29.44278,-94.64959,"=AVERAGE($G$2:$G$830)","=AVERAGE($D$2:$D$830)","=IFERROR(($AT155-G155)/$AT155,0)","=IFERROR(($AU155-D155)/$AU155,0)","=$AU155-D155"
Oceanfront Oasis|Sleeps 14|Pool,328949004,,85057,124168,810.07,41.67,310,4,3,14,true,false,true,true,true,false,true,Home/Apartment,House,House/villa,4.95,31,2,6-20,Luxury,false,280,false,105,29,2026-05-17,Galveston,Port Bolivar,Gilchrist,Texas,77617,United States,coastal,https://www.airbnb.com/rooms/1405754980637822713,"https://a0.muscache.com/im/pictures/hosting/Hosting-U3RheVN1cHBseUxpc3Rpbmc6MTQwNTc1NDk4MDYzNzgyMjcxMw==/original/cde09eb1-4cf5-4fd7-9750-d3d19711e29c.jpeg",1405754980637822713,4560058,29.5003,-94.5193,"=AVERAGE($G$2:$G$830)","=AVERAGE($D$2:$D$830)","=IFERROR(($AT156-G156)/$AT156,0)","=IFERROR(($AU156-D156)/$AU156,0)","=$AU156-D156"
"Beachtown - STEPS FROM BEACH & POOL - 5 Bed, 4.5 Bath",Beachtown Realty,,83623,86865,1161.43,24.74,357,5,4,12,true,false,false,true,true,false,true,Home/Apartment,House,House/villa,5,14,3,21+,Luxury,false,400,true,72,22,2026-05-16,Galveston,Galveston,Galveston,Texas,77550,United States,coastal,https://www.vrbo.com/3284126,"https://media.vrbo.com/lodging/92000000/91750000/91744600/91744569/d5fb4080.jpg?impolicy=resizecrop&rw=1200&ra=fit",,3284126,29.318842,-94.750089,"=AVERAGE($G$2:$G$830)","=AVERAGE($D$2:$D$830)","=IFERROR(($AT157-G157)/$AT157,0)","=IFERROR(($AU157-D157)/$AU157,0)","=$AU157-D157"
"Front Row | Pet-Friendly, Stunning Beach Views",Ryson Vacation Rentals,,83557,112657,870.39,33.8,318,5,3,15,true,false,false,true,true,true,true,Home/Apartment,House,House/villa,4.9,84,2,21+,Luxury,false,605,true,96,31,2026-05-14,Galveston,Galveston,Galveston,Texas,77554,United States,coastal,https://www.airbnb.com/rooms/1157557829256050609,https://a0.muscache.com/im/pictures/prohost-api/Hosting-1157557829256050609/original/1fb9d4e4-dc65-4c5c-9aeb-b0e882607ba6.jpeg,1157557829256050609,691826,29.14305,-95.03722,"=AVERAGE($G$2:$G$830)","=AVERAGE($D$2:$D$830)","=IFERROR(($AT158-G158)/$AT158,0)","=IFERROR(($AU158-D158)/$AU158,0)","=$AU158-D158"
Amazing Views from this 6 Bedroom home with elevator!,Cobb Real Estate,,82611,109525,1311.29,45.32,233,6,4,23,true,false,false,true,true,true,false,Home/Apartment,House,House/villa,4.9,19,2,21+,Luxury,false,300,true,63,10,2026-05-13,Galveston,Port Bolivar,Port Bolivar,Texas,77650,United States,coastal,https://www.vrbo.com/2284662,"https://media.vrbo.com/lodging/72000000/71660000/71658000/71657994/3c29f8a8.jpg?impolicy=resizecrop&rw=1200&ra=fit",,2284662,29.478656,-94.573982,"=AVERAGE($G$2:$G$830)","=AVERAGE($D$2:$D$830)","=IFERROR(($AT159-G159)/$AT159,0)","=IFERROR(($AU159-D159)/$AU159,0)","=$AU159-D159"
"2nd Row Dog Friendly Home w/ Gulf views, 2 Decks, Screened Area",Sand `N Sea Properties,,82471,108823,1161.56,45.51,260,5,5,12,true,false,false,true,true,true,false,Home/Apartment,House,House/villa,4.2,6,2,21+,Luxury,false,250,true,71,16,2026-05-13,Galveston,Galveston,Galveston,Texas,77554,United States,coastal,https://www.vrbo.com/2637841,"https://media.vrbo.com/lodging/75000000/74800000/74797300/74797296/27532117.jpg?impolicy=resizecrop&rw=1200&ra=fit",,2637841,29.228893,-94.894574,"=AVERAGE($G$2:$G$830)","=AVERAGE($D$2:$D$830)","=IFERROR(($AT160-G160)/$AT160,0)","=IFERROR(($AU160-D160)/$AU160,0)","=$AU160-D160"
Luxury Home: Elevator & Golf Cart steps from beach,487081225,,82303,93552,734.85,34.46,325,4,3,11,true,false,true,true,true,false,false,Home/Apartment,House,House/villa,4.95,33,2,6-20,Luxury,true,249,false,112,37,2026-05-16,Galveston,Galveston,Galveston,Texas,77554,United States,coastal,https://www.airbnb.com/rooms/1305311059343791117,https://a0.muscache.com/im/pictures/miso/Hosting-1305311059343791117/original/43027ebb-a3f8-4502-83c1-640482ad045a.jpeg,1305311059343791117,4434025,29.2290809368,-94.895561677,"=AVERAGE($G$2:$G$830)","=AVERAGE($D$2:$D$830)","=IFERROR(($AT161-G161)/$AT161,0)","=IFERROR(($AU161-D161)/$AU161,0)","=$AU161-D161"
POOL & HOT TUB!  3 Master Suites - Sleeps 22! ! !,399198435,,81878,112389,1222.06,29.26,306,6,5,16,true,false,true,true,true,true,true,Home/Apartment,House,House/villa,5,48,4,2-5,Luxury,true,550,false,67,17,2026-05-13,Galveston,Port Bolivar,Port Bolivar,Texas,77650,United States,coastal,https://www.airbnb.com/rooms/801303676790116671,https://a0.muscache.com/im/pictures/miso/Hosting-801303676790116671/original/8fde5d25-99e1-4b0b-a86b-9fa0bd5e31fb.jpeg,801303676790116671,3194087,29.472,-94.592,"=AVERAGE($G$2:$G$830)","=AVERAGE($D$2:$D$830)","=IFERROR(($AT162-G162)/$AT162,0)","=IFERROR(($AU162-D162)/$AU162,0)","=$AU162-D162"
"Pelican Wharf, Pool/Hot Tub",302559190,,81291,105793,1129.04,30.77,317,6,6,16,true,false,true,true,true,true,true,Home/Apartment,House,House/villa,4.8,85,2,21+,Luxury,true,495,true,72,22,2026-05-13,Galveston,Port Bolivar,Port Bolivar,Texas,77650,United States,coastal,https://www.airbnb.com/rooms/43848676,https://a0.muscache.com/im/pictures/prohost-api/Hosting-43848676/original/5699f3a4-5779-4a8e-8f2f-00ab7fc127d4.jpeg,43848676,1962436,29.4536,-94.6325,"=AVERAGE($G$2:$G$830)","=AVERAGE($D$2:$D$830)","=IFERROR(($AT163-G163)/$AT163,0)","=IFERROR(($AU163-D163)/$AU163,0)","=$AU163-D163"
"2 Beachfront Houses, 2 Spas l Free Cancellation",Bolivar Vacations,,81221,118402,2620.03,65.96,69,8,4,16,true,false,true,true,true,false,true,Home/Apartment,House,House/villa,0,0,2,21+,Luxury,true,768,false,31,9,2026-05-13,Galveston,Port Bolivar,Gilchrist,Texas,77617,United States,coastal,https://www.airbnb.com/rooms/1619801885770363068,https://a0.muscache.com/im/pictures/prohost-api/Hosting-1619801885770363068/original/4a5b095a-f2d7-483a-a0fe-569605345d68.jpeg,1619801885770363068,,29.49736,-94.52593,"=AVERAGE($G$2:$G$830)","=AVERAGE($D$2:$D$830)","=IFERROR(($AT164-G164)/$AT164,0)","=IFERROR(($AU164-D164)/$AU164,0)","=$AU164-D164"
"2nd Row Dog Friendly Home w/ Gulf views, Covered Deck, Close to Beach",Sand `N Sea Properties,,80980,96971,1038.21,34.06,329,4,4,14,true,false,false,true,true,true,false,Home/Apartment,House,House/villa,4.8,4,2,21+,Luxury,false,150,true,78,18,2026-05-15,Galveston,Galveston,Galveston,Texas,77554,United States,coastal,https://www.vrbo.com/2637839,"https://media.vrbo.com/lodging/75000000/74800000/74797300/74797284/3d2b2913.jpg?impolicy=resizecrop&rw=1200&ra=fit",,2637839,29.166384,-94.999313,"=AVERAGE($G$2:$G$830)","=AVERAGE($D$2:$D$830)","=IFERROR(($AT165-G165)/$AT165,0)","=IFERROR(($AU165-D165)/$AU165,0)","=$AU165-D165"
Heated Pool Oasis | 4 bdrm | Golf Cart Included!,49504667,,80920,84769,778.08,33.77,351,4,3,12,true,false,true,true,true,false,true,Home/Apartment,House,House/villa,5,69,2,2-5,Luxury,true,331,true,104,34,2026-05-13,Galveston,Galveston,Galveston,Texas,77550,United States,coastal,https://www.airbnb.com/rooms/937898189590221779,https://a0.muscache.com/im/pictures/miso/Hosting-937898189590221779/original/9858db99-7d80-4ab2-8aa4-b8de25b0f1d0.jpeg,937898189590221779,3515065,29.2933,-94.8001,"=AVERAGE($G$2:$G$830)","=AVERAGE($D$2:$D$830)","=IFERROR(($AT166-G166)/$AT166,0)","=IFERROR(($AU166-D166)/$AU166,0)","=$AU166-D166"
Beachfront Pointe West Cottage - At dune walkover!,98505392,,78674,81882,614.64,36.99,350,4,4,10,true,false,false,true,true,false,false,Home/Apartment,House,House/villa,5,274,2,2-5,Luxury,true,218,true,128,36,2026-05-13,Galveston,Galveston,Galveston,Texas,77554,United States,coastal,https://www.airbnb.com/rooms/16810759,https://a0.muscache.com/im/pictures/0ba1a296-a090-4fbd-badc-85a4ed232d6f.jpg,16810759,436571,29.1092,-95.088,"=AVERAGE($G$2:$G$830)","=AVERAGE($D$2:$D$830)","=IFERROR(($AT167-G167)/$AT167,0)","=IFERROR(($AU167-D167)/$AU167,0)","=$AU167-D167"
Texas Music House,Swedes Real Estate,,77453,129138,1139.01,33.01,287,6,6,16,true,true,false,true,true,true,true,Home/Apartment,House,House/villa,4.7,13,2,21+,Luxury,false,670,true,68,15,2026-04-06,Galveston,Port Bolivar,Port Bolivar,Texas,77650,United States,coastal,https://www.airbnb.com/rooms/1011572148618597297,https://a0.muscache.com/im/pictures/prohost-api/Hosting-1011572148618597297/original/3008553c-e1f2-49db-9564-bf93b5e7d51c.jpeg,1011572148618597297,3527826,29.4377,-94.6611,"=AVERAGE($G$2:$G$830)","=AVERAGE($D$2:$D$830)","=IFERROR(($AT168-G168)/$AT168,0)","=IFERROR(($AU168-D168)/$AU168,0)","=$AU168-D168"
"Shore Blessed, Pool, Dog Friendly",302559190,,77296,83311,757.8,46.79,337,4,4,16,true,false,false,true,true,true,true,Home/Apartment,House,House/villa,4.75,65,2,21+,Luxury,true,380,true,102,35,2026-05-16,Galveston,Port Bolivar,Port Bolivar,Texas,77650,United States,coastal,https://www.airbnb.com/rooms/46116523,https://a0.muscache.com/im/pictures/prohost-api/Hosting-46116523/original/9fbdd1c7-b45c-494b-abbd-b7c07e6be441.jpeg,46116523,2105891,29.4248,-94.687,"=AVERAGE($G$2:$G$830)","=AVERAGE($D$2:$D$830)","=IFERROR(($AT169-G169)/$AT169,0)","=IFERROR(($AU169-D169)/$AU169,0)","=$AU169-D169"
"Seaside Sanctuary | Pet Friendly, Beach Front!",Ryson Vacation Rentals by Vtrips,,77170,92296,829.78,56.36,170,4,3,14,true,false,false,true,true,true,false,Home/Apartment,House,House/villa,4.65,31,3,21+,Luxury,false,578,true,93,25,2025-11-18,Galveston,Galveston,Galveston,Texas,77554,United States,coastal,https://www.airbnb.com/rooms/49465931,https://a0.muscache.com/im/pictures/prohost-api/Hosting-49465931/original/bf06f8bc-8803-4cd8-9f00-3c51ef2a7352.jpeg,49465931,2687963,29.11653,-95.076,"=AVERAGE($G$2:$G$830)","=AVERAGE($D$2:$D$830)","=IFERROR(($AT170-G170)/$AT170,0)","=IFERROR(($AU170-D170)/$AU170,0)","=$AU170-D170"
"Beachfront, 3K + Bunk Rm, Walk Out to the Beach",Sand `N Sea Properties,,75591,113745,878.97,37.72,276,4,,12,true,false,false,true,true,true,false,Home/Apartment,Place,House/villa,4,1,2,21+,Luxury,false,523,true,86,23,2026-05-14,Galveston,Galveston,Galveston,Texas,77554,United States,coastal,https://www.airbnb.com/rooms/1407428430571028037,https://a0.muscache.com/im/pictures/prohost-api/Hosting-1407428430571028037/original/45f9ee03-80c0-418f-925e-00d8a9095693.jpeg,1407428430571028037,4515230,29.1667610786,-95.0006655746,"=AVERAGE($G$2:$G$830)","=AVERAGE($D$2:$D$830)","=IFERROR(($AT171-G171)/$AT171,0)","=IFERROR(($AU171-D171)/$AU171,0)","=$AU171-D171"
"Shore is Fine - Beachfront, AwesomeViews",Harms Real Estate,,75337,79837,710.73,39.11,340,4,2,15,true,false,false,true,true,true,false,Home/Apartment,House,House/villa,4.95,94,2,21+,Luxury,true,370,false,106,38,2026-05-13,Galveston,Port Bolivar,Port Bolivar,Texas,77650,United States,coastal,https://www.airbnb.com/rooms/45660042,https://a0.muscache.com/im/pictures/prohost-api/Hosting-45660042/original/94d42d5a-bc59-43fe-b4af-560a264acbc9.jpeg,45660042,2428446,29.4416,-94.6528,"=AVERAGE($G$2:$G$830)","=AVERAGE($D$2:$D$830)","=IFERROR(($AT172-G172)/$AT172,0)","=IFERROR(($AU172-D172)/$AU172,0)","=$AU172-D172"
"Beachfront, Pet Friendly house with unobstructed views and Gulf of Mexico",,,75291,88282,723.95,37.96,316,4,2,12,true,false,false,true,true,true,false,Home/Apartment,House,House/villa,4.7,108,2,1,Luxury,false,250,true,104,34,2026-05-17,Galveston,Galveston,Galveston,Texas,77554,United States,coastal,https://www.vrbo.com/3055107,"https://media.vrbo.com/lodging/89000000/88140000/88135600/88135511/534f103a.jpg?impolicy=resizecrop&rw=1200&ra=fit",,3055107,29.23531,-94.88279,"=AVERAGE($G$2:$G$830)","=AVERAGE($D$2:$D$830)","=IFERROR(($AT173-G173)/$AT173,0)","=IFERROR(($AU173-D173)/$AU173,0)","=$AU173-D173"
Butterfly Dunes | Direct Beach Access & Views!,Ryson Vacation Rentals,,74934,93194,832.6,73.17,123,4,3,13,true,false,false,true,true,false,false,Home/Apartment,House,House/villa,4.85,48,2,21+,Luxury,false,559,true,90,21,2025-10-21,Galveston,Galveston,Galveston,Texas,77554,United States,coastal,https://www.airbnb.com/rooms/1157536075970843907,https://a0.muscache.com/im/pictures/prohost-api/Hosting-1157536075970843907/original/94423222-a1d9-463a-94e5-9c4ab03d4ee8.jpeg,1157536075970843907,2576380,29.15994,-95.00872,"=AVERAGE($G$2:$G$830)","=AVERAGE($D$2:$D$830)","=IFERROR(($AT174-G174)/$AT174,0)","=IFERROR(($AU174-D174)/$AU174,0)","=$AU174-D174"
Hershey Beach Luxury Escape,147104565,,74898,77043,699.98,37.81,359,4,2,12,true,false,false,true,true,false,false,Home/Apartment,House,House/villa,4.8,109,2,2-5,Luxury,true,350,true,107,35,2026-05-16,Galveston,Galveston,Galveston,Texas,77554,United States,coastal,https://www.airbnb.com/rooms/33113726,https://a0.muscache.com/im/pictures/miso/Hosting-33113726/original/4b8c233d-de9c-425e-bb78-80775d5b87f4.jpeg,33113726,2397425,29.22117,-94.90578,"=AVERAGE($G$2:$G$830)","=AVERAGE($D$2:$D$830)","=IFERROR(($AT175-G175)/$AT175,0)","=IFERROR(($AU175-D175)/$AU175,0)","=$AU175-D175"
"Just Sun & Beach - Gorgeous Beachfront, has everything you need!",Cobb Real Estate,,74852,90166,623.77,45.8,310,4,3,14,false,false,false,true,true,true,false,Home/Apartment,House,House/villa,4.9,19,2,21+,Luxury,false,0,true,120,22,2026-05-17,Galveston,Port Bolivar,Port Bolivar,Texas,77650,United States,coastal,https://www.vrbo.com/2852147,"https://media.vrbo.com/lodging/80000000/79940000/79931200/79931162/6fa1005b.jpg?impolicy=resizecrop&rw=1200&ra=fit",,2852147,29.40645,-94.70586,"=AVERAGE($G$2:$G$830)","=AVERAGE($D$2:$D$830)","=IFERROR(($AT176-G176)/$AT176,0)","=IFERROR(($AU176-D176)/$AU176,0)","=$AU176-D176"
"Beachside Home w/ POOL, 2 Covered Decks - 2 Blocks to Beach, 9 mi from Downtown",Sand `N Sea Properties,,74640,92176,910.24,36.94,320,4,4,12,true,false,false,true,true,false,true,Home/Apartment,House,House/villa,5,14,2,21+,Luxury,false,150,true,82,23,2026-05-15,Galveston,Galveston,Galveston,Texas,77554,United States,coastal,https://www.vrbo.com/2573709,"https://media.vrbo.com/lodging/74000000/73510000/73506100/73506023/26b8a9dc.jpg?impolicy=resizecrop&rw=1200&ra=fit",,2573709,29.234121,-94.889481,"=AVERAGE($G$2:$G$830)","=AVERAGE($D$2:$D$830)","=IFERROR(($AT177-G177)/$AT177,0)","=IFERROR(($AU177-D177)/$AU177,0)","=$AU177-D177"
"2 Beachfront Homes, 2 Heated Pools, 2 Hot Tubs, 2 Lifts, Pet Friendly, Sleeps 48",,,74327,92120,2252.33,23.4,220,10,8,48,true,true,true,true,true,true,true,Home/Apartment,House,House/villa,5,3,3,1,Luxury,false,1097,true,33,11,2026-05-17,Galveston,Port Bolivar,Gilchrist,Texas,77617,United States,coastal,https://www.vrbo.com/4832417,"https://media.vrbo.com/lodging/121000000/120530000/120520700/120520656/8d0fda89.jpg?impolicy=resizecrop&rw=1200&ra=fit",,4832417,29.504684,-94.518059,"=AVERAGE($G$2:$G$830)","=AVERAGE($D$2:$D$830)","=IFERROR(($AT178-G178)/$AT178,0)","=IFERROR(($AU178-D178)/$AU178,0)","=$AU178-D178"
Luxury | Beachfront | Dogs OK | Fenced Yard,29711301,,73536,94323,782.3,38.06,306,4,3,14,true,false,false,true,true,true,false,Home/Apartment,House,House/villa,4.85,114,2,6-20,Luxury,true,458,false,94,28,2026-05-11,Galveston,Port Bolivar,Port Bolivar,Texas,77650,United States,coastal,https://www.airbnb.com/rooms/1084755680345659521,https://a0.muscache.com/im/pictures/prohost-api/Hosting-1084755680345659521/original/e338b501-8211-4bf3-9dc6-c91111c0eea2.jpeg,1084755680345659521,3863424,29.4534,-94.6295,"=AVERAGE($G$2:$G$830)","=AVERAGE($D$2:$D$830)","=IFERROR(($AT179-G179)/$AT179,0)","=IFERROR(($AU179-D179)/$AU179,0)","=$AU179-D179"
"#JustAWavin'- Quiet, Beautiful Beachfront, Screened Porch, with Amazing Views",Cobb Real Estate,,72991,92935,629.23,55.24,287,4,3,14,false,false,false,true,true,true,false,Home/Apartment,House,House/villa,4.9,19,2,21+,Luxury,false,0,true,116,21,2026-05-15,Galveston,Port Bolivar,Port Bolivar,Texas,77650,United States,coastal,https://www.vrbo.com/3543975,"https://media.vrbo.com/lodging/97000000/96530000/96522200/96522101/20468668.jpg?impolicy=resizecrop&rw=1200&ra=fit",,3543975,29.436092,-94.664474,"=AVERAGE($G$2:$G$830)","=AVERAGE($D$2:$D$830)","=IFERROR(($AT180-G180)/$AT180,0)","=IFERROR(($AU180-D180)/$AU180,0)","=$AU180-D180"
Beachfront + Heated Pool | 8 Bedrooms | Pets,Southern Sands Property Management Group,,72871,129976,1401.37,60.47,102,8,4,15,true,false,false,true,true,true,true,Home/Apartment,House,House/villa,5,5,5,21+,Luxury,true,639,true,52,10,2026-05-15,Galveston,Galveston,Galveston,Texas,77554,United States,coastal,https://www.airbnb.com/rooms/1527646938892282740,https://a0.muscache.com/im/pictures/prohost-api/Hosting-1527646938892282740/original/e7b58438-4bff-4c0b-a9da-a13e6c6a8f32.jpeg,1527646938892282740,4888245,29.225,-94.8997,"=AVERAGE($G$2:$G$830)","=AVERAGE($D$2:$D$830)","=IFERROR(($AT181-G181)/$AT181,0)","=IFERROR(($AU181-D181)/$AU181,0)","=$AU181-D181"
"BEACHFRONT Home -4 Bedroom 3 Bath  -Spectacular View! -Welcome large families!

",,,71771,77978,717.71,34.97,347,4,3,12,true,false,false,true,true,false,true,Home/Apartment,House,House/villa,5,85,2,1,Luxury,false,274,false,100,33,2026-05-14,Galveston,Galveston,Galveston,Texas,77554,United States,coastal,https://www.vrbo.com/2181617,"https://media.vrbo.com/lodging/64000000/63540000/63531600/63531525/1c61437c.jpg?impolicy=resizecrop&rw=1200&ra=fit",,2181617,29.12726,-95.0609,"=AVERAGE($G$2:$G$830)","=AVERAGE($D$2:$D$830)","=IFERROR(($AT182-G182)/$AT182,0)","=IFERROR(($AU182-D182)/$AU182,0)","=$AU182-D182"
"Fresh Beachfront Escape, All Bedrooms w/ Deck Access, Airy Open Plan, 2 Decks",Sand `N Sea Properties,,71649,118504,981.49,34.27,251,4,4,15,true,false,false,true,true,false,false,Home/Apartment,House,House/villa,5,7,2,21+,Luxury,false,150,true,73,22,2026-05-13,Galveston,Galveston,Galveston,Texas,77554,United States,coastal,https://www.vrbo.com/2637732,"https://media.vrbo.com/lodging/75000000/74800000/74797000/74796919/213d335b.jpg?impolicy=resizecrop&rw=1200&ra=fit",,2637732,29.222869,-94.903133,"=AVERAGE($G$2:$G$830)","=AVERAGE($D$2:$D$830)","=IFERROR(($AT183-G183)/$AT183,0)","=IFERROR(($AU183-D183)/$AU183,0)","=$AU183-D183"
Beachfront Million Dollar Views 2 King Beds Sonos,442269053,,71494,94714,841.11,51.52,165,4,3,15,true,false,false,true,true,true,false,Home/Apartment,House,House/villa,4.95,80,1,2-5,Luxury,true,295,true,85,30,2025-11-13,Galveston,Galveston,Galveston,Texas,77554,United States,coastal,https://www.airbnb.com/rooms/678151953258919653,https://a0.muscache.com/im/pictures/prohost-api/Hosting-678151953258919653/original/13521e27-174e-46fd-a22e-3a49968bd38d.jpeg,678151953258919653,2952645,29.1233134,-95.0670869,"=AVERAGE($G$2:$G$830)","=AVERAGE($D$2:$D$830)","=IFERROR(($AT184-G184)/$AT184,0)","=IFERROR(($AU184-D184)/$AU184,0)","=$AU184-D184"
My Blue Heaven -  Ocean side - Private Pool and Sp,Pointe West Vacation,,71417,95092,952.23,40.76,195,4,4,16,true,false,false,true,false,false,true,Home/Apartment,House,House/villa,5,11,1,21+,Luxury,true,384,true,75,23,2026-05-13,Galveston,Galveston,Galveston,Texas,77554,United States,coastal,https://www.airbnb.com/rooms/1096405885837726388,https://a0.muscache.com/im/pictures/prohost-api/Hosting-1096405885837726388/original/ead7fbb1-e73e-4a70-9538-0f73f4c7bac9.jpeg,1096405885837726388,3830079,29.1056,-95.0946,"=AVERAGE($G$2:$G$830)","=AVERAGE($D$2:$D$830)","=IFERROR(($AT185-G185)/$AT185,0)","=IFERROR(($AU185-D185)/$AU185,0)","=$AU185-D185"
Beachtown - Perfect Retreat Between Beach & Pool! Beach Views + Elevator,Beachtown Realty,,71317,99844,1097.18,29.02,305,5,4,12,true,false,false,true,true,false,true,Home/Apartment,House,House/villa,5,14,3,21+,Luxury,false,400,true,65,23,2026-05-16,Galveston,Galveston,Galveston,Texas,77550,United States,coastal,https://www.vrbo.com/2946079,"https://media.vrbo.com/lodging/84000000/83590000/83583100/83583093/0446fe56.jpg?impolicy=resizecrop&rw=1200&ra=fit",,2946079,29.319299,-94.749439,"=AVERAGE($G$2:$G$830)","=AVERAGE($D$2:$D$830)","=IFERROR(($AT186-G186)/$AT186,0)","=IFERROR(($AU186-D186)/$AU186,0)","=$AU186-D186"
Island by Choice | Pet-friendly + Game Room,Ryson Vacation Rentals by Vtrips,,71294,94936,1048.44,38.64,228,6,3,16,true,false,false,true,true,true,true,Home/Apartment,House,House/villa,4.6,9,3,21+,Luxury,false,770,true,68,22,2026-02-01,Galveston,Galveston,Galveston,Texas,77550,United States,coastal,https://www.airbnb.com/rooms/1426266535431300685,https://a0.muscache.com/im/pictures/prohost-api/Hosting-1426266535431300685/original/57cda3a2-6c79-4f70-aebf-2e6045568edf.jpeg,1426266535431300685,4604474,29.3180154746,-94.7725638136,"=AVERAGE($G$2:$G$830)","=AVERAGE($D$2:$D$830)","=IFERROR(($AT187-G187)/$AT187,0)","=IFERROR(($AU187-D187)/$AU187,0)","=$AU187-D187"
Beach Hanson 5 bedroom home with private pool,455629056,,71058,78329,1315.89,23.58,345,5,6,16,true,false,true,true,true,false,true,Home/Apartment,House,House/villa,4.95,57,1,2-5,Luxury,false,377,true,54,20,2026-05-17,Galveston,Port Bolivar,Port Bolivar,Texas,77650,United States,coastal,https://www.airbnb.com/rooms/611438589460871384,https://a0.muscache.com/im/pictures/miso/Hosting-611438589460871384/original/38240ddf-64b5-4733-8842-31146ed35c21.jpeg,611438589460871384,2274362,29.4666,-94.6033,"=AVERAGE($G$2:$G$830)","=AVERAGE($D$2:$D$830)","=IFERROR(($AT188-G188)/$AT188,0)","=IFERROR(($AU188-D188)/$AU188,0)","=$AU188-D188"
"Salt Water Ranch, Sleeps 12",Sand Dollar,,70874,87025,1042.26,34.52,328,4,4,12,true,false,true,true,true,false,true,Home/Apartment,House,House/villa,5,46,2,6-20,Luxury,true,515,true,68,20,2026-05-16,Galveston,Port Bolivar,Port Bolivar,Texas,77650,United States,coastal,https://www.airbnb.com/rooms/52489123,https://a0.muscache.com/im/pictures/prohost-api/Hosting-52489123/original/02c59611-87c3-41b5-aefe-b560048a380b.jpeg,52489123,2482625,29.4779,-94.5786,"=AVERAGE($G$2:$G$830)","=AVERAGE($D$2:$D$830)","=IFERROR(($AT189-G189)/$AT189,0)","=IFERROR(($AU189-D189)/$AU189,0)","=$AU189-D189"
Just Breathe Hacienda Fishing & Beach Paradise,419105783,,69556,78740,891.74,26.62,335,4,3,16,true,false,false,true,true,false,false,Home/Apartment,House,House/villa,4.95,29,2,2-5,Luxury,false,450,false,78,22,2026-05-13,Galveston,Galveston,Galveston,Texas,77554,United States,coastal,https://www.airbnb.com/rooms/51732830,https://a0.muscache.com/im/pictures/miso/Hosting-51732830/original/28129c56-a098-4a25-b43a-e588a70af279.jpeg,51732830,2825592,29.22864,-94.92007,"=AVERAGE($G$2:$G$830)","=AVERAGE($D$2:$D$830)","=IFERROR(($AT190-G190)/$AT190,0)","=IFERROR(($AU190-D190)/$AU190,0)","=$AU190-D190"
"Stunning Beachfront Home w/ 5 Suites, Free Wifi, Equipped Kitchen - Dog Friendly",Sand `N Sea Properties,,69428,73342,1084.81,33.68,333,5,5,18,true,false,false,true,true,true,false,Home/Apartment,House,House/villa,3.7,6,2,21+,Luxury,false,200,true,64,15,2026-05-13,Galveston,Galveston,Galveston,Texas,77554,United States,coastal,https://www.vrbo.com/2637767,"https://media.vrbo.com/lodging/75000000/74800000/74797100/74797036/d173482c.jpg?impolicy=resizecrop&rw=1200&ra=fit",,2637767,29.124172,-95.065931,"=AVERAGE($G$2:$G$830)","=AVERAGE($D$2:$D$830)","=IFERROR(($AT191-G191)/$AT191,0)","=IFERROR(($AU191-D191)/$AU191,0)","=$AU191-D191"
The Breeze family home 150 steps to the beach,100179277,,69269,81840,824.63,28.57,323,4,3,10,true,false,true,true,true,true,false,Home/Apartment,House,House/villa,5,40,2,2-5,Luxury,true,275,true,84,30,2026-05-16,Galveston,Galveston,Galveston,Texas,77554,United States,coastal,https://www.airbnb.com/rooms/1376324779630108267,https://a0.muscache.com/im/pictures/prohost-api/Hosting-1376324779630108267/original/e2b93484-9db1-47cb-9be1-cd34bbdabca2.jpeg,1376324779630108267,4436591,29.2335481388,-94.8878389282,"=AVERAGE($G$2:$G$830)","=AVERAGE($D$2:$D$830)","=IFERROR(($AT192-G192)/$AT192,0)","=IFERROR(($AU192-D192)/$AU192,0)","=$AU192-D192"
Shore Thing - Beach Front - Sleeps 22,Harms Real Estate,,68541,73088,737,27.93,341,4,3,16,true,false,false,true,true,true,false,Home/Apartment,Cabin,House/villa,5,17,2,21+,Luxury,true,369,false,93,35,2026-05-17,Galveston,Port Bolivar,Port Bolivar,Texas,77650,United States,coastal,https://www.airbnb.com/rooms/1395776284776025857,https://a0.muscache.com/im/pictures/prohost-api/Hosting-1395776284776025857/original/a9adbf0a-fbd9-4197-accc-e9df0604a15a.jpeg,1395776284776025857,4527957,29.4416,-94.6526,"=AVERAGE($G$2:$G$830)","=AVERAGE($D$2:$D$830)","=IFERROR(($AT193-G193)/$AT193,0)","=IFERROR(($AU193-D193)/$AU193,0)","=$AU193-D193"
Lavender Rays,545727126,,68365,68612,538.31,58.26,364,4,2,12,true,false,false,true,true,true,false,Home/Apartment,House,House/villa,4.8,26,2,1,Luxury,false,100,false,127,15,2026-03-15,Galveston,Port Bolivar,Gilchrist,Texas,77617,United States,coastal,https://www.airbnb.com/rooms/1042793188818955269,https://a0.muscache.com/im/pictures/miso/Hosting-1042793188818955269/original/e083eb51-7bb8-4585-82f0-7248e75488e1.jpeg,1042793188818955269,3753758,29.50772,-94.50176,"=AVERAGE($G$2:$G$830)","=AVERAGE($D$2:$D$830)","=IFERROR(($AT194-G194)/$AT194,0)","=IFERROR(($AU194-D194)/$AU194,0)","=$AU194-D194"
"Elevator, 2 Decks, Gulf Views all Bedrooms & More - Private Beachfront Home",Sand `N Sea Properties,,68257,73649,853.21,31.13,341,4,3,12,true,false,false,true,true,true,false,Home/Apartment,House,House/villa,5,3,2,21+,Luxury,false,135,true,80,22,2026-05-17,Galveston,Galveston,Galveston,Texas,77554,United States,coastal,https://www.vrbo.com/2637821,"https://media.vrbo.com/lodging/75000000/74800000/74797300/74797214/5b905c9a.jpg?impolicy=resizecrop&rw=1200&ra=fit",,2637821,29.121494,-95.069846,"=AVERAGE($G$2:$G$830)","=AVERAGE($D$2:$D$830)","=IFERROR(($AT195-G195)/$AT195,0)","=IFERROR(($AU195-D195)/$AU195,0)","=$AU195-D195"
Beachtown Galveston - Pet Friendly - Views from Wrap-Around Porch + Elevator,Beachtown Realty,,68178,71311,988.09,20.06,350,4,3,10,true,false,false,true,true,true,true,Home/Apartment,House,House/villa,4.9,20,2,21+,Luxury,false,447,true,69,26,2026-05-17,Galveston,Galveston,Galveston,Texas,77550,United States,coastal,https://www.vrbo.com/2587166,"https://media.vrbo.com/lodging/74000000/73790000/73780300/73780278/140ef206.jpg?impolicy=resizecrop&rw=1200&ra=fit",,2587166,29.320436,-94.749261,"=AVERAGE($G$2:$G$830)","=AVERAGE($D$2:$D$830)","=IFERROR(($AT196-G196)/$AT196,0)","=IFERROR(($AU196-D196)/$AU196,0)","=$AU196-D196"
Custom pet friendly beach house steps from beach!,Bay To Beach Properties,,68095,72016,1448.83,21.27,323,5,5,15,true,false,false,true,true,true,true,Home/Apartment,Vacation home,House/villa,5,17,3,21+,Luxury,true,576,true,47,12,2026-05-17,Galveston,Galveston,Galveston,Texas,77554,United States,coastal,https://www.airbnb.com/rooms/952312639843575561,https://a0.muscache.com/im/pictures/miso/Hosting-952312639843575561/original/bba58b62-ccaf-43dd-be00-4aa44729760d.jpeg,952312639843575561,3390902,29.1064,-95.0928,"=AVERAGE($G$2:$G$830)","=AVERAGE($D$2:$D$830)","=IFERROR(($AT197-G197)/$AT197,0)","=IFERROR(($AU197-D197)/$AU197,0)","=$AU197-D197"
"2nd Row Gulf View Home w/ 2 Decks, Board Games, 3 Kings+Bunk all w/Deck Access",Sand `N Sea Properties,,67865,76975,685.51,31.03,347,4,3,12,true,false,false,true,true,true,false,Home/Apartment,House,House/villa,4.6,5,2,21+,Luxury,false,125,true,99,23,2026-05-15,Galveston,Galveston,Galveston,Texas,77554,United States,coastal,https://www.vrbo.com/2573704,"https://media.vrbo.com/lodging/74000000/73510000/73505700/73505672/5a6d12c9.jpg?impolicy=resizecrop&rw=1200&ra=fit",,2573704,29.167649,-94.997275,"=AVERAGE($G$2:$G$830)","=AVERAGE($D$2:$D$830)","=IFERROR(($AT198-G198)/$AT198,0)","=IFERROR(($AU198-D198)/$AU198,0)","=$AU198-D198"
Beachfront Getaway in Pointe West - 4BR/4BA - Galveston,,,67262,73961,755.75,30.07,328,4,4,12,true,true,true,true,true,false,true,Home/Apartment,House,House/villa,5,13,2,1,Luxury,false,0,true,89,26,2026-05-17,Galveston,Galveston,Galveston,Texas,77554,United States,coastal,https://www.vrbo.com/4517977,"https://media.vrbo.com/lodging/115000000/114590000/114584200/114584116/f2c999de.jpg?impolicy=resizecrop&rw=1200&ra=fit",,4517977,29.108916,-95.087956,"=AVERAGE($G$2:$G$830)","=AVERAGE($D$2:$D$830)","=IFERROR(($AT199-G199)/$AT199,0)","=IFERROR(($AU199-D199)/$AU199,0)","=$AU199-D199"
"Seabreezy Lane | Spacious, Ocean Views",Ryson Vacation Rentals by Vtrips,,67155,89914,594.29,51.13,281,4,4,14,true,false,false,true,true,false,false,Home/Apartment,House,House/villa,3.45,7,2,21+,Luxury,false,572,true,113,32,2026-05-16,Galveston,Galveston,Galveston,Texas,77554,United States,coastal,https://www.airbnb.com/rooms/1405387718170075685,https://a0.muscache.com/im/pictures/prohost-api/Hosting-1405387718170075685/original/532e41eb-e914-44d9-9ec7-76f3ff911b08.jpeg,1405387718170075685,4548634,29.2342275202,-94.8885103148,"=AVERAGE($G$2:$G$830)","=AVERAGE($D$2:$D$830)","=IFERROR(($AT200-G200)/$AT200,0)","=IFERROR(($AU200-D200)/$AU200,0)","=$AU200-D200"
4BR Oasis-Private Heated Pool/Spa @ The Sea Castle,440496690,,66972,81176,720.13,31.1,317,4,2,14,true,false,false,true,true,false,true,Home/Apartment,House,House/villa,5,86,2,1,Luxury,true,300,false,93,28,2026-05-16,Galveston,Galveston,Galveston,Texas,77550,United States,coastal,https://www.airbnb.com/rooms/670890666739417155,https://a0.muscache.com/im/pictures/miso/Hosting-670890666739417155/original/61e681f0-83be-4e99-b94e-3b223c30951c.jpeg,670890666739417155,2621412,29.28862,-94.79975,"=AVERAGE($G$2:$G$830)","=AVERAGE($D$2:$D$830)","=IFERROR(($AT201-G201)/$AT201,0)","=IFERROR(($AU201-D201)/$AU201,0)","=$AU201-D201"
Paradise Vibes,500651024,,66917,71287,727.36,33.45,352,4,3,12,true,false,false,true,true,false,false,Home/Apartment,House,House/villa,4.95,36,2,2-5,Luxury,true,250,true,92,27,2026-05-16,Galveston,Port Bolivar,Port Bolivar,Texas,77650,United States,coastal,https://www.airbnb.com/rooms/834229102173674722,https://a0.muscache.com/im/pictures/miso/Hosting-834229102173674722/original/3f489656-ef64-4c2b-9588-809eb9f93575.jpeg,834229102173674722,3393596,29.4665,-94.6012,"=AVERAGE($G$2:$G$830)","=AVERAGE($D$2:$D$830)","=IFERROR(($AT202-G202)/$AT202,0)","=IFERROR(($AU202-D202)/$AU202,0)","=$AU202-D202"
"Reel in Relaxation, Your Bay Stay Awaits sleeps 16",307991828,,65919,71708,813.81,27.74,331,4,3,16,true,false,false,true,true,false,false,Home/Apartment,House,House/villa,5,105,2,2-5,Luxury,false,400,true,81,24,2026-04-28,Galveston,Galveston,Galveston,Texas,77554,United States,coastal,https://www.airbnb.com/rooms/39951828,"https://a0.muscache.com/im/pictures/hosting/Hosting-U3RheVN1cHBseUxpc3Rpbmc6Mzk5NTE4Mjg=/original/809594c1-6014-4463-8798-3162c57c0042.jpeg",39951828,1696493,29.26584,-94.87874,"=AVERAGE($G$2:$G$830)","=AVERAGE($D$2:$D$830)","=IFERROR(($AT203-G203)/$AT203,0)","=IFERROR(($AU203-D203)/$AU203,0)","=$AU203-D203"
"Moss Landing, Luxury Oceanfront",76831830,,65610,86080,1112.03,30.26,320,5,2,11,true,false,false,false,true,false,false,Home/Apartment,Cabin,House/villa,4.85,41,3,1,Luxury,false,224,true,59,16,2026-05-17,Galveston,Port Bolivar,Port Bolivar,Texas,77650,United States,coastal,https://www.airbnb.com/rooms/1136580879764375102,https://a0.muscache.com/im/pictures/hosting/Hosting-U3RheVN1cHBseUxpc3Rpbmc6MTEzNjU4MDg3OTc2NDM3NTEwMg%3D%3D/original/f6da6e38-cf06-4531-b766-0e177b4ffb65.jpeg,1136580879764375102,1575830,29.45899,-94.6201,"=AVERAGE($G$2:$G$830)","=AVERAGE($D$2:$D$830)","=IFERROR(($AT204-G204)/$AT204,0)","=IFERROR(($AU204-D204)/$AU204,0)","=$AU204-D204"
Pelicans Landing. Last Minute Deal!Txt7134259109,69446703,,65543,71812,762.13,29.35,337,4,4,14,true,false,false,true,true,true,false,Home/Apartment,House,House/villa,4.9,148,2,2-5,Luxury,true,250,false,86,30,2026-05-17,Galveston,Kemah,,Texas,,United States,coastal,https://www.airbnb.com/rooms/21184124,https://a0.muscache.com/im/pictures/b0da9a17-46f6-4647-9b06-9b59c051e40c.jpg,21184124,898162,29.54467,-95.01565,"=AVERAGE($G$2:$G$830)","=AVERAGE($D$2:$D$830)","=IFERROR(($AT205-G205)/$AT205,0)","=IFERROR(($AU205-D205)/$AU205,0)","=$AU205-D205"
Sandcastle | Beachfront & Private Walkover,Ryson Vacation Rentals,,65324,66851,806.47,31.15,352,4,3,10,true,false,false,true,true,false,false,Home/Apartment,House,House/villa,4.4,10,2,21+,Luxury,false,517,true,81,24,2026-05-14,Galveston,Galveston,Galveston,Texas,77554,United States,coastal,https://www.airbnb.com/rooms/1189283433724849246,https://a0.muscache.com/im/pictures/prohost-api/Hosting-1189283433724849246/original/99b098bc-8fa5-4375-a1f9-d44891590ccc.jpeg,1189283433724849246,4014279,29.1464064913,-95.030648957,"=AVERAGE($G$2:$G$830)","=AVERAGE($D$2:$D$830)","=IFERROR(($AT206-G206)/$AT206,0)","=IFERROR(($AU206-D206)/$AU206,0)","=$AU206-D206"
"Modern Coastal 6 BD Home | Pool, Hot Tub",44581223,,64821,88544,1473.2,23.16,198,6,6,16,true,false,true,true,true,false,true,Home/Apartment,House,House/villa,0,0,2,21+,Luxury,false,549,true,44,9,2025-05-04,Galveston,Galveston,Galveston,Texas,77554,United States,coastal,https://www.airbnb.com/rooms/1390108977143177440,https://a0.muscache.com/im/pictures/miso/Hosting-1390108977143177440/original/7b63d761-840d-4c93-81aa-89616f8046c1.png,1390108977143177440,,29.10533,-95.09464,"=AVERAGE($G$2:$G$830)","=AVERAGE($D$2:$D$830)","=IFERROR(($AT207-G207)/$AT207,0)","=IFERROR(($AU207-D207)/$AU207,0)","=$AU207-D207"
"EZ Come EZ Geaux - 4 Bedroom - 3.5 Bath - Close to beach, great views!",Cobb Real Estate,,64817,87840,654.72,53.8,278,4,3,14,false,false,false,true,true,true,false,Home/Apartment,House,House/villa,4.8,24,2,21+,Luxury,false,160,true,99,19,2026-05-15,Galveston,Port Bolivar,Port Bolivar,Texas,77650,United States,coastal,https://www.vrbo.com/1362036,"https://media.vrbo.com/lodging/28000000/27050000/27049800/27049760/55eae782.jpg?impolicy=resizecrop&rw=1200&ra=fit",,1362036,29.477879,-94.575937,"=AVERAGE($G$2:$G$830)","=AVERAGE($D$2:$D$830)","=IFERROR(($AT208-G208)/$AT208,0)","=IFERROR(($AU208-D208)/$AU208,0)","=$AU208-D208"
"LAZY DAYS - Beachfront with x-large deck, fenced yard and steps to the beach!",Cobb Real Estate,,64345,106958,699.4,77.31,163,4,3,12,false,false,false,true,true,true,false,Home/Apartment,House,House/villa,4.8,34,2,21+,Luxury,false,0,true,92,16,2026-05-14,Galveston,Port Bolivar,Port Bolivar,Texas,77650,United States,coastal,https://www.vrbo.com/2850352,"https://media.vrbo.com/lodging/80000000/79810000/79806600/79806549/bc5301e5.jpg?impolicy=resizecrop&rw=1200&ra=fit",,2850352,29.424947,-94.682561,"=AVERAGE($G$2:$G$830)","=AVERAGE($D$2:$D$830)","=IFERROR(($AT209-G209)/$AT209,0)","=IFERROR(($AU209-D209)/$AU209,0)","=$AU209-D209"
Giant Farmhouse in Santa Fe that sleeps 21,,,64278,65091,1190.33,20.85,360,7,6,31,true,false,false,false,false,false,false,Home/Apartment,Farm stay,Unique,5,3,2,1,Luxury,false,300,true,54,17,2026-05-13,Galveston,Santa Fe,Alvin,Texas,77511,United States,coastal,https://www.vrbo.com/4297323,"https://media.vrbo.com/lodging/111000000/110900000/110891300/110891243/585ab9e1.jpg?impolicy=resizecrop&rw=1200&ra=fit",,4297323,29.405926,-95.154276,"=AVERAGE($G$2:$G$830)","=AVERAGE($D$2:$D$830)","=IFERROR(($AT210-G210)/$AT210,0)","=IFERROR(($AU210-D210)/$AU210,0)","=$AU210-D210"
Casa on the Bayou |BeachBox| Huge Pool-Waterfront!,StayBeachBox,,63992,73948,1049.05,37.65,162,8,4,16,true,false,false,true,true,true,true,Home/Apartment,Villa,House/villa,4.2,12,2,21+,Luxury,false,240,true,61,20,2022-08-28,Galveston,Dickinson,Dickinson,Texas,77539,United States,coastal,https://www.airbnb.com/rooms/676747604781391286,"https://a0.muscache.com/im/pictures/miso/Hosting-676747604781391286/original/c94bd691-b2a9-41da-8cda-1bf548ded9d4.jpeg?aki_policy=x_large",676747604781391286,3731229,29.45795,-95.03643,"=AVERAGE($G$2:$G$830)","=AVERAGE($D$2:$D$830)","=IFERROR(($AT211-G211)/$AT211,0)","=IFERROR(($AU211-D211)/$AU211,0)","=$AU211-D211"
"Best Spring/June Deals Ocean Vws Family, Luxury",500339524,,63612,64284,883.5,34.45,364,4,3,12,true,false,false,true,true,false,false,Home/Apartment,House,House/villa,5,38,2,1,Luxury,false,475,false,72,18,2026-05-16,Galveston,Galveston,Galveston,Texas,77554,United States,coastal,https://www.airbnb.com/rooms/823190601544447193,https://a0.muscache.com/im/pictures/miso/Hosting-823190601544447193/original/3cb1f186-83d4-4cbf-b728-eebac7f49c31.jpeg,823190601544447193,3240007,29.2309,-94.8914,"=AVERAGE($G$2:$G$830)","=AVERAGE($D$2:$D$830)","=IFERROR(($AT212-G212)/$AT212,0)","=IFERROR(($AU212-D212)/$AU212,0)","=$AU212-D212"
"Beachside home, Steps to the sand, Striking views!",487056074,,63144,74860,1018.45,32.8,316,4,3,9,true,false,false,true,true,false,false,Home/Apartment,House,House/villa,5,40,2,1,Luxury,false,324,false,62,21,2026-05-17,Galveston,Galveston,Galveston,Texas,77554,United States,coastal,https://www.airbnb.com/rooms/756539034161016373,https://a0.muscache.com/im/pictures/ed802614-fffb-44da-928a-58c759105718.jpg,756539034161016373,2517486,29.2026,-94.9386,"=AVERAGE($G$2:$G$830)","=AVERAGE($D$2:$D$830)","=IFERROR(($AT213-G213)/$AT213,0)","=IFERROR(($AU213-D213)/$AU213,0)","=$AU213-D213"
2 Beachfront Homes | Heated Pools | Hot Tubs | 48,151947999,,62903,81656,2329.74,50,213,10,10,16,true,true,true,true,true,true,true,Home/Apartment,House,House/villa,0,0,3,6-20,Luxury,true,1300,true,27,8,2026-05-11,Galveston,Port Bolivar,Gilchrist,Texas,77617,United States,coastal,https://www.airbnb.com/rooms/1511019234843258430,"https://a0.muscache.com/im/pictures/hosting/Hosting-U3RheVN1cHBseUxpc3Rpbmc6MTUxMTAxOTIzNDg0MzI1ODQzMA==/original/b96daf39-8989-4a29-b4a3-14834ada91eb.png",1511019234843258430,,29.50281,-94.51452,"=AVERAGE($G$2:$G$830)","=AVERAGE($D$2:$D$830)","=IFERROR(($AT214-G214)/$AT214,0)","=IFERROR(($AU214-D214)/$AU214,0)","=$AU214-D214"
Bay home w/ amazing sunsets on West Galveston Bay,Bay To Beach Properties,,62247,68320,1131.76,21.74,351,5,4,15,true,false,false,true,true,false,true,Home/Apartment,House,House/villa,5,13,2,21+,Luxury,true,400,true,55,14,2026-05-16,Galveston,Galveston,Galveston,Texas,77554,United States,coastal,https://www.airbnb.com/rooms/1153705531804210827,https://a0.muscache.com/im/pictures/miso/Hosting-1153705531804210827/original/8b7d1511-e63b-43b5-a5c6-bea430b39ed1.jpeg,1153705531804210827,3981835,29.1077,-95.0984,"=AVERAGE($G$2:$G$830)","=AVERAGE($D$2:$D$830)","=IFERROR(($AT215-G215)/$AT215,0)","=IFERROR(($AU215-D215)/$AU215,0)","=$AU215-D215"
Beachtown - STEPS FROM BEACH & POOL - Elevator - 10 Min from Downtown,Beachtown Realty,,61886,65702,884.09,27.67,347,4,3,10,true,false,false,true,true,false,true,Home/Apartment,House,House/villa,5,13,3,21+,Luxury,false,400,true,70,21,2026-05-16,Galveston,Galveston,Galveston,Texas,77550,United States,coastal,https://www.vrbo.com/3484679,"https://media.vrbo.com/lodging/96000000/95760000/95753400/95753308/eb83f17f.jpg?impolicy=resizecrop&rw=1200&ra=fit",,3484679,29.319662,-94.749688,"=AVERAGE($G$2:$G$830)","=AVERAGE($D$2:$D$830)","=IFERROR(($AT216-G216)/$AT216,0)","=IFERROR(($AU216-D216)/$AU216,0)","=$AU216-D216"
"Beachfront Bliss: Steps to beach/Views, sleeps 14",Why Waite Vacation Rentals,,61277,63073,651.88,34.18,349,4,3,14,true,false,false,true,true,false,true,Home/Apartment,House,House/villa,4.8,194,2,21+,Luxury,true,344,false,94,29,2026-05-17,Galveston,Galveston,Galveston,Texas,77554,United States,coastal,https://www.airbnb.com/rooms/879828415735497090,https://a0.muscache.com/im/pictures/prohost-api/Hosting-879828415735497090/original/d604ffb9-47ab-4f17-bc27-82ae4baf826a.jpeg,879828415735497090,2253187,29.1101,-95.086,"=AVERAGE($G$2:$G$830)","=AVERAGE($D$2:$D$830)","=IFERROR(($AT217-G217)/$AT217,0)","=IFERROR(($AU217-D217)/$AU217,0)","=$AU217-D217"
Rise and Shine | Beach | Pools | Luxury | by Rose,166916250,,60718,63740,843.31,32,345,4,4,12,true,false,false,true,true,false,true,Home/Apartment,House,House/villa,4.95,41,2,21+,Luxury,true,509,true,72,23,2026-05-13,Galveston,Galveston,Galveston,Texas,77554,United States,coastal,https://www.airbnb.com/rooms/584210797795965333,https://a0.muscache.com/im/pictures/prohost-api/Hosting-584210797795965333/original/c861fdf8-4b96-4aeb-8447-ae28f9d1524f.jpeg,584210797795965333,3846325,29.1048,-95.096,"=AVERAGE($G$2:$G$830)","=AVERAGE($D$2:$D$830)","=IFERROR(($AT218-G218)/$AT218,0)","=IFERROR(($AU218-D218)/$AU218,0)","=$AU218-D218"
Luxury Private Pool Oasis + Casita + $25/Day Gas,332197439,,60616,65441,606.16,34.84,319,4,4,10,true,true,false,true,true,true,true,Home/Apartment,House,House/villa,4.95,29,1,6-20,Luxury,true,299,true,100,35,2026-05-15,Galveston,Galveston,Galveston,Texas,77550,United States,coastal,https://www.airbnb.com/rooms/1454617315718656594,https://a0.muscache.com/im/pictures/prohost-api/Hosting-1454617315718656594/original/aa5ebf82-7d13-40bc-9797-33c60f5ae6c5.jpeg,1454617315718656594,4671288,29.29447,-94.7895,"=AVERAGE($G$2:$G$830)","=AVERAGE($D$2:$D$830)","=IFERROR(($AT219-G219)/$AT219,0)","=IFERROR(($AU219-D219)/$AU219,0)","=$AU219-D219"
Galveston's Best,275824523,,60193,87157,885.19,39.53,265,4,4,14,true,false,true,true,true,false,false,Home/Apartment,House,House/villa,4.8,23,2,1,Luxury,true,550,false,68,20,2026-05-13,Galveston,Galveston,Galveston,Texas,77554,United States,coastal,https://www.airbnb.com/rooms/1267440526347702028,https://a0.muscache.com/im/pictures/hosting/Hosting-1267440526347702028/original/fe447910-a092-410c-b211-c54c89771ba0.jpeg,1267440526347702028,5027710,29.1694,-94.9927,"=AVERAGE($G$2:$G$830)","=AVERAGE($D$2:$D$830)","=IFERROR(($AT220-G220)/$AT220,0)","=IFERROR(($AU220-D220)/$AU220,0)","=$AU220-D220"
Bayfront Hot Tub Elevator PW Resort  Bit of Heaven,49874190,,60030,81147,1250.62,21.15,325,6,5,15,true,false,true,true,true,false,true,Home/Apartment,House,House/villa,5,79,2,2-5,Luxury,true,500,false,48,12,2026-05-16,Galveston,Galveston,Galveston,Texas,77554,United States,coastal,https://www.airbnb.com/rooms/38755626,https://a0.muscache.com/im/pictures/855d344f-8fdb-4a1c-80f5-10f998623d82.jpg,38755626,862828,29.10893,-95.10251,"=AVERAGE($G$2:$G$830)","=AVERAGE($D$2:$D$830)","=IFERROR(($AT221-G221)/$AT221,0)","=IFERROR(($AU221-D221)/$AU221,0)","=$AU221-D221"
Walk to Galveston Beach: Family Gem w/ Balconies!,Evolve,,59637,60719,655.35,31.71,299,4,4,12,true,false,false,true,true,false,false,Home/Apartment,House,House/villa,5,126,2,21+,Luxury,false,427,true,91,31,2026-05-16,Galveston,Galveston,Galveston,Texas,77554,United States,coastal,https://www.airbnb.com/rooms/508572990490135983,https://a0.muscache.com/im/pictures/prohost-api/Hosting-508572990490135983/original/0592fbd3-879b-4af7-9897-c7a6e118383a.jpeg,508572990490135983,9634906ha,29.2337,-94.8896,"=AVERAGE($G$2:$G$830)","=AVERAGE($D$2:$D$830)","=IFERROR(($AT222-G222)/$AT222,0)","=IFERROR(($AU222-D222)/$AU222,0)","=$AU222-D222"
"Beachfront w/ Dune Walkover, Gulf Views from Every Room, Large Patio",Sand `N Sea Properties,,59510,129828,762.95,78,134,4,3,12,true,false,false,true,true,true,false,Home/Apartment,House,House/villa,4.5,2,2,21+,Luxury,false,125,true,78,15,2026-05-14,Galveston,Galveston,Galveston,Texas,77554,United States,coastal,https://www.vrbo.com/2637773,"https://media.vrbo.com/lodging/75000000/74800000/74797100/74797055/288437a9.jpg?impolicy=resizecrop&rw=1200&ra=fit",,2637773,29.12125,-95.070205,"=AVERAGE($G$2:$G$830)","=AVERAGE($D$2:$D$830)","=IFERROR(($AT223-G223)/$AT223,0)","=IFERROR(($AU223-D223)/$AU223,0)","=$AU223-D223"
Lux Waterfront Home W/ Private Pier + Deck,657299784,,59402,73966,900.03,35.48,205,4,3,14,true,false,false,true,true,false,false,Home/Apartment,House,House/villa,5,12,2,2-5,Luxury,true,350,true,66,25,2026-05-16,Galveston,Galveston,Galveston,Texas,77554,United States,coastal,https://www.airbnb.com/rooms/1268174241663123658,https://a0.muscache.com/im/pictures/miso/Hosting-1268174241663123658/original/28e22599-c7bf-4623-b260-40ec49c7f191.jpeg,1268174241663123658,4340336,29.2859,-94.856,"=AVERAGE($G$2:$G$830)","=AVERAGE($D$2:$D$830)","=IFERROR(($AT224-G224)/$AT224,0)","=IFERROR(($AU224-D224)/$AU224,0)","=$AU224-D224"
"Updated Beachfront Home w/ Open Plan, Near Access",Sand `N Sea Properties,,59234,142065,987.23,28.99,260,5,3,15,true,false,false,true,true,false,false,Home/Apartment,House,House/villa,5,7,2,21+,Luxury,false,569,true,60,17,2026-05-13,Galveston,Galveston,Galveston,Texas,77554,United States,coastal,https://www.airbnb.com/rooms/1360856822390455789,https://a0.muscache.com/im/pictures/prohost-api/Hosting-1360856822390455789/original/271d73ee-abc7-4a4d-a1c8-8667c3822ba1.jpeg,1360856822390455789,2637768,29.21479,-94.91838,"=AVERAGE($G$2:$G$830)","=AVERAGE($D$2:$D$830)","=IFERROR(($AT225-G225)/$AT225,0)","=IFERROR(($AU225-D225)/$AU225,0)","=$AU225-D225"
Bayfront Retreat,Galveston Island Resort Rentals,,59129,94714,635.8,32.18,299,4,3,12,true,false,false,true,false,false,false,Home/Apartment,House,House/villa,4.85,30,30,21+,Luxury,false,545,true,93,26,2025-06-04,Galveston,Galveston,Galveston,Texas,77554,United States,coastal,https://www.airbnb.com/rooms/929003016730108804,https://a0.muscache.com/im/pictures/prohost-api/Hosting-929003016730108804/original/d4404fe9-8c32-4fa0-b1b9-4c891d32c3c8.jpeg,929003016730108804,3465428,29.200277,-94.98907,"=AVERAGE($G$2:$G$830)","=AVERAGE($D$2:$D$830)","=IFERROR(($AT226-G226)/$AT226,0)","=IFERROR(($AU226-D226)/$AU226,0)","=$AU226-D226"
BEACHFRONT Beach House Galveston STUNNING VIEWS,100955965,,58872,59428,1201.47,26.34,364,5,4,14,true,false,false,true,true,false,false,Home/Apartment,House,House/villa,4.85,130,2,1,Luxury,false,0,false,49,16,2026-05-17,Galveston,Galveston,Galveston,Texas,77554,United States,coastal,https://www.airbnb.com/rooms/15646780,https://a0.muscache.com/im/pictures/hosting/Hosting-U3RheVN1cHBseUxpc3Rpbmc6MTU2NDY3ODA%3D/original/a4d6c6f5-1070-4d8a-800a-3b072732cf15.png,15646780,,29.22046,-94.90669,"=AVERAGE($G$2:$G$830)","=AVERAGE($D$2:$D$830)","=IFERROR(($AT227-G227)/$AT227,0)","=IFERROR(($AU227-D227)/$AU227,0)","=$AU227-D227"
"Shore Fun w/ Elevator, Ramp, Great Gulf Views",Sand `N Sea Properties,,58599,134261,610.41,63.16,200,4,3,12,true,false,false,true,true,true,true,Home/Apartment,House,House/villa,4.5,7,2,21+,Luxury,false,420,true,96,23,2026-05-16,Galveston,Galveston,Galveston,Texas,77554,United States,coastal,https://www.airbnb.com/rooms/1360858081006104562,https://a0.muscache.com/im/pictures/prohost-api/Hosting-1360858081006104562/original/d6eb68cf-8aea-4889-ba20-80cdbad56ecd.jpeg,1360858081006104562,2637794,29.1319596684,-95.0532344225,"=AVERAGE($G$2:$G$830)","=AVERAGE($D$2:$D$830)","=IFERROR(($AT228-G228)/$AT228,0)","=IFERROR(($AU228-D228)/$AU228,0)","=$AU228-D228"
Beachfront Blessing - Stunning  beachfront in gated community - 4 bedrooms.,Cobb Real Estate,,58422,68355,859.15,41.72,253,4,5,10,true,false,false,true,true,false,false,Home/Apartment,House,House/villa,4.8,4,2,21+,Luxury,false,0,true,68,16,2026-01-16,Galveston,Port Bolivar,Port Bolivar,Texas,77650,United States,coastal,https://www.vrbo.com/4500686,"https://media.vrbo.com/lodging/115000000/114300000/114296100/114296010/79ff9727.jpg?impolicy=resizecrop&rw=1200&ra=fit",,4500686,29.40618,-94.706,"=AVERAGE($G$2:$G$830)","=AVERAGE($D$2:$D$830)","=IFERROR(($AT229-G229)/$AT229,0)","=IFERROR(($AU229-D229)/$AU229,0)","=$AU229-D229"
Sunset Bay|BeachBox|Bayfront|Boat Slip!|Great View,StayBeachBox,,58019,58019,690.7,43.3,194,4,5,16,true,false,false,true,true,true,true,Home/Apartment,House,House/villa,4.5,188,2,21+,Luxury,false,195,false,84,26,2024-05-04,Galveston,Galveston,Galveston,Texas,77554,United States,coastal,https://www.airbnb.com/rooms/1141344283079329522,"https://a0.muscache.com/im/pictures/prohost-api/Hosting-1141344283079329522/original/77a2e611-d7b7-48cb-addb-c57475345fc0.jpeg?aki_policy=x_large",1141344283079329522,1317945,29.1367040916,-95.0624160361,"=AVERAGE($G$2:$G$830)","=AVERAGE($D$2:$D$830)","=IFERROR(($AT230-G230)/$AT230,0)","=IFERROR(($AU230-D230)/$AU230,0)","=$AU230-D230"
Ocean View l Pool Table l Free Cancellation,Bolivar Vacations,,57852,70211,672.7,32.21,323,4,2,16,true,false,false,true,true,true,false,Home/Apartment,House,House/villa,5,6,2,21+,Luxury,true,384,true,86,27,2026-05-17,Galveston,Port Bolivar,Gilchrist,Texas,77617,United States,coastal,https://www.airbnb.com/rooms/1380662411027099551,https://a0.muscache.com/im/pictures/prohost-api/Hosting-1380662411027099551/original/fbc5b243-b28e-40ef-b3f6-a151e8faab1b.jpeg,1380662411027099551,4489982,29.4934898693,-94.5369715997,"=AVERAGE($G$2:$G$830)","=AVERAGE($D$2:$D$830)","=IFERROR(($AT231-G231)/$AT231,0)","=IFERROR(($AU231-D231)/$AU231,0)","=$AU231-D231"
Beachtown - STEPS FROM BEACH - 1 Story + Elevator + Golf Cart + Pet Friendly!,Beachtown Realty,,57625,62505,873.11,27.05,345,4,3,10,true,false,false,true,true,true,true,Home/Apartment,House,House/villa,4.9,49,3,21+,Luxury,false,400,true,66,20,2026-05-16,Galveston,Galveston,Galveston,Texas,77550,United States,coastal,https://www.vrbo.com/1447094,"https://media.vrbo.com/lodging/35000000/34460000/34454800/34454721/fbf0f7ce.jpg?impolicy=resizecrop&rw=1200&ra=fit",,1447094,29.324097,-94.742142,"=AVERAGE($G$2:$G$830)","=AVERAGE($D$2:$D$830)","=IFERROR(($AT232-G232)/$AT232,0)","=IFERROR(($AU232-D232)/$AU232,0)","=$AU232-D232"
LIME IN THE COCONUT,77008785,,57539,71620,1224.23,41.59,325,5,4,16,true,false,false,true,true,false,false,Home/Apartment,House,House/villa,4.85,108,2,6-20,Luxury,false,350,true,47,11,2026-05-17,Galveston,Port Bolivar,Port Bolivar,Texas,77650,United States,coastal,https://www.airbnb.com/rooms/17924078,https://a0.muscache.com/im/pictures/7f394aeb-2a15-4db3-b8a2-55fc99beb984.jpg,17924078,1038511,29.4664,-94.6021,"=AVERAGE($G$2:$G$830)","=AVERAGE($D$2:$D$830)","=IFERROR(($AT233-G233)/$AT233,0)","=IFERROR(($AU233-D233)/$AU233,0)","=$AU233-D233"
Unobstructed First Row Beach Access Sleeps 16+,100812802,,57191,61470,714.89,27.4,346,4,3,16,true,false,false,true,true,true,false,Home/Apartment,House,House/villa,4.9,75,3,1,Luxury,false,298,false,80,24,2026-05-16,Galveston,Galveston,Galveston,Texas,77554,United States,coastal,https://www.airbnb.com/rooms/15633664,https://a0.muscache.com/im/pictures/miso/Hosting-15633664/original/cd42b6a6-8820-4b2d-954a-1d45a3394424.jpeg,15633664,,29.17477,-94.98337,"=AVERAGE($G$2:$G$830)","=AVERAGE($D$2:$D$830)","=IFERROR(($AT234-G234)/$AT234,0)","=IFERROR(($AU234-D234)/$AU234,0)","=$AU234-D234"
2nd Row | Seaviews | 2 Kitchens | Small Dogs OK,29711301,,57163,58384,772.47,24.26,352,4,3,16,true,false,false,true,true,true,false,Home/Apartment,House,House/villa,5,63,2,6-20,Luxury,true,502,false,74,21,2026-05-17,Galveston,Port Bolivar,Port Bolivar,Texas,77650,United States,coastal,https://www.airbnb.com/rooms/1084755693947282100,https://a0.muscache.com/im/pictures/prohost-api/Hosting-1084755693947282100/original/a5bb2883-1d16-4863-b8ab-6676507fe641.jpeg,1084755693947282100,3863425,29.4534,-94.631,"=AVERAGE($G$2:$G$830)","=AVERAGE($D$2:$D$830)","=IFERROR(($AT235-G235)/$AT235,0)","=IFERROR(($AU235-D235)/$AU235,0)","=$AU235-D235"
Ariel  Beachfront House,33783575,,56910,58346,790.42,24.91,358,4,2,12,true,false,false,true,true,false,true,Home/Apartment,House,House/villa,4.9,106,1,1,Luxury,false,0,false,72,19,2025-01-15,Galveston,Galveston,Galveston,Texas,77554,United States,coastal,https://www.airbnb.com/rooms/1083363303156858279,https://a0.muscache.com/im/pictures/miso/Hosting-1083363303156858279/original/bec2bae6-b3d5-4893-9ff6-6e1c4dd7538b.jpeg,1083363303156858279,7012416ha,29.1307,-95.0554,"=AVERAGE($G$2:$G$830)","=AVERAGE($D$2:$D$830)","=IFERROR(($AT236-G236)/$AT236,0)","=IFERROR(($AU236-D236)/$AU236,0)","=$AU236-D236"
"Designer interior, New Const, 4 Decks, Dog Friendly - The Blue Crab",Sand `N Sea Properties,,56737,82669,961.64,27.83,290,4,4,12,true,false,false,true,true,true,false,Home/Apartment,House,House/villa,5,2,2,21+,Luxury,false,0,true,59,19,2026-05-16,Galveston,Galveston,Galveston,Texas,77554,United States,coastal,https://www.vrbo.com/3862035,"https://media.vrbo.com/lodging/103000000/102490000/102487400/102487348/b76db6a4.jpg?impolicy=resizecrop&rw=1200&ra=fit",,3862035,29.231234,-94.891435,"=AVERAGE($G$2:$G$830)","=AVERAGE($D$2:$D$830)","=IFERROR(($AT237-G237)/$AT237,0)","=IFERROR(($AU237-D237)/$AU237,0)","=$AU237-D237"
"Elevator, Beach & Bay Deck Views, Steps from Beach",Sand `N Sea Properties,,56662,84416,1317.72,27.39,314,5,4,14,true,true,true,true,true,false,true,Home/Apartment,House,House/villa,5,1,2,21+,Luxury,false,580,true,43,11,2026-05-15,Galveston,Galveston,Galveston,Texas,77554,United States,coastal,https://www.airbnb.com/rooms/1445665059358866641,https://a0.muscache.com/im/pictures/prohost-api/Hosting-1445665059358866641/original/b7112532-5a78-4c1c-a967-45950b009c6c.jpeg,1445665059358866641,3725028,29.1032575533,-95.0962577279,"=AVERAGE($G$2:$G$830)","=AVERAGE($D$2:$D$830)","=IFERROR(($AT238-G238)/$AT238,0)","=IFERROR(($AU238-D238)/$AU238,0)","=$AU238-D238"
"Beautiful New Beach House, Beach and Bay views",33591375,,56650,65798,735.71,52.74,190,4,4,14,true,true,false,true,true,false,true,Home/Apartment,House,House/villa,5,34,3,1,Luxury,false,300,false,77,13,2026-05-16,Galveston,Galveston,Galveston,Texas,77554,United States,coastal,https://www.airbnb.com/rooms/46848231,https://a0.muscache.com/im/pictures/f02c6883-8254-4f8c-8fa2-582d82a48f90.jpg,46848231,,29.10601,-95.09278,"=AVERAGE($G$2:$G$830)","=AVERAGE($D$2:$D$830)","=IFERROR(($AT239-G239)/$AT239,0)","=IFERROR(($AU239-D239)/$AU239,0)","=$AU239-D239"
"Beachfront Retreat 9BR, Pool, Mini-golf, hot tub",Bolivar Vacations,,56447,63465,1525.59,39.78,104,9,7,16,true,false,true,true,true,true,true,Home/Apartment,House,House/villa,4.9,8,2,21+,Luxury,true,602,false,37,12,2026-05-11,Galveston,Port Bolivar,Gilchrist,Texas,77617,United States,coastal,https://www.airbnb.com/rooms/1595172005095420305,https://a0.muscache.com/im/pictures/prohost-api/Hosting-1595172005095420305/original/10a6b97c-f6ba-48bd-958f-db79f0063517.jpeg,1595172005095420305,5038352,29.49931,-94.52653,"=AVERAGE($G$2:$G$830)","=AVERAGE($D$2:$D$830)","=IFERROR(($AT240-G240)/$AT240,0)","=IFERROR(($AU240-D240)/$AU240,0)","=$AU240-D240"
"The Sunrise Oasis w/ Heated Swimming Pool, decks",341797172,,56130,63387,748.4,27.99,336,4,2,14,true,false,false,true,true,true,true,Home/Apartment,House,House/villa,4.9,282,2,2-5,Luxury,true,200,false,75,27,2026-01-12,Galveston,Galveston,Galveston,Texas,77550,United States,coastal,https://www.airbnb.com/rooms/42925322,https://a0.muscache.com/im/pictures/711a10a8-717c-4d4c-84e5-7bb0ae37575a.jpg,42925322,4050506ha,29.29275,-94.78983,"=AVERAGE($G$2:$G$830)","=AVERAGE($D$2:$D$830)","=IFERROR(($AT241-G241)/$AT241,0)","=IFERROR(($AU241-D241)/$AU241,0)","=$AU241-D241"
"Pool, 2 Boat Slips, Grill, Smoker, Deck over Canal",Sand `N Sea Properties,,55837,136696,979.6,42.54,237,4,3,12,true,false,false,true,true,true,true,Home/Apartment,House,House/villa,4.8,5,2,21+,Luxury,false,523,true,57,16,2026-05-17,Galveston,Galveston,Galveston,Texas,77554,United States,coastal,https://www.airbnb.com/rooms/1353633404590706771,https://a0.muscache.com/im/pictures/prohost-api/Hosting-1353633404590706771/original/14565f2d-563b-4de9-a035-4642871f9d70.jpeg,1353633404590706771,3616533,29.19863,-94.98724,"=AVERAGE($G$2:$G$830)","=AVERAGE($D$2:$D$830)","=IFERROR(($AT242-G242)/$AT242,0)","=IFERROR(($AU242-D242)/$AU242,0)","=$AU242-D242"
Beachtown - STEPS FROM BEACH - Stunning Designer Home - Elevator - 5 Bd/4.5 Bath,Beachtown Realty,,55730,63383,1238.44,23.44,335,5,4,12,true,false,false,true,true,false,true,Home/Apartment,House,House/villa,4.7,6,3,21+,Luxury,false,399,true,45,13,2026-05-16,Galveston,Galveston,Galveston,Texas,77550,United States,coastal,https://www.vrbo.com/3284113,"https://media.vrbo.com/lodging/92000000/91750000/91744500/91744479/431087f5.jpg?impolicy=resizecrop&rw=1200&ra=fit",,3284113,29.323885,-94.743195,"=AVERAGE($G$2:$G$830)","=AVERAGE($D$2:$D$830)","=IFERROR(($AT243-G243)/$AT243,0)","=IFERROR(($AU243-D243)/$AU243,0)","=$AU243-D243"
Family beach escape w/ pool & hot tub,534824055,,54926,94115,963.61,68.67,84,4,2,14,true,false,true,true,true,false,true,Home/Apartment,House,House/villa,4.95,57,2,1,Luxury,true,310,false,57,17,2025-09-02,Galveston,Galveston,Galveston,Texas,77554,United States,coastal,https://www.airbnb.com/rooms/1006632396442005798,https://a0.muscache.com/im/pictures/miso/Hosting-1006632396442005798/original/50d61c1e-fe5c-4297-8d67-1203ee3d3956.jpeg,1006632396442005798,3758318,29.14177,-95.04989,"=AVERAGE($G$2:$G$830)","=AVERAGE($D$2:$D$830)","=IFERROR(($AT244-G244)/$AT244,0)","=IFERROR(($AU244-D244)/$AU244,0)","=$AU244-D244"
Stylish Home w/ Amazing Views-Close to Beach & Bay,26489128,,54916,103315,646.07,70.25,125,4,4,14,true,false,false,true,true,true,false,Home/Apartment,House,House/villa,4.95,45,2,1,Luxury,false,150,true,85,6,2025-11-21,Galveston,Galveston,Galveston,Texas,77554,United States,coastal,https://www.airbnb.com/rooms/871750650881880321,https://a0.muscache.com/im/pictures/miso/Hosting-871750650881880321/original/14e6dee4-4ac6-4d4c-afaf-bad9313b7773.jpeg,871750650881880321,3395791,29.17412,-94.9966,"=AVERAGE($G$2:$G$830)","=AVERAGE($D$2:$D$830)","=IFERROR(($AT245-G245)/$AT245,0)","=IFERROR(($AU245-D245)/$AU245,0)","=$AU245-D245"
"Just One More Day - Beachfront, family friendly beach, a must see!!",Cobb Real Estate,,54857,86851,677.25,51.92,249,4,3,18,false,false,false,true,true,false,false,Home/Apartment,House,House/villa,4.8,49,2,21+,Luxury,false,120,true,81,16,2026-05-17,Galveston,Port Bolivar,Port Bolivar,Texas,77650,United States,coastal,https://www.vrbo.com/693242,"https://media.vrbo.com/lodging/22000000/21630000/21621400/21621372/da40c589.jpg?impolicy=resizecrop&rw=1200&ra=fit",,693242,29.411335,-94.700993,"=AVERAGE($G$2:$G$830)","=AVERAGE($D$2:$D$830)","=IFERROR(($AT246-G246)/$AT246,0)","=IFERROR(($AU246-D246)/$AU246,0)","=$AU246-D246"
Willowynn Wedding & Events On-site Accommodations,94673529,,54410,65061,777.29,31.82,339,7,2,16,true,false,false,true,true,true,false,Home/Apartment,House,House/villa,5,12,2,1,Luxury,false,300,false,70,13,2026-05-13,Galveston,Santa Fe,Alvin,Texas,77511,United States,coastal,https://www.airbnb.com/rooms/47903148,https://a0.muscache.com/im/pictures/hosting/Hosting-U3RheVN1cHBseUxpc3Rpbmc6NDc5MDMxNDg%3D/original/6cbb1331-6909-48b7-8c14-bc6b678b4224.jpeg,47903148,2404048,29.40698,-95.1508,"=AVERAGE($G$2:$G$830)","=AVERAGE($D$2:$D$830)","=IFERROR(($AT247-G247)/$AT247,0)","=IFERROR(($AU247-D247)/$AU247,0)","=$AU247-D247"
"4BR Beachfront | Hot Tub, Game Room & Ocean Views",Kindred Properties,,54369,55527,1025.83,38.41,139,4,4,16,true,false,false,true,true,false,false,Home/Apartment,House,House/villa,4.9,34,2,6-20,Luxury,true,345,true,53,15,2025-06-14,Galveston,Port Bolivar,Port Bolivar,Texas,77650,United States,coastal,https://www.airbnb.com/rooms/1026730775962677125,https://a0.muscache.com/im/pictures/prohost-api/Hosting-1026730775962677125/original/1e9cc030-3e56-4e61-beaf-dc118b4cfc16.png,1026730775962677125,3729003,29.44498,-94.64803,"=AVERAGE($G$2:$G$830)","=AVERAGE($D$2:$D$830)","=IFERROR(($AT248-G248)/$AT248,0)","=IFERROR(($AU248-D248)/$AU248,0)","=$AU248-D248"
"Stunning! Custom Built! Beach, Just Steps Away",49874190,,53996,54201,771.37,27.34,364,4,3,10,true,false,false,true,true,false,false,Home/Apartment,House,House/villa,5,121,2,2-5,Luxury,true,300,false,70,24,2024-04-19,Galveston,Galveston,Galveston,Texas,77550,United States,coastal,https://www.airbnb.com/rooms/9645944,"https://a0.muscache.com/im/pictures/6adf24cb-ec52-407e-80e7-8f181cbe51b8.jpg?aki_policy=x_large",9645944,670472,29.32035,-94.7507,"=AVERAGE($G$2:$G$830)","=AVERAGE($D$2:$D$830)","=IFERROR(($AT249-G249)/$AT249,0)","=IFERROR(($AU249-D249)/$AU249,0)","=$AU249-D249"
"4 Suites, Covered Decks, 2nd Row, EZ Beach Access",Sand `N Sea Properties,,53981,68465,739.47,29.2,320,4,4,12,true,false,false,true,true,false,false,Home/Apartment,House,House/villa,5,4,2,21+,Luxury,false,274,true,73,20,2026-05-16,Galveston,Galveston,Galveston,Texas,77554,United States,coastal,https://www.airbnb.com/rooms/1361566846272368962,https://a0.muscache.com/im/pictures/prohost-api/Hosting-1361566846272368962/original/14f59b42-e5ae-4627-bbad-6e43230b00bc.jpeg,1361566846272368962,2637721,29.232472083,-94.8904517932,"=AVERAGE($G$2:$G$830)","=AVERAGE($D$2:$D$830)","=IFERROR(($AT250-G250)/$AT250,0)","=IFERROR(($AU250-D250)/$AU250,0)","=$AU250-D250"
"Big Beachfront Luxury Home w/ 5 Suites +Loft, Chef's Kitchen, Private Walkover",Sand `N Sea Properties,,53782,154604,1344.55,37.38,198,5,5,10,true,false,false,true,true,false,false,Home/Apartment,House,House/villa,5,1,6,21+,Luxury,false,275,true,40,10,2026-05-16,Galveston,Galveston,Galveston,Texas,77554,United States,coastal,https://www.vrbo.com/2637815,"https://media.vrbo.com/lodging/75000000/74800000/74797200/74797200/5c9f8fbb.jpg?impolicy=resizecrop&rw=1200&ra=fit",,2637815,29.150307,-95.025259,"=AVERAGE($G$2:$G$830)","=AVERAGE($D$2:$D$830)","=IFERROR(($AT251-G251)/$AT251,0)","=IFERROR(($AU251-D251)/$AU251,0)","=$AU251-D251"
"Elevator, Deck-Level Hot Tub, Game Room, Pet Friendly, Easy Walk to Beach",Sand `N Sea Properties,,53745,70449,1033.56,20.88,305,5,5,16,true,false,true,true,true,true,false,Home/Apartment,House,House/villa,4.5,2,2,21+,Luxury,false,0,true,52,17,2026-05-14,Galveston,Galveston,Galveston,Texas,77554,United States,coastal,https://www.vrbo.com/4583376,"https://media.vrbo.com/lodging/117000000/116120000/116112100/116112057/65ce2736.jpg?impolicy=resizecrop&rw=1200&ra=fit",,4583376,29.202956,-94.940131,"=AVERAGE($G$2:$G$830)","=AVERAGE($D$2:$D$830)","=IFERROR(($AT252-G252)/$AT252,0)","=IFERROR(($AU252-D252)/$AU252,0)","=$AU252-D252"
No Cleaning Fee! The Pelican’s Nest,139686703,,53735,55164,655.3,25.47,344,4,3,12,true,false,false,true,true,true,false,Home/Apartment,House,House/villa,4.55,107,2,2-5,Luxury,false,0,false,82,33,2026-05-14,Galveston,Galveston,Galveston,Texas,77554,United States,coastal,https://www.airbnb.com/rooms/577032276115471571,https://a0.muscache.com/im/pictures/miso/Hosting-577032276115471571/original/0938a553-5d8f-47ad-87d9-032152684d2e.jpeg,577032276115471571,2791945,29.20173,-94.94057,"=AVERAGE($G$2:$G$830)","=AVERAGE($D$2:$D$830)","=IFERROR(($AT253-G253)/$AT253,0)","=IFERROR(($AU253-D253)/$AU253,0)","=$AU253-D253"
Sea It All | Beachfront | 2 King Primary's,29711301,,53304,55010,710.72,24.75,348,4,4,16,true,false,false,true,true,true,false,Home/Apartment,House,House/villa,5,84,2,6-20,Luxury,true,508,false,75,22,2026-05-17,Galveston,Port Bolivar,Port Bolivar,Texas,77650,United States,coastal,https://www.airbnb.com/rooms/1393547344700339342,https://a0.muscache.com/im/pictures/prohost-api/Hosting-1393547344700339342/original/b9c84418-6f38-46ee-8047-ae44d24f743f.jpeg,1393547344700339342,4522674,29.4729,-94.587,"=AVERAGE($G$2:$G$830)","=AVERAGE($D$2:$D$830)","=IFERROR(($AT254-G254)/$AT254,0)","=IFERROR(($AU254-D254)/$AU254,0)","=$AU254-D254"
"Private Pool, Quick Bay Access, Fish from Deck",Sand `N Sea Properties,,53146,104560,966.29,28.21,271,4,3,12,true,false,true,true,true,false,true,Home/Apartment,House,House/villa,4.2,5,2,21+,Luxury,false,524,true,55,18,2026-05-13,Galveston,Galveston,Galveston,Texas,77554,United States,coastal,https://www.airbnb.com/rooms/1355743032050974111,https://a0.muscache.com/im/pictures/prohost-api/Hosting-1355743032050974111/original/41cbc880-4141-42b9-8f17-b943b1246162.jpeg,1355743032050974111,2573708,29.1386,-95.05256,"=AVERAGE($G$2:$G$830)","=AVERAGE($D$2:$D$830)","=IFERROR(($AT255-G255)/$AT255,0)","=IFERROR(($AU255-D255)/$AU255,0)","=$AU255-D255"
New Custom Beach House,59054331,,53115,58511,727.6,30.67,340,4,4,11,true,false,false,true,true,false,true,Home/Apartment,House,House/villa,5,23,2,1,Luxury,true,299,true,73,20,2026-05-16,Galveston,Galveston,Galveston,Texas,77554,United States,coastal,https://www.airbnb.com/rooms/947839230180416885,https://a0.muscache.com/im/pictures/prohost-api/Hosting-947839230180416885/original/b4862a5a-c829-4b45-a132-9177e25e89e2.jpeg,947839230180416885,3660299,29.1066,-95.0938,"=AVERAGE($G$2:$G$830)","=AVERAGE($D$2:$D$830)","=IFERROR(($AT256-G256)/$AT256,0)","=IFERROR(($AU256-D256)/$AU256,0)","=$AU256-D256"
"Family, Church & Corporate Retreat - Sleeps 40, 8 bedrooms, 10 bathrooms",,,52389,70110,1806.52,14.65,315,8,10,40,true,false,false,true,true,false,true,Home/Apartment,House,House/villa,4.9,127,2,1,Luxury,false,500,false,29,12,2026-05-16,Galveston,Port Bolivar,Port Bolivar,Texas,77650,United States,coastal,https://www.vrbo.com/450077,"https://media.vrbo.com/lodging/34000000/33700000/33691400/33691386/e1136817.jpg?impolicy=resizecrop&rw=1200&ra=fit",,450077,29.462356,-94.615045,"=AVERAGE($G$2:$G$830)","=AVERAGE($D$2:$D$830)","=IFERROR(($AT257-G257)/$AT257,0)","=IFERROR(($AU257-D257)/$AU257,0)","=$AU257-D257"
Tranquil Turtle,19405946,,52181,61078,1043.62,20.16,327,6,5,15,true,false,false,true,true,true,true,Home/Apartment,House,House/villa,4.9,55,4,2-5,Luxury,false,375,true,50,16,2026-05-15,Galveston,Galveston,Galveston,Texas,77554,United States,coastal,https://www.airbnb.com/rooms/616507047593279221,https://a0.muscache.com/im/pictures/prohost-api/Hosting-616507047593279221/original/58bd2139-1a5b-4f87-ba92-4aaaa0e7c2d7.jpeg,616507047593279221,4459376,29.1087,-95.1016,"=AVERAGE($G$2:$G$830)","=AVERAGE($D$2:$D$830)","=IFERROR(($AT258-G258)/$AT258,0)","=IFERROR(($AU258-D258)/$AU258,0)","=$AU258-D258"
Life's A Beach | Private Beach Access!,Gary Greene Vacation Rentals,,52148,85706,899.1,50.88,137,4,4,15,true,false,false,true,true,false,false,Home/Apartment,House,House/villa,4.85,91,2,21+,Luxury,false,594,true,58,19,2025-12-01,Galveston,Galveston,Galveston,Texas,77554,United States,coastal,https://www.airbnb.com/rooms/1157537871593169866,https://a0.muscache.com/im/pictures/prohost-api/Hosting-1157537871593169866/original/bd888f01-96e0-4765-a062-a5af40b91680.jpeg,1157537871593169866,1076849,29.1601000592,-95.0079116877,"=AVERAGE($G$2:$G$830)","=AVERAGE($D$2:$D$830)","=IFERROR(($AT259-G259)/$AT259,0)","=IFERROR(($AU259-D259)/$AU259,0)","=$AU259-D259"
Windygate,Galveston Island Resort Rentals,,52096,60841,659.44,48.17,301,4,3,10,true,false,false,true,false,true,false,Home/Apartment,House,House/villa,4.6,81,2,21+,Luxury,false,587,true,79,16,2026-05-13,Galveston,Galveston,Galveston,Texas,77554,United States,coastal,https://www.airbnb.com/rooms/574570068429646608,https://a0.muscache.com/im/pictures/prohost-api/Hosting-574570068429646608/original/60823935-d9c1-421e-9998-b9d68cb26fe0.jpeg,574570068429646608,1047981,29.12346,-95.06846,"=AVERAGE($G$2:$G$830)","=AVERAGE($D$2:$D$830)","=IFERROR(($AT260-G260)/$AT260,0)","=IFERROR(($AU260-D260)/$AU260,0)","=$AU260-D260"
Luxury Villa on Intercostal Waterway ,RedAwning,,51962,58220,1129.61,30.67,330,5,4,16,true,false,false,true,true,true,false,Home/Apartment,House,House/villa,4.9,106,3,21+,Luxury,false,343,true,46,13,2026-05-14,Galveston,Port Bolivar,Port Bolivar,Texas,77650,United States,coastal,https://www.vrbo.com/3439889,"https://media.vrbo.com/lodging/96000000/95040000/95033700/95033649/7fc37e86.jpg?impolicy=resizecrop&rw=1200&ra=fit",,3439889,29.462629,-94.64998,"=AVERAGE($G$2:$G$830)","=AVERAGE($D$2:$D$830)","=IFERROR(($AT261-G261)/$AT261,0)","=IFERROR(($AU261-D261)/$AU261,0)","=$AU261-D261"
PENTHOUSE BEAUTY THAT SLEEPS 10 DIAMOND BEACH RESORT CONDOS,,,51800,55292,893.1,29.29,262,4,4,10,true,true,true,true,true,false,true,Home/Apartment,Condominium (condo),Apt/Condo/Loft,4.8,56,1,1,Luxury,false,330,false,58,16,2026-05-13,Galveston,Galveston,Galveston,Texas,77554,United States,coastal,https://www.vrbo.com/123992,"https://media.vrbo.com/lodging/34000000/33950000/33941000/33940989/6824c8a2.jpg?impolicy=resizecrop&rw=1200&ra=fit",,123992,29.246453,-94.869548,"=AVERAGE($G$2:$G$830)","=AVERAGE($D$2:$D$830)","=IFERROR(($AT262-G262)/$AT262,0)","=IFERROR(($AU262-D262)/$AU262,0)","=$AU262-D262"
Beachfront Group Getaway on Bolivar Peninsula,Evolve,,51657,54439,807.14,23.88,350,4,4,13,true,false,false,true,true,true,false,Home/Apartment,House,House/villa,4.5,9,2,21+,Luxury,false,444,true,64,20,2026-05-17,Galveston,Port Bolivar,Port Bolivar,Texas,77650,United States,coastal,https://www.airbnb.com/rooms/1315389076678198459,https://a0.muscache.com/im/pictures/prohost-api/Hosting-1315389076678198459/original/2f8cb291-3419-4e68-8be8-5df033e3b2a1.jpeg,1315389076678198459,20089908ha,29.4301,-94.6746,"=AVERAGE($G$2:$G$830)","=AVERAGE($D$2:$D$830)","=IFERROR(($AT263-G263)/$AT263,0)","=IFERROR(($AU263-D263)/$AU263,0)","=$AU263-D263"
"Crystal Breezes, Hot Tub, Pool",Sand Dollar,,50654,77271,1407.06,37.89,99,6,6,16,true,false,true,true,true,false,true,Home/Apartment,House,House/villa,5,20,3,6-20,Luxury,true,593,true,36,11,2025-09-09,Galveston,Port Bolivar,Port Bolivar,Texas,77650,United States,coastal,https://www.airbnb.com/rooms/1057322875888386907,https://a0.muscache.com/im/pictures/prohost-api/Hosting-1057322875888386907/original/5fed0172-93df-42e5-8952-0914e59fcbcc.jpeg,1057322875888386907,3783968,29.42391,-94.68416,"=AVERAGE($G$2:$G$830)","=AVERAGE($D$2:$D$830)","=IFERROR(($AT264-G264)/$AT264,0)","=IFERROR(($AU264-D264)/$AU264,0)","=$AU264-D264"
"The Big Shore - 4 Bedroom, 4 Bath - Ocean View, lots of amenities - Sleeps 14",Cobb Real Estate,,50644,69332,641.06,41.15,295,4,4,14,false,false,false,true,true,true,false,Home/Apartment,House,House/villa,5,9,2,21+,Luxury,false,0,true,79,17,2026-05-15,Galveston,Port Bolivar,Port Bolivar,Texas,77650,United States,coastal,https://www.vrbo.com/3815288,"https://media.vrbo.com/lodging/102000000/101850000/101846900/101846821/b2c17ae1.jpg?impolicy=resizecrop&rw=1200&ra=fit",,3815288,29.479654,-94.574211,"=AVERAGE($G$2:$G$830)","=AVERAGE($D$2:$D$830)","=IFERROR(($AT265-G265)/$AT265,0)","=IFERROR(($AU265-D265)/$AU265,0)","=$AU265-D265"
EnJOY the View,Swedes Real Estate,,50478,65738,600.93,51.53,279,4,3,13,true,true,false,true,true,true,false,Home/Apartment,House,House/villa,4.25,16,2,21+,Luxury,false,275,true,84,18,2026-05-14,Galveston,Port Bolivar,Port Bolivar,Texas,77650,United States,coastal,https://www.airbnb.com/rooms/45910211,https://a0.muscache.com/im/pictures/hosting/Hosting-45910211/original/918196f0-3d16-4cad-8233-ba4406a143d4.jpeg,45910211,2136727,29.4683,-94.5977,"=AVERAGE($G$2:$G$830)","=AVERAGE($D$2:$D$830)","=IFERROR(($AT266-G266)/$AT266,0)","=IFERROR(($AU266-D266)/$AU266,0)","=$AU266-D266"
Ultimate Beach Escape -4BR Luxury with EV Charging,Coastal Waves Vacations,,50154,53107,696.58,39.34,346,4,4,12,true,false,false,true,true,false,true,Home/Apartment,House,House/villa,5,7,2,21+,Luxury,false,310,false,72,16,2026-05-15,Galveston,Galveston,Galveston,Texas,77554,United States,coastal,https://www.airbnb.com/rooms/1635073021175859211,https://a0.muscache.com/im/pictures/prohost-api/Hosting-1635073021175859211/original/3a365769-56b1-4787-a3e1-6328862b43c9.jpeg,1635073021175859211,9922864ha,29.1047,-95.0957,"=AVERAGE($G$2:$G$830)","=AVERAGE($D$2:$D$830)","=IFERROR(($AT267-G267)/$AT267,0)","=IFERROR(($AU267-D267)/$AU267,0)","=$AU267-D267"
WOW (Wade on the Water) - Amazing Beachfront with all the extras!,Cobb Real Estate,,50117,95530,686.53,70.87,105,4,3,13,false,false,false,true,true,true,false,Home/Apartment,House,House/villa,4.9,48,2,21+,Luxury,false,0,true,73,15,2026-05-15,Galveston,Port Bolivar,Port Bolivar,Texas,77650,United States,coastal,https://www.vrbo.com/581872,"https://media.vrbo.com/lodging/25000000/24260000/24253000/24252991/117cb046.jpg?impolicy=resizecrop&rw=1200&ra=fit",,581872,29.478496,-94.573408,"=AVERAGE($G$2:$G$830)","=AVERAGE($D$2:$D$830)","=IFERROR(($AT268-G268)/$AT268,0)","=IFERROR(($AU268-D268)/$AU268,0)","=$AU268-D268"
 Beachfront~ Gated Community~ Elevator~Beach access bridge~  POOL & SPA,,,50035,75578,1352.3,29.13,127,5,4,19,true,false,true,true,true,true,true,Home/Apartment,House,House/villa,5,126,2,1,Luxury,false,375,true,37,10,2025-05-24,Galveston,Port Bolivar,Port Bolivar,Texas,77650,United States,coastal,https://www.vrbo.com/1419803,"https://media.vrbo.com/lodging/30000000/29640000/29633700/29633690/ef2f9fdc.jpg?impolicy=resizecrop&rw=1200&ra=fit",,1419803,29.408694,-94.703523,"=AVERAGE($G$2:$G$830)","=AVERAGE($D$2:$D$830)","=IFERROR(($AT269-G269)/$AT269,0)","=IFERROR(($AU269-D269)/$AU269,0)","=$AU269-D269"
LARGE~Glam 4BDR~sleeps16~Beach access~VIEWS~dog,544430236,,49581,51917,612.11,26.05,350,4,3,16,true,false,false,true,true,true,false,Home/Apartment,House,House/villa,4.95,39,2,1,Luxury,true,325,true,81,26,2026-05-16,Galveston,Port Bolivar,Port Bolivar,Texas,77650,United States,coastal,https://www.airbnb.com/rooms/1015252148389824548,https://a0.muscache.com/im/pictures/miso/Hosting-1015252148389824548/original/febc547a-d09c-43ae-b87c-2b45884c0426.jpeg,1015252148389824548,3690439,29.4668,-94.6051,"=AVERAGE($G$2:$G$830)","=AVERAGE($D$2:$D$830)","=IFERROR(($AT270-G270)/$AT270,0)","=IFERROR(($AU270-D270)/$AU270,0)","=$AU270-D270"
"OCEAN ONE - EXQUISITE beachfront home with fabulous views, sleeping 16!",Cobb Real Estate,,49401,80059,914.83,38.3,266,4,4,16,false,false,false,true,true,true,false,Home/Apartment,House,House/villa,4.8,26,2,21+,Luxury,false,0,true,54,11,2026-05-13,Galveston,Port Bolivar,Port Bolivar,Texas,77650,United States,coastal,https://www.vrbo.com/2777273,"https://media.vrbo.com/lodging/78000000/77970000/77967400/77967307/5b0345a1.jpg?impolicy=resizecrop&rw=1200&ra=fit",,2777273,29.429805,-94.675055,"=AVERAGE($G$2:$G$830)","=AVERAGE($D$2:$D$830)","=IFERROR(($AT271-G271)/$AT271,0)","=IFERROR(($AU271-D271)/$AU271,0)","=$AU271-D271"
"Gorgeous 4 bedroom, outdoor bar w/TV, Gulf Views, minutes to the beach!",Cobb Real Estate,,49284,58579,616.05,40.82,315,4,3,12,false,false,false,true,true,true,false,Home/Apartment,House,House/villa,5,2,2,21+,Luxury,false,0,true,80,16,2026-05-16,Galveston,Port Bolivar,Port Bolivar,Texas,77650,United States,coastal,https://www.vrbo.com/4033698,"https://media.vrbo.com/lodging/106000000/105770000/105763200/105763174/43271a0d.jpg?impolicy=resizecrop&rw=1200&ra=fit",,4033698,29.454964,-94.628757,"=AVERAGE($G$2:$G$830)","=AVERAGE($D$2:$D$830)","=IFERROR(($AT272-G272)/$AT272,0)","=IFERROR(($AU272-D272)/$AU272,0)","=$AU272-D272"
Luxury Beachfront Home!-Sea Brooke,,,49181,49653,647.12,24.76,359,4,4,10,true,true,true,true,true,false,true,Home/Apartment,House,House/villa,4.9,143,2,1,Luxury,false,214,true,76,25,2026-05-16,Galveston,Galveston,Galveston,Texas,77554,United States,coastal,https://www.vrbo.com/7890985ha,"https://media.vrbo.com/lodging/39000000/38120000/38119400/38119391/21423415.jpg?impolicy=resizecrop&rw=1200&ra=fit",,7890985ha,29.107978,-95.089549,"=AVERAGE($G$2:$G$830)","=AVERAGE($D$2:$D$830)","=IFERROR(($AT273-G273)/$AT273,0)","=IFERROR(($AU273-D273)/$AU273,0)","=$AU273-D273"
Beachtown - Steps From Beach - True Beach Bliss + Elevator,Beachtown Realty,,49168,49386,910.52,18.06,363,4,4,12,true,false,false,true,true,false,true,Home/Apartment,House,House/villa,5,11,3,21+,Luxury,false,350,true,54,17,2026-05-16,Galveston,Galveston,Galveston,Texas,77550,United States,coastal,https://www.vrbo.com/3150800,"https://media.vrbo.com/lodging/90000000/89800000/89796000/89795916/c69d29ff.jpg?impolicy=resizecrop&rw=1200&ra=fit",,3150800,29.324129,-94.742112,"=AVERAGE($G$2:$G$830)","=AVERAGE($D$2:$D$830)","=IFERROR(($AT274-G274)/$AT274,0)","=IFERROR(($AU274-D274)/$AU274,0)","=$AU274-D274"
Bay Vista | A Bayfront Retreat,Ryson Vacation Rentals,,49134,79828,701.91,70.71,102,4,3,14,true,false,false,true,true,true,true,Home/Apartment,House,House/villa,5,67,2,21+,Luxury,false,654,true,70,16,2025-11-05,Galveston,Galveston,Galveston,Texas,77554,United States,coastal,https://www.airbnb.com/rooms/1157552489313409171,https://a0.muscache.com/im/pictures/prohost-api/Hosting-1157552489313409171/original/51c4392e-9d29-474f-b47e-a71d4803edf1.jpeg,1157552489313409171,1558420,29.13492,-95.0623,"=AVERAGE($G$2:$G$830)","=AVERAGE($D$2:$D$830)","=IFERROR(($AT275-G275)/$AT275,0)","=IFERROR(($AU275-D275)/$AU275,0)","=$AU275-D275"
Backyard Oasis with Pool & Hot Tub,33826285,,48936,50941,470.54,46.43,265,4,2,10,true,false,true,true,true,true,true,Home/Apartment,House,House/villa,4.95,58,2,2-5,Luxury,true,193,true,104,32,2026-05-13,Galveston,Galveston,Galveston,Texas,77554,United States,coastal,https://www.airbnb.com/rooms/828375628344113632,https://a0.muscache.com/im/pictures/miso/Hosting-828375628344113632/original/4cd50705-628e-4a30-8c65-4237692c6a48.jpeg,828375628344113632,5033696,29.1844,-94.97848,"=AVERAGE($G$2:$G$830)","=AVERAGE($D$2:$D$830)","=IFERROR(($AT276-G276)/$AT276,0)","=IFERROR(($AU276-D276)/$AU276,0)","=$AU276-D276"
Serenity Cove,698430372,,47868,50051,655.73,28.85,325,4,4,10,true,false,false,true,true,false,false,Home/Apartment,House,House/villa,5,12,2,1,Luxury,false,175,false,73,27,2026-05-13,Galveston,Galveston,Galveston,Texas,77554,United States,coastal,https://www.airbnb.com/rooms/1432743767972708216,https://a0.muscache.com/im/pictures/miso/Hosting-1432743767972708216/original/dae93741-b12d-47d2-9df7-b7ec35c8382b.jpeg,1432743767972708216,4616944,29.2315,-94.8922,"=AVERAGE($G$2:$G$830)","=AVERAGE($D$2:$D$830)","=IFERROR(($AT277-G277)/$AT277,0)","=IFERROR(($AU277-D277)/$AU277,0)","=$AU277-D277"
"STAY AWHILE -  New, Beautiful 2nd Row, 4 Bedroom, 3.5 bath, Amazing Views!!",Cobb Real Estate,,47507,61542,650.78,55.3,273,4,3,16,false,false,false,true,true,true,false,Home/Apartment,House,House/villa,4.9,14,2,21+,Luxury,false,160,true,73,15,2026-05-17,Galveston,Port Bolivar,Port Bolivar,Texas,77650,United States,coastal,https://www.vrbo.com/2221971,"https://media.vrbo.com/lodging/66000000/65260000/65254900/65254863/91f5d791.jpg?impolicy=resizecrop&rw=1200&ra=fit",,2221971,29.39949,-94.71354,"=AVERAGE($G$2:$G$830)","=AVERAGE($D$2:$D$830)","=IFERROR(($AT278-G278)/$AT278,0)","=IFERROR(($AU278-D278)/$AU278,0)","=$AU278-D278"
"Step onto Beach, Dog Friendly, Stunning Sunrises",Sand `N Sea Properties,,45642,69212,1061.44,29.05,293,4,2,14,true,false,false,true,true,true,false,Home/Apartment,House,House/villa,4.75,8,3,21+,Luxury,true,504,true,43,13,2026-02-20,Galveston,Galveston,Galveston,Texas,77554,United States,coastal,https://www.airbnb.com/rooms/1368875990776034787,https://a0.muscache.com/im/pictures/prohost-api/Hosting-1368875990776034787/original/6fe0caa7-e23b-476c-bda6-c3e83b0b1e8a.jpeg,1368875990776034787,2637753,29.20748,-94.93035,"=AVERAGE($G$2:$G$830)","=AVERAGE($D$2:$D$830)","=IFERROR(($AT279-G279)/$AT279,0)","=IFERROR(($AU279-D279)/$AU279,0)","=$AU279-D279"
Beach Hanson 2,455629056,,45607,62817,1382.03,28.95,312,5,6,16,true,false,true,true,true,false,true,Home/Apartment,House,House/villa,4.9,37,2,2-5,Luxury,false,294,true,33,10,2026-05-17,Galveston,Port Bolivar,Port Bolivar,Texas,77650,United States,coastal,https://www.airbnb.com/rooms/709202317010149850,https://a0.muscache.com/im/pictures/miso/Hosting-709202317010149850/original/abde563d-6638-4e9c-91f4-368ba41e548e.jpeg,709202317010149850,2878950,29.45553,-94.62794,"=AVERAGE($G$2:$G$830)","=AVERAGE($D$2:$D$830)","=IFERROR(($AT280-G280)/$AT280,0)","=IFERROR(($AU280-D280)/$AU280,0)","=$AU280-D280"
Stunning Galveston Beach Front!,348380085,,45533,53945,1626.18,25.23,352,5,4,15,true,false,false,true,true,true,false,Home/Apartment,House,House/villa,4.35,38,3,1,Luxury,false,0,true,28,8,2026-05-17,Galveston,Galveston,Galveston,Texas,77554,United States,coastal,https://www.airbnb.com/rooms/773340428995937219,https://a0.muscache.com/im/pictures/miso/Hosting-773340428995937219/original/39f74a0a-f530-4963-ad33-98162021942b.jpeg,773340428995937219,2268005,29.1687,-94.9945,"=AVERAGE($G$2:$G$830)","=AVERAGE($D$2:$D$830)","=IFERROR(($AT281-G281)/$AT281,0)","=IFERROR(($AU281-D281)/$AU281,0)","=$AU281-D281"
Sleeps 13! Entire 3rd floor Hendley Market Lofts,IStay Vacations,,45324,51293,1030.09,17.19,298,4,3,13,true,false,false,true,true,false,false,Home/Apartment,House,House/villa,4.7,7,2,6-20,Luxury,true,580,false,44,17,2026-04-11,Galveston,Galveston,Galveston,Texas,77550,United States,coastal,https://www.airbnb.com/rooms/767404693887172897,https://a0.muscache.com/im/pictures/miso/Hosting-767404693887172897/original/04db954c-570a-4265-967f-5b12600e0277.jpeg,767404693887172897,3223636,29.3082,-94.7915,"=AVERAGE($G$2:$G$830)","=AVERAGE($D$2:$D$830)","=IFERROR(($AT282-G282)/$AT282,0)","=IFERROR(($AU282-D282)/$AU282,0)","=$AU282-D282"
"TOP SHELF - 4 bedrooms, Tiki bar, hot tub and great view!!",Cobb Real Estate,,44618,61952,628.42,41.52,172,4,3,12,false,false,true,true,false,true,false,Home/Apartment,House,House/villa,4.7,20,2,21+,Luxury,false,0,true,71,13,2025-12-01,Galveston,Port Bolivar,Port Bolivar,Texas,77650,United States,coastal,https://www.vrbo.com/2736778,"https://media.vrbo.com/lodging/77000000/76780000/76770900/76770849/5a39a9a6.jpg?impolicy=resizecrop&rw=1200&ra=fit",,2736778,29.44319,-94.65095,"=AVERAGE($G$2:$G$830)","=AVERAGE($D$2:$D$830)","=IFERROR(($AT283-G283)/$AT283,0)","=IFERROR(($AU283-D283)/$AU283,0)","=$AU283-D283"
"2023 Construction w 3 Covered Decks, 4 Suites, Designer Interior, Close to Beach",Sand `N Sea Properties,,44544,48156,742.4,29.7,348,4,4,12,true,true,false,true,true,false,true,Home/Apartment,House,House/villa,4.5,2,2,21+,Luxury,false,0,true,60,15,2026-05-12,Galveston,Galveston,Galveston,Texas,77554,United States,coastal,https://www.vrbo.com/3366052,"https://media.vrbo.com/lodging/94000000/93080000/93071300/93071260/080874cd.jpg?impolicy=resizecrop&rw=1200&ra=fit",,3366052,29.107047,-95.093637,"=AVERAGE($G$2:$G$830)","=AVERAGE($D$2:$D$830)","=IFERROR(($AT284-G284)/$AT284,0)","=IFERROR(($AU284-D284)/$AU284,0)","=$AU284-D284"
"5/5 Sleeps 22, Crystal Beach TX",449697449,,44170,50789,1262,21.21,351,6,5,16,true,false,false,true,true,false,false,Home/Apartment,House,House/villa,4.95,34,3,1,Luxury,false,376,false,35,11,2026-05-17,Galveston,Port Bolivar,Port Bolivar,Texas,77650,United States,coastal,https://www.airbnb.com/rooms/583205167412776640,https://a0.muscache.com/im/pictures/miso/Hosting-583205167412776640/original/9350079f-5e1c-41d8-96b2-5d4544f6434a.jpeg,583205167412776640,2629951,29.4185,-94.6977,"=AVERAGE($G$2:$G$830)","=AVERAGE($D$2:$D$830)","=IFERROR(($AT285-G285)/$AT285,0)","=IFERROR(($AU285-D285)/$AU285,0)","=$AU285-D285"
"Bishop's Beach | Private Dune Crossover, Views",Ryson Vacation Rentals by Vtrips,,44149,50651,630.7,38.89,197,4,4,16,true,false,false,false,false,false,false,Home/Apartment,House,House/villa,4.55,39,4,21+,Luxury,false,299,true,70,23,2024-09-05,Galveston,Galveston,Galveston,Texas,77554,United States,coastal,https://www.airbnb.com/rooms/23123329,https://a0.muscache.com/im/pictures/prohost-api/Hosting-23123329/original/84333518-5421-4eb4-8f33-159af430b13b.jpeg,23123329,2687778,29.12376,-95.06705,"=AVERAGE($G$2:$G$830)","=AVERAGE($D$2:$D$830)","=IFERROR(($AT286-G286)/$AT286,0)","=IFERROR(($AU286-D286)/$AU286,0)","=$AU286-D286"
The Pesky Pelican,Swedes Real Estate,,43687,53107,560.09,35.45,338,4,3,14,true,true,false,true,true,true,false,Home/Apartment,House,House/villa,4.95,16,2,21+,Luxury,false,250,true,78,17,2026-05-13,Galveston,Port Bolivar,Gilchrist,Texas,77617,United States,coastal,https://www.airbnb.com/rooms/43102816,https://a0.muscache.com/im/pictures/hosting/Hosting-43102816/original/8fefd2dc-9ccb-4783-bdaf-7a8619917729.jpeg,43102816,1956231,29.4916,-94.5423,"=AVERAGE($G$2:$G$830)","=AVERAGE($D$2:$D$830)","=IFERROR(($AT287-G287)/$AT287,0)","=IFERROR(($AU287-D287)/$AU287,0)","=$AU287-D287"
Sea and Sun,Swedes Real Estate,,43288,53694,601.22,38.92,321,4,3,16,true,false,false,true,true,false,false,Home/Apartment,House,House/villa,4.2,21,2,21+,Luxury,false,310,true,72,16,2026-05-16,Galveston,Port Bolivar,Port Bolivar,Texas,77650,United States,coastal,https://www.airbnb.com/rooms/578275544400119947,https://a0.muscache.com/im/pictures/hosting/Hosting-578275544400119947/original/7b2227bf-5041-4514-b933-d0d0e1ad337b.jpeg,578275544400119947,2679910,29.456,-94.6257,"=AVERAGE($G$2:$G$830)","=AVERAGE($D$2:$D$830)","=IFERROR(($AT288-G288)/$AT288,0)","=IFERROR(($AU288-D288)/$AU288,0)","=$AU288-D288"
"Pirate's Beach (Sleeps 30, Beach Front)",579019026,,42950,48223,1130.26,21.71,289,6,3,16,true,false,false,true,true,true,false,Home/Apartment,House,House/villa,4.5,4,2,2-5,Luxury,false,576,false,38,12,2026-03-13,Galveston,Port Bolivar,Port Bolivar,Texas,77650,United States,coastal,https://www.airbnb.com/rooms/1455791827795401928,https://a0.muscache.com/im/pictures/hosting/Hosting-1455791827795401928/original/adbd54ea-b023-476e-ada3-2b34a431bf0b.jpeg,1455791827795401928,,29.458,-94.6216,"=AVERAGE($G$2:$G$830)","=AVERAGE($D$2:$D$830)","=IFERROR(($AT289-G289)/$AT289,0)","=IFERROR(($AU289-D289)/$AU289,0)","=$AU289-D289"
Pirate's Cave | Beach | Pools | Luxury | by Rose,477246314,,42912,44255,841.41,20.73,350,4,4,12,true,false,true,true,true,false,true,Home/Apartment,House,House/villa,5,8,2,21+,Luxury,true,504,true,51,16,2026-05-14,Galveston,Galveston,Galveston,Texas,77554,United States,coastal,https://www.airbnb.com/rooms/1368048085225227408,https://a0.muscache.com/im/pictures/prohost-api/Hosting-1368048085225227408/original/b08c0d89-641f-4003-b9cc-5b245a0cd304.jpeg,1368048085225227408,4463900,29.1049,-95.0966,"=AVERAGE($G$2:$G$830)","=AVERAGE($D$2:$D$830)","=IFERROR(($AT290-G290)/$AT290,0)","=IFERROR(($AU290-D290)/$AU290,0)","=$AU290-D290"
Skin and Bones | 2 Decks + Beachfront!,Ryson Vacation Rentals by Vtrips,,42706,62236,711.77,47.24,148,4,3,10,true,false,false,true,false,false,false,Home/Apartment,House,House/villa,4.6,45,2,21+,Luxury,false,424,true,60,19,2026-05-11,Galveston,Galveston,Galveston,Texas,77550,United States,coastal,https://www.airbnb.com/rooms/42566695,https://a0.muscache.com/im/pictures/prohost-api/Hosting-42566695/original/7662da83-25c1-4fc3-9ca2-f9ca8d9a95a1.jpeg,42566695,2687969,29.31197,-94.76341,"=AVERAGE($G$2:$G$830)","=AVERAGE($D$2:$D$830)","=IFERROR(($AT291-G291)/$AT291,0)","=IFERROR(($AU291-D291)/$AU291,0)","=$AU291-D291"
Rosé By The Bay | Waterfront & Private Pool,Ryson Vacation Rentals by Vtrips,,42679,64102,762.12,53.85,112,4,2,11,true,false,false,true,true,false,true,Home/Apartment,House,House/villa,4.7,8,3,21+,Luxury,false,460,true,56,15,2025-11-11,Galveston,Galveston,Galveston,Texas,77554,United States,coastal,https://www.airbnb.com/rooms/1304717381139115880,https://a0.muscache.com/im/pictures/prohost-api/Hosting-1304717381139115880/original/69ed44f0-fe82-43f3-bc00-96115ac4cb14.jpeg,1304717381139115880,4321787,29.1385936929,-95.0621453254,"=AVERAGE($G$2:$G$830)","=AVERAGE($D$2:$D$830)","=IFERROR(($AT292-G292)/$AT292,0)","=IFERROR(($AU292-D292)/$AU292,0)","=$AU292-D292"
2024 Michelin Key Award Winner: The Carr Mansion,535136729,,42475,60547,2123.75,9.05,330,8,8,16,true,false,false,true,false,false,false,Home/Apartment,House,House/villa,4.35,3,1,6-20,Luxury,false,352,false,20,14,2026-03-10,Galveston,Galveston,Galveston,Texas,77550,United States,coastal,https://www.airbnb.com/rooms/978459846777439640,https://a0.muscache.com/im/pictures/miso/Hosting-978459846777439640/original/31ff38b1-6330-45fa-9b2f-534d3b6dce2d.jpeg,978459846777439640,,29.29625,-94.80471,"=AVERAGE($G$2:$G$830)","=AVERAGE($D$2:$D$830)","=IFERROR(($AT293-G293)/$AT293,0)","=IFERROR(($AU293-D293)/$AU293,0)","=$AU293-D293"
Gated beach develop  in Galveston. 2nd Row Views,344512224,,42408,42408,684,69.66,304,4,3,8,true,false,false,true,true,false,false,Home/Apartment,House,House/villa,5,13,3,1,Luxury,false,300,false,62,1,2026-01-02,Galveston,Galveston,Galveston,Texas,77550,United States,coastal,https://www.airbnb.com/rooms/50368422,https://a0.muscache.com/im/pictures/d1bab7d6-4cb2-4653-8b03-45f5241dbfda.jpg,50368422,2352120,29.31084,-94.76204,"=AVERAGE($G$2:$G$830)","=AVERAGE($D$2:$D$830)","=IFERROR(($AT294-G294)/$AT294,0)","=IFERROR(($AU294-D294)/$AU294,0)","=$AU294-D294"
"Beachfront and beautiful!  Wild Dunes Cottage - 4 bedroom, 3.5 baths.",Cobb Real Estate,,42154,48147,691.05,46.21,201,4,4,12,false,false,false,true,true,true,false,Home/Apartment,House,House/villa,3.2,7,2,21+,Luxury,false,0,true,61,13,2025-11-09,Galveston,Port Bolivar,Port Bolivar,Texas,77650,United States,coastal,https://www.vrbo.com/3079418,"https://media.vrbo.com/lodging/89000000/88490000/88490000/88489941/abb38b7a.jpg?impolicy=resizecrop&rw=1200&ra=fit",,3079418,29.40747,-94.70477,"=AVERAGE($G$2:$G$830)","=AVERAGE($D$2:$D$830)","=IFERROR(($AT295-G295)/$AT295,0)","=IFERROR(($AU295-D295)/$AU295,0)","=$AU295-D295"
"Views of Gulf Coast, Bay, & steps away from beach!",Bay To Beach Properties,,42007,44438,913.2,25,357,5,5,14,true,false,false,true,true,false,true,Home/Apartment,House,House/villa,5,6,2,21+,Luxury,true,399,true,46,11,2026-05-17,Galveston,Galveston,Galveston,Texas,77554,United States,coastal,https://www.airbnb.com/rooms/1167529911522075458,https://a0.muscache.com/im/pictures/miso/Hosting-1167529911522075458/original/64b85cdb-2c6d-4747-8649-455dc47b0abf.jpeg,1167529911522075458,4026120,29.1068,-95.0935,"=AVERAGE($G$2:$G$830)","=AVERAGE($D$2:$D$830)","=IFERROR(($AT296-G296)/$AT296,0)","=IFERROR(($AU296-D296)/$AU296,0)","=$AU296-D296"
"Private Beachfront home w/ HOT TUB, 2 Decks, Open Plan & Dune Walkover",Sand `N Sea Properties,,41700,48515,1042.5,18.78,332,4,3,10,true,false,true,true,true,false,false,Home/Apartment,House,House/villa,4.4,3,3,21+,Luxury,false,150,true,40,13,2026-05-16,Galveston,Galveston,Galveston,Texas,77554,United States,coastal,https://www.vrbo.com/2573705,"https://media.vrbo.com/lodging/74000000/73510000/73505800/73505758/7a5a90c5.jpg?impolicy=resizecrop&rw=1200&ra=fit",,2573705,29.222662,-94.903782,"=AVERAGE($G$2:$G$830)","=AVERAGE($D$2:$D$830)","=IFERROR(($AT297-G297)/$AT297,0)","=IFERROR(($AU297-D297)/$AU297,0)","=$AU297-D297"
"Your pineapple under the sea awaits! Beachfront, Huge Deck, Beach Equip & More",Sand `N Sea Properties,,41562,64379,1123.3,24.03,304,4,4,10,true,false,false,true,true,false,false,Home/Apartment,House,House/villa,5,2,3,21+,Luxury,false,0,true,37,9,2026-05-16,Galveston,Galveston,Galveston,Texas,77554,United States,coastal,https://www.vrbo.com/3641510,"https://media.vrbo.com/lodging/100000000/99460000/99460000/99459965/53257c65.jpg?impolicy=resizecrop&rw=1200&ra=fit",,3641510,29.205909,-94.93136,"=AVERAGE($G$2:$G$830)","=AVERAGE($D$2:$D$830)","=IFERROR(($AT298-G298)/$AT298,0)","=IFERROR(($AU298-D298)/$AU298,0)","=$AU298-D298"
Beachfront | Swim Spa | Private Bowling Alley,Southern Sands Property Management,,41467,48026,782.4,54.08,131,4,3,16,true,false,true,true,true,true,true,Home/Apartment,House,House/villa,5,10,2,21+,Luxury,true,574,false,53,15,2026-05-15,Galveston,Port Bolivar,Port Bolivar,Texas,77650,United States,coastal,https://www.airbnb.com/rooms/1582738633472450550,https://a0.muscache.com/im/pictures/prohost-api/Hosting-1582738633472450550/original/5df28ca8-d2ac-4d7e-a6a9-87489938d90f.jpeg,1582738633472450550,5014740,29.4744,-94.5834,"=AVERAGE($G$2:$G$830)","=AVERAGE($D$2:$D$830)","=IFERROR(($AT299-G299)/$AT299,0)","=IFERROR(($AU299-D299)/$AU299,0)","=$AU299-D299"
"4th Row Gulf Views, 4 Decks, Chef's Kitchen",Sand `N Sea Properties,,41433,62014,618.4,30.18,291,4,3,12,true,false,false,true,true,true,false,Home/Apartment,House,House/villa,4.95,11,2,21+,Luxury,false,408,true,67,19,2026-05-13,Galveston,Galveston,Galveston,Texas,77554,United States,coastal,https://www.airbnb.com/rooms/1359476510990467620,https://a0.muscache.com/im/pictures/prohost-api/Hosting-1359476510990467620/original/cdc17081-0f36-412a-8f62-4b4ac42df499.jpeg,1359476510990467620,2637788,29.2302860008,-94.8904975329,"=AVERAGE($G$2:$G$830)","=AVERAGE($D$2:$D$830)","=IFERROR(($AT300-G300)/$AT300,0)","=IFERROR(($AU300-D300)/$AU300,0)","=$AU300-D300"
"2nd Row in Pirates Beach, Great Gulf Views, Steps from Beach, Updated Interior",Sand `N Sea Properties,,41291,55064,1032.28,26.14,261,5,3,12,true,false,false,true,true,false,false,Home/Apartment,House,House/villa,0,0,2,21+,Luxury,false,0,true,40,10,2026-05-13,Galveston,Galveston,Galveston,Texas,77554,United States,coastal,https://www.vrbo.com/4477722,"https://media.vrbo.com/lodging/114000000/113790000/113784500/113784428/2f05073d.jpg?impolicy=resizecrop&rw=1200&ra=fit",,4477722,29.20189,-94.93895,"=AVERAGE($G$2:$G$830)","=AVERAGE($D$2:$D$830)","=IFERROR(($AT301-G301)/$AT301,0)","=IFERROR(($AU301-D301)/$AU301,0)","=$AU301-D301"
5BDR Home Bird Sanctuary & Beach,428559233,,41067,60370,271.97,65.37,257,5,2,16,true,false,false,true,true,true,false,Home/Apartment,Cottage,House/villa,5,1,1,2-5,Luxury,false,230,false,151,30,2026-05-13,Galveston,Port Bolivar,High Island,Texas,77623,United States,coastal,https://www.airbnb.com/rooms/53330006,https://a0.muscache.com/im/pictures/miso/Hosting-53330006/original/1f9bdd01-059a-485e-bc78-fbb9a7d9e0c7.jpeg,53330006,,29.56161,-94.39037,"=AVERAGE($G$2:$G$830)","=AVERAGE($D$2:$D$830)","=IFERROR(($AT302-G302)/$AT302,0)","=IFERROR(($AU302-D302)/$AU302,0)","=$AU302-D302"
Beach Side - Modern Island Vibe - Paradise Palms,30787533,,40991,45806,1205.62,14.23,345,5,4,14,true,false,false,true,true,false,true,Home/Apartment,House,House/villa,5,13,2,2-5,Luxury,true,430,true,34,14,2026-05-14,Galveston,Galveston,Galveston,Texas,77554,United States,coastal,https://www.airbnb.com/rooms/1115583105591960027,https://a0.muscache.com/im/pictures/prohost-api/Hosting-1115583105591960027/original/e530a286-f2d9-492f-b18a-5044f1dee62c.jpeg,1115583105591960027,4533966,29.1071,-95.0927,"=AVERAGE($G$2:$G$830)","=AVERAGE($D$2:$D$830)","=IFERROR(($AT303-G303)/$AT303,0)","=IFERROR(($AU303-D303)/$AU303,0)","=$AU303-D303"
"Pirate's Cove (Sleeps 30, Beach Front)",579019026,,40955,46791,1137.64,20.93,290,5,3,16,true,false,false,true,true,true,false,Home/Apartment,House,House/villa,5,1,2,2-5,Luxury,false,577,false,36,11,2026-03-13,Galveston,Port Bolivar,Port Bolivar,Texas,77650,United States,coastal,https://www.airbnb.com/rooms/1455803789240752344,https://a0.muscache.com/im/pictures/hosting/Hosting-1455803789240752344/original/0c7f671a-8c7f-41ab-a4e0-cd2873d9ed20.jpeg,1455803789240752344,,29.4593034771,-94.620669567,"=AVERAGE($G$2:$G$830)","=AVERAGE($D$2:$D$830)","=IFERROR(($AT304-G304)/$AT304,0)","=IFERROR(($AU304-D304)/$AU304,0)","=$AU304-D304"
Beachfront luxury - 4 bedroom w/3 king beds amazing views,,,40784,45075,784.31,25.49,255,4,4,8,true,true,true,true,true,false,true,Home/Apartment,House,House/villa,5,196,2,1,Luxury,false,225,true,52,17,2026-05-16,Galveston,Galveston,Galveston,Texas,77554,United States,coastal,https://www.vrbo.com/1847182,"https://media.vrbo.com/lodging/46000000/45010000/45000800/45000743/285592d9.jpg?impolicy=resizecrop&rw=1200&ra=fit",,1847182,29.108111,-95.089255,"=AVERAGE($G$2:$G$830)","=AVERAGE($D$2:$D$830)","=IFERROR(($AT305-G305)/$AT305,0)","=IFERROR(($AU305-D305)/$AU305,0)","=$AU305-D305"
Haven Camp,44347599,,40720,42008,814.4,22.03,292,4,3,11,true,false,false,true,true,true,true,Home/Apartment,House,House/villa,4.85,12,2,1,Luxury,false,300,true,50,17,2026-05-15,Galveston,Kemah,Kemah,Texas,77565,United States,coastal,https://www.airbnb.com/rooms/1454770851652759658,https://a0.muscache.com/im/pictures/miso/Hosting-1454770851652759658/original/6d9a246d-5f1f-4116-8247-d64cde19dc51.jpeg,1454770851652759658,4677041,29.55,-95.05,"=AVERAGE($G$2:$G$830)","=AVERAGE($D$2:$D$830)","=IFERROR(($AT306-G306)/$AT306,0)","=IFERROR(($AU306-D306)/$AU306,0)","=$AU306-D306"
"Beautiful Beachfront! Hot Tub, Steps to Sand",Sand `N Sea Properties,,40298,117317,1151.37,24.48,258,4,3,14,true,false,true,true,true,false,false,Home/Apartment,House,House/villa,5,6,2,21+,Luxury,false,632,true,35,10,2026-05-13,Galveston,Galveston,Galveston,Texas,77554,United States,coastal,https://www.airbnb.com/rooms/1365247630518712814,https://a0.muscache.com/im/pictures/prohost-api/Hosting-1365247630518712814/original/97c279fa-cd0d-4c3c-b573-62e3c214ce45.jpeg,1365247630518712814,2573717,29.2075013475,-94.927509317,"=AVERAGE($G$2:$G$830)","=AVERAGE($D$2:$D$830)","=IFERROR(($AT307-G307)/$AT307,0)","=IFERROR(($AU307-D307)/$AU307,0)","=$AU307-D307"
"Seaside Escape: Beautiful, Spacious, Peaceful",475170260,,39975,42890,740.28,19.29,350,4,3,12,true,false,false,true,true,true,false,Home/Apartment,Vacation home,House/villa,4.95,68,2,1,Luxury,true,301,true,54,20,2026-05-17,Galveston,Galveston,Galveston,Texas,77550,United States,coastal,https://www.airbnb.com/rooms/694223522297629106,https://a0.muscache.com/im/pictures/miso/Hosting-694223522297629106/original/45ed935b-7633-4c78-8288-7bdc7e277e3b.jpeg,694223522297629106,3249217,29.31207,-94.76391,"=AVERAGE($G$2:$G$830)","=AVERAGE($D$2:$D$830)","=IFERROR(($AT308-G308)/$AT308,0)","=IFERROR(($AU308-D308)/$AU308,0)","=$AU308-D308"
"Game Room, Pet Friendly, Easy Walk to Beach",Sand `N Sea Properties,,39632,51255,600.48,24,323,4,3,10,true,false,false,true,true,true,true,Home/Apartment,House,House/villa,3.25,4,2,21+,Luxury,true,0,true,66,22,2025-08-01,Galveston,Galveston,Galveston,Texas,77554,United States,coastal,https://www.airbnb.com/rooms/1425399306261065055,https://a0.muscache.com/im/pictures/prohost-api/Hosting-1425399306261065055/original/9570e922-907b-4463-9a93-87fd0de2fb45.jpeg,1425399306261065055,4592726,29.2310216233,-94.8930414891,"=AVERAGE($G$2:$G$830)","=AVERAGE($D$2:$D$830)","=IFERROR(($AT309-G309)/$AT309,0)","=IFERROR(($AU309-D309)/$AU309,0)","=$AU309-D309"
Paradise with a View - Ocean Views & Spacious Deck,Vacasa,,39627,49731,792.54,35.71,140,4,3,13,true,false,false,true,true,true,false,Home/Apartment,House,House/villa,3.9,14,2,21+,Luxury,false,422,true,50,15,2025-12-03,Galveston,Galveston,Galveston,Texas,77554,United States,coastal,https://www.airbnb.com/rooms/1374821619186857314,https://a0.muscache.com/im/pictures/prohost-api/Hosting-1374821619186857314/original/1b694acf-da94-48e6-8e4b-e89e9f554866.jpeg,1374821619186857314,,29.1170365,-95.0759879,"=AVERAGE($G$2:$G$830)","=AVERAGE($D$2:$D$830)","=IFERROR(($AT310-G310)/$AT310,0)","=IFERROR(($AU310-D310)/$AU310,0)","=$AU310-D310"
"The Gray Pearl waterfront bay home, sleeps 16.",151416491,,39563,46459,1069.27,19.89,341,4,6,16,true,false,false,true,true,true,false,Home/Apartment,House,House/villa,4.8,49,4,1,Luxury,false,400,false,37,12,2020-09-24,Galveston,Galveston,Galveston,Texas,77554,United States,coastal,https://www.airbnb.com/rooms/21025086,"https://a0.muscache.com/im/pictures/294a3c73-db15-4b0c-b8a4-86fbd55f8518.jpg?aki_policy=x_large",21025086,1108019,29.19903,-94.98593,"=AVERAGE($G$2:$G$830)","=AVERAGE($D$2:$D$830)","=IFERROR(($AT311-G311)/$AT311,0)","=IFERROR(($AU311-D311)/$AU311,0)","=$AU311-D311"
Big Rooms and Big Views! Amazing bay views and family fun on the West End,,,39506,39989,647.64,27.73,364,4,4,12,true,true,true,true,true,false,true,Home/Apartment,House,House/villa,5,11,3,1,Luxury,false,300,false,61,13,2026-05-14,Galveston,Galveston,Galveston,Texas,77554,United States,coastal,https://www.vrbo.com/3821735,"https://media.vrbo.com/lodging/102000000/101910000/101906100/101906084/d245c769.jpg?impolicy=resizecrop&rw=1200&ra=fit",,3821735,29.108906,-95.100145,"=AVERAGE($G$2:$G$830)","=AVERAGE($D$2:$D$830)","=IFERROR(($AT312-G312)/$AT312,0)","=IFERROR(($AU312-D312)/$AU312,0)","=$AU312-D312"
"Dog Friendly, Beachfront, Lots of Space for 12",Sand `N Sea Properties,,39230,64807,688.25,32.95,266,4,3,12,true,false,false,true,true,true,true,Home/Apartment,Place,House/villa,4.65,8,2,21+,Luxury,false,457,true,57,17,2026-05-13,Galveston,Galveston,Galveston,Texas,77554,United States,coastal,https://www.airbnb.com/rooms/1363769337343972457,https://a0.muscache.com/im/pictures/prohost-api/Hosting-1363769337343972457/original/b8e041ee-2bc5-42c1-a178-8cd7cf09d0c7.jpeg,1363769337343972457,2637719,29.1796386107,-94.9790155704,"=AVERAGE($G$2:$G$830)","=AVERAGE($D$2:$D$830)","=IFERROR(($AT313-G313)/$AT313,0)","=IFERROR(($AU313-D313)/$AU313,0)","=$AU313-D313"
The White Lotus-Pool-Gym-Bar-Grill-Waterfall,504630207,,39058,53945,781.16,33.11,250,4,,12,true,true,false,true,true,false,true,Home/Apartment,House,House/villa,4.95,16,2,2-5,Luxury,true,250,true,50,18,2026-05-16,Galveston,Galveston,Galveston,Texas,77550,United States,coastal,https://www.airbnb.com/rooms/1358702232000898281,"https://a0.muscache.com/im/pictures/hosting/Hosting-U3RheVN1cHBseUxpc3Rpbmc6MTM1ODcwMjIzMjAwMDg5ODI4MQ==/original/a46fee8f-cbca-4024-81f0-529ceb8ce652.png",1358702232000898281,,29.2908880801,-94.7884430057,"=AVERAGE($G$2:$G$830)","=AVERAGE($D$2:$D$830)","=IFERROR(($AT314-G314)/$AT314,0)","=IFERROR(($AU314-D314)/$AU314,0)","=$AU314-D314"
Galveston retreat loaded with amenities and pool!,421295856,,38746,39418,745.12,19.26,361,4,3,12,true,false,true,true,true,true,true,Home/Apartment,House,House/villa,4.95,76,2,1,Luxury,false,300,true,52,20,2026-05-17,Galveston,Galveston,Galveston,Texas,77550,United States,coastal,https://www.airbnb.com/rooms/52028087,https://a0.muscache.com/im/pictures/miso/Hosting-52028087/original/f267b766-ab39-4671-aca5-43cbec26cb52.jpeg,52028087,2419738,29.29752,-94.78597,"=AVERAGE($G$2:$G$830)","=AVERAGE($D$2:$D$830)","=IFERROR(($AT315-G315)/$AT315,0)","=IFERROR(($AU315-D315)/$AU315,0)","=$AU315-D315"
Captain Sparrows Parley,Swedes Real Estate,,38669,48962,789.16,27.07,296,4,4,14,true,true,false,true,false,false,false,Home/Apartment,House,House/villa,3.65,3,2,21+,Luxury,false,360,true,49,11,2026-05-15,Galveston,Port Bolivar,Port Bolivar,Texas,77650,United States,coastal,https://www.airbnb.com/rooms/1424676582333225620,https://a0.muscache.com/im/pictures/prohost-api/Hosting-1424676582333225620/original/441bbbb6-5a11-46d0-a840-b150c4ec3058.jpeg,1424676582333225620,4584503,29.4211,-94.6898,"=AVERAGE($G$2:$G$830)","=AVERAGE($D$2:$D$830)","=IFERROR(($AT316-G316)/$AT316,0)","=IFERROR(($AU316-D316)/$AU316,0)","=$AU316-D316"
"Beachfront Views w/ Elevator, Multiple Decks + Community Pool & MORE!",Sand `N Sea Properties,,38277,62864,1234.74,27.43,198,5,4,14,true,true,false,true,true,false,true,Home/Apartment,House,House/villa,0,0,3,21+,Luxury,false,0,true,31,9,2026-05-15,Galveston,Galveston,Galveston,Texas,77554,United States,coastal,https://www.vrbo.com/4706149,"https://media.vrbo.com/lodging/119000000/118940000/118937000/118936903/43f63c46.jpg?impolicy=resizecrop&rw=1200&ra=fit",,4706149,29.103505,-95.095686,"=AVERAGE($G$2:$G$830)","=AVERAGE($D$2:$D$830)","=IFERROR(($AT317-G317)/$AT317,0)","=IFERROR(($AU317-D317)/$AU317,0)","=$AU317-D317"
"Fully Updated Beachside Home w/ Short Walk to Beach, Open Living/Dining",Sand `N Sea Properties,,38172,49968,658.14,34.52,300,4,2,11,true,false,false,true,true,false,false,Home/Apartment,House,House/villa,0,0,3,21+,Luxury,false,125,true,58,13,2026-05-15,Galveston,Galveston,Galveston,Texas,77554,United States,coastal,https://www.vrbo.com/2637812,"https://media.vrbo.com/lodging/75000000/74800000/74797200/74797190/cb6ee888.jpg?impolicy=resizecrop&rw=1200&ra=fit",,2637812,29.206703,-94.932945,"=AVERAGE($G$2:$G$830)","=AVERAGE($D$2:$D$830)","=IFERROR(($AT318-G318)/$AT318,0)","=IFERROR(($AU318-D318)/$AU318,0)","=$AU318-D318"
2 Masters/Fully Furnished/Short Walk to Beach,117019780,,38005,42748,717.08,50.96,112,4,3,12,true,false,false,true,true,false,false,Home/Apartment,House,House/villa,5,82,2,2-5,Luxury,true,150,false,53,16,2025-07-31,Galveston,Galveston,Galveston,Texas,77554,United States,coastal,https://www.airbnb.com/rooms/51907904,https://a0.muscache.com/im/pictures/miso/Hosting-51907904/original/df2e2750-4893-4b77-8f81-8c8dcd6e442a.jpeg,51907904,2367337,29.10846,-95.09144,"=AVERAGE($G$2:$G$830)","=AVERAGE($D$2:$D$830)","=IFERROR(($AT319-G319)/$AT319,0)","=IFERROR(($AU319-D319)/$AU319,0)","=$AU319-D319"
Serene Lagoon-Front Home. Best Sunset View in Beachtown - 4 bed/3 bath. Elevator,Beachtown Realty,,37818,40005,804.64,20,341,4,3,10,true,false,false,true,true,false,true,Home/Apartment,House,House/villa,4.9,10,3,21+,Luxury,false,350,true,47,13,2026-05-16,Galveston,Galveston,Galveston,Texas,77550,United States,coastal,https://www.vrbo.com/2783200,"https://media.vrbo.com/lodging/79000000/78050000/78043100/78043094/0daf9b92.jpg?impolicy=resizecrop&rw=1200&ra=fit",,2783200,29.319911,-94.752198,"=AVERAGE($G$2:$G$830)","=AVERAGE($D$2:$D$830)","=IFERROR(($AT320-G320)/$AT320,0)","=IFERROR(($AU320-D320)/$AU320,0)","=$AU320-D320"
"Gorgeous Home in Beachtown Galveston - 4 Bedroom, 3.5 Bathrooms w/Elevator",Beachtown Realty,,37801,43382,804.28,20,330,4,3,9,true,false,false,true,true,false,true,Home/Apartment,House,House/villa,5,5,2,21+,Luxury,false,348,true,47,15,2026-05-16,Galveston,Galveston,Galveston,Texas,77550,United States,coastal,https://www.vrbo.com/2819852,"https://media.vrbo.com/lodging/79000000/78460000/78456200/78456158/ad4ed8fe.jpg?impolicy=resizecrop&rw=1200&ra=fit",,2819852,29.320071,-94.751942,"=AVERAGE($G$2:$G$830)","=AVERAGE($D$2:$D$830)","=IFERROR(($AT321-G321)/$AT321,0)","=IFERROR(($AU321-D321)/$AU321,0)","=$AU321-D321"
Canal Home•Dock•3 Min to Beach•Boat•Pets•King Beds,162271997,,37728,41547,769.96,35.25,255,4,2,10,true,false,false,true,true,true,true,Home/Apartment,House,House/villa,4.95,67,4,2-5,Luxury,false,325,false,49,6,2026-05-13,Galveston,Galveston,Galveston,Texas,77554,United States,coastal,https://www.airbnb.com/rooms/47967985,https://a0.muscache.com/im/pictures/e4799078-704e-4fa6-b7fd-af7586558a87.jpg,47967985,2177182,29.14494,-95.05236,"=AVERAGE($G$2:$G$830)","=AVERAGE($D$2:$D$830)","=IFERROR(($AT322-G322)/$AT322,0)","=IFERROR(($AU322-D322)/$AU322,0)","=$AU322-D322"
"Bay House with Private Pool, Fishing, Kayaking & Sun Fun. Quiet neighborhood.",,,37519,86678,833.76,91.84,103,4,4,12,true,false,false,true,true,false,true,Home/Apartment,House,House/villa,5,1,21,1,Luxury,false,198,true,45,3,2026-05-03,Galveston,Galveston,Galveston,Texas,77554,United States,coastal,https://www.vrbo.com/4178791,"https://media.vrbo.com/lodging/109000000/108550000/108548300/108548227/974ef036.jpg?impolicy=resizecrop&rw=1200&ra=fit",,4178791,29.14006,-95.05571,"=AVERAGE($G$2:$G$830)","=AVERAGE($D$2:$D$830)","=IFERROR(($AT323-G323)/$AT323,0)","=IFERROR(($AU323-D323)/$AU323,0)","=$AU323-D323"
Cargo Lift-Pet Friendly-GreenLight Fishing-Kayaks-Paddleboards-Private Boat Dock,,,37495,39697,694.35,30.86,176,4,3,12,true,false,false,true,true,true,true,Home/Apartment,House,House/villa,5,86,2,1,Luxury,false,180,true,54,16,2025-08-01,Galveston,Galveston,Galveston,Texas,77554,United States,coastal,https://www.vrbo.com/2416855,"https://media.vrbo.com/lodging/71000000/70130000/70128700/70128649/de9a73ca.jpg?impolicy=resizecrop&rw=1200&ra=fit",,2416855,29.145167,-95.050044,"=AVERAGE($G$2:$G$830)","=AVERAGE($D$2:$D$830)","=IFERROR(($AT324-G324)/$AT324,0)","=IFERROR(($AU324-D324)/$AU324,0)","=$AU324-D324"
The Green Seahorse - 2nd row beauty with ALL the extras!,Cobb Real Estate,,37122,50775,629.19,38.06,297,4,3,16,false,false,false,true,true,true,false,Home/Apartment,House,House/villa,5,13,2,21+,Luxury,false,0,true,59,13,2026-05-16,Galveston,Port Bolivar,Port Bolivar,Texas,77650,United States,coastal,https://www.vrbo.com/2711685,"https://media.vrbo.com/lodging/77000000/76490000/76481800/76481735/93bf4267.jpg?impolicy=resizecrop&rw=1200&ra=fit",,2711685,29.476008,-94.581083,"=AVERAGE($G$2:$G$830)","=AVERAGE($D$2:$D$830)","=IFERROR(($AT325-G325)/$AT325,0)","=IFERROR(($AU325-D325)/$AU325,0)","=$AU325-D325"
"The Good Life | Luxury Canal Home, Private Pool",Ryson Vacation Rentals by Vtrips,,37105,79540,1374.26,22.88,288,5,6,12,true,false,false,true,false,false,true,Home/Apartment,House,House/villa,4.9,11,3,21+,Luxury,false,650,true,27,6,2026-05-13,Galveston,Galveston,Galveston,Texas,77554,United States,coastal,https://www.airbnb.com/rooms/50267324,https://a0.muscache.com/im/pictures/prohost-api/Hosting-50267324/original/3eec2466-9d95-4dc1-b7fb-5b9a7acbb851.jpeg,50267324,2687990,29.1944,-94.9812,"=AVERAGE($G$2:$G$830)","=AVERAGE($D$2:$D$830)","=IFERROR(($AT326-G326)/$AT326,0)","=IFERROR(($AU326-D326)/$AU326,0)","=$AU326-D326"
Beachfront Bliss!  Oceanfront home sleeps 10.,678495859,,36577,47997,665.04,30.73,315,4,4,10,true,false,false,true,true,false,false,Home/Apartment,House,House/villa,4.95,19,2,1,Luxury,false,276,false,55,19,2026-05-14,Galveston,Galveston,Galveston,Texas,77554,United States,coastal,https://www.airbnb.com/rooms/1355212286888891087,https://a0.muscache.com/im/pictures/miso/Hosting-1355212286888891087/original/af9a3c0e-6fec-4536-88cb-e150fee0e27b.jpeg,1355212286888891087,4045389,29.1071,-95.0909,"=AVERAGE($G$2:$G$830)","=AVERAGE($D$2:$D$830)","=IFERROR(($AT327-G327)/$AT327,0)","=IFERROR(($AU327-D327)/$AU327,0)","=$AU327-D327"
"Elevator, Wet Bar, Pool Table, Several King Suites",Sand `N Sea Properties,,36551,88545,891.49,22.28,254,4,3,12,true,false,false,true,true,true,true,Home/Apartment,House,House/villa,4.9,9,2,21+,Luxury,true,498,true,41,11,2026-03-17,Galveston,Galveston,Galveston,Texas,77554,United States,coastal,https://www.airbnb.com/rooms/1356535318707307347,https://a0.muscache.com/im/pictures/prohost-api/Hosting-1356535318707307347/original/97e5dbe1-4dc8-4bac-8063-425918ba2d6e.jpeg,1356535318707307347,2637714,29.1982628676,-94.9421800908,"=AVERAGE($G$2:$G$830)","=AVERAGE($D$2:$D$830)","=IFERROR(($AT328-G328)/$AT328,0)","=IFERROR(($AU328-D328)/$AU328,0)","=$AU328-D328"
San Leon Vista Del Mare With Pool and Private Pier,272097094,,36056,36056,838.51,16.41,365,4,4,16,true,false,false,true,true,false,true,Home/Apartment,House,House/villa,4.75,28,2,1,Luxury,false,375,false,43,18,2026-02-28,Galveston,Dickinson,Dickinson,Texas,77539,United States,coastal,https://www.airbnb.com/rooms/816170425879752742,https://a0.muscache.com/im/pictures/miso/Hosting-816170425879752742/original/8f185cfc-82a5-4df3-a562-32f80a214062.jpeg,816170425879752742,3224485,29.4992,-94.9284,"=AVERAGE($G$2:$G$830)","=AVERAGE($D$2:$D$830)","=IFERROR(($AT329-G329)/$AT329,0)","=IFERROR(($AU329-D329)/$AU329,0)","=$AU329-D329"
Family Tides-Luxury at Pointe West Resort,Coastal Waves Vacations,,35783,36155,650.6,42.64,360,4,3,10,true,true,true,true,true,false,true,Home/Apartment,House,House/villa,4.8,49,2,21+,Luxury,false,318,false,55,13,2026-05-15,Galveston,Galveston,Galveston,Texas,77554,United States,coastal,https://www.airbnb.com/rooms/34840734,https://a0.muscache.com/im/pictures/prohost-api/Hosting-34840734/original/18bcd093-2eb3-44e1-bfc3-dc82aed78941.jpeg,34840734,4521886ha,29.1072,-95.0922,"=AVERAGE($G$2:$G$830)","=AVERAGE($D$2:$D$830)","=IFERROR(($AT330-G330)/$AT330,0)","=IFERROR(($AU330-D330)/$AU330,0)","=$AU330-D330"
"Elevator, 2nd row Gulf views, Fenced Yard, 2 Covered Decks & More",Sand `N Sea Properties,,35494,46868,1075.58,19.3,305,4,4,14,true,false,false,true,true,true,false,Home/Apartment,House,House/villa,4.7,3,2,21+,Luxury,false,275,true,33,10,2026-05-13,Galveston,Galveston,Galveston,Texas,77554,United States,coastal,https://www.vrbo.com/2659559,"https://media.vrbo.com/lodging/76000000/75270000/75267100/75267034/65c33fad.jpg?impolicy=resizecrop&rw=1200&ra=fit",,2659559,29.229735,-94.89326,"=AVERAGE($G$2:$G$830)","=AVERAGE($D$2:$D$830)","=IFERROR(($AT331-G331)/$AT331,0)","=IFERROR(($AU331-D331)/$AU331,0)","=$AU331-D331"
Beachfront | Swim Spa | Game Room | Sleeps 15,Southern Sands Property Management Group,,35450,35450,656.48,62.07,120,4,3,15,true,false,true,true,true,true,true,Home/Apartment,House,House/villa,5,6,3,21+,Luxury,true,550,false,54,16,2026-05-15,Galveston,Galveston,Galveston,Texas,77554,United States,coastal,https://www.airbnb.com/rooms/1592109866452662364,https://a0.muscache.com/im/pictures/prohost-api/Hosting-1592109866452662364/original/955ba7ec-b9cf-47af-a0c2-95540d2f30d6.jpeg,1592109866452662364,5031258,29.1233,-95.0671,"=AVERAGE($G$2:$G$830)","=AVERAGE($D$2:$D$830)","=IFERROR(($AT332-G332)/$AT332,0)","=IFERROR(($AU332-D332)/$AU332,0)","=$AU332-D332"
4BR Gated Beachfront| Gulf View| Sleeps 12| Dog OK,569158452,,34921,41660,831.45,22.34,343,4,3,12,true,false,false,true,true,true,false,Home/Apartment,House,House/villa,5,11,2,6-20,Luxury,true,422,false,42,11,2026-05-15,Galveston,Galveston,Galveston,Texas,77550,United States,coastal,https://www.airbnb.com/rooms/1424992329315714586,https://a0.muscache.com/im/pictures/miso/Hosting-1424992329315714586/original/f14d7eda-c4de-44b2-a951-5570d25ac7a1.jpeg,1424992329315714586,4602250,29.31,-94.7634,"=AVERAGE($G$2:$G$830)","=AVERAGE($D$2:$D$830)","=IFERROR(($AT333-G333)/$AT333,0)","=IFERROR(($AU333-D333)/$AU333,0)","=$AU333-D333"
"Seize the Bay w/ Panoramic Bay Views, 2 Living Areas, Chef's Kitchen & More!",Sand `N Sea Properties,,34866,52744,683.65,25.63,283,4,2,12,true,true,false,true,true,false,true,Home/Apartment,House,House/villa,5,3,2,21+,Luxury,false,0,true,51,13,2026-05-14,Galveston,Galveston,Galveston,Texas,77554,United States,coastal,https://www.vrbo.com/4044158,"https://media.vrbo.com/lodging/106000000/105950000/105945000/105944966/46f663f0.jpg?impolicy=resizecrop&rw=1200&ra=fit",,4044158,29.100338,-95.107625,"=AVERAGE($G$2:$G$830)","=AVERAGE($D$2:$D$830)","=IFERROR(($AT334-G334)/$AT334,0)","=IFERROR(($AU334-D334)/$AU334,0)","=$AU334-D334"
Villa with private pool and game room on 5+ acres,StayBeachBox Vacations,,34565,40507,960.14,33.03,109,6,3,16,true,false,false,true,true,true,true,Home/Apartment,House,House/villa,4.1,43,2,21+,Luxury,false,220,true,36,14,2025-10-21,Galveston,Galveston,Galveston,Texas,77554,United States,coastal,https://www.airbnb.com/rooms/918884551530913487,https://a0.muscache.com/im/ml/photo_enhancement/pictures/prohost-api/Hosting-918884551530913487/original/7e6e5f95-a352-4075-9c30-a05e733f4689.jpeg,918884551530913487,4150672,29.2364185316,-94.9135027602,"=AVERAGE($G$2:$G$830)","=AVERAGE($D$2:$D$830)","=IFERROR(($AT335-G335)/$AT335,0)","=IFERROR(($AU335-D335)/$AU335,0)","=$AU335-D335"
"NEW to Vrbo! Hot Tub, Huge Deck, Boat Dock, Quick Bay Access, Pet Friendly",Sand `N Sea Properties,,34393,50864,929.54,16.97,314,4,2,12,true,false,true,true,true,true,true,Home/Apartment,House,House/villa,5,9,2,21+,Luxury,false,0,true,37,12,2026-05-15,Galveston,Galveston,Galveston,Texas,77554,United States,coastal,https://www.vrbo.com/3991658,"https://media.vrbo.com/lodging/105000000/104850000/104846900/104846874/3a27e581.jpg?impolicy=resizecrop&rw=1200&ra=fit",,3991658,29.198932,-94.986958,"=AVERAGE($G$2:$G$830)","=AVERAGE($D$2:$D$830)","=IFERROR(($AT336-G336)/$AT336,0)","=IFERROR(($AU336-D336)/$AU336,0)","=$AU336-D336"
"Beachfront w/ Gulf Views from Every Bedroom, Large Kitchen/Dining, Fenced Yard",Sand `N Sea Properties,,34340,50629,817.62,38.89,168,4,4,12,true,false,false,true,true,false,false,Home/Apartment,House,House/villa,5,1,1,21+,Luxury,false,125,true,42,11,2026-01-11,Galveston,Galveston,Galveston,Texas,77554,United States,coastal,https://www.vrbo.com/2637742,"https://media.vrbo.com/lodging/75000000/74800000/74797000/74796954/bbed1abd.jpg?impolicy=resizecrop&rw=1200&ra=fit",,2637742,29.12072,-95.07094,"=AVERAGE($G$2:$G$830)","=AVERAGE($D$2:$D$830)","=IFERROR(($AT337-G337)/$AT337,0)","=IFERROR(($AU337-D337)/$AU337,0)","=$AU337-D337"
Oceanfront property - vacation and wedding venue!,179430967,,34203,77551,855.08,25.48,246,4,3,16,true,false,false,true,true,true,false,Home/Apartment,House,House/villa,4.75,64,3,1,Luxury,false,400,true,40,12,2026-05-17,Galveston,Port Bolivar,Port Bolivar,Texas,77650,United States,coastal,https://www.airbnb.com/rooms/695140629879149293,https://a0.muscache.com/im/pictures/hosting/Hosting-695140629879149293/original/532c0ba7-c30c-4b55-b077-5e26871fb608.jpeg,695140629879149293,2936792,29.4306,-94.6733,"=AVERAGE($G$2:$G$830)","=AVERAGE($D$2:$D$830)","=IFERROR(($AT338-G338)/$AT338,0)","=IFERROR(($AU338-D338)/$AU338,0)","=$AU338-D338"
Beautifully decorated family home at the Beach,100179277,,34030,37729,895.53,33.63,113,4,3,10,true,false,true,true,true,false,false,Home/Apartment,House,House/villa,5,79,2,2-5,Luxury,false,275,true,38,11,2025-03-13,Galveston,Galveston,Galveston,Texas,77554,United States,coastal,https://www.airbnb.com/rooms/51961272,https://a0.muscache.com/im/pictures/miso/Hosting-51961272/original/943618b5-028b-43f2-b213-7ad41bf334b1.jpeg,51961272,2452118,29.23188,-94.88956,"=AVERAGE($G$2:$G$830)","=AVERAGE($D$2:$D$830)","=IFERROR(($AT339-G339)/$AT339,0)","=IFERROR(($AU339-D339)/$AU339,0)","=$AU339-D339"
Spacious home with incredible ocean views,StayBeachBox Vacations,,33726,40718,1606,18.58,113,6,5,16,true,false,false,true,true,true,false,Home/Apartment,House,House/villa,4.6,336,1,21+,Luxury,false,295,true,21,6,2025-03-17,Galveston,Galveston,Galveston,Texas,77554,United States,coastal,https://www.airbnb.com/rooms/19552299,https://a0.muscache.com/im/pictures/miso/Hosting-19552299/original/aaa70609-92c2-4da3-a8b9-62f0111d1050.png,19552299,1116956,29.2301,-94.8926,"=AVERAGE($G$2:$G$830)","=AVERAGE($D$2:$D$830)","=IFERROR(($AT340-G340)/$AT340,0)","=IFERROR(($AU340-D340)/$AU340,0)","=$AU340-D340"
"Updated 2nd Row Home w/ 3 Decks, 2 Living Areas & Pointe West Resort Amenities",Sand `N Sea Properties,,33690,59919,910.54,21.14,287,4,3,12,true,true,false,true,true,false,true,Home/Apartment,House,House/villa,4.8,5,2,21+,Luxury,false,150,true,37,11,2026-05-16,Galveston,Galveston,Galveston,Texas,77554,United States,coastal,https://www.vrbo.com/2637755,"https://media.vrbo.com/lodging/75000000/74800000/74797000/74796991/404f8e28.jpg?impolicy=resizecrop&rw=1200&ra=fit",,2637755,29.104132,-95.095609,"=AVERAGE($G$2:$G$830)","=AVERAGE($D$2:$D$830)","=IFERROR(($AT341-G341)/$AT341,0)","=IFERROR(($AU341-D341)/$AU341,0)","=$AU341-D341"
"Private Pool, Hot Tub & Dock, Easy Bay Access",Sand `N Sea Properties,,32767,86346,780.17,61.76,68,4,3,10,true,false,false,true,true,false,true,Home/Apartment,House,House/villa,4.5,4,2,21+,Luxury,true,440,true,42,12,2025-10-25,Galveston,Galveston,Galveston,Texas,77554,United States,coastal,https://www.airbnb.com/rooms/1355068686060463160,https://a0.muscache.com/im/pictures/prohost-api/Hosting-1355068686060463160/original/a8afdab3-0100-4bdf-baec-95b4b1fd5327.jpeg,1355068686060463160,4427164,29.1980562638,-94.9889063215,"=AVERAGE($G$2:$G$830)","=AVERAGE($D$2:$D$830)","=IFERROR(($AT342-G342)/$AT342,0)","=IFERROR(($AU342-D342)/$AU342,0)","=$AU342-D342"
2nd Row w/Gulf Views | Sleeps 14 | 1 King 6 Queens,86724089,,32560,41539,493.33,28.57,295,4,3,14,true,false,false,true,true,true,false,Home/Apartment,House,House/villa,4.9,119,2,1,Luxury,false,324,false,66,19,2026-05-11,Galveston,Port Bolivar,Port Bolivar,Texas,77650,United States,coastal,https://www.airbnb.com/rooms/26720812,https://a0.muscache.com/im/pictures/hosting/Hosting-26720812/original/3fd7aa92-3111-42ed-bb41-57b5a7c7ee41.png,26720812,1307354,29.4686987311,-94.5972669167,"=AVERAGE($G$2:$G$830)","=AVERAGE($D$2:$D$830)","=IFERROR(($AT343-G343)/$AT343,0)","=IFERROR(($AU343-D343)/$AU343,0)","=$AU343-D343"
4BR ocean-view home with wraparound deck,Vacasa,,31936,35280,725.82,30.99,142,4,4,14,true,false,false,true,true,false,false,Home/Apartment,House,House/villa,4.65,14,2,21+,Luxury,false,280,true,44,15,2025-08-26,Galveston,Port Bolivar,Gilchrist,Texas,77617,United States,coastal,https://www.airbnb.com/rooms/1055643026618258374,https://a0.muscache.com/im/pictures/prohost-api/Hosting-1055643026618258374/original/ffa68a17-2154-4a8c-a084-50e446b49966.jpeg,1055643026618258374,3781300,29.51238,-94.48986,"=AVERAGE($G$2:$G$830)","=AVERAGE($D$2:$D$830)","=IFERROR(($AT344-G344)/$AT344,0)","=IFERROR(($AU344-D344)/$AU344,0)","=$AU344-D344"
"2nd Row Gulf Views, Open Floor Plan, Dog Friendly",Sand `N Sea Properties,,31881,47931,759.07,23.73,316,4,4,14,true,false,false,true,true,true,false,Home/Apartment,House,House/villa,4.15,9,2,21+,Luxury,false,554,true,42,13,2026-05-16,Galveston,Galveston,Galveston,Texas,77554,United States,coastal,https://www.airbnb.com/rooms/1359476680399919298,https://a0.muscache.com/im/pictures/prohost-api/Hosting-1359476680399919298/original/30a4e48d-0a83-40b9-869e-f9c4a78238e2.jpeg,1359476680399919298,2637777,29.1708512267,-94.9923459447,"=AVERAGE($G$2:$G$830)","=AVERAGE($D$2:$D$830)","=IFERROR(($AT345-G345)/$AT345,0)","=IFERROR(($AU345-D345)/$AU345,0)","=$AU345-D345"
Sleeps 23! Hendley Market Lofts,IStay Vacations,,30365,105903,2168.93,13.46,238,8,6,16,true,false,false,true,true,false,false,Home/Apartment,House,House/villa,5,1,3,6-20,Luxury,true,1040,false,14,7,2026-04-17,Galveston,Galveston,Galveston,Texas,77550,United States,coastal,https://www.airbnb.com/rooms/767411810044423751,https://a0.muscache.com/im/pictures/miso/Hosting-767411810044423751/original/e5309884-817d-4c53-aec5-a674819db013.jpeg,767411810044423751,3223638,29.30895,-94.79222,"=AVERAGE($G$2:$G$830)","=AVERAGE($D$2:$D$830)","=IFERROR(($AT346-G346)/$AT346,0)","=IFERROR(($AU346-D346)/$AU346,0)","=$AU346-D346"
Serene Beach Home with Pool!,440341900,,29361,30088,917.53,16.33,362,4,3,12,true,false,false,true,true,false,true,Home/Apartment,House,House/villa,5,19,2,2-5,Luxury,true,337,false,32,11,2026-05-14,Galveston,Galveston,Galveston,Texas,77554,United States,coastal,https://www.airbnb.com/rooms/796324408896058885,https://a0.muscache.com/im/pictures/prohost-api/Hosting-796324408896058885/original/35ce81b3-8d84-45a0-a4df-e88a2a4609f2.jpeg,796324408896058885,3303546,29.2003,-94.9472,"=AVERAGE($G$2:$G$830)","=AVERAGE($D$2:$D$830)","=IFERROR(($AT347-G347)/$AT347,0)","=IFERROR(($AU347-D347)/$AU347,0)","=$AU347-D347"
"Beach front custom home in Pointe West, Galveston",Bay To Beach Properties,,28401,61780,1290.95,20,135,4,3,8,true,false,false,true,true,false,true,Home/Apartment,House,House/villa,5,6,3,21+,Luxury,true,400,true,22,7,2026-05-14,Galveston,Galveston,Galveston,Texas,77554,United States,coastal,https://www.airbnb.com/rooms/1134112846847492799,https://a0.muscache.com/im/pictures/hosting/Hosting-1134112846847492799/original/75118711-3539-4de7-86ee-b4c4a19dc485.jpeg,1134112846847492799,3855857,29.1061,-95.0919,"=AVERAGE($G$2:$G$830)","=AVERAGE($D$2:$D$830)","=IFERROR(($AT348-G348)/$AT348,0)","=IFERROR(($AU348-D348)/$AU348,0)","=$AU348-D348"
"Great GulfCoast view in Pointe West, Galveston, TX",Bay To Beach Properties,,28367,36559,746.5,22.22,340,4,4,12,true,true,false,true,true,false,true,Home/Apartment,House,House/villa,5,6,3,21+,Luxury,true,401,true,38,11,2026-05-15,Galveston,Galveston,Galveston,Texas,77554,United States,coastal,https://www.airbnb.com/rooms/1413698203025135516,"https://a0.muscache.com/im/pictures/hosting/Hosting-U3RheVN1cHBseUxpc3Rpbmc6MTQxMzY5ODIwMzAyNTEzNTUxNg==/original/58649d3a-ce9f-4c37-8ed5-9c37f93caee0.jpeg",1413698203025135516,4566550,29.1085,-95.0904,"=AVERAGE($G$2:$G$830)","=AVERAGE($D$2:$D$830)","=IFERROR(($AT349-G349)/$AT349,0)","=IFERROR(($AU349-D349)/$AU349,0)","=$AU349-D349"
It's Island Time at Sand Dollar Beach Red Edition,346263631,,28060,31491,801.71,23.65,335,4,4,10,true,false,false,true,true,false,false,Home/Apartment,House,House/villa,4.9,79,2,2-5,Luxury,false,251,false,35,10,2026-05-13,Galveston,Galveston,Galveston,Texas,77554,United States,coastal,https://www.airbnb.com/rooms/43867132,https://a0.muscache.com/im/pictures/d91334e9-ce45-4580-8dbc-8e7488b8869d.jpg,43867132,,29.22296,-94.90456,"=AVERAGE($G$2:$G$830)","=AVERAGE($D$2:$D$830)","=IFERROR(($AT350-G350)/$AT350,0)","=IFERROR(($AU350-D350)/$AU350,0)","=$AU350-D350"
Little Slice of Paradise,Swedes Real Estate,,27958,30863,650.19,32.33,354,4,3,16,true,true,false,true,false,true,false,Home/Apartment,House,House/villa,3.5,2,2,21+,Luxury,false,352,true,43,8,2026-05-15,Galveston,Port Bolivar,Port Bolivar,Texas,77650,United States,coastal,https://www.airbnb.com/rooms/1424675136044329511,https://a0.muscache.com/im/pictures/prohost-api/Hosting-1424675136044329511/original/40ddb622-aee7-4d2d-9d47-82cdc685f8e9.jpeg,1424675136044329511,4580532,29.4639,-94.61,"=AVERAGE($G$2:$G$830)","=AVERAGE($D$2:$D$830)","=IFERROR(($AT351-G351)/$AT351,0)","=IFERROR(($AU351-D351)/$AU351,0)","=$AU351-D351"
4BR Modern and spacious house with water view,Vacasa,,27830,32272,618.44,22.84,220,4,4,13,true,true,false,true,true,true,true,Home/Apartment,House,House/villa,4.9,5,2,21+,Luxury,false,403,true,45,16,2025-11-26,Galveston,Galveston,Galveston,Texas,77554,United States,coastal,https://www.airbnb.com/rooms/1422654566214364849,https://a0.muscache.com/im/pictures/prohost-api/Hosting-1422654566214364849/original/3fd64bd1-c0d5-44c7-ad34-0d099442a3a7.jpeg,1422654566214364849,4595705,29.1109955389,-95.0968856481,"=AVERAGE($G$2:$G$830)","=AVERAGE($D$2:$D$830)","=IFERROR(($AT352-G352)/$AT352,0)","=IFERROR(($AU352-D352)/$AU352,0)","=$AU352-D352"
Living the Dream- Canal Bay home with Pool! -2 night minimum stay. No Pets ,,,27678,44832,709.69,29.77,309,4,3,12,true,false,true,true,true,false,true,Home/Apartment,House,House/villa,5,34,2,1,Luxury,false,175,false,39,11,2026-05-16,Galveston,Galveston,Galveston,Texas,77554,United States,coastal,https://www.vrbo.com/1246459,"https://media.vrbo.com/lodging/35000000/34440000/34439500/34439497/w828h620x0y586-cbbeea99.jpg?impolicy=resizecrop&rw=1200&ra=fit",,1246459,29.136313,-95.061186,"=AVERAGE($G$2:$G$830)","=AVERAGE($D$2:$D$830)","=IFERROR(($AT353-G353)/$AT353,0)","=IFERROR(($AU353-D353)/$AU353,0)","=$AU353-D353"
"Namaste – Peaceful Beach Retreat w/ Hot Tub, Bunk Room, & Gulf Views",Vacasa,,27409,30470,685.23,29.41,183,4,5,14,true,true,true,true,true,false,true,Home/Apartment,House,House/villa,5,2,2,21+,Luxury,false,387,true,40,10,2025-12-05,Galveston,Galveston,Galveston,Texas,77554,United States,coastal,https://www.vrbo.com/4625966,"https://media.vrbo.com/lodging/118000000/117170000/117160300/117160270/edd63188.jpg?impolicy=resizecrop&rw=1200&ra=fit",,4625966,29.10841,-95.09216,"=AVERAGE($G$2:$G$830)","=AVERAGE($D$2:$D$830)","=IFERROR(($AT354-G354)/$AT354,0)","=IFERROR(($AU354-D354)/$AU354,0)","=$AU354-D354"
Pirates Beach West 4 br and 3.5 bath sleeps 10-13 depending with small children,,,27020,29964,730.27,22.7,350,4,3,14,true,false,false,true,true,false,false,Home/Apartment,House,House/villa,5,12,2,1,Luxury,false,250,false,37,10,2026-05-16,Galveston,Galveston,Galveston,Texas,77554,United States,coastal,https://www.vrbo.com/2304648,"https://media.vrbo.com/lodging/68000000/67430000/67422100/67422099/bfd79398.jpg?impolicy=resizecrop&rw=1200&ra=fit",,2304648,29.19874,-94.946961,"=AVERAGE($G$2:$G$830)","=AVERAGE($D$2:$D$830)","=IFERROR(($AT355-G355)/$AT355,0)","=IFERROR(($AU355-D355)/$AU355,0)","=$AU355-D355"
"Contemporary Beachside Home w/ 3 Decks, Walk to Beach, 9mi to Historic Downtown",Sand `N Sea Properties,,26653,29603,683.41,23.35,247,4,5,10,true,false,false,true,true,false,false,Home/Apartment,House,House/villa,4,2,1,21+,Luxury,false,125,true,39,9,2026-03-03,Galveston,Galveston,Galveston,Texas,77554,United States,coastal,https://www.vrbo.com/2637804,"https://media.vrbo.com/lodging/75000000/74800000/74797200/74797157/40f4e9cc.jpg?impolicy=resizecrop&rw=1200&ra=fit",,2637804,29.22929,-94.89484,"=AVERAGE($G$2:$G$830)","=AVERAGE($D$2:$D$830)","=IFERROR(($AT356-G356)/$AT356,0)","=IFERROR(($AU356-D356)/$AU356,0)","=$AU356-D356"
"Hot Tub w/ Gulf View, 2 Decks, Steps from Beach",Sand `N Sea Properties,,26582,65308,805.52,29.2,226,4,2,10,true,false,true,true,true,true,false,Home/Apartment,House,House/villa,4.65,6,2,21+,Luxury,false,414,false,33,13,2026-05-15,Galveston,Galveston,Galveston,Texas,77554,United States,coastal,https://www.airbnb.com/rooms/1634192931351338668,https://a0.muscache.com/im/pictures/hosting/Hosting-1634192931351338668/original/4365b88e-3496-4c17-8983-ec747394639a.jpeg,1634192931351338668,2637744,29.1293,-95.05747,"=AVERAGE($G$2:$G$830)","=AVERAGE($D$2:$D$830)","=IFERROR(($AT357-G357)/$AT357,0)","=IFERROR(($AU357-D357)/$AU357,0)","=$AU357-D357"
NEW Sleeps 10 Hendley Market Lofts 2nd floor,IStay Vacations,,26421,48892,943.61,16.97,237,4,3,10,true,false,false,true,true,false,false,Home/Apartment,House,House/villa,5,4,2,6-20,Luxury,true,518,false,28,12,2026-03-09,Galveston,Galveston,Galveston,Texas,77550,United States,coastal,https://www.airbnb.com/rooms/767408460555737667,https://a0.muscache.com/im/pictures/miso/Hosting-767408460555737667/original/cc6e3b0b-f47f-4ccd-aad5-f5658b4bd836.jpeg,767408460555737667,,29.3082,-94.7915,"=AVERAGE($G$2:$G$830)","=AVERAGE($D$2:$D$830)","=IFERROR(($AT358-G358)/$AT358,0)","=IFERROR(($AU358-D358)/$AU358,0)","=$AU358-D358"
"NEW to Vrbo! Private Pool w/ Slide, Elevator, 2 Living Areas, Easy Bay Access",Sand `N Sea Properties,,26290,75842,1143.04,16.31,229,6,3,16,true,false,false,true,true,false,true,Home/Apartment,House,House/villa,5,2,2,21+,Luxury,false,0,true,23,7,2026-05-16,Galveston,Galveston,Galveston,Texas,77554,United States,coastal,https://www.vrbo.com/4199145,"https://media.vrbo.com/lodging/109000000/109000000/108996800/108996752/e91ec198.jpg?impolicy=resizecrop&rw=1200&ra=fit",,4199145,29.139282,-95.053389,"=AVERAGE($G$2:$G$830)","=AVERAGE($D$2:$D$830)","=IFERROR(($AT359-G359)/$AT359,0)","=IFERROR(($AU359-D359)/$AU359,0)","=$AU359-D359"
"Elevator, 3 Decks, 2 Living Areas, Gated Community",Sand `N Sea Properties,,26285,53823,657.12,19.61,323,4,4,12,true,false,false,true,true,true,false,Home/Apartment,House,House/villa,4.35,3,2,21+,Luxury,false,576,true,40,11,2026-05-15,Galveston,Galveston,Galveston,Texas,77554,United States,coastal,https://www.airbnb.com/rooms/1442002469386425620,https://a0.muscache.com/im/pictures/prohost-api/Hosting-1442002469386425620/original/ceeee7b6-d2fd-4297-a8cc-6242f08f5909.jpeg,1442002469386425620,2637780,29.2308376938,-94.8911375908,"=AVERAGE($G$2:$G$830)","=AVERAGE($D$2:$D$830)","=IFERROR(($AT360-G360)/$AT360,0)","=IFERROR(($AU360-D360)/$AU360,0)","=$AU360-D360"
"Beachfront 4BR | Tiki Bar, Outdoor Games, Ocean Vi",Bolivar Vacations,,26220,26885,749.14,18.92,213,4,2,12,true,false,false,true,true,true,false,Home/Apartment,House,House/villa,4.9,73,2,21+,Luxury,true,305,true,35,10,2025-06-11,Galveston,Port Bolivar,Gilchrist,Texas,77617,United States,coastal,https://www.airbnb.com/rooms/1419717475728834617,https://a0.muscache.com/im/pictures/prohost-api/Hosting-1419717475728834617/original/7d60f426-f168-4c3d-84b5-b9a465a48e73.png,1419717475728834617,1972834,29.49842,-94.52647,"=AVERAGE($G$2:$G$830)","=AVERAGE($D$2:$D$830)","=IFERROR(($AT361-G361)/$AT361,0)","=IFERROR(($AU361-D361)/$AU361,0)","=$AU361-D361"
"3rd Row in Beachside Village - Elevator, 4 Decks, 2 Suites, 9 Miles to Downtown",Sand `N Sea Properties,,25918,39393,996.85,15.2,292,4,3,12,true,false,false,true,true,true,false,Home/Apartment,House,House/villa,4.4,6,2,21+,Luxury,false,150,true,26,9,2026-05-16,Galveston,Galveston,Galveston,Texas,77554,United States,coastal,https://www.vrbo.com/2637740,"https://media.vrbo.com/lodging/75000000/74800000/74797000/74796948/1b037c08.jpg?impolicy=resizecrop&rw=1200&ra=fit",,2637740,29.232022,-94.890194,"=AVERAGE($G$2:$G$830)","=AVERAGE($D$2:$D$830)","=IFERROR(($AT362-G362)/$AT362,0)","=IFERROR(($AU362-D362)/$AU362,0)","=$AU362-D362"
Redfish Cove - Bayfront with Private Pool and 2 Pickleball and Basketball Courts,,,25768,58061,1840.57,17.95,78,5,5,14,true,false,true,true,true,false,true,Home/Apartment,House,House/villa,5,110,3,1,Luxury,false,600,false,14,2,2025-02-15,Galveston,Galveston,Galveston,Texas,77554,United States,coastal,https://www.vrbo.com/1779216,"https://media.vrbo.com/lodging/42000000/41930000/41920300/41920245/e66d1d32.jpg?impolicy=resizecrop&rw=1200&ra=fit",,1779216,29.128499,-95.07673,"=AVERAGE($G$2:$G$830)","=AVERAGE($D$2:$D$830)","=IFERROR(($AT363-G363)/$AT363,0)","=IFERROR(($AU363-D363)/$AU363,0)","=$AU363-D363"
"Beachfront Luxury! Huge Patio & Deck, Dog Friendly & Fenced, Stunning Gulf Views",Sand `N Sea Properties,,24862,47565,1183.9,24.71,284,4,3,12,true,false,false,true,true,true,false,Home/Apartment,House,House/villa,2,2,2,21+,Luxury,false,0,true,21,7,2026-05-16,Galveston,Galveston,Galveston,Texas,77554,United States,coastal,https://www.vrbo.com/2713570,"https://media.vrbo.com/lodging/77000000/76510000/76508000/76507918/7badea5e.jpg?impolicy=resizecrop&rw=1200&ra=fit",,2713570,29.225966,-94.898387,"=AVERAGE($G$2:$G$830)","=AVERAGE($D$2:$D$830)","=IFERROR(($AT364-G364)/$AT364,0)","=IFERROR(($AU364-D364)/$AU364,0)","=$AU364-D364"
Beachfront Home with Gulf view,413307057,,24583,24765,723.03,18.68,364,4,2,10,true,false,false,true,true,true,false,Home/Apartment,House,House/villa,5,3,2,2-5,Luxury,false,300,false,34,8,2026-05-14,Galveston,Galveston,Galveston,Texas,77554,United States,coastal,https://www.airbnb.com/rooms/1324952051856672276,https://a0.muscache.com/im/pictures/miso/Hosting-1324952051856672276/original/772eb631-a575-4d60-bab7-d81cbf1c0035.png,1324952051856672276,,29.16782,-94.9978,"=AVERAGE($G$2:$G$830)","=AVERAGE($D$2:$D$830)","=IFERROR(($AT365-G365)/$AT365,0)","=IFERROR(($AU365-D365)/$AU365,0)","=$AU365-D365"
Paradise Everyday - Walk to Beach + Ocean Views,532435079,,23860,32639,795.33,24.39,152,4,4,11,true,false,false,true,true,true,false,Home/Apartment,House,House/villa,5,5,2,21+,Luxury,false,508,true,30,11,2026-01-15,Galveston,Galveston,Galveston,Texas,77554,United States,coastal,https://www.airbnb.com/rooms/1411188239469117987,https://a0.muscache.com/im/pictures/prohost-api/Hosting-1411188239469117987/original/366a35e3-317f-463f-8099-8953ba10a793.jpeg,1411188239469117987,,29.1984,-94.9487,"=AVERAGE($G$2:$G$830)","=AVERAGE($D$2:$D$830)","=IFERROR(($AT366-G366)/$AT366,0)","=IFERROR(($AU366-D366)/$AU366,0)","=$AU366-D366"
"Blue Marlin Bayfront Retreat | Water View, Hot Tub",Gary Greene Vacation Rentals,,23579,29314,1071.77,28.95,202,4,3,14,true,false,false,true,true,false,false,Home/Apartment,House,House/villa,5,4,3,21+,Luxury,false,603,true,22,4,2025-10-08,Galveston,Galveston,Galveston,Texas,77554,United States,coastal,https://www.airbnb.com/rooms/1191295332221779033,https://a0.muscache.com/im/pictures/prohost-api/Hosting-1191295332221779033/original/a09dccb0-c33e-4c93-be79-823a6492ebe6.jpeg,1191295332221779033,4081989,29.1480414144,-95.047805627,"=AVERAGE($G$2:$G$830)","=AVERAGE($D$2:$D$830)","=IFERROR(($AT367-G367)/$AT367,0)","=IFERROR(($AU367-D367)/$AU367,0)","=$AU367-D367"
Beachfront | First Row Views | Sleeps 16,Southern Sands Property Management Group,,23362,23453,730.06,59.26,87,4,3,16,true,false,false,true,true,true,false,Home/Apartment,House,House/villa,5,5,3,21+,Luxury,true,492,false,32,9,2026-05-13,Galveston,Galveston,Galveston,Texas,77550,United States,coastal,https://www.airbnb.com/rooms/1614104634482016434,https://a0.muscache.com/im/pictures/prohost-api/Hosting-1614104634482016434/original/fb019a82-3e42-4424-a9b7-f9a2fcc51147.png,1614104634482016434,5086721,29.3098,-94.7627,"=AVERAGE($G$2:$G$830)","=AVERAGE($D$2:$D$830)","=IFERROR(($AT368-G368)/$AT368,0)","=IFERROR(($AU368-D368)/$AU368,0)","=$AU368-D368"
"Newly updated gorgeous, spacious beachside home in Pirate's Beach with Elevator",,,23349,53580,864.78,14.21,250,4,3,12,true,false,false,true,true,false,false,Home/Apartment,House,House/villa,5,74,2,1,Luxury,false,350,false,27,10,2026-05-13,Galveston,Galveston,Galveston,Texas,77554,United States,coastal,https://www.vrbo.com/999827,"https://media.vrbo.com/lodging/35000000/34330000/34325000/34324950/165a4ff7.jpg?impolicy=resizecrop&rw=1200&ra=fit",,999827,29.200352,-94.941268,"=AVERAGE($G$2:$G$830)","=AVERAGE($D$2:$D$830)","=IFERROR(($AT369-G369)/$AT369,0)","=IFERROR(($AU369-D369)/$AU369,0)","=$AU369-D369"
Beachtown Galveston - Saltwater Sophistication - 4 bed/4.5 bath w/Elevator,Beachtown Realty,,23307,30918,971.12,20,307,4,4,12,true,false,false,true,false,false,true,Home/Apartment,House,House/villa,0,0,3,21+,Luxury,false,400,true,24,8,2026-05-16,Galveston,Galveston,Galveston,Texas,77550,United States,coastal,https://www.vrbo.com/4079225,"https://media.vrbo.com/lodging/107000000/106570000/106560400/106560349/338769b6.jpg?impolicy=resizecrop&rw=1200&ra=fit",,4079225,29.318179,-94.74718,"=AVERAGE($G$2:$G$830)","=AVERAGE($D$2:$D$830)","=IFERROR(($AT370-G370)/$AT370,0)","=IFERROR(($AU370-D370)/$AU370,0)","=$AU370-D370"
Beachfront Designer Home on Pirate Beach,Greer Cabin Keepers,,23270,45081,1011.74,17.16,301,4,3,12,true,false,false,true,true,false,false,Home/Apartment,House,House/villa,4.75,112,3,21+,Luxury,false,424,true,23,8,2026-05-13,Galveston,Galveston,Galveston,Texas,77554,United States,coastal,https://www.airbnb.com/rooms/600363216172216109,https://a0.muscache.com/im/pictures/prohost-api/Hosting-600363216172216109/original/5c1a9cd4-d454-4806-bab9-acab72f34b47.jpeg,600363216172216109,2749306,29.20125,-94.94081,"=AVERAGE($G$2:$G$830)","=AVERAGE($D$2:$D$830)","=IFERROR(($AT371-G371)/$AT371,0)","=IFERROR(($AU371-D371)/$AU371,0)","=$AU371-D371"
"Unbeatable Location, Oceanfront!",225573294,,23235,39586,829.82,22.95,321,4,4,16,true,false,false,true,true,true,false,Home/Apartment,House,House/villa,4.75,11,2,1,Luxury,false,300,true,28,10,2026-05-14,Galveston,Port Bolivar,Port Bolivar,Texas,77650,United States,coastal,https://www.airbnb.com/rooms/1118265729969701059,https://a0.muscache.com/im/pictures/miso/Hosting-1118265729969701059/original/5162b526-77ef-4f44-9d18-19287455f1f3.jpeg,1118265729969701059,3918503,29.46101,-94.61583,"=AVERAGE($G$2:$G$830)","=AVERAGE($D$2:$D$830)","=IFERROR(($AT372-G372)/$AT372,0)","=IFERROR(($AU372-D372)/$AU372,0)","=$AU372-D372"
Experience Seaside Sanctuary in Jamaica Beach!,Vacation Travel Exclusives,,22818,27151,633.83,29.03,198,4,3,10,true,false,false,true,true,false,true,Home/Apartment,House,House/villa,4.95,19,2,21+,Luxury,false,0,false,36,11,2025-10-18,Galveston,Galveston,Galveston,Texas,77554,United States,coastal,https://www.airbnb.com/rooms/953642440174578908,https://a0.muscache.com/im/pictures/miso/Hosting-953642440174578908/original/4820eee3-0315-4cfe-b4b7-801ae531c8aa.png,953642440174578908,4278015,29.19749,-94.98669,"=AVERAGE($G$2:$G$830)","=AVERAGE($D$2:$D$830)","=IFERROR(($AT373-G373)/$AT373,0)","=IFERROR(($AU373-D373)/$AU373,0)","=$AU373-D373"
"Luxury Galveston Waterfront Escape – Amazing Pool, Spa & Canal Views!",,,22715,26740,908.6,26.32,353,4,2,11,true,false,true,true,true,false,true,Home/Apartment,House,House/villa,5,5,5,1,Luxury,false,275,true,25,6,2026-05-17,Galveston,Galveston,Galveston,Texas,77554,United States,coastal,https://www.vrbo.com/4441181,"https://media.vrbo.com/lodging/114000000/113200000/113195400/113195308/79dd4b4b.jpg?impolicy=resizecrop&rw=1200&ra=fit",,4441181,29.13995,-95.05483,"=AVERAGE($G$2:$G$830)","=AVERAGE($D$2:$D$830)","=IFERROR(($AT374-G374)/$AT374,0)","=IFERROR(($AU374-D374)/$AU374,0)","=$AU374-D374"
Amazing Bay House with views of Gulf Coast and Bay,Bay To Beach Properties,,22711,24679,688.21,18.64,343,4,5,12,true,false,false,true,true,false,true,Home/Apartment,House,House/villa,4.9,12,2,21+,Luxury,true,400,true,33,11,2026-05-15,Galveston,Galveston,Galveston,Texas,77554,United States,coastal,https://www.airbnb.com/rooms/1424211821650930787,https://a0.muscache.com/im/pictures/hosting/Hosting-1424211821650930787/original/3980805c-315d-4b69-8bf4-1f1a8fc7f425.png,1424211821650930787,3243010,29.1001,-95.107,"=AVERAGE($G$2:$G$830)","=AVERAGE($D$2:$D$830)","=IFERROR(($AT375-G375)/$AT375,0)","=IFERROR(($AU375-D375)/$AU375,0)","=$AU375-D375"
Featured in American Dream Home !  Stunning Oceanfront Views for Days !!,,,22483,92064,1729.46,13,287,5,5,18,true,true,false,false,false,false,false,Home/Apartment,House,House/villa,0,0,2,1,Luxury,false,400,true,13,3,2026-05-16,Galveston,Galveston,Galveston,Texas,77554,United States,coastal,https://www.vrbo.com/4402901,"https://media.vrbo.com/lodging/113000000/112560000/112557900/112557856/29297ec6.jpg?impolicy=resizecrop&rw=1200&ra=fit",,4402901,29.109501,-95.090216,"=AVERAGE($G$2:$G$830)","=AVERAGE($D$2:$D$830)","=IFERROR(($AT376-G376)/$AT376,0)","=IFERROR(($AU376-D376)/$AU376,0)","=$AU376-D376"
Double Beachfront Bliss | 2 Side-by-Side Homes | 8BR | 2 Spas | Sleeps 24,Bolivar Vacations,,22329,138210,3189.86,33.33,48,8,4,24,true,false,true,true,true,false,true,Home/Apartment,House,House/villa,0,0,2,21+,Luxury,false,610,false,7,4,2026-05-17,Galveston,Port Bolivar,Gilchrist,Texas,77617,United States,coastal,https://www.vrbo.com/5099205,"https://media.vrbo.com/lodging/127000000/126280000/126274100/126274086/1167149f.jpg?impolicy=resizecrop&rw=1200&ra=fit",,5099205,29.501603,-94.526179,"=AVERAGE($G$2:$G$830)","=AVERAGE($D$2:$D$830)","=IFERROR(($AT377-G377)/$AT377,0)","=IFERROR(($AU377-D377)/$AU377,0)","=$AU377-D377"
Gator Getaway,82924291,,22248,28217,695.25,20,341,4,3,16,true,false,false,true,true,false,false,Home/Apartment,House,House/villa,0,0,2,2-5,Luxury,true,229,true,32,11,2026-05-14,Galveston,Port Bolivar,Port Bolivar,Texas,77650,United States,coastal,https://www.airbnb.com/rooms/910022417477939669,https://a0.muscache.com/im/pictures/miso/Hosting-910022417477939669/original/b833a557-e841-4318-a73a-413d84af3d91.jpeg,910022417477939669,3453785,29.4136,-94.7052,"=AVERAGE($G$2:$G$830)","=AVERAGE($D$2:$D$830)","=IFERROR(($AT378-G378)/$AT378,0)","=IFERROR(($AU378-D378)/$AU378,0)","=$AU378-D378"
Beachfront 11BR | Sleeps 67 | Hot Tub | Pickleball,Southern Sands Property Management,,22043,24688,2755.38,32,58,11,7,16,true,false,true,true,true,false,false,Home/Apartment,House,House/villa,0,0,3,21+,Luxury,true,986,false,8,4,2026-05-11,Galveston,Port Bolivar,Port Bolivar,Texas,77650,United States,coastal,https://www.airbnb.com/rooms/1649402749675797454,https://a0.muscache.com/im/pictures/hosting/Hosting-1649402749675797454/original/833e8a3c-5f10-42f7-bb5f-33b739d030e9.png,1649402749675797454,,29.4570528154,-94.6204569305,"=AVERAGE($G$2:$G$830)","=AVERAGE($D$2:$D$830)","=IFERROR(($AT379-G379)/$AT379,0)","=IFERROR(($AU379-D379)/$AU379,0)","=$AU379-D379"
"Luxury Beachfront 4BR with Pool, Hot tub, Elevator",133846638,,21674,45723,1354.62,59.26,45,4,4,14,true,false,true,true,true,true,true,Home/Apartment,House,House/villa,0,0,2,6-20,Luxury,true,499,false,16,4,2026-05-14,Galveston,Port Bolivar,Port Bolivar,Texas,77650,United States,coastal,https://www.airbnb.com/rooms/1637662070077975757,https://a0.muscache.com/im/pictures/prohost-api/Hosting-1637662070077975757/original/399f4266-c5fd-4641-bda5-89367eead9f7.jpeg,1637662070077975757,,29.42345,-94.68423,"=AVERAGE($G$2:$G$830)","=AVERAGE($D$2:$D$830)","=IFERROR(($AT380-G380)/$AT380,0)","=IFERROR(($AU380-D380)/$AU380,0)","=$AU380-D380"
Welcome to The Blue Pearl!,667175775,,21350,52878,889.58,51.06,69,4,3,12,true,false,false,true,true,false,true,Home/Apartment,House,House/villa,5,2,2,2-5,Luxury,false,250,false,24,7,2025-07-06,Galveston,Galveston,Galveston,Texas,77554,United States,coastal,https://www.airbnb.com/rooms/1374709510027707020,https://a0.muscache.com/im/pictures/miso/Hosting-1374709510027707020/original/0d2271d0-169f-47de-b32c-5c37ccf27fdd.jpeg,1374709510027707020,,29.1887738606,-94.977053554,"=AVERAGE($G$2:$G$830)","=AVERAGE($D$2:$D$830)","=IFERROR(($AT381-G381)/$AT381,0)","=IFERROR(($AU381-D381)/$AU381,0)","=$AU381-D381"
"Hot Tub w/ Gulf View, 2 Decks, Steps from Beach",244276617,,20753,53545,648.53,31.37,106,4,2,10,true,false,true,true,true,true,false,Home/Apartment,House,House/villa,4,4,2,6-20,Luxury,true,0,true,32,8,2025-08-01,Galveston,Galveston,Galveston,Texas,77554,United States,coastal,https://www.airbnb.com/rooms/1365278911770382252,https://a0.muscache.com/im/pictures/prohost-api/Hosting-1365278911770382252/original/b053b027-0ec2-4c61-8962-7433ae4fc1a3.jpeg,1365278911770382252,,29.1297455718,-95.0555457641,"=AVERAGE($G$2:$G$830)","=AVERAGE($D$2:$D$830)","=IFERROR(($AT382-G382)/$AT382,0)","=IFERROR(($AU382-D382)/$AU382,0)","=$AU382-D382"
"Panoramic Views, Lux Interior, Fenced Yard",Sand `N Sea Properties,,20371,42214,970.05,22.34,250,4,3,12,true,false,false,true,true,false,false,Home/Apartment,House,House/villa,4,3,2,21+,Luxury,true,498,true,21,4,2025-12-04,Galveston,Galveston,Galveston,Texas,77550,United States,coastal,https://www.airbnb.com/rooms/1371143266890000494,https://a0.muscache.com/im/pictures/prohost-api/Hosting-1371143266890000494/original/32be219c-2702-4a9c-9451-031b8664311d.jpeg,1371143266890000494,2814001,29.3101906738,-94.7621953026,"=AVERAGE($G$2:$G$830)","=AVERAGE($D$2:$D$830)","=IFERROR(($AT383-G383)/$AT383,0)","=IFERROR(($AU383-D383)/$AU383,0)","=$AU383-D383"
"Private Fishing Pier, Panoramic Bay Views, Gated Community",Sand `N Sea Properties,,20100,43212,913.64,45.83,65,4,3,12,true,false,false,true,true,true,false,Home/Apartment,House,House/villa,4.5,2,1,21+,Luxury,false,0,true,22,5,2026-01-06,Galveston,Galveston,Galveston,Texas,77554,United States,coastal,https://www.vrbo.com/3867897,"https://media.vrbo.com/lodging/103000000/102580000/102574000/102573922/8bb0a4ae.jpg?impolicy=resizecrop&rw=1200&ra=fit",,3867897,29.12913,-95.07575,"=AVERAGE($G$2:$G$830)","=AVERAGE($D$2:$D$830)","=IFERROR(($AT384-G384)/$AT384,0)","=IFERROR(($AU384-D384)/$AU384,0)","=$AU384-D384"
The Zoo,82924291,,19916,33080,1171.53,29.31,325,9,4,16,true,false,false,false,true,false,false,Home/Apartment,House,House/villa,5,4,2,2-5,Luxury,true,401,true,17,6,2026-05-14,Galveston,Port Bolivar,Port Bolivar,Texas,77650,United States,coastal,https://www.airbnb.com/rooms/910022605054788763,https://a0.muscache.com/im/pictures/prohost-api/Hosting-910022605054788763/original/0bb2404f-47f9-4166-a639-15925ca846fc.jpeg,910022605054788763,3453786,29.4136,-94.7052,"=AVERAGE($G$2:$G$830)","=AVERAGE($D$2:$D$830)","=IFERROR(($AT385-G385)/$AT385,0)","=IFERROR(($AU385-D385)/$AU385,0)","=$AU385-D385"
Casa De Las Palmas | Multi-Family Beach Home,Vacay Time,,19818,27326,990.9,23.26,99,6,4,16,true,false,false,true,true,false,false,Home/Apartment,House,House/villa,4.2,5,2,21+,Luxury,false,335,true,20,7,2025-10-04,Galveston,Port Bolivar,Port Bolivar,Texas,77650,United States,coastal,https://www.airbnb.com/rooms/1402092312011635000,https://a0.muscache.com/im/pictures/prohost-api/Hosting-1402092312011635000/original/442a7c6f-84bf-4d4d-aebc-395b2d5efc0b.jpeg,1402092312011635000,4597041,29.46774,-94.59883,"=AVERAGE($G$2:$G$830)","=AVERAGE($D$2:$D$830)","=IFERROR(($AT386-G386)/$AT386,0)","=IFERROR(($AU386-D386)/$AU386,0)","=$AU386-D386"
"2nd Row Beachside Home w/ Great Views, 2 Suites+2 Bedrooms",Sand `N Sea Properties,,19796,42104,761.38,18.98,243,4,3,10,true,false,false,true,true,false,false,Home/Apartment,House,House/villa,5,2,2,21+,Luxury,false,150,true,26,7,2026-05-17,Galveston,Galveston,Galveston,Texas,77554,United States,coastal,https://www.vrbo.com/2637726,"https://media.vrbo.com/lodging/75000000/74800000/74796900/74796898/49254db4.jpg?impolicy=resizecrop&rw=1200&ra=fit",,2637726,29.206965,-94.930132,"=AVERAGE($G$2:$G$830)","=AVERAGE($D$2:$D$830)","=IFERROR(($AT387-G387)/$AT387,0)","=IFERROR(($AU387-D387)/$AU387,0)","=$AU387-D387"
All New Reno Low Rates! Roof Bar Views Sleep 20,100438824,,19608,33203,4902,22.22,43,6,5,16,true,false,false,true,true,false,false,Home/Apartment,House,House/villa,5,3,2,2-5,Luxury,true,590,false,4,1,2026-05-11,Galveston,Galveston,Galveston,Texas,77554,United States,coastal,https://www.airbnb.com/rooms/1579787519151878925,https://a0.muscache.com/im/pictures/prohost-api/Hosting-1579787519151878925/original/509cf2c4-5fcb-48c7-b67d-5f3cbca128f4.jpeg,1579787519151878925,,29.1656,-95.0006,"=AVERAGE($G$2:$G$830)","=AVERAGE($D$2:$D$830)","=IFERROR(($AT388-G388)/$AT388,0)","=IFERROR(($AU388-D388)/$AU388,0)","=$AU388-D388"
Beachfront | Direct Access | Front Row Views,Southern Sands Property Management Group,,18980,18980,654.48,53.7,117,4,4,15,true,false,false,true,true,false,false,Home/Apartment,House,House/villa,4.9,94,3,21+,Luxury,true,575,false,29,8,2026-05-15,Galveston,Galveston,Galveston,Texas,77554,United States,coastal,https://www.airbnb.com/rooms/1587084803713493254,https://a0.muscache.com/im/pictures/prohost-api/Hosting-1587084803713493254/original/e0532694-a179-4fe1-bd56-191ec923ecea.jpeg,1587084803713493254,5021430,29.1609,-95.0074,"=AVERAGE($G$2:$G$830)","=AVERAGE($D$2:$D$830)","=IFERROR(($AT389-G389)/$AT389,0)","=IFERROR(($AU389-D389)/$AU389,0)","=$AU389-D389"
"2nd Row, 2 Decks w Great Views, Dog Friendly",Sand `N Sea Properties,,18397,31782,613.23,19.87,267,4,2,12,true,false,false,true,true,true,false,Home/Apartment,House,House/villa,5,4,2,21+,Luxury,false,445,true,30,8,2026-05-15,Galveston,Galveston,Galveston,Texas,77554,United States,coastal,https://www.airbnb.com/rooms/1426746358643495424,https://a0.muscache.com/im/pictures/prohost-api/Hosting-1426746358643495424/original/6c9d0c8a-4224-4482-a42c-303bf06fcb96.jpeg,1426746358643495424,2637763,29.1113035222,-95.0866581601,"=AVERAGE($G$2:$G$830)","=AVERAGE($D$2:$D$830)","=IFERROR(($AT390-G390)/$AT390,0)","=IFERROR(($AU390-D390)/$AU390,0)","=$AU390-D390"
Sea Time,Swedes Real Estate,,18233,63834,911.65,40,99,4,3,12,true,true,false,true,false,true,false,Home/Apartment,House,House/villa,0,0,3,21+,Luxury,false,347,true,20,5,2025-10-14,Galveston,Port Bolivar,Port Bolivar,Texas,77650,United States,coastal,https://www.airbnb.com/rooms/1405167970044596758,https://a0.muscache.com/im/pictures/prohost-api/Hosting-1405167970044596758/original/04883122-0cf9-478b-8f2e-3a3bd451e6f9.jpeg,1405167970044596758,4534618,29.430506,-94.67407,"=AVERAGE($G$2:$G$830)","=AVERAGE($D$2:$D$830)","=IFERROR(($AT391-G391)/$AT391,0)","=IFERROR(($AU391-D391)/$AU391,0)","=$AU391-D391"
Amazing views of the gulf from the decks. Welcoming open floor plan.,,,18215,27361,910.75,24.1,340,4,3,14,true,false,false,true,false,false,false,Home/Apartment,House,House/villa,5,7,3,1,Luxury,false,274,true,20,6,2026-03-10,Galveston,Galveston,Galveston,Texas,77554,United States,coastal,https://www.vrbo.com/4009600,"https://media.vrbo.com/lodging/106000000/105340000/105333900/105333807/f3f3e0b1.jpg?impolicy=resizecrop&rw=1200&ra=fit",,4009600,29.2006,-94.94664,"=AVERAGE($G$2:$G$830)","=AVERAGE($D$2:$D$830)","=IFERROR(($AT392-G392)/$AT392,0)","=IFERROR(($AU392-D392)/$AU392,0)","=$AU392-D392"
Blissful By the Sea,Swedes Real Estate,,18169,41558,586.1,77.5,96,4,3,12,true,true,false,true,true,true,false,Home/Apartment,House,House/villa,5,14,2,21+,Luxury,false,310,true,31,6,2026-05-17,Galveston,Port Bolivar,Port Bolivar,Texas,77650,United States,coastal,https://www.airbnb.com/rooms/1120376581537035692,https://a0.muscache.com/im/pictures/hosting/Hosting-1120376581537035692/original/aaed65fe-b1cf-4b49-bb7c-ec81cf81ab00.jpeg,1120376581537035692,2285815,29.4188,-94.6923,"=AVERAGE($G$2:$G$830)","=AVERAGE($D$2:$D$830)","=IFERROR(($AT393-G393)/$AT393,0)","=IFERROR(($AU393-D393)/$AU393,0)","=$AU393-D393"
Steps from the Sand! 4/B with Beach Views & pools,288257901,,18163,21963,789.7,23,343,4,3,10,true,false,false,true,true,false,true,Home/Apartment,House,House/villa,5,26,2,2-5,Luxury,true,299,false,23,7,2026-05-14,Galveston,Galveston,Galveston,Texas,77554,United States,coastal,https://www.airbnb.com/rooms/53077073,https://a0.muscache.com/im/pictures/miso/Hosting-53077073/original/38ac278f-fbb6-476a-851f-a296c12e9b07.jpeg,53077073,2814664,29.10527,-95.09364,"=AVERAGE($G$2:$G$830)","=AVERAGE($D$2:$D$830)","=IFERROR(($AT394-G394)/$AT394,0)","=IFERROR(($AU394-D394)/$AU394,0)","=$AU394-D394"
Beachfront | Swim Spa l Amazing EntertainmentSpace,133846638,,17900,21223,688.46,60.47,79,4,3,16,true,false,true,true,true,true,false,Home/Apartment,House,House/villa,5,3,2,6-20,Luxury,true,479,false,26,9,2026-05-16,Galveston,Port Bolivar,Port Bolivar,Texas,77650,United States,coastal,https://www.airbnb.com/rooms/1628269385207900692,https://a0.muscache.com/im/pictures/hosting/Hosting-1628269385207900692/original/39c9a0cd-0338-49d0-a0e4-520e9343b826.jpeg,1628269385207900692,,29.4527972231,-94.6317957397,"=AVERAGE($G$2:$G$830)","=AVERAGE($D$2:$D$830)","=IFERROR(($AT395-G395)/$AT395,0)","=IFERROR(($AU395-D395)/$AU395,0)","=$AU395-D395"
"Salt and Tide NEW BUILD 2025 in Pointe West, TX",Bay To Beach Properties,,17407,32032,791.23,21.15,212,4,3,13,true,false,true,true,true,false,true,Home/Apartment,House,House/villa,5,5,3,21+,Luxury,true,401,true,22,6,2025-11-17,Galveston,Galveston,Galveston,Texas,77554,United States,coastal,https://www.airbnb.com/rooms/1345688109065139836,https://a0.muscache.com/im/pictures/miso/Hosting-1345688109065139836/original/4edb2bc9-b815-44c4-af80-37760d0fd589.jpeg,1345688109065139836,4406202,29.0995264,-95.1073295,"=AVERAGE($G$2:$G$830)","=AVERAGE($D$2:$D$830)","=IFERROR(($AT396-G396)/$AT396,0)","=IFERROR(($AU396-D396)/$AU396,0)","=$AU396-D396"
*Steps to beach*Family Friendly*,238540993,,17374,25001,620.5,17.07,335,4,3,11,true,false,false,true,true,false,false,Home/Apartment,House,House/villa,5,43,2,2-5,Luxury,false,288,false,28,11,2026-05-13,Galveston,Port Bolivar,Port Bolivar,Texas,77650,United States,coastal,https://www.airbnb.com/rooms/581894302049016452,https://a0.muscache.com/im/pictures/4f166b0c-2c9b-41fc-be80-8a9d85683e50.jpg,581894302049016452,2772393,29.4557,-94.6264,"=AVERAGE($G$2:$G$830)","=AVERAGE($D$2:$D$830)","=IFERROR(($AT397-G397)/$AT397,0)","=IFERROR(($AU397-D397)/$AU397,0)","=$AU397-D397"
Wildest Dreams | 70 Steps to the Beach!,273836366,,17203,65511,3440.6,62.5,35,5,3,16,true,false,false,true,true,true,false,Home/Apartment,House,House/villa,5,1,2,1,Luxury,false,275,false,5,2,2026-05-15,Galveston,Port Bolivar,Port Bolivar,Texas,77650,United States,coastal,https://www.airbnb.com/rooms/1647314467893028074,https://a0.muscache.com/im/pictures/hosting/Hosting-1647314467893028074/original/93816fab-00dc-4945-9c76-116682a4cf28.png,1647314467893028074,5186482,29.44107,-94.65456,"=AVERAGE($G$2:$G$830)","=AVERAGE($D$2:$D$830)","=IFERROR(($AT398-G398)/$AT398,0)","=IFERROR(($AU398-D398)/$AU398,0)","=$AU398-D398"
Canal Front Hot Tub in Jamaica Beach,Pacific Properties Management,,17189,18044,661.12,45.61,86,4,3,12,true,false,true,true,true,false,false,Home/Apartment,House,House/villa,5,5,2,21+,Luxury,true,225,false,26,11,2026-05-15,Galveston,Galveston,Galveston,Texas,77554,United States,coastal,https://www.airbnb.com/rooms/1623923177830010870,https://a0.muscache.com/im/pictures/prohost-api/Hosting-1623923177830010870/original/e2609cfe-23ca-4f44-a072-7e60be5b0c0a.jpeg,1623923177830010870,5119547,29.1959,-94.9811,"=AVERAGE($G$2:$G$830)","=AVERAGE($D$2:$D$830)","=IFERROR(($AT399-G399)/$AT399,0)","=IFERROR(($AU399-D399)/$AU399,0)","=$AU399-D399"
Crystal by the Ocean,Bolivar Escapes,,16427,19151,657.08,48.08,127,4,2,10,true,true,false,true,true,true,false,Home/Apartment,House,House/villa,4.8,260,2,21+,Luxury,false,437,false,25,7,2026-05-14,Galveston,Port Bolivar,Port Bolivar,Texas,77650,United States,coastal,https://www.airbnb.com/rooms/1576995795794569757,https://a0.muscache.com/im/pictures/hosting/Hosting-1576995795794569757/original/0cea17fe-0017-4469-bfc1-a8956c792fd4.jpeg,1576995795794569757,4997394,29.4624,-94.6103,"=AVERAGE($G$2:$G$830)","=AVERAGE($D$2:$D$830)","=IFERROR(($AT400-G400)/$AT400,0)","=IFERROR(($AU400-D400)/$AU400,0)","=$AU400-D400"
*NEW* Crystal Beach Front Villa,66824559,,16298,17778,740.82,42.31,52,4,3,16,true,false,false,true,true,true,false,Home/Apartment,House,House/villa,4.25,4,2,6-20,Luxury,true,299,true,22,6,2025-06-30,Galveston,Port Bolivar,Port Bolivar,Texas,77650,United States,coastal,https://www.airbnb.com/rooms/1368544383316530380,https://a0.muscache.com/im/pictures/miso/Hosting-851503695359609497/original/6db2c38c-97f9-4433-807b-3601924bbc2a.png,1368544383316530380,3313789,29.4199252639,-94.68945383,"=AVERAGE($G$2:$G$830)","=AVERAGE($D$2:$D$830)","=IFERROR(($AT401-G401)/$AT401,0)","=IFERROR(($AU401-D401)/$AU401,0)","=$AU401-D401"
"Beachtown - Luxury Beachfront Home - Private Pool, Golf Cart, Elevator, Yard",Beachtown Realty,,16089,20529,1462.64,23.4,56,4,3,12,true,false,false,true,true,false,true,Home/Apartment,House,House/villa,5,1,3,21+,Luxury,false,400,false,11,5,2026-05-16,Galveston,Galveston,Galveston,Texas,77550,United States,coastal,https://www.vrbo.com/5039174,"https://media.vrbo.com/lodging/125000000/124820000/124819700/124819604/83c29cb8.jpg?impolicy=resizecrop&rw=1200&ra=fit",,5039174,29.323435,-94.742268,"=AVERAGE($G$2:$G$830)","=AVERAGE($D$2:$D$830)","=IFERROR(($AT402-G402)/$AT402,0)","=IFERROR(($AU402-D402)/$AU402,0)","=$AU402-D402"
"COMING SOON! SISTER HOUSE TO MOONPYE *-BEACHFRONT-* 9 BEDROOMS, 8 BATHS, HOT TUB",Sand Dollar Real Estate & Beach Rentals,,15779,15779,1972.38,8.99,89,9,9,30,true,false,true,true,false,true,false,Home/Apartment,House,House/villa,0,0,1,6-20,Luxury,false,685,true,8,3,2025-03-02,Galveston,Port Bolivar,Port Bolivar,Texas,77650,United States,coastal,https://www.vrbo.com/4140280,"https://media.vrbo.com/lodging/108000000/107610000/107604600/107604553/d4da82f0.jpg?impolicy=resizecrop&rw=1200&ra=fit",,4140280,29.470217,-94.600859,"=AVERAGE($G$2:$G$830)","=AVERAGE($D$2:$D$830)","=IFERROR(($AT403-G403)/$AT403,0)","=IFERROR(($AU403-D403)/$AU403,0)","=$AU403-D403"
Say “I Do” With a View – Intimate Beachfront Weddi,302559190,,15600,21109,1200,15.29,195,9,9,16,true,false,true,true,true,false,false,Home/Apartment,House,House/villa,0,0,2,21+,Luxury,true,753,false,13,3,2025-12-04,Galveston,Port Bolivar,Port Bolivar,Texas,77650,United States,coastal,https://www.airbnb.com/rooms/1485589797077092637,https://a0.muscache.com/im/pictures/prohost-api/Hosting-1485589797077092637/original/6ae5ae32-c08d-4c3d-89c8-c9c140daf07c.jpeg,1485589797077092637,,29.466223,-94.601626,"=AVERAGE($G$2:$G$830)","=AVERAGE($D$2:$D$830)","=IFERROR(($AT404-G404)/$AT404,0)","=IFERROR(($AU404-D404)/$AU404,0)","=$AU404-D404"
A Southern Belle,Bolivar Escapes,,15571,22728,677,31.94,85,4,3,16,true,true,false,true,true,false,false,Home/Apartment,House,House/villa,0,0,5,21+,Luxury,false,440,true,23,5,2026-05-17,Galveston,Port Bolivar,Port Bolivar,Texas,77650,United States,coastal,https://www.airbnb.com/rooms/1206592716803359476,https://a0.muscache.com/im/pictures/hosting/Hosting-1206592716803359476/original/b1ba54db-01f5-4618-aad9-4851fd86d4db.jpeg,1206592716803359476,4111870,29.4724,-94.5881,"=AVERAGE($G$2:$G$830)","=AVERAGE($D$2:$D$830)","=IFERROR(($AT405-G405)/$AT405,0)","=IFERROR(($AU405-D405)/$AU405,0)","=$AU405-D405"
Charming 4-bedroom farmhouse in Alvin with Pool & Pond!,,,15298,23771,1390.73,23.91,82,4,3,14,true,false,false,false,false,false,false,Home/Apartment,Farmhouse,Unique,0,0,2,1,Luxury,false,450,false,11,2,2026-01-20,Galveston,Santa Fe,Alvin,Texas,77511,United States,coastal,https://www.vrbo.com/4187792,"https://media.vrbo.com/lodging/109000000/108770000/108764900/108764847/8392fa67.jpg?impolicy=resizecrop&rw=1200&ra=fit",,4187792,29.407621,-95.155876,"=AVERAGE($G$2:$G$830)","=AVERAGE($D$2:$D$830)","=IFERROR(($AT406-G406)/$AT406,0)","=IFERROR(($AU406-D406)/$AU406,0)","=$AU406-D406"
Salt & Lime -Classy Gated Beach Home Crystal Beach,342891461,,15216,23812,951,28.57,230,4,3,10,true,false,false,true,true,true,false,Home/Apartment,House,House/villa,5,63,6,2-5,Luxury,true,324,true,16,2,2025-11-15,Galveston,Port Bolivar,Port Bolivar,Texas,77650,United States,coastal,https://www.airbnb.com/rooms/563203548135485911,https://a0.muscache.com/im/pictures/miso/Hosting-563203548135485911/original/eb6a48bb-ef55-442d-87ae-227db7797384.png,563203548135485911,2668363,29.40844,-94.70254,"=AVERAGE($G$2:$G$830)","=AVERAGE($D$2:$D$830)","=IFERROR(($AT407-G407)/$AT407,0)","=IFERROR(($AU407-D407)/$AU407,0)","=$AU407-D407"
New 4Br|Beachfront|Hot tub |Firepit|Sleeps 16,56756125,,15186,16793,562.44,26.47,110,4,4,15,true,false,true,true,true,true,false,Home/Apartment,House,House/villa,5,9,4,1,Luxury,false,275,false,27,12,2026-05-17,Galveston,Port Bolivar,Port Bolivar,Texas,77650,United States,coastal,https://www.airbnb.com/rooms/1587911287691996184,https://a0.muscache.com/im/pictures/hosting/Hosting-1587911287691996184/original/884d78d8-396b-418a-9293-565be169657f.jpeg,1587911287691996184,,29.4652,-94.6051,"=AVERAGE($G$2:$G$830)","=AVERAGE($D$2:$D$830)","=IFERROR(($AT408-G408)/$AT408,0)","=IFERROR(($AU408-D408)/$AU408,0)","=$AU408-D408"
Galveston beachfront | Hot Tub |,179631481,,15022,16315,790.63,16.67,205,4,3,12,true,false,true,true,true,false,false,Home/Apartment,House,House/villa,4.9,16,3,1,Luxury,true,300,true,19,4,2025-06-08,Galveston,Galveston,Galveston,Texas,77554,United States,coastal,https://www.airbnb.com/rooms/645557970278992319,https://a0.muscache.com/im/pictures/hosting/Hosting-U3RheVN1cHBseUxpc3Rpbmc6NjQ1NTU3OTcwMjc4OTkyMzE5/original/50c30219-8b2a-42dc-804f-c26c12750236.jpeg,645557970278992319,2749909,29.117152,-95.075802,"=AVERAGE($G$2:$G$830)","=AVERAGE($D$2:$D$830)","=IFERROR(($AT409-G409)/$AT409,0)","=IFERROR(($AU409-D409)/$AU409,0)","=$AU409-D409"
Coastal Cabana | 5-Bed Beach & Lake Views,44581223,,14991,17855,1153.15,15.48,93,5,4,16,true,true,true,true,true,true,true,Home/Apartment,House,House/villa,0,0,2,21+,Luxury,false,399,true,13,4,2025-05-03,Galveston,Galveston,Galveston,Texas,77554,United States,coastal,https://www.airbnb.com/rooms/1380672019686377185,https://a0.muscache.com/im/pictures/miso/Hosting-1380672019686377185/original/71881513-a42a-413c-a9f2-fa0af45556ad.png,1380672019686377185,,29.10727,-95.09216,"=AVERAGE($G$2:$G$830)","=AVERAGE($D$2:$D$830)","=IFERROR(($AT410-G410)/$AT410,0)","=IFERROR(($AU410-D410)/$AU410,0)","=$AU410-D410"
Galveston family beach house-50 steps to beach!,213547200,,14859,24087,825.5,20.22,318,4,3,14,true,false,false,true,true,true,false,Home/Apartment,House,House/villa,4.8,85,3,1,Luxury,false,324,false,18,5,2026-05-17,Galveston,Galveston,Galveston,Texas,77554,United States,coastal,https://www.airbnb.com/rooms/33271616,https://a0.muscache.com/im/pictures/b8b537fa-1d6e-41c4-a817-68cf0ebb78b1.jpg,33271616,1002579,29.20746,-94.92918,"=AVERAGE($G$2:$G$830)","=AVERAGE($D$2:$D$830)","=IFERROR(($AT411-G411)/$AT411,0)","=IFERROR(($AU411-D411)/$AU411,0)","=$AU411-D411"
Beachfront Pet-friendly Home w Pool & Spa!,Porter VRM Texas,,14852,15230,707.24,26.25,81,4,3,14,true,false,false,true,false,true,true,Home/Apartment,House,House/villa,0,0,3,21+,Luxury,false,280,true,21,6,2025-05-08,Galveston,Galveston,Galveston,Texas,77554,United States,coastal,https://www.airbnb.com/rooms/1407557136250105824,https://a0.muscache.com/im/pictures/prohost-api/Hosting-1407557136250105824/original/82c13603-cb48-405f-94cf-fcba08710989.jpeg,1407557136250105824,,29.23384,-94.88811,"=AVERAGE($G$2:$G$830)","=AVERAGE($D$2:$D$830)","=IFERROR(($AT412-G412)/$AT412,0)","=IFERROR(($AU412-D412)/$AU412,0)","=$AU412-D412"
"Memory-maker, Pet Friendly, Easy Walk to Beach",Sand `N Sea Properties,,13715,47721,806.76,19.54,218,4,3,10,true,false,false,true,true,true,false,Home/Apartment,House,House/villa,5,1,2,21+,Luxury,false,440,true,17,6,2026-05-17,Galveston,Galveston,Galveston,Texas,77554,United States,coastal,https://www.airbnb.com/rooms/1365248719802728976,https://a0.muscache.com/im/pictures/prohost-api/Hosting-1365248719802728976/original/d815b9b9-78b0-49cc-8159-5ce5a4f392f6.jpeg,1365248719802728976,3880650,29.2335659519,-94.8868583301,"=AVERAGE($G$2:$G$830)","=AVERAGE($D$2:$D$830)","=IFERROR(($AT413-G413)/$AT413,0)","=IFERROR(($AU413-D413)/$AU413,0)","=$AU413-D413"
Stunning Views | 40 Steps to the Beach | Sleeps 12,4220553,,13635,22998,973.93,17.95,326,4,4,12,true,false,false,true,true,false,false,Home/Apartment,House,House/villa,4.95,21,2,2-5,Luxury,false,200,true,14,4,2026-05-15,Galveston,Galveston,Galveston,Texas,77550,United States,coastal,https://www.airbnb.com/rooms/686275660954734371,https://a0.muscache.com/im/pictures/miso/Hosting-686275660954734371/original/8d2f4be2-a4ce-42ce-a8e7-542523acd31a.jpeg,686275660954734371,2891973,29.3098,-94.7636,"=AVERAGE($G$2:$G$830)","=AVERAGE($D$2:$D$830)","=IFERROR(($AT414-G414)/$AT414,0)","=IFERROR(($AU414-D414)/$AU414,0)","=$AU414-D414"
Gulf-View Beach House w/ Pointe West Resort Perks,Vacasa,,13495,13716,586.74,19.33,333,4,4,14,true,true,false,true,true,false,true,Home/Apartment,House,House/villa,5,4,2,21+,Luxury,false,456,true,23,9,2026-05-16,Galveston,Galveston,Galveston,Texas,77554,United States,coastal,https://www.airbnb.com/rooms/1435669729845423885,https://a0.muscache.com/im/pictures/prohost-api/Hosting-1435669729845423885/original/e26088ae-3bb2-40d5-9cb8-5683e95004c6.jpeg,1435669729845423885,20223530ha,29.1084,-95.0922,"=AVERAGE($G$2:$G$830)","=AVERAGE($D$2:$D$830)","=IFERROR(($AT415-G415)/$AT415,0)","=IFERROR(($AU415-D415)/$AU415,0)","=$AU415-D415"
Blue Breezes - Cozy Jamaica Beach Home,Pacific Properties Management,,13485,15105,1037.31,40.62,57,4,2,8,true,false,false,true,true,false,false,Home/Apartment,House,House/villa,5,5,2,21+,Luxury,true,195,false,13,5,2026-05-13,Galveston,Galveston,Galveston,Texas,77554,United States,coastal,https://www.airbnb.com/rooms/1647854613316211378,https://a0.muscache.com/im/pictures/hosting/Hosting-1647854613316211378/original/4992f8f6-799f-4865-9c23-63c83f4d310e.jpeg,1647854613316211378,5163444,29.1868,-94.9737,"=AVERAGE($G$2:$G$830)","=AVERAGE($D$2:$D$830)","=IFERROR(($AT416-G416)/$AT416,0)","=IFERROR(($AU416-D416)/$AU416,0)","=$AU416-D416"
Saved By The Bay will amaze you!,530327631,,13432,13432,1033.23,19.4,245,4,4,10,true,true,false,true,true,false,true,Home/Apartment,House,House/villa,0,0,3,2-5,Luxury,true,350,true,13,2,2025-11-19,Galveston,Galveston,Galveston,Texas,77554,United States,coastal,https://www.airbnb.com/rooms/1404485109099263285,https://a0.muscache.com/im/pictures/hosting/Hosting-1404485109099263285/original/21958e58-7b54-453c-8d4b-226a5a9fa425.jpeg,1404485109099263285,,29.108864,-95.096166,"=AVERAGE($G$2:$G$830)","=AVERAGE($D$2:$D$830)","=IFERROR(($AT417-G417)/$AT417,0)","=IFERROR(($AU417-D417)/$AU417,0)","=$AU417-D417"
Sand Pleasure Cottage,570566982,,12435,23370,731.47,20.73,295,4,4,12,true,false,false,true,true,false,false,Home/Apartment,House,House/villa,4.8,54,3,1,Luxury,false,160,false,17,5,2026-05-14,Galveston,Galveston,Galveston,Texas,77554,United States,coastal,https://www.airbnb.com/rooms/1127493608547979455,https://a0.muscache.com/im/pictures/miso/Hosting-1127493608547979455/original/5acabc44-5cf7-43eb-9336-bbb25750226e.jpeg,1127493608547979455,2919702,29.1085,-95.088,"=AVERAGE($G$2:$G$830)","=AVERAGE($D$2:$D$830)","=IFERROR(($AT418-G418)/$AT418,0)","=IFERROR(($AU418-D418)/$AU418,0)","=$AU418-D418"
"Private Beachfront Home w/ Screened Deck, Equipped Kitchen, Quick Beach Access",Sand `N Sea Properties,,12402,59155,1127.45,23.4,142,5,3,15,true,false,false,true,true,false,false,Home/Apartment,House,House/villa,0,0,2,21+,Luxury,false,225,true,11,2,2026-05-17,Galveston,Galveston,Galveston,Texas,77554,United States,coastal,https://www.vrbo.com/2637756,"https://media.vrbo.com/lodging/75000000/74800000/74797000/74796994/f2d9349f.jpg?impolicy=resizecrop&rw=1200&ra=fit",,2637756,29.111193,-95.084826,"=AVERAGE($G$2:$G$830)","=AVERAGE($D$2:$D$830)","=IFERROR(($AT419-G419)/$AT419,0)","=IFERROR(($AU419-D419)/$AU419,0)","=$AU419-D419"
Grand Beach Retreat| First-Row East End Beachfront,569158452,,11498,14846,1437.25,25.81,49,6,6,16,true,false,false,true,true,false,false,Home/Apartment,House,House/villa,5,3,2,6-20,Luxury,true,462,false,8,3,2026-05-14,Galveston,Galveston,Galveston,Texas,77550,United States,coastal,https://www.airbnb.com/rooms/1628480732655255630,https://a0.muscache.com/im/pictures/hosting/Hosting-1628480732655255630/original/7b73fe99-e201-4b4b-8bd4-b35d20495a7c.jpeg,1628480732655255630,5184724,29.3094,-94.7632,"=AVERAGE($G$2:$G$830)","=AVERAGE($D$2:$D$830)","=IFERROR(($AT420-G420)/$AT420,0)","=IFERROR(($AU420-D420)/$AU420,0)","=$AU420-D420"
Beautiful Custom Home with Spectacular Views of Gulf and Bay,,,11390,45366,876.15,46.43,43,4,5,12,true,true,true,true,true,false,true,Home/Apartment,House,House/villa,5,67,4,1,Luxury,false,300,false,13,3,2025-10-31,Galveston,Galveston,Galveston,Texas,77554,United States,coastal,https://www.vrbo.com/1285633,"https://media.vrbo.com/lodging/35000000/34350000/34341100/34341003/eb4618b6.jpg?impolicy=resizecrop&rw=1200&ra=fit",,1285633,29.10566,-95.0937,"=AVERAGE($G$2:$G$830)","=AVERAGE($D$2:$D$830)","=IFERROR(($AT421-G421)/$AT421,0)","=IFERROR(($AU421-D421)/$AU421,0)","=$AU421-D421"
Perfect Trifecta! Fishing - Pool - Beach,30057144,,11310,16224,1028.18,16.67,181,4,5,14,true,false,true,true,true,false,true,Home/Apartment,House,House/villa,5,1,,1,Luxury,false,0,false,11,3,2026-02-08,Galveston,Galveston,Galveston,Texas,77554,United States,coastal,https://www.airbnb.com/rooms/1542209016266425742,https://a0.muscache.com/im/pictures/hosting/Hosting-1542209016266425742/original/d034a3ef-680d-422d-8eb3-cdc3cd8ae2c3.jpeg,1542209016266425742,4912631,29.25747,-94.9154,"=AVERAGE($G$2:$G$830)","=AVERAGE($D$2:$D$830)","=IFERROR(($AT422-G422)/$AT422,0)","=IFERROR(($AU422-D422)/$AU422,0)","=$AU422-D422"
Oceanfront beach house- Oasis by The Sea,42547589,,11300,13100,664.71,25.37,67,4,3,14,true,false,false,true,true,false,false,Home/Apartment,House,House/villa,4.95,88,2,1,Luxury,true,350,false,17,4,2025-02-12,Galveston,Galveston,Galveston,Texas,77554,United States,coastal,https://www.airbnb.com/rooms/47786493,https://a0.muscache.com/im/pictures/f9a460cf-f4fe-4073-a3e4-02b13b617eb4.jpg,47786493,2179503,29.16498,-94.99858,"=AVERAGE($G$2:$G$830)","=AVERAGE($D$2:$D$830)","=IFERROR(($AT423-G423)/$AT423,0)","=IFERROR(($AU423-D423)/$AU423,0)","=$AU423-D423"
Terramar Escape + Near Beach + Pool Access,Pacific Properties Management,,10607,10825,505.1,15.91,270,4,4,14,true,false,false,true,true,false,true,Home/Apartment,House,House/villa,5,7,3,21+,Luxury,true,230,false,21,11,2026-05-15,Galveston,Galveston,Galveston,Texas,77554,United States,coastal,https://www.airbnb.com/rooms/1488708642269290383,https://a0.muscache.com/im/pictures/prohost-api/Hosting-1488708642269290383/original/a3c9a90d-73bc-48ab-8c14-720b27f0d50e.jpeg,1488708642269290383,4784834,29.1339,-95.0572,"=AVERAGE($G$2:$G$830)","=AVERAGE($D$2:$D$830)","=IFERROR(($AT424-G424)/$AT424,0)","=IFERROR(($AU424-D424)/$AU424,0)","=$AU424-D424"
Wedding Venue Endless Horizons Weddings,302559190,,10560,14082,1056,12.35,170,5,6,16,true,false,true,true,true,false,false,Home/Apartment,House,House/villa,0,0,2,21+,Luxury,true,1545,false,10,3,2025-12-04,Galveston,Port Bolivar,Port Bolivar,Texas,77650,United States,coastal,https://www.airbnb.com/rooms/1481977374795452115,https://a0.muscache.com/im/pictures/prohost-api/Hosting-1481977374795452115/original/38f0b7a4-9a96-4180-8d1d-b6e40da2b2e6.jpeg,1481977374795452115,,29.461617,-94.611318,"=AVERAGE($G$2:$G$830)","=AVERAGE($D$2:$D$830)","=IFERROR(($AT425-G425)/$AT425,0)","=IFERROR(($AU425-D425)/$AU425,0)","=$AU425-D425"
Home Sweet Pineapple,564283732,,10504,33596,1050.4,37.04,137,5,4,14,true,false,false,true,true,false,false,Home/Apartment,House,House/villa,5,1,4,1,Luxury,false,321,false,10,2,2025-09-06,Galveston,Galveston,Galveston,Texas,77554,United States,coastal,https://www.airbnb.com/rooms/1110879007557273736,https://a0.muscache.com/im/pictures/hosting/Hosting-U3RheVN1cHBseUxpc3Rpbmc6MTExMDg3OTAwNzU1NzI3MzczNg%3D%3D/original/43d9b5ff-6107-4984-ac5b-b28f3cd335c3.jpeg,1110879007557273736,,29.2305724736,-94.8926500577,"=AVERAGE($G$2:$G$830)","=AVERAGE($D$2:$D$830)","=IFERROR(($AT426-G426)/$AT426,0)","=IFERROR(($AU426-D426)/$AU426,0)","=$AU426-D426"
4BR Beachfront Home with Ocean Views & BBQ Grill,Pacific Properties Management,,10113,10113,842.75,11.65,214,4,6,12,true,false,false,true,true,false,false,Home/Apartment,House,House/villa,4.85,7,2,21+,Luxury,true,315,false,12,5,2025-04-14,Galveston,Galveston,Galveston,Texas,77554,United States,coastal,https://www.airbnb.com/rooms/1187743550900633713,https://a0.muscache.com/im/pictures/hosting/Hosting-U3RheVN1cHBseUxpc3Rpbmc6MTE4Nzc0MzU1MDkwMDYzMzcxMw%3D%3D/original/0f0b94cc-1566-4840-a988-1e07fb8a4b15.jpeg,1187743550900633713,4075002,29.2338,-94.88908,"=AVERAGE($G$2:$G$830)","=AVERAGE($D$2:$D$830)","=IFERROR(($AT427-G427)/$AT427,0)","=IFERROR(($AU427-D427)/$AU427,0)","=$AU427-D427"
6BR Modern Gulf coast Luxury awaits,Vacasa,,10012,26363,1112.44,23.08,40,6,6,16,true,false,false,true,true,false,false,Home/Apartment,House,House/villa,4,2,2,21+,Luxury,false,340,true,9,3,2025-08-16,Galveston,Port Bolivar,Port Bolivar,Texas,77650,United States,coastal,https://www.airbnb.com/rooms/1432800473748722611,https://a0.muscache.com/im/pictures/prohost-api/Hosting-1432800473748722611/original/094fc54f-8317-44e7-9f23-db1d52d16689.jpeg,1432800473748722611,4619464,29.4209136572,-94.6884531103,"=AVERAGE($G$2:$G$830)","=AVERAGE($D$2:$D$830)","=IFERROR(($AT428-G428)/$AT428,0)","=IFERROR(($AU428-D428)/$AU428,0)","=$AU428-D428"
Family home near downtown in convenient location,StayBeachBox Vacations,,9895,9935,380.58,24.07,108,4,2,13,true,false,false,true,true,false,false,Home/Apartment,House,House/villa,4.2,10,3,21+,Luxury,false,165,true,26,8,2024-09-06,Galveston,Galveston,Galveston,Texas,77550,United States,coastal,https://www.airbnb.com/rooms/1121635273420862543,https://a0.muscache.com/im/pictures/prohost-api/Hosting-1121635273420862543/original/4ae73716-1877-4dae-8773-db46ad3e9061.jpeg,1121635273420862543,3397910,29.2976067196,-94.8087471488,"=AVERAGE($G$2:$G$830)","=AVERAGE($D$2:$D$830)","=IFERROR(($AT429-G429)/$AT429,0)","=IFERROR(($AU429-D429)/$AU429,0)","=$AU429-D429"
"Private Pool, Boat Slip & Dock, Fishing Lights & More! Spacious Private Home",Sand `N Sea Properties,,8793,31678,879.3,25.64,44,4,3,12,true,false,false,true,true,false,true,Home/Apartment,House,House/villa,5,2,1,21+,Luxury,false,0,true,10,4,2025-07-15,Galveston,Galveston,Galveston,Texas,77554,United States,coastal,https://www.vrbo.com/4167792,"https://media.vrbo.com/lodging/109000000/108390000/108380600/108380571/1f990db5.jpg?impolicy=resizecrop&rw=1200&ra=fit",,4167792,29.198947,-94.983548,"=AVERAGE($G$2:$G$830)","=AVERAGE($D$2:$D$830)","=IFERROR(($AT430-G430)/$AT430,0)","=IFERROR(($AU430-D430)/$AU430,0)","=$AU430-D430"
"Dog Friendly Beachside Home w/ 4 Decks, Elevator, Easy Beach Access & More!",Sand `N Sea Properties,,8400,12240,933.33,14.52,109,4,4,15,true,false,false,true,true,true,false,Home/Apartment,House,House/villa,0,0,2,21+,Luxury,false,0,false,9,2,2026-05-17,Galveston,Galveston,Galveston,Texas,77554,United States,coastal,https://www.vrbo.com/5014744,"https://media.vrbo.com/lodging/125000000/124310000/124303200/124303139/b910dbd3.jpg?impolicy=resizecrop&rw=1200&ra=fit",,5014744,29.20773,-94.92941,"=AVERAGE($G$2:$G$830)","=AVERAGE($D$2:$D$830)","=IFERROR(($AT431-G431)/$AT431,0)","=IFERROR(($AU431-D431)/$AU431,0)","=$AU431-D431"
"Elevator, Private Dune Walkover, 5 Decks",Sand `N Sea Properties,,8387,40549,931.89,16.36,257,4,4,10,true,false,false,true,true,false,false,Home/Apartment,House,House/villa,0,0,6,21+,Luxury,false,491,true,9,2,2026-05-11,Galveston,Galveston,Galveston,Texas,77554,United States,coastal,https://www.airbnb.com/rooms/1508065227369041820,https://a0.muscache.com/im/pictures/prohost-api/Hosting-1508065227369041820/original/b874946a-e5f1-44e6-bfd9-4036994a161f.jpeg,1508065227369041820,3470869,29.1496253118,-95.0266172523,"=AVERAGE($G$2:$G$830)","=AVERAGE($D$2:$D$830)","=IFERROR(($AT432-G432)/$AT432,0)","=IFERROR(($AU432-D432)/$AU432,0)","=$AU432-D432"
B3 Sand Ranch,Sand Dollar Real Estate & Beach Rentals,,8380,8552,644.62,16.88,100,4,3,14,true,false,false,true,true,false,false,Home/Apartment,House,House/villa,4.95,49,3,6-20,Luxury,true,235,true,13,4,2025-04-01,Galveston,Port Bolivar,Port Bolivar,Texas,77650,United States,coastal,https://www.airbnb.com/rooms/46117066,https://a0.muscache.com/im/pictures/prohost-api/Hosting-46117066/original/b0c7cb53-f0f1-4cec-8e25-449f019ab80c.jpeg,46117066,2106811,29.41802,-94.69371,"=AVERAGE($G$2:$G$830)","=AVERAGE($D$2:$D$830)","=IFERROR(($AT433-G433)/$AT433,0)","=IFERROR(($AU433-D433)/$AU433,0)","=$AU433-D433"
Deja View ~ Across from the beach,563499625,,7382,8405,671.09,16.18,361,4,3,12,true,false,true,true,true,false,false,Home/Apartment,House,House/villa,5,2,1,1,Luxury,false,170,false,11,4,2026-05-14,Galveston,Galveston,Galveston,Texas,77554,United States,coastal,https://www.airbnb.com/rooms/1110275540494334598,https://a0.muscache.com/im/pictures/miso/Hosting-1110275540494334598/original/be342aa0-1502-45cc-8466-10863988e796.jpeg,1110275540494334598,3872527,29.13714,-95.04749,"=AVERAGE($G$2:$G$830)","=AVERAGE($D$2:$D$830)","=IFERROR(($AT434-G434)/$AT434,0)","=IFERROR(($AU434-D434)/$AU434,0)","=$AU434-D434"
"Moby Dick's - House on the Canal!
Jamaica Beach!
Brand New Property! 6BR/5.5BA",,,7127,16569,1425.4,15.62,49,6,6,16,true,false,false,true,true,true,true,Home/Apartment,House,House/villa,5,6,2,1,Luxury,false,350,false,5,1,2026-04-01,Galveston,Galveston,Galveston,Texas,77554,United States,coastal,https://www.vrbo.com/3561555,"https://media.vrbo.com/lodging/97000000/96780000/96776100/96776090/671da5ed.jpg?impolicy=resizecrop&rw=1200&ra=fit",,3561555,29.1926,-94.97926,"=AVERAGE($G$2:$G$830)","=AVERAGE($D$2:$D$830)","=IFERROR(($AT435-G435)/$AT435,0)","=IFERROR(($AU435-D435)/$AU435,0)","=$AU435-D435"
BRAND NEW•Beachfront House•Stunning Views•Elevator,331184293,,6865,9588,1144.17,30,105,5,5,16,true,false,false,false,true,false,false,Home/Apartment,House,House/villa,5,6,3,2-5,Luxury,false,400,false,6,3,2026-05-13,Galveston,Galveston,Galveston,Texas,77550,United States,coastal,https://www.airbnb.com/rooms/1606007985094930118,https://a0.muscache.com/im/pictures/hosting/Hosting-1606007985094930118/original/2fa71419-0143-4268-924e-c40fce14a4f0.jpeg,1606007985094930118,5066159,29.3089,-94.7638,"=AVERAGE($G$2:$G$830)","=AVERAGE($D$2:$D$830)","=IFERROR(($AT436-G436)/$AT436,0)","=IFERROR(($AU436-D436)/$AU436,0)","=$AU436-D436"
Beautiful waterfront 4 Bedroom in the Seagrass Subdivision w/ a POOL!!,Cobb Real Estate,,6431,7951,584.64,16.92,118,4,3,15,false,false,false,true,false,true,true,Home/Apartment,House,House/villa,4.9,16,2,21+,Luxury,false,0,true,11,3,2026-03-01,Galveston,Port Bolivar,Gilchrist,Texas,77617,United States,coastal,https://www.vrbo.com/2684181,"https://media.vrbo.com/lodging/77000000/76010000/76008900/76008841/138b32e9.jpg?impolicy=resizecrop&rw=1200&ra=fit",,2684181,29.4848,-94.56266,"=AVERAGE($G$2:$G$830)","=AVERAGE($D$2:$D$830)","=IFERROR(($AT437-G437)/$AT437,0)","=IFERROR(($AU437-D437)/$AU437,0)","=$AU437-D437"
"Beachside Beauty w/ 4 Suites, Easy Beach Access",Sand `N Sea Properties,,6333,9190,633.3,23.81,102,4,4,12,true,false,false,true,true,true,false,Home/Apartment,House,House/villa,0,0,2,21+,Luxury,false,409,false,10,3,2026-05-11,Galveston,Galveston,Galveston,Texas,77554,United States,coastal,https://www.airbnb.com/rooms/1600256696005110772,https://a0.muscache.com/im/pictures/prohost-api/Hosting-1600256696005110772/original/d126d604-411b-44b4-bb60-ecbe112625eb.jpeg,1600256696005110772,5049339,29.2329997621,-94.8886373512,"=AVERAGE($G$2:$G$830)","=AVERAGE($D$2:$D$830)","=IFERROR(($AT438-G438)/$AT438,0)","=IFERROR(($AU438-D438)/$AU438,0)","=$AU438-D438"
"4BR Getaway | Hot Tub, Game Room & Gulf Views",Bolivar Vacations,,6228,6228,1038,10,60,4,3,14,true,false,true,true,true,true,false,Home/Apartment,House,House/villa,4.6,5,7,21+,Luxury,true,345,true,6,2,2025-03-04,Galveston,Port Bolivar,Port Bolivar,Texas,77650,United States,coastal,https://www.airbnb.com/rooms/1252406357545931578,https://a0.muscache.com/im/pictures/prohost-api/Hosting-1252406357545931578/original/405cf4bc-2ee5-4623-a6f4-5238f3045f01.jpeg,1252406357545931578,3852084,29.4441712658,-94.6487968023,"=AVERAGE($G$2:$G$830)","=AVERAGE($D$2:$D$830)","=IFERROR(($AT439-G439)/$AT439,0)","=IFERROR(($AU439-D439)/$AU439,0)","=$AU439-D439"
Spectacular Beach-front Luxury Home,,,6071,6071,867.29,20.59,34,4,4,10,true,false,false,true,true,false,true,Home/Apartment,House,House/villa,5,98,3,1,Luxury,false,250,true,7,1,2025-01-26,Galveston,Galveston,Galveston,Texas,77554,United States,coastal,https://www.vrbo.com/2189861,"https://media.vrbo.com/lodging/64000000/63890000/63888800/63888740/ce40530b.jpg?impolicy=resizecrop&rw=1200&ra=fit",,2189861,29.108205,-95.089174,"=AVERAGE($G$2:$G$830)","=AVERAGE($D$2:$D$830)","=IFERROR(($AT440-G440)/$AT440,0)","=IFERROR(($AU440-D440)/$AU440,0)","=$AU440-D440"
Bay Vista- *New Listing* in Terramar Beach,Be My Galveston Guest,,5861,8339,976.83,16.67,76,4,3,14,true,false,false,true,true,true,false,Home/Apartment,House,House/villa,0,0,2,21+,Luxury,true,560,false,6,2,2026-05-13,Galveston,Galveston,Galveston,Texas,77554,United States,coastal,https://www.airbnb.com/rooms/1601642158113464759,https://a0.muscache.com/im/pictures/hosting/Hosting-1601642158113464759/original/a55ec4e8-827c-41fa-ae5a-16a2de9e88f6.jpeg,1601642158113464759,,29.136,-95.0632,"=AVERAGE($G$2:$G$830)","=AVERAGE($D$2:$D$830)","=IFERROR(($AT441-G441)/$AT441,0)","=IFERROR(($AU441-D441)/$AU441,0)","=$AU441-D441"
Beachfront | 5 bedroom,Southern Sands Property Management Group,,5661,5661,1132.2,15.62,32,5,2,14,true,false,false,true,true,true,true,Home/Apartment,House,House/villa,5,4,3,21+,Luxury,true,384,true,5,1,2025-01-31,Galveston,Galveston,Galveston,Texas,77554,United States,coastal,https://www.airbnb.com/rooms/1081137980975214718,https://a0.muscache.com/im/pictures/prohost-api/Hosting-1081137980975214718/original/755af8ea-50f5-4e63-81ec-ebad5721dd3c.jpeg,1081137980975214718,,29.1308,-95.0557,"=AVERAGE($G$2:$G$830)","=AVERAGE($D$2:$D$830)","=IFERROR(($AT442-G442)/$AT442,0)","=IFERROR(($AU442-D442)/$AU442,0)","=$AU442-D442"
Secluded home with pool and game room,32866867,,5547,5547,1386.75,11.76,34,5,3,16,true,false,false,true,true,true,true,Home/Apartment,House,House/villa,4.3,22,2,6-20,Luxury,false,185,true,4,1,2024-09-01,Galveston,Galveston,Galveston,Texas,77554,United States,coastal,https://www.airbnb.com/rooms/1110092727583080222,https://a0.muscache.com/im/pictures/prohost-api/Hosting-1110092727583080222/original/04b3e094-4d5f-47eb-ad9e-81c03e54ee73.jpeg,1110092727583080222,2682410,29.1667421255,-95.004258538,"=AVERAGE($G$2:$G$830)","=AVERAGE($D$2:$D$830)","=IFERROR(($AT443-G443)/$AT443,0)","=IFERROR(($AU443-D443)/$AU443,0)","=$AU443-D443"
Atlantis,Swedes Real Estate,,5433,14913,1086.6,19.23,341,4,3,12,true,true,false,true,true,false,false,Home/Apartment,House,House/villa,4,4,2,21+,Luxury,false,288,true,5,1,2026-05-14,Galveston,Port Bolivar,Port Bolivar,Texas,77650,United States,coastal,https://www.airbnb.com/rooms/701294711084657543,https://a0.muscache.com/im/pictures/hosting/Hosting-701294711084657543/original/3c13a2a4-b2f0-4f84-8c26-ce345697a3a4.jpeg,701294711084657543,2976991,29.4723,-94.5886,"=AVERAGE($G$2:$G$830)","=AVERAGE($D$2:$D$830)","=IFERROR(($AT444-G444)/$AT444,0)","=IFERROR(($AU444-D444)/$AU444,0)","=$AU444-D444"
beachfront home in Indian Beach,250392555,,5377,30213,896.17,19.35,33,4,3,10,true,false,false,true,true,false,false,Home/Apartment,House,House/villa,4.8,23,2,1,Luxury,false,300,true,6,2,2024-07-28,Galveston,Galveston,Galveston,Texas,77554,United States,coastal,https://www.airbnb.com/rooms/871298349732034711,https://a0.muscache.com/im/pictures/miso/Hosting-871298349732034711/original/d5eb7a00-1378-4f1b-97ed-037104f809d6.jpeg,871298349732034711,3381244,29.1674,-94.9965,"=AVERAGE($G$2:$G$830)","=AVERAGE($D$2:$D$830)","=IFERROR(($AT445-G445)/$AT445,0)","=IFERROR(($AU445-D445)/$AU445,0)","=$AU445-D445"
"Elevator, Hot Tub, Great Gulf Views, 3rd house from Beach, Great Family Getaway!",Sand `N Sea Properties,,5097,93306,1699,23.08,198,5,4,16,true,false,true,true,true,false,false,Home/Apartment,House,House/villa,5,1,2,21+,Luxury,false,0,true,3,1,2026-05-17,Galveston,Galveston,Galveston,Texas,77554,United States,coastal,https://www.vrbo.com/4018076,"https://media.vrbo.com/lodging/106000000/105490000/105483200/105483157/a3a4a0c3.jpg?impolicy=resizecrop&rw=1200&ra=fit",,4018076,29.20221,-94.93871,"=AVERAGE($G$2:$G$830)","=AVERAGE($D$2:$D$830)","=IFERROR(($AT446-G446)/$AT446,0)","=IFERROR(($AU446-D446)/$AU446,0)","=$AU446-D446"
Salty Sea + Sunlight Family Retreat Pirate's Beach,736929230,,4569,5254,571.12,40,27,4,3,12,true,false,false,true,true,false,false,Home/Apartment,House,House/villa,0,0,2,1,Luxury,false,199,false,8,2,2026-05-14,Galveston,Galveston,Galveston,Texas,77554,United States,coastal,https://www.airbnb.com/rooms/1587748430357721408,https://a0.muscache.com/im/pictures/hosting/Hosting-1587748430357721408/original/7272d07e-e11c-4d66-9018-6761b8c11acc.jpeg,1587748430357721408,,29.20279,-94.94006,"=AVERAGE($G$2:$G$830)","=AVERAGE($D$2:$D$830)","=IFERROR(($AT447-G447)/$AT447,0)","=IFERROR(($AU447-D447)/$AU447,0)","=$AU447-D447"
The Copa beachfront paradise,203265687,,4515,4966,903,50,10,4,3,10,true,false,false,true,true,false,false,Home/Apartment,House,House/villa,0,0,2,1,Luxury,false,275,false,5,1,2024-11-13,Galveston,Port Bolivar,Port Bolivar,Texas,77650,United States,coastal,https://www.airbnb.com/rooms/1186283888888342961,https://a0.muscache.com/im/pictures/miso/Hosting-1186283888888342961/original/50bf617e-a2fa-4881-842a-cf1892b7c949.jpeg,1186283888888342961,4070991,29.47298,-94.58885,"=AVERAGE($G$2:$G$830)","=AVERAGE($D$2:$D$830)","=IFERROR(($AT448-G448)/$AT448,0)","=IFERROR(($AU448-D448)/$AU448,0)","=$AU448-D448"
"Huge, beachfront house with game room and views",337957888,,4420,10313,1105,44.44,9,6,3,16,true,false,false,true,true,true,true,Home/Apartment,House,House/villa,4.4,131,2,6-20,Luxury,false,225,true,4,1,2024-04-06,Galveston,Galveston,Galveston,Texas,77554,United States,coastal,https://www.airbnb.com/rooms/968744248993918684,"https://a0.muscache.com/im/pictures/miso/Hosting-968744248993918684/original/02bab9b1-50e5-483d-8e3d-89fdff40af29.png?aki_policy=x_large",968744248993918684,1714424,29.2036923481,-94.9348343959,"=AVERAGE($G$2:$G$830)","=AVERAGE($D$2:$D$830)","=IFERROR(($AT449-G449)/$AT449,0)","=IFERROR(($AU449-D449)/$AU449,0)","=$AU449-D449"
Seaside Villas by Sunsational Stays,551737708,,4232,14944,1058,12.9,80,4,4,16,true,false,false,false,false,false,false,Home/Apartment,House,House/villa,0,0,2,2-5,Luxury,false,270,false,4,1,2025-06-14,Galveston,Galveston,Galveston,Texas,77550,United States,coastal,https://www.airbnb.com/rooms/1050834977073389509,https://a0.muscache.com/im/pictures/prohost-api/Hosting-1050834977073389509/original/f0e5deae-cf2d-4fed-bb02-1c0549f77c91.jpeg,1050834977073389509,,29.29687,-94.78007,"=AVERAGE($G$2:$G$830)","=AVERAGE($D$2:$D$830)","=IFERROR(($AT450-G450)/$AT450,0)","=IFERROR(($AU450-D450)/$AU450,0)","=$AU450-D450"
The Coppertone Beach House - Where modern luxury meets the beach!,Cobb Real Estate,,3875,33019,968.75,80,58,6,6,24,false,false,false,true,true,false,false,Home/Apartment,House,House/villa,5,0,2,21+,Luxury,false,0,true,4,1,2025-12-19,Galveston,Port Bolivar,Port Bolivar,Texas,77650,United States,coastal,https://www.vrbo.com/4746517,,,4746517,29.42073,-94.68899,"=AVERAGE($G$2:$G$830)","=AVERAGE($D$2:$D$830)","=IFERROR(($AT451-G451)/$AT451,0)","=IFERROR(($AU451-D451)/$AU451,0)","=$AU451-D451"
Large Bay Home- Big Swimming,75397338,,3641,16513,728.2,13.16,324,4,3,10,true,false,false,true,true,true,true,Home/Apartment,House,House/villa,4.85,78,3,1,Luxury,false,226,false,5,2,2026-04-20,Galveston,Galveston,Galveston,Texas,77554,United States,coastal,https://www.airbnb.com/rooms/1110215768752525905,https://a0.muscache.com/im/pictures/hosting/Hosting-U3RheVN1cHBseUxpc3Rpbmc6MTExMDIxNTc2ODc1MjUyNTkwNQ%3D%3D/original/fd450a1a-356a-4e50-9b02-de5c33cc3387.jpeg,1110215768752525905,589392,29.18827,-94.98131,"=AVERAGE($G$2:$G$830)","=AVERAGE($D$2:$D$830)","=IFERROR(($AT452-G452)/$AT452,0)","=IFERROR(($AU452-D452)/$AU452,0)","=$AU452-D452"
Beachfront | Sleeps 15 | Fenced Yard,Southern Sands Property Management Group,,3603,3603,1201,7.14,42,4,2,15,true,false,false,true,true,true,false,Home/Apartment,House,House/villa,5,5,3,21+,Luxury,true,384,true,3,1,2025-01-31,Galveston,Galveston,Galveston,Texas,77554,United States,coastal,https://www.airbnb.com/rooms/1125998119355807561,https://a0.muscache.com/im/pictures/prohost-api/Hosting-1125998119355807561/original/4019493e-7471-441a-af81-f58d260346de.jpeg,1125998119355807561,,29.1205,-95.0712,"=AVERAGE($G$2:$G$830)","=AVERAGE($D$2:$D$830)","=IFERROR(($AT453-G453)/$AT453,0)","=IFERROR(($AU453-D453)/$AU453,0)","=$AU453-D453"
Blue Moon Bay - Sleeps 14 + Sunset Views!,56525190,,3597,39901,1199,100,65,4,4,14,true,false,false,true,true,false,true,Home/Apartment,House,House/villa,5,40,3,1,Luxury,false,298,false,3,1,2026-05-14,Galveston,Galveston,Galveston,Texas,77554,United States,coastal,https://www.airbnb.com/rooms/50166015,https://a0.muscache.com/im/pictures/miso/Hosting-50166015/original/ee0bfed9-065b-46c9-8eec-fc781d7427c5.jpeg,50166015,2502346,29.1097,-95.0979,"=AVERAGE($G$2:$G$830)","=AVERAGE($D$2:$D$830)","=IFERROR(($AT454-G454)/$AT454,0)","=IFERROR(($AU454-D454)/$AU454,0)","=$AU454-D454"
Barsala | Seaside Retreat: Luxurious 4BD w/ views!,506766611,,3508,3508,1169.33,10,91,4,3,14,true,false,false,true,true,true,true,Home/Apartment,House,House/villa,4.65,10,3,2-5,Luxury,false,300,true,3,1,2025-05-29,Galveston,Galveston,Galveston,Texas,77554,United States,coastal,https://www.airbnb.com/rooms/863039148524771485,https://a0.muscache.com/im/pictures/prohost-api/Hosting-863039148524771485/original/183293f5-f156-4397-9794-76ed64f4daf2.jpeg,863039148524771485,3380816,29.09685,-95.10831,"=AVERAGE($G$2:$G$830)","=AVERAGE($D$2:$D$830)","=IFERROR(($AT455-G455)/$AT455,0)","=IFERROR(($AU455-D455)/$AU455,0)","=$AU455-D455"
Kemah Haven,71177420,,3345,34565,1115,100,3,4,3,11,true,false,false,true,true,true,true,Home/Apartment,House,House/villa,5,4,2,6-20,Luxury,false,595,false,3,1,2025-04-30,Galveston,Kemah,Kemah,Texas,77565,United States,coastal,https://www.airbnb.com/rooms/1330647132565143336,https://a0.muscache.com/im/pictures/miso/Hosting-1330647132565143336/original/04ae894b-d2b6-427b-98f6-f44c2a812dd7.jpeg,1330647132565143336,4375149,29.54977,-95.0506,"=AVERAGE($G$2:$G$830)","=AVERAGE($D$2:$D$830)","=IFERROR(($AT456-G456)/$AT456,0)","=IFERROR(($AU456-D456)/$AU456,0)","=$AU456-D456"
Brand new beach house retreat!,4220553,,3324,4920,831,12.9,356,4,4,12,true,false,false,true,true,false,false,Home/Apartment,House,House/villa,5,6,3,2-5,Luxury,false,0,true,4,1,2026-05-14,Galveston,Galveston,Galveston,Texas,77550,United States,coastal,https://www.airbnb.com/rooms/750194038871610383,https://a0.muscache.com/im/pictures/miso/Hosting-750194038871610383/original/60cc6ee2-cd83-4a78-828d-46793f855d7c.jpeg,750194038871610383,,29.3136,-94.7547,"=AVERAGE($G$2:$G$830)","=AVERAGE($D$2:$D$830)","=IFERROR(($AT457-G457)/$AT457,0)","=IFERROR(($AU457-D457)/$AU457,0)","=$AU457-D457"
"Freshly Updated, Dog Friendly, Fenced Yard",244276617,,3297,46149,1099,60,50,4,3,14,true,false,false,true,true,true,true,Home/Apartment,House,House/villa,0,0,4,6-20,Luxury,true,0,true,3,1,2025-10-04,Galveston,Galveston,Galveston,Texas,77554,United States,coastal,https://www.airbnb.com/rooms/1355088079767547044,https://a0.muscache.com/im/pictures/prohost-api/Hosting-1355088079767547044/original/47cfa9f6-40d9-4d4e-83cf-04361a793118.jpeg,1355088079767547044,,29.207061,-94.9345789865,"=AVERAGE($G$2:$G$830)","=AVERAGE($D$2:$D$830)","=IFERROR(($AT458-G458)/$AT458,0)","=IFERROR(($AU458-D458)/$AU458,0)","=$AU458-D458"
A Stairway to Heaven,Bolivar Escapes,,3292,8792,823,17.39,214,4,3,10,true,true,false,true,true,false,false,Home/Apartment,House,House/villa,0,0,2,21+,Luxury,false,326,true,4,1,2026-05-11,Galveston,Port Bolivar,Port Bolivar,Texas,77650,United States,coastal,https://www.airbnb.com/rooms/1498068385756791611,https://a0.muscache.com/im/pictures/hosting/Hosting-1498068385756791611/original/66c27104-bfa1-405f-9284-fde68dd4d7c9.jpeg,1498068385756791611,4785763,29.4362,-94.6634,"=AVERAGE($G$2:$G$830)","=AVERAGE($D$2:$D$830)","=IFERROR(($AT459-G459)/$AT459,0)","=IFERROR(($AU459-D459)/$AU459,0)","=$AU459-D459"
Custom Home with beach & bay views at Pointe West!,456904718,,3123,3708,1041,10,58,5,3,13,true,false,false,true,true,true,false,Home/Apartment,House,House/villa,5,6,2,1,Luxury,false,250,false,3,1,2025-05-24,Galveston,Galveston,Galveston,Texas,77554,United States,coastal,https://www.airbnb.com/rooms/617146274372203806,https://a0.muscache.com/im/pictures/miso/Hosting-617146274372203806/original/51565927-7233-452c-9b64-afd1e6e076f0.jpeg,617146274372203806,2710019,29.10758,-95.09501,"=AVERAGE($G$2:$G$830)","=AVERAGE($D$2:$D$830)","=IFERROR(($AT460-G460)/$AT460,0)","=IFERROR(($AU460-D460)/$AU460,0)","=$AU460-D460"
"HotTub, MiniGolf, Arcade, OceanView, SeasTheDay",Bolivar Vacations,,3101,5039,1033.67,10,30,4,3,14,true,false,true,true,true,true,false,Home/Apartment,House,House/villa,0,0,2,21+,Luxury,true,345,true,3,1,2024-12-27,Galveston,Port Bolivar,Port Bolivar,Texas,77650,United States,coastal,https://www.airbnb.com/rooms/1310439106470987959,https://a0.muscache.com/im/pictures/prohost-api/Hosting-1310439106470987959/original/5dfec791-eb41-4f68-93a7-81c23cf28179.png,1310439106470987959,,29.44494,-94.6501,"=AVERAGE($G$2:$G$830)","=AVERAGE($D$2:$D$830)","=IFERROR(($AT461-G461)/$AT461,0)","=IFERROR(($AU461-D461)/$AU461,0)","=$AU461-D461"
"Ocean front home w/ direct beach access, pet friendly and shared community pool",Vacay Time,,2860,3448,715,12.9,58,4,3,10,true,false,false,true,true,true,true,Home/Apartment,House,House/villa,4,4,2,21+,Luxury,false,300,true,4,1,2025-10-09,Galveston,Galveston,Galveston,Texas,77554,United States,coastal,https://www.vrbo.com/4049352,"https://images.trvl-media.com/lodging/107000000/106020000/106016400/106016375/65636f34.jpg?impolicy=resizecrop&rw=1200&ra=fit",,4049352,29.18117,-94.97363,"=AVERAGE($G$2:$G$830)","=AVERAGE($D$2:$D$830)","=IFERROR(($AT462-G462)/$AT462,0)","=IFERROR(($AU462-D462)/$AU462,0)","=$AU462-D462"
Amazing Beachfront - Right on the beach! Loaded w/ amenities!,Cobb Real Estate,,2648,20522,662,100,4,4,3,15,false,false,true,true,true,true,false,Home/Apartment,House,House/villa,5,5,2,21+,Luxury,false,0,true,4,1,2025-03-14,Galveston,Port Bolivar,Port Bolivar,Texas,77650,United States,coastal,https://www.vrbo.com/3981342,"https://media.vrbo.com/lodging/105000000/104500000/104490200/104490123/c2acc481.jpg?impolicy=resizecrop&rw=1200&ra=fit",,3981342,29.457146,-94.621819,"=AVERAGE($G$2:$G$830)","=AVERAGE($D$2:$D$830)","=IFERROR(($AT463-G463)/$AT463,0)","=IFERROR(($AU463-D463)/$AU463,0)","=$AU463-D463"
Let it Be by the Sea - Galveston Beachfront Beauty,412533019,,2638,2638,659.5,12.9,31,4,3,12,true,false,false,true,true,true,false,Home/Apartment,House,House/villa,4.65,21,2,2-5,Luxury,false,160,false,4,1,2024-11-04,Galveston,Galveston,Galveston,Texas,77554,United States,coastal,https://www.airbnb.com/rooms/50998338,https://a0.muscache.com/im/pictures/miso/Hosting-50998338/original/4847cb4a-4178-436c-9533-5fa543e16b89.jpeg,50998338,,29.17259,-94.98857,"=AVERAGE($G$2:$G$830)","=AVERAGE($D$2:$D$830)","=IFERROR(($AT464-G464)/$AT464,0)","=IFERROR(($AU464-D464)/$AU464,0)","=$AU464-D464"
Gorgeous Galveston Getaway ,,,2566,2566,1283,6.9,29,4,3,8,true,false,false,false,false,false,false,Home/Apartment,House,House/villa,4.8,4,2,1,Luxury,false,165,false,2,1,2024-11-15,Galveston,Galveston,Galveston,Texas,77554,United States,coastal,https://www.vrbo.com/2515829,"https://images.trvl-media.com/lodging/73000000/72050000/72049100/72049056/1ee10a0e.jpg?impolicy=resizecrop&rw=1200&ra=fit",,2515829,29.207554,-94.930603,"=AVERAGE($G$2:$G$830)","=AVERAGE($D$2:$D$830)","=IFERROR(($AT465-G465)/$AT465,0)","=IFERROR(($AU465-D465)/$AU465,0)","=$AU465-D465"
Turtle Time in your OWN shell at the beach!,Southern Sands Property Management,,2447,2447,815.67,10,64,5,3,16,true,false,false,true,true,true,false,Home/Apartment,House,House/villa,4.9,24,3,21+,Luxury,true,521,true,3,1,2026-02-09,Galveston,Port Bolivar,Port Bolivar,Texas,77650,United States,coastal,https://www.airbnb.com/rooms/697642750971642666,https://a0.muscache.com/im/pictures/prohost-api/Hosting-697642750971642666/original/2f25726c-a8a9-4850-8d3b-4d5b99e2d501.jpeg,697642750971642666,2975617,29.4565,-94.6244,"=AVERAGE($G$2:$G$830)","=AVERAGE($D$2:$D$830)","=IFERROR(($AT466-G466)/$AT466,0)","=IFERROR(($AU466-D466)/$AU466,0)","=$AU466-D466"
Beachside Retreat w/ Ocean Views & 4 Ensuite Baths,389080613,,2184,7383,728,14.29,173,4,4,8,true,false,false,true,true,false,false,Home/Apartment,House,House/villa,5,17,3,1,Luxury,false,450,false,3,1,2026-05-14,Galveston,Galveston,Galveston,Texas,77550,United States,coastal,https://www.airbnb.com/rooms/943553577302973447,https://a0.muscache.com/im/pictures/hosting/Hosting-943553577302973447/original/4f58b8e1-a2cf-4bbf-a762-3d3b28c42617.jpeg,943553577302973447,3583007,29.31982,-94.74792,"=AVERAGE($G$2:$G$830)","=AVERAGE($D$2:$D$830)","=IFERROR(($AT467-G467)/$AT467,0)","=IFERROR(($AU467-D467)/$AU467,0)","=$AU467-D467"
Immaculate 7BR Soundview | Private Pool | Dock,Vacasa,,2130,4774,1065,6.9,57,7,4,16,true,false,false,true,true,false,true,Home/Apartment,House,House/villa,4.15,13,2,21+,Luxury,false,371,true,2,1,2023-11-01,Galveston,Dickinson,Dickinson,Texas,77539,United States,coastal,https://www.airbnb.com/rooms/46548770,"https://a0.muscache.com/im/pictures/a7fb49d3-2928-4901-979c-40e93870dcb1.jpg?aki_policy=x_large",46548770,4531922,29.44384,-95.07383,"=AVERAGE($G$2:$G$830)","=AVERAGE($D$2:$D$830)","=IFERROR(($AT468-G468)/$AT468,0)","=IFERROR(($AU468-D468)/$AU468,0)","=$AU468-D468"
Beautifully Decorated WOW VIEWS!,44941786,,1892,2841,946,6.9,240,4,4,10,true,false,false,true,true,false,false,Home/Apartment,House,House/villa,4.9,67,30,1,Luxury,false,275,false,2,1,2026-05-13,Galveston,Galveston,Galveston,Texas,77554,United States,coastal,https://www.airbnb.com/rooms/8536310,https://a0.muscache.com/im/pictures/108481833/594089b6_original.jpg,8536310,601811,29.20835,-94.93216,"=AVERAGE($G$2:$G$830)","=AVERAGE($D$2:$D$830)","=IFERROR(($AT469-G469)/$AT469,0)","=IFERROR(($AU469-D469)/$AU469,0)","=$AU469-D469"
Easy Breezy,Sand Dollar Real Estate & Beach Rentals,,1828,1828,914,6.9,29,4,4,14,true,false,false,true,true,true,false,Home/Apartment,House,House/villa,0,0,3,6-20,Luxury,true,275,true,2,1,2024-09-20,Galveston,Port Bolivar,Port Bolivar,Texas,77650,United States,coastal,https://www.airbnb.com/rooms/1207428537980488219,https://a0.muscache.com/im/pictures/prohost-api/Hosting-1207428537980488219/original/9accc886-1ed4-4a4b-b311-9e53d543c454.jpeg,1207428537980488219,4114557,29.4527385737,-94.6292375723,"=AVERAGE($G$2:$G$830)","=AVERAGE($D$2:$D$830)","=IFERROR(($AT470-G470)/$AT470,0)","=IFERROR(($AU470-D470)/$AU470,0)","=$AU470-D470"
"Waterfront Single-row Beauty, Perfect for Family Getaways",,,1726,12052,863,33.33,71,4,3,12,true,false,false,true,true,false,false,Home/Apartment,House,House/villa,4.9,16,2,1,Luxury,false,400,false,2,1,2026-05-17,Galveston,Galveston,Galveston,Texas,77554,United States,coastal,https://www.vrbo.com/2165739,"https://media.vrbo.com/lodging/64000000/63070000/63064900/63064881/953b1cbe.jpg?impolicy=resizecrop&rw=1200&ra=fit",,2165739,29.16333,-95.00392,"=AVERAGE($G$2:$G$830)","=AVERAGE($D$2:$D$830)","=IFERROR(($AT471-G471)/$AT471,0)","=IFERROR(($AU471-D471)/$AU471,0)","=$AU471-D471"
"4bdm Packed with Amenities, Gameroom & Ocean Views",Kindred Properties,,1002,2732,1002,3.57,28,4,3,12,true,false,false,true,true,true,false,Home/Apartment,House,House/villa,5,13,1,6-20,Luxury,true,285,true,1,1,2025-03-05,Galveston,Port Bolivar,Gilchrist,Texas,77617,United States,coastal,https://www.airbnb.com/rooms/1088668501799180304,https://a0.muscache.com/im/pictures/prohost-api/Hosting-1088668501799180304/original/6b8d33b4-abe1-418d-bb41-7714966a6954.jpeg,1088668501799180304,3871519,29.49654,-94.52775,"=AVERAGE($G$2:$G$830)","=AVERAGE($D$2:$D$830)","=IFERROR(($AT472-G472)/$AT472,0)","=IFERROR(($AU472-D472)/$AU472,0)","=$AU472-D472"
Late Checkout Steps to Beach Fenced Yard Sleeps 14,46809011,,0,4410,0,0,1,4,4,14,true,false,false,true,true,false,false,Home/Apartment,House,House/villa,5,17,2,2-5,Luxury,true,325,false,0,0,2026-02-20,Galveston,Port Bolivar,Port Bolivar,Texas,77650,United States,coastal,https://www.airbnb.com/rooms/1115917328751547674,"https://a0.muscache.com/im/pictures/hosting/Hosting-U3RheVN1cHBseUxpc3Rpbmc6MTExNTkxNzMyODc1MTU0NzY3NA==/original/29cb310b-a089-4392-b909-776290dfad45.jpeg",1115917328751547674,,29.4656,-94.605,"=AVERAGE($G$2:$G$830)","=AVERAGE($D$2:$D$830)","=IFERROR(($AT473-G473)/$AT473,0)","=IFERROR(($AU473-D473)/$AU473,0)","=$AU473-D473"
Brand New Diamond of Galveston |  Beachfront House,569158452,,0,0,0,0,30,5,5,12,false,false,false,true,true,false,false,Home/Apartment,House,House/villa,0,0,3,6-20,Luxury,false,475,false,0,0,2024-09-24,Galveston,Galveston,Galveston,Texas,77550,United States,coastal,https://www.airbnb.com/rooms/1224113812245257280,https://a0.muscache.com/im/pictures/miso/Hosting-1224113812245257280/original/2a1df1f4-dbb8-4f7c-97e6-907f99843137.jpeg,1224113812245257280,4156149,29.308,-94.7646,"=AVERAGE($G$2:$G$830)","=AVERAGE($D$2:$D$830)","=IFERROR(($AT474-G474)/$AT474,0)","=IFERROR(($AU474-D474)/$AU474,0)","=$AU474-D474"
Deja View,108875047,,0,0,0,0,92,4,3,10,true,false,false,true,true,false,true,Home/Apartment,House,House/villa,5,37,2,1,Luxury,false,150,false,0,0,2025-06-11,Galveston,Galveston,Galveston,Texas,77554,United States,coastal,https://www.airbnb.com/rooms/16544148,https://a0.muscache.com/im/pictures/miso/Hosting-16544148/original/a2500a36-4902-400e-b087-903db5e85bb5.jpeg,16544148,1278861,29.13741,-95.05005,"=AVERAGE($G$2:$G$830)","=AVERAGE($D$2:$D$830)","=IFERROR(($AT475-G475)/$AT475,0)","=IFERROR(($AU475-D475)/$AU475,0)","=$AU475-D475"
Palisade Palms Paradise,32426198,,0,3175,0,0,348,4,4,8,true,true,true,true,true,false,true,Home/Apartment,House,House/villa,5,16,7,2-5,Luxury,false,0,false,0,0,2019-08-01,Galveston,Galveston,Galveston,Texas,77550,United States,coastal,https://www.airbnb.com/rooms/29282249,"https://a0.muscache.com/im/pictures/a73fc066-155a-4bb9-8c52-9049846d7b42.jpg?aki_policy=x_large",29282249,1413063,29.31672,-94.75502,"=AVERAGE($G$2:$G$830)","=AVERAGE($D$2:$D$830)","=IFERROR(($AT476-G476)/$AT476,0)","=IFERROR(($AU476-D476)/$AU476,0)","=$AU476-D476"
Buccaneer House,Swedes Real Estate,,0,24031,0,0,285,4,4,12,true,true,false,true,true,false,false,Home/Apartment,House,House/villa,4.8,15,2,21+,Luxury,false,268,true,0,0,2026-05-15,Galveston,Port Bolivar,Port Bolivar,Texas,77650,United States,coastal,https://www.airbnb.com/rooms/42347940,https://a0.muscache.com/im/pictures/prohost-api/Hosting-42347940/original/10a2d916-8a58-4993-b02b-b180d3a3af40.jpeg,42347940,1069840,29.4688,-94.5964,"=AVERAGE($G$2:$G$830)","=AVERAGE($D$2:$D$830)","=IFERROR(($AT477-G477)/$AT477,0)","=IFERROR(($AU477-D477)/$AU477,0)","=$AU477-D477"
Walking on Water- Views of Bay and Gulf!,32529267,,0,16832,0,0,3,4,3,8,true,true,true,true,true,false,true,Home/Apartment,House,House/villa,4.95,38,3,1,Luxury,false,450,false,0,0,2025-11-04,Galveston,Galveston,Galveston,Texas,77554,United States,coastal,https://www.airbnb.com/rooms/42488164,https://a0.muscache.com/im/pictures/5b412134-e2ce-4a59-99b0-639222f16360.jpg,42488164,1960613,29.10064,-95.10562,"=AVERAGE($G$2:$G$830)","=AVERAGE($D$2:$D$830)","=IFERROR(($AT478-G478)/$AT478,0)","=IFERROR(($AU478-D478)/$AU478,0)","=$AU478-D478"
Big Blue Vacations,237069502,,0,12202,0,0,268,4,3,15,true,false,true,true,true,false,true,Home/Apartment,House,House/villa,4.9,25,3,1,Luxury,false,250,false,0,0,2026-05-15,Galveston,Galveston,Galveston,Texas,77554,United States,coastal,https://www.airbnb.com/rooms/45739837,https://a0.muscache.com/im/pictures/27e10aa7-3602-4988-bd48-71e609bb8d8b.jpg,45739837,,29.14517,-95.04442,"=AVERAGE($G$2:$G$830)","=AVERAGE($D$2:$D$830)","=IFERROR(($AT479-G479)/$AT479,0)","=IFERROR(($AU479-D479)/$AU479,0)","=$AU479-D479"
ONE OF A KIND Beachfront Tuscan Villa,393167581,,0,18147,0,0,329,4,3,14,true,false,false,true,true,false,false,Home/Apartment,House,House/villa,4.95,33,2,1,Luxury,false,300,false,0,0,2026-05-14,Galveston,Port Bolivar,Port Bolivar,Texas,77650,United States,coastal,https://www.airbnb.com/rooms/48737135,https://a0.muscache.com/im/pictures/d15d5962-f2e4-4060-abe4-5a5fcbdc9079.jpg,48737135,,29.4706,-94.5919,"=AVERAGE($G$2:$G$830)","=AVERAGE($D$2:$D$830)","=IFERROR(($AT480-G480)/$AT480,0)","=IFERROR(($AU480-D480)/$AU480,0)","=$AU480-D480"
The Compound in Sunny San Leon,135530586,,0,0,0,0,89,5,3,16,true,false,false,true,true,true,true,Home/Apartment,House,House/villa,4.85,7,1,6-20,Luxury,false,500,false,0,0,2023-07-27,Galveston,Dickinson,Dickinson,Texas,77539,United States,coastal,https://www.airbnb.com/rooms/49778463,"https://a0.muscache.com/im/pictures/miso/Hosting-49778463/original/37dc60ed-4f37-4cb0-ab9e-15d49f938465.jpeg?aki_policy=x_large",49778463,2419443,29.49589,-94.92368,"=AVERAGE($G$2:$G$830)","=AVERAGE($D$2:$D$830)","=IFERROR(($AT481-G481)/$AT481,0)","=IFERROR(($AU481-D481)/$AU481,0)","=$AU481-D481"
Palm Tree House,448601891,,0,0,0,0,61,4,3,10,true,false,true,true,true,true,true,Home/Apartment,Townhouse,Apt/Condo/Loft,5,2,3,1,Luxury,false,378,false,0,0,2025-05-25,Galveston,Galveston,Galveston,Texas,77554,United States,coastal,https://www.airbnb.com/rooms/578963092836756485,https://a0.muscache.com/im/pictures/prohost-api/Hosting-578963092836756485/original/874d14eb-b6ac-4517-b2e7-a88bb0dcf82e.jpeg,578963092836756485,2753934,29.14269,-95.04499,"=AVERAGE($G$2:$G$830)","=AVERAGE($D$2:$D$830)","=IFERROR(($AT482-G482)/$AT482,0)","=IFERROR(($AU482-D482)/$AU482,0)","=$AU482-D482"
"3rd row Beach views, Sleep 12, pets, EV chgr",54070733,,0,2428,0,0,1,4,3,12,true,false,false,true,true,true,false,Home/Apartment,House,House/villa,4.7,62,2,2-5,Luxury,false,250,true,0,0,2025-05-19,Galveston,Port Bolivar,Port Bolivar,Texas,77650,United States,coastal,https://www.airbnb.com/rooms/579227526298955941,https://a0.muscache.com/im/pictures/prohost-api/Hosting-579227526298955941/original/41923c6f-26ce-49c6-993f-c5081f02911b.jpeg,579227526298955941,2723348,29.47077,-94.5954,"=AVERAGE($G$2:$G$830)","=AVERAGE($D$2:$D$830)","=IFERROR(($AT483-G483)/$AT483,0)","=IFERROR(($AU483-D483)/$AU483,0)","=$AU483-D483"
Crystal *Beach Front* Spacious Villa - Firepit,66824559,,0,15733,0,0,8,4,3,16,true,false,false,true,true,true,false,Home/Apartment,House,House/villa,4.9,25,1,6-20,Luxury,true,290,false,0,0,2025-09-01,Galveston,Port Bolivar,Port Bolivar,Texas,77650,United States,coastal,https://www.airbnb.com/rooms/851503695359609497,https://a0.muscache.com/im/pictures/miso/Hosting-851503695359609497/original/4906048b-2c9b-4747-9096-bad81489e209.png,851503695359609497,,29.4208292,-94.6899252,"=AVERAGE($G$2:$G$830)","=AVERAGE($D$2:$D$830)","=IFERROR(($AT484-G484)/$AT484,0)","=IFERROR(($AU484-D484)/$AU484,0)","=$AU484-D484"
4BR luxurious beach home with a large deck,Vacasa,,0,17265,0,0,2,4,4,12,true,false,false,true,true,true,false,Home/Apartment,House,House/villa,4.9,34,3,21+,Luxury,false,291,true,0,0,2025-09-18,Galveston,Port Bolivar,Port Bolivar,Texas,77650,United States,coastal,https://www.airbnb.com/rooms/886941142919836616,https://a0.muscache.com/im/pictures/prohost-api/Hosting-886941142919836616/original/5bd5114d-25f4-44d9-a4be-db41b3edf875.jpeg,886941142919836616,3395817,29.47035,-94.59316,"=AVERAGE($G$2:$G$830)","=AVERAGE($D$2:$D$830)","=IFERROR(($AT485-G485)/$AT485,0)","=IFERROR(($AU485-D485)/$AU485,0)","=$AU485-D485"
Spacious Waterfront home w Pool,399217090,,0,0,0,0,365,5,5,16,true,false,false,true,true,false,true,Home/Apartment,House,House/villa,3.65,3,19,21+,Luxury,false,320,true,0,0,2026-05-16,Galveston,Galveston,Galveston,Texas,77554,United States,coastal,https://www.airbnb.com/rooms/891533460225791685,https://a0.muscache.com/im/pictures/miso/Hosting-891533460225791685/original/df75a608-4521-4dc2-9f06-196d76fe4654.jpeg,891533460225791685,,29.25248,-94.8707,"=AVERAGE($G$2:$G$830)","=AVERAGE($D$2:$D$830)","=IFERROR(($AT486-G486)/$AT486,0)","=IFERROR(($AU486-D486)/$AU486,0)","=$AU486-D486"
Palisade Palms Paradise,32426198,,0,7011,0,0,347,4,4,8,true,false,true,false,true,false,true,Home/Apartment,House,House/villa,0,0,5,2-5,Luxury,false,249,false,0,0,2026-03-06,Galveston,Galveston,Galveston,Texas,77550,United States,coastal,https://www.airbnb.com/rooms/957368485122584004,https://a0.muscache.com/im/pictures/miso/Hosting-957368485122584004/original/3d2f3ded-a55f-4e8c-b166-b81340e2241e.jpeg,957368485122584004,,29.31621,-94.75397,"=AVERAGE($G$2:$G$830)","=AVERAGE($D$2:$D$830)","=IFERROR(($AT487-G487)/$AT487,0)","=IFERROR(($AU487-D487)/$AU487,0)","=$AU487-D487"
Two Palms On Crystal Beach. Brand New First Row Home With Beautiful Views &wifi,,,0,0,0,0,365,4,3,12,true,false,false,true,true,false,false,Home/Apartment,House,House/villa,5,34,9,1,Luxury,false,199,false,0,0,2026-05-12,Galveston,Port Bolivar,Port Bolivar,Texas,77650,United States,coastal,https://www.vrbo.com/1076307,"https://media.vrbo.com/lodging/35000000/34590000/34581500/34581490/392c7a73.jpg?impolicy=resizecrop&rw=1200&ra=fit",,1076307,29.443131,-94.650602,"=AVERAGE($G$2:$G$830)","=AVERAGE($D$2:$D$830)","=IFERROR(($AT488-G488)/$AT488,0)","=IFERROR(($AU488-D488)/$AU488,0)","=$AU488-D488"
The Compound in Sunny San Leon,,,0,168,0,0,3,5,3,20,true,false,false,true,true,true,false,Home/Apartment,House,House/villa,4.9,0,2,1,Luxury,false,500,true,0,0,2026-02-10,Galveston,Dickinson,Dickinson,Texas,77539,United States,coastal,https://www.vrbo.com/1201572,"https://media.vrbo.com/lodging/71000000/70400000/70396900/70396852/b5a79a4a.jpg?impolicy=resizecrop&rw=1200&ra=fit",,1201572,29.496117,-94.92612,"=AVERAGE($G$2:$G$830)","=AVERAGE($D$2:$D$830)","=IFERROR(($AT489-G489)/$AT489,0)","=IFERROR(($AU489-D489)/$AU489,0)","=$AU489-D489"
FARMHOUSE BY THE SEA!  Luxurious home with endless ocean views.,,,0,0,0,0,39,5,4,12,true,false,false,true,true,false,false,Home/Apartment,House,House/villa,5,20,3,1,Luxury,false,398,false,0,0,2026-05-13,Galveston,Port Bolivar,Port Bolivar,Texas,77650,United States,coastal,https://www.vrbo.com/2322562,"https://media.vrbo.com/lodging/69000000/68040000/68032700/68032630/59e8c328.jpg?impolicy=resizecrop&rw=1200&ra=fit",,2322562,29.418441,-94.692665,"=AVERAGE($G$2:$G$830)","=AVERAGE($D$2:$D$830)","=IFERROR(($AT490-G490)/$AT490,0)","=IFERROR(($AU490-D490)/$AU490,0)","=$AU490-D490"
Virginia Point Inn - Galveston,,,0,0,0,0,365,4,3,10,true,false,false,true,true,false,true,Home/Apartment,Bed & Breakfast,B&B,0,0,1,1,Luxury,false,120,true,0,0,2026-05-17,Galveston,Galveston,Galveston,Texas,77550,United States,coastal,https://www.vrbo.com/2508056,"https://media.vrbo.com/lodging/72000000/71950000/71944200/71944129/0b91c045.jpg?impolicy=resizecrop&rw=1200&ra=fit",,2508056,29.299022,-94.789339,"=AVERAGE($G$2:$G$830)","=AVERAGE($D$2:$D$830)","=IFERROR(($AT491-G491)/$AT491,0)","=IFERROR(($AU491-D491)/$AU491,0)","=$AU491-D491"
Vacation Home With Full Staff ,,,0,3930,0,0,350,6,6,20,true,false,false,true,true,false,false,Home/Apartment,House,House/villa,0,0,2,1,Luxury,false,250,false,0,0,2026-05-15,Galveston,Galveston,Galveston,Texas,77550,United States,coastal,https://www.vrbo.com/3011414ha,"https://media.vrbo.com/lodging/35000000/34010000/34005200/34005177/f7c71294.jpg?impolicy=resizecrop&rw=1200&ra=fit",,3011414ha,29.301378,-94.784022,"=AVERAGE($G$2:$G$830)","=AVERAGE($D$2:$D$830)","=IFERROR(($AT492-G492)/$AT492,0)","=IFERROR(($AU492-D492)/$AU492,0)","=$AU492-D492"
Sand Beach Home - Beach front sleeps 25+people!,,,0,6320,0,0,6,5,4,20,true,false,false,true,true,true,false,Home/Apartment,House,House/villa,5,2,3,1,Luxury,false,343,true,0,0,2026-05-15,Galveston,Galveston,Galveston,Texas,77554,United States,coastal,https://www.vrbo.com/3032980,"https://media.vrbo.com/lodging/88000000/87710000/87709200/87709127/741add3e.jpg?impolicy=resizecrop&rw=1200&ra=fit",,3032980,29.20502,-94.935936,"=AVERAGE($G$2:$G$830)","=AVERAGE($D$2:$D$830)","=IFERROR(($AT493-G493)/$AT493,0)","=IFERROR(($AU493-D493)/$AU493,0)","=$AU493-D493"
6 Individual Lofts ~ Shared Common Area · Sleeps 23! Hendley Market Lofts,,,0,48421,0,0,208,8,6,16,true,false,false,true,true,false,false,Home/Apartment,House,House/villa,5,0,3,1,Luxury,false,1011,false,0,0,2026-04-23,Galveston,Galveston,Galveston,Texas,77550,United States,coastal,https://www.vrbo.com/3223639,"https://media.vrbo.com/lodging/91000000/90950000/90948300/90948247/9362de95.jpg?impolicy=resizecrop&rw=1200&ra=fit",,3223639,29.30823,-94.79148,"=AVERAGE($G$2:$G$830)","=AVERAGE($D$2:$D$830)","=IFERROR(($AT494-G494)/$AT494,0)","=IFERROR(($AU494-D494)/$AU494,0)","=$AU494-D494"
"Pirates Beach getaway, full of amenities and close to the beach",,,0,11155,0,0,41,4,3,12,true,false,false,true,true,true,false,Home/Apartment,House,House/villa,5,6,2,1,Luxury,false,150,true,0,0,2026-05-15,Galveston,Galveston,Galveston,Texas,77554,United States,coastal,https://www.vrbo.com/3231629,"https://media.vrbo.com/lodging/92000000/91040000/91035600/91035513/0fe65a01.jpg?impolicy=resizecrop&rw=1200&ra=fit",,3231629,29.206982,-94.931337,"=AVERAGE($G$2:$G$830)","=AVERAGE($D$2:$D$830)","=IFERROR(($AT495-G495)/$AT495,0)","=IFERROR(($AU495-D495)/$AU495,0)","=$AU495-D495"
"New Construction, Beachfront Luxury w/ 6 Suites & 360 Degree Views!",Sand `N Sea Properties,,0,13338,0,0,159,6,6,15,true,false,true,true,true,true,false,Home/Apartment,House,House/villa,5,2,2,21+,Luxury,false,0,false,0,0,2026-05-15,Galveston,Galveston,Galveston,Texas,77554,United States,coastal,https://www.vrbo.com/4908743,"https://media.vrbo.com/lodging/122000000/121940000/121931700/121931680/d79f1a74.jpg?impolicy=resizecrop&rw=1200&ra=fit",,4908743,29.232981,-94.88697,"=AVERAGE($G$2:$G$830)","=AVERAGE($D$2:$D$830)","=IFERROR(($AT496-G496)/$AT496,0)","=IFERROR(($AU496-D496)/$AU496,0)","=$AU496-D496"
“ Coastal Castle of Galveston “ HEATED POOL & SPA!,352707607,,162159,186645,540.53,94.04,319,3,3,12,true,false,true,true,true,true,true,Home/Apartment,House,House/villa,4.95,254,2,1,Luxury,true,224,true,300,85,2026-05-17,Galveston,Galveston,Galveston,Texas,77550,United States,coastal,https://www.airbnb.com/rooms/48996554,https://a0.muscache.com/im/pictures/c782e1a0-a0b3-4ba5-9781-dcd3574dce16.jpg,48996554,,29.28863,-94.79898,"=AVERAGE($G$2:$G$830)","=AVERAGE($D$2:$D$830)","=IFERROR(($AT497-G497)/$AT497,0)","=IFERROR(($AU497-D497)/$AU497,0)","=$AU497-D497"
2BR Oceanfront 15th-Floor | Balcony | Pool,Vacasa,,159146,183175,535.85,94.29,315,2,2,8,true,true,false,true,true,false,true,Home/Apartment,Condominium (condo),Apt/Condo/Loft,4.8,80,2,21+,Luxury,false,245,true,297,114,2026-05-11,Galveston,Galveston,Galveston,Texas,77551,United States,coastal,https://www.airbnb.com/rooms/28340616,https://a0.muscache.com/im/pictures/prohost-api/Hosting-28340616/original/2e71bff9-02fc-4150-b711-724b4db940fa.jpeg,28340616,1427794,29.27241,-94.8187,"=AVERAGE($G$2:$G$830)","=AVERAGE($D$2:$D$830)","=IFERROR(($AT498-G498)/$AT498,0)","=IFERROR(($AU498-D498)/$AU498,0)","=$AU498-D498"
"House literally on beach, Unobstructed Beach View",231313214,,151462,159936,582.55,75.58,344,3,2,13,true,false,false,true,true,true,false,Home/Apartment,House,House/villa,4.85,345,2,6-20,Luxury,true,280,false,260,74,2026-05-17,Galveston,Galveston,Galveston,Texas,77554,United States,coastal,https://www.airbnb.com/rooms/35198083,https://a0.muscache.com/im/pictures/miso/Hosting-35198083/original/0c3fb7da-4d5c-4c58-8e0b-d276c8b6bcd6.jpeg,35198083,1630239,29.2171,-94.9115,"=AVERAGE($G$2:$G$830)","=AVERAGE($D$2:$D$830)","=IFERROR(($AT499-G499)/$AT499,0)","=IFERROR(($AU499-D499)/$AU499,0)","=$AU499-D499"
Beachfront + Hot Tub | Fireplace | Putt-Putt | Pet,132549545,,147541,180691,647.11,79.44,287,3,2,14,true,false,true,true,true,true,true,Home/Apartment,House,House/villa,4.9,167,2,2-5,Luxury,true,536,true,228,65,2026-05-17,Galveston,Galveston,Galveston,Texas,77554,United States,coastal,https://www.airbnb.com/rooms/43869359,https://a0.muscache.com/im/pictures/hosting/Hosting-43869359/original/6a5e0cb6-b829-4ee9-ae42-c915b5ab2c3f.png,43869359,2001186,29.1274,-95.0607,"=AVERAGE($G$2:$G$830)","=AVERAGE($D$2:$D$830)","=IFERROR(($AT500-G500)/$AT500,0)","=IFERROR(($AU500-D500)/$AU500,0)","=$AU500-D500"
True Beachfront | 500+ 5 Star Reviews | Stocked &,442269053,,139297,146950,744.9,54.52,344,3,2,10,true,false,false,true,true,false,false,Home/Apartment,House,House/villa,5,301,1,2-5,Luxury,true,295,true,187,52,2026-05-17,Galveston,Galveston,Galveston,Texas,77554,United States,coastal,https://www.airbnb.com/rooms/548624740443381700,https://a0.muscache.com/im/pictures/prohost-api/Hosting-548624740443381700/original/ea4e457b-760b-4798-83e3-c9a4a869b55d.jpeg,548624740443381700,2472066,29.2146,-94.9172,"=AVERAGE($G$2:$G$830)","=AVERAGE($D$2:$D$830)","=IFERROR(($AT501-G501)/$AT501,0)","=IFERROR(($AU501-D501)/$AU501,0)","=$AU501-D501"
Beachfront | Hot Tub l Free Cancellation,Bolivar Vacations,,132693,139433,524.48,73.76,343,3,2,8,true,false,true,true,true,true,false,Home/Apartment,House,House/villa,4.9,124,2,21+,Luxury,true,369,true,253,70,2026-05-11,Galveston,Port Bolivar,Gilchrist,Texas,77617,United States,coastal,https://www.airbnb.com/rooms/643361666227444376,https://a0.muscache.com/im/pictures/prohost-api/Hosting-643361666227444376/original/25a0559b-253c-404f-8bc4-7ad88fd94549.jpeg,643361666227444376,2847902,29.50582,-94.50597,"=AVERAGE($G$2:$G$830)","=AVERAGE($D$2:$D$830)","=IFERROR(($AT502-G502)/$AT502,0)","=IFERROR(($AU502-D502)/$AU502,0)","=$AU502-D502"
Bermuda Beach Beauty,191057255,,131693,137739,585.3,65.41,344,3,3,8,true,false,false,true,true,true,false,Home/Apartment,House,House/villa,4.95,88,2,2-5,Luxury,true,320,false,225,61,2026-05-17,Galveston,Galveston,Galveston,Texas,77554,United States,coastal,https://www.airbnb.com/rooms/631864560970169102,https://a0.muscache.com/im/pictures/hosting/Hosting-U3RheVN1cHBseUxpc3Rpbmc6NjMxODY0NTYwOTcwMTY5MTAy/original/de77efb7-5191-472e-9b11-6074d5065bc7.jpeg,631864560970169102,3099068,29.2133,-94.9194,"=AVERAGE($G$2:$G$830)","=AVERAGE($D$2:$D$830)","=IFERROR(($AT503-G503)/$AT503,0)","=IFERROR(($AU503-D503)/$AU503,0)","=$AU503-D503"
Heated Pool & Spa • Walk to Beach & Pleasure Pier,83764935,,130398,138172,515.41,72.91,347,3,2,10,true,false,true,true,true,false,true,Home/Apartment,House,House/villa,5,81,2,6-20,Luxury,true,224,false,253,81,2026-05-11,Galveston,Galveston,Galveston,Texas,77550,United States,coastal,https://www.airbnb.com/rooms/1373514728293589112,https://a0.muscache.com/im/pictures/hosting/Hosting-1373514728293589112/original/a5f9a24a-d72a-4bff-8af8-105259f138f7.png,1373514728293589112,4482329,29.2943,-94.7922,"=AVERAGE($G$2:$G$830)","=AVERAGE($D$2:$D$830)","=IFERROR(($AT504-G504)/$AT504,0)","=IFERROR(($AU504-D504)/$AU504,0)","=$AU504-D504"
Galveston Beachfront House On The Sand,A Stay Above the Rest,,129028,142214,608.62,63.28,335,3,2,10,true,false,false,true,true,true,false,Home/Apartment,House,House/villa,4.85,53,3,21+,Luxury,true,328,true,212,68,2026-05-17,Galveston,Galveston,Galveston,Texas,77554,United States,coastal,https://www.airbnb.com/rooms/1278423935810379672,https://a0.muscache.com/im/pictures/prohost-api/Hosting-1278423935810379672/original/1666d8b2-0b02-421e-8446-761fb0270561.jpeg,1278423935810379672,4267312,29.2357,-94.8818,"=AVERAGE($G$2:$G$830)","=AVERAGE($D$2:$D$830)","=IFERROR(($AT505-G505)/$AT505,0)","=IFERROR(($AU505-D505)/$AU505,0)","=$AU505-D505"
Heated Pool • Walk to Beach • Outdoor TV Lounge,83764935,,128930,131844,497.8,72.96,355,3,3,10,true,false,false,true,true,false,true,Home/Apartment,House,House/villa,5,139,2,6-20,Luxury,true,225,false,259,78,2026-05-17,Galveston,Galveston,Galveston,Texas,77550,United States,coastal,https://www.airbnb.com/rooms/921933569537100518,https://a0.muscache.com/im/pictures/hosting/Hosting-921933569537100518/original/af0be65d-7b33-4f1b-b9c1-3702d56accd9.jpeg,921933569537100518,3546274,29.3004,-94.7796,"=AVERAGE($G$2:$G$830)","=AVERAGE($D$2:$D$830)","=IFERROR(($AT506-G506)/$AT506,0)","=IFERROR(($AU506-D506)/$AU506,0)","=$AU506-D506"
A Time to Lime | Private Dune Crossover,Ryson Vacation Rentals by Vtrips,,128305,130149,572.79,63.1,355,3,2,9,true,false,false,true,false,true,false,Home/Apartment,House,House/villa,4.85,71,2,21+,Luxury,false,384,true,224,52,2026-05-13,Galveston,Galveston,Galveston,Texas,77554,United States,coastal,https://www.airbnb.com/rooms/43213219,https://a0.muscache.com/im/pictures/prohost-api/Hosting-43213219/original/ce1cda8e-b721-44e6-b27b-36d9ac23187e.jpeg,43213219,2687728,29.12028,-95.06967,"=AVERAGE($G$2:$G$830)","=AVERAGE($D$2:$D$830)","=IFERROR(($AT507-G507)/$AT507,0)","=IFERROR(($AU507-D507)/$AU507,0)","=$AU507-D507"
The Bayfront - Fisherman's Paradise- Updated,Why Waite Vacation Rentals,,125922,141179,845.11,46.56,328,3,4,10,true,false,true,true,true,true,true,Home/Apartment,House,House/villa,4.9,67,2,21+,Luxury,true,334,false,149,45,2026-05-11,Galveston,Galveston,Galveston,Texas,77554,United States,coastal,https://www.airbnb.com/rooms/858576512247435711,https://a0.muscache.com/im/pictures/prohost-api/Hosting-858576512247435711/original/e4676e06-21fb-4414-880a-58afb3e36ed6.jpeg,858576512247435711,3294057,29.2004,-94.9889,"=AVERAGE($G$2:$G$830)","=AVERAGE($D$2:$D$830)","=IFERROR(($AT508-G508)/$AT508,0)","=IFERROR(($AU508-D508)/$AU508,0)","=$AU508-D508"
Salt Air Cottage. Charming Beachfront Home,231618827,,123512,153246,617.56,68.26,294,2,2,7,true,false,false,true,true,true,false,Home/Apartment,House,House/villa,5,241,2,2-5,Luxury,false,149,true,200,66,2026-05-17,Galveston,Galveston,Galveston,Texas,77554,United States,coastal,https://www.airbnb.com/rooms/1073967045754461418,https://a0.muscache.com/im/pictures/hosting/Hosting-U3RheVN1cHBseUxpc3Rpbmc6MTA3Mzk2NzA0NTc1NDQ2MTQxOA%3D%3D/original/f090d50e-1978-4bd5-9570-d9414fe5f260.jpeg,1073967045754461418,9452771ha,29.21664,-94.91246,"=AVERAGE($G$2:$G$830)","=AVERAGE($D$2:$D$830)","=IFERROR(($AT509-G509)/$AT509,0)","=IFERROR(($AU509-D509)/$AU509,0)","=$AU509-D509"
Gulf Front·Mini Golf•Family Friendly•Hot-Tub,395701064,,121763,125856,494.97,70.09,351,3,2,10,true,false,true,true,true,false,false,Home/Apartment,House,House/villa,4.85,156,3,2-5,Luxury,true,325,true,246,71,2026-05-18,Galveston,Port Bolivar,Gilchrist,Texas,77617,United States,coastal,https://www.airbnb.com/rooms/664303594508330071,https://a0.muscache.com/im/pictures/prohost-api/Hosting-664303594508330071/original/c47754ef-1f99-4931-9588-d75414b69437.jpeg,664303594508330071,2909666,29.51635,-94.47862,"=AVERAGE($G$2:$G$830)","=AVERAGE($D$2:$D$830)","=IFERROR(($AT510-G510)/$AT510,0)","=IFERROR(($AU510-D510)/$AU510,0)","=$AU510-D510"
Beachside Heated Pool Hot Tub 2 King Beds Firepit,442269053,,120818,128474,690.39,50.87,344,3,3,8,true,false,false,true,true,false,true,Home/Apartment,House,House/villa,4.9,59,2,2-5,Luxury,true,295,true,175,50,2026-05-11,Galveston,Galveston,Galveston,Texas,77554,United States,coastal,https://www.airbnb.com/rooms/1151662009311677154,https://a0.muscache.com/im/pictures/prohost-api/Hosting-1151662009311677154/original/509a1abc-d444-4e7f-9db1-030b86e3f9f3.png,1151662009311677154,4062880,29.2099,-94.9304,"=AVERAGE($G$2:$G$830)","=AVERAGE($D$2:$D$830)","=IFERROR(($AT511-G511)/$AT511,0)","=IFERROR(($AU511-D511)/$AU511,0)","=$AU511-D511"
"Hot tub~Steps from Beach, Family Friendly~Pets",447318020,,119243,123339,492.74,68.95,351,3,2,10,true,false,true,true,true,true,false,Home/Apartment,House,House/villa,4.95,215,3,6-20,Luxury,true,318,false,242,70,2026-05-17,Galveston,Port Bolivar,Port Bolivar,Texas,77650,United States,coastal,https://www.airbnb.com/rooms/572683431955021082,https://a0.muscache.com/im/pictures/prohost-api/Hosting-572683431955021082/original/1582a7de-8709-41ee-9402-818978e91312.jpeg,572683431955021082,2831221,29.4502,-94.6371,"=AVERAGE($G$2:$G$830)","=AVERAGE($D$2:$D$830)","=IFERROR(($AT512-G512)/$AT512,0)","=IFERROR(($AU512-D512)/$AU512,0)","=$AU512-D512"
Lieutenant Dan's Beachfront Escape: Pet Friendly,Southern Sands Property Management,,118684,120921,496.59,66.57,359,3,2,12,true,false,true,true,true,true,false,Home/Apartment,House,House/villa,5,64,2,21+,Luxury,true,420,true,239,63,2026-05-17,Galveston,Port Bolivar,Port Bolivar,Texas,77650,United States,coastal,https://www.airbnb.com/rooms/886933757722005770,https://a0.muscache.com/im/pictures/prohost-api/Hosting-886933757722005770/original/1b297125-2079-4a24-8f11-8a879db1cd4d.jpeg,886933757722005770,3394679,29.4414,-94.6537,"=AVERAGE($G$2:$G$830)","=AVERAGE($D$2:$D$830)","=IFERROR(($AT513-G513)/$AT513,0)","=IFERROR(($AU513-D513)/$AU513,0)","=$AU513-D513"
"Summerwind: Pool, Firepit & 3 Blocks to Beach!",194298200,,118236,121167,490.61,67.89,355,3,3,8,true,false,false,true,true,false,true,Home/Apartment,House,House/villa,5,104,1,2-5,Luxury,true,194,true,241,87,2026-05-17,Galveston,Galveston,Galveston,Texas,77550,United States,coastal,https://www.airbnb.com/rooms/1135519348028877534,https://a0.muscache.com/im/pictures/hosting/Hosting-1135519348028877534/original/33237524-fa7e-4bf3-a65c-bbf27c0da352.jpeg,1135519348028877534,4272039,29.2871,-94.7986,"=AVERAGE($G$2:$G$830)","=AVERAGE($D$2:$D$830)","=IFERROR(($AT514-G514)/$AT514,0)","=IFERROR(($AU514-D514)/$AU514,0)","=$AU514-D514"
"Pirates Beach | Heated Pool, Hot Tub, Outdoor Game",Southern Sands Property Management Group,,117322,125714,637.62,54.44,340,3,2,14,true,false,true,true,true,true,true,Home/Apartment,House,House/villa,4.95,78,3,21+,Luxury,true,555,true,184,53,2026-05-11,Galveston,Galveston,Galveston,Texas,77554,United States,coastal,https://www.airbnb.com/rooms/821764228794567872,https://a0.muscache.com/im/pictures/hosting/Hosting-821764228794567872/original/051224f2-3546-4c78-9e07-20811039f594.jpeg,821764228794567872,3266414,29.2079,-94.9342,"=AVERAGE($G$2:$G$830)","=AVERAGE($D$2:$D$830)","=IFERROR(($AT515-G515)/$AT515,0)","=IFERROR(($AU515-D515)/$AU515,0)","=$AU515-D515"
The Pirate's Canary (Beachfront),322295178,,115803,120512,507.91,65.14,350,3,3,12,true,false,false,true,true,true,false,Home/Apartment,House,House/villa,4.85,253,2,6-20,Luxury,true,325,false,228,59,2026-05-17,Galveston,Galveston,Galveston,Texas,77554,United States,coastal,https://www.airbnb.com/rooms/44012568,https://a0.muscache.com/im/pictures/38f9e7ec-cbe3-4230-8679-057fe2db3f5e.jpg,44012568,2020375,29.1998,-94.9421,"=AVERAGE($G$2:$G$830)","=AVERAGE($D$2:$D$830)","=IFERROR(($AT516-G516)/$AT516,0)","=IFERROR(($AU516-D516)/$AU516,0)","=$AU516-D516"
"2 bed,2.5 bathOCEAN Front”San Luis Private Condo.. Endless Sunsets!Family-sized!",,,115408,119228,604.23,54.42,351,2,2,8,true,true,true,true,true,false,true,Home/Apartment,Condominium (condo),Apt/Condo/Loft,5,150,2,1,Luxury,false,185,true,191,66,2026-05-13,Galveston,Galveston,Galveston,Texas,77551,United States,coastal,https://www.vrbo.com/2678796,"https://media.vrbo.com/lodging/76000000/75880000/75873200/75873147/b1771f54.jpg?impolicy=resizecrop&rw=1200&ra=fit",,2678796,29.272504,-94.818221,"=AVERAGE($G$2:$G$830)","=AVERAGE($D$2:$D$830)","=IFERROR(($AT517-G517)/$AT517,0)","=IFERROR(($AU517-D517)/$AU517,0)","=$AU517-D517"
"XL Terrace, Lazy River,  I/O Pools, Game Room, Spa",575826061,,115311,119247,474.53,68.84,353,2,2,6,true,true,true,true,true,false,true,Home/Apartment,Condominium (condo),Apt/Condo/Loft,5,331,2,2-5,Luxury,true,230,false,243,81,2026-05-17,Galveston,Galveston,Galveston,Texas,77554,United States,coastal,https://www.airbnb.com/rooms/1149562510726794477,https://a0.muscache.com/im/pictures/prohost-api/Hosting-1149562510726794477/original/c4a6e607-977c-4eb2-8269-4caa6702f5c8.jpeg,1149562510726794477,3997232,29.2432,-94.8682,"=AVERAGE($G$2:$G$830)","=AVERAGE($D$2:$D$830)","=IFERROR(($AT518-G518)/$AT518,0)","=IFERROR(($AU518-D518)/$AU518,0)","=$AU518-D518"
Special 5/10-14! Enchanted Sea Star!,36824303,,114116,115649,473.51,67.13,359,3,2,16,true,false,false,true,true,true,false,Home/Apartment,House,House/villa,4.9,466,2,6-20,Luxury,true,185,false,241,71,2026-05-11,Galveston,Galveston,Galveston,Texas,77554,United States,coastal,https://www.airbnb.com/rooms/969754097109183365,https://a0.muscache.com/im/pictures/miso/Hosting-969754097109183365/original/dab9b4ce-2251-4ad2-957e-52392e220930.jpeg,969754097109183365,503387,29.12794,-95.06028,"=AVERAGE($G$2:$G$830)","=AVERAGE($D$2:$D$830)","=IFERROR(($AT519-G519)/$AT519,0)","=IFERROR(($AU519-D519)/$AU519,0)","=$AU519-D519"
Beachfront heated saltwater pool/spa dog friendly!,384158895,,113191,117906,554.86,60.71,350,3,2,10,true,false,true,true,true,true,true,Home/Apartment,House,House/villa,5,105,2,1,Luxury,true,231,false,204,59,2026-05-17,Galveston,Port Bolivar,Port Bolivar,Texas,77650,United States,coastal,https://www.airbnb.com/rooms/876939742229057683,https://a0.muscache.com/im/pictures/prohost-api/Hosting-876939742229057683/original/28005c79-dc8e-4897-a264-f30e50cc0351.jpeg,876939742229057683,3370083,29.4792,-94.5724,"=AVERAGE($G$2:$G$830)","=AVERAGE($D$2:$D$830)","=IFERROR(($AT520-G520)/$AT520,0)","=IFERROR(($AU520-D520)/$AU520,0)","=$AU520-D520"
Casa Abide | A Gorgeous Waterfront,Ryson Vacation Rentals by Vtrips,,106278,120839,600.44,61.25,302,3,2,13,true,false,false,true,true,true,false,Home/Apartment,House,House/villa,4.7,16,3,21+,Luxury,false,510,true,177,49,2026-05-02,Galveston,Galveston,Galveston,Texas,77554,United States,coastal,https://www.airbnb.com/rooms/1416144788130188508,https://a0.muscache.com/im/pictures/prohost-api/Hosting-1416144788130188508/original/3986631b-0820-4a70-b430-e1bd7c64e5d8.jpeg,1416144788130188508,4577817,29.1307766469,-95.0742673475,"=AVERAGE($G$2:$G$830)","=AVERAGE($D$2:$D$830)","=IFERROR(($AT521-G521)/$AT521,0)","=IFERROR(($AU521-D521)/$AU521,0)","=$AU521-D521"
Heated Pool Oasis * Steps to Beach * Game Room Fun,332197439,,105977,109018,595.38,50,356,3,3,16,true,false,false,true,true,true,true,Home/Apartment,House,House/villa,4.9,119,2,6-20,Luxury,true,299,true,178,64,2026-05-11,Galveston,Galveston,Galveston,Texas,77550,United States,coastal,https://www.airbnb.com/rooms/662562041992387103,https://a0.muscache.com/im/pictures/prohost-api/Hosting-662562041992387103/original/1382779c-e9f3-4997-8b20-45a7a5ef0915.jpeg,662562041992387103,2956555,29.2836,-94.8042,"=AVERAGE($G$2:$G$830)","=AVERAGE($D$2:$D$830)","=IFERROR(($AT522-G522)/$AT522,0)","=IFERROR(($AU522-D522)/$AU522,0)","=$AU522-D522"
"Reel Paradise | Pet Friendly, Waterfront, Pool!",Ryson Vacation Rentals by Vtrips,,105877,114698,490.17,80,270,2,2,6,true,false,false,true,true,true,true,Home/Apartment,House,House/villa,4.9,88,2,21+,Luxury,false,380,true,216,58,2026-05-17,Galveston,Galveston,Galveston,Texas,77554,United States,coastal,https://www.airbnb.com/rooms/23123382,https://a0.muscache.com/im/pictures/prohost-api/Hosting-23123382/original/d90dc92a-02b8-479f-a719-17f201b459fe.jpeg,23123382,2687938,29.1978,-94.9854,"=AVERAGE($G$2:$G$830)","=AVERAGE($D$2:$D$830)","=IFERROR(($AT523-G523)/$AT523,0)","=IFERROR(($AU523-D523)/$AU523,0)","=$AU523-D523"
Pointe West Family Beach + 2 Resort Pools,Southern Sands Property Management Group,,105604,106389,495.79,64.94,354,3,3,9,true,false,false,true,true,true,true,Home/Apartment,Condominium (condo),Apt/Condo/Loft,4.95,61,2,21+,Luxury,true,420,true,213,50,2026-05-11,Galveston,Galveston,Galveston,Texas,77554,United States,coastal,https://www.airbnb.com/rooms/724650738502370628,https://a0.muscache.com/im/pictures/prohost-api/Hosting-724650738502370628/original/68c1ff44-3e88-4c48-969e-73cd01ceb246.png,724650738502370628,3029438,29.1018,-95.0983,"=AVERAGE($G$2:$G$830)","=AVERAGE($D$2:$D$830)","=IFERROR(($AT524-G524)/$AT524,0)","=IFERROR(($AU524-D524)/$AU524,0)","=$AU524-D524"
Epic Sunset Views * Heated Pool & Hot Tub,332197439,,105047,115074,593.49,54.46,338,3,2,9,true,false,true,true,true,true,true,Home/Apartment,House,House/villa,4.95,31,2,6-20,Luxury,true,349,true,177,57,2026-05-11,Galveston,Galveston,Galveston,Texas,77554,United States,coastal,https://www.airbnb.com/rooms/1329852236595016520,https://a0.muscache.com/im/pictures/miso/Hosting-1329852236595016520/original/f594eeff-2f66-4ac9-ad42-7fb5a433fac5.jpeg,1329852236595016520,4388419,29.1722,-95.0062,"=AVERAGE($G$2:$G$830)","=AVERAGE($D$2:$D$830)","=IFERROR(($AT525-G525)/$AT525,0)","=IFERROR(($AU525-D525)/$AU525,0)","=$AU525-D525"
Jamaica Beach Canal Front Retreat,Pacific Properties Management,,104237,122358,734.06,52.59,326,2,2,8,true,false,true,true,true,false,true,Home/Apartment,House,House/villa,4.85,67,7,21+,Luxury,true,343,false,142,39,2026-05-11,Galveston,Galveston,Galveston,Texas,77554,United States,coastal,https://www.airbnb.com/rooms/883350914585539769,https://a0.muscache.com/im/pictures/miso/Hosting-883350914585539769/original/cb185303-56e3-45dc-8567-b2d3919d50e9.jpeg,883350914585539769,3282556,29.194,-94.9806,"=AVERAGE($G$2:$G$830)","=AVERAGE($D$2:$D$830)","=IFERROR(($AT526-G526)/$AT526,0)","=IFERROR(($AU526-D526)/$AU526,0)","=$AU526-D526"
Gulf Front|Hot Tub|Mini Golf| Mini Pickleball,365632869,,103982,117309,522.52,61.42,324,3,2,10,true,false,true,true,true,false,false,Home/Apartment,House,House/villa,4.9,96,3,21+,Luxury,true,325,true,199,53,2026-05-17,Galveston,Port Bolivar,Gilchrist,Texas,77617,United States,coastal,https://www.airbnb.com/rooms/977789947584152728,https://a0.muscache.com/im/pictures/06f00b58-6591-4d44-abe3-ef89422111bc.jpg,977789947584152728,3838778,29.50452,-94.50818,"=AVERAGE($G$2:$G$830)","=AVERAGE($D$2:$D$830)","=IFERROR(($AT527-G527)/$AT527,0)","=IFERROR(($AU527-D527)/$AU527,0)","=$AU527-D527"
Margaritaville on the Bay | Private Pool & Views!,Ryson Vacation Rentals,,102487,103634,533.79,63.79,357,3,2,8,true,false,false,true,true,false,true,Home/Apartment,House,House/villa,4.75,87,2,21+,Luxury,false,457,true,192,53,2026-05-11,Galveston,Galveston,Galveston,Texas,77554,United States,coastal,https://www.airbnb.com/rooms/1157558386752781840,https://a0.muscache.com/im/pictures/prohost-api/Hosting-1157558386752781840/original/229f74fa-b420-4b29-b050-a70ca7569a39.jpeg,1157558386752781840,1795562,29.14781,-95.0486,"=AVERAGE($G$2:$G$830)","=AVERAGE($D$2:$D$830)","=IFERROR(($AT528-G528)/$AT528,0)","=IFERROR(($AU528-D528)/$AU528,0)","=$AU528-D528"
Luxury | Beachfront | Generator | Dogs Welcome,29711301,,102027,105634,586.36,49.71,350,3,4,10,true,false,false,true,true,true,false,Home/Apartment,House,House/villa,5,65,2,6-20,Luxury,true,461,false,174,45,2026-05-11,Galveston,Port Bolivar,Port Bolivar,Texas,77650,United States,coastal,https://www.airbnb.com/rooms/1135629810906229472,https://a0.muscache.com/im/pictures/prohost-api/Hosting-1135629810906229472/original/3794f123-b37f-4956-bad1-6534da6c20c2.jpeg,1135629810906229472,3957318,29.4666,-94.601,"=AVERAGE($G$2:$G$830)","=AVERAGE($D$2:$D$830)","=IFERROR(($AT529-G529)/$AT529,0)","=IFERROR(($AU529-D529)/$AU529,0)","=$AU529-D529"
PrivatePOOL/Hot-Tub/Game Room/Pets/5 Mins to Beach,464917777,,101319,103353,496.66,56.98,358,3,2,10,true,false,true,true,true,true,true,Home/Apartment,House,House/villa,4.9,139,2,1,Luxury,true,343,false,204,68,2026-05-11,Galveston,Port Bolivar,Port Bolivar,Texas,77650,United States,coastal,https://www.airbnb.com/rooms/652237284845590611,https://a0.muscache.com/im/pictures/b4f4a56c-3eef-4c21-ba52-1aa1b63e45ce.jpg,652237284845590611,2890089,29.4767,-94.5829,"=AVERAGE($G$2:$G$830)","=AVERAGE($D$2:$D$830)","=IFERROR(($AT530-G530)/$AT530,0)","=IFERROR(($AU530-D530)/$AU530,0)","=$AU530-D530"
"Waterfront fun! Kayaks, Bikes, Fire Pit & Fishing!",16304848,,100859,105920,460.54,63.11,347,3,2,10,true,false,false,true,true,true,true,Home/Apartment,House,House/villa,5,338,2,6-20,Luxury,true,176,true,219,77,2026-05-17,Galveston,Galveston,Galveston,Texas,77554,United States,coastal,https://www.airbnb.com/rooms/49247387,https://a0.muscache.com/im/pictures/miso/Hosting-49247387/original/3474112f-9a84-4e76-92c8-23a46bfbf928.jpeg,49247387,2278712,29.1911,-94.9772,"=AVERAGE($G$2:$G$830)","=AVERAGE($D$2:$D$830)","=IFERROR(($AT531-G531)/$AT531,0)","=IFERROR(($AU531-D531)/$AU531,0)","=$AU531-D531"
"Bikes/kayaks, great fishing, fire pit, pickleball!",16304848,,99955,103759,475.98,63.06,344,3,2,10,true,false,false,true,true,true,true,Home/Apartment,House,House/villa,4.95,543,2,6-20,Luxury,true,162,true,210,66,2026-05-13,Galveston,Galveston,Galveston,Texas,77554,United States,coastal,https://www.airbnb.com/rooms/5306196,https://a0.muscache.com/im/pictures/fd5980c2-8a54-435c-b4b8-91ae0a7989d2.jpg,5306196,3871822ha,29.197,-94.9831,"=AVERAGE($G$2:$G$830)","=AVERAGE($D$2:$D$830)","=IFERROR(($AT532-G532)/$AT532,0)","=IFERROR(($AU532-D532)/$AU532,0)","=$AU532-D532"
Pool & Hot Tub | 2 King Suites | Walk To Beach,418694828,,99458,109566,444.01,69.78,321,2,2,6,true,false,true,true,true,true,true,Home/Apartment,House,House/villa,5,150,2,2-5,Luxury,true,0,false,224,78,2026-05-17,Galveston,Galveston,Galveston,Texas,77550,United States,coastal,https://www.airbnb.com/rooms/899350720504631884,https://a0.muscache.com/im/pictures/hosting/Hosting-899350720504631884/original/73dfd154-a340-43ab-b14b-b9fb47017d8d.jpeg,899350720504631884,4662263,29.30103,-94.77368,"=AVERAGE($G$2:$G$830)","=AVERAGE($D$2:$D$830)","=IFERROR(($AT533-G533)/$AT533,0)","=IFERROR(($AU533-D533)/$AU533,0)","=$AU533-D533"
"2/2 Diamond Beach, 6th Floor, W/D,  Galveston, Tx",537153275,,98006,101573,435.58,63.92,352,2,2,6,true,true,false,true,true,false,true,Home/Apartment,Condominium (condo),Apt/Condo/Loft,5,131,2,2-5,Luxury,true,207,true,225,66,2026-03-15,Galveston,Galveston,Galveston,Texas,77554,United States,coastal,https://www.airbnb.com/rooms/1081947924537085324,https://a0.muscache.com/im/pictures/miso/Hosting-1081947924537085324/original/728fe3f3-67ce-4430-80e3-4316d75ffe33.jpeg,1081947924537085324,3311869,29.2432,-94.8682,"=AVERAGE($G$2:$G$830)","=AVERAGE($D$2:$D$830)","=IFERROR(($AT534-G534)/$AT534,0)","=IFERROR(($AU534-D534)/$AU534,0)","=$AU534-D534"
"Diamond Beach 405-Blue Haven | Beachfront, Views!",Ryson Vacation Rentals by Vtrips,,97517,101010,485.16,58.09,346,3,2,8,true,true,true,true,false,false,true,Home/Apartment,Condominium (condo),Apt/Condo/Loft,4.75,30,3,21+,Luxury,false,258,true,201,65,2026-05-17,Galveston,Galveston,Galveston,Texas,77554,United States,coastal,https://www.airbnb.com/rooms/52027995,https://a0.muscache.com/im/pictures/prohost-api/Hosting-52027995/original/dd3c682d-8f43-484b-abc4-751a866d897a.jpeg,52027995,4428834,29.24193,-94.86718,"=AVERAGE($G$2:$G$830)","=AVERAGE($D$2:$D$830)","=IFERROR(($AT535-G535)/$AT535,0)","=IFERROR(($AU535-D535)/$AU535,0)","=$AU535-D535"
"King of Diamonds | Beachfront, Curved Balcony!",Ryson Vacation Rentals by Vtrips,,95842,103090,476.83,66.56,303,3,2,8,true,true,true,true,false,false,true,Home/Apartment,Condominium (condo),Apt/Condo/Loft,4.3,70,3,21+,Luxury,false,258,true,201,60,2026-05-17,Galveston,Galveston,Galveston,Texas,77554,United States,coastal,https://www.airbnb.com/rooms/23123409,https://a0.muscache.com/im/pictures/prohost-api/Hosting-23123409/original/7292c08b-5492-41cd-8aea-385ff0a5d5e4.jpeg,23123409,2687861,29.24266,-94.86865,"=AVERAGE($G$2:$G$830)","=AVERAGE($D$2:$D$830)","=IFERROR(($AT536-G536)/$AT536,0)","=IFERROR(($AU536-D536)/$AU536,0)","=$AU536-D536"
0615 Pearl Wave Residence,Galvestonian Condominium Association,,95832,106233,472.08,60.6,335,3,2,8,true,true,true,true,true,false,true,Home/Apartment,Condominium (condo),Apt/Condo/Loft,5,12,2,21+,Luxury,false,150,true,203,65,2026-05-15,Galveston,Galveston,Galveston,Texas,77550,United States,coastal,https://www.vrbo.com/3893995,"https://media.vrbo.com/lodging/104000000/103030000/103027400/103027318/391c1dc4.jpg?impolicy=resizecrop&rw=1200&ra=fit",,3893995,29.318167,-94.751534,"=AVERAGE($G$2:$G$830)","=AVERAGE($D$2:$D$830)","=IFERROR(($AT537-G537)/$AT537,0)","=IFERROR(($AU537-D537)/$AU537,0)","=$AU537-D537"
"Lazy River, Pools, Beach~Float. Sip. Soak. Repeat.",392514891,,95077,96730,442.22,66.77,336,3,2,8,true,true,false,true,true,false,true,Home/Apartment,Condominium (condo),Apt/Condo/Loft,4.9,218,2,2-5,Luxury,true,325,true,215,64,2026-05-17,Galveston,Galveston,Galveston,Texas,77554,United States,coastal,https://www.airbnb.com/rooms/48657536,https://a0.muscache.com/im/pictures/miso/Hosting-48657536/original/63760091-2a41-4249-bf3f-f1a102c2b96c.jpeg,48657536,2586949,29.2432,-94.8682,"=AVERAGE($G$2:$G$830)","=AVERAGE($D$2:$D$830)","=IFERROR(($AT538-G538)/$AT538,0)","=IFERROR(($AU538-D538)/$AU538,0)","=$AU538-D538"
Jamaica Me Happy *Beachfront! HotTub! Pets!,421857219,,94738,111919,547.62,55.99,309,3,2,8,true,false,true,true,true,true,true,Home/Apartment,House,House/villa,4.95,112,1,6-20,Luxury,true,150,true,173,75,2026-05-11,Galveston,Galveston,Galveston,Texas,77554,United States,coastal,https://www.airbnb.com/rooms/1271808241137120932,https://a0.muscache.com/im/pictures/hosting/Hosting-1271808241137120932/original/1c156da0-743c-4169-86a7-141afa6ddbe7.jpeg,1271808241137120932,4275301,29.1805,-94.9747,"=AVERAGE($G$2:$G$830)","=AVERAGE($D$2:$D$830)","=IFERROR(($AT539-G539)/$AT539,0)","=IFERROR(($AU539-D539)/$AU539,0)","=$AU539-D539"
"Pelican Pass | Amenities, Best View!",Ryson Vacation Rentals by Vtrips,,94326,96087,372.83,71.88,352,2,2,6,true,true,true,true,false,false,true,Home/Apartment,Condominium (condo),Apt/Condo/Loft,4.85,61,3,21+,Luxury,false,226,true,253,70,2026-05-17,Galveston,Galveston,Galveston,Texas,77554,United States,coastal,https://www.airbnb.com/rooms/565088019163522038,https://a0.muscache.com/im/pictures/prohost-api/Hosting-565088019163522038/original/45f6b49b-79fc-45cd-8154-77e02cb64604.jpeg,565088019163522038,2748610,29.24404,-94.86886,"=AVERAGE($G$2:$G$830)","=AVERAGE($D$2:$D$830)","=IFERROR(($AT540-G540)/$AT540,0)","=IFERROR(($AU540-D540)/$AU540,0)","=$AU540-D540"
High Style Penthouse with Great Views of the Gulf,80421160,,94197,95428,557.38,46.81,361,3,2,8,true,true,true,true,true,false,true,Home/Apartment,Condominium (condo),Apt/Condo/Loft,4.9,259,30,1,Luxury,false,150,false,169,44,2022-01-24,Galveston,Galveston,Galveston,Texas,77554,United States,coastal,https://www.airbnb.com/rooms/13738796,"https://a0.muscache.com/im/pictures/a23f56f6-30c2-4483-afed-cfa425e40095.jpg?aki_policy=x_large",13738796,515542,29.24239,-94.86722,"=AVERAGE($G$2:$G$830)","=AVERAGE($D$2:$D$830)","=IFERROR(($AT541-G541)/$AT541,0)","=IFERROR(($AU541-D541)/$AU541,0)","=$AU541-D541"
Enchanted Beachfront | Sunrise + Sunset Views!,Ryson Vacation Rentals by Vtrips,,93429,103659,510.54,62.46,320,3,3,9,true,false,false,true,false,true,false,Home/Apartment,House,House/villa,4.45,73,2,21+,Luxury,false,354,true,183,50,2026-05-11,Galveston,Galveston,Galveston,Texas,77554,United States,coastal,https://www.airbnb.com/rooms/43023335,https://a0.muscache.com/im/pictures/prohost-api/Hosting-43023335/original/12fee357-ffbb-4d41-b446-9f6b8a6dabdd.jpeg,43023335,2687880,29.1159,-95.07559,"=AVERAGE($G$2:$G$830)","=AVERAGE($D$2:$D$830)","=IFERROR(($AT542-G542)/$AT542,0)","=IFERROR(($AU542-D542)/$AU542,0)","=$AU542-D542"
0100  Ocean Vista Oasis Retreat|Beachfront Luxury Condo|Sleeps 8,Galvestonian Condominium Association,,92104,92957,482.22,52.76,362,3,2,100,true,true,true,true,true,false,true,Home/Apartment,Condominium (condo),Apt/Condo/Loft,4,1,2,21+,Luxury,false,149,true,191,63,2026-05-16,Galveston,Galveston,Galveston,Texas,77550,United States,coastal,https://www.vrbo.com/3893936,"https://media.vrbo.com/lodging/104000000/103030000/103027200/103027135/2578897b.jpg?impolicy=resizecrop&rw=1200&ra=fit",,3893936,29.318166,-94.751533,"=AVERAGE($G$2:$G$830)","=AVERAGE($D$2:$D$830)","=IFERROR(($AT543-G543)/$AT543,0)","=IFERROR(($AU543-D543)/$AU543,0)","=$AU543-D543"
New Luxe Home| Private Heated Pool | Waterfront,Rainbow Sands,,92091,113096,586.57,50.65,310,3,3,10,true,false,true,true,true,true,true,Home/Apartment,House,House/villa,4.75,19,2,21+,Luxury,false,503,true,157,43,2026-05-11,Galveston,Galveston,Galveston,Texas,77554,United States,coastal,https://www.airbnb.com/rooms/1055344353869575295,https://a0.muscache.com/im/pictures/prohost-api/Hosting-1055344353869575295/original/d16c8f57-981c-44fb-b596-b289f3d290b6.jpeg,1055344353869575295,9893097ha,29.1926,-94.9826,"=AVERAGE($G$2:$G$830)","=AVERAGE($D$2:$D$830)","=IFERROR(($AT544-G544)/$AT544,0)","=IFERROR(($AU544-D544)/$AU544,0)","=$AU544-D544"
"Pool paradise in Kemah, walk to park and Boardwalk",StayBeachBox,,91165,93031,321,79.78,356,3,2,14,true,false,false,true,true,true,true,Home/Apartment,House,House/villa,4.55,106,3,21+,Luxury,false,150,true,284,103,2025-11-04,Galveston,Kemah,Kemah,Texas,77565,United States,coastal,https://www.airbnb.com/rooms/1121180283434652512,https://a0.muscache.com/im/pictures/prohost-api/Hosting-1121180283434652512/original/c17f7750-84d4-48cf-9222-b91b71fa9fb4.jpeg,1121180283434652512,2721135,29.534049055,-95.0133635694,"=AVERAGE($G$2:$G$830)","=AVERAGE($D$2:$D$830)","=IFERROR(($AT545-G545)/$AT545,0)","=IFERROR(($AU545-D545)/$AU545,0)","=$AU545-D545"
New! Beachfront | Hot Tub & Fire Pit | Sleeps 10,157396347,,90767,97424,546.79,52.53,336,3,2,10,true,false,true,true,true,false,false,Home/Apartment,House,House/villa,4.95,19,2,2-5,Luxury,true,200,false,166,43,2026-05-16,Galveston,Galveston,Galveston,Texas,77554,United States,coastal,https://www.airbnb.com/rooms/1404637781836209297,https://a0.muscache.com/im/pictures/hosting/Hosting-1404637781836209297/original/64f34554-5190-4540-be5d-b08cda752fd4.jpeg,1404637781836209297,4611144,29.1245,-95.0645,"=AVERAGE($G$2:$G$830)","=AVERAGE($D$2:$D$830)","=IFERROR(($AT546-G546)/$AT546,0)","=IFERROR(($AU546-D546)/$AU546,0)","=$AU546-D546"
"Bikes, kayaks, pickelball, firepit! Prime fishing!",16304848,,90681,94814,469.85,55.78,348,3,3,10,true,false,false,true,true,true,true,Home/Apartment,House,House/villa,4.95,565,2,6-20,Luxury,true,174,true,193,56,2026-05-17,Galveston,Galveston,Galveston,Texas,77554,United States,coastal,https://www.airbnb.com/rooms/11219465,https://a0.muscache.com/im/pictures/dca73062-d5e5-442d-93d8-df9496b15f95.jpg,11219465,901913ha,29.1985,-94.9837,"=AVERAGE($G$2:$G$830)","=AVERAGE($D$2:$D$830)","=IFERROR(($AT547-G547)/$AT547,0)","=IFERROR(($AU547-D547)/$AU547,0)","=$AU547-D547"
Beachfront | Arcade Game l Free Cancellation,Bolivar Vacations,,90613,92839,455.34,58.19,354,3,2,8,true,false,false,true,true,true,false,Home/Apartment,House,House/villa,4.75,38,2,21+,Luxury,true,324,true,199,62,2026-05-17,Galveston,Port Bolivar,Port Bolivar,Texas,77650,United States,coastal,https://www.airbnb.com/rooms/1224757581847821130,https://a0.muscache.com/im/pictures/prohost-api/Hosting-1224757581847821130/original/86454db3-3742-4dc8-b11d-7545712c1dd5.jpeg,1224757581847821130,4204351,29.44342,-94.64891,"=AVERAGE($G$2:$G$830)","=AVERAGE($D$2:$D$830)","=IFERROR(($AT548-G548)/$AT548,0)","=IFERROR(($AU548-D548)/$AU548,0)","=$AU548-D548"
Stunning Beachfront With Triple Water Views!,304358828,,90294,96307,640.38,45.05,338,3,3,9,true,false,false,true,true,false,true,Home/Apartment,Villa,House/villa,5,91,2,1,Luxury,true,160,true,141,45,2026-05-13,Galveston,Galveston,Galveston,Texas,77554,United States,coastal,https://www.airbnb.com/rooms/563043830732089434,https://a0.muscache.com/im/pictures/miso/Hosting-563043830732089434/original/aee586c4-0cfd-4b8b-84b6-9b55f61e5372.jpeg,563043830732089434,2658721,29.10341,-95.09606,"=AVERAGE($G$2:$G$830)","=AVERAGE($D$2:$D$830)","=IFERROR(($AT549-G549)/$AT549,0)","=IFERROR(($AU549-D549)/$AU549,0)","=$AU549-D549"
Diamond Beach 608-Blue Lagoon | Water Views!,Ryson Vacation Rentals by Vtrips,,89867,93208,453.87,60.18,338,3,2,8,true,true,true,true,false,false,true,Home/Apartment,Condominium (condo),Apt/Condo/Loft,4.6,48,3,21+,Luxury,false,257,true,198,60,2026-05-17,Galveston,Galveston,Galveston,Texas,77554,United States,coastal,https://www.airbnb.com/rooms/49950016,https://a0.muscache.com/im/pictures/prohost-api/Hosting-49950016/original/bd44bfce-4311-4e63-93f9-1ec7195c9ef9.jpeg,49950016,2687858,29.24387,-94.8676,"=AVERAGE($G$2:$G$830)","=AVERAGE($D$2:$D$830)","=IFERROR(($AT550-G550)/$AT550,0)","=IFERROR(($AU550-D550)/$AU550,0)","=$AU550-D550"
Beachfront | EV Charger l Free Cancellation,Bolivar Vacations,,89771,97167,485.25,59.68,322,3,3,12,true,false,false,true,true,true,false,Home/Apartment,House,House/villa,4.9,86,2,21+,Luxury,true,324,true,185,45,2026-05-11,Galveston,Port Bolivar,Gilchrist,Texas,77617,United States,coastal,https://www.airbnb.com/rooms/647105711527766213,https://a0.muscache.com/im/pictures/prohost-api/Hosting-647105711527766213/original/b1ebbe92-e2a9-4643-8da8-31f5a09e3348.jpeg,647105711527766213,2857156,29.50205,-94.51316,"=AVERAGE($G$2:$G$830)","=AVERAGE($D$2:$D$830)","=IFERROR(($AT551-G551)/$AT551,0)","=IFERROR(($AU551-D551)/$AU551,0)","=$AU551-D551"
Private Pool | Jamaica Beach |Bay Views,Rainbow Sands,,89327,91497,551.4,47.51,355,3,3,10,true,false,false,true,true,false,true,Home/Apartment,House,House/villa,4.7,63,2,21+,Luxury,false,392,true,162,54,2026-05-13,Galveston,Galveston,Galveston,Texas,77554,United States,coastal,https://www.airbnb.com/rooms/634996233215445808,https://a0.muscache.com/im/pictures/prohost-api/Hosting-634996233215445808/original/441ec63d-be90-4dcc-830c-fac0d07ec34f.jpeg,634996233215445808,9685933ha,29.1899,-94.9762,"=AVERAGE($G$2:$G$830)","=AVERAGE($D$2:$D$830)","=IFERROR(($AT552-G552)/$AT552,0)","=IFERROR(($AU552-D552)/$AU552,0)","=$AU552-D552"
Beachfront l Pet-Friendly l Free Cancellation,Bolivar Vacations,,89218,91789,441.67,59.06,342,3,2,10,true,false,false,true,true,true,false,Home/Apartment,House,House/villa,5,103,2,21+,Luxury,true,324,true,202,55,2026-05-17,Galveston,Port Bolivar,Gilchrist,Texas,77617,United States,coastal,https://www.airbnb.com/rooms/50879225,https://a0.muscache.com/im/pictures/prohost-api/Hosting-50879225/original/3afa37f3-e14b-4025-9398-02c1a8aeb6ed.jpeg,50879225,2380319,29.50272,-94.51685,"=AVERAGE($G$2:$G$830)","=AVERAGE($D$2:$D$830)","=IFERROR(($AT553-G553)/$AT553,0)","=IFERROR(($AU553-D553)/$AU553,0)","=$AU553-D553"
"Diamond Beach 405-Blue Haven | Beachfront, Views!",vacation rental pros property management,,89034,92360,447.41,57.68,345,3,2,8,true,true,true,true,false,false,true,Home/Apartment,Condominium (condo),Apt/Condo/Loft,4.5,34,3,21+,Luxury,false,205,true,199,63,2026-05-16,Galveston,Galveston,Galveston,Texas,77554,United States,coastal,https://www.vrbo.com/2687851,"https://media.vrbo.com/lodging/77000000/76130000/76128100/76128065/c7a757f5.jpg?impolicy=resizecrop&rw=1200&ra=fit",,2687851,29.243072,-94.868034,"=AVERAGE($G$2:$G$830)","=AVERAGE($D$2:$D$830)","=IFERROR(($AT554-G554)/$AT554,0)","=IFERROR(($AU554-D554)/$AU554,0)","=$AU554-D554"
Steps to Beach 2BR Oceanfront Dog Friendly,Vacasa,,88544,100367,352.76,79.18,317,2,2,5,true,false,false,true,true,true,false,Home/Apartment,House,House/villa,4.6,109,2,21+,Luxury,false,172,true,251,84,2026-05-17,Galveston,Galveston,Galveston,Texas,77554,United States,coastal,https://www.airbnb.com/rooms/706634079972691463,https://a0.muscache.com/im/pictures/prohost-api/Hosting-706634079972691463/original/f980df03-7651-4a16-b65a-84f99a212bb6.jpeg,706634079972691463,2992743,29.21875,-94.90952,"=AVERAGE($G$2:$G$830)","=AVERAGE($D$2:$D$830)","=IFERROR(($AT555-G555)/$AT555,0)","=IFERROR(($AU555-D555)/$AU555,0)","=$AU555-D555"
"Spectacular Private Home 3 Bedrooms, Sleeps 14",25680100,,88293,92132,525.55,51.85,345,3,3,14,true,false,false,true,true,true,false,Home/Apartment,House,House/villa,4.95,83,3,2-5,Luxury,true,241,true,168,55,2026-05-11,Galveston,Port Bolivar,Port Bolivar,Texas,77650,United States,coastal,https://www.airbnb.com/rooms/694410273525821384,https://a0.muscache.com/im/pictures/hosting/Hosting-694410273525821384/original/8a3100e4-ee4a-4f11-b21b-4433b33a37d9.jpeg,694410273525821384,,29.459,-94.6164,"=AVERAGE($G$2:$G$830)","=AVERAGE($D$2:$D$830)","=IFERROR(($AT556-G556)/$AT556,0)","=IFERROR(($AU556-D556)/$AU556,0)","=$AU556-D556"
Stunning Beachfront l Hot Tub l Free Cancellation,Bolivar Vacations,,87747,91357,504.29,53.7,342,3,3,12,true,false,true,true,true,true,false,Home/Apartment,House,House/villa,4.9,96,2,21+,Luxury,true,304,true,174,57,2026-05-11,Galveston,Port Bolivar,Gilchrist,Texas,77617,United States,coastal,https://www.airbnb.com/rooms/670518807467278089,https://a0.muscache.com/im/pictures/prohost-api/Hosting-670518807467278089/original/84414b54-10d1-4da9-9d76-66a5d4d5a51d.jpeg,670518807467278089,2910661,29.50644,-94.50544,"=AVERAGE($G$2:$G$830)","=AVERAGE($D$2:$D$830)","=IFERROR(($AT557-G557)/$AT557,0)","=IFERROR(($AU557-D557)/$AU557,0)","=$AU557-D557"
"Spectacular Private Home 3 Bedrooms, Sleeps 12",25680100,,87430,92077,526.69,54.79,335,3,2,14,true,false,false,true,true,true,false,Home/Apartment,House,House/villa,5,380,3,2-5,Luxury,true,250,true,166,49,2026-05-11,Galveston,Port Bolivar,Port Bolivar,Texas,77650,United States,coastal,https://www.airbnb.com/rooms/4981573,https://a0.muscache.com/im/pictures/miso/Hosting-4981573/original/d8b821fd-ea8a-4bb8-88b0-8c83af6a1e37.png,4981573,588723,29.4369,-94.6589,"=AVERAGE($G$2:$G$830)","=AVERAGE($D$2:$D$830)","=IFERROR(($AT558-G558)/$AT558,0)","=IFERROR(($AU558-D558)/$AU558,0)","=$AU558-D558"
Beach Front Home with Private Beach Access,488293328,,85894,93321,431.63,58.88,338,3,3,10,true,false,false,true,true,true,false,Home/Apartment,House,House/villa,4.85,143,2,2-5,Luxury,true,246,true,199,70,2026-05-13,Galveston,Galveston,Galveston,Texas,77554,United States,coastal,https://www.airbnb.com/rooms/54179101,https://a0.muscache.com/im/pictures/hosting/Hosting-U3RheVN1cHBseUxpc3Rpbmc6NTQxNzkxMDE%3D/original/f2be6c66-3e29-4a86-842f-0aa949dade97.jpeg,54179101,3893721,29.17227,-94.99025,"=AVERAGE($G$2:$G$830)","=AVERAGE($D$2:$D$830)","=IFERROR(($AT559-G559)/$AT559,0)","=IFERROR(($AU559-D559)/$AU559,0)","=$AU559-D559"
Beachfront | Free Cancellation,Bolivar Vacations,,85390,86467,487.94,49.72,355,3,2,8,true,false,false,true,true,true,false,Home/Apartment,House,House/villa,5,390,2,21+,Luxury,true,326,true,175,46,2026-05-11,Galveston,Port Bolivar,Gilchrist,Texas,77617,United States,coastal,https://www.airbnb.com/rooms/30417965,https://a0.muscache.com/im/pictures/hosting/Hosting-30417965/original/99505c97-eaa5-4cac-af5e-0f52f33c3281.jpeg,30417965,642986,29.49381,-94.53702,"=AVERAGE($G$2:$G$830)","=AVERAGE($D$2:$D$830)","=IFERROR(($AT560-G560)/$AT560,0)","=IFERROR(($AU560-D560)/$AU560,0)","=$AU560-D560"
Beachfront | Hot Tub l Free Cancellation,Bolivar Vacations,,84967,92766,477.34,52.82,343,3,2,8,true,false,true,true,true,true,false,Home/Apartment,House,House/villa,4.85,274,2,21+,Luxury,true,369,true,178,50,2026-05-17,Galveston,Port Bolivar,Gilchrist,Texas,77617,United States,coastal,https://www.airbnb.com/rooms/30417963,https://a0.muscache.com/im/pictures/prohost-api/Hosting-30417963/original/eacf6a0c-89f9-43b8-8f3e-c1292ccacdef.png,30417963,749698,29.51709,-94.47673,"=AVERAGE($G$2:$G$830)","=AVERAGE($D$2:$D$830)","=IFERROR(($AT561-G561)/$AT561,0)","=IFERROR(($AU561-D561)/$AU561,0)","=$AU561-D561"
"Oceanview condo with pools, hot tubs, sauna, and two balconies",Vacasa,,84576,89783,270.21,90.99,344,1,1,4,true,true,true,true,true,false,true,Home/Apartment,Condominium (condo),Apt/Condo/Loft,4.7,109,2,21+,Luxury,false,150,true,313,113,2026-05-17,Galveston,Galveston,Galveston,Texas,77551,United States,coastal,https://www.vrbo.com/1428550,"https://media.vrbo.com/lodging/30000000/29660000/29658000/29657957/854cd940.jpg?impolicy=resizecrop&rw=1200&ra=fit",,1428550,29.272948,-94.818292,"=AVERAGE($G$2:$G$830)","=AVERAGE($D$2:$D$830)","=IFERROR(($AT562-G562)/$AT562,0)","=IFERROR(($AU562-D562)/$AU562,0)","=$AU562-D562"
Beach views - 4 min walk to Beach Elevator Dogs allowed Fenced yard  EV Charger ,,,84514,100683,477.48,57.1,311,3,3,8,true,false,false,true,true,true,true,Home/Apartment,House,House/villa,5,170,2,1,Luxury,false,200,true,177,50,2026-05-16,Galveston,Galveston,Galveston,Texas,77554,United States,coastal,https://www.vrbo.com/2399647,"https://media.vrbo.com/lodging/70000000/69820000/69814000/69813933/337dacbe.jpg?impolicy=resizecrop&rw=1200&ra=fit",,2399647,29.113194,-95.08579,"=AVERAGE($G$2:$G$830)","=AVERAGE($D$2:$D$830)","=IFERROR(($AT563-G563)/$AT563,0)","=IFERROR(($AU563-D563)/$AU563,0)","=$AU563-D563"
"Prager Bay View | Private Pool, Canal Views!",Ryson Vacation Rentals by Vtrips,,84484,99902,402.3,79.25,267,2,2,8,true,false,false,true,false,true,true,Home/Apartment,House,House/villa,4.5,60,3,21+,Luxury,false,377,true,210,51,2026-05-17,Galveston,Galveston,Galveston,Texas,77554,United States,coastal,https://www.airbnb.com/rooms/23123332,https://a0.muscache.com/im/pictures/prohost-api/Hosting-23123332/original/c7af747b-54de-4753-a9ec-d8049c20df05.jpeg,23123332,2687936,29.19739,-94.98456,"=AVERAGE($G$2:$G$830)","=AVERAGE($D$2:$D$830)","=IFERROR(($AT564-G564)/$AT564,0)","=IFERROR(($AU564-D564)/$AU564,0)","=$AU564-D564"
Beach Steps•Heated Pool•HotTub•DogsWelcome,132505165,,83835,95059,438.93,59.5,321,2,1,7,true,false,true,true,true,true,true,Home/Apartment,House,House/villa,4.95,184,2,6-20,Luxury,true,136,true,191,69,2026-05-17,Galveston,Galveston,Galveston,Texas,77550,United States,coastal,https://www.airbnb.com/rooms/655195093767354504,https://a0.muscache.com/im/pictures/hosting/Hosting-655195093767354504/original/51c68498-6dd2-4221-b138-4ccd07f6404a.jpeg,655195093767354504,,29.2989,-94.7778,"=AVERAGE($G$2:$G$830)","=AVERAGE($D$2:$D$830)","=IFERROR(($AT565-G565)/$AT565,0)","=IFERROR(($AU565-D565)/$AU565,0)","=$AU565-D565"
Happily Ever After,Swedes Real Estate,,83461,89813,337.9,73.73,335,3,2,12,true,true,false,true,true,true,false,Home/Apartment,House,House/villa,4.55,36,2,21+,Luxury,false,285,true,247,48,2026-05-11,Galveston,Port Bolivar,Port Bolivar,Texas,77650,United States,coastal,https://www.airbnb.com/rooms/1120380520643654110,https://a0.muscache.com/im/pictures/hosting/Hosting-1120380520643654110/original/d4c20f25-3bae-450e-a5d4-d8f6f2b1ce11.jpeg,1120380520643654110,965325,29.4703,-94.5925,"=AVERAGE($G$2:$G$830)","=AVERAGE($D$2:$D$830)","=IFERROR(($AT566-G566)/$AT566,0)","=IFERROR(($AU566-D566)/$AU566,0)","=$AU566-D566"
"Beachfront: Hot Tub, Home Theater, Firepit",287835118,,83350,88960,351.69,70.33,337,2,2,4,true,false,true,true,true,false,false,Home/Apartment,House,House/villa,5,151,2,2-5,Luxury,true,196,false,237,71,2026-05-17,Galveston,Port Bolivar,Port Bolivar,Texas,77650,United States,coastal,https://www.airbnb.com/rooms/831879021937831314,https://a0.muscache.com/im/pictures/hosting/Hosting-U3RheVN1cHBseUxpc3Rpbmc6ODMxODc5MDIxOTM3ODMxMzE0/original/a4efff23-86e2-44e3-8f0c-1c17789c3be4.jpeg,831879021937831314,3416824,29.4566,-94.6237,"=AVERAGE($G$2:$G$830)","=AVERAGE($D$2:$D$830)","=IFERROR(($AT567-G567)/$AT567,0)","=IFERROR(($AU567-D567)/$AU567,0)","=$AU567-D567"
Rancho Azul,Swedes Real Estate,,83265,91222,375.07,68.94,322,3,2,10,true,true,false,true,true,true,false,Home/Apartment,House,House/villa,4.75,40,2,21+,Luxury,false,260,true,222,47,2026-05-17,Galveston,Port Bolivar,Port Bolivar,Texas,77650,United States,coastal,https://www.airbnb.com/rooms/1120383442339872418,https://a0.muscache.com/im/pictures/hosting/Hosting-1120383442339872418/original/66435107-cef3-42b5-8459-22a099ea3c80.jpeg,1120383442339872418,3213742,29.4401,-94.6557,"=AVERAGE($G$2:$G$830)","=AVERAGE($D$2:$D$830)","=IFERROR(($AT568-G568)/$AT568,0)","=IFERROR(($AU568-D568)/$AU568,0)","=$AU568-D568"
Parijatha | An Oceanfront Retreat,Ryson Vacation Rentals,,83118,86127,459.22,52.31,346,3,3,8,true,false,false,true,true,false,true,Home/Apartment,House,House/villa,4.55,38,2,21+,Luxury,false,245,true,181,51,2026-05-13,Galveston,Galveston,Galveston,Texas,77554,United States,coastal,https://www.airbnb.com/rooms/1157560069559307209,https://a0.muscache.com/im/pictures/prohost-api/Hosting-1157560069559307209/original/267c63b6-1ff9-47eb-bbdf-5abc6d36a0f1.jpeg,1157560069559307209,2699278,29.1436,-95.0351,"=AVERAGE($G$2:$G$830)","=AVERAGE($D$2:$D$830)","=IFERROR(($AT569-G569)/$AT569,0)","=IFERROR(($AU569-D569)/$AU569,0)","=$AU569-D569"
Cozy Bay House w/ Heated Spool + Pier,333751434,,82897,85468,363.58,64.23,355,3,3,10,true,false,false,true,true,true,true,Home/Apartment,House,House/villa,4.8,31,2,6-20,Luxury,true,282,true,228,70,2026-05-11,Galveston,Dickinson,Dickinson,Texas,77539,United States,coastal,https://www.airbnb.com/rooms/1095839607353973926,https://a0.muscache.com/im/pictures/prohost-api/Hosting-1095839607353973926/original/a1c26aa0-a642-42bd-8147-037defc759a8.jpeg,1095839607353973926,3867642,29.4972,-94.9189,"=AVERAGE($G$2:$G$830)","=AVERAGE($D$2:$D$830)","=IFERROR(($AT570-G570)/$AT570,0)","=IFERROR(($AU570-D570)/$AU570,0)","=$AU570-D570"
Special 5/20-22! Enchanted Lighthouse!,36824303,,82156,85585,346.65,68.9,344,2,2,14,true,false,false,true,true,true,false,Home/Apartment,House,House/villa,4.8,460,2,6-20,Luxury,true,170,false,237,65,2026-05-17,Galveston,Galveston,Galveston,Texas,77554,United States,coastal,https://www.airbnb.com/rooms/1159563697374962484,https://a0.muscache.com/im/pictures/miso/Hosting-1159563697374962484/original/6ef64fb4-9b2b-4ef9-8eb3-d1eea3cb82b4.jpeg,1159563697374962484,508219,29.2158,-94.9152,"=AVERAGE($G$2:$G$830)","=AVERAGE($D$2:$D$830)","=IFERROR(($AT571-G571)/$AT571,0)","=IFERROR(($AU571-D571)/$AU571,0)","=$AU571-D571"
TX Crush on the Bay,579217444,,82143,96997,551.3,54.78,299,3,4,10,true,false,false,true,true,true,true,Home/Apartment,House,House/villa,4.9,45,2,1,Luxury,false,201,true,149,44,2026-05-11,Galveston,Galveston,Galveston,Texas,77554,United States,coastal,https://www.airbnb.com/rooms/1163003945592251519,https://a0.muscache.com/im/pictures/miso/Hosting-1163003945592251519/original/f536ca3d-f8bb-484e-9586-5819144fbb7b.png,1163003945592251519,3914540,29.1966,-94.9835,"=AVERAGE($G$2:$G$830)","=AVERAGE($D$2:$D$830)","=IFERROR(($AT572-G572)/$AT572,0)","=IFERROR(($AU572-D572)/$AU572,0)","=$AU572-D572"
"Beachfront Sea Shell | Beachfront, Steps to Water",Ryson Vacation Rentals by Vtrips,,81568,86984,370.76,74.83,296,3,2,8,true,false,false,true,false,false,false,Home/Apartment,House,House/villa,4.4,79,3,21+,Luxury,false,264,true,220,58,2026-05-17,Galveston,Galveston,Galveston,Texas,77554,United States,coastal,https://www.airbnb.com/rooms/53493177,https://a0.muscache.com/im/pictures/prohost-api/Hosting-53493177/original/414eab60-c568-4902-9c81-ad231703774c.jpeg,53493177,2687765,29.21779,-94.90992,"=AVERAGE($G$2:$G$830)","=AVERAGE($D$2:$D$830)","=IFERROR(($AT573-G573)/$AT573,0)","=IFERROR(($AU573-D573)/$AU573,0)","=$AU573-D573"
Incredible sunset views on Galveston Bay,,,81557,85002,622.57,39.82,347,3,2,10,true,false,true,true,true,false,true,Home/Apartment,House,House/villa,5,29,2,1,Luxury,false,300,false,131,43,2026-05-16,Galveston,Galveston,Galveston,Texas,77554,United States,coastal,https://www.vrbo.com/2162431,"https://media.vrbo.com/lodging/63000000/62980000/62974400/62974310/w1024h681x0y3-d81c56c4.jpg?impolicy=resizecrop&rw=1200&ra=fit",,2162431,29.142296,-95.055741,"=AVERAGE($G$2:$G$830)","=AVERAGE($D$2:$D$830)","=IFERROR(($AT574-G574)/$AT574,0)","=IFERROR(($AU574-D574)/$AU574,0)","=$AU574-D574"
Luxe Beach House Pool 2 King Bed Sleep 14 Patio,421601581,,80736,84831,469.4,49.14,350,3,2,14,true,false,false,true,true,false,true,Home/Apartment,House,House/villa,5,173,2,2-5,Luxury,true,170,true,172,54,2026-05-11,Galveston,Galveston,Galveston,Texas,77550,United States,coastal,https://www.airbnb.com/rooms/52071160,https://a0.muscache.com/im/pictures/miso/Hosting-52071160/original/ded11748-4383-4d73-b6db-63d0b8cc62e0.jpeg,52071160,2450843,29.30017,-94.78554,"=AVERAGE($G$2:$G$830)","=AVERAGE($D$2:$D$830)","=IFERROR(($AT575-G575)/$AT575,0)","=IFERROR(($AU575-D575)/$AU575,0)","=$AU575-D575"
"Aquatic Hermit Crab Retreat, Direct Beach Access, Heated Pool!",Galvestonian Condominium Association,,80627,85235,477.08,50.15,349,3,2,8,true,true,true,true,true,false,true,Home/Apartment,Condominium (condo),Apt/Condo/Loft,4,4,2,21+,Luxury,false,150,true,169,48,2026-05-16,Galveston,Galveston,Galveston,Texas,77550,United States,coastal,https://www.vrbo.com/3893944,"https://media.vrbo.com/lodging/104000000/103030000/103027200/103027159/634ab2af.jpg?impolicy=resizecrop&rw=1200&ra=fit",,3893944,29.318167,-94.751534,"=AVERAGE($G$2:$G$830)","=AVERAGE($D$2:$D$830)","=IFERROR(($AT576-G576)/$AT576,0)","=IFERROR(($AU576-D576)/$AU576,0)","=$AU576-D576"
Beachfront l Pet-Friendly l Free Cancellation,Bolivar Vacations,,80546,81145,437.75,50.83,362,3,2,10,true,false,false,true,true,true,false,Home/Apartment,House,House/villa,4.9,238,2,21+,Luxury,true,324,true,184,52,2026-05-11,Galveston,Port Bolivar,Gilchrist,Texas,77617,United States,coastal,https://www.airbnb.com/rooms/30417966,https://a0.muscache.com/im/pictures/hosting/Hosting-30417966/original/4aa4e2cb-5f60-43d2-8557-14d209e0dd46.png,30417966,1233235,29.50081,-94.51929,"=AVERAGE($G$2:$G$830)","=AVERAGE($D$2:$D$830)","=IFERROR(($AT577-G577)/$AT577,0)","=IFERROR(($AU577-D577)/$AU577,0)","=$AU577-D577"
Texas Beach Casa | Beach View | Sea Isle Beach,477246314,,80368,81242,429.78,56.84,360,3,2,10,true,false,false,true,true,true,false,Home/Apartment,House,House/villa,4.95,168,2,21+,Luxury,true,379,false,187,52,2026-05-11,Galveston,Galveston,Galveston,Texas,77554,United States,coastal,https://www.airbnb.com/rooms/715789248584885078,https://a0.muscache.com/im/pictures/miso/Hosting-715789248584885078/original/b79a2267-f4c9-44eb-9a2a-4791792ec0f8.jpeg,715789248584885078,3012343,29.1347,-95.04994,"=AVERAGE($G$2:$G$830)","=AVERAGE($D$2:$D$830)","=IFERROR(($AT578-G578)/$AT578,0)","=IFERROR(($AU578-D578)/$AU578,0)","=$AU578-D578"
Seascape 2114,AB Sea Sales & Rental,,79586,84421,306.1,82.02,317,2,2,8,true,false,true,true,true,false,true,Home/Apartment,Condominium (condo),Apt/Condo/Loft,4.65,36,2,21+,Luxury,false,226,true,260,68,2026-05-17,Galveston,Galveston,Galveston,Texas,77554,United States,coastal,https://www.airbnb.com/rooms/1116098267766514848,https://a0.muscache.com/im/pictures/prohost-api/Hosting-1116098267766514848/original/e8770603-d7e8-45b2-be84-9a62b8a806fe.jpeg,1116098267766514848,837459,29.24243,-94.87039,"=AVERAGE($G$2:$G$830)","=AVERAGE($D$2:$D$830)","=IFERROR(($AT579-G579)/$AT579,0)","=IFERROR(($AU579-D579)/$AU579,0)","=$AU579-D579"
"Beachfront  Panoramic Views,  Covered Patio, Clean, 6 Miles from Town",,,79024,87429,509.83,46.69,332,3,2,9,true,false,false,true,true,false,false,Home/Apartment,House,House/villa,4.9,300,2,1,Luxury,false,245,true,155,46,2026-05-14,Galveston,Galveston,Galveston,Texas,77554,United States,coastal,https://www.vrbo.com/790738,"https://media.vrbo.com/lodging/28000000/27140000/27134500/27134462/7026e7fe.jpg?impolicy=resizecrop&rw=1200&ra=fit",,790738,29.219017,-94.910171,"=AVERAGE($G$2:$G$830)","=AVERAGE($D$2:$D$830)","=IFERROR(($AT580-G580)/$AT580,0)","=IFERROR(($AU580-D580)/$AU580,0)","=$AU580-D580"
1104-5 Beachside Comfort Residence,Galvestonian Condominium Association,,78806,95684,518.46,47.65,320,3,3,6,true,true,true,true,true,false,true,Home/Apartment,Condominium (condo),Apt/Condo/Loft,4.9,12,2,21+,Luxury,false,174,true,152,47,2026-05-15,Galveston,Galveston,Galveston,Texas,77550,United States,coastal,https://www.vrbo.com/3893959,"https://media.vrbo.com/lodging/104000000/103030000/103027200/103027197/0180fbda.jpg?impolicy=resizecrop&rw=1200&ra=fit",,3893959,29.318166,-94.751533,"=AVERAGE($G$2:$G$830)","=AVERAGE($D$2:$D$830)","=IFERROR(($AT581-G581)/$AT581,0)","=IFERROR(($AU581-D581)/$AU581,0)","=$AU581-D581"
Waterfront Bay Home with Pool,654325522,,78593,101836,488.16,57.5,299,3,2,6,true,false,true,true,true,false,true,Home/Apartment,House,House/villa,4.9,135,2,2-5,Luxury,true,224,true,161,43,2026-05-17,Galveston,Galveston,Galveston,Texas,77554,United States,coastal,https://www.airbnb.com/rooms/1350187983519833561,https://a0.muscache.com/im/pictures/miso/Hosting-1350187983519833561/original/8058b47b-a58b-4115-8b8b-dc3a8b27850d.jpeg,1350187983519833561,2024220,29.2000876871,-94.9901875868,"=AVERAGE($G$2:$G$830)","=AVERAGE($D$2:$D$830)","=IFERROR(($AT582-G582)/$AT582,0)","=IFERROR(($AU582-D582)/$AU582,0)","=$AU582-D582"
Kohinoor | Luxurious w/ Water Views,Ryson Vacation Rentals by Vtrips,,78194,81770,347.53,65.22,345,2,2,6,true,true,true,true,false,false,true,Home/Apartment,Condominium (condo),Apt/Condo/Loft,4.25,68,3,21+,Luxury,false,226,true,225,65,2026-05-17,Galveston,Galveston,,Texas,,United States,coastal,https://www.airbnb.com/rooms/26777831,https://a0.muscache.com/im/pictures/prohost-api/Hosting-26777831/original/658afd0f-10e0-44ed-b405-7f68a7264345.jpeg,26777831,2687864,29.24362,-94.84776,"=AVERAGE($G$2:$G$830)","=AVERAGE($D$2:$D$830)","=IFERROR(($AT583-G583)/$AT583,0)","=IFERROR(($AU583-D583)/$AU583,0)","=$AU583-D583"
"Southern Wave, Beachfront, Pet Friendly, Fenced",326945629,,78186,87709,491.74,49.53,322,3,2,12,true,false,false,true,true,true,false,Home/Apartment,House,House/villa,4.95,198,3,1,Luxury,true,201,true,159,45,2026-05-13,Galveston,Port Bolivar,Port Bolivar,Texas,77650,United States,coastal,https://www.airbnb.com/rooms/42248139,https://a0.muscache.com/im/pictures/hosting/Hosting-U3RheVN1cHBseUxpc3Rpbmc6NDIyNDgxMzk%3D/original/84f3e128-bd44-4b8e-9741-a38e604afcda.jpeg,42248139,9399452ha,29.4516,-94.6332,"=AVERAGE($G$2:$G$830)","=AVERAGE($D$2:$D$830)","=IFERROR(($AT584-G584)/$AT584,0)","=IFERROR(($AU584-D584)/$AU584,0)","=$AU584-D584"
2019-Built Canal Home w/ Waterfront Views,302990273,,77688,90935,446.48,60.84,320,3,3,8,true,false,false,true,true,true,true,Home/Apartment,House,House/villa,5,98,2,1,Luxury,true,170,false,174,34,2026-03-30,Galveston,Galveston,Galveston,Texas,77554,United States,coastal,https://www.airbnb.com/rooms/39446082,https://a0.muscache.com/im/pictures/77298720-3961-40df-b993-c34f9017605a.jpg,39446082,1796565,29.1985,-94.9882,"=AVERAGE($G$2:$G$830)","=AVERAGE($D$2:$D$830)","=IFERROR(($AT585-G585)/$AT585,0)","=IFERROR(($AU585-D585)/$AU585,0)","=$AU585-D585"
"Beachfront Gilchrist Getaway, Steps to the sand!",39837811,,77514,81507,412.31,65.96,289,3,2,10,true,false,false,true,true,true,false,Home/Apartment,House,House/villa,5,147,2,2-5,Luxury,true,208,false,188,53,2026-05-11,Galveston,Port Bolivar,Gilchrist,Texas,77617,United States,coastal,https://www.airbnb.com/rooms/690783248578912319,https://a0.muscache.com/im/pictures/hosting/Hosting-U3RheVN1cHBseUxpc3Rpbmc6NjkwNzgzMjQ4NTc4OTEyMzE5/original/21ba7eb8-551a-41c8-afbf-5509ae7799b6.jpeg,690783248578912319,2964348,29.51594,-94.47594,"=AVERAGE($G$2:$G$830)","=AVERAGE($D$2:$D$830)","=IFERROR(($AT586-G586)/$AT586,0)","=IFERROR(($AU586-D586)/$AU586,0)","=$AU586-D586"
Bay house with great Lagoon  on the Bay!,179209054,,77071,77874,513.81,43.86,362,3,3,10,true,false,false,true,true,true,false,Home/Apartment,House,House/villa,5,157,2,1,Luxury,true,236,false,150,42,2026-05-13,Galveston,Galveston,Galveston,Texas,77554,United States,coastal,https://www.airbnb.com/rooms/23857264,https://a0.muscache.com/im/pictures/668e3352-eecd-4ee2-8070-7fa62aa3a478.jpg,23857264,1316452,29.19853,-94.9848,"=AVERAGE($G$2:$G$830)","=AVERAGE($D$2:$D$830)","=IFERROR(($AT587-G587)/$AT587,0)","=IFERROR(($AU587-D587)/$AU587,0)","=$AU587-D587"
Beachfront Home•Steps to Sand•Sleeps 10,453847618,,76881,78831,390.26,55.97,352,3,2,10,true,false,false,true,true,true,false,Home/Apartment,House,House/villa,4.95,182,2,6-20,Luxury,true,199,true,197,62,2026-05-17,Galveston,Port Bolivar,Gilchrist,Texas,77617,United States,coastal,https://www.airbnb.com/rooms/648352331712668907,https://a0.muscache.com/im/pictures/prohost-api/Hosting-648352331712668907/original/e0ee5741-e257-4d73-923e-2f6b06d7796f.jpeg,648352331712668907,2868673,29.5057,-94.5066,"=AVERAGE($G$2:$G$830)","=AVERAGE($D$2:$D$830)","=IFERROR(($AT588-G588)/$AT588,0)","=IFERROR(($AU588-D588)/$AU588,0)","=$AU588-D588"
"2BR Beachfront condo w/pools, game room, beach, AC",Vacasa,,76826,78085,274.38,77.56,361,2,2,6,true,true,false,true,true,false,true,Home/Apartment,Condominium (condo),Apt/Condo/Loft,4.65,63,2,21+,Luxury,false,281,true,280,85,2026-05-17,Galveston,Galveston,Galveston,Texas,77554,United States,coastal,https://www.airbnb.com/rooms/1127523810948255619,https://a0.muscache.com/im/pictures/prohost-api/Hosting-1127523810948255619/original/1ddec53f-4704-4132-82ab-372a36d18413.jpeg,1127523810948255619,3939517,29.24215,-94.86762,"=AVERAGE($G$2:$G$830)","=AVERAGE($D$2:$D$830)","=IFERROR(($AT589-G589)/$AT589,0)","=IFERROR(($AU589-D589)/$AU589,0)","=$AU589-D589"
Top Floor RENOVATED Beachfront 3/3 Resort Condo,291021880,,76667,85398,567.9,46.23,328,3,3,9,true,false,false,true,true,true,true,Home/Apartment,Condominium (condo),Apt/Condo/Loft,4.95,102,2,2-5,Luxury,false,224,true,135,43,2026-05-11,Galveston,Galveston,Galveston,Texas,77554,United States,coastal,https://www.airbnb.com/rooms/50043583,https://a0.muscache.com/im/pictures/453801fd-e048-4782-810c-185f4b7df2cb.jpg,50043583,2387278,29.09886,-95.10072,"=AVERAGE($G$2:$G$830)","=AVERAGE($D$2:$D$830)","=IFERROR(($AT590-G590)/$AT590,0)","=IFERROR(($AU590-D590)/$AU590,0)","=$AU590-D590"
Beachfront | Coastal Luxury | Seaviews,29711301,,76131,79100,517.9,46.23,343,3,2,12,true,false,false,true,true,false,false,Home/Apartment,House,House/villa,4.95,37,2,6-20,Luxury,true,455,false,147,39,2026-05-11,Galveston,Port Bolivar,Port Bolivar,Texas,77650,United States,coastal,https://www.airbnb.com/rooms/1064699509360323070,https://a0.muscache.com/im/pictures/prohost-api/Hosting-1064699509360323070/original/7a742b10-eab5-433a-bb7d-b7c5c21921d0.jpeg,1064699509360323070,3863426,29.4679,-94.5975,"=AVERAGE($G$2:$G$830)","=AVERAGE($D$2:$D$830)","=IFERROR(($AT591-G591)/$AT591,0)","=IFERROR(($AU591-D591)/$AU591,0)","=$AU591-D591"
Oceanfront Condo: “Seagull Splendor” at Seascape!,458949356,,75986,79250,313.99,69.34,349,2,1,8,true,false,false,true,true,false,true,Home/Apartment,Condominium (condo),Apt/Condo/Loft,4.95,169,2,2-5,Luxury,true,150,true,242,75,2026-05-17,Galveston,Galveston,Galveston,Texas,77554,United States,coastal,https://www.airbnb.com/rooms/626095560433067576,https://a0.muscache.com/im/pictures/hosting/Hosting-626095560433067576/original/24b388f9-abe9-4b2d-b6a1-48e93646235b.jpeg,626095560433067576,2752152,29.2418,-94.8711,"=AVERAGE($G$2:$G$830)","=AVERAGE($D$2:$D$830)","=IFERROR(($AT592-G592)/$AT592,0)","=IFERROR(($AU592-D592)/$AU592,0)","=$AU592-D592"
Beach House on the Bay - Fisherman's Paradise on the bay!,Cobb Real Estate,,75887,98372,480.3,56.83,290,2,2,10,false,false,false,true,true,true,false,Home/Apartment,House,House/villa,4.7,38,2,21+,Luxury,false,120,true,158,36,2026-05-17,Galveston,Port Bolivar,Port Bolivar,Texas,77650,United States,coastal,https://www.vrbo.com/2474889,"https://media.vrbo.com/lodging/72000000/71420000/71414200/71414161/fafdfbab.jpg?impolicy=resizecrop&rw=1200&ra=fit",,2474889,29.37536,-94.77723,"=AVERAGE($G$2:$G$830)","=AVERAGE($D$2:$D$830)","=IFERROR(($AT593-G593)/$AT593,0)","=IFERROR(($AU593-D593)/$AU593,0)","=$AU593-D593"
Beachfront Condo with Lazy River,57960426,,75861,78261,261.59,82.62,351,2,2,6,true,true,true,true,true,false,true,Home/Apartment,Apartment,Apt/Condo/Loft,4.95,40,2,21+,Luxury,true,240,false,290,58,2026-05-11,Galveston,Galveston,Galveston,Texas,77554,United States,coastal,https://www.airbnb.com/rooms/993647831399266998,https://a0.muscache.com/im/pictures/hosting/Hosting-993647831399266998/original/2b3d7d0e-9d27-4acf-afd6-b3f3859f565b.jpeg,993647831399266998,3638912,29.24242,-94.86712,"=AVERAGE($G$2:$G$830)","=AVERAGE($D$2:$D$830)","=IFERROR(($AT594-G594)/$AT594,0)","=IFERROR(($AU594-D594)/$AU594,0)","=$AU594-D594"
"Beachfront Home w/ Pavilion, Private Walkover & Updated Interior!",Sand `N Sea Properties,,75394,85815,793.62,31.56,313,3,3,10,true,false,false,true,true,false,false,Home/Apartment,House,House/villa,5,2,2,21+,Luxury,false,0,true,95,28,2026-05-17,Galveston,Galveston,Galveston,Texas,77554,United States,coastal,https://www.vrbo.com/2842411,"https://media.vrbo.com/lodging/79000000/78790000/78782700/78782687/c3d88eb2.jpg?impolicy=resizecrop&rw=1200&ra=fit",,2842411,29.123124,-95.067364,"=AVERAGE($G$2:$G$830)","=AVERAGE($D$2:$D$830)","=IFERROR(($AT595-G595)/$AT595,0)","=IFERROR(($AU595-D595)/$AU595,0)","=$AU595-D595"
THE SHORE HOUSE - You can't get closer to the water!  Great 3 Bedroom!,Cobb Real Estate,,75112,84035,507.51,59.92,312,3,2,14,false,false,false,true,true,true,false,Home/Apartment,House,House/villa,4.9,42,2,21+,Luxury,false,90,true,148,30,2026-05-17,Galveston,Port Bolivar,Port Bolivar,Texas,77650,United States,coastal,https://www.vrbo.com/2186705,"https://media.vrbo.com/lodging/64000000/63870000/63861100/63861088/ce963af1.jpg?impolicy=resizecrop&rw=1200&ra=fit",,2186705,29.45248,-94.63136,"=AVERAGE($G$2:$G$830)","=AVERAGE($D$2:$D$830)","=IFERROR(($AT596-G596)/$AT596,0)","=IFERROR(($AU596-D596)/$AU596,0)","=$AU596-D596"
Poppy's Place Beachfront House,36278276,,75066,78593,478.13,45.64,349,3,2,10,true,false,true,true,true,false,false,Home/Apartment,Cottage,House/villa,5,323,3,1,Luxury,false,162,false,157,46,2026-05-11,Galveston,Galveston,Galveston,Texas,77554,United States,coastal,https://www.airbnb.com/rooms/6921836,https://a0.muscache.com/im/pictures/ba3b683f-d400-4f97-a21e-9b97fd1c1a73.jpg,6921836,730199,29.12547,-95.06532,"=AVERAGE($G$2:$G$830)","=AVERAGE($D$2:$D$830)","=IFERROR(($AT597-G597)/$AT597,0)","=IFERROR(($AU597-D597)/$AU597,0)","=$AU597-D597"
"Steps to the Beach-Endless Views, pet friendly",Why Waite Vacation Rentals,,74803,79946,512.35,47.71,346,3,2,8,true,false,false,true,true,true,false,Home/Apartment,House,House/villa,4.8,300,2,21+,Luxury,true,217,false,146,44,2026-05-16,Galveston,Galveston,Galveston,Texas,77554,United States,coastal,https://www.airbnb.com/rooms/876897445809138784,https://a0.muscache.com/im/pictures/prohost-api/Hosting-876897445809138784/original/38f26fcb-d9b2-4a86-8675-d430bb3196c3.jpeg,876897445809138784,2253186,29.1267,-95.0613,"=AVERAGE($G$2:$G$830)","=AVERAGE($D$2:$D$830)","=IFERROR(($AT598-G598)/$AT598,0)","=IFERROR(($AU598-D598)/$AU598,0)","=$AU598-D598"
Beachfront Home | Steps to Sand + Ocean Views,453847618,,74608,81966,367.53,59.88,339,3,2,10,true,false,false,true,true,true,false,Home/Apartment,House,House/villa,5,144,2,6-20,Luxury,true,200,true,203,63,2026-05-17,Galveston,Port Bolivar,Gilchrist,Texas,77617,United States,coastal,https://www.airbnb.com/rooms/680475398146860838,https://a0.muscache.com/im/pictures/miso/Hosting-680475398146860838/original/09e80067-d662-4e03-ae40-344290367270.jpeg,680475398146860838,2932568,29.5074,-94.502,"=AVERAGE($G$2:$G$830)","=AVERAGE($D$2:$D$830)","=IFERROR(($AT599-G599)/$AT599,0)","=IFERROR(($AU599-D599)/$AU599,0)","=$AU599-D599"
Sol Kissed: Pirates Beach,RedAwning,,73895,86796,531.62,59.91,267,3,3,10,true,false,false,true,true,true,false,Home/Apartment,House,House/villa,5,16,2,21+,Luxury,true,252,true,139,38,2026-05-13,Galveston,Galveston,Galveston,Texas,77554,United States,coastal,https://www.airbnb.com/rooms/1362240204328867879,https://a0.muscache.com/im/pictures/prohost-api/Hosting-1362240204328867879/original/40e60069-207c-4988-aedc-49a769a8eef9.jpeg,1362240204328867879,20115993ha,29.2059,-94.9332,"=AVERAGE($G$2:$G$830)","=AVERAGE($D$2:$D$830)","=IFERROR(($AT600-G600)/$AT600,0)","=IFERROR(($AU600-D600)/$AU600,0)","=$AU600-D600"
"3BR dog-friendly home - private pool, spa, & deck",Vacasa,,73832,82388,509.19,46.03,337,3,2,10,true,false,false,true,true,true,true,Home/Apartment,House,House/villa,4.55,79,2,21+,Luxury,false,202,true,145,50,2026-05-11,Galveston,Galveston,Galveston,Texas,77554,United States,coastal,https://www.airbnb.com/rooms/770265026883974195,https://a0.muscache.com/im/pictures/prohost-api/Hosting-770265026883974195/original/66e186c0-13e9-4d42-9c0b-4c899ad181c2.jpeg,770265026883974195,3129808,29.17679,-94.99946,"=AVERAGE($G$2:$G$830)","=AVERAGE($D$2:$D$830)","=IFERROR(($AT601-G601)/$AT601,0)","=IFERROR(($AU601-D601)/$AU601,0)","=$AU601-D601"
"Great 3BD/2BR/2LR Pool & Spa, 2 min to beach & all",110862677,,73713,75147,446.75,46.09,359,3,2,12,true,false,true,true,true,false,true,Home/Apartment,House,House/villa,4.95,267,2,2-5,Luxury,true,250,false,165,55,2026-05-11,Galveston,Galveston,Galveston,Texas,77551,United States,coastal,https://www.airbnb.com/rooms/16723887,https://a0.muscache.com/im/pictures/88561911-e66f-4218-851b-f3abe77ad307.jpg,16723887,1068448,29.26995,-94.8218,"=AVERAGE($G$2:$G$830)","=AVERAGE($D$2:$D$830)","=IFERROR(($AT602-G602)/$AT602,0)","=IFERROR(($AU602-D602)/$AU602,0)","=$AU602-D602"
Barefoot Pelican | Stunning Beachfront Views,Ryson Vacation Rentals by Vtrips,,73476,74160,434.77,50.9,357,3,2,10,true,false,false,true,false,false,true,Home/Apartment,House,House/villa,4.6,60,2,21+,Luxury,false,266,true,169,44,2026-05-11,Galveston,Galveston,Galveston,Texas,77554,United States,coastal,https://www.airbnb.com/rooms/23123368,https://a0.muscache.com/im/pictures/prohost-api/Hosting-23123368/original/477149bd-85e4-4878-ab3f-7525a3ef6443.jpeg,23123368,2687752,29.14135,-95.04001,"=AVERAGE($G$2:$G$830)","=AVERAGE($D$2:$D$830)","=IFERROR(($AT603-G603)/$AT603,0)","=IFERROR(($AU603-D603)/$AU603,0)","=$AU603-D603"
0700 The Grand Seas Retreat,Galvestonian Condominium Association,,73424,84101,486.25,46.6,325,3,2,8,true,true,true,true,true,false,true,Home/Apartment,Condominium (condo),Apt/Condo/Loft,4.5,7,2,21+,Luxury,false,150,true,151,48,2026-05-14,Galveston,Galveston,Galveston,Texas,77550,United States,coastal,https://www.vrbo.com/3893994,"https://media.vrbo.com/lodging/104000000/103030000/103027400/103027312/81332223.jpg?impolicy=resizecrop&rw=1200&ra=fit",,3893994,29.318167,-94.751534,"=AVERAGE($G$2:$G$830)","=AVERAGE($D$2:$D$830)","=IFERROR(($AT604-G604)/$AT604,0)","=IFERROR(($AU604-D604)/$AU604,0)","=$AU604-D604"
🐚BEACH HAVEN HEAVEN 2 POOLS & HOT TUBS 🛳 PARKING,,,73157,77095,418.04,59.32,337,1,1,6,true,true,false,true,false,false,true,Home/Apartment,Condominium (condo),Apt/Condo/Loft,5,0,4,1,Luxury,false,90,true,175,35,2026-05-17,Galveston,Galveston,Galveston,Texas,77551,United States,coastal,https://www.vrbo.com/4188603,"https://media.vrbo.com/lodging/109000000/108780000/108773400/108773376/w656h683x184y0-c3e01563.jpg?impolicy=resizecrop&rw=1200&ra=fit",,4188603,29.26525,-94.832667,"=AVERAGE($G$2:$G$830)","=AVERAGE($D$2:$D$830)","=IFERROR(($AT605-G605)/$AT605,0)","=IFERROR(($AU605-D605)/$AU605,0)","=$AU605-D605"
NEW! Experienced Premier Host! Summer Lovin! Spectacular Views! 3/3 Sleeps 12!!!,,,73098,75892,437.71,52.85,352,3,3,12,true,false,false,true,true,true,false,Home/Apartment,House,House/villa,5,80,3,1,Luxury,false,0,true,167,53,2026-05-15,Galveston,Port Bolivar,Port Bolivar,Texas,77650,United States,coastal,https://www.vrbo.com/2968629,"https://media.vrbo.com/lodging/84000000/83920000/83910500/83910419/fded88d8.jpg?impolicy=resizecrop&rw=1200&ra=fit",,2968629,29.46013,-94.616997,"=AVERAGE($G$2:$G$830)","=AVERAGE($D$2:$D$830)","=IFERROR(($AT606-G606)/$AT606,0)","=IFERROR(($AU606-D606)/$AU606,0)","=$AU606-D606"
Private Pool & Hot Tub ~ Family Fun ~ Ocean View,468700120,,73051,77313,658.12,44.4,330,3,2,10,true,false,false,true,true,false,true,Home/Apartment,House,House/villa,4.9,107,2,1,Luxury,false,225,false,111,35,2026-05-11,Galveston,Port Bolivar,Port Bolivar,Texas,77650,United States,coastal,https://www.airbnb.com/rooms/673863736784503582,https://a0.muscache.com/im/pictures/miso/Hosting-673863736784503582/original/fbd095ad-a482-4193-8309-73dbae65cbf6.jpeg,673863736784503582,2924778,29.41646,-94.70119,"=AVERAGE($G$2:$G$830)","=AVERAGE($D$2:$D$830)","=IFERROR(($AT607-G607)/$AT607,0)","=IFERROR(($AU607-D607)/$AU607,0)","=$AU607-D607"
Bay Dreaming,Swedes Real Estate,,72830,73798,452.36,49.39,355,3,2,12,true,true,false,true,true,true,false,Home/Apartment,House,House/villa,4.85,14,2,21+,Luxury,false,260,true,161,31,2026-05-13,Galveston,Port Bolivar,Port Bolivar,Texas,77650,United States,coastal,https://www.airbnb.com/rooms/1120377566682411262,https://a0.muscache.com/im/pictures/hosting/Hosting-1120377566682411262/original/a16befb4-7fe8-40ce-9187-abbd01d30d0e.jpeg,1120377566682411262,2355270,29.3874,-94.7597,"=AVERAGE($G$2:$G$830)","=AVERAGE($D$2:$D$830)","=IFERROR(($AT608-G608)/$AT608,0)","=IFERROR(($AU608-D608)/$AU608,0)","=$AU608-D608"
Lafitte's Lookout-Heated Pool/Hot Tub/Fire Pit/BBQ,262587888,,72812,80265,644.35,35.76,340,3,2,16,true,false,true,true,true,false,true,Home/Apartment,House,House/villa,5,31,2,21+,Luxury,true,240,false,113,44,2026-05-17,Galveston,Galveston,Galveston,Texas,77550,United States,coastal,https://www.airbnb.com/rooms/1411112774894264270,https://a0.muscache.com/im/pictures/miso/Hosting-1411112774894264270/original/8f37f24e-0a76-42b6-9dc6-f1da1f939044.jpeg,1411112774894264270,4754356,29.2876,-94.7988,"=AVERAGE($G$2:$G$830)","=AVERAGE($D$2:$D$830)","=IFERROR(($AT609-G609)/$AT609,0)","=IFERROR(($AU609-D609)/$AU609,0)","=$AU609-D609"
Beachfront Sleeps 8+Pet friendly/Ocean Views,428269879,,72642,85778,419.9,59.04,294,3,2,8,true,false,false,true,true,true,true,Home/Apartment,House,House/villa,4.85,129,3,2-5,Luxury,false,250,false,173,45,2026-04-21,Galveston,Galveston,Galveston,Texas,77554,United States,coastal,https://www.airbnb.com/rooms/616805339217499340,https://a0.muscache.com/im/pictures/hosting/Hosting-U3RheVN1cHBseUxpc3Rpbmc6NjE2ODA1MzM5MjE3NDk5MzQw/original/7b77460f-6140-48dd-8cac-f7dc8a6e6958.jpeg,616805339217499340,2828714,29.1401,-95.0408,"=AVERAGE($G$2:$G$830)","=AVERAGE($D$2:$D$830)","=IFERROR(($AT610-G610)/$AT610,0)","=IFERROR(($AU610-D610)/$AU610,0)","=$AU610-D610"
Canal | Hot Tub | Large Deck | Private Dock | Pets,Southern Sands Property Management Group,,72620,74027,504.31,45.14,349,3,2,9,true,false,true,true,true,true,true,Home/Apartment,House,House/villa,4.8,76,3,21+,Luxury,true,555,true,144,44,2026-05-13,Galveston,Galveston,Galveston,Texas,77554,United States,coastal,https://www.airbnb.com/rooms/762304951057173922,https://a0.muscache.com/im/pictures/prohost-api/Hosting-762304951057173922/original/554466ee-a911-4e95-9fe3-7513c469ddfa.jpeg,762304951057173922,3320184,29.1473,-95.0459,"=AVERAGE($G$2:$G$830)","=AVERAGE($D$2:$D$830)","=IFERROR(($AT611-G611)/$AT611,0)","=IFERROR(($AU611-D611)/$AU611,0)","=$AU611-D611"
Crystal Beach-Beachfront-Pets,274371484,,72591,75181,480.74,49.19,340,3,2,10,true,false,false,true,true,true,false,Home/Apartment,House,House/villa,5,198,2,2-5,Luxury,true,226,true,151,44,2026-05-11,Galveston,Port Bolivar,Port Bolivar,Texas,77650,United States,coastal,https://www.airbnb.com/rooms/796373995771569348,https://a0.muscache.com/im/pictures/miso/Hosting-796373995771569348/original/41fc0574-9976-4447-82c0-12b963a77188.png,796373995771569348,3189740,29.4497,-94.6367,"=AVERAGE($G$2:$G$830)","=AVERAGE($D$2:$D$830)","=IFERROR(($AT612-G612)/$AT612,0)","=IFERROR(($AU612-D612)/$AU612,0)","=$AU612-D612"
"Beachfront Getaway | Private Balcony, Great Views!",Ryson Vacation Rentals by Vtrips,,72477,73691,268.43,76.49,354,2,2,6,true,true,false,true,false,false,true,Home/Apartment,Condominium (condo),Apt/Condo/Loft,4.75,96,3,21+,Luxury,false,208,true,270,66,2026-05-17,Galveston,Galveston,Galveston,Texas,77550,United States,coastal,https://www.airbnb.com/rooms/49288297,https://a0.muscache.com/im/pictures/prohost-api/Hosting-49288297/original/d0690929-b6f1-40e9-ac73-36a109e5c2c0.jpeg,49288297,2687887,29.31746,-94.75055,"=AVERAGE($G$2:$G$830)","=AVERAGE($D$2:$D$830)","=IFERROR(($AT613-G613)/$AT613,0)","=IFERROR(($AU613-D613)/$AU613,0)","=$AU613-D613"
3 BR penthouse with water views and balcony,Vacasa,,72008,74573,620.76,36.36,348,3,2,8,true,true,false,true,true,false,true,Home/Apartment,Condominium (condo),Apt/Condo/Loft,4.45,7,2,21+,Luxury,false,258,true,116,36,2026-05-16,Galveston,Galveston,Galveston,Texas,77554,United States,coastal,https://www.airbnb.com/rooms/1360803434703378987,https://a0.muscache.com/im/pictures/prohost-api/Hosting-1360803434703378987/original/daa8d729-4927-4d3d-bf17-19e7b5549a5c.jpeg,1360803434703378987,4442797,29.24426,-94.86734,"=AVERAGE($G$2:$G$830)","=AVERAGE($D$2:$D$830)","=IFERROR(($AT614-G614)/$AT614,0)","=IFERROR(($AU614-D614)/$AU614,0)","=$AU614-D614"
Beachfront! As SEEN On HGTV! Updated 3bd/2bath,104138581,,71926,85984,557.57,45.58,293,3,2,8,true,false,false,true,true,true,false,Home/Apartment,House,House/villa,4.9,173,3,1,Luxury,false,201,false,129,40,2026-05-16,Galveston,Galveston,Galveston,Texas,77554,United States,coastal,https://www.airbnb.com/rooms/1173064262157435543,https://a0.muscache.com/im/pictures/miso/Hosting-1173064262157435543/original/605d782d-75a2-4deb-ba2a-574c27d8c9a2.jpeg,1173064262157435543,7119989ha,29.13094,-95.05521,"=AVERAGE($G$2:$G$830)","=AVERAGE($D$2:$D$830)","=IFERROR(($AT615-G615)/$AT615,0)","=IFERROR(($AU615-D615)/$AU615,0)","=$AU615-D615"
"2BR Gulf-view with pools, hot tubs, & balcony",Vacasa,,71439,83404,274.77,82.54,315,2,2,6,true,true,false,true,true,false,true,Home/Apartment,Condominium (condo),Apt/Condo/Loft,4.85,65,2,21+,Luxury,false,260,true,260,79,2026-05-11,Galveston,Galveston,Galveston,Texas,77554,United States,coastal,https://www.airbnb.com/rooms/1092728733218238245,https://a0.muscache.com/im/pictures/prohost-api/Hosting-1092728733218238245/original/d712c3a2-71b3-4eba-b2cc-ef864b0053d7.jpeg,1092728733218238245,3860532,29.24242,-94.86889,"=AVERAGE($G$2:$G$830)","=AVERAGE($D$2:$D$830)","=IFERROR(($AT616-G616)/$AT616,0)","=IFERROR(($AU616-D616)/$AU616,0)","=$AU616-D616"
Queen of Diamonds | Indoor & Outdoor Pools!,Ryson Vacation Rentals by Vtrips,,71382,74957,401.02,53.29,335,2,2,6,true,true,true,false,false,false,true,Home/Apartment,Condominium (condo),Apt/Condo/Loft,4.6,73,2,21+,Luxury,false,228,true,178,54,2026-05-11,Galveston,Galveston,Galveston,Texas,77554,United States,coastal,https://www.airbnb.com/rooms/23123410,https://a0.muscache.com/im/pictures/prohost-api/Hosting-23123410/original/f1c96208-df29-49fd-9a0b-188a87122e1f.jpeg,23123410,2687860,29.24363,-94.86727,"=AVERAGE($G$2:$G$830)","=AVERAGE($D$2:$D$830)","=IFERROR(($AT617-G617)/$AT617,0)","=IFERROR(($AU617-D617)/$AU617,0)","=$AU617-D617"
Stunning Dog Friendly Beachfront Home,148915625,,71139,78565,497.48,44.69,330,3,3,10,true,false,false,true,true,true,false,Home/Apartment,House,House/villa,5,49,3,2-5,Luxury,true,258,false,143,37,2026-05-05,Galveston,Galveston,Galveston,Texas,77554,United States,coastal,https://www.airbnb.com/rooms/1127809618402359936,https://a0.muscache.com/im/pictures/miso/Hosting-1127809618402359936/original/9e1b5c7f-53be-4414-95c2-39764a5b6786.jpeg,1127809618402359936,,29.1283,-95.06138,"=AVERAGE($G$2:$G$830)","=AVERAGE($D$2:$D$830)","=IFERROR(($AT618-G618)/$AT618,0)","=IFERROR(($AU618-D618)/$AU618,0)","=$AU618-D618"
OHANA - Amazing views with lots of amenities!,Cobb Real Estate,,70883,79654,448.63,53.2,332,3,2,14,false,false,false,true,true,true,false,Home/Apartment,House,House/villa,5,23,2,21+,Luxury,false,100,true,158,30,2026-05-16,Galveston,Port Bolivar,Port Bolivar,Texas,77650,United States,coastal,https://www.vrbo.com/2550085,"https://media.vrbo.com/lodging/73000000/73000000/72993500/72993460/a6f00165.jpg?impolicy=resizecrop&rw=1200&ra=fit",,2550085,29.470836,-94.593379,"=AVERAGE($G$2:$G$830)","=AVERAGE($D$2:$D$830)","=IFERROR(($AT619-G619)/$AT619,0)","=IFERROR(($AU619-D619)/$AU619,0)","=$AU619-D619"
Beachfront Bliss Bermuda | Beach Views + Patio!,Ryson Vacation Rentals by Vtrips,,70757,75618,260.14,79.77,341,2,2,8,true,false,false,true,true,false,false,Home/Apartment,House,House/villa,4.45,53,4,21+,Luxury,false,149,true,272,82,2024-10-31,Galveston,Galveston,Galveston,Texas,77554,United States,coastal,https://www.airbnb.com/rooms/1155882092848101258,https://a0.muscache.com/im/pictures/prohost-api/Hosting-1155882092848101258/original/a8be8e86-6dcd-49a4-9136-2789b8b2351d.jpeg,1155882092848101258,4002545,29.21507,-94.915,"=AVERAGE($G$2:$G$830)","=AVERAGE($D$2:$D$830)","=IFERROR(($AT620-G620)/$AT620,0)","=IFERROR(($AU620-D620)/$AU620,0)","=$AU620-D620"
San Luis Manor | Two Condos + Fun Amenities!,Ryson Vacation Rentals by Vtrips,,70665,73214,290.8,70.43,345,2,2,4,true,false,true,true,true,false,true,Home/Apartment,Condominium (condo),Apt/Condo/Loft,4.55,9,3,21+,Luxury,false,280,true,243,81,2026-05-11,Galveston,Galveston,Galveston,Texas,77551,United States,coastal,https://www.airbnb.com/rooms/1045674093414501942,https://a0.muscache.com/im/pictures/prohost-api/Hosting-1045674093414501942/original/253c1d2b-17c3-4ff1-90fb-4702db4c37b0.jpeg,1045674093414501942,3761905,29.27328,-94.81828,"=AVERAGE($G$2:$G$830)","=AVERAGE($D$2:$D$830)","=IFERROR(($AT621-G621)/$AT621,0)","=IFERROR(($AU621-D621)/$AU621,0)","=$AU621-D621"
Spacious Beachfront l Free Cancellation,Bolivar Vacations,,70640,73803,508.2,45.13,341,3,3,12,true,false,false,true,true,true,false,Home/Apartment,House,House/villa,5,230,2,21+,Luxury,true,324,true,139,43,2026-05-11,Galveston,Port Bolivar,Gilchrist,Texas,77617,United States,coastal,https://www.airbnb.com/rooms/30417971,https://a0.muscache.com/im/pictures/prohost-api/Hosting-30417971/original/cfcd1b65-3b83-481d-ac46-8df9315c5570.jpeg,30417971,1233237,29.51771,-94.47748,"=AVERAGE($G$2:$G$830)","=AVERAGE($D$2:$D$830)","=IFERROR(($AT622-G622)/$AT622,0)","=IFERROR(($AU622-D622)/$AU622,0)","=$AU622-D622"
Coastal Retreat Hot Tub Oceanview Secluded Beach,117216696,,70622,72925,309.75,64.77,352,2,3,7,true,false,true,true,true,true,false,Home/Apartment,Townhouse,Apt/Condo/Loft,4.95,318,2,1,Luxury,true,175,false,228,66,2026-05-17,Galveston,Galveston,Galveston,Texas,77554,United States,coastal,https://www.airbnb.com/rooms/19942856,https://a0.muscache.com/im/pictures/hosting/Hosting-U3RheVN1cHBseUxpc3Rpbmc6MTk5NDI4NTY%3D/original/de96ab62-8980-47ff-9e07-f237c5ddd4ae.jpeg,19942856,888953,29.1734,-94.9876,"=AVERAGE($G$2:$G$830)","=AVERAGE($D$2:$D$830)","=IFERROR(($AT623-G623)/$AT623,0)","=IFERROR(($AU623-D623)/$AU623,0)","=$AU623-D623"
Dreamy 3BR Oceanfront | Balcony | Pool,Vacasa,,70341,74209,370.22,53.67,354,3,2,6,true,true,false,true,true,false,true,Home/Apartment,Condominium (condo),Apt/Condo/Loft,4.55,107,2,21+,Luxury,false,358,true,190,59,2026-05-11,Galveston,Galveston,Galveston,Texas,77554,United States,coastal,https://www.airbnb.com/rooms/48679989,https://a0.muscache.com/im/pictures/prohost-api/Hosting-48679989/original/326a5a6a-376c-42af-a1c4-f43b79a2a614.jpeg,48679989,2246008,29.24429,-94.86726,"=AVERAGE($G$2:$G$830)","=AVERAGE($D$2:$D$830)","=IFERROR(($AT624-G624)/$AT624,0)","=IFERROR(($AU624-D624)/$AU624,0)","=$AU624-D624"
Seascape 1309,AB Sea Sales & Rental,,70012,87843,359.04,68.42,301,2,2,6,true,false,true,true,true,false,true,Home/Apartment,Condominium (condo),Apt/Condo/Loft,4.75,25,2,21+,Luxury,false,225,true,195,52,2026-05-17,Galveston,Galveston,Galveston,Texas,77554,United States,coastal,https://www.airbnb.com/rooms/1112385124456609850,https://a0.muscache.com/im/pictures/prohost-api/Hosting-1112385124456609850/original/e607973f-8413-4006-86f9-e206b36189f9.jpeg,1112385124456609850,837438,29.24142,-94.87183,"=AVERAGE($G$2:$G$830)","=AVERAGE($D$2:$D$830)","=IFERROR(($AT625-G625)/$AT625,0)","=IFERROR(($AU625-D625)/$AU625,0)","=$AU625-D625"
Casa De La Sirena - Beachfront Retreat!,Porter VRM Texas,,69892,72505,334.41,61.29,347,2,2,8,true,false,false,true,true,false,false,Home/Apartment,House,House/villa,4.75,140,2,21+,Luxury,false,390,true,209,60,2026-05-17,Galveston,Galveston,Galveston,Texas,77554,United States,coastal,https://www.airbnb.com/rooms/1169225739421157283,https://a0.muscache.com/im/pictures/prohost-api/Hosting-1169225739421157283/original/bcbf7374-4855-45d3-9f5b-79ce962496d3.jpeg,1169225739421157283,4044096,29.2187,-94.9107,"=AVERAGE($G$2:$G$830)","=AVERAGE($D$2:$D$830)","=IFERROR(($AT626-G626)/$AT626,0)","=IFERROR(($AU626-D626)/$AU626,0)","=$AU626-D626"
Lafitte's Hideout Jamaica Beach,,,69444,77850,588.51,35.01,337,3,2,9,true,false,false,true,true,false,true,Home/Apartment,House,House/villa,5,1,2,1,Luxury,false,200,true,118,48,2026-05-16,Galveston,Galveston,Galveston,Texas,77554,United States,coastal,https://www.vrbo.com/3976763,"https://media.vrbo.com/lodging/105000000/104420000/104411900/104411847/2f1fd9bf.jpg?impolicy=resizecrop&rw=1200&ra=fit",,3976763,29.189266,-94.97557,"=AVERAGE($G$2:$G$830)","=AVERAGE($D$2:$D$830)","=IFERROR(($AT627-G627)/$AT627,0)","=IFERROR(($AU627-D627)/$AU627,0)","=$AU627-D627"
PURE LIFE,Galveston Island Resort Rentals,,69382,85076,587.98,44.19,296,3,,10,true,false,true,true,false,false,true,Home/Apartment,House,House/villa,3.6,27,30,21+,Luxury,false,525,true,118,19,2026-01-27,Galveston,Galveston,Galveston,Texas,77554,United States,coastal,https://www.airbnb.com/rooms/574570137201779703,https://a0.muscache.com/im/pictures/prohost-api/Hosting-574570137201779703/original/710ec3b6-e7f6-4096-9ccc-b6e50b252b7d.jpeg,574570137201779703,2517841,29.20022,-94.98759,"=AVERAGE($G$2:$G$830)","=AVERAGE($D$2:$D$830)","=IFERROR(($AT628-G628)/$AT628,0)","=IFERROR(($AU628-D628)/$AU628,0)","=$AU628-D628"
"Beach Front - Ocean's Gem, Reserve Now!",Beach Time Rentals,,69194,70682,520.26,48.19,354,3,2,10,true,false,false,true,true,true,true,Home/Apartment,House,House/villa,4.55,167,2,21+,Luxury,false,386,true,133,33,2026-05-13,Galveston,Galveston,Galveston,Texas,77554,United States,coastal,https://www.airbnb.com/rooms/18290332,https://a0.muscache.com/im/pictures/prohost-api/Hosting-18290332/original/d1bf2c6e-c61e-463f-9e5c-11116d8fc632.jpeg,18290332,818571,29.1322,-95.0529,"=AVERAGE($G$2:$G$830)","=AVERAGE($D$2:$D$830)","=IFERROR(($AT629-G629)/$AT629,0)","=IFERROR(($AU629-D629)/$AU629,0)","=$AU629-D629"
Beach Front Cottage with Beautiful Ocean Views!,540702360,,69114,73193,377.67,57.91,336,2,2,7,true,false,false,true,true,false,false,Home/Apartment,House,House/villa,4.85,62,3,2-5,Luxury,false,296,false,183,52,2026-05-10,Galveston,Port Bolivar,Port Bolivar,Texas,77650,United States,coastal,https://www.airbnb.com/rooms/1074880478729697909,https://a0.muscache.com/im/pictures/prohost-api/Hosting-1074880478729697909/original/d01e4d89-4eb7-4c51-8fed-e208446df76e.jpeg,1074880478729697909,3352789,29.45794,-94.61797,"=AVERAGE($G$2:$G$830)","=AVERAGE($D$2:$D$830)","=IFERROR(($AT630-G630)/$AT630,0)","=IFERROR(($AU630-D630)/$AU630,0)","=$AU630-D630"
New Beach Home | Water Views | Big Sun Deck | Pets,Rainbow Sands,,68701,72529,464.2,47.13,356,3,2,8,true,false,false,true,true,true,true,Home/Apartment,House,House/villa,4.65,26,2,21+,Luxury,false,342,true,148,36,2026-05-13,Galveston,Galveston,Galveston,Texas,77554,United States,coastal,https://www.airbnb.com/rooms/1338506064450465469,https://a0.muscache.com/im/pictures/prohost-api/Hosting-1338506064450465469/original/c7c544de-24e6-46ef-9887-cfcac4b09b15.jpeg,1338506064450465469,20067556ha,29.1396,-95.0422,"=AVERAGE($G$2:$G$830)","=AVERAGE($D$2:$D$830)","=IFERROR(($AT631-G631)/$AT631,0)","=IFERROR(($AU631-D631)/$AU631,0)","=$AU631-D631"
Secluded Oceanfront Retreat – Cab’n by the Sea,499293413,,68688,70558,359.62,54.26,352,2,2,5,true,false,false,true,true,true,false,Home/Apartment,House,House/villa,4.95,93,3,2-5,Luxury,true,175,true,191,56,2026-05-17,Galveston,Port Bolivar,Gilchrist,Texas,77617,United States,coastal,https://www.airbnb.com/rooms/828338835237007508,https://a0.muscache.com/im/pictures/miso/Hosting-828338835237007508/original/479ac6e0-c802-40f8-83a8-9ac73d2bd3e0.png,828338835237007508,3928124,29.52107,-94.46278,"=AVERAGE($G$2:$G$830)","=AVERAGE($D$2:$D$830)","=IFERROR(($AT632-G632)/$AT632,0)","=IFERROR(($AU632-D632)/$AU632,0)","=$AU632-D632"
1015 Palm Paradise Beachfront Hideaway,Galvestonian Condominium Association,,68679,70762,480.27,40.97,350,3,2,6,true,true,true,true,true,false,true,Home/Apartment,Condominium (condo),Apt/Condo/Loft,4.9,7,2,21+,Luxury,false,149,true,143,43,2026-05-14,Galveston,Galveston,Galveston,Texas,77550,United States,coastal,https://www.vrbo.com/3893961,"https://media.vrbo.com/lodging/104000000/103030000/103027300/103027203/cabcdb2b.jpg?impolicy=resizecrop&rw=1200&ra=fit",,3893961,29.318166,-94.751533,"=AVERAGE($G$2:$G$830)","=AVERAGE($D$2:$D$830)","=IFERROR(($AT633-G633)/$AT633,0)","=IFERROR(($AU633-D633)/$AU633,0)","=$AU633-D633"
Stunning Sunsets 4th Floor Condo Diamond Beach,556862319,,68485,70681,507.3,40.42,352,3,2,8,true,true,false,true,true,false,true,Home/Apartment,Condominium (condo),Apt/Condo/Loft,4.85,56,2,6-20,Luxury,true,231,true,135,42,2026-05-13,Galveston,Galveston,Galveston,Texas,77554,United States,coastal,https://www.airbnb.com/rooms/1070249217216644573,https://a0.muscache.com/im/pictures/prohost-api/Hosting-1070249217216644573/original/13df5ccb-5bd1-4f09-9b01-72d9886a8536.jpeg,1070249217216644573,3503531,29.2423,-94.8678,"=AVERAGE($G$2:$G$830)","=AVERAGE($D$2:$D$830)","=IFERROR(($AT634-G634)/$AT634,0)","=IFERROR(($AU634-D634)/$AU634,0)","=$AU634-D634"
"THE COVE - Waterfront, Hot Tub, Close to Beach! 🏖☀️",33530336,,68256,70738,302.02,65.32,346,2,2,7,true,false,true,true,true,true,false,Home/Apartment,House,House/villa,4.95,254,2,1,Luxury,true,185,true,226,64,2026-05-17,Galveston,Galveston,Galveston,Texas,77554,United States,coastal,https://www.airbnb.com/rooms/47942503,https://a0.muscache.com/im/pictures/406eade4-a1fc-46f2-92ad-ebccb2318924.jpg,47942503,,29.1399,-95.056,"=AVERAGE($G$2:$G$830)","=AVERAGE($D$2:$D$830)","=IFERROR(($AT635-G635)/$AT635,0)","=IFERROR(($AU635-D635)/$AU635,0)","=$AU635-D635"
"Cool Breeze - 2 Bedroom, 2 Bath, Sleeps 10 - Beach front!",Cobb Real Estate,,68068,73993,367.94,59.29,320,2,2,10,true,false,false,true,true,true,false,Home/Apartment,House,House/villa,4.7,51,2,21+,Luxury,false,0,true,185,37,2026-05-14,Galveston,Port Bolivar,Gilchrist,Texas,77617,United States,coastal,https://www.vrbo.com/665807,"https://media.vrbo.com/lodging/71000000/70010000/70004800/70004790/63509b18.jpg?impolicy=resizecrop&rw=1200&ra=fit",,665807,29.50689,-94.502145,"=AVERAGE($G$2:$G$830)","=AVERAGE($D$2:$D$830)","=IFERROR(($AT636-G636)/$AT636,0)","=IFERROR(($AU636-D636)/$AU636,0)","=$AU636-D636"
"Deep Shaded Deck, Updated Interior, Steps to Sand",Sand `N Sea Properties,,67963,108387,590.98,44.23,265,3,2,8,true,false,false,true,true,true,true,Home/Apartment,House,House/villa,5,5,2,21+,Luxury,false,50,true,115,30,2026-05-13,Galveston,Galveston,Galveston,Texas,77554,United States,coastal,https://www.airbnb.com/rooms/1354286852257343202,https://a0.muscache.com/im/pictures/prohost-api/Hosting-1354286852257343202/original/271b116d-ab7e-495a-82f1-ad75b00424a9.jpeg,1354286852257343202,2573722,29.13531,-95.0482,"=AVERAGE($G$2:$G$830)","=AVERAGE($D$2:$D$830)","=IFERROR(($AT637-G637)/$AT637,0)","=IFERROR(($AU637-D637)/$AU637,0)","=$AU637-D637"
"Beachfront, Hot Tub, outdoor bar",Cobb Real Estate,,67879,79348,458.64,57.59,291,3,2,10,true,false,true,true,true,true,false,Home/Apartment,House,House/villa,4.9,73,4,21+,Luxury,false,0,true,148,33,2026-05-16,Galveston,Port Bolivar,Port Bolivar,Texas,77650,United States,coastal,https://www.airbnb.com/rooms/1417603317578467207,"https://a0.muscache.com/im/pictures/hosting/Hosting-U3RheVN1cHBseUxpc3Rpbmc6MTQxNzYwMzMxNzU3ODQ2NzIwNw==/original/d2236e00-b7a8-4636-aaef-dc896ab4ec91.jpeg",1417603317578467207,1467587,29.436190869,-94.6637802547,"=AVERAGE($G$2:$G$830)","=AVERAGE($D$2:$D$830)","=IFERROR(($AT638-G638)/$AT638,0)","=IFERROR(($AU638-D638)/$AU638,0)","=$AU638-D638"
Incognito-Beach Front-Great Views-3 bedroom 2 bath,Bolivar Escapes,,67829,76303,569.99,48.18,257,3,2,11,true,true,false,true,true,false,false,Home/Apartment,House,House/villa,4.85,29,1,21+,Luxury,false,251,true,119,32,2026-03-14,Galveston,Port Bolivar,Port Bolivar,Texas,77650,United States,coastal,https://www.airbnb.com/rooms/51579186,https://a0.muscache.com/im/pictures/prohost-api/Hosting-51579186/original/d12100dc-02d8-4183-9444-245d4e182d28.jpeg,51579186,2423554,29.4404,-94.6553,"=AVERAGE($G$2:$G$830)","=AVERAGE($D$2:$D$830)","=IFERROR(($AT639-G639)/$AT639,0)","=IFERROR(($AU639-D639)/$AU639,0)","=$AU639-D639"
"Private Walkover & Hot Tub, Gorgeous Gulf Views",Sand `N Sea Properties,,67368,105986,522.23,50.79,267,3,3,8,true,false,true,true,true,true,false,Home/Apartment,Place,House/villa,4.7,9,2,21+,Luxury,false,394,true,129,35,2026-05-11,Galveston,Galveston,Galveston,Texas,77554,United States,coastal,https://www.airbnb.com/rooms/1356540090222301440,https://a0.muscache.com/im/pictures/prohost-api/Hosting-1356540090222301440/original/cb030829-50ce-4027-9510-cb2fe04f523f.jpeg,1356540090222301440,4369623,29.1298417849,-95.0556028879,"=AVERAGE($G$2:$G$830)","=AVERAGE($D$2:$D$830)","=IFERROR(($AT640-G640)/$AT640,0)","=IFERROR(($AU640-D640)/$AU640,0)","=$AU640-D640"
"Beachfront | Views, Arcade l Free Cancellation",Bolivar Vacations,,67234,68630,460.51,42.82,357,3,3,13,true,false,false,true,true,true,false,Home/Apartment,House,House/villa,4.9,25,2,21+,Luxury,true,324,true,146,48,2026-05-16,Galveston,Port Bolivar,Port Bolivar,Texas,77650,United States,coastal,https://www.airbnb.com/rooms/1380662433024189004,https://a0.muscache.com/im/pictures/prohost-api/Hosting-1380662433024189004/original/05b3f867-0c34-4c2b-8535-cbac6be40137.jpeg,1380662433024189004,4489981,29.44345,-94.65184,"=AVERAGE($G$2:$G$830)","=AVERAGE($D$2:$D$830)","=IFERROR(($AT641-G641)/$AT641,0)","=IFERROR(($AU641-D641)/$AU641,0)","=$AU641-D641"
Budget & Pet Friendly Beachfront Home - Great for Couples or Small Families,Sand `N Sea Properties,,67118,70046,536.94,40.45,341,2,2,6,true,false,false,true,true,true,true,Home/Apartment,House,House/villa,4.2,10,2,21+,Luxury,false,85,true,125,35,2026-05-16,Galveston,Galveston,Galveston,Texas,77554,United States,coastal,https://www.vrbo.com/2637710,"https://media.vrbo.com/lodging/75000000/74800000/74796900/74796825/b2637ca9.jpg?impolicy=resizecrop&rw=1200&ra=fit",,2637710,29.133174,-95.051921,"=AVERAGE($G$2:$G$830)","=AVERAGE($D$2:$D$830)","=IFERROR(($AT642-G642)/$AT642,0)","=IFERROR(($AU642-D642)/$AU642,0)","=$AU642-D642"
0502 Radiant Coral Cove Retreat,Galvestonian Condominium Association,,66580,67995,401.08,45.98,361,2,2,6,true,true,true,true,true,false,true,Home/Apartment,Condominium (condo),Apt/Condo/Loft,4.8,10,2,21+,Luxury,false,125,true,166,50,2026-05-16,Galveston,Galveston,Galveston,Texas,77550,United States,coastal,https://www.vrbo.com/3977522,"https://media.vrbo.com/lodging/105000000/104440000/104432400/104432392/8e645aea.jpg?impolicy=resizecrop&rw=1200&ra=fit",,3977522,29.318167,-94.751534,"=AVERAGE($G$2:$G$830)","=AVERAGE($D$2:$D$830)","=IFERROR(($AT643-G643)/$AT643,0)","=IFERROR(($AU643-D643)/$AU643,0)","=$AU643-D643"
The Hamptons at Spanish Grant,401968279,,66569,69082,500.52,42.77,333,3,2,8,true,false,false,true,true,false,false,Home/Apartment,House,House/villa,4.95,155,2,1,Luxury,true,149,true,133,40,2026-05-13,Galveston,Galveston,Galveston,Texas,77554,United States,coastal,https://www.airbnb.com/rooms/49841610,https://a0.muscache.com/im/pictures/73ed21a3-ab83-4c4f-aa31-0420cda5fe8a.jpg,49841610,,29.2206,-94.90815,"=AVERAGE($G$2:$G$830)","=AVERAGE($D$2:$D$830)","=IFERROR(($AT644-G644)/$AT644,0)","=IFERROR(($AU644-D644)/$AU644,0)","=$AU644-D644"
Panoramic Beachfront Condo with Pool,79369945,,65725,67686,333.63,55.65,354,2,2,6,true,true,false,true,true,false,true,Home/Apartment,Condominium (condo),Apt/Condo/Loft,5,163,2,2-5,Luxury,true,190,true,197,70,2026-05-17,Galveston,Galveston,Galveston,Texas,77550,United States,coastal,https://www.airbnb.com/rooms/816935331752765265,https://a0.muscache.com/im/pictures/005b78d7-7318-44a2-ac2c-3b3fca5ac447.jpg,816935331752765265,3302306,29.31893,-94.7525,"=AVERAGE($G$2:$G$830)","=AVERAGE($D$2:$D$830)","=IFERROR(($AT645-G645)/$AT645,0)","=IFERROR(($AU645-D645)/$AU645,0)","=$AU645-D645"
0315 Coastal Luxe Residences,Galvestonian Condominium Association,,65720,75253,476.23,52.67,269,3,2,7,true,true,true,true,true,false,true,Home/Apartment,Condominium (condo),Apt/Condo/Loft,5,6,2,21+,Luxury,false,150,true,138,40,2026-05-15,Galveston,Galveston,Galveston,Texas,77550,United States,coastal,https://www.vrbo.com/3894002,"https://media.vrbo.com/lodging/104000000/103030000/103027400/103027342/72367aa1.jpg?impolicy=resizecrop&rw=1200&ra=fit",,3894002,29.318167,-94.751534,"=AVERAGE($G$2:$G$830)","=AVERAGE($D$2:$D$830)","=IFERROR(($AT646-G646)/$AT646,0)","=IFERROR(($AU646-D646)/$AU646,0)","=$AU646-D646"
1014 SeasideTurtle Dreams Retreat,Galvestonian Condominium Association,,65665,66654,402.85,45.28,360,2,2,6,true,true,true,true,true,false,true,Home/Apartment,Condominium (condo),Apt/Condo/Loft,4.6,15,2,21+,Luxury,false,125,true,163,51,2026-05-17,Galveston,Galveston,Galveston,Texas,77550,United States,coastal,https://www.vrbo.com/3893963,"https://media.vrbo.com/lodging/104000000/103030000/103027300/103027209/19ea9c25.jpg?impolicy=resizecrop&rw=1200&ra=fit",,3893963,29.318167,-94.751534,"=AVERAGE($G$2:$G$830)","=AVERAGE($D$2:$D$830)","=IFERROR(($AT647-G647)/$AT647,0)","=IFERROR(($AU647-D647)/$AU647,0)","=$AU647-D647"
"Beachfront Condo w/ Pt West Amenities incl. POOL, hot tubs, walking & bike paths",Sand `N Sea Properties,,65521,90976,442.71,68.84,219,2,2,6,true,true,false,true,true,true,true,Home/Apartment,Condominium (condo),Apt/Condo/Loft,5,19,2,21+,Luxury,false,95,true,148,36,2026-05-16,Galveston,Galveston,Galveston,Texas,77554,United States,coastal,https://www.vrbo.com/2637778,"https://media.vrbo.com/lodging/75000000/74800000/74797100/74797067/4c06bd44.jpg?impolicy=resizecrop&rw=1200&ra=fit",,2637778,29.101778,-95.098279,"=AVERAGE($G$2:$G$830)","=AVERAGE($D$2:$D$830)","=IFERROR(($AT648-G648)/$AT648,0)","=IFERROR(($AU648-D648)/$AU648,0)","=$AU648-D648"
"Iggy's Oasis: Heated Pool, Pets Welcome & BBQ Fun",Vacay Time,,65417,76514,403.81,68.64,264,3,2,8,true,false,false,true,true,true,true,Home/Apartment,House,House/villa,4.9,21,2,21+,Luxury,false,429,true,162,39,2025-12-02,Galveston,Galveston,Galveston,Texas,77550,United States,coastal,https://www.airbnb.com/rooms/1354684913122729914,https://a0.muscache.com/im/pictures/prohost-api/Hosting-1354684913122729914/original/ccbd0170-1f07-4bef-ab5a-76b6f8d536cd.jpeg,1354684913122729914,4436064,29.31398,-94.77532,"=AVERAGE($G$2:$G$830)","=AVERAGE($D$2:$D$830)","=IFERROR(($AT649-G649)/$AT649,0)","=IFERROR(($AU649-D649)/$AU649,0)","=$AU649-D649"
1006 Painted Shores Retreat | Luxury Beachfront Escape | Sleeps 4,Galvestonian Condominium Association,,65190,66849,321.13,57.02,356,1,1,4,true,true,true,true,true,false,true,Home/Apartment,Condominium (condo),Apt/Condo/Loft,4.9,8,2,21+,Luxury,false,100,true,203,74,2026-05-16,Galveston,Galveston,Galveston,Texas,77550,United States,coastal,https://www.vrbo.com/3893967,"https://media.vrbo.com/lodging/104000000/103030000/103027300/103027222/c3e86c81.jpg?impolicy=resizecrop&rw=1200&ra=fit",,3893967,29.318167,-94.751534,"=AVERAGE($G$2:$G$830)","=AVERAGE($D$2:$D$830)","=IFERROR(($AT650-G650)/$AT650,0)","=IFERROR(($AU650-D650)/$AU650,0)","=$AU650-D650"
Private Beach Neighborhood | Pool | Sleeps 12,Southern Sands Property Management,,65002,69415,570.19,41.91,346,3,4,12,true,false,false,true,true,false,true,Home/Apartment,House,House/villa,4.8,11,2,21+,Luxury,true,534,true,114,32,2026-05-11,Galveston,Port Bolivar,Gilchrist,Texas,77617,United States,coastal,https://www.airbnb.com/rooms/1416777930908786162,https://a0.muscache.com/im/pictures/prohost-api/Hosting-1416777930908786162/original/fd1e1a8c-e469-4ab3-a803-19ec7fadbfae.jpeg,1416777930908786162,3705570,29.4833,-94.5639,"=AVERAGE($G$2:$G$830)","=AVERAGE($D$2:$D$830)","=IFERROR(($AT651-G651)/$AT651,0)","=IFERROR(($AU651-D651)/$AU651,0)","=$AU651-D651"
Pet Friendly Beachfront Home inlc. Patio w/ Tiki Bar & Great Gulf Views,Sand `N Sea Properties,,64908,72162,606.62,41.96,316,2,2,8,true,false,false,true,true,true,true,Home/Apartment,House,House/villa,4.9,15,2,21+,Luxury,false,95,true,107,28,2026-05-16,Galveston,Galveston,Galveston,Texas,77554,United States,coastal,https://www.vrbo.com/2637783,"https://media.vrbo.com/lodging/75000000/74800000/74797100/74797082/2d0a199b.jpg?impolicy=resizecrop&rw=1200&ra=fit",,2637783,29.132073,-95.053073,"=AVERAGE($G$2:$G$830)","=AVERAGE($D$2:$D$830)","=IFERROR(($AT652-G652)/$AT652,0)","=IFERROR(($AU652-D652)/$AU652,0)","=$AU652-D652"
Mother's Day/Galveston Week/Wkend,308578179,,64881,74675,308.96,72.92,302,1,1,6,true,true,false,true,true,false,true,Home/Apartment,Condominium (condo),Apt/Condo/Loft,4.95,18,1,21+,Luxury,true,126,false,210,42,2026-05-14,Galveston,Galveston,Galveston,Texas,77551,United States,coastal,https://www.airbnb.com/rooms/42644855,https://a0.muscache.com/im/pictures/hosting/Hosting-42644855/original/1dc63d0c-3a79-4de7-89aa-3f3f588df91d.jpeg,42644855,,29.27354,-94.81774,"=AVERAGE($G$2:$G$830)","=AVERAGE($D$2:$D$830)","=IFERROR(($AT653-G653)/$AT653,0)","=IFERROR(($AU653-D653)/$AU653,0)","=$AU653-D653"
"Dog Friendly Beachside Home w/ Covered Deck, Bright & Airy Interior & Gulf View",Sand `N Sea Properties,,64830,67972,432.2,44.25,351,3,2,8,true,false,false,true,true,true,false,Home/Apartment,House,House/villa,2.7,3,2,21+,Luxury,false,95,true,150,34,2026-05-17,Galveston,Galveston,Galveston,Texas,77554,United States,coastal,https://www.vrbo.com/2637801,"https://media.vrbo.com/lodging/75000000/74800000/74797200/74797147/f68b82cb.jpg?impolicy=resizecrop&rw=1200&ra=fit",,2637801,29.209751,-94.92837,"=AVERAGE($G$2:$G$830)","=AVERAGE($D$2:$D$830)","=IFERROR(($AT654-G654)/$AT654,0)","=IFERROR(($AU654-D654)/$AU654,0)","=$AU654-D654"
Incredible Beachfront Home & Pet-Friendly,452944390,,64472,65251,596.96,32.05,356,3,3,13,true,false,false,true,true,true,false,Home/Apartment,Vacation home,House/villa,4.95,91,2,1,Luxury,true,225,true,108,37,2026-05-13,Galveston,Galveston,Galveston,Texas,77554,United States,coastal,https://www.airbnb.com/rooms/598739407623881976,https://a0.muscache.com/im/pictures/miso/Hosting-598739407623881976/original/c75abbe3-31e4-42e4-bb63-1ee718de7f95.jpeg,598739407623881976,2796679,29.20544,-94.93219,"=AVERAGE($G$2:$G$830)","=AVERAGE($D$2:$D$830)","=IFERROR(($AT655-G655)/$AT655,0)","=IFERROR(($AU655-D655)/$AU655,0)","=$AU655-D655"
✶Cupcake By The Ocean⛱Beachfront Stunner✶,1193239,,64432,71010,432.43,51.2,326,3,2,10,true,false,false,true,true,false,false,Home/Apartment,House,House/villa,4.95,117,2,1,Luxury,true,213,false,149,38,2026-05-13,Galveston,Port Bolivar,Port Bolivar,Texas,77650,United States,coastal,https://www.airbnb.com/rooms/43366720,https://a0.muscache.com/im/pictures/miso/Hosting-43366720/original/c9adfc93-0435-43b9-9521-f36ed8a62f25.jpeg,43366720,2067411,29.4174,-94.6935,"=AVERAGE($G$2:$G$830)","=AVERAGE($D$2:$D$830)","=IFERROR(($AT656-G656)/$AT656,0)","=IFERROR(($AU656-D656)/$AU656,0)","=$AU656-D656"
"Diamond Beach 212-Beach Time | Pools, Balcony",Ryson Vacation Rentals by Vtrips,,64309,67200,420.32,48.73,350,3,2,8,true,true,true,true,false,false,true,Home/Apartment,Condominium (condo),Apt/Condo/Loft,3.8,5,3,21+,Luxury,false,256,true,153,45,2026-05-11,Galveston,Galveston,Galveston,Texas,77554,United States,coastal,https://www.airbnb.com/rooms/23123475,https://a0.muscache.com/im/pictures/prohost-api/Hosting-23123475/original/e04fe441-a0f8-4197-8933-80d93dac9c1b.jpeg,23123475,,29.24227,-94.86912,"=AVERAGE($G$2:$G$830)","=AVERAGE($D$2:$D$830)","=IFERROR(($AT657-G657)/$AT657,0)","=IFERROR(($AU657-D657)/$AU657,0)","=$AU657-D657"
"Diamond Beach 307 | Beach Views, 2 Pools",Ryson Vacation Rentals by Vtrips,,64181,65842,416.76,51.16,343,3,2,8,true,true,true,true,false,false,true,Home/Apartment,Condominium (condo),Apt/Condo/Loft,4.55,35,3,21+,Luxury,false,258,true,154,47,2026-05-11,Galveston,Galveston,Galveston,Texas,77554,United States,coastal,https://www.airbnb.com/rooms/49386466,https://a0.muscache.com/im/pictures/prohost-api/Hosting-49386466/original/83b3a8f6-f307-4b2b-9edd-2eb9842e44f9.jpeg,49386466,2687849,29.24471,-94.86887,"=AVERAGE($G$2:$G$830)","=AVERAGE($D$2:$D$830)","=IFERROR(($AT658-G658)/$AT658,0)","=IFERROR(($AU658-D658)/$AU658,0)","=$AU658-D658"
Seascape 2213,556329092,,64015,65893,320.07,56.5,358,2,2,6,true,false,true,true,true,false,true,Home/Apartment,Apartment,Apt/Condo/Loft,4,1,2,2-5,Luxury,false,224,true,200,59,2026-05-11,Galveston,Galveston,Galveston,Texas,77554,United States,coastal,https://www.airbnb.com/rooms/1364484813244749107,https://a0.muscache.com/im/pictures/prohost-api/Hosting-1364484813244749107/original/75963c86-873d-4232-80cf-86f0d6b7e19f.jpeg,1364484813244749107,,29.2415482228,-94.8718598736,"=AVERAGE($G$2:$G$830)","=AVERAGE($D$2:$D$830)","=IFERROR(($AT659-G659)/$AT659,0)","=IFERROR(($AU659-D659)/$AU659,0)","=$AU659-D659"
5 star beachfront Family Friendly Penthouse!,,,63928,88181,537.21,42.05,301,3,2,8,true,true,true,true,true,false,true,Home/Apartment,Condominium (condo),Apt/Condo/Loft,5,126,3,1,Luxury,false,175,false,119,41,2026-05-16,Galveston,Galveston,Galveston,Texas,77554,United States,coastal,https://www.vrbo.com/635712,"https://media.vrbo.com/lodging/24000000/23370000/23362400/23362331/b0740325.jpg?impolicy=resizecrop&rw=1200&ra=fit",,635712,29.243227,-94.867942,"=AVERAGE($G$2:$G$830)","=AVERAGE($D$2:$D$830)","=IFERROR(($AT660-G660)/$AT660,0)","=IFERROR(($AU660-D660)/$AU660,0)","=$AU660-D660"
Indian Beach: Beach house w/ pool & hot tub,Pacific Properties Management,,63833,65576,469.36,53.12,358,3,2,15,true,false,true,true,true,false,true,Home/Apartment,House,House/villa,4.85,37,2,21+,Luxury,true,313,true,136,42,2026-05-16,Galveston,Galveston,Galveston,Texas,77554,United States,coastal,https://www.airbnb.com/rooms/1384958513842578920,"https://a0.muscache.com/im/pictures/hosting/Hosting-U3RheVN1cHBseUxpc3Rpbmc6MTM4NDk1ODUxMzg0MjU3ODkyMA==/original/a95d76e1-fe65-48b0-a9d1-93b7e9257567.jpeg",1384958513842578920,4501430,29.1699,-94.9991,"=AVERAGE($G$2:$G$830)","=AVERAGE($D$2:$D$830)","=IFERROR(($AT661-G661)/$AT661,0)","=IFERROR(($AU661-D661)/$AU661,0)","=$AU661-D661"
"Beachfront, Hot Tub on deck, Pool Table, views",77092031,,63759,68415,465.39,39.71,345,3,3,8,true,false,true,true,true,false,false,Home/Apartment,House,House/villa,4.9,358,1,1,Luxury,false,200,false,137,56,2026-05-13,Galveston,Galveston,Galveston,Texas,77554,United States,coastal,https://www.airbnb.com/rooms/31947856,https://a0.muscache.com/im/pictures/1685b0bf-e0e5-48d6-bddc-a18b769b55aa.jpg,31947856,,29.12449,-95.06534,"=AVERAGE($G$2:$G$830)","=AVERAGE($D$2:$D$830)","=IFERROR(($AT662-G662)/$AT662,0)","=IFERROR(($AU662-D662)/$AU662,0)","=$AU662-D662"
0106  Sea Breeze Paradise,Galvestonian Condominium Association,,63727,65462,321.85,55.46,357,1,1,4,true,true,true,true,true,false,true,Home/Apartment,Condominium (condo),Apt/Condo/Loft,4.8,14,2,21+,Luxury,false,100,true,198,59,2026-05-17,Galveston,Galveston,Galveston,Texas,77550,United States,coastal,https://www.vrbo.com/3894011,"https://media.vrbo.com/lodging/104000000/103030000/103027400/103027374/facd9c43.jpg?impolicy=resizecrop&rw=1200&ra=fit",,3894011,29.318166,-94.751533,"=AVERAGE($G$2:$G$830)","=AVERAGE($D$2:$D$830)","=IFERROR(($AT663-G663)/$AT663,0)","=IFERROR(($AU663-D663)/$AU663,0)","=$AU663-D663"
"Beachside Pearl | Pet Friendly, Walk to the Sand",Ryson Vacation Rentals by Vtrips,,63610,64554,291.79,66.26,332,2,2,9,true,false,false,true,false,true,false,Home/Apartment,House,House/villa,4.65,57,3,21+,Luxury,false,287,true,218,65,2026-05-11,Galveston,Galveston,Galveston,Texas,77554,United States,coastal,https://www.airbnb.com/rooms/848447721087495374,https://a0.muscache.com/im/pictures/prohost-api/Hosting-848447721087495374/original/a5733da1-1f98-4627-89b1-1a00e7406502.jpeg,848447721087495374,3305408,29.2172,-94.9133,"=AVERAGE($G$2:$G$830)","=AVERAGE($D$2:$D$830)","=IFERROR(($AT664-G664)/$AT664,0)","=IFERROR(($AU664-D664)/$AU664,0)","=$AU664-D664"
Upscale 3BR Oceanfront | Patio | W/D,Vacasa,,63270,83268,451.93,51.28,273,3,2,8,true,false,false,true,true,false,false,Home/Apartment,House,House/villa,4.7,92,2,21+,Luxury,false,162,true,140,42,2026-03-17,Galveston,Galveston,Galveston,Texas,77554,United States,coastal,https://www.airbnb.com/rooms/43210077,https://a0.muscache.com/im/pictures/prohost-api/Hosting-43210077/original/f34de9fe-006f-4c89-8bd7-da60f7bec2cf.jpeg,43210077,2610861,29.14368,-95.03482,"=AVERAGE($G$2:$G$830)","=AVERAGE($D$2:$D$830)","=IFERROR(($AT665-G665)/$AT665,0)","=IFERROR(($AU665-D665)/$AU665,0)","=$AU665-D665"
4018A cozy home beach Galveston Cruise 12 people,Luckystone Management,,63150,63150,2105,52.63,57,2,1,10,true,false,false,true,true,false,false,Home/Apartment,House,House/villa,0,0,1,21+,Luxury,false,150,true,30,1,2025-03-03,Galveston,Galveston,Galveston,Texas,77550,United States,coastal,https://www.vrbo.com/4245513,"https://media.vrbo.com/lodging/110000000/109850000/109844800/109844750/a03de9b1.jpg?impolicy=resizecrop&rw=1200&ra=fit",,4245513,29.29602,-94.812675,"=AVERAGE($G$2:$G$830)","=AVERAGE($D$2:$D$830)","=IFERROR(($AT666-G666)/$AT666,0)","=IFERROR(($AU666-D666)/$AU666,0)","=$AU666-D666"
Seascape 1311,AB Sea Sales & Rental,,62898,68965,369.99,57.63,314,2,1,6,true,false,false,true,true,false,true,Home/Apartment,Condominium (condo),Apt/Condo/Loft,4.65,16,2,21+,Luxury,false,224,true,170,57,2026-05-17,Galveston,Galveston,Galveston,Texas,77554,United States,coastal,https://www.airbnb.com/rooms/1112385041594174850,https://a0.muscache.com/im/pictures/prohost-api/Hosting-1112385041594174850/original/e09f3c4e-39f2-4d76-b346-c23b9a3f364b.jpeg,1112385041594174850,1354221,29.24173,-94.87119,"=AVERAGE($G$2:$G$830)","=AVERAGE($D$2:$D$830)","=IFERROR(($AT667-G667)/$AT667,0)","=IFERROR(($AU667-D667)/$AU667,0)","=$AU667-D667"
"ALL DECKED OUT - 2 Bedroom, 2 Bath, Sleeps 6 - Beach Front!",Cobb Real Estate,,62744,73660,373.48,68.02,299,2,2,6,false,false,false,true,true,true,false,Home/Apartment,House,House/villa,4.9,165,2,21+,Luxury,false,0,true,168,34,2026-05-16,Galveston,Port Bolivar,Port Bolivar,Texas,77650,United States,coastal,https://www.vrbo.com/636947,"https://media.vrbo.com/lodging/71000000/70010000/70004600/70004561/d167abb5.jpg?impolicy=resizecrop&rw=1200&ra=fit",,636947,29.467868,-94.598297,"=AVERAGE($G$2:$G$830)","=AVERAGE($D$2:$D$830)","=IFERROR(($AT668-G668)/$AT668,0)","=IFERROR(($AU668-D668)/$AU668,0)","=$AU668-D668"
Beachfront | Sleeps 7 | Cornhole,Southern Sands Property Management,,62739,66283,490.15,45.23,343,3,2,7,true,false,false,true,true,true,false,Home/Apartment,House,House/villa,4.95,27,2,21+,Luxury,true,538,true,128,34,2026-05-13,Galveston,Port Bolivar,Port Bolivar,Texas,77650,United States,coastal,https://www.airbnb.com/rooms/1363939635246507895,https://a0.muscache.com/im/pictures/prohost-api/Hosting-1363939635246507895/original/f0a475ad-31e2-42ac-a424-48574a8c28d8.jpeg,1363939635246507895,4456020,29.4362,-94.6641,"=AVERAGE($G$2:$G$830)","=AVERAGE($D$2:$D$830)","=IFERROR(($AT669-G669)/$AT669,0)","=IFERROR(($AU669-D669)/$AU669,0)","=$AU669-D669"
These Escape,666180564,,62716,70865,540.66,39.32,336,3,3,10,true,false,false,true,true,true,true,Home/Apartment,House,House/villa,4.5,14,2,1,Luxury,false,150,false,116,30,2026-05-16,Galveston,Galveston,Galveston,Texas,77554,United States,coastal,https://www.airbnb.com/rooms/1389905942875767305,"https://a0.muscache.com/im/pictures/hosting/Hosting-U3RheVN1cHBseUxpc3Rpbmc6MTM4OTkwNTk0Mjg3NTc2NzMwNQ==/original/3f2b744d-a34d-49d7-b02d-9cbf316372df.jpeg",1389905942875767305,4675523,29.1404,-95.0521,"=AVERAGE($G$2:$G$830)","=AVERAGE($D$2:$D$830)","=IFERROR(($AT670-G670)/$AT670,0)","=IFERROR(($AU670-D670)/$AU670,0)","=$AU670-D670"
Beachfront property in Pirate’s beach,29107694,,62710,77730,522.58,45.45,278,3,2,6,true,false,false,true,true,false,false,Home/Apartment,House,House/villa,4.95,192,2,6-20,Luxury,true,200,false,120,38,2026-05-11,Galveston,Galveston,Galveston,Texas,77554,United States,coastal,https://www.airbnb.com/rooms/41955096,https://a0.muscache.com/im/pictures/07e9a53d-9eca-42df-8593-caa528319bc6.jpg,41955096,,29.20368,-94.93565,"=AVERAGE($G$2:$G$830)","=AVERAGE($D$2:$D$830)","=IFERROR(($AT671-G671)/$AT671,0)","=IFERROR(($AU671-D671)/$AU671,0)","=$AU671-D671"
Seabatical Beachfront/Oceanview/Steps from Beach,512863504,,62627,65530,474.45,41.64,348,3,3,10,true,false,false,true,true,false,false,Home/Apartment,House,House/villa,5,66,2,1,Luxury,false,239,false,132,41,2026-05-13,Galveston,Port Bolivar,Gilchrist,Texas,77617,United States,coastal,https://www.airbnb.com/rooms/1126938906593091613,https://a0.muscache.com/im/pictures/hosting/Hosting-U3RheVN1cHBseUxpc3Rpbmc6MTEyNjkzODkwNjU5MzA5MTYxMw%3D%3D/original/ec35b751-4d93-4e14-8bd6-a1d8656f9417.jpeg,1126938906593091613,,29.49672,-94.52772,"=AVERAGE($G$2:$G$830)","=AVERAGE($D$2:$D$830)","=IFERROR(($AT672-G672)/$AT672,0)","=IFERROR(($AU672-D672)/$AU672,0)","=$AU672-D672"
"Steps to Sand, Huge Deck for Sunning, Front Row",Sand `N Sea Properties,,62446,87255,618.28,41.22,266,3,,8,true,false,false,true,true,true,true,Home/Apartment,House,House/villa,5,6,2,21+,Luxury,false,384,true,101,31,2026-05-16,Galveston,Galveston,Galveston,Texas,77554,United States,coastal,https://www.airbnb.com/rooms/1354391946817684773,https://a0.muscache.com/im/pictures/prohost-api/Hosting-1354391946817684773/original/e1fdd2e1-0fe7-4d83-ab9e-b60d3734f722.jpeg,1354391946817684773,4306440,29.1811819393,-94.9734820248,"=AVERAGE($G$2:$G$830)","=AVERAGE($D$2:$D$830)","=IFERROR(($AT673-G673)/$AT673,0)","=IFERROR(($AU673-D673)/$AU673,0)","=$AU673-D673"
Seascape 1209,RedAwning,,62159,80623,335.99,69.03,276,2,2,8,true,false,true,true,true,false,true,Home/Apartment,Condominium (condo),Apt/Condo/Loft,5,2,2,21+,Luxury,false,225,true,185,41,2026-05-11,Galveston,Galveston,Galveston,Texas,77554,United States,coastal,https://www.airbnb.com/rooms/1111791926396460989,https://a0.muscache.com/im/pictures/prohost-api/Hosting-1111791926396460989/original/c766dd6d-93fa-4552-b2a5-af0ed8b5b2aa.jpeg,1111791926396460989,,29.24323,-94.87126,"=AVERAGE($G$2:$G$830)","=AVERAGE($D$2:$D$830)","=IFERROR(($AT674-G674)/$AT674,0)","=IFERROR(($AU674-D674)/$AU674,0)","=$AU674-D674"
Gulf front Holiday Hideaway,694617313,,61899,68554,465.41,47.16,340,3,2,10,true,false,false,true,true,true,false,Home/Apartment,House,House/villa,5,27,2,1,Luxury,true,252,true,133,42,2026-05-16,Galveston,Port Bolivar,Port Bolivar,Texas,77650,United States,coastal,https://www.airbnb.com/rooms/1417474255516990389,https://a0.muscache.com/im/pictures/hosting/Hosting-1417474255516990389/original/2fc0fde6-c18f-427e-8a37-9f18d76ac31a.jpeg,1417474255516990389,4581585,29.4643,-94.6069,"=AVERAGE($G$2:$G$830)","=AVERAGE($D$2:$D$830)","=IFERROR(($AT675-G675)/$AT675,0)","=IFERROR(($AU675-D675)/$AU675,0)","=$AU675-D675"
"Camelot - Huge fenced Beachfront Lot! 2 bedroom, budget friendly!",Cobb Real Estate,,61827,65783,318.7,62.18,314,2,2,8,false,false,false,true,true,true,false,Home/Apartment,House,House/villa,4.7,63,2,21+,Luxury,false,0,true,194,45,2026-05-16,Galveston,Port Bolivar,Gilchrist,Texas,77617,United States,coastal,https://www.vrbo.com/661284,"https://media.vrbo.com/lodging/71000000/70010000/70004800/70004753/c9a789b3.jpg?impolicy=resizecrop&rw=1200&ra=fit",,661284,29.500498,-94.518934,"=AVERAGE($G$2:$G$830)","=AVERAGE($D$2:$D$830)","=IFERROR(($AT676-G676)/$AT676,0)","=IFERROR(($AU676-D676)/$AU676,0)","=$AU676-D676"
March Discounts! Beachside/Top Floor/Heated Pool,300998111,,61741,62320,195.38,87.53,361,1,1,6,true,false,false,true,true,false,true,Home/Apartment,Condominium (condo),Apt/Condo/Loft,5,366,2,1,Luxury,false,110,true,316,87,2026-04-26,Galveston,Galveston,Galveston,Texas,77554,United States,coastal,https://www.airbnb.com/rooms/39224437,https://a0.muscache.com/im/pictures/hosting/Hosting-39224437/original/e5d5c4b6-93b3-4326-ab59-4df1c336bcac.jpeg,39224437,1790068,29.2422,-94.8712,"=AVERAGE($G$2:$G$830)","=AVERAGE($D$2:$D$830)","=IFERROR(($AT677-G677)/$AT677,0)","=IFERROR(($AU677-D677)/$AU677,0)","=$AU677-D677"
Above the Waves - BEACH FRONT,489922706,,61739,67827,444.17,44.13,333,3,3,8,true,false,true,true,true,true,true,Home/Apartment,Condominium (condo),Apt/Condo/Loft,4.95,98,3,1,Luxury,true,275,false,139,42,2026-05-16,Galveston,Galveston,Galveston,Texas,77554,United States,coastal,https://www.airbnb.com/rooms/803778606762896209,https://a0.muscache.com/im/pictures/miso/Hosting-803778606762896209/original/b51808c7-b057-486c-900d-03f609791fe8.png,803778606762896209,3140203,29.10262,-95.09622,"=AVERAGE($G$2:$G$830)","=AVERAGE($D$2:$D$830)","=IFERROR(($AT678-G678)/$AT678,0)","=IFERROR(($AU678-D678)/$AU678,0)","=$AU678-D678"
Family fun heated pool available walk to beach,487081225,,61677,70268,522.69,36.09,328,3,2,9,true,false,false,true,true,true,true,Home/Apartment,House,House/villa,4.95,95,2,6-20,Luxury,true,200,false,118,46,2026-05-11,Galveston,Galveston,Galveston,Texas,77554,United States,coastal,https://www.airbnb.com/rooms/1105169321452150421,https://a0.muscache.com/im/pictures/prohost-api/Hosting-1105169321452150421/original/a82ccf51-02b2-4b80-9f58-1dd01aed1004.jpeg,1105169321452150421,,29.1866,-94.97402,"=AVERAGE($G$2:$G$830)","=AVERAGE($D$2:$D$830)","=IFERROR(($AT679-G679)/$AT679,0)","=IFERROR(($AU679-D679)/$AU679,0)","=$AU679-D679"
Seascape 2314,AB Sea Sales & Rental,,61489,67165,353.39,53.87,327,2,1,8,true,false,true,true,true,false,true,Home/Apartment,Condominium (condo),Apt/Condo/Loft,4.65,10,2,21+,Luxury,false,225,true,174,53,2026-05-17,Galveston,Galveston,Galveston,Texas,77554,United States,coastal,https://www.airbnb.com/rooms/1116098539896500339,https://a0.muscache.com/im/pictures/prohost-api/Hosting-1116098539896500339/original/b0d21481-6c98-438d-adda-293183b37aa5.jpeg,1116098539896500339,837492,29.24143,-94.87275,"=AVERAGE($G$2:$G$830)","=AVERAGE($D$2:$D$830)","=IFERROR(($AT680-G680)/$AT680,0)","=IFERROR(($AU680-D680)/$AU680,0)","=$AU680-D680"
Sunset Perch- amazing views!,214416812,,61420,77726,520.51,48.36,325,3,2,8,true,false,true,true,true,true,true,Home/Apartment,House,House/villa,5,84,3,2-5,Luxury,false,199,true,118,26,2026-05-16,Galveston,Galveston,Galveston,Texas,77554,United States,coastal,https://www.airbnb.com/rooms/1171836584791688425,https://a0.muscache.com/im/pictures/8a9e6de0-c3cf-498d-8508-3ddb400ae757.jpg,1171836584791688425,7413528ha,29.22471,-94.92075,"=AVERAGE($G$2:$G$830)","=AVERAGE($D$2:$D$830)","=IFERROR(($AT681-G681)/$AT681,0)","=IFERROR(($AU681-D681)/$AU681,0)","=$AU681-D681"
1214 Seashore Glider Bungalow,Galvestonian Condominium Association,,60905,63769,411.52,43.79,350,2,2,6,true,true,true,true,true,false,true,Home/Apartment,Condominium (condo),Apt/Condo/Loft,4.5,6,2,21+,Luxury,false,125,true,148,44,2026-05-16,Galveston,Galveston,Galveston,Texas,77550,United States,coastal,https://www.vrbo.com/3893945,"https://media.vrbo.com/lodging/104000000/103030000/103027200/103027161/e11b2c77.jpg?impolicy=resizecrop&rw=1200&ra=fit",,3893945,29.318167,-94.751534,"=AVERAGE($G$2:$G$830)","=AVERAGE($D$2:$D$830)","=IFERROR(($AT682-G682)/$AT682,0)","=IFERROR(($AU682-D682)/$AU682,0)","=$AU682-D682"
Pool & Beach Access: Oceanfront Galveston Condo,Evolve,,60807,63006,246.18,69.77,354,1,1,4,true,false,false,true,false,false,true,Home/Apartment,Condominium (condo),Apt/Condo/Loft,5,71,2,21+,Luxury,false,154,true,247,74,2026-05-17,Galveston,Galveston,Galveston,Texas,77550,United States,coastal,https://www.airbnb.com/rooms/1152914514979172844,https://a0.muscache.com/im/pictures/prohost-api/Hosting-1152914514979172844/original/379e2d28-2bee-40ce-9987-021d9746c524.jpeg,1152914514979172844,9959386ha,29.3182,-94.752,"=AVERAGE($G$2:$G$830)","=AVERAGE($D$2:$D$830)","=IFERROR(($AT683-G683)/$AT683,0)","=IFERROR(($AU683-D683)/$AU683,0)","=$AU683-D683"
"On the bay, private pier, private heated pool, close to Kemah",,,60800,65426,614.14,38.08,326,3,3,10,true,false,false,true,true,false,true,Home/Apartment,House,House/villa,5,61,2,1,Luxury,false,235,true,99,31,2026-05-17,Galveston,Dickinson,Bacliff,Texas,77518,United States,coastal,https://www.vrbo.com/2909466,"https://media.vrbo.com/lodging/84000000/83140000/83137900/83137829/22f25f46.jpg?impolicy=resizecrop&rw=1200&ra=fit",,2909466,29.508164,-94.966864,"=AVERAGE($G$2:$G$830)","=AVERAGE($D$2:$D$830)","=IFERROR(($AT684-G684)/$AT684,0)","=IFERROR(($AU684-D684)/$AU684,0)","=$AU684-D684"
"1 Naut On Call - Beachfront, exceptional views and easy beach access!!",Cobb Real Estate,,60718,67672,481.89,54.78,315,3,2,11,false,false,false,true,true,true,false,Home/Apartment,House,House/villa,4.6,26,2,21+,Luxury,false,0,true,126,26,2026-05-16,Galveston,Port Bolivar,Port Bolivar,Texas,77650,United States,coastal,https://www.vrbo.com/2227520,"https://media.vrbo.com/lodging/66000000/65410000/65403700/65403679/9799537f.jpg?impolicy=resizecrop&rw=1200&ra=fit",,2227520,29.451838,-94.632764,"=AVERAGE($G$2:$G$830)","=AVERAGE($D$2:$D$830)","=IFERROR(($AT685-G685)/$AT685,0)","=IFERROR(($AU685-D685)/$AU685,0)","=$AU685-D685"
15th Floor Beachfront Residence | San Luis Resort,Black Opal Home Charters,,60556,62617,587.92,30.84,352,2,2,8,true,true,false,true,true,true,true,Home/Apartment,Apartment,Apt/Condo/Loft,4.2,18,3,6-20,Luxury,true,200,true,103,37,2026-05-17,Galveston,Galveston,Galveston,Texas,77551,United States,coastal,https://www.airbnb.com/rooms/1308156922909593240,https://a0.muscache.com/im/pictures/prohost-api/Hosting-1308156922909593240/original/a109d14a-0d8f-43c0-a2df-0d4121720a29.jpeg,1308156922909593240,20086008ha,29.273,-94.8179,"=AVERAGE($G$2:$G$830)","=AVERAGE($D$2:$D$830)","=IFERROR(($AT686-G686)/$AT686,0)","=IFERROR(($AU686-D686)/$AU686,0)","=$AU686-D686"
Seraphina By The Sea,Pacific Properties Management,,60528,64028,403.52,47.02,357,3,2,8,true,false,false,true,true,false,true,Home/Apartment,House,House/villa,5,139,2,21+,Luxury,true,189,true,150,40,2026-05-11,Galveston,Galveston,Galveston,Texas,77554,United States,coastal,https://www.airbnb.com/rooms/44340913,"https://a0.muscache.com/im/pictures/hosting/Hosting-U3RheVN1cHBseUxpc3Rpbmc6NDQzNDA5MTM=/original/14ab6f18-bf8e-4cfb-ad85-1b220d263421.jpeg",44340913,2023822,29.1113,-95.0863,"=AVERAGE($G$2:$G$830)","=AVERAGE($D$2:$D$830)","=IFERROR(($AT687-G687)/$AT687,0)","=IFERROR(($AU687-D687)/$AU687,0)","=$AU687-D687"
"Coral Cottage - Private Heated Pool, Spa, In Town!",979 Vacation Property Services,,60442,61468,530.19,35.51,361,3,2,8,true,false,true,true,true,true,true,Home/Apartment,House,House/villa,4.95,42,3,21+,Luxury,false,297,true,114,31,2026-05-13,Galveston,Galveston,Galveston,Texas,77550,United States,coastal,https://www.airbnb.com/rooms/674596800943022852,https://a0.muscache.com/im/pictures/prohost-api/Hosting-674596800943022852/original/06da704e-dfc2-4256-88c7-bca6ea397593.jpeg,674596800943022852,9710794ha,29.2965,-94.7878,"=AVERAGE($G$2:$G$830)","=AVERAGE($D$2:$D$830)","=IFERROR(($AT688-G688)/$AT688,0)","=IFERROR(($AU688-D688)/$AU688,0)","=$AU688-D688"
Keeping it REEL,98026669,,60238,75344,284.14,80.61,264,2,3,6,true,false,false,true,true,true,true,Home/Apartment,House,House/villa,5,115,2,6-20,Luxury,true,125,false,212,53,2026-05-11,Galveston,Galveston,Galveston,Texas,77554,United States,coastal,https://www.airbnb.com/rooms/831212228744021723,https://a0.muscache.com/im/pictures/miso/Hosting-831212228744021723/original/cdc057a4-96c6-4c1a-93c8-f819538ca02d.jpeg,831212228744021723,2931725,29.1458,-95.0487,"=AVERAGE($G$2:$G$830)","=AVERAGE($D$2:$D$830)","=IFERROR(($AT689-G689)/$AT689,0)","=IFERROR(($AU689-D689)/$AU689,0)","=$AU689-D689"
"DDIII: Pool, Hot Tub, Easy Beach Access, 3 bedroom",66815761,,60169,70435,380.82,48.32,329,3,3,12,true,true,true,true,true,false,true,Home/Apartment,Condominium (condo),Apt/Condo/Loft,4.85,31,2,6-20,Luxury,true,225,false,158,43,2025-07-27,Galveston,Galveston,Galveston,Texas,77551,United States,coastal,https://www.airbnb.com/rooms/29920700,https://a0.muscache.com/im/pictures/616fcbe5-1e72-4ce2-bff2-95ce665271fd.jpg,29920700,1494566,29.26234,-94.83471,"=AVERAGE($G$2:$G$830)","=AVERAGE($D$2:$D$830)","=IFERROR(($AT690-G690)/$AT690,0)","=IFERROR(($AU690-D690)/$AU690,0)","=$AU690-D690"
"Cozy BF w/ Loft, Steps from Sand & Surf, Updated",Sand `N Sea Properties,,60118,93785,541.6,47.03,281,1,2,8,true,false,false,true,true,true,false,Home/Apartment,House,House/villa,4.75,15,2,21+,Luxury,false,352,true,111,34,2026-05-13,Galveston,Galveston,Galveston,Texas,77554,United States,coastal,https://www.airbnb.com/rooms/1360138129345816419,https://a0.muscache.com/im/pictures/prohost-api/Hosting-1360138129345816419/original/e50f436a-9620-4328-971e-20ea281822be.jpeg,1360138129345816419,2637808,29.2358430918,-94.8816089247,"=AVERAGE($G$2:$G$830)","=AVERAGE($D$2:$D$830)","=IFERROR(($AT691-G691)/$AT691,0)","=IFERROR(($AU691-D691)/$AU691,0)","=$AU691-D691"
Beachfront Breeze at The Galvestonian!,Porter VRM Texas,,60041,65347,210.67,87.16,327,1,1,4,true,true,true,true,true,false,true,Home/Apartment,House,House/villa,4.65,94,3,21+,Luxury,false,184,true,285,79,2026-05-14,Galveston,Galveston,Galveston,Texas,77550,United States,coastal,https://www.airbnb.com/rooms/1169230808414532303,https://a0.muscache.com/im/pictures/prohost-api/Hosting-1169230808414532303/original/0009e1d1-53b6-4738-b924-af4f11cf434f.png,1169230808414532303,4032523,29.3184,-94.7516,"=AVERAGE($G$2:$G$830)","=AVERAGE($D$2:$D$830)","=IFERROR(($AT692-G692)/$AT692,0)","=IFERROR(($AU692-D692)/$AU692,0)","=$AU692-D692"
"Beachtown - Stunning Beach Views - 3 Bedroom, 2.5 Bath",Beachtown Realty,,59900,59983,788.16,25.42,364,3,2,8,true,false,false,true,true,false,false,Home/Apartment,House,House/villa,5,1,3,21+,Luxury,false,350,true,76,18,2026-05-16,Galveston,Galveston,Galveston,Texas,77550,United States,coastal,https://www.vrbo.com/3214098,"https://media.vrbo.com/lodging/91000000/90850000/90849700/90849654/08e05ef4.jpg?impolicy=resizecrop&rw=1200&ra=fit",,3214098,29.319485,-94.749061,"=AVERAGE($G$2:$G$830)","=AVERAGE($D$2:$D$830)","=IFERROR(($AT693-G693)/$AT693,0)","=IFERROR(($AU693-D693)/$AU693,0)","=$AU693-D693"
"Luxury Charming Beachfront Resort in Galveston, TX",14765211,,59821,60707,494.39,50.21,241,3,2,8,true,true,false,true,true,false,true,Home/Apartment,Condominium (condo),Apt/Condo/Loft,4.9,320,4,2-5,Luxury,true,201,false,121,39,2026-01-05,Galveston,Galveston,Galveston,Texas,77554,United States,coastal,https://www.airbnb.com/rooms/13939530,https://a0.muscache.com/im/pictures/c3e1e62c-a83b-4ccf-8616-5ceaee30e27d.jpg,13939530,921897ha,29.24372,-94.86831,"=AVERAGE($G$2:$G$830)","=AVERAGE($D$2:$D$830)","=IFERROR(($AT694-G694)/$AT694,0)","=IFERROR(($AU694-D694)/$AU694,0)","=$AU694-D694"
Charming 5th wheel camper crystal beach,212699166,,59787,70157,1868.34,38.1,261,1,1,4,true,false,false,true,true,false,false,Home/Apartment,Camper/RV,Unique,5,2,1,2-5,Luxury,false,616,false,32,8,2026-05-14,Galveston,Port Bolivar,Port Bolivar,Texas,77650,United States,coastal,https://www.airbnb.com/rooms/621116960102792861,https://a0.muscache.com/im/pictures/miso/Hosting-621116960102792861/original/828d278b-4de6-414b-ba1a-9ec5fc6be097.jpeg,621116960102792861,,29.4545,-94.6347,"=AVERAGE($G$2:$G$830)","=AVERAGE($D$2:$D$830)","=IFERROR(($AT695-G695)/$AT695,0)","=IFERROR(($AU695-D695)/$AU695,0)","=$AU695-D695"
Private Heated Pool + Spa | Walk to Pleasure Pier,683994770,,59760,63621,459.69,38.69,342,2,1,6,true,false,true,true,false,true,true,Home/Apartment,Cottage,House/villa,5,44,2,1,Luxury,true,98,false,130,48,2026-05-16,Galveston,Galveston,Galveston,Texas,77550,United States,coastal,https://www.airbnb.com/rooms/1376391270567401396,"https://a0.muscache.com/im/pictures/hosting/Hosting-U3RheVN1cHBseUxpc3Rpbmc6MTM3NjM5MTI3MDU2NzQwMTM5Ng==/original/178f1e3c-9900-4a9e-abf7-e947ee1855eb.jpeg",1376391270567401396,4593678,29.2896,-94.7938,"=AVERAGE($G$2:$G$830)","=AVERAGE($D$2:$D$830)","=IFERROR(($AT696-G696)/$AT696,0)","=IFERROR(($AU696-D696)/$AU696,0)","=$AU696-D696"
Aloha Cabana,Swedes Real Estate,,59532,63099,327.1,60.26,341,2,1,8,true,true,false,true,true,true,false,Home/Apartment,House,House/villa,4.4,45,2,21+,Luxury,false,243,true,182,38,2026-05-11,Galveston,Port Bolivar,Port Bolivar,Texas,77650,United States,coastal,https://www.airbnb.com/rooms/42625717,https://a0.muscache.com/im/pictures/hosting/Hosting-42625717/original/a8bf59bb-9d5d-4c7c-a9f0-63cd57ed9e47.jpeg,42625717,965293,29.4517,-94.6334,"=AVERAGE($G$2:$G$830)","=AVERAGE($D$2:$D$830)","=IFERROR(($AT697-G697)/$AT697,0)","=IFERROR(($AU697-D697)/$AU697,0)","=$AU697-D697"
1207 Five O'Clock Somewhere,Galvestonian Condominium Association,,59441,60889,335.82,49.58,357,1,1,2,true,true,true,true,true,false,true,Home/Apartment,Condominium (condo),Apt/Condo/Loft,5,16,2,21+,Luxury,false,100,true,177,61,2026-05-15,Galveston,Galveston,Galveston,Texas,77550,United States,coastal,https://www.vrbo.com/3893950,"https://media.vrbo.com/lodging/104000000/103030000/103027200/103027175/84ab7105.jpg?impolicy=resizecrop&rw=1200&ra=fit",,3893950,29.318167,-94.751534,"=AVERAGE($G$2:$G$830)","=AVERAGE($D$2:$D$830)","=IFERROR(($AT698-G698)/$AT698,0)","=IFERROR(($AU698-D698)/$AU698,0)","=$AU698-D698"
"Royal View - 2 Bedroom, 2 Bath, Sleeps 11 - Beach Front!1",Cobb Real Estate,,59279,73144,344.65,69.64,273,2,2,11,false,false,false,true,true,true,false,Home/Apartment,House,House/villa,4.4,48,2,21+,Luxury,false,80,true,172,31,2026-05-17,Galveston,Port Bolivar,Gilchrist,Texas,77617,United States,coastal,https://www.vrbo.com/663896,"https://media.vrbo.com/lodging/22000000/21770000/21763600/21763549/d8ba2c49.jpg?impolicy=resizecrop&rw=1200&ra=fit",,663896,29.493438,-94.537203,"=AVERAGE($G$2:$G$830)","=AVERAGE($D$2:$D$830)","=IFERROR(($AT699-G699)/$AT699,0)","=IFERROR(($AU699-D699)/$AU699,0)","=$AU699-D699"
"Private Pool, Chef's Kitchen, EV Charger & 3BR for",47417536,,59126,67842,431.58,43.77,319,3,2,7,true,false,false,true,true,false,true,Home/Apartment,House,House/villa,4.95,122,2,2-5,Luxury,true,323,false,137,49,2026-05-11,Galveston,Galveston,Galveston,Texas,77550,United States,coastal,https://www.airbnb.com/rooms/703630257220222821,https://a0.muscache.com/im/pictures/prohost-api/Hosting-703630257220222821/original/f56b2f8c-514b-4cb4-9d3e-81f8d7455db2.jpeg,703630257220222821,2973957,29.2848,-94.8037,"=AVERAGE($G$2:$G$830)","=AVERAGE($D$2:$D$830)","=IFERROR(($AT700-G700)/$AT700,0)","=IFERROR(($AU700-D700)/$AU700,0)","=$AU700-D700"
Precious Memories | Indoor & Outdoor Pools!,Ryson Vacation Rentals by Vtrips,,59124,60939,323.08,53.51,357,2,2,6,true,true,false,false,false,false,true,Home/Apartment,Condominium (condo),Apt/Condo/Loft,4,2,3,21+,Luxury,false,226,true,183,52,2026-05-11,Galveston,Galveston,Galveston,Texas,77554,United States,coastal,https://www.airbnb.com/rooms/1131924538512948797,https://a0.muscache.com/im/pictures/prohost-api/Hosting-1131924538512948797/original/b208f1e7-dfbd-4e07-bdeb-a502ab8c38c1.jpeg,1131924538512948797,,29.24395,-94.86919,"=AVERAGE($G$2:$G$830)","=AVERAGE($D$2:$D$830)","=IFERROR(($AT701-G701)/$AT701,0)","=IFERROR(($AU701-D701)/$AU701,0)","=$AU701-D701"
0914 Seafaring Heritage Getaway,Galvestonian Condominium Association,,59120,63658,399.46,45.68,339,2,2,6,true,true,true,true,true,false,true,Home/Apartment,Condominium (condo),Apt/Condo/Loft,4.5,8,2,21+,Luxury,false,125,true,148,44,2026-05-13,Galveston,Galveston,Galveston,Texas,77550,United States,coastal,https://www.vrbo.com/3893971,"https://media.vrbo.com/lodging/104000000/103030000/103027300/103027237/ca68968d.jpg?impolicy=resizecrop&rw=1200&ra=fit",,3893971,29.318167,-94.751534,"=AVERAGE($G$2:$G$830)","=AVERAGE($D$2:$D$830)","=IFERROR(($AT702-G702)/$AT702,0)","=IFERROR(($AU702-D702)/$AU702,0)","=$AU702-D702"
Beauty on Ball-Double Up,Island Pride Property Management,,58949,65912,251.92,90.35,270,2,2,8,true,false,false,true,true,true,false,Home/Apartment,Apartment,Apt/Condo/Loft,5,5,4,21+,Luxury,true,225,false,234,13,2026-01-14,Galveston,Galveston,Galveston,Texas,77550,United States,coastal,https://www.airbnb.com/rooms/681155279790112936,https://a0.muscache.com/im/pictures/miso/Hosting-681155279790112936/original/158085a6-c713-4271-aac2-2e37993e927d.jpeg,681155279790112936,3213148,29.30545,-94.78191,"=AVERAGE($G$2:$G$830)","=AVERAGE($D$2:$D$830)","=IFERROR(($AT703-G703)/$AT703,0)","=IFERROR(($AU703-D703)/$AU703,0)","=$AU703-D703"
The Cozy Corner | Dual Beach & Pool Views,Ryson Vacation Rentals by Vtrips,,58831,60223,301.7,54.93,355,1,1,4,true,true,true,true,true,false,true,Home/Apartment,Condominium (condo),Apt/Condo/Loft,4.7,10,3,21+,Luxury,false,211,true,195,54,2026-05-11,Galveston,Galveston,Galveston,Texas,77554,United States,coastal,https://www.airbnb.com/rooms/1336406683097994195,https://a0.muscache.com/im/pictures/prohost-api/Hosting-1336406683097994195/original/3e60ac5a-fd45-44e2-8cc6-f8529a2f71c1.jpeg,1336406683097994195,4388923,29.2420318196,-94.8675263652,"=AVERAGE($G$2:$G$830)","=AVERAGE($D$2:$D$830)","=IFERROR(($AT704-G704)/$AT704,0)","=IFERROR(($AU704-D704)/$AU704,0)","=$AU704-D704"
"Hot Tub, King bed, Walk2Beach,Dog fee, 2 bedroom",Curtis Warden With SurfsUp Rentals,,58816,62785,323.16,52.15,349,1,2,8,true,false,false,true,true,true,false,Home/Apartment,Bungalow,House/villa,4.9,11,1,6-20,Luxury,false,134,false,182,53,2026-05-17,Galveston,Galveston,Galveston,Texas,77550,United States,coastal,https://www.airbnb.com/rooms/861135039665615188,https://a0.muscache.com/im/pictures/a3c02a61-2215-4915-a101-582df8ef404e.jpg,861135039665615188,,29.29451,-94.78373,"=AVERAGE($G$2:$G$830)","=AVERAGE($D$2:$D$830)","=IFERROR(($AT705-G705)/$AT705,0)","=IFERROR(($AU705-D705)/$AU705,0)","=$AU705-D705"
Waterfront Bay House w/ 300’ Lighted Fishing Pier,110653114,,58576,61027,216.95,77.14,350,1,1,6,true,false,false,true,true,false,false,Home/Apartment,House,House/villa,4.9,527,1,1,Luxury,true,150,true,270,88,2026-05-17,Galveston,Dickinson,Dickinson,Texas,77539,United States,coastal,https://www.airbnb.com/rooms/24633852,https://a0.muscache.com/im/pictures/7c7e4b4a-3c5c-41e8-9802-cdf882768180.jpg,24633852,4984149ha,29.48232,-94.91908,"=AVERAGE($G$2:$G$830)","=AVERAGE($D$2:$D$830)","=IFERROR(($AT706-G706)/$AT706,0)","=IFERROR(($AU706-D706)/$AU706,0)","=$AU706-D706"
Coastal Breeze,Swedes Real Estate,,58521,61675,365.76,53.69,334,3,2,9,true,true,false,true,true,true,false,Home/Apartment,House,House/villa,4.6,29,2,21+,Luxury,false,255,true,160,31,2026-05-11,Galveston,Port Bolivar,Gilchrist,Texas,77617,United States,coastal,https://www.airbnb.com/rooms/884026994861019448,https://a0.muscache.com/im/pictures/hosting/Hosting-884026994861019448/original/a0c49921-00cd-4544-9e74-13db0e306f65.jpeg,884026994861019448,3349198,29.4926,-94.5391,"=AVERAGE($G$2:$G$830)","=AVERAGE($D$2:$D$830)","=IFERROR(($AT707-G707)/$AT707,0)","=IFERROR(($AU707-D707)/$AU707,0)","=$AU707-D707"
"Parrot Head - 3 Bedroom, 2 Bath, Sleeps 9 - Beach Front!",Cobb Real Estate,,58354,60156,367.01,58.24,321,3,2,9,true,false,false,true,true,true,false,Home/Apartment,House,House/villa,4.8,80,2,21+,Luxury,false,0,true,159,32,2026-05-16,Galveston,Port Bolivar,Port Bolivar,Texas,77650,United States,coastal,https://www.vrbo.com/636933,"https://media.vrbo.com/lodging/71000000/70010000/70004500/70004487/c78dc478.jpg?impolicy=resizecrop&rw=1200&ra=fit",,636933,29.451574,-94.63447,"=AVERAGE($G$2:$G$830)","=AVERAGE($D$2:$D$830)","=IFERROR(($AT708-G708)/$AT708,0)","=IFERROR(($AU708-D708)/$AU708,0)","=$AU708-D708"
"0515 Aqua Seagal Beachfront Retreat  – Panoramic Views, Space, and Comfort",Galvestonian Condominium Association,,58247,62693,485.39,39.87,319,3,2,8,true,true,true,true,true,false,true,Home/Apartment,Condominium (condo),Apt/Condo/Loft,4.5,8,2,21+,Luxury,false,149,true,120,34,2026-05-16,Galveston,Galveston,Galveston,Texas,77550,United States,coastal,https://www.vrbo.com/3893998,"https://media.vrbo.com/lodging/104000000/103030000/103027400/103027328/b8beee00.jpg?impolicy=resizecrop&rw=1200&ra=fit",,3893998,29.318167,-94.751534,"=AVERAGE($G$2:$G$830)","=AVERAGE($D$2:$D$830)","=IFERROR(($AT709-G709)/$AT709,0)","=IFERROR(($AU709-D709)/$AU709,0)","=$AU709-D709"
"  Three bed room, beach- front  end unit with magnificent views, on the11 floor.",,,58169,71102,434.1,45.73,311,3,2,8,true,true,true,true,true,false,true,Home/Apartment,Condominium (condo),Apt/Condo/Loft,4.8,145,2,1,Luxury,false,110,true,134,45,2026-05-16,Galveston,Galveston,Galveston,Texas,77550,United States,coastal,https://www.vrbo.com/1349722,"https://media.vrbo.com/lodging/28000000/27140000/27131000/27130961/769eee97.jpg?impolicy=resizecrop&rw=1200&ra=fit",,1349722,29.318286,-94.751745,"=AVERAGE($G$2:$G$830)","=AVERAGE($D$2:$D$830)","=IFERROR(($AT710-G710)/$AT710,0)","=IFERROR(($AU710-D710)/$AU710,0)","=$AU710-D710"
Luxury Pointe West Resort Condo | Golf Cart | Pool,92173479,,58082,61187,484.02,34.88,345,3,3,10,true,true,true,true,true,false,true,Home/Apartment,Condominium (condo),Apt/Condo/Loft,5,65,2,2-5,Luxury,true,315,true,120,42,2026-04-27,Galveston,Galveston,Galveston,Texas,77554,United States,coastal,https://www.airbnb.com/rooms/1115503480131310812,https://a0.muscache.com/im/pictures/miso/Hosting-1115503480131310812/original/e4b45159-a9cd-44a4-aa6d-78c9dc0bb84b.jpeg,1115503480131310812,3934180,29.10264,-95.10627,"=AVERAGE($G$2:$G$830)","=AVERAGE($D$2:$D$830)","=IFERROR(($AT711-G711)/$AT711,0)","=IFERROR(($AU711-D711)/$AU711,0)","=$AU711-D711"
"SELAH - 3 Bedroom+ Loft , Sleeps 14, Close to beach!",Cobb Real Estate,,58031,59602,446.39,47.79,347,3,3,14,false,false,false,true,true,true,false,Home/Apartment,House,House/villa,4.8,45,2,21+,Luxury,false,115,true,130,22,2026-05-16,Galveston,Port Bolivar,Port Bolivar,Texas,77650,United States,coastal,https://www.vrbo.com/636938,"https://media.vrbo.com/lodging/49000000/48330000/48323200/48323184/03fcab8a.jpg?impolicy=resizecrop&rw=1200&ra=fit",,636938,29.460144,-94.61942,"=AVERAGE($G$2:$G$830)","=AVERAGE($D$2:$D$830)","=IFERROR(($AT712-G712)/$AT712,0)","=IFERROR(($AU712-D712)/$AU712,0)","=$AU712-D712"
"Panoramic Gulf Views @ Beachfront Home w/ Updated Interior, Free Wifi",Sand `N Sea Properties,,57959,63411,573.85,36.73,337,3,2,8,true,false,false,true,true,false,true,Home/Apartment,House,House/villa,4.6,7,2,21+,Luxury,false,95,true,101,25,2026-05-17,Galveston,Galveston,Galveston,Texas,77554,United States,coastal,https://www.vrbo.com/2637829,"https://media.vrbo.com/lodging/75000000/74800000/74797300/74797237/a8dcee0a.jpg?impolicy=resizecrop&rw=1200&ra=fit",,2637829,29.139916,-95.041385,"=AVERAGE($G$2:$G$830)","=AVERAGE($D$2:$D$830)","=IFERROR(($AT713-G713)/$AT713,0)","=IFERROR(($AU713-D713)/$AU713,0)","=$AU713-D713"
"High Tide Hideaway, 2nd Row, beautifully appointed, great Gulf views!",Cobb Real Estate,,57739,67574,365.44,56.63,327,3,2,13,false,false,false,true,true,true,false,Home/Apartment,House,House/villa,4.7,3,2,21+,Luxury,false,0,true,158,39,2026-04-02,Galveston,Port Bolivar,Port Bolivar,Texas,77650,United States,coastal,https://www.vrbo.com/3917821,"https://media.vrbo.com/lodging/104000000/103520000/103519600/103519521/3e0ffd15.jpg?impolicy=resizecrop&rw=1200&ra=fit",,3917821,29.44039,-94.65586,"=AVERAGE($G$2:$G$830)","=AVERAGE($D$2:$D$830)","=IFERROR(($AT714-G714)/$AT714,0)","=IFERROR(($AU714-D714)/$AU714,0)","=$AU714-D714"
Island Paradise at the San Luis Resort,Vacay Time,,57636,95948,523.96,55.56,207,2,2,6,true,true,false,true,true,false,true,Home/Apartment,Condominium (condo),Apt/Condo/Loft,4.95,17,2,21+,Luxury,false,268,true,110,26,2026-01-12,Galveston,Galveston,Galveston,Texas,77551,United States,coastal,https://www.airbnb.com/rooms/979544518679734672,https://a0.muscache.com/im/pictures/prohost-api/Hosting-979544518679734672/original/1d16f798-8af8-46e0-b4f6-4429b5a12520.jpeg,979544518679734672,3634264,29.2729723,-94.8179203,"=AVERAGE($G$2:$G$830)","=AVERAGE($D$2:$D$830)","=IFERROR(($AT715-G715)/$AT715,0)","=IFERROR(($AU715-D715)/$AU715,0)","=$AU715-D715"
Diamond Beach 312-Island Jewel | Community Pools!,Ryson Vacation Rentals by Vtrips,,57597,58801,389.17,43.4,352,3,2,8,true,true,false,false,false,false,true,Home/Apartment,Condominium (condo),Apt/Condo/Loft,3.85,33,1,21+,Luxury,false,194,true,148,45,2024-03-17,Galveston,Galveston,Galveston,Texas,77554,United States,coastal,https://www.airbnb.com/rooms/23123306,"https://a0.muscache.com/im/pictures/prohost-api/Hosting-23123306/original/20a6ef04-984a-46ea-9b97-ad81d075a54c.jpeg?aki_policy=x_large",23123306,2687850,29.24371,-94.86775,"=AVERAGE($G$2:$G$830)","=AVERAGE($D$2:$D$830)","=IFERROR(($AT716-G716)/$AT716,0)","=IFERROR(($AU716-D716)/$AU716,0)","=$AU716-D716"
Seascape 1111,AB Sea Sales & Rental,,57576,65440,373.87,53.47,315,2,2,8,true,false,true,true,true,false,true,Home/Apartment,Condominium (condo),Apt/Condo/Loft,4.7,40,2,21+,Luxury,false,226,true,154,48,2026-05-11,Galveston,Galveston,Galveston,Texas,77554,United States,coastal,https://www.airbnb.com/rooms/1112521668220509036,https://a0.muscache.com/im/pictures/prohost-api/Hosting-1112521668220509036/original/1abc6ff1-ec57-4ded-8f7c-abc68206c05d.jpeg,1112521668220509036,1910837,29.24339,-94.87091,"=AVERAGE($G$2:$G$830)","=AVERAGE($D$2:$D$830)","=IFERROR(($AT717-G717)/$AT717,0)","=IFERROR(($AU717-D717)/$AU717,0)","=$AU717-D717"
0804 Ivory Wave Getaway Retreat,Galvestonian Condominium Association,,57510,61216,413.74,40.41,344,2,2,6,true,true,true,true,true,false,true,Home/Apartment,Condominium (condo),Apt/Condo/Loft,4.4,16,2,21+,Luxury,false,125,true,139,49,2026-05-13,Galveston,Galveston,Galveston,Texas,77550,United States,coastal,https://www.vrbo.com/3893985,"https://media.vrbo.com/lodging/104000000/103030000/103027300/103027276/9fc4390d.jpg?impolicy=resizecrop&rw=1200&ra=fit",,3893985,29.318166,-94.751533,"=AVERAGE($G$2:$G$830)","=AVERAGE($D$2:$D$830)","=IFERROR(($AT718-G718)/$AT718,0)","=IFERROR(($AU718-D718)/$AU718,0)","=$AU718-D718"
Cajun Riviera,690452148,,57287,65285,295.29,60.62,329,2,2,10,true,false,false,true,true,true,false,Home/Apartment,House,House/villa,5,18,1,1,Luxury,false,144,false,194,65,2026-05-16,Galveston,Port Bolivar,Port Bolivar,Texas,77650,United States,coastal,https://www.airbnb.com/rooms/1401002951989369908,https://a0.muscache.com/im/pictures/hosting/Hosting-1401002951989369908/original/e951b8f3-4784-41e5-bb2c-5c15b3bb3282.jpeg,1401002951989369908,4536132,29.4731,-94.589,"=AVERAGE($G$2:$G$830)","=AVERAGE($D$2:$D$830)","=IFERROR(($AT719-G719)/$AT719,0)","=IFERROR(($AU719-D719)/$AU719,0)","=$AU719-D719"
Coastal Ocean View Retreat- Sandpiper Shores,266542297,,57159,64760,595.41,38.4,333,3,3,12,true,false,false,true,true,false,false,Home/Apartment,House,House/villa,5,22,3,1,Luxury,true,150,true,96,25,2026-05-16,Galveston,Galveston,Galveston,Texas,77554,United States,coastal,https://www.airbnb.com/rooms/1390015546159901727,https://a0.muscache.com/im/pictures/miso/Hosting-1390015546159901727/original/4b4d4a88-63f9-4171-a9af-ef14f1eb4af5.jpeg,1390015546159901727,4479940,29.2004,-94.9414,"=AVERAGE($G$2:$G$830)","=AVERAGE($D$2:$D$830)","=IFERROR(($AT720-G720)/$AT720,0)","=IFERROR(($AU720-D720)/$AU720,0)","=$AU720-D720"
Seascape 1208,AB Sea Sales & Rental,,56948,61532,333.03,48.72,352,1,2,8,true,false,true,true,true,false,true,Home/Apartment,Condominium (condo),Apt/Condo/Loft,5,8,2,21+,Luxury,false,226,true,171,56,2026-05-13,Galveston,Galveston,Galveston,Texas,77554,United States,coastal,https://www.airbnb.com/rooms/1369049779844112638,https://a0.muscache.com/im/pictures/prohost-api/Hosting-1369049779844112638/original/6e1e1214-41af-478a-b15b-abcaa647a658.jpeg,1369049779844112638,837422,29.2427442691,-94.8721985014,"=AVERAGE($G$2:$G$830)","=AVERAGE($D$2:$D$830)","=IFERROR(($AT721-G721)/$AT721,0)","=IFERROR(($AU721-D721)/$AU721,0)","=$AU721-D721"
0215 Coastal Chill Haven Retreat| Spacious Beachfront Escape | Sleeps 8,Galvestonian Condominium Association,,56833,59447,485.75,37.03,337,3,2,8,true,true,true,true,true,false,true,Home/Apartment,Condominium (condo),Apt/Condo/Loft,4.7,14,2,21+,Luxury,false,150,true,117,40,2026-05-15,Galveston,Galveston,Galveston,Texas,77550,United States,coastal,https://www.vrbo.com/3894007,"https://media.vrbo.com/lodging/104000000/103030000/103027400/103027360/991f5aa1.jpg?impolicy=resizecrop&rw=1200&ra=fit",,3894007,29.318167,-94.751534,"=AVERAGE($G$2:$G$830)","=AVERAGE($D$2:$D$830)","=IFERROR(($AT722-G722)/$AT722,0)","=IFERROR(($AU722-D722)/$AU722,0)","=$AU722-D722"
Beach Front | Hot Tub | 3 Bed + Loft |Outdoor bath,Meyers Adventures,,56737,64127,443.26,41.69,329,3,2,10,true,false,true,true,true,true,false,Home/Apartment,House,House/villa,4.9,25,4,21+,Luxury,true,195,false,128,39,2026-05-17,Galveston,Galveston,Galveston,Texas,77554,United States,coastal,https://www.airbnb.com/rooms/1421149869716497272,https://a0.muscache.com/im/pictures/prohost-api/Hosting-1421149869716497272/original/b226668f-2317-4a0c-b5be-9693858b71f7.jpeg,1421149869716497272,4595049,29.21402,-94.91758,"=AVERAGE($G$2:$G$830)","=AVERAGE($D$2:$D$830)","=IFERROR(($AT723-G723)/$AT723,0)","=IFERROR(($AU723-D723)/$AU723,0)","=$AU723-D723"
Luxury 1BR Oceanview 4th-Floor | Balcony | Pool,Vacasa,,56702,58101,189.64,83.75,357,1,1,4,true,true,false,true,true,false,true,Home/Apartment,Condominium (condo),Apt/Condo/Loft,4.6,263,2,21+,Luxury,true,269,true,299,102,2026-05-17,Galveston,Galveston,Galveston,Texas,77554,United States,coastal,https://www.airbnb.com/rooms/1071124085105363120,https://a0.muscache.com/im/pictures/prohost-api/Hosting-1071124085105363120/original/b6172491-ffe3-4ccf-9e36-0de7ef61376f.jpeg,1071124085105363120,1220768,29.24379,-94.86844,"=AVERAGE($G$2:$G$830)","=AVERAGE($D$2:$D$830)","=IFERROR(($AT724-G724)/$AT724,0)","=IFERROR(($AU724-D724)/$AU724,0)","=$AU724-D724"
Beachfront Home in Galveston,460124741,,56694,64264,515.4,38.87,335,3,2,8,true,false,false,true,true,true,false,Home/Apartment,House,House/villa,5,106,2,1,Luxury,true,150,false,110,37,2026-05-13,Galveston,Galveston,Galveston,Texas,77554,United States,coastal,https://www.airbnb.com/rooms/631355466588516646,https://a0.muscache.com/im/pictures/miso/Hosting-631355466588516646/original/bdb68419-d4d7-4489-bca2-d3b3f90aad7c.jpeg,631355466588516646,2774978,29.21896,-94.90908,"=AVERAGE($G$2:$G$830)","=AVERAGE($D$2:$D$830)","=IFERROR(($AT725-G725)/$AT725,0)","=IFERROR(($AU725-D725)/$AU725,0)","=$AU725-D725"
Beachfront Beauty I Sunsets I Sunrise I King Bed,14512417,,56687,74418,501.65,42.32,280,3,2,11,true,false,false,true,true,true,false,Home/Apartment,House,House/villa,4.75,85,2,2-5,Luxury,false,346,false,113,37,2026-05-14,Galveston,Galveston,Galveston,Texas,77554,United States,coastal,https://www.airbnb.com/rooms/50380559,https://a0.muscache.com/im/pictures/hosting/Hosting-50380559/original/86247dc8-06dd-472a-aa92-47d69b1f62e6.jpeg,50380559,3629944,29.11772,-95.07511,"=AVERAGE($G$2:$G$830)","=AVERAGE($D$2:$D$830)","=IFERROR(($AT726-G726)/$AT726,0)","=IFERROR(($AU726-D726)/$AU726,0)","=$AU726-D726"
Water Front Luxury Meets Private Beachfront Resort,76974427,,56616,57566,272.19,59.77,348,2,2,8,true,false,false,true,true,true,true,Home/Apartment,Condominium (condo),Apt/Condo/Loft,4.95,148,1,2-5,Luxury,true,222,true,208,54,2025-12-09,Galveston,Galveston,Galveston,Texas,77554,United States,coastal,https://www.airbnb.com/rooms/1032994663531508938,https://a0.muscache.com/im/pictures/hosting/Hosting-U3RheVN1cHBseUxpc3Rpbmc6MTAzMjk5NDY2MzUzMTUwODkzOA%3D%3D/original/b7e28790-80cf-4516-a13c-4695f322947c.jpeg,1032994663531508938,2782406,29.1032,-95.10683,"=AVERAGE($G$2:$G$830)","=AVERAGE($D$2:$D$830)","=IFERROR(($AT727-G727)/$AT727,0)","=IFERROR(($AU727-D727)/$AU727,0)","=$AU727-D727"
"Seas the Day luxury 2nd row beach house, sleeps 15",167804540,,56443,57363,558.84,32.48,360,3,2,15,true,false,false,true,true,false,false,Home/Apartment,House,House/villa,4.9,72,2,1,Luxury,true,195,false,101,39,2026-05-16,Galveston,Galveston,Galveston,Texas,77554,United States,coastal,https://www.airbnb.com/rooms/51964127,https://a0.muscache.com/im/pictures/miso/Hosting-51964127/original/c54b5a38-c84e-4ab2-8f43-f3b28c850942.jpeg,51964127,2605569,29.1734,-94.9872,"=AVERAGE($G$2:$G$830)","=AVERAGE($D$2:$D$830)","=IFERROR(($AT728-G728)/$AT728,0)","=IFERROR(($AU728-D728)/$AU728,0)","=$AU728-D728"
Beachside Condo Heated Pool-Elevator-In unit W/D,56228209,,56394,56838,275.09,59.59,359,2,2,8,true,false,false,true,true,false,true,Home/Apartment,Condominium (condo),Apt/Condo/Loft,4.9,321,2,2-5,Luxury,true,115,false,205,61,2026-05-13,Galveston,Galveston,Galveston,Texas,77554,United States,coastal,https://www.airbnb.com/rooms/40785922,https://a0.muscache.com/im/pictures/c4c91867-404b-4bfd-ac72-b1a941ffed5e.jpg,40785922,1850649,29.2426,-94.8704,"=AVERAGE($G$2:$G$830)","=AVERAGE($D$2:$D$830)","=IFERROR(($AT729-G729)/$AT729,0)","=IFERROR(($AU729-D729)/$AU729,0)","=$AU729-D729"
6th Floor Beachfront Condo at Diamond Beach Resort,556862319,,56354,58367,327.64,48.31,356,1,1,4,true,true,true,true,true,false,true,Home/Apartment,Condominium (condo),Apt/Condo/Loft,4.9,172,2,6-20,Luxury,true,173,true,172,61,2026-05-13,Galveston,Galveston,Galveston,Texas,77554,United States,coastal,https://www.airbnb.com/rooms/1249912672776440994,https://a0.muscache.com/im/pictures/prohost-api/Hosting-1249912672776440994/original/0a29179c-256b-4225-bad1-98cdf3180e36.jpeg,1249912672776440994,2401645,29.2431,-94.868,"=AVERAGE($G$2:$G$830)","=AVERAGE($D$2:$D$830)","=IFERROR(($AT730-G730)/$AT730,0)","=IFERROR(($AU730-D730)/$AU730,0)","=$AU730-D730"
Seascape 2211,AB Sea Sales & Rental,,56220,66229,347.04,82.65,196,2,2,8,true,false,true,true,true,false,true,Home/Apartment,Condominium (condo),Apt/Condo/Loft,4.4,19,2,21+,Luxury,false,225,true,162,49,2026-05-11,Galveston,Galveston,Galveston,Texas,77554,United States,coastal,https://www.airbnb.com/rooms/1116098373786621908,https://a0.muscache.com/im/pictures/prohost-api/Hosting-1116098373786621908/original/3f3b6443-bc89-4ccb-b7cc-3e15ef17f2fc.jpeg,1116098373786621908,1229888,29.24248,-94.87135,"=AVERAGE($G$2:$G$830)","=AVERAGE($D$2:$D$830)","=IFERROR(($AT731-G731)/$AT731,0)","=IFERROR(($AU731-D731)/$AU731,0)","=$AU731-D731"
Seascape 2212,AB Sea Sales & Rental,,56153,59277,355.4,47.02,347,2,1,8,true,false,true,true,true,false,true,Home/Apartment,Condominium (condo),Apt/Condo/Loft,4.3,17,2,21+,Luxury,false,225,true,158,44,2026-05-11,Galveston,Galveston,Galveston,Texas,77554,United States,coastal,https://www.airbnb.com/rooms/1116098394782583045,https://a0.muscache.com/im/pictures/prohost-api/Hosting-1116098394782583045/original/788ee419-2ba2-427b-bd44-0e004e8b9a1e.jpeg,1116098394782583045,837475,29.24199,-94.87181,"=AVERAGE($G$2:$G$830)","=AVERAGE($D$2:$D$830)","=IFERROR(($AT732-G732)/$AT732,0)","=IFERROR(($AU732-D732)/$AU732,0)","=$AU732-D732"
"Mimosa Cove - Seconds to the beach, beautiful view, loaded with amenities!",Cobb Real Estate,,56075,64162,352.67,60.92,312,2,1,6,true,false,true,true,true,true,false,Home/Apartment,House,House/villa,5,46,2,21+,Luxury,false,0,true,159,37,2026-05-15,Galveston,Port Bolivar,Port Bolivar,Texas,77650,United States,coastal,https://www.vrbo.com/1045983,"https://media.vrbo.com/lodging/79000000/78500000/78492600/78492528/d59dd17c.jpg?impolicy=resizecrop&rw=1200&ra=fit",,1045983,29.457378,-94.62261,"=AVERAGE($G$2:$G$830)","=AVERAGE($D$2:$D$830)","=IFERROR(($AT733-G733)/$AT733,0)","=IFERROR(($AU733-D733)/$AU733,0)","=$AU733-D733"
"2nd Floor Beachfront Condo - Elevator, Private Balcony, POOL, Lazy River & more",Sand `N Sea Properties,,56054,59741,519.02,43.37,325,2,2,6,true,true,true,true,true,false,true,Home/Apartment,Condominium (condo),Apt/Condo/Loft,4.2,5,2,21+,Luxury,false,0,true,108,27,2026-05-15,Galveston,Galveston,Galveston,Texas,77554,United States,coastal,https://www.vrbo.com/3364541,"https://media.vrbo.com/lodging/94000000/93060000/93053200/93053132/9dc407e8.jpg?impolicy=resizecrop&rw=1200&ra=fit",,3364541,29.243162,-94.868026,"=AVERAGE($G$2:$G$830)","=AVERAGE($D$2:$D$830)","=IFERROR(($AT734-G734)/$AT734,0)","=IFERROR(($AU734-D734)/$AU734,0)","=$AU734-D734"
Mermaid Manor | Incredible Amenities + Beach View,Ryson Vacation Rentals by Vtrips,,55923,57791,430.18,49.06,328,3,2,6,true,true,true,false,false,false,true,Home/Apartment,Condominium (condo),Apt/Condo/Loft,4.6,28,3,21+,Luxury,false,247,true,130,29,2026-05-16,Galveston,Galveston,Galveston,Texas,77554,United States,coastal,https://www.airbnb.com/rooms/913157542016737036,https://a0.muscache.com/im/pictures/prohost-api/Hosting-913157542016737036/original/cc9b8b36-13ae-4e1f-884e-0bafe0b1c63a.jpeg,913157542016737036,4428833,29.24354,-94.86764,"=AVERAGE($G$2:$G$830)","=AVERAGE($D$2:$D$830)","=IFERROR(($AT735-G735)/$AT735,0)","=IFERROR(($AU735-D735)/$AU735,0)","=$AU735-D735"
Canal Home-Pet Friendly-Slip- Golfcart-Water Toys,420657113,,55868,58534,413.84,41.16,349,3,2,8,true,false,false,true,true,true,true,Home/Apartment,House,House/villa,4.9,20,2,6-20,Luxury,false,360,true,135,40,2026-05-16,Galveston,Galveston,Galveston,Texas,77554,United States,coastal,https://www.airbnb.com/rooms/1408009699492815464,https://a0.muscache.com/im/pictures/prohost-api/Hosting-1408009699492815464/original/eb45159b-a03c-449b-974e-636c3f9806b9.jpeg,1408009699492815464,4555391,29.1439,-95.0492,"=AVERAGE($G$2:$G$830)","=AVERAGE($D$2:$D$830)","=IFERROR(($AT736-G736)/$AT736,0)","=IFERROR(($AU736-D736)/$AU736,0)","=$AU736-D736"
"Hook, Wine, & Sinker!",233510781,,55633,101506,695.41,74.77,110,3,2,8,true,false,true,true,true,false,true,Home/Apartment,House,House/villa,4.9,56,2,1,Luxury,false,254,false,80,21,2026-03-23,Galveston,Galveston,Galveston,Texas,77554,United States,coastal,https://www.airbnb.com/rooms/1023877220173647844,https://a0.muscache.com/im/pictures/miso/Hosting-1023877220173647844/original/6cde7d60-d21e-4daa-b8df-60947bc15484.jpeg,1023877220173647844,3721131,29.19617,-94.9871,"=AVERAGE($G$2:$G$830)","=AVERAGE($D$2:$D$830)","=IFERROR(($AT737-G737)/$AT737,0)","=IFERROR(($AU737-D737)/$AU737,0)","=$AU737-D737"
Lion’s Den|OCEAN VIEW| Across from Beach| POOL,328511239,,55581,60127,500.73,37.63,337,3,3,12,true,false,false,true,true,false,true,Home/Apartment,Condominium (condo),Apt/Condo/Loft,4.95,108,2,21+,Luxury,true,224,true,111,37,2026-05-13,Galveston,Galveston,Galveston,Texas,77551,United States,coastal,https://www.airbnb.com/rooms/657284145788370018,https://a0.muscache.com/im/pictures/hosting/Hosting-657284145788370018/original/baa27980-438e-4670-b68a-bb287599bb7f.jpeg,657284145788370018,,29.259,-94.8403,"=AVERAGE($G$2:$G$830)","=AVERAGE($D$2:$D$830)","=IFERROR(($AT738-G738)/$AT738,0)","=IFERROR(($AU738-D738)/$AU738,0)","=$AU738-D738"
"Diamond Beach 304-Sapphire | Panoramic View, Pools",Ryson Vacation Rentals by Vtrips,,55519,59634,514.06,52.94,205,3,2,8,true,true,true,true,false,false,true,Home/Apartment,Condominium (condo),Apt/Condo/Loft,4.15,24,2,21+,Luxury,false,258,true,108,33,2026-05-13,Galveston,Galveston,Galveston,Texas,77554,United States,coastal,https://www.airbnb.com/rooms/40947054,https://a0.muscache.com/im/pictures/prohost-api/Hosting-40947054/original/f39c24f9-8830-4813-8bdc-515e5ebd5ac9.jpeg,40947054,2687848,29.24379,-94.86846,"=AVERAGE($G$2:$G$830)","=AVERAGE($D$2:$D$830)","=IFERROR(($AT739-G739)/$AT739,0)","=IFERROR(($AU739-D739)/$AU739,0)","=$AU739-D739"
1206 Crown Jewel Beachfront Retreat,Galvestonian Condominium Association,,55505,56265,320.84,47.92,361,1,1,4,true,true,true,true,true,false,true,Home/Apartment,Condominium (condo),Apt/Condo/Loft,4.1,10,2,21+,Luxury,false,100,true,173,53,2026-05-17,Galveston,Galveston,Galveston,Texas,77550,United States,coastal,https://www.vrbo.com/3893951,"https://media.vrbo.com/lodging/104000000/103030000/103027200/103027177/5b8326d0.jpg?impolicy=resizecrop&rw=1200&ra=fit",,3893951,29.31817,-94.75153,"=AVERAGE($G$2:$G$830)","=AVERAGE($D$2:$D$830)","=IFERROR(($AT740-G740)/$AT740,0)","=IFERROR(($AU740-D740)/$AU740,0)","=$AU740-D740"
Beachfront Villa/Wow Views/Steps to Beach & Resort,483065561,,55487,56812,518.57,36.9,354,3,3,9,true,false,false,true,true,false,true,Home/Apartment,Condominium (condo),Apt/Condo/Loft,5,70,2,1,Luxury,true,160,false,107,31,2026-05-13,Galveston,Galveston,Galveston,Texas,77554,United States,coastal,https://www.airbnb.com/rooms/813644503716498854,https://a0.muscache.com/im/pictures/miso/Hosting-813644503716498854/original/fdcf04a2-4de7-4a3f-8126-5a2365c380d2.jpeg,813644503716498854,3175399,29.101,-95.09822,"=AVERAGE($G$2:$G$830)","=AVERAGE($D$2:$D$830)","=IFERROR(($AT741-G741)/$AT741,0)","=IFERROR(($AU741-D741)/$AU741,0)","=$AU741-D741"
"2 Decks+Patio, Walk to Beach, Updated Interior",Sand `N Sea Properties,,55367,77523,442.94,43.25,290,3,3,10,true,false,false,true,true,true,false,Home/Apartment,House,House/villa,4.65,8,2,21+,Luxury,false,358,true,125,27,2026-05-13,Galveston,Galveston,Galveston,Texas,77554,United States,coastal,https://www.airbnb.com/rooms/1359478037045609257,https://a0.muscache.com/im/pictures/prohost-api/Hosting-1359478037045609257/original/f7531e68-97b1-4359-b2ac-2203df795362.jpeg,1359478037045609257,2637799,29.2037630714,-94.9386387967,"=AVERAGE($G$2:$G$830)","=AVERAGE($D$2:$D$830)","=IFERROR(($AT742-G742)/$AT742,0)","=IFERROR(($AU742-D742)/$AU742,0)","=$AU742-D742"
100 Steps to the Beach! Great Relaxing Ocean Views,199100469,,55330,56798,432.27,42.81,344,3,3,10,true,false,false,false,true,true,false,Home/Apartment,House,House/villa,5,119,2,1,Luxury,true,186,false,128,42,2026-05-13,Galveston,Port Bolivar,Port Bolivar,Texas,77650,United States,coastal,https://www.airbnb.com/rooms/46091569,https://a0.muscache.com/im/pictures/prohost-api/Hosting-46091569/original/c6de9609-8ef0-4681-87c0-0281f081e8fa.jpeg,46091569,2112415,29.4703,-94.5937,"=AVERAGE($G$2:$G$830)","=AVERAGE($D$2:$D$830)","=IFERROR(($AT743-G743)/$AT743,0)","=IFERROR(($AU743-D743)/$AU743,0)","=$AU743-D743"
The Blue Pelican - Beachside in Pirates Beach! Sleeps 10.,,,55289,62579,621.22,32.48,335,3,2,9,true,false,false,true,true,false,false,Home/Apartment,House,House/villa,5,70,2,1,Luxury,false,225,true,89,27,2026-05-15,Galveston,Galveston,Galveston,Texas,77554,United States,coastal,https://www.vrbo.com/2440689,"https://media.vrbo.com/lodging/71000000/70600000/70598300/70598229/6e565cf6.jpg?impolicy=resizecrop&rw=1200&ra=fit",,2440689,29.203766,-94.935734,"=AVERAGE($G$2:$G$830)","=AVERAGE($D$2:$D$830)","=IFERROR(($AT744-G744)/$AT744,0)","=IFERROR(($AU744-D744)/$AU744,0)","=$AU744-D744"
Walk to Beach! Beach Views & Entertainment/Games!,125390703,,55288,58981,290.99,59.01,336,2,2,8,true,false,false,true,true,false,false,Home/Apartment,House,House/villa,4.95,216,2,6-20,Luxury,true,148,true,190,68,2026-05-17,Galveston,Galveston,Galveston,Texas,77554,United States,coastal,https://www.airbnb.com/rooms/791340281328568052,https://a0.muscache.com/im/pictures/miso/Hosting-791340281328568052/original/663b7012-3e8d-40ca-8283-a18fa43b9d7a.jpeg,791340281328568052,3177039,29.1993,-94.9448,"=AVERAGE($G$2:$G$830)","=AVERAGE($D$2:$D$830)","=IFERROR(($AT745-G745)/$AT745,0)","=IFERROR(($AU745-D745)/$AU745,0)","=$AU745-D745"
"Crab Claw | Pet-friendly, Water Views",Ryson Vacation Rentals,,55226,57592,511.35,36.36,353,3,3,10,true,false,false,true,true,true,false,Home/Apartment,House,House/villa,4.9,37,2,21+,Luxury,false,574,true,108,32,2026-05-13,Galveston,Galveston,Galveston,Texas,77554,United States,coastal,https://www.airbnb.com/rooms/1157542877417849760,https://a0.muscache.com/im/pictures/prohost-api/Hosting-1157542877417849760/original/72fd4489-4c8d-4845-9708-e0e187d0f368.jpeg,1157542877417849760,2008494,29.20769,-94.93047,"=AVERAGE($G$2:$G$830)","=AVERAGE($D$2:$D$830)","=IFERROR(($AT746-G746)/$AT746,0)","=IFERROR(($AU746-D746)/$AU746,0)","=$AU746-D746"
"Canal home - Hot tub & Fish light, close to beach",499076295,,55002,60583,429.7,40.51,322,3,2,9,true,false,true,true,true,false,true,Home/Apartment,House,House/villa,5,54,2,1,Luxury,true,225,false,128,41,2026-05-13,Galveston,Galveston,Galveston,Texas,77554,United States,coastal,https://www.airbnb.com/rooms/817434331027207259,https://a0.muscache.com/im/pictures/hosting/Hosting-817434331027207259/original/84686df4-e8f5-4d99-9db6-d4e321e3b6f1.jpeg,817434331027207259,3251522,29.1965,-94.9839,"=AVERAGE($G$2:$G$830)","=AVERAGE($D$2:$D$830)","=IFERROR(($AT747-G747)/$AT747,0)","=IFERROR(($AU747-D747)/$AU747,0)","=$AU747-D747"
Heated Pool/2 Masters!/Elevator/Gourmet Kitchen,117019780,,54779,85714,829.98,44,150,3,5,10,true,false,true,true,true,false,true,Home/Apartment,House,House/villa,4.95,69,2,2-5,Luxury,true,175,false,66,19,2025-07-29,Galveston,Galveston,Galveston,Texas,77554,United States,coastal,https://www.airbnb.com/rooms/874859167364829327,https://a0.muscache.com/im/pictures/miso/Hosting-874859167364829327/original/d640be02-3dc9-4c6d-8e7e-af14533cf074.jpeg,874859167364829327,3333464,29.1899776,-94.9817904,"=AVERAGE($G$2:$G$830)","=AVERAGE($D$2:$D$830)","=IFERROR(($AT748-G748)/$AT748,0)","=IFERROR(($AU748-D748)/$AU748,0)","=$AU748-D748"
"Incomparable Beach, Bay & Channel Views",,,54637,55315,581.24,27.01,360,3,2,8,true,false,false,true,true,false,true,Home/Apartment,Condominium (condo),Apt/Condo/Loft,5,141,2,1,Luxury,false,170,true,94,33,2026-05-14,Galveston,Galveston,Galveston,Texas,77550,United States,coastal,https://www.vrbo.com/1315154,"https://media.vrbo.com/lodging/35000000/34530000/34525500/34525449/6fd9dd72.jpg?impolicy=resizecrop&rw=1200&ra=fit",,1315154,29.314763,-94.7566,"=AVERAGE($G$2:$G$830)","=AVERAGE($D$2:$D$830)","=IFERROR(($AT749-G749)/$AT749,0)","=IFERROR(($AU749-D749)/$AU749,0)","=$AU749-D749"
Seascape 1108,RedAwning,,54617,58293,361.7,44.94,336,2,2,8,true,false,true,true,true,false,true,Home/Apartment,Condominium (condo),Apt/Condo/Loft,0,0,2,21+,Luxury,false,225,true,151,50,2026-05-13,Galveston,Galveston,Galveston,Texas,77554,United States,coastal,https://www.airbnb.com/rooms/1111787703186637814,https://a0.muscache.com/im/pictures/prohost-api/Hosting-1111787703186637814/original/b46f3c0f-d45e-4e51-b2e6-2f0962aa9a95.jpeg,1111787703186637814,,29.24333,-94.87089,"=AVERAGE($G$2:$G$830)","=AVERAGE($D$2:$D$830)","=IFERROR(($AT750-G750)/$AT750,0)","=IFERROR(($AU750-D750)/$AU750,0)","=$AU750-D750"
"High Seas | Luxurious Condo, Water Views",Ryson Vacation Rentals by Vtrips,,54588,67244,478.84,40.86,309,3,2,8,true,true,true,true,true,false,true,Home/Apartment,Condominium (condo),Apt/Condo/Loft,4.4,57,3,21+,Luxury,false,230,true,114,32,2026-05-13,Galveston,Galveston,Galveston,Texas,77554,United States,coastal,https://www.airbnb.com/rooms/1354587184093386292,https://a0.muscache.com/im/pictures/prohost-api/Hosting-1354587184093386292/original/c373ee4c-0522-48a2-a879-e11450989033.jpeg,1354587184093386292,2687855,29.2438603569,-94.8674263985,"=AVERAGE($G$2:$G$830)","=AVERAGE($D$2:$D$830)","=IFERROR(($AT751-G751)/$AT751,0)","=IFERROR(($AU751-D751)/$AU751,0)","=$AU751-D751"
Parrot Paradise | Coastal Condo + Gorgeous Sunsets,Ryson Vacation Rentals by Vtrips,,54523,56730,306.31,56.51,345,2,2,6,true,false,true,false,false,false,true,Home/Apartment,Condominium (condo),Apt/Condo/Loft,4.7,76,3,21+,Luxury,false,193,true,178,47,2026-05-11,Galveston,Galveston,Galveston,Texas,77554,United States,coastal,https://www.airbnb.com/rooms/35195370,https://a0.muscache.com/im/pictures/prohost-api/Hosting-35195370/original/2189aaa6-de3e-4bd8-91b6-07d650ec8a03.jpeg,35195370,2687956,29.24256,-94.87196,"=AVERAGE($G$2:$G$830)","=AVERAGE($D$2:$D$830)","=IFERROR(($AT752-G752)/$AT752,0)","=IFERROR(($AU752-D752)/$AU752,0)","=$AU752-D752"
1200 TOP OF EAST BEACH!,Galvestonian Condominium Association,,54453,65146,495.03,42.8,271,3,2,8,true,true,true,true,true,false,true,Home/Apartment,Condominium (condo),Apt/Condo/Loft,4.8,10,2,21+,Luxury,false,150,true,110,33,2026-05-16,Galveston,Galveston,Galveston,Texas,77550,United States,coastal,https://www.vrbo.com/4089595,"https://media.vrbo.com/lodging/107000000/106750000/106744000/106743975/d39a2805.jpg?impolicy=resizecrop&rw=1200&ra=fit",,4089595,29.318233,-94.751565,"=AVERAGE($G$2:$G$830)","=AVERAGE($D$2:$D$830)","=IFERROR(($AT753-G753)/$AT753,0)","=IFERROR(($AU753-D753)/$AU753,0)","=$AU753-D753"
1007 Whitewashed Harbor Residency,Galvestonian Condominium Association,,54403,56196,333.76,46.57,352,1,1,6,true,true,true,true,true,false,true,Home/Apartment,Condominium (condo),Apt/Condo/Loft,5,13,2,21+,Luxury,false,100,true,163,57,2026-05-16,Galveston,Galveston,Galveston,Texas,77550,United States,coastal,https://www.vrbo.com/3893965,"https://media.vrbo.com/lodging/104000000/103030000/103027300/103027217/aa8f7d1f.jpg?impolicy=resizecrop&rw=1200&ra=fit",,3893965,29.318167,-94.751534,"=AVERAGE($G$2:$G$830)","=AVERAGE($D$2:$D$830)","=IFERROR(($AT754-G754)/$AT754,0)","=IFERROR(($AU754-D754)/$AU754,0)","=$AU754-D754"
The Ocean Aire - 30 seconds from the sand!,71570723,,54402,57362,457.16,34.29,347,3,3,12,true,false,false,true,true,true,false,Home/Apartment,House,House/villa,4.85,92,2,2-5,Luxury,true,224,true,119,45,2026-05-16,Galveston,Galveston,Galveston,Texas,77554,United States,coastal,https://www.airbnb.com/rooms/896438264824448869,https://a0.muscache.com/im/pictures/miso/Hosting-896438264824448869/original/d26faa93-04ec-460b-af5c-bae65fc40a13.jpeg,896438264824448869,3419444,29.2144,-94.9189,"=AVERAGE($G$2:$G$830)","=AVERAGE($D$2:$D$830)","=IFERROR(($AT755-G755)/$AT755,0)","=IFERROR(($AU755-D755)/$AU755,0)","=$AU755-D755"
Sea Ya On The Flip Side,Swedes Real Estate,,54336,59155,414.78,54.36,313,3,2,12,true,true,false,true,true,false,false,Home/Apartment,House,House/villa,4.85,7,2,21+,Luxury,false,248,true,131,27,2026-05-11,Galveston,Port Bolivar,Port Bolivar,Texas,77650,United States,coastal,https://www.airbnb.com/rooms/1011572963912945795,https://a0.muscache.com/im/pictures/prohost-api/Hosting-1011572963912945795/original/a5d68695-b15e-409f-9e4b-969d7df13e9e.jpeg,1011572963912945795,3639518,29.4708,-94.5985,"=AVERAGE($G$2:$G$830)","=AVERAGE($D$2:$D$830)","=IFERROR(($AT756-G756)/$AT756,0)","=IFERROR(($AU756-D756)/$AU756,0)","=$AU756-D756"
"Seas the Day | Oceanfront, Hottub Access",Ryson Vacation Rentals by Vtrips,,54303,57784,493.66,40.15,330,3,2,8,true,true,true,true,true,false,true,Home/Apartment,Condominium (condo),Apt/Condo/Loft,4.8,7,3,21+,Luxury,false,248,true,110,31,2026-05-16,Galveston,Galveston,Galveston,Texas,77554,United States,coastal,https://www.airbnb.com/rooms/1361633414791506826,https://a0.muscache.com/im/pictures/prohost-api/Hosting-1361633414791506826/original/55abd0b2-dd3d-4751-898b-c4fb9cbf3d75.jpeg,1361633414791506826,4446499,29.2426239834,-94.8687655723,"=AVERAGE($G$2:$G$830)","=AVERAGE($D$2:$D$830)","=IFERROR(($AT757-G757)/$AT757,0)","=IFERROR(($AU757-D757)/$AU757,0)","=$AU757-D757"
Stunning Sunrises 1211,AB Sea Sales & Rental,,54175,65616,318.68,57.24,301,2,2,8,true,false,false,true,true,false,true,Home/Apartment,Condominium (condo),Apt/Condo/Loft,4.85,24,2,21+,Luxury,false,225,true,170,54,2026-05-11,Galveston,Galveston,Galveston,Texas,77554,United States,coastal,https://www.airbnb.com/rooms/1111791907738208514,https://a0.muscache.com/im/pictures/prohost-api/Hosting-1111791907738208514/original/1085211d-16e6-46dc-8235-8e3df375a39c.jpeg,1111791907738208514,837425,29.24312,-94.8709,"=AVERAGE($G$2:$G$830)","=AVERAGE($D$2:$D$830)","=IFERROR(($AT758-G758)/$AT758,0)","=IFERROR(($AU758-D758)/$AU758,0)","=$AU758-D758"
Direct Beach Access|Gulf View|Spacious|Dogs|Wi-Fi,60496626,,54061,56451,487.04,40.07,338,3,2,11,true,false,false,true,true,true,false,Home/Apartment,House,House/villa,5,90,2,1,Luxury,true,225,false,111,37,2026-05-16,Galveston,Port Bolivar,Port Bolivar,Texas,77650,United States,coastal,https://www.airbnb.com/rooms/573784864138087062,https://a0.muscache.com/im/pictures/hosting/Hosting-U3RheVN1cHBseUxpc3Rpbmc6NTczNzg0ODY0MTM4MDg3MDYy/original/d6231db1-87cb-4c42-be54-79e1e5516c8d.png,573784864138087062,2671807,29.46612,-94.60142,"=AVERAGE($G$2:$G$830)","=AVERAGE($D$2:$D$830)","=IFERROR(($AT759-G759)/$AT759,0)","=IFERROR(($AU759-D759)/$AU759,0)","=$AU759-D759"
Traditional Bayfront Fishing Camp w/ Private T-head Pier + Outstanding Sunsets,Sand `N Sea Properties,,53903,84892,528.46,39.38,275,2,2,8,true,false,false,true,true,false,false,Home/Apartment,House,House/villa,5,5,2,21+,Luxury,false,90,true,102,31,2026-05-13,Galveston,Galveston,Galveston,Texas,77554,United States,coastal,https://www.vrbo.com/2637717,"https://media.vrbo.com/lodging/75000000/74800000/74796900/74796858/579f7c7d.jpg?impolicy=resizecrop&rw=1200&ra=fit",,2637717,29.26064,-94.90764,"=AVERAGE($G$2:$G$830)","=AVERAGE($D$2:$D$830)","=IFERROR(($AT760-G760)/$AT760,0)","=IFERROR(($AU760-D760)/$AU760,0)","=$AU760-D760"
Beautiful home with backyard paradise!,327800664,,53857,56503,452.58,38.02,351,3,2,11,true,false,false,true,true,true,true,Home/Apartment,House,House/villa,4.9,247,2,1,Luxury,true,186,false,119,34,2026-01-05,Galveston,Galveston,Galveston,Texas,77550,United States,coastal,https://www.airbnb.com/rooms/41589783,https://a0.muscache.com/im/pictures/4cab219c-53fd-458f-9334-a697a1f0ffb8.jpg,41589783,1939184,29.2846,-94.80674,"=AVERAGE($G$2:$G$830)","=AVERAGE($D$2:$D$830)","=IFERROR(($AT761-G761)/$AT761,0)","=IFERROR(($AU761-D761)/$AU761,0)","=$AU761-D761"
Ocean View l Free Cancellation,Bolivar Vacations,,53785,55952,463.66,38.28,350,3,2,12,true,false,false,true,true,true,false,Home/Apartment,House,House/villa,4.95,45,2,21+,Luxury,true,325,true,116,39,2026-05-11,Galveston,Port Bolivar,Port Bolivar,Texas,77650,United States,coastal,https://www.airbnb.com/rooms/1062463024457917577,https://a0.muscache.com/im/pictures/prohost-api/Hosting-1062463024457917577/original/b5f0580e-54b0-4403-91af-3af87c99e2ae.jpeg,1062463024457917577,3794519,29.45794,-94.62027,"=AVERAGE($G$2:$G$830)","=AVERAGE($D$2:$D$830)","=IFERROR(($AT762-G762)/$AT762,0)","=IFERROR(($AU762-D762)/$AU762,0)","=$AU762-D762"
Just Beachy- Book 5+ nights & get 15% off Near Bea,Pointe West Vacation,,53674,59137,451.04,39.27,347,3,3,11,true,true,true,true,false,false,true,Home/Apartment,Condominium (condo),Apt/Condo/Loft,4.8,70,1,21+,Luxury,true,402,true,119,31,2026-05-13,Galveston,Galveston,Galveston,Texas,77554,United States,coastal,https://www.airbnb.com/rooms/1099671416797710315,https://a0.muscache.com/im/pictures/prohost-api/Hosting-1099671416797710315/original/4c651046-10f1-46fa-aa76-aee0eaa824f7.jpeg,1099671416797710315,790531,29.1019,-95.0986,"=AVERAGE($G$2:$G$830)","=AVERAGE($D$2:$D$830)","=IFERROR(($AT763-G763)/$AT763,0)","=IFERROR(($AU763-D763)/$AU763,0)","=$AU763-D763"
Remodeled Bayfront Home w/ Private T-Head Pier - Superb Fishing & Birding,Sand `N Sea Properties,,53602,70608,530.71,38.11,295,3,2,7,true,false,false,true,true,false,false,Home/Apartment,House,House/villa,4.6,10,2,21+,Luxury,false,90,true,101,31,2026-05-16,Galveston,Galveston,Galveston,Texas,77554,United States,coastal,https://www.vrbo.com/2637805,"https://media.vrbo.com/lodging/75000000/74800000/74797200/74797160/a243a15c.jpg?impolicy=resizecrop&rw=1200&ra=fit",,2637805,29.130132,-95.073991,"=AVERAGE($G$2:$G$830)","=AVERAGE($D$2:$D$830)","=IFERROR(($AT764-G764)/$AT764,0)","=IFERROR(($AU764-D764)/$AU764,0)","=$AU764-D764"
"Breathtaking Ocean Views, 6th Floor Condo!",Ryson Vacation Rentals by Vtrips,,53475,56198,460.99,47.93,246,3,2,8,true,true,true,true,true,false,true,Home/Apartment,Condominium (condo),Apt/Condo/Loft,4.35,10,3,21+,Luxury,false,247,true,116,39,2026-01-12,Galveston,Galveston,Galveston,Texas,77554,United States,coastal,https://www.airbnb.com/rooms/1228305609150044057,https://a0.muscache.com/im/pictures/prohost-api/Hosting-1228305609150044057/original/bb4df5e0-ba85-494c-b33b-a4b93f02d51a.jpeg,1228305609150044057,4158315,29.24258,-94.86928,"=AVERAGE($G$2:$G$830)","=AVERAGE($D$2:$D$830)","=IFERROR(($AT765-G765)/$AT765,0)","=IFERROR(($AU765-D765)/$AU765,0)","=$AU765-D765"
Beach Front House Near Jamaica Beach,,,53398,54628,325.6,49.7,337,2,2,8,true,false,false,true,true,true,false,Home/Apartment,House,House/villa,4.8,147,2,1,Luxury,false,120,false,164,51,2026-05-14,Galveston,Galveston,Galveston,Texas,77554,United States,coastal,https://www.vrbo.com/289270,"https://media.vrbo.com/lodging/34000000/33510000/33500600/33500506/w799h599x1y1-2855cb95.jpg?impolicy=resizecrop&rw=1200&ra=fit",,289270,29.174454,-94.985535,"=AVERAGE($G$2:$G$830)","=AVERAGE($D$2:$D$830)","=IFERROR(($AT766-G766)/$AT766,0)","=IFERROR(($AU766-D766)/$AU766,0)","=$AU766-D766"
"2nd Floor Beachfront Condo - Elevator, Private Balcony, POOL, Lazy River & more",Sand `N Sea Properties,,53328,83428,720.65,40.22,266,3,2,8,true,true,false,true,true,false,true,Home/Apartment,Condominium (condo),Apt/Condo/Loft,4.7,13,2,21+,Luxury,false,95,true,74,18,2026-05-17,Galveston,Galveston,Galveston,Texas,77554,United States,coastal,https://www.vrbo.com/2638292,"https://media.vrbo.com/lodging/75000000/74810000/74800200/74800191/1ad8ab75.jpg?impolicy=resizecrop&rw=1200&ra=fit",,2638292,29.243162,-94.868026,"=AVERAGE($G$2:$G$830)","=AVERAGE($D$2:$D$830)","=IFERROR(($AT767-G767)/$AT767,0)","=IFERROR(($AU767-D767)/$AU767,0)","=$AU767-D767"
1205 Ocean Breeze Beachfront Retreat,Galvestonian Condominium Association,,53299,54434,286.55,51.81,359,1,1,4,true,true,true,true,true,false,true,Home/Apartment,Condominium (condo),Apt/Condo/Loft,4.7,15,2,21+,Luxury,false,100,true,186,62,2026-05-14,Galveston,Galveston,Galveston,Texas,77550,United States,coastal,https://www.vrbo.com/3893952,"https://media.vrbo.com/lodging/104000000/103030000/103027200/103027179/c8934672.jpg?impolicy=resizecrop&rw=1200&ra=fit",,3893952,29.318166,-94.751533,"=AVERAGE($G$2:$G$830)","=AVERAGE($D$2:$D$830)","=IFERROR(($AT768-G768)/$AT768,0)","=IFERROR(($AU768-D768)/$AU768,0)","=$AU768-D768"
Namaste Here Galveston,508588722,,53226,63478,318.72,65.23,268,2,1,6,true,false,false,true,true,true,false,Home/Apartment,House,House/villa,4.9,50,2,1,Luxury,true,150,false,167,33,2026-05-16,Galveston,Galveston,Galveston,Texas,77554,United States,coastal,https://www.airbnb.com/rooms/862496844419258517,https://a0.muscache.com/im/pictures/miso/Hosting-862496844419258517/original/0839ae0f-d40c-425f-a205-91ffa85cd3bb.jpeg,862496844419258517,3338677,29.14097,-95.0407,"=AVERAGE($G$2:$G$830)","=AVERAGE($D$2:$D$830)","=IFERROR(($AT769-G769)/$AT769,0)","=IFERROR(($AU769-D769)/$AU769,0)","=$AU769-D769"
"2nd Row Gulf Views, Elevated Sunning Deck, Updated Interior, Easy Beach Access",Sand `N Sea Properties,,53162,66279,470.46,41.24,284,3,2,10,true,false,false,true,true,true,false,Home/Apartment,House,House/villa,4.5,7,2,21+,Luxury,false,0,true,113,33,2026-05-15,Galveston,Galveston,Galveston,Texas,77554,United States,coastal,https://www.vrbo.com/3521250,"https://media.vrbo.com/lodging/97000000/96250000/96243700/96243636/37cf6d13.jpg?impolicy=resizecrop&rw=1200&ra=fit",,3521250,29.219581,-94.909945,"=AVERAGE($G$2:$G$830)","=AVERAGE($D$2:$D$830)","=IFERROR(($AT770-G770)/$AT770,0)","=IFERROR(($AU770-D770)/$AU770,0)","=$AU770-D770"
"Beachfront Beauty!  3 Bedroom, 3 Bath, Wall of windows for amazing Gulf Views",Cobb Real Estate,,53148,69774,425.18,61.27,287,3,3,12,false,false,false,true,true,false,false,Home/Apartment,House,House/villa,4.7,20,2,21+,Luxury,false,0,true,125,14,2026-04-01,Galveston,Port Bolivar,Port Bolivar,Texas,77650,United States,coastal,https://www.vrbo.com/2038554,"https://media.vrbo.com/lodging/58000000/57310000/57309600/57309585/01ea2de4.jpg?impolicy=resizecrop&rw=1200&ra=fit",,2038554,29.46092,-94.6139,"=AVERAGE($G$2:$G$830)","=AVERAGE($D$2:$D$830)","=IFERROR(($AT771-G771)/$AT771,0)","=IFERROR(($AU771-D771)/$AU771,0)","=$AU771-D771"
Seascape 2111,AB Sea Sales & Rental,,53123,61650,368.91,53.33,320,2,2,8,true,false,true,true,true,false,true,Home/Apartment,Condominium (condo),Apt/Condo/Loft,4.7,31,2,21+,Luxury,false,225,true,144,41,2026-05-11,Galveston,Galveston,Galveston,Texas,77554,United States,coastal,https://www.airbnb.com/rooms/1112407817811083579,https://a0.muscache.com/im/pictures/prohost-api/Hosting-1112407817811083579/original/c7ec2efa-ae08-4b15-b981-31a807b1c799.jpeg,1112407817811083579,837456,29.24198,-94.87247,"=AVERAGE($G$2:$G$830)","=AVERAGE($D$2:$D$830)","=IFERROR(($AT772-G772)/$AT772,0)","=IFERROR(($AU772-D772)/$AU772,0)","=$AU772-D772"
"Your Own Private Resort, Close to the Beach",420060227,,52714,53948,462.4,40.28,351,3,2,10,true,false,false,true,true,true,true,Home/Apartment,House,House/villa,5,77,2,2-5,Luxury,true,194,true,114,38,2026-05-13,Galveston,Galveston,Galveston,Texas,77554,United States,coastal,https://www.airbnb.com/rooms/769817118875459549,https://a0.muscache.com/im/pictures/hosting/Hosting-769817118875459549/original/f75dd8b4-9da5-4489-8f32-7f3d41532f71.png,769817118875459549,3218234,29.25753,-94.87403,"=AVERAGE($G$2:$G$830)","=AVERAGE($D$2:$D$830)","=IFERROR(($AT773-G773)/$AT773,0)","=IFERROR(($AU773-D773)/$AU773,0)","=$AU773-D773"
Purple Pelican Paradise | Private Pool!,Ryson Vacation Rentals,,52536,53765,530.67,50,237,3,3,10,true,false,false,true,true,false,true,Home/Apartment,House,House/villa,4.6,31,2,21+,Luxury,false,296,true,99,28,2025-12-22,Galveston,Galveston,Galveston,Texas,77554,United States,coastal,https://www.airbnb.com/rooms/1157560951889942689,https://a0.muscache.com/im/pictures/prohost-api/Hosting-1157560951889942689/original/17474709-3638-4106-bd45-542e8538a6e1.jpeg,1157560951889942689,2916216,29.14401,-95.04927,"=AVERAGE($G$2:$G$830)","=AVERAGE($D$2:$D$830)","=IFERROR(($AT774-G774)/$AT774,0)","=IFERROR(($AU774-D774)/$AU774,0)","=$AU774-D774"
Whitecaps -Beach Front-Front Row- Next to Beach Cl,Pointe West Vacation,,52506,63514,310.69,66.02,256,2,2,6,true,true,true,true,false,true,true,Home/Apartment,Condominium (condo),Apt/Condo/Loft,4.8,25,1,21+,Luxury,true,269,true,169,26,2026-05-13,Galveston,Galveston,Galveston,Texas,77554,United States,coastal,https://www.airbnb.com/rooms/1106625889138646334,https://a0.muscache.com/im/pictures/prohost-api/Hosting-1106625889138646334/original/79c2ff58-ae83-4a85-aad9-965b182cbdd7.jpeg,1106625889138646334,3227255,29.1018,-95.0983,"=AVERAGE($G$2:$G$830)","=AVERAGE($D$2:$D$830)","=IFERROR(($AT775-G775)/$AT775,0)","=IFERROR(($AU775-D775)/$AU775,0)","=$AU775-D775"
Oceanview Home w/ Hot Tub & Pet-Friendly Yard,450944858,,52499,58340,472.96,36.51,330,3,2,13,true,false,true,true,true,true,false,Home/Apartment,House,House/villa,4.95,114,2,1,Luxury,true,266,false,111,35,2026-05-13,Galveston,Port Bolivar,Port Bolivar,Texas,77650,United States,coastal,https://www.airbnb.com/rooms/590605492133118941,https://a0.muscache.com/im/pictures/miso/Hosting-590605492133118941/original/eb0aef9c-313c-4f6b-baf1-45b362aa207e.jpeg,590605492133118941,2734002,29.4631,-94.6114,"=AVERAGE($G$2:$G$830)","=AVERAGE($D$2:$D$830)","=IFERROR(($AT776-G776)/$AT776,0)","=IFERROR(($AU776-D776)/$AU776,0)","=$AU776-D776"
Gulf Haven | Luxurious with Ocean Views,Ryson Vacation Rentals by Vtrips,,52380,54031,379.57,46.94,346,2,2,4,true,true,true,true,true,false,true,Home/Apartment,Condominium (condo),Apt/Condo/Loft,4.5,2,3,21+,Luxury,false,237,true,138,41,2026-05-11,Galveston,Galveston,Galveston,Texas,77554,United States,coastal,https://www.airbnb.com/rooms/1354574768511686545,https://a0.muscache.com/im/pictures/prohost-api/Hosting-1354574768511686545/original/cf21fc8f-174c-4d7f-bf83-9238476c858c.jpeg,1354574768511686545,4899380,29.242657322,-94.8686950423,"=AVERAGE($G$2:$G$830)","=AVERAGE($D$2:$D$830)","=IFERROR(($AT777-G777)/$AT777,0)","=IFERROR(($AU777-D777)/$AU777,0)","=$AU777-D777"
"Diamond Retreat at Diamond Beach Resort, Beachy 2 bedroom Waterfront Condo",,,52214,53223,330.47,44.13,358,2,2,6,true,true,true,true,true,false,true,Home/Apartment,Condominium (condo),Apt/Condo/Loft,4.9,113,2,1,Luxury,false,130,true,158,49,2026-05-16,Galveston,Galveston,Galveston,Texas,77554,United States,coastal,https://www.vrbo.com/2040790,"https://media.vrbo.com/lodging/58000000/57350000/57346200/57346160/e813616d.jpg?impolicy=resizecrop&rw=1200&ra=fit",,2040790,29.244707,-94.870802,"=AVERAGE($G$2:$G$830)","=AVERAGE($D$2:$D$830)","=IFERROR(($AT778-G778)/$AT778,0)","=IFERROR(($AU778-D778)/$AU778,0)","=$AU778-D778"
"707 Heated Pool, 1 Bedroom, 1 bath condo",IslanderEast,,52182,52796,244.99,59,361,1,1,4,true,false,false,true,true,false,true,Home/Apartment,Condominium (condo),Apt/Condo/Loft,5,219,2,21+,Luxury,false,100,true,213,69,2023-11-18,Galveston,Galveston,Galveston,Texas,77550,United States,coastal,https://www.airbnb.com/rooms/852771778096962280,"https://a0.muscache.com/im/pictures/prohost-api/Hosting-852771778096962280/original/37525c1a-e06b-4990-8f62-a3b1e4c7a7bb.jpeg?aki_policy=x_large",852771778096962280,895554,29.3147384,-94.7566608,"=AVERAGE($G$2:$G$830)","=AVERAGE($D$2:$D$830)","=IFERROR(($AT779-G779)/$AT779,0)","=IFERROR(($AU779-D779)/$AU779,0)","=$AU779-D779"
0810 Buccaneer Beach Retreat,Galvestonian Condominium Association,,52113,52982,313.93,50.46,357,1,1,6,true,true,true,true,true,false,true,Home/Apartment,Condominium (condo),Apt/Condo/Loft,4.6,5,2,21+,Luxury,false,99,true,166,34,2026-05-14,Galveston,Galveston,Galveston,Texas,77550,United States,coastal,https://www.vrbo.com/3893981,"https://media.vrbo.com/lodging/104000000/103030000/103027300/103027262/14775ea4.jpg?impolicy=resizecrop&rw=1200&ra=fit",,3893981,29.318167,-94.751534,"=AVERAGE($G$2:$G$830)","=AVERAGE($D$2:$D$830)","=IFERROR(($AT780-G780)/$AT780,0)","=IFERROR(($AU780-D780)/$AU780,0)","=$AU780-D780"
0611 Coastal Comfort Beach Residency,Galvestonian Condominium Association,,52064,53751,397.44,37.75,348,2,2,6,true,true,true,true,true,false,true,Home/Apartment,Condominium (condo),Apt/Condo/Loft,4.5,12,2,21+,Luxury,false,123,true,131,39,2026-05-17,Galveston,Galveston,Galveston,Texas,77550,United States,coastal,https://www.vrbo.com/3893996,"https://media.vrbo.com/lodging/104000000/103030000/103027400/103027320/ec3ce207.jpg?impolicy=resizecrop&rw=1200&ra=fit",,3893996,29.318166,-94.751533,"=AVERAGE($G$2:$G$830)","=AVERAGE($D$2:$D$830)","=IFERROR(($AT781-G781)/$AT781,0)","=IFERROR(($AU781-D781)/$AU781,0)","=$AU781-D781"
Gulf-View Deck: West End Family Home in Galveston!,Evolve,,52019,54976,412.85,40.78,342,3,2,10,true,false,false,true,true,false,false,Home/Apartment,House,House/villa,4.8,19,3,21+,Luxury,false,279,true,126,37,2026-05-16,Galveston,Galveston,Galveston,Texas,77554,United States,coastal,https://www.airbnb.com/rooms/1389150105976862201,https://a0.muscache.com/im/pictures/prohost-api/Hosting-1389150105976862201/original/d963eac0-9603-4715-bc41-f43650d6e3df.jpeg,1389150105976862201,20131123ha,29.1361,-95.0474,"=AVERAGE($G$2:$G$830)","=AVERAGE($D$2:$D$830)","=IFERROR(($AT782-G782)/$AT782,0)","=IFERROR(($AU782-D782)/$AU782,0)","=$AU782-D782"
BEACH FRONT WITH HOT TUB. DIRECT BEACH ACCESS,,,51916,58554,741.66,26.72,307,3,2,7,true,false,true,true,true,false,false,Home/Apartment,House,House/villa,5,18,2,1,Luxury,false,225,true,70,22,2026-05-14,Galveston,Galveston,Galveston,Texas,77554,United States,coastal,https://www.vrbo.com/4450956,"https://media.vrbo.com/lodging/114000000/113370000/113364100/113364005/5fb8545e.jpg?impolicy=resizecrop&rw=1200&ra=fit",,4450956,29.174373,-94.983902,"=AVERAGE($G$2:$G$830)","=AVERAGE($D$2:$D$830)","=IFERROR(($AT783-G783)/$AT783,0)","=IFERROR(($AU783-D783)/$AU783,0)","=$AU783-D783"
"5th from Beach, Bright & Airy, Dogs Okay",Sand `N Sea Properties,,51839,60653,398.76,41.53,329,3,3,8,true,false,false,true,true,true,false,Home/Apartment,Place,House/villa,4.15,8,2,21+,Luxury,false,322,true,130,30,2026-05-16,Galveston,Galveston,Galveston,Texas,77554,United States,coastal,https://www.airbnb.com/rooms/1397180921274268797,https://a0.muscache.com/im/pictures/prohost-api/Hosting-1397180921274268797/original/ec0a5259-9467-4c26-94f4-e270ba861f47.jpeg,1397180921274268797,2637731,29.2043658532,-94.9362376392,"=AVERAGE($G$2:$G$830)","=AVERAGE($D$2:$D$830)","=IFERROR(($AT784-G784)/$AT784,0)","=IFERROR(($AU784-D784)/$AU784,0)","=$AU784-D784"
Pirates Beach Coastal Charm at Sandy Paws!,Porter VRM Texas,,51825,55019,304.85,68,251,2,2,8,true,false,false,true,true,false,false,Home/Apartment,House,House/villa,4.85,40,2,21+,Luxury,false,266,true,170,49,2026-05-11,Galveston,Galveston,Galveston,Texas,77554,United States,coastal,https://www.airbnb.com/rooms/1097968266640995739,https://a0.muscache.com/im/pictures/prohost-api/Hosting-1097968266640995739/original/3abf9d7b-0224-43a3-b53a-401572ba419d.png,1097968266640995739,,29.2036,-94.9386,"=AVERAGE($G$2:$G$830)","=AVERAGE($D$2:$D$830)","=IFERROR(($AT785-G785)/$AT785,0)","=IFERROR(($AU785-D785)/$AU785,0)","=$AU785-D785"
Gulf-View Townhome | Hot Tub | 2-Min Beach Walk,54268227,,51753,55949,375.02,43.12,330,2,3,7,true,false,true,true,true,false,false,Home/Apartment,Townhouse,Apt/Condo/Loft,4.95,98,2,1,Luxury,true,185,true,138,48,2026-05-11,Galveston,Galveston,Galveston,Texas,77554,United States,coastal,https://www.airbnb.com/rooms/555769058015269463,https://a0.muscache.com/im/pictures/hosting/Hosting-555769058015269463/original/226a1790-c553-4619-b17a-b2e85e048a0e.jpeg,555769058015269463,3056913,29.1734,-94.9879,"=AVERAGE($G$2:$G$830)","=AVERAGE($D$2:$D$830)","=IFERROR(($AT786-G786)/$AT786,0)","=IFERROR(($AU786-D786)/$AU786,0)","=$AU786-D786"
Seascape 2/2 BeachfrontCondo View from 2 Balconies,556862319,,51736,52695,311.66,46.5,357,2,2,8,true,false,true,true,true,false,true,Home/Apartment,Condominium (condo),Apt/Condo/Loft,4.9,244,2,6-20,Luxury,true,174,true,166,50,2026-05-13,Galveston,Galveston,Galveston,Texas,77554,United States,coastal,https://www.airbnb.com/rooms/1250067923493933629,https://a0.muscache.com/im/pictures/prohost-api/Hosting-1250067923493933629/original/5c4a0f85-e9e8-4187-825f-5a8aefe0f8d0.jpeg,1250067923493933629,1857249,29.2419,-94.8713,"=AVERAGE($G$2:$G$830)","=AVERAGE($D$2:$D$830)","=IFERROR(($AT787-G787)/$AT787,0)","=IFERROR(($AU787-D787)/$AU787,0)","=$AU787-D787"
1BR Oceanfront 14th-Floor | Balcony | Pool,Vacasa,,51655,52975,291.84,49.3,359,1,1,4,true,true,true,true,true,false,true,Home/Apartment,Condominium (condo),Apt/Condo/Loft,4.25,66,1,21+,Luxury,false,128,true,177,67,2023-06-02,Galveston,Galveston,Galveston,Texas,77551,United States,coastal,https://www.airbnb.com/rooms/689805944014810555,"https://a0.muscache.com/im/pictures/prohost-api/Hosting-689805944014810555/original/9b2c4b18-8b83-4798-a097-c805211e511f.jpeg?aki_policy=x_large",689805944014810555,2956297,29.27321,-94.81832,"=AVERAGE($G$2:$G$830)","=AVERAGE($D$2:$D$830)","=IFERROR(($AT788-G788)/$AT788,0)","=IFERROR(($AU788-D788)/$AU788,0)","=$AU788-D788"
A Reel Nauti,Swedes Real Estate,,51546,54062,433.16,56.13,335,3,2,14,true,true,false,true,true,false,false,Home/Apartment,House,House/villa,4.95,15,2,21+,Luxury,false,260,true,119,26,2026-05-11,Galveston,Port Bolivar,Port Bolivar,Texas,77650,United States,coastal,https://www.airbnb.com/rooms/1120388347498880090,https://a0.muscache.com/im/pictures/prohost-api/Hosting-1120388347498880090/original/4d55e289-2d33-45bd-9e4e-bb0b3e3f8e5e.jpeg,1120388347498880090,3800705,29.452,-94.6337,"=AVERAGE($G$2:$G$830)","=AVERAGE($D$2:$D$830)","=IFERROR(($AT789-G789)/$AT789,0)","=IFERROR(($AU789-D789)/$AU789,0)","=$AU789-D789"
Beachtown Galveston - Beachfront - Private Pool - Elevator - 3/3.5 - Epic Views!,Beachtown Realty,,51150,83080,1217.86,31.82,152,3,3,8,true,false,false,true,true,false,true,Home/Apartment,House,House/villa,4.7,16,4,21+,Luxury,false,400,true,42,12,2026-05-16,Galveston,Galveston,Galveston,Texas,77550,United States,coastal,https://www.vrbo.com/2420827,"https://media.vrbo.com/lodging/71000000/70310000/70308400/70308394/280bf62a.jpg?impolicy=resizecrop&rw=1200&ra=fit",,2420827,29.318647,-94.749518,"=AVERAGE($G$2:$G$830)","=AVERAGE($D$2:$D$830)","=IFERROR(($AT790-G790)/$AT790,0)","=IFERROR(($AU790-D790)/$AU790,0)","=$AU790-D790"
CONDO RIGHT ON THE BEACH! HEATED POOL IN WINTER!,115569891,,51142,52204,274.96,51.81,359,2,2,6,true,true,false,true,true,false,true,Home/Apartment,Condominium (condo),Apt/Condo/Loft,4.9,180,2,1,Luxury,true,100,false,186,67,2026-05-13,Galveston,Galveston,Galveston,Texas,77550,United States,coastal,https://www.airbnb.com/rooms/49380699,https://a0.muscache.com/im/pictures/36691766-c412-43bf-976e-8b7e9f877e83.jpg,49380699,,29.31933,-94.75252,"=AVERAGE($G$2:$G$830)","=AVERAGE($D$2:$D$830)","=IFERROR(($AT791-G791)/$AT791,0)","=IFERROR(($AU791-D791)/$AU791,0)","=$AU791-D791"
"6th Floor Beachfront Condo - Elevator, Private Balcony, Resort Amenities w/ POOL",Sand `N Sea Properties,,51040,66765,689.73,29.13,322,3,2,8,true,true,false,true,true,false,true,Home/Apartment,Condominium (condo),Apt/Condo/Loft,4.5,10,2,21+,Luxury,false,90,true,74,21,2026-05-16,Galveston,Galveston,Galveston,Texas,77554,United States,coastal,https://www.vrbo.com/2637746,"https://media.vrbo.com/lodging/75000000/74800000/74797000/74796969/9fa6f888.jpg?impolicy=resizecrop&rw=1200&ra=fit",,2637746,29.24327,-94.868145,"=AVERAGE($G$2:$G$830)","=AVERAGE($D$2:$D$830)","=IFERROR(($AT792-G792)/$AT792,0)","=IFERROR(($AU792-D792)/$AU792,0)","=$AU792-D792"
"Huge Sunning Deck, Front Row, Dog Friendly",Sand `N Sea Properties,,51025,72203,739.49,63.3,109,3,3,12,true,false,false,true,true,true,false,Home/Apartment,House,House/villa,4.7,3,2,21+,Luxury,false,471,true,69,16,2026-05-14,Galveston,Galveston,Galveston,Texas,77554,United States,coastal,https://www.airbnb.com/rooms/1360857520733168393,https://a0.muscache.com/im/pictures/prohost-api/Hosting-1360857520733168393/original/cd8136d3-02fe-499f-89a8-087131d52e47.jpeg,1360857520733168393,3421261,29.1660874243,-95.001757188,"=AVERAGE($G$2:$G$830)","=AVERAGE($D$2:$D$830)","=IFERROR(($AT793-G793)/$AT793,0)","=IFERROR(($AU793-D793)/$AU793,0)","=$AU793-D793"
"Panoramic View Beachfront Home - Easy Beach Access, Outside Shower, Dog Friendly",Sand `N Sea Properties,,51013,77303,573.18,36.18,261,3,2,8,true,false,false,true,true,true,false,Home/Apartment,House,House/villa,4.4,5,2,21+,Luxury,false,90,true,89,24,2026-05-13,Galveston,Galveston,Galveston,Texas,77554,United States,coastal,https://www.vrbo.com/2637727,"https://media.vrbo.com/lodging/75000000/74800000/74797000/74796905/81990e9f.jpg?impolicy=resizecrop&rw=1200&ra=fit",,2637727,29.217529,-94.912226,"=AVERAGE($G$2:$G$830)","=AVERAGE($D$2:$D$830)","=IFERROR(($AT794-G794)/$AT794,0)","=IFERROR(($AU794-D794)/$AU794,0)","=$AU794-D794"
"Time for Beach Therapy! Relaxing Interior, Great Gulf Views, Easy Walk to Beach",Sand `N Sea Properties,,50981,51871,621.72,34.6,237,3,3,10,true,false,false,true,true,false,false,Home/Apartment,House,House/villa,5,3,1,21+,Luxury,false,0,true,82,23,2026-01-12,Galveston,Galveston,Galveston,Texas,77554,United States,coastal,https://www.vrbo.com/3213933,"https://media.vrbo.com/lodging/91000000/90850000/90848900/90848844/5ccaab53.jpg?impolicy=resizecrop&rw=1200&ra=fit",,3213933,29.20505,-94.93431,"=AVERAGE($G$2:$G$830)","=AVERAGE($D$2:$D$830)","=IFERROR(($AT795-G795)/$AT795,0)","=IFERROR(($AU795-D795)/$AU795,0)","=$AU795-D795"
 1-br 2balcony Galvestonian condo directly on beach! No highway! Close to Strand,,,50960,51681,234.84,61.3,354,1,1,2,true,true,true,true,true,false,true,Home/Apartment,Condominium (condo),Apt/Condo/Loft,5,324,2,1,Luxury,false,89,true,217,70,2026-05-17,Galveston,Galveston,Galveston,Texas,77550,United States,coastal,https://www.vrbo.com/673121,"https://media.vrbo.com/lodging/34000000/33510000/33506500/33506462/46865c8d.jpg?impolicy=resizecrop&rw=1200&ra=fit",,673121,29.31775,-94.75137,"=AVERAGE($G$2:$G$830)","=AVERAGE($D$2:$D$830)","=IFERROR(($AT796-G796)/$AT796,0)","=IFERROR(($AU796-D796)/$AU796,0)","=$AU796-D796"
Whispering Sands Beachfront | Pool,Ryson Vacation Rentals by Vtrips,,50762,54370,381.67,46.5,336,3,2,10,true,false,false,true,true,false,true,Home/Apartment,House,House/villa,4,10,3,21+,Luxury,false,322,true,133,31,2026-05-17,Galveston,Galveston,Galveston,Texas,77554,United States,coastal,https://www.airbnb.com/rooms/1426263100867747567,https://a0.muscache.com/im/pictures/hosting/Hosting-1426263100867747567/original/701462a9-1f2e-4a59-8164-13cedf01a926.png,1426263100867747567,4604472,29.130735883,-95.0555704472,"=AVERAGE($G$2:$G$830)","=AVERAGE($D$2:$D$830)","=IFERROR(($AT797-G797)/$AT797,0)","=IFERROR(($AU797-D797)/$AU797,0)","=$AU797-D797"
"Beachfront Home w/ Great Gulf Views, Open Plan, Quick Beach Access",Sand `N Sea Properties,,50754,72677,735.57,33.66,265,3,2,10,true,false,false,true,true,true,false,Home/Apartment,House,House/villa,5,3,2,21+,Luxury,false,100,true,69,21,2026-05-15,Galveston,Galveston,Galveston,Texas,77554,United States,coastal,https://www.vrbo.com/2573715,"https://media.vrbo.com/lodging/74000000/73510000/73506200/73506146/73888240.jpg?impolicy=resizecrop&rw=1200&ra=fit",,2573715,29.207238,-94.929192,"=AVERAGE($G$2:$G$830)","=AVERAGE($D$2:$D$830)","=IFERROR(($AT798-G798)/$AT798,0)","=IFERROR(($AU798-D798)/$AU798,0)","=$AU798-D798"
Seascape 2110,AB Sea Sales & Rental,,50642,54594,330.99,49.84,338,2,1,8,true,false,true,true,true,false,true,Home/Apartment,Condominium (condo),Apt/Condo/Loft,4.65,11,2,21+,Luxury,false,225,true,153,39,2026-05-11,Galveston,Galveston,Galveston,Texas,77554,United States,coastal,https://www.airbnb.com/rooms/1112407777149742360,https://a0.muscache.com/im/pictures/prohost-api/Hosting-1112407777149742360/original/19d78ef0-8766-4a9a-987e-092098b7a2c8.jpeg,1112407777149742360,837455,29.24199,-94.87201,"=AVERAGE($G$2:$G$830)","=AVERAGE($D$2:$D$830)","=IFERROR(($AT799-G799)/$AT799,0)","=IFERROR(($AU799-D799)/$AU799,0)","=$AU799-D799"
#Beach Please - Amazing Views From All Directions - Close to the beach,Cobb Real Estate,,50414,52675,494.25,48.34,342,3,3,14,false,false,false,true,true,true,false,Home/Apartment,House,House/villa,3.6,5,2,21+,Luxury,false,0,true,102,22,2026-05-16,Galveston,Port Bolivar,Port Bolivar,Texas,77650,United States,coastal,https://www.vrbo.com/3848002,"https://media.vrbo.com/lodging/103000000/102290000/102285100/102285038/722c0339.jpg?impolicy=resizecrop&rw=1200&ra=fit",,3848002,29.40577,-94.7085,"=AVERAGE($G$2:$G$830)","=AVERAGE($D$2:$D$830)","=IFERROR(($AT800-G800)/$AT800,0)","=IFERROR(($AU800-D800)/$AU800,0)","=$AU800-D800"
Beachfront | Pool | Hot Tub,Southern Sands Property Management Group,,50283,50569,233.87,59.56,361,1,1,4,true,false,true,true,true,true,true,Home/Apartment,House,House/villa,5,41,2,21+,Luxury,true,224,true,215,60,2026-05-13,Galveston,Galveston,Galveston,Texas,77550,United States,coastal,https://www.airbnb.com/rooms/1330479427802823768,https://a0.muscache.com/im/pictures/prohost-api/Hosting-1330479427802823768/original/ea71cfc1-ce7f-473b-bb3f-6928a475d3fd.jpeg,1330479427802823768,4410108,29.2949,-94.7824,"=AVERAGE($G$2:$G$830)","=AVERAGE($D$2:$D$830)","=IFERROR(($AT801-G801)/$AT801,0)","=IFERROR(($AU801-D801)/$AU801,0)","=$AU801-D801"
Absolute Paradise,Swedes Real Estate,,50194,52678,418.28,36.36,345,3,2,14,true,true,false,true,true,true,false,Home/Apartment,House,House/villa,5,7,2,21+,Luxury,false,285,true,120,27,2026-05-13,Galveston,Port Bolivar,Port Bolivar,Texas,77650,United States,coastal,https://www.airbnb.com/rooms/1120384227559112003,https://a0.muscache.com/im/pictures/hosting/Hosting-1120384227559112003/original/3db4d42d-a31e-4b25-a20d-789087c64eac.jpeg,1120384227559112003,3704844,29.4659,-94.6063,"=AVERAGE($G$2:$G$830)","=AVERAGE($D$2:$D$830)","=IFERROR(($AT802-G802)/$AT802,0)","=IFERROR(($AU802-D802)/$AU802,0)","=$AU802-D802"
New Listing! Blue Heron House!,516366116,,50190,63954,383.13,59.01,280,2,2,8,true,false,false,true,true,true,false,Home/Apartment,House,House/villa,4.95,78,2,1,Luxury,true,171,false,131,39,2026-05-16,Galveston,Galveston,Galveston,Texas,77554,United States,coastal,https://www.airbnb.com/rooms/898555282577600498,https://a0.muscache.com/im/pictures/miso/Hosting-898555282577600498/original/e33176c0-76af-43ef-a3c6-01b7275177db.jpeg,898555282577600498,3433453,29.19418,-94.97963,"=AVERAGE($G$2:$G$830)","=AVERAGE($D$2:$D$830)","=IFERROR(($AT803-G803)/$AT803,0)","=IFERROR(($AU803-D803)/$AU803,0)","=$AU803-D803"
"2/2 Seascape, Lg Balcony, Pool, W/D Galveston, TX",537153275,,50006,51794,378.83,38.6,355,2,2,8,true,false,true,true,true,false,true,Home/Apartment,Apartment,Apt/Condo/Loft,5,268,2,2-5,Luxury,true,186,true,132,39,2026-03-17,Galveston,Galveston,Galveston,Texas,77554,United States,coastal,https://www.airbnb.com/rooms/1084948516358280146,https://a0.muscache.com/im/pictures/miso/Hosting-1084948516358280146/original/f1cd3b44-e226-491c-b847-d083f7a1f70b.jpeg,1084948516358280146,2635051,29.24129,-94.87072,"=AVERAGE($G$2:$G$830)","=AVERAGE($D$2:$D$830)","=IFERROR(($AT804-G804)/$AT804,0)","=IFERROR(($AU804-D804)/$AU804,0)","=$AU804-D804"
A Family Tides- Beach Front- Ocean View-Next to Be,Pointe West Vacation,,49942,81091,525.71,36.26,274,3,3,9,true,true,true,true,false,false,true,Home/Apartment,Condominium (condo),Apt/Condo/Loft,4.9,44,1,21+,Luxury,true,304,true,95,29,2026-05-11,Galveston,Galveston,Galveston,Texas,77554,United States,coastal,https://www.airbnb.com/rooms/1106371707533291167,https://a0.muscache.com/im/pictures/prohost-api/Hosting-1106371707533291167/original/4f8e4215-3469-45e5-b882-2eebaab9e649.jpeg,1106371707533291167,861790,29.1018,-95.0983,"=AVERAGE($G$2:$G$830)","=AVERAGE($D$2:$D$830)","=IFERROR(($AT805-G805)/$AT805,0)","=IFERROR(($AU805-D805)/$AU805,0)","=$AU805-D805"
San Luis 1033 | Beach Views & On-Site Amenities!,Ryson Vacation Rentals by Vtrips,,49773,51381,224.2,62.89,353,1,1,2,true,false,true,true,true,false,true,Home/Apartment,Condominium (condo),Apt/Condo/Loft,3.7,18,3,21+,Luxury,false,157,true,222,71,2026-05-17,Galveston,Galveston,Galveston,Texas,77551,United States,coastal,https://www.airbnb.com/rooms/1047039802656354303,https://a0.muscache.com/im/pictures/prohost-api/Hosting-1047039802656354303/original/d78bf765-5e14-4a01-addf-5211b0074672.jpeg,1047039802656354303,3765242,29.27236,-94.81901,"=AVERAGE($G$2:$G$830)","=AVERAGE($D$2:$D$830)","=IFERROR(($AT806-G806)/$AT806,0)","=IFERROR(($AU806-D806)/$AU806,0)","=$AU806-D806"
Cozy Beach House,483022516,,49746,51653,473.77,36.84,355,3,2,8,true,false,false,true,true,false,false,Home/Apartment,House,House/villa,4.95,55,1,2-5,Luxury,true,196,false,105,42,2026-05-13,Galveston,Galveston,Galveston,Texas,77554,United States,coastal,https://www.airbnb.com/rooms/932105660427173892,https://a0.muscache.com/im/pictures/hosting/Hosting-U3RheVN1cHBseUxpc3Rpbmc6OTMyMTA1NjYwNDI3MTczODky/original/586ed15d-fe12-4fef-a090-bf82b629dc87.jpeg,932105660427173892,3504523,29.1678,-94.9963,"=AVERAGE($G$2:$G$830)","=AVERAGE($D$2:$D$830)","=IFERROR(($AT807-G807)/$AT807,0)","=IFERROR(($AU807-D807)/$AU807,0)","=$AU807-D807"
Down by the Bay | Canal Front + Pool,Ryson Vacation Rentals by Vtrips,,49525,52253,556.46,36.48,354,3,2,9,true,false,false,true,true,false,true,Home/Apartment,House,House/villa,5,3,2,21+,Luxury,false,359,true,89,19,2026-05-14,Galveston,Galveston,Galveston,Texas,77554,United States,coastal,https://www.airbnb.com/rooms/1426264004234734963,https://a0.muscache.com/im/pictures/prohost-api/Hosting-1426264004234734963/original/265beaa0-e3d8-4fb7-a114-e85fa3f8a123.jpeg,1426264004234734963,4604470,29.1395777449,-95.0552081386,"=AVERAGE($G$2:$G$830)","=AVERAGE($D$2:$D$830)","=IFERROR(($AT808-G808)/$AT808,0)","=IFERROR(($AU808-D808)/$AU808,0)","=$AU808-D808"
"The Ivory Turtle - On the beach, Stunning Views",239140028,,49513,51401,412.61,38.1,354,2,2,6,true,false,false,true,true,true,false,Home/Apartment,House,House/villa,4.95,181,3,1,Luxury,true,186,false,120,37,2026-05-13,Galveston,Galveston,Galveston,Texas,77554,United States,coastal,https://www.airbnb.com/rooms/47787435,https://a0.muscache.com/im/pictures/miso/Hosting-47787435/original/ea0838fc-d930-4c48-9f81-42af10b3c65d.png,47787435,2205104,29.17605,-94.98472,"=AVERAGE($G$2:$G$830)","=AVERAGE($D$2:$D$830)","=IFERROR(($AT809-G809)/$AT809,0)","=IFERROR(($AU809-D809)/$AU809,0)","=$AU809-D809"
Seascape 2/2 Beachfront Condo w/Ocean & Pool Views,556862319,,49499,54018,336.73,48.04,309,2,2,8,true,false,true,true,true,false,true,Home/Apartment,Condominium (condo),Apt/Condo/Loft,4.8,277,2,6-20,Luxury,true,173,true,147,40,2026-05-13,Galveston,Galveston,Galveston,Texas,77554,United States,coastal,https://www.airbnb.com/rooms/1250068134129045567,https://a0.muscache.com/im/pictures/prohost-api/Hosting-1250068134129045567/original/859f6ca0-adc6-4691-920a-23bab9d0dd19.jpeg,1250068134129045567,1083133,29.2419,-94.8713,"=AVERAGE($G$2:$G$830)","=AVERAGE($D$2:$D$830)","=IFERROR(($AT810-G810)/$AT810,0)","=IFERROR(($AU810-D810)/$AU810,0)","=$AU810-D810"
"2/2 Seascape 2 Balconies, W/D, Galveston, TX",537153275,,49495,53247,336.7,43.36,346,2,2,6,true,false,true,true,true,false,true,Home/Apartment,Apartment,Apt/Condo/Loft,4.9,170,2,2-5,Luxury,true,186,true,147,42,2026-03-17,Galveston,Galveston,Galveston,Texas,77554,United States,coastal,https://www.airbnb.com/rooms/1061090741039455042,https://a0.muscache.com/im/pictures/hosting/Hosting-U3RheVN1cHBseUxpc3Rpbmc6MTA2MTA5MDc0MTAzOTQ1NTA0Mg%3D%3D/original/f0eaa5bb-439a-48ff-bbe7-2028ae836221.jpeg,1061090741039455042,2527848,29.24268,-94.87162,"=AVERAGE($G$2:$G$830)","=AVERAGE($D$2:$D$830)","=IFERROR(($AT811-G811)/$AT811,0)","=IFERROR(($AU811-D811)/$AU811,0)","=$AU811-D811"
Beachfront Home! Steps from the Gulf of America! Quiet end of the peninsula!,,,49491,50316,380.7,42.76,361,3,2,12,true,false,false,true,true,false,false,Home/Apartment,House,House/villa,5,232,2,1,Luxury,false,215,false,130,40,2026-05-14,Galveston,Port Bolivar,Gilchrist,Texas,77617,United States,coastal,https://www.vrbo.com/1299330,"https://media.vrbo.com/lodging/34000000/33400000/33395400/33395375/97240aa8.jpg?impolicy=resizecrop&rw=1200&ra=fit",,1299330,29.496589,-94.528663,"=AVERAGE($G$2:$G$830)","=AVERAGE($D$2:$D$830)","=IFERROR(($AT812-G812)/$AT812,0)","=IFERROR(($AU812-D812)/$AU812,0)","=$AU812-D812"
"The Esscape - Beautiful 3rd row with large fenced yard, great views!",Cobb Real Estate,,49320,54299,440.36,46.47,318,3,2,10,false,false,false,true,true,true,false,Home/Apartment,House,House/villa,4.8,16,2,21+,Luxury,false,0,true,112,23,2026-04-01,Galveston,Port Bolivar,Port Bolivar,Texas,77650,United States,coastal,https://www.vrbo.com/2682737,"https://media.vrbo.com/lodging/76000000/75990000/75985300/75985228/4db3f726.jpg?impolicy=resizecrop&rw=1200&ra=fit",,2682737,29.46328,-94.61027,"=AVERAGE($G$2:$G$830)","=AVERAGE($D$2:$D$830)","=IFERROR(($AT813-G813)/$AT813,0)","=IFERROR(($AU813-D813)/$AU813,0)","=$AU813-D813"
HELLO SUNSHINE - Bayside home with a Amazing Gulf Views!! Sleeps 16,Cobb Real Estate,,49267,53763,394.14,41.39,329,3,3,16,false,false,false,true,true,true,false,Home/Apartment,House,House/villa,4.8,14,2,21+,Luxury,false,0,true,125,27,2026-05-15,Galveston,Port Bolivar,Gilchrist,Texas,77617,United States,coastal,https://www.vrbo.com/2626320,"https://media.vrbo.com/lodging/75000000/74660000/74651000/74650986/8a31e0eb.jpg?impolicy=resizecrop&rw=1200&ra=fit",,2626320,29.515706,-94.480312,"=AVERAGE($G$2:$G$830)","=AVERAGE($D$2:$D$830)","=IFERROR(($AT814-G814)/$AT814,0)","=IFERROR(($AU814-D814)/$AU814,0)","=$AU814-D814"
"Luis Laid Back | Tropical Views, Intimate Condo!",Ryson Vacation Rentals by Vtrips,,49258,59575,344.46,48.15,304,1,1,4,true,false,true,true,true,false,true,Home/Apartment,Condominium (condo),Apt/Condo/Loft,4.35,14,3,21+,Luxury,false,164,true,143,38,2026-05-16,Galveston,Galveston,Galveston,Texas,77551,United States,coastal,https://www.airbnb.com/rooms/721670102132032143,https://a0.muscache.com/im/pictures/prohost-api/Hosting-721670102132032143/original/191c031f-18eb-454e-b19a-04a7c31fb7e2.jpeg,721670102132032143,3025128,29.27225,-94.81675,"=AVERAGE($G$2:$G$830)","=AVERAGE($D$2:$D$830)","=IFERROR(($AT815-G815)/$AT815,0)","=IFERROR(($AU815-D815)/$AU815,0)","=$AU815-D815"
"2nd Row Charmer, Great Views & Easy Beach Access",Sand `N Sea Properties,,48642,69111,415.74,52.23,264,2,1,6,true,false,false,true,true,true,false,Home/Apartment,House,House/villa,4.3,7,2,21+,Luxury,false,293,true,117,38,2026-05-13,Galveston,Galveston,Galveston,Texas,77554,United States,coastal,https://www.airbnb.com/rooms/1379759999813240189,https://a0.muscache.com/im/pictures/prohost-api/Hosting-1379759999813240189/original/52607a98-c631-4977-a93d-c08d04575de5.jpeg,1379759999813240189,3668465,29.2040161875,-94.9347384472,"=AVERAGE($G$2:$G$830)","=AVERAGE($D$2:$D$830)","=IFERROR(($AT816-G816)/$AT816,0)","=IFERROR(($AU816-D816)/$AU816,0)","=$AU816-D816"
Beautiful newly renovated 1Bdrm/1  at the San Luis Resort overlooking the ocean,,,48386,65930,314.19,82.35,216,1,1,4,true,true,false,true,true,false,true,Home/Apartment,Condominium (condo),Apt/Condo/Loft,5,33,2,1,Luxury,false,150,false,154,12,2026-05-16,Galveston,Galveston,Galveston,Texas,77551,United States,coastal,https://www.vrbo.com/907781,"https://media.vrbo.com/lodging/34000000/33490000/33481900/33481882/2ea1967c.jpg?impolicy=resizecrop&rw=1200&ra=fit",,907781,29.272972,-94.817952,"=AVERAGE($G$2:$G$830)","=AVERAGE($D$2:$D$830)","=IFERROR(($AT817-G817)/$AT817,0)","=IFERROR(($AU817-D817)/$AU817,0)","=$AU817-D817"
Salty Pelican,Swedes Real Estate,,48384,57401,452.19,59.12,330,3,3,9,true,true,false,true,true,false,false,Home/Apartment,House,House/villa,4.9,9,2,21+,Luxury,false,385,true,107,19,2026-05-11,Galveston,Port Bolivar,Port Bolivar,Texas,77650,United States,coastal,https://www.airbnb.com/rooms/1120383278418146929,https://a0.muscache.com/im/pictures/hosting/Hosting-1120383278418146929/original/be6cfb01-890b-4bd2-b563-b5c6c35bdde4.jpeg,1120383278418146929,3817839,29.4437,-94.6555,"=AVERAGE($G$2:$G$830)","=AVERAGE($D$2:$D$830)","=IFERROR(($AT818-G818)/$AT818,0)","=IFERROR(($AU818-D818)/$AU818,0)","=$AU818-D818"
Luxury Beachfront Home in Pointe West,,,48280,53958,635.26,28.9,345,3,3,8,true,true,true,true,true,false,true,Home/Apartment,House,House/villa,4.9,75,3,1,Luxury,false,200,true,76,24,2026-05-17,Galveston,Galveston,Galveston,Texas,77554,United States,coastal,https://www.vrbo.com/1652550,"https://media.vrbo.com/lodging/38000000/37410000/37408300/37408286/02e360fa.jpg?impolicy=resizecrop&rw=1200&ra=fit",,1652550,29.10787,-95.08966,"=AVERAGE($G$2:$G$830)","=AVERAGE($D$2:$D$830)","=IFERROR(($AT819-G819)/$AT819,0)","=IFERROR(($AU819-D819)/$AU819,0)","=$AU819-D819"
"Hooked On A Feeling - 2nd row, Great views, beautiful house! Sleeps 13",Cobb Real Estate,,48196,66969,477.19,46.54,280,3,2,13,false,false,false,true,true,true,false,Home/Apartment,House,House/villa,4.9,23,2,21+,Luxury,false,0,true,101,23,2026-05-14,Galveston,Port Bolivar,Port Bolivar,Texas,77650,United States,coastal,https://www.vrbo.com/2612848,"https://media.vrbo.com/lodging/75000000/74430000/74429900/74429812/4d8f05b7.jpg?impolicy=resizecrop&rw=1200&ra=fit",,2612848,29.46593,-94.60427,"=AVERAGE($G$2:$G$830)","=AVERAGE($D$2:$D$830)","=IFERROR(($AT820-G820)/$AT820,0)","=IFERROR(($AU820-D820)/$AU820,0)","=$AU820-D820"
"Sea Isle Canal Retreat: Kayaks, Fishing, Pet Friendly & Cozy Comfort!",,,47848,51908,531.64,40.18,249,3,2,12,true,true,false,true,true,true,true,Home/Apartment,House,House/villa,5,107,2,1,Luxury,false,179,true,90,28,2026-05-01,Galveston,Galveston,Galveston,Texas,77554,United States,coastal,https://www.vrbo.com/2069199,"https://media.vrbo.com/lodging/59000000/58060000/58051300/58051242/8a7c5ab9.jpg?impolicy=resizecrop&rw=1200&ra=fit",,2069199,29.14512,-95.04983,"=AVERAGE($G$2:$G$830)","=AVERAGE($D$2:$D$830)","=IFERROR(($AT821-G821)/$AT821,0)","=IFERROR(($AU821-D821)/$AU821,0)","=$AU821-D821"
Retro Diner Heated Pool/HotTub Deck,90143704,,47732,58991,391.25,41.64,300,2,2,6,true,false,true,true,true,true,true,Home/Apartment,House,House/villa,4.95,115,1,6-20,Luxury,true,134,false,122,40,2026-05-13,Galveston,Dickinson,Bacliff,Texas,77518,United States,coastal,https://www.airbnb.com/rooms/825976400398328324,https://a0.muscache.com/im/pictures/b5d44fe7-e555-49d3-8b3a-fdefba0dfcef.jpg,825976400398328324,3550202,29.5113,-94.978,"=AVERAGE($G$2:$G$830)","=AVERAGE($D$2:$D$830)","=IFERROR(($AT822-G822)/$AT822,0)","=IFERROR(($AU822-D822)/$AU822,0)","=$AU822-D822"
"Tiny Home w/ hot tub, 2 blocks from the beach!",67125062,,47630,49911,221.53,61.6,349,1,1,6,true,false,true,true,true,true,false,Home/Apartment,Tiny house,Unique,4.95,252,2,1,Luxury,true,147,true,215,68,2026-05-11,Galveston,Galveston,Galveston,Texas,77550,United States,coastal,https://www.airbnb.com/rooms/555963317964237118,https://a0.muscache.com/im/pictures/miso/Hosting-555963317964237118/original/1f953099-17d9-46fd-a9dc-df55cc559d48.jpeg,555963317964237118,2927716,29.30095,-94.77927,"=AVERAGE($G$2:$G$830)","=AVERAGE($D$2:$D$830)","=IFERROR(($AT823-G823)/$AT823,0)","=IFERROR(($AU823-D823)/$AU823,0)","=$AU823-D823"
"2nd Row, Sleeps 20, Ocean Views *Silla Azul Villa*",323788215,,47602,67998,511.85,37.05,302,3,2,16,true,false,false,true,true,false,false,Home/Apartment,Villa,House/villa,4.85,103,2,2-5,Luxury,false,150,false,93,23,2026-05-13,Galveston,Port Bolivar,Port Bolivar,Texas,77650,United States,coastal,https://www.airbnb.com/rooms/41242022,https://a0.muscache.com/im/pictures/99a40415-281b-4451-9dae-bb4ff1de36c3.jpg,41242022,7634746ha,29.4724,-94.58807,"=AVERAGE($G$2:$G$830)","=AVERAGE($D$2:$D$830)","=IFERROR(($AT824-G824)/$AT824,0)","=IFERROR(($AU824-D824)/$AU824,0)","=$AU824-D824"
Amazing Location ~50 steps from Crystal Beach,477774284,,47532,48910,284.62,48.13,348,2,2,8,true,false,false,true,true,true,false,Home/Apartment,House,House/villa,4.95,104,2,1,Luxury,true,98,true,167,60,2026-05-13,Galveston,Port Bolivar,Port Bolivar,Texas,77650,United States,coastal,https://www.airbnb.com/rooms/706833073447130765,https://a0.muscache.com/im/pictures/miso/Hosting-706833073447130765/original/9dedf59b-81fa-4731-90fe-05526bb9dccc.jpeg,706833073447130765,2981417,29.45147,-94.63483,"=AVERAGE($G$2:$G$830)","=AVERAGE($D$2:$D$830)","=IFERROR(($AT825-G825)/$AT825,0)","=IFERROR(($AU825-D825)/$AU825,0)","=$AU825-D825"
0912 The Starfish Sanctuary,Galvestonian Condominium Association,,47503,48955,420.38,52.31,237,2,2,6,true,true,true,true,true,false,true,Home/Apartment,Condominium (condo),Apt/Condo/Loft,5,4,2,21+,Luxury,false,125,true,113,38,2026-05-13,Galveston,Galveston,Galveston,Texas,77550,United States,coastal,https://www.vrbo.com/3893972,"https://media.vrbo.com/lodging/104000000/103030000/103027300/103027243/8f679d86.jpg?impolicy=resizecrop&rw=1200&ra=fit",,3893972,29.318167,-94.751534,"=AVERAGE($G$2:$G$830)","=AVERAGE($D$2:$D$830)","=IFERROR(($AT826-G826)/$AT826,0)","=IFERROR(($AU826-D826)/$AU826,0)","=$AU826-D826"
Bay Dreamer,Be My Galveston Guest,,47396,49196,776.98,26.18,356,3,2,10,true,false,false,true,true,true,true,Home/Apartment,House,House/villa,4.35,89,2,21+,Luxury,true,322,true,61,24,2026-05-17,Galveston,Galveston,Galveston,Texas,77554,United States,coastal,https://www.airbnb.com/rooms/28836361,https://a0.muscache.com/im/pictures/miso/Hosting-28836361/original/7f288e47-7689-4790-a4a0-3392f5709b31.jpeg,28836361,1642569,29.2838,-94.8606,"=AVERAGE($G$2:$G$830)","=AVERAGE($D$2:$D$830)","=IFERROR(($AT827-G827)/$AT827,0)","=IFERROR(($AU827-D827)/$AU827,0)","=$AU827-D827"
"2nd Row Gulf View Home w/ Wood Floors, Comfortable Furnishings - Dogs Welcome!",Sand `N Sea Properties,,47260,47851,441.68,35.67,359,3,2,8,true,false,false,true,true,true,true,Home/Apartment,House,House/villa,4.9,11,2,21+,Luxury,false,100,true,107,19,2026-05-17,Galveston,Galveston,Galveston,Texas,77554,United States,coastal,https://www.vrbo.com/2641602,"https://media.vrbo.com/lodging/75000000/74850000/74842200/74842141/4a91d2ff.jpg?impolicy=resizecrop&rw=1200&ra=fit",,2641602,29.18154,-94.97383,"=AVERAGE($G$2:$G$830)","=AVERAGE($D$2:$D$830)","=IFERROR(($AT828-G828)/$AT828,0)","=IFERROR(($AU828-D828)/$AU828,0)","=$AU828-D828"
"Western Waves | Oceanfront, Heated Pool",Ryson Vacation Rentals by Vtrips,,47121,49785,475.97,38.08,315,3,2,8,true,true,true,true,true,false,true,Home/Apartment,Condominium (condo),Apt/Condo/Loft,4.7,10,3,21+,Luxury,false,230,true,99,29,2026-05-16,Galveston,Galveston,Galveston,Texas,77554,United States,coastal,https://www.airbnb.com/rooms/1354598035694925838,https://a0.muscache.com/im/pictures/prohost-api/Hosting-1354598035694925838/original/02bd209a-a0f0-466d-baba-de9893d9f4a9.jpeg,1354598035694925838,4453420,29.2424090243,-94.8681725443,"=AVERAGE($G$2:$G$830)","=AVERAGE($D$2:$D$830)","=IFERROR(($AT829-G829)/$AT829,0)","=IFERROR(($AU829-D829)/$AU829,0)","=$AU829-D829"
301 Costal Beachside Bliss Retreat | Luxury Gulf Escape | Sleeps 6,Galvestonian Condominium Association,,47121,52711,420.72,46.28,337,2,2,6,true,true,true,true,true,false,true,Home/Apartment,Condominium (condo),Apt/Condo/Loft,4.9,6,2,21+,Luxury,false,125,true,112,35,2026-05-16,Galveston,Galveston,Galveston,Texas,77550,United States,coastal,https://www.vrbo.com/4053827,"https://media.vrbo.com/lodging/107000000/106120000/106113400/106113382/w1024h767x0y1-13eccd8b.jpg?impolicy=resizecrop&rw=1200&ra=fit",,4053827,29.318233,-94.751565,"=AVERAGE($G$2:$G$830)","=AVERAGE($D$2:$D$830)","=IFERROR(($AT830-G830)/$AT830,0)","=IFERROR(($AU830-D830)/$AU830,0)","=$AU830-D830"
