Title,Property Manager/Host,Contact,Revenue,Revenue Potential,ADR,Occupancy,Days Available,Bedrooms,Bathrooms,Accommodates,Has Air Conditioning,Has Gym,Has Hot Tub,Has Kitchen,Has Parking,Has Pets,Has Pool,Listing Type,Property Type,Real Estate Type,Overall Rating,Number of Reviews,Minimum Stay,Host Unit Count,Price Tier,Airbnb Superhost,Cleaning Fee,Instant Book,Reserved Days,Number of Bookings,Last Update,AirDNA Market,AirDNA Subarket,City,State,Zipcode,Country,Location Type,Listing URL,Main Listing Image,Airbnb Property ID,Vrbo Property ID,Latitude,Longitude,Market Average Occupancy,Market Average Revenue,Occupancy Gap,Revenue % Gap,Revenue $ Gap
Huge Ski In/Out Estate w/ 12 Person Hot Tub,LUXE HAUS,,1111851,1153705,10794.67,37.87,356,11,10,16,true,true,true,true,true,true,false,Home/Apartment,House,House/villa,5,3,5,21+,Luxury,false,1685,true,103,20,2026-05-14,Utah Area,Heber City,Park City,Utah,84060,United States,mountains_lakes,https://www.airbnb.com/rooms/1341434034825314007,https://a0.muscache.com/im/pictures/prohost-api/Hosting-1341434034825314007/original/c1f90d95-dddf-4e8f-8c76-12f5707e89d0.jpeg,1341434034825314007,3918330,40.6364981141,-111.4619498584,=AVERAGE($G$2:$G$501),=AVERAGE($D$2:$D$501),"=IFERROR(($AT2-G2)/$AT2,0)","=IFERROR(($AU2-D2)/$AU2,0)",=$AU2-D2
Sky Ridge Retreat-Ultra Luxe Deer Crest Chalet!,Natural Retreats,,1035946,1178030,6203.27,57.59,317,7,7,16,false,false,true,true,true,false,false,Home/Apartment,House,House/villa,4.65,9,5,21+,Luxury,true,1403,true,167,41,2026-05-13,Utah Area,Heber City,Midway,Utah,84049,United States,mountains_lakes,https://www.airbnb.com/rooms/20471094,https://a0.muscache.com/im/pictures/prohost-api/Hosting-20471094/original/713352c7-b997-41ad-a0d2-0be6c9243ba1.jpeg,20471094,4529010ha,40.63239,-111.46928,=AVERAGE($G$2:$G$501),=AVERAGE($D$2:$D$501),"=IFERROR(($AT3-G3)/$AT3,0)","=IFERROR(($AU3-D3)/$AU3,0)",=$AU3-D3
Home in Midway - Shrt Drive to Deer Valley Gondola,All Seasons Resort Lodging,,819751,853669,5614.73,72.64,333,4,3,8,true,false,false,true,false,false,false,Home/Apartment,House,House/villa,5,5,30,21+,Luxury,false,350,true,146,3,2026-05-14,Utah Area,Heber City,Midway,Utah,84049,United States,mountains_lakes,https://www.airbnb.com/rooms/1208836584760162295,https://a0.muscache.com/im/pictures/prohost-api/Hosting-1208836584760162295/original/26d2412e-d3da-4ad8-9789-f0a447d32b45.jpeg,1208836584760162295,4116217,40.5188,-111.501,=AVERAGE($G$2:$G$501),=AVERAGE($D$2:$D$501),"=IFERROR(($AT4-G4)/$AT4,0)","=IFERROR(($AU4-D4)/$AU4,0)",=$AU4-D4
"Gym, Deck, Hot Tub, Hike, Bike | By InvitedHome",InvitedHome,,650987,675263,6199.88,35.12,347,6,9,14,false,true,true,true,true,false,false,Home/Apartment,House,House/villa,5,1,5,21+,Luxury,true,1399,true,105,16,2026-05-17,Utah Area,Heber City,Midway,Utah,84049,United States,mountains_lakes,https://www.airbnb.com/rooms/1369066085053577784,https://a0.muscache.com/im/pictures/prohost-api/Hosting-1369066085053577784/original/15830aa5-0d98-4f14-bbfa-62f70bc024a7.jpeg,1369066085053577784,20119925ha,40.6359426411,-111.4584070801,=AVERAGE($G$2:$G$501),=AVERAGE($D$2:$D$501),"=IFERROR(($AT5-G5)/$AT5,0)","=IFERROR(($AU5-D5)/$AU5,0)",=$AU5-D5
Deer Valley Modern Slopeside Sanctuary,544455360,,566620,582943,4260.3,53.41,354,7,7,16,true,true,true,true,true,true,false,Home/Apartment,House,House/villa,5,15,5,2-5,Luxury,false,1350,true,133,12,2026-05-17,Utah Area,Heber City,Park City,Utah,84060,United States,mountains_lakes,https://www.airbnb.com/rooms/1019671787293490820,https://a0.muscache.com/im/pictures/prohost-api/Hosting-1019671787293490820/original/af305b2c-9958-4857-bfb9-863dc08c508c.jpeg,1019671787293490820,3811774,40.6374,-111.4589,=AVERAGE($G$2:$G$501),=AVERAGE($D$2:$D$501),"=IFERROR(($AT6-G6)/$AT6,0)","=IFERROR(($AU6-D6)/$AU6,0)",=$AU6-D6
Dream Pointe - Hot Tub! Theatre! Elevator! Views!,Natural Retreats,,461439,471505,8873.83,27.23,363,6,6,14,true,false,true,true,true,false,false,Home/Apartment,House,House/villa,0,0,5,21+,Luxury,true,1189,true,52,11,2026-01-12,Utah Area,Heber City,Park City,Utah,84060,United States,mountains_lakes,https://www.airbnb.com/rooms/1268172539899874304,https://a0.muscache.com/im/pictures/prohost-api/Hosting-1268172539899874304/original/8d64b52b-d9ec-4f4f-b64d-8246ad588490.jpeg,1268172539899874304,20062728ha,40.6366396478,-111.4607851667,=AVERAGE($G$2:$G$501),=AVERAGE($D$2:$D$501),"=IFERROR(($AT7-G7)/$AT7,0)","=IFERROR(($AU7-D7)/$AU7,0)",=$AU7-D7
"8 Bedroom Deer Valley Masterpiece with endless views. Theater, hot tub, game room, ski-in/out",Summit Luxury Vacations,,446290,446290,10885.12,27.33,365,8,7,16,true,true,true,true,true,false,false,Home/Apartment,House,House/villa,5,2,4,21+,Luxury,false,1500,true,41,5,2026-05-14,Utah Area,Heber City,Midway,Utah,84049,United States,mountains_lakes,https://www.vrbo.com/2249959,https://media.vrbo.com/lodging/67000000/66170000/66160600/66160598/9b3a0327.jpg?impolicy=resizecrop&rw=1200&ra=fit,,2249959,40.634758,-111.468807,=AVERAGE($G$2:$G$501),=AVERAGE($D$2:$D$501),"=IFERROR(($AT8-G8)/$AT8,0)","=IFERROR(($AU8-D8)/$AU8,0)",=$AU8-D8
Silver Springs Lodge in the Heber Valley,Recreational Properties Unlimited,,437329,460411,2634.51,48.26,346,10,13,16,true,false,true,true,true,false,true,Home/Apartment,House,House/villa,4.9,46,2,6-20,Luxury,true,994,false,166,46,2026-05-11,Utah Area,Heber City,Heber City,Utah,84032,United States,mountains_lakes,https://www.airbnb.com/rooms/1151445030815303934,https://a0.muscache.com/im/pictures/prohost-api/Hosting-1151445030815303934/original/2b4efcf7-b124-4156-87e8-d8636fcc9b7a.jpeg,1151445030815303934,434648,40.49268,-111.31637,=AVERAGE($G$2:$G$501),=AVERAGE($D$2:$D$501),"=IFERROR(($AT9-G9)/$AT9,0)","=IFERROR(($AU9-D9)/$AU9,0)",=$AU9-D9
Deer Crest Escape-Ski-in/Ski-out! Hot Tub!,Natural Retreats,,367880,391046,7074.62,51.49,116,6,6,16,false,false,true,true,true,false,false,Home/Apartment,House,House/villa,0,0,5,21+,Luxury,true,1364,false,52,8,2026-05-14,Utah Area,Heber City,Park City,Utah,84060,United States,mountains_lakes,https://www.airbnb.com/rooms/1587827298324583969,https://a0.muscache.com/im/pictures/prohost-api/Hosting-1587827298324583969/original/35f8a9b9-c624-423b-9011-ac7a90abb4ea.jpeg,1587827298324583969,20235818ha,40.6370720802,-111.4614383546,=AVERAGE($G$2:$G$501),=AVERAGE($D$2:$D$501),"=IFERROR(($AT10-G10)/$AT10,0)","=IFERROR(($AU10-D10)/$AU10,0)",=$AU10-D10
"The Apres Haus, Deer Valley",61886461,,310985,383335,5015.89,30.69,309,6,10,16,true,false,true,true,true,false,true,Home/Apartment,House,House/villa,5,24,1,1,Luxury,false,900,true,62,15,2025-04-22,Utah Area,Heber City,Park City,Utah,84060,United States,mountains_lakes,https://www.airbnb.com/rooms/53186274,https://a0.muscache.com/im/pictures/miso/Hosting-53186274/original/86dd2c93-bad4-4afa-9f39-6e31eada314c.jpeg,53186274,2534967,40.63836,-111.46733,=AVERAGE($G$2:$G$501),=AVERAGE($D$2:$D$501),"=IFERROR(($AT11-G11)/$AT11,0)","=IFERROR(($AU11-D11)/$AU11,0)",=$AU11-D11
Founders Place 1701,672812517,,288280,315445,4886.1,50.86,200,4,3,14,true,true,true,true,true,false,true,Home/Apartment,Condominium (condo),Apt/Condo/Loft,0,0,5,6-20,Luxury,false,2377,true,59,11,2026-05-11,Utah Area,Heber City,Park City,Utah,84060,United States,mountains_lakes,https://www.airbnb.com/rooms/1512556813539457652,https://a0.muscache.com/im/pictures/prohost-api/Hosting-1512556813539457652/original/ac864a17-519c-4642-9e84-e10b795f8aa0.jpeg,1512556813539457652,4876106,40.6423566207,-111.4654509908,=AVERAGE($G$2:$G$501),=AVERAGE($D$2:$D$501),"=IFERROR(($AT12-G12)/$AT12,0)","=IFERROR(($AU12-D12)/$AU12,0)",=$AU12-D12
Villa above Jordanelle w/ hot tub & ski-in/out,Jaunt Vacation Rentals,,280455,426525,3789.93,36.1,288,6,4,12,true,false,true,true,true,false,false,Home/Apartment,Villa,House/villa,4.75,18,4,21+,Luxury,true,1362,true,74,16,2026-05-16,Utah Area,Heber City,Midway,Utah,84049,United States,mountains_lakes,https://www.airbnb.com/rooms/913208148320682954,https://a0.muscache.com/im/pictures/prohost-api/Hosting-913208148320682954/original/01f9044b-942c-4a29-84aa-c00e90ac6431.jpeg,913208148320682954,3458966,40.63759,-111.4541,=AVERAGE($G$2:$G$501),=AVERAGE($D$2:$D$501),"=IFERROR(($AT13-G13)/$AT13,0)","=IFERROR(($AU13-D13)/$AU13,0)",=$AU13-D13
7BR Deer Valley Ski In Ski Out Home w Theater,LUXE HAUS,,265459,285209,13971.53,21.84,268,6,7,16,true,true,true,true,true,true,false,Home/Apartment,House,House/villa,5,1,5,21+,Luxury,false,2000,true,19,4,2026-05-11,Utah Area,Heber City,Midway,Utah,84049,United States,mountains_lakes,https://www.airbnb.com/rooms/1485780733403346478,https://a0.muscache.com/im/pictures/prohost-api/Hosting-1485780733403346478/original/50b7f25f-16c5-43fe-ad6d-8ffa31860f62.jpeg,1485780733403346478,4749596,40.63642,-111.45827,=AVERAGE($G$2:$G$501),=AVERAGE($D$2:$D$501),"=IFERROR(($AT14-G14)/$AT14,0)","=IFERROR(($AU14-D14)/$AU14,0)",=$AU14-D14
Luxury Deer Springs Retreat  Luxu29,LUXEVACA,,257857,269093,1581.94,53.44,348,6,4,12,true,false,false,true,true,true,false,Home/Apartment,House,House/villa,4.7,7,2,21+,Luxury,true,821,true,163,33,2026-04-28,Utah Area,Heber City,Heber City,Utah,84032,United States,mountains_lakes,https://www.airbnb.com/rooms/1414632947339552761,https://a0.muscache.com/im/pictures/prohost-api/Hosting-1414632947339552761/original/fc1ab42f-faec-4776-83e4-75a836113dd0.jpeg,1414632947339552761,4689921,40.66433,-111.42009,=AVERAGE($G$2:$G$501),=AVERAGE($D$2:$D$501),"=IFERROR(($AT15-G15)/$AT15,0)","=IFERROR(($AU15-D15)/$AU15,0)",=$AU15-D15
Dreamscape 365 | Theater Room | Arcade & Hot Tub,Alpine Retreats,,251861,256978,5475.24,19.91,361,5,6,14,true,true,true,true,true,false,false,Home/Apartment,House,House/villa,5,9,5,21+,Luxury,true,775,false,46,10,2026-05-17,Utah Area,Heber City,Park City,Utah,84060,United States,mountains_lakes,https://www.airbnb.com/rooms/1061734848734434699,https://a0.muscache.com/im/pictures/prohost-api/Hosting-1061734848734434699/original/07cb2e51-2a4e-4400-ad16-2b3b62278050.jpeg,1061734848734434699,3781379,40.6381,-111.45952,=AVERAGE($G$2:$G$501),=AVERAGE($D$2:$D$501),"=IFERROR(($AT16-G16)/$AT16,0)","=IFERROR(($AU16-D16)/$AU16,0)",=$AU16-D16
Ski-In/Ski-Out Deer Crest Estate | 7BR | Hot Tubs,LUXE HAUS,,230288,230288,10966.1,22.34,151,7,7,16,false,false,true,true,true,false,false,Home/Apartment,House,House/villa,5,1,5,21+,Luxury,false,0,false,21,4,2026-05-17,Utah Area,Heber City,Park City,Utah,84060,United States,mountains_lakes,https://www.airbnb.com/rooms/1583452882928642593,https://a0.muscache.com/im/pictures/prohost-api/Hosting-1583452882928642593/original/b272cf82-32d7-4573-84c9-034d8b018c21.jpeg,1583452882928642593,5015219,40.63595,-111.46975,=AVERAGE($G$2:$G$501),=AVERAGE($D$2:$D$501),"=IFERROR(($AT17-G17)/$AT17,0)","=IFERROR(($AU17-D17)/$AU17,0)",=$AU17-D17
"Abode at Chateau Jordan, ski-in/out, Deer Valley",Abode Luxury Rentals,,229773,452369,5106.07,42.86,176,9,11,16,true,true,true,true,true,false,false,Home/Apartment,House,House/villa,5,5,1,21+,Luxury,true,1005,true,45,6,2026-05-16,Utah Area,Heber City,Park City,Utah,84060,United States,mountains_lakes,https://www.airbnb.com/rooms/675486381378453632,https://a0.muscache.com/im/pictures/prohost-api/Hosting-675486381378453632/original/fd5560b0-a8b8-4e71-86ab-0dd957c67d9d.jpeg,675486381378453632,2921250,40.63754,-111.46529,=AVERAGE($G$2:$G$501),=AVERAGE($D$2:$D$501),"=IFERROR(($AT18-G18)/$AT18,0)","=IFERROR(($AU18-D18)/$AU18,0)",=$AU18-D18
Ski-In/Ski-Out Luxury Retreat with Private Hot Tub,LUXE HAUS,,225457,225457,9018.28,31.65,365,5,6,14,true,true,true,true,true,true,false,Home/Apartment,House,House/villa,0,0,5,21+,Luxury,false,1674,true,25,4,2026-05-14,Utah Area,Heber City,Midway,Utah,84049,United States,mountains_lakes,https://www.airbnb.com/rooms/1341434225539827439,https://a0.muscache.com/im/pictures/prohost-api/Hosting-1341434225539827439/original/1e378ebd-0505-422e-8e5b-01d44f43a85d.jpeg,1341434225539827439,4165297,40.6326583453,-111.4672523985,=AVERAGE($G$2:$G$501),=AVERAGE($D$2:$D$501),"=IFERROR(($AT19-G19)/$AT19,0)","=IFERROR(($AU19-D19)/$AU19,0)",=$AU19-D19
"New Lux Mt. Views, hot tub, lake, Deer Valley",584007486,,220474,276807,1422.41,51.84,302,4,5,16,true,false,true,true,true,false,false,Home/Apartment,House,House/villa,5,17,3,1,Luxury,true,576,false,155,38,2026-05-17,Utah Area,Heber City,Heber City,Utah,84032,United States,mountains_lakes,https://www.airbnb.com/rooms/1181086530892923021,https://a0.muscache.com/im/pictures/hosting/Hosting-1181086530892923021/original/3ce73192-ee33-4d64-a5c6-9ab0379a7e31.jpeg,1181086530892923021,4057397,40.6507,-111.4345,=AVERAGE($G$2:$G$501),=AVERAGE($D$2:$D$501),"=IFERROR(($AT20-G20)/$AT20,0)","=IFERROR(($AU20-D20)/$AU20,0)",=$AU20-D20
Mountain Glade - Luxury Home! Hot Tub! Sauna!,Natural Retreats,,215616,283126,4146.46,38.81,301,6,8,16,false,false,true,true,true,false,false,Home/Apartment,House,House/villa,5,5,5,21+,Luxury,true,1197,true,52,7,2026-05-14,Utah Area,Heber City,Midway,Utah,84049,United States,mountains_lakes,https://www.airbnb.com/rooms/48543973,https://a0.muscache.com/im/pictures/prohost-api/Hosting-48543973/original/59807fa8-aa31-43be-b51b-2a98c503c51d.jpeg,48543973,4529009ha,40.63332,-111.46005,=AVERAGE($G$2:$G$501),=AVERAGE($D$2:$D$501),"=IFERROR(($AT21-G21)/$AT21,0)","=IFERROR(($AU21-D21)/$AU21,0)",=$AU21-D21
1592 Leo Court - Skyridge 6 Br Home with Hot Tub,Deer Valley Resort by RedAwning,,214089,219402,1877.97,41.91,313,6,5,16,true,false,true,true,true,false,false,Home/Apartment,House,House/villa,0,0,3,21+,Luxury,false,55,true,114,19,2025-08-26,Utah Area,Heber City,Heber City,Utah,84032,United States,mountains_lakes,https://www.airbnb.com/rooms/1313683480947339939,https://a0.muscache.com/im/pictures/prohost-api/Hosting-1313683480947339939/original/f2c65895-a076-49f5-be85-80dc6c6d4107.jpeg,1313683480947339939,20088552ha,40.645245,-111.440049,=AVERAGE($G$2:$G$501),=AVERAGE($D$2:$D$501),"=IFERROR(($AT22-G22)/$AT22,0)","=IFERROR(($AU22-D22)/$AU22,0)",=$AU22-D22
Majestic Ski In Ski Out Estate | DCR9850,Lespri Property Management,,206474,338832,4588.31,46.39,144,7,9,16,false,false,true,true,true,false,false,Home/Apartment,House,House/villa,4.6,7,5,21+,Luxury,false,1101,true,45,9,2026-05-15,Utah Area,Heber City,Midway,Utah,84049,United States,mountains_lakes,https://www.airbnb.com/rooms/36307513,https://a0.muscache.com/im/pictures/prohost-api/Hosting-36307513/original/f0cd25f4-aaa7-4087-b235-9698db03a5ac.jpeg,36307513,2012616,40.6345,-111.4692,=AVERAGE($G$2:$G$501),=AVERAGE($D$2:$D$501),"=IFERROR(($AT23-G23)/$AT23,0)","=IFERROR(($AU23-D23)/$AU23,0)",=$AU23-D23
"Discounted nights! Pool, Pickleball, Sleeps 44!",398756672,,202928,261203,1419.08,51.44,290,11,5,16,true,false,true,true,true,false,true,Home/Apartment,Cabin,House/villa,4.7,147,3,1,Luxury,false,692,false,143,36,2026-05-17,Utah Area,Heber City,Heber City,Utah,84032,United States,mountains_lakes,https://www.airbnb.com/rooms/49440860,https://a0.muscache.com/im/pictures/miso/Hosting-49440860/original/1a641817-39d7-4a00-9caa-2398267bfd65.jpeg,49440860,711406,40.50721,-111.36532,=AVERAGE($G$2:$G$501),=AVERAGE($D$2:$D$501),"=IFERROR(($AT24-G24)/$AT24,0)","=IFERROR(($AU24-D24)/$AU24,0)",=$AU24-D24
2505 Founders Place - Three Bedroom Deluxe,Deer Valley Resort by RedAwning,,196922,201416,5049.28,40.21,267,3,3,8,true,true,true,true,true,false,true,Home/Apartment,Condominium (condo),Apt/Condo/Loft,0,0,5,21+,Luxury,false,0,true,39,9,2026-05-11,Utah Area,Heber City,Park City,Utah,84060,United States,mountains_lakes,https://www.airbnb.com/rooms/1486901656501986216,https://a0.muscache.com/im/pictures/prohost-api/Hosting-1486901656501986216/original/c644067d-e7be-4e42-ae3d-8d004a0f79ee.jpeg,1486901656501986216,20185273ha,40.6416,-111.4687,=AVERAGE($G$2:$G$501),=AVERAGE($D$2:$D$501),"=IFERROR(($AT25-G25)/$AT25,0)","=IFERROR(($AU25-D25)/$AU25,0)",=$AU25-D25
Founders Place 2303,672812517,,191258,203233,4069.32,34.81,196,4,5,10,true,true,true,true,true,false,true,Home/Apartment,Condominium (condo),Apt/Condo/Loft,5,2,5,6-20,Luxury,false,953,true,47,9,2026-05-11,Utah Area,Heber City,Park City,Utah,84060,United States,mountains_lakes,https://www.airbnb.com/rooms/1534213036602540392,https://a0.muscache.com/im/pictures/prohost-api/Hosting-1534213036602540392/original/cfc70c09-743b-4baf-96d1-5ed10897a575.jpeg,1534213036602540392,4902659,40.6424379365,-111.4667906406,=AVERAGE($G$2:$G$501),=AVERAGE($D$2:$D$501),"=IFERROR(($AT26-G26)/$AT26,0)","=IFERROR(($AU26-D26)/$AU26,0)",=$AU26-D26
1504 Founders Place - Three Bedroom Deluxe,Deer Valley Resort by RedAwning,,190932,309047,4895.69,63.93,117,3,4,12,false,true,true,true,true,false,true,Home/Apartment,Condominium (condo),Apt/Condo/Loft,0,0,5,21+,Luxury,false,0,true,39,6,2026-03-09,Utah Area,Heber City,Park City,Utah,84060,United States,mountains_lakes,https://www.airbnb.com/rooms/1420223695947379343,https://a0.muscache.com/im/pictures/prohost-api/Hosting-1420223695947379343/original/8f05978e-3df2-4c07-b5a3-00d9ead098b3.jpeg,1420223695947379343,20148986ha,40.6416,-111.4687,=AVERAGE($G$2:$G$501),=AVERAGE($D$2:$D$501),"=IFERROR(($AT27-G27)/$AT27,0)","=IFERROR(($AU27-D27)/$AU27,0)",=$AU27-D27
11494 N Ursa Circle- Skyridge 5 Br Home W/ Hot Tub,Deer Valley Resort by RedAwning,,187992,257714,1593.15,62.77,287,5,4,16,true,false,true,true,true,false,false,Home/Apartment,House,House/villa,5,1,3,21+,Luxury,false,0,true,118,24,2026-05-17,Utah Area,Heber City,Heber City,Utah,84032,United States,mountains_lakes,https://www.airbnb.com/rooms/1350643820850866561,https://a0.muscache.com/im/pictures/hosting/Hosting-1350643820850866561/original/590d163b-7d2f-48d1-92f8-e8840804dbce.jpeg,1350643820850866561,20109217ha,40.6471,-111.4374,=AVERAGE($G$2:$G$501),=AVERAGE($D$2:$D$501),"=IFERROR(($AT28-G28)/$AT28,0)","=IFERROR(($AU28-D28)/$AU28,0)",=$AU28-D28
New! Deer Valley Retreat Ski-In/ski-Out W/pool,Deer Valley Resort by RedAwning,,176669,176669,5353.61,40.24,89,3,3,14,false,true,true,true,true,false,true,Home/Apartment,Condominium (condo),Apt/Condo/Loft,0,0,5,21+,Luxury,false,0,false,33,3,2026-05-17,Utah Area,Heber City,Park City,Utah,84060,United States,mountains_lakes,https://www.airbnb.com/rooms/1615187217363779412,https://a0.muscache.com/im/pictures/hosting/Hosting-1615187217363779412/original/a31b2745-927d-442a-9f22-e1658f18cab1.jpeg,1615187217363779412,20247995ha,40.6416,-111.4664,=AVERAGE($G$2:$G$501),=AVERAGE($D$2:$D$501),"=IFERROR(($AT29-G29)/$AT29,0)","=IFERROR(($AU29-D29)/$AU29,0)",=$AU29-D29
"Private Ranch Family Reunions, Retreats & Weddings",18427401,,174487,193068,1331.96,46.79,332,9,6,16,true,false,true,true,true,false,false,Home/Apartment,Cabin,House/villa,4.95,18,30,6-20,Luxury,false,450,false,131,47,2026-05-13,Utah Area,Heber City,Heber City,Utah,84032,United States,mountains_lakes,https://www.airbnb.com/rooms/1151613609554227680,https://a0.muscache.com/im/pictures/miso/Hosting-1151613609554227680/original/aaac6baf-4a62-45fe-872b-89f9e0c59f91.jpeg,1151613609554227680,,40.46549,-111.42076,=AVERAGE($G$2:$G$501),=AVERAGE($D$2:$D$501),"=IFERROR(($AT30-G30)/$AT30,0)","=IFERROR(($AU30-D30)/$AU30,0)",=$AU30-D30
Founders Place 1704,672812517,,168112,175748,5094.3,31.43,166,4,5,12,true,true,true,true,true,false,true,Home/Apartment,Condominium (condo),Apt/Condo/Loft,5,1,5,6-20,Luxury,false,1158,true,33,5,2026-05-11,Utah Area,Heber City,Park City,Utah,84060,United States,mountains_lakes,https://www.airbnb.com/rooms/1526916187515864713,https://a0.muscache.com/im/pictures/prohost-api/Hosting-1526916187515864713/original/9009b7bc-8473-4973-8f17-18c023adf83d.jpeg,1526916187515864713,4887077,40.64059,-111.46579,=AVERAGE($G$2:$G$501),=AVERAGE($D$2:$D$501),"=IFERROR(($AT31-G31)/$AT31,0)","=IFERROR(($AU31-D31)/$AU31,0)",=$AU31-D31
Deer Valley East | Ski | Yoga | Game Room | Luxury,Silver Peak Properties,,166256,207107,1213.55,48.07,298,5,5,16,true,true,true,true,true,true,false,Home/Apartment,House,House/villa,4.9,58,2,21+,Luxury,true,664,true,137,42,2026-05-11,Utah Area,Heber City,Heber City,Utah,84032,United States,mountains_lakes,https://www.airbnb.com/rooms/858113631512708350,https://a0.muscache.com/im/pictures/prohost-api/Hosting-858113631512708350/original/128fa698-6149-4d46-b781-8089cb39b3eb.jpeg,858113631512708350,3327610,40.6463,-111.438,=AVERAGE($G$2:$G$501),=AVERAGE($D$2:$D$501),"=IFERROR(($AT32-G32)/$AT32,0)","=IFERROR(($AU32-D32)/$AU32,0)",=$AU32-D32
"PRICE DROP! DEER CREST GATED COMMUNITY~ Elevator for all four floors, ski in/out",,,164811,614383,6867.12,55.81,49,6,9,22,true,true,true,true,true,false,false,Home/Apartment,House,House/villa,5,8,5,1,Luxury,false,1000,false,24,4,2025-11-01,Utah Area,Heber City,Midway,Utah,84049,United States,mountains_lakes,https://www.vrbo.com/2078434,https://media.vrbo.com/lodging/59000000/58870000/58864500/58864447/5bc78254.jpg?impolicy=resizecrop&rw=1200&ra=fit,,2078434,40.63684,-111.45884,=AVERAGE($G$2:$G$501),=AVERAGE($D$2:$D$501),"=IFERROR(($AT33-G33)/$AT33,0)","=IFERROR(($AU33-D33)/$AU33,0)",=$AU33-D33
"Home Theater, Gym, Hot Tub & Al Fresco Dining Area",AvantStay,,156329,214004,1563.29,45.05,255,6,6,14,true,false,true,true,true,false,false,Home/Apartment,House,House/villa,5,41,4,21+,Luxury,true,739,true,100,25,2026-05-17,Utah Area,Heber City,Heber City,Utah,84032,United States,mountains_lakes,https://www.airbnb.com/rooms/907419235566331144,https://a0.muscache.com/im/pictures/prohost-api/Hosting-907419235566331144/original/60362b56-7dfb-4763-9dd6-3726b2d577d2.jpeg,907419235566331144,3444569,40.65118,-111.44109,=AVERAGE($G$2:$G$501),=AVERAGE($D$2:$D$501),"=IFERROR(($AT34-G34)/$AT34,0)","=IFERROR(($AU34-D34)/$AU34,0)",=$AU34-D34
"Ski Dream Home-Ultra Luxe! Amazing Amenities, View",Natural Retreats,,149281,149281,14928.1,27.03,37,6,10,16,true,false,true,true,true,false,true,Home/Apartment,House,House/villa,5,1,5,21+,Luxury,true,1196,false,10,1,2025-10-25,Utah Area,Heber City,Midway,Utah,84049,United States,mountains_lakes,https://www.airbnb.com/rooms/53290952,https://a0.muscache.com/im/pictures/prohost-api/Hosting-53290952/original/0a622caa-1be7-436b-9f72-d2929aa6a00d.jpeg,53290952,9623290ha,40.63671,-111.46779,=AVERAGE($G$2:$G$501),=AVERAGE($D$2:$D$501),"=IFERROR(($AT35-G35)/$AT35,0)","=IFERROR(($AU35-D35)/$AU35,0)",=$AU35-D35
"Luxury Mountain Home, Park City, Deer Valley East",19416470,,148543,148764,2007.34,30.33,362,6,5,16,true,false,true,true,true,false,false,Home/Apartment,House,House/villa,4.95,28,3,1,Luxury,false,900,false,74,12,2026-05-17,Utah Area,Heber City,Heber City,Utah,84032,United States,mountains_lakes,https://www.airbnb.com/rooms/1015159838851813008,https://a0.muscache.com/im/pictures/hosting/Hosting-U3RheVN1cHBseUxpc3Rpbmc6MTAxNTE1OTgzODg1MTgxMzAwOA%3D%3D/original/d8efaf97-fcd0-4964-80a8-920c322c6805.jpeg,1015159838851813008,3676075,40.6529868894,-111.4329740912,=AVERAGE($G$2:$G$501),=AVERAGE($D$2:$D$501),"=IFERROR(($AT36-G36)/$AT36,0)","=IFERROR(($AU36-D36)/$AU36,0)",=$AU36-D36
Casa Sottovento- Your dream house,Summit Escapes,,147972,175128,3288.27,27.61,328,5,5,14,true,true,true,true,true,false,false,Home/Apartment,House,House/villa,5,7,4,6-20,Luxury,true,696,true,45,9,2026-05-17,Utah Area,Heber City,Heber City,Utah,84032,United States,mountains_lakes,https://www.airbnb.com/rooms/1322898165927602670,https://a0.muscache.com/im/pictures/prohost-api/Hosting-1322898165927602670/original/4262dd6c-5b75-4aad-9ab6-2d1b2e631675.jpeg,1322898165927602670,3982073,40.65406,-111.43086,=AVERAGE($G$2:$G$501),=AVERAGE($D$2:$D$501),"=IFERROR(($AT37-G37)/$AT37,0)","=IFERROR(($AU37-D37)/$AU37,0)",=$AU37-D37
Retreat at Deer Pointe-Ski-In/Ski-Out! Pool Table!,Natural Retreats,,141599,179430,9439.93,44.12,47,6,6,15,true,false,true,true,true,false,false,Home/Apartment,House,House/villa,5,1,5,21+,Luxury,true,1207,false,15,3,2026-05-13,Utah Area,Heber City,Park City,Utah,84060,United States,mountains_lakes,https://www.airbnb.com/rooms/1592899444260386721,https://a0.muscache.com/im/pictures/prohost-api/Hosting-1592899444260386721/original/b1dd18d5-55f8-48c3-9026-b995b85476e5.jpeg,1592899444260386721,,40.6388798057,-111.4601700852,=AVERAGE($G$2:$G$501),=AVERAGE($D$2:$D$501),"=IFERROR(($AT38-G38)/$AT38,0)","=IFERROR(($AU38-D38)/$AU38,0)",=$AU38-D38
"Spacious Home w/ Hot Tub, Pool Table, and More",Luxury Mountain Destinations LLC,,137651,137651,2597.19,58.24,91,5,5,14,true,false,true,true,true,false,true,Home/Apartment,House,House/villa,0,0,30,21+,Luxury,true,734,true,53,3,2025-02-18,Utah Area,Heber City,Kamas,Utah,84036,United States,mountains_lakes,https://www.airbnb.com/rooms/1018140311949066104,https://a0.muscache.com/im/pictures/prohost-api/Hosting-1018140311949066104/original/ccc99e50-4000-44a9-82b0-70a724913b6a.jpeg,1018140311949066104,3696276,40.62099,-111.36491,=AVERAGE($G$2:$G$501),=AVERAGE($D$2:$D$501),"=IFERROR(($AT39-G39)/$AT39,0)","=IFERROR(($AU39-D39)/$AU39,0)",=$AU39-D39
11981 N Gemini Way Skyridge 5br Home with Hot Tub,Deer Valley Resort by RedAwning,,137586,155091,1618.66,61.59,172,5,5,12,true,false,true,true,true,false,false,Home/Apartment,House,House/villa,5,1,3,21+,Luxury,false,0,true,85,16,2026-05-11,Utah Area,Heber City,Heber City,Utah,84032,United States,mountains_lakes,https://www.airbnb.com/rooms/1451387662532163496,https://a0.muscache.com/im/pictures/prohost-api/Hosting-1451387662532163496/original/547bd979-8b0f-430d-b6ae-006f452c6794.jpeg,1451387662532163496,20166614ha,40.6535,-111.4328,=AVERAGE($G$2:$G$501),=AVERAGE($D$2:$D$501),"=IFERROR(($AT40-G40)/$AT40,0)","=IFERROR(($AU40-D40)/$AU40,0)",=$AU40-D40
Private Ski Runs Deer Valley Deer Crest Lakeview,I Love Vacations - Park City,,132326,143074,1378.4,56.14,355,3,3,9,true,false,true,true,true,false,false,Home/Apartment,Townhouse,Apt/Condo/Loft,0,0,4,21+,Luxury,true,457,true,96,6,2026-05-17,Utah Area,Heber City,Midway,Utah,84049,United States,mountains_lakes,https://www.airbnb.com/rooms/1318117854991641863,https://a0.muscache.com/im/pictures/hosting/Hosting-1318117854991641863/original/76c091c5-c488-45cb-95ad-54359d44fe25.jpeg,1318117854991641863,4345572,40.6354,-111.4546,=AVERAGE($G$2:$G$501),=AVERAGE($D$2:$D$501),"=IFERROR(($AT41-G41)/$AT41,0)","=IFERROR(($AU41-D41)/$AU41,0)",=$AU41-D41
Skyridge Estate - Deer Valley Skiing,Park City Host,,127679,131133,834.5,49.84,351,3,4,10,true,false,true,true,true,false,false,Home/Apartment,House,House/villa,5,60,3,21+,Luxury,true,630,true,153,34,2026-05-13,Utah Area,Heber City,Heber City,Utah,84032,United States,mountains_lakes,https://www.airbnb.com/rooms/766001077840113334,https://a0.muscache.com/im/pictures/prohost-api/Hosting-766001077840113334/original/2c029c63-1150-4eec-8c48-c1860a4ebdf7.jpeg,766001077840113334,3121038,40.6428,-111.4382,=AVERAGE($G$2:$G$501),=AVERAGE($D$2:$D$501),"=IFERROR(($AT42-G42)/$AT42,0)","=IFERROR(($AU42-D42)/$AU42,0)",=$AU42-D42
Ski. Relax. Repeat. Your Deer Valley Modern Escape,I Love Vacations - Park City,,126883,139918,1787.08,45.81,196,6,6,14,true,false,true,true,true,false,false,Home/Apartment,House,House/villa,5,1,4,21+,Luxury,true,1240,true,71,11,2026-05-11,Utah Area,Heber City,Heber City,Utah,84032,United States,mountains_lakes,https://www.airbnb.com/rooms/1536455272397585534,https://a0.muscache.com/im/pictures/hosting/Hosting-1536455272397585534/original/21e723ec-2700-4b58-8934-551932be5e30.jpeg,1536455272397585534,4901704,40.6458,-111.4407,=AVERAGE($G$2:$G$501),=AVERAGE($D$2:$D$501),"=IFERROR(($AT43-G43)/$AT43,0)","=IFERROR(($AU43-D43)/$AU43,0)",=$AU43-D43
New lakeside townhouse 1.3 miles from Deer Valley.,143332187,,124160,179003,1940,70.33,167,4,3,8,true,false,true,true,true,false,false,Home/Apartment,Townhouse,Apt/Condo/Loft,0,0,3,1,Luxury,false,0,true,64,1,2026-05-15,Utah Area,Heber City,Heber City,Utah,84032,United States,mountains_lakes,https://www.airbnb.com/rooms/730429870674254575,https://a0.muscache.com/im/pictures/hosting/Hosting-730429870674254575/original/229c039b-c6c8-494a-9575-c1b6b1bf77d2.jpeg,730429870674254575,4481374,40.6286,-111.4334,=AVERAGE($G$2:$G$501),=AVERAGE($D$2:$D$501),"=IFERROR(($AT44-G44)/$AT44,0)","=IFERROR(($AU44-D44)/$AU44,0)",=$AU44-D44
Luxurious Mountain Retreat with Pool,Nestoria Estates,,123653,180909,1489.8,35.93,270,7,6,16,false,false,true,true,true,false,true,Home/Apartment,House,House/villa,4.65,25,3,21+,Luxury,true,799,true,83,26,2026-05-16,Utah Area,Heber City,Midway,Utah,84049,United States,mountains_lakes,https://www.airbnb.com/rooms/1170362136594045372,https://a0.muscache.com/im/pictures/prohost-api/Hosting-1170362136594045372/original/11b7fd4a-b5cf-4fe7-b3dc-07334bda45e8.jpeg,1170362136594045372,4818003,40.5583,-111.5252,=AVERAGE($G$2:$G$501),=AVERAGE($D$2:$D$501),"=IFERROR(($AT45-G45)/$AT45,0)","=IFERROR(($AU45-D45)/$AU45,0)",=$AU45-D45
"Luxe Getaway Ski, Soak, and Stay in Style",I Love Vacations - Park City,,123150,152315,1483.73,41.5,286,5,4,14,true,false,true,true,true,false,false,Home/Apartment,House,House/villa,5,1,3,21+,Luxury,true,1070,true,83,15,2026-05-15,Utah Area,Heber City,Heber City,Utah,84032,United States,mountains_lakes,https://www.airbnb.com/rooms/1450068750161398039,https://a0.muscache.com/im/pictures/hosting/Hosting-1450068750161398039/original/321fa19c-d4ce-4421-af28-dd33c7a9b0c1.jpeg,1450068750161398039,4656335,40.6424,-111.439,=AVERAGE($G$2:$G$501),=AVERAGE($D$2:$D$501),"=IFERROR(($AT46-G46)/$AT46,0)","=IFERROR(($AU46-D46)/$AU46,0)",=$AU46-D46
Mountain retreat w/ hot tub near Park City,Jaunt Vacation Rentals,,118278,127692,1598.35,32.17,350,4,4,16,true,true,true,true,true,false,true,Home/Apartment,House,House/villa,4.7,24,3,21+,Luxury,true,499,true,74,12,2026-05-13,Utah Area,Heber City,Kamas,Utah,84036,United States,mountains_lakes,https://www.airbnb.com/rooms/1158680038497464093,https://a0.muscache.com/im/pictures/prohost-api/Hosting-1158680038497464093/original/8f76ed9b-931e-41f5-ad61-6bd774ba940c.jpeg,1158680038497464093,4009603,40.66964,-111.42887,=AVERAGE($G$2:$G$501),=AVERAGE($D$2:$D$501),"=IFERROR(($AT47-G47)/$AT47,0)","=IFERROR(($AU47-D47)/$AU47,0)",=$AU47-D47
Luxury Lodge Ski and Swim  Midway Utah,356767668,,117111,134805,1649.45,39.01,321,7,7,16,true,true,true,true,true,false,true,Home/Apartment,House,House/villa,4.7,25,3,1,Luxury,false,800,true,71,11,2026-05-13,Utah Area,Heber City,Midway,Utah,84049,United States,mountains_lakes,https://www.airbnb.com/rooms/44264649,https://a0.muscache.com/im/pictures/f55db3ff-e4b0-46cd-ba60-37e52886ccda.jpg,44264649,2131790,40.55871,-111.52506,=AVERAGE($G$2:$G$501),=AVERAGE($D$2:$D$501),"=IFERROR(($AT48-G48)/$AT48,0)","=IFERROR(($AU48-D48)/$AU48,0)",=$AU48-D48
Luxury Heber House,433840294,,116063,139366,1137.87,36.96,321,7,5,16,true,false,true,true,true,false,false,Home/Apartment,House,House/villa,5,21,3,1,Luxury,true,691,true,102,26,2026-05-13,Utah Area,Heber City,Heber City,Utah,84032,United States,mountains_lakes,https://www.airbnb.com/rooms/1221854911779890167,https://a0.muscache.com/im/pictures/miso/Hosting-1221854911779890167/original/c84c1701-a13a-4933-b578-3089f1456753.jpeg,1221854911779890167,4184575,40.49186,-111.34638,=AVERAGE($G$2:$G$501),=AVERAGE($D$2:$D$501),"=IFERROR(($AT49-G49)/$AT49,0)","=IFERROR(($AU49-D49)/$AU49,0)",=$AU49-D49
"Cobble Creek Ranch 8k sq. ft Sleeps 30+, 40 acres",18427401,,112596,188509,1309.26,33.08,273,8,7,16,true,false,true,true,true,false,false,Home/Apartment,House,House/villa,4.45,82,3,6-20,Luxury,false,500,false,86,30,2020-10-12,Utah Area,Heber City,Heber City,Utah,84032,United States,mountains_lakes,https://www.airbnb.com/rooms/23884112,https://a0.muscache.com/im/pictures/83bc8f21-1ff1-4e33-b01f-7d3bcb528532.jpg?aki_policy=x_large,23884112,1375668,40.46642,-111.42214,=AVERAGE($G$2:$G$501),=AVERAGE($D$2:$D$501),"=IFERROR(($AT50-G50)/$AT50,0)","=IFERROR(($AU50-D50)/$AU50,0)",=$AU50-D50
"Luxury Corner Suite, Private Hot Tub, walk to lift",Longitude Experience,,110749,119399,1457.22,29.01,347,4,3,10,true,false,true,true,true,false,false,Home/Apartment,Condominium (condo),Apt/Condo/Loft,4.9,10,2,21+,Luxury,true,375,true,76,18,2026-05-15,Utah Area,Heber City,Midway,Utah,84049,United States,mountains_lakes,https://www.airbnb.com/rooms/1456024270636887498,https://a0.muscache.com/im/pictures/prohost-api/Hosting-1456024270636887498/original/b383b91a-428f-458e-a103-cac5a33e09ee.jpeg,1456024270636887498,4477202,40.6206,-111.4419,=AVERAGE($G$2:$G$501),=AVERAGE($D$2:$D$501),"=IFERROR(($AT51-G51)/$AT51,0)","=IFERROR(($AU51-D51)/$AU51,0)",=$AU51-D51
Luxurious Tuhaye Home with Mountain Views,Luxury Mountain Destinations LLC,,103992,144585,1485.6,72.16,252,4,4,10,true,false,false,true,true,false,false,Home/Apartment,House,House/villa,0,0,30,21+,Luxury,true,3066,true,70,3,2026-05-14,Utah Area,Heber City,Kamas,Utah,84036,United States,mountains_lakes,https://www.airbnb.com/rooms/1018152548789084268,https://a0.muscache.com/im/pictures/prohost-api/Hosting-1018152548789084268/original/d454a545-738b-49a2-88b2-154808d3cb64.jpeg,1018152548789084268,3696273,40.62218,-111.35459,=AVERAGE($G$2:$G$501),=AVERAGE($D$2:$D$501),"=IFERROR(($AT52-G52)/$AT52,0)","=IFERROR(($AU52-D52)/$AU52,0)",=$AU52-D52
INCREDIBLE SKI-IN-SKI-OUT HOME IN DEER VALLEY UTAH,144850270,,102421,118724,1347.64,67.86,351,5,5,14,true,false,true,true,true,false,false,Home/Apartment,Townhouse,Apt/Condo/Loft,4.9,64,5,2-5,Luxury,false,500,false,76,12,2026-05-17,Utah Area,Heber City,Midway,Utah,84049,United States,mountains_lakes,https://www.airbnb.com/rooms/20306917,https://a0.muscache.com/im/pictures/hosting/Hosting-20306917/original/1bdeec0b-28c2-477f-bd2c-f585fd37257b.png,20306917,659475,40.63565,-111.4553,=AVERAGE($G$2:$G$501),=AVERAGE($D$2:$D$501),"=IFERROR(($AT53-G53)/$AT53,0)","=IFERROR(($AU53-D53)/$AU53,0)",=$AU53-D53
Powder Haus-Ski In/Ski Out Townhouse! Deer Crest!,Natural Retreats,,101300,195889,2665.79,48.72,326,4,5,13,true,false,true,true,true,false,false,Home/Apartment,Townhouse,Apt/Condo/Loft,5,2,5,21+,Luxury,true,885,true,38,6,2026-05-17,Utah Area,Heber City,Park City,Utah,84060,United States,mountains_lakes,https://www.airbnb.com/rooms/50869419,https://a0.muscache.com/im/pictures/prohost-api/Hosting-50869419/original/ba1609ba-9f30-4391-9b53-fc5732e7add6.jpeg,50869419,9573473ha,40.64023,-111.45664,=AVERAGE($G$2:$G$501),=AVERAGE($D$2:$D$501),"=IFERROR(($AT54-G54)/$AT54,0)","=IFERROR(($AU54-D54)/$AU54,0)",=$AU54-D54
1868 W Skyridge Drive 4 Bedroom Home with Hot Tub,Deer Valley Resort by RedAwning,,99216,118322,1224.89,37.85,282,4,4,14,true,false,true,true,false,false,false,Home/Apartment,House,House/villa,5,3,3,21+,Luxury,false,0,true,81,20,2026-05-15,Utah Area,Heber City,Heber City,Utah,84032,United States,mountains_lakes,https://www.airbnb.com/rooms/1447763982002272078,https://a0.muscache.com/im/pictures/prohost-api/Hosting-1447763982002272078/original/de5683d1-0bf9-4480-ad6c-3f0c81fcadb3.jpeg,1447763982002272078,20164919ha,40.6479,-111.4456,=AVERAGE($G$2:$G$501),=AVERAGE($D$2:$D$501),"=IFERROR(($AT55-G55)/$AT55,0)","=IFERROR(($AU55-D55)/$AU55,0)",=$AU55-D55
Lakeview - minutes outside of Park City,Park City Host,,98714,105450,649.43,47.5,336,4,5,12,true,false,false,true,true,false,false,Home/Apartment,House,House/villa,5,44,3,21+,Luxury,true,450,true,152,37,2026-05-11,Utah Area,Heber City,Heber City,Utah,84032,United States,mountains_lakes,https://www.airbnb.com/rooms/922562824100098514,https://a0.muscache.com/im/pictures/prohost-api/Hosting-922562824100098514/original/69acb0b5-991a-4eed-ad8c-e2a5c17ecd5e.jpeg,922562824100098514,3481272,40.6619,-111.4183,=AVERAGE($G$2:$G$501),=AVERAGE($D$2:$D$501),"=IFERROR(($AT56-G56)/$AT56,0)","=IFERROR(($AU56-D56)/$AU56,0)",=$AU56-D56
"Perfect Outdoor Getaway! 4 Relaxing Units w/Pool, Golf Nearby Attractions!",BnBerry,,98278,125611,1511.97,28.76,277,4,4,16,true,false,false,false,false,false,false,Home/Apartment,House,House/villa,0,0,1,21+,Luxury,false,0,true,65,34,2026-04-01,Utah Area,Heber City,Midway,Utah,84049,United States,mountains_lakes,https://www.vrbo.com/4641689,https://media.vrbo.com/lodging/118000000/117570000/117569800/117569738/cb921fc4.jpg?impolicy=resizecrop&rw=1200&ra=fit,,4641689,40.53182,-111.48763,=AVERAGE($G$2:$G$501),=AVERAGE($D$2:$D$501),"=IFERROR(($AT57-G57)/$AT57,0)","=IFERROR(($AU57-D57)/$AU57,0)",=$AU57-D57
Modern mountain retreat with stunning lake views,345206247,,94701,115251,623.03,63.33,304,3,2,8,true,false,false,true,true,false,false,Home/Apartment,House,House/villa,5,11,3,1,Luxury,false,200,false,152,22,2026-05-11,Utah Area,Heber City,Kamas,Utah,84036,United States,mountains_lakes,https://www.airbnb.com/rooms/1169758695088165979,https://a0.muscache.com/im/pictures/hosting/Hosting-1169758695088165979/original/39b60555-0bd2-40a4-b2a4-398c0aae060d.jpeg,1169758695088165979,4472754,40.64849,-111.39996,=AVERAGE($G$2:$G$501),=AVERAGE($D$2:$D$501),"=IFERROR(($AT58-G58)/$AT58,0)","=IFERROR(($AU58-D58)/$AU58,0)",=$AU58-D58
Amazing house and views! Mayflower Moose Tracks,I Love Vacations - Park City,,92976,134447,726.38,66.32,233,4,4,9,true,false,true,true,true,false,false,Home/Apartment,House,House/villa,5,11,3,21+,Luxury,true,836,true,128,22,2026-03-15,Utah Area,Heber City,Heber City,Utah,84032,United States,mountains_lakes,https://www.airbnb.com/rooms/1086232351127647049,https://a0.muscache.com/im/pictures/prohost-api/Hosting-1086232351127647049/original/72e8c0e0-42b2-4270-a1c6-d9420da3d173.jpeg,1086232351127647049,3854435,40.6455,-111.439,=AVERAGE($G$2:$G$501),=AVERAGE($D$2:$D$501),"=IFERROR(($AT59-G59)/$AT59,0)","=IFERROR(($AU59-D59)/$AU59,0)",=$AU59-D59
"Snowcap Estate | Hot Tub, Sauna, Views, Theater",RedAwning,,91898,154964,1670.87,48.67,130,6,4,12,true,false,true,true,true,false,false,Home/Apartment,House,House/villa,5,16,4,21+,Luxury,true,750,false,55,12,2026-05-11,Utah Area,Heber City,Heber City,Utah,84032,United States,mountains_lakes,https://www.airbnb.com/rooms/1315400047787549559,https://a0.muscache.com/im/pictures/hosting/Hosting-U3RheVN1cHBseUxpc3Rpbmc6MTMxNTQwMDA0Nzc4NzU0OTU1OQ%3D%3D/original/7d39a19e-74ab-4399-acac-954ab3b1569b.jpeg,1315400047787549559,,40.64362,-111.43806,=AVERAGE($G$2:$G$501),=AVERAGE($D$2:$D$501),"=IFERROR(($AT60-G60)/$AT60,0)","=IFERROR(($AU60-D60)/$AU60,0)",=$AU60-D60
"6BR SkyRidge | Hot Tub, Sauna, Views, Sleeps 16",Casago,,85196,99629,1893.24,37.5,146,6,4,16,true,false,true,true,false,false,false,Home/Apartment,House,House/villa,5,6,5,21+,Luxury,true,768,true,45,10,2026-05-11,Utah Area,Heber City,Heber City,Utah,84032,United States,mountains_lakes,https://www.airbnb.com/rooms/1546354123027840567,https://a0.muscache.com/im/pictures/prohost-api/Hosting-1546354123027840567/original/895d7d85-5a7f-4e6d-afbc-ef40cdf414e6.jpeg,1546354123027840567,4928577,40.652491761,-111.4375006011,=AVERAGE($G$2:$G$501),=AVERAGE($D$2:$D$501),"=IFERROR(($AT61-G61)/$AT61,0)","=IFERROR(($AU61-D61)/$AU61,0)",=$AU61-D61
Luxury Home w/ Views - Private Hot Tub & Sauna!,Mountain Vacation Lodging,,84860,136528,1844.78,57.5,312,3,4,10,true,false,true,true,true,false,false,Home/Apartment,Townhouse,Apt/Condo/Loft,5,29,3,21+,Luxury,true,663,true,46,9,2026-05-13,Utah Area,Heber City,Midway,Utah,84049,United States,mountains_lakes,https://www.airbnb.com/rooms/1191340435160917850,https://a0.muscache.com/im/pictures/prohost-api/Hosting-1191340435160917850/original/c52a734b-1182-4ea9-9a93-5a4ce65e08fd.jpeg,1191340435160917850,9979137ha,40.63587,-111.45486,=AVERAGE($G$2:$G$501),=AVERAGE($D$2:$D$501),"=IFERROR(($AT62-G62)/$AT62,0)","=IFERROR(($AU62-D62)/$AU62,0)",=$AU62-D62
Pool & Premium Perks | Deer Valley East Luxe Stay,I Love Vacations - Park City,,83773,84555,872.64,46.6,357,2,2,8,true,true,true,true,false,false,true,Home/Apartment,Condominium (condo),Apt/Condo/Loft,4.8,5,2,21+,Luxury,true,432,true,96,23,2026-05-13,Utah Area,Heber City,Midway,Utah,84049,United States,mountains_lakes,https://www.airbnb.com/rooms/1305041016227034210,https://a0.muscache.com/im/pictures/hosting/Hosting-1305041016227034210/original/419c0044-f8a5-4b76-a57d-9d0c75019ba0.jpeg,1305041016227034210,4319263,40.6206,-111.4419,=AVERAGE($G$2:$G$501),=AVERAGE($D$2:$D$501),"=IFERROR(($AT63-G63)/$AT63,0)","=IFERROR(($AU63-D63)/$AU63,0)",=$AU63-D63
Hot Tub|Snowy Lake  Mtn Views |Gorgeous New Home,PMI Mountain Collection,,82952,87369,471.32,52.38,336,3,2,8,true,false,true,true,true,false,false,Home/Apartment,Townhouse,Apt/Condo/Loft,5,37,4,21+,Luxury,true,500,true,176,32,2026-05-13,Utah Area,Heber City,Kamas,Utah,84036,United States,mountains_lakes,https://www.airbnb.com/rooms/945779526840873055,https://a0.muscache.com/im/pictures/prohost-api/Hosting-945779526840873055/original/ca58397b-15f6-4a65-9782-79dbb891286a.jpeg,945779526840873055,3663372,40.6496,-111.4019,=AVERAGE($G$2:$G$501),=AVERAGE($D$2:$D$501),"=IFERROR(($AT64-G64)/$AT64,0)","=IFERROR(($AU64-D64)/$AU64,0)",=$AU64-D64
DreamView | Family-Friendly | Hot Tub,Alpine Retreats,,82031,82652,3566.57,15.86,364,5,7,10,true,false,true,true,true,false,false,Home/Apartment,House,House/villa,5,5,5,21+,Luxury,true,775,false,23,5,2026-05-14,Utah Area,Heber City,Midway,Utah,84049,United States,mountains_lakes,https://www.airbnb.com/rooms/1329838930894232177,https://a0.muscache.com/im/pictures/prohost-api/Hosting-1329838930894232177/original/370c242b-41bd-4f5a-a85b-95abe1d1299b.jpeg,1329838930894232177,4371102,40.6378281062,-111.4570285367,=AVERAGE($G$2:$G$501),=AVERAGE($D$2:$D$501),"=IFERROR(($AT65-G65)/$AT65,0)","=IFERROR(($AU65-D65)/$AU65,0)",=$AU65-D65
Moose Mgmt at Deer Springs 12797 Pvt Hot Tub-Views,Vacation Rentals Park City LLC,,80822,85127,715.24,42.01,338,4,4,14,true,false,true,true,true,false,false,Home/Apartment,House,House/villa,4.65,24,2,21+,Luxury,false,922,true,113,26,2026-05-13,Utah Area,Heber City,Heber City,Utah,84032,United States,mountains_lakes,https://www.airbnb.com/rooms/756036907422835353,https://a0.muscache.com/im/pictures/prohost-api/Hosting-756036907422835353/original/4cba0846-df7b-48b1-be6e-44e53ec964f8.jpeg,756036907422835353,9753612ha,40.66388,-111.42033,=AVERAGE($G$2:$G$501),=AVERAGE($D$2:$D$501),"=IFERROR(($AT66-G66)/$AT66,0)","=IFERROR(($AU66-D66)/$AU66,0)",=$AU66-D66
1067/69 • Zermatt Family 2BR Villa By Deer Valley,Stay Midway,,80314,90958,275.05,92.7,322,2,2,8,true,true,true,true,true,true,true,Home/Apartment,Condominium (condo),Apt/Condo/Loft,0,0,2,21+,Luxury,false,120,true,292,46,2026-02-12,Utah Area,Heber City,Midway,Utah,84049,United States,mountains_lakes,https://www.airbnb.com/rooms/1409593480951155518,https://a0.muscache.com/im/pictures/prohost-api/Hosting-1409593480951155518/original/c43b2a7e-3f37-46a5-afd5-7cdc7309467a.jpeg,1409593480951155518,4894760,40.5254593979,-111.4906570299,=AVERAGE($G$2:$G$501),=AVERAGE($D$2:$D$501),"=IFERROR(($AT67-G67)/$AT67,0)","=IFERROR(($AU67-D67)/$AU67,0)",=$AU67-D67
Mason 2BR- Pool & Free Ski Shuttle to East Village,LUXE HAUS,,80104,92561,1068.05,90.36,304,2,2,6,true,false,true,true,true,false,true,Home/Apartment,Condominium (condo),Apt/Condo/Loft,0,0,5,21+,Luxury,false,556,true,75,3,2026-05-13,Utah Area,Heber City,Heber City,Utah,84032,United States,mountains_lakes,https://www.airbnb.com/rooms/1435776162524878851,https://a0.muscache.com/im/pictures/prohost-api/Hosting-1435776162524878851/original/6454c1a6-76bf-433e-b84e-9aa53d2f5dce.jpeg,1435776162524878851,4626267,40.62737,-111.43711,=AVERAGE($G$2:$G$501),=AVERAGE($D$2:$D$501),"=IFERROR(($AT68-G68)/$AT68,0)","=IFERROR(($AU68-D68)/$AU68,0)",=$AU68-D68
"Luxurious Condo | Mountain Views, 20 New Ski Runs",Luxus Vacation Properties,,79823,93328,886.92,38.96,332,2,2,6,true,true,true,true,true,false,true,Home/Apartment,Condominium (condo),Apt/Condo/Loft,5,10,2,21+,Luxury,true,535,true,90,25,2026-05-16,Utah Area,Heber City,Midway,Utah,84049,United States,mountains_lakes,https://www.airbnb.com/rooms/1340826072779575456,https://a0.muscache.com/im/pictures/prohost-api/Hosting-1340826072779575456/original/9b6f42ae-3750-44d0-84bd-cea5ffd15ab9.jpeg,1340826072779575456,4399911,40.6206,-111.4419,=AVERAGE($G$2:$G$501),=AVERAGE($D$2:$D$501),"=IFERROR(($AT69-G69)/$AT69,0)","=IFERROR(($AU69-D69)/$AU69,0)",=$AU69-D69
"Modern Cottage w/Kitchen, Fireplace, Breathtaking Outdoor & Crater Hot Spring",BnBerry,,78784,98811,1231,27.12,300,3,1,10,true,false,false,false,false,false,false,Home/Apartment,House,House/villa,0,0,3,21+,Luxury,false,0,true,64,20,2026-04-01,Utah Area,Heber City,Midway,Utah,84049,United States,mountains_lakes,https://www.vrbo.com/4641663,https://media.vrbo.com/lodging/118000000/117570000/117569700/117569651/824fafd5.jpg?impolicy=resizecrop&rw=1200&ra=fit,,4641663,40.53182,-111.48763,=AVERAGE($G$2:$G$501),=AVERAGE($D$2:$D$501),"=IFERROR(($AT70-G70)/$AT70,0)","=IFERROR(($AU70-D70)/$AU70,0)",=$AU70-D70
Moose Mgmt at Retreat 1147: Pvt Hot Tub-Fast WiFi,Vacation Rentals Park City LLC,,78592,87618,623.75,44.06,324,4,3,14,true,false,true,true,true,true,true,Home/Apartment,Townhouse,Apt/Condo/Loft,4.95,16,2,21+,Luxury,false,748,true,126,26,2026-04-14,Utah Area,Heber City,Heber City,Utah,84032,United States,mountains_lakes,https://www.airbnb.com/rooms/1051612418184664175,https://a0.muscache.com/im/pictures/prohost-api/Hosting-1051612418184664175/original/1df41c86-8979-480a-aa86-eb64d490a8e7.jpeg,1051612418184664175,9911248ha,40.6728,-111.4337,=AVERAGE($G$2:$G$501),=AVERAGE($D$2:$D$501),"=IFERROR(($AT71-G71)/$AT71,0)","=IFERROR(($AU71-D71)/$AU71,0)",=$AU71-D71
Hot tub & amazing Deer Valley views near Park City,35155150,,78044,84307,424.15,54.44,338,3,2,10,true,false,true,true,true,false,false,Home/Apartment,Townhouse,Apt/Condo/Loft,5,68,2,2-5,Luxury,true,250,false,184,45,2026-05-10,Utah Area,Heber City,Kamas,Utah,84036,United States,mountains_lakes,https://www.airbnb.com/rooms/979242230028587068,https://a0.muscache.com/im/pictures/hosting/Hosting-U3RheVN1cHBseUxpc3Rpbmc6OTc5MjQyMjMwMDI4NTg3MDY4/original/e67b165b-2fec-45dc-bd01-93a29090b17a.jpeg,979242230028587068,,40.6486017084,-111.4003233746,=AVERAGE($G$2:$G$501),=AVERAGE($D$2:$D$501),"=IFERROR(($AT72-G72)/$AT72,0)","=IFERROR(($AU72-D72)/$AU72,0)",=$AU72-D72
"Deer Valley condo w/ pool, hot tub & resort acces",Jaunt Vacation Rentals,,77305,106559,2208.71,29.91,252,3,3,8,true,true,true,true,true,false,true,Home/Apartment,Condominium (condo),Apt/Condo/Loft,0,0,3,21+,Luxury,true,365,true,35,5,2026-05-15,Utah Area,Heber City,Midway,Utah,84049,United States,mountains_lakes,https://www.airbnb.com/rooms/1426903841327401550,https://a0.muscache.com/im/pictures/prohost-api/Hosting-1426903841327401550/original/d48ba8e7-d402-4c2b-bdc9-60a2866c1206.jpeg,1426903841327401550,4605610,40.62141,-111.44221,=AVERAGE($G$2:$G$501),=AVERAGE($D$2:$D$501),"=IFERROR(($AT73-G73)/$AT73,0)","=IFERROR(($AU73-D73)/$AU73,0)",=$AU73-D73
"Large Luxury incredible views,10 min. to Mayflower",89759189,,77261,85167,1016.59,33.48,344,8,5,16,true,false,true,true,true,false,false,Home/Apartment,House,House/villa,5,28,5,1,Luxury,false,400,true,76,8,2026-05-16,Utah Area,Heber City,Heber City,Utah,84032,United States,mountains_lakes,https://www.airbnb.com/rooms/38460677,https://a0.muscache.com/im/pictures/8f8cec5c-b049-48bc-b06c-2d9666f5cb60.jpg,38460677,2392894,40.52291,-111.40708,=AVERAGE($G$2:$G$501),=AVERAGE($D$2:$D$501),"=IFERROR(($AT74-G74)/$AT74,0)","=IFERROR(($AU74-D74)/$AU74,0)",=$AU74-D74
*NEW* Luxury 5 Bd Deer Valley East Village,473324459,,77244,82005,1931.1,20.73,282,5,4,12,true,true,true,true,true,false,false,Home/Apartment,House,House/villa,4.95,23,100,1,Luxury,false,498,true,40,9,2026-05-16,Utah Area,Heber City,Heber City,Utah,84032,United States,mountains_lakes,https://www.airbnb.com/rooms/711056596409515032,https://a0.muscache.com/im/pictures/miso/Hosting-711056596409515032/original/d68dffae-1b9d-4ce4-a862-292cd4cdfc05.jpeg,711056596409515032,2944991,40.64467,-111.43693,=AVERAGE($G$2:$G$501),=AVERAGE($D$2:$D$501),"=IFERROR(($AT75-G75)/$AT75,0)","=IFERROR(($AU75-D75)/$AU75,0)",=$AU75-D75
Lumiere Chalet,Silver Summit Management,,75351,81898,3276.13,23,322,3,2,8,true,false,false,true,true,false,false,Home/Apartment,Condominium (condo),Apt/Condo/Loft,5,1,3,6-20,Luxury,false,0,false,23,8,2026-02-26,Utah Area,Heber City,Heber City,Utah,84032,United States,mountains_lakes,https://www.airbnb.com/rooms/1389350363162880980,https://a0.muscache.com/im/pictures/hosting/Hosting-U3RheVN1cHBseUxpc3Rpbmc6MTM4OTM1MDM2MzE2Mjg4MDk4MA==/original/7d9b2492-f44b-4a2e-aa29-d89a0cb3fdb2.jpeg,1389350363162880980,5129104,40.626,-111.4331,=AVERAGE($G$2:$G$501),=AVERAGE($D$2:$D$501),"=IFERROR(($AT76-G76)/$AT76,0)","=IFERROR(($AU76-D76)/$AU76,0)",=$AU76-D76
Founders Place 2401,672812517,,74359,78785,2253.3,31.73,208,2,2,6,true,true,true,true,true,false,true,Home/Apartment,Condominium (condo),Apt/Condo/Loft,5,1,5,6-20,Luxury,false,412,true,33,7,2026-05-11,Utah Area,Heber City,Park City,Utah,84060,United States,mountains_lakes,https://www.airbnb.com/rooms/1537209385539337881,https://a0.muscache.com/im/pictures/prohost-api/Hosting-1537209385539337881/original/ff19af56-c7ba-41ef-8211-5f5789a0c0dd.jpeg,1537209385539337881,4908664,40.64256217,-111.4664051992,=AVERAGE($G$2:$G$501),=AVERAGE($D$2:$D$501),"=IFERROR(($AT77-G77)/$AT77,0)","=IFERROR(($AU77-D77)/$AU77,0)",=$AU77-D77
"4BR Luxury | Hot Tub, 2 Min to Deer Valley East",Park City Host,,74106,74973,988.08,30.61,332,4,3,14,true,false,true,true,true,false,false,Home/Apartment,Townhouse,Apt/Condo/Loft,5,6,3,21+,Luxury,true,488,true,75,19,2026-05-14,Utah Area,Heber City,Heber City,Utah,84032,United States,mountains_lakes,https://www.airbnb.com/rooms/1434781240598823550,https://a0.muscache.com/im/pictures/prohost-api/Hosting-1434781240598823550/original/3b70837f-deaf-43cf-b214-bccb330fccc6.jpeg,1434781240598823550,4617501,40.6289,-111.4339,=AVERAGE($G$2:$G$501),=AVERAGE($D$2:$D$501),"=IFERROR(($AT78-G78)/$AT78,0)","=IFERROR(($AU78-D78)/$AU78,0)",=$AU78-D78
Deer Valley East Home w Hot Tub | 2 Mins to Skiing,ITrip Vacations,,70527,72251,698.29,35.31,357,4,4,12,true,false,true,true,true,false,false,Home/Apartment,House,House/villa,4.8,71,2,21+,Luxury,true,656,true,101,26,2026-05-13,Utah Area,Heber City,Heber City,Utah,84032,United States,mountains_lakes,https://www.airbnb.com/rooms/734713415495151236,https://a0.muscache.com/im/pictures/prohost-api/Hosting-734713415495151236/original/e790a79d-8ab7-4d52-8712-a423cd4cc954.jpeg,734713415495151236,9728350ha,40.63,-111.4343,=AVERAGE($G$2:$G$501),=AVERAGE($D$2:$D$501),"=IFERROR(($AT79-G79)/$AT79,0)","=IFERROR(($AU79-D79)/$AU79,0)",=$AU79-D79
4 BDRM home+private hot tub-6 miles from Park City,33143239,,70468,78982,572.91,47.49,344,4,4,12,true,false,true,true,true,false,false,Home/Apartment,House,House/villa,5,37,3,21+,Luxury,true,349,false,123,28,2026-05-13,Utah Area,Heber City,Heber City,Utah,84032,United States,mountains_lakes,https://www.airbnb.com/rooms/1199393058747752926,https://a0.muscache.com/im/pictures/hosting/Hosting-U3RheVN1cHBseUxpc3Rpbmc6MTE5OTM5MzA1ODc0Nzc1MjkyNg%3D%3D/original/76a133e6-248d-4d1f-a417-bfb10911913f.jpeg,1199393058747752926,,40.663,-111.4186,=AVERAGE($G$2:$G$501),=AVERAGE($D$2:$D$501),"=IFERROR(($AT80-G80)/$AT80,0)","=IFERROR(($AU80-D80)/$AU80,0)",=$AU80-D80
Founders Place 1403,672812517,,69769,72063,2683.42,24.3,238,2,3,8,true,true,true,true,true,false,true,Home/Apartment,Condominium (condo),Apt/Condo/Loft,5,1,5,6-20,Luxury,false,681,true,26,5,2026-05-11,Utah Area,Heber City,Park City,Utah,84060,United States,mountains_lakes,https://www.airbnb.com/rooms/1512555023187136960,https://a0.muscache.com/im/pictures/prohost-api/Hosting-1512555023187136960/original/74e9fddc-4c61-4967-8d8d-e110ac239bac.jpeg,1512555023187136960,4875542,40.640586854,-111.4665666064,=AVERAGE($G$2:$G$501),=AVERAGE($D$2:$D$501),"=IFERROR(($AT81-G81)/$AT81,0)","=IFERROR(($AU81-D81)/$AU81,0)",=$AU81-D81
8Bed+9Bath Private Estate in Heber,33396492,,69176,77437,1729.4,34.48,177,8,9,16,true,false,true,true,true,false,false,Home/Apartment,House,House/villa,4.5,4,5,2-5,Luxury,false,600,false,40,8,2026-05-16,Utah Area,Heber City,Heber City,Utah,84032,United States,mountains_lakes,https://www.airbnb.com/rooms/1226936610272883151,https://a0.muscache.com/im/pictures/hosting/Hosting-U3RheVN1cHBseUxpc3Rpbmc6MTIyNjkzNjYxMDI3Mjg4MzE1MQ%3D%3D/original/0f72633d-30ec-4ffb-a168-a64cb63063ff.jpeg,1226936610272883151,4153553,40.4622,-111.4324,=AVERAGE($G$2:$G$501),=AVERAGE($D$2:$D$501),"=IFERROR(($AT82-G82)/$AT82,0)","=IFERROR(($AU82-D82)/$AU82,0)",=$AU82-D82
The views! Enjoy this Hideout Pet-friendly home!,Link Debt Recovery,,68091,88914,417.74,57.6,283,3,2,6,true,true,true,true,true,true,false,Home/Apartment,House,House/villa,4.9,69,3,21+,Luxury,true,325,true,163,45,2026-05-11,Utah Area,Heber City,Kamas,Utah,84036,United States,mountains_lakes,https://www.airbnb.com/rooms/1005840486992400334,https://a0.muscache.com/im/pictures/hosting/Hosting-1005840486992400334/original/2bb8cefc-1e4e-403f-86f4-6f03b4588a01.jpeg,1005840486992400334,3684553,40.6492,-111.4016,=AVERAGE($G$2:$G$501),=AVERAGE($D$2:$D$501),"=IFERROR(($AT83-G83)/$AT83,0)","=IFERROR(($AU83-D83)/$AU83,0)",=$AU83-D83
Cozy Little Cabin w/Hot Tub & Views,80199509,,67996,69850,306.29,62.54,355,2,1,4,true,false,true,true,true,false,false,Home/Apartment,Cabin,House/villa,5,83,3,2-5,Luxury,true,178,false,222,73,2026-05-11,Utah Area,Heber City,Midway,Utah,84049,United States,mountains_lakes,https://www.airbnb.com/rooms/1297466926789028390,https://a0.muscache.com/im/pictures/miso/Hosting-1297466926789028390/original/1005f57f-7211-4e3d-9165-480c636cdc29.png,1297466926789028390,4316863,40.5316,-111.5006,=AVERAGE($G$2:$G$501),=AVERAGE($D$2:$D$501),"=IFERROR(($AT84-G84)/$AT84,0)","=IFERROR(($AU84-D84)/$AU84,0)",=$AU84-D84
New! 3br Ski-In/ski-Out Deer Valley Retreat,Deer Valley Resort by RedAwning,,67678,141688,3981.06,37.78,61,3,3,8,false,true,true,true,true,false,true,Home/Apartment,Condominium (condo),Apt/Condo/Loft,0,0,1,21+,Luxury,false,0,false,17,4,2026-04-12,Utah Area,Heber City,Park City,Utah,84060,United States,mountains_lakes,https://www.airbnb.com/rooms/1615188244943408655,https://a0.muscache.com/im/pictures/prohost-api/Hosting-1615188244943408655/original/37fc0eed-6a8f-42e2-b2c5-fd9c533a035b.jpeg,1615188244943408655,20247039ha,40.6416,-111.4664,=AVERAGE($G$2:$G$501),=AVERAGE($D$2:$D$501),"=IFERROR(($AT85-G85)/$AT85,0)","=IFERROR(($AU85-D85)/$AU85,0)",=$AU85-D85
"Lakeside Lounge- Bar, Lake Access, Games, Hot Tub",I Love Vacations - Park City,,67632,93617,669.62,62.35,190,4,3,8,true,false,true,true,true,false,true,Home/Apartment,Townhouse,Apt/Condo/Loft,5,1,2,21+,Luxury,true,851,true,101,16,2026-05-15,Utah Area,Heber City,Heber City,Utah,84032,United States,mountains_lakes,https://www.airbnb.com/rooms/1447065300227955527,https://a0.muscache.com/im/pictures/hosting/Hosting-1447065300227955527/original/9ba03a6f-52b1-433f-a355-9d84a48342db.jpeg,1447065300227955527,4571353,40.6277,-111.4293,=AVERAGE($G$2:$G$501),=AVERAGE($D$2:$D$501),"=IFERROR(($AT86-G86)/$AT86,0)","=IFERROR(($AU86-D86)/$AU86,0)",=$AU86-D86
The Rising Ranch Brick House,180595045,,65648,69401,721.41,29.55,348,4,3,14,true,false,true,true,true,false,false,Home/Apartment,House,House/villa,4.9,36,2,1,Luxury,true,398,false,91,31,2026-05-11,Utah Area,Heber City,Midway,Utah,84049,United States,mountains_lakes,https://www.airbnb.com/rooms/1155956838415538278,https://a0.muscache.com/im/pictures/miso/Hosting-1155956838415538278/original/7e44605d-2b11-4dbe-897b-c761a085c8ee.png,1155956838415538278,,40.5195,-111.4884,=AVERAGE($G$2:$G$501),=AVERAGE($D$2:$D$501),"=IFERROR(($AT87-G87)/$AT87,0)","=IFERROR(($AU87-D87)/$AU87,0)",=$AU87-D87
Stone Hill Lodge-Book now for great deals!,273448447,,65562,147281,1928.29,22.08,284,7,8,16,true,false,true,true,true,false,true,Home/Apartment,House,House/villa,3.9,7,5,2-5,Luxury,false,680,true,34,8,2020-07-07,Utah Area,Heber City,Midway,Utah,84049,United States,mountains_lakes,https://www.airbnb.com/rooms/41385559,https://a0.muscache.com/im/pictures/f5b03a25-25d9-42fc-a2b0-9bf437da11a1.jpg?aki_policy=x_large,41385559,2128162,40.55911,-111.52539,=AVERAGE($G$2:$G$501),=AVERAGE($D$2:$D$501),"=IFERROR(($AT88-G88)/$AT88,0)","=IFERROR(($AU88-D88)/$AU88,0)",=$AU88-D88
Lakeview Wedding @ Deer Creek UT,562208076,,63981,65086,3199.05,19.61,276,5,5,16,true,false,true,true,true,true,true,Home/Apartment,House,House/villa,0,0,1,2-5,Luxury,true,0,false,20,4,2025-11-02,Utah Area,Heber City,Heber City,Utah,84032,United States,mountains_lakes,https://www.airbnb.com/rooms/1431400249232968397,https://a0.muscache.com/im/pictures/miso/Hosting-1431400249232968397/original/efd45cfa-0484-45b3-a480-7c0c6ffabf0c.jpeg,1431400249232968397,,40.4559108475,-111.4700762222,=AVERAGE($G$2:$G$501),=AVERAGE($D$2:$D$501),"=IFERROR(($AT89-G89)/$AT89,0)","=IFERROR(($AU89-D89)/$AU89,0)",=$AU89-D89
Founders Place 2502,672812517,,63804,65231,2900.18,20.56,236,3,3,10,true,true,true,true,true,false,true,Home/Apartment,Condominium (condo),Apt/Condo/Loft,0,0,5,6-20,Luxury,false,719,true,22,6,2026-05-11,Utah Area,Heber City,Park City,Utah,84060,United States,mountains_lakes,https://www.airbnb.com/rooms/1512552440235707105,https://a0.muscache.com/im/pictures/prohost-api/Hosting-1512552440235707105/original/2a46e3e5-a7bb-4f01-a049-8a8d696e6e7b.jpeg,1512552440235707105,4876104,40.6420252228,-111.4649877176,=AVERAGE($G$2:$G$501),=AVERAGE($D$2:$D$501),"=IFERROR(($AT90-G90)/$AT90,0)","=IFERROR(($AU90-D90)/$AU90,0)",=$AU90-D90
Deer Valley/Park City Ski-in/out 4BR/5B Townhouse,281806382,,62841,78829,1396.47,41.28,339,4,5,8,true,false,true,true,true,false,false,Home/Apartment,Townhouse,Apt/Condo/Loft,5,14,3,1,Luxury,false,0,false,45,8,2026-05-17,Utah Area,Heber City,Midway,Utah,84049,United States,mountains_lakes,https://www.airbnb.com/rooms/41227763,https://a0.muscache.com/im/pictures/miso/Hosting-41227763/original/fc90fac0-d9c5-4322-b311-f46f61717c2a.jpeg,41227763,,40.63686,-111.45643,=AVERAGE($G$2:$G$501),=AVERAGE($D$2:$D$501),"=IFERROR(($AT91-G91)/$AT91,0)","=IFERROR(($AU91-D91)/$AU91,0)",=$AU91-D91
"Raven's Point Cabin | Midway, UT",383081618,,62451,65687,358.91,54.04,353,3,1,8,true,false,true,true,true,false,false,Home/Apartment,Cabin,House/villa,4.9,74,2,2-5,Luxury,true,226,false,174,34,2026-05-17,Utah Area,Heber City,Midway,Utah,84049,United States,mountains_lakes,https://www.airbnb.com/rooms/694276407102791305,https://a0.muscache.com/im/pictures/miso/Hosting-694276407102791305/original/6c1ad31a-d0a4-461d-bd11-3f17d24c1969.jpeg,694276407102791305,,40.5162,-111.5016,=AVERAGE($G$2:$G$501),=AVERAGE($D$2:$D$501),"=IFERROR(($AT92-G92)/$AT92,0)","=IFERROR(($AU92-D92)/$AU92,0)",=$AU92-D92
Deer Valley East Unparalleled Beauty and Elegance,Luxury Mountain Destinations LLC,,61240,84643,956.88,48.12,139,4,4,12,true,false,true,true,true,false,false,Home/Apartment,House,House/villa,5,7,4,21+,Luxury,true,668,true,64,12,2026-05-14,Utah Area,Heber City,Heber City,Utah,84032,United States,mountains_lakes,https://www.airbnb.com/rooms/1346474625523218689,https://a0.muscache.com/im/pictures/prohost-api/Hosting-1346474625523218689/original/c5d0dd03-e683-49ad-8781-af01ef3a8eb2.png,1346474625523218689,4409550,40.64539,-111.44215,=AVERAGE($G$2:$G$501),=AVERAGE($D$2:$D$501),"=IFERROR(($AT93-G93)/$AT93,0)","=IFERROR(($AU93-D93)/$AU93,0)",=$AU93-D93
Magnificent Deer Valley Condo: 20 New Runs Open!,Luxus Vacation Properties,,61199,62926,687.63,42.58,361,2,2,8,true,true,true,true,true,false,true,Home/Apartment,Condominium (condo),Apt/Condo/Loft,4.6,10,2,21+,Luxury,true,536,true,89,21,2026-05-14,Utah Area,Heber City,Midway,Utah,84049,United States,mountains_lakes,https://www.airbnb.com/rooms/1365976038798826702,https://a0.muscache.com/im/pictures/prohost-api/Hosting-1365976038798826702/original/d74c7cfc-4cd7-486a-aa0f-1cd61d0b2f9a.jpeg,1365976038798826702,4457557,40.6206,-111.4419,=AVERAGE($G$2:$G$501),=AVERAGE($D$2:$D$501),"=IFERROR(($AT94-G94)/$AT94,0)","=IFERROR(($AU94-D94)/$AU94,0)",=$AU94-D94
Huge Home by Deer Valley Gondola-Hot Tub/Lake View,20867115,,61141,61300,587.89,35.14,364,4,4,12,true,false,true,true,true,true,false,Home/Apartment,Townhouse,Apt/Condo/Loft,5,52,2,2-5,Luxury,true,503,false,104,21,2026-05-17,Utah Area,Heber City,Heber City,Utah,84032,United States,mountains_lakes,https://www.airbnb.com/rooms/937711390313924936,https://a0.muscache.com/im/pictures/miso/Hosting-937711390313924936/original/8c25c672-ded9-492a-a484-e31a02880bc1.jpeg,937711390313924936,3513980,40.62982,-111.43726,=AVERAGE($G$2:$G$501),=AVERAGE($D$2:$D$501),"=IFERROR(($AT95-G95)/$AT95,0)","=IFERROR(($AU95-D95)/$AU95,0)",=$AU95-D95
1 BR| 2 Story Private Loft •Sauna• Hot Tub•MT View,562208076,,60837,67703,311.98,60.37,323,1,1,4,true,false,true,true,true,true,false,Home/Apartment,Cottage,House/villa,5,19,2,2-5,Luxury,true,200,false,195,48,2026-05-11,Utah Area,Heber City,Heber City,Utah,84032,United States,mountains_lakes,https://www.airbnb.com/rooms/1100164694286313273,https://a0.muscache.com/im/pictures/hosting/Hosting-U3RheVN1cHBseUxpc3Rpbmc6MTEwMDE2NDY5NDI4NjMxMzI3Mw%3D%3D/original/8e412fca-51bd-4f9f-ac4d-bc10425250ab.jpeg,1100164694286313273,,40.4566,-111.4691,=AVERAGE($G$2:$G$501),=AVERAGE($D$2:$D$501),"=IFERROR(($AT96-G96)/$AT96,0)","=IFERROR(($AU96-D96)/$AU96,0)",=$AU96-D96
"Red Ledges luxury escape, golf, min 90 day stay",Casago,,60610,60610,658.8,79.31,365,4,4,8,true,false,true,true,false,false,true,Home/Apartment,House,House/villa,0,0,90,21+,Luxury,true,824,true,92,1,2026-05-14,Utah Area,Heber City,Heber City,Utah,84032,United States,mountains_lakes,https://www.airbnb.com/rooms/1119112897547260425,https://a0.muscache.com/im/pictures/prohost-api/Hosting-1119112897547260425/original/2bc8d175-f6d9-4f33-bfbc-a00550774943.jpeg,1119112897547260425,3920470,40.51442,-111.36927,=AVERAGE($G$2:$G$501),=AVERAGE($D$2:$D$501),"=IFERROR(($AT97-G97)/$AT97,0)","=IFERROR(($AU97-D97)/$AU97,0)",=$AU97-D97
Free Shuttle to Dvl Huge Views | Game Room | Spa,390483184,,60331,103177,494.52,53.74,227,4,3,10,true,false,true,true,true,true,false,Home/Apartment,Townhouse,Apt/Condo/Loft,5,131,3,6-20,Luxury,true,231,true,122,46,2026-05-17,Utah Area,Heber City,Heber City,Utah,84032,United States,mountains_lakes,https://www.airbnb.com/rooms/968254847446601114,https://a0.muscache.com/im/pictures/miso/Hosting-968254847446601114/original/249fa597-5f78-4547-b6d1-2b5e528ee797.jpeg,968254847446601114,3611087,40.6297,-111.4349,=AVERAGE($G$2:$G$501),=AVERAGE($D$2:$D$501),"=IFERROR(($AT98-G98)/$AT98,0)","=IFERROR(($AU98-D98)/$AU98,0)",=$AU98-D98
Luxurious Mountain Retreat with Private Pool,,,59479,90201,2051,43.28,98,7,6,16,false,false,true,true,true,false,false,Home/Apartment,House,House/villa,4.8,0,3,6-20,Luxury,false,785,true,29,6,2025-10-01,Utah Area,Heber City,Midway,Utah,84049,United States,mountains_lakes,https://www.vrbo.com/4169780,https://media.vrbo.com/lodging/109000000/108410000/108404900/108404875/b0929ddb.jpg?impolicy=resizecrop&rw=1200&ra=fit,,4169780,40.55832,-111.52525,=AVERAGE($G$2:$G$501),=AVERAGE($D$2:$D$501),"=IFERROR(($AT99-G99)/$AT99,0)","=IFERROR(($AU99-D99)/$AU99,0)",=$AU99-D99
Founders Place 2405,672812517,,58955,77744,3102.89,23.46,229,3,4,12,true,true,true,true,true,false,true,Home/Apartment,Condominium (condo),Apt/Condo/Loft,5,1,5,6-20,Luxury,false,721,true,19,3,2026-05-11,Utah Area,Heber City,Park City,Utah,84060,United States,mountains_lakes,https://www.airbnb.com/rooms/1512551176600321836,https://a0.muscache.com/im/pictures/prohost-api/Hosting-1512551176600321836/original/c14bab78-0471-48e3-ae14-d302e7ef5bb9.jpeg,1512551176600321836,4876103,40.642376539,-111.4665624302,=AVERAGE($G$2:$G$501),=AVERAGE($D$2:$D$501),"=IFERROR(($AT100-G100)/$AT100,0)","=IFERROR(($AU100-D100)/$AU100,0)",=$AU100-D100
Summer on Sale | Save up to 30%,ITrip Vacations,,58772,63470,645.85,35.97,338,4,5,12,true,false,true,true,true,false,false,Home/Apartment,House,House/villa,4.8,124,2,21+,Luxury,true,642,true,91,19,2026-05-16,Utah Area,Heber City,Heber City,Utah,84032,United States,mountains_lakes,https://www.airbnb.com/rooms/16645423,https://a0.muscache.com/im/pictures/prohost-api/Hosting-16645423/original/072e5206-192e-4173-a0a2-1f4406a1913b.jpeg,16645423,3485367ha,40.6304,-111.4347,=AVERAGE($G$2:$G$501),=AVERAGE($D$2:$D$501),"=IFERROR(($AT101-G101)/$AT101,0)","=IFERROR(($AU101-D101)/$AU101,0)",=$AU101-D101
Deer Valley Ski In / Ski Out Luxury,20868803,,58517,92992,1581.54,62.71,101,3,4,6,true,false,true,true,true,false,false,Home/Apartment,Townhouse,Apt/Condo/Loft,5,65,5,1,Luxury,false,471,false,37,6,2026-05-13,Utah Area,Heber City,Midway,Utah,84049,United States,mountains_lakes,https://www.airbnb.com/rooms/4025277,https://a0.muscache.com/im/pictures/3e7a95e8-e669-48a0-b209-b520f8c45288.jpg,4025277,619408,40.63587,-111.45349,=AVERAGE($G$2:$G$501),=AVERAGE($D$2:$D$501),"=IFERROR(($AT102-G102)/$AT102,0)","=IFERROR(($AU102-D102)/$AU102,0)",=$AU102-D102
"Discount early JUNE STONEHILL LODGE, SWIM, HIKE, LUXURY",,,58143,132049,1710.09,22.67,281,7,6,24,true,true,true,true,true,false,true,Home/Apartment,House,House/villa,4,7,3,1,Luxury,false,800,true,34,8,2026-05-17,Utah Area,Heber City,Midway,Utah,84049,United States,mountains_lakes,https://www.vrbo.com/2018085,https://media.vrbo.com/lodging/56000000/55560000/55553200/55553158/34b9d23f.jpg?impolicy=resizecrop&rw=1200&ra=fit,,2018085,40.559853,-111.5288,=AVERAGE($G$2:$G$501),=AVERAGE($D$2:$D$501),"=IFERROR(($AT103-G103)/$AT103,0)","=IFERROR(($AU103-D103)/$AU103,0)",=$AU103-D103
Luxurious Mountain Retreat with Pool,Livily Premier Host Business,,57705,160643,3037.11,21.35,96,7,6,16,false,false,true,true,true,false,false,Home/Apartment,House,House/villa,4.9,0,3,21+,Luxury,false,1155,true,19,6,2026-05-16,Utah Area,Heber City,Midway,Utah,84049,United States,mountains_lakes,https://www.vrbo.com/4880351,https://media.vrbo.com/lodging/122000000/121240000/121239100/121239029/77f677f0.jpg?impolicy=resizecrop&rw=1200&ra=fit,,4880351,40.558324,-111.525243,=AVERAGE($G$2:$G$501),=AVERAGE($D$2:$D$501),"=IFERROR(($AT104-G104)/$AT104,0)","=IFERROR(($AU104-D104)/$AU104,0)",=$AU104-D104
Modern VIP Stay with Million Dollar Views,449093006,,56788,72471,378.59,67.57,228,3,2,8,true,false,false,true,true,true,false,Home/Apartment,House,House/villa,4.95,90,3,2-5,Luxury,false,240,false,150,37,2026-05-11,Utah Area,Heber City,Kamas,Utah,84036,United States,mountains_lakes,https://www.airbnb.com/rooms/772052822240801646,https://a0.muscache.com/im/pictures/hosting/Hosting-U3RheVN1cHBseUxpc3Rpbmc6NzcyMDUyODIyMjQwODAxNjQ2/original/54a25cfb-5302-4f0f-bce9-17cb47010d9a.jpeg,772052822240801646,3139904,40.6492,-111.4016,=AVERAGE($G$2:$G$501),=AVERAGE($D$2:$D$501),"=IFERROR(($AT105-G105)/$AT105,0)","=IFERROR(($AU105-D105)/$AU105,0)",=$AU105-D105
Wellness Retreat  Sauna/Spa/Hiking/SUP/Yoga/Biking,95956230,,56783,67302,308.6,59.74,308,2,2,6,true,false,false,true,true,true,false,Home/Apartment,Condominium (condo),Apt/Condo/Loft,5,58,2,2-5,Luxury,true,160,false,184,62,2026-05-11,Utah Area,Heber City,Kamas,Utah,84036,United States,mountains_lakes,https://www.airbnb.com/rooms/1320688589477308783,https://a0.muscache.com/im/pictures/hosting/Hosting-1320688589477308783/original/9ed54cab-a9e0-41e9-8b4e-b385dbf8e1c3.jpeg,1320688589477308783,4454828,40.59056,-111.34713,=AVERAGE($G$2:$G$501),=AVERAGE($D$2:$D$501),"=IFERROR(($AT106-G106)/$AT106,0)","=IFERROR(($AU106-D106)/$AU106,0)",=$AU106-D106
NEW Luxury w/Incredible Views from ALL rooms!,PMI Mountain Collection,,56522,64358,459.53,48.62,344,3,3,8,true,false,false,true,true,false,false,Home/Apartment,Townhouse,Apt/Condo/Loft,5,20,4,21+,Luxury,true,494,true,123,27,2026-05-17,Utah Area,Heber City,Kamas,Utah,84036,United States,mountains_lakes,https://www.airbnb.com/rooms/1315189720637417617,https://a0.muscache.com/im/pictures/prohost-api/Hosting-1315189720637417617/original/815590ce-0760-4f90-861f-9535b77e7304.jpeg,1315189720637417617,4344641,40.6491,-111.4014,=AVERAGE($G$2:$G$501),=AVERAGE($D$2:$D$501),"=IFERROR(($AT107-G107)/$AT107,0)","=IFERROR(($AU107-D107)/$AU107,0)",=$AU107-D107
Luxury Deer Crest Home,199712342,,56504,56504,7063,12.9,124,7,6,16,false,false,true,true,true,false,true,Home/Apartment,Villa,House/villa,5,4,7,6-20,Luxury,false,1000,true,8,2,2024-03-31,Utah Area,Heber City,Midway,Utah,84049,United States,mountains_lakes,https://www.airbnb.com/rooms/686223296717065509,https://a0.muscache.com/im/pictures/miso/Hosting-686223296717065509/original/32f73d94-b2df-4428-9ea7-c23214d64ddd.jpeg?aki_policy=x_large,686223296717065509,3529249,40.63395,-111.46994,=AVERAGE($G$2:$G$501),=AVERAGE($D$2:$D$501),"=IFERROR(($AT108-G108)/$AT108,0)","=IFERROR(($AU108-D108)/$AU108,0)",=$AU108-D108
Memorial Day Sale | Save up to 30% on Park City,ITrip Vacations,,56303,59335,654.69,33.99,354,4,4,12,true,false,true,true,true,false,false,Home/Apartment,House,House/villa,4.6,73,2,21+,Luxury,true,407,true,86,23,2026-05-16,Utah Area,Heber City,Heber City,Utah,84032,United States,mountains_lakes,https://www.airbnb.com/rooms/828108653663299198,https://a0.muscache.com/im/pictures/prohost-api/Hosting-828108653663299198/original/2ac94115-fa0a-4c30-ac63-8732d2501311.jpeg,828108653663299198,3938615ha,40.628,-111.4343,=AVERAGE($G$2:$G$501),=AVERAGE($D$2:$D$501),"=IFERROR(($AT109-G109)/$AT109,0)","=IFERROR(($AU109-D109)/$AU109,0)",=$AU109-D109
Moose Mgmt Retreat 906: Pvt Hot Tub-Dogs Welcome,Vacation Rentals Park City LLC,,55601,64793,459.51,45.66,321,4,3,13,true,false,true,true,true,true,true,Home/Apartment,Townhouse,Apt/Condo/Loft,5,3,2,21+,Luxury,false,664,true,121,15,2026-05-16,Utah Area,Heber City,Heber City,Utah,84032,United States,mountains_lakes,https://www.airbnb.com/rooms/1067674425326590110,https://a0.muscache.com/im/pictures/prohost-api/Hosting-1067674425326590110/original/1a32b3bc-76a8-48d1-be54-3745da0ca747.jpeg,1067674425326590110,9917317ha,40.6691,-111.42912,=AVERAGE($G$2:$G$501),=AVERAGE($D$2:$D$501),"=IFERROR(($AT110-G110)/$AT110,0)","=IFERROR(($AU110-D110)/$AU110,0)",=$AU110-D110
"Luxury 6br W/ Hot Tub, Firepit, Deer Valley Access",Deer Valley Resort by RedAwning,,55483,73496,1981.54,47.46,69,6,5,16,true,false,true,true,true,false,false,Home/Apartment,House,House/villa,0,0,3,21+,Luxury,false,2,false,28,7,2026-05-13,Utah Area,Heber City,Heber City,Utah,84032,United States,mountains_lakes,https://www.airbnb.com/rooms/1612288542029347236,https://a0.muscache.com/im/pictures/hosting/Hosting-1612288542029347236/original/83ff3a29-b0f5-433c-883b-a518d51262e2.jpeg,1612288542029347236,20247035ha,40.645,-111.4416,=AVERAGE($G$2:$G$501),=AVERAGE($D$2:$D$501),"=IFERROR(($AT111-G111)/$AT111,0)","=IFERROR(($AU111-D111)/$AU111,0)",=$AU111-D111
Luxury in Deer Valley East Village Slopeside 7002,I Love Vacations - Park City,,55224,63233,876.57,41.18,340,2,2,6,true,true,true,true,false,false,true,Home/Apartment,Condominium (condo),Apt/Condo/Loft,5,6,2,21+,Luxury,true,465,true,63,15,2026-05-14,Utah Area,Heber City,Midway,Utah,84049,United States,mountains_lakes,https://www.airbnb.com/rooms/1355037406190962522,https://a0.muscache.com/im/pictures/hosting/Hosting-1355037406190962522/original/c2d0ebd9-439c-41e8-be06-921c654001ea.jpeg,1355037406190962522,4418288,40.6206,-111.4419,=AVERAGE($G$2:$G$501),=AVERAGE($D$2:$D$501),"=IFERROR(($AT112-G112)/$AT112,0)","=IFERROR(($AU112-D112)/$AU112,0)",=$AU112-D112
"Luxurious Family Cottage w/Pool, Sports Facilities Near Crater Hot Spring",BnBerry,,54688,61365,1163.57,24.61,306,3,1,8,true,false,false,false,false,false,false,Home/Apartment,House,House/villa,0,0,3,21+,Luxury,false,0,true,47,19,2026-04-01,Utah Area,Heber City,Midway,Utah,84049,United States,mountains_lakes,https://www.vrbo.com/4641662,https://media.vrbo.com/lodging/118000000/117570000/117569700/117569645/83ca36b7.jpg?impolicy=resizecrop&rw=1200&ra=fit,,4641662,40.53182,-111.48763,=AVERAGE($G$2:$G$501),=AVERAGE($D$2:$D$501),"=IFERROR(($AT113-G113)/$AT113,0)","=IFERROR(($AU113-D113)/$AU113,0)",=$AU113-D113
Mayflower 203- Near Ski & Jordanelle State Park!,Natural Retreats,,52824,66644,455.38,60.42,299,3,2,7,true,false,false,true,true,true,false,Home/Apartment,Condominium (condo),Apt/Condo/Loft,5,3,2,21+,Luxury,true,626,true,116,11,2026-05-16,Utah Area,Heber City,Heber City,Utah,84032,United States,mountains_lakes,https://www.airbnb.com/rooms/1234790059641782008,https://a0.muscache.com/im/pictures/prohost-api/Hosting-1234790059641782008/original/992afee8-1e9a-4c8a-bd93-ca2229bb176e.jpeg,1234790059641782008,20014513ha,40.62682,-111.43424,=AVERAGE($G$2:$G$501),=AVERAGE($D$2:$D$501),"=IFERROR(($AT114-G114)/$AT114,0)","=IFERROR(($AU114-D114)/$AU114,0)",=$AU114-D114
Elegant Mountain Home - Hot Tub & Games Room,458236511,,52014,62040,553.34,38.84,338,4,4,10,true,false,true,true,true,false,false,Home/Apartment,House,House/villa,5,60,2,2-5,Luxury,true,500,true,94,22,2026-05-17,Utah Area,Heber City,Heber City,Utah,84032,United States,mountains_lakes,https://www.airbnb.com/rooms/623083701437695739,https://a0.muscache.com/im/pictures/miso/Hosting-623083701437695739/original/7f4faf4f-2e69-41dd-8d71-5282dd5eee41.png,623083701437695739,2579621,40.6283,-111.4351,=AVERAGE($G$2:$G$501),=AVERAGE($D$2:$D$501),"=IFERROR(($AT115-G115)/$AT115,0)","=IFERROR(($AU115-D115)/$AU115,0)",=$AU115-D115
New! Family Friendly Ski House,Deer Valley Resort by RedAwning,,51948,67391,1105.28,79.66,70,3,3,6,true,false,true,true,true,false,false,Home/Apartment,House,House/villa,0,0,3,21+,Luxury,false,0,false,47,4,2026-03-08,Utah Area,Heber City,Heber City,Utah,84032,United States,mountains_lakes,https://www.airbnb.com/rooms/1615191738277636349,https://a0.muscache.com/im/pictures/prohost-api/Hosting-1615191738277636349/original/7676c73e-df8c-4fe9-ba61-12817482b923.jpeg,1615191738277636349,20249243ha,40.6511,-111.4348,=AVERAGE($G$2:$G$501),=AVERAGE($D$2:$D$501),"=IFERROR(($AT116-G116)/$AT116,0)","=IFERROR(($AU116-D116)/$AU116,0)",=$AU116-D116
New! Ski-In/ski-Out Retreat at Deer Valley Resort,Deer Valley Resort by RedAwning,,51356,76014,2232.87,48.94,69,2,2,6,false,true,true,true,true,false,true,Home/Apartment,Condominium (condo),Apt/Condo/Loft,0,0,5,21+,Luxury,false,0,false,23,3,2026-05-17,Utah Area,Heber City,Park City,Utah,84060,United States,mountains_lakes,https://www.airbnb.com/rooms/1615187221629984137,https://a0.muscache.com/im/pictures/prohost-api/Hosting-1615187221629984137/original/8ae04702-00c5-4e97-b103-317ca748001f.jpeg,1615187221629984137,20247036ha,40.6416,-111.4664,=AVERAGE($G$2:$G$501),=AVERAGE($D$2:$D$501),"=IFERROR(($AT117-G117)/$AT117,0)","=IFERROR(($AU117-D117)/$AU117,0)",=$AU117-D117
Luxe with Theater! Mayflower Stillwater Escape,I Love Vacations - Park City,,49915,71110,745,33.67,259,4,4,12,true,false,true,true,false,false,false,Home/Apartment,Townhouse,Apt/Condo/Loft,4.8,15,2,21+,Luxury,true,834,true,67,14,2026-05-17,Utah Area,Heber City,Heber City,Utah,84032,United States,mountains_lakes,https://www.airbnb.com/rooms/49913372,https://a0.muscache.com/im/pictures/hosting/Hosting-49913372/original/179cb828-977f-4a4a-919b-e657d361893d.jpeg,49913372,2311207,40.6289,-111.4388,=AVERAGE($G$2:$G$501),=AVERAGE($D$2:$D$501),"=IFERROR(($AT118-G118)/$AT118,0)","=IFERROR(($AU118-D118)/$AU118,0)",=$AU118-D118
"Luxe Chalet - Sleeps 15 (Pool, Hot tub, Spa)",7982709,,49908,51615,587.15,27.51,349,4,3,15,true,true,false,true,true,false,true,Home/Apartment,House,House/villa,4.95,60,1,2-5,Luxury,true,289,false,85,30,2026-05-13,Utah Area,Heber City,Midway,Utah,84049,United States,mountains_lakes,https://www.airbnb.com/rooms/791523714068593759,https://a0.muscache.com/im/pictures/miso/Hosting-791523714068593759/original/f1469725-816a-46d3-8ea5-63a77f0bdc33.jpeg,791523714068593759,3178578,40.5237,-111.4896,=AVERAGE($G$2:$G$501),=AVERAGE($D$2:$D$501),"=IFERROR(($AT119-G119)/$AT119,0)","=IFERROR(($AU119-D119)/$AU119,0)",=$AU119-D119
Moose Mgmt at Mayflower Lakeside 1114-302 Panorama,Vacation Rentals Park City LLC,,47589,59811,368.91,55.36,282,3,2,8,true,false,false,true,true,false,false,Home/Apartment,Condominium (condo),Apt/Condo/Loft,4.7,7,3,21+,Luxury,false,404,true,129,24,2026-04-21,Utah Area,Heber City,Heber City,Utah,84032,United States,mountains_lakes,https://www.airbnb.com/rooms/1169077131919817758,https://a0.muscache.com/im/pictures/prohost-api/Hosting-1169077131919817758/original/96e8636f-c605-4a32-b801-5024532fe8cd.jpeg,1169077131919817758,9963191ha,40.6263799569,-111.4336583806,=AVERAGE($G$2:$G$501),=AVERAGE($D$2:$D$501),"=IFERROR(($AT120-G120)/$AT120,0)","=IFERROR(($AU120-D120)/$AU120,0)",=$AU120-D120
Founders Place 2403,672812517,,47514,53703,2262.57,24.14,224,3,3,12,true,true,true,true,true,false,true,Home/Apartment,Condominium (condo),Apt/Condo/Loft,0,0,5,6-20,Luxury,false,718,true,21,5,2026-05-11,Utah Area,Heber City,Park City,Utah,84060,United States,mountains_lakes,https://www.airbnb.com/rooms/1512547786398588003,https://a0.muscache.com/im/pictures/prohost-api/Hosting-1512547786398588003/original/b2ca8749-ba9a-4a66-a9cb-037a65b2d50b.jpeg,1512547786398588003,4876102,40.6423639186,-111.4669925597,=AVERAGE($G$2:$G$501),=AVERAGE($D$2:$D$501),"=IFERROR(($AT121-G121)/$AT121,0)","=IFERROR(($AU121-D121)/$AU121,0)",=$AU121-D121
Wellness Amenities! Black Rock Ridge 14493,I Love Vacations - Park City,,47191,47834,486.51,36.19,359,3,2,8,true,true,true,true,true,false,false,Home/Apartment,Townhouse,Apt/Condo/Loft,5,2,2,21+,Luxury,true,623,true,97,21,2026-05-13,Utah Area,Heber City,Kamas,Utah,84036,United States,mountains_lakes,https://www.airbnb.com/rooms/1168734883548921022,https://a0.muscache.com/im/pictures/hosting/Hosting-1168734883548921022/original/caf4de3d-d852-48f6-8fd6-17366fc61422.jpeg,1168734883548921022,3994556,40.6837,-111.4307,=AVERAGE($G$2:$G$501),=AVERAGE($D$2:$D$501),"=IFERROR(($AT122-G122)/$AT122,0)","=IFERROR(($AU122-D122)/$AU122,0)",=$AU122-D122
"Family Fun Getaway! 2 Suites w/Hot spring, Ski Resort and Golf access!",BnBerry,,46985,63556,522.06,36.59,263,2,2,8,true,false,false,false,false,false,false,Home/Apartment,House,House/villa,0,0,1,21+,Luxury,false,0,true,90,57,2026-04-01,Utah Area,Heber City,Midway,Utah,84049,United States,mountains_lakes,https://www.vrbo.com/4641668,https://media.vrbo.com/lodging/118000000/117570000/117569700/117569670/ad70c46d.jpg?impolicy=resizecrop&rw=1200&ra=fit,,4641668,40.53182,-111.48763,=AVERAGE($G$2:$G$501),=AVERAGE($D$2:$D$501),"=IFERROR(($AT123-G123)/$AT123,0)","=IFERROR(($AU123-D123)/$AU123,0)",=$AU123-D123
Moose Mgmt at Jordanelle 13299: Pvt Hot Tub-View,Vacation Rentals Park City LLC,,46981,56250,671.16,36.27,333,4,5,16,true,false,true,true,true,false,true,Home/Apartment,House,House/villa,4.8,49,2,21+,Luxury,false,924,true,70,12,2026-05-16,Utah Area,Heber City,Kamas,Utah,84036,United States,mountains_lakes,https://www.airbnb.com/rooms/22654732,https://a0.muscache.com/im/pictures/prohost-api/Hosting-22654732/original/a178494d-fd30-4a35-a2cc-6e4bed6a65ae.jpeg,22654732,4806086ha,40.66964,-111.42921,=AVERAGE($G$2:$G$501),=AVERAGE($D$2:$D$501),"=IFERROR(($AT124-G124)/$AT124,0)","=IFERROR(($AU124-D124)/$AU124,0)",=$AU124-D124
Park City Mountain Escape Mins to Resorts,Livily Premier Host Business,,46288,282268,1714.37,96.43,43,5,5,10,true,false,false,true,false,false,false,Home/Apartment,House,House/villa,0,0,4,21+,Luxury,false,623,true,27,9,2026-05-16,Utah Area,Heber City,Heber City,Utah,84032,United States,mountains_lakes,https://www.vrbo.com/4801111,https://media.vrbo.com/lodging/121000000/120250000/120240900/120240880/5eea93d4.jpg?impolicy=resizecrop&rw=1200&ra=fit,,4801111,40.6636,-111.420013,=AVERAGE($G$2:$G$501),=AVERAGE($D$2:$D$501),"=IFERROR(($AT125-G125)/$AT125,0)","=IFERROR(($AU125-D125)/$AU125,0)",=$AU125-D125
Moose Mgmt at Black Rock 14488 Pvt HotTub-City Bus,Vacation Rentals Park City LLC,,46223,68118,525.26,65.67,198,4,4,8,true,false,true,true,true,true,false,Home/Apartment,Townhouse,Apt/Condo/Loft,4.9,10,7,21+,Luxury,false,716,true,88,15,2026-05-17,Utah Area,Heber City,Kamas,Utah,84036,United States,mountains_lakes,https://www.airbnb.com/rooms/1088404309979533433,https://a0.muscache.com/im/pictures/prohost-api/Hosting-1088404309979533433/original/43ae1b36-03b6-4152-97a0-034d0a610a18.jpeg,1088404309979533433,9868052ha,40.68299,-111.42946,=AVERAGE($G$2:$G$501),=AVERAGE($D$2:$D$501),"=IFERROR(($AT126-G126)/$AT126,0)","=IFERROR(($AU126-D126)/$AU126,0)",=$AU126-D126
"Room to Roam, Views to Love, Games to Play",I Love Vacations - Park City,,45942,50004,753.15,39.35,263,4,4,13,true,false,true,true,true,false,false,Home/Apartment,Townhouse,Apt/Condo/Loft,5,1,2,21+,Luxury,true,887,true,61,8,2026-05-15,Utah Area,Heber City,Heber City,Utah,84032,United States,mountains_lakes,https://www.airbnb.com/rooms/1482657070500002953,https://a0.muscache.com/im/pictures/hosting/Hosting-1482657070500002953/original/5316ef0d-5fd6-4e79-b824-13410e961e52.jpeg,1482657070500002953,4630399,40.6292,-111.4369,=AVERAGE($G$2:$G$501),=AVERAGE($D$2:$D$501),"=IFERROR(($AT127-G127)/$AT127,0)","=IFERROR(($AU127-D127)/$AU127,0)",=$AU127-D127
New Mountain Modern | Hot Tub | Lake + Ski View,Silver Peak Properties,,45391,55990,341.29,69.63,260,3,3,10,true,false,true,true,true,false,false,Home/Apartment,Townhouse,Apt/Condo/Loft,5,4,30,21+,Luxury,true,465,true,133,12,2026-05-14,Utah Area,Heber City,Kamas,Utah,84036,United States,mountains_lakes,https://www.airbnb.com/rooms/1427046062008235488,https://a0.muscache.com/im/pictures/prohost-api/Hosting-1427046062008235488/original/afcc884e-113b-4c26-b80d-249a49d19184.jpeg,1427046062008235488,4589260,40.6481,-111.4073,=AVERAGE($G$2:$G$501),=AVERAGE($D$2:$D$501),"=IFERROR(($AT128-G128)/$AT128,0)","=IFERROR(($AU128-D128)/$AU128,0)",=$AU128-D128
New Ski Escape Vissen 933 Hot Tub Pool Table and,SkyRun Vacation Rentals,,44742,51854,784.95,24.26,314,4,3,12,true,false,true,true,true,false,false,Home/Apartment,Condominium (condo),Apt/Condo/Loft,4.9,10,3,21+,Luxury,true,766,true,57,18,2026-05-15,Utah Area,Heber City,Heber City,Utah,84032,United States,mountains_lakes,https://www.airbnb.com/rooms/1438490068980738715,https://a0.muscache.com/im/pictures/prohost-api/Hosting-1438490068980738715/original/6e571fd9-1188-4fb6-9edd-efe4eace5168.jpeg,1438490068980738715,4632947,40.6278,-111.4293,=AVERAGE($G$2:$G$501),=AVERAGE($D$2:$D$501),"=IFERROR(($AT129-G129)/$AT129,0)","=IFERROR(($AU129-D129)/$AU129,0)",=$AU129-D129
Deer Valley East Village Ski & Lake Villa,582112000,,44711,48999,971.98,41.82,142,5,5,14,true,false,true,true,true,false,false,Home/Apartment,House,House/villa,5,10,2,6-20,Luxury,true,451,false,46,15,2026-05-11,Utah Area,Heber City,Heber City,Utah,84032,United States,mountains_lakes,https://www.airbnb.com/rooms/1580645364090387209,https://a0.muscache.com/im/pictures/hosting/Hosting-1580645364090387209/original/d324b800-86dd-4f94-9b22-ad4aebffb080.jpeg,1580645364090387209,,40.6327,-111.4449,=AVERAGE($G$2:$G$501),=AVERAGE($D$2:$D$501),"=IFERROR(($AT130-G130)/$AT130,0)","=IFERROR(($AU130-D130)/$AU130,0)",=$AU130-D130
2 Suites|Hot tub|Arcade|BBQ|ESPN|H20+|No Cheap TP,659803119,,44663,46080,391.78,35.96,348,3,3,8,true,false,true,true,true,false,false,Home/Apartment,House,House/villa,5,28,2,1,Luxury,true,275,false,114,30,2026-05-13,Utah Area,Heber City,Midway,Utah,84049,United States,mountains_lakes,https://www.airbnb.com/rooms/1280774607397578269,https://a0.muscache.com/im/pictures/hosting/Hosting-U3RheVN1cHBseUxpc3Rpbmc6MTI4MDc3NDYwNzM5NzU3ODI2OQ%3D%3D/original/644b85fc-0338-4db1-97d1-2edb74f687ab.jpeg,1280774607397578269,4403146,40.5258,-111.4863,=AVERAGE($G$2:$G$501),=AVERAGE($D$2:$D$501),"=IFERROR(($AT131-G131)/$AT131,0)","=IFERROR(($AU131-D131)/$AU131,0)",=$AU131-D131
Park City Getaway w/ Hot Tub + Lake & Mtn Views,722823508,,44233,52691,384.63,70.55,179,3,2,10,true,false,true,true,true,true,false,Home/Apartment,House,House/villa,4.95,19,4,1,Luxury,true,332,true,115,25,2026-05-15,Utah Area,Heber City,Kamas,Utah,84036,United States,mountains_lakes,https://www.airbnb.com/rooms/1526855316215272042,https://a0.muscache.com/im/pictures/prohost-api/Hosting-1526855316215272042/original/f3410302-0031-4698-bc77-b9097adb51b0.jpeg,1526855316215272042,5063267,40.649,-111.4012,=AVERAGE($G$2:$G$501),=AVERAGE($D$2:$D$501),"=IFERROR(($AT132-G132)/$AT132,0)","=IFERROR(($AU132-D132)/$AU132,0)",=$AU132-D132
"Deer Valley Views + Hot Tub, 2 Min to Gondola",AvantStay,,43927,55563,1331.12,34.02,123,4,4,12,true,true,true,true,true,false,false,Home/Apartment,House,House/villa,0,0,4,21+,Luxury,true,724,false,33,7,2026-02-08,Utah Area,Heber City,Heber City,Utah,84032,United States,mountains_lakes,https://www.airbnb.com/rooms/1573337182795016684,https://a0.muscache.com/im/pictures/prohost-api/Hosting-1573337182795016684/original/6574dfd4-59dd-4d39-9234-02f8aa726391.jpeg,1573337182795016684,,40.6467164079,-111.4437766957,=AVERAGE($G$2:$G$501),=AVERAGE($D$2:$D$501),"=IFERROR(($AT133-G133)/$AT133,0)","=IFERROR(($AU133-D133)/$AU133,0)",=$AU133-D133
Mountain retreat w/ private hot tub & views,Jaunt Vacation Rentals,,43701,57660,469.9,40.61,334,3,2,8,true,false,true,true,true,false,false,Home/Apartment,House,House/villa,4.9,29,3,21+,Luxury,true,365,true,93,14,2026-05-13,Utah Area,Heber City,Kamas,Utah,84036,United States,mountains_lakes,https://www.airbnb.com/rooms/724611223549555887,https://a0.muscache.com/im/pictures/prohost-api/Hosting-724611223549555887/original/2976a835-10ec-41d9-bab6-f43e1c688625.jpeg,724611223549555887,3030680,40.6814,-111.432,=AVERAGE($G$2:$G$501),=AVERAGE($D$2:$D$501),"=IFERROR(($AT134-G134)/$AT134,0)","=IFERROR(($AU134-D134)/$AU134,0)",=$AU134-D134
"New Deer Valley 1 min, Luxury House Park City 10 m",512812716,,42592,58183,925.91,25,347,5,4,10,true,false,true,true,true,false,false,Home/Apartment,House,House/villa,4.95,14,2,6-20,Luxury,false,0,true,46,13,2026-05-14,Utah Area,Heber City,Heber City,Utah,84032,United States,mountains_lakes,https://www.airbnb.com/rooms/1277621150970363788,https://a0.muscache.com/im/pictures/miso/Hosting-1277621150970363788/original/3b297fc6-f290-40c2-a194-017f1d091491.jpeg,1277621150970363788,4189141,40.6285,-111.431,=AVERAGE($G$2:$G$501),=AVERAGE($D$2:$D$501),"=IFERROR(($AT135-G135)/$AT135,0)","=IFERROR(($AU135-D135)/$AU135,0)",=$AU135-D135
Moose Mgmt at Pioche 3334: Deer Valley East,Vacation Rentals Park City,,42356,45947,381.59,47.84,345,1,2,10,true,true,true,true,true,false,false,Home/Apartment,Condominium (condo),Apt/Condo/Loft,0,0,2,21+,Luxury,false,160,true,111,27,2026-04-01,Utah Area,Heber City,Midway,Utah,84049,United States,mountains_lakes,https://www.vrbo.com/20148915ha,https://media.vrbo.com/lodging/117000000/116280000/116274200/116274172/16951d24.jpg?impolicy=resizecrop&rw=1200&ra=fit,,20148915ha,40.63389,-111.45084,=AVERAGE($G$2:$G$501),=AVERAGE($D$2:$D$501),"=IFERROR(($AT136-G136)/$AT136,0)","=IFERROR(($AU136-D136)/$AU136,0)",=$AU136-D136
"2 Relaxing Suite w/Pool, Sports Activities & Hot Spring - Perfect for Family!",BnBerry,,42253,49336,640.2,28.7,305,2,2,12,true,false,false,false,false,false,false,Home/Apartment,House,House/villa,0,0,1,21+,Luxury,false,0,true,66,42,2026-04-01,Utah Area,Heber City,Midway,Utah,84049,United States,mountains_lakes,https://www.vrbo.com/4641666,https://media.vrbo.com/lodging/118000000/117570000/117569700/117569665/361a0101.jpg?impolicy=resizecrop&rw=1200&ra=fit,,4641666,40.53182,-111.48763,=AVERAGE($G$2:$G$501),=AVERAGE($D$2:$D$501),"=IFERROR(($AT137-G137)/$AT137,0)","=IFERROR(($AU137-D137)/$AU137,0)",=$AU137-D137
Moose Mgmt at Retreat 915: Pvt Patio w/ Firepit,Vacation Rentals Park City LLC,,41893,61122,598.47,30.57,322,4,3,14,true,false,true,true,true,true,true,Home/Apartment,Townhouse,Apt/Condo/Loft,4.65,12,2,21+,Luxury,false,752,true,70,16,2026-05-14,Utah Area,Heber City,Heber City,Utah,84032,United States,mountains_lakes,https://www.airbnb.com/rooms/1127851802071649062,https://a0.muscache.com/im/pictures/prohost-api/Hosting-1127851802071649062/original/d9df42fa-432e-43ef-9d11-2c71e3de0a52.jpeg,1127851802071649062,9865076ha,40.66905,-111.43089,=AVERAGE($G$2:$G$501),=AVERAGE($D$2:$D$501),"=IFERROR(($AT138-G138)/$AT138,0)","=IFERROR(($AU138-D138)/$AU138,0)",=$AU138-D138
"Sauna, Deer Valley E Views, Hot Tub, Arcade, Gym",15016234,,41689,78422,463.21,48.39,221,3,2,10,true,true,false,true,true,true,false,Home/Apartment,Townhouse,Apt/Condo/Loft,5,10,1,6-20,Luxury,true,300,true,90,24,2026-05-17,Utah Area,Heber City,Heber City,Utah,84032,United States,mountains_lakes,https://www.airbnb.com/rooms/1410382086074905099,https://a0.muscache.com/im/pictures/hosting/Hosting-U3RheVN1cHBseUxpc3Rpbmc6MTQxMDM4MjA4NjA3NDkwNTA5OQ==/original/1368ba74-21c8-446c-9d4e-233f4e18be57.jpeg,1410382086074905099,4709734,40.5812,-111.4238,=AVERAGE($G$2:$G$501),=AVERAGE($D$2:$D$501),"=IFERROR(($AT139-G139)/$AT139,0)","=IFERROR(($AU139-D139)/$AU139,0)",=$AU139-D139
Lovely mountain condo w/hot tub & private balcony,99146355,,41633,49718,265.18,52.68,320,2,2,6,true,true,true,true,true,true,true,Home/Apartment,Chalet,House/villa,4.95,62,3,6-20,Luxury,true,182,false,157,42,2026-05-11,Utah Area,Heber City,Heber City,Utah,84032,United States,mountains_lakes,https://www.airbnb.com/rooms/1205278148161557151,https://a0.muscache.com/im/pictures/miso/Hosting-1205278148161557151/original/ccfbb0be-4234-4dd0-baa6-776619e68e6e.jpeg,1205278148161557151,4109908,40.63331,-111.44104,=AVERAGE($G$2:$G$501),=AVERAGE($D$2:$D$501),"=IFERROR(($AT140-G140)/$AT140,0)","=IFERROR(($AU140-D140)/$AU140,0)",=$AU140-D140
Beautiful Private Cabin with Hot tub,441514815,,41382,51192,422.27,39.04,318,3,3,14,true,false,true,true,true,false,false,Home/Apartment,Cabin,House/villa,5,58,2,1,Luxury,true,190,true,98,22,2026-05-11,Utah Area,Heber City,Wallsburg,Utah,84082,United States,mountains_lakes,https://www.airbnb.com/rooms/54387225,https://a0.muscache.com/im/pictures/af23e8f3-f582-4dd3-9cc6-fd9546936a85.jpg,54387225,3110350,40.3714,-111.39608,=AVERAGE($G$2:$G$501),=AVERAGE($D$2:$D$501),"=IFERROR(($AT141-G141)/$AT141,0)","=IFERROR(($AU141-D141)/$AU141,0)",=$AU141-D141
Ski-In/Ski-Out Deer Valley Condo,117913096,,41350,61660,810.78,28.65,295,2,2,6,true,true,true,true,true,false,true,Home/Apartment,Apartment,Apt/Condo/Loft,4.9,10,2,2-5,Luxury,true,350,false,51,18,2026-05-15,Utah Area,Heber City,Midway,Utah,84049,United States,mountains_lakes,https://www.airbnb.com/rooms/1445112756194880039,https://a0.muscache.com/im/pictures/miso/Hosting-1445112756194880039/original/51b134a7-a7a2-42e2-943e-1e7da770eba9.jpeg,1445112756194880039,4666519,40.6206,-111.4419,=AVERAGE($G$2:$G$501),=AVERAGE($D$2:$D$501),"=IFERROR(($AT142-G142)/$AT142,0)","=IFERROR(($AU142-D142)/$AU142,0)",=$AU142-D142
Modern Mountain Getaway | Minutes to Deer Valley,Park City Host,,40888,41171,693.02,39.33,241,4,3,14,true,false,true,true,true,false,false,Home/Apartment,Townhouse,Apt/Condo/Loft,5,5,3,21+,Luxury,true,512,true,59,15,2026-05-11,Utah Area,Heber City,Heber City,Utah,84032,United States,mountains_lakes,https://www.airbnb.com/rooms/1502261205502684838,https://a0.muscache.com/im/pictures/prohost-api/Hosting-1502261205502684838/original/cc670576-6249-45e6-ae8d-de5b946c75e0.jpeg,1502261205502684838,4796858,40.62846,-111.43149,=AVERAGE($G$2:$G$501),=AVERAGE($D$2:$D$501),"=IFERROR(($AT143-G143)/$AT143,0)","=IFERROR(($AU143-D143)/$AU143,0)",=$AU143-D143
Deer Valley East Village Mayflower Lakeside 1043,I Love Vacations - Park City,,40642,47163,725.75,30.43,327,4,3,13,true,false,true,true,true,false,true,Home/Apartment,Townhouse,Apt/Condo/Loft,5,4,2,21+,Luxury,true,715,true,56,15,2026-05-13,Utah Area,Heber City,Heber City,Utah,84032,United States,mountains_lakes,https://www.airbnb.com/rooms/1253086703433913104,https://a0.muscache.com/im/pictures/hosting/Hosting-1253086703433913104/original/ab886082-07c1-4754-8c1e-a9bed6ecedf7.jpeg,1253086703433913104,4209974,40.5003,-111.4136,=AVERAGE($G$2:$G$501),=AVERAGE($D$2:$D$501),"=IFERROR(($AT144-G144)/$AT144,0)","=IFERROR(($AU144-D144)/$AU144,0)",=$AU144-D144
Sun-filled Townhouse with Mountain Views!,146669296,,40513,54869,465.67,65.91,303,3,3,8,true,false,true,true,true,false,false,Home/Apartment,Townhouse,Apt/Condo/Loft,5,53,3,1,Luxury,false,397,false,87,6,2026-05-13,Utah Area,Heber City,Kamas,Utah,84036,United States,mountains_lakes,https://www.airbnb.com/rooms/20541044,https://a0.muscache.com/im/pictures/586004e8-9237-4cba-a368-6444aa498a8c.jpg,20541044,4682774ha,40.68222,-111.43134,=AVERAGE($G$2:$G$501),=AVERAGE($D$2:$D$501),"=IFERROR(($AT145-G145)/$AT145,0)","=IFERROR(($AU145-D145)/$AU145,0)",=$AU145-D145
Beautiful Mountain Cabin on Lower Provo River,390158123,,40233,41313,362.46,35.81,348,2,1,4,false,false,false,true,true,true,false,Home/Apartment,Cabin,House/villa,4.95,49,2,1,Luxury,true,150,true,111,40,2026-05-13,Utah Area,Heber City,Provo,Utah,84604,United States,mountains_lakes,https://www.airbnb.com/rooms/733519898819076771,https://a0.muscache.com/im/pictures/miso/Hosting-733519898819076771/original/3620e398-90f8-4625-b1dd-59990be9cf9f.jpeg,733519898819076771,3051471,40.39989,-111.53325,=AVERAGE($G$2:$G$501),=AVERAGE($D$2:$D$501),"=IFERROR(($AT146-G146)/$AT146,0)","=IFERROR(($AU146-D146)/$AU146,0)",=$AU146-D146
Deer Valley East Luxe Townhome for All Seasons!,732109689,,40019,40874,470.81,67.46,148,3,2,7,true,false,true,true,true,false,false,Home/Apartment,Townhouse,Apt/Condo/Loft,5,16,2,1,Luxury,true,250,false,85,22,2026-05-11,Utah Area,Heber City,Heber City,Utah,84032,United States,mountains_lakes,https://www.airbnb.com/rooms/1579936632907432093,https://a0.muscache.com/im/pictures/hosting/Hosting-1579936632907432093/original/2d19ec02-2731-434d-8eba-ed5e4762b417.jpeg,1579936632907432093,,40.64041,-111.448,=AVERAGE($G$2:$G$501),=AVERAGE($D$2:$D$501),"=IFERROR(($AT147-G147)/$AT147,0)","=IFERROR(($AU147-D147)/$AU147,0)",=$AU147-D147
DV East Village Ski & Sea - Free Ski Shuttle,I Love Vacations - Park City,,39664,56101,619.75,45.39,222,4,3,9,true,false,true,true,true,false,false,Home/Apartment,Townhouse,Apt/Condo/Loft,4.8,5,2,21+,Luxury,true,692,true,64,13,2026-05-16,Utah Area,Heber City,Heber City,Utah,84032,United States,mountains_lakes,https://www.airbnb.com/rooms/1277574745408369124,https://a0.muscache.com/im/pictures/hosting/Hosting-1277574745408369124/original/18c56e5c-7bd5-4fe4-b6eb-c7d94f5296fa.jpeg,1277574745408369124,4258767,40.6278,-111.4298,=AVERAGE($G$2:$G$501),=AVERAGE($D$2:$D$501),"=IFERROR(($AT148-G148)/$AT148,0)","=IFERROR(($AU148-D148)/$AU148,0)",=$AU148-D148
Spring• Summer Nights • Mountain Retreat,528992259,,39504,39504,513.04,27.6,365,4,3,10,true,false,true,true,true,false,false,Home/Apartment,House,House/villa,5,27,3,1,Luxury,false,351,false,77,18,2026-05-17,Utah Area,Heber City,Heber City,Utah,84032,United States,mountains_lakes,https://www.airbnb.com/rooms/1124743344716453209,https://a0.muscache.com/im/pictures/miso/Hosting-1124743344716453209/original/4211da96-dcaf-41c6-baef-f693a7d01ab2.jpeg,1124743344716453209,3958636,40.6295,-111.4379,=AVERAGE($G$2:$G$501),=AVERAGE($D$2:$D$501),"=IFERROR(($AT149-G149)/$AT149,0)","=IFERROR(($AU149-D149)/$AU149,0)",=$AU149-D149
Top-Floor Chic Condo Free Ski Shuttle,I Love Vacations - Park City,,39461,46304,390.7,51.01,265,3,2,8,true,false,true,true,true,false,false,Home/Apartment,Condominium (condo),Apt/Condo/Loft,5,2,2,21+,Luxury,true,489,true,101,14,2026-05-15,Utah Area,Heber City,Heber City,Utah,84032,United States,mountains_lakes,https://www.airbnb.com/rooms/1457988109723827659,https://a0.muscache.com/im/pictures/hosting/Hosting-1457988109723827659/original/f827efc4-0e07-47b7-8df3-24f12c76b093.jpeg,1457988109723827659,4656336,40.6269,-111.4338,=AVERAGE($G$2:$G$501),=AVERAGE($D$2:$D$501),"=IFERROR(($AT150-G150)/$AT150,0)","=IFERROR(($AU150-D150)/$AU150,0)",=$AU150-D150
Great Location & Luxe Amenities! Jordanelle 13215,I Love Vacations - Park City,,39432,60893,744,40.46,259,4,5,11,true,true,true,true,false,false,true,Home/Apartment,House,House/villa,5,25,2,21+,Luxury,true,668,true,53,11,2026-05-14,Utah Area,Heber City,Heber City,Utah,84032,United States,mountains_lakes,https://www.airbnb.com/rooms/53257385,https://a0.muscache.com/im/pictures/hosting/Hosting-53257385/original/dc5f94e9-1a0b-46e4-9175-327cf8d269c7.jpeg,53257385,2539595,40.6687,-111.4288,=AVERAGE($G$2:$G$501),=AVERAGE($D$2:$D$501),"=IFERROR(($AT151-G151)/$AT151,0)","=IFERROR(($AU151-D151)/$AU151,0)",=$AU151-D151
"Experience Breathtaking Adventure! 3 Cozy Units w/Scenic Outdoor, Resort Access!",BnBerry,,39375,50919,960.37,25.31,300,3,3,12,true,false,false,false,false,false,false,Home/Apartment,House,House/villa,0,0,1,21+,Luxury,false,0,true,41,17,2026-04-01,Utah Area,Heber City,Midway,Utah,84049,United States,mountains_lakes,https://www.vrbo.com/4641684,https://media.vrbo.com/lodging/118000000/117570000/117569800/117569723/07e33467.jpg?impolicy=resizecrop&rw=1200&ra=fit,,4641684,40.53182,-111.48763,=AVERAGE($G$2:$G$501),=AVERAGE($D$2:$D$501),"=IFERROR(($AT152-G152)/$AT152,0)","=IFERROR(($AU152-D152)/$AU152,0)",=$AU152-D152
Ski Shuttle to Deer Valley-Mayflower Lakeside 1015,I Love Vacations - Park City,,39256,92865,552.9,89.87,166,3,3,11,true,false,true,true,true,false,true,Home/Apartment,Townhouse,Apt/Condo/Loft,5,4,2,21+,Luxury,true,680,true,71,12,2026-05-14,Utah Area,Heber City,Heber City,Utah,84032,United States,mountains_lakes,https://www.airbnb.com/rooms/1080444827124342094,https://a0.muscache.com/im/pictures/hosting/Hosting-1080444827124342094/original/ead4cf83-3a5b-46e9-ad01-5c4444120370.jpeg,1080444827124342094,3831905,40.5003,-111.4135,=AVERAGE($G$2:$G$501),=AVERAGE($D$2:$D$501),"=IFERROR(($AT153-G153)/$AT153,0)","=IFERROR(($AU153-D153)/$AU153,0)",=$AU153-D153
Ski & Play! Luxury Townhome Near Park City Resort,Jaunt Vacation Rentals,,39221,95382,1634.21,19.35,167,4,3,10,true,true,true,true,true,false,true,Home/Apartment,Townhouse,Apt/Condo/Loft,4.9,36,1,21+,Luxury,true,400,true,24,4,2025-08-20,Utah Area,Heber City,Kamas,Utah,84036,United States,mountains_lakes,https://www.airbnb.com/rooms/1253777494350488985,https://a0.muscache.com/im/pictures/prohost-api/Hosting-1253777494350488985/original/4401152d-d3e4-4c42-b1cb-fbe6741b28c5.jpeg,1253777494350488985,4213334,40.6715629698,-111.43252431,=AVERAGE($G$2:$G$501),=AVERAGE($D$2:$D$501),"=IFERROR(($AT154-G154)/$AT154,0)","=IFERROR(($AU154-D154)/$AU154,0)",=$AU154-D154
Founders Place 2302,672812517,,39106,50617,2607.07,20.83,228,2,2,8,true,true,true,true,true,false,true,Home/Apartment,Condominium (condo),Apt/Condo/Loft,0,0,5,6-20,Luxury,false,679,true,15,3,2026-05-11,Utah Area,Heber City,Park City,Utah,84060,United States,mountains_lakes,https://www.airbnb.com/rooms/1512552942240768758,https://a0.muscache.com/im/pictures/prohost-api/Hosting-1512552942240768758/original/b3b88cb8-fda6-476e-a7f7-7486e3a9c6c6.jpeg,1512552942240768758,,40.6408414467,-111.4669417776,=AVERAGE($G$2:$G$501),=AVERAGE($D$2:$D$501),"=IFERROR(($AT155-G155)/$AT155,0)","=IFERROR(($AU155-D155)/$AU155,0)",=$AU155-D155
Pvt Hot Tub • Game Rm • Fire Pit •12 Min Ski & PC,15016234,,38794,43480,668.86,47.93,134,4,4,11,true,false,true,true,true,true,false,Home/Apartment,Townhouse,Apt/Condo/Loft,5,11,3,6-20,Luxury,true,499,false,58,13,2026-05-13,Utah Area,Heber City,Kamas,Utah,84036,United States,mountains_lakes,https://www.airbnb.com/rooms/1550325370543485619,https://a0.muscache.com/im/pictures/hosting/Hosting-1550325370543485619/original/78843595-4e7e-4343-aadb-29967d7ad336.jpeg,1550325370543485619,4989489,40.6724,-111.4313,=AVERAGE($G$2:$G$501),=AVERAGE($D$2:$D$501),"=IFERROR(($AT156-G156)/$AT156,0)","=IFERROR(($AU156-D156)/$AU156,0)",=$AU156-D156
Deer Valley East Village Ski and Lake Views Estate,582112000,,38671,45161,1247.45,32.29,108,5,5,12,true,false,true,true,true,false,false,Home/Apartment,House,House/villa,5,8,2,6-20,Luxury,true,500,false,31,7,2026-05-14,Utah Area,Heber City,Heber City,Utah,84032,United States,mountains_lakes,https://www.airbnb.com/rooms/1587084996703776445,https://a0.muscache.com/im/pictures/hosting/Hosting-1587084996703776445/original/2170a32b-19a7-41ab-8ce3-384c936a412d.jpeg,1587084996703776445,,40.6335,-111.4466,=AVERAGE($G$2:$G$501),=AVERAGE($D$2:$D$501),"=IFERROR(($AT157-G157)/$AT157,0)","=IFERROR(($AU157-D157)/$AU157,0)",=$AU157-D157
Senator Spa Suite at the Heber Senator B&B,98160861,,38493,40731,261.86,44.95,327,1,1,2,true,false,true,true,true,false,false,Private Room,House,House/villa,4.9,62,1,6-20,Luxury,false,0,true,147,91,2026-02-22,Utah Area,Heber City,Heber City,Utah,84032,United States,mountains_lakes,https://www.airbnb.com/rooms/37046620,https://a0.muscache.com/im/pictures/miso/Hosting-37046620/original/b6a95a07-d088-42a1-9a52-a6f248d15831.jpeg,37046620,,40.50793,-111.41353,=AVERAGE($G$2:$G$501),=AVERAGE($D$2:$D$501),"=IFERROR(($AT158-G158)/$AT158,0)","=IFERROR(($AU158-D158)/$AU158,0)",=$AU158-D158
Moose Mgmt at Stillwater 3070 KingBed-Dogs Welcome,Vacation Rentals Park City LLC,,38486,39486,261.81,49.16,358,2,3,9,true,true,false,true,true,true,true,Home/Apartment,Condominium (condo),Apt/Condo/Loft,4.5,21,2,21+,Luxury,false,354,true,147,27,2026-05-11,Utah Area,Heber City,Heber City,Utah,84032,United States,mountains_lakes,https://www.airbnb.com/rooms/715425369683977398,https://a0.muscache.com/im/pictures/prohost-api/Hosting-715425369683977398/original/bccbce94-f818-41a8-aa05-8aa6cef2bfa1.jpeg,715425369683977398,9687798ha,40.6275331329,-111.43872936,=AVERAGE($G$2:$G$501),=AVERAGE($D$2:$D$501),"=IFERROR(($AT159-G159)/$AT159,0)","=IFERROR(($AU159-D159)/$AU159,0)",=$AU159-D159
"Luxurious Midway Gem - 4 Modern Haven w/Resort & Golf Access, Stunning Views!",BnBerry,,38204,58767,1232.39,21.83,289,4,4,16,true,false,false,false,false,false,false,Home/Apartment,House,House/villa,0,0,1,21+,Luxury,false,0,true,31,13,2026-04-01,Utah Area,Heber City,Midway,Utah,84049,United States,mountains_lakes,https://www.vrbo.com/4652954,https://media.vrbo.com/lodging/118000000/117780000/117778200/117778175/825cf7be.jpg?impolicy=resizecrop&rw=1200&ra=fit,,4652954,40.53182,-111.48763,=AVERAGE($G$2:$G$501),=AVERAGE($D$2:$D$501),"=IFERROR(($AT160-G160)/$AT160,0)","=IFERROR(($AU160-D160)/$AU160,0)",=$AU160-D160
Moose Mgmt at Klaim 807: Hot Tub-Views,Vacation Rentals Park City LLC,,37953,40454,399.51,44.81,225,3,2,9,true,false,true,true,true,true,true,Home/Apartment,Townhouse,Apt/Condo/Loft,4.8,10,2,21+,Luxury,false,527,true,95,14,2026-01-05,Utah Area,Heber City,Kamas,Utah,84036,United States,mountains_lakes,https://www.airbnb.com/rooms/1310961701742036246,https://a0.muscache.com/im/pictures/prohost-api/Hosting-1310961701742036246/original/74d8de61-4c59-45dd-97ff-6023c53e8977.jpeg,1310961701742036246,20087333ha,40.650566239,-111.4018103902,=AVERAGE($G$2:$G$501),=AVERAGE($D$2:$D$501),"=IFERROR(($AT161-G161)/$AT161,0)","=IFERROR(($AU161-D161)/$AU161,0)",=$AU161-D161
"Midway, UT, 2-Bedroom Queen #1",WorldMark,,37820,57046,297.8,52.7,245,2,2,6,true,true,true,true,true,false,true,Home/Apartment,Condominium (condo),Apt/Condo/Loft,0,0,1,21+,Luxury,true,100,false,127,69,2026-05-11,Utah Area,Heber City,Midway,Utah,84049,United States,mountains_lakes,https://www.airbnb.com/rooms/31332980,https://a0.muscache.com/im/pictures/88c1a12d-5d0e-498b-b081-85c8438e9577.jpg,31332980,,40.5309,-111.4994,=AVERAGE($G$2:$G$501),=AVERAGE($D$2:$D$501),"=IFERROR(($AT162-G162)/$AT162,0)","=IFERROR(($AU162-D162)/$AU162,0)",=$AU162-D162
Luxury Mountain Retreat with Stunning Lake Views,136596396,,37387,39418,473.25,29.48,335,4,4,10,true,false,true,true,true,false,false,Home/Apartment,Townhouse,Apt/Condo/Loft,5,84,4,1,Luxury,false,275,false,79,17,2025-01-20,Utah Area,Heber City,Heber City,Utah,84032,United States,mountains_lakes,https://www.airbnb.com/rooms/659246590727967526,https://a0.muscache.com/im/pictures/miso/Hosting-659246590727967526/original/24930520-04c9-4861-a310-42b9bf9f0caa.jpeg,659246590727967526,2880033,40.63085,-111.43733,=AVERAGE($G$2:$G$501),=AVERAGE($D$2:$D$501),"=IFERROR(($AT163-G163)/$AT163,0)","=IFERROR(($AU163-D163)/$AU163,0)",=$AU163-D163
Historic Midway Farmhouse | Steps to Midway Shops,Stay Midway,,36953,38545,313.16,35.76,343,2,1,6,true,false,false,true,true,true,false,Home/Apartment,Loft,Apt/Condo/Loft,4.95,55,2,21+,Luxury,false,90,true,118,42,2026-05-13,Utah Area,Heber City,Midway,Utah,84049,United States,mountains_lakes,https://www.airbnb.com/rooms/954849828486106158,https://a0.muscache.com/im/pictures/miso/Hosting-954849828486106158/original/03875661-4dc0-4b5c-9840-b7ac62ca9ed0.jpeg,954849828486106158,3753022,40.5133,-111.4768,=AVERAGE($G$2:$G$501),=AVERAGE($D$2:$D$501),"=IFERROR(($AT164-G164)/$AT164,0)","=IFERROR(($AU164-D164)/$AU164,0)",=$AU164-D164
Mountain Escape Townhome Deer Valley East Village,Broussard Properties,,36881,37781,461.01,25.56,355,4,3,12,true,false,true,true,true,false,false,Home/Apartment,Townhouse,Apt/Condo/Loft,4.9,40,3,6-20,Luxury,true,414,true,80,23,2026-05-13,Utah Area,Heber City,Heber City,Utah,84032,United States,mountains_lakes,https://www.airbnb.com/rooms/944263528368735271,https://a0.muscache.com/im/pictures/prohost-api/Hosting-944263528368735271/original/09ee73d9-0d34-4239-8939-78081e6544a7.jpeg,944263528368735271,3471860,40.62654,-111.43325,=AVERAGE($G$2:$G$501),=AVERAGE($D$2:$D$501),"=IFERROR(($AT165-G165)/$AT165,0)","=IFERROR(($AU165-D165)/$AU165,0)",=$AU165-D165
Ideal Condo | 2 Minute Drive to Deer Valley's Lift,Simply Rented Vacation Rentals,,36870,45517,277.22,57.83,288,3,2,8,true,false,false,true,true,false,false,Home/Apartment,Condominium (condo),Apt/Condo/Loft,5,26,2,21+,Luxury,true,316,false,133,21,2026-05-13,Utah Area,Heber City,Heber City,Utah,84032,United States,mountains_lakes,https://www.airbnb.com/rooms/1092238960257471235,https://a0.muscache.com/im/pictures/prohost-api/Hosting-1092238960257471235/original/6ef1fc61-d268-4bdb-8456-33e533ba9b00.jpeg,1092238960257471235,3860198,40.6271,-111.436,=AVERAGE($G$2:$G$501),=AVERAGE($D$2:$D$501),"=IFERROR(($AT166-G166)/$AT166,0)","=IFERROR(($AU166-D166)/$AU166,0)",=$AU166-D166
Lake+Deer Valley Views-Dual Master-4BDRM-Sleeps 10,95337877,,36846,40189,594.29,36.05,247,4,3,10,true,false,false,true,true,false,false,Home/Apartment,Townhouse,Apt/Condo/Loft,5,27,2,2-5,Luxury,true,300,false,62,12,2026-05-16,Utah Area,Heber City,Kamas,Utah,84036,United States,mountains_lakes,https://www.airbnb.com/rooms/889366489560481049,https://a0.muscache.com/im/pictures/miso/Hosting-889366489560481049/original/643281af-f878-4915-8965-8a2d2db832db.jpeg,889366489560481049,,40.6504,-111.4018,=AVERAGE($G$2:$G$501),=AVERAGE($D$2:$D$501),"=IFERROR(($AT167-G167)/$AT167,0)","=IFERROR(($AU167-D167)/$AU167,0)",=$AU167-D167
"Luxury Joining Rooms, Park City, Fitness Center",Longitude Experience,,36806,48430,404.46,67.91,157,2,2,8,true,true,true,true,true,true,true,Home/Apartment,Condominium (condo),Apt/Condo/Loft,4.75,4,2,21+,Luxury,true,175,true,91,27,2026-03-13,Utah Area,Heber City,Kamas,Utah,84036,United States,mountains_lakes,https://www.airbnb.com/rooms/1487104687982106632,https://a0.muscache.com/im/pictures/prohost-api/Hosting-1487104687982106632/original/51cf4599-7356-46d7-8797-a932d753dca6.jpeg,1487104687982106632,4753439,40.6769,-111.43,=AVERAGE($G$2:$G$501),=AVERAGE($D$2:$D$501),"=IFERROR(($AT168-G168)/$AT168,0)","=IFERROR(($AU168-D168)/$AU168,0)",=$AU168-D168
Free Ski Shuttle Mayflower Lakeside 1014,I Love Vacations - Park City,,36635,46052,718.33,52.58,254,4,3,10,true,false,true,true,true,false,true,Home/Apartment,Townhouse,Apt/Condo/Loft,0,0,2,21+,Luxury,true,856,true,51,11,2026-05-11,Utah Area,Heber City,Heber City,Utah,84032,United States,mountains_lakes,https://www.airbnb.com/rooms/1416599802516076533,https://a0.muscache.com/im/pictures/hosting/Hosting-1416599802516076533/original/99b5762d-d95e-4a70-ad39-c7ad4a35bee9.jpeg,1416599802516076533,4576289,40.5064,-111.4135,=AVERAGE($G$2:$G$501),=AVERAGE($D$2:$D$501),"=IFERROR(($AT169-G169)/$AT169,0)","=IFERROR(($AU169-D169)/$AU169,0)",=$AU169-D169
"STONEHILL LODGE, SWIM, HIKE, SKI, LUXURY ",,,35715,63534,1428.6,20.49,274,7,8,23,true,true,false,true,true,false,true,Home/Apartment,House,House/villa,4.7,8,3,1,Luxury,false,401,true,25,7,2026-05-15,Utah Area,Heber City,Midway,Utah,84049,United States,mountains_lakes,https://www.vrbo.com/2152734,https://media.vrbo.com/lodging/62000000/61630000/61626200/61626132/cefb523f.jpg?impolicy=resizecrop&rw=1200&ra=fit,,2152734,40.55411,-111.52422,=AVERAGE($G$2:$G$501),=AVERAGE($D$2:$D$501),"=IFERROR(($AT170-G170)/$AT170,0)","=IFERROR(($AU170-D170)/$AU170,0)",=$AU170-D170
Slopeside Deer Valley East-Upscale Amenities,I Love Vacations - Park City,,35580,35684,936.32,33.93,180,2,2,6,true,true,true,true,false,false,true,Home/Apartment,Condominium (condo),Apt/Condo/Loft,5,3,2,21+,Luxury,true,461,true,38,9,2026-05-13,Utah Area,Heber City,Midway,Utah,84049,United States,mountains_lakes,https://www.airbnb.com/rooms/1552219132251349906,https://a0.muscache.com/im/pictures/hosting/Hosting-1552219132251349906/original/f9ebc8fa-632e-49f6-8314-b4cdb62b21ba.jpeg,1552219132251349906,4943782,40.6206,-111.4419,=AVERAGE($G$2:$G$501),=AVERAGE($D$2:$D$501),"=IFERROR(($AT171-G171)/$AT171,0)","=IFERROR(($AU171-D171)/$AU171,0)",=$AU171-D171
Indulge in Comfort in this relaxing Haven w/Resort amenities near Scenic Trails,BnBerry,,35404,47746,544.68,28.51,283,2,2,8,true,false,false,false,false,false,false,Home/Apartment,House,House/villa,0,0,1,21+,Luxury,false,0,true,65,45,2026-04-01,Utah Area,Heber City,Midway,Utah,84049,United States,mountains_lakes,https://www.vrbo.com/4641681,https://media.vrbo.com/lodging/118000000/117570000/117569800/117569713/86ed1a47.jpg?impolicy=resizecrop&rw=1200&ra=fit,,4641681,40.53182,-111.48763,=AVERAGE($G$2:$G$501),=AVERAGE($D$2:$D$501),"=IFERROR(($AT172-G172)/$AT172,0)","=IFERROR(($AU172-D172)/$AU172,0)",=$AU172-D172
Free Shuttle to Deer Valley East Ski Lift • HotTub,AvantStay,,35398,39066,680.73,20.72,346,4,4,16,true,false,true,true,true,true,false,Home/Apartment,House,House/villa,4.9,7,3,21+,Luxury,true,666,false,52,15,2026-05-11,Utah Area,Heber City,Heber City,Utah,84032,United States,mountains_lakes,https://www.airbnb.com/rooms/1610446028588955979,https://a0.muscache.com/im/pictures/prohost-api/Hosting-1610446028588955979/original/82f4e296-b003-4c56-97c5-98fad4db0b6a.jpeg,1610446028588955979,4178279,40.6425986578,-111.4479602472,=AVERAGE($G$2:$G$501),=AVERAGE($D$2:$D$501),"=IFERROR(($AT173-G173)/$AT173,0)","=IFERROR(($AU173-D173)/$AU173,0)",=$AU173-D173
"Deer Valley Views + Hot Tub, 2 Min to Gondola",AvantStay,,35294,42791,1069.52,42.86,136,4,4,12,true,true,true,true,true,false,false,Home/Apartment,House,House/villa,5,1,4,21+,Luxury,true,724,false,33,7,2026-05-11,Utah Area,Heber City,Heber City,Utah,84032,United States,mountains_lakes,https://www.airbnb.com/rooms/1620321809891640360,https://a0.muscache.com/im/pictures/hosting/Hosting-1620321809891640360/original/e553196c-c5ff-4a9b-99b8-3de5dc81a2ca.jpeg,1620321809891640360,4995134,40.6472205163,-111.4440001955,=AVERAGE($G$2:$G$501),=AVERAGE($D$2:$D$501),"=IFERROR(($AT174-G174)/$AT174,0)","=IFERROR(($AU174-D174)/$AU174,0)",=$AU174-D174
"2 Rejuvenating Oasis w/Resort Amenities, w/Outdoor Access - Your Perfect Getaway",BnBerry,,35180,42779,748.51,22.17,303,2,2,8,true,false,false,false,false,false,false,Home/Apartment,House,House/villa,0,0,1,21+,Luxury,false,0,false,47,30,2026-04-01,Utah Area,Heber City,Midway,Utah,84049,United States,mountains_lakes,https://www.vrbo.com/4641686,https://media.vrbo.com/lodging/118000000/117570000/117569800/117569729/7406caa5.jpg?impolicy=resizecrop&rw=1200&ra=fit,,4641686,40.53182,-111.48763,=AVERAGE($G$2:$G$501),=AVERAGE($D$2:$D$501),"=IFERROR(($AT175-G175)/$AT175,0)","=IFERROR(($AU175-D175)/$AU175,0)",=$AU175-D175
Lake+Deer Valley East Village View+Private Hot Tub,33143239,,35032,36798,412.14,47.75,347,3,2,6,true,false,true,true,true,false,false,Home/Apartment,Townhouse,Apt/Condo/Loft,5,9,2,21+,Luxury,true,300,true,85,14,2026-05-17,Utah Area,Heber City,Kamas,Utah,84036,United States,mountains_lakes,https://www.airbnb.com/rooms/1287877975503946539,https://a0.muscache.com/im/pictures/miso/Hosting-1287877975503946539/original/dd62800c-ec9b-4e6c-a923-8bc6a2af52b4.jpeg,1287877975503946539,,40.6502,-111.401,=AVERAGE($G$2:$G$501),=AVERAGE($D$2:$D$501),"=IFERROR(($AT176-G176)/$AT176,0)","=IFERROR(($AU176-D176)/$AU176,0)",=$AU176-D176
Moose Mgmt at Deer Springs 12754: King Bed-Dogs OK,Vacation Rentals Park City LLC,,34097,37931,460.77,30.71,322,3,2,10,true,false,true,true,true,true,false,Home/Apartment,Townhouse,Apt/Condo/Loft,5,2,2,21+,Luxury,false,510,true,74,12,2026-05-14,Utah Area,Heber City,Heber City,Utah,84032,United States,mountains_lakes,https://www.airbnb.com/rooms/1156130440239058823,https://a0.muscache.com/im/pictures/prohost-api/Hosting-1156130440239058823/original/6fdc7db2-0b4c-48c6-b137-585c0594b55a.jpeg,1156130440239058823,9956221ha,40.6640471366,-111.4187631674,=AVERAGE($G$2:$G$501),=AVERAGE($D$2:$D$501),"=IFERROR(($AT177-G177)/$AT177,0)","=IFERROR(($AU177-D177)/$AU177,0)",=$AU177-D177
Deer Valley East Lakefront Home w Hot Tub,ITrip Vacations,,33903,41019,691.9,22.17,325,4,3,10,true,false,true,true,true,false,false,Home/Apartment,House,House/villa,4.95,16,3,21+,Luxury,true,662,true,49,12,2026-05-13,Utah Area,Heber City,Heber City,Utah,84032,United States,mountains_lakes,https://www.airbnb.com/rooms/1019522677134070848,https://a0.muscache.com/im/pictures/prohost-api/Hosting-1019522677134070848/original/112b61e2-d490-4ce4-8a79-23834c1e6b17.jpeg,1019522677134070848,9886437ha,40.6302,-111.4321,=AVERAGE($G$2:$G$501),=AVERAGE($D$2:$D$501),"=IFERROR(($AT178-G178)/$AT178,0)","=IFERROR(($AU178-D178)/$AU178,0)",=$AU178-D178
Luxe Mountain Retreat Minutes to Deer Valley,113158134,,33809,43367,626.09,26.47,273,4,3,10,true,false,true,true,true,false,false,Home/Apartment,House,House/villa,5,12,4,1,Luxury,false,300,false,54,13,2026-05-17,Utah Area,Heber City,Heber City,Utah,84032,United States,mountains_lakes,https://www.airbnb.com/rooms/1211204343903658094,https://a0.muscache.com/im/pictures/hosting/Hosting-1211204343903658094/original/51b142d5-3994-4b21-ad1e-17bafad0f5c6.jpeg,1211204343903658094,4244805,40.6277,-111.4305,=AVERAGE($G$2:$G$501),=AVERAGE($D$2:$D$501),"=IFERROR(($AT179-G179)/$AT179,0)","=IFERROR(($AU179-D179)/$AU179,0)",=$AU179-D179
Moose Mgmt at Hailstone 4612: LakeViews-Pvt HotTub,Vacation Rentals Park City LLC,,33743,36026,358.97,35.61,355,3,2,12,true,false,true,true,true,false,false,Home/Apartment,Townhouse,Apt/Condo/Loft,4.35,13,2,21+,Luxury,false,516,true,94,20,2026-05-16,Utah Area,Heber City,Heber City,Utah,84032,United States,mountains_lakes,https://www.airbnb.com/rooms/1139449069885669922,https://a0.muscache.com/im/pictures/prohost-api/Hosting-1139449069885669922/original/fefd54e6-7c54-4def-8402-efc4b7102ecf.jpeg,1139449069885669922,9952484ha,40.6287932032,-111.4358398181,=AVERAGE($G$2:$G$501),=AVERAGE($D$2:$D$501),"=IFERROR(($AT180-G180)/$AT180,0)","=IFERROR(($AU180-D180)/$AU180,0)",=$AU180-D180
"2066/68 | Designer 2BR Villa | Near Park City, UT",Stay Midway,,33733,42468,301.19,44.09,271,2,2,8,true,true,false,true,true,false,true,Home/Apartment,Condominium (condo),Apt/Condo/Loft,5,12,2,21+,Luxury,false,120,true,112,51,2026-05-13,Utah Area,Heber City,Midway,Utah,84049,United States,mountains_lakes,https://www.airbnb.com/rooms/852568992948232179,https://a0.muscache.com/im/pictures/prohost-api/Hosting-852568992948232179/original/57f1f0f4-106c-4375-ad7f-eb043d2fa06e.jpeg,852568992948232179,3445955,40.524,-111.4898,=AVERAGE($G$2:$G$501),=AVERAGE($D$2:$D$501),"=IFERROR(($AT181-G181)/$AT181,0)","=IFERROR(($AU181-D181)/$AU181,0)",=$AU181-D181
Deer Valley East Ski Home Near Gondola | Hot Tub,ITrip Vacations,,33470,35840,376.07,40.83,341,3,2,8,true,false,true,true,true,false,false,Home/Apartment,House,House/villa,4.95,15,2,21+,Luxury,true,544,true,89,7,2026-05-16,Utah Area,Heber City,Kamas,Utah,84036,United States,mountains_lakes,https://www.airbnb.com/rooms/923816896450207786,https://a0.muscache.com/im/pictures/prohost-api/Hosting-923816896450207786/original/3018ed10-6457-4045-b63e-3c897ea2ad37.jpeg,923816896450207786,9826208ha,40.6502,-111.4025,=AVERAGE($G$2:$G$501),=AVERAGE($D$2:$D$501),"=IFERROR(($AT182-G182)/$AT182,0)","=IFERROR(($AU182-D182)/$AU182,0)",=$AU182-D182
Quiet Mountain Retreat,137863158,,33391,34291,174.82,63.67,324,1,1,2,true,false,false,true,true,false,false,Home/Apartment,Barn,Unique,5,15,1,2-5,Luxury,true,25,true,191,21,2025-12-22,Utah Area,Heber City,Wallsburg,Utah,84082,United States,mountains_lakes,https://www.airbnb.com/rooms/1295612553531891449,https://a0.muscache.com/im/pictures/hosting/Hosting-1295612553531891449/original/ebd7e585-fee9-4095-b1c7-98d3bc3430d4.jpeg,1295612553531891449,,40.3728448465,-111.4047729224,=AVERAGE($G$2:$G$501),=AVERAGE($D$2:$D$501),"=IFERROR(($AT183-G183)/$AT183,0)","=IFERROR(($AU183-D183)/$AU183,0)",=$AU183-D183
"Midway, UT, 2-Bedroom T #2",WorldMark,,32864,45469,293.43,43.92,255,2,2,6,true,true,true,true,true,false,true,Home/Apartment,Condominium (condo),Apt/Condo/Loft,0,0,1,21+,Luxury,true,98,false,112,69,2026-05-11,Utah Area,Heber City,Midway,Utah,84049,United States,mountains_lakes,https://www.airbnb.com/rooms/31332992,https://a0.muscache.com/im/pictures/88c1a12d-5d0e-498b-b081-85c8438e9577.jpg,31332992,,40.5309,-111.4994,=AVERAGE($G$2:$G$501),=AVERAGE($D$2:$D$501),"=IFERROR(($AT184-G184)/$AT184,0)","=IFERROR(($AU184-D184)/$AU184,0)",=$AU184-D184
"Stunning Views, Gorgeous Gourmet Viking Kitchen, Hot Tub, Close to Historic Park City Main Street! Welcome to Black Rock Ridge 52!",Mountain West Vacation Rentals,,32712,34205,564,31.35,359,4,4,16,true,false,true,true,true,false,false,Home/Apartment,Townhouse,Apt/Condo/Loft,4.8,32,3,21+,Luxury,false,479,true,58,12,2026-05-14,Utah Area,Heber City,Heber City,Utah,84032,United States,mountains_lakes,https://www.airbnb.com/rooms/53419861,https://a0.muscache.com/im/pictures/prohost-api/Hosting-53419861/original/9edf847d-7201-4ce1-bddf-00f28970f7a9.jpeg,53419861,2522514,40.6835,-111.4337,=AVERAGE($G$2:$G$501),=AVERAGE($D$2:$D$501),"=IFERROR(($AT185-G185)/$AT185,0)","=IFERROR(($AU185-D185)/$AU185,0)",=$AU185-D185
"2 Min to Skiing, Private Hot Tub, Deer Valley East",ITrip Vacations,,32613,43169,526.02,27.8,325,4,3,10,true,false,true,true,true,false,false,Home/Apartment,House,House/villa,4.85,73,2,21+,Luxury,true,323,true,62,13,2026-05-13,Utah Area,Heber City,Heber City,Utah,84032,United States,mountains_lakes,https://www.airbnb.com/rooms/16551237,https://a0.muscache.com/im/pictures/prohost-api/Hosting-16551237/original/8a0648ac-066d-44f2-ba06-0b607caf3f9f.jpeg,16551237,4289046ha,40.6297,-111.438,=AVERAGE($G$2:$G$501),=AVERAGE($D$2:$D$501),"=IFERROR(($AT186-G186)/$AT186,0)","=IFERROR(($AU186-D186)/$AU186,0)",=$AU186-D186
Park City Summer Escape | Hot Tub + Lake,51917399,,32594,33253,603.59,21.34,362,4,3,12,true,false,true,true,true,true,false,Home/Apartment,House,House/villa,5,32,2,2-5,Luxury,false,0,false,54,14,2026-05-16,Utah Area,Heber City,Heber City,Utah,84032,United States,mountains_lakes,https://www.airbnb.com/rooms/41937969,https://a0.muscache.com/im/pictures/hosting/Hosting-41937969/original/407b2bbe-d19f-4675-9eaa-316686904e91.jpeg,41937969,806619,40.62767,-111.43622,=AVERAGE($G$2:$G$501),=AVERAGE($D$2:$D$501),"=IFERROR(($AT187-G187)/$AT187,0)","=IFERROR(($AU187-D187)/$AU187,0)",=$AU187-D187
"Midway Vacation~Heated Pool, Tubing, Villa 3056",Midway Vacation Properties,,32443,47861,395.65,35.34,291,3,3,14,true,true,true,true,true,false,true,Home/Apartment,Villa,House/villa,4.65,92,2,21+,Luxury,true,250,true,82,29,2026-05-16,Utah Area,Heber City,Midway,Utah,84049,United States,mountains_lakes,https://www.airbnb.com/rooms/35680077,https://a0.muscache.com/im/pictures/prohost-api/Hosting-35680077/original/3a00bd8d-fa00-4162-953e-20d7cea8eb7d.jpeg,35680077,1798363,40.52523,-111.49158,=AVERAGE($G$2:$G$501),=AVERAGE($D$2:$D$501),"=IFERROR(($AT188-G188)/$AT188,0)","=IFERROR(($AU188-D188)/$AU188,0)",=$AU188-D188
1087/89 | Premium 2BR Villa | Near Park City Ski,Stay Midway,,32377,35129,284.01,39.04,309,2,2,8,true,true,false,true,true,true,true,Home/Apartment,Condominium (condo),Apt/Condo/Loft,4.3,25,2,21+,Luxury,false,120,true,114,43,2026-05-13,Utah Area,Heber City,Midway,Utah,84049,United States,mountains_lakes,https://www.airbnb.com/rooms/902598785742745967,https://a0.muscache.com/im/pictures/prohost-api/Hosting-902598785742745967/original/68ee836b-115f-4ea3-b45b-0b2fdf9982b9.jpeg,902598785742745967,3524341,40.524,-111.4902,=AVERAGE($G$2:$G$501),=AVERAGE($D$2:$D$501),"=IFERROR(($AT189-G189)/$AT189,0)","=IFERROR(($AU189-D189)/$AU189,0)",=$AU189-D189
BRAND NEW Luxury 4 bd with Hot Tub and Bunk Room,Park City Host,,32368,49070,752.74,33.86,204,4,3,12,true,false,true,true,true,false,false,Home/Apartment,House,House/villa,5,23,3,21+,Luxury,true,488,true,43,10,2026-05-02,Utah Area,Heber City,Heber City,Utah,84032,United States,mountains_lakes,https://www.airbnb.com/rooms/1047421479934357491,https://a0.muscache.com/im/pictures/prohost-api/Hosting-1047421479934357491/original/4b4e2b7c-7511-424b-9b1f-ada5830b2225.jpeg,1047421479934357491,3771648,40.6281,-111.4305,=AVERAGE($G$2:$G$501),=AVERAGE($D$2:$D$501),"=IFERROR(($AT190-G190)/$AT190,0)","=IFERROR(($AU190-D190)/$AU190,0)",=$AU190-D190
Stunning Mountain Views | Luxury Studio Pool House,541291151,,32353,33931,269.61,44.94,341,,1,2,true,false,false,false,true,false,true,Home/Apartment,Serviced apartment,Apt/Condo/Loft,5,18,3,1,Luxury,false,95,true,120,23,2026-04-14,Utah Area,Heber City,Heber City,Utah,84032,United States,mountains_lakes,https://www.airbnb.com/rooms/1030409693776425459,https://a0.muscache.com/im/pictures/prohost-api/Hosting-1030409693776425459/original/b5aa5184-71bd-456d-acad-018d2f3a1cfe.jpeg,1030409693776425459,3115188,40.47693,-111.45719,=AVERAGE($G$2:$G$501),=AVERAGE($D$2:$D$501),"=IFERROR(($AT191-G191)/$AT191,0)","=IFERROR(($AU191-D191)/$AU191,0)",=$AU191-D191
Direct ski access- luxurious one bedroom,447258254,,32341,35238,752.12,26.54,361,1,1,3,true,true,false,true,true,false,true,Home/Apartment,Guest suite,House/villa,5,6,1,1,Luxury,false,240,false,43,9,2026-05-14,Utah Area,Heber City,Midway,Utah,84049,United States,mountains_lakes,https://www.airbnb.com/rooms/1317532531857935003,https://a0.muscache.com/im/pictures/hosting/Hosting-U3RheVN1cHBseUxpc3Rpbmc6MTMxNzUzMjUzMTg1NzkzNTAwMw%3D%3D/original/4de1a157-593f-4a2a-b133-53fb25978213.jpeg,1317532531857935003,4296262,40.6205836522,-111.4422369802,=AVERAGE($G$2:$G$501),=AVERAGE($D$2:$D$501),"=IFERROR(($AT192-G192)/$AT192,0)","=IFERROR(($AU192-D192)/$AU192,0)",=$AU192-D192
Moose Mgmt at Retreat 1119 Pvt HotTub-Dogs Welcome,Vacation Rentals Park City LLC,,32324,32558,529.9,36.75,290,4,3,14,true,false,true,true,true,true,true,Home/Apartment,Townhouse,Apt/Condo/Loft,4.9,12,3,21+,Luxury,false,676,true,61,12,2025-10-15,Utah Area,Heber City,Heber City,Utah,84032,United States,mountains_lakes,https://www.airbnb.com/rooms/730673933325327132,https://a0.muscache.com/im/pictures/prohost-api/Hosting-730673933325327132/original/71025333-bb69-42c2-81d8-a802c4581032.jpeg,730673933325327132,9732770ha,40.6722209,-111.4333536,=AVERAGE($G$2:$G$501),=AVERAGE($D$2:$D$501),"=IFERROR(($AT193-G193)/$AT193,0)","=IFERROR(($AU193-D193)/$AU193,0)",=$AU193-D193
Sundance Spa Suite in the Heber Senator B & B.,98160861,,32040,33294,258.39,39.87,322,1,1,2,true,false,true,true,true,false,false,Private Room,House,House/villa,4.9,38,1,6-20,Luxury,false,0,true,124,80,2026-02-16,Utah Area,Heber City,Heber City,Utah,84032,United States,mountains_lakes,https://www.airbnb.com/rooms/36108755,https://a0.muscache.com/im/pictures/miso/Hosting-36108755/original/dfe5b388-a969-41ce-a52f-4b06733f3f5f.jpeg,36108755,,40.50641,-111.41281,=AVERAGE($G$2:$G$501),=AVERAGE($D$2:$D$501),"=IFERROR(($AT194-G194)/$AT194,0)","=IFERROR(($AU194-D194)/$AU194,0)",=$AU194-D194
Homey Lake House 10 min from beach & boat-launch,590036658,,31902,40120,1063.4,25.64,143,3,4,8,true,false,false,true,true,true,false,Home/Apartment,House,House/villa,0,0,2,2-5,Luxury,true,170,true,30,12,2025-07-14,Utah Area,Heber City,Heber City,Utah,84032,United States,mountains_lakes,https://www.airbnb.com/rooms/1360874672860489480,https://a0.muscache.com/im/pictures/miso/Hosting-1360874672860489480/original/de7a7370-8eaa-4a57-ab0f-80fca2d65379.jpeg,1360874672860489480,4468637,40.4706198066,-111.4727380346,=AVERAGE($G$2:$G$501),=AVERAGE($D$2:$D$501),"=IFERROR(($AT195-G195)/$AT195,0)","=IFERROR(($AU195-D195)/$AU195,0)",=$AU195-D195
Luxury Ski Condo Close to Deer Valley Gondola,10159215,,31748,33424,327.3,37.74,355,3,2,6,true,false,false,true,true,false,false,Home/Apartment,Condominium (condo),Apt/Condo/Loft,5,57,3,2-5,Luxury,false,120,false,97,14,2020-09-27,Utah Area,Heber City,Heber City,Utah,84032,United States,mountains_lakes,https://www.airbnb.com/rooms/15327148,https://a0.muscache.com/im/pictures/79568a38-fab6-4115-9916-920fc1eb6e90.jpg?aki_policy=x_large,15327148,947185,40.62643,-111.43431,=AVERAGE($G$2:$G$501),=AVERAGE($D$2:$D$501),"=IFERROR(($AT196-G196)/$AT196,0)","=IFERROR(($AU196-D196)/$AU196,0)",=$AU196-D196
New Build w/ Hot Tub + Game Room | Near Ski Slopes,AvantStay,,31552,31552,956.12,21.57,240,4,4,16,true,false,true,true,true,true,false,Home/Apartment,House,House/villa,5,2,2,21+,Luxury,true,667,true,33,10,2026-01-26,Utah Area,Heber City,Heber City,Utah,84032,United States,mountains_lakes,https://www.airbnb.com/rooms/1518973154007195130,https://a0.muscache.com/im/pictures/prohost-api/Hosting-1518973154007195130/original/132c6d32-5dd2-43b8-a803-c61486a12e5e.jpeg,1518973154007195130,,40.6428532842,-111.4460443001,=AVERAGE($G$2:$G$501),=AVERAGE($D$2:$D$501),"=IFERROR(($AT197-G197)/$AT197,0)","=IFERROR(($AU197-D197)/$AU197,0)",=$AU197-D197
2047/49 | Spacious 2BR Villa | Near Park City Ski,Stay Midway,,31470,33578,299.71,39.47,319,2,2,8,true,true,false,true,true,true,true,Home/Apartment,Condominium (condo),Apt/Condo/Loft,4.3,10,2,21+,Luxury,false,120,true,105,35,2026-05-13,Utah Area,Heber City,Midway,Utah,84049,United States,mountains_lakes,https://www.airbnb.com/rooms/904627593071073434,https://a0.muscache.com/im/pictures/prohost-api/Hosting-904627593071073434/original/efb7ea1c-3af5-4e72-a8c6-9262cd3cc8c8.jpeg,904627593071073434,,40.524,-111.4898,=AVERAGE($G$2:$G$501),=AVERAGE($D$2:$D$501),"=IFERROR(($AT198-G198)/$AT198,0)","=IFERROR(($AU198-D198)/$AU198,0)",=$AU198-D198
Rustic 8B Estate on 40 acres,501217058,,31467,87619,2420.54,12.5,279,7,8,16,true,false,true,true,true,false,false,Home/Apartment,House,House/villa,4,2,3,1,Luxury,false,0,true,13,5,2026-05-11,Utah Area,Heber City,Heber City,Utah,84032,United States,mountains_lakes,https://www.airbnb.com/rooms/1428984021907075749,https://a0.muscache.com/im/pictures/miso/Hosting-1428984021907075749/original/36a93cf8-d872-4b68-9fbf-2789b84e88a2.jpeg,1428984021907075749,4360596,40.4632990378,-111.4318832271,=AVERAGE($G$2:$G$501),=AVERAGE($D$2:$D$501),"=IFERROR(($AT199-G199)/$AT199,0)","=IFERROR(($AU199-D199)/$AU199,0)",=$AU199-D199
Relax & Unwind in Scenic Outdoor - 2 Modern Units  w/Resort & Golf Access!,BnBerry,,31311,37079,539.84,25.44,305,2,2,8,true,false,false,false,false,false,false,Home/Apartment,House,House/villa,0,0,1,21+,Luxury,false,0,true,58,30,2026-04-01,Utah Area,Heber City,Midway,Utah,84049,United States,mountains_lakes,https://www.vrbo.com/4652953,https://media.vrbo.com/lodging/118000000/117780000/117778200/117778166/d9169c65.jpg?impolicy=resizecrop&rw=1200&ra=fit,,4652953,40.53182,-111.48763,=AVERAGE($G$2:$G$501),=AVERAGE($D$2:$D$501),"=IFERROR(($AT200-G200)/$AT200,0)","=IFERROR(($AU200-D200)/$AU200,0)",=$AU200-D200
2071/73 | 2BR Modern Villa | Near Park City Ski,Stay Midway,,30939,34846,257.82,45.98,341,2,2,8,true,true,false,true,true,false,true,Home/Apartment,Condominium (condo),Apt/Condo/Loft,4.05,19,2,21+,Luxury,false,120,true,120,35,2026-05-13,Utah Area,Heber City,Midway,Utah,84049,United States,mountains_lakes,https://www.airbnb.com/rooms/904616509407042349,https://a0.muscache.com/im/pictures/hosting/Hosting-904616509407042349/original/8120d67e-e852-4bae-87be-da26a053e8d5.jpeg,904616509407042349,3194451,40.524,-111.4898,=AVERAGE($G$2:$G$501),=AVERAGE($D$2:$D$501),"=IFERROR(($AT201-G201)/$AT201,0)","=IFERROR(($AU201-D201)/$AU201,0)",=$AU201-D201
"Midway, UT, 2-Bedroom T #1",WorldMark,,30938,47774,300.37,41.87,246,2,2,6,true,true,true,true,true,false,true,Home/Apartment,Condominium (condo),Apt/Condo/Loft,5,14,1,21+,Luxury,true,99,false,103,60,2026-05-11,Utah Area,Heber City,Midway,Utah,84049,United States,mountains_lakes,https://www.airbnb.com/rooms/11928251,https://a0.muscache.com/im/pictures/88c1a12d-5d0e-498b-b081-85c8438e9577.jpg,11928251,,40.5275,-111.4907,=AVERAGE($G$2:$G$501),=AVERAGE($D$2:$D$501),"=IFERROR(($AT202-G202)/$AT202,0)","=IFERROR(($AU202-D202)/$AU202,0)",=$AU202-D202
"Midway, UT, 2-Bedroom Twin #1",WorldMark,,30232,40777,305.37,36.8,270,2,2,6,true,true,true,true,true,false,true,Home/Apartment,Condominium (condo),Apt/Condo/Loft,4.8,10,1,21+,Luxury,true,99,false,99,56,2026-05-11,Utah Area,Heber City,Midway,Utah,84049,United States,mountains_lakes,https://www.airbnb.com/rooms/16691415,https://a0.muscache.com/im/pictures/14eab68f-6772-4779-861d-b8c607be31bf.jpg,16691415,,40.5275,-111.4907,=AVERAGE($G$2:$G$501),=AVERAGE($D$2:$D$501),"=IFERROR(($AT203-G203)/$AT203,0)","=IFERROR(($AU203-D203)/$AU203,0)",=$AU203-D203
Spacious Townhome ~ 7 Mi to Deer Valley Resort!,Evolve,,30229,41071,290.66,91.23,118,3,3,10,true,false,false,true,true,true,false,Home/Apartment,Townhouse,Apt/Condo/Loft,4.95,17,3,21+,Luxury,false,267,true,104,10,2026-01-31,Utah Area,Heber City,Heber City,Utah,84032,United States,mountains_lakes,https://www.airbnb.com/rooms/803557844791297331,https://a0.muscache.com/im/pictures/prohost-api/Hosting-803557844791297331/original/8605b908-d848-4270-ae3e-5784180d8fbf.jpeg,803557844791297331,9777991ha,40.6747,-111.432,=AVERAGE($G$2:$G$501),=AVERAGE($D$2:$D$501),"=IFERROR(($AT204-G204)/$AT204,0)","=IFERROR(($AU204-D204)/$AU204,0)",=$AU204-D204
Amazing Views | Garage | Deer Valley Ski,Silver Peak Properties,,30179,38069,386.91,39,342,3,3,8,true,false,false,true,true,false,false,Home/Apartment,Townhouse,Apt/Condo/Loft,4.9,20,2,21+,Luxury,true,414,true,78,10,2026-05-14,Utah Area,Heber City,Kamas,Utah,84036,United States,mountains_lakes,https://www.airbnb.com/rooms/1257306052057678661,https://a0.muscache.com/im/pictures/prohost-api/Hosting-1257306052057678661/original/d51d4f9d-cae5-4ea5-9825-d8bbd150e88b.png,1257306052057678661,4206022,40.6507,-111.4026,=AVERAGE($G$2:$G$501),=AVERAGE($D$2:$D$501),"=IFERROR(($AT205-G205)/$AT205,0)","=IFERROR(($AU205-D205)/$AU205,0)",=$AU205-D205
Black Rock 14161: Pvt Hot Tub-Views!,Vacation Rentals Park City LLC,,30104,44974,470.38,63.37,141,3,2,6,true,false,true,true,true,true,false,Home/Apartment,Townhouse,Apt/Condo/Loft,5,1,7,21+,Luxury,false,451,true,64,12,2026-05-13,Utah Area,Heber City,Kamas,Utah,84036,United States,mountains_lakes,https://www.airbnb.com/rooms/1557647111054084864,https://a0.muscache.com/im/pictures/prohost-api/Hosting-1557647111054084864/original/22809043-bbad-4af5-942c-929919670a54.jpeg,1557647111054084864,20219644ha,40.67916,-111.43164,=AVERAGE($G$2:$G$501),=AVERAGE($D$2:$D$501),"=IFERROR(($AT206-G206)/$AT206,0)","=IFERROR(($AU206-D206)/$AU206,0)",=$AU206-D206
"Midway, UT, 2-Bedroom Twin #2",WorldMark,,30075,40310,300.75,37.04,271,2,2,6,true,true,true,true,true,false,true,Home/Apartment,Condominium (condo),Apt/Condo/Loft,0,0,1,21+,Luxury,true,99,false,100,60,2026-05-13,Utah Area,Heber City,Midway,Utah,84049,United States,mountains_lakes,https://www.airbnb.com/rooms/29775289,https://a0.muscache.com/im/pictures/88c1a12d-5d0e-498b-b081-85c8438e9577.jpg,29775289,,40.5275,-111.4907,=AVERAGE($G$2:$G$501),=AVERAGE($D$2:$D$501),"=IFERROR(($AT207-G207)/$AT207,0)","=IFERROR(($AU207-D207)/$AU207,0)",=$AU207-D207
1070/72 | Elevated 2BR Villa | Near Wasatch SP,Stay Midway,,30071,31758,300.71,34.36,324,2,2,8,true,true,false,true,true,true,true,Home/Apartment,Condominium (condo),Apt/Condo/Loft,4.35,3,2,21+,Luxury,false,120,true,100,46,2026-05-16,Utah Area,Heber City,Midway,Utah,84049,United States,mountains_lakes,https://www.airbnb.com/rooms/1088512164852169559,https://a0.muscache.com/im/pictures/miso/Hosting-901279443081253521/original/c3c31779-10df-430b-a6e5-26e5c6c58884.jpeg,1088512164852169559,4894736,40.52287,-111.49,=AVERAGE($G$2:$G$501),=AVERAGE($D$2:$D$501),"=IFERROR(($AT208-G208)/$AT208,0)","=IFERROR(($AU208-D208)/$AU208,0)",=$AU208-D208
Fun Family Getaway! 4 Modern Units w/Pool & Spring access - Onsite Parking!,BnBerry,,30058,47961,1073.5,17.83,286,4,4,16,true,false,false,false,false,false,false,Home/Apartment,House,House/villa,0,0,1,21+,Luxury,false,0,true,28,13,2026-04-01,Utah Area,Heber City,Midway,Utah,84049,United States,mountains_lakes,https://www.vrbo.com/4641677,https://media.vrbo.com/lodging/118000000/117570000/117569700/117569698/c56ce66a.jpg?impolicy=resizecrop&rw=1200&ra=fit,,4641677,40.53182,-111.48763,=AVERAGE($G$2:$G$501),=AVERAGE($D$2:$D$501),"=IFERROR(($AT209-G209)/$AT209,0)","=IFERROR(($AU209-D209)/$AU209,0)",=$AU209-D209
Modern Mountain Luxury with Breathtaking Views,Park City Host,,29619,50419,630.19,44.34,115,4,3,11,true,false,true,true,true,false,false,Home/Apartment,Townhouse,Apt/Condo/Loft,5,8,3,21+,Luxury,true,571,true,47,11,2026-05-11,Utah Area,Heber City,Kamas,Utah,84036,United States,mountains_lakes,https://www.airbnb.com/rooms/1523902666815626398,https://a0.muscache.com/im/pictures/prohost-api/Hosting-1523902666815626398/original/6c1d9b51-c9a4-4962-ad6f-6f3ef376495c.jpeg,1523902666815626398,4879729,40.64962,-111.40121,=AVERAGE($G$2:$G$501),=AVERAGE($D$2:$D$501),"=IFERROR(($AT210-G210)/$AT210,0)","=IFERROR(($AU210-D210)/$AU210,0)",=$AU210-D210
"Stunning Retreat, Majestic View, Private Hot Tub!",Mountain West Vacation Rentals,,29578,32713,484.89,29.61,339,3,2,9,true,false,true,true,true,false,false,Home/Apartment,Townhouse,Apt/Condo/Loft,4.9,25,3,21+,Luxury,false,429,true,61,12,2026-05-17,Utah Area,Heber City,Kamas,Utah,84036,United States,mountains_lakes,https://www.airbnb.com/rooms/53187403,https://a0.muscache.com/im/pictures/prohost-api/Hosting-53187403/original/6de17c89-2665-43f5-9dc3-a1237b11a3ca.jpeg,53187403,2535636,40.6805,-111.433,=AVERAGE($G$2:$G$501),=AVERAGE($D$2:$D$501),"=IFERROR(($AT211-G211)/$AT211,0)","=IFERROR(($AU211-D211)/$AU211,0)",=$AU211-D211
Zermatt Resort Chalet for Groups & Families 722,Midway Vacation Properties,,28890,35580,555.58,27.66,306,4,3,14,true,true,true,true,false,false,false,Home/Apartment,Chalet,House/villa,5,11,2,21+,Luxury,true,385,true,52,13,2026-05-17,Utah Area,Heber City,Midway,Utah,84049,United States,mountains_lakes,https://www.airbnb.com/rooms/1142123868675202799,https://a0.muscache.com/im/pictures/prohost-api/Hosting-1142123868675202799/original/a9fa36ed-070e-4d78-9a62-de0c6f4e1f28.jpeg,1142123868675202799,3966987,40.52406,-111.48897,=AVERAGE($G$2:$G$501),=AVERAGE($D$2:$D$501),"=IFERROR(($AT212-G212)/$AT212,0)","=IFERROR(($AU212-D212)/$AU212,0)",=$AU212-D212
Belaview 12778 | 2 Living Rooms | Near Skiing,All Seasons Resort Lodging,,28749,30868,463.69,31.31,256,4,3,10,true,false,false,true,true,false,false,Home/Apartment,House,House/villa,5,18,2,21+,Luxury,false,302,true,62,12,2026-05-16,Utah Area,Heber City,Heber City,Utah,84032,United States,mountains_lakes,https://www.airbnb.com/rooms/1100115580005914717,https://a0.muscache.com/im/pictures/prohost-api/Hosting-1100115580005914717/original/7bfd9e73-66e3-46f0-99af-ca6861a07800.jpeg,1100115580005914717,3876665,40.6636,-111.4187,=AVERAGE($G$2:$G$501),=AVERAGE($D$2:$D$501),"=IFERROR(($AT213-G213)/$AT213,0)","=IFERROR(($AU213-D213)/$AU213,0)",=$AU213-D213
Ski & Stay in Style | Central to Deer Valley + PC,I Love Vacations - Park City,,28712,43287,717.8,35.09,171,4,3,10,true,false,true,true,true,false,false,Home/Apartment,Townhouse,Apt/Condo/Loft,0,0,2,21+,Luxury,true,720,true,40,10,2026-05-15,Utah Area,Heber City,Heber City,Utah,84032,United States,mountains_lakes,https://www.airbnb.com/rooms/1531956754416199065,https://a0.muscache.com/im/pictures/hosting/Hosting-1531956754416199065/original/aaed5922-08dd-4f61-8931-5a2d52303a2f.jpeg,1531956754416199065,4840015,40.5821,-111.4241,=AVERAGE($G$2:$G$501),=AVERAGE($D$2:$D$501),"=IFERROR(($AT214-G214)/$AT214,0)","=IFERROR(($AU214-D214)/$AU214,0)",=$AU214-D214
Mountain Luxe + Hot Tub! Black Rock Ridge 3 Bed,I Love Vacations - Park City,,28577,56833,426.52,48.55,259,3,2,8,true,false,true,true,false,false,false,Home/Apartment,Townhouse,Apt/Condo/Loft,5,3,2,21+,Luxury,true,644,true,67,9,2026-05-16,Utah Area,Heber City,Kamas,Utah,84036,United States,mountains_lakes,https://www.airbnb.com/rooms/46141707,https://a0.muscache.com/im/pictures/hosting/Hosting-46141707/original/65a526a6-9056-4698-82c4-3acccc92974c.jpeg,46141707,2108633,40.6827,-111.4311,=AVERAGE($G$2:$G$501),=AVERAGE($D$2:$D$501),"=IFERROR(($AT215-G215)/$AT215,0)","=IFERROR(($AU215-D215)/$AU215,0)",=$AU215-D215
Jordanelle Sunrise | Near Gondola & Park City Fun,AvantStay,,28547,33407,235.93,60.5,333,1,1,5,true,false,false,true,true,false,false,Home/Apartment,House,House/villa,5,10,2,21+,Luxury,true,262,true,121,16,2026-05-14,Utah Area,Heber City,Midway,Utah,84049,United States,mountains_lakes,https://www.airbnb.com/rooms/1318306680245415919,https://a0.muscache.com/im/pictures/prohost-api/Hosting-1318306680245415919/original/e31151e7-355d-44ce-882a-c4345a1b1ae4.jpeg,1318306680245415919,4349512,40.63464,-111.45154,=AVERAGE($G$2:$G$501),=AVERAGE($D$2:$D$501),"=IFERROR(($AT216-G216)/$AT216,0)","=IFERROR(($AU216-D216)/$AU216,0)",=$AU216-D216
Mountain Glade - Luxury Home! Hot Tub! Sauna!,Natural Retreats,,28211,70970,2821.1,15.62,94,6,8,16,false,false,true,true,true,false,true,Home/Apartment,House,House/villa,5,1,7,21+,Luxury,true,1222,true,10,2,2025-12-20,Utah Area,Heber City,Midway,Utah,84049,United States,mountains_lakes,https://www.airbnb.com/rooms/20475453,https://a0.muscache.com/im/pictures/prohost-api/Hosting-20475453/original/984bec7b-b61c-4eaf-b0f3-5c42219f47e4.jpeg,20475453,,40.63543,-111.45867,=AVERAGE($G$2:$G$501),=AVERAGE($D$2:$D$501),"=IFERROR(($AT217-G217)/$AT217,0)","=IFERROR(($AU217-D217)/$AU217,0)",=$AU217-D217
Moose Mgmt-Klaim 822: Views! BBQ,Vacation Rentals Park City LLC,,28162,36431,485.55,52.25,169,3,2,8,true,false,true,true,true,false,false,Home/Apartment,Townhouse,Apt/Condo/Loft,5,6,2,21+,Luxury,false,440,true,58,11,2026-05-11,Utah Area,Heber City,Kamas,Utah,84036,United States,mountains_lakes,https://www.airbnb.com/rooms/1535650872497228993,https://a0.muscache.com/im/pictures/prohost-api/Hosting-1535650872497228993/original/8772dfa1-0f11-4e0d-bb2a-9e30c0930493.jpeg,1535650872497228993,20209065ha,40.6505789357,-111.4012183033,=AVERAGE($G$2:$G$501),=AVERAGE($D$2:$D$501),"=IFERROR(($AT218-G218)/$AT218,0)","=IFERROR(($AU218-D218)/$AU218,0)",=$AU218-D218
1047/49 | Family-Friendly Zermatt 2BR Villa + Pool,Stay Midway,,28008,30035,282.91,44,318,2,2,8,true,true,false,true,true,true,true,Private Room,Condominium (condo),Apt/Condo/Loft,4.35,15,2,21+,Luxury,false,120,true,99,32,2026-05-16,Utah Area,Heber City,Midway,Utah,84049,United States,mountains_lakes,https://www.airbnb.com/rooms/901279443081253521,https://a0.muscache.com/im/pictures/prohost-api/Hosting-901279443081253521/original/5015f303-e3d2-4f6a-9a87-82def8b9458c.jpeg,901279443081253521,3421129,40.524,-111.4898,=AVERAGE($G$2:$G$501),=AVERAGE($D$2:$D$501),"=IFERROR(($AT219-G219)/$AT219,0)","=IFERROR(($AU219-D219)/$AU219,0)",=$AU219-D219
Deer Valley Ski Chalet with Free Shuttle & Hot Tub,Vistay,,27895,34842,606.41,33.33,167,3,2,11,true,false,false,true,true,false,false,Home/Apartment,Condominium (condo),Apt/Condo/Loft,5,16,2,21+,Luxury,true,275,false,46,9,2026-05-15,Utah Area,Heber City,Heber City,Utah,84032,United States,mountains_lakes,https://www.airbnb.com/rooms/1037857522139821638,https://a0.muscache.com/im/pictures/prohost-api/Hosting-1037857522139821638/original/dca47372-769a-4f88-bc4b-323301df484e.jpeg,1037857522139821638,3739251,40.62607,-111.43341,=AVERAGE($G$2:$G$501),=AVERAGE($D$2:$D$501),"=IFERROR(($AT220-G220)/$AT220,0)","=IFERROR(($AU220-D220)/$AU220,0)",=$AU220-D220
Hot Tub & Theater Room! Black Rock Ridge 1129,I Love Vacations - Park City,,27826,34035,448.81,41.89,331,3,3,8,true,false,true,true,true,false,false,Home/Apartment,House,House/villa,4.5,4,3,21+,Luxury,true,707,true,62,8,2026-05-13,Utah Area,Heber City,Kamas,Utah,84036,United States,mountains_lakes,https://www.airbnb.com/rooms/770455533248624125,https://a0.muscache.com/im/pictures/hosting/Hosting-770455533248624125/original/469b4eee-315b-4c56-81b5-21829e1db0cd.jpeg,770455533248624125,3085700,40.6805,-111.4333,=AVERAGE($G$2:$G$501),=AVERAGE($D$2:$D$501),"=IFERROR(($AT221-G221)/$AT221,0)","=IFERROR(($AU221-D221)/$AU221,0)",=$AU221-D221
Deer Springs Ultimate Mountain Retreat,Park City Host,,27730,40013,364.87,45.24,321,3,2,6,true,false,true,true,true,false,false,Home/Apartment,Townhouse,Apt/Condo/Loft,4.95,18,3,21+,Luxury,true,478,true,76,12,2026-05-16,Utah Area,Heber City,Heber City,Utah,84032,United States,mountains_lakes,https://www.airbnb.com/rooms/1126154795230603678,https://a0.muscache.com/im/pictures/prohost-api/Hosting-1126154795230603678/original/a200b72f-811b-48c4-b7ad-7d471afad123.jpeg,1126154795230603678,4267714,40.6616,-111.4176,=AVERAGE($G$2:$G$501),=AVERAGE($D$2:$D$501),"=IFERROR(($AT222-G222)/$AT222,0)","=IFERROR(($AU222-D222)/$AU222,0)",=$AU222-D222
Moose Mgmt at Stillwater 3013 King Bed-Hot Tub,Vacation Rentals Park City LLC,,27729,27945,192.56,45.71,363,1,2,4,true,true,false,true,true,false,true,Home/Apartment,Condominium (condo),Apt/Condo/Loft,4.65,79,2,21+,Luxury,false,229,true,144,29,2026-05-13,Utah Area,Heber City,Heber City,Utah,84032,United States,mountains_lakes,https://www.airbnb.com/rooms/20156621,https://a0.muscache.com/im/pictures/hosting/Hosting-20156621/original/7f7387ac-1398-475a-ac46-766297fe4b97.jpeg,20156621,4633865ha,40.6280418832,-111.4370802653,=AVERAGE($G$2:$G$501),=AVERAGE($D$2:$D$501),"=IFERROR(($AT223-G223)/$AT223,0)","=IFERROR(($AU223-D223)/$AU223,0)",=$AU223-D223
"*Free Ski Rental* New 3 Minutes to Skiing, Hot Tub",ITrip Vacations,,27654,42317,747.41,35.58,135,4,3,10,true,false,true,true,true,false,false,Home/Apartment,House,House/villa,0,0,2,21+,Luxury,true,544,true,37,8,2025-12-09,Utah Area,Heber City,Heber City,Utah,84032,United States,mountains_lakes,https://www.airbnb.com/rooms/1516648405949446211,https://a0.muscache.com/im/pictures/prohost-api/Hosting-1516648405949446211/original/7f5eaf62-eef6-4269-a132-47c7582acb9e.jpeg,1516648405949446211,20183136ha,40.628198,-111.435076,=AVERAGE($G$2:$G$501),=AVERAGE($D$2:$D$501),"=IFERROR(($AT224-G224)/$AT224,0)","=IFERROR(($AU224-D224)/$AU224,0)",=$AU224-D224
Tiffany Suite,98160861,,27516,28429,247.89,36.51,322,1,1,2,true,false,false,true,true,false,false,Private Room,House,House/villa,5,35,1,6-20,Luxury,false,0,true,111,64,2026-02-17,Utah Area,Heber City,Heber City,Utah,84032,United States,mountains_lakes,https://www.airbnb.com/rooms/35807026,https://a0.muscache.com/im/pictures/miso/Hosting-35807026/original/6c72a568-cef7-4c54-a372-a81fabed6b33.jpeg,35807026,,40.50554,-111.41987,=AVERAGE($G$2:$G$501),=AVERAGE($D$2:$D$501),"=IFERROR(($AT225-G225)/$AT225,0)","=IFERROR(($AU225-D225)/$AU225,0)",=$AU225-D225
Elegant Mountain Retreat Near Jordanelle Reservoir,Park City Host,,27446,30266,415.85,61.11,171,3,3,7,true,true,true,true,true,false,true,Home/Apartment,Townhouse,Apt/Condo/Loft,5,5,3,21+,Luxury,true,400,true,66,11,2026-05-13,Utah Area,Heber City,Kamas,Utah,84036,United States,mountains_lakes,https://www.airbnb.com/rooms/1542980204180347971,https://a0.muscache.com/im/pictures/prohost-api/Hosting-1542980204180347971/original/6bbd587c-e091-4d72-a1cd-467714ef807e.jpeg,1542980204180347971,4922746,40.6726,-111.4318,=AVERAGE($G$2:$G$501),=AVERAGE($D$2:$D$501),"=IFERROR(($AT226-G226)/$AT226,0)","=IFERROR(($AU226-D226)/$AU226,0)",=$AU226-D226
"Elegant Mountain Retreat, Hot Tub and Sauna!",Jaunt Vacation Rentals,,27243,30277,1702.69,17.58,205,5,7,16,true,false,true,true,true,false,false,Home/Apartment,House,House/villa,5,2,3,21+,Luxury,true,525,true,16,4,2026-05-11,Utah Area,Heber City,Kamas,Utah,84036,United States,mountains_lakes,https://www.airbnb.com/rooms/1532043442209091907,https://a0.muscache.com/im/pictures/prohost-api/Hosting-1532043442209091907/original/0cb2323d-0568-43e4-9c5b-2d302b3a2327.jpeg,1532043442209091907,4896479,40.59065,-111.35129,=AVERAGE($G$2:$G$501),=AVERAGE($D$2:$D$501),"=IFERROR(($AT227-G227)/$AT227,0)","=IFERROR(($AU227-D227)/$AU227,0)",=$AU227-D227
"Free Ski Shuttle, Steam Shower, Pvt Hot Tub, Gm Rm",80883268,,26529,27155,552.69,40.68,178,4,4,10,true,false,true,true,true,true,false,Home/Apartment,House,House/villa,5,8,3,2-5,Luxury,true,351,true,48,8,2026-05-13,Utah Area,Heber City,Heber City,Utah,84032,United States,mountains_lakes,https://www.airbnb.com/rooms/1550199459821549393,https://a0.muscache.com/im/pictures/hosting/Hosting-1550199459821549393/original/05c01f60-b958-411b-9fc2-6e9cd5659099.jpeg,1550199459821549393,4940857,40.6295,-111.4344,=AVERAGE($G$2:$G$501),=AVERAGE($D$2:$D$501),"=IFERROR(($AT228-G228)/$AT228,0)","=IFERROR(($AU228-D228)/$AU228,0)",=$AU228-D228
Ski/golf Chalet with Zermatt Resort amenities 719,Midway Vacation Properties,,25806,41065,368.66,32.71,291,3,3,10,true,true,true,true,false,false,true,Home/Apartment,Townhouse,Apt/Condo/Loft,4.6,40,2,21+,Luxury,true,270,true,70,14,2026-05-13,Utah Area,Heber City,Midway,Utah,84049,United States,mountains_lakes,https://www.airbnb.com/rooms/26536013,https://a0.muscache.com/im/pictures/prohost-api/Hosting-26536013/original/8b18e5e3-1c48-40bd-a5f9-a0d29188e13c.jpeg,26536013,824476,40.52333,-111.48839,=AVERAGE($G$2:$G$501),=AVERAGE($D$2:$D$501),"=IFERROR(($AT229-G229)/$AT229,0)","=IFERROR(($AU229-D229)/$AU229,0)",=$AU229-D229
3074/76 • 4-Star Zermatt 2B2B Villa Near Park City,Stay Midway,,25429,35592,330.25,33.33,273,2,2,8,true,true,false,true,true,false,true,Home/Apartment,Condominium (condo),Apt/Condo/Loft,4.5,8,2,21+,Luxury,false,120,true,77,27,2025-12-16,Utah Area,Heber City,Midway,Utah,84049,United States,mountains_lakes,https://www.airbnb.com/rooms/903022946154898810,https://a0.muscache.com/im/pictures/miso/Hosting-903022946154898810/original/81abd29b-cfc8-4487-b335-b1f0dab0e256.jpeg,903022946154898810,,40.524046,-111.48984,=AVERAGE($G$2:$G$501),=AVERAGE($D$2:$D$501),"=IFERROR(($AT230-G230)/$AT230,0)","=IFERROR(($AU230-D230)/$AU230,0)",=$AU230-D230
Moose Mgmt at Mayflower Lodge 1121-301 Mtn View,Vacation Rentals Park City LLC,,25410,39840,348.08,38.62,279,3,2,6,true,false,false,true,true,true,false,Home/Apartment,Condominium (condo),Apt/Condo/Loft,4.85,20,2,21+,Luxury,false,404,true,73,14,2026-05-17,Utah Area,Heber City,Heber City,Utah,84032,United States,mountains_lakes,https://www.airbnb.com/rooms/773954247467927272,https://a0.muscache.com/im/pictures/prohost-api/Hosting-773954247467927272/original/12116d47-0828-4d13-8819-c3b9cd68e177.jpeg,773954247467927272,,40.6279028194,-111.432262551,=AVERAGE($G$2:$G$501),=AVERAGE($D$2:$D$501),"=IFERROR(($AT231-G231)/$AT231,0)","=IFERROR(($AU231-D231)/$AU231,0)",=$AU231-D231
Turnberry Condo (SSL),Recreational Properties Unlimited,,25384,26107,540.09,16.15,360,4,4,12,true,false,false,true,true,false,false,Home/Apartment,Condominium (condo),Apt/Condo/Loft,4.85,6,2,6-20,Luxury,true,444,false,47,14,2026-05-15,Utah Area,Heber City,Midway,Utah,84049,United States,mountains_lakes,https://www.airbnb.com/rooms/1447136669699285191,https://a0.muscache.com/im/pictures/prohost-api/Hosting-1447136669699285191/original/b57811e3-2969-4610-bdc6-00db3f99256b.jpeg,1447136669699285191,2051870,40.5288812912,-111.49350782,=AVERAGE($G$2:$G$501),=AVERAGE($D$2:$D$501),"=IFERROR(($AT232-G232)/$AT232,0)","=IFERROR(($AU232-D232)/$AU232,0)",=$AU232-D232
203 | Charming 2BR Getaway in the Heart of Midway,Stay Midway,,25356,29445,195.05,87.84,168,2,1,6,true,false,false,true,true,true,false,Home/Apartment,Apartment,Apt/Condo/Loft,4.65,3,2,21+,Luxury,false,80,true,130,9,2026-02-06,Utah Area,Heber City,Midway,Utah,84049,United States,mountains_lakes,https://www.airbnb.com/rooms/1526506044165397281,https://a0.muscache.com/im/pictures/hosting/Hosting-1526506044165397281/original/f1a51977-aac5-4f94-b2cb-168d586a7a30.jpeg,1526506044165397281,4895584,40.51144,-111.45873,=AVERAGE($G$2:$G$501),=AVERAGE($D$2:$D$501),"=IFERROR(($AT233-G233)/$AT233,0)","=IFERROR(($AU233-D233)/$AU233,0)",=$AU233-D233
Free Ski Shuttle - Mayflower Lakeside 45-202,I Love Vacations - Park City,,25111,30136,411.66,26.87,328,3,2,6,true,false,true,true,true,false,true,Home/Apartment,Condominium (condo),Apt/Condo/Loft,4.65,3,2,21+,Luxury,true,472,true,61,16,2026-05-14,Utah Area,Heber City,Heber City,Utah,84032,United States,mountains_lakes,https://www.airbnb.com/rooms/1363614359192515267,https://a0.muscache.com/im/pictures/hosting/Hosting-1363614359192515267/original/513e75d3-eab3-40db-95cc-9c053c57a088.jpeg,1363614359192515267,4439811,40.6262,-111.4329,=AVERAGE($G$2:$G$501),=AVERAGE($D$2:$D$501),"=IFERROR(($AT234-G234)/$AT234,0)","=IFERROR(($AU234-D234)/$AU234,0)",=$AU234-D234
Luxurious Home Minutes from Park City,339765372,,25052,28532,379.58,53.23,349,3,3,6,true,false,false,true,true,false,false,Home/Apartment,House,House/villa,4.9,7,5,1,Luxury,false,275,false,66,3,2026-05-17,Utah Area,Heber City,Heber City,Utah,84032,United States,mountains_lakes,https://www.airbnb.com/rooms/886912761574288251,https://a0.muscache.com/im/pictures/miso/Hosting-886912761574288251/original/8508bc68-59dd-4891-b2b2-87bdb96eeb7e.jpeg,886912761574288251,3393802,40.68275,-111.43398,=AVERAGE($G$2:$G$501),=AVERAGE($D$2:$D$501),"=IFERROR(($AT235-G235)/$AT235,0)","=IFERROR(($AU235-D235)/$AU235,0)",=$AU235-D235
Luxury Deer Valley Condo,675002122,,24922,25405,293.2,41.87,360,2,2,6,true,true,true,true,true,false,false,Home/Apartment,Apartment,Apt/Condo/Loft,5,17,3,1,Luxury,true,195,true,85,15,2026-05-14,Utah Area,Heber City,Midway,Utah,84049,United States,mountains_lakes,https://www.airbnb.com/rooms/1341500441164002287,https://a0.muscache.com/im/pictures/hosting/Hosting-U3RheVN1cHBseUxpc3Rpbmc6MTM0MTUwMDQ0MTE2NDAwMjI4Nw%3D%3D/original/aeaf462b-95c6-4c44-affe-0443815d84cc.jpeg,1341500441164002287,4476989,40.6337,-111.4508,=AVERAGE($G$2:$G$501),=AVERAGE($D$2:$D$501),"=IFERROR(($AT236-G236)/$AT236,0)","=IFERROR(($AU236-D236)/$AU236,0)",=$AU236-D236
3021/23 • 4-Star Zermatt Villa-Newly Remodeled!,Stay Midway,,24864,27059,314.73,29.04,287,2,2,7,true,true,false,true,true,false,true,Home/Apartment,Condominium (condo),Apt/Condo/Loft,4.15,6,2,21+,Luxury,false,121,true,79,29,2025-11-07,Utah Area,Heber City,Midway,Utah,84049,United States,mountains_lakes,https://www.airbnb.com/rooms/1121388084528199590,https://a0.muscache.com/im/pictures/hosting/Hosting-1075147148655419857/original/5a8548eb-01f0-4497-b1d7-d0855e25099a.jpeg,1121388084528199590,,40.52419,-111.49139,=AVERAGE($G$2:$G$501),=AVERAGE($D$2:$D$501),"=IFERROR(($AT237-G237)/$AT237,0)","=IFERROR(($AU237-D237)/$AU237,0)",=$AU237-D237
Moose Mgmt at Mayflower Lakeside 1145-301 Wide 3BR,Vacation Rentals Park City LLC,,24629,25776,328.39,33.04,339,3,2,8,true,false,false,true,true,true,false,Home/Apartment,Condominium (condo),Apt/Condo/Loft,4.8,14,2,21+,Luxury,false,422,true,75,13,2026-05-16,Utah Area,Heber City,Heber City,Utah,84032,United States,mountains_lakes,https://www.airbnb.com/rooms/1003743133547049698,https://a0.muscache.com/im/pictures/prohost-api/Hosting-1003743133547049698/original/339b20ef-7e07-42ca-a266-6e7d845a1a51.jpeg,1003743133547049698,9882709ha,40.6255051114,-111.4331961951,=AVERAGE($G$2:$G$501),=AVERAGE($D$2:$D$501),"=IFERROR(($AT238-G238)/$AT238,0)","=IFERROR(($AU238-D238)/$AU238,0)",=$AU238-D238
3055/57 | 2BR Upscale Villa | Near Park City Ski,Stay Midway,,24506,26641,318.26,27.21,318,2,2,7,true,true,false,true,true,true,true,Home/Apartment,Condominium (condo),Apt/Condo/Loft,3.95,18,2,21+,Luxury,false,120,true,77,29,2026-05-17,Utah Area,Heber City,Midway,Utah,84049,United States,mountains_lakes,https://www.airbnb.com/rooms/902494959673060790,https://a0.muscache.com/im/pictures/miso/Hosting-902494959673060790/original/e255a06d-934a-485e-8ffb-62234eee29aa.jpeg,902494959673060790,3446865,40.5241,-111.4902,=AVERAGE($G$2:$G$501),=AVERAGE($D$2:$D$501),"=IFERROR(($AT239-G239)/$AT239,0)","=IFERROR(($AU239-D239)/$AU239,0)",=$AU239-D239
Stunning Mountain Views | Luxury Studio Pool House,Leavetown,,24120,31809,280.47,46.24,313,,1,2,true,false,false,true,true,false,true,Home/Apartment,Apartment,Apt/Condo/Loft,5,0,3,21+,Luxury,false,83,true,86,18,2026-05-01,Utah Area,Heber City,Heber City,Utah,84032,United States,mountains_lakes,https://www.vrbo.com/3394738,https://media.vrbo.com/lodging/94000000/93500000/93495900/93495817/00ffd73e.jpg?impolicy=resizecrop&rw=1200&ra=fit,,3394738,40.47606,-111.45208,=AVERAGE($G$2:$G$501),=AVERAGE($D$2:$D$501),"=IFERROR(($AT240-G240)/$AT240,0)","=IFERROR(($AU240-D240)/$AU240,0)",=$AU240-D240
Near Deer Valley East & Jordanelle + Hot Tub,I Love Vacations - Park City,,24067,55472,445.69,44.63,220,3,2,11,true,false,true,true,true,true,false,Home/Apartment,Townhouse,Apt/Condo/Loft,4.25,4,3,21+,Luxury,true,598,true,54,7,2026-05-14,Utah Area,Heber City,Kamas,Utah,84036,United States,mountains_lakes,https://www.airbnb.com/rooms/1182535229189074188,https://a0.muscache.com/im/pictures/hosting/Hosting-1182535229189074188/original/67648087-a9e8-4511-9121-2ced3073c3c5.jpeg,1182535229189074188,4060231,40.6819,-111.4319,=AVERAGE($G$2:$G$501),=AVERAGE($D$2:$D$501),"=IFERROR(($AT241-G241)/$AT241,0)","=IFERROR(($AU241-D241)/$AU241,0)",=$AU241-D241
5 min to East Deer Valley | Modern 2BD Condo,110881117,,23969,24698,247.1,29.31,358,2,3,4,true,false,true,true,true,false,true,Home/Apartment,Apartment,Apt/Condo/Loft,4.9,46,1,2-5,Luxury,true,171,false,97,33,2026-05-16,Utah Area,Heber City,Heber City,Utah,84032,United States,mountains_lakes,https://www.airbnb.com/rooms/953535564935491979,https://a0.muscache.com/im/pictures/miso/Hosting-953535564935491979/original/04bbc2ec-a35e-4e96-8568-a8b8ed5fb750.jpeg,953535564935491979,3708470,40.62723,-111.43763,=AVERAGE($G$2:$G$501),=AVERAGE($D$2:$D$501),"=IFERROR(($AT242-G242)/$AT242,0)","=IFERROR(($AU242-D242)/$AU242,0)",=$AU242-D242
"Lux, Sleeps 4, king bed, hot tub, views, gym",Casago,,23890,24235,277.79,33.2,362,1,1,4,true,false,true,true,true,false,false,Home/Apartment,Apartment,Apt/Condo/Loft,5,35,2,21+,Luxury,true,99,true,86,32,2026-05-16,Utah Area,Heber City,Midway,Utah,84049,United States,mountains_lakes,https://www.airbnb.com/rooms/1156030289450851290,https://a0.muscache.com/im/pictures/prohost-api/Hosting-1156030289450851290/original/529e5802-fab0-4b55-aa74-71fb7ae67ec8.jpeg,1156030289450851290,4002395,40.6377,-111.4573,=AVERAGE($G$2:$G$501),=AVERAGE($D$2:$D$501),"=IFERROR(($AT243-G243)/$AT243,0)","=IFERROR(($AU243-D243)/$AU243,0)",=$AU243-D243
Near Deer Valley East & Jordanelle,I Love Vacations - Park City,,23794,33781,594.85,34.78,186,4,3,10,false,false,false,true,false,false,false,Home/Apartment,House,House/villa,0,0,2,21+,Luxury,true,574,true,40,8,2026-05-15,Utah Area,Heber City,Kamas,Utah,84036,United States,mountains_lakes,https://www.airbnb.com/rooms/1503030394322930899,https://a0.muscache.com/im/pictures/hosting/Hosting-1503030394322930899/original/798537c1-1971-43f1-8776-86d1b8f34e6e.jpeg,1503030394322930899,4668642,40.67,-111.4289,=AVERAGE($G$2:$G$501),=AVERAGE($D$2:$D$501),"=IFERROR(($AT244-G244)/$AT244,0)","=IFERROR(($AU244-D244)/$AU244,0)",=$AU244-D244
"Park City Hideout: Hot Tub, Game Room & Trails",I Love Vacations - Park City,,23699,36459,740.59,49.23,115,3,2,10,true,false,true,true,true,false,false,Home/Apartment,Townhouse,Apt/Condo/Loft,0,0,2,21+,Luxury,true,698,true,32,7,2026-05-15,Utah Area,Heber City,Kamas,Utah,84036,United States,mountains_lakes,https://www.airbnb.com/rooms/1561837019118932513,https://a0.muscache.com/im/pictures/hosting/Hosting-1561837019118932513/original/e9317982-2a8c-4d95-8dda-e186cab4a96f.jpeg,1561837019118932513,4889290,40.6507,-111.4005,=AVERAGE($G$2:$G$501),=AVERAGE($D$2:$D$501),"=IFERROR(($AT245-G245)/$AT245,0)","=IFERROR(($AU245-D245)/$AU245,0)",=$AU245-D245
Fox Bay Condo w/ Community Hot Tub+Fitness Bike DV,I Love Vacations - Park City,,23664,24491,260.04,66.42,357,2,2,6,true,true,true,true,true,true,true,Home/Apartment,Condominium (condo),Apt/Condo/Loft,4.45,7,3,21+,Luxury,true,307,true,91,6,2026-05-14,Utah Area,Heber City,Heber City,Utah,84032,United States,mountains_lakes,https://www.airbnb.com/rooms/1325346434397486885,https://a0.muscache.com/im/pictures/hosting/Hosting-1325346434397486885/original/85ca37da-e547-4d6d-ab0b-3fc6fc84a54e.jpeg,1325346434397486885,4280072,40.6328,-111.4437,=AVERAGE($G$2:$G$501),=AVERAGE($D$2:$D$501),"=IFERROR(($AT246-G246)/$AT246,0)","=IFERROR(($AU246-D246)/$AU246,0)",=$AU246-D246
Luxury Mayflower Lakeside-Near Ski Lifts & Lake,I Love Vacations - Park City,,23663,25284,606.74,31.71,174,4,3,10,true,false,true,true,true,false,true,Home/Apartment,Townhouse,Apt/Condo/Loft,0,0,2,21+,Luxury,true,731,true,39,8,2026-05-15,Utah Area,Heber City,Heber City,Utah,84032,United States,mountains_lakes,https://www.airbnb.com/rooms/1561068355836071457,https://a0.muscache.com/im/pictures/hosting/Hosting-1561068355836071457/original/d7a9a5a8-5d85-4fab-9008-180b4f9dfa35.jpeg,1561068355836071457,4961242,40.5003,-111.4136,=AVERAGE($G$2:$G$501),=AVERAGE($D$2:$D$501),"=IFERROR(($AT247-G247)/$AT247,0)","=IFERROR(($AU247-D247)/$AU247,0)",=$AU247-D247
"Epic Views, Private Hot Tub 4 BD Klaim",Luxury Mountain Destinations LLC,,23607,26530,536.52,37.29,171,4,3,12,true,false,false,true,false,false,false,Home/Apartment,Condominium (condo),Apt/Condo/Loft,4.85,6,4,21+,Luxury,true,536,true,44,8,2026-05-13,Utah Area,Heber City,Kamas,Utah,84036,United States,mountains_lakes,https://www.airbnb.com/rooms/1562563258987270105,https://a0.muscache.com/im/pictures/prohost-api/Hosting-1562563258987270105/original/fde9f053-d22c-41f2-878a-346f31eab918.jpeg,1562563258987270105,4967205,40.65164,-111.40255,=AVERAGE($G$2:$G$501),=AVERAGE($D$2:$D$501),"=IFERROR(($AT248-G248)/$AT248,0)","=IFERROR(($AU248-D248)/$AU248,0)",=$AU248-D248
"Mountain Fun~Nordic Ski, Snowmobile Villa 3059-1",Midway Vacation Properties,,23232,24889,193.6,39.6,317,1,1,4,true,true,false,true,true,false,true,Home/Apartment,Villa,House/villa,4.8,11,2,21+,Luxury,true,100,true,120,35,2026-05-13,Utah Area,Heber City,Midway,Utah,84049,United States,mountains_lakes,https://www.airbnb.com/rooms/24304976,https://a0.muscache.com/im/pictures/prohost-api/Hosting-24304976/original/aa2f72e6-ae87-4f4b-ad44-38940a6ba708.jpeg,24304976,1047216,40.52355,-111.48907,=AVERAGE($G$2:$G$501),=AVERAGE($D$2:$D$501),"=IFERROR(($AT249-G249)/$AT249,0)","=IFERROR(($AU249-D249)/$AU249,0)",=$AU249-D249
3012/14 • 2B2B Zermatt Villa Only 15 Mins to Park City!,ECK Property Management,,23125,28828,856.48,17.65,324,2,2,8,true,false,false,false,true,true,true,Home/Apartment,Villa,House/villa,4.4,27,2,21+,Luxury,false,298,true,27,10,2026-05-13,Utah Area,Heber City,Midway,Utah,84049,United States,mountains_lakes,https://www.airbnb.com/rooms/53068514,https://a0.muscache.com/im/pictures/prohost-api/Hosting-53068514/original/4058d9c8-e7e2-4199-a823-38adcd64fb6d.jpeg,53068514,2934909,40.52426,-111.48898,=AVERAGE($G$2:$G$501),=AVERAGE($D$2:$D$501),"=IFERROR(($AT250-G250)/$AT250,0)","=IFERROR(($AU250-D250)/$AU250,0)",=$AU250-D250
Modern Mountain Luxury Minutes from Skiing,I Love Vacations - Park City,,23024,23503,605.89,33.93,240,3,4,8,true,false,true,true,false,false,false,Home/Apartment,Townhouse,Apt/Condo/Loft,0,0,2,21+,Luxury,true,764,true,38,6,2026-05-11,Utah Area,Heber City,Heber City,Utah,84032,United States,mountains_lakes,https://www.airbnb.com/rooms/1503737375593259916,https://a0.muscache.com/im/pictures/hosting/Hosting-1503737375593259916/original/197f1b1e-e509-4769-901b-6b436f410ba8.jpeg,1503737375593259916,4799749,40.6834,-111.4339,=AVERAGE($G$2:$G$501),=AVERAGE($D$2:$D$501),"=IFERROR(($AT251-G251)/$AT251,0)","=IFERROR(($AU251-D251)/$AU251,0)",=$AU251-D251
Lakeside w/Free Shuttle Deer Valley East,I Love Vacations - Park City,,22889,36461,431.87,46.49,224,3,2,9,true,false,false,true,true,false,false,Home/Apartment,Condominium (condo),Apt/Condo/Loft,5,2,2,21+,Luxury,true,487,true,53,11,2026-05-14,Utah Area,Heber City,Heber City,Utah,84032,United States,mountains_lakes,https://www.airbnb.com/rooms/1331443416204021427,https://a0.muscache.com/im/pictures/hosting/Hosting-1331443416204021427/original/fde483e1-22a5-47ff-92f4-ef463edd871b.jpeg,1331443416204021427,4370856,40.6272,-111.4352,=AVERAGE($G$2:$G$501),=AVERAGE($D$2:$D$501),"=IFERROR(($AT252-G252)/$AT252,0)","=IFERROR(($AU252-D252)/$AU252,0)",=$AU252-D252
Amazing Outdoors! Modern unit w/Resort access - Your Serene escape awaits!,BnBerry,,22762,25768,258.66,30.34,307,1,1,2,true,false,false,false,false,false,false,Home/Apartment,House,House/villa,0,0,1,21+,Luxury,false,0,true,88,75,2026-04-01,Utah Area,Heber City,Midway,Utah,84049,United States,mountains_lakes,https://www.vrbo.com/4641679,https://media.vrbo.com/lodging/118000000/117570000/117569800/117569706/93fb0996.jpg?impolicy=resizecrop&rw=1200&ra=fit,,4641679,40.53182,-111.48763,=AVERAGE($G$2:$G$501),=AVERAGE($D$2:$D$501),"=IFERROR(($AT253-G253)/$AT253,0)","=IFERROR(($AU253-D253)/$AU253,0)",=$AU253-D253
"Gorgeous Townhome, Slope Views, Private Hot Tub!",Mountain West Vacation Rentals,,22603,48261,941.79,36.92,213,5,4,16,true,false,true,true,true,false,false,Home/Apartment,Townhouse,Apt/Condo/Loft,4.85,31,3,21+,Luxury,false,509,true,24,3,2026-05-15,Utah Area,Heber City,Heber City,Utah,84032,United States,mountains_lakes,https://www.airbnb.com/rooms/553847006331751163,https://a0.muscache.com/im/pictures/prohost-api/Hosting-553847006331751163/original/f93b5e86-e82a-4b0b-9886-83627a2f23a2.jpeg,553847006331751163,2651569,40.63,-111.4324,=AVERAGE($G$2:$G$501),=AVERAGE($D$2:$D$501),"=IFERROR(($AT254-G254)/$AT254,0)","=IFERROR(($AU254-D254)/$AU254,0)",=$AU254-D254
Luxury Mountain Modern Townhome | Deer Valley View,Park City Host,,22447,22626,701.47,33.33,149,3,3,10,true,false,false,true,true,false,false,Home/Apartment,Townhouse,Apt/Condo/Loft,5,1,3,21+,Luxury,true,449,false,32,6,2026-05-15,Utah Area,Heber City,Heber City,Utah,84032,United States,mountains_lakes,https://www.airbnb.com/rooms/1582912120970888279,https://a0.muscache.com/im/pictures/prohost-api/Hosting-1582912120970888279/original/2ef24a9a-09ba-4e8a-ac02-66b84ad8d379.jpeg,1582912120970888279,5014030,40.6626232037,-111.4179258094,=AVERAGE($G$2:$G$501),=AVERAGE($D$2:$D$501),"=IFERROR(($AT255-G255)/$AT255,0)","=IFERROR(($AU255-D255)/$AU255,0)",=$AU255-D255
New Deer Valley 1 min Luxury House Park City 10 m,512812716,,22369,41516,932.04,28.57,320,4,3,12,true,false,false,false,true,false,false,Home/Apartment,Townhouse,Apt/Condo/Loft,5,2,2,6-20,Luxury,false,0,true,24,4,2026-05-14,Utah Area,Heber City,Heber City,Utah,84032,United States,mountains_lakes,https://www.airbnb.com/rooms/1025792825817870536,https://a0.muscache.com/im/pictures/prohost-api/Hosting-1025792825817870536/original/bcf4754f-9f97-440c-8f09-c96795f2c0ba.jpeg,1025792825817870536,3773798,40.6275,-111.4313,=AVERAGE($G$2:$G$501),=AVERAGE($D$2:$D$501),"=IFERROR(($AT256-G256)/$AT256,0)","=IFERROR(($AU256-D256)/$AU256,0)",=$AU256-D256
Gorgeous Jordanelle Lake Property,Park City Host,,22230,29194,463.12,38.71,194,4,3,12,true,false,true,true,true,false,false,Home/Apartment,Townhouse,Apt/Condo/Loft,5,27,3,21+,Luxury,true,374,true,48,9,2026-05-14,Utah Area,Heber City,Kamas,Utah,84036,United States,mountains_lakes,https://www.airbnb.com/rooms/53752205,https://a0.muscache.com/im/pictures/prohost-api/Hosting-53752205/original/888e4fec-9d6a-4567-bd03-135df1e5f76a.jpeg,53752205,2578177,40.6601,-111.4165,=AVERAGE($G$2:$G$501),=AVERAGE($D$2:$D$501),"=IFERROR(($AT257-G257)/$AT257,0)","=IFERROR(($AU257-D257)/$AU257,0)",=$AU257-D257
3032/34 • 4-Star Zermatt 2B2B Villa Near Park City,Stay Midway,,22222,24796,347.22,43.24,148,2,2,8,true,false,true,true,true,false,true,Home/Apartment,Condominium (condo),Apt/Condo/Loft,5,1,2,21+,Luxury,false,118,true,64,27,2025-10-11,Utah Area,Heber City,Midway,Utah,84049,United States,mountains_lakes,https://www.airbnb.com/rooms/1325570783724534475,https://a0.muscache.com/im/pictures/miso/Hosting-1325570783724534475/original/8a97eaf9-71aa-4bc9-825d-625e48944e9f.jpeg,1325570783724534475,,40.52512,-111.49053,=AVERAGE($G$2:$G$501),=AVERAGE($D$2:$D$501),"=IFERROR(($AT258-G258)/$AT258,0)","=IFERROR(($AU258-D258)/$AU258,0)",=$AU258-D258
"Lux studio, hot tub, king bed, views, gym, DeerVly",Casago,,22199,23208,304.1,35.78,355,1,1,2,true,false,true,true,true,false,false,Home/Apartment,Apartment,Apt/Condo/Loft,4.95,23,2,21+,Luxury,true,99,true,73,21,2026-05-16,Utah Area,Heber City,Midway,Utah,84049,United States,mountains_lakes,https://www.airbnb.com/rooms/1260889181969431096,https://a0.muscache.com/im/pictures/prohost-api/Hosting-1260889181969431096/original/c7ea7fab-0482-471b-978d-338730c9cce2.jpeg,1260889181969431096,4228057,40.6371003955,-111.4577976359,=AVERAGE($G$2:$G$501),=AVERAGE($D$2:$D$501),"=IFERROR(($AT259-G259)/$AT259,0)","=IFERROR(($AU259-D259)/$AU259,0)",=$AU259-D259
Mountain townhouse w/ hot tub & 2 fireplaces,Jaunt Vacation Rentals,,22145,27955,316.36,27.34,341,2,3,8,true,false,true,true,true,false,false,Home/Apartment,Townhouse,Apt/Condo/Loft,4.8,53,3,21+,Luxury,true,364,true,70,12,2026-05-16,Utah Area,Heber City,Kamas,Utah,84036,United States,mountains_lakes,https://www.airbnb.com/rooms/724607886040951600,https://a0.muscache.com/im/pictures/prohost-api/Hosting-724607886040951600/original/133088b7-7c2a-4f2f-974c-6f5c4defbc23.jpeg,724607886040951600,3030674,40.68009,-111.43145,=AVERAGE($G$2:$G$501),=AVERAGE($D$2:$D$501),"=IFERROR(($AT260-G260)/$AT260,0)","=IFERROR(($AU260-D260)/$AU260,0)",=$AU260-D260
Trestlewood Mountain Cabin,,,22104,22104,356.52,55.86,150,3,2,10,false,false,false,true,true,false,false,Home/Apartment,Cabin,House/villa,5,1,1,1,Luxury,false,150,false,62,3,2025-07-09,Utah Area,Heber City,Midway,Utah,84049,United States,mountains_lakes,https://www.vrbo.com/2904183,https://media.vrbo.com/lodging/84000000/83080000/83070100/83070093/6c384c87.jpg?impolicy=resizecrop&rw=1200&ra=fit,,2904183,40.514308,-111.504574,=AVERAGE($G$2:$G$501),=AVERAGE($D$2:$D$501),"=IFERROR(($AT261-G261)/$AT261,0)","=IFERROR(($AU261-D261)/$AU261,0)",=$AU261-D261
Luxury townhouse with breathtaking views - huge discounts for May and June!!,,,21970,53173,332.88,76.74,131,3,3,6,true,false,false,true,true,true,false,Home/Apartment,House,House/villa,4.8,52,4,1,Luxury,false,250,true,66,5,2026-05-16,Utah Area,Heber City,Heber City,Utah,84032,United States,mountains_lakes,https://www.vrbo.com/51195,https://media.vrbo.com/lodging/32000000/31730000/31720100/31720028/9f0dc032.jpg?impolicy=resizecrop&rw=1200&ra=fit,,51195,40.627724,-111.438487,=AVERAGE($G$2:$G$501),=AVERAGE($D$2:$D$501),"=IFERROR(($AT262-G262)/$AT262,0)","=IFERROR(($AU262-D262)/$AU262,0)",=$AU262-D262
Mayflower Lakeside 103 | Mtn View | Balcony,All Seasons Resort Lodging,,21921,22154,405.94,19.93,361,3,2,10,true,false,false,true,true,false,true,Home/Apartment,Condominium (condo),Apt/Condo/Loft,5,4,2,21+,Luxury,false,300,true,54,13,2026-05-15,Utah Area,Heber City,Heber City,Utah,84032,United States,mountains_lakes,https://www.airbnb.com/rooms/1419746850973434273,https://a0.muscache.com/im/pictures/prohost-api/Hosting-1419746850973434273/original/f3b95e41-14d9-4ccd-8279-413e9d644408.jpeg,1419746850973434273,4587113,40.6269,-111.4338,=AVERAGE($G$2:$G$501),=AVERAGE($D$2:$D$501),"=IFERROR(($AT263-G263)/$AT263,0)","=IFERROR(($AU263-D263)/$AU263,0)",=$AU263-D263
Stunning Lakeside Retreat | Deer Valley East,Park City Host,,21896,24441,421.08,47.71,141,3,2,8,true,false,false,true,true,false,false,Home/Apartment,Condominium (condo),Apt/Condo/Loft,5,2,3,21+,Luxury,true,398,false,52,9,2026-05-17,Utah Area,Heber City,Heber City,Utah,84032,United States,mountains_lakes,https://www.airbnb.com/rooms/1568217221110565539,https://a0.muscache.com/im/pictures/prohost-api/Hosting-1568217221110565539/original/92ce3528-b1bf-47bb-9255-60ebdd179134.jpeg,1568217221110565539,4981831,40.62623,-111.4348,=AVERAGE($G$2:$G$501),=AVERAGE($D$2:$D$501),"=IFERROR(($AT264-G264)/$AT264,0)","=IFERROR(($AU264-D264)/$AU264,0)",=$AU264-D264
Deer Valley Luxury Home,Evolve,,21684,42683,1204.67,45,60,4,4,10,true,false,true,true,true,false,false,Home/Apartment,House,House/villa,0,0,3,21+,Luxury,false,300,false,18,1,2025-12-31,Utah Area,Heber City,Heber City,Utah,84032,United States,mountains_lakes,https://www.airbnb.com/rooms/1002189943503586714,https://a0.muscache.com/im/pictures/miso/Hosting-1002189943503586714/original/047a8acd-7939-402d-91aa-a6a7a4b29886.jpeg,1002189943503586714,,40.6433043,-111.4390525,=AVERAGE($G$2:$G$501),=AVERAGE($D$2:$D$501),"=IFERROR(($AT265-G265)/$AT265,0)","=IFERROR(($AU265-D265)/$AU265,0)",=$AU265-D265
Heber Mountain Home | 2BR Sleeps 8 | Deer Creek +,TruStay,,21529,22409,269.11,49.08,175,2,2,8,false,false,false,true,true,false,false,Home/Apartment,House,House/villa,5,16,2,21+,Luxury,true,264,true,80,22,2026-05-15,Utah Area,Heber City,Provo,Utah,84604,United States,mountains_lakes,https://www.airbnb.com/rooms/1552302295389643504,https://a0.muscache.com/im/pictures/hosting/Hosting-1552302295389643504/original/51587eab-955e-445a-aa33-ac40214cd633.jpeg,1552302295389643504,4946897,40.3959,-111.5479,=AVERAGE($G$2:$G$501),=AVERAGE($D$2:$D$501),"=IFERROR(($AT266-G266)/$AT266,0)","=IFERROR(($AU266-D266)/$AU266,0)",=$AU266-D266
"New Deer Valley 1 min, Luxury House Park City 10 m",512812716,,21491,27564,632.09,29.57,348,4,3,12,true,false,true,true,true,false,false,Home/Apartment,Townhouse,Apt/Condo/Loft,4.8,15,2,6-20,Luxury,false,0,false,34,7,2026-05-14,Utah Area,Heber City,Heber City,Utah,84032,United States,mountains_lakes,https://www.airbnb.com/rooms/1018783046060075885,https://a0.muscache.com/im/pictures/prohost-api/Hosting-1018783046060075885/original/478024aa-247b-4083-b330-e2657caa86a2.jpeg,1018783046060075885,3720179,40.6277,-111.431,=AVERAGE($G$2:$G$501),=AVERAGE($D$2:$D$501),"=IFERROR(($AT267-G267)/$AT267,0)","=IFERROR(($AU267-D267)/$AU267,0)",=$AU267-D267
Beautifully Updated Contemporary Deer Valley Condo,,,21285,21633,295.62,37.11,363,2,,6,true,true,true,true,true,false,true,Home/Apartment,Condominium (condo),Apt/Condo/Loft,5,58,3,1,Luxury,false,150,false,72,15,2026-05-13,Utah Area,Heber City,Heber City,Utah,84032,United States,mountains_lakes,https://www.vrbo.com/1428632,https://media.vrbo.com/lodging/36000000/35060000/35057800/35057774/ce03c9fe.jpg?impolicy=resizecrop&rw=1200&ra=fit,,1428632,40.628786,-111.442186,=AVERAGE($G$2:$G$501),=AVERAGE($D$2:$D$501),"=IFERROR(($AT268-G268)/$AT268,0)","=IFERROR(($AU268-D268)/$AU268,0)",=$AU268-D268
Mountain Cabin in Midway,117456339,,21161,25336,302.3,24.91,326,2,1,6,true,false,false,true,true,false,false,Home/Apartment,Cabin,House/villa,4.95,15,2,6-20,Luxury,true,150,false,70,25,2026-05-14,Utah Area,Heber City,Midway,Utah,84049,United States,mountains_lakes,https://www.airbnb.com/rooms/1429316071820668100,https://a0.muscache.com/im/pictures/hosting/Hosting-1429316071820668100/original/e82a207e-f66a-4aa0-b08e-b935065037a4.jpeg,1429316071820668100,5151701,40.5146,-111.5033,=AVERAGE($G$2:$G$501),=AVERAGE($D$2:$D$501),"=IFERROR(($AT269-G269)/$AT269,0)","=IFERROR(($AU269-D269)/$AU269,0)",=$AU269-D269
Moose Mgmt at Mayflower Lakeside 1121-303 TopFloor,Vacation Rentals Park City LLC,,20969,22758,355.41,37.58,296,3,2,8,true,false,false,true,true,false,false,Home/Apartment,Condominium (condo),Apt/Condo/Loft,4.9,20,2,21+,Luxury,false,498,true,59,9,2026-05-17,Utah Area,Heber City,Heber City,Utah,84032,United States,mountains_lakes,https://www.airbnb.com/rooms/820337386139682242,https://a0.muscache.com/im/pictures/prohost-api/Hosting-820337386139682242/original/7f5adce7-6174-4976-a84d-4f86c54f1fb9.jpeg,820337386139682242,9786875ha,40.6277283452,-111.4329716624,=AVERAGE($G$2:$G$501),=AVERAGE($D$2:$D$501),"=IFERROR(($AT270-G270)/$AT270,0)","=IFERROR(($AU270-D270)/$AU270,0)",=$AU270-D270
Luxury 1BR Condo Near Deer Valley Free Ski Shuttle,LUXE HAUS,,20605,24244,556.89,28.46,348,1,2,4,true,false,true,true,true,false,true,Home/Apartment,Condominium (condo),Apt/Condo/Loft,0,0,1,21+,Luxury,false,397,true,37,8,2026-05-14,Utah Area,Heber City,Heber City,Utah,84032,United States,mountains_lakes,https://www.airbnb.com/rooms/1399407752879110405,https://a0.muscache.com/im/pictures/prohost-api/Hosting-1399407752879110405/original/a10962c9-4fc5-43ef-84c3-e0b65811880b.jpeg,1399407752879110405,4538031,40.62651,-111.43789,=AVERAGE($G$2:$G$501),=AVERAGE($D$2:$D$501),"=IFERROR(($AT271-G271)/$AT271,0)","=IFERROR(($AU271-D271)/$AU271,0)",=$AU271-D271
Luxury Retreat 12 miles from Park City - Ameyalli,Elite Alliance Hospitality,,20494,33964,788.23,32.91,148,4,4,14,true,false,false,true,false,false,true,Home/Apartment,House,House/villa,0,0,2,21+,Luxury,true,787,true,26,5,2026-05-11,Utah Area,Heber City,Midway,Utah,84049,United States,mountains_lakes,https://www.airbnb.com/rooms/1507421159759624000,https://a0.muscache.com/im/pictures/prohost-api/Hosting-1507421159759624000/original/05772ddf-debe-4695-802d-9301f364c127.jpeg,1507421159759624000,,40.5263502233,-111.4691758901,=AVERAGE($G$2:$G$501),=AVERAGE($D$2:$D$501),"=IFERROR(($AT272-G272)/$AT272,0)","=IFERROR(($AU272-D272)/$AU272,0)",=$AU272-D272
"Gondola Crossing Condo at Jordanelle, 3BR, Hot Tub",Longitude Experience,,20334,20881,391.04,47.71,110,3,2,6,true,false,true,true,true,false,false,Home/Apartment,Condominium (condo),Apt/Condo/Loft,5,9,2,21+,Luxury,true,250,false,52,14,2026-05-14,Utah Area,Heber City,Heber City,Utah,84032,United States,mountains_lakes,https://www.airbnb.com/rooms/1588145064434453540,https://a0.muscache.com/im/pictures/prohost-api/Hosting-1588145064434453540/original/65f62904-3103-4403-8c96-58d6e6a3ed23.jpeg,1588145064434453540,5022491,40.63914,-111.44617,=AVERAGE($G$2:$G$501),=AVERAGE($D$2:$D$501),"=IFERROR(($AT273-G273)/$AT273,0)","=IFERROR(($AU273-D273)/$AU273,0)",=$AU273-D273
"3 BR Near Deer Valley East, Private Hot Tub",ITrip Vacations,,20280,21041,390,21.67,356,3,2,6,true,false,false,true,true,false,false,Home/Apartment,House,House/villa,5,51,2,21+,Luxury,true,362,true,52,11,2026-05-13,Utah Area,Heber City,Kamas,Utah,84036,United States,mountains_lakes,https://www.airbnb.com/rooms/51817727,https://a0.muscache.com/im/pictures/prohost-api/Hosting-51817727/original/b47a7087-5aa6-4d4b-9cb2-7e974b1c58e7.jpeg,51817727,9572476ha,40.6417,-111.3978,=AVERAGE($G$2:$G$501),=AVERAGE($D$2:$D$501),"=IFERROR(($AT274-G274)/$AT274,0)","=IFERROR(($AU274-D274)/$AU274,0)",=$AU274-D274
Deer Valley East Ski Home – 10 Minutes to Skiing,ITrip Vacations,,20240,29434,595.29,26.56,299,4,4,10,true,false,true,true,true,false,false,Home/Apartment,House,House/villa,4.95,19,2,21+,Luxury,true,546,true,34,7,2026-05-13,Utah Area,Heber City,Heber City,Utah,84032,United States,mountains_lakes,https://www.airbnb.com/rooms/1023819396853637913,https://a0.muscache.com/im/pictures/prohost-api/Hosting-1023819396853637913/original/23ecd57a-1df9-4fe3-8593-b31c26d75874.jpeg,1023819396853637913,9885438ha,40.6638,-111.4201,=AVERAGE($G$2:$G$501),=AVERAGE($D$2:$D$501),"=IFERROR(($AT275-G275)/$AT275,0)","=IFERROR(($AU275-D275)/$AU275,0)",=$AU275-D275
3 BDRM with Bunk Room - Private Hot Tub - Sleeps 8,33143239,,19898,85813,686.14,100,114,3,2,8,true,false,true,true,true,false,true,Home/Apartment,Townhouse,Apt/Condo/Loft,4.95,34,3,21+,Luxury,true,251,false,29,7,2026-05-13,Utah Area,Heber City,Kamas,Utah,84036,United States,mountains_lakes,https://www.airbnb.com/rooms/751616972538976393,https://a0.muscache.com/im/pictures/hosting/Hosting-U3RheVN1cHBseUxpc3Rpbmc6NzUxNjE2OTcyNTM4OTc2Mzkz/original/3498dce6-4064-4a85-b088-f2ecc6d8f59a.jpeg,751616972538976393,,40.6731,-111.4304,=AVERAGE($G$2:$G$501),=AVERAGE($D$2:$D$501),"=IFERROR(($AT276-G276)/$AT276,0)","=IFERROR(($AU276-D276)/$AU276,0)",=$AU276-D276
Modern Chalet Minutes from Ski Resorts - Ameyalli,Elite Alliance Hospitality,,19869,43910,685.14,32.22,142,4,4,14,true,false,false,true,false,false,true,Home/Apartment,House,House/villa,0,0,1,21+,Luxury,true,1074,true,29,6,2026-05-11,Utah Area,Heber City,Midway,Utah,84049,United States,mountains_lakes,https://www.airbnb.com/rooms/1507421159674378737,https://a0.muscache.com/im/pictures/prohost-api/Hosting-1507421159674378737/original/3fe8d759-e6b4-461b-b71d-7dd564243160.jpeg,1507421159674378737,4800768,40.5249456982,-111.4707073877,=AVERAGE($G$2:$G$501),=AVERAGE($D$2:$D$501),"=IFERROR(($AT277-G277)/$AT277,0)","=IFERROR(($AU277-D277)/$AU277,0)",=$AU277-D277
*Free Golf* 2 Minutes to Lake | Private Hot Tub,ITrip Vacations,,19855,52373,451.25,39.29,156,3,2,10,true,false,true,true,true,true,false,Home/Apartment,House,House/villa,5,16,3,21+,Luxury,true,526,true,44,10,2025-09-02,Utah Area,Heber City,Kamas,Utah,84036,United States,mountains_lakes,https://www.airbnb.com/rooms/1070329699855912573,https://a0.muscache.com/im/pictures/prohost-api/Hosting-1070329699855912573/original/f245b01f-312e-4158-8710-06e6e28ff00a.jpeg,1070329699855912573,9915903ha,40.64899,-111.40123,=AVERAGE($G$2:$G$501),=AVERAGE($D$2:$D$501),"=IFERROR(($AT278-G278)/$AT278,0)","=IFERROR(($AU278-D278)/$AU278,0)",=$AU278-D278
Deer Valley East Village Mayflower Lakeside 304,I Love Vacations - Park City,,19816,22127,412.83,24.12,348,3,2,6,true,false,true,true,true,false,true,Home/Apartment,Condominium (condo),Apt/Condo/Loft,4.7,3,2,21+,Luxury,true,486,true,48,9,2026-05-17,Utah Area,Heber City,Heber City,Utah,84032,United States,mountains_lakes,https://www.airbnb.com/rooms/1257916674543079069,https://a0.muscache.com/im/pictures/hosting/Hosting-1257916674543079069/original/86c83a52-c3b1-47c5-ac29-11216fe0d8c6.jpeg,1257916674543079069,4219956,40.6265,-111.4335,=AVERAGE($G$2:$G$501),=AVERAGE($D$2:$D$501),"=IFERROR(($AT279-G279)/$AT279,0)","=IFERROR(($AU279-D279)/$AU279,0)",=$AU279-D279
"New to Market! Stunning Lake and Mountain Views, Close to Deer Valley Gondola, Common Pool and Hot Tub, Short Drive to Park City Historic Main Street! Welcome to Fox Bay 02!",Mountain West Vacation Rentals,,19732,22635,328.87,45.11,343,2,2,6,true,false,true,true,true,false,true,Home/Apartment,Condominium (condo),Apt/Condo/Loft,4.8,22,3,21+,Luxury,false,344,true,60,10,2026-05-13,Utah Area,Heber City,Heber City,Utah,84032,United States,mountains_lakes,https://www.airbnb.com/rooms/804475081806587745,https://a0.muscache.com/im/pictures/prohost-api/Hosting-804475081806587745/original/28155b94-0ba6-42c6-a5ef-a2f72ec5b40f.jpeg,804475081806587745,3201989,40.6343,-111.4412,=AVERAGE($G$2:$G$501),=AVERAGE($D$2:$D$501),"=IFERROR(($AT280-G280)/$AT280,0)","=IFERROR(($AU280-D280)/$AU280,0)",=$AU280-D280
Zermatt Villa 1031 - 1 Bedroom 1Bath Full Kitchen with Resort Amenities,Midway Vacation Properties,,19572,28067,159.12,49,251,1,1,4,true,true,true,true,true,false,true,Home/Apartment,Villa,House/villa,4.85,7,1,21+,Luxury,true,95,true,123,21,2024-05-24,Utah Area,Heber City,Midway,Utah,84049,United States,mountains_lakes,https://www.airbnb.com/rooms/24304964,https://a0.muscache.com/im/pictures/prohost-api/Hosting-24304964/original/e6ec7380-25a0-4d97-bcd0-2b1a086dc197.jpeg,24304964,1047226,40.52359,-111.49049,=AVERAGE($G$2:$G$501),=AVERAGE($D$2:$D$501),"=IFERROR(($AT281-G281)/$AT281,0)","=IFERROR(($AU281-D281)/$AU281,0)",=$AU281-D281
Near Park City Retreat | Private Hot Tub & Views,LocalVR,,19376,22638,569.88,31.48,174,4,4,10,true,false,true,true,true,false,false,Home/Apartment,Townhouse,Apt/Condo/Loft,5,4,7,21+,Luxury,false,440,false,34,8,2026-05-15,Utah Area,Heber City,Kamas,Utah,84036,United States,mountains_lakes,https://www.airbnb.com/rooms/1562438513074193637,https://a0.muscache.com/im/pictures/prohost-api/Hosting-1562438513074193637/original/2507e9f2-68c7-4c65-a79a-cacf8ce83cfa.jpeg,1562438513074193637,4968438,40.68252,-111.43351,=AVERAGE($G$2:$G$501),=AVERAGE($D$2:$D$501),"=IFERROR(($AT282-G282)/$AT282,0)","=IFERROR(($AU282-D282)/$AU282,0)",=$AU282-D282
Modern 3BR Hideout Vista Retreat w/ Hot Tub,I Love Vacations - Park City,,19207,23455,548.77,27.34,185,3,2,8,true,false,true,true,true,false,false,Home/Apartment,House,House/villa,5,4,2,21+,Luxury,true,650,true,35,9,2026-05-13,Utah Area,Heber City,Kamas,Utah,84036,United States,mountains_lakes,https://www.airbnb.com/rooms/1542980270018451572,https://a0.muscache.com/im/pictures/hosting/Hosting-1542980270018451572/original/f500a1f3-9482-4187-90ec-40d074b60740.jpeg,1542980270018451572,4920317,40.6495,-111.4014,=AVERAGE($G$2:$G$501),=AVERAGE($D$2:$D$501),"=IFERROR(($AT283-G283)/$AT283,0)","=IFERROR(($AU283-D283)/$AU283,0)",=$AU283-D283
2020/22 | Premium 2BR Villa | Full Kitchen + Pool,Stay Midway,,19058,21041,221.6,57.72,199,2,2,8,true,true,true,true,true,true,true,Home/Apartment,Condominium (condo),Apt/Condo/Loft,5,1,2,21+,Luxury,false,120,true,86,25,2026-05-15,Utah Area,Heber City,Midway,Utah,84049,United States,mountains_lakes,https://www.airbnb.com/rooms/1550223971875797640,https://a0.muscache.com/im/pictures/prohost-api/Hosting-1550223971875797640/original/85d70fbb-5a98-4974-9429-f0822087fdcc.jpeg,1550223971875797640,4894755,40.52533,-111.48883,=AVERAGE($G$2:$G$501),=AVERAGE($D$2:$D$501),"=IFERROR(($AT284-G284)/$AT284,0)","=IFERROR(($AU284-D284)/$AU284,0)",=$AU284-D284
Cozy Condo Retreat Near Deer Valley East,476437365,,18971,23637,357.94,49.07,218,2,2,6,true,false,true,true,true,false,true,Home/Apartment,Apartment,Apt/Condo/Loft,5,2,1,1,Luxury,false,327,true,53,5,2026-05-11,Utah Area,Heber City,Heber City,Utah,84032,United States,mountains_lakes,https://www.airbnb.com/rooms/1498168439484596695,https://a0.muscache.com/im/pictures/hosting/Hosting-1498168439484596695/original/b27a11f9-a581-448a-a731-da7c6c56ca2e.jpeg,1498168439484596695,,40.63167,-111.4432,=AVERAGE($G$2:$G$501),=AVERAGE($D$2:$D$501),"=IFERROR(($AT285-G285)/$AT285,0)","=IFERROR(($AU285-D285)/$AU285,0)",=$AU285-D285
New Listing I Pioche Village Mod I Walk to Ski,Utah Escapes,,18895,29896,821.52,25.84,344,3,2,7,true,true,true,true,true,false,false,Home/Apartment,Condominium (condo),Apt/Condo/Loft,5,8,7,21+,Luxury,true,195,false,23,4,2026-05-14,Utah Area,Heber City,Midway,Utah,84049,United States,mountains_lakes,https://www.airbnb.com/rooms/1224112598328291190,https://a0.muscache.com/im/pictures/hosting/Hosting-1224112598328291190/original/aadaff56-503a-4721-b26c-3e995c526879.jpeg,1224112598328291190,4171594,40.6333,-111.4509,=AVERAGE($G$2:$G$501),=AVERAGE($D$2:$D$501),"=IFERROR(($AT286-G286)/$AT286,0)","=IFERROR(($AU286-D286)/$AU286,0)",=$AU286-D286
Breathtaking Outdoors! 2 Relaxing Units w/ Hot Spring & Pool access!,BnBerry,,18891,24266,555.62,20.86,302,2,2,8,true,false,false,false,false,false,false,Home/Apartment,House,House/villa,0,0,1,21+,Luxury,false,0,true,34,23,2026-04-01,Utah Area,Heber City,Midway,Utah,84049,United States,mountains_lakes,https://www.vrbo.com/4641674,https://media.vrbo.com/lodging/118000000/117570000/117569700/117569690/c55c95c9.jpg?impolicy=resizecrop&rw=1200&ra=fit,,4641674,40.53182,-111.48763,=AVERAGE($G$2:$G$501),=AVERAGE($D$2:$D$501),"=IFERROR(($AT287-G287)/$AT287,0)","=IFERROR(($AU287-D287)/$AU287,0)",=$AU287-D287
"Fresh, Modern, & Full of Views Welcome to Hideout",I Love Vacations - Park City,,18887,33715,590.22,19.39,278,3,2,8,true,false,false,true,true,false,false,Home/Apartment,Townhouse,Apt/Condo/Loft,0,0,2,21+,Luxury,true,671,true,32,8,2026-05-15,Utah Area,Heber City,Kamas,Utah,84036,United States,mountains_lakes,https://www.airbnb.com/rooms/1420233881332705648,https://a0.muscache.com/im/pictures/hosting/Hosting-1420233881332705648/original/51228f58-964a-4669-8ef6-458cd1472118.jpeg,1420233881332705648,4587079,40.6503,-111.4015,=AVERAGE($G$2:$G$501),=AVERAGE($D$2:$D$501),"=IFERROR(($AT288-G288)/$AT288,0)","=IFERROR(($AU288-D288)/$AU288,0)",=$AU288-D288
Creekside on the golf course. Homestead | Midway,423569231,,18658,48892,565.39,28.7,256,3,4,6,true,false,false,true,true,false,false,Home/Apartment,House,House/villa,5,5,3,1,Luxury,false,280,false,33,7,2026-05-17,Utah Area,Heber City,Midway,Utah,84049,United States,mountains_lakes,https://www.airbnb.com/rooms/1278515911578519412,https://a0.muscache.com/im/pictures/miso/Hosting-1278515911578519412/original/bbf17b6a-8b01-454e-bbd6-14f6a2bec589.jpeg,1278515911578519412,1673982,40.5218613541,-111.4821838359,=AVERAGE($G$2:$G$501),=AVERAGE($D$2:$D$501),"=IFERROR(($AT289-G289)/$AT289,0)","=IFERROR(($AU289-D289)/$AU289,0)",=$AU289-D289
"Deer Valley Lux Studio, East Village, Hot Tub, Gym",Casago,,18584,30663,229.43,98.78,113,1,1,2,true,true,true,true,true,false,true,Home/Apartment,Condominium (condo),Apt/Condo/Loft,5,6,2,21+,Luxury,true,35,true,81,2,2025-07-05,Utah Area,Heber City,Midway,Utah,84049,United States,mountains_lakes,https://www.airbnb.com/rooms/1262252772302335807,https://a0.muscache.com/im/pictures/prohost-api/Hosting-1262252772302335807/original/6c5945cd-54ba-49e7-9046-1ca9341404a1.jpeg,1262252772302335807,4230413,40.6371380656,-111.4567914576,=AVERAGE($G$2:$G$501),=AVERAGE($D$2:$D$501),"=IFERROR(($AT290-G290)/$AT290,0)","=IFERROR(($AU290-D290)/$AU290,0)",=$AU290-D290
3023 • Zermatt King Villa Near Park City!,Stay Midway,,18214,18517,204.65,29.47,302,1,1,4,true,true,true,true,true,false,true,Home/Apartment,Condominium (condo),Apt/Condo/Loft,4.5,29,1,21+,Luxury,false,71,true,89,35,2025-11-03,Utah Area,Heber City,Midway,Utah,84049,United States,mountains_lakes,https://www.airbnb.com/rooms/1281323925616547835,https://a0.muscache.com/im/pictures/prohost-api/Hosting-1281323925616547835/original/c6bd4757-accc-4a4f-9070-0cdbbf84c322.jpeg,1281323925616547835,2934884,40.52329,-111.48912,=AVERAGE($G$2:$G$501),=AVERAGE($D$2:$D$501),"=IFERROR(($AT291-G291)/$AT291,0)","=IFERROR(($AU291-D291)/$AU291,0)",=$AU291-D291
Discover mountain bliss at our exquisite Deer Crest retreat!,,,18195,22949,3639,15.62,216,4,5,8,false,false,false,false,false,true,false,Home/Apartment,Condominium (condo),Apt/Condo/Loft,0,0,5,1,Luxury,false,750,false,5,1,2025-10-01,Utah Area,Heber City,Park City,Utah,84060,United States,mountains_lakes,https://www.vrbo.com/3995880,https://media.vrbo.com/lodging/105000000/104940000/104937800/104937726/e315f060.jpg?impolicy=resizecrop&rw=1200&ra=fit,,3995880,40.64113,-111.45561,=AVERAGE($G$2:$G$501),=AVERAGE($D$2:$D$501),"=IFERROR(($AT292-G292)/$AT292,0)","=IFERROR(($AU292-D292)/$AU292,0)",=$AU292-D292
Rustic Chic Stays - Private Basement Apartment!,4831,,18187,20637,113.67,100,189,2,1,5,true,false,false,true,true,true,false,Home/Apartment,Apartment,Apt/Condo/Loft,5,18,30,6-20,Luxury,true,100,true,160,4,2026-04-12,Utah Area,Heber City,Heber City,Utah,84032,United States,mountains_lakes,https://www.airbnb.com/rooms/804247538559551254,https://a0.muscache.com/im/pictures/miso/Hosting-804247538559551254/original/1bb005dd-3831-4534-926b-a015329b4e0c.jpeg,804247538559551254,3218427,40.48569,-111.39684,=AVERAGE($G$2:$G$501),=AVERAGE($D$2:$D$501),"=IFERROR(($AT293-G293)/$AT293,0)","=IFERROR(($AU293-D293)/$AU293,0)",=$AU293-D293
Daniels Summit Mountain Cabin,117456339,,18122,34273,533,29.82,138,3,2,14,true,false,false,true,true,false,false,Home/Apartment,Cabin,House/villa,4.65,6,1,6-20,Luxury,true,250,true,34,10,2026-05-13,Utah Area,Heber City,Wallsburg,Utah,84082,United States,mountains_lakes,https://www.airbnb.com/rooms/737054013736001278,https://a0.muscache.com/im/pictures/miso/Hosting-737054013736001278/original/f2b9a283-9dbe-4162-8e4c-8b72dad8f975.jpeg,737054013736001278,,40.3002,-111.2576,=AVERAGE($G$2:$G$501),=AVERAGE($D$2:$D$501),"=IFERROR(($AT294-G294)/$AT294,0)","=IFERROR(($AU294-D294)/$AU294,0)",=$AU294-D294
Moose Mgmt at Stillwater 3067: King Bed-Gym-HotTub,Vacation Rentals Park City LLC,,18120,21680,287.62,35,335,1,2,4,true,false,false,true,true,false,true,Home/Apartment,Condominium (condo),Apt/Condo/Loft,5,3,1,21+,Luxury,false,125,true,63,14,2025-07-19,Utah Area,Heber City,Heber City,Utah,84032,United States,mountains_lakes,https://www.airbnb.com/rooms/1092154707333159021,https://a0.muscache.com/im/pictures/prohost-api/Hosting-1092154707333159021/original/71384026-63c4-4021-b82c-a27e59f53d13.jpeg,1092154707333159021,9983068ha,40.6283674159,-111.4393407888,=AVERAGE($G$2:$G$501),=AVERAGE($D$2:$D$501),"=IFERROR(($AT295-G295)/$AT295,0)","=IFERROR(($AU295-D295)/$AU295,0)",=$AU295-D295
Mountain View Magic at Mayflower Lakeside,Lespri Property Management,,18092,22848,384.94,55.95,164,3,2,8,true,false,true,true,true,false,true,Home/Apartment,Condominium (condo),Apt/Condo/Loft,0,0,2,21+,Luxury,false,329,true,47,3,2026-05-13,Utah Area,Heber City,Heber City,Utah,84032,United States,mountains_lakes,https://www.airbnb.com/rooms/1542146538245548385,https://a0.muscache.com/im/pictures/prohost-api/Hosting-1542146538245548385/original/4c0b9949-6425-4070-9bf2-e0686e066076.jpeg,1542146538245548385,4920848,40.62693,-111.43259,=AVERAGE($G$2:$G$501),=AVERAGE($D$2:$D$501),"=IFERROR(($AT296-G296)/$AT296,0)","=IFERROR(($AU296-D296)/$AU296,0)",=$AU296-D296
Hideout Lookout - Stunning Lake & Mountain  Views,110889534,,18049,53464,644.61,93.33,34,3,2,8,true,false,true,true,true,false,false,Home/Apartment,House,House/villa,5,7,3,2-5,Luxury,false,299,true,28,5,2026-05-14,Utah Area,Heber City,Kamas,Utah,84036,United States,mountains_lakes,https://www.airbnb.com/rooms/1217029333477559965,https://a0.muscache.com/im/pictures/miso/Hosting-1217029333477559965/original/3af3c68e-8a70-4be4-b514-a13046cd5602.jpeg,1217029333477559965,,40.6486,-111.401,=AVERAGE($G$2:$G$501),=AVERAGE($D$2:$D$501),"=IFERROR(($AT297-G297)/$AT297,0)","=IFERROR(($AU297-D297)/$AU297,0)",=$AU297-D297
2037/39 | Elevated 2BR Villa | Near Park City Ski,Stay Midway,,18015,19776,277.15,51.18,171,2,2,7,true,true,true,true,true,true,true,Home/Apartment,Condominium (condo),Apt/Condo/Loft,0,0,2,21+,Luxury,false,122,true,65,24,2026-05-11,Utah Area,Heber City,Midway,Utah,84049,United States,mountains_lakes,https://www.airbnb.com/rooms/1528503474226783813,https://a0.muscache.com/im/pictures/prohost-api/Hosting-1528503474226783813/original/0105f76c-5d68-4081-b0a8-cde92fa8b611.jpeg,1528503474226783813,4894762,40.5252519183,-111.4906306916,=AVERAGE($G$2:$G$501),=AVERAGE($D$2:$D$501),"=IFERROR(($AT298-G298)/$AT298,0)","=IFERROR(($AU298-D298)/$AU298,0)",=$AU298-D298
Modern Condo near Jordanelle! Wasatch Springs,I Love Vacations - Park City,,17854,20485,435.46,23.98,341,3,2,9,true,false,false,true,true,false,false,Home/Apartment,Townhouse,Apt/Condo/Loft,5,2,2,21+,Luxury,true,432,true,41,9,2026-05-16,Utah Area,Heber City,Heber City,Utah,84032,United States,mountains_lakes,https://www.airbnb.com/rooms/1076089114474630706,https://a0.muscache.com/im/pictures/hosting/Hosting-1076089114474630706/original/2a83dbb9-3499-499e-846f-bbc9955bee19.jpeg,1076089114474630706,3823259,40.676,-111.4326,=AVERAGE($G$2:$G$501),=AVERAGE($D$2:$D$501),"=IFERROR(($AT299-G299)/$AT299,0)","=IFERROR(($AU299-D299)/$AU299,0)",=$AU299-D299
The Mason-Luxury Steps from Deer Valley/Jordanelle,76458488,,17697,20494,215.82,70.69,134,1,2,4,true,true,false,true,true,false,true,Home/Apartment,Apartment,Apt/Condo/Loft,4.5,2,2,2-5,Luxury,false,201,false,82,6,2026-05-14,Utah Area,Heber City,Heber City,Utah,84032,United States,mountains_lakes,https://www.airbnb.com/rooms/1571068123078231824,https://a0.muscache.com/im/pictures/hosting/Hosting-1571068123078231824/original/b1d82321-8a5c-499e-837a-39454e514fa0.jpeg,1571068123078231824,,40.62737,-111.43852,=AVERAGE($G$2:$G$501),=AVERAGE($D$2:$D$501),"=IFERROR(($AT300-G300)/$AT300,0)","=IFERROR(($AU300-D300)/$AU300,0)",=$AU300-D300
Luxury Deer Valley Ski Condo + Mountain Shuttle,512812716,,17581,17634,408.86,36.75,362,3,2,8,true,false,false,true,true,true,false,Home/Apartment,Condominium (condo),Apt/Condo/Loft,5,13,2,6-20,Luxury,false,0,true,43,8,2026-05-14,Utah Area,Heber City,Heber City,Utah,84032,United States,mountains_lakes,https://www.airbnb.com/rooms/1013637229951743635,https://a0.muscache.com/im/pictures/prohost-api/Hosting-1013637229951743635/original/07d628f7-91c1-4049-a643-6e5f97e60108.jpeg,1013637229951743635,3687713,40.6267,-111.4331,=AVERAGE($G$2:$G$501),=AVERAGE($D$2:$D$501),"=IFERROR(($AT301-G301)/$AT301,0)","=IFERROR(($AU301-D301)/$AU301,0)",=$AU301-D301
Prime Location! Inviting Haven w/Outdoor sports & Pool near Mountain Adventures!,BnBerry,,17578,20058,266.33,24.09,312,1,1,4,true,false,false,false,false,false,false,Home/Apartment,House,House/villa,0,0,1,21+,Luxury,false,0,true,66,52,2026-04-01,Utah Area,Heber City,Midway,Utah,84049,United States,mountains_lakes,https://www.vrbo.com/4641680,https://media.vrbo.com/lodging/118000000/117570000/117569800/117569709/886b2e96.jpg?impolicy=resizecrop&rw=1200&ra=fit,,4641680,40.53182,-111.48763,=AVERAGE($G$2:$G$501),=AVERAGE($D$2:$D$501),"=IFERROR(($AT302-G302)/$AT302,0)","=IFERROR(($AU302-D302)/$AU302,0)",=$AU302-D302
Cozy New Studio by Deer Valley with Shuttle nearby,422063780,,17542,17657,182.73,40.68,354,1,1,3,true,true,true,true,true,false,false,Home/Apartment,Condominium (condo),Apt/Condo/Loft,5,10,2,2-5,Luxury,true,120,false,96,11,2026-03-31,Utah Area,Heber City,Midway,Utah,84049,United States,mountains_lakes,https://www.airbnb.com/rooms/1233605162832171759,https://a0.muscache.com/im/pictures/miso/Hosting-1233605162832171759/original/ee546f88-f1cd-4d3b-9a6d-606a9b415606.jpeg,1233605162832171759,4188889,40.63415,-111.45182,=AVERAGE($G$2:$G$501),=AVERAGE($D$2:$D$501),"=IFERROR(($AT303-G303)/$AT303,0)","=IFERROR(($AU303-D303)/$AU303,0)",=$AU303-D303
"Luxury Home, Private Hot Tub, Minutes to Main St!",Mountain West Vacation Rentals,,17477,23479,672.19,36.62,191,4,3,13,true,false,true,true,true,false,true,Home/Apartment,Townhouse,Apt/Condo/Loft,5,3,3,21+,Luxury,false,509,true,26,5,2026-05-11,Utah Area,Heber City,Heber City,Utah,84032,United States,mountains_lakes,https://www.airbnb.com/rooms/1540672433307116792,https://a0.muscache.com/im/pictures/prohost-api/Hosting-1540672433307116792/original/cb29cc03-69ed-4539-857f-903d7df725c7.jpeg,1540672433307116792,4917065,40.6724,-111.4334,=AVERAGE($G$2:$G$501),=AVERAGE($D$2:$D$501),"=IFERROR(($AT304-G304)/$AT304,0)","=IFERROR(($AU304-D304)/$AU304,0)",=$AU304-D304
Deer Valley Basecamp with Hot Tub and Views,447010405,,17264,18946,479.56,62.07,83,4,3,14,true,false,true,true,true,false,false,Home/Apartment,Townhouse,Apt/Condo/Loft,5,9,2,1,Luxury,false,0,false,36,13,2026-05-15,Utah Area,Heber City,Heber City,Utah,84032,United States,mountains_lakes,https://www.airbnb.com/rooms/1576934474821706460,https://a0.muscache.com/im/pictures/hosting/Hosting-1576934474821706460/original/29c8f24e-97f0-40ac-b44e-c039e2772d17.jpeg,1576934474821706460,5141980,40.5807,-111.4237,=AVERAGE($G$2:$G$501),=AVERAGE($D$2:$D$501),"=IFERROR(($AT305-G305)/$AT305,0)","=IFERROR(($AU305-D305)/$AU305,0)",=$AU305-D305
Moose Mgmt at Mayflower Lakeside 1169-201,Vacation Rentals Park City LLC,,17068,17758,348.33,27.68,345,3,2,8,true,false,false,true,true,false,false,Home/Apartment,Condominium (condo),Apt/Condo/Loft,5,2,2,21+,Luxury,false,422,true,49,11,2026-05-14,Utah Area,Heber City,Heber City,Utah,84032,United States,mountains_lakes,https://www.airbnb.com/rooms/1387823718783723145,https://a0.muscache.com/im/pictures/prohost-api/Hosting-1387823718783723145/original/3d77e22b-b460-4319-8ceb-aabdc9d66213.jpeg,1387823718783723145,20153863ha,40.6251200055,-111.4342968884,=AVERAGE($G$2:$G$501),=AVERAGE($D$2:$D$501),"=IFERROR(($AT306-G306)/$AT306,0)","=IFERROR(($AU306-D306)/$AU306,0)",=$AU306-D306
Park City Basecamp | Hot Tub + Epic Views,I Love Vacations - Park City,,17059,19587,448.92,36.54,201,3,2,9,true,false,true,true,true,false,false,Home/Apartment,Townhouse,Apt/Condo/Loft,5,1,2,21+,Luxury,true,550,true,38,8,2026-05-13,Utah Area,Heber City,Kamas,Utah,84036,United States,mountains_lakes,https://www.airbnb.com/rooms/1543507929259509532,https://a0.muscache.com/im/pictures/hosting/Hosting-1543507929259509532/original/54c0eb92-4ee9-438a-9399-d82d8ef495f2.jpeg,1543507929259509532,4945192,40.6812,-111.4313,=AVERAGE($G$2:$G$501),=AVERAGE($D$2:$D$501),"=IFERROR(($AT307-G307)/$AT307,0)","=IFERROR(($AU307-D307)/$AU307,0)",=$AU307-D307
Cozy Cabin w/ private HOT TUB,33443524,,17032,18533,362.38,33.81,252,2,2,6,false,false,true,true,true,false,false,Home/Apartment,Cabin,House/villa,4.85,39,3,2-5,Luxury,false,225,true,47,14,2026-04-27,Utah Area,Heber City,Midway,Utah,84049,United States,mountains_lakes,https://www.airbnb.com/rooms/795051618176972404,https://a0.muscache.com/im/pictures/miso/Hosting-795051618176972404/original/e0bec0bd-b06b-4b4f-b216-35e87b277224.jpeg,795051618176972404,3203382,40.55345,-111.5268,=AVERAGE($G$2:$G$501),=AVERAGE($D$2:$D$501),"=IFERROR(($AT308-G308)/$AT308,0)","=IFERROR(($AU308-D308)/$AU308,0)",=$AU308-D308
Deer Valley/Park City/Jordanelle ski-lake condo,64054104,,16979,17511,320.36,30.99,353,3,2,6,true,false,false,true,true,false,false,Home/Apartment,Condominium (condo),Apt/Condo/Loft,5,14,3,2-5,Luxury,true,225,true,53,13,2026-05-16,Utah Area,Heber City,Heber City,Utah,84032,United States,mountains_lakes,https://www.airbnb.com/rooms/1245591241554647898,https://a0.muscache.com/im/pictures/hosting/Hosting-U3RheVN1cHBseUxpc3Rpbmc6MTI0NTU5MTI0MTU1NDY0Nzg5OA==/original/91353ec4-2b52-425c-9bf6-de06f49cbb04.jpeg,1245591241554647898,4311622,40.627,-111.435,=AVERAGE($G$2:$G$501),=AVERAGE($D$2:$D$501),"=IFERROR(($AT309-G309)/$AT309,0)","=IFERROR(($AU309-D309)/$AU309,0)",=$AU309-D309
Main ST Contemporary Condo Walk to Ski.,Summit Luxury Vacations,,16856,65271,2107,19.51,267,3,3,6,true,false,true,true,false,true,false,Home/Apartment,House,House/villa,5,9,3,21+,Luxury,false,552,true,8,2,2026-05-17,Utah Area,Heber City,Midway,Utah,84049,United States,mountains_lakes,https://www.airbnb.com/rooms/52143673,https://a0.muscache.com/im/pictures/prohost-api/Hosting-52143673/original/db6f4628-e93f-446a-8dfb-df0e87222852.jpeg,52143673,2125255,40.63708,-111.46732,=AVERAGE($G$2:$G$501),=AVERAGE($D$2:$D$501),"=IFERROR(($AT310-G310)/$AT310,0)","=IFERROR(($AU310-D310)/$AU310,0)",=$AU310-D310
"Upscale Retreat w/ Hot Tub, Steam, Pet-Friendly",PMI Mountain Collection,,16623,17713,377.8,60.27,116,3,2,10,true,true,true,true,true,true,false,Home/Apartment,Townhouse,Apt/Condo/Loft,5,3,5,21+,Luxury,true,568,false,44,5,2026-05-13,Utah Area,Heber City,Kamas,Utah,84036,United States,mountains_lakes,https://www.airbnb.com/rooms/1600222497634276919,https://a0.muscache.com/im/pictures/prohost-api/Hosting-1600222497634276919/original/2d9efc14-5342-4e16-bd3c-3d7b67f209f8.jpeg,1600222497634276919,5049999,40.64929,-111.40136,=AVERAGE($G$2:$G$501),=AVERAGE($D$2:$D$501),"=IFERROR(($AT311-G311)/$AT311,0)","=IFERROR(($AU311-D311)/$AU311,0)",=$AU311-D311
Awesome Bedroom set-up for Families!,Midway Vacation Properties,,16405,16967,215.86,24.92,318,1,2,7,true,true,true,true,true,false,true,Home/Apartment,Villa,House/villa,4.75,48,2,21+,Luxury,true,110,true,76,32,2026-05-17,Utah Area,Heber City,Midway,Utah,84049,United States,mountains_lakes,https://www.airbnb.com/rooms/577877270018390579,https://a0.muscache.com/im/pictures/prohost-api/Hosting-577877270018390579/original/fb51cff5-3d8f-40bb-a648-2924320ccacf.jpeg,577877270018390579,2686775,40.52357,-111.49063,=AVERAGE($G$2:$G$501),=AVERAGE($D$2:$D$501),"=IFERROR(($AT312-G312)/$AT312,0)","=IFERROR(($AU312-D312)/$AU312,0)",=$AU312-D312
"Mountain Luxury, Private Hot Tub, Close to Slopes!",Mountain West Vacation Rentals,,16233,18651,395.93,32.03,190,3,2,11,true,false,true,true,true,false,false,Home/Apartment,Townhouse,Apt/Condo/Loft,5,8,3,21+,Luxury,false,440,true,41,9,2026-05-11,Utah Area,Heber City,Heber City,Utah,84032,United States,mountains_lakes,https://www.airbnb.com/rooms/1541549846004403851,https://a0.muscache.com/im/pictures/prohost-api/Hosting-1541549846004403851/original/fe73d7af-67eb-4509-81ae-70fa293a0879.jpeg,1541549846004403851,4918477,40.6637,-111.4214,=AVERAGE($G$2:$G$501),=AVERAGE($D$2:$D$501),"=IFERROR(($AT313-G313)/$AT313,0)","=IFERROR(($AU313-D313)/$AU313,0)",=$AU313-D313
Mountain Escape | Hot Tub | Near Ski & Lake Fun,I Love Vacations - Park City,,15931,20350,663.79,26.67,189,4,4,12,true,false,true,true,true,false,false,Home/Apartment,Apartment,Apt/Condo/Loft,4.9,14,2,21+,Luxury,true,702,true,24,6,2026-05-13,Utah Area,Heber City,Kamas,Utah,84036,United States,mountains_lakes,https://www.airbnb.com/rooms/1542988743571329177,https://a0.muscache.com/im/pictures/hosting/Hosting-1542988743571329177/original/ddf839ae-a6d4-4d29-9330-e7b1be845a3f.jpeg,1542988743571329177,4918890,40.684,-111.4311,=AVERAGE($G$2:$G$501),=AVERAGE($D$2:$D$501),"=IFERROR(($AT314-G314)/$AT314,0)","=IFERROR(($AU314-D314)/$AU314,0)",=$AU314-D314
"Family Getaway~Pool, Skiing - Midway Utah 1022-1",Midway Vacation Properties,,15834,18359,193.1,28.57,315,1,1,4,true,true,true,true,true,false,true,Home/Apartment,Villa,House/villa,5,3,2,21+,Luxury,true,105,true,82,25,2026-04-18,Utah Area,Heber City,Midway,Utah,84049,United States,mountains_lakes,https://www.airbnb.com/rooms/24304959,https://a0.muscache.com/im/pictures/prohost-api/Hosting-24304959/original/e9ddab54-caed-4aa0-bed4-5151ab131a83.jpeg,24304959,,40.52318,-111.48914,=AVERAGE($G$2:$G$501),=AVERAGE($D$2:$D$501),"=IFERROR(($AT315-G315)/$AT315,0)","=IFERROR(($AU315-D315)/$AU315,0)",=$AU315-D315
1083/85 | Upscale 2BR Villa | Near Park City Ski,Stay Midway,,15607,29565,294.47,30.11,253,2,2,8,true,true,false,true,true,true,true,Home/Apartment,Apartment,Apt/Condo/Loft,4,6,2,21+,Luxury,false,120,true,53,21,2026-05-13,Utah Area,Heber City,Midway,Utah,84049,United States,mountains_lakes,https://www.airbnb.com/rooms/904513323950344164,https://a0.muscache.com/im/pictures/prohost-api/Hosting-904513323950344164/original/a8e93ae7-807b-4f36-84bb-0bcb07795c59.jpeg,904513323950344164,2934908,40.524,-111.4898,=AVERAGE($G$2:$G$501),=AVERAGE($D$2:$D$501),"=IFERROR(($AT316-G316)/$AT316,0)","=IFERROR(($AU316-D316)/$AU316,0)",=$AU316-D316
Moose Mgmt at Pioche Village 1306: HotTub-GameRoom,Vacation Rentals Park City LLC,,15506,15623,166.73,40.79,364,,1,4,true,true,true,true,true,false,false,Home/Apartment,Condominium (condo),Apt/Condo/Loft,4.2,8,2,21+,Luxury,false,187,true,93,20,2026-05-17,Utah Area,Heber City,Midway,Utah,84049,United States,mountains_lakes,https://www.airbnb.com/rooms/1228633270065590205,https://a0.muscache.com/im/pictures/prohost-api/Hosting-1228633270065590205/original/c5209be1-8c2f-4f4c-b263-ff5abe03e187.jpeg,1228633270065590205,9999070ha,40.63291,-111.45017,=AVERAGE($G$2:$G$501),=AVERAGE($D$2:$D$501),"=IFERROR(($AT317-G317)/$AT317,0)","=IFERROR(($AU317-D317)/$AU317,0)",=$AU317-D317
Moose Mgmt at Fox Bay N203: Fireplace-Board Games,Vacation Rentals Park City LLC,,15429,20904,257.15,41.38,168,2,2,6,true,true,true,true,true,false,true,Home/Apartment,Condominium (condo),Apt/Condo/Loft,4.6,5,2,21+,Luxury,false,312,true,60,10,2026-02-12,Utah Area,Heber City,Heber City,Utah,84032,United States,mountains_lakes,https://www.airbnb.com/rooms/1177722580420693084,https://a0.muscache.com/im/pictures/prohost-api/Hosting-1177722580420693084/original/97218ebe-573c-4a87-9702-957343b354df.jpeg,1177722580420693084,9972911ha,40.6334015985,-111.4435731597,=AVERAGE($G$2:$G$501),=AVERAGE($D$2:$D$501),"=IFERROR(($AT318-G318)/$AT318,0)","=IFERROR(($AU318-D318)/$AU318,0)",=$AU318-D318
3012/14 • 4-Star Zermatt 2B2B Villa Near Park City,Stay Midway,,15389,16511,327.43,29.38,222,2,2,8,true,true,false,true,true,false,true,Home/Apartment,Condominium (condo),Apt/Condo/Loft,4.35,11,2,21+,Luxury,false,134,true,47,15,2025-10-30,Utah Area,Heber City,Midway,Utah,84049,United States,mountains_lakes,https://www.airbnb.com/rooms/904755422142563702,https://a0.muscache.com/im/pictures/miso/Hosting-904686064004001002/original/ddba664e-4cc2-4399-89ec-c966656b383f.jpeg,904755422142563702,,40.524046,-111.48984,=AVERAGE($G$2:$G$501),=AVERAGE($D$2:$D$501),"=IFERROR(($AT319-G319)/$AT319,0)","=IFERROR(($AU319-D319)/$AU319,0)",=$AU319-D319
Beautiful Park City/Heber Townhome w/Hot Tub,311824523,,15370,21478,365.95,26.25,289,3,3,8,true,false,true,true,true,false,false,Home/Apartment,Townhouse,Apt/Condo/Loft,5,45,3,1,Luxury,false,298,true,42,8,2026-05-16,Utah Area,Heber City,Kamas,Utah,84036,United States,mountains_lakes,https://www.airbnb.com/rooms/40347746,https://a0.muscache.com/im/pictures/dcd7be5d-4c93-4b31-92d8-2157674ec410.jpg,40347746,1817786,40.68285,-111.43182,=AVERAGE($G$2:$G$501),=AVERAGE($D$2:$D$501),"=IFERROR(($AT320-G320)/$AT320,0)","=IFERROR(($AU320-D320)/$AU320,0)",=$AU320-D320
"Deer Valley East - 2 Mins to Skiing, Prvt Hot Tub",ITrip Vacations,,15266,40360,693.91,30.14,199,4,3,8,true,false,true,true,true,false,false,Home/Apartment,House,House/villa,5,16,3,21+,Luxury,true,356,true,22,5,2026-04-08,Utah Area,Heber City,Heber City,Utah,84032,United States,mountains_lakes,https://www.airbnb.com/rooms/784078669956031652,https://a0.muscache.com/im/pictures/prohost-api/Hosting-784078669956031652/original/a39c1d57-5ce9-49ec-ba5e-2740d417ddc5.jpeg,784078669956031652,9743133ha,40.6284,-111.4336,=AVERAGE($G$2:$G$501),=AVERAGE($D$2:$D$501),"=IFERROR(($AT321-G321)/$AT321,0)","=IFERROR(($AU321-D321)/$AU321,0)",=$AU321-D321
"Red Ledges cottage, golf, min 90 day stay",Casago,,15221,15289,491,53.45,153,3,3,8,true,false,false,true,false,false,true,Home/Apartment,House,House/villa,0,0,90,21+,Luxury,true,500,false,31,1,2026-05-16,Utah Area,Heber City,Heber City,Utah,84032,United States,mountains_lakes,https://www.airbnb.com/rooms/1003196648270313465,https://a0.muscache.com/im/pictures/prohost-api/Hosting-1003196648270313465/original/a87bda51-7c17-4e58-96fd-9a36221baaea.jpeg,1003196648270313465,3660253,40.51682,-111.36679,=AVERAGE($G$2:$G$501),=AVERAGE($D$2:$D$501),"=IFERROR(($AT322-G322)/$AT322,0)","=IFERROR(($AU322-D322)/$AU322,0)",=$AU322-D322
Beautiful resort condo with incredible amenities and shuttle service,Vacasa,,14885,16394,316.7,43.52,117,2,2,8,true,true,true,true,true,true,true,Home/Apartment,Condominium (condo),Apt/Condo/Loft,0,0,2,21+,Luxury,false,154,true,47,15,2025-09-26,Utah Area,Heber City,Kamas,Utah,84036,United States,mountains_lakes,https://www.vrbo.com/4275392,https://media.vrbo.com/lodging/111000000/110460000/110457500/110457418/cba0cad3.jpg?impolicy=resizecrop&rw=1200&ra=fit,,4275392,40.67599,-111.42878,=AVERAGE($G$2:$G$501),=AVERAGE($D$2:$D$501),"=IFERROR(($AT323-G323)/$AT323,0)","=IFERROR(($AU323-D323)/$AU323,0)",=$AU323-D323
Astro Cabin,15644973,,14884,26033,215.71,66.35,235,1,1,2,true,false,false,true,true,true,false,Home/Apartment,Cabin,House/villa,5,5,5,1,Luxury,false,250,false,69,7,2026-05-17,Utah Area,Heber City,Midway,Utah,84049,United States,mountains_lakes,https://www.airbnb.com/rooms/1313319776217110512,https://a0.muscache.com/im/pictures/hosting/Hosting-1313319776217110512/original/010fbfa9-7f6a-482b-bced-516e47711641.jpeg,1313319776217110512,,40.53033,-111.50883,=AVERAGE($G$2:$G$501),=AVERAGE($D$2:$D$501),"=IFERROR(($AT324-G324)/$AT324,0)","=IFERROR(($AU324-D324)/$AU324,0)",=$AU324-D324
Memorial Day Sale | Save up to 30% on Park City,ITrip Vacations,,14878,20549,265.68,30.11,330,2,2,6,true,true,false,true,true,false,true,Home/Apartment,Condominium (condo),Apt/Condo/Loft,4.85,31,2,21+,Luxury,true,412,true,56,8,2026-05-17,Utah Area,Heber City,Heber City,Utah,84032,United States,mountains_lakes,https://www.airbnb.com/rooms/50331480,https://a0.muscache.com/im/pictures/prohost-api/Hosting-50331480/original/e6e5f8e6-609b-4c24-ae8b-c3f0ebd1ef6d.jpeg,50331480,9562941ha,40.6326,-111.4427,=AVERAGE($G$2:$G$501),=AVERAGE($D$2:$D$501),"=IFERROR(($AT325-G325)/$AT325,0)","=IFERROR(($AU325-D325)/$AU325,0)",=$AU325-D325
Mayflower 104 - Near Deer Valley & Jordanelle!,Natural Retreats,,14799,18300,462.47,20,353,3,2,7,true,false,false,true,true,false,false,Home/Apartment,Condominium (condo),Apt/Condo/Loft,5,3,2,21+,Luxury,true,668,true,32,7,2026-05-17,Utah Area,Heber City,Heber City,Utah,84032,United States,mountains_lakes,https://www.airbnb.com/rooms/1257950483730266950,https://a0.muscache.com/im/pictures/prohost-api/Hosting-1257950483730266950/original/2cfda44a-8b65-44ec-b97c-fc9775a56476.jpeg,1257950483730266950,20057235ha,40.625855697,-111.4341381665,=AVERAGE($G$2:$G$501),=AVERAGE($D$2:$D$501),"=IFERROR(($AT326-G326)/$AT326,0)","=IFERROR(($AU326-D326)/$AU326,0)",=$AU326-D326
The Mason at Stillwater 3062,Vacation Rentals Park City LLC,,14655,15950,252.67,24.79,355,2,3,6,true,true,true,true,true,false,true,Home/Apartment,Condominium (condo),Apt/Condo/Loft,4.7,7,2,21+,Luxury,false,352,true,58,14,2026-05-14,Utah Area,Heber City,Heber City,Utah,84032,United States,mountains_lakes,https://www.airbnb.com/rooms/1197431291575427175,https://a0.muscache.com/im/pictures/prohost-api/Hosting-1197431291575427175/original/3ec3f042-2504-4017-a1ee-80411c5519b0.jpeg,1197431291575427175,,40.6273460698,-111.4370668051,=AVERAGE($G$2:$G$501),=AVERAGE($D$2:$D$501),"=IFERROR(($AT327-G327)/$AT327,0)","=IFERROR(($AU327-D327)/$AU327,0)",=$AU327-D327
"Luxury Corner Suite, Private Hot Tub",Longitude Experience,,14446,14786,1203.83,18.18,153,4,3,10,true,false,true,true,true,false,false,Home/Apartment,Condominium (condo),Apt/Condo/Loft,0,0,2,21+,Luxury,true,375,true,12,3,2025-07-01,Utah Area,Heber City,Midway,Utah,84049,United States,mountains_lakes,https://www.airbnb.com/rooms/1374764641381226836,https://a0.muscache.com/im/pictures/prohost-api/Hosting-1374764641381226836/original/dc97cb3f-5930-44a3-b0de-0ed21886ebe5.jpeg,1374764641381226836,,40.6206231,-111.4419276,=AVERAGE($G$2:$G$501),=AVERAGE($D$2:$D$501),"=IFERROR(($AT328-G328)/$AT328,0)","=IFERROR(($AU328-D328)/$AU328,0)",=$AU328-D328
"Walk to Deer Valley Resort, Adjoining Condo Rooms",Longitude Experience,,14372,19420,410.63,33.02,220,2,2,4,true,false,true,true,true,false,false,Home/Apartment,Condominium (condo),Apt/Condo/Loft,4.85,5,2,21+,Luxury,true,198,true,35,10,2026-05-11,Utah Area,Heber City,Midway,Utah,84049,United States,mountains_lakes,https://www.airbnb.com/rooms/1510578969575980882,https://a0.muscache.com/im/pictures/prohost-api/Hosting-1510578969575980882/original/42116377-3316-4a1d-a628-26313f88c194.jpeg,1510578969575980882,4830581,40.6337,-111.4508,=AVERAGE($G$2:$G$501),=AVERAGE($D$2:$D$501),"=IFERROR(($AT329-G329)/$AT329,0)","=IFERROR(($AU329-D329)/$AU329,0)",=$AU329-D329
Daniels Summit Mountain Home,240007763,,14331,15215,651.41,24.44,126,3,2,6,true,true,true,true,true,false,true,Home/Apartment,Cabin,House/villa,4.5,4,2,1,Luxury,false,0,true,22,7,2021-06-05,Utah Area,Heber City,Wallsburg,Utah,84082,United States,mountains_lakes,https://www.airbnb.com/rooms/36694495,https://a0.muscache.com/im/pictures/b5c963c9-3884-4b69-9db3-c1b1cedd6dc6.jpg?aki_policy=x_large,36694495,3087985,40.30188,-111.25604,=AVERAGE($G$2:$G$501),=AVERAGE($D$2:$D$501),"=IFERROR(($AT330-G330)/$AT330,0)","=IFERROR(($AU330-D330)/$AU330,0)",=$AU330-D330
Moose Mgmt at Mayflower Lakeside 1114-303 Mtn View,Vacation Rentals Park City LLC,,14214,33274,2842.8,15.62,73,3,2,9,true,false,false,false,true,true,false,Home/Apartment,Condominium (condo),Apt/Condo/Loft,4.35,3,1,21+,Luxury,false,369,true,5,1,2025-11-30,Utah Area,Heber City,Heber City,Utah,84032,United States,mountains_lakes,https://www.airbnb.com/rooms/1040139234680181330,https://a0.muscache.com/im/pictures/prohost-api/Hosting-1040139234680181330/original/12bc67f9-d33d-42b1-a96a-267ffc5f3843.jpeg,1040139234680181330,9904881ha,40.62714,-111.43287,=AVERAGE($G$2:$G$501),=AVERAGE($D$2:$D$501),"=IFERROR(($AT331-G331)/$AT331,0)","=IFERROR(($AU331-D331)/$AU331,0)",=$AU331-D331
Ski In/Out-Deer Valley East Village Studio+Hot Tub,597487319,,13987,14072,124.88,45.16,362,1,1,2,true,true,true,true,true,false,false,Home/Apartment,Condominium (condo),Apt/Condo/Loft,4.95,20,2,1,Luxury,true,74,true,112,16,2026-05-16,Utah Area,Heber City,Midway,Utah,84049,United States,mountains_lakes,https://www.airbnb.com/rooms/1228944618425466085,https://a0.muscache.com/im/pictures/hosting/Hosting-U3RheVN1cHBseUxpc3Rpbmc6MTIyODk0NDYxODQyNTQ2NjA4NQ%3D%3D/original/dbe5dff6-e0c5-4187-b8bc-2d391da26b6f.jpeg,1228944618425466085,,40.6337,-111.4508,=AVERAGE($G$2:$G$501),=AVERAGE($D$2:$D$501),"=IFERROR(($AT332-G332)/$AT332,0)","=IFERROR(($AU332-D332)/$AU332,0)",=$AU332-D332
Home by Deer Valley & Jordanelle - Stunning Views,432622676,,13931,15019,580.46,20.34,205,3,2,12,false,false,true,true,true,false,false,Home/Apartment,House,House/villa,5,9,1,2-5,Luxury,true,299,true,24,7,2026-05-11,Utah Area,Heber City,Heber City,Utah,84032,United States,mountains_lakes,https://www.airbnb.com/rooms/1526253431784126760,https://a0.muscache.com/im/pictures/hosting/Hosting-1526253431784126760/original/bb4e7ed7-887f-4f2b-99c4-f822550b6f62.jpeg,1526253431784126760,4876917,40.64364,-111.44619,=AVERAGE($G$2:$G$501),=AVERAGE($D$2:$D$501),"=IFERROR(($AT333-G333)/$AT333,0)","=IFERROR(($AU333-D333)/$AU333,0)",=$AU333-D333
Moose Mgmt Point at Current 2029 Hot Tub-Views,Vacation Rentals Park City LLC,,13897,14107,479.21,27.36,149,3,2,10,true,false,true,false,true,false,false,Home/Apartment,Townhouse,Apt/Condo/Loft,4.65,3,2,21+,Luxury,false,416,false,29,7,2026-05-13,Utah Area,Heber City,Heber City,Utah,84032,United States,mountains_lakes,https://www.airbnb.com/rooms/1585739110655814034,https://a0.muscache.com/im/pictures/prohost-api/Hosting-1585739110655814034/original/99703143-a9ab-4eca-a8e3-96049a81bbe5.jpeg,1585739110655814034,20234797ha,40.6383696999,-111.4462986189,=AVERAGE($G$2:$G$501),=AVERAGE($D$2:$D$501),"=IFERROR(($AT334-G334)/$AT334,0)","=IFERROR(($AU334-D334)/$AU334,0)",=$AU334-D334
"Mountain Retreat~Hot Springs, Skiing, Hiking 2018",Midway Vacation Properties,,13809,18718,135.38,59.65,194,1,1,4,true,true,true,true,true,false,true,Home/Apartment,Condominium (condo),Apt/Condo/Loft,4.2,6,2,21+,Luxury,true,95,true,102,9,2026-05-13,Utah Area,Heber City,Midway,Utah,84049,United States,mountains_lakes,https://www.airbnb.com/rooms/26537489,https://a0.muscache.com/im/pictures/prohost-api/Hosting-26537489/original/98b0101a-fa3f-49e8-b6cb-b392f7e1539c.jpeg,26537489,1047233,40.52375,-111.49078,=AVERAGE($G$2:$G$501),=AVERAGE($D$2:$D$501),"=IFERROR(($AT335-G335)/$AT335,0)","=IFERROR(($AU335-D335)/$AU335,0)",=$AU335-D335
Ski In/Out-Deer Valley East Village Studio+Hot Tub,113701665,,13607,14620,144.76,36.29,320,1,1,2,true,true,false,true,true,false,false,Home/Apartment,Condominium (condo),Apt/Condo/Loft,5,31,2,2-5,Luxury,true,75,false,94,25,2026-05-16,Utah Area,Heber City,Midway,Utah,84049,United States,mountains_lakes,https://www.airbnb.com/rooms/1262552540478803003,https://a0.muscache.com/im/pictures/hosting/Hosting-U3RheVN1cHBseUxpc3Rpbmc6MTI2MjU1MjU0MDQ3ODgwMzAwMw==/original/a71e0d69-8b0c-48f5-b381-9a494a41f12f.jpeg,1262552540478803003,,40.6339,-111.451,=AVERAGE($G$2:$G$501),=AVERAGE($D$2:$D$501),"=IFERROR(($AT336-G336)/$AT336,0)","=IFERROR(($AU336-D336)/$AU336,0)",=$AU336-D336
Newly Remodeled 2b/2b Condo Deer Valley Access,422063780,,13534,15998,375.94,22.64,336,2,2,7,true,false,false,true,true,false,false,Home/Apartment,Townhouse,Apt/Condo/Loft,4.9,12,2,2-5,Luxury,false,250,false,36,5,2026-05-14,Utah Area,Heber City,Heber City,Utah,84032,United States,mountains_lakes,https://www.airbnb.com/rooms/52131764,https://a0.muscache.com/im/pictures/hosting/Hosting-U3RheVN1cHBseUxpc3Rpbmc6NTIxMzE3NjQ%3D/original/4e4f9b35-9015-4b89-9bcf-49dfadea9317.jpeg,52131764,4258345,40.63363,-111.4428,=AVERAGE($G$2:$G$501),=AVERAGE($D$2:$D$501),"=IFERROR(($AT337-G337)/$AT337,0)","=IFERROR(($AU337-D337)/$AU337,0)",=$AU337-D337
Pioche Village ski in ski out DV East gym hot tub,SkyRun Vacation Rentals,,13521,16172,436.16,37.8,259,2,2,6,true,true,true,true,true,false,false,Home/Apartment,Condominium (condo),Apt/Condo/Loft,5,3,3,21+,Luxury,true,454,true,31,6,2026-05-11,Utah Area,Heber City,Midway,Utah,84049,United States,mountains_lakes,https://www.airbnb.com/rooms/1477525308156005380,https://a0.muscache.com/im/pictures/prohost-api/Hosting-1477525308156005380/original/7540fa19-fdca-4c20-8caf-55f46e3aafa7.png,1477525308156005380,4923625,40.6329,-111.4514,=AVERAGE($G$2:$G$501),=AVERAGE($D$2:$D$501),"=IFERROR(($AT338-G338)/$AT338,0)","=IFERROR(($AU338-D338)/$AU338,0)",=$AU338-D338
Moose Mgmt-Jordanelle Ridge 499: Views! Ski,Vacation Rentals Park City LLC,,13501,15034,675.05,21.51,203,3,2,8,true,false,false,true,true,true,false,Home/Apartment,Townhouse,Apt/Condo/Loft,0,0,2,21+,Luxury,false,354,true,20,5,2026-05-11,Utah Area,Heber City,Heber City,Utah,84032,United States,mountains_lakes,https://www.airbnb.com/rooms/1528661835867288735,https://a0.muscache.com/im/pictures/prohost-api/Hosting-1528661835867288735/original/2f14ff14-68de-4557-958f-d89b98f6bc1a.jpeg,1528661835867288735,20205794ha,40.5821695276,-111.4256987488,=AVERAGE($G$2:$G$501),=AVERAGE($D$2:$D$501),"=IFERROR(($AT339-G339)/$AT339,0)","=IFERROR(($AU339-D339)/$AU339,0)",=$AU339-D339
Midway Fun - with all Zermatt Amenities  3039-1,Midway Vacation Properties,,13369,14683,178.25,28.63,308,1,1,4,true,true,true,true,true,false,true,Home/Apartment,Villa,House/villa,4.25,12,2,21+,Luxury,true,80,true,75,23,2026-05-17,Utah Area,Heber City,Midway,Utah,84049,United States,mountains_lakes,https://www.airbnb.com/rooms/36632068,https://a0.muscache.com/im/pictures/prohost-api/Hosting-36632068/original/65e75439-7431-44ac-82ca-89dfd26a5c86.jpeg,36632068,1816867,40.52513,-111.48959,=AVERAGE($G$2:$G$501),=AVERAGE($D$2:$D$501),"=IFERROR(($AT340-G340)/$AT340,0)","=IFERROR(($AU340-D340)/$AU340,0)",=$AU340-D340
Perfect for Unforgettable Stays! Relaxing Unit w/Pool and Majestic Outdoors!,BnBerry,,13292,15694,349.79,18.45,311,1,1,4,true,false,false,false,false,false,false,Home/Apartment,House,House/villa,0,0,1,21+,Luxury,false,0,true,38,27,2026-04-01,Utah Area,Heber City,Midway,Utah,84049,United States,mountains_lakes,https://www.vrbo.com/4641692,https://media.vrbo.com/lodging/118000000/117570000/117569800/117569748/0185a1dc.jpg?impolicy=resizecrop&rw=1200&ra=fit,,4641692,40.53182,-111.48763,=AVERAGE($G$2:$G$501),=AVERAGE($D$2:$D$501),"=IFERROR(($AT341-G341)/$AT341,0)","=IFERROR(($AU341-D341)/$AU341,0)",=$AU341-D341
Ski Haven Hideaway 15 Mins to Park City Slopes,Simply Rented Vacation Rentals,,12937,13855,349.65,31.36,130,4,4,7,true,false,false,true,true,false,false,Home/Apartment,Townhouse,Apt/Condo/Loft,4.9,9,2,21+,Luxury,true,394,false,37,8,2026-05-15,Utah Area,Heber City,Heber City,Utah,84032,United States,mountains_lakes,https://www.airbnb.com/rooms/1041489318571196893,https://a0.muscache.com/im/pictures/prohost-api/Hosting-1041489318571196893/original/d89e02c8-455d-4cfc-970a-131284f98727.jpeg,1041489318571196893,4805996,40.6746,-111.4312,=AVERAGE($G$2:$G$501),=AVERAGE($D$2:$D$501),"=IFERROR(($AT342-G342)/$AT342,0)","=IFERROR(($AU342-D342)/$AU342,0)",=$AU342-D342
Luxury Retreat – Minutes to Deer Valley East,Park City Host,,12934,15824,615.9,22.34,159,4,3,15,true,false,false,true,true,false,false,Home/Apartment,Townhouse,Apt/Condo/Loft,5,1,3,21+,Luxury,true,479,true,21,5,2026-05-14,Utah Area,Heber City,Heber City,Utah,84032,United States,mountains_lakes,https://www.airbnb.com/rooms/1555147433197227482,https://a0.muscache.com/im/pictures/prohost-api/Hosting-1555147433197227482/original/c87a8db6-3a6d-4620-8e1c-d6420cb7576f.jpeg,1555147433197227482,4951174,40.62906,-111.43112,=AVERAGE($G$2:$G$501),=AVERAGE($D$2:$D$501),"=IFERROR(($AT343-G343)/$AT343,0)","=IFERROR(($AU343-D343)/$AU343,0)",=$AU343-D343
Executive Mountain Home,465758821,,12886,87433,1431.78,25,138,5,4,12,true,false,true,true,true,false,false,Home/Apartment,House,House/villa,4.9,9,4,1,Luxury,false,0,false,9,3,2026-05-16,Utah Area,Heber City,Midway,Utah,84049,United States,mountains_lakes,https://www.airbnb.com/rooms/1137620897638759573,https://a0.muscache.com/im/pictures/miso/Hosting-1137620897638759573/original/de1e5d86-7971-4204-98d5-91961a0e7761.jpeg,1137620897638759573,2519831,40.5392,-111.4651,=AVERAGE($G$2:$G$501),=AVERAGE($D$2:$D$501),"=IFERROR(($AT344-G344)/$AT344,0)","=IFERROR(($AU344-D344)/$AU344,0)",=$AU344-D344
Founders Place 3103- Ski-in/Ski-out! Amenities!,Natural Retreats,,12655,17860,2531,16.13,146,3,3,8,false,false,false,true,true,false,true,Home/Apartment,Condominium (condo),Apt/Condo/Loft,0,0,5,21+,Luxury,true,566,false,5,1,2026-05-17,Utah Area,Heber City,Park City,Utah,84060,United States,mountains_lakes,https://www.airbnb.com/rooms/1574063331577007173,https://a0.muscache.com/im/pictures/prohost-api/Hosting-1574063331577007173/original/39d1017c-812f-46f8-b8bf-c4c21390df0a.jpeg,1574063331577007173,20229510ha,40.640702143,-111.4676282046,=AVERAGE($G$2:$G$501),=AVERAGE($D$2:$D$501),"=IFERROR(($AT345-G345)/$AT345,0)","=IFERROR(($AU345-D345)/$AU345,0)",=$AU345-D345
Zermatt Villa - 2 BR 2 Bath - Kitchen 2082-2,Midway Vacation Properties,,12647,28129,301.12,20.29,266,2,2,8,true,true,true,true,true,false,true,Home/Apartment,Villa,House/villa,0,0,2,21+,Luxury,true,145,true,42,14,2026-05-14,Utah Area,Heber City,Midway,Utah,84049,United States,mountains_lakes,https://www.airbnb.com/rooms/1376788872737732602,https://a0.muscache.com/im/pictures/prohost-api/Hosting-1376788872737732602/original/c53f4e76-2710-43dc-905d-7b9c47f9371b.jpeg,1376788872737732602,,40.5253538549,-111.4895974688,=AVERAGE($G$2:$G$501),=AVERAGE($D$2:$D$501),"=IFERROR(($AT346-G346)/$AT346,0)","=IFERROR(($AU346-D346)/$AU346,0)",=$AU346-D346
SkyBreak Prairie Home Experience,545610802,,12623,12817,280.51,44.55,117,1,1,2,false,false,false,true,true,false,false,Home/Apartment,Cabin,House/villa,5,12,1,1,Luxury,false,0,false,45,22,2026-05-13,Utah Area,Heber City,Midway,Utah,84049,United States,mountains_lakes,https://www.airbnb.com/rooms/1591566411849696149,https://a0.muscache.com/im/pictures/hosting/Hosting-1591566411849696149/original/6ee13d74-f4a2-4ed2-8fc4-6dec4a054901.jpeg,1591566411849696149,5028759,40.5298,-111.5155,=AVERAGE($G$2:$G$501),=AVERAGE($D$2:$D$501),"=IFERROR(($AT347-G347)/$AT347,0)","=IFERROR(($AU347-D347)/$AU347,0)",=$AU347-D347
Deer Valley Luxury Retreat | Sleeps 19 | Hot Tub,LUXE HAUS,,12468,15409,1039,18.18,252,4,3,16,true,false,true,true,true,false,true,Home/Apartment,House,House/villa,0,0,5,21+,Luxury,false,710,true,12,2,2026-05-11,Utah Area,Heber City,Heber City,Utah,84032,United States,mountains_lakes,https://www.airbnb.com/rooms/1493737384958818713,https://a0.muscache.com/im/pictures/prohost-api/Hosting-1493737384958818713/original/e43ff179-d557-4c9b-b67a-ad37951e144e.jpeg,1493737384958818713,4772361,40.62712,-111.43108,=AVERAGE($G$2:$G$501),=AVERAGE($D$2:$D$501),"=IFERROR(($AT348-G348)/$AT348,0)","=IFERROR(($AU348-D348)/$AU348,0)",=$AU348-D348
New! Family Friendly Ski House,Deer Valley Resort by RedAwning,,12415,16559,1773.57,18.42,72,5,4,16,true,false,true,true,true,false,false,Home/Apartment,House,House/villa,0,0,3,21+,Luxury,false,0,false,7,2,2026-05-13,Utah Area,Heber City,Heber City,Utah,84032,United States,mountains_lakes,https://www.airbnb.com/rooms/1610115951170600183,https://a0.muscache.com/im/pictures/prohost-api/Hosting-1610115951170600183/original/091613c7-3cf4-4b9c-826a-70a9928209c4.jpeg,1610115951170600183,20247034ha,40.6464,-111.4385,=AVERAGE($G$2:$G$501),=AVERAGE($D$2:$D$501),"=IFERROR(($AT349-G349)/$AT349,0)","=IFERROR(($AU349-D349)/$AU349,0)",=$AU349-D349
East Village Retreat | Quick Ski Access + Lake Fun,I Love Vacations - Park City,,12345,29566,474.81,30.23,204,3,2,8,true,false,true,true,true,false,true,Home/Apartment,Condominium (condo),Apt/Condo/Loft,0,0,2,21+,Luxury,true,440,true,26,7,2026-04-19,Utah Area,Heber City,Heber City,Utah,84032,United States,mountains_lakes,https://www.airbnb.com/rooms/1289170871795973893,https://a0.muscache.com/im/pictures/hosting/Hosting-1289170871795973893/original/1c59710f-9e01-4e0e-a3bc-5f0f673c6bca.jpeg,1289170871795973893,4280071,40.6261,-111.4338,=AVERAGE($G$2:$G$501),=AVERAGE($D$2:$D$501),"=IFERROR(($AT350-G350)/$AT350,0)","=IFERROR(($AU350-D350)/$AU350,0)",=$AU350-D350
Moose Mgmt at Stillwater 2013 Deer Valley Skiing,Vacation Rentals Park City LLC,,12311,13444,212.26,28.16,353,1,2,4,true,true,false,true,true,false,true,Home/Apartment,Condominium (condo),Apt/Condo/Loft,4.65,68,2,21+,Luxury,false,218,true,58,14,2026-05-17,Utah Area,Heber City,Heber City,Utah,84032,United States,mountains_lakes,https://www.airbnb.com/rooms/4792904,https://a0.muscache.com/im/pictures/prohost-api/Hosting-4792904/original/d2cd1eff-c67e-4e97-8213-3644a3a226c1.jpeg,4792904,4826072ha,40.6289811017,-111.4384774561,=AVERAGE($G$2:$G$501),=AVERAGE($D$2:$D$501),"=IFERROR(($AT351-G351)/$AT351,0)","=IFERROR(($AU351-D351)/$AU351,0)",=$AU351-D351
Brand New 2 Bedroom Deer Valley East Village Condo,EXMAR Property Management At Pioche Village,,12186,12514,297.22,17.08,296,2,1,6,true,true,true,true,true,false,true,Home/Apartment,Condominium (condo),Apt/Condo/Loft,4.4,13,1,6-20,Luxury,false,75,true,41,21,2025-09-04,Utah Area,Heber City,Midway,Utah,84049,United States,mountains_lakes,https://www.airbnb.com/rooms/1134928205707356483,https://a0.muscache.com/im/pictures/hosting/Hosting-U3RheVN1cHBseUxpc3Rpbmc6MTEzNDkyODIwNTcwNzM1NjQ4Mw==/original/004637cb-f6fe-4335-94cb-09801ef21e73.jpeg,1134928205707356483,,40.632509859,-111.4510459767,=AVERAGE($G$2:$G$501),=AVERAGE($D$2:$D$501),"=IFERROR(($AT352-G352)/$AT352,0)","=IFERROR(($AU352-D352)/$AU352,0)",=$AU352-D352
"Luxury condo near Deer Valley, minutes from PC",4475523,,12130,18728,159.61,83.52,121,1,2,2,true,true,false,true,true,false,true,Home/Apartment,Condominium (condo),Apt/Condo/Loft,5,11,7,6-20,Luxury,true,75,false,76,5,2026-05-11,Utah Area,Heber City,Heber City,Utah,84032,United States,mountains_lakes,https://www.airbnb.com/rooms/53864958,https://a0.muscache.com/im/pictures/miso/Hosting-53864958/original/97fbe442-3d99-4e86-b6ee-bdf543bca5cb.jpeg,53864958,,40.62694,-111.43726,=AVERAGE($G$2:$G$501),=AVERAGE($D$2:$D$501),"=IFERROR(($AT353-G353)/$AT353,0)","=IFERROR(($AU353-D353)/$AU353,0)",=$AU353-D353
Moose Mgmt at Pioche 1108-Hot Tub-Gym,Vacation Rentals Park City LLC,,12094,12646,191.97,27.63,362,1,1,4,true,true,true,true,true,false,false,Home/Apartment,Condominium (condo),Apt/Condo/Loft,4.6,6,2,21+,Luxury,false,125,true,63,14,2026-05-16,Utah Area,Heber City,Midway,Utah,84049,United States,mountains_lakes,https://www.airbnb.com/rooms/1290948829250791730,https://a0.muscache.com/im/pictures/hosting/Hosting-1290948829250791730/original/3fada131-8904-47b8-ac44-39d225a7d109.jpeg,1290948829250791730,20075293ha,40.63498,-111.45114,=AVERAGE($G$2:$G$501),=AVERAGE($D$2:$D$501),"=IFERROR(($AT354-G354)/$AT354,0)","=IFERROR(($AU354-D354)/$AU354,0)",=$AU354-D354
Deer Valley East\Jordanelle Townhome,309297843,,11842,26237,338.34,33.65,158,3,2,6,true,false,false,true,true,true,false,Home/Apartment,Townhouse,Apt/Condo/Loft,5,34,2,1,Luxury,true,150,false,35,7,2025-08-23,Utah Area,Heber City,Heber City,Utah,84032,United States,mountains_lakes,https://www.airbnb.com/rooms/755272337303317312,https://a0.muscache.com/im/pictures/874ea1f8-0e42-41ba-8802-092e5193be8d.jpg,755272337303317312,3100408,40.62785,-111.4376,=AVERAGE($G$2:$G$501),=AVERAGE($D$2:$D$501),"=IFERROR(($AT355-G355)/$AT355,0)","=IFERROR(($AU355-D355)/$AU355,0)",=$AU355-D355
New! Lux Studio|Lake Views|Walk to Gondola,PMI Mountain Collection,,11827,14052,288.46,39.42,137,1,1,4,true,false,false,true,true,false,false,Home/Apartment,Apartment,Apt/Condo/Loft,4.2,6,2,21+,Luxury,false,99,false,41,14,2026-05-12,Utah Area,Heber City,Midway,Utah,84049,United States,mountains_lakes,https://www.vrbo.com/4948498,https://media.vrbo.com/lodging/123000000/122860000/122858400/122858389/7c0391a8.jpg?impolicy=resizecrop&rw=1200&ra=fit,,4948498,40.633716,-111.450816,=AVERAGE($G$2:$G$501),=AVERAGE($D$2:$D$501),"=IFERROR(($AT356-G356)/$AT356,0)","=IFERROR(($AU356-D356)/$AU356,0)",=$AU356-D356
Zermatt Villa 2082 - 2 Bedroom 2 Bath Full Kitchen with Resort Amenities,Midway Vacation Properties,,11576,17255,312.86,19.07,258,1,1,4,true,true,true,true,true,false,true,Home/Apartment,Villa,House/villa,5,1,1,21+,Luxury,false,83,true,37,14,2023-01-23,Utah Area,Heber City,Midway,Utah,84049,United States,mountains_lakes,https://www.airbnb.com/rooms/24751182,https://a0.muscache.com/im/pictures/prohost-api/Hosting-24751182/original/3b47574b-359e-49f7-b1f6-e799e1a8af1c.jpeg?aki_policy=x_large,24751182,2004349,40.52497,-111.49076,=AVERAGE($G$2:$G$501),=AVERAGE($D$2:$D$501),"=IFERROR(($AT357-G357)/$AT357,0)","=IFERROR(($AU357-D357)/$AU357,0)",=$AU357-D357
Close to Ski & the State Park! Jordanelle 1109,I Love Vacations - Park City,,11545,34398,501.96,19.33,291,4,3,12,true,true,true,true,true,false,true,Home/Apartment,Townhouse,Apt/Condo/Loft,5,4,2,21+,Luxury,true,553,true,23,7,2026-05-17,Utah Area,Heber City,Heber City,Utah,84032,United States,mountains_lakes,https://www.airbnb.com/rooms/1136309491564877324,https://a0.muscache.com/im/pictures/hosting/Hosting-1136309491564877324/original/131c1290-60ce-4a4b-9b3b-cd7525719939.jpeg,1136309491564877324,3896485,40.6719,-111.4331,=AVERAGE($G$2:$G$501),=AVERAGE($D$2:$D$501),"=IFERROR(($AT358-G358)/$AT358,0)","=IFERROR(($AU358-D358)/$AU358,0)",=$AU358-D358
Ski Haven Hideaway 15 Mins to Park City Slopes,Simply Rented Vacation Rentals,,11528,15774,501.22,33.33,104,4,4,7,true,false,false,true,true,false,false,Home/Apartment,House,House/villa,5,2,2,21+,Luxury,false,319,true,23,6,2026-05-15,Utah Area,Heber City,Heber City,Utah,84032,United States,mountains_lakes,https://www.vrbo.com/3751190,https://media.vrbo.com/lodging/101000000/100900000/100891400/100891303/76e65410.jpg?impolicy=resizecrop&rw=1200&ra=fit,,3751190,40.674592,-111.431181,=AVERAGE($G$2:$G$501),=AVERAGE($D$2:$D$501),"=IFERROR(($AT359-G359)/$AT359,0)","=IFERROR(($AU359-D359)/$AU359,0)",=$AU359-D359
Winter & Summer Mountain Fun - Wintergreen 2204,Midway Vacation Properties,,11267,36745,225.34,43.86,149,2,2,6,false,true,true,true,true,false,true,Home/Apartment,Apartment,Apt/Condo/Loft,4.85,22,2,21+,Luxury,true,135,true,50,9,2026-05-14,Utah Area,Heber City,Midway,Utah,84049,United States,mountains_lakes,https://www.airbnb.com/rooms/51037726,https://a0.muscache.com/im/pictures/prohost-api/Hosting-51037726/original/19410682-d6a8-412a-99c1-b5d57e1fe425.jpeg,51037726,2203184,40.52679,-111.4885,=AVERAGE($G$2:$G$501),=AVERAGE($D$2:$D$501),"=IFERROR(($AT360-G360)/$AT360,0)","=IFERROR(($AU360-D360)/$AU360,0)",=$AU360-D360
Stylish Mountain Retreat | Free Ski Shuttle in DVE,I Love Vacations - Park City,,11198,11741,486.87,28.4,206,3,2,6,true,false,true,true,true,false,true,Home/Apartment,Condominium (condo),Apt/Condo/Loft,0,0,2,21+,Luxury,true,543,true,23,6,2026-05-11,Utah Area,Heber City,Heber City,Utah,84032,United States,mountains_lakes,https://www.airbnb.com/rooms/1537372359313547422,https://a0.muscache.com/im/pictures/hosting/Hosting-1537372359313547422/original/76b8973f-5cf5-4e4d-a762-d9159c975105.jpeg,1537372359313547422,4905738,40.6261,-111.4338,=AVERAGE($G$2:$G$501),=AVERAGE($D$2:$D$501),"=IFERROR(($AT361-G361)/$AT361,0)","=IFERROR(($AU361-D361)/$AU361,0)",=$AU361-D361
Luxury Ski Condo Deer Valley E. | Free ski shuttle,512812716,,11141,11141,506.41,19.47,365,3,2,8,true,false,false,true,true,false,false,Home/Apartment,Condominium (condo),Apt/Condo/Loft,4.95,13,2,6-20,Luxury,false,0,false,22,7,2026-05-11,Utah Area,Heber City,Heber City,Utah,84032,United States,mountains_lakes,https://www.airbnb.com/rooms/1011540358427023876,https://a0.muscache.com/im/pictures/prohost-api/Hosting-1011540358427023876/original/a7d47888-308e-45b1-a8ae-f4ed5bf45d3a.jpeg,1011540358427023876,3687659,40.6268,-111.4336,=AVERAGE($G$2:$G$501),=AVERAGE($D$2:$D$501),"=IFERROR(($AT362-G362)/$AT362,0)","=IFERROR(($AU362-D362)/$AU362,0)",=$AU362-D362
Ski & Relax: Park City Home,Pinnacle Assets Management,,11138,11768,348.06,29.91,146,3,3,8,true,false,true,true,true,false,false,Home/Apartment,Townhouse,Apt/Condo/Loft,4.5,4,1,6-20,Luxury,true,218,false,32,8,2026-05-14,Utah Area,Heber City,Heber City,Utah,84032,United States,mountains_lakes,https://www.airbnb.com/rooms/1572017935992941564,https://a0.muscache.com/im/pictures/hosting/Hosting-1572017935992941564/original/38d5910c-776c-4e4e-a216-cf001f78766c.jpeg,1572017935992941564,4991901,40.6817,-111.435,=AVERAGE($G$2:$G$501),=AVERAGE($D$2:$D$501),"=IFERROR(($AT363-G363)/$AT363,0)","=IFERROR(($AU363-D363)/$AU363,0)",=$AU363-D363
Black Rock Escape ,,,11129,11129,505.86,21.36,365,3,3,8,true,false,false,true,false,false,false,Home/Apartment,House,House/villa,5,4,3,1,Luxury,false,350,true,22,4,2026-05-17,Utah Area,Heber City,Kamas,Utah,84036,United States,mountains_lakes,https://www.vrbo.com/3805406,https://media.vrbo.com/lodging/102000000/101590000/101584300/101584300/602d7c32.jpg?impolicy=resizecrop&rw=1200&ra=fit,,3805406,40.680504,-111.425198,=AVERAGE($G$2:$G$501),=AVERAGE($D$2:$D$501),"=IFERROR(($AT364-G364)/$AT364,0)","=IFERROR(($AU364-D364)/$AU364,0)",=$AU364-D364
Tuhaye Mountain Escape,,,11100,34201,1850,26.09,163,4,5,10,false,false,false,false,false,false,false,Home/Apartment,House,House/villa,5,1,4,1,Luxury,false,300,false,6,1,2025-12-07,Utah Area,Heber City,Kamas,Utah,84036,United States,mountains_lakes,https://www.vrbo.com/3152305,https://media.vrbo.com/lodging/90000000/89820000/89817700/89817611/w1024h571x0y56-76e41f07.jpg?impolicy=resizecrop&rw=1200&ra=fit,,3152305,40.62495,-111.3593,=AVERAGE($G$2:$G$501),=AVERAGE($D$2:$D$501),"=IFERROR(($AT365-G365)/$AT365,0)","=IFERROR(($AU365-D365)/$AU365,0)",=$AU365-D365
Pioche Village 1218,Lespri Property Management,,10923,11912,195.05,45.53,243,,1,4,true,true,false,true,true,false,false,Home/Apartment,Condominium (condo),Apt/Condo/Loft,4.25,4,2,21+,Luxury,false,149,true,56,13,2026-05-14,Utah Area,Heber City,Midway,Utah,84049,United States,mountains_lakes,https://www.airbnb.com/rooms/1122486774542439251,https://a0.muscache.com/im/pictures/prohost-api/Hosting-1122486774542439251/original/3e3d8291-a6aa-4124-ab6d-eae034e1d480.jpeg,1122486774542439251,,40.6337,-111.4508,=AVERAGE($G$2:$G$501),=AVERAGE($D$2:$D$501),"=IFERROR(($AT366-G366)/$AT366,0)","=IFERROR(($AU366-D366)/$AU366,0)",=$AU366-D366
1 BR resort condo with pool & mountain views,Vacasa,,10828,11322,189.96,43.85,130,1,1,4,true,true,false,true,true,true,true,Home/Apartment,Condominium (condo),Apt/Condo/Loft,4.8,16,1,21+,Luxury,false,212,true,57,19,2025-10-02,Utah Area,Heber City,Heber City,Utah,84032,United States,mountains_lakes,https://www.airbnb.com/rooms/1282680547270797340,https://a0.muscache.com/im/pictures/prohost-api/Hosting-1282680547270797340/original/81ebc350-a274-4855-a719-0e775302a74c.jpeg,1282680547270797340,4275369,40.6757664655,-111.4303889636,=AVERAGE($G$2:$G$501),=AVERAGE($D$2:$D$501),"=IFERROR(($AT367-G367)/$AT367,0)","=IFERROR(($AU367-D367)/$AU367,0)",=$AU367-D367
Modern Mountain Retreat - Jordanelle & Deer Valley,711443452,,10637,12014,379.89,32.94,146,3,2,6,true,false,false,true,true,false,false,Home/Apartment,Apartment,Apt/Condo/Loft,5,5,2,1,Luxury,false,275,false,28,5,2026-05-11,Utah Area,Heber City,Heber City,Utah,84032,United States,mountains_lakes,https://www.airbnb.com/rooms/1530592507407607765,https://a0.muscache.com/im/pictures/hosting/Hosting-1530592507407607765/original/db4ccd81-d4b2-4bec-8128-cec2f325f58b.jpeg,1530592507407607765,4893437,40.62565,-111.43199,=AVERAGE($G$2:$G$501),=AVERAGE($D$2:$D$501),"=IFERROR(($AT368-G368)/$AT368,0)","=IFERROR(($AU368-D368)/$AU368,0)",=$AU368-D368
Perfectly Parked in Park City | Modern Mtn Retreat,262162,,10339,11611,574.39,21.95,236,3,3,10,true,false,false,true,true,false,false,Home/Apartment,House,House/villa,5,4,2,6-20,Luxury,true,250,true,18,3,2026-05-13,Utah Area,Heber City,Heber City,Utah,84032,United States,mountains_lakes,https://www.airbnb.com/rooms/867517972042885108,https://a0.muscache.com/im/pictures/hosting/Hosting-U3RheVN1cHBseUxpc3Rpbmc6ODY3NTE3OTcyMDQyODg1MTA4/original/af578744-8c4d-4132-9903-8e06c3568532.jpeg,867517972042885108,,40.6632,-111.4184,=AVERAGE($G$2:$G$501),=AVERAGE($D$2:$D$501),"=IFERROR(($AT369-G369)/$AT369,0)","=IFERROR(($AU369-D369)/$AU369,0)",=$AU369-D369
Buffalo Joe's Park City Oasis w/ Private Hot Tub,2696140,,10333,15815,382.7,39.71,334,3,3,7,true,true,true,true,true,false,true,Home/Apartment,House,House/villa,5,18,3,2-5,Luxury,false,402,true,27,5,2026-05-15,Utah Area,Heber City,Kamas,Utah,84036,United States,mountains_lakes,https://www.airbnb.com/rooms/866032547171427001,https://a0.muscache.com/im/pictures/miso/Hosting-866032547171427001/original/cc630c6c-25a6-49cf-8c8a-599ee0c98aaa.jpeg,866032547171427001,,40.67278,-111.43047,=AVERAGE($G$2:$G$501),=AVERAGE($D$2:$D$501),"=IFERROR(($AT370-G370)/$AT370,0)","=IFERROR(($AU370-D370)/$AU370,0)",=$AU370-D370
"Late checkout, Shuttle, Ski Jordanelle Deer Valley",43280130,,10300,13117,239.53,40.95,330,2,2,6,true,false,false,true,true,false,true,Home/Apartment,Apartment,Apt/Condo/Loft,5,15,6,1,Luxury,false,0,true,43,8,2026-05-17,Utah Area,Heber City,Heber City,Utah,84032,United States,mountains_lakes,https://www.airbnb.com/rooms/1266078755000139572,https://a0.muscache.com/im/pictures/miso/Hosting-1266078755000139572/original/7b4301f7-e07f-4aff-81eb-d3bcd408c44b.jpeg,1266078755000139572,5102394,40.633,-111.4426,=AVERAGE($G$2:$G$501),=AVERAGE($D$2:$D$501),"=IFERROR(($AT371-G371)/$AT371,0)","=IFERROR(($AU371-D371)/$AU371,0)",=$AU371-D371
Black Friday Sale – Save up to 40%,ITrip Vacations,,10145,44152,845.42,28.57,82,4,4,10,true,false,true,true,true,false,false,Home/Apartment,House,House/villa,5,7,2,21+,Luxury,true,620,true,12,3,2025-12-01,Utah Area,Heber City,Heber City,Utah,84032,United States,mountains_lakes,https://www.airbnb.com/rooms/1231925320100339259,https://a0.muscache.com/im/pictures/prohost-api/Hosting-1231925320100339259/original/fdae7201-7516-4574-9c2c-0b66b860fb46.jpeg,1231925320100339259,9969273ha,40.6433043,-111.4390525,=AVERAGE($G$2:$G$501),=AVERAGE($D$2:$D$501),"=IFERROR(($AT372-G372)/$AT372,0)","=IFERROR(($AU372-D372)/$AU372,0)",=$AU372-D372
Shores at Stillwater 103 | Near Deer Valley,All Seasons Resort Lodging,,10136,10139,422.33,19.05,272,3,2,10,true,false,false,true,true,false,false,Home/Apartment,Townhouse,Apt/Condo/Loft,4.65,3,2,21+,Luxury,false,300,true,24,6,2026-05-15,Utah Area,Heber City,Heber City,Utah,84032,United States,mountains_lakes,https://www.airbnb.com/rooms/1495841557141128481,https://a0.muscache.com/im/pictures/prohost-api/Hosting-1495841557141128481/original/6c68b9f5-8ce0-461d-bda6-a01f84d18af7.jpeg,1495841557141128481,4778136,40.6273,-111.4352,=AVERAGE($G$2:$G$501),=AVERAGE($D$2:$D$501),"=IFERROR(($AT373-G373)/$AT373,0)","=IFERROR(($AU373-D373)/$AU373,0)",=$AU373-D373
Luxury Ski New Deer Valley 1 min away Park City 10,512812716,,10111,20028,459.59,30.14,339,3,2,8,true,false,false,false,true,true,false,Home/Apartment,Condominium (condo),Apt/Condo/Loft,4.45,15,2,6-20,Luxury,false,0,true,22,7,2026-05-14,Utah Area,Heber City,Heber City,Utah,84032,United States,mountains_lakes,https://www.airbnb.com/rooms/1045781598506156078,https://a0.muscache.com/im/pictures/prohost-api/Hosting-1045781598506156078/original/abd6ce5a-80f1-474c-87f7-519742fa7fe0.jpeg,1045781598506156078,3773750,40.6256622063,-111.4324374403,=AVERAGE($G$2:$G$501),=AVERAGE($D$2:$D$501),"=IFERROR(($AT374-G374)/$AT374,0)","=IFERROR(($AU374-D374)/$AU374,0)",=$AU374-D374
"Mountain Getaway~Skiing, Hot Spring, Hiking 2031-1",Midway Vacation Properties,,10080,15361,168,44.44,159,1,1,4,true,true,true,true,true,false,true,Home/Apartment,Condominium (condo),Apt/Condo/Loft,3.9,8,2,21+,Luxury,true,95,true,60,8,2026-05-13,Utah Area,Heber City,Midway,Utah,84049,United States,mountains_lakes,https://www.airbnb.com/rooms/24304944,https://a0.muscache.com/im/pictures/prohost-api/Hosting-24304944/original/9bfaa0ea-4c2d-4646-af0a-c7675b44f7d1.jpeg,24304944,1047229,40.52486,-111.49067,=AVERAGE($G$2:$G$501),=AVERAGE($D$2:$D$501),"=IFERROR(($AT375-G375)/$AT375,0)","=IFERROR(($AU375-D375)/$AU375,0)",=$AU375-D375
Newly updated Villa w/ Zermatt Amenities 3023-1,Midway Vacation Properties,,9914,12300,241.8,36.94,134,1,1,2,true,true,true,true,false,false,true,Home/Apartment,Villa,House/villa,0,0,2,21+,Luxury,true,115,true,41,11,2026-05-13,Utah Area,Heber City,Midway,Utah,84049,United States,mountains_lakes,https://www.airbnb.com/rooms/1547467562086903296,https://a0.muscache.com/im/pictures/prohost-api/Hosting-1547467562086903296/original/a3348084-0b15-4c7f-9b48-d3bf91ce7e15.jpeg,1547467562086903296,4935899,40.5258816641,-111.4898395716,=AVERAGE($G$2:$G$501),=AVERAGE($D$2:$D$501),"=IFERROR(($AT376-G376)/$AT376,0)","=IFERROR(($AU376-D376)/$AU376,0)",=$AU376-D376
Stunning 3-bedroom townhome with Spectacular Mountain Views,,,9873,9873,548.5,18.18,138,3,2,8,true,false,false,false,false,true,false,Home/Apartment,House,House/villa,0,0,4,1,Luxury,false,325,false,18,3,2026-03-01,Utah Area,Heber City,Kamas,Utah,84036,United States,mountains_lakes,https://www.vrbo.com/4984931,https://media.vrbo.com/lodging/124000000/123530000/123529700/123529687/e6405dab.jpg?impolicy=resizecrop&rw=1200&ra=fit,,4984931,40.649006,-111.39709,=AVERAGE($G$2:$G$501),=AVERAGE($D$2:$D$501),"=IFERROR(($AT377-G377)/$AT377,0)","=IFERROR(($AU377-D377)/$AU377,0)",=$AU377-D377
Amazing views! New Build - Mayflower Deer Tracks,I Love Vacations - Park City,,9738,21097,649.2,15.96,240,4,5,11,true,false,true,true,true,false,false,Home/Apartment,Townhouse,Apt/Condo/Loft,0,0,2,21+,Luxury,true,798,true,15,4,2026-03-12,Utah Area,Heber City,Heber City,Utah,84032,United States,mountains_lakes,https://www.airbnb.com/rooms/1186843146204293111,https://a0.muscache.com/im/pictures/prohost-api/Hosting-1186843146204293111/original/98f783ac-0625-4517-941e-c083bbbb1b9b.jpeg,1186843146204293111,4066406,40.6437,-111.4464,=AVERAGE($G$2:$G$501),=AVERAGE($D$2:$D$501),"=IFERROR(($AT378-G378)/$AT378,0)","=IFERROR(($AU378-D378)/$AU378,0)",=$AU378-D378
"BEST Location! Unit w/Pool & Hot Spring access, Outdoor activities",BnBerry,,9595,11071,282.21,18.58,313,1,1,4,true,false,false,false,false,false,false,Home/Apartment,House,House/villa,0,0,1,21+,Luxury,false,0,true,34,23,2026-04-01,Utah Area,Heber City,Midway,Utah,84049,United States,mountains_lakes,https://www.vrbo.com/4641672,https://media.vrbo.com/lodging/118000000/117570000/117569700/117569683/f8428de6.jpg?impolicy=resizecrop&rw=1200&ra=fit,,4641672,40.53182,-111.48763,=AVERAGE($G$2:$G$501),=AVERAGE($D$2:$D$501),"=IFERROR(($AT379-G379)/$AT379,0)","=IFERROR(($AU379-D379)/$AU379,0)",=$AU379-D379
"Luxury Townhome, Private Hot Tub, Lake Views!",Mountain West Vacation Rentals,,9506,18977,380.24,36.76,150,3,2,7,true,false,true,true,true,false,false,Home/Apartment,Townhouse,Apt/Condo/Loft,4.85,6,3,21+,Luxury,false,429,true,25,4,2026-05-11,Utah Area,Heber City,Heber City,Utah,84032,United States,mountains_lakes,https://www.airbnb.com/rooms/1541628571511509907,https://a0.muscache.com/im/pictures/prohost-api/Hosting-1541628571511509907/original/8429a4bc-7ee8-452c-9e6a-2b9d1a6f31c4.jpeg,1541628571511509907,4918948,40.6436,-111.4453,=AVERAGE($G$2:$G$501),=AVERAGE($D$2:$D$501),"=IFERROR(($AT380-G380)/$AT380,0)","=IFERROR(($AU380-D380)/$AU380,0)",=$AU380-D380
Beautiful resort condo with incredible amenities and shuttle service,Vacasa,,9235,15262,196.49,26.26,263,1,1,4,true,true,true,true,true,false,true,Home/Apartment,Condominium (condo),Apt/Condo/Loft,5,0,2,21+,Luxury,false,153,true,47,16,2026-04-01,Utah Area,Heber City,Kamas,Utah,84036,United States,mountains_lakes,https://www.vrbo.com/4216165,https://media.vrbo.com/lodging/110000000/109350000/109345200/109345187/9ace2200.jpg?impolicy=resizecrop&rw=1200&ra=fit,,4216165,40.67683,-111.42937,=AVERAGE($G$2:$G$501),=AVERAGE($D$2:$D$501),"=IFERROR(($AT381-G381)/$AT381,0)","=IFERROR(($AU381-D381)/$AU381,0)",=$AU381-D381
"Luxury Townhome, Private Hot Tub, Lake Views!",Mountain West Vacation Rentals,,9234,10414,486,32.2,109,4,5,14,true,false,true,true,true,false,false,Home/Apartment,Townhouse,Apt/Condo/Loft,0,0,3,21+,Luxury,false,588,true,19,2,2025-12-27,Utah Area,Heber City,Heber City,Utah,84032,United States,mountains_lakes,https://www.airbnb.com/rooms/1295151391730509412,https://a0.muscache.com/im/pictures/prohost-api/Hosting-1295151391730509412/original/2d7903c1-7fac-4ff2-ae65-004d989f8fb4.jpeg,1295151391730509412,4300396,40.64376,-111.44646,=AVERAGE($G$2:$G$501),=AVERAGE($D$2:$D$501),"=IFERROR(($AT382-G382)/$AT382,0)","=IFERROR(($AU382-D382)/$AU382,0)",=$AU382-D382
Parks Edge 13631,Vacation Rentals Park City LLC,,9195,10894,399.78,26.44,197,3,2,8,true,true,true,true,true,false,true,Home/Apartment,Townhouse,Apt/Condo/Loft,4,1,2,21+,Luxury,false,396,true,23,5,2026-05-15,Utah Area,Heber City,Heber City,Utah,84032,United States,mountains_lakes,https://www.airbnb.com/rooms/1530829363239099063,https://a0.muscache.com/im/pictures/prohost-api/Hosting-1530829363239099063/original/4487f64b-83bd-4176-a2c4-e65eef48ebbc.jpeg,1530829363239099063,20206489ha,40.6738309962,-111.4329988083,=AVERAGE($G$2:$G$501),=AVERAGE($D$2:$D$501),"=IFERROR(($AT383-G383)/$AT383,0)","=IFERROR(($AU383-D383)/$AU383,0)",=$AU383-D383
Stunning 4 Bedroom Retreat Near Deer Valley,SkyRun Vacation Rentals,,9113,24277,701,20.63,119,4,4,8,true,false,true,true,true,false,false,Home/Apartment,House,House/villa,5,1,3,21+,Luxury,true,688,false,13,3,2026-05-11,Utah Area,Heber City,Heber City,Utah,84032,United States,mountains_lakes,https://www.airbnb.com/rooms/1571190600914234443,https://a0.muscache.com/im/pictures/hosting/Hosting-1571190600914234443/original/65776dfc-1406-4d45-a686-6d57258bca1a.png,1571190600914234443,4988874,40.6437,-111.4462,=AVERAGE($G$2:$G$501),=AVERAGE($D$2:$D$501),"=IFERROR(($AT384-G384)/$AT384,0)","=IFERROR(($AU384-D384)/$AU384,0)",=$AU384-D384
Skihaus Free Ski Shuttle Deer Valley Lifts+Hot Tub,I Love Vacations - Park City,,8864,14777,738.67,25.53,97,4,4,13,true,false,false,true,true,false,false,Home/Apartment,Townhouse,Apt/Condo/Loft,5,1,2,21+,Luxury,true,1010,false,12,3,2026-05-16,Utah Area,Heber City,Heber City,Utah,84032,United States,mountains_lakes,https://www.airbnb.com/rooms/1599360233746948181,https://a0.muscache.com/im/pictures/hosting/Hosting-1599360233746948181/original/6825deae-9fb9-4d79-b665-e813a38a3849.jpeg,1599360233746948181,5032207,40.6316081752,-111.4452428321,=AVERAGE($G$2:$G$501),=AVERAGE($D$2:$D$501),"=IFERROR(($AT385-G385)/$AT385,0)","=IFERROR(($AU385-D385)/$AU385,0)",=$AU385-D385
Midway Golf and Ski Adventure Hub - 3068-1,Midway Vacation Properties,,8783,14654,186.87,25.82,227,1,1,4,true,true,true,true,true,false,true,Home/Apartment,Villa,House/villa,4.35,32,2,21+,Luxury,true,100,true,47,18,2026-05-16,Utah Area,Heber City,Midway,Utah,84049,United States,mountains_lakes,https://www.airbnb.com/rooms/24304913,https://a0.muscache.com/im/pictures/prohost-api/Hosting-24304913/original/20191e07-4f54-4cec-bd06-496c6d039b79.jpeg,24304913,926188,40.52398,-111.48919,=AVERAGE($G$2:$G$501),=AVERAGE($D$2:$D$501),"=IFERROR(($AT386-G386)/$AT386,0)","=IFERROR(($AU386-D386)/$AU386,0)",=$AU386-D386
DeerValley modern studio at Pioche Village/Jordanelle gondola,,,8727,8820,264.45,26.83,355,,,2,true,true,true,true,true,false,false,Home/Apartment,Apartment,Apt/Condo/Loft,4.5,4,3,1,Luxury,false,149,false,33,8,2026-05-01,Utah Area,Heber City,Midway,Utah,84049,United States,mountains_lakes,https://www.vrbo.com/4258119,https://media.vrbo.com/lodging/111000000/110120000/110119200/110119120/c85f043f.jpg?impolicy=resizecrop&rw=1200&ra=fit,,4258119,40.6362,-111.4526,=AVERAGE($G$2:$G$501),=AVERAGE($D$2:$D$501),"=IFERROR(($AT387-G387)/$AT387,0)","=IFERROR(($AU387-D387)/$AU387,0)",=$AU387-D387
Deer Valley East Village-Club Amenities-Sleeps 6!,408459889,,8722,8832,335.46,23.01,240,2,3,6,true,true,false,true,true,false,true,Home/Apartment,Condominium (condo),Apt/Condo/Loft,5,5,2,1,Luxury,false,197,false,26,6,2026-05-11,Utah Area,Heber City,Heber City,Utah,84032,United States,mountains_lakes,https://www.airbnb.com/rooms/1471183428241176645,https://a0.muscache.com/im/pictures/hosting/Hosting-1471183428241176645/original/9587ee19-bd03-4804-9e50-0cc66b57bd11.jpeg,1471183428241176645,,40.6277,-111.4382,=AVERAGE($G$2:$G$501),=AVERAGE($D$2:$D$501),"=IFERROR(($AT388-G388)/$AT388,0)","=IFERROR(($AU388-D388)/$AU388,0)",=$AU388-D388
"Black Rock Ridge Townhome | Hot Tub, Theater Room",Park City Host,,8680,8680,280,96.88,61,3,3,8,true,false,true,true,true,false,false,Home/Apartment,Townhouse,Apt/Condo/Loft,0,0,3,21+,Luxury,true,0,false,31,1,2026-05-17,Utah Area,Heber City,Heber City,Utah,84032,United States,mountains_lakes,https://www.airbnb.com/rooms/1640059849744629585,https://a0.muscache.com/im/pictures/prohost-api/Hosting-1640059849744629585/original/a73ba7d5-d836-4d75-ac82-e58f23bdf6b4.jpeg,1640059849744629585,5154229,40.68347,-111.43265,=AVERAGE($G$2:$G$501),=AVERAGE($D$2:$D$501),"=IFERROR(($AT389-G389)/$AT389,0)","=IFERROR(($AU389-D389)/$AU389,0)",=$AU389-D389
Moose Mgmt-Mayflower 1114-303: Near Skiing,Vacation Rentals Park City LLC,,8662,16721,541.38,25.4,101,3,2,9,true,false,false,true,true,true,false,Home/Apartment,Condominium (condo),Apt/Condo/Loft,5,2,2,21+,Luxury,false,396,true,16,5,2026-03-04,Utah Area,Heber City,Heber City,Utah,84032,United States,mountains_lakes,https://www.airbnb.com/rooms/1566074931666095054,https://a0.muscache.com/im/pictures/prohost-api/Hosting-1566074931666095054/original/a4981943-f55f-4ff4-9cae-4fe5080a915e.jpeg,1566074931666095054,20205793ha,40.6263043729,-111.4344116152,=AVERAGE($G$2:$G$501),=AVERAGE($D$2:$D$501),"=IFERROR(($AT390-G390)/$AT390,0)","=IFERROR(($AU390-D390)/$AU390,0)",=$AU390-D390
"Adventure Hub Ski ,Snowboard, Hike Villa 3069-1",Midway Vacation Properties,,8513,13950,152.02,76.71,94,1,1,4,true,true,true,true,true,false,true,Home/Apartment,Villa,House/villa,4.85,6,2,21+,Luxury,true,94,true,56,6,2025-10-02,Utah Area,Heber City,Midway,Utah,84049,United States,mountains_lakes,https://www.airbnb.com/rooms/1142123846438496439,https://a0.muscache.com/im/pictures/prohost-api/Hosting-1142123846438496439/original/2dceaf14-8351-4708-9b67-fee04e99bb14.jpeg,1142123846438496439,3136265,40.52379,-111.49025,=AVERAGE($G$2:$G$501),=AVERAGE($D$2:$D$501),"=IFERROR(($AT391-G391)/$AT391,0)","=IFERROR(($AU391-D391)/$AU391,0)",=$AU391-D391
2 Bedroom at The Mason Pool & Free Ski Shuttle,LUXE HAUS,,8365,8365,418.25,19.8,365,2,2,5,true,true,false,true,true,false,true,Home/Apartment,Condominium (condo),Apt/Condo/Loft,5,1,5,21+,Luxury,false,933,true,20,3,2026-05-14,Utah Area,Heber City,Heber City,Utah,84032,United States,mountains_lakes,https://www.airbnb.com/rooms/1341434273771216406,https://a0.muscache.com/im/pictures/prohost-api/Hosting-1341434273771216406/original/7d7a04f2-0267-4c14-a448-41a3f7b203ea.jpeg,1341434273771216406,4319227,40.628573295,-111.4393576562,=AVERAGE($G$2:$G$501),=AVERAGE($D$2:$D$501),"=IFERROR(($AT392-G392)/$AT392,0)","=IFERROR(($AU392-D392)/$AU392,0)",=$AU392-D392
2 BR condo with resort pool & ski shuttle,Vacasa,,8288,9524,276.27,24.59,157,2,2,8,true,true,false,true,true,false,true,Home/Apartment,Condominium (condo),Apt/Condo/Loft,0,0,2,21+,Luxury,false,144,true,30,11,2025-10-19,Utah Area,Heber City,Heber City,Utah,84032,United States,mountains_lakes,https://www.airbnb.com/rooms/1356463899663335746,https://a0.muscache.com/im/pictures/prohost-api/Hosting-1356463899663335746/original/9103cfd3-59b2-469d-b0c5-751a8390b23d.jpeg,1356463899663335746,4517316,40.6764805264,-111.4311775806,=AVERAGE($G$2:$G$501),=AVERAGE($D$2:$D$501),"=IFERROR(($AT393-G393)/$AT393,0)","=IFERROR(($AU393-D393)/$AU393,0)",=$AU393-D393
Luxury townhome close to Park City,414326744,,8278,35978,486.94,100,235,3,2,8,true,false,true,true,true,false,false,Home/Apartment,Townhouse,Apt/Condo/Loft,5,8,3,1,Luxury,false,299,false,17,3,2026-05-14,Utah Area,Heber City,Heber City,Utah,84032,United States,mountains_lakes,https://www.airbnb.com/rooms/1039897421577618892,https://a0.muscache.com/im/pictures/miso/Hosting-1039897421577618892/original/67f9106b-b4e3-4836-9277-93de0da31a2b.jpeg,1039897421577618892,,40.582,-111.4227,=AVERAGE($G$2:$G$501),=AVERAGE($D$2:$D$501),"=IFERROR(($AT394-G394)/$AT394,0)","=IFERROR(($AU394-D394)/$AU394,0)",=$AU394-D394
3BR Mountain Ski Retreat | Sleeps 12 Near Park Cty,Stay Midway,,8138,13207,214.16,31.4,132,3,1,12,true,false,false,true,true,false,false,Home/Apartment,Condominium (condo),Apt/Condo/Loft,4.65,5,2,21+,Luxury,false,120,true,38,10,2026-05-15,Utah Area,Heber City,Midway,Utah,84049,United States,mountains_lakes,https://www.airbnb.com/rooms/1567145070513319946,https://a0.muscache.com/im/pictures/prohost-api/Hosting-1567145070513319946/original/02e0d877-4ba9-463a-b66b-38129acfb1d9.jpeg,1567145070513319946,4980295,40.5122,-111.4577,=AVERAGE($G$2:$G$501),=AVERAGE($D$2:$D$501),"=IFERROR(($AT395-G395)/$AT395,0)","=IFERROR(($AU395-D395)/$AU395,0)",=$AU395-D395
Deer Valley East New Build | Hot Tub | Ski Shuttle,19057974,,8128,14016,812.8,23.26,104,4,4,12,true,false,true,true,true,false,false,Home/Apartment,House,House/villa,0,0,3,21+,Luxury,true,0,false,10,3,2026-05-14,Utah Area,Heber City,Heber City,Utah,84032,United States,mountains_lakes,https://www.airbnb.com/rooms/1587193755031923263,https://a0.muscache.com/im/pictures/hosting/Hosting-1587193755031923263/original/f46c5a22-3b12-4256-836c-ed2318e50fbb.jpeg,1587193755031923263,5021706,40.62695,-111.42967,=AVERAGE($G$2:$G$501),=AVERAGE($D$2:$D$501),"=IFERROR(($AT396-G396)/$AT396,0)","=IFERROR(($AU396-D396)/$AU396,0)",=$AU396-D396
Luxury&Convenience in Park City with free shuttles,422063780,,8125,8483,203.12,28.17,361,1,1,3,true,true,true,true,true,false,false,Home/Apartment,Apartment,Apt/Condo/Loft,4.8,5,2,2-5,Luxury,true,120,false,40,8,2026-04-02,Utah Area,Heber City,Midway,Utah,84049,United States,mountains_lakes,https://www.airbnb.com/rooms/1233607723951585648,https://a0.muscache.com/im/pictures/miso/Hosting-1233607723951585648/original/b3686479-730b-4221-9887-ac70da4b253d.jpeg,1233607723951585648,,40.6347682189,-111.4519999936,=AVERAGE($G$2:$G$501),=AVERAGE($D$2:$D$501),"=IFERROR(($AT397-G397)/$AT397,0)","=IFERROR(($AU397-D397)/$AU397,0)",=$AU397-D397
5BR mtn/water-view with hot tub & fireplaces,Vacasa,,8030,20329,1147.14,22.58,46,5,4,14,true,false,true,true,true,false,false,Home/Apartment,House,House/villa,5,10,3,21+,Luxury,false,477,true,7,2,2025-08-26,Utah Area,Heber City,Heber City,Utah,84032,United States,mountains_lakes,https://www.airbnb.com/rooms/1126952033682163697,https://a0.muscache.com/im/pictures/prohost-api/Hosting-1126952033682163697/original/5fc44f41-b201-49f3-969a-b6bab7e95ca1.jpeg,1126952033682163697,3492089,40.64216,-111.43874,=AVERAGE($G$2:$G$501),=AVERAGE($D$2:$D$501),"=IFERROR(($AT398-G398)/$AT398,0)","=IFERROR(($AU398-D398)/$AU398,0)",=$AU398-D398
Mayflower 204 - Garage! Near Deer Valley Skiing!,Natural Retreats,,7780,15287,555.71,16.87,243,3,2,8,false,false,false,true,true,false,false,Home/Apartment,Condominium (condo),Apt/Condo/Loft,0,0,2,21+,Luxury,true,533,true,14,4,2026-05-11,Utah Area,Heber City,Heber City,Utah,84032,United States,mountains_lakes,https://www.airbnb.com/rooms/1497895556566817551,https://a0.muscache.com/im/pictures/prohost-api/Hosting-1497895556566817551/original/9526d4ae-cf5e-4d4e-89c7-26b2e14d7017.jpeg,1497895556566817551,20191361ha,40.6267539762,-111.4340815543,=AVERAGE($G$2:$G$501),=AVERAGE($D$2:$D$501),"=IFERROR(($AT399-G399)/$AT399,0)","=IFERROR(($AU399-D399)/$AU399,0)",=$AU399-D399
"Luxury Home, Private Hot Tub, Nearby Ski Access!",Mountain West Vacation Rentals,,7736,7736,967,25,58,5,5,16,true,false,true,true,true,false,false,Home/Apartment,House,House/villa,0,0,3,21+,Luxury,false,0,false,8,1,2026-05-14,Utah Area,Heber City,Heber City,Utah,84032,United States,mountains_lakes,https://www.airbnb.com/rooms/1637962665432964509,https://a0.muscache.com/im/pictures/prohost-api/Hosting-1637962665432964509/original/d7663c58-dc15-45ef-9544-00a8d5239fd7.jpeg,1637962665432964509,,40.6339142879,-111.445321027,=AVERAGE($G$2:$G$501),=AVERAGE($D$2:$D$501),"=IFERROR(($AT400-G400)/$AT400,0)","=IFERROR(($AU400-D400)/$AU400,0)",=$AU400-D400
High West Hideaway- 2 min to Deer Valley E- HotTub,Airbnfree,,7705,7705,335,40.35,92,3,2,8,true,false,true,true,true,true,false,Home/Apartment,Townhouse,Apt/Condo/Loft,5,12,5,21+,Luxury,true,0,false,23,3,2025-07-01,Utah Area,Heber City,Heber City,Utah,84032,United States,mountains_lakes,https://www.airbnb.com/rooms/1027406674844155921,https://a0.muscache.com/im/pictures/hosting/Hosting-U3RheVN1cHBseUxpc3Rpbmc6MTAyNzQwNjY3NDg0NDE1NTkyMQ%3D%3D/original/33cb5bcd-114a-48aa-8a01-8e72d64cb993.jpeg,1027406674844155921,,40.62863,-111.43842,=AVERAGE($G$2:$G$501),=AVERAGE($D$2:$D$501),"=IFERROR(($AT401-G401)/$AT401,0)","=IFERROR(($AU401-D401)/$AU401,0)",=$AU401-D401
Moose Mgmt at Pioche 1135-3min to Ski,Vacation Rentals Park City LLC,,7674,7957,207.41,23.27,362,1,1,4,true,true,true,true,true,false,false,Home/Apartment,Condominium (condo),Apt/Condo/Loft,3.35,3,2,21+,Luxury,false,207,true,37,11,2026-04-09,Utah Area,Heber City,Midway,Utah,84049,United States,mountains_lakes,https://www.airbnb.com/rooms/1290945899632206231,https://a0.muscache.com/im/pictures/prohost-api/Hosting-1290945899632206231/original/97f0e333-1821-48f3-85e2-9b741379f71e.jpeg,1290945899632206231,20075292ha,40.6332223181,-111.4516941257,=AVERAGE($G$2:$G$501),=AVERAGE($D$2:$D$501),"=IFERROR(($AT402-G402)/$AT402,0)","=IFERROR(($AU402-D402)/$AU402,0)",=$AU402-D402
"2 BR condo with shuttle service, pool & hottub",Vacasa,,7545,13199,221.91,60.71,56,2,2,8,true,true,false,true,true,true,true,Home/Apartment,Condominium (condo),Apt/Condo/Loft,4.4,4,2,21+,Luxury,false,167,true,34,7,2025-06-05,Utah Area,Heber City,Kamas,Utah,84036,United States,mountains_lakes,https://www.airbnb.com/rooms/1262381927612825935,https://a0.muscache.com/im/pictures/prohost-api/Hosting-1262381927612825935/original/9637c1bc-ef77-4fd1-a2a3-d6e6900726d5.jpeg,1262381927612825935,4229467,40.6759465848,-111.4292857436,=AVERAGE($G$2:$G$501),=AVERAGE($D$2:$D$501),"=IFERROR(($AT403-G403)/$AT403,0)","=IFERROR(($AU403-D403)/$AU403,0)",=$AU403-D403
Ski In/Out-Deer Valley East Village Studio+Hot Tub,33143239,,7511,7511,203,42.53,151,1,1,2,true,true,true,true,true,false,false,Home/Apartment,Condominium (condo),Apt/Condo/Loft,5,3,2,21+,Luxury,true,76,false,37,8,2026-05-11,Utah Area,Heber City,Midway,Utah,84049,United States,mountains_lakes,https://www.airbnb.com/rooms/1580589484809039382,https://a0.muscache.com/im/pictures/hosting/Hosting-1580589484809039382/original/cd2bacdc-926d-47c6-b987-b6ed9c8cab8a.jpeg,1580589484809039382,,40.6337,-111.4508,=AVERAGE($G$2:$G$501),=AVERAGE($D$2:$D$501),"=IFERROR(($AT404-G404)/$AT404,0)","=IFERROR(($AU404-D404)/$AU404,0)",=$AU404-D404
Harmony Haus-Ski In/Ski Out Townhome! Hot Tub!,Natural Retreats,,7428,85050,2476,10,251,5,6,10,false,false,false,true,true,false,false,Home/Apartment,House,House/villa,3.85,6,5,21+,Luxury,true,1038,true,3,1,2026-05-17,Utah Area,Heber City,Park City,Utah,84060,United States,mountains_lakes,https://www.airbnb.com/rooms/20472361,https://a0.muscache.com/im/pictures/prohost-api/Hosting-20472361/original/950a8cf8-7837-4abe-8167-3d31ca80396d.jpeg,20472361,4529008ha,40.64017,-111.45494,=AVERAGE($G$2:$G$501),=AVERAGE($D$2:$D$501),"=IFERROR(($AT405-G405)/$AT405,0)","=IFERROR(($AU405-D405)/$AU405,0)",=$AU405-D405
Luxury 2 Bedroom Condo Pool & Free Ski Shuttle,LUXE HAUS,,7356,20019,735.6,21.28,164,2,3,6,true,true,true,true,true,false,true,Home/Apartment,House,House/villa,0,0,1,21+,Luxury,false,668,true,10,3,2026-05-11,Utah Area,Heber City,Heber City,Utah,84032,United States,mountains_lakes,https://www.airbnb.com/rooms/1532123366438720405,https://a0.muscache.com/im/pictures/prohost-api/Hosting-1532123366438720405/original/945d9b78-9b38-44fd-aa7e-aad7bf85d9b4.jpeg,1532123366438720405,4898605,40.62798,-111.43853,=AVERAGE($G$2:$G$501),=AVERAGE($D$2:$D$501),"=IFERROR(($AT406-G406)/$AT406,0)","=IFERROR(($AU406-D406)/$AU406,0)",=$AU406-D406
"Near Skiing, Deer Valley East | New | Prvt Hot Tub",ITrip Vacations,,7289,7289,728.9,29.41,61,4,3,8,true,false,true,true,true,false,false,Home/Apartment,House,House/villa,5,1,2,21+,Luxury,true,687,false,10,2,2026-05-13,Utah Area,Heber City,Kamas,Utah,84036,United States,mountains_lakes,https://www.airbnb.com/rooms/1637696402260779623,https://a0.muscache.com/im/pictures/prohost-api/Hosting-1637696402260779623/original/98dadbf6-1de5-41ef-b66a-a113d83f8d9f.jpeg,1637696402260779623,20214513ha,40.5947,-111.3468,=AVERAGE($G$2:$G$501),=AVERAGE($D$2:$D$501),"=IFERROR(($AT407-G407)/$AT407,0)","=IFERROR(($AU407-D407)/$AU407,0)",=$AU407-D407
Ski In/Out-Deer Valley East Village Studio+Hot Tub,33143239,,7244,7318,185.74,31.2,210,1,1,2,true,true,false,true,true,false,false,Home/Apartment,Condominium (condo),Apt/Condo/Loft,4.9,8,2,21+,Luxury,true,74,false,39,10,2026-05-13,Utah Area,Heber City,Midway,Utah,84049,United States,mountains_lakes,https://www.airbnb.com/rooms/1543067685508052784,https://a0.muscache.com/im/pictures/hosting/Hosting-1543067685508052784/original/7ae53635-c85b-469b-8dda-668277795521.jpeg,1543067685508052784,,40.6337,-111.4508,=AVERAGE($G$2:$G$501),=AVERAGE($D$2:$D$501),"=IFERROR(($AT408-G408)/$AT408,0)","=IFERROR(($AU408-D408)/$AU408,0)",=$AU408-D408
Lovely updated Villa w/ Resort Amenities 3014-1,Midway Vacation Properties,,6877,8680,208.39,27.27,133,1,1,2,true,true,true,true,true,false,true,Home/Apartment,Villa,House/villa,4.55,7,2,21+,Luxury,true,115,true,33,12,2026-05-11,Utah Area,Heber City,Midway,Utah,84049,United States,mountains_lakes,https://www.airbnb.com/rooms/1547467468891737371,https://a0.muscache.com/im/pictures/prohost-api/Hosting-1547467468891737371/original/191c83e6-6b59-46fa-ab77-6b530fb3ef2b.jpeg,1547467468891737371,954828,40.52347,-111.49094,=AVERAGE($G$2:$G$501),=AVERAGE($D$2:$D$501),"=IFERROR(($AT409-G409)/$AT409,0)","=IFERROR(($AU409-D409)/$AU409,0)",=$AU409-D409
Ski in Ski out Deer Valley East Village Condo,EXMAR Property Management At Pioche Village,,6702,7703,119.68,28.43,356,1,1,3,true,true,true,true,true,false,false,Home/Apartment,Condominium (condo),Apt/Condo/Loft,4.8,10,1,6-20,Luxury,false,0,true,56,29,2026-05-13,Utah Area,Heber City,Midway,Utah,84049,United States,mountains_lakes,https://www.airbnb.com/rooms/1134943742526836963,https://a0.muscache.com/im/pictures/hosting/Hosting-U3RheVN1cHBseUxpc3Rpbmc6MTEzNDk0Mzc0MjUyNjgzNjk2Mw%3D%3D/original/628ab7b4-8825-4601-b4f7-a7358897344c.jpeg,1134943742526836963,,40.6325,-111.4511,=AVERAGE($G$2:$G$501),=AVERAGE($D$2:$D$501),"=IFERROR(($AT410-G410)/$AT410,0)","=IFERROR(($AU410-D410)/$AU410,0)",=$AU410-D410
3 BDRM + Nursery - Club Amenities - Sleeps 6!,33143239,,6699,12510,248.11,50,66,3,3,6,true,false,false,true,true,false,true,Home/Apartment,House,House/villa,4.9,24,2,21+,Luxury,true,250,false,27,1,2026-05-17,Utah Area,Heber City,Kamas,Utah,84036,United States,mountains_lakes,https://www.airbnb.com/rooms/1034766224020575737,https://a0.muscache.com/im/pictures/miso/Hosting-1034766224020575737/original/09a33c19-74f2-4cc2-a463-b70bc50b8f34.jpeg,1034766224020575737,,40.673,-111.4305,=AVERAGE($G$2:$G$501),=AVERAGE($D$2:$D$501),"=IFERROR(($AT411-G411)/$AT411,0)","=IFERROR(($AU411-D411)/$AU411,0)",=$AU411-D411
"Ski La Vie by AvantStay | Hot Tub, Near Ski Slopes",AvantStay,,6613,6907,551.08,11.32,180,4,4,16,true,false,true,true,true,true,false,Home/Apartment,House,House/villa,5,2,3,21+,Luxury,true,571,true,12,4,2025-10-02,Utah Area,Heber City,Heber City,Utah,84032,United States,mountains_lakes,https://www.airbnb.com/rooms/1237947301420945773,https://a0.muscache.com/im/pictures/prohost-api/Hosting-1237947301420945773/original/273a65cb-c067-4112-a866-69241a7d7a4a.jpeg,1237947301420945773,,40.6426,-111.44803,=AVERAGE($G$2:$G$501),=AVERAGE($D$2:$D$501),"=IFERROR(($AT412-G412)/$AT412,0)","=IFERROR(($AU412-D412)/$AU412,0)",=$AU412-D412
Zermatt Villa 1 Bedroom 1 Bath Full Kitchen with Resort Amenities - 3014-1,MVP GROUP,,6569,7545,243.3,22.13,134,1,1,2,true,true,true,true,true,false,true,Home/Apartment,House,House/villa,0,0,2,6-20,Luxury,false,115,false,27,10,2026-01-08,Utah Area,Heber City,Midway,Utah,84049,United States,mountains_lakes,https://www.vrbo.com/1047237,https://media.vrbo.com/lodging/67000000/66080000/66079200/66079144/w1200h800x0y0-a3158dfb.jpg?impolicy=resizecrop&rw=1200&ra=fit,,1047237,40.52564,-111.486305,=AVERAGE($G$2:$G$501),=AVERAGE($D$2:$D$501),"=IFERROR(($AT413-G413)/$AT413,0)","=IFERROR(($AU413-D413)/$AU413,0)",=$AU413-D413
"Deer Valley, Chef's ktch., mtn. views, big balcony",390483184,,6546,9918,251.77,44.07,59,3,2,8,true,false,false,true,true,true,false,Home/Apartment,Condominium (condo),Apt/Condo/Loft,5,156,3,6-20,Luxury,true,213,true,26,9,2026-01-27,Utah Area,Heber City,Heber City,Utah,84032,United States,mountains_lakes,https://www.airbnb.com/rooms/48373890,https://a0.muscache.com/im/pictures/a19cb920-f3b7-4eed-b339-f360c23ce2ad.jpg,48373890,2292036,40.62607,-111.43693,=AVERAGE($G$2:$G$501),=AVERAGE($D$2:$D$501),"=IFERROR(($AT414-G414)/$AT414,0)","=IFERROR(($AU414-D414)/$AU414,0)",=$AU414-D414
Luxe Grand Hyatt Penthouse Residence | Deer Valley,Park City Host,,6528,22737,2176,10.34,96,4,5,11,true,true,true,true,true,false,true,Home/Apartment,Apartment,Apt/Condo/Loft,5,1,3,21+,Luxury,true,648,true,3,1,2026-05-05,Utah Area,Heber City,Midway,Utah,84049,United States,mountains_lakes,https://www.airbnb.com/rooms/1563437153267249270,https://a0.muscache.com/im/pictures/prohost-api/Hosting-1563437153267249270/original/7611cd0b-2007-4a6b-aea7-36385bc6cc17.jpeg,1563437153267249270,4973260,40.6221,-111.44185,=AVERAGE($G$2:$G$501),=AVERAGE($D$2:$D$501),"=IFERROR(($AT415-G415)/$AT415,0)","=IFERROR(($AU415-D415)/$AU415,0)",=$AU415-D415
High-End Luxury Retreat @ Deer Valley East Village,36430217,,6519,9006,203.72,34.41,116,2,,4,true,false,false,true,true,false,false,Private Room,House,House/villa,5,3,3,2-5,Luxury,false,100,false,32,7,2026-05-11,Utah Area,Heber City,Heber City,Utah,84032,United States,mountains_lakes,https://www.airbnb.com/rooms/1502978377551199498,https://a0.muscache.com/im/pictures/hosting/Hosting-1502978377551199498/original/f4ae7b4b-aff6-4e91-8cd4-f002c8738de5.jpeg,1502978377551199498,,40.626814267,-111.433939577,=AVERAGE($G$2:$G$501),=AVERAGE($D$2:$D$501),"=IFERROR(($AT416-G416)/$AT416,0)","=IFERROR(($AU416-D416)/$AU416,0)",=$AU416-D416
Deer Valley/Park City/Sundance Lg Grps/Saunas/Gym,95956230,,6401,64527,1280.2,100,14,5,5,14,true,true,true,true,true,true,false,Home/Apartment,House,House/villa,5,2,3,2-5,Luxury,true,300,false,5,1,2026-05-16,Utah Area,Heber City,Kamas,Utah,84036,United States,mountains_lakes,https://www.airbnb.com/rooms/1316071268032081550,https://a0.muscache.com/im/pictures/hosting/Hosting-1316071268032081550/original/bd5a87e4-9f8f-48a3-95bf-aa2e22590d50.jpeg,1316071268032081550,,40.59013,-111.34744,=AVERAGE($G$2:$G$501),=AVERAGE($D$2:$D$501),"=IFERROR(($AT417-G417)/$AT417,0)","=IFERROR(($AU417-D417)/$AU417,0)",=$AU417-D417
"Stunning Home, Ski & Lake Views, Private Hot Tub!",Mountain West Vacation Rentals,,6151,6151,559.18,16.18,183,4,3,12,true,true,true,true,true,false,false,Home/Apartment,Townhouse,Apt/Condo/Loft,4.65,6,3,21+,Luxury,false,463,true,11,4,2025-12-06,Utah Area,Heber City,Kamas,Utah,84036,United States,mountains_lakes,https://www.airbnb.com/rooms/1240772280878835505,https://a0.muscache.com/im/pictures/prohost-api/Hosting-1240772280878835505/original/44890851-4d9a-4a8c-b33e-c007bf1dbdb6.jpeg,1240772280878835505,4148656,40.6511,-111.40143,=AVERAGE($G$2:$G$501),=AVERAGE($D$2:$D$501),"=IFERROR(($AT418-G418)/$AT418,0)","=IFERROR(($AU418-D418)/$AU418,0)",=$AU418-D418
Mountain Mod Luxury | Top-Floor Black Rock Resort,Utah Escapes,,5995,6117,214.11,41.79,90,1,1,4,true,true,true,true,true,false,true,Home/Apartment,Condominium (condo),Apt/Condo/Loft,5,1,3,21+,Luxury,true,135,false,28,3,2025-09-06,Utah Area,Heber City,Kamas,Utah,84036,United States,mountains_lakes,https://www.airbnb.com/rooms/1448624962574075921,https://a0.muscache.com/im/pictures/prohost-api/Hosting-1448624962574075921/original/1e5da628-da55-4485-a056-07eb09c10773.jpeg,1448624962574075921,,40.67664,-111.4295981,=AVERAGE($G$2:$G$501),=AVERAGE($D$2:$D$501),"=IFERROR(($AT419-G419)/$AT419,0)","=IFERROR(($AU419-D419)/$AU419,0)",=$AU419-D419
1055/57 • 4-Star Zermatt 2B2B Villa Near Park City,Stay Midway,,5944,6431,330.22,11.84,205,2,2,8,true,true,false,true,true,false,true,Home/Apartment,Condominium (condo),Apt/Condo/Loft,4.4,16,2,21+,Luxury,false,121,true,18,10,2025-10-09,Utah Area,Heber City,Midway,Utah,84049,United States,mountains_lakes,https://www.airbnb.com/rooms/904596056132687536,https://a0.muscache.com/im/pictures/miso/Hosting-904596056132687536/original/989941a0-9814-461c-baf8-bf601e0b5e07.jpeg,904596056132687536,2934896,40.524046,-111.48984,=AVERAGE($G$2:$G$501),=AVERAGE($D$2:$D$501),"=IFERROR(($AT420-G420)/$AT420,0)","=IFERROR(($AU420-D420)/$AU420,0)",=$AU420-D420
Deer Valley East Village Luxury Condo + Hot Tub,116909174,,5856,6071,244,27.91,117,1,1,4,true,true,false,true,true,false,false,Home/Apartment,Apartment,Apt/Condo/Loft,5,5,2,2-5,Luxury,false,125,false,24,6,2026-05-14,Utah Area,Heber City,Midway,Utah,84049,United States,mountains_lakes,https://www.airbnb.com/rooms/1596596037279317301,https://a0.muscache.com/im/pictures/hosting/Hosting-1596596037279317301/original/966c925c-f46e-4146-8eb1-149592b29967.jpeg,1596596037279317301,,40.63301,-111.44992,=AVERAGE($G$2:$G$501),=AVERAGE($D$2:$D$501),"=IFERROR(($AT421-G421)/$AT421,0)","=IFERROR(($AU421-D421)/$AU421,0)",=$AU421-D421
"Heber Gathering Lodge, Game Room, Sleeps 32",Longitude Experience,,5625,7492,625,20.45,57,4,5,16,true,false,false,true,true,false,false,Home/Apartment,Cabin,House/villa,5,5,2,21+,Luxury,true,470,false,9,3,2026-05-14,Utah Area,Heber City,Heber City,Utah,84032,United States,mountains_lakes,https://www.airbnb.com/rooms/1633564692461042651,https://a0.muscache.com/im/pictures/prohost-api/Hosting-1633564692461042651/original/88ba09e5-45ce-400e-aef4-990310a422ea.jpeg,1633564692461042651,5136163,40.5454111173,-111.4264010345,=AVERAGE($G$2:$G$501),=AVERAGE($D$2:$D$501),"=IFERROR(($AT422-G422)/$AT422,0)","=IFERROR(($AU422-D422)/$AU422,0)",=$AU422-D422
Modern Mountain Townhome minutes from Deer Valley,667517551,,5377,5377,1075.4,15.62,166,4,3,8,true,false,true,true,true,false,false,Home/Apartment,House,House/villa,5,1,2,1,Luxury,false,250,false,5,1,2025-09-03,Utah Area,Heber City,Heber City,Utah,84032,United States,mountains_lakes,https://www.airbnb.com/rooms/1314029647474757007,https://a0.muscache.com/im/pictures/miso/Hosting-1314029647474757007/original/158b5f07-1ee6-4514-b5f9-a607352013ea.jpeg,1314029647474757007,,40.62866,-111.43436,=AVERAGE($G$2:$G$501),=AVERAGE($D$2:$D$501),"=IFERROR(($AT423-G423)/$AT423,0)","=IFERROR(($AU423-D423)/$AU423,0)",=$AU423-D423
Luxury Amenities + Wi-Fi! The Manor 3026,I Love Vacations - Park City,,5349,17006,254.71,100,68,2,3,6,true,true,true,true,true,false,true,Home/Apartment,Condominium (condo),Apt/Condo/Loft,0,0,2,21+,Luxury,true,379,true,21,1,2026-03-15,Utah Area,Heber City,Heber City,Utah,84032,United States,mountains_lakes,https://www.airbnb.com/rooms/1049266776069932914,https://a0.muscache.com/im/pictures/prohost-api/Hosting-1049266776069932914/original/96fe739b-09a6-4bc7-80ed-07ec6b1a4013.jpeg,1049266776069932914,3760633,40.6277,-111.4382,=AVERAGE($G$2:$G$501),=AVERAGE($D$2:$D$501),"=IFERROR(($AT424-G424)/$AT424,0)","=IFERROR(($AU424-D424)/$AU424,0)",=$AU424-D424
Heber City Home: Private Yard & Hot Tub!,Evolve,,5311,8768,408.54,30.95,47,3,3,12,true,false,true,true,true,true,false,Home/Apartment,House,House/villa,4.75,55,2,21+,Luxury,true,207,true,13,4,2026-05-13,Utah Area,Heber City,Heber City,Utah,84032,United States,mountains_lakes,https://www.airbnb.com/rooms/869440860094795016,https://a0.muscache.com/im/pictures/prohost-api/Hosting-869440860094795016/original/a13d8b89-1b47-4ccc-aca1-a9a5c68aa70c.jpeg,869440860094795016,9815866ha,40.4586,-111.4698,=AVERAGE($G$2:$G$501),=AVERAGE($D$2:$D$501),"=IFERROR(($AT425-G425)/$AT425,0)","=IFERROR(($AU425-D425)/$AU425,0)",=$AU425-D425
Mayflower Sage Place (Park City/Deer Valley East),102659959,,5288,11797,661,17.02,200,4,5,10,true,false,true,true,true,false,false,Home/Apartment,Townhouse,Apt/Condo/Loft,5,6,2,2-5,Luxury,false,350,false,8,2,2025-10-04,Utah Area,Heber City,Heber City,Utah,84032,United States,mountains_lakes,https://www.airbnb.com/rooms/1240544791615443864,https://a0.muscache.com/im/pictures/hosting/Hosting-U3RheVN1cHBseUxpc3Rpbmc6MTI0MDU0NDc5MTYxNTQ0Mzg2NA%3D%3D/original/66e966f1-41e5-4139-b1fa-95959368e993.jpeg,1240544791615443864,,40.6440539309,-111.4457563886,=AVERAGE($G$2:$G$501),=AVERAGE($D$2:$D$501),"=IFERROR(($AT426-G426)/$AT426,0)","=IFERROR(($AU426-D426)/$AU426,0)",=$AU426-D426
Modern Mountain Luxury - Mayflower Villa Galileo,I Love Vacations - Park City,,5215,47585,745,100,19,4,4,12,true,false,true,true,true,false,false,Home/Apartment,House,House/villa,5,1,5,21+,Luxury,true,711,true,7,1,2026-02-02,Utah Area,Heber City,Heber City,Utah,84032,United States,mountains_lakes,https://www.airbnb.com/rooms/1255088185059238313,https://a0.muscache.com/im/pictures/prohost-api/Hosting-1255088185059238313/original/3dffa504-f528-4937-8244-f96c490b0812.jpeg,1255088185059238313,4200625,40.6479,-111.4456,=AVERAGE($G$2:$G$501),=AVERAGE($D$2:$D$501),"=IFERROR(($AT427-G427)/$AT427,0)","=IFERROR(($AU427-D427)/$AU427,0)",=$AU427-D427
City 2BR Lakeview Deer Valley Resort 3rd-Floor,Vacasa,,5187,5187,288.17,18.18,257,2,3,8,true,true,false,true,true,false,true,Home/Apartment,Condominium (condo),Apt/Condo/Loft,4.6,43,2,21+,Luxury,false,325,true,18,4,2026-02-09,Utah Area,Heber City,Heber City,Utah,84032,United States,mountains_lakes,https://www.airbnb.com/rooms/1496429711374477170,https://a0.muscache.com/im/pictures/prohost-api/Hosting-1496429711374477170/original/f3c52700-677d-48ed-9fe5-dbb50859cb18.jpeg,1496429711374477170,,40.62658,-111.43738,=AVERAGE($G$2:$G$501),=AVERAGE($D$2:$D$501),"=IFERROR(($AT428-G428)/$AT428,0)","=IFERROR(($AU428-D428)/$AU428,0)",=$AU428-D428
6BR + Flex | 7 Min to Deer Valley East | Hot Tub,ITrip Vacations,,4696,4696,1565.33,10,60,6,4,12,true,false,true,true,true,false,false,Home/Apartment,House,House/villa,4.9,12,2,21+,Luxury,true,784,true,3,1,2026-04-28,Utah Area,Heber City,Heber City,Utah,84032,United States,mountains_lakes,https://www.airbnb.com/rooms/847096211499135735,https://a0.muscache.com/im/pictures/hosting/Hosting-847096211499135735/original/0ede039b-af66-44b6-b1cd-746eea90adba.jpeg,847096211499135735,9788651ha,40.6634,-111.4198,=AVERAGE($G$2:$G$501),=AVERAGE($D$2:$D$501),"=IFERROR(($AT429-G429)/$AT429,0)","=IFERROR(($AU429-D429)/$AU429,0)",=$AU429-D429
"Hot Tub, BBQ & Views Near Deer Valley & Park City",AvantStay,,4669,7241,778.17,13.95,102,4,4,12,false,false,true,true,true,false,false,Home/Apartment,House,House/villa,5,1,3,21+,Luxury,true,385,true,6,2,2025-11-14,Utah Area,Heber City,Heber City,Utah,84032,United States,mountains_lakes,https://www.airbnb.com/rooms/1523327821099265398,https://a0.muscache.com/im/pictures/prohost-api/Hosting-1523327821099265398/original/44e16d04-2190-48b1-95e2-8dc79ce405a8.jpeg,1523327821099265398,,40.6431746369,-111.4469260177,=AVERAGE($G$2:$G$501),=AVERAGE($D$2:$D$501),"=IFERROR(($AT430-G430)/$AT430,0)","=IFERROR(($AU430-D430)/$AU430,0)",=$AU430-D430
Helling 102 Modern Deer Valley Escape Near Jordanelle Gondola,SkyRun Vacation Rentals,,4512,9091,282,100,123,3,2,6,true,false,false,true,true,false,false,Home/Apartment,Condominium (condo),Apt/Condo/Loft,5,2,3,21+,Luxury,false,251,true,16,1,2026-05-13,Utah Area,Heber City,Heber City,Utah,84032,United States,mountains_lakes,https://www.vrbo.com/3877377,https://media.vrbo.com/lodging/103000000/102720000/102714700/102714699/w1495h998x3y2-57daa718.jpg?impolicy=resizecrop&rw=1200&ra=fit,,3877377,40.627272,-111.4332,=AVERAGE($G$2:$G$501),=AVERAGE($D$2:$D$501),"=IFERROR(($AT431-G431)/$AT431,0)","=IFERROR(($AU431-D431)/$AU431,0)",=$AU431-D431
Beautiful resort studio with pool & hot tub,Vacasa,,4499,5433,173.04,23.42,162,,1,4,true,true,false,false,true,false,true,Home/Apartment,Apartment,Apt/Condo/Loft,4.85,6,2,21+,Luxury,false,108,true,26,10,2025-10-18,Utah Area,Heber City,Heber City,Utah,84032,United States,mountains_lakes,https://www.airbnb.com/rooms/1313119142421522274,https://a0.muscache.com/im/pictures/prohost-api/Hosting-1313119142421522274/original/08384c38-1b0f-4132-94d4-41c6f08bdcb7.jpeg,1313119142421522274,4338514,40.6761390458,-111.4307333739,=AVERAGE($G$2:$G$501),=AVERAGE($D$2:$D$501),"=IFERROR(($AT432-G432)/$AT432,0)","=IFERROR(($AU432-D432)/$AU432,0)",=$AU432-D432
Francis Townhome: 5 Mi to Park City Mountain!,Evolve,,4456,5322,342.77,21.67,358,2,3,6,true,false,false,true,true,false,false,Home/Apartment,Townhouse,Apt/Condo/Loft,4.75,4,2,21+,Luxury,false,308,true,13,3,2026-05-14,Utah Area,Heber City,Heber City,Utah,84032,United States,mountains_lakes,https://www.airbnb.com/rooms/1076918104847958742,https://a0.muscache.com/im/pictures/prohost-api/Hosting-1076918104847958742/original/011c39c7-295a-4e3a-aab9-5f0c02c98c1d.jpeg,1076918104847958742,9921731ha,40.6745,-111.4341,=AVERAGE($G$2:$G$501),=AVERAGE($D$2:$D$501),"=IFERROR(($AT433-G433)/$AT433,0)","=IFERROR(($AU433-D433)/$AU433,0)",=$AU433-D433
New top-level lake View ski home in Deer Valley,505129012,,4114,4114,342.83,14.29,141,3,2,8,true,false,false,true,true,false,false,Home/Apartment,Condominium (condo),Apt/Condo/Loft,4.9,9,3,1,Luxury,false,250,false,12,3,2025-05-12,Utah Area,Heber City,Heber City,Utah,84032,United States,mountains_lakes,https://www.airbnb.com/rooms/845912745511670658,https://a0.muscache.com/im/pictures/miso/Hosting-845912745511670658/original/8e2fbc78-f953-4e7b-9548-b13a668f7c52.jpeg,845912745511670658,3833529,40.62558,-111.43205,=AVERAGE($G$2:$G$501),=AVERAGE($D$2:$D$501),"=IFERROR(($AT434-G434)/$AT434,0)","=IFERROR(($AU434-D434)/$AU434,0)",=$AU434-D434
Upscale Jordanelle Retreat | Hot Tub & Views,I Love Vacations - Park City,,3981,32616,442.33,18.75,192,4,3,12,true,false,false,true,true,false,false,Home/Apartment,Townhouse,Apt/Condo/Loft,4.35,6,2,21+,Luxury,true,578,true,9,3,2026-05-17,Utah Area,Heber City,Heber City,Utah,84032,United States,mountains_lakes,https://www.airbnb.com/rooms/1029061434859829190,https://a0.muscache.com/im/pictures/hosting/Hosting-1029061434859829190/original/bfa03279-11e1-4141-bd83-3a375600cb54.jpeg,1029061434859829190,3705953,40.5814,-111.4232,=AVERAGE($G$2:$G$501),=AVERAGE($D$2:$D$501),"=IFERROR(($AT435-G435)/$AT435,0)","=IFERROR(($AU435-D435)/$AU435,0)",=$AU435-D435
Park City Deer Valley Ski Oasis - Amazing Views,358383428,,3901,4001,557.29,13.46,119,4,4,8,true,false,true,true,true,false,false,Home/Apartment,House,House/villa,0,0,2,2-5,Luxury,false,200,false,7,2,2026-05-16,Utah Area,Heber City,Kamas,Utah,84036,United States,mountains_lakes,https://www.airbnb.com/rooms/1603305262477678940,https://a0.muscache.com/im/pictures/hosting/Hosting-1603305262477678940/original/42cfd884-b5ed-48e9-99e0-88aef3901b86.jpeg,1603305262477678940,,40.684,-111.4302,=AVERAGE($G$2:$G$501),=AVERAGE($D$2:$D$501),"=IFERROR(($AT436-G436)/$AT436,0)","=IFERROR(($AU436-D436)/$AU436,0)",=$AU436-D436
Pointe on the Peaks-Ski Shuttle-Hot Tub,I Love Vacations - Park City,,3799,4134,345.36,26.19,82,2,2,8,true,false,true,true,true,true,false,Home/Apartment,Townhouse,Apt/Condo/Loft,5,3,2,21+,Luxury,true,380,false,11,2,2026-05-15,Utah Area,Heber City,Heber City,Utah,84032,United States,mountains_lakes,https://www.airbnb.com/rooms/1623198157588766106,https://a0.muscache.com/im/pictures/hosting/Hosting-1623198157588766106/original/0f8d53ec-c630-4bf0-a86c-9d3a16c5f0ae.jpeg,1623198157588766106,5100905,40.63884,-111.44902,=AVERAGE($G$2:$G$501),=AVERAGE($D$2:$D$501),"=IFERROR(($AT437-G437)/$AT437,0)","=IFERROR(($AU437-D437)/$AU437,0)",=$AU437-D437
"1 BR resort condo with pool, hot tub & ski shuttle",Vacasa,,3705,4237,195,15.45,158,1,1,4,true,true,false,true,true,false,true,Home/Apartment,Condominium (condo),Apt/Condo/Loft,4.75,8,2,21+,Luxury,false,144,true,19,8,2025-10-22,Utah Area,Heber City,Kamas,Utah,84036,United States,mountains_lakes,https://www.airbnb.com/rooms/1313119072646109766,https://a0.muscache.com/im/pictures/prohost-api/Hosting-1313119072646109766/original/b1f83061-8f43-42eb-8192-6dc3a764ea98.jpeg,1313119072646109766,4338515,40.6778441198,-111.4310954921,=AVERAGE($G$2:$G$501),=AVERAGE($D$2:$D$501),"=IFERROR(($AT438-G438)/$AT438,0)","=IFERROR(($AU438-D438)/$AU438,0)",=$AU438-D438
Iron Wolf Ridge Luxury New 6BR Home w/Mountain Vie,132410163,,3376,56155,1688,15.38,293,6,4,14,true,false,true,true,true,false,false,Home/Apartment,House,House/villa,5,2,3,2-5,Luxury,false,695,false,2,1,2026-05-14,Utah Area,Heber City,Heber City,Utah,84032,United States,mountains_lakes,https://www.airbnb.com/rooms/1287941345944618338,https://a0.muscache.com/im/pictures/prohost-api/Hosting-1287941345944618338/original/fce33166-7170-426c-b6aa-7c10563c17d6.jpeg,1287941345944618338,4284879,40.5338,-111.4041,=AVERAGE($G$2:$G$501),=AVERAGE($D$2:$D$501),"=IFERROR(($AT439-G439)/$AT439,0)","=IFERROR(($AU439-D439)/$AU439,0)",=$AU439-D439
Mayflower Lakeside 104 | Mtn View,All Seasons Resort Lodging,,3336,8309,370.67,15.52,152,3,2,8,true,false,false,true,true,false,false,Home/Apartment,Condominium (condo),Apt/Condo/Loft,5,3,2,21+,Luxury,false,300,true,9,3,2026-05-13,Utah Area,Heber City,Heber City,Utah,84032,United States,mountains_lakes,https://www.airbnb.com/rooms/1562558985091431569,https://a0.muscache.com/im/pictures/prohost-api/Hosting-1562558985091431569/original/5f9ef9f4-0ab7-4997-9a7f-003bfe5aa2c2.jpeg,1562558985091431569,4969170,40.6268,-111.4327,=AVERAGE($G$2:$G$501),=AVERAGE($D$2:$D$501),"=IFERROR(($AT440-G440)/$AT440,0)","=IFERROR(($AU440-D440)/$AU440,0)",=$AU440-D440
Beautiful Chalet ~ Aspens & Wildlife,1640079,,3171,5945,634.2,12.2,338,4,3,12,true,false,true,true,true,false,false,Home/Apartment,Chalet,House/villa,5,130,3,2-5,Luxury,false,350,false,5,1,2026-05-13,Utah Area,Heber City,Heber City,Utah,84032,United States,mountains_lakes,https://www.airbnb.com/rooms/319882,https://a0.muscache.com/im/pictures/3444473/c327784f_original.jpg,319882,126634,40.47624,-111.26091,=AVERAGE($G$2:$G$501),=AVERAGE($D$2:$D$501),"=IFERROR(($AT441-G441)/$AT441,0)","=IFERROR(($AU441-D441)/$AU441,0)",=$AU441-D441
Retreat at Jordanelle | Relaxing w/ Lake Views,Alpine Retreats,,3018,3018,377.25,22.86,365,3,2,8,true,false,false,true,true,false,false,Home/Apartment,Condominium (condo),Apt/Condo/Loft,0,0,1,21+,Luxury,true,425,false,8,1,2026-05-14,Utah Area,Heber City,Heber City,Utah,84032,United States,mountains_lakes,https://www.airbnb.com/rooms/1170956541678915909,https://a0.muscache.com/im/pictures/prohost-api/Hosting-1170956541678915909/original/b39be625-5f7f-41b9-8572-4823ab8e5202.jpeg,1170956541678915909,4020878,40.62531,-111.43194,=AVERAGE($G$2:$G$501),=AVERAGE($D$2:$D$501),"=IFERROR(($AT442-G442)/$AT442,0)","=IFERROR(($AU442-D442)/$AU442,0)",=$AU442-D442
Beautiful 3 bedroom condo with amazing views,186314156,,3010,8067,301,43.48,23,3,2,8,true,false,false,true,true,false,false,Home/Apartment,Condominium (condo),Apt/Condo/Loft,4.9,9,2,1,Luxury,false,226,true,10,1,2026-05-14,Utah Area,Heber City,Heber City,Utah,84032,United States,mountains_lakes,https://www.airbnb.com/rooms/53548235,https://a0.muscache.com/im/pictures/miso/Hosting-53548235/original/c81b1c1c-6c46-4a7f-9078-6e9543756495.jpeg,53548235,,40.67525,-111.43608,=AVERAGE($G$2:$G$501),=AVERAGE($D$2:$D$501),"=IFERROR(($AT443-G443)/$AT443,0)","=IFERROR(($AU443-D443)/$AU443,0)",=$AU443-D443
Enjoy the Good Life at Casa Del Valle!,106323861,,2994,3901,332.67,16.98,110,3,2,6,true,false,false,true,true,false,false,Home/Apartment,Apartment,Apt/Condo/Loft,5,2,3,1,Luxury,false,0,false,9,3,2026-05-13,Utah Area,Heber City,Heber City,Utah,84032,United States,mountains_lakes,https://www.airbnb.com/rooms/1550026078436226564,https://a0.muscache.com/im/pictures/hosting/Hosting-1550026078436226564/original/6bc1c5a8-1c06-4d41-8a33-1e7dcc9e99fa.jpeg,1550026078436226564,,40.6275762964,-111.4365095773,=AVERAGE($G$2:$G$501),=AVERAGE($D$2:$D$501),"=IFERROR(($AT444-G444)/$AT444,0)","=IFERROR(($AU444-D444)/$AU444,0)",=$AU444-D444
City 2BR Mountainview 2nd-Floor | Balcony,Vacasa,,2973,5955,330.33,10,265,2,2,4,true,false,false,true,true,false,false,Home/Apartment,Condominium (condo),Apt/Condo/Loft,4.8,20,3,21+,Luxury,false,154,true,9,3,2025-08-24,Utah Area,Heber City,Kamas,Utah,84036,United States,mountains_lakes,https://www.airbnb.com/rooms/594997858000744171,https://a0.muscache.com/im/pictures/prohost-api/Hosting-594997858000744171/original/0c158a39-964e-43d2-b341-99d4f0ed088a.jpeg,594997858000744171,2737115,40.68139,-111.43424,=AVERAGE($G$2:$G$501),=AVERAGE($D$2:$D$501),"=IFERROR(($AT445-G445)/$AT445,0)","=IFERROR(($AU445-D445)/$AU445,0)",=$AU445-D445
Alpine Pointe of View | Deer Valley East,I Love Vacations - Park City,,2831,5001,471.83,12,108,3,2,6,true,false,true,true,true,false,false,Home/Apartment,Townhouse,Apt/Condo/Loft,5,1,2,21+,Luxury,true,578,false,6,2,2026-05-17,Utah Area,Heber City,Heber City,Utah,84032,United States,mountains_lakes,https://www.airbnb.com/rooms/1599360210008987915,https://a0.muscache.com/im/pictures/hosting/Hosting-1599360210008987915/original/5246ba71-936d-4892-bb9c-4f0b1419e142.jpeg,1599360210008987915,5036122,40.6387801074,-111.4462565732,=AVERAGE($G$2:$G$501),=AVERAGE($D$2:$D$501),"=IFERROR(($AT446-G446)/$AT446,0)","=IFERROR(($AU446-D446)/$AU446,0)",=$AU446-D446
Beautiful 2BR with resort-style amenities,Vacasa,,2772,2900,277.2,26.32,120,2,2,8,true,true,false,true,true,false,true,Home/Apartment,Condominium (condo),Apt/Condo/Loft,5,8,1,21+,Luxury,false,154,true,10,3,2025-09-03,Utah Area,Heber City,Kamas,Utah,84036,United States,mountains_lakes,https://www.airbnb.com/rooms/1254503447300192444,https://a0.muscache.com/im/pictures/prohost-api/Hosting-1254503447300192444/original/984b8689-e9b1-4485-820c-5001fb21340e.jpeg,1254503447300192444,4216186,40.6763859898,-111.4302656043,=AVERAGE($G$2:$G$501),=AVERAGE($D$2:$D$501),"=IFERROR(($AT447-G447)/$AT447,0)","=IFERROR(($AU447-D447)/$AU447,0)",=$AU447-D447
Stunning 2BR with Resort Amenities and Fireplace,Vacasa,,2756,3047,229.67,14.12,111,2,2,8,true,true,false,true,true,false,true,Home/Apartment,Condominium (condo),Apt/Condo/Loft,5,2,2,21+,Luxury,false,183,true,12,4,2025-02-11,Utah Area,Heber City,Heber City,Utah,84032,United States,mountains_lakes,https://www.airbnb.com/rooms/1318913640808848674,https://a0.muscache.com/im/pictures/prohost-api/Hosting-1318913640808848674/original/fdabc777-34e8-41e0-908f-a886a7ceda78.jpeg,1318913640808848674,4517223,40.6766477755,-111.4311734556,=AVERAGE($G$2:$G$501),=AVERAGE($D$2:$D$501),"=IFERROR(($AT448-G448)/$AT448,0)","=IFERROR(($AU448-D448)/$AU448,0)",=$AU448-D448
Cozy Ski Home,59310943,,2711,11033,387.29,87.5,44,3,3,7,true,false,false,true,true,false,false,Home/Apartment,House,House/villa,5,8,2,1,Luxury,false,216,false,7,1,2026-05-16,Utah Area,Heber City,Heber City,Utah,84032,United States,mountains_lakes,https://www.airbnb.com/rooms/1020298113385471713,https://a0.muscache.com/im/pictures/hosting/Hosting-1020298113385471713/original/e8f24206-2d6a-44d1-8792-053bdd318751.jpeg,1020298113385471713,,40.6746,-111.43305,=AVERAGE($G$2:$G$501),=AVERAGE($D$2:$D$501),"=IFERROR(($AT449-G449)/$AT449,0)","=IFERROR(($AU449-D449)/$AU449,0)",=$AU449-D449
Beautiful resort condo with incredible amenities,Vacasa,,2708,2973,208.31,15.29,111,1,1,4,true,true,false,true,true,false,true,Home/Apartment,Condominium (condo),Apt/Condo/Loft,4.9,9,2,21+,Luxury,false,133,true,13,6,2025-09-03,Utah Area,Heber City,Kamas,Utah,84036,United States,mountains_lakes,https://www.airbnb.com/rooms/1318913846898603076,https://a0.muscache.com/im/pictures/prohost-api/Hosting-1318913846898603076/original/fa2f8cb0-a105-48fd-937c-078748eb6ed2.jpeg,1318913846898603076,4350166,40.67631,-111.43037,=AVERAGE($G$2:$G$501),=AVERAGE($D$2:$D$501),"=IFERROR(($AT450-G450)/$AT450,0)","=IFERROR(($AU450-D450)/$AU450,0)",=$AU450-D450
Cabin 1: Cozy Mountain Cabin on the River,110480796,,2608,3242,217.33,42.86,56,1,1,4,true,false,true,true,true,false,false,Home/Apartment,Cabin,House/villa,4.45,13,1,2-5,Luxury,false,85,false,12,5,2026-05-13,Utah Area,Heber City,Wallsburg,Utah,84082,United States,mountains_lakes,https://www.airbnb.com/rooms/626105341921356401,https://a0.muscache.com/im/pictures/miso/Hosting-626105341921356401/original/18fd6856-c9c9-4e4b-ab0a-14b8879443f7.jpeg,626105341921356401,5146928,40.39699,-111.53852,=AVERAGE($G$2:$G$501),=AVERAGE($D$2:$D$501),"=IFERROR(($AT451-G451)/$AT451,0)","=IFERROR(($AU451-D451)/$AU451,0)",=$AU451-D451
Over the Top Deer Valley Ski Home,50292689,,2571,4309,857,10,352,4,4,10,true,false,true,true,true,false,false,Home/Apartment,Townhouse,Apt/Condo/Loft,5,47,3,1,Luxury,false,249,false,3,1,2026-05-13,Utah Area,Heber City,Heber City,Utah,84032,United States,mountains_lakes,https://www.airbnb.com/rooms/19965869,https://a0.muscache.com/im/pictures/356e0e0b-60a6-4535-a364-3dd97952a06f.jpg,19965869,498304,40.62937,-111.43644,=AVERAGE($G$2:$G$501),=AVERAGE($D$2:$D$501),"=IFERROR(($AT452-G452)/$AT452,0)","=IFERROR(($AU452-D452)/$AU452,0)",=$AU452-D452
"SKI Park City -Private Hot Tub,",219690674,,2499,16184,277.67,52.94,21,3,2,6,true,false,true,true,true,false,true,Home/Apartment,Townhouse,Apt/Condo/Loft,5,148,2,2-5,Luxury,true,250,true,9,2,2025-08-07,Utah Area,Heber City,Kamas,Utah,84036,United States,mountains_lakes,https://www.airbnb.com/rooms/892393186077193944,https://a0.muscache.com/im/pictures/miso/Hosting-892393186077193944/original/384b9b04-71be-4f77-937f-ec8940a58a81.jpeg,892393186077193944,7130535ha,40.6729615163,-111.4307792857,=AVERAGE($G$2:$G$501),=AVERAGE($D$2:$D$501),"=IFERROR(($AT453-G453)/$AT453,0)","=IFERROR(($AU453-D453)/$AU453,0)",=$AU453-D453
Cabin 2: Cozy Mountain Cabin on the Provo River,110480796,,2351,2586,293.88,40,59,2,1,6,true,false,true,true,true,false,false,Home/Apartment,Cabin,House/villa,4.8,15,1,2-5,Luxury,false,86,false,8,3,2026-05-17,Utah Area,Heber City,Wallsburg,Utah,84082,United States,mountains_lakes,https://www.airbnb.com/rooms/626286139440149020,https://a0.muscache.com/im/pictures/3f2d4994-1c57-4117-871f-fa2ff87666c2.jpg,626286139440149020,5199721,40.3969,-111.5381,=AVERAGE($G$2:$G$501),=AVERAGE($D$2:$D$501),"=IFERROR(($AT454-G454)/$AT454,0)","=IFERROR(($AU454-D454)/$AU454,0)",=$AU454-D454
"2 BR condo close to ski resorts, pool & hot tub",Vacasa,,2255,2516,322.14,18.42,114,2,2,8,true,true,false,true,true,false,true,Home/Apartment,Condominium (condo),Apt/Condo/Loft,5,10,1,21+,Luxury,false,163,true,7,2,2025-09-03,Utah Area,Heber City,Kamas,Utah,84036,United States,mountains_lakes,https://www.airbnb.com/rooms/1258058936315404517,https://a0.muscache.com/im/pictures/prohost-api/Hosting-1258058936315404517/original/9bc388c1-07e4-441f-a1b5-64d1db8b20da.jpeg,1258058936315404517,4221962,40.67576,-111.42923,=AVERAGE($G$2:$G$501),=AVERAGE($D$2:$D$501),"=IFERROR(($AT455-G455)/$AT455,0)","=IFERROR(($AU455-D455)/$AU455,0)",=$AU455-D455
682 • 3B3B Luxury Ski Chalet Near Park City,ECK Property Management,,2134,9481,1067,6.9,324,4,3,10,true,false,false,false,true,true,true,Home/Apartment,House,House/villa,4.75,22,2,21+,Luxury,false,350,true,2,1,2026-05-15,Utah Area,Heber City,Midway,Utah,84049,United States,mountains_lakes,https://www.airbnb.com/rooms/47180766,https://a0.muscache.com/im/pictures/prohost-api/Hosting-47180766/original/391f67e2-d183-484d-9f96-b481a88bc05b.jpeg,47180766,4894730,40.52536,-111.48731,=AVERAGE($G$2:$G$501),=AVERAGE($D$2:$D$501),"=IFERROR(($AT456-G456)/$AT456,0)","=IFERROR(($AU456-D456)/$AU456,0)",=$AU456-D456
Hideout Hideaway - A | Townhouse in Hideout,Vacasa,,1952,1952,244,32,30,1,1,4,true,false,false,true,false,false,false,Home/Apartment,Townhouse,Apt/Condo/Loft,4.35,6,3,21+,Luxury,false,185,false,8,2,2026-05-14,Utah Area,Heber City,Kamas,Utah,84036,United States,mountains_lakes,https://www.airbnb.com/rooms/1640064773783796203,https://a0.muscache.com/im/pictures/prohost-api/Hosting-1640064773783796203/original/355d3c0f-004e-44df-b4c4-6f482fd2d607.jpeg,1640064773783796203,5177753,40.6511822031,-111.4007462403,=AVERAGE($G$2:$G$501),=AVERAGE($D$2:$D$501),"=IFERROR(($AT457-G457)/$AT457,0)","=IFERROR(($AU457-D457)/$AU457,0)",=$AU457-D457
2 Mi to Deer Valley Resort: Townhome w/ Hot Tub,Evolve,,1896,3887,474,13.33,112,4,3,12,true,false,true,true,true,false,false,Home/Apartment,Townhouse,Apt/Condo/Loft,4.9,33,3,21+,Luxury,false,289,true,4,1,2026-02-06,Utah Area,Heber City,Heber City,Utah,84032,United States,mountains_lakes,https://www.airbnb.com/rooms/968997867290048181,https://a0.muscache.com/im/pictures/prohost-api/Hosting-968997867290048181/original/e7253afe-6ce3-4aab-ac26-f5f36d7e33ea.jpeg,968997867290048181,9865317ha,40.628,-111.432,=AVERAGE($G$2:$G$501),=AVERAGE($D$2:$D$501),"=IFERROR(($AT458-G458)/$AT458,0)","=IFERROR(($AU458-D458)/$AU458,0)",=$AU458-D458
682 • Brand New 3B3B Ski Chalet Near Deer Valley,Stay Midway,,1878,5932,939,6.9,262,3,3,8,true,true,false,true,true,false,true,Home/Apartment,House,House/villa,5,2,2,21+,Luxury,false,120,true,2,1,2026-01-23,Utah Area,Heber City,Midway,Utah,84049,United States,mountains_lakes,https://www.airbnb.com/rooms/904770772673466696,https://a0.muscache.com/im/pictures/miso/Hosting-904770772673466696/original/25347862-2de2-4c65-b8ec-26cad1fe2797.jpeg,904770772673466696,,40.5265,-111.4869,=AVERAGE($G$2:$G$501),=AVERAGE($D$2:$D$501),"=IFERROR(($AT459-G459)/$AT459,0)","=IFERROR(($AU459-D459)/$AU459,0)",=$AU459-D459
"1BR Mason Condo-Unique Ski Chair,Resort Amentities",LUXE HAUS,,1862,1862,310.33,13.95,89,1,2,4,true,true,true,true,false,false,true,Home/Apartment,Condominium (condo),Apt/Condo/Loft,0,0,5,21+,Luxury,false,392,false,6,2,2026-05-17,Utah Area,Heber City,Heber City,Utah,84032,United States,mountains_lakes,https://www.airbnb.com/rooms/1624976292148436733,https://a0.muscache.com/im/pictures/prohost-api/Hosting-1624976292148436733/original/0dff4ad5-de9c-4de2-a6b4-a6a2e3cdf511.jpeg,1624976292148436733,5112357,40.62819,-111.43879,=AVERAGE($G$2:$G$501),=AVERAGE($D$2:$D$501),"=IFERROR(($AT460-G460)/$AT460,0)","=IFERROR(($AU460-D460)/$AU460,0)",=$AU460-D460
Deer Valley East Basecamp for All Seasons,I Love Vacations - Park City,,1699,4200,566.33,11.11,71,4,4,11,true,false,true,true,true,true,false,Home/Apartment,House,House/villa,5,3,2,21+,Luxury,true,858,false,3,1,2026-05-15,Utah Area,Heber City,Heber City,Utah,84032,United States,mountains_lakes,https://www.airbnb.com/rooms/1622243701111229611,https://a0.muscache.com/im/pictures/hosting/Hosting-1622243701111229611/original/4f0f093d-3753-4c21-bb32-4e9518763cbd.jpeg,1622243701111229611,5103791,40.6293880863,-111.4376833483,=AVERAGE($G$2:$G$501),=AVERAGE($D$2:$D$501),"=IFERROR(($AT461-G461)/$AT461,0)","=IFERROR(($AU461-D461)/$AU461,0)",=$AU461-D461
"Luxury Stays Club, Deer Valley 5m, Park City 5-201",512812716,,1649,17513,549.67,100,157,3,2,8,true,false,false,true,true,false,false,Home/Apartment,Condominium (condo),Apt/Condo/Loft,5,9,2,6-20,Luxury,true,204,true,3,1,2024-09-10,Utah Area,Heber City,Heber City,Utah,84032,United States,mountains_lakes,https://www.airbnb.com/rooms/1010739024117152362,https://a0.muscache.com/im/pictures/prohost-api/Hosting-1010739024117152362/original/6d06b4d6-ef02-44d9-9a40-daab29636a36.jpeg,1010739024117152362,4304752,40.6267,-111.4331,=AVERAGE($G$2:$G$501),=AVERAGE($D$2:$D$501),"=IFERROR(($AT462-G462)/$AT462,0)","=IFERROR(($AU462-D462)/$AU462,0)",=$AU462-D462
"Gorgeous 3B3B Mountain Chalet Only 15 Min to Park City, Deer Valley and Sundance",Stay Midway,,1640,1640,820,6.9,184,3,3,10,true,true,true,true,true,false,true,Home/Apartment,House,House/villa,2.7,3,2,21+,Luxury,false,250,true,2,1,2025-09-05,Utah Area,Heber City,Midway,Utah,84049,United States,mountains_lakes,https://www.vrbo.com/3446225,https://media.vrbo.com/lodging/96000000/95110000/95108600/95108575/9df81bd1.jpg?impolicy=resizecrop&rw=1200&ra=fit,,3446225,40.52648,-111.48688,=AVERAGE($G$2:$G$501),=AVERAGE($D$2:$D$501),"=IFERROR(($AT463-G463)/$AT463,0)","=IFERROR(($AU463-D463)/$AU463,0)",=$AU463-D463
Stillwater 3067 #PCMoose / 3min to SKI-King Bd,Vacation Rentals Park City LLC,,1608,3747,178.67,56.25,59,1,2,4,true,true,true,true,true,false,true,Home/Apartment,Condominium (condo),Apt/Condo/Loft,4.6,56,2,21+,Luxury,false,85,false,9,1,2024-02-11,Utah Area,Heber City,Heber City,Utah,84032,United States,mountains_lakes,https://www.airbnb.com/rooms/47804012,https://a0.muscache.com/im/pictures/prohost-api/Hosting-47804012/original/0a25acbc-e0a0-4f77-a169-6f382ca1f99f.jpeg?aki_policy=x_large,47804012,9535614ha,40.62876,-111.43736,=AVERAGE($G$2:$G$501),=AVERAGE($D$2:$D$501),"=IFERROR(($AT464-G464)/$AT464,0)","=IFERROR(($AU464-D464)/$AU464,0)",=$AU464-D464
Cozy Great View ski Retreat w/ covered parking,481872495,,1586,1586,264.33,7.23,182,2,2,5,true,false,true,true,true,false,true,Home/Apartment,Apartment,Apt/Condo/Loft,4.75,16,2,2-5,Luxury,false,99,false,6,5,2026-01-22,Utah Area,Heber City,Heber City,Utah,84032,United States,mountains_lakes,https://www.airbnb.com/rooms/1154634035571935040,https://a0.muscache.com/im/pictures/miso/Hosting-1154634035571935040/original/faa78739-071d-45eb-927b-5b66a893904b.jpeg,1154634035571935040,,40.63292,-111.44356,=AVERAGE($G$2:$G$501),=AVERAGE($D$2:$D$501),"=IFERROR(($AT465-G465)/$AT465,0)","=IFERROR(($AU465-D465)/$AU465,0)",=$AU465-D465
"Luxury, Private Hot Tub, Grill, Minutes to Main St",Mountain West Vacation Rentals,,1554,1554,518,10,120,3,2,12,true,false,true,true,true,false,false,Home/Apartment,Townhouse,Apt/Condo/Loft,5,2,3,21+,Luxury,false,429,false,3,1,2026-05-14,Utah Area,Heber City,Heber City,Utah,84032,United States,mountains_lakes,https://www.airbnb.com/rooms/1602884938309080810,https://a0.muscache.com/im/pictures/prohost-api/Hosting-1602884938309080810/original/538d59bc-f0b6-4203-b747-84a34fd6bd98.jpeg,1602884938309080810,5057064,40.66459,-111.42061,=AVERAGE($G$2:$G$501),=AVERAGE($D$2:$D$501),"=IFERROR(($AT466-G466)/$AT466,0)","=IFERROR(($AU466-D466)/$AU466,0)",=$AU466-D466
Private Residence Within Grand Hyatt Deer Valley,"Park City Lodging, Inc",,1316,1316,658,40,5,2,2,6,true,true,true,true,true,false,true,Home/Apartment,Condominium (condo),Apt/Condo/Loft,0,0,2,21+,Luxury,false,0,true,2,1,2025-01-15,Utah Area,Heber City,Midway,Utah,84049,United States,mountains_lakes,https://www.airbnb.com/rooms/1310232237150425014,https://a0.muscache.com/im/pictures/prohost-api/Hosting-1310232237150425014/original/323082cc-c102-41bb-b8c1-fb9f5e3fba62.jpeg,1310232237150425014,20086937ha,40.6215931592,-111.4429568556,=AVERAGE($G$2:$G$501),=AVERAGE($D$2:$D$501),"=IFERROR(($AT467-G467)/$AT467,0)","=IFERROR(($AU467-D467)/$AU467,0)",=$AU467-D467
Pure Style across Deer Valley east,67905454,,1312,1328,328,6.9,119,2,2,8,true,false,true,true,true,false,true,Home/Apartment,Condominium (condo),Apt/Condo/Loft,5,1,3,2-5,Luxury,false,151,false,4,2,2026-05-17,Utah Area,Heber City,Heber City,Utah,84032,United States,mountains_lakes,https://www.airbnb.com/rooms/1588445664419669910,https://a0.muscache.com/im/pictures/hosting/Hosting-1588445664419669910/original/9c237723-fe31-4061-8f8e-05cac36e8351.jpeg,1588445664419669910,5015482,40.62689,-111.43933,=AVERAGE($G$2:$G$501),=AVERAGE($D$2:$D$501),"=IFERROR(($AT468-G468)/$AT468,0)","=IFERROR(($AU468-D468)/$AU468,0)",=$AU468-D468
The Heber View Basement X The Airbnfree,Airbnfree,,1045,1045,209,45.45,61,2,1,6,true,false,false,true,true,false,true,Home/Apartment,House,House/villa,0,0,1,21+,Luxury,true,0,false,5,1,2026-05-13,Utah Area,Heber City,Heber City,Utah,84032,United States,mountains_lakes,https://www.airbnb.com/rooms/1648665955220683462,https://a0.muscache.com/im/pictures/hosting/Hosting-1648665955220683462/original/4255e4b4-49ea-4a87-8179-a5da3e0ecf53.png,1648665955220683462,,40.49827,-111.31734,=AVERAGE($G$2:$G$501),=AVERAGE($D$2:$D$501),"=IFERROR(($AT469-G469)/$AT469,0)","=IFERROR(($AU469-D469)/$AU469,0)",=$AU469-D469
"Condo w/ Private Hot Tub, 2 Mi to the Jordanelle!",Evolve,,984,984,328,12.5,30,3,2,6,true,true,true,true,true,false,false,Home/Apartment,Condominium (condo),Apt/Condo/Loft,0,0,2,21+,Luxury,false,236,false,3,1,2026-05-16,Utah Area,Heber City,Kamas,Utah,84036,United States,mountains_lakes,https://www.airbnb.com/rooms/1653962003469288260,https://a0.muscache.com/im/pictures/hosting/Hosting-1653962003469288260/original/fab112ef-1d8a-4805-8f9a-7a0b22b8b35c.jpeg,1653962003469288260,20269491ha,40.6812,-111.4332,=AVERAGE($G$2:$G$501),=AVERAGE($D$2:$D$501),"=IFERROR(($AT470-G470)/$AT470,0)","=IFERROR(($AU470-D470)/$AU470,0)",=$AU470-D470
Beautiful views!  Minutes to Park City Resorts!,Pinnacle Assets Management,,932,7188,466,66.67,49,3,2,8,true,false,true,true,true,false,false,Home/Apartment,House,House/villa,4.8,14,4,6-20,Luxury,true,275,false,2,1,2025-07-31,Utah Area,Heber City,Heber City,Utah,84032,United States,mountains_lakes,https://www.airbnb.com/rooms/1039190015249608237,https://a0.muscache.com/im/pictures/hosting/Hosting-U3RheVN1cHBseUxpc3Rpbmc6MTAzOTE5MDAxNTI0OTYwODIzNw%3D%3D/original/4c3ecc24-8462-4702-bdf0-ab5c7f0811f7.jpeg,1039190015249608237,3753576,40.68168,-111.4354,=AVERAGE($G$2:$G$501),=AVERAGE($D$2:$D$501),"=IFERROR(($AT471-G471)/$AT471,0)","=IFERROR(($AU471-D471)/$AU471,0)",=$AU471-D471
Clean Comfortable Dog Friendly 3bed w/garage,108201107,,928,972,232,19.05,52,3,2,6,true,false,false,true,true,true,false,Home/Apartment,Townhouse,Apt/Condo/Loft,5,3,3,2-5,Luxury,false,175,false,4,1,2024-03-16,Utah Area,Heber City,Heber City,Utah,84032,United States,mountains_lakes,https://www.airbnb.com/rooms/684063019785118870,https://a0.muscache.com/im/pictures/miso/Hosting-684063019785118870/original/958cf4da-1f57-4e43-b44e-e07fb5c9bd44.jpeg?aki_policy=x_large,684063019785118870,3107115,40.67387,-111.43183,=AVERAGE($G$2:$G$501),=AVERAGE($D$2:$D$501),"=IFERROR(($AT472-G472)/$AT472,0)","=IFERROR(($AU472-D472)/$AU472,0)",=$AU472-D472
2 BR condo with resort pool & ski shuttle,Vacasa,,876,3539,292,25,68,2,2,8,true,true,false,true,true,false,true,Home/Apartment,Condominium (condo),Apt/Condo/Loft,3.75,4,2,21+,Luxury,false,163,true,3,1,2025-07-30,Utah Area,Heber City,Kamas,Utah,84036,United States,mountains_lakes,https://www.airbnb.com/rooms/1298532592697429629,https://a0.muscache.com/im/pictures/prohost-api/Hosting-1298532592697429629/original/3ff68f5b-8d45-4904-ab95-8385000e147a.jpeg,1298532592697429629,4305838,40.6760887346,-111.4296454331,=AVERAGE($G$2:$G$501),=AVERAGE($D$2:$D$501),"=IFERROR(($AT473-G473)/$AT473,0)","=IFERROR(($AU473-D473)/$AU473,0)",=$AU473-D473
Studio near skiing/lake with hot tub access,Vacasa,,838,1208,209.5,23.53,72,,1,2,true,true,false,true,true,false,false,Home/Apartment,Apartment,Apt/Condo/Loft,4.05,4,2,21+,Luxury,false,140,true,4,1,2025-07-25,Utah Area,Heber City,Midway,Utah,84049,United States,mountains_lakes,https://www.airbnb.com/rooms/1107948907897737604,https://a0.muscache.com/im/pictures/prohost-api/Hosting-1107948907897737604/original/2dd0ddd9-831e-4dde-b312-e34cde3b1281.jpeg,1107948907897737604,3896100,40.63285,-111.45151,=AVERAGE($G$2:$G$501),=AVERAGE($D$2:$D$501),"=IFERROR(($AT474-G474)/$AT474,0)","=IFERROR(($AU474-D474)/$AU474,0)",=$AU474-D474
2 BR dog friendly condo w/ pool & hot tub,Vacasa,,794,794,264.67,10,61,2,2,6,true,true,false,true,true,true,true,Home/Apartment,Condominium (condo),Apt/Condo/Loft,0,0,2,21+,Luxury,false,167,true,3,1,2025-02-12,Utah Area,Heber City,Kamas,Utah,84036,United States,mountains_lakes,https://www.airbnb.com/rooms/1282680649145506861,https://a0.muscache.com/im/pictures/prohost-api/Hosting-1282680649145506861/original/cdfcbba6-0b9f-487e-89b3-b6eb50294307.jpeg,1282680649145506861,4350163,40.6757167346,-111.4279804419,=AVERAGE($G$2:$G$501),=AVERAGE($D$2:$D$501),"=IFERROR(($AT475-G475)/$AT475,0)","=IFERROR(($AU475-D475)/$AU475,0)",=$AU475-D475
Beautiful resort condo with incredible amenities,Vacasa,,690,4798,138,71.43,47,1,1,4,true,true,false,true,true,true,true,Home/Apartment,Condominium (condo),Apt/Condo/Loft,4.25,4,2,21+,Luxury,false,133,true,5,1,2025-07-16,Utah Area,Heber City,Kamas,Utah,84036,United States,mountains_lakes,https://www.airbnb.com/rooms/1318913723012043937,https://a0.muscache.com/im/pictures/prohost-api/Hosting-1318913723012043937/original/8af0ed64-41e5-4e12-92c9-353a8a708021.jpeg,1318913723012043937,4350183,40.6766609867,-111.4307840489,=AVERAGE($G$2:$G$501),=AVERAGE($D$2:$D$501),"=IFERROR(($AT476-G476)/$AT476,0)","=IFERROR(($AU476-D476)/$AU476,0)",=$AU476-D476
Moose Mgmt at Stillwater 3066 PerfectWinterGetaway,Vacation Rentals Park City LLC,,678,3157,169.5,100,43,1,1,3,true,true,true,true,true,false,true,Home/Apartment,Condominium (condo),Apt/Condo/Loft,0,0,1,21+,Luxury,false,105,true,4,1,2025-06-20,Utah Area,Heber City,Heber City,Utah,84032,United States,mountains_lakes,https://www.airbnb.com/rooms/1191601891204728088,https://a0.muscache.com/im/pictures/prohost-api/Hosting-1191601891204728088/original/e2003665-58b5-4e81-be4e-197501b7a13a.jpeg,1191601891204728088,9975123ha,40.6266035699,-111.4391819782,=AVERAGE($G$2:$G$501),=AVERAGE($D$2:$D$501),"=IFERROR(($AT477-G477)/$AT477,0)","=IFERROR(($AU477-D477)/$AU477,0)",=$AU477-D477
"1 Br Condo, 10 minutes from PC",105890072,,660,660,165,12.9,181,1,1,3,true,false,false,true,true,false,false,Home/Apartment,Condominium (condo),Apt/Condo/Loft,5,1,4,1,Luxury,false,181,false,4,1,2026-05-13,Utah Area,Heber City,Kamas,Utah,84036,United States,mountains_lakes,https://www.airbnb.com/rooms/16208734,https://a0.muscache.com/im/pictures/hosting/Hosting-16208734/original/310f7f57-1114-4f48-a74a-ab3e519317c5.jpeg,16208734,,40.68117,-111.43368,=AVERAGE($G$2:$G$501),=AVERAGE($D$2:$D$501),"=IFERROR(($AT478-G478)/$AT478,0)","=IFERROR(($AU478-D478)/$AU478,0)",=$AU478-D478
Cabin 3: Cozy Mountain Cabin on Provo River,110480796,,518,1036,172.67,37.5,53,2,1,4,true,false,true,true,true,false,false,Home/Apartment,Cabin,House/villa,4.65,3,1,2-5,Luxury,false,85,false,3,1,2026-05-17,Utah Area,Heber City,Provo,Utah,84604,United States,mountains_lakes,https://www.airbnb.com/rooms/628482354150461986,https://a0.muscache.com/im/pictures/miso/Hosting-628482354150461986/original/9611042f-ae48-49e0-bf9c-52ecdf574872.jpeg,628482354150461986,5199765,40.3974,-111.5377,=AVERAGE($G$2:$G$501),=AVERAGE($D$2:$D$501),"=IFERROR(($AT479-G479)/$AT479,0)","=IFERROR(($AU479-D479)/$AU479,0)",=$AU479-D479
Ski in Ski out Deer Valley East Village,EXMAR Property Management At Pioche Village,,475,556,95,13.16,362,1,,2,true,true,true,true,true,false,false,Home/Apartment,Apartment,Apt/Condo/Loft,4.85,56,1,6-20,Luxury,false,0,true,5,3,2026-05-14,Utah Area,Heber City,Midway,Utah,84049,United States,mountains_lakes,https://www.airbnb.com/rooms/1335812402835789845,https://a0.muscache.com/im/pictures/miso/Hosting-1335812402835789845/original/1444ef48-3786-4d09-b016-0f0d303e0af1.jpeg,1335812402835789845,,40.6327595376,-111.4513665952,=AVERAGE($G$2:$G$501),=AVERAGE($D$2:$D$501),"=IFERROR(($AT480-G480)/$AT480,0)","=IFERROR(($AU480-D480)/$AU480,0)",=$AU480-D480
Sky & Lake Escape,530488271,,457,457,228.5,6.9,153,1,1,2,false,false,false,true,true,false,false,Home/Apartment,Guest house,House/villa,0,0,1,1,Luxury,false,100,false,2,2,2025-10-31,Utah Area,Heber City,Kamas,Utah,84036,United States,mountains_lakes,https://www.airbnb.com/rooms/1463063439721352117,https://a0.muscache.com/im/pictures/miso/Hosting-1463063439721352117/original/3a3418d6-62e9-493f-bb94-09e2424416dc.jpeg,1463063439721352117,,40.66061,-111.41233,=AVERAGE($G$2:$G$501),=AVERAGE($D$2:$D$501),"=IFERROR(($AT481-G481)/$AT481,0)","=IFERROR(($AU481-D481)/$AU481,0)",=$AU481-D481
Spacious Sleeps 6 Midway,668518513,,437,437,437,3.57,273,2,2,8,true,false,true,true,true,false,true,Home/Apartment,Apartment,Apt/Condo/Loft,0,0,1,21+,Luxury,false,0,false,1,1,2026-05-15,Utah Area,Heber City,Midway,Utah,84049,United States,mountains_lakes,https://www.airbnb.com/rooms/1478988992241479613,https://a0.muscache.com/im/pictures/hosting/Hosting-1478988992241479613/original/5fb9b7e6-d47e-4b6d-8229-17106f4cb4f5.png,1478988992241479613,,40.5304685403,-111.4959262805,=AVERAGE($G$2:$G$501),=AVERAGE($D$2:$D$501),"=IFERROR(($AT482-G482)/$AT482,0)","=IFERROR(($AU482-D482)/$AU482,0)",=$AU482-D482
Ski in Ski out Deer Valley East Village Condo,EXMAR Property Management At Pioche Village,,386,619,77.2,50,362,1,1,3,true,true,true,true,true,false,false,Home/Apartment,Condominium (condo),Apt/Condo/Loft,4.7,442,1,6-20,Luxury,false,0,true,5,4,2026-05-14,Utah Area,Heber City,Midway,Utah,84049,United States,mountains_lakes,https://www.airbnb.com/rooms/1131965524559451606,https://a0.muscache.com/im/pictures/hosting/Hosting-U3RheVN1cHBseUxpc3Rpbmc6MTEzMTk2NTUyNDU1OTQ1MTYwNg==/original/1addfc81-9d82-4c36-94ea-2e2bf74ce630.jpeg,1131965524559451606,3951333,40.6335,-111.4505,=AVERAGE($G$2:$G$501),=AVERAGE($D$2:$D$501),"=IFERROR(($AT483-G483)/$AT483,0)","=IFERROR(($AU483-D483)/$AU483,0)",=$AU483-D483
New! Lux Jordanelle Home! Easy Drive to DV Gondola,SkyRun Vacation Rentals,,0,4927,0,0,26,4,3,15,true,false,false,true,true,false,false,Home/Apartment,House,House/villa,5,11,3,21+,Luxury,true,425,true,0,0,2025-08-22,Utah Area,Heber City,Heber City,Utah,84032,United States,mountains_lakes,https://www.airbnb.com/rooms/1042235828411713686,https://a0.muscache.com/im/pictures/prohost-api/Hosting-1042235828411713686/original/688afdb0-0dcd-4069-9b5d-d12ee0a9b254.jpeg,1042235828411713686,3753677,40.62797,-111.431589,=AVERAGE($G$2:$G$501),=AVERAGE($D$2:$D$501),"=IFERROR(($AT484-G484)/$AT484,0)","=IFERROR(($AU484-D484)/$AU484,0)",=$AU484-D484
Park City Black Rock Ridge 14549,I Love Vacations - Park City,,0,697,0,0,9,3,3,8,true,false,true,true,true,false,false,Home/Apartment,Townhouse,Apt/Condo/Loft,5,1,3,21+,Luxury,true,541,true,0,0,2025-06-16,Utah Area,Heber City,Heber City,Utah,84032,United States,mountains_lakes,https://www.airbnb.com/rooms/1051476799541369070,https://a0.muscache.com/im/pictures/prohost-api/Hosting-1051476799541369070/original/d1539ddd-07e5-482f-939e-1bac3ebe2b70.jpeg,1051476799541369070,3790120,40.68435,-111.43227,=AVERAGE($G$2:$G$501),=AVERAGE($D$2:$D$501),"=IFERROR(($AT485-G485)/$AT485,0)","=IFERROR(($AU485-D485)/$AU485,0)",=$AU485-D485
"Park City Townhome Near Slopes, Pet Friendly!",Jaunt Vacation Rentals,,0,0,0,0,61,3,2,7,true,false,true,true,true,false,true,Home/Apartment,House,House/villa,4.65,3,1,21+,Luxury,true,365,true,0,0,2025-05-21,Utah Area,Heber City,Kamas,Utah,84036,United States,mountains_lakes,https://www.airbnb.com/rooms/1173208934295232229,https://a0.muscache.com/im/pictures/prohost-api/Hosting-1173208934295232229/original/283feea5-390f-46f5-9f0a-1028dacfdf4c.jpeg,1173208934295232229,4041436,40.67222,-111.43296,=AVERAGE($G$2:$G$501),=AVERAGE($D$2:$D$501),"=IFERROR(($AT486-G486)/$AT486,0)","=IFERROR(($AU486-D486)/$AU486,0)",=$AU486-D486
"Minutes to Gondola, Outdoor Hot Tubs",Luxury Mountain Destinations LLC,,0,902,0,0,24,1,1,2,true,false,true,true,true,false,false,Home/Apartment,Condominium (condo),Apt/Condo/Loft,0,0,4,21+,Luxury,true,151,true,0,0,2025-07-21,Utah Area,Heber City,Midway,Utah,84049,United States,mountains_lakes,https://www.airbnb.com/rooms/1192913652155056479,https://a0.muscache.com/im/pictures/prohost-api/Hosting-1192913652155056479/original/45ea7a43-5c9d-4f62-9887-fbbbe7261ede.jpeg,1192913652155056479,4085492,40.63303,-111.45018,=AVERAGE($G$2:$G$501),=AVERAGE($D$2:$D$501),"=IFERROR(($AT487-G487)/$AT487,0)","=IFERROR(($AU487-D487)/$AU487,0)",=$AU487-D487
Chillside Chalet Deer Valley East Village,I Love Vacations - Park City,,0,861,0,0,55,4,4,12,true,false,true,true,true,false,false,Home/Apartment,Townhouse,Apt/Condo/Loft,4,1,2,21+,Luxury,true,658,true,0,0,2025-07-07,Utah Area,Heber City,Heber City,Utah,84032,United States,mountains_lakes,https://www.airbnb.com/rooms/1198528399393585428,https://a0.muscache.com/im/pictures/prohost-api/Hosting-1198528399393585428/original/7602a8de-f74f-4b2d-90d6-5240a5a82518.jpeg,1198528399393585428,4095555,40.64336,-111.44736,=AVERAGE($G$2:$G$501),=AVERAGE($D$2:$D$501),"=IFERROR(($AT488-G488)/$AT488,0)","=IFERROR(($AU488-D488)/$AU488,0)",=$AU488-D488
"East Village Elegance, Min to Slopes, Trails, Lake",I Love Vacations - Park City,,0,427,0,0,88,3,2,8,true,false,false,true,true,true,false,Home/Apartment,Condominium (condo),Apt/Condo/Loft,0,0,2,21+,Luxury,true,325,true,0,0,2025-08-20,Utah Area,Heber City,Heber City,Utah,84032,United States,mountains_lakes,https://www.airbnb.com/rooms/1199410837852013246,https://a0.muscache.com/im/pictures/prohost-api/Hosting-1199410837852013246/original/34373ff1-cd27-4ee7-8947-cbf5641db54d.jpeg,1199410837852013246,4097188,40.62609,-111.4325,=AVERAGE($G$2:$G$501),=AVERAGE($D$2:$D$501),"=IFERROR(($AT489-G489)/$AT489,0)","=IFERROR(($AU489-D489)/$AU489,0)",=$AU489-D489
Wasatch Wanderlust Jordanelle/Park City Townhouse,Nestique,,0,1976,0,0,2,4,3,13,true,false,true,true,true,true,false,Home/Apartment,House,House/villa,5,3,7,21+,Luxury,false,403,true,0,0,2025-10-03,Utah Area,Heber City,Heber City,Utah,84032,United States,mountains_lakes,https://www.airbnb.com/rooms/1204535940882154150,https://a0.muscache.com/im/pictures/prohost-api/Hosting-1204535940882154150/original/a692f487-f23d-48c6-8caf-d1b4c9738a30.png,1204535940882154150,4107863,40.67504,-111.43356,=AVERAGE($G$2:$G$501),=AVERAGE($D$2:$D$501),"=IFERROR(($AT490-G490)/$AT490,0)","=IFERROR(($AU490-D490)/$AU490,0)",=$AU490-D490
"Red Ledges 4th tee cottage, min 90 day stay",Casago,,0,655,0,0,48,3,3,8,true,false,true,true,true,true,true,Home/Apartment,House,House/villa,0,0,90,21+,Luxury,true,6,false,0,0,2026-01-17,Utah Area,Heber City,Heber City,Utah,84032,United States,mountains_lakes,https://www.airbnb.com/rooms/1252474400434506636,https://a0.muscache.com/im/pictures/prohost-api/Hosting-1252474400434506636/original/749177dd-0346-4e7c-bf3f-7077f0efa13a.jpeg,1252474400434506636,4213867,40.5113169247,-111.38432871,=AVERAGE($G$2:$G$501),=AVERAGE($D$2:$D$501),"=IFERROR(($AT491-G491)/$AT491,0)","=IFERROR(($AU491-D491)/$AU491,0)",=$AU491-D491
Mayflower 942-Near Jordanelle State Park & Skiing!,Natural Retreats,,0,2533,0,0,165,5,4,11,false,false,false,true,true,false,true,Home/Apartment,Townhouse,Apt/Condo/Loft,0,0,3,21+,Luxury,true,793,true,0,0,2025-10-25,Utah Area,Heber City,Heber City,Utah,84032,United States,mountains_lakes,https://www.airbnb.com/rooms/1255217115970047922,https://a0.muscache.com/im/pictures/prohost-api/Hosting-1255217115970047922/original/4b3eee68-c474-4ffe-8d91-22328caab3c3.jpeg,1255217115970047922,20055855ha,40.6276283323,-111.4303592516,=AVERAGE($G$2:$G$501),=AVERAGE($D$2:$D$501),"=IFERROR(($AT492-G492)/$AT492,0)","=IFERROR(($AU492-D492)/$AU492,0)",=$AU492-D492
Perfectly located 2BR with Incredible Amenities,Vacasa,,0,72,0,0,26,2,2,6,true,true,false,true,true,false,true,Home/Apartment,Condominium (condo),Apt/Condo/Loft,0,0,2,21+,Luxury,false,183,true,0,0,2025-02-12,Utah Area,Heber City,Kamas,Utah,84036,United States,mountains_lakes,https://www.airbnb.com/rooms/1255225111056602251,https://a0.muscache.com/im/pictures/prohost-api/Hosting-1255225111056602251/original/d233cad8-d1e6-47db-a8be-0f60f4441778.jpeg,1255225111056602251,4216179,40.67498,-111.42924,=AVERAGE($G$2:$G$501),=AVERAGE($D$2:$D$501),"=IFERROR(($AT493-G493)/$AT493,0)","=IFERROR(($AU493-D493)/$AU493,0)",=$AU493-D493
Reflection by AvantStay | Sleeps 18 + Lake Views,AvantStay,,0,3031,0,0,50,5,6,16,true,false,true,true,true,false,true,Home/Apartment,House,House/villa,4.75,4,7,21+,Luxury,true,870,true,0,0,2025-08-07,Utah Area,Heber City,Kamas,Utah,84036,United States,mountains_lakes,https://www.airbnb.com/rooms/1270411194843478680,https://a0.muscache.com/im/pictures/prohost-api/Hosting-1270411194843478680/original/c2619168-aba7-4152-a33a-7fc6597cb927.jpeg,1270411194843478680,4248558,40.6410759,-111.4051981,=AVERAGE($G$2:$G$501),=AVERAGE($D$2:$D$501),"=IFERROR(($AT494-G494)/$AT494,0)","=IFERROR(($AU494-D494)/$AU494,0)",=$AU494-D494
Resort style studio with pool & mountain views,Vacasa,,0,0,0,0,184,,1,4,true,true,false,false,true,true,true,Home/Apartment,Apartment,Apt/Condo/Loft,4.5,2,1,21+,Luxury,false,106,true,0,0,2025-10-03,Utah Area,Heber City,Kamas,Utah,84036,United States,mountains_lakes,https://www.airbnb.com/rooms/1282680609860583948,https://a0.muscache.com/im/pictures/prohost-api/Hosting-1282680609860583948/original/78c50b76-32f9-4c8f-b817-9f964eecf11e.jpeg,1282680609860583948,,40.6773009237,-111.4295473233,=AVERAGE($G$2:$G$501),=AVERAGE($D$2:$D$501),"=IFERROR(($AT495-G495)/$AT495,0)","=IFERROR(($AU495-D495)/$AU495,0)",=$AU495-D495
"Deer Valley Luxury, 5 bedroom, Hot Tub, Theater",Summit Luxury Vacations,,0,0,0,0,13,5,5,12,true,false,true,true,true,false,false,Home/Apartment,House,House/villa,5,1,5,21+,Luxury,false,1500,true,0,0,2025-03-26,Utah Area,Heber City,Park City,Utah,84060,United States,mountains_lakes,https://www.airbnb.com/rooms/1283362189540978608,https://a0.muscache.com/im/pictures/prohost-api/Hosting-1283362189540978608/original/fe2c2217-47c9-4d1b-b9cd-ba46b9f3c089.jpeg,1283362189540978608,4307427,40.6444904068,-111.4699168026,=AVERAGE($G$2:$G$501),=AVERAGE($D$2:$D$501),"=IFERROR(($AT496-G496)/$AT496,0)","=IFERROR(($AU496-D496)/$AU496,0)",=$AU496-D496
Minutes to Ski! Mayflower Lakeside 14-202,I Love Vacations - Park City,,0,2101,0,0,61,3,2,8,true,false,false,true,true,false,false,Home/Apartment,Condominium (condo),Apt/Condo/Loft,0,0,2,21+,Luxury,true,325,true,0,0,2025-07-07,Utah Area,Heber City,Heber City,Utah,84032,United States,mountains_lakes,https://www.airbnb.com/rooms/1310921174266677187,https://a0.muscache.com/im/pictures/prohost-api/Hosting-1310921174266677187/original/dd95d7f0-fbb5-4741-a85d-77d9fde55b7c.jpeg,1310921174266677187,4332937,40.62729,-111.43331,=AVERAGE($G$2:$G$501),=AVERAGE($D$2:$D$501),"=IFERROR(($AT497-G497)/$AT497,0)","=IFERROR(($AU497-D497)/$AU497,0)",=$AU497-D497
2 BR condo with resort pool & ski shuttle,Vacasa,,0,0,0,0,31,2,2,6,true,true,false,true,true,false,true,Home/Apartment,Condominium (condo),Apt/Condo/Loft,0,0,2,21+,Luxury,false,183,true,0,0,2025-02-11,Utah Area,Heber City,Kamas,Utah,84036,United States,mountains_lakes,https://www.airbnb.com/rooms/1313119160457632997,https://a0.muscache.com/im/pictures/prohost-api/Hosting-1313119160457632997/original/ee97f41d-e23d-4a84-8912-ac3c8d9d43c5.jpeg,1313119160457632997,4338521,40.6772959997,-111.4295135568,=AVERAGE($G$2:$G$501),=AVERAGE($D$2:$D$501),"=IFERROR(($AT498-G498)/$AT498,0)","=IFERROR(($AU498-D498)/$AU498,0)",=$AU498-D498
"2 BR Loft with fireplace, balcony & hot tub",Vacasa,,0,0,0,0,31,2,1,6,true,false,true,true,true,false,false,Home/Apartment,House,House/villa,0,0,2,21+,Luxury,false,212,true,0,0,2025-04-28,Utah Area,Heber City,Heber City,Utah,84032,United States,mountains_lakes,https://www.airbnb.com/rooms/1348621948803884031,https://a0.muscache.com/im/pictures/prohost-api/Hosting-1348621948803884031/original/74172222-7c66-46ef-b4cd-cdeb0d12298c.jpeg,1348621948803884031,,40.5092757642,-111.416855765,=AVERAGE($G$2:$G$501),=AVERAGE($D$2:$D$501),"=IFERROR(($AT499-G499)/$AT499,0)","=IFERROR(($AU499-D499)/$AU499,0)",=$AU499-D499
Stunning 2BR with Resort Amenities and Fireplace,Vacasa,,0,0,0,0,184,2,2,8,true,true,false,true,true,false,true,Home/Apartment,Condominium (condo),Apt/Condo/Loft,0,0,2,21+,Luxury,false,178,true,0,0,2025-09-03,Utah Area,Heber City,Kamas,Utah,84036,United States,mountains_lakes,https://www.airbnb.com/rooms/1356463846836272878,https://a0.muscache.com/im/pictures/prohost-api/Hosting-1356463846836272878/original/4719c2f4-e0b0-4d5f-99d3-b31b1a5aa403.jpeg,1356463846836272878,,40.6779220414,-111.4306750516,=AVERAGE($G$2:$G$501),=AVERAGE($D$2:$D$501),"=IFERROR(($AT500-G500)/$AT500,0)","=IFERROR(($AU500-D500)/$AU500,0)",=$AU500-D500
2 BR dog friendly condo w/ pool & hot tub,Vacasa,,0,0,0,0,184,2,2,8,true,true,false,true,true,true,true,Home/Apartment,Condominium (condo),Apt/Condo/Loft,0,0,1,21+,Luxury,false,133,true,0,0,2025-10-02,Utah Area,Heber City,Kamas,Utah,84036,United States,mountains_lakes,https://www.airbnb.com/rooms/1356463924097962806,https://a0.muscache.com/im/pictures/prohost-api/Hosting-1356463924097962806/original/e9e4bcf3-2392-4a33-8218-a296e717a2e9.jpeg,1356463924097962806,4275368,40.676017708,-111.4290573294,=AVERAGE($G$2:$G$501),=AVERAGE($D$2:$D$501),"=IFERROR(($AT501-G501)/$AT501,0)","=IFERROR(($AU501-D501)/$AU501,0)",=$AU501-D501
