Title,Property Manager/Host,Contact,Revenue,Revenue Potential,ADR,Occupancy,Days Available,Bedrooms,Bathrooms,Accommodates,Has Air Conditioning,Has Gym,Has Hot Tub,Has Kitchen,Has Parking,Has Pets,Has Pool,Listing Type,Property Type,Real Estate Type,Overall Rating,Number of Reviews,Minimum Stay,Host Unit Count,Price Tier,Airbnb Superhost,Cleaning Fee,Instant Book,Reserved Days,Number of Bookings,Last Update,AirDNA Market,AirDNA Subarket,City,State,Zipcode,Country,Location Type,Listing URL,Main Listing Image,Airbnb Property ID,Vrbo Property ID,Latitude,Longitude,Market Average Occupancy,Market Average Revenue,Occupancy Gap,Revenue % Gap,Revenue $ Gap
6 Cabins with Kitchens+Gameroom&Playground,,,145895,425551,2559.56,50,136,11,6,34,true,false,false,true,true,true,false,Home/Apartment,Cabin,House/villa,5,1,2,1,Luxury,false,74,true,57,23,2026-05-14,Arizona Area,Payson,Payson,Arizona,85541,United States,mountains_lakes,https://www.vrbo.com/2218327,https://media.vrbo.com/lodging/65000000/64910000/64903000/64902926/da461f6a.jpg?impolicy=resizecrop&rw=1200&ra=fit,,2218327,34.305971,-111.011939,=AVERAGE($G$2:$G$240),=AVERAGE($D$2:$D$240),"=IFERROR(($AT2-G2)/$AT2,0)","=IFERROR(($AU2-D2)/$AU2,0)",=$AU2-D2
Private 5-Acre Retreat w/ Pickleball & Hot Tub,HolidayRental.com,,135071,138082,1534.9,25.88,349,9,6,16,true,false,true,true,true,true,false,Home/Apartment,Cabin,House/villa,4.8,19,4,6-20,Luxury,true,484,true,88,29,2026-05-13,Arizona Area,Payson,Payson,Arizona,85541,United States,mountains_lakes,https://www.airbnb.com/rooms/759481444833195113,https://a0.muscache.com/im/pictures/hosting/Hosting-759481444833195113/original/15ec454c-8f38-4bfb-88ce-dc76650fbe20.jpeg,759481444833195113,1032183,34.2331,-111.3025,=AVERAGE($G$2:$G$240),=AVERAGE($D$2:$D$240),"=IFERROR(($AT3-G3)/$AT3,0)","=IFERROR(($AU3-D3)/$AU3,0)",=$AU3-D3
5 Acre Estate | Pickleball | Mountain Views | Spa,AZHolidayRental,,133040,139219,1705.64,25,344,9,6,16,true,false,true,true,true,true,false,Home/Apartment,Cabin,House/villa,4.8,53,3,21+,Luxury,true,484,false,78,24,2026-05-13,Arizona Area,Payson,Payson,Arizona,85541,United States,mountains_lakes,https://www.airbnb.com/rooms/26328015,https://a0.muscache.com/im/pictures/hosting/Hosting-26328015/original/ad9249ce-06d8-4d9b-a117-06b949e0fb85.jpeg,26328015,3671734ha,34.2328,-111.3019,=AVERAGE($G$2:$G$240),=AVERAGE($D$2:$D$240),"=IFERROR(($AT4-G4)/$AT4,0)","=IFERROR(($AU4-D4)/$AU4,0)",=$AU4-D4
"Secluded Forest Cabin | Hot Tub, Game Room & Views",304007303,,103839,105627,397.85,72.91,358,3,2,10,true,false,true,true,true,true,false,Home/Apartment,Cabin,House/villa,5,88,2,2-5,Luxury,true,220,false,261,54,2026-05-11,Arizona Area,Payson,Payson,Arizona,85541,United States,mountains_lakes,https://www.airbnb.com/rooms/631907738957472121,https://a0.muscache.com/im/pictures/miso/Hosting-631907738957472121/original/5bdb311d-b253-493a-abe9-e7ca9a7d1925.jpeg,631907738957472121,2838632,34.37898,-111.22111,=AVERAGE($G$2:$G$240),=AVERAGE($D$2:$D$240),"=IFERROR(($AT5-G5)/$AT5,0)","=IFERROR(($AU5-D5)/$AU5,0)",=$AU5-D5
6 Cabins with Kitchens+Gameroom&Playground,Wooden Nickel Cabins,,100569,327298,3047.55,57.89,102,11,6,16,true,false,false,true,true,true,false,Home/Apartment,Cabin,House/villa,4.65,39,2,6-20,Luxury,true,419,false,33,11,2026-05-17,Arizona Area,Payson,Payson,Arizona,85541,United States,mountains_lakes,https://www.airbnb.com/rooms/48317305,https://a0.muscache.com/im/pictures/prohost-api/Hosting-48317305/original/6b3b6f46-e410-4787-8cb2-2f4305e8ddda.png,48317305,2148513,34.306,-111.0119,=AVERAGE($G$2:$G$240),=AVERAGE($D$2:$D$240),"=IFERROR(($AT6-G6)/$AT6,0)","=IFERROR(($AU6-D6)/$AU6,0)",=$AU6-D6
"Dancing Bear Lodge; Pine, AZ",72948431,,95977,109051,385.45,77.33,322,3,3,6,true,false,true,true,true,true,false,Home/Apartment,Chalet,House/villa,5,392,2,1,Luxury,false,200,false,249,59,2026-05-17,Arizona Area,Payson,Pine,Arizona,85544,United States,mountains_lakes,https://www.airbnb.com/rooms/18124373,https://a0.muscache.com/im/pictures/1f5e13d2-0053-40b8-8af9-43de8971c73f.jpg,18124373,4505769ha,34.37327,-111.46754,=AVERAGE($G$2:$G$240),=AVERAGE($D$2:$D$240),"=IFERROR(($AT7-G7)/$AT7,0)","=IFERROR(($AU7-D7)/$AU7,0)",=$AU7-D7
Views Everywhere! | Hiking Trails out the door!,341288790,,94605,107312,402.57,73.9,318,4,3,10,true,false,false,true,true,true,false,Home/Apartment,Cabin,House/villa,5,79,3,2-5,Luxury,true,275,true,235,43,2026-05-16,Arizona Area,Payson,Pine,Arizona,85544,United States,mountains_lakes,https://www.airbnb.com/rooms/727498306681593042,https://a0.muscache.com/im/pictures/prohost-api/Hosting-727498306681593042/original/70431791-fe22-4f11-85a6-55fe2a14db81.jpeg,727498306681593042,3011748,34.37284,-111.46848,=AVERAGE($G$2:$G$240),=AVERAGE($D$2:$D$240),"=IFERROR(($AT8-G8)/$AT8,0)","=IFERROR(($AU8-D8)/$AU8,0)",=$AU8-D8
Reconnect in Luxury | Pine Cabin w/ Sauna +Hideout,60815649,,92267,95752,369.07,70.62,354,4,3,9,true,false,false,true,true,true,false,Home/Apartment,Cabin,House/villa,4.95,104,2,2-5,Luxury,true,225,false,250,70,2026-05-17,Arizona Area,Payson,Pine,Arizona,85544,United States,mountains_lakes,https://www.airbnb.com/rooms/904414683611471956,https://a0.muscache.com/im/pictures/miso/Hosting-904414683611471956/original/75c1f87d-a684-4abb-be0a-80b6a79f41de.jpeg,904414683611471956,3458135,34.39326,-111.4479,=AVERAGE($G$2:$G$240),=AVERAGE($D$2:$D$240),"=IFERROR(($AT9-G9)/$AT9,0)","=IFERROR(($AU9-D9)/$AU9,0)",=$AU9-D9
Luxury Cabin on Tonto Creek,117093267,,90014,92358,500.08,50.28,358,3,2,12,true,false,true,true,true,false,false,Home/Apartment,House,House/villa,4.95,278,2,2-5,Luxury,false,204,false,180,70,2026-05-11,Arizona Area,Payson,Payson,Arizona,85541,United States,mountains_lakes,https://www.airbnb.com/rooms/17338286,https://a0.muscache.com/im/pictures/miso/Hosting-17338286/original/1ac89dc5-2f3e-4e3e-921f-4dfbda0a6b7a.jpeg,17338286,933104,34.31936,-111.08985,=AVERAGE($G$2:$G$240),=AVERAGE($D$2:$D$240),"=IFERROR(($AT10-G10)/$AT10,0)","=IFERROR(($AU10-D10)/$AU10,0)",=$AU10-D10
Payson perfection. Vast views. Pickleball courts!,183712351,,89341,91486,467.75,53.5,357,4,3,15,true,false,false,true,true,false,false,Home/Apartment,House,House/villa,4.9,144,2,2-5,Luxury,true,296,true,191,65,2026-05-11,Arizona Area,Payson,Payson,Arizona,85541,United States,mountains_lakes,https://www.airbnb.com/rooms/640411639154517733,https://a0.muscache.com/im/pictures/miso/Hosting-640411639154517733/original/52de873e-7da2-4e41-be62-e69cc5bbad8b.jpeg,640411639154517733,2909361,34.25207,-111.31116,=AVERAGE($G$2:$G$240),=AVERAGE($D$2:$D$240),"=IFERROR(($AT11-G11)/$AT11,0)","=IFERROR(($AU11-D11)/$AU11,0)",=$AU11-D11
"5BR Luxury Verde River Cabin w/ Hot Tub, Pizza Oven, Game Room, Bar & EV charger",HolidayRental.com,,86635,90047,1468.39,21.38,351,6,3,16,true,false,true,true,true,true,false,Home/Apartment,Cabin,House/villa,4.8,9,3,6-20,Luxury,false,500,true,59,16,2026-05-12,Arizona Area,Payson,Payson,Arizona,85541,United States,mountains_lakes,https://www.vrbo.com/2825696,https://media.vrbo.com/lodging/79000000/78510000/78504500/78504496/ee40ae05.jpg?impolicy=resizecrop&rw=1200&ra=fit,,2825696,34.368334,-111.280753,=AVERAGE($G$2:$G$240),=AVERAGE($D$2:$D$240),"=IFERROR(($AT12-G12)/$AT12,0)","=IFERROR(($AU12-D12)/$AU12,0)",=$AU12-D12
Game Nights in Pine's Winter Woods: Cozy Cabin,Evolve,,84775,96034,770.68,48.03,272,8,3,16,true,false,false,true,true,false,false,Home/Apartment,Cabin,House/villa,4,1,2,21+,Luxury,false,554,true,110,19,2026-05-14,Arizona Area,Payson,Pine,Arizona,85544,United States,mountains_lakes,https://www.airbnb.com/rooms/1432117717626836869,https://a0.muscache.com/im/pictures/prohost-api/Hosting-1432117717626836869/original/d6f16ceb-cde8-40b0-8ca5-6a2ca5d03f5b.jpeg,1432117717626836869,20155602ha,34.4071,-111.5173,=AVERAGE($G$2:$G$240),=AVERAGE($D$2:$D$240),"=IFERROR(($AT13-G13)/$AT13,0)","=IFERROR(($AU13-D13)/$AU13,0)",=$AU13-D13
"End of the Road Lodge Young, Arizona",363536436,,83817,93046,1102.86,28.68,326,8,4,16,true,false,false,true,true,true,false,Home/Apartment,House,House/villa,5,72,2,1,Luxury,true,600,false,76,25,2026-05-13,Arizona Area,Payson,Young,Arizona,85554,United States,mountains_lakes,https://www.airbnb.com/rooms/45057134,https://a0.muscache.com/im/pictures/miso/Hosting-45057134/original/02e1782d-00c0-4420-9c4a-4c390b5f84a6.jpeg,45057134,2043530,34.1576,-110.9013,=AVERAGE($G$2:$G$240),=AVERAGE($D$2:$D$240),"=IFERROR(($AT14-G14)/$AT14,0)","=IFERROR(($AU14-D14)/$AU14,0)",=$AU14-D14
Real log cabin in the Pines with large game room!,561685158,,79737,82503,349.72,64.59,353,3,2,10,true,false,false,true,true,true,false,Home/Apartment,Cabin,House/villa,4.95,118,2,1,Luxury,true,136,false,228,85,2026-05-17,Arizona Area,Payson,Pine,Arizona,85544,United States,mountains_lakes,https://www.airbnb.com/rooms/1089820091813526440,https://a0.muscache.com/im/pictures/miso/Hosting-1089820091813526440/original/ad3ca699-767f-4df5-96c3-3259ce35cf30.jpeg,1089820091813526440,3963540,34.374,-111.4595,=AVERAGE($G$2:$G$240),=AVERAGE($D$2:$D$240),"=IFERROR(($AT15-G15)/$AT15,0)","=IFERROR(($AU15-D15)/$AU15,0)",=$AU15-D15
"Pickleball, Firepits, Game Room, Deck, Mtn View,",403061080,,78218,80050,504.63,43.54,356,4,2,16,true,false,false,true,true,true,false,Home/Apartment,Cabin,House/villa,4.95,151,3,2-5,Luxury,false,343,false,155,43,2026-05-11,Arizona Area,Payson,Pine,Arizona,85544,United States,mountains_lakes,https://www.airbnb.com/rooms/50457574,https://a0.muscache.com/im/pictures/hosting/Hosting-U3RheVN1cHBseUxpc3Rpbmc6NTA0NTc1NzQ%3D/original/8bbb85a9-103b-437e-b45e-3e30fdeef8e5.jpeg,50457574,2368293,34.40476,-111.51209,=AVERAGE($G$2:$G$240),=AVERAGE($D$2:$D$240),"=IFERROR(($AT16-G16)/$AT16,0)","=IFERROR(($AU16-D16)/$AU16,0)",=$AU16-D16
Entire Village (4 homes) Pickle ball court! Sleeps,159961944,,72300,254980,1225.42,81.94,83,7,7,16,true,false,false,true,true,false,false,Home/Apartment,House,House/villa,5,10,3,6-20,Luxury,true,497,false,59,19,2026-05-17,Arizona Area,Payson,Payson,Arizona,85541,United States,mountains_lakes,https://www.airbnb.com/rooms/1083328485182973668,https://a0.muscache.com/im/pictures/prohost-api/Hosting-1083328485182973668/original/dab3785c-212b-4933-8d0e-544633a3780c.jpeg,1083328485182973668,3836537,34.23057,-111.33643,=AVERAGE($G$2:$G$240),=AVERAGE($D$2:$D$240),"=IFERROR(($AT17-G17)/$AT17,0)","=IFERROR(($AU17-D17)/$AU17,0)",=$AU17-D17
Riverfront Retreat. Waterfront. Hiking. Fishing.,68734533,,71060,73617,380,53.12,352,3,2,6,true,false,false,true,true,false,false,Home/Apartment,Cabin,House/villa,5,178,2,2-5,Luxury,true,166,false,187,61,2026-05-13,Arizona Area,Payson,Payson,Arizona,85541,United States,mountains_lakes,https://www.airbnb.com/rooms/31717069,https://a0.muscache.com/im/pictures/a17691c2-efb8-4e4d-a318-520a021a9b32.jpg,31717069,1459376,34.4124,-111.26601,=AVERAGE($G$2:$G$240),=AVERAGE($D$2:$D$240),"=IFERROR(($AT18-G18)/$AT18,0)","=IFERROR(($AU18-D18)/$AU18,0)",=$AU18-D18
"Ponderosa Pine Forest, Arizona. One Bedroom Suite.",Suite Spaces,,69537,90929,360.3,69.93,276,1,1,4,true,true,false,true,true,false,true,Home/Apartment,Condominium (condo),Apt/Condo/Loft,0,0,2,21+,Luxury,true,51,false,193,68,2026-05-17,Arizona Area,Payson,Payson,Arizona,85541,United States,mountains_lakes,https://www.airbnb.com/rooms/736288461596523687,https://a0.muscache.com/im/pictures/prohost-api/Hosting-736288461596523687/original/91ed22c7-d5f3-46e7-8687-489d910c9f40.jpeg,736288461596523687,3168266,34.3251,-111.0939,=AVERAGE($G$2:$G$240),=AVERAGE($D$2:$D$240),"=IFERROR(($AT19-G19)/$AT19,0)","=IFERROR(($AU19-D19)/$AU19,0)",=$AU19-D19
"Two bedroom cabin at Mogollon Rim - Payson, Az.",Suite Spaces,,69384,94792,568.72,52.81,276,2,1,6,true,true,false,true,true,false,true,Home/Apartment,Condominium (condo),Apt/Condo/Loft,0,0,2,21+,Luxury,true,49,false,122,49,2026-05-11,Arizona Area,Payson,Payson,Arizona,85541,United States,mountains_lakes,https://www.airbnb.com/rooms/736317151209091830,https://a0.muscache.com/im/pictures/prohost-api/Hosting-736317151209091830/original/aef927bd-d1cf-4174-ad2a-e1ae64062353.jpeg,736317151209091830,3171092,34.32467,-111.09507,=AVERAGE($G$2:$G$240),=AVERAGE($D$2:$D$240),"=IFERROR(($AT20-G20)/$AT20,0)","=IFERROR(($AU20-D20)/$AU20,0)",=$AU20-D20
Secluded A-Frame Cabin w/ Hot Tub & Forest Views,68734533,,63199,65399,353.07,50.71,353,3,2,6,true,false,true,true,true,false,false,Home/Apartment,Cabin,House/villa,5,59,2,2-5,Luxury,true,165,false,179,62,2026-05-11,Arizona Area,Payson,Payson,Arizona,85541,United States,mountains_lakes,https://www.airbnb.com/rooms/1147344886177605454,https://a0.muscache.com/im/pictures/miso/Hosting-1147344886177605454/original/d2eeb2af-e85c-45af-9a64-c90ba6c181aa.jpeg,1147344886177605454,4120049,34.3778992568,-111.2836180998,=AVERAGE($G$2:$G$240),=AVERAGE($D$2:$D$240),"=IFERROR(($AT21-G21)/$AT21,0)","=IFERROR(($AU21-D21)/$AU21,0)",=$AU21-D21
Luxury Cliffside Cabin with Hot Tub,282398299,,60737,61112,276.08,82.09,271,2,2,6,true,false,true,true,true,false,false,Home/Apartment,Cabin,House/villa,5,56,2,6-20,Luxury,true,196,true,220,79,2026-05-15,Arizona Area,Payson,Pine,Arizona,85544,United States,mountains_lakes,https://www.airbnb.com/rooms/1476474733714715681,https://a0.muscache.com/im/pictures/prohost-api/Hosting-1476474733714715681/original/96eac8f4-07af-4b32-a17a-7ff3bfcc87c9.jpeg,1476474733714715681,4725109,34.3986,-111.443,=AVERAGE($G$2:$G$240),=AVERAGE($D$2:$D$240),"=IFERROR(($AT22-G22)/$AT22,0)","=IFERROR(($AU22-D22)/$AU22,0)",=$AU22-D22
Big Deck l Game Room | King Beds | Pets,341288790,,60411,64509,317.95,55.88,340,3,2,8,true,false,false,true,true,true,false,Home/Apartment,Cabin,House/villa,4.95,36,3,2-5,Luxury,true,275,true,190,36,2026-05-11,Arizona Area,Payson,Pine,Arizona,85544,United States,mountains_lakes,https://www.airbnb.com/rooms/1313743662334117143,https://a0.muscache.com/im/pictures/prohost-api/Hosting-1313743662334117143/original/6583be06-99e7-4d5c-b3fa-fefc6088d07f.jpeg,1313743662334117143,4324120,34.3737757893,-111.4639502781,=AVERAGE($G$2:$G$240),=AVERAGE($D$2:$D$240),"=IFERROR(($AT23-G23)/$AT23,0)","=IFERROR(($AU23-D23)/$AU23,0)",=$AU23-D23
Modern Luxurious A-Frame - Playground,95931046,,59487,62474,332.33,51.29,349,3,3,10,true,false,false,true,true,false,false,Home/Apartment,Cabin,House/villa,4.9,66,3,1,Luxury,true,190,true,179,71,2026-05-13,Arizona Area,Payson,Pine,Arizona,85544,United States,mountains_lakes,https://www.airbnb.com/rooms/720628235936987717,https://a0.muscache.com/im/pictures/hosting/Hosting-720628235936987717/original/45f918cc-822f-49de-a4af-3402d68490b6.jpeg,720628235936987717,4295310,34.4058302416,-111.5093160898,=AVERAGE($G$2:$G$240),=AVERAGE($D$2:$D$240),"=IFERROR(($AT24-G24)/$AT24,0)","=IFERROR(($AU24-D24)/$AU24,0)",=$AU24-D24
The Fox & Fawn On Tonto Creek,23212723,,58995,63144,322.38,62.46,318,3,3,6,true,false,false,true,true,true,false,Home/Apartment,Cabin,House/villa,4.95,64,2,2-5,Luxury,true,179,false,183,43,2026-01-11,Arizona Area,Payson,Payson,Arizona,85541,United States,mountains_lakes,https://www.airbnb.com/rooms/51926515,https://a0.muscache.com/im/pictures/miso/Hosting-51926515/original/51c0386d-7d25-435d-b469-bb72ccd6b489.jpeg,51926515,3669957,34.320972,-111.091599,=AVERAGE($G$2:$G$240),=AVERAGE($D$2:$D$240),"=IFERROR(($AT25-G25)/$AT25,0)","=IFERROR(($AU25-D25)/$AU25,0)",=$AU25-D25
Serene 3-Level Chalet with Hot Tub & Theater,137440468,,58841,77624,445.77,44.75,295,4,3,8,true,false,true,true,true,false,false,Home/Apartment,Chalet,House/villa,5,133,2,1,Luxury,true,249,false,132,41,2026-05-11,Arizona Area,Payson,Pine,Arizona,85544,United States,mountains_lakes,https://www.airbnb.com/rooms/41459163,https://a0.muscache.com/im/pictures/822b983e-ef1a-4eb1-8bb2-6fa010fcb72c.jpg,41459163,1813267,34.37407,-111.46333,=AVERAGE($G$2:$G$240),=AVERAGE($D$2:$D$240),"=IFERROR(($AT26-G26)/$AT26,0)","=IFERROR(($AU26-D26)/$AU26,0)",=$AU26-D26
Forest Home Retreat 11 Ridgeview Retreat,19227186,,57139,64314,439.53,39.27,331,3,2,10,true,false,false,true,true,true,false,Home/Apartment,House,House/villa,4.2,17,1,6-20,Luxury,true,115,true,130,56,2026-05-11,Arizona Area,Payson,Payson,Arizona,85541,United States,mountains_lakes,https://www.airbnb.com/rooms/769155221227462843,https://a0.muscache.com/im/pictures/prohost-api/Hosting-769155221227462843/original/c7015dcf-5454-4007-b38d-d390e4d20e64.jpeg,769155221227462843,2847451,34.3201,-111.0098,=AVERAGE($G$2:$G$240),=AVERAGE($D$2:$D$240),"=IFERROR(($AT27-G27)/$AT27,0)","=IFERROR(($AU27-D27)/$AU27,0)",=$AU27-D27
"Luxury Cabin Vibes | Hot Tub, Sunset Deck + Views",Elite Vacation Rentals,,57097,60130,303.71,65.28,290,3,2,6,true,false,true,true,true,false,false,Home/Apartment,House,House/villa,5,38,3,21+,Luxury,true,230,true,188,60,2026-05-13,Arizona Area,Payson,Pine,Arizona,85544,United States,mountains_lakes,https://www.airbnb.com/rooms/1455215077947844672,https://a0.muscache.com/im/pictures/prohost-api/Hosting-1455215077947844672/original/420a49e6-7c18-4714-84ed-614574610fb5.jpeg,1455215077947844672,4668091,34.4097,-111.51553,=AVERAGE($G$2:$G$240),=AVERAGE($D$2:$D$240),"=IFERROR(($AT28-G28)/$AT28,0)","=IFERROR(($AU28-D28)/$AU28,0)",=$AU28-D28
Elk Surprise Hillside Hideaway,167392868,,56426,58182,199.39,83.48,340,2,1,4,true,false,false,true,true,true,false,Home/Apartment,Cabin,House/villa,5,108,3,1,Luxury,false,125,true,283,44,2026-05-11,Arizona Area,Payson,Payson,Arizona,85541,United States,mountains_lakes,https://www.airbnb.com/rooms/44997001,https://a0.muscache.com/im/pictures/59830f0b-f866-47ff-aea0-9b88ae25e5d8.jpg,44997001,2042248,34.36137,-111.36593,=AVERAGE($G$2:$G$240),=AVERAGE($D$2:$D$240),"=IFERROR(($AT29-G29)/$AT29,0)","=IFERROR(($AU29-D29)/$AU29,0)",=$AU29-D29
Modern Rustic Dog Friendly Cabin *fenced backyard*,70334668,,55645,59079,244.06,66.09,345,2,2,6,true,false,false,true,true,true,false,Home/Apartment,Cabin,House/villa,5,325,2,2-5,Luxury,true,150,true,228,82,2026-05-17,Arizona Area,Payson,Pine,Arizona,85544,United States,mountains_lakes,https://www.airbnb.com/rooms/50249027,https://a0.muscache.com/im/pictures/ba8af28e-ecd9-47a3-9339-409707997bcf.jpg,50249027,2966558,34.37375,-111.46746,=AVERAGE($G$2:$G$240),=AVERAGE($D$2:$D$240),"=IFERROR(($AT30-G30)/$AT30,0)","=IFERROR(($AU30-D30)/$AU30,0)",=$AU30-D30
Rosscup Reserve | Secluded Cabin w/Spa & Deck,681433945,,54992,66233,348.05,61.72,259,3,2,8,true,false,true,true,false,true,false,Home/Apartment,Cabin,House/villa,4.85,23,2,1,Luxury,true,242,false,158,36,2026-03-28,Arizona Area,Payson,Payson,Arizona,85541,United States,mountains_lakes,https://www.airbnb.com/rooms/1375632727437623758,https://a0.muscache.com/im/pictures/miso/Hosting-1375632727437623758/original/d220b234-c93e-4437-a9da-e00aefd5da25.jpeg,1375632727437623758,4452309,34.2645,-110.8937,=AVERAGE($G$2:$G$240),=AVERAGE($D$2:$D$240),"=IFERROR(($AT31-G31)/$AT31,0)","=IFERROR(($AU31-D31)/$AU31,0)",=$AU31-D31
Mid-Century Cabin on the River • 300ft Waterfront,68734533,,54764,59030,300.9,53.53,340,3,1,5,true,false,false,true,true,false,false,Home/Apartment,Cabin,House/villa,5,88,2,2-5,Luxury,true,126,false,182,62,2026-05-11,Arizona Area,Payson,Payson,Arizona,85541,United States,mountains_lakes,https://www.airbnb.com/rooms/834207527841256036,https://a0.muscache.com/im/pictures/hosting/Hosting-834207527841256036/original/b6d046f4-ce1f-4fdd-99d9-48385c09b444.jpeg,834207527841256036,,34.41286,-111.26725,=AVERAGE($G$2:$G$240),=AVERAGE($D$2:$D$240),"=IFERROR(($AT32-G32)/$AT32,0)","=IFERROR(($AU32-D32)/$AU32,0)",=$AU32-D32
"Massive Deck, Dog Run, Hot Tub, EV Charger",Mostess,,54345,54598,300.25,81.17,241,3,1,6,true,false,true,true,true,true,false,Home/Apartment,Cabin,House/villa,4.95,39,1,21+,Luxury,true,277,false,181,59,2026-05-15,Arizona Area,Payson,Pine,Arizona,85544,United States,mountains_lakes,https://www.airbnb.com/rooms/1481275009850080774,https://a0.muscache.com/im/pictures/hosting/Hosting-U3RheVN1cHBseUxpc3Rpbmc6MTQ4MTI3NTAwOTg1MDA4MDc3NA==/original/90c5b9d7-ef85-48e0-8400-ac4b1b0f289f.jpeg,1481275009850080774,4828812,34.4091,-111.5132,=AVERAGE($G$2:$G$240),=AVERAGE($D$2:$D$240),"=IFERROR(($AT33-G33)/$AT33,0)","=IFERROR(($AU33-D33)/$AU33,0)",=$AU33-D33
Strawberry Mountain Lodge,413703567,,53350,59009,4850,30.56,332,3,4,9,true,false,false,true,true,false,false,Home/Apartment,Cabin,House/villa,0,0,299,1,Luxury,false,0,false,11,1,2026-05-15,Arizona Area,Payson,Pine,Arizona,85544,United States,mountains_lakes,https://www.airbnb.com/rooms/1436400791424174947,https://a0.muscache.com/im/pictures/hosting/Hosting-1436400791424174947/original/535a7587-b377-43b0-acec-ba779ad19c5a.jpeg,1436400791424174947,,34.4016102923,-111.4889320929,=AVERAGE($G$2:$G$240),=AVERAGE($D$2:$D$240),"=IFERROR(($AT34-G34)/$AT34,0)","=IFERROR(($AU34-D34)/$AU34,0)",=$AU34-D34
Two Cabins at Juniper Pines,93235267,,53036,58293,2039.85,18.31,144,10,7,16,true,false,false,true,true,false,false,Home/Apartment,Cabin,House/villa,5,16,3,2-5,Luxury,true,850,false,26,9,2025-04-09,Arizona Area,Payson,Payson,Arizona,85541,United States,mountains_lakes,https://www.airbnb.com/rooms/1021114931650382999,https://a0.muscache.com/im/pictures/hosting/Hosting-U3RheVN1cHBseUxpc3Rpbmc6MTAyMTExNDkzMTY1MDM4Mjk5OQ%3D%3D/original/285a0000-f7f9-4b96-967a-d7078018d2ad.jpeg,1021114931650382999,3774892,34.2599284,-111.2737899,=AVERAGE($G$2:$G$240),=AVERAGE($D$2:$D$240),"=IFERROR(($AT35-G35)/$AT35,0)","=IFERROR(($AU35-D35)/$AU35,0)",=$AU35-D35
Norsk Haus | Secluded Mountain Forest Getaway,12294952,,52829,61835,400.22,40.37,332,3,2,11,true,false,false,true,true,true,false,Home/Apartment,Cabin,House/villa,4.85,103,2,2-5,Luxury,false,179,false,132,52,2026-05-13,Arizona Area,Payson,Payson,Arizona,85541,United States,mountains_lakes,https://www.airbnb.com/rooms/54139807,https://a0.muscache.com/im/pictures/miso/Hosting-54139807/original/26f410b8-956e-4043-b8a8-4de0bbad6eff.jpeg,54139807,3625294,34.3723,-111.3558,=AVERAGE($G$2:$G$240),=AVERAGE($D$2:$D$240),"=IFERROR(($AT36-G36)/$AT36,0)","=IFERROR(($AU36-D36)/$AU36,0)",=$AU36-D36
Carroll Lodge by the Falls on Tonto Creek.,171676116,,52606,57752,332.95,54.48,336,2,2,5,true,false,false,true,true,false,false,Home/Apartment,Cabin,House/villa,4.95,150,2,2-5,Luxury,true,181,false,158,43,2026-05-17,Arizona Area,Payson,Payson,Arizona,85541,United States,mountains_lakes,https://www.airbnb.com/rooms/47354743,https://a0.muscache.com/im/pictures/87718e09-4762-47de-9eed-0b70489db8e4.jpg,47354743,,34.3212,-111.0923,=AVERAGE($G$2:$G$240),=AVERAGE($D$2:$D$240),"=IFERROR(($AT37-G37)/$AT37,0)","=IFERROR(($AU37-D37)/$AU37,0)",=$AU37-D37
Furnished Deck + Forest Views: Pine Retreat!,Evolve,,51982,52646,341.99,42.11,361,3,2,8,true,false,false,true,true,false,false,Home/Apartment,Cabin,House/villa,4.8,87,2,21+,Luxury,false,243,true,152,55,2026-05-11,Arizona Area,Payson,Pine,Arizona,85544,United States,mountains_lakes,https://www.airbnb.com/rooms/1009080706026040783,https://a0.muscache.com/im/pictures/prohost-api/Hosting-1009080706026040783/original/8bcd9225-d135-4fb3-950c-a2a70990705d.jpeg,1009080706026040783,9885916ha,34.3718,-111.4602,=AVERAGE($G$2:$G$240),=AVERAGE($D$2:$D$240),"=IFERROR(($AT38-G38)/$AT38,0)","=IFERROR(($AU38-D38)/$AU38,0)",=$AU38-D38
"Luxury River Escape | Spa, Fire Pit, Games & Views",307172228,,51645,65834,1395.81,24.83,332,5,3,16,true,false,true,true,true,true,false,Home/Apartment,Cabin,House/villa,5,1,4,6-20,Luxury,true,559,true,37,10,2026-05-16,Arizona Area,Payson,Payson,Arizona,85541,United States,mountains_lakes,https://www.airbnb.com/rooms/634155739220389087,https://a0.muscache.com/im/pictures/miso/Hosting-634155739220389087/original/7058bf9e-6999-482a-a83a-6327eb4c229b.jpeg,634155739220389087,,34.3683,-111.28,=AVERAGE($G$2:$G$240),=AVERAGE($D$2:$D$240),"=IFERROR(($AT39-G39)/$AT39,0)","=IFERROR(($AU39-D39)/$AU39,0)",=$AU39-D39
Tonto Creek Mountain Cabin - Great Views with Hot Tub and WiFi,,,49455,55975,216.91,76.25,300,2,1,4,true,false,true,true,true,false,false,Home/Apartment,Cabin,House/villa,5,207,2,1,Luxury,false,80,false,228,49,2026-05-15,Arizona Area,Payson,Payson,Arizona,85541,United States,mountains_lakes,https://www.vrbo.com/1014807,https://media.vrbo.com/lodging/34000000/33490000/33488600/33488532/4ce71ef5.jpg?impolicy=resizecrop&rw=1200&ra=fit,,1014807,34.360681,-111.093219,=AVERAGE($G$2:$G$240),=AVERAGE($D$2:$D$240),"=IFERROR(($AT40-G40)/$AT40,0)","=IFERROR(($AU40-D40)/$AU40,0)",=$AU40-D40
The Clyde — Pine | Luxury | Views | Loft | Grill,Evolve,,49449,50123,211.32,65,360,2,2,4,true,false,false,true,true,false,false,Home/Apartment,Cabin,House/villa,4.9,107,3,21+,Luxury,true,200,true,234,74,2026-05-17,Arizona Area,Payson,Pine,Arizona,85544,United States,mountains_lakes,https://www.airbnb.com/rooms/1036348980641622640,https://a0.muscache.com/im/pictures/9981e2be-b144-4dfc-9bed-5f79215548c8.jpg,1036348980641622640,4122889,34.3937,-111.4595,=AVERAGE($G$2:$G$240),=AVERAGE($D$2:$D$240),"=IFERROR(($AT41-G41)/$AT41,0)","=IFERROR(($AU41-D41)/$AU41,0)",=$AU41-D41
Hot Tub & Panoramic Mtn Views: Pine Retreat!,Evolve,,48979,52352,328.72,46.56,338,3,2,7,true,false,true,true,true,false,false,Home/Apartment,House,House/villa,4.95,50,3,21+,Luxury,false,237,true,149,25,2026-05-17,Arizona Area,Payson,Pine,Arizona,85544,United States,mountains_lakes,https://www.airbnb.com/rooms/1105766694237946235,https://a0.muscache.com/im/pictures/prohost-api/Hosting-1105766694237946235/original/8ba64ac2-1bec-4507-bc92-1d7971bef45c.jpeg,1105766694237946235,9935842ha,34.3988,-111.4622,=AVERAGE($G$2:$G$240),=AVERAGE($D$2:$D$240),"=IFERROR(($AT42-G42)/$AT42,0)","=IFERROR(($AU42-D42)/$AU42,0)",=$AU42-D42
'Elkwood Lodge' Cabin w/ Hot Tub in Star Valley!,Evolve,,48459,50182,397.2,34.37,355,3,2,11,true,false,true,true,true,true,false,Home/Apartment,Cabin,House/villa,4.9,100,2,21+,Luxury,false,271,true,122,39,2026-05-13,Arizona Area,Payson,Payson,Arizona,85541,United States,mountains_lakes,https://www.airbnb.com/rooms/51322212,https://a0.muscache.com/im/pictures/prohost-api/Hosting-51322212/original/afa33cba-a0a9-408e-9464-d24d3e603f09.jpeg,51322212,9595860ha,34.2324,-111.2403,=AVERAGE($G$2:$G$240),=AVERAGE($D$2:$D$240),"=IFERROR(($AT43-G43)/$AT43,0)","=IFERROR(($AU43-D43)/$AU43,0)",=$AU43-D43
Cozy Modern Cabin in the Woods,139880447,,48065,48678,249.04,54.21,356,2,2,6,true,false,false,true,true,true,false,Home/Apartment,Cabin,House/villa,5,127,2,1,Luxury,true,150,false,193,59,2026-05-11,Arizona Area,Payson,Pine,Arizona,85544,United States,mountains_lakes,https://www.airbnb.com/rooms/893756953524009762,https://a0.muscache.com/im/pictures/miso/Hosting-893756953524009762/original/a655a4f0-451d-4fde-895b-3d36eb558f61.jpeg,893756953524009762,,34.3962,-111.4585,=AVERAGE($G$2:$G$240),=AVERAGE($D$2:$D$240),"=IFERROR(($AT44-G44)/$AT44,0)","=IFERROR(($AU44-D44)/$AU44,0)",=$AU44-D44
Chic & Serene Family Retreat Ideal Payson Locale,157790141,,46661,49794,291.63,48.78,333,3,2,8,true,false,false,true,true,true,false,Home/Apartment,House,House/villa,4.95,67,3,6-20,Luxury,true,149,true,160,46,2026-05-11,Arizona Area,Payson,Payson,Arizona,85541,United States,mountains_lakes,https://www.airbnb.com/rooms/1176791780428426561,https://a0.muscache.com/im/pictures/hosting/Hosting-U3RheVN1cHBseUxpc3Rpbmc6MTE3Njc5MTc4MDQyODQyNjU2MQ%3D%3D/original/6d738cff-b74f-4ad9-af53-67cd33f0babd.jpeg,1176791780428426561,4052782,34.26521,-111.32613,=AVERAGE($G$2:$G$240),=AVERAGE($D$2:$D$240),"=IFERROR(($AT45-G45)/$AT45,0)","=IFERROR(($AU45-D45)/$AU45,0)",=$AU45-D45
Mud Springs Cottage. A little piece of paradise!,246215615,,44924,50277,201.45,68.62,325,2,1,6,true,false,false,true,true,true,false,Home/Apartment,Cottage,House/villa,5,192,2,1,Luxury,true,50,false,223,90,2026-05-17,Arizona Area,Payson,Payson,Arizona,85541,United States,mountains_lakes,https://www.airbnb.com/rooms/43702788,https://a0.muscache.com/im/pictures/1238de31-87ee-41a8-9445-ed0e8f49f3aa.jpg,43702788,,34.25215,-111.30716,=AVERAGE($G$2:$G$240),=AVERAGE($D$2:$D$240),"=IFERROR(($AT46-G46)/$AT46,0)","=IFERROR(($AU46-D46)/$AU46,0)",=$AU46-D46
Historic Cabin w/ Hot Tub - Romantic Cabin for two,85023704,,44858,46812,196.75,65.33,349,1,1,2,true,false,true,true,true,true,false,Home/Apartment,Cabin,House/villa,4.95,139,2,2-5,Luxury,true,75,true,228,88,2026-05-17,Arizona Area,Payson,Pine,Arizona,85544,United States,mountains_lakes,https://www.airbnb.com/rooms/873530857208474047,https://a0.muscache.com/im/pictures/hosting/Hosting-873530857208474047/original/f8d648b5-11e6-46e8-948b-f2b0f686755b.jpeg,873530857208474047,,34.3854,-111.45178,=AVERAGE($G$2:$G$240),=AVERAGE($D$2:$D$240),"=IFERROR(($AT47-G47)/$AT47,0)","=IFERROR(($AU47-D47)/$AU47,0)",=$AU47-D47
Pet Friendly + Firepit + Grill + Privacy + Nature,3925693,,44758,46458,224.91,56.53,352,2,1,7,true,false,false,true,true,true,false,Home/Apartment,Cabin,House/villa,4.95,131,2,1,Luxury,true,150,true,199,66,2026-05-17,Arizona Area,Payson,Pine,Arizona,85544,United States,mountains_lakes,https://www.airbnb.com/rooms/807132399952330234,https://a0.muscache.com/im/pictures/miso/Hosting-807132399952330234/original/3ca0bae8-1e34-4d3e-9c91-490b67a2bce7.jpeg,807132399952330234,3316590,34.3725,-111.46436,=AVERAGE($G$2:$G$240),=AVERAGE($D$2:$D$240),"=IFERROR(($AT48-G48)/$AT48,0)","=IFERROR(($AU48-D48)/$AU48,0)",=$AU48-D48
2 acre Cozy Rim Country Escape,194301062,,43744,45541,276.86,50.16,323,3,2,8,true,false,false,true,true,true,false,Home/Apartment,House,House/villa,4.95,26,2,1,Luxury,true,99,true,158,48,2026-05-16,Arizona Area,Payson,Payson,Arizona,85541,United States,mountains_lakes,https://www.airbnb.com/rooms/1434350097445227687,https://a0.muscache.com/im/pictures/hosting/Hosting-1434350097445227687/original/cb7a035f-de54-46b8-aa8c-055d75a3c43f.jpeg,1434350097445227687,4683801,34.2366,-111.3089,=AVERAGE($G$2:$G$240),=AVERAGE($D$2:$D$240),"=IFERROR(($AT49-G49)/$AT49,0)","=IFERROR(($AU49-D49)/$AU49,0)",=$AU49-D49
"Cozy 1-Bedroom Cabin with Scenic Patio in Pine, AZ",695500764,,43583,44990,168.93,77.71,354,1,1,2,true,false,false,true,true,false,false,Home/Apartment,Cabin,House/villa,5,73,2,1,Luxury,true,139,true,258,93,2026-05-16,Arizona Area,Payson,Pine,Arizona,85544,United States,mountains_lakes,https://www.airbnb.com/rooms/1421045590021904026,https://a0.muscache.com/im/pictures/hosting/Hosting-U3RheVN1cHBseUxpc3Rpbmc6MTQyMTA0NTU5MDAyMTkwNDAyNg==/original/f5f1af01-aec2-4831-beb2-effa00f3e8d8.jpeg,1421045590021904026,,34.3858,-111.4639,=AVERAGE($G$2:$G$240),=AVERAGE($D$2:$D$240),"=IFERROR(($AT50-G50)/$AT50,0)","=IFERROR(($AU50-D50)/$AU50,0)",=$AU50-D50
Welcome to Heavenly Hollow!,23910893,,43456,45621,339.5,37.32,351,3,2,10,true,false,false,true,true,true,false,Home/Apartment,Cabin,House/villa,4.9,32,2,6-20,Luxury,true,200,false,128,47,2026-05-17,Arizona Area,Payson,Payson,Arizona,85541,United States,mountains_lakes,https://www.airbnb.com/rooms/1395675077015171603,https://a0.muscache.com/im/pictures/hosting/Hosting-1395675077015171603/original/2d5dc47f-c807-4758-8b25-f258d9cc56f5.jpeg,1395675077015171603,4520501,34.3399,-111.2924,=AVERAGE($G$2:$G$240),=AVERAGE($D$2:$D$240),"=IFERROR(($AT51-G51)/$AT51,0)","=IFERROR(($AU51-D51)/$AU51,0)",=$AU51-D51
Luxury Glamper Retreat 14 Forest Site,19227186,,42324,42514,239.12,49.03,361,1,1,8,true,false,false,true,true,true,false,Home/Apartment,Campsite,Unique,4.75,56,1,6-20,Luxury,true,60,true,177,76,2026-05-16,Arizona Area,Payson,Payson,Arizona,85541,United States,mountains_lakes,https://www.airbnb.com/rooms/622686977044304907,https://a0.muscache.com/im/pictures/miso/Hosting-622686977044304907/original/fa1e8328-2e22-4c0e-925d-3af404caca0a.jpeg,622686977044304907,2847443,34.3193,-111.0094,=AVERAGE($G$2:$G$240),=AVERAGE($D$2:$D$240),"=IFERROR(($AT52-G52)/$AT52,0)","=IFERROR(($AU52-D52)/$AU52,0)",=$AU52-D52
Starlight Cottage,689310216,,42144,52872,207.61,67.67,311,2,1,4,true,false,false,true,true,true,false,Home/Apartment,House,House/villa,5,20,2,1,Luxury,false,139,false,203,41,2026-05-13,Arizona Area,Payson,Pine,Arizona,85544,United States,mountains_lakes,https://www.airbnb.com/rooms/1396568182374888993,https://a0.muscache.com/im/pictures/miso/Hosting-1396568182374888993/original/7e255380-327a-45ae-b3c5-1ab1d03ba1bf.png,1396568182374888993,4528377,34.3773,-111.4512,=AVERAGE($G$2:$G$240),=AVERAGE($D$2:$D$240),"=IFERROR(($AT53-G53)/$AT53,0)","=IFERROR(($AU53-D53)/$AU53,0)",=$AU53-D53
Peaceful cabin in the pines,334393077,,41294,42600,230.69,60.07,316,1,1,6,true,false,false,true,true,true,false,Home/Apartment,Cabin,House/villa,5,10,2,2-5,Luxury,true,180,false,179,23,2026-05-15,Arizona Area,Payson,Pine,Arizona,85544,United States,mountains_lakes,https://www.airbnb.com/rooms/1435462564574918632,https://a0.muscache.com/im/pictures/hosting/Hosting-1435462564574918632/original/70985975-1b73-49df-8ac2-937654c138ac.jpeg,1435462564574918632,,34.4068956636,-111.4468153317,=AVERAGE($G$2:$G$240),=AVERAGE($D$2:$D$240),"=IFERROR(($AT54-G54)/$AT54,0)","=IFERROR(($AU54-D54)/$AU54,0)",=$AU54-D54
"5BR Luxury Riverside Cabin, Spa, Pizza Oven, Games",AZHolidayRental,,41049,67157,1466.04,18.42,324,5,3,16,true,false,true,true,true,true,false,Home/Apartment,Cabin,House/villa,4.75,13,3,21+,Luxury,true,560,true,28,8,2026-05-17,Arizona Area,Payson,Payson,Arizona,85541,United States,mountains_lakes,https://www.airbnb.com/rooms/634153155314004622,https://a0.muscache.com/im/pictures/hosting/Hosting-634153155314004622/original/d86cd702-9d69-4572-bae5-3ac69de4c098.jpeg,634153155314004622,2825730,34.3683,-111.2808,=AVERAGE($G$2:$G$240),=AVERAGE($D$2:$D$240),"=IFERROR(($AT55-G55)/$AT55,0)","=IFERROR(($AU55-D55)/$AU55,0)",=$AU55-D55
Valhalla Villa 610 S. Valhalla,387852665,,40083,77429,679.37,33.71,275,3,3,6,true,true,false,true,true,false,true,Home/Apartment,House,House/villa,5,13,2,6-20,Luxury,false,190,true,59,20,2026-04-18,Arizona Area,Payson,Payson,Arizona,85541,United States,mountains_lakes,https://www.airbnb.com/rooms/48184055,https://a0.muscache.com/im/pictures/prohost-api/Hosting-48184055/original/7ff56218-ba4c-4900-9a99-45bbf205eb06.jpeg,48184055,,34.24251,-111.2775,=AVERAGE($G$2:$G$240),=AVERAGE($D$2:$D$240),"=IFERROR(($AT56-G56)/$AT56,0)","=IFERROR(($AU56-D56)/$AU56,0)",=$AU56-D56
Cozy streamfront cabin nestled in the pines,,,39952,40373,159.81,69.25,361,1,1,4,true,false,false,true,true,false,false,Home/Apartment,Cabin,House/villa,5,382,2,1,Luxury,false,59,true,250,87,2026-05-15,Arizona Area,Payson,Payson,Arizona,85541,United States,mountains_lakes,https://www.vrbo.com/895499,https://media.vrbo.com/lodging/25000000/24080000/24073300/24073251/c21185bf.jpg?impolicy=resizecrop&rw=1200&ra=fit,,895499,34.368715,-111.280465,=AVERAGE($G$2:$G$240),=AVERAGE($D$2:$D$240),"=IFERROR(($AT57-G57)/$AT57,0)","=IFERROR(($AU57-D57)/$AU57,0)",=$AU57-D57
Blue Bridge Cabin,165313178,,39535,50939,233.93,67.33,251,1,1,3,true,false,false,true,true,true,false,Home/Apartment,Cabin,House/villa,5,124,2,2-5,Luxury,true,99,true,169,50,2025-10-03,Arizona Area,Payson,Pine,Arizona,85544,United States,mountains_lakes,https://www.airbnb.com/rooms/698767309634060553,https://a0.muscache.com/im/pictures/miso/Hosting-698767309634060553/original/e860c995-7ce8-4213-9fcd-553a30065d2d.jpeg,698767309634060553,2973426,34.37414,-111.46938,=AVERAGE($G$2:$G$240),=AVERAGE($D$2:$D$240),"=IFERROR(($AT58-G58)/$AT58,0)","=IFERROR(($AU58-D58)/$AU58,0)",=$AU58-D58
"Rustic Riverside Cabin, King bed, fishing, hiking",143430300,,39371,40763,186.59,59.6,354,1,2,4,true,false,false,true,true,false,false,Home/Apartment,Cabin,House/villa,5,117,3,2-5,Luxury,true,156,false,211,63,2026-05-17,Arizona Area,Payson,Payson,Arizona,85541,United States,mountains_lakes,https://www.airbnb.com/rooms/1126437587810034559,https://a0.muscache.com/im/pictures/hosting/Hosting-1126437587810034559/original/412d98a4-fdd0-4ddf-9a42-de2a82dcfc05.jpeg,1126437587810034559,,34.33372,-111.29765,=AVERAGE($G$2:$G$240),=AVERAGE($D$2:$D$240),"=IFERROR(($AT59-G59)/$AT59,0)","=IFERROR(($AU59-D59)/$AU59,0)",=$AU59-D59
Premier Arizona Guest Ranch-Owner's Hideaway Suite,401246929,,39358,42050,491.98,26.32,349,1,1,2,true,false,false,false,true,true,false,Private Room,Ranch,Unique,0,0,2,6-20,Luxury,false,0,true,80,28,2026-05-13,Arizona Area,Payson,Young,Arizona,85554,United States,mountains_lakes,https://www.airbnb.com/rooms/50008059,https://a0.muscache.com/im/pictures/d70d8cd9-5473-4dad-ad7e-b1ef3cf768df.jpg,50008059,,34.05225,-110.89504,=AVERAGE($G$2:$G$240),=AVERAGE($D$2:$D$240),"=IFERROR(($AT60-G60)/$AT60,0)","=IFERROR(($AU60-D60)/$AU60,0)",=$AU60-D60
"Pine, AZ- Cabin Getaway w/ Views",124424935,,38998,39747,284.66,40.9,358,3,2,7,true,false,false,true,true,true,false,Home/Apartment,House,House/villa,4.85,36,1,6-20,Luxury,false,220,true,137,55,2026-05-13,Arizona Area,Payson,Pine,Arizona,85544,United States,mountains_lakes,https://www.airbnb.com/rooms/1420438713855953098,https://a0.muscache.com/im/pictures/hosting/Hosting-1420438713855953098/original/70e5e222-a0ea-4a6a-af5a-89c98c929476.jpeg,1420438713855953098,,34.3957275459,-111.4634841739,=AVERAGE($G$2:$G$240),=AVERAGE($D$2:$D$240),"=IFERROR(($AT61-G61)/$AT61,0)","=IFERROR(($AU61-D61)/$AU61,0)",=$AU61-D61
"Mistletoe Cabin w/Fenced Yard, Jacuzzi & Fire Pit",223436862,,38591,39153,219.27,52.69,360,2,2,6,true,false,true,true,true,true,false,Home/Apartment,Cabin,House/villa,4.8,67,2,1,Luxury,false,175,false,176,44,2026-03-02,Arizona Area,Payson,Pine,Arizona,85544,United States,mountains_lakes,https://www.airbnb.com/rooms/897237638179676527,https://a0.muscache.com/im/pictures/miso/Hosting-897237638179676527/original/d5fba626-06f3-4c1c-af33-159e8149d655.jpeg,897237638179676527,3424578,34.38965,-111.44717,=AVERAGE($G$2:$G$240),=AVERAGE($D$2:$D$240),"=IFERROR(($AT62-G62)/$AT62,0)","=IFERROR(($AU62-D62)/$AU62,0)",=$AU62-D62
A-Frame Cabin & Romantic Retreat,441480784,,38104,38440,181.45,61.4,362,1,1,2,true,false,false,false,true,true,false,Home/Apartment,Cabin,House/villa,4.95,66,2,2-5,Luxury,true,126,false,210,87,2026-05-16,Arizona Area,Payson,Pine,Arizona,85544,United States,mountains_lakes,https://www.airbnb.com/rooms/1273862817447476984,https://a0.muscache.com/im/pictures/miso/Hosting-1273862817447476984/original/29242863-e9b6-4425-8319-cc60af8fce3f.jpeg,1273862817447476984,5070300,34.4071250628,-111.4477261914,=AVERAGE($G$2:$G$240),=AVERAGE($D$2:$D$240),"=IFERROR(($AT63-G63)/$AT63,0)","=IFERROR(($AU63-D63)/$AU63,0)",=$AU63-D63
Mountain Views At Rim Country Chalet,194572715,,36591,37093,435.61,25,357,3,2,12,true,false,true,true,true,false,false,Home/Apartment,Cabin,House/villa,4.85,85,2,2-5,Luxury,false,200,true,84,29,2026-05-16,Arizona Area,Payson,Payson,Arizona,85541,United States,mountains_lakes,https://www.airbnb.com/rooms/574480787562105250,https://a0.muscache.com/im/pictures/miso/Hosting-574480787562105250/original/ada7e62b-b1d4-43b7-9827-b29ef5f2d0fa.jpeg,574480787562105250,2691729,34.22977,-111.35533,=AVERAGE($G$2:$G$240),=AVERAGE($D$2:$D$240),"=IFERROR(($AT64-G64)/$AT64,0)","=IFERROR(($AU64-D64)/$AU64,0)",=$AU64-D64
Sundance Barndominium,582548078,,36527,44889,312.2,36.56,325,3,2,12,true,false,false,true,true,false,false,Home/Apartment,House,House/villa,4.95,29,2,1,Luxury,true,200,false,117,42,2026-05-16,Arizona Area,Payson,Tonto Basin,Arizona,85553,United States,mountains_lakes,https://www.airbnb.com/rooms/1355982729109794298,https://a0.muscache.com/im/pictures/hosting/Hosting-1355982729109794298/original/6a17f792-9069-42ad-a863-4d88a7f82ebd.jpeg,1355982729109794298,4557548,33.8316853442,-111.3024131446,=AVERAGE($G$2:$G$240),=AVERAGE($D$2:$D$240),"=IFERROR(($AT65-G65)/$AT65,0)","=IFERROR(($AU65-D65)/$AU65,0)",=$AU65-D65
Payson Cabin Property with Private Pond & Creek,377365192,,36363,54626,498.12,48.34,294,4,2,10,true,false,false,true,true,false,false,Home/Apartment,Cabin,House/villa,5,9,2,2-5,Luxury,true,100,false,73,14,2026-05-16,Arizona Area,Payson,Payson,Arizona,85541,United States,mountains_lakes,https://www.airbnb.com/rooms/1362316960015926021,https://a0.muscache.com/im/pictures/miso/Hosting-1362316960015926021/original/711ec94f-6859-48e0-92c3-6e05b28504c2.jpeg,1362316960015926021,,34.3585456335,-111.0989601511,=AVERAGE($G$2:$G$240),=AVERAGE($D$2:$D$240),"=IFERROR(($AT66-G66)/$AT66,0)","=IFERROR(($AU66-D66)/$AU66,0)",=$AU66-D66
Hot Tub & Mtn View: Dog-Friendly Payson Getaway!,Evolve,,36006,36700,342.91,29.66,358,3,3,8,true,false,true,true,true,true,false,Home/Apartment,Cabin,House/villa,4.85,64,3,21+,Luxury,false,214,true,105,29,2026-05-11,Arizona Area,Payson,Payson,Arizona,85541,United States,mountains_lakes,https://www.airbnb.com/rooms/680725852261940620,https://a0.muscache.com/im/pictures/prohost-api/Hosting-680725852261940620/original/05fc15c6-dfae-4b71-9886-35e477a4567a.jpeg,680725852261940620,9714231ha,34.1917,-111.2952,=AVERAGE($G$2:$G$240),=AVERAGE($D$2:$D$240),"=IFERROR(($AT67-G67)/$AT67,0)","=IFERROR(($AU67-D67)/$AU67,0)",=$AU67-D67
"Fire Pit, Deck & Mtn Views: Upscale Pine Cabin!",Evolve,,35890,38286,314.82,35.08,352,3,3,8,true,false,false,true,true,false,false,Home/Apartment,Cabin,House/villa,4.9,82,3,21+,Luxury,false,208,true,114,35,2026-05-13,Arizona Area,Payson,Pine,Arizona,85544,United States,mountains_lakes,https://www.airbnb.com/rooms/44133899,https://a0.muscache.com/im/pictures/prohost-api/Hosting-44133899/original/f86d5934-991c-4dea-a0ac-7031bfc47782.jpeg,44133899,9479080ha,34.3945,-111.4601,=AVERAGE($G$2:$G$240),=AVERAGE($D$2:$D$240),"=IFERROR(($AT68-G68)/$AT68,0)","=IFERROR(($AU68-D68)/$AU68,0)",=$AU68-D68
The Diamond Star Chateau with Spectacular Views!,50251143,,35785,40706,344.09,42.11,247,3,1,10,true,false,false,true,true,true,false,Home/Apartment,House,House/villa,4.95,194,2,2-5,Luxury,true,200,false,104,36,2026-05-16,Arizona Area,Payson,Payson,Arizona,85541,United States,mountains_lakes,https://www.airbnb.com/rooms/31122729,https://a0.muscache.com/im/pictures/miso/Hosting-31122729/original/0c85d37b-10c1-4192-9043-c8a250e8e51e.jpeg,31122729,1679037,34.2584,-111.26818,=AVERAGE($G$2:$G$240),=AVERAGE($D$2:$D$240),"=IFERROR(($AT69-G69)/$AT69,0)","=IFERROR(($AU69-D69)/$AU69,0)",=$AU69-D69
"Hillside Log Cabin - Near Pine, Water Wheel",413755009,,35438,37816,233.14,43.8,347,2,1,6,true,false,true,true,true,true,false,Home/Apartment,Cabin,House/villa,4.95,218,2,2-5,Luxury,true,150,false,152,52,2026-05-11,Arizona Area,Payson,Payson,Arizona,85541,United States,mountains_lakes,https://www.airbnb.com/rooms/51128321,https://a0.muscache.com/im/pictures/miso/Hosting-51128321/original/88ebaa35-dbc1-4141-bc6a-f4c338cfc9ae.jpeg,51128321,,34.36571,-111.35877,=AVERAGE($G$2:$G$240),=AVERAGE($D$2:$D$240),"=IFERROR(($AT70-G70)/$AT70,0)","=IFERROR(($AU70-D70)/$AU70,0)",=$AU70-D70
Mountain Edge Retreat | Hot Tub • View • Game Room,164234193,,35435,35921,437.47,38.03,239,5,3,14,true,false,true,true,true,true,false,Home/Apartment,House,House/villa,4.75,12,3,2-5,Luxury,false,225,true,81,23,2026-05-15,Arizona Area,Payson,Pine,Arizona,85544,United States,mountains_lakes,https://www.airbnb.com/rooms/1517121937529534782,https://a0.muscache.com/im/pictures/hosting/Hosting-1517121937529534782/original/222a7ec7-c116-4f97-9953-071e85b7513a.png,1517121937529534782,,34.4105,-111.51508,=AVERAGE($G$2:$G$240),=AVERAGE($D$2:$D$240),"=IFERROR(($AT71-G71)/$AT71,0)","=IFERROR(($AU71-D71)/$AU71,0)",=$AU71-D71
"Peaceful mountain home with amazing views, hot tub",7859766,,35141,35724,328.42,29.89,358,3,2,9,true,false,true,true,true,true,false,Home/Apartment,Cabin,House/villa,4.7,58,1,6-20,Luxury,true,186,false,107,33,2026-05-16,Arizona Area,Payson,Payson,Arizona,85541,United States,mountains_lakes,https://www.airbnb.com/rooms/612502509613404147,https://a0.muscache.com/im/pictures/d926b405-7e89-46b4-ac7e-fc15bdf8f991.jpg,612502509613404147,3118385,34.28792,-110.93909,=AVERAGE($G$2:$G$240),=AVERAGE($D$2:$D$240),"=IFERROR(($AT72-G72)/$AT72,0)","=IFERROR(($AU72-D72)/$AU72,0)",=$AU72-D72
Premier Arizona Guest Ranch- Ambush Hill Loft,401246929,,34874,38686,371,34.56,311,1,1,4,false,false,false,false,true,true,false,Private Room,Ranch,Unique,0,0,2,6-20,Luxury,false,0,true,94,30,2026-05-16,Arizona Area,Payson,Young,Arizona,85554,United States,mountains_lakes,https://www.airbnb.com/rooms/51039106,https://a0.muscache.com/im/pictures/e74f0a91-2698-4896-8523-f4d20ff0f8b6.jpg,51039106,,34.05103,-110.89694,=AVERAGE($G$2:$G$240),=AVERAGE($D$2:$D$240),"=IFERROR(($AT73-G73)/$AT73,0)","=IFERROR(($AU73-D73)/$AU73,0)",=$AU73-D73
"Cozy Romantic Cabin in Pine, AZ",441480784,,34495,35001,186.46,51.39,360,1,1,2,true,false,false,true,true,false,false,Home/Apartment,Cabin,House/villa,4.95,231,2,2-5,Luxury,true,124,false,185,77,2026-05-17,Arizona Area,Payson,Pine,Arizona,85544,United States,mountains_lakes,https://www.airbnb.com/rooms/643744861727820343,https://a0.muscache.com/im/pictures/miso/Hosting-643744861727820343/original/eff16e39-0256-4182-8789-6547ac1ffe7f.jpeg,643744861727820343,2630695,34.3995,-111.4516,=AVERAGE($G$2:$G$240),=AVERAGE($D$2:$D$240),"=IFERROR(($AT74-G74)/$AT74,0)","=IFERROR(($AU74-D74)/$AU74,0)",=$AU74-D74
Beautiful 3 BR Cabin w/Direct Trail Access,443999775,,34387,35727,340.47,30.33,351,3,5,8,true,false,false,true,true,false,false,Home/Apartment,Cabin,House/villa,4.65,49,2,1,Luxury,false,275,false,101,28,2026-05-14,Arizona Area,Payson,Payson,Arizona,85541,United States,mountains_lakes,https://www.airbnb.com/rooms/557141992381067611,https://a0.muscache.com/im/pictures/eb33a5f7-3eec-423f-a5a9-0a46470ed905.jpg,557141992381067611,2644245,34.23091,-111.35622,=AVERAGE($G$2:$G$240),=AVERAGE($D$2:$D$240),"=IFERROR(($AT75-G75)/$AT75,0)","=IFERROR(($AU75-D75)/$AU75,0)",=$AU75-D75
Cozy Cabin on 1 Acre in Premier Pine Neighborhood,Evolve,,34384,35447,321.35,30.06,356,3,2,10,true,false,false,true,true,true,false,Home/Apartment,Cabin,House/villa,5,184,2,21+,Luxury,false,326,true,107,34,2026-05-13,Arizona Area,Payson,Pine,Arizona,85544,United States,mountains_lakes,https://www.airbnb.com/rooms/1020372803555222333,https://a0.muscache.com/im/pictures/prohost-api/Hosting-1020372803555222333/original/92d84f1c-cfea-4282-a1a9-03a9610d26da.jpeg,1020372803555222333,9892141ha,34.4041,-111.4462,=AVERAGE($G$2:$G$240),=AVERAGE($D$2:$D$240),"=IFERROR(($AT76-G76)/$AT76,0)","=IFERROR(($AU76-D76)/$AU76,0)",=$AU76-D76
Cabin & Casita Surrounded by Pines,60998929,,34259,36393,255.66,41.36,334,3,2,8,true,false,false,true,true,false,false,Home/Apartment,House,House/villa,4.8,193,2,1,Luxury,false,100,false,134,28,2019-11-15,Arizona Area,Payson,Payson,Arizona,85541,United States,mountains_lakes,https://www.airbnb.com/rooms/11677422,https://a0.muscache.com/im/pictures/1ba4214e-f0ea-4d35-8ba5-73357d816af2.jpg?aki_policy=x_large,11677422,637626,34.24975,-111.32678,=AVERAGE($G$2:$G$240),=AVERAGE($D$2:$D$240),"=IFERROR(($AT77-G77)/$AT77,0)","=IFERROR(($AU77-D77)/$AU77,0)",=$AU77-D77
Welcome to The Burrow: Your Forest Paradise,,,34205,47920,560.74,31.28,198,4,3,19,true,false,false,true,true,true,false,Home/Apartment,House,House/villa,4.9,37,2,1,Luxury,false,199,false,61,19,2026-05-17,Arizona Area,Payson,Payson,Arizona,85541,United States,mountains_lakes,https://www.vrbo.com/2331677,https://media.vrbo.com/lodging/69000000/68160000/68152400/68152395/f417c494.jpg?impolicy=resizecrop&rw=1200&ra=fit,,2331677,34.352642,-111.14519,=AVERAGE($G$2:$G$240),=AVERAGE($D$2:$D$240),"=IFERROR(($AT78-G78)/$AT78,0)","=IFERROR(($AU78-D78)/$AU78,0)",=$AU78-D78
Perfectly located spacious cabin in the tall pines,274077654,,34088,34485,355.08,31.27,362,3,4,8,true,false,false,true,true,true,false,Home/Apartment,Cabin,House/villa,5,69,2,1,Luxury,false,160,false,96,26,2026-05-16,Arizona Area,Payson,Pine,Arizona,85544,United States,mountains_lakes,https://www.airbnb.com/rooms/851039658967183301,https://a0.muscache.com/im/pictures/miso/Hosting-851039658967183301/original/c7c8d6c7-d88d-4037-b553-e00496bceb82.jpeg,851039658967183301,3249204,34.3817,-111.4468,=AVERAGE($G$2:$G$240),=AVERAGE($D$2:$D$240),"=IFERROR(($AT79-G79)/$AT79,0)","=IFERROR(($AU79-D79)/$AU79,0)",=$AU79-D79
Northern Luxury in The Pines,43290119,,32790,34510,338.04,30.22,355,3,2,6,true,false,true,true,true,false,false,Home/Apartment,Cabin,House/villa,5,167,2,2-5,Luxury,true,200,false,97,30,2026-05-16,Arizona Area,Payson,Pine,Arizona,85544,United States,mountains_lakes,https://www.airbnb.com/rooms/21126144,https://a0.muscache.com/im/pictures/be872a46-a1a8-4f1d-9191-aec43bf748cd.jpg,21126144,1009871,34.40589,-111.48872,=AVERAGE($G$2:$G$240),=AVERAGE($D$2:$D$240),"=IFERROR(($AT80-G80)/$AT80,0)","=IFERROR(($AU80-D80)/$AU80,0)",=$AU80-D80
Cool off in our creek cabin!!,19126124,,32753,33116,222.81,42.86,363,1,2,6,false,false,false,true,true,true,false,Home/Apartment,Cabin,House/villa,4.9,160,2,1,Luxury,false,0,false,147,44,2019-09-22,Arizona Area,Payson,Payson,Arizona,85541,United States,mountains_lakes,https://www.airbnb.com/rooms/35290996,https://a0.muscache.com/im/pictures/85c760ff-ee07-4fe6-9b1f-8a7bf1869743.jpg?aki_policy=x_large,35290996,1631549,34.31444,-111.01979,=AVERAGE($G$2:$G$240),=AVERAGE($D$2:$D$240),"=IFERROR(($AT81-G81)/$AT81,0)","=IFERROR(($AU81-D81)/$AU81,0)",=$AU81-D81
"Peaceful Mountain Retreat @ Kohl's Ranch, AZ",683953247,,32474,37766,303.5,37.54,289,2,2,6,true,false,false,true,true,false,false,Home/Apartment,Cabin,House/villa,5,15,3,1,Luxury,false,180,false,107,28,2026-05-14,Arizona Area,Payson,Payson,Arizona,85541,United States,mountains_lakes,https://www.airbnb.com/rooms/1375521471917041161,https://a0.muscache.com/im/pictures/hosting/Hosting-U3RheVN1cHBseUxpc3Rpbmc6MTM3NTUyMTQ3MTkxNzA0MTE2MQ==/original/16128ae0-b2f8-46f3-b81a-a8f46458027f.jpeg,1375521471917041161,4497162,34.3206,-111.0892,=AVERAGE($G$2:$G$240),=AVERAGE($D$2:$D$240),"=IFERROR(($AT82-G82)/$AT82,0)","=IFERROR(($AU82-D82)/$AU82,0)",=$AU82-D82
Winter has arrived at Emmas Loft -Strawberry AZ,60285615,,32386,33283,176.97,52.14,357,,1,2,true,false,false,true,true,true,false,Home/Apartment,Guest suite,House/villa,5,327,2,1,Luxury,false,56,false,183,60,2026-05-11,Arizona Area,Payson,Pine,Arizona,85544,United States,mountains_lakes,https://www.airbnb.com/rooms/32658478,https://a0.muscache.com/im/pictures/9b6a7dca-3899-410d-8fc7-c73fe6c3924c.jpg,32658478,1397207,34.40614,-111.50831,=AVERAGE($G$2:$G$240),=AVERAGE($D$2:$D$240),"=IFERROR(($AT83-G83)/$AT83,0)","=IFERROR(($AU83-D83)/$AU83,0)",=$AU83-D83
"Bobcat Bunkhouse Cabin KING bed, WIFI, deck, full",Wooden Nickel Cabins,,32231,34854,233.56,40.71,339,1,1,4,true,false,false,true,true,true,false,Home/Apartment,Cabin,House/villa,4.85,78,1,6-20,Luxury,true,93,true,138,60,2026-05-13,Arizona Area,Payson,Payson,Arizona,85541,United States,mountains_lakes,https://www.airbnb.com/rooms/595551433624950517,https://a0.muscache.com/im/pictures/prohost-api/Hosting-595551433624950517/original/3c7cafa6-b67d-43ce-963b-5d57b6d73e42.jpeg,595551433624950517,2785943,34.306,-111.0119,=AVERAGE($G$2:$G$240),=AVERAGE($D$2:$D$240),"=IFERROR(($AT84-G84)/$AT84,0)","=IFERROR(($AU84-D84)/$AU84,0)",=$AU84-D84
Romantic Pet-Friendly Cabin in Pine,86797453,,32132,32853,245.28,58.22,239,1,1,3,true,false,false,true,true,true,false,Home/Apartment,Cabin,House/villa,5,45,2,2-5,Luxury,true,100,true,131,53,2026-05-15,Arizona Area,Payson,Pine,Arizona,85544,United States,mountains_lakes,https://www.airbnb.com/rooms/1506841710455019673,https://a0.muscache.com/im/pictures/hosting/Hosting-1506841710455019673/original/5722d118-3bd6-4ad1-89ec-956bf00ca6d5.jpeg,1506841710455019673,4819867,34.3752,-111.4707,=AVERAGE($G$2:$G$240),=AVERAGE($D$2:$D$240),"=IFERROR(($AT85-G85)/$AT85,0)","=IFERROR(($AU85-D85)/$AU85,0)",=$AU85-D85
Remote Mountainside Cabin with Amazing Views,58073744,,31930,32851,234.78,38.42,354,2,2,5,true,false,false,true,true,true,false,Home/Apartment,Cabin,House/villa,5,80,2,1,Luxury,true,184,false,136,33,2026-05-17,Arizona Area,Payson,Payson,Arizona,85541,United States,mountains_lakes,https://www.airbnb.com/rooms/614693901657386748,https://a0.muscache.com/im/pictures/bb87cf2d-8f1a-4b59-a143-16abe387a388.jpg,614693901657386748,,34.37609,-111.22642,=AVERAGE($G$2:$G$240),=AVERAGE($D$2:$D$240),"=IFERROR(($AT86-G86)/$AT86,0)","=IFERROR(($AU86-D86)/$AU86,0)",=$AU86-D86
Hideaway forest cabin 9 Squirrels Den,19227186,,31908,34621,185.51,50.29,342,,1,4,true,false,false,false,true,true,false,Home/Apartment,Cabin,House/villa,4.55,126,1,6-20,Luxury,true,50,true,172,86,2026-05-11,Arizona Area,Payson,Payson,Arizona,85541,United States,mountains_lakes,https://www.airbnb.com/rooms/44460558,https://a0.muscache.com/im/pictures/miso/Hosting-44460558/original/af6312f1-c5a8-4765-95d1-52ab35a899bc.jpeg,44460558,2847452,34.3204,-111.0097,=AVERAGE($G$2:$G$240),=AVERAGE($D$2:$D$240),"=IFERROR(($AT87-G87)/$AT87,0)","=IFERROR(($AU87-D87)/$AU87,0)",=$AU87-D87
3 Cabins with Kitchens+Gameroom&Playground,Wooden Nickel Cabins,,31805,117161,883.47,37.89,164,6,3,16,true,false,false,true,true,true,false,Home/Apartment,Cabin,House/villa,4.65,6,2,6-20,Luxury,true,490,false,36,12,2026-05-17,Arizona Area,Payson,Payson,Arizona,85541,United States,mountains_lakes,https://www.airbnb.com/rooms/48317303,https://a0.muscache.com/im/pictures/f59e1090-5943-4b55-b3c7-bc59fa8044c9.jpg,48317303,2218329,34.306,-111.0119,=AVERAGE($G$2:$G$240),=AVERAGE($D$2:$D$240),"=IFERROR(($AT88-G88)/$AT88,0)","=IFERROR(($AU88-D88)/$AU88,0)",=$AU88-D88
Mtn-View 'Cabin 404' w/ Deck in Payson!,Evolve,,31467,31733,203.01,44.54,363,1,1,6,true,false,false,true,true,false,false,Home/Apartment,Cabin,House/villa,4.8,80,2,21+,Luxury,false,208,true,155,35,2026-05-11,Arizona Area,Payson,Payson,Arizona,85541,United States,mountains_lakes,https://www.airbnb.com/rooms/53641201,https://a0.muscache.com/im/pictures/prohost-api/Hosting-53641201/original/ef15b36f-c50c-4e63-b009-6059d0e51893.jpeg,53641201,9634905ha,34.313,-111.0192,=AVERAGE($G$2:$G$240),=AVERAGE($D$2:$D$240),"=IFERROR(($AT89-G89)/$AT89,0)","=IFERROR(($AU89-D89)/$AU89,0)",=$AU89-D89
Charming Cottage with Great Views,457502700,,31382,31749,193.72,46.55,360,2,1,2,true,false,false,true,true,false,false,Home/Apartment,Cottage,House/villa,5,97,2,1,Luxury,true,77,false,162,54,2026-05-13,Arizona Area,Payson,Payson,Arizona,85541,United States,mountains_lakes,https://www.airbnb.com/rooms/619663193599361017,https://a0.muscache.com/im/pictures/miso/Hosting-619663193599361017/original/319eb224-9f94-4a42-92d9-47d22692b7ce.jpeg,619663193599361017,3308725,34.2347,-111.341,=AVERAGE($G$2:$G$240),=AVERAGE($D$2:$D$240),"=IFERROR(($AT90-G90)/$AT90,0)","=IFERROR(($AU90-D90)/$AU90,0)",=$AU90-D90
Escape to the Mountain&relax in Hot Tub 2 bedroom,462137354,,31115,32641,202.05,44,350,2,1,6,true,false,true,true,true,true,false,Home/Apartment,Cabin,House/villa,5,74,2,2-5,Luxury,true,98,true,154,47,2026-05-13,Arizona Area,Payson,Pine,Arizona,85544,United States,mountains_lakes,https://www.airbnb.com/rooms/1166314415250591856,https://a0.muscache.com/im/pictures/hosting/Hosting-1166314415250591856/original/72278c69-c254-47a3-8f0b-ba56b1bc7662.jpeg,1166314415250591856,2852647,34.40648,-111.5111,=AVERAGE($G$2:$G$240),=AVERAGE($D$2:$D$240),"=IFERROR(($AT91-G91)/$AT91,0)","=IFERROR(($AU91-D91)/$AU91,0)",=$AU91-D91
"Black Bear Cabin-onsite bear hunt & playground,",Wooden Nickel Cabins,,31043,32694,244.43,37.03,343,2,1,6,true,false,false,true,true,true,false,Home/Apartment,Cabin,House/villa,4.75,159,1,6-20,Luxury,true,92,false,127,51,2026-05-11,Arizona Area,Payson,Payson,Arizona,85541,United States,mountains_lakes,https://www.airbnb.com/rooms/8227834,https://a0.muscache.com/im/pictures/cdc434dd-93c7-4f0e-b2fc-34bbf0cb84c7.jpg,8227834,2148543,34.3073,-111.0117,=AVERAGE($G$2:$G$240),=AVERAGE($D$2:$D$240),"=IFERROR(($AT92-G92)/$AT92,0)","=IFERROR(($AU92-D92)/$AU92,0)",=$AU92-D92
"Private 2.5Ac, Firepit, Trails, BBQ, Lg Deck, Cozy",Evolve,,30992,32357,245.97,38.53,346,2,1,6,true,false,false,true,true,false,false,Home/Apartment,Cabin,House/villa,4.9,60,2,21+,Luxury,true,150,true,126,41,2026-05-13,Arizona Area,Payson,Pine,Arizona,85544,United States,mountains_lakes,https://www.airbnb.com/rooms/1100897435014490399,https://a0.muscache.com/im/pictures/hosting/Hosting-U3RheVN1cHBseUxpc3Rpbmc6MTEwMDg5NzQzNTAxNDQ5MDM5OQ%3D%3D/original/1f9ff5f7-840a-4089-bc10-c02375f47342.png,1100897435014490399,9448577ha,34.3756,-111.4645,=AVERAGE($G$2:$G$240),=AVERAGE($D$2:$D$240),"=IFERROR(($AT93-G93)/$AT93,0)","=IFERROR(($AU93-D93)/$AU93,0)",=$AU93-D93
"Wolves Den Cabin,WIFI, game room - Backs Tonto For",Wooden Nickel Cabins,,29946,32301,245.46,36.42,335,2,1,6,true,false,false,true,true,true,false,Home/Apartment,Cabin,House/villa,4.8,109,1,6-20,Luxury,true,93,false,122,60,2026-05-13,Arizona Area,Payson,Payson,Arizona,85541,United States,mountains_lakes,https://www.airbnb.com/rooms/8227821,https://a0.muscache.com/im/pictures/dbde8530-eb6b-4c8d-b833-0fd2c74494b8.jpg,8227821,2148532,34.3073,-111.0117,=AVERAGE($G$2:$G$240),=AVERAGE($D$2:$D$240),"=IFERROR(($AT94-G94)/$AT94,0)","=IFERROR(($AU94-D94)/$AU94,0)",=$AU94-D94
"Hot Tub, Fire Pit & Deck: Chic Arizona Retreat",Evolve,,29682,29888,349.2,24.15,362,3,3,8,true,false,true,true,true,false,false,Home/Apartment,Cabin,House/villa,4.85,42,2,21+,Luxury,false,326,true,85,30,2026-05-16,Arizona Area,Payson,Pine,Arizona,85544,United States,mountains_lakes,https://www.airbnb.com/rooms/925883758193410403,https://a0.muscache.com/im/pictures/prohost-api/Hosting-925883758193410403/original/088102c1-fa98-49e9-a6ea-0723d4808def.jpeg,925883758193410403,9845166ha,34.3978,-111.4588,=AVERAGE($G$2:$G$240),=AVERAGE($D$2:$D$240),"=IFERROR(($AT95-G95)/$AT95,0)","=IFERROR(($AU95-D95)/$AU95,0)",=$AU95-D95
Luxury-Pines-3 Bed-2.5acre-Sleeps15-5mins to creek,180568979,,29585,48482,379.29,36.45,281,3,2,15,true,false,false,true,true,true,false,Home/Apartment,Cabin,House/villa,4.8,35,2,1,Luxury,false,300,false,78,27,2026-05-14,Arizona Area,Payson,Young,Arizona,85554,United States,mountains_lakes,https://www.airbnb.com/rooms/547315876681544637,https://a0.muscache.com/im/pictures/f5ab0bfa-9cb2-411e-95e1-cdf47261349f.jpg,547315876681544637,2626911,34.2108242543,-110.968220439,=AVERAGE($G$2:$G$240),=AVERAGE($D$2:$D$240),"=IFERROR(($AT96-G96)/$AT96,0)","=IFERROR(($AU96-D96)/$AU96,0)",=$AU96-D96
Lavender Cottage at Kohl's Ranch,76242113,,29420,30823,233.49,36.31,354,2,1,5,true,false,false,true,true,true,false,Home/Apartment,Cabin,House/villa,5,19,2,1,Luxury,true,180,false,126,33,2026-05-17,Arizona Area,Payson,Payson,Arizona,85541,United States,mountains_lakes,https://www.airbnb.com/rooms/1390029349317412446,https://a0.muscache.com/im/pictures/hosting/Hosting-1390029349317412446/original/bb8fca80-daa8-44fa-b4c6-e6e97e4f629e.jpeg,1390029349317412446,4908738,34.318623668,-111.0879332008,=AVERAGE($G$2:$G$240),=AVERAGE($D$2:$D$240),"=IFERROR(($AT97-G97)/$AT97,0)","=IFERROR(($AU97-D97)/$AU97,0)",=$AU97-D97
Green Valley Cottage,73654328,,28545,30081,164.05,50.29,346,1,1,6,true,false,false,true,true,true,false,Home/Apartment,Cottage,House/villa,4.9,576,1,1,Luxury,true,75,true,174,71,2026-05-11,Arizona Area,Payson,Payson,Arizona,85541,United States,mountains_lakes,https://www.airbnb.com/rooms/27700355,https://a0.muscache.com/im/pictures/fc6c7093-5be7-4470-9a76-eb1cb2e391cf.jpg,27700355,,34.23064,-111.3452,=AVERAGE($G$2:$G$240),=AVERAGE($D$2:$D$240),"=IFERROR(($AT98-G98)/$AT98,0)","=IFERROR(($AU98-D98)/$AU98,0)",=$AU98-D98
Yurt Romantic Retreat. Sky View!,14274441,,28545,29667,224.76,35.98,353,2,1,6,true,false,false,true,true,false,false,Home/Apartment,Yurt,Unique,4.95,127,2,1,Luxury,true,120,true,127,51,2026-05-13,Arizona Area,Payson,Pine,Arizona,85544,United States,mountains_lakes,https://www.airbnb.com/rooms/979887009776629903,https://a0.muscache.com/im/pictures/miso/Hosting-25966169/original/a7d60dda-8872-435d-aa18-1b76c3456409.jpeg,979887009776629903,,34.37473,-111.46563,=AVERAGE($G$2:$G$240),=AVERAGE($D$2:$D$240),"=IFERROR(($AT99-G99)/$AT99,0)","=IFERROR(($AU99-D99)/$AU99,0)",=$AU99-D99
Hot Tub + Deck: Mtn-View Pine Getaway!,Evolve,,28363,29090,315.14,25.71,354,2,3,6,true,false,true,true,true,true,false,Home/Apartment,Cabin,House/villa,4.95,72,2,21+,Luxury,false,214,true,90,36,2026-05-13,Arizona Area,Payson,Pine,Arizona,85544,United States,mountains_lakes,https://www.airbnb.com/rooms/778190370069633564,https://a0.muscache.com/im/pictures/prohost-api/Hosting-778190370069633564/original/f35ff4a1-b128-4c21-9397-3e006aa22c6a.jpeg,778190370069633564,9765036ha,34.3946,-111.4632,=AVERAGE($G$2:$G$240),=AVERAGE($D$2:$D$240),"=IFERROR(($AT100-G100)/$AT100,0)","=IFERROR(($AU100-D100)/$AU100,0)",=$AU100-D100
Cozy Secluded Cabin w/Zipline on Pine Creek,24672527,,27560,28729,215.31,48.67,351,3,2,6,true,false,false,true,true,true,false,Home/Apartment,Cabin,House/villa,4.85,81,2,6-20,Luxury,true,201,false,128,9,2026-05-13,Arizona Area,Payson,Pine,Arizona,85544,United States,mountains_lakes,https://www.airbnb.com/rooms/4786164,https://a0.muscache.com/im/pictures/hosting/Hosting-U3RheVN1cHBseUxpc3Rpbmc6NDc4NjE2NA==/original/10d9daf6-6e93-4ac0-99ab-2ac31765b418.jpeg,4786164,,34.3973,-111.4438,=AVERAGE($G$2:$G$240),=AVERAGE($D$2:$D$240),"=IFERROR(($AT101-G101)/$AT101,0)","=IFERROR(($AU101-D101)/$AU101,0)",=$AU101-D101
Colcord Mountain Retreat-Horse Friendly,389089446,,27522,27619,210.09,40.56,362,2,1,8,true,false,false,true,true,true,false,Home/Apartment,Cabin,House/villa,5,56,2,2-5,Luxury,true,124,false,131,35,2026-05-16,Arizona Area,Payson,Payson,Arizona,85541,United States,mountains_lakes,https://www.airbnb.com/rooms/893127045101510056,https://a0.muscache.com/im/pictures/miso/Hosting-893127045101510056/original/719cf5c8-abd3-4b5e-8dcf-4447a86175de.jpeg,893127045101510056,3015336,34.26514,-110.88889,=AVERAGE($G$2:$G$240),=AVERAGE($D$2:$D$240),"=IFERROR(($AT102-G102)/$AT102,0)","=IFERROR(($AU102-D102)/$AU102,0)",=$AU102-D102
Rim View Retreat,146560453,,27505,28156,289.53,31.25,360,3,2,6,true,false,false,true,true,true,false,Home/Apartment,House,House/villa,5,28,2,1,Luxury,false,75,false,95,23,2026-05-16,Arizona Area,Payson,Payson,Arizona,85541,United States,mountains_lakes,https://www.airbnb.com/rooms/1209026449148546470,https://a0.muscache.com/im/pictures/miso/Hosting-1209026449148546470/original/c553082f-a2e5-4202-8475-ab887305fcb5.jpeg,1209026449148546470,4090408,34.2356,-111.3431,=AVERAGE($G$2:$G$240),=AVERAGE($D$2:$D$240),"=IFERROR(($AT103-G103)/$AT103,0)","=IFERROR(($AU103-D103)/$AU103,0)",=$AU103-D103
The Ultimate Mountain View Getaway!,234175266,,26732,30140,990.07,12.05,234,4,4,16,true,false,false,true,true,true,false,Home/Apartment,House,House/villa,4.65,32,1,6-20,Luxury,false,401,true,27,13,2025-10-23,Arizona Area,Payson,Payson,Arizona,85541,United States,mountains_lakes,https://www.airbnb.com/rooms/691267986436009907,https://a0.muscache.com/im/pictures/miso/Hosting-691267986436009907/original/8b2e7c11-0975-4132-a0bf-bf5da36a70f0.png,691267986436009907,2945195,34.2913,-111.36773,=AVERAGE($G$2:$G$240),=AVERAGE($D$2:$D$240),"=IFERROR(($AT104-G104)/$AT104,0)","=IFERROR(($AU104-D104)/$AU104,0)",=$AU104-D104
"Christopher Creek Payson Cabin, Game Rm, Grills",Wooden Nickel Cabins,,26609,28828,235.48,33.33,339,2,1,6,true,false,false,true,true,true,false,Home/Apartment,Cabin,House/villa,4.85,164,1,6-20,Luxury,true,92,false,113,50,2026-05-16,Arizona Area,Payson,Payson,Arizona,85541,United States,mountains_lakes,https://www.airbnb.com/rooms/8227788,https://a0.muscache.com/im/pictures/b0e052ea-ad12-4c9a-8f2d-66f3dc05eab9.jpg,8227788,2148522,34.3072,-111.0116,=AVERAGE($G$2:$G$240),=AVERAGE($D$2:$D$240),"=IFERROR(($AT105-G105)/$AT105,0)","=IFERROR(($AU105-D105)/$AU105,0)",=$AU105-D105
Adventure Payson from Knotty R&R Apartment,385433398,,25986,37233,195.38,47.16,314,2,1,6,true,false,false,true,true,false,false,Home/Apartment,Guest house,House/villa,5,49,1,1,Luxury,false,100,false,133,18,2026-05-15,Arizona Area,Payson,Payson,Arizona,85541,United States,mountains_lakes,https://www.airbnb.com/rooms/595212523030089287,https://a0.muscache.com/im/pictures/miso/Hosting-595212523030089287/original/3d9ea3f8-48be-461f-9a20-41aa1ebf9c78.jpeg,595212523030089287,2871756,34.25135,-111.26758,=AVERAGE($G$2:$G$240),=AVERAGE($D$2:$D$240),"=IFERROR(($AT106-G106)/$AT106,0)","=IFERROR(($AU106-D106)/$AU106,0)",=$AU106-D106
"Pine Creek Cabins, Cabin #4 ",,,25854,26505,194.39,50.76,264,2,1,4,true,false,false,true,true,true,false,Home/Apartment,Cabin,House/villa,4.7,16,2,1,Luxury,false,70,true,133,22,2025-10-29,Arizona Area,Payson,Pine,Arizona,85544,United States,mountains_lakes,https://www.vrbo.com/1992400,https://media.vrbo.com/lodging/54000000/53950000/53940200/53940119/2bf078b8.jpg?impolicy=resizecrop&rw=1200&ra=fit,,1992400,34.38738,-111.45381,=AVERAGE($G$2:$G$240),=AVERAGE($D$2:$D$240),"=IFERROR(($AT107-G107)/$AT107,0)","=IFERROR(($AU107-D107)/$AU107,0)",=$AU107-D107
Cozy Cottage,177523017,,25702,27083,157.68,47.25,345,1,1,4,true,false,true,true,true,false,false,Home/Apartment,Cabin,House/villa,4.9,424,1,2-5,Luxury,true,59,true,163,70,2026-05-13,Arizona Area,Payson,Payson,Arizona,85541,United States,mountains_lakes,https://www.airbnb.com/rooms/28441401,https://a0.muscache.com/im/pictures/hosting/Hosting-28441401/original/fdbf5beb-ceda-4707-9d70-ffc535307b06.jpeg,28441401,969492,34.2902,-111.3691,=AVERAGE($G$2:$G$240),=AVERAGE($D$2:$D$240),"=IFERROR(($AT108-G108)/$AT108,0)","=IFERROR(($AU108-D108)/$AU108,0)",=$AU108-D108
15% Weekly/25% Monthly Off-Rustic Retreat Cottage,153817252,,25691,28343,117.85,65.47,349,1,1,2,true,false,false,true,true,true,false,Home/Apartment,House,House/villa,3.6,36,1,6-20,Luxury,false,55,true,218,26,2026-05-17,Arizona Area,Payson,Payson,Arizona,85541,United States,mountains_lakes,https://www.airbnb.com/rooms/903185960436348142,https://a0.muscache.com/im/pictures/miso/Hosting-903185960436348142/original/c586f516-a25d-45b6-9870-8246b21b69e0.jpeg,903185960436348142,3433878,34.2493,-111.3189,=AVERAGE($G$2:$G$240),=AVERAGE($D$2:$D$240),"=IFERROR(($AT109-G109)/$AT109,0)","=IFERROR(($AU109-D109)/$AU109,0)",=$AU109-D109
Christopher Creek Cabins - Cabin 6,,,25604,25733,220.72,35.8,360,2,1,6,true,false,false,true,true,true,false,Home/Apartment,Cabin,House/villa,4.9,115,2,1,Luxury,false,65,true,116,46,2026-05-16,Arizona Area,Payson,Payson,Arizona,85541,United States,mountains_lakes,https://www.vrbo.com/1408925,https://media.vrbo.com/lodging/31000000/30520000/30516000/30515971/e663c50c.jpg?impolicy=resizecrop&rw=1200&ra=fit,,1408925,34.31732,-111.014896,=AVERAGE($G$2:$G$240),=AVERAGE($D$2:$D$240),"=IFERROR(($AT110-G110)/$AT110,0)","=IFERROR(($AU110-D110)/$AU110,0)",=$AU110-D110
Christopher Creek WoodenNickel Cozy Family Cabin 1,Wooden Nickel Cabins,,25599,27557,248.53,30.38,340,2,1,6,true,false,false,true,true,true,false,Home/Apartment,Cabin,House/villa,4.8,127,1,6-20,Luxury,true,92,false,103,44,2026-05-13,Arizona Area,Payson,Payson,Arizona,85541,United States,mountains_lakes,https://www.airbnb.com/rooms/8210427,https://a0.muscache.com/im/pictures/prohost-api/Hosting-8210427/original/80babd94-3d43-4244-b4b6-e55b44966519.png,8210427,2143938,34.3072,-111.0115,=AVERAGE($G$2:$G$240),=AVERAGE($D$2:$D$240),"=IFERROR(($AT111-G111)/$AT111,0)","=IFERROR(($AU111-D111)/$AU111,0)",=$AU111-D111
Dead Mule Ranch,114185211,,25492,25492,194.6,35.89,365,1,1,6,false,false,false,true,true,true,false,Home/Apartment,Cabin,House/villa,5,348,2,1,Luxury,true,64,false,131,52,2026-05-17,Arizona Area,Payson,Payson,Arizona,85541,United States,mountains_lakes,https://www.airbnb.com/rooms/17024242,https://a0.muscache.com/im/pictures/2b4c4f1b-a489-46b6-9531-7d77731b1c65.jpg,17024242,470922,34.34523,-111.13934,=AVERAGE($G$2:$G$240),=AVERAGE($D$2:$D$240),"=IFERROR(($AT112-G112)/$AT112,0)","=IFERROR(($AU112-D112)/$AU112,0)",=$AU112-D112
Apple Cabin,527329675,,24639,32137,230.27,49.08,274,2,2,5,true,false,false,true,true,true,false,Home/Apartment,House,House/villa,5,18,2,2-5,Luxury,false,158,false,107,17,2026-05-17,Arizona Area,Payson,Payson,Arizona,85541,United States,mountains_lakes,https://www.airbnb.com/rooms/1177712247206487030,https://a0.muscache.com/im/pictures/miso/Hosting-1177712247206487030/original/34d327bc-99fe-4f39-8ae7-81317f963f15.jpeg,1177712247206487030,,34.31471,-111.01651,=AVERAGE($G$2:$G$240),=AVERAGE($D$2:$D$240),"=IFERROR(($AT113-G113)/$AT113,0)","=IFERROR(($AU113-D113)/$AU113,0)",=$AU113-D113
NEW Fire Pit Lounge | Modern Cabin Under Pines,53350514,,24327,25243,194.62,68.31,206,2,1,4,true,false,false,true,true,true,false,Home/Apartment,Cabin,House/villa,4.95,49,2,1,Luxury,true,135,true,125,52,2026-05-15,Arizona Area,Payson,Pine,Arizona,85544,United States,mountains_lakes,https://www.airbnb.com/rooms/1485904664420450877,https://a0.muscache.com/im/pictures/hosting/Hosting-1485904664420450877/original/42a7dd4c-54b1-4ac3-a630-e42f12a3b37a.jpeg,1485904664420450877,4882638,34.38438,-111.4686,=AVERAGE($G$2:$G$240),=AVERAGE($D$2:$D$240),"=IFERROR(($AT114-G114)/$AT114,0)","=IFERROR(($AU114-D114)/$AU114,0)",=$AU114-D114
"Hilltop Aframe Cabin with Loft & Views, Views!",174956540,,23837,24278,361.17,22.68,360,3,2,10,true,false,false,true,true,false,false,Home/Apartment,Cabin,House/villa,4.8,97,2,1,Luxury,false,199,false,66,25,2026-05-16,Arizona Area,Payson,Pine,Arizona,85544,United States,mountains_lakes,https://www.airbnb.com/rooms/52001563,https://a0.muscache.com/im/pictures/miso/Hosting-52001563/original/47550333-99d5-43de-97a7-b3a7b0c18ea2.jpeg,52001563,2457410,34.40891,-111.52089,=AVERAGE($G$2:$G$240),=AVERAGE($D$2:$D$240),"=IFERROR(($AT115-G115)/$AT115,0)","=IFERROR(($AU115-D115)/$AU115,0)",=$AU115-D115
Christopher Creek Cabins - Cabin 10,,,23641,23804,214.92,31.16,362,1,1,6,true,false,false,true,true,true,false,Home/Apartment,Cabin,House/villa,4.9,17,2,1,Luxury,false,64,true,110,36,2026-05-16,Arizona Area,Payson,Payson,Arizona,85541,United States,mountains_lakes,https://www.vrbo.com/1737675,https://media.vrbo.com/lodging/40000000/39540000/39536100/39536016/2aa7e064.jpg?impolicy=resizecrop&rw=1200&ra=fit,,1737675,34.31763,-111.014982,=AVERAGE($G$2:$G$240),=AVERAGE($D$2:$D$240),"=IFERROR(($AT116-G116)/$AT116,0)","=IFERROR(($AU116-D116)/$AU116,0)",=$AU116-D116
Nature's Escape,17889817,,23306,40556,197.51,75.64,166,2,1,6,true,false,false,true,true,false,false,Home/Apartment,House,House/villa,5,5,2,2-5,Luxury,true,100,false,118,11,2026-05-13,Arizona Area,Payson,Tonto Basin,Arizona,85553,United States,mountains_lakes,https://www.airbnb.com/rooms/1108109875405198304,https://a0.muscache.com/im/pictures/hosting/Hosting-U3RheVN1cHBseUxpc3Rpbmc6MTEwODEwOTg3NTQwNTE5ODMwNA%3D%3D/original/5c8929bf-8d2b-4f78-988a-cddb752524cb.jpeg,1108109875405198304,4220045,33.79792,-111.25064,=AVERAGE($G$2:$G$240),=AVERAGE($D$2:$D$240),"=IFERROR(($AT117-G117)/$AT117,0)","=IFERROR(($AU117-D117)/$AU117,0)",=$AU117-D117
Once Upon a Creek: Cozy Cabin In The Pines w/Patio,468537681,,23199,23315,297.42,24.15,364,2,2,6,true,false,false,true,true,false,false,Home/Apartment,Cabin,House/villa,5,21,2,1,Luxury,true,0,false,78,32,2026-05-14,Arizona Area,Payson,Payson,Arizona,85541,United States,mountains_lakes,https://www.airbnb.com/rooms/1418948924769237653,https://a0.muscache.com/im/pictures/miso/Hosting-1418948924769237653/original/ff99ad08-4952-41fd-9436-91b78b4b09c3.jpeg,1418948924769237653,4588030,34.3173,-111.0135,=AVERAGE($G$2:$G$240),=AVERAGE($D$2:$D$240),"=IFERROR(($AT118-G118)/$AT118,0)","=IFERROR(($AU118-D118)/$AU118,0)",=$AU118-D118
Sunset Cabin,507686335,,23085,23748,262.33,26.75,351,2,2,4,true,false,false,true,true,false,false,Home/Apartment,Cabin,House/villa,5,63,2,1,Luxury,false,166,false,88,38,2026-05-17,Arizona Area,Payson,Pine,Arizona,85544,United States,mountains_lakes,https://www.airbnb.com/rooms/903148904941569417,https://a0.muscache.com/im/pictures/miso/Hosting-903148904941569417/original/eaf5e723-e99c-48c4-aa1d-82a05b727974.jpeg,903148904941569417,2876216,34.40244,-111.5028,=AVERAGE($G$2:$G$240),=AVERAGE($D$2:$D$240),"=IFERROR(($AT119-G119)/$AT119,0)","=IFERROR(($AU119-D119)/$AU119,0)",=$AU119-D119
"Elk Hollow Cabin with CHARM Backs National Forest,",Wooden Nickel Cabins,,22768,25413,261.7,26.61,336,2,1,6,true,false,false,true,true,true,false,Home/Apartment,Cabin,House/villa,4.7,101,1,6-20,Luxury,true,95,false,87,37,2026-05-13,Arizona Area,Payson,Payson,Arizona,85541,United States,mountains_lakes,https://www.airbnb.com/rooms/8225131,https://a0.muscache.com/im/pictures/a3797450-c000-4ed6-9611-b3a2927bcf94.jpg,8225131,,34.3073,-111.0118,=AVERAGE($G$2:$G$240),=AVERAGE($D$2:$D$240),"=IFERROR(($AT120-G120)/$AT120,0)","=IFERROR(($AU120-D120)/$AU120,0)",=$AU120-D120
Lakeview Retreat- Premier Arizona Guest Ranch,401246929,,22571,24843,364.05,22.3,348,1,1,4,true,false,false,false,true,true,false,Private Room,Ranch,Unique,5,1,2,6-20,Luxury,false,0,true,62,20,2026-05-16,Arizona Area,Payson,Young,Arizona,85554,United States,mountains_lakes,https://www.airbnb.com/rooms/51041526,https://a0.muscache.com/im/pictures/hosting/Hosting-U3RheVN1cHBseUxpc3Rpbmc6NTEwNDE1MjY%3D/original/c6191e7d-40fc-4ece-8266-f32e1435c725.jpeg,51041526,,34.05095,-110.89588,=AVERAGE($G$2:$G$240),=AVERAGE($D$2:$D$240),"=IFERROR(($AT121-G121)/$AT121,0)","=IFERROR(($AU121-D121)/$AU121,0)",=$AU121-D121
Kodiak Bunkhouse,342761325,,22295,22336,192.2,31.87,364,1,1,6,true,false,false,true,true,true,false,Home/Apartment,Cabin,House/villa,4.95,253,1,1,Luxury,true,48,false,116,69,2026-05-16,Arizona Area,Payson,Pine,Arizona,85544,United States,mountains_lakes,https://www.airbnb.com/rooms/45326237,https://a0.muscache.com/im/pictures/8512f11f-80d8-4dbe-bd04-406b23b779bc.jpg,45326237,2087766,34.40551,-111.51948,=AVERAGE($G$2:$G$240),=AVERAGE($D$2:$D$240),"=IFERROR(($AT122-G122)/$AT122,0)","=IFERROR(($AU122-D122)/$AU122,0)",=$AU122-D122
Private Cabin Property with Private Pond and Creek,377365192,,22150,40092,381.9,40.28,302,3,2,8,true,false,false,true,true,false,false,Home/Apartment,Cabin,House/villa,5,8,2,2-5,Luxury,true,201,false,58,9,2026-05-17,Arizona Area,Payson,Payson,Arizona,85541,United States,mountains_lakes,https://www.airbnb.com/rooms/1359436723147407559,https://a0.muscache.com/im/pictures/miso/Hosting-1359436723147407559/original/394a3ff7-06b6-478c-9123-4df8a4a3668f.jpeg,1359436723147407559,,34.3579,-111.0979,=AVERAGE($G$2:$G$240),=AVERAGE($D$2:$D$240),"=IFERROR(($AT123-G123)/$AT123,0)","=IFERROR(($AU123-D123)/$AU123,0)",=$AU123-D123
Christopher Creek Cabins - Cabin 5,,,21833,24431,222.79,30.06,344,2,1,6,true,false,false,true,true,true,false,Home/Apartment,Cabin,House/villa,4.8,89,2,1,Luxury,false,65,true,98,43,2026-05-16,Arizona Area,Payson,Payson,Arizona,85541,United States,mountains_lakes,https://www.vrbo.com/1330413,https://media.vrbo.com/lodging/25000000/24260000/24256600/24256567/2fae4e34.jpg?impolicy=resizecrop&rw=1200&ra=fit,,1330413,34.31732,-111.014896,=AVERAGE($G$2:$G$240),=AVERAGE($D$2:$D$240),"=IFERROR(($AT124-G124)/$AT124,0)","=IFERROR(($AU124-D124)/$AU124,0)",=$AU124-D124
"Private 2.5Acres, Firepit, Trails, BBQ, Lg Deck, Cozy",,,21704,22106,278.26,36.62,218,2,1,6,true,false,false,true,true,false,false,Home/Apartment,Cabin,House/villa,4.8,9,2,1,Luxury,false,150,true,78,28,2025-10-01,Arizona Area,Payson,Pine,Arizona,85544,United States,mountains_lakes,https://www.vrbo.com/3881708,https://media.vrbo.com/lodging/103000000/102770000/102769700/102769640/d07d912a.jpg?impolicy=resizecrop&rw=1200&ra=fit,,3881708,34.37557,-111.46434,=AVERAGE($G$2:$G$240),=AVERAGE($D$2:$D$240),"=IFERROR(($AT125-G125)/$AT125,0)","=IFERROR(($AU125-D125)/$AU125,0)",=$AU125-D125
Pet-Friendly • Cozy Cabin in the Heavenly Pines,8121020,,21400,29519,194.55,37.93,290,1,1,4,true,false,false,true,true,true,false,Home/Apartment,Cabin,House/villa,4.95,221,1,1,Luxury,true,106,true,110,49,2026-05-11,Arizona Area,Payson,Pine,Arizona,85544,United States,mountains_lakes,https://www.airbnb.com/rooms/660813010734346668,https://a0.muscache.com/im/pictures/miso/Hosting-660813010734346668/original/927d19f2-1e8e-4b8a-badf-273e6f8384b9.jpeg,660813010734346668,,34.37771,-111.46178,=AVERAGE($G$2:$G$240),=AVERAGE($D$2:$D$240),"=IFERROR(($AT126-G126)/$AT126,0)","=IFERROR(($AU126-D126)/$AU126,0)",=$AU126-D126
Elk Haven Cabins - Cabin 3,,,21029,22303,181.28,100,195,,1,3,true,false,false,true,true,true,false,Home/Apartment,Cabin,House/villa,0,0,2,1,Luxury,false,60,false,116,10,2026-05-16,Arizona Area,Payson,Payson,Arizona,85541,United States,mountains_lakes,https://www.vrbo.com/4914374,https://media.vrbo.com/lodging/123000000/122100000/122097700/122097668/60530870.jpg?impolicy=resizecrop&rw=1200&ra=fit,,4914374,34.28883,-110.94047,=AVERAGE($G$2:$G$240),=AVERAGE($D$2:$D$240),"=IFERROR(($AT127-G127)/$AT127,0)","=IFERROR(($AU127-D127)/$AU127,0)",=$AU127-D127
"Rustic, cozy, A-Frame Cabin!",445529370,,19784,19841,247.3,21.98,364,1,1,4,true,false,false,true,true,false,false,Home/Apartment,Cabin,House/villa,5,57,1,1,Luxury,true,175,false,80,47,2026-05-17,Arizona Area,Payson,Pine,Arizona,85544,United States,mountains_lakes,https://www.airbnb.com/rooms/1273378942742204435,https://a0.muscache.com/im/pictures/miso/Hosting-1273378942742204435/original/f0907b39-502e-4b48-beeb-302ad3a48298.jpeg,1273378942742204435,,34.3759160964,-111.4694324278,=AVERAGE($G$2:$G$240),=AVERAGE($D$2:$D$240),"=IFERROR(($AT128-G128)/$AT128,0)","=IFERROR(($AU128-D128)/$AU128,0)",=$AU128-D128
Cabin #1 - 1 Bedroom Modern With Fireplace,597198770,,18958,19594,167.77,32.56,354,1,1,4,true,false,false,true,false,true,false,Home/Apartment,Cabin,House/villa,4.7,10,1,6-20,Luxury,true,60,true,113,55,2026-05-16,Arizona Area,Payson,Payson,Arizona,85541,United States,mountains_lakes,https://www.airbnb.com/rooms/1231997103582577556,https://a0.muscache.com/im/pictures/prohost-api/Hosting-1231997103582577556/original/3c6ae914-8690-4335-b9f0-c1c03b4d4b8d.jpeg,1231997103582577556,4154070,34.31946,-111.01,=AVERAGE($G$2:$G$240),=AVERAGE($D$2:$D$240),"=IFERROR(($AT129-G129)/$AT129,0)","=IFERROR(($AU129-D129)/$AU129,0)",=$AU129-D129
Enjoy one of our remodeled one bedroom cabins with Jacuzzi tub.,,,17714,17714,178.93,38.52,271,1,1,4,true,false,false,true,true,true,false,Home/Apartment,Cabin,House/villa,4.6,13,2,1,Luxury,false,70,true,99,16,2025-10-25,Arizona Area,Payson,Pine,Arizona,85544,United States,mountains_lakes,https://www.vrbo.com/2554409,https://media.vrbo.com/lodging/74000000/73070000/73062500/73062489/34d135dd.jpg?impolicy=resizecrop&rw=1200&ra=fit,,2554409,34.3875,-111.4546,=AVERAGE($G$2:$G$240),=AVERAGE($D$2:$D$240),"=IFERROR(($AT130-G130)/$AT130,0)","=IFERROR(($AU130-D130)/$AU130,0)",=$AU130-D130
Cabin #8 - Ranch House,597198770,,17644,19080,215.17,23.98,342,1,1,8,true,false,false,true,false,true,false,Home/Apartment,House,House/villa,4.85,12,1,6-20,Luxury,true,59,true,82,43,2026-05-17,Arizona Area,Payson,Payson,Arizona,85541,United States,mountains_lakes,https://www.airbnb.com/rooms/1231997471976263923,https://a0.muscache.com/im/pictures/prohost-api/Hosting-1231997471976263923/original/238f7d31-958c-4b60-992a-7a0abfdda732.jpeg,1231997471976263923,4159112,34.32012,-111.01107,=AVERAGE($G$2:$G$240),=AVERAGE($D$2:$D$240),"=IFERROR(($AT131-G131)/$AT131,0)","=IFERROR(($AU131-D131)/$AU131,0)",=$AU131-D131
Pine Mountain Cabin The Ponderosa,Arizona Vacation Rentals,,17583,18344,293.05,23.26,351,3,2,16,true,false,false,true,true,false,false,Home/Apartment,Cabin,House/villa,4.9,23,2,21+,Luxury,false,125,true,60,16,2026-05-17,Arizona Area,Payson,Young,Arizona,85554,United States,mountains_lakes,https://www.airbnb.com/rooms/926481227151482636,https://a0.muscache.com/im/pictures/prohost-api/Hosting-926481227151482636/original/39c42635-b469-4880-bd4f-004837fb93fd.jpeg,926481227151482636,3488253,34.0965,-110.97632,=AVERAGE($G$2:$G$240),=AVERAGE($D$2:$D$240),"=IFERROR(($AT132-G132)/$AT132,0)","=IFERROR(($AU132-D132)/$AU132,0)",=$AU132-D132
Colcord Cabin on 3 acres,,,17496,32636,546.75,41.56,170,3,2,10,false,false,true,true,true,true,false,Home/Apartment,Cabin,House/villa,5,3,3,1,Luxury,false,300,false,32,5,2025-10-21,Arizona Area,Payson,Payson,Arizona,85541,United States,mountains_lakes,https://www.vrbo.com/2293769,https://media.vrbo.com/lodging/68000000/67270000/67260200/67260119/w1170h794x0y0-63d2ae6f.jpg?impolicy=resizecrop&rw=1200&ra=fit,,2293769,34.288357,-110.93693,=AVERAGE($G$2:$G$240),=AVERAGE($D$2:$D$240),"=IFERROR(($AT133-G133)/$AT133,0)","=IFERROR(($AU133-D133)/$AU133,0)",=$AU133-D133
"Studio Guesthouse w/2 HORSE STALLS: Sleeps 4, Tack Room, Mogollon Rim Views, Trails",Arizona Vacation Home Rentals,,17359,17359,162.23,29.89,365,1,1,4,true,false,false,true,true,true,false,Home/Apartment,Apartment,Apt/Condo/Loft,5,24,1,21+,Luxury,false,159,true,107,34,2022-03-27,Arizona Area,Payson,Payson,Arizona,85541,United States,mountains_lakes,https://www.airbnb.com/rooms/44034149,https://a0.muscache.com/im/pictures/c0f59085-dc15-4612-baf1-3d9f238603fc.jpg?aki_policy=x_large,44034149,9478362ha,34.23635,-111.24174,=AVERAGE($G$2:$G$240),=AVERAGE($D$2:$D$240),"=IFERROR(($AT134-G134)/$AT134,0)","=IFERROR(($AU134-D134)/$AU134,0)",=$AU134-D134
Premier Arizona Guest Ranch-60 Caliber Room,401246929,,17175,17958,277.02,22.38,354,1,1,4,true,false,false,false,true,true,false,Private Room,Ranch,Unique,5,1,2,6-20,Luxury,false,0,true,62,20,2026-05-17,Arizona Area,Payson,Young,Arizona,85554,United States,mountains_lakes,https://www.airbnb.com/rooms/50999573,https://a0.muscache.com/im/pictures/e43265a5-855d-4df7-8c16-de4d402965f3.jpg,50999573,,34.05225,-110.89588,=AVERAGE($G$2:$G$240),=AVERAGE($D$2:$D$240),"=IFERROR(($AT135-G135)/$AT135,0)","=IFERROR(($AU135-D135)/$AU135,0)",=$AU135-D135
AZ Mountain Rim Retreat,159878469,,17063,20633,379.18,25.42,269,3,2,12,true,false,true,true,true,false,false,Home/Apartment,Cabin,House/villa,4.95,17,2,2-5,Luxury,false,213,false,45,13,2026-05-14,Arizona Area,Payson,Pine,Arizona,85544,United States,mountains_lakes,https://www.airbnb.com/rooms/52657287,https://a0.muscache.com/im/pictures/miso/Hosting-52657287/original/7de880c0-ea35-4b96-be96-e08e9f9f64f2.jpeg,52657287,2537461,34.39343,-111.46068,=AVERAGE($G$2:$G$240),=AVERAGE($D$2:$D$240),"=IFERROR(($AT136-G136)/$AT136,0)","=IFERROR(($AU136-D136)/$AU136,0)",=$AU136-D136
End of the Trail,547571768,,17051,19168,327.9,21.67,343,3,2,6,true,false,false,true,true,false,false,Home/Apartment,Cabin,House/villa,4.95,16,2,1,Luxury,false,176,false,52,14,2026-05-17,Arizona Area,Payson,Pine,Arizona,85544,United States,mountains_lakes,https://www.airbnb.com/rooms/1029786381798180737,https://a0.muscache.com/im/pictures/miso/Hosting-1029786381798180737/original/65c3bb09-4b00-4161-8c90-f35eb6500a0c.jpeg,1029786381798180737,,34.40384,-111.45184,=AVERAGE($G$2:$G$240),=AVERAGE($D$2:$D$240),"=IFERROR(($AT137-G137)/$AT137,0)","=IFERROR(($AU137-D137)/$AU137,0)",=$AU137-D137
Christopher Creek Cabins - Cabin 3,,,16869,17895,213.53,30.86,355,1,1,4,true,false,false,true,true,false,false,Home/Apartment,Cabin,House/villa,5,50,2,1,Luxury,false,65,true,79,26,2026-05-14,Arizona Area,Payson,Payson,Arizona,85541,United States,mountains_lakes,https://www.vrbo.com/1641799,https://media.vrbo.com/lodging/37000000/36840000/36831000/36830981/ed2a73df.jpg?impolicy=resizecrop&rw=1200&ra=fit,,1641799,34.31732,-111.014896,=AVERAGE($G$2:$G$240),=AVERAGE($D$2:$D$240),"=IFERROR(($AT138-G138)/$AT138,0)","=IFERROR(($AU138-D138)/$AU138,0)",=$AU138-D138
Big Buck Lodge: Secluded Getaway,480715728,,16839,18389,358.28,20.17,234,3,2,10,true,false,false,true,true,false,true,Home/Apartment,Cabin,House/villa,4.7,16,2,2-5,Luxury,false,200,false,47,18,2025-09-10,Arizona Area,Payson,Payson,Arizona,85541,United States,mountains_lakes,https://www.airbnb.com/rooms/1207515063545952929,https://a0.muscache.com/im/pictures/miso/Hosting-1207515063545952929/original/b445e0d2-754d-435c-8296-ef7390b983c1.jpeg,1207515063545952929,4112940,34.26862,-111.31272,=AVERAGE($G$2:$G$240),=AVERAGE($D$2:$D$240),"=IFERROR(($AT139-G139)/$AT139,0)","=IFERROR(($AU139-D139)/$AU139,0)",=$AU139-D139
Private Darling Cozy Cabin in The Tonto National Forest,,,16288,22022,267.02,27.73,311,2,1,7,true,true,false,true,true,true,false,Home/Apartment,Cabin,House/villa,4.9,96,2,1,Luxury,false,125,true,61,10,2026-05-15,Arizona Area,Payson,Pine,Arizona,85544,United States,mountains_lakes,https://www.vrbo.com/1682646,https://media.vrbo.com/lodging/39000000/38330000/38320800/38320710/e4f8cdaf.jpg?impolicy=resizecrop&rw=1200&ra=fit,,1682646,34.386673,-111.466389,=AVERAGE($G$2:$G$240),=AVERAGE($D$2:$D$240),"=IFERROR(($AT140-G140)/$AT140,0)","=IFERROR(($AU140-D140)/$AU140,0)",=$AU140-D140
Premier Arizona Guest Ranch- Wrangler's Rack,401246929,,15726,16775,302.42,23.53,351,1,1,4,false,false,false,false,true,true,false,Private Room,Ranch,Unique,5,1,2,6-20,Luxury,false,0,true,52,16,2026-05-14,Arizona Area,Payson,Young,Arizona,85554,United States,mountains_lakes,https://www.airbnb.com/rooms/51040049,https://a0.muscache.com/im/pictures/41cdbba5-6d99-435c-90f6-4aeb939fc966.jpg,51040049,,34.05142,-110.89586,=AVERAGE($G$2:$G$240),=AVERAGE($D$2:$D$240),"=IFERROR(($AT141-G141)/$AT141,0)","=IFERROR(($AU141-D141)/$AU141,0)",=$AU141-D141
"2 rooms, 3 beds, indoor hottub room, fireplace",7859766,,15693,16295,227.43,19.83,355,1,1,3,true,false,true,true,true,true,true,Home/Apartment,Cabin,House/villa,4.9,80,1,6-20,Luxury,true,79,false,69,31,2026-05-13,Arizona Area,Payson,Payson,Arizona,85541,United States,mountains_lakes,https://www.airbnb.com/rooms/775435531390239420,https://a0.muscache.com/im/pictures/642716ea-cd4a-40af-9a60-d09bb214f27d.jpg,775435531390239420,3116720,34.2888,-110.938,=AVERAGE($G$2:$G$240),=AVERAGE($D$2:$D$240),"=IFERROR(($AT142-G142)/$AT142,0)","=IFERROR(($AU142-D142)/$AU142,0)",=$AU142-D142
"Strawberry Chalet 2400 sq feet, non smoking.",60249314,,15538,15897,304.67,18.96,359,3,2,10,true,false,false,true,true,true,false,Home/Apartment,Chalet,House/villa,5,145,2,2-5,Luxury,true,150,false,51,18,2026-05-15,Arizona Area,Payson,Pine,Arizona,85544,United States,mountains_lakes,https://www.airbnb.com/rooms/18500318,https://a0.muscache.com/im/pictures/610678ba-049d-4122-b84d-c86a6972f04f.jpg,18500318,647044,34.40972,-111.49511,=AVERAGE($G$2:$G$240),=AVERAGE($D$2:$D$240),"=IFERROR(($AT143-G143)/$AT143,0)","=IFERROR(($AU143-D143)/$AU143,0)",=$AU143-D143
Christopher Creek Cabins - Cabin 11,,,15409,20649,226.6,26.25,312,1,1,6,true,false,false,true,true,true,false,Home/Apartment,Cabin,House/villa,4.4,11,2,1,Luxury,false,64,true,68,27,2026-05-15,Arizona Area,Payson,Payson,Arizona,85541,United States,mountains_lakes,https://www.vrbo.com/1726214,https://media.vrbo.com/lodging/40000000/39180000/39172600/39172598/59347a8d.jpg?impolicy=resizecrop&rw=1200&ra=fit,,1726214,34.31732,-111.014896,=AVERAGE($G$2:$G$240),=AVERAGE($D$2:$D$240),"=IFERROR(($AT144-G144)/$AT144,0)","=IFERROR(($AU144-D144)/$AU144,0)",=$AU144-D144
Christopher Creek Cabins - Cabin 4,,,15234,15322,227.37,20.3,362,1,1,4,true,false,false,true,true,true,false,Home/Apartment,Cabin,House/villa,5,38,2,1,Luxury,false,65,true,67,33,2026-05-14,Arizona Area,Payson,Payson,Arizona,85541,United States,mountains_lakes,https://www.vrbo.com/1562587,https://media.vrbo.com/lodging/35000000/34540000/34532900/34532863/44daa356.jpg?impolicy=resizecrop&rw=1200&ra=fit,,1562587,34.3177,-111.01505,=AVERAGE($G$2:$G$240),=AVERAGE($D$2:$D$240),"=IFERROR(($AT145-G145)/$AT145,0)","=IFERROR(($AU145-D145)/$AU145,0)",=$AU145-D145
"Pine AZ Forest Retreat: Large Loft, Deck, Sleeps 6",132832612,,14822,14927,217.97,31.34,240,1,2,6,true,false,false,true,true,true,false,Home/Apartment,Cabin,House/villa,5,12,2,1,Luxury,false,150,false,68,18,2026-05-15,Arizona Area,Payson,Pine,Arizona,85544,United States,mountains_lakes,https://www.airbnb.com/rooms/1501563291893125499,https://a0.muscache.com/im/pictures/hosting/Hosting-1501563291893125499/original/659e167c-9a1b-4f22-b96c-16a041c8dd03.jpeg,1501563291893125499,4793751,34.3802,-111.4648,=AVERAGE($G$2:$G$240),=AVERAGE($D$2:$D$240),"=IFERROR(($AT146-G146)/$AT146,0)","=IFERROR(($AU146-D146)/$AU146,0)",=$AU146-D146
Nana Huey’s Cabin | HOT TUB & Fire Pit Retreat,67809839,,14619,14695,235.79,38.75,180,2,1,6,true,false,true,true,true,true,false,Home/Apartment,Cabin,House/villa,4.95,22,2,1,Luxury,true,129,true,62,27,2026-05-13,Arizona Area,Payson,Pine,Arizona,85544,United States,mountains_lakes,https://www.airbnb.com/rooms/1542945116342897978,https://a0.muscache.com/im/pictures/hosting/Hosting-1542945116342897978/original/ce3cfc2c-c153-419b-82e7-b6628351c4f5.png,1542945116342897978,,34.40349,-111.45096,=AVERAGE($G$2:$G$240),=AVERAGE($D$2:$D$240),"=IFERROR(($AT147-G147)/$AT147,0)","=IFERROR(($AU147-D147)/$AU147,0)",=$AU147-D147
Near Scenic Trails & Parks! Central Payson Retreat,Evolve,,14570,14932,208.14,56.45,147,2,2,4,true,false,false,true,true,true,false,Home/Apartment,House,House/villa,5,4,2,21+,Luxury,false,178,false,70,9,2026-05-16,Arizona Area,Payson,Payson,Arizona,85541,United States,mountains_lakes,https://www.airbnb.com/rooms/1577788058513246622,https://a0.muscache.com/im/pictures/prohost-api/Hosting-1577788058513246622/original/353890da-ed65-48e6-97e3-2b8a2ac4526b.jpeg,1577788058513246622,20231157ha,34.2511,-111.3248,=AVERAGE($G$2:$G$240),=AVERAGE($D$2:$D$240),"=IFERROR(($AT148-G148)/$AT148,0)","=IFERROR(($AU148-D148)/$AU148,0)",=$AU148-D148
Delightful 2 bedroom lake house,150646786,,14147,16322,160.76,34.78,253,2,2,6,true,false,false,true,true,true,false,Home/Apartment,Vacation home,House/villa,4.9,58,2,2-5,Luxury,true,101,false,88,20,2026-02-11,Arizona Area,Payson,Tonto Basin,Arizona,85553,United States,mountains_lakes,https://www.airbnb.com/rooms/598594970467057228,https://a0.muscache.com/im/pictures/miso/Hosting-598594970467057228/original/8946a956-6e7a-4e70-8b40-ca2091b1d156.jpeg,598594970467057228,,33.80025,-111.24981,=AVERAGE($G$2:$G$240),=AVERAGE($D$2:$D$240),"=IFERROR(($AT149-G149)/$AT149,0)","=IFERROR(($AU149-D149)/$AU149,0)",=$AU149-D149
Premier Arizona Guest Ranch-Queen Anne Room,401246929,,13962,15903,273.76,19.17,342,1,1,2,false,false,false,false,true,true,false,Private Room,Ranch,Unique,0,0,2,6-20,Luxury,false,3,true,51,18,2026-05-17,Arizona Area,Payson,Young,Arizona,85554,United States,mountains_lakes,https://www.airbnb.com/rooms/51038912,https://a0.muscache.com/im/pictures/bd346802-2e3a-4221-bde8-f187dc02b516.jpg,51038912,,34.0532,-110.89579,=AVERAGE($G$2:$G$240),=AVERAGE($D$2:$D$240),"=IFERROR(($AT150-G150)/$AT150,0)","=IFERROR(($AU150-D150)/$AU150,0)",=$AU150-D150
Cozy Pine Cabin,240489646,,13751,15761,474.17,13.74,357,3,2,16,true,false,false,true,true,false,false,Home/Apartment,Cabin,House/villa,5,21,2,1,Luxury,false,324,false,29,11,2026-05-13,Arizona Area,Payson,Pine,Arizona,85544,United States,mountains_lakes,https://www.airbnb.com/rooms/1201776196938284373,https://a0.muscache.com/im/pictures/hosting/Hosting-1201776196938284373/original/1d777e29-6ef0-41e2-b59c-6e59786622de.jpeg,1201776196938284373,4483086,34.37437,-111.46955,=AVERAGE($G$2:$G$240),=AVERAGE($D$2:$D$240),"=IFERROR(($AT151-G151)/$AT151,0)","=IFERROR(($AU151-D151)/$AU151,0)",=$AU151-D151
"Lovers Den- Indoor hottub, fireplace, porch swing.",7859766,,13514,13949,217.97,18.67,354,1,1,2,false,false,true,true,true,true,true,Home/Apartment,Cabin,House/villa,5,18,1,6-20,Luxury,true,65,false,62,34,2026-05-13,Arizona Area,Payson,Payson,Arizona,85541,United States,mountains_lakes,https://www.airbnb.com/rooms/892227408778173174,https://a0.muscache.com/im/pictures/3a108ea1-e667-430d-bf59-46de822ca686.jpg,892227408778173174,,34.2872,-110.9382,=AVERAGE($G$2:$G$240),=AVERAGE($D$2:$D$240),"=IFERROR(($AT152-G152)/$AT152,0)","=IFERROR(($AU152-D152)/$AU152,0)",=$AU152-D152
Cabin #6 – Sweetheart’s Cottage,493034470,,13270,13343,210.63,18.42,364,1,1,3,true,false,true,true,true,true,false,Home/Apartment,Cabin,House/villa,4.6,39,1,6-20,Luxury,false,85,true,63,31,2024-03-02,Arizona Area,Payson,Payson,Arizona,85541,United States,mountains_lakes,https://www.airbnb.com/rooms/927552355484599666,https://a0.muscache.com/im/pictures/miso/Hosting-927552355484599666/original/6b53d93c-4ed4-4081-b25e-95602ff8b7d3.jpeg?aki_policy=x_large,927552355484599666,3117759,34.2871324,-110.9382179,=AVERAGE($G$2:$G$240),=AVERAGE($D$2:$D$240),"=IFERROR(($AT153-G153)/$AT153,0)","=IFERROR(($AU153-D153)/$AU153,0)",=$AU153-D153
Strawberry Sundae,86930256,,13152,13580,279.83,27.65,263,3,2,9,true,false,false,true,true,true,false,Home/Apartment,Cabin,House/villa,5,115,2,1,Luxury,true,126,false,47,9,2025-10-31,Arizona Area,Payson,Pine,Arizona,85544,United States,mountains_lakes,https://www.airbnb.com/rooms/37213356,https://a0.muscache.com/im/pictures/aa3b77b8-259c-47b9-986c-e30c3f157492.jpg,37213356,,34.40155,-111.52176,=AVERAGE($G$2:$G$240),=AVERAGE($D$2:$D$240),"=IFERROR(($AT154-G154)/$AT154,0)","=IFERROR(($AU154-D154)/$AU154,0)",=$AU154-D154
Newly built 2Bed/2Bath Townhome,64993612,,13089,13440,261.78,19.23,361,2,1,4,true,false,false,true,true,false,false,Home/Apartment,Townhouse,Apt/Condo/Loft,4.7,7,1,2-5,Luxury,true,185,false,50,17,2026-05-14,Arizona Area,Payson,Payson,Arizona,85541,United States,mountains_lakes,https://www.airbnb.com/rooms/675616776816225244,https://a0.muscache.com/im/pictures/miso/Hosting-675616776816225244/original/ab63e520-f805-4875-94fb-26a6afa8aa7d.jpeg,675616776816225244,,34.2442,-111.29219,=AVERAGE($G$2:$G$240),=AVERAGE($D$2:$D$240),"=IFERROR(($AT155-G155)/$AT155,0)","=IFERROR(($AU155-D155)/$AU155,0)",=$AU155-D155
Pappy Cabin  Your Happy Place,186663138,,12980,13007,202.81,18.5,364,1,1,7,false,false,false,true,true,true,false,Home/Apartment,Cabin,House/villa,5,22,1,1,Luxury,true,100,false,64,29,2026-05-14,Arizona Area,Payson,Payson,Arizona,85541,United States,mountains_lakes,https://www.airbnb.com/rooms/1368971503686807345,https://a0.muscache.com/im/pictures/miso/Hosting-1368971503686807345/original/d9adca7b-a6ed-4f9b-b682-46efd0dfebb4.jpeg,1368971503686807345,,34.28702,-110.93899,=AVERAGE($G$2:$G$240),=AVERAGE($D$2:$D$240),"=IFERROR(($AT156-G156)/$AT156,0)","=IFERROR(($AU156-D156)/$AU156,0)",=$AU156-D156
Cozy Getaway in Whispering Pines AZ,280938316,,12925,14066,275,22.93,350,2,2,4,true,false,false,true,true,false,false,Home/Apartment,Cabin,House/villa,4.65,70,2,1,Luxury,false,0,false,47,13,2026-05-13,Arizona Area,Payson,Payson,Arizona,85541,United States,mountains_lakes,https://www.airbnb.com/rooms/37530407,https://a0.muscache.com/im/pictures/7af953ed-b505-4324-bc9f-70a9e8a79593.jpg,37530407,,34.374,-111.28509,=AVERAGE($G$2:$G$240),=AVERAGE($D$2:$D$240),"=IFERROR(($AT157-G157)/$AT157,0)","=IFERROR(($AU157-D157)/$AU157,0)",=$AU157-D157
Shadow Ranch Cabin,39530009,,12800,13065,345.95,16.09,362,3,3,8,false,false,false,true,true,false,false,Home/Apartment,Cabin,House/villa,5,3,2,2-5,Luxury,true,250,false,37,10,2026-05-14,Arizona Area,Payson,Payson,Arizona,85541,United States,mountains_lakes,https://www.airbnb.com/rooms/1386468406941199366,https://a0.muscache.com/im/pictures/hosting/Hosting-1386468406941199366/original/a3c90b25-d7fa-446d-857a-edcdb289c941.jpeg,1386468406941199366,,34.2815402811,-110.9392912101,=AVERAGE($G$2:$G$240),=AVERAGE($D$2:$D$240),"=IFERROR(($AT158-G158)/$AT158,0)","=IFERROR(($AU158-D158)/$AU158,0)",=$AU158-D158
Arizona forest escape! Studio Suite.,Suite Spaces,,12452,12654,289.58,14.05,363,,1,2,true,true,false,true,true,false,true,Home/Apartment,Condominium (condo),Apt/Condo/Loft,0,0,2,21+,Luxury,true,50,false,43,31,2026-05-14,Arizona Area,Payson,Payson,Arizona,85541,United States,mountains_lakes,https://www.airbnb.com/rooms/736263014213291610,https://a0.muscache.com/im/pictures/prohost-api/Hosting-736263014213291610/original/0345c175-8706-47ac-a0bf-e8c3bd7a721e.jpeg,736263014213291610,3168280,34.3279,-111.0935,=AVERAGE($G$2:$G$240),=AVERAGE($D$2:$D$240),"=IFERROR(($AT159-G159)/$AT159,0)","=IFERROR(($AU159-D159)/$AU159,0)",=$AU159-D159
"Romantic hottub, fireplace, comfy bed + kitchen",7859766,,12310,12445,219.82,16.67,359,,1,3,true,false,true,true,true,true,false,Home/Apartment,Cabin,House/villa,4.75,65,1,6-20,Luxury,true,73,false,56,32,2026-05-17,Arizona Area,Payson,Payson,Arizona,85541,United States,mountains_lakes,https://www.airbnb.com/rooms/902333922048253288,https://a0.muscache.com/im/pictures/miso/Hosting-902333922048253288/original/91f36970-669a-403e-a4c4-a4fe94f3724e.jpeg,902333922048253288,3117723,34.2872,-110.9382,=AVERAGE($G$2:$G$240),=AVERAGE($D$2:$D$240),"=IFERROR(($AT160-G160)/$AT160,0)","=IFERROR(($AU160-D160)/$AU160,0)",=$AU160-D160
PondHouse Cottage on Private Pond,89167691,,12131,14195,252.73,25.13,248,1,1,2,true,false,true,true,true,false,false,Home/Apartment,Cottage,House/villa,5,333,2,2-5,Luxury,false,90,false,48,21,2023-03-01,Arizona Area,Payson,Payson,Arizona,85541,United States,mountains_lakes,https://www.airbnb.com/rooms/14468140,https://a0.muscache.com/im/pictures/0f760d1e-2069-4b38-ac74-d57cc7616e02.jpg?aki_policy=x_large,14468140,2966296,34.31466,-111.34362,=AVERAGE($G$2:$G$240),=AVERAGE($D$2:$D$240),"=IFERROR(($AT161-G161)/$AT161,0)","=IFERROR(($AU161-D161)/$AU161,0)",=$AU161-D161
Private forest cabin with scenic riverfront views,AZHolidayRental,,11597,13749,724.81,16.84,176,4,3,10,true,false,false,true,true,true,false,Home/Apartment,Cabin,House/villa,4.8,4,3,21+,Luxury,true,484,true,16,5,2025-09-02,Arizona Area,Payson,Payson,Arizona,85541,United States,mountains_lakes,https://www.airbnb.com/rooms/872351153368844134,https://a0.muscache.com/im/pictures/miso/Hosting-872351153368844134/original/0bf79e52-7f7e-40b1-9987-91d3a6198e04.jpeg,872351153368844134,3358867,34.368549,-111.279996,=AVERAGE($G$2:$G$240),=AVERAGE($D$2:$D$240),"=IFERROR(($AT162-G162)/$AT162,0)","=IFERROR(($AU162-D162)/$AU162,0)",=$AU162-D162
Mtn-View Deck at Home 7 Mi to Tonto Natural Bridge,Evolve,,11200,11886,207.41,50,129,2,1,4,true,false,false,true,true,false,false,Home/Apartment,Cabin,House/villa,4.8,48,2,21+,Luxury,true,184,true,54,12,2026-01-07,Arizona Area,Payson,Pine,Arizona,85544,United States,mountains_lakes,https://www.airbnb.com/rooms/43324922,https://a0.muscache.com/im/pictures/prohost-api/Hosting-43324922/original/65a4984a-95e2-4d80-8965-d0f55d3a2c76.jpeg,43324922,,34.3756,-111.46455,=AVERAGE($G$2:$G$240),=AVERAGE($D$2:$D$240),"=IFERROR(($AT163-G163)/$AT163,0)","=IFERROR(($AU163-D163)/$AU163,0)",=$AU163-D163
"Cabin #1 has been completely remodeled!  Cabin is now a 2 bedroom, full kitchen.",,,10884,14806,209.31,36.36,165,2,1,6,true,false,false,true,true,false,false,Home/Apartment,Cabin,House/villa,5,11,2,1,Luxury,false,70,true,52,16,2025-10-24,Arizona Area,Payson,Pine,Arizona,85544,United States,mountains_lakes,https://www.vrbo.com/1991904,https://media.vrbo.com/lodging/54000000/53940000/53937300/53937256/505420fe.jpg?impolicy=resizecrop&rw=1200&ra=fit,,1991904,34.38742,-111.45406,=AVERAGE($G$2:$G$240),=AVERAGE($D$2:$D$240),"=IFERROR(($AT164-G164)/$AT164,0)","=IFERROR(($AU164-D164)/$AU164,0)",=$AU164-D164
Welcome Home,99631612,,10460,10601,217.92,14.37,362,1,1,5,true,false,false,false,true,true,false,Private Room,Nature lodge,Unique,4.95,46,1,6-20,Luxury,true,51,true,48,35,2026-05-14,Arizona Area,Payson,Pine,Arizona,85544,United States,mountains_lakes,https://www.airbnb.com/rooms/1138162022070294893,https://a0.muscache.com/im/pictures/hosting/Hosting-U3RheVN1cHBseUxpc3Rpbmc6MTEzODE2MjAyMjA3MDI5NDg5Mw==/original/9000a31f-c228-4486-a299-07b5f40af8dc.jpeg,1138162022070294893,,34.4071681712,-111.4935962833,=AVERAGE($G$2:$G$240),=AVERAGE($D$2:$D$240),"=IFERROR(($AT165-G165)/$AT165,0)","=IFERROR(($AU165-D165)/$AU165,0)",=$AU165-D165
Beautiful Large Luxury Cabin and Great Heat Get-Away In Cool Pines,,,10317,10317,448.57,15.13,245,3,3,12,true,true,false,true,true,true,false,Home/Apartment,Cabin,House/villa,4.9,59,2,1,Luxury,false,349,true,23,8,2026-02-01,Arizona Area,Payson,Payson,Arizona,85541,United States,mountains_lakes,https://www.vrbo.com/844260,https://media.vrbo.com/lodging/35000000/34420000/34412600/34412597/b0de3436.jpg?impolicy=resizecrop&rw=1200&ra=fit,,844260,34.26194,-110.8996,=AVERAGE($G$2:$G$240),=AVERAGE($D$2:$D$240),"=IFERROR(($AT166-G166)/$AT166,0)","=IFERROR(($AU166-D166)/$AU166,0)",=$AU166-D166
"Tonto Village Cabin.  Near PAYSON, Arizona. USA.",177153027,,9996,12333,370.22,13.43,344,3,2,6,true,false,false,true,true,true,false,Home/Apartment,Cabin,House/villa,4.15,47,3,2-5,Luxury,false,280,false,27,7,2026-05-13,Arizona Area,Payson,Payson,Arizona,85541,United States,mountains_lakes,https://www.airbnb.com/rooms/23918527,https://a0.muscache.com/im/pictures/864a9f0f-684a-4c72-a0f8-b9c2105b18a9.jpg,23918527,1571329,34.3224,-111.1445,=AVERAGE($G$2:$G$240),=AVERAGE($D$2:$D$240),"=IFERROR(($AT167-G167)/$AT167,0)","=IFERROR(($AU167-D167)/$AU167,0)",=$AU167-D167
Cozy Strawberry Cabin | Near Pine AZ & Hiking,744322715,,9963,9963,284.66,67.31,61,3,2,10,true,false,false,true,true,true,false,Home/Apartment,Cabin,House/villa,5,5,2,1,Luxury,false,150,false,35,7,2026-05-11,Arizona Area,Payson,Pine,Arizona,85544,United States,mountains_lakes,https://www.airbnb.com/rooms/1636269200634471914,https://a0.muscache.com/im/pictures/hosting/Hosting-1636269200634471914/original/4ad963eb-20c7-44c4-a7b5-0063c51d0c3f.jpeg,1636269200634471914,5182735,34.4020918727,-111.5228747721,=AVERAGE($G$2:$G$240),=AVERAGE($D$2:$D$240),"=IFERROR(($AT168-G168)/$AT168,0)","=IFERROR(($AU168-D168)/$AU168,0)",=$AU168-D168
"Weekly specials! Fireplace, porch swing, kitchen",7859766,,9950,9861,191.35,15.48,363,1,1,2,true,false,false,true,true,true,false,Home/Apartment,Tiny house,Unique,4.9,12,1,6-20,Luxury,true,66,false,52,30,2026-05-14,Arizona Area,Payson,Payson,Arizona,85541,United States,mountains_lakes,https://www.airbnb.com/rooms/902319143332292245,https://a0.muscache.com/im/pictures/miso/Hosting-902319143332292245/original/7c267f6d-6c9f-4dfc-82e8-82847ff6eadf.jpeg,902319143332292245,,34.2873,-110.9386,=AVERAGE($G$2:$G$240),=AVERAGE($D$2:$D$240),"=IFERROR(($AT169-G169)/$AT169,0)","=IFERROR(($AU169-D169)/$AU169,0)",=$AU169-D169
Family Friendly and pet friendly,60249314,,9682,9958,302.56,15.17,281,3,2,6,true,false,false,true,true,true,false,Home/Apartment,Chalet,House/villa,0,0,2,2-5,Luxury,false,126,false,32,12,2025-11-25,Arizona Area,Payson,Pine,Arizona,85544,United States,mountains_lakes,https://www.airbnb.com/rooms/13416389,https://a0.muscache.com/im/pictures/7174cffd-c259-446d-887f-3ecad67c0ed3.jpg,13416389,,34.40779,-111.49457,=AVERAGE($G$2:$G$240),=AVERAGE($D$2:$D$240),"=IFERROR(($AT170-G170)/$AT170,0)","=IFERROR(($AU170-D170)/$AU170,0)",=$AU170-D170
"The Lodge. Secluded, Luxurious, Cabin Getaway.",133922033,,9586,29845,435.73,25.58,100,3,2,9,true,false,false,true,true,false,false,Home/Apartment,Cabin,House/villa,5,21,2,1,Luxury,false,150,true,22,6,2022-04-13,Arizona Area,Payson,Payson,Arizona,85541,United States,mountains_lakes,https://www.airbnb.com/rooms/49180873,https://a0.muscache.com/im/pictures/75713c67-5347-4597-9d1f-ca6890253000.jpg?aki_policy=x_large,49180873,2193220,34.35608,-111.09568,=AVERAGE($G$2:$G$240),=AVERAGE($D$2:$D$240),"=IFERROR(($AT171-G171)/$AT171,0)","=IFERROR(($AU171-D171)/$AU171,0)",=$AU171-D171
AZ Rim Retreat/Hot Tub/ Views/Pet Friendly,52417312,,9473,21862,557.24,51.52,37,3,2,6,true,false,true,true,false,true,false,Home/Apartment,Cabin,House/villa,5,41,2,2-5,Luxury,true,200,true,17,6,2025-08-17,Arizona Area,Payson,Pine,Arizona,85544,United States,mountains_lakes,https://www.airbnb.com/rooms/1080414945534163552,https://a0.muscache.com/im/pictures/prohost-api/Hosting-1080414945534163552/original/d54d4a04-68eb-463e-8bae-fd69e8d00bcf.jpeg,1080414945534163552,3887431,34.39382,-111.46351,=AVERAGE($G$2:$G$240),=AVERAGE($D$2:$D$240),"=IFERROR(($AT172-G172)/$AT172,0)","=IFERROR(($AU172-D172)/$AU172,0)",=$AU172-D172
"Greenspaces, Deck, River & Mt VIEWS, Hiking Trails",Arizona Vacation Home Rentals,,9420,9722,376.8,46.3,111,2,2,6,true,false,false,true,true,false,false,Home/Apartment,House,House/villa,5,4,3,21+,Luxury,false,559,false,25,6,2026-05-15,Arizona Area,Payson,Payson,Arizona,85541,United States,mountains_lakes,https://www.airbnb.com/rooms/1592356018619259027,https://a0.muscache.com/im/pictures/prohost-api/Hosting-1592356018619259027/original/45b91b1e-d2d7-4905-b5f2-f4950fc344fd.jpeg,1592356018619259027,20237103ha,34.39474,-111.2689,=AVERAGE($G$2:$G$240),=AVERAGE($D$2:$D$240),"=IFERROR(($AT173-G173)/$AT173,0)","=IFERROR(($AU173-D173)/$AU173,0)",=$AU173-D173
Cute Tiny Home,493034470,,9408,9487,196,14.91,363,1,1,2,true,false,false,false,true,true,false,Home/Apartment,Cabin,House/villa,4.7,49,1,6-20,Luxury,false,85,true,48,28,2024-02-27,Arizona Area,Payson,Payson,Arizona,85541,United States,mountains_lakes,https://www.airbnb.com/rooms/895129768780137967,https://a0.muscache.com/im/pictures/miso/Hosting-895129768780137967/original/584efe5f-6dc5-42e8-a905-e63373a20d59.jpeg?aki_policy=x_large,895129768780137967,3117763,34.2871324,-110.9382179,=AVERAGE($G$2:$G$240),=AVERAGE($D$2:$D$240),"=IFERROR(($AT174-G174)/$AT174,0)","=IFERROR(($AU174-D174)/$AU174,0)",=$AU174-D174
"Remodeled Cabin in the Pines - cabin 3B - Pine, Arizona.",,,8804,9141,179.67,33.11,170,1,1,2,true,false,false,false,false,true,false,Home/Apartment,Cabin,House/villa,5,3,2,1,Luxury,false,50,true,49,9,2025-10-25,Arizona Area,Payson,Pine,Arizona,85544,United States,mountains_lakes,https://www.vrbo.com/2554408,https://media.vrbo.com/lodging/74000000/73070000/73062500/73062485/fa5fb236.jpg?impolicy=resizecrop&rw=1200&ra=fit,,2554408,34.386642,-111.45239,=AVERAGE($G$2:$G$240),=AVERAGE($D$2:$D$240),"=IFERROR(($AT175-G175)/$AT175,0)","=IFERROR(($AU175-D175)/$AU175,0)",=$AU175-D175
"Family cabin, pets ok, updated, patio hottub",7859766,,8408,9286,221.26,12.54,351,1,1,5,true,false,true,true,true,true,false,Home/Apartment,Cabin,House/villa,4.7,60,1,6-20,Luxury,true,65,false,38,20,2026-05-14,Arizona Area,Payson,Payson,Arizona,85541,United States,mountains_lakes,https://www.airbnb.com/rooms/791223876787131116,https://a0.muscache.com/im/pictures/21cb896a-aaa9-4cfa-a28d-5018c2068aff.jpg,791223876787131116,3116168,34.28649,-110.93723,=AVERAGE($G$2:$G$240),=AVERAGE($D$2:$D$240),"=IFERROR(($AT176-G176)/$AT176,0)","=IFERROR(($AU176-D176)/$AU176,0)",=$AU176-D176
Premier Arizona Guest Ranch- Rustler Roost Room,401246929,,8339,11316,333.56,32.89,103,1,1,2,false,false,false,false,true,true,false,Private Room,Ranch,Unique,0,0,2,6-20,Luxury,false,2,true,25,8,2026-05-15,Arizona Area,Payson,Young,Arizona,85554,United States,mountains_lakes,https://www.airbnb.com/rooms/51039558,https://a0.muscache.com/im/pictures/7d59d034-281d-4c5e-b657-b6e9b6a33a4c.jpg,51039558,,34.05175,-110.89586,=AVERAGE($G$2:$G$240),=AVERAGE($D$2:$D$240),"=IFERROR(($AT177-G177)/$AT177,0)","=IFERROR(($AU177-D177)/$AU177,0)",=$AU177-D177
 Unique Treehouse Studio with sunset views on large stocked pond. Private pier.,,,7895,8124,272.24,14.65,257,1,1,2,true,false,true,true,true,false,false,Home/Apartment,Apartment,Apt/Condo/Loft,5,50,2,1,Luxury,false,80,true,29,17,2025-10-29,Arizona Area,Payson,Payson,Arizona,85541,United States,mountains_lakes,https://www.vrbo.com/2971991,https://media.vrbo.com/lodging/84000000/83940000/83938800/83938755/1f76e5aa.jpg?impolicy=resizecrop&rw=1200&ra=fit,,2971991,34.31513,-111.34282,=AVERAGE($G$2:$G$240),=AVERAGE($D$2:$D$240),"=IFERROR(($AT178-G178)/$AT178,0)","=IFERROR(($AU178-D178)/$AU178,0)",=$AU178-D178
Trailwood Retreat | Spa | Park | Firepit | Pets,192730359,,7867,17685,218.53,65.45,124,3,2,6,true,false,true,true,true,true,false,Home/Apartment,House,House/villa,5,3,2,1,Luxury,false,181,false,36,5,2026-05-15,Arizona Area,Payson,Payson,Arizona,85541,United States,mountains_lakes,https://www.airbnb.com/rooms/1550465294610082395,https://a0.muscache.com/im/pictures/hosting/Hosting-1550465294610082395/original/34079811-b324-4e58-9a90-98070e6e0c26.jpeg,1550465294610082395,,34.2453906212,-111.3421277499,=AVERAGE($G$2:$G$240),=AVERAGE($D$2:$D$240),"=IFERROR(($AT179-G179)/$AT179,0)","=IFERROR(($AU179-D179)/$AU179,0)",=$AU179-D179
Lake House,166288702,,7797,7797,339,21.3,108,3,2,13,true,false,true,true,true,false,true,Home/Apartment,House,House/villa,5,7,2,2-5,Luxury,true,200,false,23,5,2025-05-20,Arizona Area,Payson,Tonto Basin,Arizona,85553,United States,mountains_lakes,https://www.airbnb.com/rooms/1187976542521235876,https://a0.muscache.com/im/pictures/hosting/Hosting-1187976542521235876/original/2b3118ec-461c-4645-b18b-bbf4a993060f.jpeg,1187976542521235876,,33.87074,-111.28653,=AVERAGE($G$2:$G$240),=AVERAGE($D$2:$D$240),"=IFERROR(($AT180-G180)/$AT180,0)","=IFERROR(($AU180-D180)/$AU180,0)",=$AU180-D180
"Mountain Ridge Oak Cabin near Payson, AZ",177005255,,7509,8224,163.24,32.17,161,1,1,4,false,false,false,true,true,false,false,Home/Apartment,Cabin,House/villa,4.95,51,2,2-5,Luxury,false,35,true,46,14,2025-12-26,Arizona Area,Payson,Payson,Arizona,85541,United States,mountains_lakes,https://www.airbnb.com/rooms/23787299,https://a0.muscache.com/im/pictures/00f1b939-0fae-424a-98b0-12b7b7227bfe.jpg,23787299,,34.42721,-111.27051,=AVERAGE($G$2:$G$240),=AVERAGE($D$2:$D$240),"=IFERROR(($AT181-G181)/$AT181,0)","=IFERROR(($AU181-D181)/$AU181,0)",=$AU181-D181
Cabin home in the woods,387933987,,7378,7887,307.42,20.69,208,1,1,4,false,false,false,true,true,true,false,Home/Apartment,House,House/villa,5,4,2,2-5,Luxury,false,101,false,24,9,2025-10-23,Arizona Area,Payson,Young,Arizona,85554,United States,mountains_lakes,https://www.airbnb.com/rooms/48316191,https://a0.muscache.com/im/pictures/0a9c0374-f12d-4832-b7e7-720d782cf98e.jpg,48316191,,33.87326,-110.97459,=AVERAGE($G$2:$G$240),=AVERAGE($D$2:$D$240),"=IFERROR(($AT182-G182)/$AT182,0)","=IFERROR(($AU182-D182)/$AU182,0)",=$AU182-D182
"Weekly/monthly! Q bed, fireplace, kitchen, porch",7859766,,7214,8315,189.84,13.82,352,1,1,3,true,false,false,true,true,true,false,Home/Apartment,Cabin,House/villa,4.6,43,1,6-20,Luxury,true,56,false,38,18,2026-05-14,Arizona Area,Payson,Payson,Arizona,85541,United States,mountains_lakes,https://www.airbnb.com/rooms/892239241186163083,https://a0.muscache.com/im/pictures/da00e494-ee57-4ebf-b8de-6c5b5c296ecb.jpg,892239241186163083,3117788,34.28674,-110.9382,=AVERAGE($G$2:$G$240),=AVERAGE($D$2:$D$240),"=IFERROR(($AT183-G183)/$AT183,0)","=IFERROR(($AU183-D183)/$AU183,0)",=$AU183-D183
"Mountain Ridge Manzanita Cabin near Payson, AZ",177005255,,7110,7251,154.57,29.11,181,1,1,4,false,false,false,true,true,false,false,Home/Apartment,Cabin,House/villa,4.95,72,2,2-5,Luxury,false,36,true,46,13,2025-12-26,Arizona Area,Payson,Payson,Arizona,85541,United States,mountains_lakes,https://www.airbnb.com/rooms/23787927,https://a0.muscache.com/im/pictures/42be5015-0e18-4940-a774-9eb2b941b666.jpg,23787927,,34.42847,-111.27011,=AVERAGE($G$2:$G$240),=AVERAGE($D$2:$D$240),"=IFERROR(($AT184-G184)/$AT184,0)","=IFERROR(($AU184-D184)/$AU184,0)",=$AU184-D184
Pine Creek Cabins - Cabin 3A,,,6602,7605,206.31,24.62,201,2,1,6,true,false,false,true,false,true,false,Home/Apartment,Cabin,House/villa,0,0,2,1,Luxury,false,69,false,32,9,2026-05-14,Arizona Area,Payson,Pine,Arizona,85544,United States,mountains_lakes,https://www.vrbo.com/4894497,https://media.vrbo.com/lodging/122000000/121680000/121670700/121670687/d28907c1.jpg?impolicy=resizecrop&rw=1200&ra=fit,,4894497,34.38448,-111.45514,=AVERAGE($G$2:$G$240),=AVERAGE($D$2:$D$240),"=IFERROR(($AT185-G185)/$AT185,0)","=IFERROR(($AU185-D185)/$AU185,0)",=$AU185-D185
Luxury Cabin - ~1.5hrs from PHX,107074470,,6183,9125,562.09,37.93,224,4,3,8,true,false,false,true,true,false,false,Home/Apartment,House,House/villa,5,8,30,2-5,Luxury,false,0,false,11,8,2025-10-24,Arizona Area,Payson,Payson,Arizona,85541,United States,mountains_lakes,https://www.airbnb.com/rooms/1125471628411218733,https://a0.muscache.com/im/pictures/hosting/Hosting-1125471628411218733/original/bebb68b9-7553-4479-8f0e-d0c2d933781f.jpeg,1125471628411218733,2676124,34.30439,-111.01664,=AVERAGE($G$2:$G$240),=AVERAGE($D$2:$D$240),"=IFERROR(($AT186-G186)/$AT186,0)","=IFERROR(($AU186-D186)/$AU186,0)",=$AU186-D186
Pine Creek Cabins - Cabin 1,,,5844,5844,208.71,18.67,212,2,1,6,true,false,false,true,false,true,false,Home/Apartment,Cabin,House/villa,0,0,2,1,Luxury,false,69,false,28,11,2026-05-17,Arizona Area,Payson,Pine,Arizona,85544,United States,mountains_lakes,https://www.vrbo.com/4894501,https://media.vrbo.com/lodging/122000000/121680000/121670700/121670690/d5248c3a.jpg?impolicy=resizecrop&rw=1200&ra=fit,,4894501,34.3875,-111.4546,=AVERAGE($G$2:$G$240),=AVERAGE($D$2:$D$240),"=IFERROR(($AT187-G187)/$AT187,0)","=IFERROR(($AU187-D187)/$AU187,0)",=$AU187-D187
The Horseman's Haven- Cherry Creek Lodge,401246929,,5450,5680,320.59,27.87,362,2,1,4,true,false,false,true,true,false,false,Private Room,Farm stay,Unique,0,0,2,6-20,Luxury,false,0,true,17,7,2026-05-11,Arizona Area,Payson,Young,Arizona,85554,United States,mountains_lakes,https://www.airbnb.com/rooms/1424723010243526662,https://a0.muscache.com/im/pictures/miso/Hosting-1424723010243526662/original/4984d87a-3b1b-4e83-bfe8-6dd601dba153.jpeg,1424723010243526662,,34.0512143829,-110.8959564635,=AVERAGE($G$2:$G$240),=AVERAGE($D$2:$D$240),"=IFERROR(($AT188-G188)/$AT188,0)","=IFERROR(($AU188-D188)/$AU188,0)",=$AU188-D188
Rosscup Reserve | Secluded Cabin w/Spa & Deck!,Rim Lakes Vacation Rentals,,5348,8725,411.38,68.42,19,3,2,8,true,false,true,true,true,true,false,Home/Apartment,Cabin,House/villa,5,85,1,21+,Luxury,true,225,true,13,3,2025-05-21,Arizona Area,Payson,Payson,Arizona,85541,United States,mountains_lakes,https://www.airbnb.com/rooms/671136037705129518,https://a0.muscache.com/im/pictures/prohost-api/Hosting-671136037705129518/original/9004f392-7fd1-4301-af69-b2796a1719d9.jpeg,671136037705129518,2912018,34.2645988,-110.8934249,=AVERAGE($G$2:$G$240),=AVERAGE($D$2:$D$240),"=IFERROR(($AT189-G189)/$AT189,0)","=IFERROR(($AU189-D189)/$AU189,0)",=$AU189-D189
Stay in the Old West,532275970,,5339,5489,355.93,10.87,159,2,1,8,false,false,false,true,true,true,false,Home/Apartment,Guest house,House/villa,5,1,1,1,Luxury,false,50,false,15,6,2025-07-07,Arizona Area,Payson,Young,Arizona,85554,United States,mountains_lakes,https://www.airbnb.com/rooms/959588027129077678,https://a0.muscache.com/im/pictures/miso/Hosting-959588027129077678/original/4bfb0af8-8e8c-479b-990f-f0aff89dcac1.jpeg,959588027129077678,,34.1010004,-110.9479858,=AVERAGE($G$2:$G$240),=AVERAGE($D$2:$D$240),"=IFERROR(($AT190-G190)/$AT190,0)","=IFERROR(($AU190-D190)/$AU190,0)",=$AU190-D190
The High Point Lodge,706583071,,5147,5523,514.7,12.2,271,3,1,9,true,false,false,true,true,false,false,Home/Apartment,House,House/villa,4.35,3,1,1,Luxury,false,179,false,10,4,2026-05-15,Arizona Area,Payson,Payson,Arizona,85541,United States,mountains_lakes,https://www.airbnb.com/rooms/1462564090276555281,https://a0.muscache.com/im/pictures/miso/Hosting-1462564090276555281/original/3792b731-1c73-4b26-b40d-53c1a1909e47.jpeg,1462564090276555281,4691716,34.2519952719,-111.3191103806,=AVERAGE($G$2:$G$240),=AVERAGE($D$2:$D$240),"=IFERROR(($AT191-G191)/$AT191,0)","=IFERROR(($AU191-D191)/$AU191,0)",=$AU191-D191
Pine Cabin w/ Wraparound Deck: 2 Mi to Trails!,Evolve,,4892,5447,287.76,25.76,113,3,3,6,true,false,false,true,true,false,false,Home/Apartment,Cabin,House/villa,4.6,5,3,21+,Luxury,false,326,true,17,3,2026-03-02,Arizona Area,Payson,Pine,Arizona,85544,United States,mountains_lakes,https://www.airbnb.com/rooms/988440937587196716,https://a0.muscache.com/im/pictures/prohost-api/Hosting-988440937587196716/original/3ba4022b-6b9e-4805-829e-e486281e6b35.jpeg,988440937587196716,9874399ha,34.398,-111.4623,=AVERAGE($G$2:$G$240),=AVERAGE($D$2:$D$240),"=IFERROR(($AT192-G192)/$AT192,0)","=IFERROR(($AU192-D192)/$AU192,0)",=$AU192-D192
Luxury Mountain Escape from Phoenix Heat,399821495,,4884,4884,407,13.79,212,4,3,8,true,false,false,true,true,false,false,Home/Apartment,House,House/villa,5,2,1,1,Luxury,false,249,false,12,5,2026-05-17,Arizona Area,Payson,Payson,Arizona,85541,United States,mountains_lakes,https://www.airbnb.com/rooms/1531351457085415571,https://a0.muscache.com/im/pictures/hosting/Hosting-1531351457085415571/original/b2b74351-c595-4fd6-9a6b-583deb7163b1.jpeg,1531351457085415571,4899786,34.2272,-111.3422,=AVERAGE($G$2:$G$240),=AVERAGE($D$2:$D$240),"=IFERROR(($AT193-G193)/$AT193,0)","=IFERROR(($AU193-D193)/$AU193,0)",=$AU193-D193
'Uncle David's Rocky Road Retreat' in Tonto Basin!,Evolve,,4519,6822,237.84,57.58,51,3,2,6,true,false,false,true,true,true,false,Home/Apartment,House,House/villa,5,2,2,21+,Luxury,false,0,false,19,8,2026-05-17,Arizona Area,Payson,Tonto Basin,Arizona,85553,United States,mountains_lakes,https://www.airbnb.com/rooms/1640248701903054075,https://a0.muscache.com/im/pictures/prohost-api/Hosting-1640248701903054075/original/f0668da7-e04f-41a7-ac1d-5f735c9b3cef.jpeg,1640248701903054075,20262278ha,33.8391,-111.3043,=AVERAGE($G$2:$G$240),=AVERAGE($D$2:$D$240),"=IFERROR(($AT194-G194)/$AT194,0)","=IFERROR(($AU194-D194)/$AU194,0)",=$AU194-D194
Dog-Friendly Payson Retreat w/ Panoramic Views!,Vacasa,,4269,4430,213.45,18.02,272,2,1,6,false,false,false,true,false,true,false,Home/Apartment,House,House/villa,5,9,2,21+,Luxury,false,208,true,20,6,2026-05-15,Arizona Area,Payson,Payson,Arizona,85541,United States,mountains_lakes,https://www.airbnb.com/rooms/1483420458040193937,https://a0.muscache.com/im/pictures/prohost-api/Hosting-1483420458040193937/original/b440f84a-b88e-4c06-b195-a6a337d1c1dd.jpeg,1483420458040193937,20224663ha,34.3384,-111.2952,=AVERAGE($G$2:$G$240),=AVERAGE($D$2:$D$240),"=IFERROR(($AT195-G195)/$AT195,0)","=IFERROR(($AU195-D195)/$AU195,0)",=$AU195-D195
"Calypso's Hideaway, 2 bedroom with loft",122273997,,4118,8447,274.53,16.3,117,2,2,4,true,false,false,true,true,true,false,Home/Apartment,Cabin,House/villa,0,0,2,6-20,Luxury,true,139,false,15,6,2026-04-22,Arizona Area,Payson,Pine,Arizona,85544,United States,mountains_lakes,https://www.airbnb.com/rooms/1555320296423290540,https://a0.muscache.com/im/pictures/hosting/Hosting-U3RheVN1cHBseUxpc3Rpbmc6NTY5NDM0NzIxNjMzNjgzNTYw/original/23ac1de3-5a1a-4a2c-b091-bb76581b413c.jpeg,1555320296423290540,,34.39869,-111.45284,=AVERAGE($G$2:$G$240),=AVERAGE($D$2:$D$240),"=IFERROR(($AT196-G196)/$AT196,0)","=IFERROR(($AU196-D196)/$AU196,0)",=$AU196-D196
Riverside cabin hideaway w/forest & red rock views,Revana Realty,,4066,5276,580.86,18.92,175,4,3,10,true,false,false,true,true,true,false,Home/Apartment,Cabin,House/villa,4.35,9,3,21+,Luxury,false,483,true,7,2,2025-09-02,Arizona Area,Payson,Payson,Arizona,85541,United States,mountains_lakes,https://www.airbnb.com/rooms/1420512053622651242,https://a0.muscache.com/im/pictures/miso/Hosting-1420512053622651242/original/76e1bff6-d231-4f04-bfbe-1e989f989e86.jpeg,1420512053622651242,4087431,34.368556,-111.2800359,=AVERAGE($G$2:$G$240),=AVERAGE($D$2:$D$240),"=IFERROR(($AT197-G197)/$AT197,0)","=IFERROR(($AU197-D197)/$AU197,0)",=$AU197-D197
Pine Creek Cabins - Cabin 3B,,,4033,4074,192.05,13.29,211,1,1,2,true,false,false,true,false,false,false,Home/Apartment,Cabin,House/villa,0,0,2,1,Luxury,false,50,false,21,9,2026-05-15,Arizona Area,Payson,Pine,Arizona,85544,United States,mountains_lakes,https://www.vrbo.com/4894500,https://media.vrbo.com/lodging/122000000/121680000/121670700/121670688/2d8c767f.jpg?impolicy=resizecrop&rw=1200&ra=fit,,4894500,34.387504,-111.454603,=AVERAGE($G$2:$G$240),=AVERAGE($D$2:$D$240),"=IFERROR(($AT198-G198)/$AT198,0)","=IFERROR(($AU198-D198)/$AU198,0)",=$AU198-D198
Pine Creek Cabins - Cabin 2,,,3986,3986,221.44,16.07,212,2,1,6,true,false,false,true,false,false,false,Home/Apartment,Cabin,House/villa,0,0,2,1,Luxury,false,69,false,18,9,2026-05-12,Arizona Area,Payson,Pine,Arizona,85544,United States,mountains_lakes,https://www.vrbo.com/4894499,https://media.vrbo.com/lodging/122000000/121680000/121670700/121670684/37ea9401.jpg?impolicy=resizecrop&rw=1200&ra=fit,,4894499,34.386893,-111.452891,=AVERAGE($G$2:$G$240),=AVERAGE($D$2:$D$240),"=IFERROR(($AT199-G199)/$AT199,0)","=IFERROR(($AU199-D199)/$AU199,0)",=$AU199-D199
"Cozy cabin #4, with WiFi and AC/heat at the base of the Mogollon Rim.",,,3285,3285,205.31,18.6,183,1,1,3,true,false,false,false,false,true,false,Home/Apartment,Cabin,House/villa,4,1,2,1,Luxury,false,60,true,16,7,2025-10-26,Arizona Area,Payson,Payson,Arizona,85541,United States,mountains_lakes,https://www.vrbo.com/4654411,https://media.vrbo.com/lodging/118000000/117810000/117805100/117805011/f844343e.jpg?impolicy=resizecrop&rw=1200&ra=fit,,4654411,34.28931,-110.93689,=AVERAGE($G$2:$G$240),=AVERAGE($D$2:$D$240),"=IFERROR(($AT200-G200)/$AT200,0)","=IFERROR(($AU200-D200)/$AU200,0)",=$AU200-D200
Charming Log Cabin on Tonto Creek,3151731,,3098,3098,309.8,14.08,94,3,1,6,false,false,false,true,true,false,false,Home/Apartment,House,House/villa,0,0,2,2-5,Luxury,false,150,false,10,3,2025-06-16,Arizona Area,Payson,Payson,Arizona,85541,United States,mountains_lakes,https://www.airbnb.com/rooms/1129790877888179137,https://a0.muscache.com/im/pictures/hosting/Hosting-1129790877888179137/original/543e1a92-982f-4efd-87f5-aa5b80170169.jpeg,1129790877888179137,,34.35914,-111.09716,=AVERAGE($G$2:$G$240),=AVERAGE($D$2:$D$240),"=IFERROR(($AT201-G201)/$AT201,0)","=IFERROR(($AU201-D201)/$AU201,0)",=$AU201-D201
Pine Creek Cabins - Cabin 5 (L2),,,3057,3076,179.82,11.33,210,1,1,4,true,false,false,true,false,false,false,Home/Apartment,Cabin,House/villa,0,0,2,1,Luxury,false,49,false,17,9,2026-05-14,Arizona Area,Payson,Pine,Arizona,85544,United States,mountains_lakes,https://www.vrbo.com/4894498,https://media.vrbo.com/lodging/122000000/121680000/121670700/121670686/252719ea.jpg?impolicy=resizecrop&rw=1200&ra=fit,,4894498,34.3875,-111.4546,=AVERAGE($G$2:$G$240),=AVERAGE($D$2:$D$240),"=IFERROR(($AT202-G202)/$AT202,0)","=IFERROR(($AU202-D202)/$AU202,0)",=$AU202-D202
Christopher Creek Cabins - Cabin 2,,,3014,3014,231.85,13.4,181,1,1,4,true,false,false,true,true,false,false,Home/Apartment,Cabin,House/villa,0,0,2,1,Luxury,false,65,false,13,5,2026-05-14,Arizona Area,Payson,Payson,Arizona,85541,United States,mountains_lakes,https://www.vrbo.com/4924264,https://media.vrbo.com/lodging/123000000/122290000/122285100/122285086/5db80264.jpg?impolicy=resizecrop&rw=1200&ra=fit,,4924264,34.317411,-111.01482,=AVERAGE($G$2:$G$240),=AVERAGE($D$2:$D$240),"=IFERROR(($AT203-G203)/$AT203,0)","=IFERROR(($AU203-D203)/$AU203,0)",=$AU203-D203
Beautiful Retreat on the Creek with Fireplace and Outdoor Spa,,,2938,2952,326.44,12.68,241,2,1,4,true,false,true,true,true,true,false,Home/Apartment,Cabin,House/villa,4.8,5,2,1,Luxury,false,140,false,9,5,2026-05-16,Arizona Area,Payson,Payson,Arizona,85541,United States,mountains_lakes,https://www.vrbo.com/4835638,https://media.vrbo.com/lodging/121000000/120560000/120555400/120555318/e0180d62.jpg?impolicy=resizecrop&rw=1200&ra=fit,,4835638,34.311062,-111.024211,=AVERAGE($G$2:$G$240),=AVERAGE($D$2:$D$240),"=IFERROR(($AT204-G204)/$AT204,0)","=IFERROR(($AU204-D204)/$AU204,0)",=$AU204-D204
Cozy Pet Friendly Home W/ Fire-Pit & Grill,Fairly,,2660,2660,140,95,30,1,1,6,true,false,false,true,false,true,false,Home/Apartment,Guest house,House/villa,0,0,2,21+,Luxury,true,0,false,19,2,2026-04-17,Arizona Area,Payson,Payson,Arizona,85541,United States,mountains_lakes,https://www.airbnb.com/rooms/1652949823302817275,https://a0.muscache.com/im/pictures/prohost-api/Hosting-1652949823302817275/original/2a04567a-fa0b-461e-9fd7-b6ffbf575d28.png,1652949823302817275,5189557,34.2495,-111.3703,=AVERAGE($G$2:$G$240),=AVERAGE($D$2:$D$240),"=IFERROR(($AT205-G205)/$AT205,0)","=IFERROR(($AU205-D205)/$AU205,0)",=$AU205-D205
Elk Haven Cabins - Cabin 6,,,2588,2713,215.67,9.76,207,2,1,6,true,false,false,true,true,true,false,Home/Apartment,Cabin,House/villa,5,1,2,1,Luxury,false,60,false,12,5,2026-05-17,Arizona Area,Payson,Payson,Arizona,85541,United States,mountains_lakes,https://www.vrbo.com/4914370,https://media.vrbo.com/lodging/123000000/122100000/122097700/122097663/6efc4f23.jpg?impolicy=resizecrop&rw=1200&ra=fit,,4914370,34.288825,-110.940476,=AVERAGE($G$2:$G$240),=AVERAGE($D$2:$D$240),"=IFERROR(($AT206-G206)/$AT206,0)","=IFERROR(($AU206-D206)/$AU206,0)",=$AU206-D206
"1 acre Hillside Retreat, Wildlife, Privacy",349758043,,2456,2671,350.86,13.73,88,2,2,8,true,false,false,true,true,true,false,Home/Apartment,Cabin,House/villa,4.9,56,2,2-5,Luxury,false,155,true,7,4,2025-07-03,Arizona Area,Payson,Pine,Arizona,85544,United States,mountains_lakes,https://www.airbnb.com/rooms/53293803,https://a0.muscache.com/im/pictures/miso/Hosting-53293803/original/4f6bef36-bed8-4de3-a83b-96738fae0747.jpeg,53293803,2542863,34.38644,-111.44422,=AVERAGE($G$2:$G$240),=AVERAGE($D$2:$D$240),"=IFERROR(($AT207-G207)/$AT207,0)","=IFERROR(($AU207-D207)/$AU207,0)",=$AU207-D207
Starlight | Couples Cottage w/ Dogs | Boho,70868699,,2100,15370,300,77.78,9,2,1,4,true,false,false,true,true,true,false,Home/Apartment,Cottage,House/villa,5,214,2,1,Luxury,true,140,false,7,2,2025-04-10,Arizona Area,Payson,Pine,Arizona,85544,United States,mountains_lakes,https://www.airbnb.com/rooms/50404009,https://a0.muscache.com/im/pictures/miso/Hosting-50404009/original/545a002f-fed4-4f9f-8bc2-c3db85c4f632.jpeg,50404009,2383570,34.37608,-111.4516,=AVERAGE($G$2:$G$240),=AVERAGE($D$2:$D$240),"=IFERROR(($AT208-G208)/$AT208,0)","=IFERROR(($AU208-D208)/$AU208,0)",=$AU208-D208
Acoustic Loft at Creekside Cabins,19227186,,1897,1910,145.92,14.77,118,1,1,2,true,false,false,true,false,false,false,Home/Apartment,Apartment,Apt/Condo/Loft,5,4,1,6-20,Luxury,true,50,false,13,8,2026-05-14,Arizona Area,Payson,Payson,Arizona,85541,United States,mountains_lakes,https://www.airbnb.com/rooms/1444560892276156054,https://a0.muscache.com/im/pictures/prohost-api/Hosting-1444560892276156054/original/ef97e183-ce5c-41aa-8990-6c45073426e9.jpeg,1444560892276156054,,34.3206,-111.0095,=AVERAGE($G$2:$G$240),=AVERAGE($D$2:$D$240),"=IFERROR(($AT209-G209)/$AT209,0)","=IFERROR(($AU209-D209)/$AU209,0)",=$AU209-D209
"Beautiful A-Frame Cabin in cozy Strawberry, AZ.",61249547,,1834,2657,229.25,14.29,205,2,2,14,true,false,false,true,true,true,false,Home/Apartment,Cabin,House/villa,4.8,10,3,1,Luxury,false,176,false,8,2,2025-10-12,Arizona Area,Payson,Pine,Arizona,85544,United States,mountains_lakes,https://www.airbnb.com/rooms/673246160357074215,https://a0.muscache.com/im/pictures/e53028fd-ba81-4b15-bd6f-081a1259a16c.jpg,673246160357074215,,34.4089048,-111.5150051,=AVERAGE($G$2:$G$240),=AVERAGE($D$2:$D$240),"=IFERROR(($AT210-G210)/$AT210,0)","=IFERROR(($AU210-D210)/$AU210,0)",=$AU210-D210
Payson Pines & Porch Vibes: Cool High Country Base,Evolve,,1726,5009,246.57,63.64,37,2,1,4,true,false,false,true,true,false,false,Home/Apartment,House,House/villa,4,1,2,21+,Luxury,false,307,false,7,2,2026-05-17,Arizona Area,Payson,Payson,Arizona,85541,United States,mountains_lakes,https://www.airbnb.com/rooms/1644511706187662905,https://a0.muscache.com/im/pictures/prohost-api/Hosting-1644511706187662905/original/aa4e4df6-df40-4c7f-85ed-023352e03e9b.jpeg,1644511706187662905,20264237ha,34.2392,-111.3155,=AVERAGE($G$2:$G$240),=AVERAGE($D$2:$D$240),"=IFERROR(($AT211-G211)/$AT211,0)","=IFERROR(($AU211-D211)/$AU211,0)",=$AU211-D211
Elk Haven Cabins - Cabin 2,,,1536,1536,192,18.18,212,,1,3,true,false,false,true,true,true,false,Home/Apartment,Cabin,House/villa,0,0,2,1,Luxury,false,60,false,8,3,2026-05-15,Arizona Area,Payson,Payson,Arizona,85541,United States,mountains_lakes,https://www.vrbo.com/4914375,https://media.vrbo.com/lodging/123000000/122100000/122097700/122097670/2e428424.jpg?impolicy=resizecrop&rw=1200&ra=fit,,4914375,34.288825,-110.940476,=AVERAGE($G$2:$G$240),=AVERAGE($D$2:$D$240),"=IFERROR(($AT212-G212)/$AT212,0)","=IFERROR(($AU212-D212)/$AU212,0)",=$AU212-D212
VIEWS Walk to shops/restaurants: firepits | Arcade,465618461,,1457,15055,485.67,100,3,3,2,10,true,false,false,true,true,true,false,Home/Apartment,House,House/villa,4.9,64,2,1,Luxury,true,99,false,3,1,2024-12-02,Arizona Area,Payson,Pine,Arizona,85544,United States,mountains_lakes,https://www.airbnb.com/rooms/697758711139947176,https://a0.muscache.com/im/pictures/hosting/Hosting-697758711139947176/original/86c1a6b0-cc73-4e6c-9fb3-802b62bae055.jpeg,697758711139947176,2879028,34.38623,-111.463,=AVERAGE($G$2:$G$240),=AVERAGE($D$2:$D$240),"=IFERROR(($AT213-G213)/$AT213,0)","=IFERROR(($AU213-D213)/$AU213,0)",=$AU213-D213
Elk Haven Cabins - Cabin 4,,,1440,1440,205.71,11.48,212,,1,3,true,false,false,true,true,false,false,Home/Apartment,Cabin,House/villa,0,0,2,1,Luxury,false,59,false,7,2,2026-05-17,Arizona Area,Payson,Payson,Arizona,85541,United States,mountains_lakes,https://www.vrbo.com/4914372,https://media.vrbo.com/lodging/123000000/122100000/122097700/122097665/14b68c7b.jpg?impolicy=resizecrop&rw=1200&ra=fit,,4914372,34.288825,-110.940476,=AVERAGE($G$2:$G$240),=AVERAGE($D$2:$D$240),"=IFERROR(($AT214-G214)/$AT214,0)","=IFERROR(($AU214-D214)/$AU214,0)",=$AU214-D214
Sky Blue: Relax in nature with convenience!,428946676,,1340,2315,268,27.78,46,2,2,4,true,false,false,true,true,false,false,Home/Apartment,House,House/villa,5,2,2,1,Luxury,true,225,false,5,2,2026-05-11,Arizona Area,Payson,Payson,Arizona,85541,United States,mountains_lakes,https://www.airbnb.com/rooms/1485758094893981035,https://a0.muscache.com/im/pictures/hosting/Hosting-1485758094893981035/original/b04e79ab-db91-4328-ac4a-10024c458bf6.jpeg,1485758094893981035,,34.3711479379,-111.2811557884,=AVERAGE($G$2:$G$240),=AVERAGE($D$2:$D$240),"=IFERROR(($AT215-G215)/$AT215,0)","=IFERROR(($AU215-D215)/$AU215,0)",=$AU215-D215
Little House OnThe Prairie,261664771,,1273,2613,212.17,16.67,358,2,1,6,false,false,false,true,true,false,false,Home/Apartment,House,House/villa,0,0,2,1,Luxury,false,0,false,6,1,2026-05-14,Arizona Area,Payson,Young,Arizona,85554,United States,mountains_lakes,https://www.airbnb.com/rooms/1337387519524231534,https://a0.muscache.com/im/pictures/hosting/Hosting-1337387519524231534/original/400cd46c-099f-40d6-893a-a6c33a78ef88.jpeg,1337387519524231534,,33.8001,-110.8116,=AVERAGE($G$2:$G$240),=AVERAGE($D$2:$D$240),"=IFERROR(($AT216-G216)/$AT216,0)","=IFERROR(($AU216-D216)/$AU216,0)",=$AU216-D216
"Big, open cabin in the pines; great for families!",31871145,,1226,17274,613,9.52,40,4,3,12,true,false,false,true,true,false,false,Home/Apartment,House,House/villa,4.95,37,2,1,Luxury,false,150,false,2,1,2026-05-13,Arizona Area,Payson,Pine,Arizona,85544,United States,mountains_lakes,https://www.airbnb.com/rooms/19875540,https://a0.muscache.com/im/pictures/0b1aa84b-b7be-4be2-b2a3-4829fc943399.jpg,19875540,,34.40639,-111.44662,=AVERAGE($G$2:$G$240),=AVERAGE($D$2:$D$240),"=IFERROR(($AT217-G217)/$AT217,0)","=IFERROR(($AU217-D217)/$AU217,0)",=$AU217-D217
Christopher Creek Cabins - Cabin 1,,,1146,1646,229.2,13.89,173,2,1,6,true,false,false,true,true,true,false,Home/Apartment,Cabin,House/villa,4,1,2,1,Luxury,false,65,false,5,2,2026-05-15,Arizona Area,Payson,Payson,Arizona,85541,United States,mountains_lakes,https://www.vrbo.com/4924270,https://media.vrbo.com/lodging/123000000/122290000/122285200/122285110/fdf5344a.jpg?impolicy=resizecrop&rw=1200&ra=fit,,4924270,34.317411,-111.01482,=AVERAGE($G$2:$G$240),=AVERAGE($D$2:$D$240),"=IFERROR(($AT218-G218)/$AT218,0)","=IFERROR(($AU218-D218)/$AU218,0)",=$AU218-D218
Escape the heat in lovely Christopher Creek!,7324458,,1107,1107,553.5,6.9,29,4,2,10,false,false,false,true,true,false,false,Home/Apartment,Cabin,House/villa,4.75,38,1,2-5,Luxury,false,185,true,2,1,2024-09-10,Arizona Area,Payson,Payson,Arizona,85541,United States,mountains_lakes,https://www.airbnb.com/rooms/713988227181180987,https://a0.muscache.com/im/pictures/miso/Hosting-679966970459317819/original/124ad884-258d-49bf-914d-dc29531fa781.jpeg,713988227181180987,2968871,34.3185,-111.01186,=AVERAGE($G$2:$G$240),=AVERAGE($D$2:$D$240),"=IFERROR(($AT219-G219)/$AT219,0)","=IFERROR(($AU219-D219)/$AU219,0)",=$AU219-D219
Luxurious Glamping In Payson w/ Two '22 ATVs,371962043,,970,1217,485,6.9,364,1,1,8,true,false,false,true,true,true,false,Home/Apartment,Camper/RV,Unique,0,0,2,2-5,Luxury,false,0,true,2,1,2026-05-14,Arizona Area,Payson,Payson,Arizona,85541,United States,mountains_lakes,https://www.airbnb.com/rooms/730406347163038161,https://a0.muscache.com/im/pictures/miso/Hosting-730406347163038161/original/425f6631-3cbb-460b-9c33-7b1a6637bf16.jpeg,730406347163038161,,34.28908,-111.11128,=AVERAGE($G$2:$G$240),=AVERAGE($D$2:$D$240),"=IFERROR(($AT220-G220)/$AT220,0)","=IFERROR(($AU220-D220)/$AU220,0)",=$AU220-D220
Elk Haven Cabins - Cabin 1,,,910,910,182,35.71,212,,1,3,true,false,false,true,true,true,false,Home/Apartment,Cabin,House/villa,0,0,2,1,Luxury,false,60,false,5,2,2026-05-17,Arizona Area,Payson,Payson,Arizona,85541,United States,mountains_lakes,https://www.vrbo.com/4914373,https://media.vrbo.com/lodging/123000000/122100000/122097700/122097667/a97e5865.jpg?impolicy=resizecrop&rw=1200&ra=fit,,4914373,34.288825,-110.940476,=AVERAGE($G$2:$G$240),=AVERAGE($D$2:$D$240),"=IFERROR(($AT221-G221)/$AT221,0)","=IFERROR(($AU221-D221)/$AU221,0)",=$AU221-D221
"Pet Friendly Studio Cabin with Fireplace near Tonto National Forest, Central Arizona",Glamping Hub International,,873,873,174.6,14.29,61,1,1,2,true,false,false,true,false,true,false,Home/Apartment,Cabin,House/villa,0,0,1,21+,Luxury,false,0,false,5,3,2026-05-17,Arizona Area,Payson,Payson,Arizona,85541,United States,mountains_lakes,https://www.vrbo.com/4926972,https://media.vrbo.com/lodging/123000000/122310000/122303900/122303848/18a3ae15.jpg?impolicy=resizecrop&rw=1200&ra=fit,,4926972,34.31968,-111.0108,=AVERAGE($G$2:$G$240),=AVERAGE($D$2:$D$240),"=IFERROR(($AT222-G222)/$AT222,0)","=IFERROR(($AU222-D222)/$AU222,0)",=$AU222-D222
"Christopher Creek 3 bdrm mountain house, peace and views with private hot tub.",,,848,848,424,6.9,123,3,2,9,false,false,false,true,true,true,true,Home/Apartment,House,House/villa,0,0,2,1,Luxury,false,150,true,2,1,2025-07-04,Arizona Area,Payson,Payson,Arizona,85541,United States,mountains_lakes,https://www.vrbo.com/2862810,https://media.vrbo.com/lodging/82000000/81590000/81588600/81588587/0b69974f.jpg?impolicy=resizecrop&rw=1200&ra=fit,,2862810,34.290516,-110.937337,=AVERAGE($G$2:$G$240),=AVERAGE($D$2:$D$240),"=IFERROR(($AT223-G223)/$AT223,0)","=IFERROR(($AU223-D223)/$AU223,0)",=$AU223-D223
Pet Friendly Log Cabin Nestled under the Forested High Country of the Mongollon Rim in Central Arizona,,,831,831,277,8.57,59,1,1,8,true,false,false,true,false,true,false,Home/Apartment,House,House/villa,0,0,1,1,Luxury,false,0,false,3,2,2026-05-17,Arizona Area,Payson,Payson,Arizona,85541,United States,mountains_lakes,https://www.vrbo.com/4926309,https://media.vrbo.com/lodging/123000000/122310000/122300500/122300485/1a8b6800.jpg?impolicy=resizecrop&rw=1200&ra=fit,,4926309,34.31968,-111.0108,=AVERAGE($G$2:$G$240),=AVERAGE($D$2:$D$240),"=IFERROR(($AT224-G224)/$AT224,0)","=IFERROR(($AU224-D224)/$AU224,0)",=$AU224-D224
"Rustic Studio Cabin with Fireplace, along Tonto National Forest, Perfect for a Weekend of Relaxation",,,736,736,184,6.9,73,1,1,2,true,false,false,true,false,true,false,Home/Apartment,House,House/villa,0,0,1,1,Luxury,false,0,false,4,2,2026-05-17,Arizona Area,Payson,Payson,Arizona,85541,United States,mountains_lakes,https://www.vrbo.com/4926058,https://media.vrbo.com/lodging/123000000/122300000/122299600/122299512/a83993a7.jpg?impolicy=resizecrop&rw=1200&ra=fit,,4926058,34.31968,-111.0108,=AVERAGE($G$2:$G$240),=AVERAGE($D$2:$D$240),"=IFERROR(($AT225-G225)/$AT225,0)","=IFERROR(($AU225-D225)/$AU225,0)",=$AU225-D225
"Newly remodeled, private one-bedroom cabin",408996971,,472,472,157.33,10.34,29,1,1,4,false,false,false,true,true,true,false,Home/Apartment,Cabin,House/villa,4.8,22,2,1,Luxury,false,20,true,3,1,2024-08-28,Arizona Area,Payson,Payson,Arizona,85541,United States,mountains_lakes,https://www.airbnb.com/rooms/50900402,https://a0.muscache.com/im/pictures/miso/Hosting-50900402/original/2156105d-109d-46f6-a0ab-65014915deb3.jpeg,50900402,,34.32052,-111.00982,=AVERAGE($G$2:$G$240),=AVERAGE($D$2:$D$240),"=IFERROR(($AT226-G226)/$AT226,0)","=IFERROR(($AU226-D226)/$AU226,0)",=$AU226-D226
Elk Haven Cabins - Cabin 5,,,386,386,193,6.9,212,,1,3,true,false,false,true,true,false,false,Home/Apartment,Cabin,House/villa,0,0,2,1,Luxury,false,59,false,2,1,2026-05-17,Arizona Area,Payson,Payson,Arizona,85541,United States,mountains_lakes,https://www.vrbo.com/4914371,https://media.vrbo.com/lodging/123000000/122100000/122097700/122097664/a3fc7ea5.jpg?impolicy=resizecrop&rw=1200&ra=fit,,4914371,34.288825,-110.940476,=AVERAGE($G$2:$G$240),=AVERAGE($D$2:$D$240),"=IFERROR(($AT227-G227)/$AT227,0)","=IFERROR(($AU227-D227)/$AU227,0)",=$AU227-D227
2-Story Apt w/ kitchen & 3 Beds,555520787,,0,0,0,0,92,2,2,6,true,false,false,true,true,true,true,Home/Apartment,Apartment,Apt/Condo/Loft,0,0,2,1,Luxury,false,0,false,0,0,2025-06-29,Arizona Area,Payson,Payson,Arizona,85541,United States,mountains_lakes,https://www.airbnb.com/rooms/1065281035001267596,https://a0.muscache.com/im/pictures/miso/Hosting-1065281035001267596/original/c3c19cd3-c744-4960-b730-4b6686aa3e6d.jpeg,1065281035001267596,,34.24268,-111.31268,=AVERAGE($G$2:$G$240),=AVERAGE($D$2:$D$240),"=IFERROR(($AT228-G228)/$AT228,0)","=IFERROR(($AU228-D228)/$AU228,0)",=$AU228-D228
Mountain Getaway in Pine,51329569,,0,0,0,0,2,3,3,10,true,false,false,true,true,false,true,Home/Apartment,House,House/villa,5,15,1,1,Luxury,false,0,false,0,0,2025-03-10,Arizona Area,Payson,Pine,Arizona,85544,United States,mountains_lakes,https://www.airbnb.com/rooms/1120298771239316757,https://a0.muscache.com/im/pictures/miso/Hosting-1120298771239316757/original/70d4af1d-e840-4b45-960e-c5927d0ce096.jpeg,1120298771239316757,3929569,34.37732,-111.46114,=AVERAGE($G$2:$G$240),=AVERAGE($D$2:$D$240),"=IFERROR(($AT229-G229)/$AT229,0)","=IFERROR(($AU229-D229)/$AU229,0)",=$AU229-D229
i,580562986,,0,0,0,0,365,,,1,false,false,false,false,false,true,false,Home/Apartment,House,House/villa,1,1,1,1,Luxury,false,0,true,0,0,2026-05-16,Arizona Area,Payson,Tonto Basin,Arizona,85553,United States,mountains_lakes,https://www.airbnb.com/rooms/1168148904618953560,https://a0.muscache.com/im/pictures/hosting/Hosting-1168148904618953560/original/688f42c1-67aa-42e8-9270-088744f72a7f.jpeg,1168148904618953560,,33.80692,-111.20864,=AVERAGE($G$2:$G$240),=AVERAGE($D$2:$D$240),"=IFERROR(($AT230-G230)/$AT230,0)","=IFERROR(($AU230-D230)/$AU230,0)",=$AU230-D230
Hilltop Heaven,127555307,,0,230,0,0,359,3,2,6,true,false,false,true,true,false,false,Home/Apartment,House,House/villa,5,36,2,2-5,Luxury,false,250,false,0,0,2026-05-13,Arizona Area,Payson,Pine,Arizona,85544,United States,mountains_lakes,https://www.airbnb.com/rooms/18409754,https://a0.muscache.com/im/pictures/5e968eee-8eab-4037-bf8c-b2cd8c983226.jpg,18409754,,34.39713,-111.46745,=AVERAGE($G$2:$G$240),=AVERAGE($D$2:$D$240),"=IFERROR(($AT231-G231)/$AT231,0)","=IFERROR(($AU231-D231)/$AU231,0)",=$AU231-D231
"4,300sq ft 4Bedrooms 3.5Baths Payson getaway",140184936,,0,0,0,0,365,4,3,4,true,false,false,true,true,false,false,Home/Apartment,House,House/villa,0,0,30,1,Luxury,false,350,false,0,0,2026-05-14,Arizona Area,Payson,Payson,Arizona,85541,United States,mountains_lakes,https://www.airbnb.com/rooms/19833954,https://a0.muscache.com/im/pictures/3bdd734b-4364-40c1-b402-fec1381ef009.jpg,19833954,,34.25298,-111.28684,=AVERAGE($G$2:$G$240),=AVERAGE($D$2:$D$240),"=IFERROR(($AT232-G232)/$AT232,0)","=IFERROR(($AU232-D232)/$AU232,0)",=$AU232-D232
Kohl's Ranch Lodge Studio Efficiency,VacayHome Connect,,0,272,0,0,146,,1,2,true,false,false,true,true,false,true,Home/Apartment,Condominium (condo),Apt/Condo/Loft,4.6,103,2,21+,Luxury,false,0,true,0,0,2025-12-06,Arizona Area,Payson,Payson,Arizona,85541,United States,mountains_lakes,https://www.airbnb.com/rooms/26375177,https://a0.muscache.com/im/pictures/prohost-api/Hosting-26375177/original/04eea736-7840-435d-95aa-7f76ebfd6961.jpeg,26375177,4534672ha,34.325263,-111.094063,=AVERAGE($G$2:$G$240),=AVERAGE($D$2:$D$240),"=IFERROR(($AT233-G233)/$AT233,0)","=IFERROR(($AU233-D233)/$AU233,0)",=$AU233-D233
Copper Star Lodge,272767189,,0,0,0,0,365,1,1,4,true,false,false,true,true,false,true,Private Room,House,House/villa,5,2,2,1,Luxury,false,124,true,0,0,2026-05-15,Arizona Area,Payson,Pine,Arizona,85544,United States,mountains_lakes,https://www.airbnb.com/rooms/36267693,https://a0.muscache.com/im/pictures/1399713f-5a64-46e0-a7a6-52af8d455e39.jpg,36267693,,34.38696,-111.441,=AVERAGE($G$2:$G$240),=AVERAGE($D$2:$D$240),"=IFERROR(($AT234-G234)/$AT234,0)","=IFERROR(($AU234-D234)/$AU234,0)",=$AU234-D234
Creek View Cabin Backing Forest-Pet Friendly/Wifi,197711808,,0,12735,0,0,5,3,1,9,true,false,false,true,true,true,false,Home/Apartment,Cabin,House/villa,4.9,107,2,1,Luxury,false,175,true,0,0,2025-12-09,Arizona Area,Payson,Payson,Arizona,85541,United States,mountains_lakes,https://www.airbnb.com/rooms/42042584,https://a0.muscache.com/im/pictures/4a7c95f4-647e-4ebf-9677-f93422913cc3.jpg,42042584,2742021,34.32349,-111.09119,=AVERAGE($G$2:$G$240),=AVERAGE($D$2:$D$240),"=IFERROR(($AT235-G235)/$AT235,0)","=IFERROR(($AU235-D235)/$AU235,0)",=$AU235-D235
Polish Place On Pine Ridge: Mountain Home Retreat,64204413,,0,0,0,0,365,5,4,16,true,false,false,true,true,false,false,Home/Apartment,Cabin,House/villa,5,3,30,6-20,Luxury,false,500,false,0,0,2026-05-15,Arizona Area,Payson,Payson,Arizona,85541,United States,mountains_lakes,https://www.airbnb.com/rooms/46007764,https://a0.muscache.com/im/pictures/c1f3e844-5c08-45b0-a154-f6f6a53c1b21.jpg,46007764,2089249,34.24946,-111.25778,=AVERAGE($G$2:$G$240),=AVERAGE($D$2:$D$240),"=IFERROR(($AT236-G236)/$AT236,0)","=IFERROR(($AU236-D236)/$AU236,0)",=$AU236-D236
Log House at Poverty Gulch     FOR SALE NOW!,20012239,,0,4744,0,0,15,2,2,6,true,false,false,true,true,false,false,Home/Apartment,Cabin,House/villa,4.95,75,2,1,Luxury,false,75,false,0,0,2025-10-02,Arizona Area,Payson,Young,Arizona,85554,United States,mountains_lakes,https://www.airbnb.com/rooms/47352638,https://a0.muscache.com/im/pictures/49e595c2-bc51-4522-ae80-d0f3831ed8a7.jpg,47352638,2512338,34.09903,-110.9407,=AVERAGE($G$2:$G$240),=AVERAGE($D$2:$D$240),"=IFERROR(($AT237-G237)/$AT237,0)","=IFERROR(($AU237-D237)/$AU237,0)",=$AU237-D237
The Bird House,534061428,,0,0,0,0,61,2,1,5,true,false,false,true,true,true,false,Home/Apartment,House,House/villa,5,11,3,1,Luxury,false,75,false,0,0,2025-05-09,Arizona Area,Payson,Payson,Arizona,85541,United States,mountains_lakes,https://www.airbnb.com/rooms/966892143819640224,https://a0.muscache.com/im/pictures/miso/Hosting-966892143819640224/original/abbc1f39-c850-40ff-9b1d-1e511db988e3.jpeg,966892143819640224,,34.2951429,-111.3650578,=AVERAGE($G$2:$G$240),=AVERAGE($D$2:$D$240),"=IFERROR(($AT238-G238)/$AT238,0)","=IFERROR(($AU238-D238)/$AU238,0)",=$AU238-D238
Custom Home in the Quiet Pines,539700735,,0,1998,0,0,359,4,2,6,true,false,false,true,true,false,false,Home/Apartment,House,House/villa,0,0,21,2-5,Luxury,false,251,false,0,0,2026-05-16,Arizona Area,Payson,Pine,Arizona,85544,United States,mountains_lakes,https://www.airbnb.com/rooms/999455188615869786,https://a0.muscache.com/im/pictures/miso/Hosting-999455188615869786/original/348d89d4-1371-4fa0-b62d-a08f02e033c4.jpeg,999455188615869786,,34.38474,-111.45418,=AVERAGE($G$2:$G$240),=AVERAGE($D$2:$D$240),"=IFERROR(($AT239-G239)/$AT239,0)","=IFERROR(($AU239-D239)/$AU239,0)",=$AU239-D239
STUDIO~ KOHLS RANCH LODGE~ MOUNTAIN VIEWS~ BAR/LOUNGE~ RESTAURANT~ POOL~ HOT TUB,Ultimate Vacation Rentals,,0,1004,0,0,221,,1,2,true,true,true,true,true,false,true,Home/Apartment,Apartment,Apt/Condo/Loft,4.5,2,2,21+,Luxury,false,45,false,0,0,2026-05-13,Arizona Area,Payson,Payson,Arizona,85541,United States,mountains_lakes,https://www.vrbo.com/1511001,https://media.vrbo.com/lodging/38000000/38000000/37990100/37990083/w1917h1224x0y4-f632b658.jpg?impolicy=resizecrop&rw=1200&ra=fit,,1511001,34.325263,-111.094063,=AVERAGE($G$2:$G$240),=AVERAGE($D$2:$D$240),"=IFERROR(($AT240-G240)/$AT240,0)","=IFERROR(($AU240-D240)/$AU240,0)",=$AU240-D240
