Title,Property Manager/Host,Contact,Revenue,Revenue Potential,ADR,Occupancy,Days Available,Bedrooms,Bathrooms,Accommodates,Has Air Conditioning,Has Gym,Has Hot Tub,Has Kitchen,Has Parking,Has Pets,Has Pool,Listing Type,Property Type,Real Estate Type,Overall Rating,Number of Reviews,Minimum Stay,Host Unit Count,Price Tier,Airbnb Superhost,Cleaning Fee,Instant Book,Reserved Days,Number of Bookings,Last Update,AirDNA Market,AirDNA Subarket,City,State,Zipcode,Country,Location Type,Listing URL,Main Listing Image,Airbnb Property ID,Vrbo Property ID,Latitude,Longitude,Market Average Occupancy,Market Average Revenue,Occupancy Gap,Revenue % Gap,Revenue $ Gap
Zebra Ranch 150 Guest Venue & Lodging| Mtn Vu•Farm,388294263,,244470,272546,5093.12,68.57,80,,,16,true,false,false,true,true,true,false,Home/Apartment,Ranch,Unique,0,0,2,21+,Luxury,true,6635,false,48,10,2026-05-11,Arizona Area,Prescott,Prescott,Arizona,86305,United States,rural,https://www.airbnb.com/rooms/1614597921121243495,https://a0.muscache.com/im/pictures/prohost-api/Hosting-1614597921121243495/original/17086b66-7899-46a0-ba87-3ebc61028da3.png,1614597921121243495,5088086,34.6512001765,-112.5152069985,=AVERAGE($G$2:$G$283),=AVERAGE($D$2:$D$283),"=IFERROR(($AT2-G2)/$AT2,0)","=IFERROR(($AU2-D2)/$AU2,0)",=$AU2-D2
View ~ATV~Karaoke Bar ~Kayaks/Bikes ~Hot Tub/Sauna,341516015,,119758,134232,1069.27,38.23,329,5,3,16,true,false,true,true,true,true,false,Home/Apartment,Cabin,House/villa,4.95,78,3,1,Luxury,true,597,false,112,22,2026-05-11,Arizona Area,Prescott,Prescott,Arizona,86303,United States,rural,https://www.airbnb.com/rooms/734136588867847427,https://a0.muscache.com/im/pictures/hosting/Hosting-734136588867847427/original/d5fddbc1-735b-48ad-b8bd-7357d190a117.jpeg,734136588867847427,3051644,34.51264,-112.48894,=AVERAGE($G$2:$G$283),=AVERAGE($D$2:$D$283),"=IFERROR(($AT3-G3)/$AT3,0)","=IFERROR(($AU3-D3)/$AU3,0)",=$AU3-D3
"Luxury Prescott Retreat with Casita, Spa, Patios!",STRM,,104487,110728,916.55,32.95,350,4,3,10,true,false,true,true,true,false,false,Home/Apartment,Cabin,House/villa,4.95,65,2,21+,Luxury,true,529,true,114,40,2026-05-13,Arizona Area,Prescott,Prescott,Arizona,86305,United States,rural,https://www.airbnb.com/rooms/823300113249805366,https://a0.muscache.com/im/pictures/prohost-api/Hosting-823300113249805366/original/1707741b-1c1b-44c0-b962-e4c651324a41.jpeg,823300113249805366,3249616,34.54918,-112.50955,=AVERAGE($G$2:$G$283),=AVERAGE($D$2:$D$283),"=IFERROR(($AT4-G4)/$AT4,0)","=IFERROR(($AU4-D4)/$AU4,0)",=$AU4-D4
Green Roof A-Frame: Endless Views | Modern Cabin,Home Team Vacation Rentals,,104433,110175,460.06,65.8,345,4,2,14,true,false,false,true,true,true,false,Home/Apartment,House,House/villa,4.9,78,4,21+,Luxury,true,236,true,227,75,2026-05-17,Arizona Area,Prescott,Prescott,Arizona,86303,United States,rural,https://www.airbnb.com/rooms/1155884189563454173,https://a0.muscache.com/im/pictures/prohost-api/Hosting-1155884189563454173/original/78b1924f-a62b-469f-b540-9854d89c3a71.jpeg,1155884189563454173,4002218,34.4532,-112.3818,=AVERAGE($G$2:$G$283),=AVERAGE($D$2:$D$283),"=IFERROR(($AT5-G5)/$AT5,0)","=IFERROR(($AU5-D5)/$AU5,0)",=$AU5-D5
"Luxury Home Near Golf Course, Airport",RedAwning,,89233,93234,354.1,73.04,345,3,2,5,true,false,false,true,true,false,false,Home/Apartment,House,House/villa,5,13,2,21+,Luxury,false,218,true,252,32,2026-05-11,Arizona Area,Prescott,Prescott,Arizona,86301,United States,rural,https://www.airbnb.com/rooms/908531311156263430,https://a0.muscache.com/im/pictures/prohost-api/Hosting-908531311156263430/original/1daec355-0dd9-489e-8d3a-ebd2b92e6af1.jpeg,908531311156263430,9836591ha,34.6344,-112.429,=AVERAGE($G$2:$G$283),=AVERAGE($D$2:$D$283),"=IFERROR(($AT6-G6)/$AT6,0)","=IFERROR(($AU6-D6)/$AU6,0)",=$AU6-D6
Million Dollar Views at Secluded Mountain Home!,486267410,,86715,93070,495.51,51.78,338,4,2,12,true,false,true,true,true,false,false,Home/Apartment,House,House/villa,5,117,3,1,Luxury,true,507,false,175,50,2026-04-20,Arizona Area,Prescott,Prescott,Arizona,86303,United States,rural,https://www.airbnb.com/rooms/752806539888660846,https://a0.muscache.com/im/pictures/hosting/Hosting-752806539888660846/original/f392db20-03d1-4572-b519-84fb9a63e2b2.jpeg,752806539888660846,3777073,34.46546,-112.37814,=AVERAGE($G$2:$G$283),=AVERAGE($D$2:$D$283),"=IFERROR(($AT7-G7)/$AT7,0)","=IFERROR(($AU7-D7)/$AU7,0)",=$AU7-D7
the Vista! Walk to the Square!,31617347,,84685,86546,371.43,63.87,357,3,2,8,true,false,true,true,true,false,false,Home/Apartment,House,House/villa,4.95,26,2,2-5,Luxury,true,250,true,228,64,2026-05-11,Arizona Area,Prescott,Prescott,Arizona,86303,United States,rural,https://www.airbnb.com/rooms/1186964986393581636,https://a0.muscache.com/im/pictures/hosting/Hosting-U3RheVN1cHBseUxpc3Rpbmc6MTE4Njk2NDk4NjM5MzU4MTYzNg%3D%3D/original/1b100071-15cc-41c0-a24a-05d265ce35eb.jpeg,1186964986393581636,,34.5401,-112.4809,=AVERAGE($G$2:$G$283),=AVERAGE($D$2:$D$283),"=IFERROR(($AT8-G8)/$AT8,0)","=IFERROR(($AU8-D8)/$AU8,0)",=$AU8-D8
Tombstone Hideaway*In the Pines* Quiet Retreat,STRM,,80489,81162,609.77,36.46,362,4,3,16,true,false,false,true,true,true,false,Home/Apartment,Cabin,House/villa,4.85,122,2,21+,Luxury,true,444,true,132,47,2026-05-16,Arizona Area,Prescott,Prescott,Arizona,86305,United States,rural,https://www.airbnb.com/rooms/726083529667737626,https://a0.muscache.com/im/pictures/prohost-api/Hosting-726083529667737626/original/d74d3a83-1437-4656-b7c0-f7b6d926efce.jpeg,726083529667737626,3033277,34.55207,-112.56119,=AVERAGE($G$2:$G$283),=AVERAGE($D$2:$D$283),"=IFERROR(($AT9-G9)/$AT9,0)","=IFERROR(($AU9-D9)/$AU9,0)",=$AU9-D9
Pleasant Downtown Haven *0.3 Miles *Pet Friendly,MyHost Prescott,,73348,77123,282.11,74.93,347,3,2,6,true,false,false,true,true,true,false,Home/Apartment,House,House/villa,5,181,2,21+,Luxury,true,140,true,260,82,2026-05-17,Arizona Area,Prescott,Prescott,Arizona,86301,United States,rural,https://www.airbnb.com/rooms/858712795002406002,https://a0.muscache.com/im/pictures/prohost-api/Hosting-858712795002406002/original/fa966c16-5e3a-4f82-a439-492415d47747.jpeg,858712795002406002,3456751,34.543,-112.4649,=AVERAGE($G$2:$G$283),=AVERAGE($D$2:$D$283),"=IFERROR(($AT10-G10)/$AT10,0)","=IFERROR(($AU10-D10)/$AU10,0)",=$AU10-D10
Whiskey Row's 1927 Speakeasy w/hot tub,315056313,,73126,74138,353.27,57.5,360,3,2,6,true,false,true,true,true,true,false,Home/Apartment,House,House/villa,4.85,255,1,6-20,Luxury,true,149,true,207,105,2026-05-13,Arizona Area,Prescott,Prescott,Arizona,86301,United States,rural,https://www.airbnb.com/rooms/721989428427294334,https://a0.muscache.com/im/pictures/miso/Hosting-721989428427294334/original/a588fc3a-1b70-4ba3-b48a-859b11468beb.jpeg,721989428427294334,,34.54475,-112.46639,=AVERAGE($G$2:$G$283),=AVERAGE($D$2:$D$283),"=IFERROR(($AT11-G11)/$AT11,0)","=IFERROR(($AU11-D11)/$AU11,0)",=$AU11-D11
Hot Tub | King Bed | Serenity Retreat,2573722,,70667,77416,390.43,52.77,344,3,2,6,true,false,true,true,true,true,false,Home/Apartment,House,House/villa,4.9,75,2,2-5,Luxury,true,200,true,181,30,2026-05-11,Arizona Area,Prescott,Prescott,Arizona,86305,United States,rural,https://www.airbnb.com/rooms/745685418639347634,https://a0.muscache.com/im/pictures/miso/Hosting-745685418639347634/original/32c9cee5-d0fe-408a-91ea-5a06bf037070.jpeg,745685418639347634,,34.68766,-112.54537,=AVERAGE($G$2:$G$283),=AVERAGE($D$2:$D$283),"=IFERROR(($AT12-G12)/$AT12,0)","=IFERROR(($AU12-D12)/$AU12,0)",=$AU12-D12
"Boulder Bungalow, Quite & Upscale in Prescott AZ",7873679,,69609,70348,292.47,66.11,360,2,2,4,true,true,false,true,true,true,false,Home/Apartment,House,House/villa,4.9,39,2,6-20,Luxury,true,225,false,238,53,2026-05-11,Arizona Area,Prescott,Prescott,Arizona,86303,United States,rural,https://www.airbnb.com/rooms/1152846122639854048,https://a0.muscache.com/im/pictures/prohost-api/Hosting-1152846122639854048/original/fda5aa19-18cf-4db5-bacb-6247d11e72e0.png,1152846122639854048,4063702,34.53835,-112.50118,=AVERAGE($G$2:$G$283),=AVERAGE($D$2:$D$283),"=IFERROR(($AT13-G13)/$AT13,0)","=IFERROR(($AU13-D13)/$AU13,0)",=$AU13-D13
"Secluded on 9 acres Beautiful 6,000+ Sq. Ft. Cabin, 6 Bd 4.25 Bath",,,69373,82409,1035.42,24.28,317,6,4,20,true,true,true,true,true,true,false,Home/Apartment,Cabin,House/villa,4.9,156,2,1,Luxury,false,200,true,67,26,2026-05-16,Arizona Area,Prescott,Prescott,Arizona,86303,United States,rural,https://www.vrbo.com/413703,https://media.vrbo.com/lodging/34000000/33490000/33484600/33484593/0ce05b49.jpg?impolicy=resizecrop&rw=1200&ra=fit,,413703,34.51807,-112.487511,=AVERAGE($G$2:$G$283),=AVERAGE($D$2:$D$283),"=IFERROR(($AT14-G14)/$AT14,0)","=IFERROR(($AU14-D14)/$AU14,0)",=$AU14-D14
Beautiful Mountain Top Retreat *With a Spa*,STRM,,68798,72457,517.28,37.89,351,4,4,12,true,false,true,true,true,false,false,Home/Apartment,House,House/villa,5,35,2,21+,Luxury,true,464,true,133,38,2026-05-13,Arizona Area,Prescott,Prescott,Arizona,86301,United States,rural,https://www.airbnb.com/rooms/1187657248461336225,https://a0.muscache.com/im/pictures/prohost-api/Hosting-1187657248461336225/original/10ae7961-f046-43a3-b471-9708b7666815.jpeg,1187657248461336225,4071518,34.55883,-112.39483,=AVERAGE($G$2:$G$283),=AVERAGE($D$2:$D$283),"=IFERROR(($AT15-G15)/$AT15,0)","=IFERROR(($AU15-D15)/$AU15,0)",=$AU15-D15
LuxTreehouse | Stunning Woodside Cabin 4/3,My Host Prescott,,68148,70166,469.99,43.54,355,4,3,10,true,false,false,true,true,false,false,Home/Apartment,House,House/villa,5,25,1,1,Luxury,true,250,false,145,54,2026-05-15,Arizona Area,Prescott,Prescott,Arizona,86303,United States,rural,https://www.airbnb.com/rooms/1532097553048325758,https://a0.muscache.com/im/pictures/hosting/Hosting-1532097553048325758/original/1c64b5af-3125-4204-9375-cc40d19800f2.jpeg,1532097553048325758,3588589,34.51613,-112.50563,=AVERAGE($G$2:$G$283),=AVERAGE($D$2:$D$283),"=IFERROR(($AT16-G16)/$AT16,0)","=IFERROR(($AU16-D16)/$AU16,0)",=$AU16-D16
Location- Relax-Cabin-Resort Style- Hot Tub- Games,72152677,,67709,69828,306.38,62.61,353,3,2,8,true,false,true,true,true,true,false,Home/Apartment,Cabin,House/villa,4.85,117,3,6-20,Luxury,true,200,true,221,72,2026-05-11,Arizona Area,Prescott,Prescott,Arizona,86303,United States,rural,https://www.airbnb.com/rooms/50359513,https://a0.muscache.com/im/pictures/hosting/Hosting-U3RheVN1cHBseUxpc3Rpbmc6NTAzNTk1MTM%3D/original/21c05562-8066-4a04-b21e-0b026fb654fa.jpeg,50359513,,34.45499,-112.37685,=AVERAGE($G$2:$G$283),=AVERAGE($D$2:$D$283),"=IFERROR(($AT17-G17)/$AT17,0)","=IFERROR(($AU17-D17)/$AU17,0)",=$AU17-D17
Haven at the Preserve *Hot Tub* *Amazing Views*,Property Management Inc Northern Arizona,,67618,75230,344.99,72.32,272,3,2,6,true,false,true,true,true,true,false,Home/Apartment,House,House/villa,4.75,170,2,21+,Luxury,true,294,false,196,56,2026-05-13,Arizona Area,Prescott,Prescott,Arizona,86305,United States,rural,https://www.airbnb.com/rooms/34096342,https://a0.muscache.com/im/pictures/prohost-api/Hosting-34096342/original/1cee91b1-69a5-4fcc-b356-784d508576b0.jpeg,34096342,1646027,34.55479,-112.49698,=AVERAGE($G$2:$G$283),=AVERAGE($D$2:$D$283),"=IFERROR(($AT18-G18)/$AT18,0)","=IFERROR(($AU18-D18)/$AU18,0)",=$AU18-D18
*NEW*OlympusCabin-Relaxing 4 Bedroom in the Pines!,472057460,,67380,68625,429.17,45.91,358,4,2,10,true,false,false,true,true,false,false,Home/Apartment,Cabin,House/villa,5,46,2,1,Luxury,true,301,false,157,38,2026-05-11,Arizona Area,Prescott,Prescott,Arizona,86303,United States,rural,https://www.airbnb.com/rooms/681116682143159224,https://a0.muscache.com/im/pictures/517172d5-f9ca-4591-89e9-f169ae76452c.jpg,681116682143159224,,34.4368,-112.4089,=AVERAGE($G$2:$G$283),=AVERAGE($D$2:$D$283),"=IFERROR(($AT19-G19)/$AT19,0)","=IFERROR(($AU19-D19)/$AU19,0)",=$AU19-D19
Sleeps 10 • King Suites • Views • 5 Min to Town,72561835,,66947,69614,437.56,43.97,348,4,3,10,true,false,false,true,true,true,false,Home/Apartment,House,House/villa,4.95,79,2,2-5,Luxury,true,261,false,153,45,2026-05-11,Arizona Area,Prescott,Prescott,Arizona,86305,United States,rural,https://www.airbnb.com/rooms/39668353,https://a0.muscache.com/im/pictures/hosting/Hosting-39668353/original/1acb1291-ac12-4e5a-b786-298f5d391ad8.png,39668353,,34.5764459855,-112.4993901709,=AVERAGE($G$2:$G$283),=AVERAGE($D$2:$D$283),"=IFERROR(($AT20-G20)/$AT20,0)","=IFERROR(($AU20-D20)/$AU20,0)",=$AU20-D20
Breathtaking views w/ Hot tub: Casa Bella Vista,Rental Advisor,,66545,67488,231.06,80,360,2,2,5,true,false,true,true,true,false,false,Home/Apartment,House,House/villa,4.9,63,3,21+,Luxury,true,178,true,288,75,2026-05-17,Arizona Area,Prescott,Prescott,Arizona,86303,United States,rural,https://www.airbnb.com/rooms/1290717239599010378,https://a0.muscache.com/im/pictures/prohost-api/Hosting-1290717239599010378/original/4cd61ae6-3da6-4f9d-988e-de0c8bc39f25.jpeg,1290717239599010378,4291827,34.5216,-112.4641,=AVERAGE($G$2:$G$283),=AVERAGE($D$2:$D$283),"=IFERROR(($AT21-G21)/$AT21,0)","=IFERROR(($AU21-D21)/$AU21,0)",=$AU21-D21
Pines near Whiskey Row | King Beds | fenced yard,110994852,,66206,67638,270.23,68.63,357,3,2,7,true,false,false,true,true,true,false,Home/Apartment,Cabin,House/villa,5,37,2,2-5,Luxury,true,211,false,245,61,2026-05-11,Arizona Area,Prescott,Prescott,Arizona,86303,United States,rural,https://www.airbnb.com/rooms/1374811725507140011,https://a0.muscache.com/im/pictures/hosting/Hosting-U3RheVN1cHBseUxpc3Rpbmc6MTM3NDgxMTcyNTUwNzE0MDAxMQ==/original/680209c8-537e-4767-a607-6b31aa8f9404.jpeg,1374811725507140011,4495981,34.5251648847,-112.4814743385,=AVERAGE($G$2:$G$283),=AVERAGE($D$2:$D$283),"=IFERROR(($AT22-G22)/$AT22,0)","=IFERROR(($AU22-D22)/$AU22,0)",=$AU22-D22
*Luxury Cabin in the Pines *BBQ,Property Management Inc Northern Arizona,,66193,66663,466.15,39.78,362,4,2,14,true,false,false,true,true,false,false,Home/Apartment,House,House/villa,4.85,62,2,21+,Luxury,true,394,false,142,46,2026-05-13,Arizona Area,Prescott,Prescott,Arizona,86303,United States,rural,https://www.airbnb.com/rooms/813139906776316874,https://a0.muscache.com/im/pictures/prohost-api/Hosting-813139906776316874/original/9aceea91-b996-4940-97ba-5b24e595c165.jpeg,813139906776316874,3294306,34.45311,-112.38427,=AVERAGE($G$2:$G$283),=AVERAGE($D$2:$D$283),"=IFERROR(($AT23-G23)/$AT23,0)","=IFERROR(($AU23-D23)/$AU23,0)",=$AU23-D23
"The View, a Custom Home With 3 Patios + Fire Pit",341134264,,65788,66301,266.35,68.23,362,3,2,8,true,false,false,true,true,false,false,Home/Apartment,House,House/villa,4.95,182,3,2-5,Luxury,true,159,false,247,45,2026-05-11,Arizona Area,Prescott,Prescott,Arizona,86301,United States,rural,https://www.airbnb.com/rooms/47782176,https://a0.muscache.com/im/pictures/miso/Hosting-47782176/original/44c28b8e-ec96-4061-8e57-0494bbe99eb4.jpeg,47782176,2172358,34.56667,-112.47856,=AVERAGE($G$2:$G$283),=AVERAGE($D$2:$D$283),"=IFERROR(($AT24-G24)/$AT24,0)","=IFERROR(($AU24-D24)/$AU24,0)",=$AU24-D24
"Summit Lodge- Sleeps 10, 4 Full Bath, Pet Friendly",MyHost Prescott,,65379,82399,314.32,75.09,277,3,4,10,true,false,false,true,true,true,false,Home/Apartment,House,House/villa,4.95,94,2,21+,Luxury,true,175,true,208,58,2026-01-04,Arizona Area,Prescott,Prescott,Arizona,86303,United States,rural,https://www.airbnb.com/rooms/1120505372735282688,https://a0.muscache.com/im/pictures/prohost-api/Hosting-1120505372735282688/original/6cc77abc-c854-403c-829d-f8e4c96e0933.jpeg,1120505372735282688,3933324,34.5211708,-112.5042313,=AVERAGE($G$2:$G$283),=AVERAGE($D$2:$D$283),"=IFERROR(($AT25-G25)/$AT25,0)","=IFERROR(($AU25-D25)/$AU25,0)",=$AU25-D25
Large Luxury Home w/ Deck & Spectacular Views,63284201,,64927,68094,356.74,51.85,351,3,2,6,true,false,false,true,true,true,false,Home/Apartment,House,House/villa,4.95,144,2,6-20,Luxury,true,190,true,182,52,2026-05-17,Arizona Area,Prescott,Prescott,Arizona,86305,United States,rural,https://www.airbnb.com/rooms/624615377953276613,https://a0.muscache.com/im/pictures/hosting/Hosting-624615377953276613/original/3928f382-6401-4a5c-ab7f-c58e07bc75ea.jpeg,624615377953276613,,34.57288,-112.50086,=AVERAGE($G$2:$G$283),=AVERAGE($D$2:$D$283),"=IFERROR(($AT26-G26)/$AT26,0)","=IFERROR(($AU26-D26)/$AU26,0)",=$AU26-D26
"Hot Tub, Mountain Views: Scenic Prescott Home",Evolve,,64842,65287,250.36,71.35,363,2,2,4,true,false,true,true,true,false,false,Home/Apartment,House,House/villa,4.9,118,2,21+,Luxury,false,178,true,259,54,2026-05-17,Arizona Area,Prescott,Prescott,Arizona,86303,United States,rural,https://www.airbnb.com/rooms/737743563075574272,https://a0.muscache.com/im/pictures/prohost-api/Hosting-737743563075574272/original/dd338d99-4631-4109-b77f-16aecf32d894.jpeg,737743563075574272,9743277ha,34.523,-112.4644,=AVERAGE($G$2:$G$283),=AVERAGE($D$2:$D$283),"=IFERROR(($AT27-G27)/$AT27,0)","=IFERROR(($AU27-D27)/$AU27,0)",=$AU27-D27
CC*New Listing*Walk to the Square*New Remodel*,STRM,,64820,65689,410.25,44.13,358,3,2,6,true,false,false,true,true,true,false,Home/Apartment,House,House/villa,4.95,93,2,21+,Luxury,true,254,true,158,53,2026-05-11,Arizona Area,Prescott,Prescott,Arizona,86301,United States,rural,https://www.airbnb.com/rooms/734753295836634773,https://a0.muscache.com/im/pictures/prohost-api/Hosting-734753295836634773/original/eeb289a1-1507-4aa0-ad43-4e71ce1b1734.jpeg,734753295836634773,3055192,34.5468,-112.46246,=AVERAGE($G$2:$G$283),=AVERAGE($D$2:$D$283),"=IFERROR(($AT28-G28)/$AT28,0)","=IFERROR(($AU28-D28)/$AU28,0)",=$AU28-D28
"1 Mi to Whiskey Row · Pool Table, Arcade, Firepit",62596926,,62697,63735,286.29,61,359,3,3,10,true,false,false,true,true,true,false,Home/Apartment,House,House/villa,4.9,117,2,2-5,Luxury,true,237,false,219,48,2026-05-11,Arizona Area,Prescott,Prescott,Arizona,86305,United States,rural,https://www.airbnb.com/rooms/53687019,https://a0.muscache.com/im/pictures/prohost-api/Hosting-53687019/original/e8747ab5-1c79-4fa0-93fd-ecf76963ed6d.jpeg,53687019,,34.5491,-112.481,=AVERAGE($G$2:$G$283),=AVERAGE($D$2:$D$283),"=IFERROR(($AT29-G29)/$AT29,0)","=IFERROR(($AU29-D29)/$AU29,0)",=$AU29-D29
BigFoot's Hideout,315056313,,61873,66813,231.73,79.7,335,2,2,4,true,false,false,true,true,true,false,Home/Apartment,Cabin,House/villa,4.95,71,1,6-20,Luxury,true,139,false,267,104,2026-05-16,Arizona Area,Prescott,Prescott,Arizona,86303,United States,rural,https://www.airbnb.com/rooms/1386954980558979363,https://a0.muscache.com/im/pictures/hosting/Hosting-U3RheVN1cHBseUxpc3Rpbmc6MTM4Njk1NDk4MDU1ODk3OTM2Mw==/original/75b7110c-4035-4ef6-b3cb-b8aceae18899.jpeg,1386954980558979363,,34.5261997604,-112.498645871,=AVERAGE($G$2:$G$283),=AVERAGE($D$2:$D$283),"=IFERROR(($AT30-G30)/$AT30,0)","=IFERROR(($AU30-D30)/$AU30,0)",=$AU30-D30
Prescott Retreat - views & minutes to Whiskey Row!,162034874,,61798,64785,318.55,55.43,350,3,3,8,true,false,false,true,true,true,false,Home/Apartment,House,House/villa,4.9,98,2,1,Luxury,false,230,false,194,42,2026-05-17,Arizona Area,Prescott,Prescott,Arizona,86301,United States,rural,https://www.airbnb.com/rooms/24679378,https://a0.muscache.com/im/pictures/miso/Hosting-24679378/original/c45016f5-72e0-4766-b8b3-8c2daf0bd19e.jpeg,24679378,2925774,34.56838,-112.47018,=AVERAGE($G$2:$G$283),=AVERAGE($D$2:$D$283),"=IFERROR(($AT31-G31)/$AT31,0)","=IFERROR(($AU31-D31)/$AU31,0)",=$AU31-D31
Cedar Cabin just 8 minutes from Downtown!,Bear Creek Real Estate and Property Management  LC662131000,,61648,63523,308.24,84.03,238,2,2,7,true,false,false,true,true,true,false,Home/Apartment,Cabin,House/villa,4.9,91,2,21+,Luxury,false,176,false,200,29,2025-09-09,Arizona Area,Prescott,Prescott,Arizona,86303,United States,rural,https://www.airbnb.com/rooms/887655113302082956,https://a0.muscache.com/im/pictures/miso/Hosting-887655113302082956/original/c90987df-8bd1-47fa-87e1-7a0e74f2683c.png,887655113302082956,7098219ha,34.52013,-112.46468,=AVERAGE($G$2:$G$283),=AVERAGE($D$2:$D$283),"=IFERROR(($AT32-G32)/$AT32,0)","=IFERROR(($AU32-D32)/$AU32,0)",=$AU32-D32
Forest Home-Panoramic Pine Views/Arcade/Spa/Games,26955605,,61553,63305,323.96,53.82,353,3,3,10,true,true,true,true,true,true,false,Home/Apartment,Cabin,House/villa,4.95,137,2,2-5,Luxury,true,250,false,190,56,2026-05-11,Arizona Area,Prescott,Prescott,Arizona,86303,United States,rural,https://www.airbnb.com/rooms/680471085402905696,https://a0.muscache.com/im/pictures/miso/Hosting-680471085402905696/original/0773caa2-a875-4bd2-a31c-fb7184b9f3dc.jpeg,680471085402905696,2974279,34.4771,-112.409,=AVERAGE($G$2:$G$283),=AVERAGE($D$2:$D$283),"=IFERROR(($AT33-G33)/$AT33,0)","=IFERROR(($AU33-D33)/$AU33,0)",=$AU33-D33
The Majestic Mountain Retreat,19870105,,60833,67220,206.91,89.09,330,2,1,4,true,false,false,true,true,true,false,Home/Apartment,Earth house,Unique,4.95,475,2,1,Luxury,true,80,true,294,73,2026-05-17,Arizona Area,Prescott,Prescott,Arizona,86303,United States,rural,https://www.airbnb.com/rooms/18924915,https://a0.muscache.com/im/pictures/a546619f-22a7-4b64-aee8-70a9b0cd41e4.jpg,18924915,,34.45017,-112.38723,=AVERAGE($G$2:$G$283),=AVERAGE($D$2:$D$283),"=IFERROR(($AT34-G34)/$AT34,0)","=IFERROR(($AU34-D34)/$AU34,0)",=$AU34-D34
Namaste Nest,Bear Creek Real Estate and Property Management  LC662131000,,60739,90800,446.61,70.1,206,3,2,6,true,false,false,true,true,false,false,Home/Apartment,Guest house,House/villa,0,0,2,21+,Luxury,false,250,false,136,40,2025-10-05,Arizona Area,Prescott,Prescott,Arizona,86301,United States,rural,https://www.airbnb.com/rooms/1415990870533573024,https://a0.muscache.com/im/pictures/miso/Hosting-1415990870533573024/original/8f38075a-a5ef-42f4-8a5e-04a90c4073d4.jpeg,1415990870533573024,4575282,34.5430314,-112.4642612,=AVERAGE($G$2:$G$283),=AVERAGE($D$2:$D$283),"=IFERROR(($AT35-G35)/$AT35,0)","=IFERROR(($AU35-D35)/$AU35,0)",=$AU35-D35
L*Large Home*Central Loc*Amazing Views!*Getaway*,STRM,,60456,60456,530.32,32.02,365,4,4,14,true,false,false,true,true,true,false,Home/Apartment,House,House/villa,4.85,230,2,21+,Luxury,true,444,true,114,42,2026-05-13,Arizona Area,Prescott,Prescott,Arizona,86305,United States,rural,https://www.airbnb.com/rooms/745426265017610268,https://a0.muscache.com/im/pictures/prohost-api/Hosting-745426265017610268/original/eda434b5-54cc-4f5f-98fe-cff05e09820b.jpeg,745426265017610268,3080350,34.58569,-112.47977,=AVERAGE($G$2:$G$283),=AVERAGE($D$2:$D$283),"=IFERROR(($AT36-G36)/$AT36,0)","=IFERROR(($AU36-D36)/$AU36,0)",=$AU36-D36
A Luxury Spacious Italian Villa,Bear Creek Real Estate and Property Management  LC662131000,,59806,59806,449.67,36.44,365,4,3,8,true,false,false,true,true,false,false,Home/Apartment,House,House/villa,4.7,94,2,21+,Luxury,true,300,false,133,28,2026-05-16,Arizona Area,Prescott,Prescott,Arizona,86303,United States,rural,https://www.airbnb.com/rooms/887733067641108036,https://a0.muscache.com/im/pictures/miso/Hosting-887733067641108036/original/412440d9-1bf1-4511-b2ca-6dba40461c60.jpeg,887733067641108036,4964903ha,34.52579,-112.46262,=AVERAGE($G$2:$G$283),=AVERAGE($D$2:$D$283),"=IFERROR(($AT37-G37)/$AT37,0)","=IFERROR(($AU37-D37)/$AU37,0)",=$AU37-D37
*Stone Mountain Retreat*,STRM,,56275,56538,327.18,47.38,363,3,3,8,true,false,true,true,true,false,false,Home/Apartment,House,House/villa,4.9,92,2,21+,Luxury,true,264,true,172,47,2026-05-13,Arizona Area,Prescott,Prescott,Arizona,86305,United States,rural,https://www.airbnb.com/rooms/895051293813564744,https://a0.muscache.com/im/pictures/prohost-api/Hosting-895051293813564744/original/d4378002-5997-4cb2-a2b1-467d233db460.jpeg,895051293813564744,3410971,34.5681,-112.50701,=AVERAGE($G$2:$G$283),=AVERAGE($D$2:$D$283),"=IFERROR(($AT38-G38)/$AT38,0)","=IFERROR(($AU38-D38)/$AU38,0)",=$AU38-D38
Little Javelina Falls /HOT TUB/ Walk to downtown,13340625,,55472,60151,203.94,80.95,336,1,1,2,true,false,true,true,true,true,false,Home/Apartment,House,House/villa,5,339,1,2-5,Luxury,true,75,false,272,129,2026-05-17,Arizona Area,Prescott,Prescott,Arizona,86305,United States,rural,https://www.airbnb.com/rooms/857874187040840579,https://a0.muscache.com/im/pictures/miso/Hosting-857874187040840579/original/8d3fe8bb-cb02-4ed9-9556-3287ce127da3.jpeg,857874187040840579,3330647,34.54586,-112.47803,=AVERAGE($G$2:$G$283),=AVERAGE($D$2:$D$283),"=IFERROR(($AT39-G39)/$AT39,0)","=IFERROR(($AU39-D39)/$AU39,0)",=$AU39-D39
Wildlife Views | Hot Tub | Fire Pit & Games,Home Team Vacation Rentals,,55320,57517,329.29,72.41,233,3,2,7,true,false,true,true,true,true,false,Home/Apartment,House,House/villa,4.95,35,4,21+,Luxury,true,202,true,168,46,2026-05-14,Arizona Area,Prescott,Prescott,Arizona,86303,United States,rural,https://www.airbnb.com/rooms/1498595843305165167,https://a0.muscache.com/im/pictures/prohost-api/Hosting-1498595843305165167/original/e85db7a0-01cb-4970-a7b3-9dc3e3faaa0f.jpeg,1498595843305165167,4787371,34.524,-112.5173,=AVERAGE($G$2:$G$283),=AVERAGE($D$2:$D$283),"=IFERROR(($AT40-G40)/$AT40,0)","=IFERROR(($AU40-D40)/$AU40,0)",=$AU40-D40
Lynx Creek Chalet - A Dog Friendly Getaway!,463057351,,53604,54918,232.05,70.64,327,1,1,2,true,false,false,true,true,true,false,Home/Apartment,Cabin,House/villa,5,164,2,1,Luxury,true,75,false,231,56,2026-04-06,Arizona Area,Prescott,Prescott,Arizona,86303,United States,rural,https://www.airbnb.com/rooms/644117916104663833,https://a0.muscache.com/im/pictures/hosting/Hosting-U3RheVN1cHBseUxpc3Rpbmc6NjQ0MTE3OTE2MTA0NjYzODMz/original/a2d6ceae-4184-4a2c-9951-ec0308bbaae0.jpeg,644117916104663833,,34.44935,-112.38706,=AVERAGE($G$2:$G$283),=AVERAGE($D$2:$D$283),"=IFERROR(($AT41-G41)/$AT41,0)","=IFERROR(($AU41-D41)/$AU41,0)",=$AU41-D41
The 1925 Senators House- 100 Yr Old Home downtown!,MyHost Prescott,,53567,55608,263.88,61.89,355,3,3,9,true,true,false,true,true,false,false,Home/Apartment,House,House/villa,5,27,2,21+,Luxury,true,180,true,203,59,2026-05-14,Arizona Area,Prescott,Prescott,Arizona,86303,United States,rural,https://www.airbnb.com/rooms/1426274017714953171,https://a0.muscache.com/im/pictures/hosting/Hosting-U3RheVN1cHBseUxpc3Rpbmc6MTQyNjI3NDAxNzcxNDk1MzE3MQ==/original/7ed02c88-bbfb-4f82-9f1b-8dd75558b5fd.jpeg,1426274017714953171,4985156,34.5373,-112.4782,=AVERAGE($G$2:$G$283),=AVERAGE($D$2:$D$283),"=IFERROR(($AT42-G42)/$AT42,0)","=IFERROR(($AU42-D42)/$AU42,0)",=$AU42-D42
Best Nest-Downtown Prescott,46010327,,53466,56504,221.85,69.65,346,2,2,6,true,false,false,true,true,false,false,Home/Apartment,House,House/villa,5,163,1,1,Luxury,true,139,false,241,85,2026-05-17,Arizona Area,Prescott,Prescott,Arizona,86303,United States,rural,https://www.airbnb.com/rooms/1012298742612710504,https://a0.muscache.com/im/pictures/miso/Hosting-1012298742612710504/original/cf742740-5a61-44dc-8dc6-618e2201b4c9.jpeg,1012298742612710504,,34.537,-112.4675,=AVERAGE($G$2:$G$283),=AVERAGE($D$2:$D$283),"=IFERROR(($AT43-G43)/$AT43,0)","=IFERROR(($AU43-D43)/$AU43,0)",=$AU43-D43
Treehouse Cabin is your Mountain Getaway,,,52829,59969,190.03,84.24,332,1,2,8,true,false,false,true,true,true,false,Home/Apartment,Cabin,House/villa,5,133,2,1,Luxury,false,100,false,278,56,2026-05-16,Arizona Area,Prescott,Prescott,Arizona,86303,United States,rural,https://www.vrbo.com/1799076,https://media.vrbo.com/lodging/43000000/42310000/42305800/42305765/f0dedff4.jpg?impolicy=resizecrop&rw=1200&ra=fit,,1799076,34.472855,-112.488446,=AVERAGE($G$2:$G$283),=AVERAGE($D$2:$D$283),"=IFERROR(($AT44-G44)/$AT44,0)","=IFERROR(($AU44-D44)/$AU44,0)",=$AU44-D44
Charles Estate,514730081,,52711,74174,836.68,39.38,195,6,4,16,true,false,true,true,true,true,true,Home/Apartment,House,House/villa,0,0,1,1,Luxury,false,3,false,63,15,2025-11-03,Arizona Area,Prescott,Prescott,Arizona,86303,United States,rural,https://www.airbnb.com/rooms/1368341217779995770,https://a0.muscache.com/im/pictures/hosting/Hosting-1368341217779995770/original/d907eb7e-6540-4cd4-bea9-b3a171b0f2f9.jpeg,1368341217779995770,,34.5174426632,-112.4875840703,=AVERAGE($G$2:$G$283),=AVERAGE($D$2:$D$283),"=IFERROR(($AT45-G45)/$AT45,0)","=IFERROR(($AU45-D45)/$AU45,0)",=$AU45-D45
Alarcon Adventure House,74648937,,52438,54683,266.18,56.61,348,2,2,4,true,false,false,true,true,false,false,Home/Apartment,House,House/villa,5,69,1,2-5,Luxury,true,115,true,197,68,2026-05-11,Arizona Area,Prescott,Prescott,Arizona,86301,United States,rural,https://www.airbnb.com/rooms/1278447995587012107,https://a0.muscache.com/im/pictures/miso/Hosting-1278447995587012107/original/4acd8d48-0a8f-43fb-9e49-6214a4baa9b2.jpeg,1278447995587012107,4290360,34.5426,-112.4662,=AVERAGE($G$2:$G$283),=AVERAGE($D$2:$D$283),"=IFERROR(($AT46-G46)/$AT46,0)","=IFERROR(($AU46-D46)/$AU46,0)",=$AU46-D46
Charming Downtown Getaway Walk to Shops & square!,49176219,,51419,53000,200.07,72.8,353,2,2,6,true,false,false,true,true,false,false,Home/Apartment,House,House/villa,5,376,2,6-20,Luxury,true,100,true,257,75,2026-05-17,Arizona Area,Prescott,Prescott,Arizona,86301,United States,rural,https://www.airbnb.com/rooms/43639656,https://a0.muscache.com/im/pictures/miso/Hosting-43639656/original/33d626f8-4ee5-4abc-bf78-37129b3ce981.jpeg,43639656,,34.54414,-112.46353,=AVERAGE($G$2:$G$283),=AVERAGE($D$2:$D$283),"=IFERROR(($AT47-G47)/$AT47,0)","=IFERROR(($AU47-D47)/$AU47,0)",=$AU47-D47
The Prescott Smoke Tree Retreat,87985730,,50341,55004,372.9,43.55,351,3,2,8,true,false,false,true,true,false,false,Home/Apartment,House,House/villa,5,24,2,1,Luxury,true,194,false,135,35,2026-05-14,Arizona Area,Prescott,Prescott,Arizona,86301,United States,rural,https://www.airbnb.com/rooms/1329326945582057963,https://a0.muscache.com/im/pictures/hosting/Hosting-1329326945582057963/original/808b31d4-6c11-4682-bf54-80096f7ef1e7.jpeg,1329326945582057963,,34.5846199319,-112.465182687,=AVERAGE($G$2:$G$283),=AVERAGE($D$2:$D$283),"=IFERROR(($AT48-G48)/$AT48,0)","=IFERROR(($AU48-D48)/$AU48,0)",=$AU48-D48
Luxury Retreat with Hot Tub/Walking to Whiskey Row,14818469,,50031,55241,397.07,37.95,333,3,2,7,true,false,true,true,true,false,false,Home/Apartment,House,House/villa,4.9,61,2,2-5,Luxury,true,288,true,126,26,2026-05-16,Arizona Area,Prescott,Prescott,Arizona,86301,United States,rural,https://www.airbnb.com/rooms/569621723143548101,https://a0.muscache.com/im/pictures/8d4181c9-95d9-4890-9e5c-70c625696f8e.jpg,569621723143548101,2685490,34.54232,-112.46377,=AVERAGE($G$2:$G$283),=AVERAGE($D$2:$D$283),"=IFERROR(($AT49-G49)/$AT49,0)","=IFERROR(($AU49-D49)/$AU49,0)",=$AU49-D49
The Sanctuary at Prescott-Downtown-Hot tub & Views,GoodNight Stay,,49843,50547,647.31,26.92,295,4,3,16,true,false,true,true,true,true,false,Home/Apartment,House,House/villa,5,3,2,21+,Luxury,false,500,true,77,23,2026-02-17,Arizona Area,Prescott,Prescott,Arizona,86303,United States,rural,https://www.airbnb.com/rooms/1380646143659866674,https://a0.muscache.com/im/pictures/prohost-api/Hosting-1380646143659866674/original/abb591a9-8401-4b18-a61d-e83dce003695.jpeg,1380646143659866674,,34.5168239587,-112.4638282886,=AVERAGE($G$2:$G$283),=AVERAGE($D$2:$D$283),"=IFERROR(($AT50-G50)/$AT50,0)","=IFERROR(($AU50-D50)/$AU50,0)",=$AU50-D50
Creekside Cottage  / Downtown Prescott,14280813,,49546,50583,189.11,73.39,357,1,1,2,true,false,false,true,true,true,false,Home/Apartment,House,House/villa,5,74,1,2-5,Luxury,true,75,true,262,67,2026-05-11,Arizona Area,Prescott,Prescott,Arizona,86305,United States,rural,https://www.airbnb.com/rooms/1129840638533234608,https://a0.muscache.com/im/pictures/hosting/Hosting-1129840638533234608/original/ab8975c8-8750-4411-a75b-4ed8d229f19f.jpeg,1129840638533234608,,34.5441,-112.4904,=AVERAGE($G$2:$G$283),=AVERAGE($D$2:$D$283),"=IFERROR(($AT51-G51)/$AT51,0)","=IFERROR(($AU51-D51)/$AU51,0)",=$AU51-D51
Zebra Ranch 3-BR House | Mtn View•Trails•Spa•Rqt Bal,388294263,,48873,49978,325.82,43.86,358,3,2,8,true,false,true,true,true,false,false,Home/Apartment,House,House/villa,5,22,1,21+,Luxury,true,240,false,150,49,2026-05-14,Arizona Area,Prescott,Prescott,Arizona,86305,United States,rural,https://www.airbnb.com/rooms/1421029057934964906,https://a0.muscache.com/im/pictures/prohost-api/Hosting-1421029057934964906/original/09b5f8d7-1c17-4d51-a24d-311662455771.jpeg,1421029057934964906,4900867,34.6524266805,-112.5128798923,=AVERAGE($G$2:$G$283),=AVERAGE($D$2:$D$283),"=IFERROR(($AT52-G52)/$AT52,0)","=IFERROR(($AU52-D52)/$AU52,0)",=$AU52-D52
Ponderosa Retreat,459569001,,48518,50333,319.2,43.18,352,3,2,6,true,false,true,true,true,false,false,Home/Apartment,House,House/villa,4.95,29,2,1,Luxury,true,119,false,152,50,2026-05-16,Arizona Area,Prescott,Prescott,Arizona,86305,United States,rural,https://www.airbnb.com/rooms/1385630958701509771,https://a0.muscache.com/im/pictures/miso/Hosting-1385630958701509771/original/7b6bf7d4-408d-409d-a829-f4fb2402fdf4.jpeg,1385630958701509771,4465094,34.5523,-112.5593,=AVERAGE($G$2:$G$283),=AVERAGE($D$2:$D$283),"=IFERROR(($AT53-G53)/$AT53,0)","=IFERROR(($AU53-D53)/$AU53,0)",=$AU53-D53
Spectacular Suite in the Gorgeous Granite Dells,2230152,,47539,48687,210.35,63.48,356,1,1,4,true,false,true,true,true,false,true,Home/Apartment,House,House/villa,4.85,185,1,6-20,Luxury,true,69,true,226,98,2026-05-17,Arizona Area,Prescott,Prescott,Arizona,86301,United States,rural,https://www.airbnb.com/rooms/449163,https://a0.muscache.com/im/pictures/hosting/Hosting-U3RheVN1cHBseUxpc3Rpbmc6NDQ5MTYz/original/cedcce3f-ca25-4814-ae65-4d64422bc34c.jpeg,449163,3262472,34.6063,-112.4153,=AVERAGE($G$2:$G$283),=AVERAGE($D$2:$D$283),"=IFERROR(($AT54-G54)/$AT54,0)","=IFERROR(($AU54-D54)/$AU54,0)",=$AU54-D54
Forest escape w/ hot tub & fireplace,GoodNight Stay,,46663,46949,630.58,23.49,337,4,3,16,true,false,true,true,true,true,false,Home/Apartment,House,House/villa,4.85,30,2,21+,Luxury,true,355,true,74,22,2026-02-17,Arizona Area,Prescott,Prescott,Arizona,86303,United States,rural,https://www.airbnb.com/rooms/1206727155846282000,https://a0.muscache.com/im/pictures/prohost-api/Hosting-1206727155846282000/original/b003d03f-5a5c-4ef7-b7ea-1a9acd990808.jpeg,1206727155846282000,20115808ha,34.5164,-112.4636,=AVERAGE($G$2:$G$283),=AVERAGE($D$2:$D$283),"=IFERROR(($AT55-G55)/$AT55,0)","=IFERROR(($AU55-D55)/$AU55,0)",=$AU55-D55
Prescott Treehouse. Luxe 4BR/3Ba Home. Sleeps 10,MyHost Prescott,,46194,48169,481.19,39.83,241,4,3,10,true,false,false,true,true,false,false,Home/Apartment,House,House/villa,5,88,2,21+,Luxury,true,194,true,96,34,2025-10-21,Arizona Area,Prescott,Prescott,Arizona,86303,United States,rural,https://www.airbnb.com/rooms/956480803518995112,https://a0.muscache.com/im/pictures/miso/Hosting-956480803518995112/original/fa3ab6ef-9944-4779-baeb-d58f5bbc04bc.jpeg,956480803518995112,,34.5149786,-112.5050229,=AVERAGE($G$2:$G$283),=AVERAGE($D$2:$D$283),"=IFERROR(($AT56-G56)/$AT56,0)","=IFERROR(($AU56-D56)/$AU56,0)",=$AU56-D56
Wildly Spectacular CaveCastle in the Granite Dells,2230152,,46121,49668,247.96,54.87,339,2,1,5,true,false,true,true,true,false,true,Home/Apartment,Castle,Unique,4.8,443,1,6-20,Luxury,true,68,true,186,83,2026-05-11,Arizona Area,Prescott,Prescott,Arizona,86301,United States,rural,https://www.airbnb.com/rooms/23237662,https://a0.muscache.com/im/pictures/miso/Hosting-23237662/original/c15d5ed1-4573-4d9b-b544-5073b6e11038.jpeg,23237662,3997241ha,34.6061,-112.4155,=AVERAGE($G$2:$G$283),=AVERAGE($D$2:$D$283),"=IFERROR(($AT57-G57)/$AT57,0)","=IFERROR(($AU57-D57)/$AU57,0)",=$AU57-D57
Whiskey Row's Greenhouse,315056313,,46101,49334,178.69,75.88,340,1,1,2,true,false,false,true,true,true,false,Home/Apartment,House,House/villa,4.85,191,1,6-20,Luxury,true,100,true,258,112,2026-05-17,Arizona Area,Prescott,Prescott,Arizona,86301,United States,rural,https://www.airbnb.com/rooms/1048673213232429264,https://a0.muscache.com/im/pictures/miso/Hosting-1048673213232429264/original/1bb320d3-98a7-4188-b488-1714f432e67e.jpeg,1048673213232429264,,34.54205,-112.47371,=AVERAGE($G$2:$G$283),=AVERAGE($D$2:$D$283),"=IFERROR(($AT58-G58)/$AT58,0)","=IFERROR(($AU58-D58)/$AU58,0)",=$AU58-D58
"Beautiful Views, 10 min to Whiskey Row - 3Bd2Ba",58088445,,45831,54266,263.4,60.42,324,3,2,6,false,false,false,true,true,true,false,Home/Apartment,Cabin,House/villa,5,40,2,1,Luxury,false,125,false,174,41,2026-05-13,Arizona Area,Prescott,Prescott,Arizona,86303,United States,rural,https://www.airbnb.com/rooms/818813874595581026,https://a0.muscache.com/im/pictures/miso/Hosting-818813874595581026/original/b635072c-2df5-4c86-9a04-399a558bc693.jpeg,818813874595581026,3154474,34.5142,-112.4933,=AVERAGE($G$2:$G$283),=AVERAGE($D$2:$D$283),"=IFERROR(($AT59-G59)/$AT59,0)","=IFERROR(($AU59-D59)/$AU59,0)",=$AU59-D59
Prescott's #1 Luxe Mountain Sanctuary | Cozy Spa | Golf | Majestic Views,,,45638,46414,642.79,25,297,4,3,16,true,true,true,true,true,true,false,Home/Apartment,House,House/villa,5,2,2,1,Luxury,false,300,true,71,21,2026-05-17,Arizona Area,Prescott,Prescott,Arizona,86303,United States,rural,https://www.vrbo.com/4131909,https://media.vrbo.com/lodging/108000000/107470000/107462100/107462065/b422cac0.jpg?impolicy=resizecrop&rw=1200&ra=fit,,4131909,34.4525,-112.45299,=AVERAGE($G$2:$G$283),=AVERAGE($D$2:$D$283),"=IFERROR(($AT60-G60)/$AT60,0)","=IFERROR(($AU60-D60)/$AU60,0)",=$AU60-D60
Relax Fireside! Peaceful Forest Haven in Prescott,Evolve,,44894,45549,223.35,55.83,360,2,2,6,true,false,false,true,true,true,false,Home/Apartment,Cabin,House/villa,4.85,254,2,21+,Luxury,false,172,true,201,54,2026-05-17,Arizona Area,Prescott,Prescott,Arizona,86303,United States,rural,https://www.airbnb.com/rooms/20538464,https://a0.muscache.com/im/pictures/prohost-api/Hosting-20538464/original/fff14e6e-932e-4d9c-851a-f57af6be6e85.jpeg,20538464,4671453ha,34.4674,-112.488,=AVERAGE($G$2:$G$283),=AVERAGE($D$2:$D$283),"=IFERROR(($AT61-G61)/$AT61,0)","=IFERROR(($AU61-D61)/$AU61,0)",=$AU61-D61
"Cozy 1 Bedrm/1 Bth, Walk to Downtown, Pet Friendly, Fenced yard, Covered Patio",,,44172,45968,154.99,87.42,333,1,1,4,true,false,false,true,true,true,false,Home/Apartment,House,House/villa,4.9,143,2,1,Luxury,false,100,true,285,13,2026-05-15,Arizona Area,Prescott,Prescott,Arizona,86303,United States,rural,https://www.vrbo.com/2310878,https://media.vrbo.com/lodging/68000000/67580000/67573000/67572940/bffb1827.jpg?impolicy=resizecrop&rw=1200&ra=fit,,2310878,34.536007,-112.460693,=AVERAGE($G$2:$G$283),=AVERAGE($D$2:$D$283),"=IFERROR(($AT62-G62)/$AT62,0)","=IFERROR(($AU62-D62)/$AU62,0)",=$AU62-D62
Rockhouse Dells Studio 1-BR Studio|In Dells•Trails,388294263,,43530,47654,186.82,96.28,246,,1,1,true,false,false,true,false,false,false,Home/Apartment,House,House/villa,0,0,1,21+,Luxury,true,105,true,233,9,2026-05-14,Arizona Area,Prescott,Prescott,Arizona,86303,United States,rural,https://www.airbnb.com/rooms/1424767097901443280,https://a0.muscache.com/im/pictures/prohost-api/Hosting-1424767097901443280/original/5ffd57ea-c0d6-44b7-9272-927c517d92f2.jpeg,1424767097901443280,,34.5388224517,-112.4689724634,=AVERAGE($G$2:$G$283),=AVERAGE($D$2:$D$283),"=IFERROR(($AT63-G63)/$AT63,0)","=IFERROR(($AU63-D63)/$AU63,0)",=$AU63-D63
Two Private Luxury Designer Cabins in Prescott,253136182,,43321,47583,264.15,70.69,253,2,2,4,true,false,false,true,true,false,false,Home/Apartment,Cabin,House/villa,5,3,2,2-5,Luxury,true,260,true,164,56,2026-05-15,Arizona Area,Prescott,Prescott,Arizona,86305,United States,rural,https://www.airbnb.com/rooms/1487852619109369870,https://a0.muscache.com/im/pictures/prohost-api/Hosting-1487852619109369870/original/ef4a92ad-c134-4c34-a7df-3d2cdb5ce6bd.jpeg,1487852619109369870,4764289,34.5459,-112.4942,=AVERAGE($G$2:$G$283),=AVERAGE($D$2:$D$283),"=IFERROR(($AT64-G64)/$AT64,0)","=IFERROR(($AU64-D64)/$AU64,0)",=$AU64-D64
Craftsmen Gem 2-BR House| Walk Whiskey Row•Sleep 6,388294263,,43035,43628,228.91,52.22,360,2,2,6,true,false,false,true,true,false,false,Home/Apartment,House,House/villa,5,31,1,21+,Luxury,true,234,false,188,48,2026-05-13,Arizona Area,Prescott,Prescott,Arizona,86303,United States,rural,https://www.airbnb.com/rooms/1361869775987913981,https://a0.muscache.com/im/pictures/prohost-api/Hosting-1361869775987913981/original/5febf065-0448-41d8-b238-9fefde456825.jpeg,1361869775987913981,4447607,34.5405206433,-112.4651916339,=AVERAGE($G$2:$G$283),=AVERAGE($D$2:$D$283),"=IFERROR(($AT65-G65)/$AT65,0)","=IFERROR(($AU65-D65)/$AU65,0)",=$AU65-D65
Granite Dells Bungalow 1-BR | Cozy • Scenic Trails,388294263,,42689,45058,161.09,80.55,337,1,1,2,true,false,false,true,true,false,false,Home/Apartment,Bungalow,House/villa,5,5,1,21+,Luxury,true,130,false,265,16,2026-05-11,Arizona Area,Prescott,Prescott,Arizona,86301,United States,rural,https://www.airbnb.com/rooms/1252377450231819276,https://a0.muscache.com/im/pictures/prohost-api/Hosting-1252377450231819276/original/ead62a1c-7779-4399-a160-ed2ed3060da7.jpeg,1252377450231819276,4217967,34.6121825853,-112.4192903951,=AVERAGE($G$2:$G$283),=AVERAGE($D$2:$D$283),"=IFERROR(($AT66-G66)/$AT66,0)","=IFERROR(($AU66-D66)/$AU66,0)",=$AU66-D66
The Cory House - 1 mile from downtown Prescott,466834755,,41596,42706,187.37,62.36,356,2,2,4,true,false,false,true,true,false,false,Home/Apartment,House,House/villa,5,88,2,1,Luxury,true,0,false,222,47,2026-05-16,Arizona Area,Prescott,Prescott,Arizona,86303,United States,rural,https://www.airbnb.com/rooms/660362211562906466,https://a0.muscache.com/im/pictures/miso/Hosting-660362211562906466/original/7dd540c0-e618-4c98-92a3-68e16dc8eb79.jpeg,660362211562906466,3008451,34.54159,-112.48421,=AVERAGE($G$2:$G$283),=AVERAGE($D$2:$D$283),"=IFERROR(($AT67-G67)/$AT67,0)","=IFERROR(($AU67-D67)/$AU67,0)",=$AU67-D67
"Prescott Gem: Hot Tub & Mtn Views, 7 Mi to Dtwn",Evolve,,41352,44075,961.67,15.14,349,5,3,11,true,true,true,true,true,false,false,Home/Apartment,House,House/villa,4.9,21,2,21+,Luxury,false,592,true,43,17,2026-05-17,Arizona Area,Prescott,Prescott,Arizona,86303,United States,rural,https://www.airbnb.com/rooms/965098466996507678,https://a0.muscache.com/im/pictures/prohost-api/Hosting-965098466996507678/original/70111147-7829-4974-93b9-d9d3bdff2abc.jpeg,965098466996507678,9863575ha,34.5461,-112.37,=AVERAGE($G$2:$G$283),=AVERAGE($D$2:$D$283),"=IFERROR(($AT68-G68)/$AT68,0)","=IFERROR(($AU68-D68)/$AU68,0)",=$AU68-D68
Luxury Cabin in a woods! 7000 ft elevation!,493058688,,40748,43471,536.16,26.95,351,4,2,10,true,false,false,true,true,false,false,Home/Apartment,House,House/villa,4.65,23,2,2-5,Luxury,true,351,true,76,20,2026-05-16,Arizona Area,Prescott,Prescott,Arizona,86303,United States,rural,https://www.airbnb.com/rooms/1138451318383513595,https://a0.muscache.com/im/pictures/miso/Hosting-1138451318383513595/original/e49c1202-df0e-43ea-997d-dd1493ef0c8f.jpeg,1138451318383513595,3974410,34.43231,-112.41372,=AVERAGE($G$2:$G$283),=AVERAGE($D$2:$D$283),"=IFERROR(($AT69-G69)/$AT69,0)","=IFERROR(($AU69-D69)/$AU69,0)",=$AU69-D69
Timbertrail Lodge - Prescott Cabin Rentals,Prescott Cabin Rentals,,40698,48141,301.47,50,300,3,2,8,true,true,false,true,true,true,false,Home/Apartment,Cabin,House/villa,5,53,2,21+,Luxury,true,205,true,135,21,2026-05-17,Arizona Area,Prescott,Prescott,Arizona,86305,United States,rural,https://www.airbnb.com/rooms/43204994,https://a0.muscache.com/im/pictures/prohost-api/Hosting-43204994/original/b036f847-e6ed-43b8-b92b-1e1b2fa0c59b.jpeg,43204994,1840552,34.56173,-112.55903,=AVERAGE($G$2:$G$283),=AVERAGE($D$2:$D$283),"=IFERROR(($AT70-G70)/$AT70,0)","=IFERROR(($AU70-D70)/$AU70,0)",=$AU70-D70
Victorian Manor  *Game Room *Spacious,Property Management Inc Northern Arizona,,39555,39795,449.49,24.86,363,4,3,8,true,false,false,true,true,false,false,Home/Apartment,House,House/villa,4.8,23,2,21+,Luxury,true,329,false,88,28,2026-05-16,Arizona Area,Prescott,Prescott,Arizona,86303,United States,rural,https://www.airbnb.com/rooms/1168857139035515347,https://a0.muscache.com/im/pictures/prohost-api/Hosting-1168857139035515347/original/c44efdaa-c0ea-4af0-8d9a-d0711e62ab34.jpeg,1168857139035515347,4036333,34.53931,-112.46341,=AVERAGE($G$2:$G$283),=AVERAGE($D$2:$D$283),"=IFERROR(($AT71-G71)/$AT71,0)","=IFERROR(($AU71-D71)/$AU71,0)",=$AU71-D71
The Suite Across the Street in Downtown,74648937,,39154,40707,170.23,65.71,350,1,1,4,true,false,false,true,true,true,false,Home/Apartment,Guest house,House/villa,4.95,351,1,2-5,Luxury,true,61,true,230,107,2026-05-17,Arizona Area,Prescott,Prescott,Arizona,86301,United States,rural,https://www.airbnb.com/rooms/49227009,https://a0.muscache.com/im/pictures/03d35960-8107-4ffb-a194-61d07a983ecd.jpg,49227009,2279409,34.54284,-112.46709,=AVERAGE($G$2:$G$283),=AVERAGE($D$2:$D$283),"=IFERROR(($AT72-G72)/$AT72,0)","=IFERROR(($AU72-D72)/$AU72,0)",=$AU72-D72
The Butte Hideaway Prescott HotTub Thumb ButteView,196234983,,39096,40358,171.47,64.41,354,1,1,3,true,false,true,true,true,false,false,Home/Apartment,Bungalow,House/villa,5,252,2,2-5,Luxury,true,79,false,228,80,2026-05-17,Arizona Area,Prescott,Prescott,Arizona,86305,United States,rural,https://www.airbnb.com/rooms/611780905064352487,https://a0.muscache.com/im/pictures/hosting/Hosting-611780905064352487/original/112a498c-eb33-4bd8-9a15-a7a3eaebcd53.jpeg,611780905064352487,,34.54665,-112.49158,=AVERAGE($G$2:$G$283),=AVERAGE($D$2:$D$283),"=IFERROR(($AT73-G73)/$AT73,0)","=IFERROR(($AU73-D73)/$AU73,0)",=$AU73-D73
Boulder Cabin in the Dells,46538674,,38986,39493,225.35,48.19,359,2,2,5,true,false,false,true,true,true,false,Home/Apartment,Cabin,House/villa,4.8,351,2,2-5,Luxury,false,125,false,173,55,2026-05-11,Arizona Area,Prescott,Prescott,Arizona,86301,United States,rural,https://www.airbnb.com/rooms/676866508062256276,https://a0.muscache.com/im/pictures/miso/Hosting-676866508062256276/original/9017764b-748b-40e4-8c3a-29ee1b761766.jpeg,676866508062256276,793004,34.59781,-112.4236,=AVERAGE($G$2:$G$283),=AVERAGE($D$2:$D$283),"=IFERROR(($AT74-G74)/$AT74,0)","=IFERROR(($AU74-D74)/$AU74,0)",=$AU74-D74
Juniper Cottage at Pine Acres,140425706,,38815,42960,181.38,66.46,323,2,2,4,true,false,false,true,true,false,false,Home/Apartment,House,House/villa,5,202,2,2-5,Luxury,true,70,true,214,56,2026-05-17,Arizona Area,Prescott,Prescott,Arizona,86303,United States,rural,https://www.airbnb.com/rooms/40210059,https://a0.muscache.com/im/pictures/0bb64dff-cf14-4024-8689-af152848f7f5.jpg,40210059,,34.53387,-112.4781,=AVERAGE($G$2:$G$283),=AVERAGE($D$2:$D$283),"=IFERROR(($AT75-G75)/$AT75,0)","=IFERROR(($AU75-D75)/$AU75,0)",=$AU75-D75
"Charming Butte Hideaway with Hot Tub, Near Downtown -Thumb Butte & Hiking Trails",,,37852,49640,259.26,77.25,217,1,1,3,true,false,true,true,true,false,false,Home/Apartment,House,House/villa,5,1,2,1,Luxury,false,85,true,146,32,2026-05-15,Arizona Area,Prescott,Prescott,Arizona,86305,United States,rural,https://www.vrbo.com/2781435,https://media.vrbo.com/lodging/79000000/78010000/78004800/78004754/bd7b7f79.jpg?impolicy=resizecrop&rw=1200&ra=fit,,2781435,34.551621,-112.490612,=AVERAGE($G$2:$G$283),=AVERAGE($D$2:$D$283),"=IFERROR(($AT76-G76)/$AT76,0)","=IFERROR(($AU76-D76)/$AU76,0)",=$AU76-D76
The Carriage House - Prescott,8270208,,37668,42082,179.37,63.25,332,1,1,4,true,false,false,true,true,false,false,Home/Apartment,Guest house,House/villa,5,46,2,2-5,Luxury,true,100,false,210,41,2026-05-13,Arizona Area,Prescott,Prescott,Arizona,86303,United States,rural,https://www.airbnb.com/rooms/1171177597893280811,https://a0.muscache.com/im/pictures/miso/Hosting-1171177597893280811/original/6e32bc97-3222-4ebf-b24e-0f23b0efcb75.jpeg,1171177597893280811,,34.5297,-112.4843,=AVERAGE($G$2:$G$283),=AVERAGE($D$2:$D$283),"=IFERROR(($AT77-G77)/$AT77,0)","=IFERROR(($AU77-D77)/$AU77,0)",=$AU77-D77
Modern Bungalow in the Heart of Downtown Prescott,74648937,,37225,38141,164.71,63.48,356,1,1,4,true,false,false,true,true,true,false,Home/Apartment,Guest house,House/villa,5,618,1,2-5,Luxury,true,59,true,226,84,2026-05-17,Arizona Area,Prescott,Prescott,Arizona,86301,United States,rural,https://www.airbnb.com/rooms/13261239,https://a0.muscache.com/im/pictures/4ea8de32-9009-4e28-91f9-04af8a6f968b.jpg,13261239,866572,34.54173,-112.46681,=AVERAGE($G$2:$G$283),=AVERAGE($D$2:$D$283),"=IFERROR(($AT78-G78)/$AT78,0)","=IFERROR(($AU78-D78)/$AU78,0)",=$AU78-D78
Hot Tub & Sauna: Dewey Getaway w/ Community Perks,Evolve,,36878,41722,299.82,40.33,329,3,2,12,false,true,true,true,true,true,false,Home/Apartment,House,House/villa,3.7,13,2,21+,Luxury,false,148,false,123,27,2026-04-24,Arizona Area,Prescott,Dewey,Arizona,86327,United States,rural,https://www.airbnb.com/rooms/1658896513091974972,https://a0.muscache.com/im/pictures/hosting/Hosting-1658896513091974972/original/aaf23458-d8c6-48f3-895b-e314d1212235.jpeg,1658896513091974972,9970722ha,34.5591,-112.2628,=AVERAGE($G$2:$G$283),=AVERAGE($D$2:$D$283),"=IFERROR(($AT79-G79)/$AT79,0)","=IFERROR(($AU79-D79)/$AU79,0)",=$AU79-D79
Chaparral & Country Garden Suite - Prescott Cabin,Prescott Cabin Rentals,,36663,37905,238.07,43.63,353,2,2,6,true,false,true,true,true,true,false,Home/Apartment,Cottage,House/villa,4,7,2,21+,Luxury,true,76,true,154,54,2026-05-11,Arizona Area,Prescott,Prescott,Arizona,86303,United States,rural,https://www.airbnb.com/rooms/32469104,https://a0.muscache.com/im/pictures/prohost-api/Hosting-32469104/original/6f6242c6-0a06-4cc7-99fa-75d7d4999e0c.jpeg,32469104,1840558,34.56688,-112.37038,=AVERAGE($G$2:$G$283),=AVERAGE($D$2:$D$283),"=IFERROR(($AT80-G80)/$AT80,0)","=IFERROR(($AU80-D80)/$AU80,0)",=$AU80-D80
The Shire of Prescott,Gathering Places,,36285,38384,200.47,52.62,344,1,1,3,true,false,true,true,true,false,false,Home/Apartment,House,House/villa,4.95,140,1,21+,Luxury,true,99,true,181,85,2026-05-17,Arizona Area,Prescott,Prescott,Arizona,86301,United States,rural,https://www.airbnb.com/rooms/1162384201253854662,https://a0.muscache.com/im/pictures/miso/Hosting-1162384201253854662/original/e5d2aeb7-81e0-4b21-bc24-4d8729fb8e36.jpeg,1162384201253854662,4263861,34.554,-112.4755,=AVERAGE($G$2:$G$283),=AVERAGE($D$2:$D$283),"=IFERROR(($AT81-G81)/$AT81,0)","=IFERROR(($AU81-D81)/$AU81,0)",=$AU81-D81
Welcome to your perfect forest retreat!,STRM,,35460,37884,545.54,26.42,246,4,3,10,true,false,true,true,true,false,false,Home/Apartment,House,House/villa,4.95,16,2,21+,Luxury,true,429,true,65,22,2026-01-24,Arizona Area,Prescott,Prescott,Arizona,86305,United States,rural,https://www.airbnb.com/rooms/1299266243628409316,https://a0.muscache.com/im/pictures/prohost-api/Hosting-1299266243628409316/original/6dd0c461-da30-4edb-90a0-c45a9bb6796b.jpeg,1299266243628409316,4309272,34.5582671271,-112.5690744032,=AVERAGE($G$2:$G$283),=AVERAGE($D$2:$D$283),"=IFERROR(($AT82-G82)/$AT82,0)","=IFERROR(($AU82-D82)/$AU82,0)",=$AU82-D82
"Serene Luxe Pines Hideaway, Games + Epic Views",97139840,,35384,36587,643.35,32.74,202,4,4,16,true,false,false,true,true,false,false,Home/Apartment,House,House/villa,4.7,17,2,2-5,Luxury,true,252,true,55,21,2026-05-11,Arizona Area,Prescott,Prescott,Arizona,86303,United States,rural,https://www.airbnb.com/rooms/1535547688498145148,https://a0.muscache.com/im/pictures/hosting/Hosting-1535547688498145148/original/f840fc55-5991-4616-8978-4b10575d8c86.jpeg,1535547688498145148,4917523,34.5313,-112.41903,=AVERAGE($G$2:$G$283),=AVERAGE($D$2:$D$283),"=IFERROR(($AT83-G83)/$AT83,0)","=IFERROR(($AU83-D83)/$AU83,0)",=$AU83-D83
"Charming 3-bedroom house with WiFi, AC in peaceful Prescott",,,34412,39872,537.69,62.14,115,3,2,8,true,false,false,true,true,false,false,Home/Apartment,House,House/villa,0,0,2,1,Luxury,false,150,true,64,18,2025-09-05,Arizona Area,Prescott,Prescott,Arizona,86303,United States,rural,https://www.vrbo.com/4616490,https://media.vrbo.com/lodging/117000000/116910000/116903500/116903420/abf5d9ab.jpg?impolicy=resizecrop&rw=1200&ra=fit,,4616490,34.52098,-112.4884,=AVERAGE($G$2:$G$283),=AVERAGE($D$2:$D$283),"=IFERROR(($AT84-G84)/$AT84,0)","=IFERROR(($AU84-D84)/$AU84,0)",=$AU84-D84
Luxury Design Retreat - Fire Pit - Near Downtown,253136182,,34316,35292,207.98,66.8,267,1,1,2,true,false,false,true,true,false,false,Home/Apartment,Cabin,House/villa,4.95,24,2,2-5,Luxury,true,144,true,165,55,2026-05-15,Arizona Area,Prescott,Prescott,Arizona,86305,United States,rural,https://www.airbnb.com/rooms/1487797189487202245,https://a0.muscache.com/im/pictures/prohost-api/Hosting-1487797189487202245/original/81f2f530-0bd3-412c-bc63-25dbca4ff29f.jpeg,1487797189487202245,4755757,34.5459,-112.4942,=AVERAGE($G$2:$G$283),=AVERAGE($D$2:$D$283),"=IFERROR(($AT85-G85)/$AT85,0)","=IFERROR(($AU85-D85)/$AU85,0)",=$AU85-D85
Tranquil Retreat | Stunning View | Peaceful,2573722,,34303,36709,193.8,60.62,327,2,1,6,true,false,false,true,true,true,false,Home/Apartment,House,House/villa,5,20,2,2-5,Luxury,true,179,true,177,14,2026-05-14,Arizona Area,Prescott,Prescott,Arizona,86305,United States,rural,https://www.airbnb.com/rooms/750957330522513214,https://a0.muscache.com/im/pictures/airflow/Hosting-750957330522513214/original/13acd1f3-214d-421a-b199-bac39be641cf.jpg,750957330522513214,,34.68742,-112.54744,=AVERAGE($G$2:$G$283),=AVERAGE($D$2:$D$283),"=IFERROR(($AT86-G86)/$AT86,0)","=IFERROR(($AU86-D86)/$AU86,0)",=$AU86-D86
*Historic Downtown Bungalow *Firepit *Hot Tub *BBQ,Property Management Inc Northern Arizona,,33979,34080,171.61,54.4,364,1,1,4,true,false,true,true,true,false,false,Home/Apartment,House,House/villa,4.95,44,2,21+,Luxury,true,214,false,198,33,2026-05-13,Arizona Area,Prescott,Prescott,Arizona,86303,United States,rural,https://www.airbnb.com/rooms/889148022576773980,https://a0.muscache.com/im/pictures/prohost-api/Hosting-889148022576773980/original/60043d6e-1a9d-4dba-8166-a4c1718cba76.jpeg,889148022576773980,3401499,34.5351,-112.46857,=AVERAGE($G$2:$G$283),=AVERAGE($D$2:$D$283),"=IFERROR(($AT87-G87)/$AT87,0)","=IFERROR(($AU87-D87)/$AU87,0)",=$AU87-D87
Charming 1919 build modern comfort near downtown,STRM,,33616,34709,191,50,352,2,1,4,true,false,false,true,false,true,false,Home/Apartment,House,House/villa,4.45,28,2,21+,Luxury,true,204,true,176,42,2026-05-16,Arizona Area,Prescott,Prescott,Arizona,86301,United States,rural,https://www.airbnb.com/rooms/1214587406229734329,https://a0.muscache.com/im/pictures/prohost-api/Hosting-1214587406229734329/original/6f893ee8-cd4d-4f59-9e26-b7d9f387cbe6.jpeg,1214587406229734329,4132913,34.54536,-112.46535,=AVERAGE($G$2:$G$283),=AVERAGE($D$2:$D$283),"=IFERROR(($AT88-G88)/$AT88,0)","=IFERROR(($AU88-D88)/$AU88,0)",=$AU88-D88
The Juniper Sky - Hot Tub - Deck w/ Mountain Views,27240541,,33456,36552,163.2,60.65,338,1,1,4,true,false,true,true,true,false,false,Home/Apartment,House,House/villa,5,48,1,2-5,Luxury,true,60,false,205,78,2026-05-16,Arizona Area,Prescott,Prescott,Arizona,86301,United States,rural,https://www.airbnb.com/rooms/1396325239412281391,https://a0.muscache.com/im/pictures/miso/Hosting-1396325239412281391/original/4a514167-7121-4956-bf3b-564393db9586.jpeg,1396325239412281391,,34.5659355311,-112.4786492588,=AVERAGE($G$2:$G$283),=AVERAGE($D$2:$D$283),"=IFERROR(($AT89-G89)/$AT89,0)","=IFERROR(($AU89-D89)/$AU89,0)",=$AU89-D89
Lincoln Continental,Bear Creek Real Estate and Property Management  LC662131000,,33185,37173,161.09,97.17,314,2,1,6,true,false,false,true,true,true,false,Home/Apartment,Apartment,Apt/Condo/Loft,4.65,6,2,21+,Luxury,true,248,false,206,3,2026-05-14,Arizona Area,Prescott,Prescott,Arizona,86301,United States,rural,https://www.airbnb.com/rooms/889204153757946155,https://a0.muscache.com/im/pictures/hosting/Hosting-U3RheVN1cHBseUxpc3Rpbmc6ODg5MjA0MTUzNzU3OTQ2MTU1/original/71f68a0d-6633-42a0-9f80-5862d388cb37.jpeg,889204153757946155,2317968,34.55093,-112.47408,=AVERAGE($G$2:$G$283),=AVERAGE($D$2:$D$283),"=IFERROR(($AT90-G90)/$AT90,0)","=IFERROR(($AU90-D90)/$AU90,0)",=$AU90-D90
Cozy A Frame nestled in the pines of Prescott,67199085,,33140,37681,163.25,69.28,296,1,1,6,true,false,false,true,true,false,false,Home/Apartment,Cabin,House/villa,4.95,166,2,1,Luxury,true,125,false,203,56,2026-05-17,Arizona Area,Prescott,Prescott,Arizona,86303,United States,rural,https://www.airbnb.com/rooms/50812696,https://a0.muscache.com/im/pictures/miso/Hosting-50812696/original/a05a3dbc-5f2e-44f9-8ee0-f77f0b2daa01.jpeg,50812696,,34.43002,-112.41524,=AVERAGE($G$2:$G$283),=AVERAGE($D$2:$D$283),"=IFERROR(($AT91-G91)/$AT91,0)","=IFERROR(($AU91-D91)/$AU91,0)",=$AU91-D91
The Hamptons in Prescott  Whiskey Row / Downtown,88171811,,32406,32425,265.62,40.94,363,3,2,7,true,false,true,true,true,false,false,Home/Apartment,House,House/villa,4.85,33,2,2-5,Luxury,true,192,false,122,18,2026-05-13,Arizona Area,Prescott,Prescott,Arizona,86305,United States,rural,https://www.airbnb.com/rooms/45765422,https://a0.muscache.com/im/pictures/a357fad0-17f0-4037-9514-fe15e1c03b37.jpg,45765422,,34.59496,-112.47189,=AVERAGE($G$2:$G$283),=AVERAGE($D$2:$D$283),"=IFERROR(($AT92-G92)/$AT92,0)","=IFERROR(($AU92-D92)/$AU92,0)",=$AU92-D92
"Luxury 5 star in Montana estates, stunning views",146556038,,32393,33613,269.94,72.29,355,2,2,6,true,false,false,true,true,true,false,Home/Apartment,House,House/villa,5,1,7,6-20,Luxury,true,251,false,120,2,2026-05-14,Arizona Area,Prescott,Prescott,Arizona,86301,United States,rural,https://www.airbnb.com/rooms/1067017460362130299,https://a0.muscache.com/im/pictures/244f1274-7c90-4a2e-a913-c77c44f13d46.jpg,1067017460362130299,3841111,34.5941,-112.4605,=AVERAGE($G$2:$G$283),=AVERAGE($D$2:$D$283),"=IFERROR(($AT93-G93)/$AT93,0)","=IFERROR(($AU93-D93)/$AU93,0)",=$AU93-D93
Beautiful forest retreat with stunning views,STRM,,32222,32555,290.29,33.23,362,3,3,10,true,false,false,true,true,true,false,Home/Apartment,House,House/villa,4.8,17,2,21+,Luxury,true,264,true,111,33,2026-05-14,Arizona Area,Prescott,Prescott,Arizona,86303,United States,rural,https://www.airbnb.com/rooms/1425536293449387476,https://a0.muscache.com/im/pictures/prohost-api/Hosting-1425536293449387476/original/a6386c64-e921-49d0-b595-04d162e53e73.png,1425536293449387476,4601996,34.4498883764,-112.401059869,=AVERAGE($G$2:$G$283),=AVERAGE($D$2:$D$283),"=IFERROR(($AT94-G94)/$AT94,0)","=IFERROR(($AU94-D94)/$AU94,0)",=$AU94-D94
The Dewey House Cabin,457327241,,31965,33110,167.36,54.11,353,1,1,2,true,false,true,false,true,true,false,Home/Apartment,Guest house,House/villa,4.95,127,1,1,Luxury,true,45,true,191,99,2026-05-13,Arizona Area,Prescott,Dewey,Arizona,86327,United States,rural,https://www.airbnb.com/rooms/618881984290305482,https://a0.muscache.com/im/pictures/hosting/Hosting-618881984290305482/original/444f76a0-72ee-4c27-9f1f-365594ed8d53.jpeg,618881984290305482,3943317,34.5213,-112.2601,=AVERAGE($G$2:$G$283),=AVERAGE($D$2:$D$283),"=IFERROR(($AT95-G95)/$AT95,0)","=IFERROR(($AU95-D95)/$AU95,0)",=$AU95-D95
Romantic Escape+Close Walk To Town+Hot Tub+Pets OK,133635205,,31814,39422,227.24,45.9,310,2,1,8,true,false,true,true,true,true,false,Home/Apartment,House,House/villa,4.8,59,4,6-20,Luxury,true,269,false,140,24,2026-05-16,Arizona Area,Prescott,Prescott,Arizona,86303,United States,rural,https://www.airbnb.com/rooms/47316062,https://a0.muscache.com/im/pictures/miso/Hosting-47316062/original/2ef59ed7-f33b-47d0-8f41-7888ea455b12.jpeg,47316062,2156030,34.53765,-112.47862,=AVERAGE($G$2:$G$283),=AVERAGE($D$2:$D$283),"=IFERROR(($AT96-G96)/$AT96,0)","=IFERROR(($AU96-D96)/$AU96,0)",=$AU96-D96
Interior Designer Farm-Style Living in the Pines,20469325,,31553,32134,239.04,43.14,357,3,2,6,true,false,false,true,true,false,false,Home/Apartment,Cabin,House/villa,4.95,89,2,1,Luxury,false,150,false,132,21,2026-05-13,Arizona Area,Prescott,Prescott,Arizona,86303,United States,rural,https://www.airbnb.com/rooms/20796501,https://a0.muscache.com/im/pictures/e16e1b3a-3c9e-4b85-af23-62a5f576fdeb.jpg,20796501,1776255,34.52644,-112.47263,=AVERAGE($G$2:$G$283),=AVERAGE($D$2:$D$283),"=IFERROR(($AT97-G97)/$AT97,0)","=IFERROR(($AU97-D97)/$AU97,0)",=$AU97-D97
Cortez St. Bungalow,696987711,,31350,33440,377.71,29.43,318,3,1,6,true,false,false,true,true,false,false,Home/Apartment,Loft,Apt/Condo/Loft,5,10,2,1,Luxury,true,100,false,83,29,2026-05-14,Arizona Area,Prescott,Prescott,Arizona,86301,United States,rural,https://www.airbnb.com/rooms/1426924504353134626,https://a0.muscache.com/im/pictures/miso/Hosting-1426924504353134626/original/8174ef37-af2e-4b3a-82e5-1dcc1b7a5fe1.jpeg,1426924504353134626,,34.5430409267,-112.4671769254,=AVERAGE($G$2:$G$283),=AVERAGE($D$2:$D$283),"=IFERROR(($AT98-G98)/$AT98,0)","=IFERROR(($AU98-D98)/$AU98,0)",=$AU98-D98
Blue Bird Cabin,541086081,,31192,41205,288.81,36.73,330,3,2,9,true,false,false,true,true,false,false,Home/Apartment,Cabin,House/villa,5,11,3,2-5,Luxury,true,192,true,108,21,2026-05-16,Arizona Area,Prescott,Prescott,Arizona,86305,United States,rural,https://www.airbnb.com/rooms/1207932843663933700,https://a0.muscache.com/im/pictures/hosting/Hosting-U3RheVN1cHBseUxpc3Rpbmc6MTIwNzkzMjg0MzY2MzkzMzcwMA%3D%3D/original/39921a0e-9ad7-4a18-af37-291a9154ba0a.jpeg,1207932843663933700,4481924,34.5547,-112.56034,=AVERAGE($G$2:$G$283),=AVERAGE($D$2:$D$283),"=IFERROR(($AT99-G99)/$AT99,0)","=IFERROR(($AU99-D99)/$AU99,0)",=$AU99-D99
Long distant views close to downtown Prescott!,73656018,,30564,51901,231.55,85.16,157,3,2,8,true,false,false,true,true,true,false,Home/Apartment,House,House/villa,4.95,124,10,6-20,Luxury,false,150,false,132,8,2026-05-13,Arizona Area,Prescott,Prescott,Arizona,86303,United States,rural,https://www.airbnb.com/rooms/24426150,https://a0.muscache.com/im/pictures/miso/Hosting-24426150/original/9920f3b5-290d-4ea6-a50f-4cc676f9e6c7.jpeg,24426150,1434755,34.52572,-112.50324,=AVERAGE($G$2:$G$283),=AVERAGE($D$2:$D$283),"=IFERROR(($AT100-G100)/$AT100,0)","=IFERROR(($AU100-D100)/$AU100,0)",=$AU100-D100
The Pleasant Street Casitas: Superior King Bed,32549647,,30345,30561,121.87,75.23,331,1,1,2,true,false,false,true,true,true,false,Home/Apartment,House,House/villa,5,50,7,6-20,Luxury,true,116,true,249,32,2026-05-16,Arizona Area,Prescott,Prescott,Arizona,86301,United States,rural,https://www.airbnb.com/rooms/1156513148946664178,https://a0.muscache.com/im/pictures/prohost-api/Hosting-1156513148946664178/original/7a404331-75ff-4c69-9b04-a57e4ea29673.jpeg,1156513148946664178,4002839,34.5419,-112.4646,=AVERAGE($G$2:$G$283),=AVERAGE($D$2:$D$283),"=IFERROR(($AT101-G101)/$AT101,0)","=IFERROR(($AU101-D101)/$AU101,0)",=$AU101-D101
Delightful Cabin in the Forest,67835012,,29800,31349,149,63.9,316,1,1,4,true,false,false,true,true,true,false,Home/Apartment,Cabin,House/villa,5,25,2,1,Luxury,true,66,false,200,29,2026-05-13,Arizona Area,Prescott,Prescott,Arizona,86303,United States,rural,https://www.airbnb.com/rooms/1382804516093697850,https://a0.muscache.com/im/pictures/miso/Hosting-1382804516093697850/original/c746b480-c693-401e-a819-4349547676e4.jpeg,1382804516093697850,,34.482,-112.4412,=AVERAGE($G$2:$G$283),=AVERAGE($D$2:$D$283),"=IFERROR(($AT102-G102)/$AT102,0)","=IFERROR(($AU102-D102)/$AU102,0)",=$AU102-D102
Charming Home Near Whisky Row.,25478110,,29636,30190,365.88,22.95,358,2,2,4,true,false,false,true,true,true,false,Home/Apartment,House,House/villa,4.9,23,1,2-5,Luxury,false,149,true,81,28,2026-05-16,Arizona Area,Prescott,Prescott,Arizona,86303,United States,rural,https://www.airbnb.com/rooms/1252262564268041308,https://a0.muscache.com/im/pictures/miso/Hosting-686072002258368137/original/e4737055-cb76-430f-b535-21f1abad9888.jpeg,1252262564268041308,2936560,34.53693,-112.48137,=AVERAGE($G$2:$G$283),=AVERAGE($D$2:$D$283),"=IFERROR(($AT103-G103)/$AT103,0)","=IFERROR(($AU103-D103)/$AU103,0)",=$AU103-D103
"Log Cabin w/Great Deck, EV Charger, Prime Location",30718004,,29388,30869,413.92,20.4,350,3,1,10,true,false,false,true,true,false,false,Home/Apartment,Cabin,House/villa,4.9,53,1,1,Luxury,true,51,true,71,39,2026-05-16,Arizona Area,Prescott,Prescott,Arizona,86303,United States,rural,https://www.airbnb.com/rooms/1134115490898574354,https://a0.muscache.com/im/pictures/hosting/Hosting-1134115490898574354/original/a8c5c2b8-6373-4a6d-afef-03316f02ed80.jpeg,1134115490898574354,3967245,34.5252,-112.4805,=AVERAGE($G$2:$G$283),=AVERAGE($D$2:$D$283),"=IFERROR(($AT104-G104)/$AT104,0)","=IFERROR(($AU104-D104)/$AU104,0)",=$AU104-D104
Peaceful Pines Home - 2 bdr / 2ba on 1 acre,135965690,,29337,34905,182.22,66.26,251,2,2,4,true,false,false,true,true,true,false,Home/Apartment,House,House/villa,4.9,37,2,1,Luxury,true,140,false,161,23,2026-05-16,Arizona Area,Prescott,Prescott,Arizona,86303,United States,rural,https://www.airbnb.com/rooms/48305630,https://a0.muscache.com/im/pictures/hosting/Hosting-U3RheVN1cHBseUxpc3Rpbmc6NDgzMDU2MzA%3D/original/300120ca-80be-4479-ae2e-24d4db1d404c.jpeg,48305630,4733614,34.51812,-112.49962,=AVERAGE($G$2:$G$283),=AVERAGE($D$2:$D$283),"=IFERROR(($AT105-G105)/$AT105,0)","=IFERROR(($AU105-D105)/$AU105,0)",=$AU105-D105
Cortez Cottage Circa 1883,,,29217,35384,256.29,44.53,259,2,2,4,true,false,false,true,true,false,false,Home/Apartment,House,House/villa,5,58,3,1,Luxury,false,95,false,114,22,2026-05-16,Arizona Area,Prescott,Prescott,Arizona,86303,United States,rural,https://www.vrbo.com/2100048,https://media.vrbo.com/lodging/60000000/59680000/59672200/59672113/dd4e5b90.jpg?impolicy=resizecrop&rw=1200&ra=fit,,2100048,34.53867,-112.464155,=AVERAGE($G$2:$G$283),=AVERAGE($D$2:$D$283),"=IFERROR(($AT106-G106)/$AT106,0)","=IFERROR(($AU106-D106)/$AU106,0)",=$AU106-D106
Walk To Whiskey Row ~1924 2Br Home + 2-Br Duplex,349685212,,29174,56003,448.83,95.59,90,4,3,9,true,false,false,true,true,true,false,Home/Apartment,House,House/villa,0,0,2,21+,Luxury,true,291,false,65,8,2026-05-11,Arizona Area,Prescott,Prescott,Arizona,86303,United States,rural,https://www.airbnb.com/rooms/1112993912170446640,https://a0.muscache.com/im/pictures/hosting/Hosting-U3RheVN1cHBseUxpc3Rpbmc6MTExMjk5MzkxMjE3MDQ0NjY0MA%3D%3D/original/aa6c52b4-e782-43d9-9b27-521990157d96.png,1112993912170446640,,34.53286,-112.47251,=AVERAGE($G$2:$G$283),=AVERAGE($D$2:$D$283),"=IFERROR(($AT107-G107)/$AT107,0)","=IFERROR(($AU107-D107)/$AU107,0)",=$AU107-D107
Spacious Prescott Cabin Forest Views & Game Room,81557658,,28982,29732,483.03,19.54,359,4,3,10,true,false,false,true,true,false,false,Home/Apartment,Cabin,House/villa,4.95,180,2,1,Luxury,false,250,false,60,23,2026-05-17,Arizona Area,Prescott,Prescott,Arizona,86305,United States,rural,https://www.airbnb.com/rooms/13830657,https://a0.muscache.com/im/pictures/hosting/Hosting-13830657/original/0b8304a7-1fa3-4ea1-8511-c54ceae7cd90.jpeg,13830657,880459,34.55234,-112.55831,=AVERAGE($G$2:$G$283),=AVERAGE($D$2:$D$283),"=IFERROR(($AT108-G108)/$AT108,0)","=IFERROR(($AU108-D108)/$AU108,0)",=$AU108-D108
Mtn view retreat! Pets! 3 min Dtwn/Pool table,683956684,,28764,30739,495.93,25.22,353,3,2,8,false,false,false,true,true,true,false,Home/Apartment,House,House/villa,5,6,1,2-5,Luxury,false,152,true,58,15,2026-05-15,Arizona Area,Prescott,Prescott,Arizona,86305,United States,rural,https://www.airbnb.com/rooms/1423249237630235185,https://a0.muscache.com/im/pictures/hosting/Hosting-1423249237630235185/original/4c0a5f89-b02d-4d8a-b4ca-9f712aa0384a.jpeg,1423249237630235185,4598966,34.5416,-112.5005,=AVERAGE($G$2:$G$283),=AVERAGE($D$2:$D$283),"=IFERROR(($AT109-G109)/$AT109,0)","=IFERROR(($AU109-D109)/$AU109,0)",=$AU109-D109
"COZY HOME WITH LARGE SHADED BACKYARD. HOT TUB,CORN HOLE,FIREPIT,",,,28718,32536,350.22,33.06,323,3,2,7,true,false,true,true,true,false,false,Home/Apartment,House,House/villa,5,2,2,1,Luxury,false,380,false,82,16,2026-05-17,Arizona Area,Prescott,Prescott,Arizona,86305,United States,rural,https://www.vrbo.com/2827405,https://media.vrbo.com/lodging/79000000/78520000/78519500/78519477/1f919337.jpg?impolicy=resizecrop&rw=1200&ra=fit,,2827405,34.59574,-112.475954,=AVERAGE($G$2:$G$283),=AVERAGE($D$2:$D$283),"=IFERROR(($AT110-G110)/$AT110,0)","=IFERROR(($AU110-D110)/$AU110,0)",=$AU110-D110
Thumbe Butte 2-BR Chalet | Mtn Views•5min Wsky Row,388294263,,28540,37426,209.85,48.75,281,2,1,4,true,false,false,true,true,true,false,Home/Apartment,Chalet,House/villa,4.75,6,2,21+,Luxury,true,205,false,136,21,2026-05-16,Arizona Area,Prescott,Prescott,Arizona,86305,United States,rural,https://www.airbnb.com/rooms/1402202995616964420,https://a0.muscache.com/im/pictures/prohost-api/Hosting-1402202995616964420/original/784744e2-1b0c-4959-93fc-f59b489c6c98.jpeg,1402202995616964420,,34.5522284283,-112.5170456401,=AVERAGE($G$2:$G$283),=AVERAGE($D$2:$D$283),"=IFERROR(($AT111-G111)/$AT111,0)","=IFERROR(($AU111-D111)/$AU111,0)",=$AU111-D111
Air Village Wagon Circle Unit #7,Air Village,,27995,29194,179.46,44.32,352,1,1,4,true,false,false,false,true,true,false,Home/Apartment,Camper/RV,Unique,5,9,1,6-20,Luxury,true,75,true,156,75,2026-05-11,Arizona Area,Prescott,Prescott,Arizona,86303,United States,rural,https://www.airbnb.com/rooms/1035754421910522470,https://a0.muscache.com/im/pictures/prohost-api/Hosting-1035754421910522470/original/098e4a12-defd-4257-893d-80bac6962e5f.jpeg,1035754421910522470,3762561,34.53816,-112.46983,=AVERAGE($G$2:$G$283),=AVERAGE($D$2:$D$283),"=IFERROR(($AT112-G112)/$AT112,0)","=IFERROR(($AU112-D112)/$AU112,0)",=$AU112-D112
*luxliving*spacious and stylish home!5Min to town,STRM,,27433,27651,386.38,20.64,362,3,2,8,true,false,true,true,true,false,false,Home/Apartment,House,House/villa,4.95,33,2,21+,Luxury,true,324,true,71,21,2026-05-16,Arizona Area,Prescott,Prescott,Arizona,86303,United States,rural,https://www.airbnb.com/rooms/826967926666554045,https://a0.muscache.com/im/pictures/prohost-api/Hosting-826967926666554045/original/a4930795-839e-4dc1-a10d-c139e996e5f5.jpeg,826967926666554045,3256928,34.52309,-112.49926,=AVERAGE($G$2:$G$283),=AVERAGE($D$2:$D$283),"=IFERROR(($AT113-G113)/$AT113,0)","=IFERROR(($AU113-D113)/$AU113,0)",=$AU113-D113
The Queen Victorian historic and 1 block from the town square,,,27330,27473,854.06,14.35,364,6,3,13,true,false,false,true,true,false,false,Home/Apartment,House,House/villa,5,12,2,1,Luxury,false,249,true,32,12,2026-05-15,Arizona Area,Prescott,Prescott,Arizona,86303,United States,rural,https://www.vrbo.com/3023704,https://media.vrbo.com/lodging/88000000/87550000/87543800/87543713/d3bd1982.jpg?impolicy=resizecrop&rw=1200&ra=fit,,3023704,34.538238,-112.469098,=AVERAGE($G$2:$G$283),=AVERAGE($D$2:$D$283),"=IFERROR(($AT114-G114)/$AT114,0)","=IFERROR(($AU114-D114)/$AU114,0)",=$AU114-D114
Granite Dells  1-BR House | Timeless Décor •Trails,388294263,,27318,28389,149.28,55.79,351,1,1,2,true,false,false,true,true,false,false,Home/Apartment,House,House/villa,4.95,15,1,21+,Luxury,true,204,false,183,21,2026-05-14,Arizona Area,Prescott,Prescott,Arizona,86301,United States,rural,https://www.airbnb.com/rooms/1190108293845648285,https://a0.muscache.com/im/pictures/prohost-api/Hosting-1190108293845648285/original/72ac2209-e538-496c-904f-228450927356.jpeg,1190108293845648285,4079982,34.61323,-112.41909,=AVERAGE($G$2:$G$283),=AVERAGE($D$2:$D$283),"=IFERROR(($AT115-G115)/$AT115,0)","=IFERROR(($AU115-D115)/$AU115,0)",=$AU115-D115
"Private, spacious Log Cabin- perfect getaway!",67031888,,27142,27904,430.83,23.86,363,3,3,10,false,false,false,true,true,false,false,Home/Apartment,Cabin,House/villa,5,4,3,6-20,Luxury,true,375,false,63,12,2026-05-16,Arizona Area,Prescott,Prescott,Arizona,86303,United States,rural,https://www.airbnb.com/rooms/51807913,https://a0.muscache.com/im/pictures/miso/Hosting-51807913/original/d42d58ea-114b-4720-b8d4-76593fd47ce0.jpeg,51807913,3749719,34.5179,-112.4919,=AVERAGE($G$2:$G$283),=AVERAGE($D$2:$D$283),"=IFERROR(($AT116-G116)/$AT116,0)","=IFERROR(($AU116-D116)/$AU116,0)",=$AU116-D116
Rockin' Robin,Bear Creek Real Estate and Property Management  LC662131000,,27004,30120,150.86,81.74,335,3,2,6,true,false,false,true,true,false,false,Home/Apartment,House,House/villa,5,4,3,21+,Luxury,true,250,false,179,6,2026-05-14,Arizona Area,Prescott,Prescott,Arizona,86301,United States,rural,https://www.airbnb.com/rooms/1294346876094307459,https://a0.muscache.com/im/pictures/hosting/Hosting-1294346876094307459/original/f6b826d8-132b-4d31-8e19-136733f7ee7a.jpeg,1294346876094307459,4297965,34.55808,-112.38527,=AVERAGE($G$2:$G$283),=AVERAGE($D$2:$D$283),"=IFERROR(($AT117-G117)/$AT117,0)","=IFERROR(($AU117-D117)/$AU117,0)",=$AU117-D117
Curated Retreat - Fire Pit - Minutes to Downtown,253136182,,26749,26966,199.62,44.52,331,,1,2,true,false,false,false,true,false,false,Home/Apartment,Cabin,House/villa,5,28,2,2-5,Luxury,true,114,true,134,54,2026-05-14,Arizona Area,Prescott,Prescott,Arizona,86305,United States,rural,https://www.airbnb.com/rooms/53003560,https://a0.muscache.com/im/pictures/prohost-api/Hosting-53003560/original/0cd4f65a-8902-492a-8393-f2369d1cb8b9.jpeg,53003560,4542858,34.5458,-112.4946,=AVERAGE($G$2:$G$283),=AVERAGE($D$2:$D$283),"=IFERROR(($AT118-G118)/$AT118,0)","=IFERROR(($AU118-D118)/$AU118,0)",=$AU118-D118
"Sagewood Cottage: A private home with comfort, style, amazing amenities, and Tranquil location!",,,26720,26903,240.72,63.43,180,2,2,4,true,false,false,true,true,true,false,Home/Apartment,House,House/villa,0,0,2,1,Luxury,false,225,false,111,18,2026-05-16,Arizona Area,Prescott,Prescott,Arizona,86301,United States,rural,https://www.vrbo.com/4840573,https://media.vrbo.com/lodging/121000000/120620000/120613100/120613075/ba87361e.jpg?impolicy=resizecrop&rw=1200&ra=fit,,4840573,34.60024,-112.435705,=AVERAGE($G$2:$G$283),=AVERAGE($D$2:$D$283),"=IFERROR(($AT119-G119)/$AT119,0)","=IFERROR(($AU119-D119)/$AU119,0)",=$AU119-D119
Slice of Seven at Rustic Ridge in Granite Dells,75999451,,26412,26412,94.33,81.63,365,,1,2,true,false,false,true,true,false,false,Home/Apartment,Apartment,Apt/Condo/Loft,4.85,15,2,21+,Luxury,true,200,false,280,10,2026-05-13,Arizona Area,Prescott,Prescott,Arizona,86301,United States,rural,https://www.airbnb.com/rooms/50619814,https://a0.muscache.com/im/pictures/hosting/Hosting-50619814/original/57f2a5c6-340a-48b6-876a-c272a61281a4.jpeg,50619814,,34.61078,-112.41798,=AVERAGE($G$2:$G$283),=AVERAGE($D$2:$D$283),"=IFERROR(($AT120-G120)/$AT120,0)","=IFERROR(($AU120-D120)/$AU120,0)",=$AU120-D120
Golf Course Vista,Bear Creek Real Estate and Property Management  LC662131000,,26380,31124,114.7,95.44,248,3,2,6,true,false,true,true,true,true,false,Home/Apartment,House,House/villa,4.35,19,3,21+,Luxury,true,250,false,230,9,2026-05-14,Arizona Area,Prescott,Dewey,Arizona,86327,United States,rural,https://www.airbnb.com/rooms/887033685631746327,https://a0.muscache.com/im/pictures/miso/Hosting-887033685631746327/original/31c1d793-5387-45aa-b8b6-fbdab9558568.jpeg,887033685631746327,7099628ha,34.56096,-112.26788,=AVERAGE($G$2:$G$283),=AVERAGE($D$2:$D$283),"=IFERROR(($AT121-G121)/$AT121,0)","=IFERROR(($AU121-D121)/$AU121,0)",=$AU121-D121
Serene and Quiet Getaway Home,Bear Creek Real Estate and Property Management  LC662131000,,25602,25995,90.79,85.2,359,2,2,4,true,false,false,true,true,true,false,Home/Apartment,House,House/villa,5,1,28,21+,Luxury,true,250,false,282,4,2026-05-14,Arizona Area,Prescott,Prescott,Arizona,86301,United States,rural,https://www.airbnb.com/rooms/1242836994279494942,https://a0.muscache.com/im/pictures/miso/Hosting-1242836994279494942/original/8c58e177-9152-4f75-81c1-efb76f1a5298.jpeg,1242836994279494942,4188744,34.57877,-112.47988,=AVERAGE($G$2:$G$283),=AVERAGE($D$2:$D$283),"=IFERROR(($AT122-G122)/$AT122,0)","=IFERROR(($AU122-D122)/$AU122,0)",=$AU122-D122
Whisper Ridge,Bear Creek Real Estate and Property Management  LC662131000,,25588,26523,175.26,67.59,265,3,3,10,true,false,false,true,true,true,false,Home/Apartment,House,House/villa,4.8,5,3,21+,Luxury,true,252,false,146,9,2026-05-15,Arizona Area,Prescott,Prescott,Arizona,86301,United States,rural,https://www.airbnb.com/rooms/1478463146918380072,https://a0.muscache.com/im/pictures/hosting/Hosting-1478463146918380072/original/a85ab085-7246-4a30-a6c1-1a7d36d62e62.jpeg,1478463146918380072,4730583,34.5696,-112.4611,=AVERAGE($G$2:$G$283),=AVERAGE($D$2:$D$283),"=IFERROR(($AT123-G123)/$AT123,0)","=IFERROR(($AU123-D123)/$AU123,0)",=$AU123-D123
Luxury 4-Bedroom Retreat with Stunning Panoramic Views,,,25548,66529,510.96,69.44,72,4,4,10,true,false,false,false,false,false,false,Home/Apartment,House,House/villa,0,0,4,1,Luxury,false,249,false,50,8,2026-01-01,Arizona Area,Prescott,Prescott,Arizona,86305,United States,rural,https://www.vrbo.com/4378041,https://media.vrbo.com/lodging/113000000/112110000/112107700/112107613/1b13adbd_edited_317b.jpg?impolicy=resizecrop&rw=1200&ra=fit,,4378041,34.559242,-112.51015,=AVERAGE($G$2:$G$283),=AVERAGE($D$2:$D$283),"=IFERROR(($AT124-G124)/$AT124,0)","=IFERROR(($AU124-D124)/$AU124,0)",=$AU124-D124
Liberty & Sunflower Suite - Prescott Cabin Rentals,Prescott Cabin Rentals,,25062,26221,187.03,40.12,342,2,2,6,true,false,true,true,true,true,false,Home/Apartment,Cottage,House/villa,4.65,25,2,21+,Luxury,true,66,true,134,43,2026-05-13,Arizona Area,Prescott,Prescott,Arizona,86303,United States,rural,https://www.airbnb.com/rooms/32472361,https://a0.muscache.com/im/pictures/prohost-api/Hosting-32472361/original/09627334-8db2-48d5-90e0-708c84857e40.jpeg,32472361,1840559,34.56616,-112.36899,=AVERAGE($G$2:$G$283),=AVERAGE($D$2:$D$283),"=IFERROR(($AT125-G125)/$AT125,0)","=IFERROR(($AU125-D125)/$AU125,0)",=$AU125-D125
Lincoln Continental Classy,Bear Creek Real Estate and Property Management  LC662131000,,24870,24870,83.46,83.71,365,2,1,4,true,false,false,true,true,true,false,Home/Apartment,Apartment,Apt/Condo/Loft,5,10,2,21+,Luxury,true,248,false,298,7,2026-05-14,Arizona Area,Prescott,Prescott,Arizona,86301,United States,rural,https://www.airbnb.com/rooms/889817205865342437,https://a0.muscache.com/im/pictures/miso/Hosting-889817205865342437/original/8f45f22b-cde5-4193-afdb-f31411e94623.jpeg,889817205865342437,2391113,34.54916,-112.47569,=AVERAGE($G$2:$G$283),=AVERAGE($D$2:$D$283),"=IFERROR(($AT126-G126)/$AT126,0)","=IFERROR(($AU126-D126)/$AU126,0)",=$AU126-D126
"Sagewood Cottage, An Upscale & Tranquil Retreat!",7873679,,24867,25345,207.22,65.57,209,2,2,4,true,false,false,true,true,true,false,Home/Apartment,House,House/villa,4.9,10,2,6-20,Luxury,true,225,false,120,15,2026-05-11,Arizona Area,Prescott,Prescott,Arizona,86305,United States,rural,https://www.airbnb.com/rooms/1513168820972751938,https://a0.muscache.com/im/pictures/hosting/Hosting-1513168820972751938/original/c055f5d6-c53c-4bff-adbf-159bc1852ca5.jpeg,1513168820972751938,,34.56768,-112.50694,=AVERAGE($G$2:$G$283),=AVERAGE($D$2:$D$283),"=IFERROR(($AT127-G127)/$AT127,0)","=IFERROR(($AU127-D127)/$AU127,0)",=$AU127-D127
K & J Cottage TPT license 21620590,65243104,,23619,26319,196.82,47.06,282,2,1,6,true,false,true,true,true,false,false,Home/Apartment,Cabin,House/villa,4.95,40,2,1,Luxury,true,50,false,120,54,2026-05-15,Arizona Area,Prescott,Prescott,Arizona,86303,United States,rural,https://www.airbnb.com/rooms/1473282690849546267,https://a0.muscache.com/im/pictures/hosting/Hosting-1473282690849546267/original/31f39232-6ee4-4939-8691-3b868ad124ca.jpeg,1473282690849546267,4716330,34.5238,-112.4915,=AVERAGE($G$2:$G$283),=AVERAGE($D$2:$D$283),"=IFERROR(($AT128-G128)/$AT128,0)","=IFERROR(($AU128-D128)/$AU128,0)",=$AU128-D128
Cozy Prescott Park Family Bungalow Downtown,238594275,,23575,27950,198.11,42.81,282,2,2,5,true,false,false,true,true,false,false,Home/Apartment,Bungalow,House/villa,4.95,78,1,1,Luxury,true,120,false,119,35,2026-05-17,Arizona Area,Prescott,Prescott,Arizona,86301,United States,rural,https://www.airbnb.com/rooms/970833351013061298,https://a0.muscache.com/im/pictures/miso/Hosting-970833351013061298/original/be601d9d-2853-4e20-918c-8e3801275574.jpeg,970833351013061298,4839300,34.54297,-112.46139,=AVERAGE($G$2:$G$283),=AVERAGE($D$2:$D$283),"=IFERROR(($AT129-G129)/$AT129,0)","=IFERROR(($AU129-D129)/$AU129,0)",=$AU129-D129
Birds Eye View Stunning & Unique Nest in the granite boulders. Close to Downtown,,,23559,31746,512.15,38.02,141,2,2,6,true,false,false,true,true,false,false,Home/Apartment,House,House/villa,5,7,2,1,Luxury,false,150,true,46,13,2025-11-18,Arizona Area,Prescott,Prescott,Arizona,86305,United States,rural,https://www.vrbo.com/2418378,https://media.vrbo.com/lodging/71000000/70260000/70259500/70259476/3496fefd.jpg?impolicy=resizecrop&rw=1200&ra=fit,,2418378,34.584206,-112.48699,=AVERAGE($G$2:$G$283),=AVERAGE($D$2:$D$283),"=IFERROR(($AT130-G130)/$AT130,0)","=IFERROR(($AU130-D130)/$AU130,0)",=$AU130-D130
"Incredible 360 Views, 3 miles town, Private, Pets",119702226,,23313,23684,177.96,36.49,359,1,1,2,true,false,false,true,true,true,false,Home/Apartment,Guest house,House/villa,4.9,159,1,6-20,Luxury,true,70,false,131,62,2026-05-13,Arizona Area,Prescott,Prescott,Arizona,86305,United States,rural,https://www.airbnb.com/rooms/686865537935047158,https://a0.muscache.com/im/pictures/hosting/Hosting-686865537935047158/original/4a41a4d0-0ad8-4a8e-a1a8-55bb697e4acd.jpeg,686865537935047158,2971210,34.58366,-112.48435,=AVERAGE($G$2:$G$283),=AVERAGE($D$2:$D$283),"=IFERROR(($AT131-G131)/$AT131,0)","=IFERROR(($AU131-D131)/$AU131,0)",=$AU131-D131
Chaming Downtown Comfort,233389899,,23295,23350,158.47,44.28,358,2,1,4,true,false,false,true,true,true,false,Home/Apartment,House,House/villa,5,95,2,1,Luxury,false,86,false,147,40,2026-05-15,Arizona Area,Prescott,Prescott,Arizona,86303,United States,rural,https://www.airbnb.com/rooms/49910697,https://a0.muscache.com/im/pictures/miso/Hosting-49910697/original/38c8450c-fdd6-4e88-9b51-7729b74d77e4.jpeg,49910697,2553302,34.5356,-112.4786,=AVERAGE($G$2:$G$283),=AVERAGE($D$2:$D$283),"=IFERROR(($AT132-G132)/$AT132,0)","=IFERROR(($AU132-D132)/$AU132,0)",=$AU132-D132
Central Arizona guest Casita,160371537,,23235,26437,138.3,57.73,301,1,1,3,true,false,false,true,true,true,false,Home/Apartment,House,House/villa,5,63,1,1,Luxury,true,0,false,168,85,2026-05-14,Arizona Area,Prescott,Mayer,Arizona,86333,United States,rural,https://www.airbnb.com/rooms/1437303204893024472,https://a0.muscache.com/im/pictures/miso/Hosting-1437303204893024472/original/1d53cf76-29aa-4035-b530-b6d2e11c13bc.jpeg,1437303204893024472,4656425,34.35142,-112.16744,=AVERAGE($G$2:$G$283),=AVERAGE($D$2:$D$283),"=IFERROR(($AT133-G133)/$AT133,0)","=IFERROR(($AU133-D133)/$AU133,0)",=$AU133-D133
Elvis in the Pines,300957828,,22960,29875,185.16,98.41,127,2,1,4,true,false,false,true,true,true,false,Home/Apartment,Guest house,House/villa,4.75,16,2,1,Luxury,false,121,false,124,9,2026-05-14,Arizona Area,Prescott,Prescott,Arizona,86305,United States,rural,https://www.airbnb.com/rooms/533481008372022095,https://a0.muscache.com/im/pictures/miso/Hosting-533481008372022095/original/da4b6d8b-8d31-4089-9454-dad17a12b681.jpeg,533481008372022095,2606124,34.5855,-112.5015,=AVERAGE($G$2:$G$283),=AVERAGE($D$2:$D$283),"=IFERROR(($AT134-G134)/$AT134,0)","=IFERROR(($AU134-D134)/$AU134,0)",=$AU134-D134
Cabin In The Woods,33694356,,22948,25932,239.04,28.92,335,2,2,8,true,false,false,true,true,false,false,Home/Apartment,Cabin,House/villa,4.9,91,1,1,Luxury,true,149,false,96,43,2026-05-17,Arizona Area,Prescott,Prescott,Arizona,86305,United States,rural,https://www.airbnb.com/rooms/747687758599430361,https://a0.muscache.com/im/pictures/miso/Hosting-747687758599430361/original/06e8df49-d0e0-4faa-80cc-cc08a007b36c.jpeg,747687758599430361,,34.5356,-112.5655,=AVERAGE($G$2:$G$283),=AVERAGE($D$2:$D$283),"=IFERROR(($AT135-G135)/$AT135,0)","=IFERROR(($AU135-D135)/$AU135,0)",=$AU135-D135
Casita Indigo - Prescott Cabin Rentals,Prescott Cabin Rentals,,22477,22552,176.98,34.89,364,1,1,4,true,false,true,true,true,true,false,Home/Apartment,Cottage,House/villa,4.55,109,2,21+,Luxury,true,45,true,127,44,2026-05-13,Arizona Area,Prescott,Prescott,Arizona,86303,United States,rural,https://www.airbnb.com/rooms/17763990,https://a0.muscache.com/im/pictures/prohost-api/Hosting-17763990/original/35420d29-334f-47ce-9688-f6a0d4a35fbf.jpeg,17763990,1840526,34.56535,-112.36968,=AVERAGE($G$2:$G$283),=AVERAGE($D$2:$D$283),"=IFERROR(($AT136-G136)/$AT136,0)","=IFERROR(($AU136-D136)/$AU136,0)",=$AU136-D136
Mountain Rustic Chalet,660625433,,22317,23521,159.41,40.35,347,1,1,4,true,false,false,true,true,true,false,Home/Apartment,Cabin,House/villa,4.9,105,1,1,Luxury,true,51,true,140,72,2026-05-14,Arizona Area,Prescott,Prescott,Arizona,86303,United States,rural,https://www.airbnb.com/rooms/1283012174511667413,https://a0.muscache.com/im/pictures/miso/Hosting-1283012174511667413/original/a2871ad1-8ee9-4908-b228-ea37dac3a645.jpeg,1283012174511667413,,34.45516,-112.38015,=AVERAGE($G$2:$G$283),=AVERAGE($D$2:$D$283),"=IFERROR(($AT137-G137)/$AT137,0)","=IFERROR(($AU137-D137)/$AU137,0)",=$AU137-D137
Hilltop Cabin private retreat is pet friendly,43186111,,22057,26425,200.52,40.74,302,2,2,4,true,false,false,true,true,true,false,Home/Apartment,Cottage,House/villa,4.95,28,2,1,Luxury,true,153,false,110,22,2026-05-16,Arizona Area,Prescott,Prescott,Arizona,86305,United States,rural,https://www.airbnb.com/rooms/1003665271430380824,https://a0.muscache.com/im/pictures/miso/Hosting-1003665271430380824/original/32f7ce51-de6e-4017-bba2-2a93095ac2d1.jpeg,1003665271430380824,,34.5688,-112.5068,=AVERAGE($G$2:$G$283),=AVERAGE($D$2:$D$283),"=IFERROR(($AT138-G138)/$AT138,0)","=IFERROR(($AU138-D138)/$AU138,0)",=$AU138-D138
Log Cabin Retreat/Mountain Pines,88985247,,22029,35980,489.53,22.61,266,4,2,12,true,false,false,true,true,true,false,Home/Apartment,Cabin,House/villa,4.4,61,2,2-5,Luxury,false,374,false,45,10,2026-05-14,Arizona Area,Prescott,Prescott,Arizona,86303,United States,rural,https://www.airbnb.com/rooms/1138346982645634607,https://a0.muscache.com/im/pictures/miso/Hosting-1138346982645634607/original/d3bc3c66-fe6b-487b-afe4-948e22ec2a6c.jpeg,1138346982645634607,199947,34.47432,-112.40622,=AVERAGE($G$2:$G$283),=AVERAGE($D$2:$D$283),"=IFERROR(($AT139-G139)/$AT139,0)","=IFERROR(($AU139-D139)/$AU139,0)",=$AU139-D139
Chaparral Suite - Prescott Cabin Rentals,Prescott Cabin Rentals,,21933,22009,155.55,38.74,364,1,1,4,true,false,true,true,true,true,false,Home/Apartment,Cottage,House/villa,4.6,60,2,21+,Luxury,true,45,true,141,55,2026-05-13,Arizona Area,Prescott,Prescott,Arizona,86303,United States,rural,https://www.airbnb.com/rooms/17764069,https://a0.muscache.com/im/pictures/prohost-api/Hosting-17764069/original/56b767d8-f2d5-47b1-ad8f-a0d04d2458a8.jpeg,17764069,1840519,34.56808,-112.369,=AVERAGE($G$2:$G$283),=AVERAGE($D$2:$D$283),"=IFERROR(($AT140-G140)/$AT140,0)","=IFERROR(($AU140-D140)/$AU140,0)",=$AU140-D140
Canyon View Cabin - Prescott Cabin Rentals,Prescott Cabin Rentals,,21853,33147,196.87,53.11,239,2,2,6,true,false,false,true,true,true,false,Home/Apartment,Cabin,House/villa,4.85,39,2,21+,Luxury,true,125,true,111,21,2026-05-17,Arizona Area,Prescott,Prescott,Arizona,86303,United States,rural,https://www.airbnb.com/rooms/629069146155321084,https://a0.muscache.com/im/pictures/prohost-api/Hosting-629069146155321084/original/bfeb3c8b-5267-4ceb-bd8f-ce9187e74cc0.jpeg,629069146155321084,2813756,34.52188,-112.46317,=AVERAGE($G$2:$G$283),=AVERAGE($D$2:$D$283),"=IFERROR(($AT141-G141)/$AT141,0)","=IFERROR(($AU141-D141)/$AU141,0)",=$AU141-D141
Historic Cottage Downtown,,,21550,28399,215.5,39.84,289,2,2,4,true,false,false,true,true,false,false,Home/Apartment,House,House/villa,5,53,2,1,Luxury,false,85,true,100,14,2026-05-16,Arizona Area,Prescott,Prescott,Arizona,86303,United States,rural,https://www.vrbo.com/1993880,https://media.vrbo.com/lodging/54000000/53980000/53970800/53970762/453b0422.jpg?impolicy=resizecrop&rw=1200&ra=fit,,1993880,34.535531,-112.460709,=AVERAGE($G$2:$G$283),=AVERAGE($D$2:$D$283),"=IFERROR(($AT142-G142)/$AT142,0)","=IFERROR(($AU142-D142)/$AU142,0)",=$AU142-D142
Dome away from Home Spring is in the Air,222317186,,21497,34481,307.1,30.04,292,3,2,8,true,false,false,true,true,false,false,Home/Apartment,Dome house,Unique,5,36,2,2-5,Luxury,true,200,true,70,21,2026-05-14,Arizona Area,Prescott,Prescott,Arizona,86305,United States,rural,https://www.airbnb.com/rooms/1041595734903585076,https://a0.muscache.com/im/pictures/miso/Hosting-1041595734903585076/original/06a029f3-e87d-4275-aebb-f497cbb12c96.jpeg,1041595734903585076,3868511,34.5747,-112.4845,=AVERAGE($G$2:$G$283),=AVERAGE($D$2:$D$283),"=IFERROR(($AT143-G143)/$AT143,0)","=IFERROR(($AU143-D143)/$AU143,0)",=$AU143-D143
Blue Cottage,Bear Creek Real Estate and Property Management  LC662131000,,21396,32661,129.67,79.33,228,2,2,4,true,false,false,true,true,true,false,Home/Apartment,House,House/villa,4.75,16,2,21+,Luxury,true,150,false,165,8,2026-05-14,Arizona Area,Prescott,Prescott,Arizona,86303,United States,rural,https://www.airbnb.com/rooms/894202065265583796,https://a0.muscache.com/im/pictures/miso/Hosting-894202065265583796/original/4862003f-3469-490c-8681-a8c180aaa2e3.jpeg,894202065265583796,2615875,34.53594,-112.4641,=AVERAGE($G$2:$G$283),=AVERAGE($D$2:$D$283),"=IFERROR(($AT144-G144)/$AT144,0)","=IFERROR(($AU144-D144)/$AU144,0)",=$AU144-D144
Lovely apartment centrally located between Prescott & Prescott Valley,,,21257,21257,139.85,84.44,211,1,1,3,true,false,false,true,true,false,false,Home/Apartment,Apartment,Apt/Condo/Loft,0,0,2,1,Luxury,false,124,true,152,4,2026-01-05,Arizona Area,Prescott,Prescott,Arizona,86301,United States,rural,https://www.vrbo.com/4732036,https://media.vrbo.com/lodging/120000000/119330000/119320900/119320808/dc3810af.jpg?impolicy=resizecrop&rw=1200&ra=fit,,4732036,34.556057,-112.388985,=AVERAGE($G$2:$G$283),=AVERAGE($D$2:$D$283),"=IFERROR(($AT145-G145)/$AT145,0)","=IFERROR(($AU145-D145)/$AU145,0)",=$AU145-D145
Guesthouse with patio. Close to Embry Riddle,73028202,,21148,21963,152.14,42.64,351,1,1,2,true,false,false,true,true,false,false,Home/Apartment,Guest house,House/villa,4.95,17,2,1,Luxury,false,50,false,139,37,2026-05-16,Arizona Area,Prescott,Prescott,Arizona,86305,United States,rural,https://www.airbnb.com/rooms/632606651750827799,https://a0.muscache.com/im/pictures/hosting/Hosting-632606651750827799/original/3ecae505-5ffe-44be-b211-a6fed8b6e9d1.jpeg,632606651750827799,,34.59454,-112.48144,=AVERAGE($G$2:$G$283),=AVERAGE($D$2:$D$283),"=IFERROR(($AT146-G146)/$AT146,0)","=IFERROR(($AU146-D146)/$AU146,0)",=$AU146-D146
Remodeled 2 bd / 2 bath condo only 10 minute walk to the Courthouse Square!,,,20300,20499,207.14,31.21,362,2,2,4,true,false,false,true,true,false,false,Home/Apartment,Condominium (condo),Apt/Condo/Loft,5,95,3,1,Luxury,false,125,false,98,19,2026-05-15,Arizona Area,Prescott,Prescott,Arizona,86303,United States,rural,https://www.vrbo.com/1441488,https://media.vrbo.com/lodging/34000000/33660000/33656200/33656182/9b869c9c.jpg?impolicy=resizecrop&rw=1200&ra=fit,,1441488,34.535255,-112.476951,=AVERAGE($G$2:$G$283),=AVERAGE($D$2:$D$283),"=IFERROR(($AT147-G147)/$AT147,0)","=IFERROR(($AU147-D147)/$AU147,0)",=$AU147-D147
1 Mi to Whiskey Row + Town Sq: Remote Work Hub!,Evolve,,20152,20603,158.68,59.62,231,2,2,4,false,false,false,true,true,false,false,Home/Apartment,Condominium (condo),Apt/Condo/Loft,4.75,4,2,21+,Luxury,false,205,true,127,13,2026-05-15,Arizona Area,Prescott,Prescott,Arizona,86303,United States,rural,https://www.airbnb.com/rooms/1506702711539966851,https://a0.muscache.com/im/pictures/prohost-api/Hosting-1506702711539966851/original/ca1f1b2a-2e91-44f6-8222-aaf44b64c51c.jpeg,1506702711539966851,20195316ha,34.5334,-112.4732,=AVERAGE($G$2:$G$283),=AVERAGE($D$2:$D$283),"=IFERROR(($AT148-G148)/$AT148,0)","=IFERROR(($AU148-D148)/$AU148,0)",=$AU148-D148
Zebra Ranch 1-BR Cottage | Mtn Vu• Trails•Rqt Ball,388294263,,20100,20293,182.73,32.26,362,1,1,4,true,false,false,true,true,true,false,Home/Apartment,Farm stay,Unique,4.8,14,1,21+,Luxury,true,140,false,110,37,2026-05-14,Arizona Area,Prescott,Prescott,Arizona,86305,United States,rural,https://www.airbnb.com/rooms/1421025195090992287,https://a0.muscache.com/im/pictures/prohost-api/Hosting-1421025195090992287/original/4cead347-6ba2-4427-ad36-eaf3f8249307.jpeg,1421025195090992287,4592279,34.6514872346,-112.5123639782,=AVERAGE($G$2:$G$283),=AVERAGE($D$2:$D$283),"=IFERROR(($AT149-G149)/$AT149,0)","=IFERROR(($AU149-D149)/$AU149,0)",=$AU149-D149
Prescott Pine Mtn Cabin|2Mi to Whisky Row•Sleeps 6,NexAero Vacation Rentals,,19908,19908,176.18,42.01,299,1,1,6,true,false,false,true,true,true,false,Home/Apartment,Cabin,House/villa,4.85,7,1,2-5,Luxury,true,205,false,113,21,2025-12-18,Arizona Area,Prescott,Prescott,Arizona,86303,United States,rural,https://www.airbnb.com/rooms/1453100004497301208,https://a0.muscache.com/im/pictures/prohost-api/Hosting-1453100004497301208/original/7eb71030-d626-4fd0-af9b-d82a1821fd16.jpeg,1453100004497301208,4668589,34.5257938991,-112.4833157135,=AVERAGE($G$2:$G$283),=AVERAGE($D$2:$D$283),"=IFERROR(($AT150-G150)/$AT150,0)","=IFERROR(($AU150-D150)/$AU150,0)",=$AU150-D150
Country Garden Studio - Prescott Cabin Rentals,Prescott Cabin Rentals,,19900,20014,139.16,39.39,363,1,1,2,true,false,true,true,true,true,false,Home/Apartment,Apartment,Apt/Condo/Loft,4.8,60,2,21+,Luxury,true,30,true,143,56,2026-05-13,Arizona Area,Prescott,Prescott,Arizona,86303,United States,rural,https://www.airbnb.com/rooms/17764296,https://a0.muscache.com/im/pictures/prohost-api/Hosting-17764296/original/89bd51c9-131c-4875-bb91-e4c883f21e49.jpeg,17764296,1840517,34.56381,-112.37003,=AVERAGE($G$2:$G$283),=AVERAGE($D$2:$D$283),"=IFERROR(($AT151-G151)/$AT151,0)","=IFERROR(($AU151-D151)/$AU151,0)",=$AU151-D151
Cutest Cottage in Prescott+Walk Downtown+JACUZZi,133635205,,19854,26472,264.72,37.13,228,2,1,8,true,false,true,true,true,true,false,Home/Apartment,House,House/villa,4.8,5,2,6-20,Luxury,true,268,false,75,14,2025-12-12,Arizona Area,Prescott,Prescott,Arizona,86303,United States,rural,https://www.airbnb.com/rooms/39923923,https://a0.muscache.com/im/pictures/adf6504c-a1a7-4425-8b71-10140c1fba13.jpg,39923923,,34.53886,-112.48024,=AVERAGE($G$2:$G$283),=AVERAGE($D$2:$D$283),"=IFERROR(($AT152-G152)/$AT152,0)","=IFERROR(($AU152-D152)/$AU152,0)",=$AU152-D152
Cowboy cabin,308705160,,19679,21564,168.2,35.24,332,1,1,4,true,false,false,true,true,true,false,Home/Apartment,Cabin,House/villa,5,153,1,2-5,Luxury,true,52,false,117,65,2026-05-17,Arizona Area,Prescott,Prescott,Arizona,86303,United States,rural,https://www.airbnb.com/rooms/919525559290999204,https://a0.muscache.com/im/pictures/miso/Hosting-919525559290999204/original/35d2a51c-342c-4d4b-8c60-5159f145cade.jpeg,919525559290999204,,34.44863,-112.39909,=AVERAGE($G$2:$G$283),=AVERAGE($D$2:$D$283),"=IFERROR(($AT153-G153)/$AT153,0)","=IFERROR(($AU153-D153)/$AU153,0)",=$AU153-D153
Bold and Beautiful,Bear Creek Real Estate and Property Management  LC662131000,,19668,20437,77.43,81.67,349,2,1,5,true,false,false,true,true,true,false,Home/Apartment,Apartment,Apt/Condo/Loft,4.85,11,2,21+,Luxury,true,248,false,254,6,2026-05-14,Arizona Area,Prescott,Prescott,Arizona,86301,United States,rural,https://www.airbnb.com/rooms/888567269943223438,https://a0.muscache.com/im/pictures/miso/Hosting-888567269943223438/original/51a7a24b-f1bb-437b-8d9e-792b6c7ab237.jpeg,888567269943223438,2786440,34.54902,-112.474,=AVERAGE($G$2:$G$283),=AVERAGE($D$2:$D$283),"=IFERROR(($AT154-G154)/$AT154,0)","=IFERROR(($AU154-D154)/$AU154,0)",=$AU154-D154
Lincoln Continental Golden,Bear Creek Real Estate and Property Management  LC662131000,,19654,22445,91.84,77.82,326,2,1,5,true,false,false,true,true,true,false,Home/Apartment,Apartment,Apt/Condo/Loft,3.65,3,2,21+,Luxury,true,249,false,214,4,2026-05-14,Arizona Area,Prescott,Prescott,Arizona,86301,United States,rural,https://www.airbnb.com/rooms/889181652999145814,https://a0.muscache.com/im/pictures/miso/Hosting-889181652999145814/original/03038f69-9000-4399-8ffb-87a264c72646.jpeg,889181652999145814,2501639,34.55039,-112.47538,=AVERAGE($G$2:$G$283),=AVERAGE($D$2:$D$283),"=IFERROR(($AT155-G155)/$AT155,0)","=IFERROR(($AU155-D155)/$AU155,0)",=$AU155-D155
"Peaceful, picturesque, Cabin in the mountains !",360521781,,19510,23249,240.86,30.92,336,2,1,8,true,false,false,true,true,false,false,Home/Apartment,Cabin,House/villa,4.95,53,3,1,Luxury,false,200,true,81,18,2026-05-13,Arizona Area,Prescott,Prescott,Arizona,86303,United States,rural,https://www.airbnb.com/rooms/44553158,https://a0.muscache.com/im/pictures/91cc4356-e491-4d44-a4aa-32dbb6a544a0.jpg,44553158,4221834,34.449,-112.4069,=AVERAGE($G$2:$G$283),=AVERAGE($D$2:$D$283),"=IFERROR(($AT156-G156)/$AT156,0)","=IFERROR(($AU156-D156)/$AU156,0)",=$AU156-D156
A-Frame Hideaway,126141571,,19430,23030,150.62,81.65,158,1,1,2,true,false,false,true,true,false,false,Home/Apartment,Cabin,House/villa,5,538,1,2-5,Luxury,true,65,false,129,44,2025-07-23,Arizona Area,Prescott,Prescott,Arizona,86303,United States,rural,https://www.airbnb.com/rooms/41879161,https://a0.muscache.com/im/pictures/hosting/Hosting-41879161/original/ea8753a5-11bf-4a41-b3c4-9e63e11e32c1.jpeg,41879161,,34.5278,-112.48873,=AVERAGE($G$2:$G$283),=AVERAGE($D$2:$D$283),"=IFERROR(($AT157-G157)/$AT157,0)","=IFERROR(($AU157-D157)/$AU157,0)",=$AU157-D157
Lincoln Continental Western,Bear Creek Real Estate and Property Management  LC662131000,,19379,19779,69.71,78.75,359,2,1,6,true,false,false,true,true,true,false,Home/Apartment,Apartment,Apt/Condo/Loft,4.65,8,2,21+,Luxury,true,251,false,278,7,2026-05-14,Arizona Area,Prescott,Prescott,Arizona,86301,United States,rural,https://www.airbnb.com/rooms/894176505232426326,https://a0.muscache.com/im/pictures/miso/Hosting-894176505232426326/original/6819af6a-ae5b-46f1-9e99-155c5845973b.jpeg,894176505232426326,2390986,34.54958,-112.47583,=AVERAGE($G$2:$G$283),=AVERAGE($D$2:$D$283),"=IFERROR(($AT158-G158)/$AT158,0)","=IFERROR(($AU158-D158)/$AU158,0)",=$AU158-D158
"State 48 Retreat, AC, Deck, BBQ, Great Outdoors!",163234148,,19248,19423,223.81,26.3,357,2,2,8,true,false,false,true,true,false,false,Home/Apartment,Cabin,House/villa,4.95,138,2,2-5,Luxury,false,149,false,86,23,2026-05-16,Arizona Area,Prescott,Prescott,Arizona,86303,United States,rural,https://www.airbnb.com/rooms/43240089,https://a0.muscache.com/im/pictures/miso/Hosting-43240089/original/459fd714-0050-4402-9566-637a6b2e52e0.jpeg,43240089,9462971ha,34.47075,-112.48771,=AVERAGE($G$2:$G$283),=AVERAGE($D$2:$D$283),"=IFERROR(($AT159-G159)/$AT159,0)","=IFERROR(($AU159-D159)/$AU159,0)",=$AU159-D159
Wild Treehouse Paradise in the Cliffs & Trees,Glamping Hub International,,19082,21964,183.48,50.98,209,1,,2,true,false,false,true,true,false,true,Home/Apartment,Treehouse,Unique,4.85,263,1,21+,Luxury,true,59,true,104,49,2026-05-13,Arizona Area,Prescott,Prescott,Arizona,86301,United States,rural,https://www.airbnb.com/rooms/32587786,https://a0.muscache.com/im/pictures/2c8e3c30-8c50-458b-91b0-cc7b21c6a7e6.jpg,32587786,4870114,34.6064,-112.4151,=AVERAGE($G$2:$G$283),=AVERAGE($D$2:$D$283),"=IFERROR(($AT160-G160)/$AT160,0)","=IFERROR(($AU160-D160)/$AU160,0)",=$AU160-D160
Liberty Suite - Prescott Cabin Rentals,Prescott Cabin Rentals,,19024,19067,153.42,34.07,364,1,1,4,true,false,true,true,true,true,false,Home/Apartment,House,House/villa,4.75,26,2,21+,Luxury,true,45,true,124,44,2026-05-16,Arizona Area,Prescott,Prescott,Arizona,86303,United States,rural,https://www.airbnb.com/rooms/17764697,https://a0.muscache.com/im/pictures/prohost-api/Hosting-17764697/original/769484ec-f576-4012-8f1e-88d2a6cd6bc2.jpeg,17764697,1840515,34.56515,-112.36876,=AVERAGE($G$2:$G$283),=AVERAGE($D$2:$D$283),"=IFERROR(($AT161-G161)/$AT161,0)","=IFERROR(($AU161-D161)/$AU161,0)",=$AU161-D161
Authentic Log Cabin in the cool pines less than 2 hours from Phoenix.,,,18943,32837,350.8,38.03,246,3,2,6,true,true,false,true,true,true,false,Home/Apartment,Cabin,House/villa,5,66,4,1,Luxury,false,348,false,54,8,2025-12-15,Arizona Area,Prescott,Prescott,Arizona,86303,United States,rural,https://www.vrbo.com/930873,https://media.vrbo.com/lodging/35000000/34330000/34322800/34322798/3c1aa687.jpg?impolicy=resizecrop&rw=1200&ra=fit,,930873,34.44074,-112.41051,=AVERAGE($G$2:$G$283),=AVERAGE($D$2:$D$283),"=IFERROR(($AT162-G162)/$AT162,0)","=IFERROR(($AU162-D162)/$AU162,0)",=$AU162-D162
"“Haven View” private, 1.5 mi to Prescott Square",242582474,,18683,20638,311.38,30.15,348,3,2,6,true,false,false,true,true,false,false,Home/Apartment,House,House/villa,5,15,3,1,Luxury,false,270,false,60,9,2026-05-14,Arizona Area,Prescott,Prescott,Arizona,86303,United States,rural,https://www.airbnb.com/rooms/604278055945444191,https://a0.muscache.com/im/pictures/miso/Hosting-604278055945444191/original/c55b3134-a115-4fb9-a933-fdffb7e5de62.jpeg,604278055945444191,,34.53832,-112.45365,=AVERAGE($G$2:$G$283),=AVERAGE($D$2:$D$283),"=IFERROR(($AT163-G163)/$AT163,0)","=IFERROR(($AU163-D163)/$AU163,0)",=$AU163-D163
Rock House - Prescott Cabin Rentals,Prescott Cabin Rentals,,18653,19511,169.57,61.8,265,1,1,4,true,false,false,true,true,true,false,Home/Apartment,House,House/villa,4.6,49,2,21+,Luxury,false,74,true,110,10,2025-11-02,Arizona Area,Prescott,Prescott,Arizona,86305,United States,rural,https://www.airbnb.com/rooms/19269015,https://a0.muscache.com/im/pictures/prohost-api/Hosting-19269015/original/51a4ab39-65a9-4669-96c2-96329011e5f3.jpeg,19269015,2574676,34.54791,-112.49749,=AVERAGE($G$2:$G$283),=AVERAGE($D$2:$D$283),"=IFERROR(($AT164-G164)/$AT164,0)","=IFERROR(($AU164-D164)/$AU164,0)",=$AU164-D164
Cozy detached one bedroom casita,683956684,,18636,18636,186.36,40.16,334,1,1,2,true,false,false,true,true,true,false,Home/Apartment,Guest house,House/villa,4.65,3,1,2-5,Luxury,false,100,true,100,14,2026-05-11,Arizona Area,Prescott,Prescott,Arizona,86305,United States,rural,https://www.airbnb.com/rooms/1429912237366916913,https://a0.muscache.com/im/pictures/hosting/Hosting-1429912237366916913/original/4dcd4913-a22c-4831-acfd-7600d2b9fcdd.jpeg,1429912237366916913,,34.5416,-112.5005,=AVERAGE($G$2:$G$283),=AVERAGE($D$2:$D$283),"=IFERROR(($AT165-G165)/$AT165,0)","=IFERROR(($AU165-D165)/$AU165,0)",=$AU165-D165
Welcome to Suzanne&Gary's Granite Mountain Getaway,53586102,,18578,20062,154.82,36.92,338,1,2,2,true,false,false,true,true,true,false,Home/Apartment,Guest house,House/villa,5,97,2,1,Luxury,true,0,true,120,39,2026-05-16,Arizona Area,Prescott,Prescott,Arizona,86305,United States,rural,https://www.airbnb.com/rooms/51198858,https://a0.muscache.com/im/pictures/miso/Hosting-51198858/original/6d049c3b-b3b1-4486-80e7-310846267a75.jpeg,51198858,,34.66435,-112.50279,=AVERAGE($G$2:$G$283),=AVERAGE($D$2:$D$283),"=IFERROR(($AT166-G166)/$AT166,0)","=IFERROR(($AU166-D166)/$AU166,0)",=$AU166-D166
Legend Hills Luxury Suite,447145502,,18546,20365,157.17,50.43,234,1,1,4,true,false,false,true,true,false,false,Home/Apartment,Guest house,House/villa,5,22,2,1,Luxury,false,81,false,118,20,2026-05-13,Arizona Area,Prescott,Prescott Valley,Arizona,86315,United States,rural,https://www.airbnb.com/rooms/1140858655144364934,https://a0.muscache.com/im/pictures/miso/Hosting-1140858655144364934/original/094574e0-fa57-428b-8332-cf492e0310c3.jpeg,1140858655144364934,4095312,34.6814,-112.2068,=AVERAGE($G$2:$G$283),=AVERAGE($D$2:$D$283),"=IFERROR(($AT167-G167)/$AT167,0)","=IFERROR(($AU167-D167)/$AU167,0)",=$AU167-D167
"Mile-High Hideaway - Clean, quite, well appointed.",21229183,,18416,18666,154.76,39.4,332,1,1,2,true,false,false,true,true,false,false,Home/Apartment,Guest suite,House/villa,4.95,133,2,1,Luxury,true,103,false,119,16,2026-05-13,Arizona Area,Prescott,Prescott,Arizona,86305,United States,rural,https://www.airbnb.com/rooms/12292171,https://a0.muscache.com/im/pictures/47ef1b4b-a499-4d60-b061-3a23cf0269c0.jpg,12292171,,34.54724,-112.48029,=AVERAGE($G$2:$G$283),=AVERAGE($D$2:$D$283),"=IFERROR(($AT168-G168)/$AT168,0)","=IFERROR(($AU168-D168)/$AU168,0)",=$AU168-D168
Luxury Treehouse Hideaway on 2 Acres Near LynxLake,43723356,,18299,23522,425.56,44.33,140,3,2,8,true,false,true,true,true,true,false,Home/Apartment,Cabin,House/villa,5,9,2,1,Luxury,false,300,false,43,11,2026-05-14,Arizona Area,Prescott,Prescott,Arizona,86303,United States,rural,https://www.airbnb.com/rooms/1530555576298673206,https://a0.muscache.com/im/pictures/hosting/Hosting-1530555576298673206/original/d11c7673-c0f5-44d3-b32a-fc1cecf3c717.jpeg,1530555576298673206,4933371,34.4679,-112.3773,=AVERAGE($G$2:$G$283),=AVERAGE($D$2:$D$283),"=IFERROR(($AT169-G169)/$AT169,0)","=IFERROR(($AU169-D169)/$AU169,0)",=$AU169-D169
< 2 Mi to Dtwn: Prescott Cabin w/ Furnished Deck,Evolve,,18223,20147,256.66,28.17,252,2,1,10,true,false,false,true,true,true,false,Home/Apartment,Cabin,House/villa,4.75,20,3,21+,Luxury,false,208,true,71,20,2026-02-17,Arizona Area,Prescott,Prescott,Arizona,86303,United States,rural,https://www.airbnb.com/rooms/1001548925175785840,https://a0.muscache.com/im/pictures/prohost-api/Hosting-1001548925175785840/original/288fc00a-e5bd-422b-aae1-e1c677e9f6f2.jpeg,1001548925175785840,9882538ha,34.5336,-112.4825,=AVERAGE($G$2:$G$283),=AVERAGE($D$2:$D$283),"=IFERROR(($AT170-G170)/$AT170,0)","=IFERROR(($AU170-D170)/$AU170,0)",=$AU170-D170
Historic secluded cottage…6 blocks from the town square with gazebo relaxation.,,,18074,18074,225.93,22.92,365,2,1,6,true,false,false,true,true,false,false,Home/Apartment,House,House/villa,5,57,2,1,Luxury,false,100,false,80,30,2026-05-16,Arizona Area,Prescott,Prescott,Arizona,86303,United States,rural,https://www.vrbo.com/2618562,https://media.vrbo.com/lodging/75000000/74530000/74529700/74529607/16ccdd9c.jpg?impolicy=resizecrop&rw=1200&ra=fit,,2618562,34.541439,-112.456961,=AVERAGE($G$2:$G$283),=AVERAGE($D$2:$D$283),"=IFERROR(($AT171-G171)/$AT171,0)","=IFERROR(($AU171-D171)/$AU171,0)",=$AU171-D171
*Peaceful getaway *Close to Goldwater Lake *Cabin,Property Management Inc Northern Arizona,,18005,33194,246.64,29.44,291,2,2,9,true,false,false,true,true,true,false,Home/Apartment,House,House/villa,4.65,71,2,21+,Luxury,true,264,false,73,19,2026-05-17,Arizona Area,Prescott,Prescott,Arizona,86303,United States,rural,https://www.airbnb.com/rooms/33553535,https://a0.muscache.com/im/pictures/prohost-api/Hosting-33553535/original/c723c732-dbe0-48d3-9294-4c2807824860.jpeg,33553535,1627712,34.47562,-112.43936,=AVERAGE($G$2:$G$283),=AVERAGE($D$2:$D$283),"=IFERROR(($AT172-G172)/$AT172,0)","=IFERROR(($AU172-D172)/$AU172,0)",=$AU172-D172
"Cozy cottage, downtown apartment",28537063,,17902,22093,158.42,77.4,151,2,1,4,true,false,false,true,true,true,false,Home/Apartment,Apartment,Apt/Condo/Loft,4.8,5,1,2-5,Luxury,true,100,false,113,13,2026-02-05,Arizona Area,Prescott,Prescott,Arizona,86303,United States,rural,https://www.airbnb.com/rooms/1212980118057925543,https://a0.muscache.com/im/pictures/hosting/Hosting-1212980118057925543/original/10e19722-0315-4bcf-bc9f-675251efb4f9.jpeg,1212980118057925543,4120955,34.53453,-112.46666,=AVERAGE($G$2:$G$283),=AVERAGE($D$2:$D$283),"=IFERROR(($AT173-G173)/$AT173,0)","=IFERROR(($AU173-D173)/$AU173,0)",=$AU173-D173
"Spacious Guest House with an Awesome View in Paulden, near Gunsite Academy",,,17649,17649,157.58,33.43,365,1,1,2,true,false,false,true,false,false,false,Home/Apartment,Cabin,House/villa,5,3,2,1,Luxury,false,0,true,112,25,2026-05-16,Arizona Area,Prescott,Paulden,Arizona,86334,United States,rural,https://www.vrbo.com/4439437,https://media.vrbo.com/lodging/114000000/113170000/113167900/113167843/a3c3d039.jpg?impolicy=resizecrop&rw=1200&ra=fit,,4439437,34.867005,-112.478087,=AVERAGE($G$2:$G$283),=AVERAGE($D$2:$D$283),"=IFERROR(($AT174-G174)/$AT174,0)","=IFERROR(($AU174-D174)/$AU174,0)",=$AU174-D174
Peaceful Mountain Casita-in the Pines!,107898273,,17349,17349,150.86,32.95,365,1,1,3,true,false,false,true,true,false,false,Home/Apartment,House,House/villa,5,61,2,1,Luxury,true,60,false,115,32,2026-05-16,Arizona Area,Prescott,Prescott,Arizona,86303,United States,rural,https://www.airbnb.com/rooms/845578091050448463,https://a0.muscache.com/im/pictures/miso/Hosting-845578091050448463/original/456a5df7-1bf9-45f7-b97d-7d2a43f66d54.jpeg,845578091050448463,3312576,34.5142,-112.4951,=AVERAGE($G$2:$G$283),=AVERAGE($D$2:$D$283),"=IFERROR(($AT175-G175)/$AT175,0)","=IFERROR(($AU175-D175)/$AU175,0)",=$AU175-D175
Creek Cottage - Prescott Cabin Rentals,Prescott Cabin Rentals,,17097,18270,152.65,33.33,348,1,1,4,true,false,true,true,true,true,false,Home/Apartment,Cottage,House/villa,4.6,85,2,21+,Luxury,true,45,true,112,33,2026-05-17,Arizona Area,Prescott,Prescott,Arizona,86303,United States,rural,https://www.airbnb.com/rooms/17764370,https://a0.muscache.com/im/pictures/prohost-api/Hosting-17764370/original/2eedf494-ec57-4ac4-94d9-771a9d377aa0.jpeg,17764370,1840523,34.56554,-112.36798,=AVERAGE($G$2:$G$283),=AVERAGE($D$2:$D$283),"=IFERROR(($AT176-G176)/$AT176,0)","=IFERROR(($AU176-D176)/$AU176,0)",=$AU176-D176
Romantic Getaway & Amazing Views,Bear Creek Real Estate and Property Management  LC662131000,,16638,18944,85.32,74.71,317,1,1,4,true,false,false,true,true,true,false,Home/Apartment,House,House/villa,4.15,9,2,21+,Luxury,true,251,false,195,5,2026-05-14,Arizona Area,Prescott,Prescott,Arizona,86301,United States,rural,https://www.airbnb.com/rooms/887706637753362172,https://a0.muscache.com/im/pictures/miso/Hosting-887706637753362172/original/eab014b8-689a-4aca-be26-ce2ae1170f03.jpeg,887706637753362172,2937934,34.60848,-112.4122,=AVERAGE($G$2:$G$283),=AVERAGE($D$2:$D$283),"=IFERROR(($AT177-G177)/$AT177,0)","=IFERROR(($AU177-D177)/$AU177,0)",=$AU177-D177
5 Mi to Butte Creek Trail: Prescott Home w/ Deck!,Evolve,,16433,18319,248.98,25.38,271,2,2,6,true,false,false,true,true,false,false,Home/Apartment,House,House/villa,4.8,78,2,21+,Luxury,false,208,true,66,18,2026-05-16,Arizona Area,Prescott,Prescott,Arizona,86301,United States,rural,https://www.airbnb.com/rooms/44995674,https://a0.muscache.com/im/pictures/prohost-api/Hosting-44995674/original/383d44fd-a14c-402c-bf35-25b050c7f5fa.jpeg,44995674,9488959ha,34.5708,-112.4729,=AVERAGE($G$2:$G$283),=AVERAGE($D$2:$D$283),"=IFERROR(($AT178-G178)/$AT178,0)","=IFERROR(($AU178-D178)/$AU178,0)",=$AU178-D178
"Cloud Nine Library Room, a luxury bed & breakfast",95026041,,16357,16803,183.79,27.47,356,1,1,2,true,false,false,false,true,true,false,Private Room,Bed & Breakfast,B&B,5,92,2,2-5,Luxury,true,20,false,89,25,2026-05-16,Arizona Area,Prescott,Prescott,Arizona,86303,United States,rural,https://www.airbnb.com/rooms/15146246,https://a0.muscache.com/im/pictures/hosting/Hosting-15146246/original/63479d4f-d6f7-48fe-ad32-64694c98d3ee.jpeg,15146246,,34.54326,-112.51025,=AVERAGE($G$2:$G$283),=AVERAGE($D$2:$D$283),"=IFERROR(($AT179-G179)/$AT179,0)","=IFERROR(($AU179-D179)/$AU179,0)",=$AU179-D179
The Whiskey Row Bungalows - Steps to Downtown!,32549647,,15909,15909,145.95,94.78,120,1,1,2,true,false,false,true,true,true,false,Home/Apartment,House,House/villa,5,2,6,6-20,Luxury,true,116,false,109,5,2026-05-13,Arizona Area,Prescott,Prescott,Arizona,86301,United States,rural,https://www.airbnb.com/rooms/1591343370807718670,https://a0.muscache.com/im/pictures/prohost-api/Hosting-1591343370807718670/original/2c265658-5fb8-4e05-85e3-200766876904.jpeg,1591343370807718670,5030081,34.5434,-112.4655,=AVERAGE($G$2:$G$283),=AVERAGE($D$2:$D$283),"=IFERROR(($AT180-G180)/$AT180,0)","=IFERROR(($AU180-D180)/$AU180,0)",=$AU180-D180
Dreamy A-Frame: Cabin Centered in the Pines,420582306,,15223,40332,608.92,100,34,2,2,5,true,false,false,true,true,false,false,Home/Apartment,Cabin,House/villa,4.95,69,2,1,Luxury,false,98,false,25,2,2026-05-15,Arizona Area,Prescott,Prescott,Arizona,86303,United States,rural,https://www.airbnb.com/rooms/51925802,https://a0.muscache.com/im/pictures/miso/Hosting-51925802/original/be39fe1b-64bc-4f9e-8fe0-f4cfcf983117.jpeg,51925802,,34.46802,-112.48844,=AVERAGE($G$2:$G$283),=AVERAGE($D$2:$D$283),"=IFERROR(($AT181-G181)/$AT181,0)","=IFERROR(($AU181-D181)/$AU181,0)",=$AU181-D181
"Private Spa: Hot Tub, Sauna & Plunge | 3BR",Stunning Stays,,15212,21155,330.7,48.94,118,3,2,8,true,false,true,true,true,true,false,Home/Apartment,House,House/villa,5,6,30,21+,Luxury,true,375,true,46,9,2026-05-16,Arizona Area,Prescott,Prescott Valley,Arizona,86314,United States,rural,https://www.airbnb.com/rooms/1568366224941162421,https://a0.muscache.com/im/pictures/prohost-api/Hosting-1568366224941162421/original/e5adb7ea-c37b-4d96-8aef-a81d2a26474d.jpeg,1568366224941162421,4983544,34.5980440463,-112.3116472656,=AVERAGE($G$2:$G$283),=AVERAGE($D$2:$D$283),"=IFERROR(($AT182-G182)/$AT182,0)","=IFERROR(($AU182-D182)/$AU182,0)",=$AU182-D182
Cowboy Hideaway - Walk to Whiskey Row!,350587246,,14907,15104,196.14,28.9,300,2,1,4,true,false,false,true,true,true,false,Home/Apartment,House,House/villa,4.9,22,1,6-20,Luxury,true,125,false,76,34,2026-05-15,Arizona Area,Prescott,Prescott,Arizona,86301,United States,rural,https://www.airbnb.com/rooms/1480498504723405938,https://a0.muscache.com/im/pictures/hosting/Hosting-1480498504723405938/original/9c03e7d9-26f5-4dcc-b110-909555c918db.jpeg,1480498504723405938,4697197,34.54406,-112.47559,=AVERAGE($G$2:$G$283),=AVERAGE($D$2:$D$283),"=IFERROR(($AT183-G183)/$AT183,0)","=IFERROR(($AU183-D183)/$AU183,0)",=$AU183-D183
Cozy 1BR casita with full kitchen and great views.,STRM,,14810,14864,122.4,82.31,180,1,1,4,true,false,false,true,true,true,false,Home/Apartment,House,House/villa,4.65,8,2,21+,Luxury,true,231,true,121,12,2026-05-15,Arizona Area,Prescott,Prescott,Arizona,86303,United States,rural,https://www.airbnb.com/rooms/1562370055194924142,https://a0.muscache.com/im/pictures/prohost-api/Hosting-1562370055194924142/original/2c172279-896d-4acc-9d7e-f202dcc4b4b4.jpeg,1562370055194924142,4961302,34.55158,-112.36622,=AVERAGE($G$2:$G$283),=AVERAGE($D$2:$D$283),"=IFERROR(($AT184-G184)/$AT184,0)","=IFERROR(($AU184-D184)/$AU184,0)",=$AU184-D184
Hidden Valley Ranch,Bear Creek Real Estate and Property Management  LC662131000,,14712,18362,474.58,17.82,329,4,4,12,true,false,false,true,true,false,false,Home/Apartment,House,House/villa,5,31,3,21+,Luxury,true,300,false,31,10,2026-05-14,Arizona Area,Prescott,Prescott,Arizona,86303,United States,rural,https://www.airbnb.com/rooms/895084230687472907,https://a0.muscache.com/im/pictures/miso/Hosting-895084230687472907/original/d73abf53-7155-40e9-8999-6e39b6de5df1.jpeg,895084230687472907,2147770,34.5162,-112.47284,=AVERAGE($G$2:$G$283),=AVERAGE($D$2:$D$283),"=IFERROR(($AT185-G185)/$AT185,0)","=IFERROR(($AU185-D185)/$AU185,0)",=$AU185-D185
"Tree House, Close to Downtown Prescott, Sleeps 8!",429110740,,14518,19176,329.95,95.65,46,3,2,8,true,false,false,true,true,false,false,Home/Apartment,House,House/villa,5,15,1,2-5,Luxury,false,225,false,44,2,2025-06-30,Arizona Area,Prescott,Prescott,Arizona,86303,United States,rural,https://www.airbnb.com/rooms/947771203873437644,https://a0.muscache.com/im/pictures/miso/Hosting-947771203873437644/original/0a9f3053-d513-41ac-a601-f3ce9932b018.jpeg,947771203873437644,3212624,34.52216,-112.50071,=AVERAGE($G$2:$G$283),=AVERAGE($D$2:$D$283),"=IFERROR(($AT186-G186)/$AT186,0)","=IFERROR(($AU186-D186)/$AU186,0)",=$AU186-D186
"Luxury Modern farmhouse, Strong WiFi,  Stunning Granite Mountain Views",,,14316,14316,715.8,27.03,365,2,1,4,true,false,false,false,true,false,false,Home/Apartment,House,House/villa,5,1,5,1,Luxury,false,100,true,20,3,2026-05-13,Arizona Area,Prescott,Prescott,Arizona,86305,United States,rural,https://www.vrbo.com/4351516,https://media.vrbo.com/lodging/112000000/111790000/111785600/111785525/2bb763e2.jpg?impolicy=resizecrop&rw=1200&ra=fit,,4351516,34.707733,-112.525054,=AVERAGE($G$2:$G$283),=AVERAGE($D$2:$D$283),"=IFERROR(($AT187-G187)/$AT187,0)","=IFERROR(($AU187-D187)/$AU187,0)",=$AU187-D187
The Hitching Post B - New infrared sauna,136852865,,14213,19230,135.36,51.98,204,1,1,4,true,false,false,true,true,true,false,Home/Apartment,House,House/villa,4.9,19,1,2-5,Luxury,true,70,false,105,16,2026-05-17,Arizona Area,Prescott,Prescott,Arizona,86303,United States,rural,https://www.airbnb.com/rooms/1388646411811374346,https://a0.muscache.com/im/pictures/hosting/Hosting-1388646411811374346/original/3e14c877-3b90-4592-a8c1-51a5ac359c7f.jpeg,1388646411811374346,4508391,34.5220811547,-112.4790601129,=AVERAGE($G$2:$G$283),=AVERAGE($D$2:$D$283),"=IFERROR(($AT188-G188)/$AT188,0)","=IFERROR(($AU188-D188)/$AU188,0)",=$AU188-D188
NEW AIRBNB! WE HAVE 73 FIVE STARS REVIEW ON VRBO!,223339782,,14211,21220,258.38,55.56,146,2,1,6,true,false,false,true,true,true,false,Home/Apartment,House,House/villa,5,163,2,1,Luxury,false,120,true,55,8,2020-11-25,Arizona Area,Prescott,Prescott,Arizona,86303,United States,rural,https://www.airbnb.com/rooms/31206955,https://a0.muscache.com/im/pictures/283a704e-7de6-4ded-a527-30e2af3ec7d4.jpg?aki_policy=x_large,31206955,447802,34.53866,-112.47698,=AVERAGE($G$2:$G$283),=AVERAGE($D$2:$D$283),"=IFERROR(($AT189-G189)/$AT189,0)","=IFERROR(($AU189-D189)/$AU189,0)",=$AU189-D189
The Whiskey Row Bungalows - Steps to Downtown!,32549647,,13753,13845,137.53,57.8,180,1,1,2,true,false,false,true,true,true,false,Home/Apartment,House,House/villa,5,13,6,6-20,Luxury,true,115,true,100,25,2026-05-15,Arizona Area,Prescott,Prescott,Arizona,86301,United States,rural,https://www.airbnb.com/rooms/1545687085844071210,https://a0.muscache.com/im/pictures/prohost-api/Hosting-1545687085844071210/original/c81e6b63-5d22-4a9d-a5ab-6179fb8c8541.jpeg,1545687085844071210,4932305,34.5434,-112.4655,=AVERAGE($G$2:$G$283),=AVERAGE($D$2:$D$283),"=IFERROR(($AT190-G190)/$AT190,0)","=IFERROR(($AU190-D190)/$AU190,0)",=$AU190-D190
Lincoln Continental Blue,Bear Creek Real Estate and Property Management  LC662131000,,13605,14839,90.1,50.5,337,1,1,6,true,false,false,true,true,true,false,Home/Apartment,Apartment,Apt/Condo/Loft,4.9,7,2,21+,Luxury,true,249,false,151,9,2026-05-14,Arizona Area,Prescott,Prescott,Arizona,86301,United States,rural,https://www.airbnb.com/rooms/892883483655668549,https://a0.muscache.com/im/pictures/miso/Hosting-892883483655668549/original/135e180d-5806-448c-ab9f-8c0f05c502d3.jpeg,892883483655668549,2329658,34.55054,-112.47417,=AVERAGE($G$2:$G$283),=AVERAGE($D$2:$D$283),"=IFERROR(($AT191-G191)/$AT191,0)","=IFERROR(($AU191-D191)/$AU191,0)",=$AU191-D191
"Roomy, Cute + Mountain Views",26779542,,13101,19580,145.57,52.94,187,1,1,2,true,false,false,true,false,false,false,Home/Apartment,Apartment,Apt/Condo/Loft,5,13,1,1,Luxury,false,56,false,90,16,2026-05-16,Arizona Area,Prescott,Prescott Valley,Arizona,86314,United States,rural,https://www.airbnb.com/rooms/1418349895232933832,https://a0.muscache.com/im/pictures/hosting/Hosting-1418349895232933832/original/88fb9ee6-a9bf-4fb2-896a-d970a5bdc169.jpeg,1418349895232933832,,34.6020582532,-112.3077952809,=AVERAGE($G$2:$G$283),=AVERAGE($D$2:$D$283),"=IFERROR(($AT192-G192)/$AT192,0)","=IFERROR(($AU192-D192)/$AU192,0)",=$AU192-D192
Prescott Valley Retreat,125343487,,12846,14299,197.63,52.85,169,3,2,6,true,false,false,true,true,false,false,Home/Apartment,House,House/villa,5,9,3,1,Luxury,false,160,false,65,12,2026-05-13,Arizona Area,Prescott,Prescott Valley,Arizona,86314,United States,rural,https://www.airbnb.com/rooms/1548635532385688473,https://a0.muscache.com/im/pictures/hosting/Hosting-1548635532385688473/original/1b4cbd65-8ed1-4c7a-8f4d-8cc9e019f00b.jpeg,1548635532385688473,5080470,34.6047,-112.3575,=AVERAGE($G$2:$G$283),=AVERAGE($D$2:$D$283),"=IFERROR(($AT193-G193)/$AT193,0)","=IFERROR(($AU193-D193)/$AU193,0)",=$AU193-D193
Amazing views of the Prescott National Forest!,,,12461,15608,151.96,73.21,129,1,1,2,true,false,false,true,true,false,false,Home/Apartment,House,House/villa,5,58,2,1,Luxury,false,100,false,82,3,2026-05-17,Arizona Area,Prescott,Prescott,Arizona,86303,United States,rural,https://www.vrbo.com/857648,https://media.vrbo.com/lodging/35000000/34090000/34084900/34084859/16df1a59.jpg?impolicy=resizecrop&rw=1200&ra=fit,,857648,34.44673,-112.39865,=AVERAGE($G$2:$G$283),=AVERAGE($D$2:$D$283),"=IFERROR(($AT194-G194)/$AT194,0)","=IFERROR(($AU194-D194)/$AU194,0)",=$AU194-D194
Prescott Mountain Retreat | 3/4 | Mins to DT,350587246,,12414,12475,269.87,33.58,166,3,4,10,true,false,false,true,true,true,false,Home/Apartment,House,House/villa,4.65,3,1,6-20,Luxury,true,250,false,46,6,2026-02-03,Arizona Area,Prescott,Prescott,Arizona,86303,United States,rural,https://www.airbnb.com/rooms/1560433604631992477,https://a0.muscache.com/im/pictures/hosting/Hosting-1560433604631992477/original/56b31fe0-d60e-42ba-830f-2bb36efc3fe5.jpeg,1560433604631992477,,34.52197,-112.50322,=AVERAGE($G$2:$G$283),=AVERAGE($D$2:$D$283),"=IFERROR(($AT195-G195)/$AT195,0)","=IFERROR(($AU195-D195)/$AU195,0)",=$AU195-D195
Grand Residence: Home away from home(3 bed/2 bath),32549647,,12364,12381,263.06,46.08,102,3,2,6,true,false,false,true,true,true,false,Home/Apartment,House,House/villa,5,1,14,6-20,Luxury,true,125,true,47,4,2025-01-31,Arizona Area,Prescott,Prescott,Arizona,86301,United States,rural,https://www.airbnb.com/rooms/1328596144304365846,https://a0.muscache.com/im/pictures/prohost-api/Hosting-1328596144304365846/original/fa88df85-0f89-4ff1-b02f-09157a211173.jpeg,1328596144304365846,4123280,34.5728,-112.4432,=AVERAGE($G$2:$G$283),=AVERAGE($D$2:$D$283),"=IFERROR(($AT196-G196)/$AT196,0)","=IFERROR(($AU196-D196)/$AU196,0)",=$AU196-D196
Downtown Oasis,Bear Creek Real Estate and Property Management  LC662131000,,12252,15190,145.86,44.92,343,2,2,4,true,false,false,true,true,false,false,Home/Apartment,House,House/villa,4,4,3,21+,Luxury,true,250,false,84,7,2026-04-08,Arizona Area,Prescott,Prescott,Arizona,86301,United States,rural,https://www.airbnb.com/rooms/939303514541184504,https://a0.muscache.com/im/pictures/miso/Hosting-939303514541184504/original/970ba74e-02d7-42ee-a175-83ba0c510723.jpeg,939303514541184504,3517363,34.54496,-112.46054,=AVERAGE($G$2:$G$283),=AVERAGE($D$2:$D$283),"=IFERROR(($AT197-G197)/$AT197,0)","=IFERROR(($AU197-D197)/$AU197,0)",=$AU197-D197
Updated Camp Cabin w/ Deck Overlook | Log House,Friendly Pines Camp,,12096,21384,318.32,77.55,80,3,2,12,true,false,false,true,true,false,true,Home/Apartment,Cabin,House/villa,5,2,1,21+,Luxury,false,185,true,38,11,2026-05-14,Arizona Area,Prescott,Prescott,Arizona,86303,United States,rural,https://www.airbnb.com/rooms/1404516275876814374,https://a0.muscache.com/im/pictures/hosting/Hosting-U3RheVN1cHBseUxpc3Rpbmc6MTQwNDUxNjI3NTg3NjgxNDM3NA==/original/9282d137-29ab-4d85-92c8-d82e8194b2d7.jpeg,1404516275876814374,,34.4838,-112.446,=AVERAGE($G$2:$G$283),=AVERAGE($D$2:$D$283),"=IFERROR(($AT198-G198)/$AT198,0)","=IFERROR(($AU198-D198)/$AU198,0)",=$AU198-D198
"4 bedroom peaceful cabin with breathtaking views, walk to lake.",,,11770,16589,588.5,12.42,219,4,4,12,true,false,false,true,true,false,false,Home/Apartment,Cabin,House/villa,4.4,6,2,1,Luxury,false,240,true,20,9,2025-12-01,Arizona Area,Prescott,Prescott,Arizona,86301,United States,rural,https://www.vrbo.com/3690229,https://media.vrbo.com/lodging/101000000/100120000/100110600/100110501/5481d4cd.jpg?impolicy=resizecrop&rw=1200&ra=fit,,3690229,34.597,-112.4251,=AVERAGE($G$2:$G$283),=AVERAGE($D$2:$D$283),"=IFERROR(($AT199-G199)/$AT199,0)","=IFERROR(($AU199-D199)/$AU199,0)",=$AU199-D199
Simply Pleasant,165313178,,11760,13547,420,31.11,166,4,2,8,true,false,false,true,false,true,false,Home/Apartment,House,House/villa,5,7,2,2-5,Luxury,true,0,true,28,10,2026-05-15,Arizona Area,Prescott,Prescott,Arizona,86303,United States,rural,https://www.airbnb.com/rooms/1556098612715275024,https://a0.muscache.com/im/pictures/hosting/Hosting-1556098612715275024/original/1dbc0fac-4495-4bba-9a75-fb0c659b3b57.jpeg,1556098612715275024,,34.5411,-112.4648,=AVERAGE($G$2:$G$283),=AVERAGE($D$2:$D$283),"=IFERROR(($AT200-G200)/$AT200,0)","=IFERROR(($AU200-D200)/$AU200,0)",=$AU200-D200
Bridge View Walk 2 Blocks to Historic Downtown,699326619,,11208,11536,141.87,26.87,296,1,1,2,true,false,false,false,true,false,false,Home/Apartment,Apartment,Apt/Condo/Loft,5,25,2,2-5,Luxury,false,40,false,79,37,2026-05-14,Arizona Area,Prescott,Prescott,Arizona,86303,United States,rural,https://www.airbnb.com/rooms/1436273060129292046,https://a0.muscache.com/im/pictures/prohost-api/Hosting-1436273060129292046/original/3566d900-4c86-4ae7-aaa8-5125e605704d.jpeg,1436273060129292046,4701414,34.5398,-112.47406,=AVERAGE($G$2:$G$283),=AVERAGE($D$2:$D$283),"=IFERROR(($AT201-G201)/$AT201,0)","=IFERROR(($AU201-D201)/$AU201,0)",=$AU201-D201
"Cozy, Near Downtown Apartment",151836583,,11162,12846,148.83,33.48,283,1,1,2,true,false,false,false,true,true,false,Home/Apartment,Apartment,Apt/Condo/Loft,5,8,1,1,Luxury,false,50,false,75,17,2026-01-29,Arizona Area,Prescott,Prescott,Arizona,86303,United States,rural,https://www.airbnb.com/rooms/1438420234971438172,https://a0.muscache.com/im/pictures/hosting/Hosting-1438420234971438172/original/dbc698ca-71f9-4711-8ae5-cf97df3631ad.jpeg,1438420234971438172,,34.5344,-112.4782,=AVERAGE($G$2:$G$283),=AVERAGE($D$2:$D$283),"=IFERROR(($AT202-G202)/$AT202,0)","=IFERROR(($AU202-D202)/$AU202,0)",=$AU202-D202
Gorgeous Granite Dells Sun Studio Trees & Trails,2230152,,11115,11455,154.38,35.82,201,1,1,2,true,false,false,true,true,false,true,Home/Apartment,Guest suite,House/villa,4.9,19,1,6-20,Luxury,true,50,true,72,23,2026-05-13,Arizona Area,Prescott,Prescott,Arizona,86301,United States,rural,https://www.airbnb.com/rooms/51561340,https://a0.muscache.com/im/pictures/miso/Hosting-51561340/original/0da6e200-81bd-4590-9c6e-90098a79700f.jpeg,51561340,2793112,34.60692,-112.41396,=AVERAGE($G$2:$G$283),=AVERAGE($D$2:$D$283),"=IFERROR(($AT203-G203)/$AT203,0)","=IFERROR(($AU203-D203)/$AU203,0)",=$AU203-D203
The Hill Top Farmhouse Downtown-Historic Home,3552674,,10973,11341,288.76,21.23,351,2,1,4,true,false,false,true,true,false,false,Home/Apartment,House,House/villa,4.9,56,2,2-5,Luxury,false,99,false,38,9,2026-05-16,Arizona Area,Prescott,Prescott,Arizona,86303,United States,rural,https://www.airbnb.com/rooms/694294,https://a0.muscache.com/im/pictures/c8fcb65e-c6d2-4698-9da3-8beb5f69ee6a.jpg,694294,3071718,34.53937,-112.46438,=AVERAGE($G$2:$G$283),=AVERAGE($D$2:$D$283),"=IFERROR(($AT204-G204)/$AT204,0)","=IFERROR(($AU204-D204)/$AU204,0)",=$AU204-D204
"Luxury Prescott Bungalow + Office, Dog Friendly",40668419,,10928,11224,191.72,64.04,118,2,1,4,true,false,false,true,true,true,false,Home/Apartment,Bungalow,House/villa,5,1,2,2-5,Luxury,false,151,false,57,9,2026-05-15,Arizona Area,Prescott,Prescott,Arizona,86303,United States,rural,https://www.airbnb.com/rooms/1608037863444477514,https://a0.muscache.com/im/pictures/hosting/Hosting-1608037863444477514/original/dec4e227-d0a7-4089-843c-3830dea2abde.jpeg,1608037863444477514,,34.5406,-112.4621,=AVERAGE($G$2:$G$283),=AVERAGE($D$2:$D$283),"=IFERROR(($AT205-G205)/$AT205,0)","=IFERROR(($AU205-D205)/$AU205,0)",=$AU205-D205
Prescott Valley Family Retreat,501557161,,10658,23068,169.17,86.3,115,3,2,6,true,false,false,true,true,true,false,Home/Apartment,House,House/villa,4.95,33,1,2-5,Luxury,true,126,false,63,4,2026-05-14,Arizona Area,Prescott,Prescott Valley,Arizona,86314,United States,rural,https://www.airbnb.com/rooms/829101521268238444,https://a0.muscache.com/im/pictures/miso/Hosting-829101521268238444/original/578bf63c-a7cc-4234-97bb-626938f06338.jpeg,829101521268238444,,34.6181,-112.3572,=AVERAGE($G$2:$G$283),=AVERAGE($D$2:$D$283),"=IFERROR(($AT206-G206)/$AT206,0)","=IFERROR(($AU206-D206)/$AU206,0)",=$AU206-D206
Zebra Ranch 2-BR Tiny Home| Mtn Vus•Trails•Pck Bal,388294263,,10571,10571,167.79,35.8,212,2,1,4,true,false,false,true,true,true,false,Home/Apartment,House,House/villa,3.5,4,1,21+,Luxury,true,120,false,63,20,2026-05-11,Arizona Area,Prescott,Prescott,Arizona,86305,United States,rural,https://www.airbnb.com/rooms/1538778683081449604,https://a0.muscache.com/im/pictures/prohost-api/Hosting-1538778683081449604/original/cbd6a508-86ea-4d6a-a2a6-daa876dc9782.jpeg,1538778683081449604,4913558,34.6514191633,-112.5143192204,=AVERAGE($G$2:$G$283),=AVERAGE($D$2:$D$283),"=IFERROR(($AT207-G207)/$AT207,0)","=IFERROR(($AU207-D207)/$AU207,0)",=$AU207-D207
Desert Opal Retreat - Glass Sauna •Theater • Arcade • Hot Tub,,,10397,10734,452.04,47.92,87,4,2,10,true,false,true,true,true,false,false,Home/Apartment,House,House/villa,5,0,3,1,Luxury,false,275,false,23,9,2026-05-15,Arizona Area,Prescott,Prescott Valley,Arizona,86314,United States,rural,https://www.vrbo.com/5095400,https://media.vrbo.com/lodging/127000000/126130000/126121000/126120910/206ef01d.jpg?impolicy=resizecrop&rw=1200&ra=fit,,5095400,34.627607,-112.342368,=AVERAGE($G$2:$G$283),=AVERAGE($D$2:$D$283),"=IFERROR(($AT208-G208)/$AT208,0)","=IFERROR(($AU208-D208)/$AU208,0)",=$AU208-D208
3 Mi to Downtown: Cabin w/ Gas Grill in Prescott,Evolve,,10374,17536,296.4,27.13,137,2,2,6,true,false,false,true,true,false,false,Home/Apartment,Cabin,House/villa,4.9,119,2,21+,Luxury,true,208,true,35,12,2025-10-18,Arizona Area,Prescott,Prescott,Arizona,86303,United States,rural,https://www.airbnb.com/rooms/38669893,https://a0.muscache.com/im/pictures/prohost-api/Hosting-38669893/original/76413685-0627-4f25-9f51-ea259b6cf3aa.jpeg,38669893,9127697ha,34.51865,-112.44156,=AVERAGE($G$2:$G$283),=AVERAGE($D$2:$D$283),"=IFERROR(($AT209-G209)/$AT209,0)","=IFERROR(($AU209-D209)/$AU209,0)",=$AU209-D209
"Landing | Modern 1BD, Game Room, Clubhouse","Landing, Inc.",,10362,10688,152.38,50,208,1,1,2,true,false,false,true,false,true,false,Home/Apartment,Apartment,Apt/Condo/Loft,4.5,6,4,21+,Luxury,false,150,true,68,13,2026-04-20,Arizona Area,Prescott,Prescott Valley,Arizona,86314,United States,rural,https://www.airbnb.com/rooms/1541447103393202548,https://a0.muscache.com/im/pictures/hosting/Hosting-1541447103393202548/original/44b3afd0-544f-4e80-bd45-b1235c350e0e.jpeg,1541447103393202548,4970992,34.5973131929,-112.3301661013,=AVERAGE($G$2:$G$283),=AVERAGE($D$2:$D$283),"=IFERROR(($AT210-G210)/$AT210,0)","=IFERROR(($AU210-D210)/$AU210,0)",=$AU210-D210
NEW! Charming 2-bedroom home in Prescott Valley!,Bear Creek Real Estate and Property Management  LC662131000,,10199,10701,172.86,39.86,266,2,2,4,true,false,false,true,true,false,false,Home/Apartment,House,House/villa,5,5,3,21+,Luxury,true,175,false,59,8,2026-05-15,Arizona Area,Prescott,Prescott Valley,Arizona,86314,United States,rural,https://www.airbnb.com/rooms/1498061069429906047,https://a0.muscache.com/im/pictures/hosting/Hosting-1498061069429906047/original/2320a02c-be24-4daa-93be-0ae0ae2ce563.png,1498061069429906047,4784854,34.6067,-112.3464,=AVERAGE($G$2:$G$283),=AVERAGE($D$2:$D$283),"=IFERROR(($AT211-G211)/$AT211,0)","=IFERROR(($AU211-D211)/$AU211,0)",=$AU211-D211
The Judge's Chambers: Superior King Bed,32549647,,10184,10184,134,93.83,120,1,1,2,true,false,false,true,true,true,false,Home/Apartment,House,House/villa,5,2,6,6-20,Luxury,true,116,false,76,6,2026-05-17,Arizona Area,Prescott,Prescott,Arizona,86303,United States,rural,https://www.airbnb.com/rooms/1609607822703157331,https://a0.muscache.com/im/pictures/prohost-api/Hosting-1609607822703157331/original/1dcfa96f-0b67-43f1-bf84-5e3d4fb06532.jpeg,1609607822703157331,5076180,34.5402,-112.4666,=AVERAGE($G$2:$G$283),=AVERAGE($D$2:$D$283),"=IFERROR(($AT212-G212)/$AT212,0)","=IFERROR(($AU212-D212)/$AU212,0)",=$AU212-D212
"Beautiful, secluded cedar home in the Pines",73449089,,9927,11669,125.66,49.69,213,3,2,8,false,false,false,true,true,true,false,Home/Apartment,House,House/villa,4.95,15,2,2-5,Luxury,false,0,false,79,7,2026-05-13,Arizona Area,Prescott,Prescott,Arizona,86305,United States,rural,https://www.airbnb.com/rooms/13192395,https://a0.muscache.com/im/pictures/9880af66-5a18-4e27-9dab-2eb1afad663a.jpg,13192395,,34.55586,-112.56233,=AVERAGE($G$2:$G$283),=AVERAGE($D$2:$D$283),"=IFERROR(($AT213-G213)/$AT213,0)","=IFERROR(($AU213-D213)/$AU213,0)",=$AU213-D213
Prescott Getaway Unit#1,459568922,,9884,9900,147.52,47.18,242,1,1,3,true,false,false,true,true,false,false,Home/Apartment,Apartment,Apt/Condo/Loft,0,0,2,2-5,Luxury,false,124,false,67,5,2026-01-11,Arizona Area,Prescott,Prescott,Arizona,86301,United States,rural,https://www.airbnb.com/rooms/1373403577009413351,https://a0.muscache.com/im/pictures/miso/Hosting-1373403577009413351/original/9bd20f66-1978-483d-8358-83131d46b7e7.jpeg,1373403577009413351,,34.546782367,-112.4635587715,=AVERAGE($G$2:$G$283),=AVERAGE($D$2:$D$283),"=IFERROR(($AT214-G214)/$AT214,0)","=IFERROR(($AU214-D214)/$AU214,0)",=$AU214-D214
"Peaceful mountain retreat-Private bedroom; King bed, bathroom located in my home",,,9870,10552,154.22,41.83,175,1,1,2,true,false,false,true,true,false,false,Home/Apartment,House,House/villa,0,0,1,1,Luxury,false,0,true,64,35,2026-02-13,Arizona Area,Prescott,Dewey,Arizona,86327,United States,rural,https://www.vrbo.com/4867785,https://media.vrbo.com/lodging/121000000/120880000/120875400/120875378/386d8420.jpg?impolicy=resizecrop&rw=1200&ra=fit,,4867785,34.522556,-112.25567,=AVERAGE($G$2:$G$283),=AVERAGE($D$2:$D$283),"=IFERROR(($AT215-G215)/$AT215,0)","=IFERROR(($AU215-D215)/$AU215,0)",=$AU215-D215
Park Ave Exclusive,Bear Creek Real Estate and Property Management  LC662131000,,9760,23085,244,64.52,211,2,1,4,true,false,false,true,true,false,false,Home/Apartment,House,House/villa,4.9,9,2,21+,Luxury,true,250,false,40,4,2026-05-14,Arizona Area,Prescott,Prescott,Arizona,86303,United States,rural,https://www.airbnb.com/rooms/894242737758570688,https://a0.muscache.com/im/pictures/miso/Hosting-894242737758570688/original/5c76d29b-edb9-4402-a800-3360c061f319.jpeg,894242737758570688,2884099,34.53885,-112.4762,=AVERAGE($G$2:$G$283),=AVERAGE($D$2:$D$283),"=IFERROR(($AT216-G216)/$AT216,0)","=IFERROR(($AU216-D216)/$AU216,0)",=$AU216-D216
Amazing Views & Wildlife,Bear Creek Real Estate and Property Management  LC662131000,,9730,12533,110.57,68.75,194,2,2,4,true,false,false,true,true,true,false,Home/Apartment,House,House/villa,4.1,12,2,21+,Luxury,true,250,false,88,4,2026-05-14,Arizona Area,Prescott,Prescott,Arizona,86305,United States,rural,https://www.airbnb.com/rooms/887676474852427687,https://a0.muscache.com/im/pictures/miso/Hosting-887676474852427687/original/54c57edf-d82e-4132-8927-05ff2e8e7209.jpeg,887676474852427687,9335895ha,34.57494,-112.50314,=AVERAGE($G$2:$G$283),=AVERAGE($D$2:$D$283),"=IFERROR(($AT217-G217)/$AT217,0)","=IFERROR(($AU217-D217)/$AU217,0)",=$AU217-D217
General Store,277756419,,9595,9814,246.03,22.16,181,2,2,9,true,false,false,true,true,true,false,Home/Apartment,Cabin,House/villa,4.8,36,2,1,Luxury,false,102,false,39,14,2026-05-14,Arizona Area,Prescott,Prescott,Arizona,86303,United States,rural,https://www.airbnb.com/rooms/725377817670090805,https://a0.muscache.com/im/pictures/b686b92e-9792-4355-bb9b-7d0111ba81e2.jpg,725377817670090805,3324098,34.48016,-112.44278,=AVERAGE($G$2:$G$283),=AVERAGE($D$2:$D$283),"=IFERROR(($AT218-G218)/$AT218,0)","=IFERROR(($AU218-D218)/$AU218,0)",=$AU218-D218
Beautiful Country Home for family and animals,70982022,,9305,14225,422.95,34.92,253,4,3,10,true,false,false,true,true,true,true,Home/Apartment,House,House/villa,5,8,2,1,Luxury,false,500,false,22,3,2026-03-04,Arizona Area,Prescott,Prescott Valley,Arizona,86315,United States,rural,https://www.airbnb.com/rooms/1005117646330026594,https://a0.muscache.com/im/pictures/687fd34b-b553-456d-bf82-85a71deb8c45.jpg,1005117646330026594,,34.68198,-112.21166,=AVERAGE($G$2:$G$283),=AVERAGE($D$2:$D$283),"=IFERROR(($AT219-G219)/$AT219,0)","=IFERROR(($AU219-D219)/$AU219,0)",=$AU219-D219
Remote cabin in the pines- 15 min from Whiskey Row,179816347,,9287,11458,403.78,20.54,168,3,2,9,true,false,false,true,true,false,false,Home/Apartment,Cabin,House/villa,4.9,93,3,1,Luxury,true,149,true,23,6,2025-10-23,Arizona Area,Prescott,Prescott,Arizona,86305,United States,rural,https://www.airbnb.com/rooms/599970440135510587,https://a0.muscache.com/im/pictures/miso/Hosting-599970440135510587/original/512cf8aa-924d-43f3-9dca-89a1e5b7a859.jpeg,599970440135510587,,34.53826,-112.56824,=AVERAGE($G$2:$G$283),=AVERAGE($D$2:$D$283),"=IFERROR(($AT220-G220)/$AT220,0)","=IFERROR(($AU220-D220)/$AU220,0)",=$AU220-D220
Historic Retreat,Bear Creek Real Estate and Property Management  LC662131000,,9187,9187,122.49,40.32,365,2,1,4,false,false,false,true,true,true,false,Home/Apartment,House,House/villa,3.75,4,2,21+,Luxury,true,250,false,75,5,2026-05-14,Arizona Area,Prescott,Prescott,Arizona,86303,United States,rural,https://www.airbnb.com/rooms/919719498915505193,https://a0.muscache.com/im/pictures/miso/Hosting-919719498915505193/original/effdc0c9-78e6-4b22-92fd-535b934735f8.jpeg,919719498915505193,3473794,34.53644,-112.4679,=AVERAGE($G$2:$G$283),=AVERAGE($D$2:$D$283),"=IFERROR(($AT221-G221)/$AT221,0)","=IFERROR(($AU221-D221)/$AU221,0)",=$AU221-D221
Beautiful 5000 square-foot home all to yourself.,533196009,,8428,16243,421.4,76.92,174,4,3,10,false,false,false,true,true,false,false,Home/Apartment,House,House/villa,5,4,3,1,Luxury,false,352,false,20,4,2026-05-11,Arizona Area,Prescott,Prescott,Arizona,86303,United States,rural,https://www.airbnb.com/rooms/1535633620578437393,https://a0.muscache.com/im/pictures/hosting/Hosting-1535633620578437393/original/6b286895-2402-4507-9555-968fa2e532ba.jpeg,1535633620578437393,4931322,34.54553,-112.36531,=AVERAGE($G$2:$G$283),=AVERAGE($D$2:$D$283),"=IFERROR(($AT222-G222)/$AT222,0)","=IFERROR(($AU222-D222)/$AU222,0)",=$AU222-D222
Spacious Home With Amazing Views,125020381,,8312,38020,755.64,15.94,95,4,3,14,true,false,false,true,true,true,true,Home/Apartment,House,House/villa,4.95,24,2,2-5,Luxury,true,295,false,11,3,2025-08-27,Arizona Area,Prescott,Prescott,Arizona,86303,United States,rural,https://www.airbnb.com/rooms/53411194,https://a0.muscache.com/im/pictures/4462cbc9-0ed7-4995-b434-b6b849ee73d9.jpg,53411194,,34.54501,-112.36392,=AVERAGE($G$2:$G$283),=AVERAGE($D$2:$D$283),"=IFERROR(($AT223-G223)/$AT223,0)","=IFERROR(($AU223-D223)/$AU223,0)",=$AU223-D223
Delightful Vacation Cabin Home in the Forest,388756273,,8021,8021,127.32,68.48,92,1,1,4,true,false,false,true,true,true,false,Home/Apartment,Cabin,House/villa,5,107,1,1,Luxury,true,40,false,63,4,2025-04-15,Arizona Area,Prescott,Prescott,Arizona,86303,United States,rural,https://www.airbnb.com/rooms/616675846772298345,https://a0.muscache.com/im/pictures/miso/Hosting-616675846772298345/original/89e2867c-b384-44f4-b86c-3db01606d844.jpeg,616675846772298345,,34.48104,-112.44081,=AVERAGE($G$2:$G$283),=AVERAGE($D$2:$D$283),"=IFERROR(($AT224-G224)/$AT224,0)","=IFERROR(($AU224-D224)/$AU224,0)",=$AU224-D224
Modern Cabin w/ Sauna Near Lake & Downtown,184022073,,7905,8472,282.32,49.12,117,3,2,8,true,false,false,true,true,true,false,Home/Apartment,House,House/villa,5,5,2,1,Luxury,false,200,false,28,7,2026-05-13,Arizona Area,Prescott,Prescott,Arizona,86303,United States,rural,https://www.airbnb.com/rooms/1593024014653022741,https://a0.muscache.com/im/pictures/hosting/Hosting-1593024014653022741/original/2babb9f3-694c-4358-9dfe-720798c84de3.jpeg,1593024014653022741,,34.51236,-112.4713,=AVERAGE($G$2:$G$283),=AVERAGE($D$2:$D$283),"=IFERROR(($AT225-G225)/$AT225,0)","=IFERROR(($AU225-D225)/$AU225,0)",=$AU225-D225
Peaceful mountain retreat-Private room King bed & bath in hallway in my home,,,7581,7787,154.71,33.56,179,1,1,2,true,false,true,true,true,false,false,Home/Apartment,House,House/villa,0,0,1,1,Luxury,false,0,true,49,24,2026-03-01,Arizona Area,Prescott,Dewey,Arizona,86327,United States,rural,https://www.vrbo.com/4867787,https://media.vrbo.com/lodging/121000000/120880000/120875400/120875386/a6a25bb7.jpg?impolicy=resizecrop&rw=1200&ra=fit,,4867787,34.522675,-112.26379,=AVERAGE($G$2:$G$283),=AVERAGE($D$2:$D$283),"=IFERROR(($AT226-G226)/$AT226,0)","=IFERROR(($AU226-D226)/$AU226,0)",=$AU226-D226
Birds Eye View. Nest in granite boulders Near Town,119702226,,7505,17463,500.33,14.85,119,3,2,6,true,false,false,true,true,true,false,Home/Apartment,House,House/villa,4.8,15,2,6-20,Luxury,false,150,false,15,7,2025-11-13,Arizona Area,Prescott,Prescott,Arizona,86305,United States,rural,https://www.airbnb.com/rooms/44946541,https://a0.muscache.com/im/pictures/9eaa3d63-28fd-432d-b944-c91932cfa604.jpg,44946541,,34.58427,-112.48491,=AVERAGE($G$2:$G$283),=AVERAGE($D$2:$D$283),"=IFERROR(($AT227-G227)/$AT227,0)","=IFERROR(($AU227-D227)/$AU227,0)",=$AU227-D227
The Sanctuary at Prescott Downtown • Sleeps 16,Home Team Vacation Rentals,,7424,7424,571.08,23.21,89,4,3,16,true,true,true,true,true,true,false,Home/Apartment,House,House/villa,4.5,2,2,21+,Luxury,true,501,false,13,6,2026-05-14,Arizona Area,Prescott,Prescott,Arizona,86303,United States,rural,https://www.airbnb.com/rooms/1627775954177381599,https://a0.muscache.com/im/pictures/prohost-api/Hosting-1627775954177381599/original/ea517914-f1c1-4767-8171-56b53f910b7f.jpeg,1627775954177381599,5117658,34.5165713264,-112.4637873871,=AVERAGE($G$2:$G$283),=AVERAGE($D$2:$D$283),"=IFERROR(($AT228-G228)/$AT228,0)","=IFERROR(($AU228-D228)/$AU228,0)",=$AU228-D228
"Cozy, Clean, & Close to downtown Prescott!",51159208,,7206,7784,189.63,77.55,57,2,2,4,true,false,false,true,true,false,false,Home/Apartment,House,House/villa,5,5,1,1,Luxury,false,0,false,38,14,2026-04-24,Arizona Area,Prescott,Prescott,Arizona,86301,United States,rural,https://www.airbnb.com/rooms/1628608104602686807,https://a0.muscache.com/im/pictures/hosting/Hosting-1628608104602686807/original/1b3395ca-7f04-45e3-8982-ef66fc79e846.jpeg,1628608104602686807,,34.5562,-112.4676,=AVERAGE($G$2:$G$283),=AVERAGE($D$2:$D$283),"=IFERROR(($AT229-G229)/$AT229,0)","=IFERROR(($AU229-D229)/$AU229,0)",=$AU229-D229
Modern Mountain Sanctuary,341456686,,7079,7297,147.48,18.18,295,1,2,2,true,false,false,false,true,false,false,Private Room,House,House/villa,4.9,9,1,1,Luxury,true,14,false,48,16,2026-01-05,Arizona Area,Prescott,Prescott,Arizona,86305,United States,rural,https://www.airbnb.com/rooms/1302263680115460230,https://a0.muscache.com/im/pictures/hosting/Hosting-1302263680115460230/original/c446659a-6b65-4429-97a0-e25a41ab0675.jpeg,1302263680115460230,,34.5725039087,-112.5228258065,=AVERAGE($G$2:$G$283),=AVERAGE($D$2:$D$283),"=IFERROR(($AT230-G230)/$AT230,0)","=IFERROR(($AU230-D230)/$AU230,0)",=$AU230-D230
Luxurious & Peaceful Cabin Retreat nestled in the Pines. Escape to PineSong!,,,7005,7005,437.81,17.98,115,4,3,10,false,false,false,true,true,false,false,Home/Apartment,Cabin,House/villa,5,5,3,1,Luxury,false,170,true,16,4,2025-06-16,Arizona Area,Prescott,Prescott,Arizona,86303,United States,rural,https://www.vrbo.com/4187173,https://media.vrbo.com/lodging/109000000/108760000/108755000/108754966/bf50ecad.jpg?impolicy=resizecrop&rw=1200&ra=fit,,4187173,34.462644,-112.379239,=AVERAGE($G$2:$G$283),=AVERAGE($D$2:$D$283),"=IFERROR(($AT231-G231)/$AT231,0)","=IFERROR(($AU231-D231)/$AU231,0)",=$AU231-D231
The Hitching Post C - New infrared sauna!,136852865,,6895,7503,153.22,100,55,1,1,4,true,false,false,true,true,true,false,Home/Apartment,Cabin,House/villa,0,0,1,2-5,Luxury,true,80,false,45,3,2026-05-11,Arizona Area,Prescott,Prescott,Arizona,86303,United States,rural,https://www.airbnb.com/rooms/1636389798351778582,https://a0.muscache.com/im/pictures/hosting/Hosting-1636389798351778582/original/ec19c356-929b-4cae-a3b4-9f508d58289c.jpeg,1636389798351778582,,34.5220461123,-112.4797957849,=AVERAGE($G$2:$G$283),=AVERAGE($D$2:$D$283),"=IFERROR(($AT232-G232)/$AT232,0)","=IFERROR(($AU232-D232)/$AU232,0)",=$AU232-D232
The Whiskey Row Librarian's Manor of 1877,315056313,,6765,6765,615,24.44,61,4,2,12,true,false,false,true,true,true,false,Home/Apartment,House,House/villa,5,7,1,6-20,Luxury,true,300,false,11,7,2026-05-13,Arizona Area,Prescott,Prescott,Arizona,86301,United States,rural,https://www.airbnb.com/rooms/1640863923062280981,https://a0.muscache.com/im/pictures/hosting/Hosting-1640863923062280981/original/82b6699a-7387-4ddb-8e56-13272e32ae4c.jpeg,1640863923062280981,,34.54283,-112.46487,=AVERAGE($G$2:$G$283),=AVERAGE($D$2:$D$283),"=IFERROR(($AT233-G233)/$AT233,0)","=IFERROR(($AU233-D233)/$AU233,0)",=$AU233-D233
Luxury only 2mi from Downtown,79673496,,6750,6750,225,52.63,365,3,2,6,true,false,true,true,true,false,false,Home/Apartment,House,House/villa,0,0,28,1,Luxury,false,0,false,30,1,2026-05-17,Arizona Area,Prescott,Prescott,Arizona,86303,United States,rural,https://www.airbnb.com/rooms/1428066520269102871,https://a0.muscache.com/im/pictures/miso/Hosting-1428066520269102871/original/e5b283a9-648f-4078-a8f1-50d4424a6196.jpeg,1428066520269102871,,34.5207,-112.4988,=AVERAGE($G$2:$G$283),=AVERAGE($D$2:$D$283),"=IFERROR(($AT234-G234)/$AT234,0)","=IFERROR(($AU234-D234)/$AU234,0)",=$AU234-D234
Whiskey Row Fun!,380149244,,6712,6712,209.75,10.13,365,1,1,2,true,false,false,false,false,false,false,Home/Apartment,Vacation home,House/villa,5,53,1,2-5,Luxury,true,101,false,32,18,2026-05-14,Arizona Area,Prescott,Prescott,Arizona,86303,United States,rural,https://www.airbnb.com/rooms/623166386301791586,https://a0.muscache.com/im/pictures/miso/Hosting-623166386301791586/original/30e158a3-d3bd-4802-a593-e42a3a892ffb.jpeg,623166386301791586,,34.5319,-112.488,=AVERAGE($G$2:$G$283),=AVERAGE($D$2:$D$283),"=IFERROR(($AT235-G235)/$AT235,0)","=IFERROR(($AU235-D235)/$AU235,0)",=$AU235-D235
Adventure Lodge - Prescott Cabin Rentals,Prescott Cabin Rentals,,6557,6747,298.05,20.18,180,3,2,10,true,false,true,true,true,true,false,Home/Apartment,Cabin,House/villa,4.75,8,2,21+,Luxury,false,210,true,22,6,2025-12-10,Arizona Area,Prescott,Prescott,Arizona,86303,United States,rural,https://www.airbnb.com/rooms/1035419008201991460,https://a0.muscache.com/im/pictures/prohost-api/Hosting-1035419008201991460/original/a2b85a15-168c-44f6-84a4-dd102e6e1ddc.jpeg,1035419008201991460,3734532,34.45397,-112.39021,=AVERAGE($G$2:$G$283),=AVERAGE($D$2:$D$283),"=IFERROR(($AT236-G236)/$AT236,0)","=IFERROR(($AU236-D236)/$AU236,0)",=$AU236-D236
Lazy Acre Cabin,308705160,,6436,7226,221.93,26.85,108,2,2,4,true,false,false,true,true,true,false,Home/Apartment,Cabin,House/villa,5,26,1,2-5,Luxury,true,70,true,29,14,2025-09-08,Arizona Area,Prescott,Prescott,Arizona,86303,United States,rural,https://www.airbnb.com/rooms/1295300457279246539,https://a0.muscache.com/im/pictures/miso/Hosting-1295300457279246539/original/80e80c61-9d6d-432d-9bdf-ab17449752ad.jpeg,1295300457279246539,,34.4493348,-112.3983589,=AVERAGE($G$2:$G$283),=AVERAGE($D$2:$D$283),"=IFERROR(($AT237-G237)/$AT237,0)","=IFERROR(($AU237-D237)/$AU237,0)",=$AU237-D237
The Mosaic Retreat,Bear Creek Real Estate and Property Management  LC662131000,,6113,10415,66.45,77.31,154,1,1,2,true,false,false,true,true,false,false,Home/Apartment,House,House/villa,5,1,2,21+,Luxury,false,250,false,92,2,2026-03-18,Arizona Area,Prescott,Prescott,Arizona,86301,United States,rural,https://www.airbnb.com/rooms/887112275047393838,https://a0.muscache.com/im/pictures/miso/Hosting-887112275047393838/original/64e9361f-e58e-401a-8df9-b2cec1be488d.jpeg,887112275047393838,3341945,34.56095,-112.38433,=AVERAGE($G$2:$G$283),=AVERAGE($D$2:$D$283),"=IFERROR(($AT238-G238)/$AT238,0)","=IFERROR(($AU238-D238)/$AU238,0)",=$AU238-D238
White Spar Bunkhouse,748337567,,5771,6465,412.21,41.18,58,4,3,15,true,false,false,true,true,false,false,Home/Apartment,House,House/villa,5,2,1,2-5,Luxury,false,96,false,14,4,2026-04-24,Arizona Area,Prescott,Prescott,Arizona,86303,United States,rural,https://www.airbnb.com/rooms/1629363628120122423,https://a0.muscache.com/im/pictures/hosting/Hosting-1629363628120122423/original/34b54ce2-8851-4e5b-9861-3fb3a563749e.jpeg,1629363628120122423,,34.5140909002,-112.4776844938,=AVERAGE($G$2:$G$283),=AVERAGE($D$2:$D$283),"=IFERROR(($AT239-G239)/$AT239,0)","=IFERROR(($AU239-D239)/$AU239,0)",=$AU239-D239
Seville de Sol,16725733,,5695,6474,247.61,30.26,112,1,1,2,true,false,false,false,true,false,true,Home/Apartment,Guest suite,House/villa,5,22,2,2-5,Luxury,false,75,false,23,9,2026-05-15,Arizona Area,Prescott,Prescott,Arizona,86301,United States,rural,https://www.airbnb.com/rooms/908993097393822120,https://a0.muscache.com/im/pictures/hosting/Hosting-908993097393822120/original/271da6fb-9014-41a3-9637-4348fc9a6fd5.jpeg,908993097393822120,,34.56685,-112.46941,=AVERAGE($G$2:$G$283),=AVERAGE($D$2:$D$283),"=IFERROR(($AT240-G240)/$AT240,0)","=IFERROR(($AU240-D240)/$AU240,0)",=$AU240-D240
Dog friendly cabin in Walker with sunset views,66658077,,5442,5442,181.4,78.95,61,2,1,4,true,false,false,true,true,true,false,Home/Apartment,Cabin,House/villa,5,2,2,1,Luxury,false,0,false,30,9,2026-05-11,Arizona Area,Prescott,Prescott,Arizona,86303,United States,rural,https://www.airbnb.com/rooms/1643251413339577779,https://a0.muscache.com/im/pictures/hosting/Hosting-1643251413339577779/original/d3eedf2e-9d09-43f7-94b7-de94d266b487.jpeg,1643251413339577779,,34.4465781108,-112.3846004862,=AVERAGE($G$2:$G$283),=AVERAGE($D$2:$D$283),"=IFERROR(($AT241-G241)/$AT241,0)","=IFERROR(($AU241-D241)/$AU241,0)",=$AU241-D241
Elevated Camp Cabin w/ Forest Views | Juniper,Friendly Pines Camp,,5232,10934,180.41,58,82,1,1,8,true,false,false,true,true,false,true,Home/Apartment,Cabin,House/villa,0,0,1,21+,Luxury,false,109,true,29,7,2026-05-14,Arizona Area,Prescott,Prescott,Arizona,86303,United States,rural,https://www.airbnb.com/rooms/1410924374047077211,https://a0.muscache.com/im/pictures/hosting/Hosting-U3RheVN1cHBseUxpc3Rpbmc6MTQxMDkyNDM3NDA0NzA3NzIxMQ==/original/84a6f6e2-19ac-41f8-928e-c35bb9b68480.jpeg,1410924374047077211,,34.4846,-112.4464,=AVERAGE($G$2:$G$283),=AVERAGE($D$2:$D$283),"=IFERROR(($AT242-G242)/$AT242,0)","=IFERROR(($AU242-D242)/$AU242,0)",=$AU242-D242
"Charming tranquil 1 Bedroom Suite plus,full bathroom in  Villa  at Prescott,AZ 
",,,4738,4750,157.93,19.87,363,1,1,4,true,false,false,false,false,false,false,Home/Apartment,House,House/villa,5,1,2,1,Luxury,false,20,true,30,4,2026-05-17,Arizona Area,Prescott,Prescott,Arizona,86303,United States,rural,https://www.vrbo.com/4375539,https://media.vrbo.com/lodging/113000000/112080000/112078300/112078203/395faad2.jpg?impolicy=resizecrop&rw=1200&ra=fit,,4375539,34.540502,-112.439236,=AVERAGE($G$2:$G$283),=AVERAGE($D$2:$D$283),"=IFERROR(($AT243-G243)/$AT243,0)","=IFERROR(($AU243-D243)/$AU243,0)",=$AU243-D243
"Family-friendly 2-bedroom 2-bathroom home with fenced backyard, toys, AC, WiFi",,,4492,4492,224.6,42.55,108,2,2,6,true,false,false,true,false,false,false,Home/Apartment,House,House/villa,0,0,3,1,Luxury,false,200,true,20,0,2025-10-08,Arizona Area,Prescott,Dewey,Arizona,86327,United States,rural,https://www.vrbo.com/4370687,https://media.vrbo.com/lodging/112000000/112000000/111998600/111998534/w1021h682x0y0-655eb3f1.jpg?impolicy=resizecrop&rw=1200&ra=fit,,4370687,34.559303,-112.25945,=AVERAGE($G$2:$G$283),=AVERAGE($D$2:$D$283),"=IFERROR(($AT244-G244)/$AT244,0)","=IFERROR(($AU244-D244)/$AU244,0)",=$AU244-D244
"The Downtown Aubrey House, Units A & B",114887197,,3933,3933,302.54,12.75,127,3,2,6,true,false,false,true,true,true,false,Home/Apartment,House,House/villa,0,0,2,2-5,Luxury,false,0,true,13,5,2025-05-20,Arizona Area,Prescott,Prescott,Arizona,86303,United States,rural,https://www.airbnb.com/rooms/1417072199391586195,https://a0.muscache.com/im/pictures/miso/Hosting-1389450093455054021/original/fa3fa7bb-c0fd-4eed-8b2d-e44c3ab0d272.jpeg,1417072199391586195,4532724,34.53636,-112.47052,=AVERAGE($G$2:$G$283),=AVERAGE($D$2:$D$283),"=IFERROR(($AT245-G245)/$AT245,0)","=IFERROR(($AU245-D245)/$AU245,0)",=$AU245-D245
Cozy Mountain retreat only 10 min from downtown,174772973,,3827,4030,212.61,26.09,208,2,1,6,true,false,false,true,true,false,false,Home/Apartment,Place,House/villa,5,2,2,2-5,Luxury,false,94,false,18,2,2026-04-21,Arizona Area,Prescott,Prescott,Arizona,86303,United States,rural,https://www.airbnb.com/rooms/986436994523425340,https://a0.muscache.com/im/pictures/hosting/Hosting-986436994523425340/original/3ac7377b-a951-4100-a35a-9c045ad4db1a.jpeg,986436994523425340,,34.48206,-112.44083,=AVERAGE($G$2:$G$283),=AVERAGE($D$2:$D$283),"=IFERROR(($AT246-G246)/$AT246,0)","=IFERROR(($AU246-D246)/$AU246,0)",=$AU246-D246
Forest Haven Retreat *hot tub & ping pong*,514004620,,3810,4106,544.29,21.21,117,4,3,10,true,true,true,true,true,true,false,Home/Apartment,House,House/villa,5,28,2,1,Luxury,false,350,false,7,2,2026-05-13,Arizona Area,Prescott,Prescott,Arizona,86305,United States,rural,https://www.airbnb.com/rooms/887873225246198421,https://a0.muscache.com/im/pictures/miso/Hosting-887873225246198421/original/772d9beb-fa05-4b99-adae-c28fedb1aae8.jpeg,887873225246198421,,34.5593,-112.5683,=AVERAGE($G$2:$G$283),=AVERAGE($D$2:$D$283),"=IFERROR(($AT247-G247)/$AT247,0)","=IFERROR(($AU247-D247)/$AU247,0)",=$AU247-D247
Hole in One! Beautiful Home on the Golf Course,Bear Creek Real Estate and Property Management  LC662131000,,3623,5360,106.56,87.18,64,2,2,4,true,false,false,true,true,false,false,Home/Apartment,House,House/villa,5,2,3,21+,Luxury,true,250,false,34,2,2026-05-15,Arizona Area,Prescott,Prescott,Arizona,86301,United States,rural,https://www.airbnb.com/rooms/1614046662050580532,https://a0.muscache.com/im/pictures/hosting/Hosting-1614046662050580532/original/f6c8a3f8-0b00-46b4-bd45-4f6ba59f2e2b.jpeg,1614046662050580532,5085713,34.6357,-112.4279,=AVERAGE($G$2:$G$283),=AVERAGE($D$2:$D$283),"=IFERROR(($AT248-G248)/$AT248,0)","=IFERROR(($AU248-D248)/$AU248,0)",=$AU248-D248
Secluded and quiet hilltop estate,660935250,,3512,4167,292.67,34.29,173,3,2,6,true,false,false,true,true,false,false,Home/Apartment,House,House/villa,5,3,3,1,Luxury,false,0,false,12,3,2026-05-13,Arizona Area,Prescott,Prescott,Arizona,86305,United States,rural,https://www.airbnb.com/rooms/1542223259987656017,https://a0.muscache.com/im/pictures/hosting/Hosting-1542223259987656017/original/504377d7-62b1-439a-96c7-465e5657e699.jpeg,1542223259987656017,,34.5493,-112.4944,=AVERAGE($G$2:$G$283),=AVERAGE($D$2:$D$283),"=IFERROR(($AT249-G249)/$AT249,0)","=IFERROR(($AU249-D249)/$AU249,0)",=$AU249-D249
"Fire Pit, Deck & Grill: Serene Prescott Cabin!",Evolve,,3086,7640,514.33,16.22,65,4,3,10,false,false,false,true,true,false,false,Home/Apartment,Cabin,House/villa,4.65,30,2,21+,Luxury,false,356,true,6,2,2026-05-13,Arizona Area,Prescott,Prescott,Arizona,86303,United States,rural,https://www.airbnb.com/rooms/696315408846561215,https://a0.muscache.com/im/pictures/prohost-api/Hosting-696315408846561215/original/aad59f21-f632-4e43-a366-4c896f409a26.jpeg,696315408846561215,9719832ha,34.4742,-112.4153,=AVERAGE($G$2:$G$283),=AVERAGE($D$2:$D$283),"=IFERROR(($AT250-G250)/$AT250,0)","=IFERROR(($AU250-D250)/$AU250,0)",=$AU250-D250
"Boutique RV, off grid views",102930237,,2919,2919,162.17,15.13,153,1,1,3,true,false,false,true,true,false,false,Home/Apartment,Camper/RV,Unique,4.65,3,2,6-20,Luxury,true,40,true,18,5,2025-08-10,Arizona Area,Prescott,Prescott,Arizona,86305,United States,rural,https://www.airbnb.com/rooms/1174921022194085794,https://a0.muscache.com/im/pictures/hosting/Hosting-1174921022194085794/original/bfe3bc70-a6b2-49df-a4f0-21b7d5f022f2.jpeg,1174921022194085794,,34.7094799737,-112.5525588915,=AVERAGE($G$2:$G$283),=AVERAGE($D$2:$D$283),"=IFERROR(($AT251-G251)/$AT251,0)","=IFERROR(($AU251-D251)/$AU251,0)",=$AU251-D251
Butterfield’s Getaway,737052562,,2774,2892,213.38,24.53,119,1,1,4,true,false,false,true,true,true,false,Home/Apartment,House,House/villa,5,5,2,1,Luxury,false,81,false,13,6,2026-05-17,Arizona Area,Prescott,Prescott,Arizona,86303,United States,rural,https://www.airbnb.com/rooms/1588143507694210278,https://a0.muscache.com/im/pictures/hosting/Hosting-1588143507694210278/original/b8d8cf43-ed70-42e1-93e7-7913963ab857.jpeg,1588143507694210278,5074982,34.5452482106,-112.445492633,=AVERAGE($G$2:$G$283),=AVERAGE($D$2:$D$283),"=IFERROR(($AT252-G252)/$AT252,0)","=IFERROR(($AU252-D252)/$AU252,0)",=$AU252-D252
"7,000 Ft + Modern Luxury + Dogs + Hot Tub + EV",188609619,,2444,32533,488.8,10.64,233,3,2,6,true,false,true,true,true,true,false,Home/Apartment,Cabin,House/villa,5,150,3,1,Luxury,true,175,false,5,2,2026-05-13,Arizona Area,Prescott,Mayer,Arizona,86333,United States,rural,https://www.airbnb.com/rooms/26291968,https://a0.muscache.com/im/pictures/706d50b5-be6f-49df-8ba5-bef4c3ecc2c6.jpg,26291968,,34.4459,-112.3792,=AVERAGE($G$2:$G$283),=AVERAGE($D$2:$D$283),"=IFERROR(($AT253-G253)/$AT253,0)","=IFERROR(($AU253-D253)/$AU253,0)",=$AU253-D253
The Down Town Aubrey House Unit A,114887197,,2440,2473,221.82,9.57,125,2,1,4,true,false,false,true,true,true,false,Home/Apartment,House,House/villa,5,3,2,2-5,Luxury,false,0,true,11,4,2025-05-21,Arizona Area,Prescott,Prescott,Arizona,86303,United States,rural,https://www.airbnb.com/rooms/1389450093455054021,https://a0.muscache.com/im/pictures/miso/Hosting-1389450093455054021/original/92687ff9-dcc2-41a6-b5b5-8e919d24e806.jpeg,1389450093455054021,,34.5367974886,-112.4691883909,=AVERAGE($G$2:$G$283),=AVERAGE($D$2:$D$283),"=IFERROR(($AT254-G254)/$AT254,0)","=IFERROR(($AU254-D254)/$AU254,0)",=$AU254-D254
"2 Bd w/Fenced in Yard in Friendly Prescott, AZ!",2750466,,2384,2384,198.67,30.77,61,2,1,4,true,false,false,true,true,false,false,Home/Apartment,Apartment,Apt/Condo/Loft,0,0,3,2-5,Luxury,false,200,false,12,2,2026-03-30,Arizona Area,Prescott,Prescott,Arizona,86301,United States,rural,https://www.airbnb.com/rooms/1626330268584315373,https://a0.muscache.com/im/pictures/hosting/Hosting-1626330268584315373/original/c397c660-0c8a-4712-ad1c-494e1564f4d2.jpeg,1626330268584315373,,34.55559,-112.47563,=AVERAGE($G$2:$G$283),=AVERAGE($D$2:$D$283),"=IFERROR(($AT255-G255)/$AT255,0)","=IFERROR(($AU255-D255)/$AU255,0)",=$AU255-D255
Spacious Serene Estate | Close to Town,1969277,,2255,31456,451,100,15,4,2,8,true,true,false,true,true,false,false,Home/Apartment,House,House/villa,0,0,3,2-5,Luxury,true,200,false,5,1,2026-05-14,Arizona Area,Prescott,Prescott,Arizona,86303,United States,rural,https://www.airbnb.com/rooms/1208652716504660141,https://a0.muscache.com/im/pictures/hosting/Hosting-1208652716504660141/original/5405d601-ae47-43c3-8f51-a34ca38e1d5b.jpeg,1208652716504660141,,34.52443,-112.49939,=AVERAGE($G$2:$G$283),=AVERAGE($D$2:$D$283),"=IFERROR(($AT256-G256)/$AT256,0)","=IFERROR(($AU256-D256)/$AU256,0)",=$AU256-D256
Walkable Downtown Condo 2BR + 2 Bath,43735310,,2198,9779,314,100,95,2,2,4,true,false,false,true,true,true,false,Home/Apartment,House,House/villa,4.65,31,2,1,Luxury,false,51,false,7,1,2026-01-20,Arizona Area,Prescott,Prescott,Arizona,86303,United States,rural,https://www.airbnb.com/rooms/928420130030959770,https://a0.muscache.com/im/pictures/hosting/Hosting-U3RheVN1cHBseUxpc3Rpbmc6OTI4NDIwMTMwMDMwOTU5Nzcw/original/6c4817b7-e7bb-4e6c-9cf4-f413566b477c.jpeg,928420130030959770,,34.53313,-112.47421,=AVERAGE($G$2:$G$283),=AVERAGE($D$2:$D$283),"=IFERROR(($AT257-G257)/$AT257,0)","=IFERROR(($AU257-D257)/$AU257,0)",=$AU257-D257
Private Casita Near Gunsite Academy,STRM,,2017,2073,201.7,25,60,1,1,2,true,false,false,true,true,false,false,Private Room,Apartment,Apt/Condo/Loft,0,0,2,21+,Luxury,true,159,false,10,2,2026-05-15,Arizona Area,Prescott,Paulden,Arizona,86334,United States,rural,https://www.airbnb.com/rooms/1638575110806826619,https://a0.muscache.com/im/pictures/prohost-api/Hosting-1638575110806826619/original/45b35d4a-75d5-43e3-90cd-a82a8067d6e4.jpeg,1638575110806826619,,34.8621631418,-112.4855151986,=AVERAGE($G$2:$G$283),=AVERAGE($D$2:$D$283),"=IFERROR(($AT258-G258)/$AT258,0)","=IFERROR(($AU258-D258)/$AU258,0)",=$AU258-D258
"Rockhouse Dells Studio Vacation Rental | 1-BR Studio Scenic Dells, Prescott | In Dells • Walking Access to Scenic Trails",,,1948,1948,194.8,90.91,30,,1,1,true,false,false,true,true,false,false,Home/Apartment,House,House/villa,0,0,1,1,Luxury,false,49,false,10,1,2026-05-15,Arizona Area,Prescott,Prescott,Arizona,86303,United States,rural,https://www.vrbo.com/4900866,https://media.vrbo.com/lodging/122000000/121790000/121785400/121785368/2b33fbd6.jpg?impolicy=resizecrop&rw=1200&ra=fit,,4900866,34.53944,-112.46818,=AVERAGE($G$2:$G$283),=AVERAGE($D$2:$D$283),"=IFERROR(($AT259-G259)/$AT259,0)","=IFERROR(($AU259-D259)/$AU259,0)",=$AU259-D259
Ponderosa Pines - Prescott Cabin Rentals,Prescott Cabin Rentals,,1728,7652,246.86,100,7,3,2,7,true,false,true,true,true,true,false,Home/Apartment,Cabin,House/villa,4.65,3,2,21+,Luxury,false,190,true,7,1,2025-02-28,Arizona Area,Prescott,Prescott,Arizona,86305,United States,rural,https://www.airbnb.com/rooms/1220893357437172077,https://a0.muscache.com/im/pictures/prohost-api/Hosting-1220893357437172077/original/88b136bf-e677-4b8d-a6d5-f5d65cdc42db.jpeg,1220893357437172077,4140594,34.55304,-112.55997,=AVERAGE($G$2:$G$283),=AVERAGE($D$2:$D$283),"=IFERROR(($AT260-G260)/$AT260,0)","=IFERROR(($AU260-D260)/$AU260,0)",=$AU260-D260
Cooler retreat&MountainViews/8 mins to Prescott DT,268445967,,1727,2528,345.4,7.81,111,3,2,7,true,false,false,true,true,false,false,Home/Apartment,House,House/villa,5,9,2,2-5,Luxury,false,50,false,5,4,2026-05-14,Arizona Area,Prescott,Prescott,Arizona,86305,United States,rural,https://www.airbnb.com/rooms/1596095296380789815,https://a0.muscache.com/im/pictures/hosting/Hosting-1596095296380789815/original/9f44e0c1-19f9-448c-975f-07011d96ed52.jpeg,1596095296380789815,,34.56216,-112.49237,=AVERAGE($G$2:$G$283),=AVERAGE($D$2:$D$283),"=IFERROR(($AT261-G261)/$AT261,0)","=IFERROR(($AU261-D261)/$AU261,0)",=$AU261-D261
The Downtown Aubrey House Unit B,114887197,,1648,1692,164.8,9.9,118,1,1,2,true,false,false,true,true,true,false,Home/Apartment,House,House/villa,5,1,2,2-5,Luxury,false,0,true,10,5,2025-05-21,Arizona Area,Prescott,Prescott,Arizona,86303,United States,rural,https://www.airbnb.com/rooms/1411256069657395749,https://a0.muscache.com/im/pictures/hosting/Hosting-1411256069657395749/original/139029c7-c5dd-471a-be1c-f344544bcb92.jpeg,1411256069657395749,4563370,34.53617,-112.47014,=AVERAGE($G$2:$G$283),=AVERAGE($D$2:$D$283),"=IFERROR(($AT262-G262)/$AT262,0)","=IFERROR(($AU262-D262)/$AU262,0)",=$AU262-D262
Historic Downtown Prescott Apartment: Sharlot Room,208373837,,1361,1474,136.1,83.33,29,1,1,2,true,false,false,true,false,false,false,Home/Apartment,Apartment,Apt/Condo/Loft,5,2,2,2-5,Luxury,true,59,false,10,3,2026-05-16,Arizona Area,Prescott,Prescott,Arizona,86301,United States,rural,https://www.airbnb.com/rooms/1664249236585287534,https://a0.muscache.com/im/pictures/hosting/Hosting-1664249236585287534/original/0c6e5cdd-1118-43c7-a1a6-65db7b780dbe.jpeg,1664249236585287534,,34.5445818768,-112.4655275339,=AVERAGE($G$2:$G$283),=AVERAGE($D$2:$D$283),"=IFERROR(($AT263-G263)/$AT263,0)","=IFERROR(($AU263-D263)/$AU263,0)",=$AU263-D263
Storybook 3-bedroom cabin in the beautiful Prescott Pines! Near whiskey row!,,,1344,3458,448,18.75,47,3,2,8,true,false,false,true,true,false,false,Home/Apartment,Cabin,House/villa,0,0,3,1,Luxury,false,150,true,3,1,2026-05-16,Arizona Area,Prescott,Prescott,Arizona,86305,United States,rural,https://www.vrbo.com/4644052,https://media.vrbo.com/lodging/118000000/117620000/117619800/117619705/ea29aa6f.jpg?impolicy=resizecrop&rw=1200&ra=fit,,4644052,34.550327,-112.501816,=AVERAGE($G$2:$G$283),=AVERAGE($D$2:$D$283),"=IFERROR(($AT264-G264)/$AT264,0)","=IFERROR(($AU264-D264)/$AU264,0)",=$AU264-D264
Country Club Townhouse,Bear Creek Real Estate and Property Management  LC662131000,,1116,15757,372,100,175,2,2,4,true,false,false,true,true,false,false,Home/Apartment,House,House/villa,4.5,6,90,21+,Luxury,true,250,false,3,1,2026-05-15,Arizona Area,Prescott,Dewey,Arizona,86327,United States,rural,https://www.airbnb.com/rooms/898590462776434637,https://a0.muscache.com/im/pictures/miso/Hosting-898590462776434637/original/9fe252f0-4cee-446e-b860-adb787e853f2.jpeg,898590462776434637,7070940ha,34.55713,-112.265,=AVERAGE($G$2:$G$283),=AVERAGE($D$2:$D$283),"=IFERROR(($AT265-G265)/$AT265,0)","=IFERROR(($AU265-D265)/$AU265,0)",=$AU265-D265
Comfortable 2BR Retreat Near Gunsite Academy,STRM,,1048,2292,262,18.18,52,2,2,3,true,false,false,true,true,false,false,Home/Apartment,House,House/villa,0,0,3,21+,Luxury,true,0,false,4,1,2026-05-15,Arizona Area,Prescott,Paulden,Arizona,86334,United States,rural,https://www.airbnb.com/rooms/1638574342554659116,https://a0.muscache.com/im/pictures/prohost-api/Hosting-1638574342554659116/original/b96ba00f-8872-4f18-93c3-2c6a307b204b.jpeg,1638574342554659116,,34.8621417601,-112.4863321551,=AVERAGE($G$2:$G$283),=AVERAGE($D$2:$D$283),"=IFERROR(($AT266-G266)/$AT266,0)","=IFERROR(($AU266-D266)/$AU266,0)",=$AU266-D266
Ponderosa Retreat - Prescott Cabin Rentals,Prescott Cabin Rentals,,1041,1041,347,10,30,3,2,7,true,false,true,true,true,true,false,Home/Apartment,Cabin,House/villa,4.65,26,3,21+,Luxury,false,185,true,3,1,2024-09-28,Arizona Area,Prescott,Prescott,Arizona,86305,United States,rural,https://www.airbnb.com/rooms/555917811462605187,https://a0.muscache.com/im/pictures/prohost-api/Hosting-555917811462605187/original/b9cd12a3-1f7f-4076-97d6-16e15b9ddab4.jpeg,555917811462605187,2722448,34.55112,-112.56003,=AVERAGE($G$2:$G$283),=AVERAGE($D$2:$D$283),"=IFERROR(($AT267-G267)/$AT267,0)","=IFERROR(($AU267-D267)/$AU267,0)",=$AU267-D267
Charming Dewey Getaway w/ Hot Tub & Sauna!,Evolve,,900,900,300,7.69,39,3,2,12,false,true,true,true,true,true,true,Home/Apartment,House,House/villa,4.35,12,2,21+,Luxury,false,129,true,3,1,2025-02-03,Arizona Area,Prescott,Dewey,Arizona,86327,United States,rural,https://www.airbnb.com/rooms/1173990669788638110,https://a0.muscache.com/im/pictures/prohost-api/Hosting-1173990669788638110/original/cd24ea63-c40b-4f45-805f-065ce024adfb.jpeg,1173990669788638110,,34.56016,-112.26255,=AVERAGE($G$2:$G$283),=AVERAGE($D$2:$D$283),"=IFERROR(($AT268-G268)/$AT268,0)","=IFERROR(($AU268-D268)/$AU268,0)",=$AU268-D268
Aubrey House Duplex 2 Blocks to Downtown Prescott,49505349,,844,844,281.33,3.75,80,2,1,4,true,false,false,true,true,true,false,Home/Apartment,Cottage,House/villa,4.9,82,2,2-5,Luxury,true,99,true,3,2,2025-03-18,Arizona Area,Prescott,Prescott,Arizona,86303,United States,rural,https://www.airbnb.com/rooms/690695917819266956,https://a0.muscache.com/im/ml/photo_enhancement/pictures/miso/Hosting-690695917819266956/original/291b0ad4-6787-4488-b830-f43713300c47.jpeg,690695917819266956,2827589,34.53705,-112.46901,=AVERAGE($G$2:$G$283),=AVERAGE($D$2:$D$283),"=IFERROR(($AT269-G269)/$AT269,0)","=IFERROR(($AU269-D269)/$AU269,0)",=$AU269-D269
Historic Aubrey Cottage Duplex Walk to Downtown,49505349,,646,646,215.33,5.17,58,1,1,2,true,false,false,true,true,false,false,Home/Apartment,Cottage,House/villa,4.9,68,2,2-5,Luxury,true,99,false,3,2,2025-03-18,Arizona Area,Prescott,Prescott,Arizona,86303,United States,rural,https://www.airbnb.com/rooms/592714357047743171,https://a0.muscache.com/im/pictures/miso/Hosting-592714357047743171/original/9a1861e6-bbd5-4b8d-8573-086ac47c1afb.jpeg,592714357047743171,2827959,34.53662,-112.46946,=AVERAGE($G$2:$G$283),=AVERAGE($D$2:$D$283),"=IFERROR(($AT270-G270)/$AT270,0)","=IFERROR(($AU270-D270)/$AU270,0)",=$AU270-D270
Luxury RV with epic views in a quiet location,204291277,,609,630,152.25,11.43,91,1,1,4,true,false,false,true,true,false,false,Home/Apartment,Camper/RV,Unique,5,4,2,1,Luxury,false,50,false,4,2,2025-06-30,Arizona Area,Prescott,Prescott Valley,Arizona,86315,United States,rural,https://www.airbnb.com/rooms/1401861833948689871,https://a0.muscache.com/im/pictures/hosting/Hosting-1401861833948689871/original/8a153105-5450-4643-ad25-e1acd6a21a0a.jpeg,1401861833948689871,,34.709611,-112.30167,=AVERAGE($G$2:$G$283),=AVERAGE($D$2:$D$283),"=IFERROR(($AT271-G271)/$AT271,0)","=IFERROR(($AU271-D271)/$AU271,0)",=$AU271-D271
Modern Charm Meets Historic Prescott!,STRM,,458,7099,229,100,2,1,1,2,true,false,false,true,true,false,false,Home/Apartment,Apartment,Apt/Condo/Loft,5,5,2,21+,Luxury,true,90,true,2,2,2024-10-02,Arizona Area,Prescott,Prescott,Arizona,86303,United States,rural,https://www.airbnb.com/rooms/963720212108906158,https://a0.muscache.com/im/pictures/prohost-api/Hosting-963720212108906158/original/c5a9ac82-afb8-4c5f-a792-27142d39e22d.jpeg,963720212108906158,3573752,34.54173,-112.46342,=AVERAGE($G$2:$G$283),=AVERAGE($D$2:$D$283),"=IFERROR(($AT272-G272)/$AT272,0)","=IFERROR(($AU272-D272)/$AU272,0)",=$AU272-D272
Prescott county guest house,380177258,,0,230,0,0,332,1,1,2,true,false,false,true,true,false,false,Home/Apartment,House,House/villa,0,0,3,1,Luxury,false,51,true,0,0,2026-05-14,Arizona Area,Prescott,Prescott,Arizona,86305,United States,rural,https://www.airbnb.com/rooms/1287223606102713015,https://a0.muscache.com/im/pictures/miso/Hosting-1287223606102713015/original/39bea14c-8c2e-4c5f-a64f-90caa71eb273.png,1287223606102713015,,34.6742950524,-112.5262053797,=AVERAGE($G$2:$G$283),=AVERAGE($D$2:$D$283),"=IFERROR(($AT273-G273)/$AT273,0)","=IFERROR(($AU273-D273)/$AU273,0)",=$AU273-D273
Juniper Well Ranch: Adobe Casita,4624367,,0,3078,0,0,30,1,1,4,true,false,false,true,true,true,false,Home/Apartment,Earth house,Unique,4.8,76,2,6-20,Luxury,false,100,false,0,0,2025-07-17,Arizona Area,Prescott,Skull Valley,Arizona,86338,United States,rural,https://www.airbnb.com/rooms/23990421,https://a0.muscache.com/im/pictures/38de670b-578c-4168-aa87-5c6cbb66ecc9.jpg,23990421,,34.62772,-112.64871,=AVERAGE($G$2:$G$283),=AVERAGE($D$2:$D$283),"=IFERROR(($AT274-G274)/$AT274,0)","=IFERROR(($AU274-D274)/$AU274,0)",=$AU274-D274
Paradise Boulders,222772127,,0,1572,0,0,105,4,3,10,true,false,false,true,true,false,false,Home/Apartment,House,House/villa,4.8,27,2,2-5,Luxury,false,200,false,0,0,2024-12-07,Arizona Area,Prescott,Prescott,Arizona,86305,United States,rural,https://www.airbnb.com/rooms/29594600,https://a0.muscache.com/im/pictures/c6d13d94-7a05-42d8-ae2d-86eeaa189e1b.jpg,29594600,1488984,34.56968,-112.48958,=AVERAGE($G$2:$G$283),=AVERAGE($D$2:$D$283),"=IFERROR(($AT275-G275)/$AT275,0)","=IFERROR(($AU275-D275)/$AU275,0)",=$AU275-D275
Hot Tub & Spacious Yard: Chino Valley Home!,Evolve,,0,810,0,0,24,2,2,6,true,false,true,true,true,false,false,Home/Apartment,House,House/villa,5,145,2,21+,Luxury,true,124,true,0,0,2025-06-30,Arizona Area,Prescott,Chino Valley,Arizona,86323,United States,rural,https://www.airbnb.com/rooms/39412117,https://a0.muscache.com/im/pictures/prohost-api/Hosting-39412117/original/3343974a-715b-402f-a3f1-44e5bb9cad6b.jpeg,39412117,9175380ha,34.77324,-112.46163,=AVERAGE($G$2:$G$283),=AVERAGE($D$2:$D$283),"=IFERROR(($AT276-G276)/$AT276,0)","=IFERROR(($AU276-D276)/$AU276,0)",=$AU276-D276
"Views, Views, Views!! Mountain Cabin @ 7200'",91307776,,0,1984,0,0,122,2,1,4,true,false,false,true,true,false,false,Home/Apartment,Cabin,House/villa,4.95,18,2,2-5,Luxury,true,120,false,0,0,2026-05-14,Arizona Area,Prescott,Prescott,Arizona,86303,United States,rural,https://www.airbnb.com/rooms/45435301,https://a0.muscache.com/im/pictures/addbd1a5-1a57-4985-8b70-51a2d1a4e8e8.jpg,45435301,,34.44327,-112.3845,=AVERAGE($G$2:$G$283),=AVERAGE($D$2:$D$283),"=IFERROR(($AT277-G277)/$AT277,0)","=IFERROR(($AU277-D277)/$AU277,0)",=$AU277-D277
"Cozy 1-Bedroom Home, 2 Blocks to Downtown Square",63284201,,0,7462,0,0,3,1,2,4,true,false,false,true,false,true,false,Home/Apartment,House,House/villa,4.9,76,2,6-20,Luxury,true,110,false,0,0,2025-10-02,Arizona Area,Prescott,Prescott,Arizona,86303,United States,rural,https://www.airbnb.com/rooms/686213823079462663,https://a0.muscache.com/im/pictures/miso/Hosting-686213823079462663/original/bf45c4b9-7aeb-4d19-af48-3644426d3875.jpeg,686213823079462663,,34.54122,-112.46486,=AVERAGE($G$2:$G$283),=AVERAGE($D$2:$D$283),"=IFERROR(($AT278-G278)/$AT278,0)","=IFERROR(($AU278-D278)/$AU278,0)",=$AU278-D278
The Loam Lounge,511551235,,0,1485,0,0,71,1,1,3,true,false,false,true,true,true,false,Home/Apartment,Apartment,Apt/Condo/Loft,4.85,5,31,1,Luxury,false,100,false,0,0,2025-06-07,Arizona Area,Prescott,Prescott,Arizona,86303,United States,rural,https://www.airbnb.com/rooms/876765048281652583,https://a0.muscache.com/im/pictures/miso/Hosting-876765048281652583/original/3185658e-a035-488d-9935-695f8c5973dc.jpeg,876765048281652583,2996332,34.5287184,-112.4574114,=AVERAGE($G$2:$G$283),=AVERAGE($D$2:$D$283),"=IFERROR(($AT279-G279)/$AT279,0)","=IFERROR(($AU279-D279)/$AU279,0)",=$AU279-D279
Pleasantly Historic,Bear Creek Real Estate and Property Management  LC662131000,,0,73,0,0,29,3,2,6,true,false,false,true,true,true,false,Home/Apartment,House,House/villa,4.9,22,2,21+,Luxury,true,250,false,0,0,2026-05-14,Arizona Area,Prescott,Prescott,Arizona,86301,United States,rural,https://www.airbnb.com/rooms/894319774586840827,https://a0.muscache.com/im/pictures/miso/Hosting-894319774586840827/original/fb095bc0-6e77-4444-89e9-05a8e1a9c568.jpeg,894319774586840827,7610445ha,34.54373,-112.46518,=AVERAGE($G$2:$G$283),=AVERAGE($D$2:$D$283),"=IFERROR(($AT280-G280)/$AT280,0)","=IFERROR(($AU280-D280)/$AU280,0)",=$AU280-D280
"Stacks of Relax - a Quaint, Quiet & Cozy Farmhouse With Breathtaking Sunrises",,,0,409,0,0,268,1,1,3,true,false,false,false,false,false,false,Home/Apartment,Farmhouse,Unique,4.8,9,2,1,Luxury,false,50,true,0,0,2026-05-16,Arizona Area,Prescott,Prescott Valley,Arizona,86315,United States,rural,https://www.vrbo.com/2544939,https://media.vrbo.com/lodging/73000000/72800000/72796700/72796675/d44ba83c.jpg?impolicy=resizecrop&rw=1200&ra=fit,,2544939,34.704103,-112.295004,=AVERAGE($G$2:$G$283),=AVERAGE($D$2:$D$283),"=IFERROR(($AT281-G281)/$AT281,0)","=IFERROR(($AU281-D281)/$AU281,0)",=$AU281-D281
**Newly Remodeled Home** 1 mile from Prescott Courthouse!,,,0,0,0,0,365,2,2,4,false,false,false,true,false,false,false,Home/Apartment,House,House/villa,0,0,14,1,Luxury,false,125,true,0,0,2026-05-14,Arizona Area,Prescott,Prescott,Arizona,86303,United States,rural,https://www.vrbo.com/2704947,https://media.vrbo.com/lodging/77000000/76390000/76384800/76384757/b56aaacd.jpg?impolicy=resizecrop&rw=1200&ra=fit,,2704947,34.541376,-112.45189,=AVERAGE($G$2:$G$283),=AVERAGE($D$2:$D$283),"=IFERROR(($AT282-G282)/$AT282,0)","=IFERROR(($AU282-D282)/$AU282,0)",=$AU282-D282
The Cottage-Near  Downtown Historic Courthouse Square,,,0,2933,0,0,3,2,1,6,true,false,false,true,true,true,false,Home/Apartment,House,House/villa,5,80,60,1,Luxury,false,100,true,0,0,2026-05-15,Arizona Area,Prescott,Prescott,Arizona,86303,United States,rural,https://www.vrbo.com/442389,https://media.vrbo.com/lodging/23000000/22780000/22775300/22775258/0cc13d0d.jpg?impolicy=resizecrop&rw=1200&ra=fit,,442389,34.540636,-112.464938,=AVERAGE($G$2:$G$283),=AVERAGE($D$2:$D$283),"=IFERROR(($AT283-G283)/$AT283,0)","=IFERROR(($AU283-D283)/$AU283,0)",=$AU283-D283
