Title,Property Manager/Host,Contact,Revenue,Revenue Potential,ADR,Occupancy,Days Available,Bedrooms,Bathrooms,Accommodates,Has Air Conditioning,Has Gym,Has Hot Tub,Has Kitchen,Has Parking,Has Pets,Has Pool,Listing Type,Property Type,Real Estate Type,Overall Rating,Number of Reviews,Minimum Stay,Host Unit Count,Price Tier,Airbnb Superhost,Cleaning Fee,Instant Book,Reserved Days,Number of Bookings,Last Update,AirDNA Market,AirDNA Subarket,City,State,Zipcode,Country,Location Type,Listing URL,Main Listing Image,Airbnb Property ID,Vrbo Property ID,Latitude,Longitude,Market Average Occupancy,Market Average Revenue,Occupancy Gap,Revenue % Gap,Revenue $ Gap,Revenue Potential Gap,Property ID,Property name,Phone,Phone source,Phone confidence,Phone evidence,Phone belongs to,Website,Email,Social media link,Social media type
8 Bedroom | Game Room | Gym | Spa | Heated Pool,Resort Style Vacation Homes,,217611,231691,1611.93,42.86,347,8,5,16,true,true,true,true,true,true,true,Home/Apartment,House,House/villa,5,187,3,21+,Luxury,true,1221,true,135,37,2026-05-11,Phoenix/Scottsdale,Cave Creek,Scottsdale,Arizona,85266,United States,suburban,https://www.airbnb.com/rooms/681860,https://a0.muscache.com/im/pictures/miso/Hosting-681860/original/7a1b8964-00c9-442e-8b30-54bd2ee429fa.jpeg,681860,435091,33.72968,-111.91306,49.30,=AVERAGE($D$2:$D$329),-6.44,"=IFERROR(($AU18-D18)/$AU18,0)",=$AU18-D18,14080,681860,8 Bedroom | Game Room | Gym | Spa | Heated Pool,,,,,,,,,
"Epic 7BR Escape w/ Pickleball, Pool, Spa & Unmatched Mountain Views",Revana Realty,,156510,398504,2335.97,31.6,231,7,5,18,true,false,true,true,true,true,true,Home/Apartment,House,House/villa,4.8,7,3,21+,Luxury,false,800,true,67,19,2026-05-15,Phoenix/Scottsdale,Paradise Valley,Paradise Valley,Arizona,85253,United States,suburban,https://www.vrbo.com/3537353,https://media.vrbo.com/lodging/97000000/96450000/96449700/96449674/35f3ae1c.jpg?impolicy=resizecrop&rw=1200&ra=fit,,3537353,33.540745,-111.975664,53.10,=AVERAGE($D$2:$D$596),-21.50,"=IFERROR(($AU158-D158)/$AU158,0)",=$AU158-D158,241994,3537353,"Epic 7BR Escape w/ Pickleball, Pool, Spa & Unmatched Mountain Views",,,,,,,,,
Luxury 5BD Modern Scottsdale Villa,Absolute Vacation Rental Services,,101304,107713,1777.26,38.78,147,5,4,14,true,false,true,true,true,false,true,Home/Apartment,House,House/villa,0,0,3,21+,Luxury,false,375,true,57,16,2025-04-04,Phoenix/Scottsdale,Paradise Valley,Scottsdale,Arizona,85254,United States,suburban,https://www.vrbo.com/4167614,https://media.vrbo.com/lodging/109000000/108380000/108375500/108375437/413964fb.jpg?impolicy=resizecrop&rw=1200&ra=fit,,4167614,33.6099,-111.949503,52.34,=AVERAGE($D$2:$D$596),-13.56,"=IFERROR(($AU256-D256)/$AU256,0)",=$AU256-D256,6409,4167614,Luxury 5BD Modern Scottsdale Villa,,,,,,,,,
Luxurious Tuscan Villa by Troon North Golf Courses,Desert Vista Luxury Homes,,124577,132702,1448.57,27.83,341,5,5,12,true,true,true,true,true,false,true,Home/Apartment,Villa,House/villa,5,144,2,21+,Luxury,true,700,false,86,20,2026-05-13,Phoenix/Scottsdale,Cave Creek,Scottsdale,Arizona,85266,United States,suburban,https://www.airbnb.com/rooms/18749072,https://a0.muscache.com/im/pictures/527f1b0a-4d4c-4be8-9e74-ac910ec9ad7c.jpg,18749072,347735,33.74017,-111.91028,44.20,=AVERAGE($D$2:$D$329),-16.37,"=IFERROR(($AU29-D29)/$AU29,0)",=$AU29-D29,8125,18749072,Luxurious Tuscan Villa by Troon North Golf Courses,,,,,,,,,
Private Pool Oasis with Hot Tub & Golf Simulator,Best Arizona Vacation Rentals,,161797,160830,1189.68,42.24,339,6,5,12,true,false,false,true,true,false,true,Home/Apartment,House,House/villa,4.85,163,4,21+,Luxury,false,525,false,136,33,2026-05-11,Phoenix/Scottsdale,Paradise Valley,Scottsdale,Arizona,85254,United States,suburban,https://www.airbnb.com/rooms/21026570,https://a0.muscache.com/im/pictures/prohost-api/Hosting-21026570/original/fdd18017-26a3-4f53-aa82-663dfe820552.jpeg,21026570,1183103,33.5853,-111.9516,47.11,=AVERAGE($D$2:$D$596),-4.87,"=IFERROR(($AU154-D154)/$AU154,0)",=$AU154-D154,-967,21026570,Private Pool Oasis with Hot Tub & Golf Simulator,,,,,,,,,
"Paradise Palms | 8BR Estate, Pool & Spa",AZHolidayRental,,102699,386258,3312.87,28.18,237,8,6,16,true,false,true,true,true,true,true,Home/Apartment,Villa,House/villa,4.75,37,3,21+,Luxury,true,884,true,31,6,2026-05-11,Phoenix/Scottsdale,Paradise Valley,Paradise Valley,Arizona,85253,United States,suburban,https://www.airbnb.com/rooms/21394105,https://a0.muscache.com/im/pictures/hosting/Hosting-21394105/original/ddc8f57c-3536-4b0a-998e-99211a40622f.jpeg,21394105,229425ha,33.5723,-111.9567,53.10,=AVERAGE($D$2:$D$596),-24.92,"=IFERROR(($AU252-D252)/$AU252,0)",=$AU252-D252,283559,21394105,"Paradise Palms | 8BR Estate, Pool & Spa",,,,,,,,,
Valley Vista Mansion by Parsons Villas,Parsons Villas,,460085,487513,2690.56,49.14,348,10,8,16,true,false,true,true,true,false,true,Home/Apartment,House,House/villa,4.6,87,1,21+,Luxury,false,880,false,171,57,2023-06-01,Phoenix/Scottsdale,Paradise Valley,Paradise Valley,Arizona,85253,United States,suburban,https://www.airbnb.com/rooms/24752438,https://a0.muscache.com/im/pictures/prohost-api/Hosting-24752438/original/4475b43d-d8d1-4d49-b2ec-589da36472a9.jpeg?aki_policy=x_large,24752438,1329525,33.52762,-112.01081,53.10,=AVERAGE($D$2:$D$596),-3.96,"=IFERROR(($AU16-D16)/$AU16,0)",=$AU16-D16,27428,24752438,Valley Vista Mansion by Parsons Villas,,,,,,,,,
5 Acre Estate | Pickleball | Mountain Views | Spa,AZHolidayRental,,133040,139219,1705.64,25,344,9,6,16,true,false,true,true,true,true,false,Home/Apartment,Cabin,House/villa,4.8,53,3,21+,Luxury,true,484,false,78,24,2026-05-13,Arizona Area,Payson,Payson,Arizona,85541,United States,mountains_lakes,https://www.airbnb.com/rooms/26328015,https://a0.muscache.com/im/pictures/hosting/Hosting-26328015/original/ad9249ce-06d8-4d9b-a117-06b949e0fb85.jpeg,26328015,3671734ha,34.2328,-111.3019,39.69,=AVERAGE($D$2:$D$240),-14.69,"=IFERROR(($AU4-D4)/$AU4,0)",=$AU4-D4,6179,26328015,5 Acre Estate | Pickleball | Mountain Views | Spa,,,,,,,,,
"Paradise Valley Resort Villa | Pool, Spa & Casita",AZHolidayRental,,229000,279764,2862.5,67.23,313,6,5,14,true,false,true,true,true,false,true,Home/Apartment,Villa,House/villa,4.7,7,3,21+,Luxury,true,984,true,80,8,2026-05-11,Phoenix/Scottsdale,Paradise Valley,Paradise Valley,Arizona,85253,United States,suburban,https://www.airbnb.com/rooms/28840109,https://a0.muscache.com/im/pictures/hosting/Hosting-28840109/original/438505f0-0966-4484-8a06-307edcefd088.jpeg,28840109,1449071,33.5343,-111.9283,47.11,=AVERAGE($D$2:$D$596),20.12,"=IFERROR(($AU91-D91)/$AU91,0)",=$AU91-D91,50764,28840109,"Paradise Valley Resort Villa | Pool, Spa & Casita",,,,,,,,,
SWSS Pool • Hot Tub • Putting Green • Games,StayWithStyleScottsdale,,132818,185178,1218.51,45.42,277,7,4,16,true,false,true,true,true,true,true,Home/Apartment,House,House/villa,5,151,3,21+,Luxury,true,662,true,109,26,2026-05-13,Phoenix/Scottsdale,Paradise Valley,Scottsdale,Arizona,85260,United States,suburban,https://www.airbnb.com/rooms/29540629,https://a0.muscache.com/im/pictures/prohost-api/Hosting-29540629/original/c07363ba-3d03-4416-9cb6-80c91ffa1870.jpeg,29540629,773133,33.6001,-111.9101,53.10,=AVERAGE($D$2:$D$596),-7.68,"=IFERROR(($AU193-D193)/$AU193,0)",=$AU193-D193,52360,29540629,SWSS Pool • Hot Tub • Putting Green • Games,,,,,,,,,
SWSS Pool • Sport Court • Games • Sleeps 24,StayWithStyleScottsdale,,273628,299479,1754.03,49.06,319,7,7,16,true,true,true,true,true,true,true,Home/Apartment,House,House/villa,4.95,101,2,21+,Luxury,true,799,true,156,40,2026-05-11,Phoenix/Scottsdale,Paradise Valley,Scottsdale,Arizona,85260,United States,suburban,https://www.airbnb.com/rooms/29540633,https://a0.muscache.com/im/pictures/prohost-api/Hosting-29540633/original/7a417474-2cee-4eaa-b537-3992e7ff1dd4.jpeg,29540633,922997,33.6072,-111.8972,53.10,=AVERAGE($D$2:$D$596),-4.04,"=IFERROR(($AU65-D65)/$AU65,0)",=$AU65-D65,25851,29540633,SWSS Pool • Sport Court • Games • Sleeps 24,,,,,,,,,
SWSS Pool • Hot Tub • Putting Green • Sleeps 24,StayWithStyleScottsdale,,544423,599628,2777.67,60.12,326,11,10,16,true,false,true,true,true,false,true,Home/Apartment,House,House/villa,5,76,2,21+,Luxury,true,925,true,196,56,2026-05-13,Phoenix/Scottsdale,Paradise Valley,Scottsdale,Arizona,85260,United States,suburban,https://www.airbnb.com/rooms/29540710,https://a0.muscache.com/im/pictures/prohost-api/Hosting-29540710/original/ae658bc3-3a44-4d68-af25-a6a629b71d9b.jpeg,29540710,1571764,33.5991,-111.91,53.10,=AVERAGE($D$2:$D$596),7.02,"=IFERROR(($AU7-D7)/$AU7,0)",=$AU7-D7,55205,29540710,SWSS Pool • Hot Tub • Putting Green • Sleeps 24,,,,,,,,,
Entertainer's Paradise | Pool & Splash Pad,AZHolidayRental,,198928,324661,3825.54,46.43,270,8,7,16,true,false,true,true,true,true,true,Home/Apartment,Villa,House/villa,4.85,6,3,21+,Luxury,true,960,true,52,9,2026-05-17,Phoenix/Scottsdale,Paradise Valley,Paradise Valley,Arizona,85253,United States,suburban,https://www.airbnb.com/rooms/29878461,https://a0.muscache.com/im/pictures/hosting/Hosting-29878461/original/9f0bff25-73c8-46b2-a7ee-e05b7a05a610.jpeg,29878461,1476461,33.5424,-111.9792,53.10,=AVERAGE($D$2:$D$596),-6.67,"=IFERROR(($AU113-D113)/$AU113,0)",=$AU113-D113,125733,29878461,Entertainer's Paradise | Pool & Splash Pad,,,,,,,,,
New Luxury 5 Star Celebrity Estate,Resort Style Vacation Homes,,339618,423802,2205.31,55.6,277,6,5,15,true,false,true,true,true,true,true,Home/Apartment,House,House/villa,5,223,3,21+,Luxury,true,1135,true,154,37,2026-05-11,Phoenix/Scottsdale,Paradise Valley,Scottsdale,Arizona,85260,United States,suburban,https://www.airbnb.com/rooms/31144235,https://a0.muscache.com/im/pictures/06524f0a-4450-44e4-ac42-1c729b0fc4ca.jpg,31144235,7508464ha,33.59008,-111.91156,47.11,=AVERAGE($D$2:$D$596),8.49,"=IFERROR(($AU34-D34)/$AU34,0)",=$AU34-D34,84184,31144235,New Luxury 5 Star Celebrity Estate,,,,,,,,,
Half Million Dollar Pool with Lazy River,Resort Style Vacation Homes,,508739,564118,2411.09,65.33,323,7,5,16,true,false,true,true,true,true,true,Home/Apartment,House,House/villa,5,232,3,21+,Luxury,true,1423,true,211,49,2026-05-17,Phoenix/Scottsdale,Paradise Valley,Scottsdale,Arizona,85260,United States,suburban,https://www.airbnb.com/rooms/31313260,https://a0.muscache.com/im/pictures/d07e90e5-b26e-4e9e-b268-f88c6b9d1141.jpg,31313260,7517524ha,33.59093,-111.87388,53.10,=AVERAGE($D$2:$D$596),12.23,"=IFERROR(($AU8-D8)/$AU8,0)",=$AU8-D8,55379,31313260,Half Million Dollar Pool with Lazy River,,,,,,,,,
Multi Million Dollar Entertainment Oasis,Resort Style Vacation Homes,,362237,400775,2249.92,50.47,321,8,6,16,true,true,true,true,true,true,true,Home/Apartment,House,House/villa,5,202,3,21+,Luxury,true,1278,true,161,43,2026-05-17,Phoenix/Scottsdale,Paradise Valley,Scottsdale,Arizona,85260,United States,suburban,https://www.airbnb.com/rooms/36420487,https://a0.muscache.com/im/pictures/miso/Hosting-36420487/original/eab74648-4c3a-4cf5-ae76-94064d9124d6.jpeg,36420487,7920464ha,33.58706,-111.89504,53.10,=AVERAGE($D$2:$D$596),-2.63,"=IFERROR(($AU29-D29)/$AU29,0)",=$AU29-D29,38538,36420487,Multi Million Dollar Entertainment Oasis,,,,,,,,,
HÓZHÓ Residence on Cholla,217908712,,107488,108777,1264.56,31.84,279,8,7,16,true,false,true,true,true,false,true,Home/Apartment,House,House/villa,4.8,125,1,21+,Luxury,true,450,false,85,25,2025-11-21,Phoenix/Scottsdale,Paradise Valley,Scottsdale,Arizona,85260,United States,suburban,https://www.airbnb.com/rooms/38402166,https://a0.muscache.com/im/pictures/prohost-api/Hosting-38402166/original/9467fd9a-1515-43fc-85b7-83c3494df0f1.jpeg,38402166,1756552,33.58824,-111.90119,53.10,=AVERAGE($D$2:$D$596),-21.26,"=IFERROR(($AU237-D237)/$AU237,0)",=$AU237-D237,1289,38402166,HÓZHÓ Residence on Cholla,,,,,,,,,
#1 Best Family Friendly House *Kids & Adults* Wow,Resort Style Vacation Homes,,298389,337652,1420.9,67.74,314,5,4,11,true,false,true,true,true,true,true,Home/Apartment,House,House/villa,5,167,3,21+,Luxury,true,1221,true,210,44,2026-05-17,Phoenix/Scottsdale,Paradise Valley,Scottsdale,Arizona,85260,United States,suburban,https://www.airbnb.com/rooms/38429239,https://a0.muscache.com/im/pictures/8e5f7f23-5300-43f0-bf8b-ad69f9099733.jpg,38429239,9120113ha,33.60907,-111.91508,52.34,=AVERAGE($D$2:$D$596),15.40,"=IFERROR(($AU47-D47)/$AU47,0)",=$AU47-D47,39263,38429239,#1 Best Family Friendly House *Kids & Adults* Wow,,,,,,,,,
Million$Luxury Dream Villa+SportCourt+PuttPutt+Spa,List My Rental Home,,158939,164164,1406.54,33.53,355,6,5,16,true,false,false,true,true,false,true,Home/Apartment,House,House/villa,4.65,116,4,21+,Luxury,true,756,true,113,31,2026-05-13,Phoenix/Scottsdale,Paradise Valley,Scottsdale,Arizona,85259,United States,suburban,https://www.airbnb.com/rooms/38460150,https://a0.muscache.com/im/pictures/prohost-api/Hosting-38460150/original/65a4b499-03f6-42d6-834b-9b1080a0463d.jpeg,38460150,1766891,33.60246,-111.85646,47.11,=AVERAGE($D$2:$D$596),-13.58,"=IFERROR(($AU156-D156)/$AU156,0)",=$AU156-D156,5225,38460150,Million$Luxury Dream Villa+SportCourt+PuttPutt+Spa,,,,,,,,,
"Water Slide & Grotto Pool, Theater, Hot Tub",217908712,,271106,296489,1585.42,52.78,324,7,5,16,true,true,true,true,true,false,true,Home/Apartment,House,House/villa,4.75,22,4,21+,Luxury,true,603,false,171,42,2026-05-17,Phoenix/Scottsdale,Paradise Valley,Scottsdale,Arizona,85260,United States,suburban,https://www.airbnb.com/rooms/39223606,https://a0.muscache.com/im/pictures/prohost-api/Hosting-39223606/original/8981aff1-eb50-48ab-8408-24335e0cc95d.jpeg,39223606,,33.6063,-111.9184,53.10,=AVERAGE($D$2:$D$596),-0.32,"=IFERROR(($AU66-D66)/$AU66,0)",=$AU66-D66,25383,39223606,"Water Slide & Grotto Pool, Theater, Hot Tub",,,,,,,,,
Mountain View Retreat | Theater and Guest House,LuxeKey,,139278,165102,1497.61,33.7,324,7,7,16,true,false,true,true,true,true,true,Home/Apartment,House,House/villa,4.85,65,3,21+,Luxury,true,648,true,93,25,2026-05-13,Phoenix/Scottsdale,Paradise Valley,Paradise Valley,Arizona,85253,United States,suburban,https://www.airbnb.com/rooms/41260274,https://a0.muscache.com/im/pictures/prohost-api/Hosting-41260274/original/490aa2fb-1d2a-45ee-9563-bdaca04e9594.jpeg,41260274,2616340,33.57473,-111.94314,53.10,=AVERAGE($D$2:$D$596),-19.40,"=IFERROR(($AU187-D187)/$AU187,0)",=$AU187-D187,25824,41260274,Mountain View Retreat | Theater and Guest House,,,,,,,,,
Magnificent 10 Bedroom Scottsdale AZ Mansion,Resort Style Vacation Homes,,291195,341609,2274.96,47.94,307,10,8,16,true,false,true,true,true,true,true,Home/Apartment,House,House/villa,5,224,3,21+,Luxury,true,1450,true,128,36,2026-05-17,Phoenix/Scottsdale,Cave Creek,Cave Creek,Arizona,85331,United States,suburban,https://www.airbnb.com/rooms/41430639,https://a0.muscache.com/im/pictures/7174682e-c985-4da1-9953-d95b27492811.jpg,41430639,9333330ha,33.75625,-111.94614,49.30,=AVERAGE($D$2:$D$329),-1.36,"=IFERROR(($AU13-D13)/$AU13,0)",=$AU13-D13,50414,41430639,Magnificent 10 Bedroom Scottsdale AZ Mansion,,,,,,,,,
"Dream Estate with Pool, Hot Tub, lots of Games",I Love Vacations - Scottsdale,,182810,195727,1439.45,51,250,6,4,16,true,false,true,true,true,true,true,Home/Apartment,House,House/villa,4.95,77,2,21+,Luxury,true,648,true,127,36,2026-05-13,Phoenix/Scottsdale,Paradise Valley,Scottsdale,Arizona,85254,United States,suburban,https://www.airbnb.com/rooms/44394253,https://a0.muscache.com/im/pictures/prohost-api/Hosting-44394253/original/76264b8f-6402-42f7-bf09-5fa06376953c.jpeg,44394253,1920819,33.6357,-111.9712,47.11,=AVERAGE($D$2:$D$596),3.89,"=IFERROR(($AU132-D132)/$AU132,0)",=$AU132-D132,12917,44394253,"Dream Estate with Pool, Hot Tub, lots of Games",,,,,,,,,
HÓZHÓ Residence on Larkspur,15015202,,298337,340653,1864.61,50.79,316,7,4,16,true,false,true,true,true,false,true,Home/Apartment,House,House/villa,4.8,133,4,21+,Luxury,true,606,false,160,41,2026-05-11,Phoenix/Scottsdale,Paradise Valley,Scottsdale,Arizona,85260,United States,suburban,https://www.airbnb.com/rooms/45144065,https://a0.muscache.com/im/pictures/prohost-api/Hosting-45144065/original/ea6def72-6dc4-4a4e-898e-b33edf2c1cb4.jpeg,45144065,4581268,33.6004,-111.9072,53.10,=AVERAGE($D$2:$D$596),-2.31,"=IFERROR(($AU48-D48)/$AU48,0)",=$AU48-D48,42316,45144065,HÓZHÓ Residence on Larkspur,,,,,,,,,
Relax & Play -Ultimate Retreat- Pickleball & more!,VacayAZ,,286512,316639,2170.55,40.87,335,7,7,16,true,false,true,true,true,true,true,Home/Apartment,House,House/villa,4.95,142,3,21+,Luxury,true,1542,true,132,40,2026-05-11,Phoenix/Scottsdale,Paradise Valley,Scottsdale,Arizona,85260,United States,suburban,https://www.airbnb.com/rooms/45273992,https://a0.muscache.com/im/pictures/a66a6289-d806-4fad-83e4-3bae74e3b460.jpg,45273992,2061365,33.58575,-111.91519,53.10,=AVERAGE($D$2:$D$596),-12.23,"=IFERROR(($AU54-D54)/$AU54,0)",=$AU54-D54,30127,45273992,Relax & Play -Ultimate Retreat- Pickleball & more!,,,,,,,,,
"7BR Villa De Paradis: Pool, Slide & Ultimate Relax",15015202,,126314,180944,1684.19,39.89,216,7,5,16,true,true,true,true,true,false,true,Home/Apartment,House,House/villa,4.7,145,5,21+,Luxury,true,400,true,75,18,2025-05-02,Phoenix/Scottsdale,Paradise Valley,Scottsdale,Arizona,85260,United States,suburban,https://www.airbnb.com/rooms/46266029,https://a0.muscache.com/im/pictures/prohost-api/Hosting-46266029/original/79a8fc1d-f234-403e-9ad7-d8a53c48d77e.jpeg,46266029,1382003,33.60654,-111.91891,53.10,=AVERAGE($D$2:$D$596),-13.21,"=IFERROR(($AU204-D204)/$AU204,0)",=$AU204-D204,54630,46266029,"7BR Villa De Paradis: Pool, Slide & Ultimate Relax",,,,,,,,,
HOZHO Residence on Cholla,15015202,,276079,314811,1693.74,51.1,319,8,7,16,true,false,true,true,true,false,true,Home/Apartment,House,House/villa,4.8,128,4,21+,Luxury,true,605,false,163,45,2026-05-17,Phoenix/Scottsdale,Paradise Valley,Scottsdale,Arizona,85260,United States,suburban,https://www.airbnb.com/rooms/46283867,https://a0.muscache.com/im/pictures/prohost-api/Hosting-46283867/original/0c09aaad-1f76-414a-93dc-25f30be94d8f.jpeg,46283867,4584628,33.5882,-111.9012,53.10,=AVERAGE($D$2:$D$596),-2,"=IFERROR(($AU63-D63)/$AU63,0)",=$AU63-D63,38732,46283867,HOZHO Residence on Cholla,,,,,,,,,
HOZHO Residence on Cactus,15015202,,192222,240137,1423.87,48.04,291,7,6,16,true,false,true,true,true,true,true,Home/Apartment,House,House/villa,4.85,88,4,21+,Luxury,true,604,false,135,39,2026-05-17,Phoenix/Scottsdale,Paradise Valley,Scottsdale,Arizona,85260,United States,suburban,https://www.airbnb.com/rooms/46363431,https://a0.muscache.com/im/pictures/prohost-api/Hosting-46363431/original/d02aacc6-b81d-4e86-8658-8f4acaccc4e2.jpeg,46363431,4581270,33.5969,-111.8974,53.10,=AVERAGE($D$2:$D$596),-5.06,"=IFERROR(($AU120-D120)/$AU120,0)",=$AU120-D120,47915,46363431,HOZHO Residence on Cactus,,,,,,,,,
Million$ParadiseResort w/Waterslide+Picklebal+Golf,List My Rental Home,,246533,258455,1476.25,49.55,337,5,3,16,true,false,false,true,true,false,true,Home/Apartment,Villa,House/villa,4.85,101,4,21+,Luxury,true,738,true,167,43,2026-05-11,Phoenix/Scottsdale,Paradise Valley,Scottsdale,Arizona,85259,United States,suburban,https://www.airbnb.com/rooms/46448568,https://a0.muscache.com/im/pictures/prohost-api/Hosting-46448568/original/61a8da75-cdcb-4616-8140-b5a9f67e8cba.jpeg,46448568,2385414,33.60059,-111.85591,52.34,=AVERAGE($D$2:$D$596),-2.79,"=IFERROR(($AU80-D80)/$AU80,0)",=$AU80-D80,11922,46448568,Million$ParadiseResort w/Waterslide+Picklebal+Golf,,,,,,,,,
Scottsdale Luxury Villa | Resort Pool & Spa,AZHolidayRental,,120047,211603,2609.72,47.92,243,6,7,14,true,true,true,true,true,true,true,Home/Apartment,Villa,House/villa,4.9,10,3,21+,Luxury,true,908,true,46,9,2026-05-17,Phoenix/Scottsdale,Paradise Valley,Scottsdale,Arizona,85260,United States,suburban,https://www.airbnb.com/rooms/46643799,https://a0.muscache.com/im/pictures/ef7e3338-04f4-4432-8209-008d1cededac.jpg,46643799,1844745,33.5826,-111.9183,47.11,=AVERAGE($D$2:$D$596),0.81,"=IFERROR(($AU214-D214)/$AU214,0)",=$AU214-D214,91556,46643799,Scottsdale Luxury Villa | Resort Pool & Spa,,,,,,,,,
"Entertainment Galore! Heated Pool, Spa, Game Room",HÁZ Vacation Rentals,,109968,122297,1122.12,38.74,319,5,3,14,true,false,true,true,true,false,true,Home/Apartment,Villa,House/villa,4.9,79,3,21+,Luxury,true,645,true,98,16,2026-05-13,Phoenix/Scottsdale,Cave Creek,Cave Creek,Arizona,85331,United States,suburban,https://www.airbnb.com/rooms/47548859,https://a0.muscache.com/im/pictures/hosting/Hosting-47548859/original/d6d22e5a-ef6b-4b6e-9b41-d9a044b9a942.jpeg,47548859,2171318,33.756,-111.942,44.20,=AVERAGE($D$2:$D$329),-5.46,"=IFERROR(($AU37-D37)/$AU37,0)",=$AU37-D37,12329,47548859,"Entertainment Galore! Heated Pool, Spa, Game Room",,,,,,,,,
Luxury Desert Oasis+Sport Court+Theater+Golf+ Spa,List My Rental Home,,126460,133763,1317.29,31.07,340,6,3,16,true,false,true,true,true,false,true,Home/Apartment,House,House/villa,4.8,118,4,21+,Luxury,true,737,true,96,31,2026-05-13,Phoenix/Scottsdale,Paradise Valley,Scottsdale,Arizona,85254,United States,suburban,https://www.airbnb.com/rooms/48184189,https://a0.muscache.com/im/pictures/prohost-api/Hosting-48184189/original/6c090b86-3567-4dc3-9e13-f077bbdf01b1.jpeg,48184189,2210871,33.61359,-111.93804,47.11,=AVERAGE($D$2:$D$596),-16.04,"=IFERROR(($AU203-D203)/$AU203,0)",=$AU203-D203,7303,48184189,Luxury Desert Oasis+Sport Court+Theater+Golf+ Spa,,,,,,,,,
Private Flagstaff Duplex w/ Spa & Fire Pit,REBL Rentals,,134765,138153,1308.4,34.45,299,10,6,16,false,false,true,true,true,true,false,Home/Apartment,House,House/villa,4.35,26,2,21+,Luxury,false,600,true,103,37,2025-08-31,Flagstaff,Flagstaff,Flagstaff,Arizona,86001,United States,mid_size_city,https://www.airbnb.com/rooms/48396425,https://a0.muscache.com/im/pictures/prohost-api/Hosting-48396425/original/9586e2c0-c743-420e-a593-cb7a536c0a90.jpeg,48396425,3430458,35.19834,-111.65906,40.01,=AVERAGE($D$2:$D$130),-5.56,"=IFERROR(($AU25-D25)/$AU25,0)",=$AU25-D25,3388,48396425,Private Flagstaff Duplex w/ Spa & Fire Pit,,,,,,,,,
The Juniper-Gathering Tree's Ultimate 12 suite D,6571387,,226230,227162,2094.72,31.03,363,12,12,16,true,false,true,true,true,false,false,Home/Apartment,House,House/villa,5,119,3,21+,Luxury,true,781,true,108,30,2026-05-13,Flagstaff,Flagstaff,Flagstaff,Arizona,86001,United States,mid_size_city,https://www.airbnb.com/rooms/48609035,https://a0.muscache.com/im/pictures/prohost-api/Hosting-48609035/original/d78431b8-c76f-4505-8255-acc95e0540c8.jpeg,48609035,2239999,35.19136,-111.64631,40.01,=AVERAGE($D$2:$D$130),-8.98,"=IFERROR(($AU10-D10)/$AU10,0)",=$AU10-D10,932,48609035,The Juniper-Gathering Tree's Ultimate 12 suite D,,,,,,,,,
Paradise Castle+PickleballCrt+Putt+SpaRoom+GameRm,List My Rental Home,,310961,339800,1907.74,49.85,327,7,5,16,true,true,true,true,true,false,true,Home/Apartment,House,House/villa,4.85,141,4,21+,Luxury,true,788,true,163,47,2026-05-11,Phoenix/Scottsdale,Paradise Valley,Scottsdale,Arizona,85259,United States,suburban,https://www.airbnb.com/rooms/48756329,https://a0.muscache.com/im/pictures/prohost-api/Hosting-48756329/original/cc8470e1-7df8-43b4-8e2d-740ed4f6c3f6.jpeg,48756329,2832008,33.59083,-111.85398,53.10,=AVERAGE($D$2:$D$596),-3.25,"=IFERROR(($AU39-D39)/$AU39,0)",=$AU39-D39,28839,48756329,Paradise Castle+PickleballCrt+Putt+SpaRoom+GameRm,,,,,,,,,
Live the High Life - Lavish Scottsdale Home,VacayAZ,,329691,344688,1498.6,63.4,347,5,4,14,true,false,true,true,true,true,true,Home/Apartment,House,House/villa,4.95,104,3,21+,Luxury,true,1128,true,220,63,2026-05-17,Phoenix/Scottsdale,Paradise Valley,Scottsdale,Arizona,85254,United States,suburban,https://www.airbnb.com/rooms/48848735,https://a0.muscache.com/im/pictures/prohost-api/Hosting-48848735/original/553eb11b-847f-43db-ad8c-3c2250854f59.jpeg,48848735,2288017,33.5878,-111.92384,52.34,=AVERAGE($D$2:$D$596),11.06,"=IFERROR(($AU37-D37)/$AU37,0)",=$AU37-D37,14997,48848735,Live the High Life - Lavish Scottsdale Home,,,,,,,,,
Scottsdalestays 9BDRM Multimillion Estate-Pool-Spa,238954779,,148929,191613,1353.9,40.59,293,9,5,16,true,false,true,true,true,true,true,Home/Apartment,House,House/villa,4.7,133,3,21+,Luxury,false,390,true,110,33,2026-05-11,Phoenix/Scottsdale,Paradise Valley,Scottsdale,Arizona,85254,United States,suburban,https://www.airbnb.com/rooms/49963832,https://a0.muscache.com/im/pictures/prohost-api/Hosting-49963832/original/430ad447-4e36-46a0-b011-9d6513dad24d.jpeg,49963832,2011827,33.60616,-111.94397,53.10,=AVERAGE($D$2:$D$596),-12.51,"=IFERROR(($AU171-D171)/$AU171,0)",=$AU171-D171,42684,49963832,Scottsdalestays 9BDRM Multimillion Estate-Pool-Spa,,,,,,,,,
Million $ Desert Dream + Waterslide + Pickleball Court + Golf,List My Rental Home,,212463,271701,1686.21,42.57,299,6,4,16,true,false,true,true,true,false,true,Home/Apartment,House,House/villa,4.9,115,4,21+,Luxury,true,775,true,126,35,2026-05-11,Phoenix/Scottsdale,Paradise Valley,Scottsdale,Arizona,85254,United States,suburban,https://www.airbnb.com/rooms/50197748,https://a0.muscache.com/im/pictures/prohost-api/Hosting-50197748/original/97db83f5-118e-4867-b5b4-fb9425f6e69c.jpeg,50197748,2356253,33.60618,-111.94268,47.11,=AVERAGE($D$2:$D$596),-4.54,"=IFERROR(($AU105-D105)/$AU105,0)",=$AU105-D105,59238,50197748,Million $ Desert Dream + Waterslide + Pickleball Court + Golf,,,,,,,,,
Luxe Desert Compound | Private Heated Pool,Heirloom,,141075,152480,1369.66,41.04,251,8,5,16,true,false,true,true,true,false,true,Home/Apartment,House,House/villa,4.6,129,2,21+,Luxury,true,500,true,103,29,2025-07-16,Phoenix/Scottsdale,Paradise Valley,Scottsdale,Arizona,85254,United States,suburban,https://www.airbnb.com/rooms/50593672,https://a0.muscache.com/im/pictures/prohost-api/Hosting-50593672/original/be8bf4e1-6c19-43f8-9ac6-7e4efa05902b.jpeg,50593672,2363794,33.5847775,-111.9439351,53.10,=AVERAGE($D$2:$D$596),-12.06,"=IFERROR(($AU181-D181)/$AU181,0)",=$AU181-D181,11405,50593672,Luxe Desert Compound | Private Heated Pool,,,,,,,,,
"Pet Friendly, Extravagant North Scottsdale Estate - Theater, Bball & more!",VacayAZ,,150930,193011,1540.1,38.58,273,7,5,16,true,false,true,true,true,true,true,Home/Apartment,House,House/villa,4.9,114,3,21+,Luxury,true,1335,true,98,27,2026-05-17,Phoenix/Scottsdale,Cave Creek,Cave Creek,Arizona,85331,United States,suburban,https://www.airbnb.com/rooms/50637185,https://a0.muscache.com/im/pictures/prohost-api/Hosting-50637185/original/0404fb05-d5d2-4f94-b84c-bfded28ce915.jpeg,50637185,2373557,33.76406,-111.96093,49.30,=AVERAGE($D$2:$D$329),-10.72,"=IFERROR(($AU21-D21)/$AU21,0)",=$AU21-D21,42081,50637185,"Pet Friendly, Extravagant North Scottsdale Estate - Theater, Bball & more!",,,,,,,,,
ParadiseValleyMillion$ Estate+Golf+Boccee+Casita,List My Rental Home,,213424,241718,1546.55,41.69,331,5,6,15,true,false,false,true,true,false,true,Home/Apartment,House,House/villa,4.85,107,4,21+,Luxury,true,784,true,138,39,2026-05-13,Phoenix/Scottsdale,Paradise Valley,Paradise Valley,Arizona,85253,United States,suburban,https://www.airbnb.com/rooms/50794628,https://a0.muscache.com/im/pictures/prohost-api/Hosting-50794628/original/4036010d-eae6-4397-868c-83fb7b04daff.jpeg,50794628,2385360,33.57343,-111.97696,52.34,=AVERAGE($D$2:$D$596),-10.65,"=IFERROR(($AU103-D103)/$AU103,0)",=$AU103-D103,28294,50794628,ParadiseValleyMillion$ Estate+Golf+Boccee+Casita,,,,,,,,,
"Scottsdale Fabulous: Golf & MT Views, Pvt Htd POOL w/Waterfall, Game Room, TVs & King Beds All BRs",Arizona Vacation Home Rentals,,250247,266948,3475.65,30.13,319,6,4,16,true,false,false,true,true,false,true,Home/Apartment,House,House/villa,5,18,1,21+,Luxury,false,654,true,72,18,2022-04-26,Phoenix/Scottsdale,Fountain Hills,Fountain Hills,Arizona,85268,United States,suburban,https://www.airbnb.com/rooms/51713856,https://a0.muscache.com/im/pictures/prohost-api/Hosting-51713856/original/eee3c1c0-87a4-4edb-98bb-7eeb5ccf3c0f.jpeg?aki_policy=x_large,51713856,2388279,33.60262,-111.75543,27.56,=AVERAGE($D$2:$D$134),2.57,"=IFERROR(($AU2-D2)/$AU2,0)",=$AU2-D2,16701,51713856,"Scottsdale Fabulous: Golf & MT Views, Pvt Htd POOL w/Waterfall, Game Room, TVs & King Beds All BRs",,,,,,,,,
"Phoenician Villa | Sauna, Pool & Spa",AZHolidayRental,,124248,167473,1882.55,45.21,322,7,6,16,true,true,true,true,true,true,true,Home/Apartment,Villa,House/villa,4.95,15,3,21+,Luxury,true,834,true,66,9,2026-05-14,Phoenix/Scottsdale,Paradise Valley,Scottsdale,Arizona,85254,United States,suburban,https://www.airbnb.com/rooms/52244259,https://a0.muscache.com/im/pictures/hosting/Hosting-52244259/original/2dc7ec65-152a-4609-8d06-28f006ac1ee8.jpeg,52244259,2432244,33.5854,-111.9467,53.10,=AVERAGE($D$2:$D$596),-7.89,"=IFERROR(($AU208-D208)/$AU208,0)",=$AU208-D208,43225,52244259,"Phoenician Villa | Sauna, Pool & Spa",,,,,,,,,
Paradise Canyon-Infinity Pool-Mnt Views-Estate 3,GoodNight Stay,,132386,185101,1521.68,52.1,291,8,8,16,true,false,true,true,true,true,true,Home/Apartment,House,House/villa,4.55,11,2,21+,Luxury,false,1050,true,87,24,2026-05-14,Phoenix/Scottsdale,Cave Creek,Fort Mcdowell,Arizona,85264,United States,suburban,https://www.airbnb.com/rooms/52418833,https://a0.muscache.com/im/pictures/hosting/Hosting-52418833/original/5ebd1118-7c5a-4a5c-b60e-0ce19a0c0493.png,52418833,20193814ha,33.62395,-111.60918,49.30,=AVERAGE($D$2:$D$329),2.80,"=IFERROR(($AU24-D24)/$AU24,0)",=$AU24-D24,52715,52418833,Paradise Canyon-Infinity Pool-Mnt Views-Estate 3,,,,,,,,,
Scottsdale 9BR HÓZHÓ Haven,15015202,,676313,743461,5830.28,41.88,281,9,7,16,true,false,true,true,true,false,true,Home/Apartment,House,House/villa,5,2,5,21+,Luxury,true,500,true,116,24,2025-05-12,Phoenix/Scottsdale,Cave Creek,Scottsdale,Arizona,85266,United States,suburban,https://www.airbnb.com/rooms/52572848,https://a0.muscache.com/im/pictures/prohost-api/Hosting-52572848/original/1dc30a5a-c2c3-4f02-b482-706ef0a4f03b.jpeg,52572848,3988036,33.755,-111.91195,49.30,=AVERAGE($D$2:$D$329),-7.42,"=IFERROR(($AU4-D4)/$AU4,0)",=$AU4-D4,67148,52572848,Scottsdale 9BR HÓZHÓ Haven,,,,,,,,,
The Hozho Horizon Estate,217908712,,569044,745713,4516.22,50.4,274,11,10,16,true,true,true,true,true,false,true,Home/Apartment,House,House/villa,4.9,47,4,21+,Luxury,true,1104,false,126,33,2026-05-11,Phoenix/Scottsdale,Cave Creek,Scottsdale,Arizona,85266,United States,suburban,https://www.airbnb.com/rooms/53132409,https://a0.muscache.com/im/pictures/prohost-api/Hosting-53132409/original/3760a856-b872-47da-8059-71e77f115ae3.jpeg,53132409,2505961,33.7535,-111.9019,49.30,=AVERAGE($D$2:$D$329),1.10,"=IFERROR(($AU5-D5)/$AU5,0)",=$AU5-D5,176669,53132409,The Hozho Horizon Estate,,,,,,,,,
SWSS Pool • Golf Simulator • Sauna • Cold Plunge,StayWithStyleScottsdale,,484483,545355,2446.88,64.92,305,8,7,16,true,false,true,true,true,false,true,Home/Apartment,House,House/villa,4.95,46,2,21+,Luxury,true,875,true,198,52,2026-05-17,Phoenix/Scottsdale,Paradise Valley,Scottsdale,Arizona,85260,United States,suburban,https://www.airbnb.com/rooms/53329294,https://a0.muscache.com/im/pictures/prohost-api/Hosting-53329294/original/e0f20ece-440b-44c9-833b-37572a926602.jpeg,53329294,2544935,33.5915,-111.9154,53.10,=AVERAGE($D$2:$D$596),11.82,"=IFERROR(($AU13-D13)/$AU13,0)",=$AU13-D13,60872,53329294,SWSS Pool • Golf Simulator • Sauna • Cold Plunge,,,,,,,,,
"Arcades,Golf,Pickleball,Theater,Gym &Swim-up Bar!",Porter VRM,,300187,361873,1443.21,68.42,304,7,4,16,true,true,true,true,true,true,true,Home/Apartment,House,House/villa,4.65,90,4,21+,Luxury,false,826,true,208,56,2026-05-17,Phoenix/Scottsdale,Paradise Valley,Scottsdale,Arizona,85260,United States,suburban,https://www.airbnb.com/rooms/53478007,https://a0.muscache.com/im/pictures/prohost-api/Hosting-53478007/original/797195e3-72dd-4da6-9b2a-e62f9746abd4.jpeg,53478007,1717920,33.5858,-111.8712,53.10,=AVERAGE($D$2:$D$596),15.32,"=IFERROR(($AU45-D45)/$AU45,0)",=$AU45-D45,61686,53478007,"Arcades,Golf,Pickleball,Theater,Gym &Swim-up Bar!",,,,,,,,,
The Hozho Serenity Estate,217908712,,561167,619036,2791.88,62.42,322,8,8,16,true,true,true,true,true,false,true,Home/Apartment,House,House/villa,4.95,73,4,21+,Luxury,true,2106,false,201,48,2026-05-13,Phoenix/Scottsdale,Cave Creek,Scottsdale,Arizona,85266,United States,suburban,https://www.airbnb.com/rooms/54121795,https://a0.muscache.com/im/pictures/prohost-api/Hosting-54121795/original/1a22a591-89a1-4710-89cf-ce5fcf45235a.jpeg,54121795,2617321,33.7543,-111.9034,49.30,=AVERAGE($D$2:$D$329),13.12,"=IFERROR(($AU6-D6)/$AU6,0)",=$AU6-D6,57869,54121795,The Hozho Serenity Estate,,,,,,,,,
Scottsdale Desert Retreat: 8BR Secluded Paradise,15015202,,136160,206837,3404,23.95,167,8,8,16,true,true,true,true,true,false,true,Home/Apartment,House,House/villa,0,0,5,21+,Luxury,true,700,true,40,9,2025-04-26,Phoenix/Scottsdale,Cave Creek,Scottsdale,Arizona,85266,United States,suburban,https://www.airbnb.com/rooms/54123276,https://a0.muscache.com/im/pictures/prohost-api/Hosting-54123276/original/23013cc6-5abe-4816-afed-537dc0857d26.jpeg,54123276,,33.75339,-111.90345,49.30,=AVERAGE($D$2:$D$329),-25.35,"=IFERROR(($AU23-D23)/$AU23,0)",=$AU23-D23,70677,54123276,Scottsdale Desert Retreat: 8BR Secluded Paradise,,,,,,,,,
Paradise Palace - 9BR Premier Private Compound,VacayAZ,,248471,308675,1956.46,42.76,302,9,7,16,true,false,true,true,true,true,true,Home/Apartment,House,House/villa,4.9,99,3,21+,Luxury,true,1779,true,127,35,2026-05-11,Phoenix/Scottsdale,Paradise Valley,Scottsdale,Arizona,85260,United States,suburban,https://www.airbnb.com/rooms/54264403,https://a0.muscache.com/im/pictures/prohost-api/Hosting-54264403/original/563304e1-8bcb-4f16-915d-474ebdee64be.jpeg,54264403,2622264,33.5943,-111.86271,53.10,=AVERAGE($D$2:$D$596),-10.34,"=IFERROR(($AU78-D78)/$AU78,0)",=$AU78-D78,60204,54264403,Paradise Palace - 9BR Premier Private Compound,,,,,,,,,
SWSS Pool • Water Slide • Tennis & Pickleball,StayWithStyleScottsdale,,428080,471591,2129.75,60.91,330,7,7,16,true,true,true,true,true,false,true,Home/Apartment,House,House/villa,5,81,2,21+,Luxury,true,925,true,201,45,2026-05-17,Phoenix/Scottsdale,Paradise Valley,Scottsdale,Arizona,85260,United States,suburban,https://www.airbnb.com/rooms/54281814,https://a0.muscache.com/im/pictures/prohost-api/Hosting-54281814/original/54d46dd8-a263-408e-bea6-4023784bfb4a.jpeg,54281814,2215918,33.6076,-111.9047,53.10,=AVERAGE($D$2:$D$596),7.81,"=IFERROR(($AU21-D21)/$AU21,0)",=$AU21-D21,43511,54281814,SWSS Pool • Water Slide • Tennis & Pickleball,,,,,,,,,
Renovated | Famous Cabin | Hot Tub | AC | Mountain,Dwell Rentals,,147304,157824,950.35,45.72,339,6,3,14,true,false,true,true,true,false,false,Home/Apartment,House,House/villa,4.95,161,4,21+,Luxury,true,418,true,155,47,2026-05-10,Flagstaff,Flagstaff,Flagstaff,Arizona,86004,United States,mid_size_city,https://www.airbnb.com/rooms/568147624472220413,https://a0.muscache.com/im/pictures/prohost-api/Hosting-568147624472220413/original/e196b44e-17da-4ece-b023-4a41bdef2b93.jpeg,568147624472220413,2677911,35.1998,-111.5861,43.98,=AVERAGE($D$2:$D$130),1.74,"=IFERROR(($AU20-D20)/$AU20,0)",=$AU20-D20,10520,568147624472220413,Renovated | Famous Cabin | Hot Tub | AC | Mountain,,,,,,,,,
SWSS 2 Homes • Pool • Splash Pad • Putting Green,StayWithStyleScottsdale,,277755,306002,1587.17,54.86,319,7,5,16,true,false,true,true,true,false,true,Home/Apartment,House,House/villa,4.95,50,2,21+,Luxury,true,825,true,175,45,2026-05-11,Phoenix/Scottsdale,Paradise Valley,Scottsdale,Arizona,85254,United States,suburban,https://www.airbnb.com/rooms/569076659909289772,https://a0.muscache.com/im/pictures/prohost-api/Hosting-569076659909289772/original/5dcc016b-c098-4fa7-bcdf-c83faf6b743a.jpeg,569076659909289772,2519023,33.61,-111.9447,53.10,=AVERAGE($D$2:$D$596),1.76,"=IFERROR(($AU60-D60)/$AU60,0)",=$AU60-D60,28247,569076659909289772,SWSS 2 Homes • Pool • Splash Pad • Putting Green,,,,,,,,,
The Hozho Tranquility Estate,217908712,,359866,391197,2448.07,44.41,331,8,9,16,true,true,true,true,true,false,true,Home/Apartment,House,House/villa,4.85,46,4,21+,Luxury,true,1128,false,147,39,2026-05-17,Phoenix/Scottsdale,Cave Creek,Scottsdale,Arizona,85266,United States,suburban,https://www.airbnb.com/rooms/587134761793595239,https://a0.muscache.com/im/pictures/prohost-api/Hosting-587134761793595239/original/ef54dbf3-b63e-4242-80e0-5a8894027f93.jpeg,587134761793595239,2682732,33.7535,-111.9019,49.30,=AVERAGE($D$2:$D$329),-4.89,"=IFERROR(($AU8-D8)/$AU8,0)",=$AU8-D8,31331,587134761793595239,The Hozho Tranquility Estate,,,,,,,,,
Be in the Heart of Scottsdale with a Heated Pool!,30487894,,109729,112920,1232.91,32.13,341,5,4,12,true,false,true,true,true,false,true,Home/Apartment,House,House/villa,4.9,47,3,21+,Luxury,true,398,true,89,16,2026-05-13,Phoenix/Scottsdale,Paradise Valley,Scottsdale,Arizona,85254,United States,suburban,https://www.airbnb.com/rooms/603526711316509149,https://a0.muscache.com/im/pictures/miso/Hosting-603526711316509149/original/b5be8339-c812-4051-a6d1-a4878fdb25e8.jpeg,603526711316509149,2754811,33.593,-111.9639,52.34,=AVERAGE($D$2:$D$596),-20.21,"=IFERROR(($AU232-D232)/$AU232,0)",=$AU232-D232,3191,603526711316509149,Be in the Heart of Scottsdale with a Heated Pool!,,,,,,,,,
The Ponderosa-Gathering Tree's Deluxe Group Stay,6571387,,211987,228419,1461.98,42.77,339,8,8,16,true,false,true,true,true,false,false,Home/Apartment,House,House/villa,5,118,3,21+,Luxury,true,781,true,145,36,2026-05-11,Flagstaff,Flagstaff,Flagstaff,Arizona,86001,United States,mid_size_city,https://www.airbnb.com/rooms/636293369689100810,https://a0.muscache.com/im/pictures/prohost-api/Hosting-636293369689100810/original/198b0bf5-f676-43d8-91ad-017bc84d867a.jpeg,636293369689100810,3019110,35.20321,-111.6361,40.01,=AVERAGE($D$2:$D$130),2.76,"=IFERROR(($AU11-D11)/$AU11,0)",=$AU11-D11,16432,636293369689100810,The Ponderosa-Gathering Tree's Deluxe Group Stay,,,,,,,,,
2 Homes in 1 | Pickleball Court + Hidden Speakeasy,Excelsior Stays,,496626,699571,2559.93,74.33,261,8,8,16,true,true,true,true,true,true,true,Home/Apartment,Villa,House/villa,4.85,160,3,21+,Luxury,false,900,false,194,65,2026-05-17,Phoenix/Scottsdale,Paradise Valley,Scottsdale,Arizona,85254,United States,suburban,https://www.airbnb.com/rooms/692182642472276576,https://a0.muscache.com/im/pictures/prohost-api/Hosting-692182642472276576/original/6d47127f-2ba6-40fa-88d2-02b5f81c538d.jpeg,692182642472276576,2960065,33.5859,-111.9535,53.10,=AVERAGE($D$2:$D$596),21.23,"=IFERROR(($AU11-D11)/$AU11,0)",=$AU11-D11,202945,692182642472276576,2 Homes in 1 | Pickleball Court + Hidden Speakeasy,,,,,,,,,
"HÓZHÓ on Course with Pool, Courts and Fire Pit",482928211,,472797,541528,2437.1,61.59,315,9,7,16,true,false,true,true,true,false,true,Home/Apartment,House,House/villa,5,97,4,21+,Luxury,true,1071,true,194,52,2026-05-17,Phoenix/Scottsdale,Paradise Valley,Scottsdale,Arizona,85254,United States,suburban,https://www.airbnb.com/rooms/734144221994093791,https://a0.muscache.com/im/pictures/prohost-api/Hosting-734144221994093791/original/76f640b8-324a-4695-b344-3d9dd8bd3e43.jpeg,734144221994093791,3052112,33.585,-111.9575,53.10,=AVERAGE($D$2:$D$596),8.49,"=IFERROR(($AU15-D15)/$AU15,0)",=$AU15-D15,68731,734144221994093791,"HÓZHÓ on Course with Pool, Courts and Fire Pit",,,,,,,,,
"7BR in PV | Heated Lazy River, Spa, Gym & Theater",Revana Realty,,281314,402712,3473.01,50.94,246,7,7,16,true,true,true,true,true,true,true,Home/Apartment,Villa,House/villa,5,6,4,21+,Luxury,true,1134,true,81,19,2026-05-13,Phoenix/Scottsdale,Paradise Valley,Paradise Valley,Arizona,85253,United States,suburban,https://www.airbnb.com/rooms/736238756356863638,https://a0.muscache.com/im/pictures/hosting/Hosting-U3RheVN1cHBseUxpc3Rpbmc6NzM2MjM4NzU2MzU2ODYzNjM4/original/07bb271d-3bbb-475d-b3ec-9ffb5481468d.jpeg,736238756356863638,3056886,33.5428,-111.9312,53.10,=AVERAGE($D$2:$D$596),-2.16,"=IFERROR(($AU58-D58)/$AU58,0)",=$AU58-D58,121398,736238756356863638,"7BR in PV | Heated Lazy River, Spa, Gym & Theater",,,,,,,,,
"Luxury Oasis | Lazy River, Pool & Sport Court",AZHolidayRental,,373536,547294,3735.36,40.65,263,7,7,16,true,true,true,true,true,true,true,Home/Apartment,Villa,House/villa,4.4,5,3,21+,Luxury,true,1134,true,100,24,2026-05-13,Phoenix/Scottsdale,Paradise Valley,Paradise Valley,Arizona,85253,United States,suburban,https://www.airbnb.com/rooms/738490542400005578,https://a0.muscache.com/im/pictures/miso/Hosting-738490542400005578/original/c2078c47-49f3-4435-ad2a-cf949a67f423.jpeg,738490542400005578,3112266,33.5428,-111.9312,53.10,=AVERAGE($D$2:$D$596),-12.45,"=IFERROR(($AU26-D26)/$AU26,0)",=$AU26-D26,173758,738490542400005578,"Luxury Oasis | Lazy River, Pool & Sport Court",,,,,,,,,
Pickleball | Game Room | Hot Tub | Playground,Resort Style Vacation Homes,,291828,291828,1630.32,49.04,365,8,4,16,true,true,true,true,true,true,false,Home/Apartment,House,House/villa,5,68,3,21+,Luxury,true,1181,true,179,56,2026-05-10,Flagstaff,Flagstaff,Flagstaff,Arizona,86004,United States,mid_size_city,https://www.airbnb.com/rooms/747006318282934091,https://a0.muscache.com/im/pictures/prohost-api/Hosting-747006318282934091/original/9c961f09-f460-4c44-a22b-c3249161ee03.jpeg,747006318282934091,,35.2436,-111.53005,40.01,=AVERAGE($D$2:$D$130),9.03,"=IFERROR(($AU4-D4)/$AU4,0)",=$AU4-D4,0,747006318282934091,Pickleball | Game Room | Hot Tub | Playground,,,,,,,,,
The Aspen-Gathering Tree's Family Reunion Deluxe,6571387,,290863,295264,1762.81,45.83,360,9,6,16,true,false,true,true,false,false,false,Home/Apartment,House,House/villa,4.95,76,3,21+,Luxury,true,693,true,165,39,2026-05-13,Flagstaff,Flagstaff,Flagstaff,Arizona,86001,United States,mid_size_city,https://www.airbnb.com/rooms/756556271278685933,https://a0.muscache.com/im/pictures/prohost-api/Hosting-756556271278685933/original/0d3c37ca-ab89-424c-8ad7-9a60c36bc831.jpeg,756556271278685933,3138632,35.16604,-111.65748,40.01,=AVERAGE($D$2:$D$130),5.82,"=IFERROR(($AU5-D5)/$AU5,0)",=$AU5-D5,4401,756556271278685933,The Aspen-Gathering Tree's Family Reunion Deluxe,,,,,,,,,
Travelers Dream Oasis+JumpmanPicklball+Golf+Bocce,List My Rental Home,,201276,219121,1502.06,41.61,324,7,4,16,true,false,false,true,true,false,true,Home/Apartment,Villa,House/villa,5,98,4,21+,Luxury,true,788,true,134,37,2026-05-11,Phoenix/Scottsdale,Paradise Valley,Scottsdale,Arizona,85254,United States,suburban,https://www.airbnb.com/rooms/762471588281202422,https://a0.muscache.com/im/pictures/prohost-api/Hosting-762471588281202422/original/138ef1a1-ac86-4521-bed6-db84f337785d.jpeg,762471588281202422,3371795,33.60903,-111.93224,53.10,=AVERAGE($D$2:$D$596),-11.49,"=IFERROR(($AU110-D110)/$AU110,0)",=$AU110-D110,17845,762471588281202422,Travelers Dream Oasis+JumpmanPicklball+Golf+Bocce,,,,,,,,,
"Scottsdale 10BR Desert Oasis: Pool, Hot Tub & More",15015202,,192929,220691,2442.14,35.59,222,10,9,16,true,false,true,true,true,false,true,Home/Apartment,Villa,House/villa,4.35,3,1,21+,Luxury,true,600,true,79,20,2025-05-01,Phoenix/Scottsdale,Paradise Valley,Scottsdale,Arizona,85254,United States,suburban,https://www.airbnb.com/rooms/765878337234974110,https://a0.muscache.com/im/pictures/prohost-api/Hosting-765878337234974110/original/751142b9-cb46-487d-91ee-20022c7fcdd4.jpeg,765878337234974110,,33.5838001,-111.9350531,53.10,=AVERAGE($D$2:$D$596),-17.51,"=IFERROR(($AU118-D118)/$AU118,0)",=$AU118-D118,27762,765878337234974110,"Scottsdale 10BR Desert Oasis: Pool, Hot Tub & More",,,,,,,,,
Thunderbird House and Casita with Pool,I Love Vacations - Scottsdale,,136891,154565,1329.04,32.29,330,6,4,16,true,false,true,true,true,true,true,Home/Apartment,House,House/villa,4.8,42,2,21+,Luxury,true,735,true,103,32,2026-05-13,Phoenix/Scottsdale,Paradise Valley,Scottsdale,Arizona,85254,United States,suburban,https://www.airbnb.com/rooms/770985447306907568,https://a0.muscache.com/im/pictures/prohost-api/Hosting-770985447306907568/original/0671b895-1042-4c78-bca5-0f5dcf46c0ce.jpeg,770985447306907568,3126631,33.6086,-111.9509,47.11,=AVERAGE($D$2:$D$596),-14.82,"=IFERROR(($AU190-D190)/$AU190,0)",=$AU190-D190,17674,770985447306907568,Thunderbird House and Casita with Pool,,,,,,,,,
The Flagstaff Retreat,Resort Style Vacation Homes,,174064,232868,1526.88,42.22,298,8,4,16,true,false,true,true,true,true,false,Home/Apartment,House,House/villa,5,52,3,21+,Luxury,true,1106,true,114,37,2026-05-11,Flagstaff,Flagstaff,Flagstaff,Arizona,86004,United States,mid_size_city,https://www.airbnb.com/rooms/773277089599033927,https://a0.muscache.com/im/pictures/miso/Hosting-773277089599033927/original/b37c6d30-c1c3-4fa4-969b-d1e3824c4bcd.jpeg,773277089599033927,3078182,35.2445,-111.53046,40.01,=AVERAGE($D$2:$D$130),2.21,"=IFERROR(($AU15-D15)/$AU15,0)",=$AU15-D15,58804,773277089599033927,The Flagstaff Retreat,,,,,,,,,
The Spruce-Gathering Tree is your Ultimate Famil,6571387,,205146,224355,1738.53,37.22,345,10,7,16,true,false,true,true,true,false,false,Home/Apartment,House,House/villa,5,52,3,21+,Luxury,true,781,true,118,32,2026-05-11,Flagstaff,Flagstaff,Flagstaff,Arizona,86001,United States,mid_size_city,https://www.airbnb.com/rooms/787049556326471749,https://a0.muscache.com/im/pictures/prohost-api/Hosting-787049556326471749/original/9305907f-b630-4081-a5ea-c3aa721c747e.jpeg,787049556326471749,3182209,35.16534,-111.65819,40.01,=AVERAGE($D$2:$D$130),-2.79,"=IFERROR(($AU12-D12)/$AU12,0)",=$AU12-D12,19209,787049556326471749,The Spruce-Gathering Tree is your Ultimate Famil,,,,,,,,,
"Outdoor Oasis, Games! Paradise Valley Group Villa",Evolve,,191669,205802,1399.04,43.77,334,5,7,14,true,false,true,true,true,true,true,Home/Apartment,House,House/villa,4.95,46,3,21+,Luxury,false,671,true,137,24,2026-05-11,Phoenix/Scottsdale,Paradise Valley,Paradise Valley,Arizona,85253,United States,suburban,https://www.airbnb.com/rooms/793360177119244057,https://a0.muscache.com/im/pictures/prohost-api/Hosting-793360177119244057/original/0e66e355-09be-4103-8577-57759d67211f.jpeg,793360177119244057,9773174ha,33.5687,-111.9427,52.34,=AVERAGE($D$2:$D$596),-8.57,"=IFERROR(($AU121-D121)/$AU121,0)",=$AU121-D121,14133,793360177119244057,"Outdoor Oasis, Games! Paradise Valley Group Villa",,,,,,,,,
4Million Waterslide+Theatre+Gym+SportCourt,List My Rental Home,,345533,355782,1653.27,59.38,352,5,5,16,true,false,false,true,true,false,true,Home/Apartment,Villa,House/villa,4.95,68,4,21+,Luxury,true,788,true,209,56,2026-05-11,Phoenix/Scottsdale,Paradise Valley,Scottsdale,Arizona,85260,United States,suburban,https://www.airbnb.com/rooms/798697102683882196,https://a0.muscache.com/im/pictures/prohost-api/Hosting-798697102683882196/original/3cd50863-bb9b-4c22-ac48-b079ae24ef5e.jpeg,798697102683882196,3349024,33.58553,-111.86158,52.34,=AVERAGE($D$2:$D$596),7.04,"=IFERROR(($AU33-D33)/$AU33,0)",=$AU33-D33,10249,798697102683882196,4Million Waterslide+Theatre+Gym+SportCourt,,,,,,,,,
HOZHO Estate on Shea,217908712,,499151,553562,2627.11,60.9,312,10,9,16,true,false,true,true,true,false,true,Home/Apartment,Villa,House/villa,4.95,81,4,21+,Luxury,true,1104,false,190,50,2026-05-17,Phoenix/Scottsdale,Paradise Valley,Scottsdale,Arizona,85254,United States,suburban,https://www.airbnb.com/rooms/802942122052617915,https://a0.muscache.com/im/pictures/prohost-api/Hosting-802942122052617915/original/afa05e4e-2264-41f8-986c-64c72443d342.jpeg,802942122052617915,2976886,33.5838,-111.9351,53.10,=AVERAGE($D$2:$D$596),7.80,"=IFERROR(($AU10-D10)/$AU10,0)",=$AU10-D10,54411,802942122052617915,HOZHO Estate on Shea,,,,,,,,,
Multi-Million$ResortOasis w/Pickleball+Volley+Golf,List My Rental Home,,200280,223415,1440.86,43.03,323,6,4,16,true,false,false,true,true,false,true,Home/Apartment,House,House/villa,4.8,73,4,21+,Luxury,true,738,true,139,42,2026-05-11,Phoenix/Scottsdale,Paradise Valley,Scottsdale,Arizona,85254,United States,suburban,https://www.airbnb.com/rooms/811743803878462171,https://a0.muscache.com/im/pictures/prohost-api/Hosting-811743803878462171/original/085414dd-184b-48a9-bc00-504951aa1771.jpeg,811743803878462171,3371796,33.60266,-111.94067,47.11,=AVERAGE($D$2:$D$596),-4.08,"=IFERROR(($AU111-D111)/$AU111,0)",=$AU111-D111,23135,811743803878462171,Multi-Million$ResortOasis w/Pickleball+Volley+Golf,,,,,,,,,
SWSS Pool • Hot Tub • Volleyball • Sport Court,StayWithStyleScottsdale,,258478,301265,1360.41,61.49,309,7,4,16,true,false,true,true,true,true,true,Home/Apartment,House,House/villa,4.95,62,2,21+,Luxury,true,762,true,190,49,2026-05-17,Phoenix/Scottsdale,Paradise Valley,Scottsdale,Arizona,85254,United States,suburban,https://www.airbnb.com/rooms/812995996660869840,https://a0.muscache.com/im/pictures/prohost-api/Hosting-812995996660869840/original/e769edf3-2641-4342-a9c7-320e1a7a8ca0.jpeg,812995996660869840,3224029,33.60632,-111.94811,53.10,=AVERAGE($D$2:$D$596),8.39,"=IFERROR(($AU72-D72)/$AU72,0)",=$AU72-D72,42787,812995996660869840,SWSS Pool • Hot Tub • Volleyball • Sport Court,,,,,,,,,
Casablanca Gardens by LuxeKey | Pool & Pickleball,LuxeKey,,276549,343155,1440.36,63.16,305,5,6,14,true,false,true,true,true,true,true,Home/Apartment,House,House/villa,4.95,64,3,21+,Luxury,true,798,true,192,47,2026-05-17,Phoenix/Scottsdale,Paradise Valley,Paradise Valley,Arizona,85253,United States,suburban,https://www.airbnb.com/rooms/813172350846928191,https://a0.muscache.com/im/pictures/prohost-api/Hosting-813172350846928191/original/fac5f8cc-dc0d-4450-8547-3a1d571af242.jpeg,813172350846928191,3224340,33.56969,-111.94305,52.34,=AVERAGE($D$2:$D$596),10.82,"=IFERROR(($AU62-D62)/$AU62,0)",=$AU62-D62,66606,813172350846928191,Casablanca Gardens by LuxeKey | Pool & Pickleball,,,,,,,,,
Pickleball | Basketball | Game Room | Golf Course,Resort Style Vacation Homes,,422665,443432,2457.35,49.71,346,10,5,16,true,false,false,true,true,true,true,Home/Apartment,House,House/villa,5,114,3,21+,Luxury,true,1284,true,172,51,2026-05-17,Phoenix/Scottsdale,Paradise Valley,Paradise Valley,Arizona,85253,United States,suburban,https://www.airbnb.com/rooms/818894671591072505,https://a0.muscache.com/im/pictures/prohost-api/Hosting-818894671591072505/original/4ca878b0-13be-46e8-bacc-6751a704a533.jpeg,818894671591072505,3237406,33.5822972081,-111.9579916473,53.10,=AVERAGE($D$2:$D$596),-3.39,"=IFERROR(($AU22-D22)/$AU22,0)",=$AU22-D22,20767,818894671591072505,Pickleball | Basketball | Game Room | Golf Course,,,,,,,,,
SWSS • Resort Oasis • Pool • Atrium • Sport Court,StayWithStyleScottsdale,,253263,277915,1655.31,48.11,329,6,4,16,true,false,true,true,true,true,true,Home/Apartment,House,House/villa,4.95,37,2,21+,Luxury,true,875,true,153,37,2026-05-16,Phoenix/Scottsdale,Paradise Valley,Scottsdale,Arizona,85260,United States,suburban,https://www.airbnb.com/rooms/834203820879356352,https://a0.muscache.com/im/pictures/prohost-api/Hosting-834203820879356352/original/a83ab54c-2c27-4b78-a3c8-bbe0f7f6ae3d.jpeg,834203820879356352,3269643,33.6055,-111.9003,47.11,=AVERAGE($D$2:$D$596),1,"=IFERROR(($AU73-D73)/$AU73,0)",=$AU73-D73,24652,834203820879356352,SWSS • Resort Oasis • Pool • Atrium • Sport Court,,,,,,,,,
Large Luxe Estate | Exclusive Views Near Old Town,Desert Vista Luxury Homes,,195433,247752,2101.43,36.76,317,5,6,14,true,true,true,true,true,false,true,Home/Apartment,House,House/villa,5,29,2,21+,Luxury,true,899,true,93,22,2026-05-13,Phoenix/Scottsdale,Paradise Valley,Paradise Valley,Arizona,85253,United States,suburban,https://www.airbnb.com/rooms/841491906772617733,https://a0.muscache.com/im/pictures/miso/Hosting-841491906772617733/original/8fb04601-9f4d-4adf-be4d-46134f47e5cf.jpeg,841491906772617733,3277979,33.53076,-111.97995,52.34,=AVERAGE($D$2:$D$596),-15.58,"=IFERROR(($AU115-D115)/$AU115,0)",=$AU115-D115,52319,841491906772617733,Large Luxe Estate | Exclusive Views Near Old Town,,,,,,,,,
Opulent 11-Bedroom Scottsdale Estate with Private,15015202,,327219,403088,4883.87,31.6,212,11,10,16,true,true,true,true,true,false,true,Home/Apartment,House,House/villa,0,0,5,21+,Luxury,true,569,true,67,15,2025-05-01,Phoenix/Scottsdale,Cave Creek,Scottsdale,Arizona,85266,United States,suburban,https://www.airbnb.com/rooms/844331250231519115,https://a0.muscache.com/im/pictures/prohost-api/Hosting-844331250231519115/original/12ed18cc-3dcd-4e88-aebe-ad410aeb6b62.jpeg,844331250231519115,,33.7542892,-111.9018061,49.30,=AVERAGE($D$2:$D$329),-17.70,"=IFERROR(($AU11-D11)/$AU11,0)",=$AU11-D11,75869,844331250231519115,Opulent 11-Bedroom Scottsdale Estate with Private,,,,,,,,,
Award-Winning Ritz Carlton Golf Green Estate|Sauna,Rental Advisor,,131537,183126,1494.74,32.12,292,5,5,16,true,true,true,true,true,true,true,Home/Apartment,Villa,House/villa,5,55,2,21+,Luxury,true,679,true,88,29,2026-05-13,Phoenix/Scottsdale,Paradise Valley,Paradise Valley,Arizona,85253,United States,suburban,https://www.airbnb.com/rooms/847340318068289315,https://a0.muscache.com/im/pictures/prohost-api/Hosting-847340318068289315/original/f3c19bf4-08e8-4e7d-a5e1-0e60d8f3f2da.jpeg,847340318068289315,4579164,33.5608,-111.9294,52.34,=AVERAGE($D$2:$D$596),-20.22,"=IFERROR(($AU196-D196)/$AU196,0)",=$AU196-D196,51589,847340318068289315,Award-Winning Ritz Carlton Golf Green Estate|Sauna,,,,,,,,,
HÓZHÓ Thunderbird | Pool | Pickleball | Slide,482928211,,413812,486150,2028.49,67.55,302,7,6,16,true,false,true,true,true,false,true,Home/Apartment,House,House/villa,5,95,4,21+,Luxury,true,814,true,204,51,2026-05-17,Phoenix/Scottsdale,Paradise Valley,Scottsdale,Arizona,85260,United States,suburban,https://www.airbnb.com/rooms/855089839805616449,https://a0.muscache.com/im/pictures/prohost-api/Hosting-855089839805616449/original/331d1e2b-1644-4e0b-8f72-4db6164c8bdc.jpeg,855089839805616449,3321616,33.6107,-111.9136,53.10,=AVERAGE($D$2:$D$596),14.45,"=IFERROR(($AU24-D24)/$AU24,0)",=$AU24-D24,72338,855089839805616449,HÓZHÓ Thunderbird | Pool | Pickleball | Slide,,,,,,,,,
The Ultimate Village - Gathering Tree's Estate,6571387,,574856,668070,4076.99,43.79,322,19,14,16,true,false,true,true,true,false,false,Home/Apartment,House,House/villa,5,6,3,21+,Luxury,true,1326,true,141,41,2026-05-17,Flagstaff,Flagstaff,Flagstaff,Arizona,86001,United States,mid_size_city,https://www.airbnb.com/rooms/858676720893776555,https://a0.muscache.com/im/pictures/prohost-api/Hosting-858676720893776555/original/4361ab5d-d514-425a-8aef-7b2d6eba7d85.jpeg,858676720893776555,3330099,35.16625,-111.65796,40.01,=AVERAGE($D$2:$D$130),3.78,"=IFERROR(($AU2-D2)/$AU2,0)",=$AU2-D2,93214,858676720893776555,The Ultimate Village - Gathering Tree's Estate,,,,,,,,,
"HÓZHÓ Paradise Palms Theater, Pickleball & Slide",482928211,,352572,386184,1826.8,58.48,330,8,6,16,true,false,true,true,true,false,true,Home/Apartment,House,House/villa,4.95,78,4,21+,Luxury,true,814,true,193,50,2026-05-17,Phoenix/Scottsdale,Paradise Valley,Paradise Valley,Arizona,85253,United States,suburban,https://www.airbnb.com/rooms/877807106888333801,https://a0.muscache.com/im/pictures/prohost-api/Hosting-877807106888333801/original/d7fed607-b8da-4e0a-801f-01de19fdd630.jpeg,877807106888333801,3366293,33.5819,-111.958,53.10,=AVERAGE($D$2:$D$596),5.38,"=IFERROR(($AU31-D31)/$AU31,0)",=$AU31-D31,33612,877807106888333801,"HÓZHÓ Paradise Palms Theater, Pickleball & Slide",,,,,,,,,
"Scottsdale Oasis: Lazy River, Hot Tub, Sport Court",217908712,,167852,177431,2046.98,37.1,221,7,4,16,true,true,true,true,true,false,true,Home/Apartment,House,House/villa,4.8,121,1,21+,Luxury,true,450,true,82,21,2025-05-06,Phoenix/Scottsdale,Paradise Valley,Scottsdale,Arizona,85260,United States,suburban,https://www.airbnb.com/rooms/883530691348212918,https://a0.muscache.com/im/pictures/prohost-api/Hosting-883530691348212918/original/bf7838f4-f484-4da2-b0c9-02f6a36598d2.jpeg,883530691348212918,1466011,33.600407,-111.90704,53.10,=AVERAGE($D$2:$D$596),-16,"=IFERROR(($AU140-D140)/$AU140,0)",=$AU140-D140,9579,883530691348212918,"Scottsdale Oasis: Lazy River, Hot Tub, Sport Court",,,,,,,,,
SWSS Pool • Hot Tub • Sport Court • Sleeps 24,StayWithStyleScottsdale,,236803,295464,1767.19,43.65,318,8,6,16,true,false,true,true,true,true,true,Home/Apartment,House,House/villa,4.95,41,2,21+,Luxury,true,812,true,134,32,2026-05-13,Phoenix/Scottsdale,Paradise Valley,Scottsdale,Arizona,85254,United States,suburban,https://www.airbnb.com/rooms/904563426167268870,https://a0.muscache.com/im/pictures/prohost-api/Hosting-904563426167268870/original/b02f6156-9757-411c-8d57-231e468974d5.jpeg,904563426167268870,3438057,33.6163,-111.9634,53.10,=AVERAGE($D$2:$D$596),-9.45,"=IFERROR(($AU85-D85)/$AU85,0)",=$AU85-D85,58661,904563426167268870,SWSS Pool • Hot Tub • Sport Court • Sleeps 24,,,,,,,,,
NEW! Meticulous Manor - Scottsdale`s Finest Luxury,VacayAZ,,297476,332285,1652.64,55.38,325,5,5,16,true,false,true,true,true,false,true,Home/Apartment,House,House/villa,4.95,45,3,21+,Luxury,true,1336,true,180,49,2026-05-17,Phoenix/Scottsdale,Paradise Valley,Scottsdale,Arizona,85260,United States,suburban,https://www.airbnb.com/rooms/905223542527412860,https://a0.muscache.com/im/pictures/prohost-api/Hosting-905223542527412860/original/26a9aa00-ffc0-4d46-ace3-4f791adc93ac.jpeg,905223542527412860,3440387,33.59526,-111.92279,52.34,=AVERAGE($D$2:$D$596),3.04,"=IFERROR(($AU50-D50)/$AU50,0)",=$AU50-D50,34809,905223542527412860,NEW! Meticulous Manor - Scottsdale`s Finest Luxury,,,,,,,,,
HÓZHÓ Kings Place | Private Pool & Theater Gem,15015202,,210253,248870,1460.09,47.52,303,7,6,16,true,false,true,true,true,false,true,Home/Apartment,House,House/villa,4.95,45,4,21+,Luxury,true,644,false,144,39,2026-04-19,Phoenix/Scottsdale,Paradise Valley,Scottsdale,Arizona,85260,United States,suburban,https://www.airbnb.com/rooms/930595309452805633,https://a0.muscache.com/im/pictures/prohost-api/Hosting-930595309452805633/original/d79b3ba6-b411-40b5-801c-fe531d91642f.jpeg,930595309452805633,4581271,33.5934,-111.9222,53.10,=AVERAGE($D$2:$D$596),-5.58,"=IFERROR(($AU107-D107)/$AU107,0)",=$AU107-D107,38617,930595309452805633,HÓZHÓ Kings Place | Private Pool & Theater Gem,,,,,,,,,
HÓZHÓ Resort-Style Desert Escape w/ Pool & Cabana,217908712,,301016,326748,1791.76,51.38,327,8,6,16,true,false,true,true,true,true,true,Home/Apartment,House,House/villa,4.9,68,4,21+,Luxury,true,854,false,168,46,2026-05-17,Phoenix/Scottsdale,Paradise Valley,Scottsdale,Arizona,85254,United States,suburban,https://www.airbnb.com/rooms/937812036136847842,https://a0.muscache.com/im/pictures/prohost-api/Hosting-937812036136847842/original/6cfc28bd-e1b9-4483-8a00-fd5df1f424f9.jpeg,937812036136847842,3480140,33.6038,-111.9487,53.10,=AVERAGE($D$2:$D$596),-1.72,"=IFERROR(($AU44-D44)/$AU44,0)",=$AU44-D44,25732,937812036136847842,HÓZHÓ Resort-Style Desert Escape w/ Pool & Cabana,,,,,,,,,
Multimillion $ ResortVilla+Waterslide+Pickleball+,List My Rental Home,,220277,239836,1498.48,44.55,330,6,3,16,true,false,true,true,true,false,true,Home/Apartment,House,House/villa,4.9,76,4,21+,Luxury,true,788,true,147,42,2026-05-11,Phoenix/Scottsdale,Paradise Valley,Scottsdale,Arizona,85254,United States,suburban,https://www.airbnb.com/rooms/948704244349744682,https://a0.muscache.com/im/pictures/prohost-api/Hosting-948704244349744682/original/a104f267-7427-49bc-be57-cdfc95a001c7.jpeg,948704244349744682,3621717,33.6079,-111.93054,47.11,=AVERAGE($D$2:$D$596),-2.56,"=IFERROR(($AU96-D96)/$AU96,0)",=$AU96-D96,19559,948704244349744682,Multimillion $ ResortVilla+Waterslide+Pickleball+,,,,,,,,,
"ADA Access, Htd Pool, Spa, Putt Green, Fire Pit",Arizona Vacation Home Rentals,,166177,202851,1240.13,47.52,296,9,9,16,true,false,true,true,true,false,true,Home/Apartment,House,House/villa,4.9,44,4,21+,Luxury,false,786,false,134,27,2026-05-17,Phoenix/Scottsdale,Paradise Valley,Scottsdale,Arizona,85260,United States,suburban,https://www.airbnb.com/rooms/972429343291243614,https://a0.muscache.com/im/pictures/prohost-api/Hosting-972429343291243614/original/b9daa81a-cbab-4d35-8ef2-9529d89362c7.jpeg,972429343291243614,9638255ha,33.58612,-111.89945,53.10,=AVERAGE($D$2:$D$596),-5.58,"=IFERROR(($AU146-D146)/$AU146,0)",=$AU146-D146,36674,972429343291243614,"ADA Access, Htd Pool, Spa, Putt Green, Fire Pit",,,,,,,,,
"Charming Desert Retreat w/ pickle-ball, gym,",VacayAZ,,297692,341434,1860.58,51.95,308,7,6,16,true,true,true,true,true,true,true,Home/Apartment,House,House/villa,4.95,66,3,21+,Luxury,true,1293,false,160,43,2026-05-13,Phoenix/Scottsdale,Paradise Valley,Scottsdale,Arizona,85260,United States,suburban,https://www.airbnb.com/rooms/980478690835407775,https://a0.muscache.com/im/pictures/prohost-api/Hosting-980478690835407775/original/2f476eee-0fbf-4264-a77e-f5f280b02ed1.jpeg,980478690835407775,3611131,33.58598,-111.86904,53.10,=AVERAGE($D$2:$D$596),-1.15,"=IFERROR(($AU49-D49)/$AU49,0)",=$AU49-D49,43742,980478690835407775,"Charming Desert Retreat w/ pickle-ball, gym,",,,,,,,,,
HÓZHÓ Riviera Oasis | Pool | Pickleball | Theatre,482928211,,446605,506650,2058.09,67.6,321,7,6,16,true,false,true,true,true,false,true,Home/Apartment,House,House/villa,5,74,4,21+,Luxury,true,814,true,217,55,2026-05-11,Phoenix/Scottsdale,Paradise Valley,Scottsdale,Arizona,85260,United States,suburban,https://www.airbnb.com/rooms/985888281919368802,https://a0.muscache.com/im/pictures/prohost-api/Hosting-985888281919368802/original/ad81ae3d-4dd5-4aea-9583-02fe6e374c85.jpeg,985888281919368802,3620395,33.606,-111.9156,53.10,=AVERAGE($D$2:$D$596),14.50,"=IFERROR(($AU18-D18)/$AU18,0)",=$AU18-D18,60045,985888281919368802,HÓZHÓ Riviera Oasis | Pool | Pickleball | Theatre,,,,,,,,,
WaterslideLuxury+3 houses+SportCrt+Shuffle+GolfSpa,List My Rental Home,,189300,196988,1526.61,37.46,349,6,3,16,true,false,false,true,true,false,true,Home/Apartment,House,House/villa,4.9,50,4,21+,Luxury,true,769,true,124,40,2026-05-13,Phoenix/Scottsdale,Paradise Valley,Scottsdale,Arizona,85250,United States,suburban,https://www.airbnb.com/rooms/1004539979180335661,https://a0.muscache.com/im/pictures/prohost-api/Hosting-1004539979180335661/original/a84b8c68-b947-41ca-93a8-a19d03c3910f.jpeg,1004539979180335661,3677481,33.51009,-111.89177,47.11,=AVERAGE($D$2:$D$596),-9.65,"=IFERROR(($AU123-D123)/$AU123,0)",=$AU123-D123,7688,1004539979180335661,WaterslideLuxury+3 houses+SportCrt+Shuffle+GolfSpa,,,,,,,,,
HÓZHÓ River | Pool | Hot Tub | Lazy River,482928211,,490824,615356,2504.2,68.29,287,9,7,16,true,false,true,true,true,false,true,Home/Apartment,House,House/villa,5,71,4,21+,Luxury,true,957,true,196,44,2026-05-11,Phoenix/Scottsdale,Paradise Valley,Scottsdale,Arizona,85254,United States,suburban,https://www.airbnb.com/rooms/1029233033647552217,https://a0.muscache.com/im/pictures/prohost-api/Hosting-1029233033647552217/original/d461dcf3-b767-424f-a3b7-87ca9614b0c0.jpeg,1029233033647552217,3622128,33.6139,-111.9388,53.10,=AVERAGE($D$2:$D$596),15.19,"=IFERROR(($AU12-D12)/$AU12,0)",=$AU12-D12,124532,1029233033647552217,HÓZHÓ River | Pool | Hot Tub | Lazy River,,,,,,,,,
NEW! Limitless Luxury - 7 BR - Pickleball/Pool/Spa,VacayAZ,,318904,372354,2169.41,51.22,305,7,6,16,true,true,true,true,true,true,true,Home/Apartment,House,House/villa,4.95,41,3,21+,Luxury,true,1394,true,147,36,2026-05-17,Phoenix/Scottsdale,Paradise Valley,Scottsdale,Arizona,85260,United States,suburban,https://www.airbnb.com/rooms/1030500739880439903,https://a0.muscache.com/im/pictures/prohost-api/Hosting-1030500739880439903/original/04abd0d6-12f2-4513-bfe0-fe2470107615.jpeg,1030500739880439903,3732735,33.60743,-111.92478,53.10,=AVERAGE($D$2:$D$596),-1.88,"=IFERROR(($AU38-D38)/$AU38,0)",=$AU38-D38,53450,1030500739880439903,NEW! Limitless Luxury - 7 BR - Pickleball/Pool/Spa,,,,,,,,,
Elite Scottsdale Retreat: Putting Green & Theater,217908712,,420719,443312,2124.84,57.56,344,8,7,16,true,false,true,true,true,false,true,Home/Apartment,House,House/villa,5,49,4,21+,Luxury,true,1004,false,198,54,2026-05-17,Phoenix/Scottsdale,Paradise Valley,Scottsdale,Arizona,85260,United States,suburban,https://www.airbnb.com/rooms/1034941694162641561,https://a0.muscache.com/im/pictures/prohost-api/Hosting-1034941694162641561/original/7fa0e25e-4be5-438e-9e0e-13c563785f03.jpeg,1034941694162641561,3726951,33.6104,-111.9094,53.10,=AVERAGE($D$2:$D$596),4.46,"=IFERROR(($AU23-D23)/$AU23,0)",=$AU23-D23,22593,1034941694162641561,Elite Scottsdale Retreat: Putting Green & Theater,,,,,,,,,
HÓZHÓ Sunnyside | Lazy River | Indoor Pickleball,482928211,,1244631,1412651,5683.25,70.19,312,14,16,16,true,true,true,true,true,false,true,Home/Apartment,House,House/villa,5,28,4,21+,Luxury,true,1560,true,219,54,2026-05-11,Phoenix/Scottsdale,Paradise Valley,Scottsdale,Arizona,85259,United States,suburban,https://www.airbnb.com/rooms/1036390897951776857,https://a0.muscache.com/im/pictures/prohost-api/Hosting-1036390897951776857/original/54e310ce-a296-4657-aec0-fb7f7614e07b.jpeg,1036390897951776857,3622129,33.5938,-111.8528,53.10,=AVERAGE($D$2:$D$596),17.09,"=IFERROR(($AU3-D3)/$AU3,0)",=$AU3-D3,168020,1036390897951776857,HÓZHÓ Sunnyside | Lazy River | Indoor Pickleball,,,,,,,,,
"Heated Pool, Hot Tub, Mini Golf, Arcade Resort!",Techvestor,,155092,174414,671.39,88.85,262,5,3,12,true,false,true,true,true,true,true,Home/Apartment,House,House/villa,5,6,1,21+,Luxury,false,0,false,231,66,2023-12-08,Phoenix/Scottsdale,Paradise Valley,Scottsdale,Arizona,85254,United States,suburban,https://www.airbnb.com/rooms/1037674223224638668,https://a0.muscache.com/im/pictures/miso/Hosting-974944332092373171/original/6628f6d5-07b1-4b57-91bd-a457fff363b8.jpeg?aki_policy=x_large,1037674223224638668,2653281,33.5961123269,-111.9483738266,52.34,=AVERAGE($D$2:$D$596),36.51,"=IFERROR(($AU162-D162)/$AU162,0)",=$AU162-D162,19322,1037674223224638668,"Heated Pool, Hot Tub, Mini Golf, Arcade Resort!",,,,,,,,,
HÓZHÓ Luxe | Lazy River | Indoor Pickleball,482928211,,1260598,1340023,5145.3,71.64,342,11,13,16,true,true,true,true,true,false,true,Home/Apartment,House,House/villa,5,22,4,21+,Luxury,true,1273,true,245,65,2026-05-13,Phoenix/Scottsdale,Paradise Valley,Scottsdale,Arizona,85259,United States,suburban,https://www.airbnb.com/rooms/1049620010277054870,https://a0.muscache.com/im/pictures/prohost-api/Hosting-1049620010277054870/original/1d744a61-6218-4677-8a27-89abb5c49b79.jpeg,1049620010277054870,3775036,33.5938,-111.8528,53.10,=AVERAGE($D$2:$D$596),18.54,"=IFERROR(($AU2-D2)/$AU2,0)",=$AU2-D2,79425,1049620010277054870,HÓZHÓ Luxe | Lazy River | Indoor Pickleball,,,,,,,,,
SWSS Pool • Hot Tub • Fire Table • Sleeps 16,StayWithStyleScottsdale,,234477,263479,1532.53,49.35,317,7,8,16,true,false,true,true,true,false,true,Home/Apartment,House,House/villa,5,39,3,21+,Luxury,true,774,true,153,40,2026-05-11,Phoenix/Scottsdale,Paradise Valley,Scottsdale,Arizona,85260,United States,suburban,https://www.airbnb.com/rooms/1061511808558588190,https://a0.muscache.com/im/pictures/prohost-api/Hosting-1061511808558588190/original/e207aad2-e77c-45b3-beff-da4000f52e1e.jpeg,1061511808558588190,3794186,33.5978,-111.91,53.10,=AVERAGE($D$2:$D$596),-3.75,"=IFERROR(($AU88-D88)/$AU88,0)",=$AU88-D88,29002,1061511808558588190,SWSS Pool • Hot Tub • Fire Table • Sleeps 16,,,,,,,,,
Book Castle On Black Mountain & Slide into Fun!,Porter VRM,,113507,208558,1289.85,58.67,206,5,6,12,true,false,true,true,true,false,true,Home/Apartment,House,House/villa,4.95,19,4,21+,Luxury,false,706,true,88,10,2026-05-13,Phoenix/Scottsdale,Cave Creek,Carefree,Arizona,85377,United States,suburban,https://www.airbnb.com/rooms/1067413313270568717,https://a0.muscache.com/im/pictures/prohost-api/Hosting-1067413313270568717/original/eeca5e5f-4c51-4c81-8da7-68a487352d55.jpeg,1067413313270568717,3800078,33.8066,-111.9318,44.20,=AVERAGE($D$2:$D$329),14.47,"=IFERROR(($AU34-D34)/$AU34,0)",=$AU34-D34,95051,1067413313270568717,Book Castle On Black Mountain & Slide into Fun!,,,,,,,,,
Paradise Canyon Retreat - 3 Private Estates,GoodNight Stay,,332506,692424,5037.97,68.75,131,18,19,16,true,false,true,true,true,true,true,Home/Apartment,House,House/villa,5,1,2,21+,Luxury,false,2850,true,66,17,2026-05-14,Phoenix/Scottsdale,Cave Creek,Fort Mcdowell,Arizona,85264,United States,suburban,https://www.airbnb.com/rooms/1113166488640634025,https://a0.muscache.com/im/pictures/prohost-api/Hosting-1113166488640634025/original/97e7022f-0752-4472-b6df-b692f17d6f3c.jpeg,1113166488640634025,9939415ha,33.62613,-111.60931,49.30,=AVERAGE($D$2:$D$329),19.45,"=IFERROR(($AU9-D9)/$AU9,0)",=$AU9-D9,359918,1113166488640634025,Paradise Canyon Retreat - 3 Private Estates,,,,,,,,,
Pool | Spa | Pool Table | Lake View | Sleeps 24,StayEasyLLC,,102830,115978,934.82,34.81,329,7,5,16,true,false,true,true,true,true,true,Home/Apartment,House,House/villa,4.95,35,2,21+,Luxury,true,480,false,110,32,2026-03-03,Lake Havasu/Kingman,Lake Havasu City,Lake Havasu City,Arizona,86404,United States,mountains_lakes,https://www.airbnb.com/rooms/1126200401403454639,https://a0.muscache.com/im/pictures/miso/Hosting-1126200401403454639/original/c57796b2-7e48-4294-8706-2ce847fa4e25.jpeg,1126200401403454639,,34.51409,-114.29246,44.84,=AVERAGE($D$2:$D$501),-10.03,"=IFERROR(($AU11-D11)/$AU11,0)",=$AU11-D11,13148,1126200401403454639,Pool | Spa | Pool Table | Lake View | Sleeps 24,,,,,,,,,
"Resort Style, 2 Houses, Putt-Putt Course, B-ball",Cam Casey Real Estate,,211338,221028,1837.72,36.86,342,7,5,16,true,false,true,true,true,true,true,Home/Apartment,Villa,House/villa,5,44,3,21+,Luxury,true,850,true,115,28,2026-05-16,Phoenix/Scottsdale,Paradise Valley,Scottsdale,Arizona,85260,United States,suburban,https://www.airbnb.com/rooms/1135009190625706437,https://a0.muscache.com/im/pictures/prohost-api/Hosting-1135009190625706437/original/40eb30d0-44a5-4ff6-8685-e38d7072d4ff.jpeg,1135009190625706437,3973395,33.60318,-111.86004,53.10,=AVERAGE($D$2:$D$596),-16.24,"=IFERROR(($AU106-D106)/$AU106,0)",=$AU106-D106,9690,1135009190625706437,"Resort Style, 2 Houses, Putt-Putt Course, B-ball",,,,,,,,,
Two Homes-Pickleball-Batting Cage-Sand Volleyball,Cam Casey Real Estate,,301425,304883,2392.26,35.8,359,8,5,16,true,false,true,true,true,true,true,Home/Apartment,House,House/villa,4.95,50,3,21+,Luxury,true,750,true,126,35,2026-05-13,Phoenix/Scottsdale,Paradise Valley,Scottsdale,Arizona,85260,United States,suburban,https://www.airbnb.com/rooms/1135701668320730178,https://a0.muscache.com/im/pictures/prohost-api/Hosting-1135701668320730178/original/9fafbf7d-094e-4a3d-9ece-7289c7d618cc.jpeg,1135701668320730178,3973400,33.60495,-111.86108,53.10,=AVERAGE($D$2:$D$596),-17.30,"=IFERROR(($AU43-D43)/$AU43,0)",=$AU43-D43,3458,1135701668320730178,Two Homes-Pickleball-Batting Cage-Sand Volleyball,,,,,,,,,
Stunning Views & Outdoor Living at The Boulders,Desert Vista Luxury Homes,,122874,172255,1806.97,38.42,306,5,5,12,true,false,true,true,true,false,true,Home/Apartment,House,House/villa,5,27,2,21+,Luxury,true,698,true,68,13,2026-04-16,Phoenix/Scottsdale,Cave Creek,Carefree,Arizona,85377,United States,suburban,https://www.airbnb.com/rooms/1152178807729005173,https://a0.muscache.com/im/pictures/miso/Hosting-1152178807729005173/original/da7445d0-e6b0-4037-9de8-1a8fe8d246a9.jpeg,1152178807729005173,2240467,33.81508,-111.91522,44.20,=AVERAGE($D$2:$D$329),-5.78,"=IFERROR(($AU31-D31)/$AU31,0)",=$AU31-D31,49381,1152178807729005173,Stunning Views & Outdoor Living at The Boulders,,,,,,,,,
Scottsdale 9BR HoZho Haven,217908712,,933128,964592,4885.49,53.95,354,9,7,16,true,false,true,true,true,false,true,Home/Apartment,House,House/villa,5,4,2,21+,Luxury,true,204,false,191,47,2026-05-11,Phoenix/Scottsdale,Cave Creek,Scottsdale,Arizona,85266,United States,suburban,https://www.airbnb.com/rooms/1152459150071651797,https://a0.muscache.com/im/pictures/prohost-api/Hosting-1152459150071651797/original/571a19cb-4711-4ea6-ace1-bd44c468ed0d.jpeg,1152459150071651797,2657700,33.7539,-111.9018,49.30,=AVERAGE($D$2:$D$329),4.65,"=IFERROR(($AU3-D3)/$AU3,0)",=$AU3-D3,31464,1152459150071651797,Scottsdale 9BR HoZho Haven,,,,,,,,,
"Sunkist Sanctuary | Pool, Golf Simulator & Hot Tub",482928211,,251355,300864,1570.97,53.69,298,8,5,16,true,false,true,true,true,true,true,Home/Apartment,House,House/villa,4.95,61,4,21+,Luxury,true,814,true,160,44,2026-05-11,Phoenix/Scottsdale,Paradise Valley,Scottsdale,Arizona,85254,United States,suburban,https://www.airbnb.com/rooms/1163963378107916642,https://a0.muscache.com/im/pictures/prohost-api/Hosting-1163963378107916642/original/c29bc1a2-55ab-4d9a-9282-2dfc7120fc41.jpeg,1163963378107916642,4021274,33.5833,-111.9368,53.10,=AVERAGE($D$2:$D$596),0.59,"=IFERROR(($AU75-D75)/$AU75,0)",=$AU75-D75,49509,1163963378107916642,"Sunkist Sanctuary | Pool, Golf Simulator & Hot Tub",,,,,,,,,
*NEW* Luxe Ranch Double Villas | Near GC S Rim,Vivant,,147639,239162,1077.66,99.28,145,5,3,12,true,false,false,true,true,true,false,Home/Apartment,House,House/villa,4.85,7,1,21+,Luxury,true,354,true,137,66,2026-05-17,Flagstaff,Flagstaff,Williams,Arizona,86046,United States,mid_size_city,https://www.airbnb.com/rooms/1183391640978286939,https://a0.muscache.com/im/pictures/prohost-api/Hosting-1183391640978286939/original/04c0e25a-e720-450e-9ea8-f16a5cbee498.jpeg,1183391640978286939,4065590,35.73925,-112.11893,53.54,=AVERAGE($D$2:$D$130),45.74,"=IFERROR(($AU19-D19)/$AU19,0)",=$AU19-D19,91523,1183391640978286939,*NEW* Luxe Ranch Double Villas | Near GC S Rim,,,,,,,,,
"Mescal Villa & Casitas | Pool, Pickleball & Spa",Travli Hospitality,,269047,307244,1379.73,61.13,319,7,4,16,true,false,true,true,true,false,true,Home/Apartment,House,House/villa,4.85,46,3,21+,Luxury,true,889,true,195,58,2026-05-17,Phoenix/Scottsdale,Paradise Valley,Scottsdale,Arizona,85254,United States,suburban,https://www.airbnb.com/rooms/1184235567458667702,https://a0.muscache.com/im/pictures/prohost-api/Hosting-1184235567458667702/original/33f0d0eb-6a68-4fea-87e8-b5618cb3d3be.jpeg,1184235567458667702,9986683ha,33.6019,-111.9437,53.10,=AVERAGE($D$2:$D$596),8.03,"=IFERROR(($AU68-D68)/$AU68,0)",=$AU68-D68,38197,1184235567458667702,"Mescal Villa & Casitas | Pool, Pickleball & Spa",,,,,,,,,
Large Group Getaway | Peaceful Views,Getaway Properties AZ,,110653,121267,1140.75,30.6,339,6,6,16,true,false,true,true,true,false,false,Home/Apartment,House,House/villa,5,14,2,21+,Luxury,true,691,false,97,31,2026-05-17,Pinetop-Lakeside,Pinetop,Pinetop,Arizona,85935,United States,mountains_lakes,https://www.airbnb.com/rooms/1212321083657110835,https://a0.muscache.com/im/pictures/prohost-api/Hosting-1212321083657110835/original/4aed1177-5267-4187-9af4-b2eb2d3b40bb.png,1212321083657110835,9990688ha,34.116,-109.8653,36.15,=AVERAGE($D$2:$D$407),-5.55,"=IFERROR(($AU7-D7)/$AU7,0)",=$AU7-D7,10614,1212321083657110835,Large Group Getaway | Peaceful Views,,,,,,,,,
"The Full Estate: Villa, Casita, Theater, & Arcade",Mojo Hospitality,,243273,393710,2931,39.52,318,5,5,14,true,false,false,true,false,false,true,Home/Apartment,House,House/villa,5,3,3,21+,Luxury,true,6747,false,83,12,2026-05-14,Phoenix/Scottsdale,Paradise Valley,Scottsdale,Arizona,85250,United States,suburban,https://www.airbnb.com/rooms/1232363425507266014,https://a0.muscache.com/im/pictures/prohost-api/Hosting-1232363425507266014/original/83dcdc32-4b5b-4f99-a525-08e6fff14786.jpeg,1232363425507266014,4165791,33.5142,-111.92031,52.34,=AVERAGE($D$2:$D$596),-12.82,"=IFERROR(($AU83-D83)/$AU83,0)",=$AU83-D83,150437,1232363425507266014,"The Full Estate: Villa, Casita, Theater, & Arcade",,,,,,,,,
"5BR Luxe Retreat | Heated Pool, Hot Tub & Casita",Revana Realty,,163230,220657,1497.52,100,324,5,4,12,true,true,true,true,true,true,true,Home/Apartment,Villa,House/villa,5,3,4,21+,Luxury,true,829,true,109,9,2026-05-11,Phoenix/Scottsdale,Paradise Valley,Scottsdale,Arizona,85260,United States,suburban,https://www.airbnb.com/rooms/1232757470970411481,https://a0.muscache.com/im/pictures/hosting/Hosting-1232757470970411481/original/cedb4c9f-3e97-4669-9f54-12ff5af1f4d6.jpeg,1232757470970411481,4166614,33.589,-111.8979,52.34,=AVERAGE($D$2:$D$596),47.66,"=IFERROR(($AU153-D153)/$AU153,0)",=$AU153-D153,57427,1232757470970411481,"5BR Luxe Retreat | Heated Pool, Hot Tub & Casita",,,,,,,,,
3Million$Resort BellTower+Waterslde+Picklebll+Golf,List My Rental Home,,367600,375714,1865.99,55.97,352,8,3,16,true,false,true,true,true,false,true,Home/Apartment,House,House/villa,5,44,4,21+,Luxury,true,768,true,197,55,2026-05-17,Phoenix/Scottsdale,Paradise Valley,Scottsdale,Arizona,85254,United States,suburban,https://www.airbnb.com/rooms/1242956931345314426,https://a0.muscache.com/im/pictures/prohost-api/Hosting-1242956931345314426/original/09ec5321-21d2-4bcd-80cd-a841349f5d63.jpeg,1242956931345314426,4191510,33.60795,-111.9472,53.10,=AVERAGE($D$2:$D$596),2.87,"=IFERROR(($AU27-D27)/$AU27,0)",=$AU27-D27,8114,1242956931345314426,3Million$Resort BellTower+Waterslde+Picklebll+Golf,,,,,,,,,
"Sunset Palms-Pool, Spa & Sports Court-Scottsdale",GoodNight Stay,,207224,272631,1439.06,49.83,289,8,5,16,true,false,true,true,true,false,true,Home/Apartment,House,House/villa,4.6,43,2,21+,Luxury,false,600,true,144,46,2026-05-17,Phoenix/Scottsdale,Paradise Valley,Scottsdale,Arizona,85254,United States,suburban,https://www.airbnb.com/rooms/1243489199626445444,https://a0.muscache.com/im/pictures/hosting/Hosting-1243489199626445444/original/ecab760e-3aeb-4fbd-bcc8-78b420a06f49.jpeg,1243489199626445444,20027954ha,33.61015,-111.94868,53.10,=AVERAGE($D$2:$D$596),-3.27,"=IFERROR(($AU109-D109)/$AU109,0)",=$AU109-D109,65407,1243489199626445444,"Sunset Palms-Pool, Spa & Sports Court-Scottsdale",,,,,,,,,
"9BR Estate | Mountain Views, Pool, Spa & Theater",AZHolidayRental,,191347,314548,3086.24,31.31,234,9,7,16,true,false,true,true,true,true,true,Home/Apartment,House,House/villa,5,4,3,21+,Luxury,true,983,true,62,14,2026-05-13,Phoenix/Scottsdale,Paradise Valley,Paradise Valley,Arizona,85253,United States,suburban,https://www.airbnb.com/rooms/1247226399765315109,https://a0.muscache.com/im/pictures/hosting/Hosting-U3RheVN1cHBseUxpc3Rpbmc6MTI0NzIyNjM5OTc2NTMxNTEwOQ%3D%3D/original/115aa1e8-09ba-42c9-857e-12a8729b6feb.jpeg,1247226399765315109,4199881,33.5403,-111.9764,53.10,=AVERAGE($D$2:$D$596),-21.79,"=IFERROR(($AU122-D122)/$AU122,0)",=$AU122-D122,123201,1247226399765315109,"9BR Estate | Mountain Views, Pool, Spa & Theater",,,,,,,,,
Scottsdalestays-28 Real Beds-2 Homes Across Street,238954779,,126546,200579,2109.1,36.59,164,16,6,16,true,false,true,true,true,true,true,Home/Apartment,House,House/villa,0,0,1,21+,Luxury,false,595,true,60,16,2025-08-27,Phoenix/Scottsdale,Paradise Valley,Scottsdale,Arizona,85254,United States,suburban,https://www.airbnb.com/rooms/1255070553437160326,https://a0.muscache.com/im/pictures/hosting/Hosting-1255070553437160326/original/8acb3766-eeb6-49d7-8770-ee885f1d592d.jpeg,1255070553437160326,,33.6294329847,-111.9752398186,53.10,=AVERAGE($D$2:$D$596),-16.51,"=IFERROR(($AU202-D202)/$AU202,0)",=$AU202-D202,74033,1255070553437160326,Scottsdalestays-28 Real Beds-2 Homes Across Street,,,,,,,,,
Luxury Mansion-Heated Pool-Pickleball-Batting Cage,Cam Casey Real Estate,,250350,264853,1564.69,47.48,344,7,4,16,true,false,true,true,true,true,true,Home/Apartment,House,House/villa,5,43,3,21+,Luxury,true,750,true,160,44,2026-05-13,Phoenix/Scottsdale,Paradise Valley,Scottsdale,Arizona,85260,United States,suburban,https://www.airbnb.com/rooms/1260105010563602721,https://a0.muscache.com/im/pictures/hosting/Hosting-1260105010563602721/original/755125ab-72a7-4846-9b31-8d19858b10a3.jpeg,1260105010563602721,4243093,33.6053094993,-111.9080766531,53.10,=AVERAGE($D$2:$D$596),-5.62,"=IFERROR(($AU77-D77)/$AU77,0)",=$AU77-D77,14503,1260105010563602721,Luxury Mansion-Heated Pool-Pickleball-Batting Cage,,,,,,,,,
Luxurious Family Reunion Cabin Sleeps 18 Flagstaff,Evolve,,103279,113368,1307.33,24.38,343,6,3,16,false,false,false,true,true,true,false,Home/Apartment,House,House/villa,5,6,2,21+,Luxury,false,394,false,79,27,2026-05-16,Flagstaff,Flagstaff,Flagstaff,Arizona,86001,United States,mid_size_city,https://www.airbnb.com/rooms/1295709682781966800,https://a0.muscache.com/im/pictures/hosting/Hosting-U3RheVN1cHBseUxpc3Rpbmc6MTI5NTcwOTY4Mjc4MTk2NjgwMA==/original/ebfd4cd8-7858-439d-884a-42c79d058f4d.jpeg,1295709682781966800,4168926,35.4174,-111.8149,43.98,=AVERAGE($D$2:$D$130),-19.60,"=IFERROR(($AU50-D50)/$AU50,0)",=$AU50-D50,10089,1295709682781966800,Luxurious Family Reunion Cabin Sleeps 18 Flagstaff,,,,,,,,,
The Desert Reserve: FREE Heated Pool | Pickleball,Home Team Vacation Rentals,,278304,327654,1512.52,61.95,297,7,4,16,true,false,true,true,true,true,true,Home/Apartment,House,House/villa,4.95,39,4,21+,Luxury,true,726,true,184,48,2026-05-11,Phoenix/Scottsdale,Paradise Valley,Scottsdale,Arizona,85254,United States,suburban,https://www.airbnb.com/rooms/1309458754431697061,https://a0.muscache.com/im/pictures/prohost-api/Hosting-1309458754431697061/original/72c5111e-b113-43f2-bcbd-914bb856ffdc.jpeg,1309458754431697061,4331421,33.6065,-111.9449,53.10,=AVERAGE($D$2:$D$596),8.85,"=IFERROR(($AU59-D59)/$AU59,0)",=$AU59-D59,49350,1309458754431697061,The Desert Reserve: FREE Heated Pool | Pickleball,,,,,,,,,
$5M PV Estate|Casita|Camelback View|Sleeps 16,Travli Hospitality,,195490,339335,1827.01,44.96,250,6,6,16,true,true,true,true,true,false,true,Home/Apartment,House,House/villa,5,25,3,21+,Luxury,true,924,false,107,27,2026-05-13,Phoenix/Scottsdale,Paradise Valley,Paradise Valley,Arizona,85253,United States,suburban,https://www.airbnb.com/rooms/1316835689225293782,https://a0.muscache.com/im/pictures/prohost-api/Hosting-1316835689225293782/original/048131f1-5bb3-46ba-ba43-9f37d121996a.jpeg,1316835689225293782,20091021ha,33.5289,-111.9419,47.11,=AVERAGE($D$2:$D$596),-2.15,"=IFERROR(($AU114-D114)/$AU114,0)",=$AU114-D114,143845,1316835689225293782,$5M PV Estate|Casita|Camelback View|Sleeps 16,,,,,,,,,
Luxe PV Retreat - Pickleball - Heated Pool - Sauna,Home Team Vacation Rentals,,225617,258963,1928.35,64.29,186,6,5,16,true,false,true,true,true,false,true,Home/Apartment,House,House/villa,4.95,29,3,21+,Luxury,true,962,true,117,27,2026-05-13,Phoenix/Scottsdale,Paradise Valley,Paradise Valley,Arizona,85253,United States,suburban,https://www.airbnb.com/rooms/1323234123420256312,https://a0.muscache.com/im/pictures/prohost-api/Hosting-1323234123420256312/original/572d212b-728f-4b97-a7b2-18010d4e74dd.jpeg,1323234123420256312,4358355,33.5546,-111.9762,47.11,=AVERAGE($D$2:$D$596),17.18,"=IFERROR(($AU93-D93)/$AU93,0)",=$AU93-D93,33346,1323234123420256312,Luxe PV Retreat - Pickleball - Heated Pool - Sauna,,,,,,,,,
HÓZHÓ 19th Hole | Pool | Golf Sim | Pickleball,482928211,,724900,753529,2865.22,73.33,345,10,11,16,true,false,true,true,true,false,true,Home/Apartment,House,House/villa,4.95,32,4,21+,Luxury,true,1096,true,253,72,2026-05-11,Phoenix/Scottsdale,Paradise Valley,Scottsdale,Arizona,85260,United States,suburban,https://www.airbnb.com/rooms/1344276062723225221,https://a0.muscache.com/im/pictures/prohost-api/Hosting-1344276062723225221/original/40791eb5-81e7-4ea1-a9ed-fda89b75170a.jpeg,1344276062723225221,4378019,33.6083,-111.9168,53.10,=AVERAGE($D$2:$D$596),20.23,"=IFERROR(($AU4-D4)/$AU4,0)",=$AU4-D4,28629,1344276062723225221,HÓZHÓ 19th Hole | Pool | Golf Sim | Pickleball,,,,,,,,,
"NEW! The Windrose w/ Pickleball, Pool & Spa",Mojo Hospitality,,177000,179157,1966.67,33.71,267,5,2,16,true,false,true,true,true,false,true,Home/Apartment,House,House/villa,5,20,1,21+,Luxury,true,4940,false,90,26,2025-11-04,Phoenix/Scottsdale,Paradise Valley,Scottsdale,Arizona,85254,United States,suburban,https://www.airbnb.com/rooms/1346672174796610338,https://a0.muscache.com/im/pictures/prohost-api/Hosting-1346672174796610338/original/062ce438-fd59-49bd-9135-1a87e05e3304.jpeg,1346672174796610338,4418365,33.6012563539,-111.9705162559,52.34,=AVERAGE($D$2:$D$596),-18.63,"=IFERROR(($AU136-D136)/$AU136,0)",=$AU136-D136,2157,1346672174796610338,"NEW! The Windrose w/ Pickleball, Pool & Spa",,,,,,,,,
Julep by AvantStay | Mid-Century Modern Estate,Scottsdale AZ By AvantStay,,140908,201546,1316.9,53.23,201,9,5,16,true,false,false,true,true,false,true,Home/Apartment,Villa,House/villa,4.7,92,2,21+,Luxury,true,990,true,107,30,2026-04-14,Phoenix/Scottsdale,Paradise Valley,Paradise Valley,Arizona,85253,United States,suburban,https://www.airbnb.com/rooms/1351640327229567117,https://a0.muscache.com/im/pictures/prohost-api/Hosting-1351640327229567117/original/81c94c83-1f22-4a5d-a69f-d0dee96e7724.jpeg,1351640327229567117,2138495,33.52618,-111.98722,53.10,=AVERAGE($D$2:$D$596),0.13,"=IFERROR(($AU182-D182)/$AU182,0)",=$AU182-D182,60638,1351640327229567117,Julep by AvantStay | Mid-Century Modern Estate,,,,,,,,,
HÓZHÓ Estate on Desert Hills | Pool  $80k Golf Sim,482928211,,617960,652931,2367.66,76.76,340,9,9,16,true,false,true,true,true,false,true,Home/Apartment,House,House/villa,4.95,33,4,21+,Luxury,true,1072,true,261,75,2026-05-13,Phoenix/Scottsdale,Paradise Valley,Scottsdale,Arizona,85260,United States,suburban,https://www.airbnb.com/rooms/1375463518753338462,https://a0.muscache.com/im/pictures/prohost-api/Hosting-1375463518753338462/original/d50ce9ee-df9c-4c03-94b1-0c020e17337c.jpeg,1375463518753338462,4457646,33.594,-111.8927,53.10,=AVERAGE($D$2:$D$596),23.66,"=IFERROR(($AU5-D5)/$AU5,0)",=$AU5-D5,34971,1375463518753338462,HÓZHÓ Estate on Desert Hills | Pool  $80k Golf Sim,,,,,,,,,
"Grand Legacy Lodge, White Mountains AZ, Sleeps 34",Longitude Experience,,332962,344472,3329.62,32.89,356,9,8,16,false,false,false,true,true,false,false,Home/Apartment,Cabin,House/villa,5,5,2,21+,Luxury,true,1000,true,100,22,2026-05-17,Pinetop-Lakeside,Overgaard,Heber,Arizona,85928,United States,mountains_lakes,https://www.airbnb.com/rooms/1375576336656373092,https://a0.muscache.com/im/pictures/prohost-api/Hosting-1375576336656373092/original/e1c2191e-2b37-418c-ad7b-b6d41e511807.jpeg,1375576336656373092,4478949,34.3333,-110.655,35.34,=AVERAGE($D$2:$D$407),-2.45,"=IFERROR(($AU3-D3)/$AU3,0)",=$AU3-D3,11510,1375576336656373092,"Grand Legacy Lodge, White Mountains AZ, Sleeps 34",,,,,,,,,
"Legacy Lodge & Barn Retreat, Sleeps 42",Longitude Experience,,361859,420999,3890.96,35.91,285,13,11,16,false,false,false,true,true,false,false,Home/Apartment,Cabin,House/villa,0,0,2,21+,Luxury,true,1200,true,93,28,2026-05-17,Pinetop-Lakeside,Overgaard,Heber,Arizona,85928,United States,mountains_lakes,https://www.airbnb.com/rooms/1379171847097000638,https://a0.muscache.com/im/pictures/prohost-api/Hosting-1379171847097000638/original/2592e84f-f123-4863-ac79-5c93e99a0294.jpeg,1379171847097000638,4495246,34.3333,-110.655,35.34,=AVERAGE($D$2:$D$407),0.57,"=IFERROR(($AU2-D2)/$AU2,0)",=$AU2-D2,59140,1379171847097000638,"Legacy Lodge & Barn Retreat, Sleeps 42",,,,,,,,,
Brick & Beam A Conservatory by Gathering Tree,6571387,,246217,324995,2258.87,35.05,324,10,10,16,true,false,true,true,false,false,false,Home/Apartment,House,House/villa,5,14,3,21+,Luxury,true,694,true,109,29,2026-05-16,Flagstaff,Flagstaff,Flagstaff,Arizona,86001,United States,mid_size_city,https://www.airbnb.com/rooms/1392297426092731986,https://a0.muscache.com/im/pictures/prohost-api/Hosting-1392297426092731986/original/2850e7f6-c95d-460b-abc5-01d4437d6991.jpeg,1392297426092731986,4655460,35.183132748,-111.6473126518,40.01,=AVERAGE($D$2:$D$130),-4.96,"=IFERROR(($AU9-D9)/$AU9,0)",=$AU9-D9,78778,1392297426092731986,Brick & Beam A Conservatory by Gathering Tree,,,,,,,,,
Casa Palacio Luxurious 8BR Mansion in Scottsdale,Parsons Villas,,337748,364751,1866.01,55.52,331,8,8,16,true,false,true,true,true,true,true,Home/Apartment,House,House/villa,4.8,103,1,21+,Luxury,true,945,true,181,49,2026-05-16,Phoenix/Scottsdale,Paradise Valley,Scottsdale,Arizona,85260,United States,suburban,https://www.airbnb.com/rooms/1400243145803397506,https://a0.muscache.com/im/pictures/prohost-api/Hosting-1400243145803397506/original/b8d3819a-6e3b-4363-aeba-5f838ae4b269.jpeg,1400243145803397506,1850475,33.58708,-111.86961,53.10,=AVERAGE($D$2:$D$596),2.42,"=IFERROR(($AU35-D35)/$AU35,0)",=$AU35-D35,27003,1400243145803397506,Casa Palacio Luxurious 8BR Mansion in Scottsdale,,,,,,,,,
"Valley Vista - 11BR, 12K Sf Estate Family Retreat",548435836,,457652,482227,2660.77,50.59,340,11,9,16,true,false,true,true,true,true,true,Home/Apartment,House,House/villa,4.55,13,1,21+,Luxury,true,1045,true,172,57,2026-05-17,Phoenix/Scottsdale,Paradise Valley,Paradise Valley,Arizona,85253,United States,suburban,https://www.airbnb.com/rooms/1400253255951655765,https://a0.muscache.com/im/pictures/prohost-api/Hosting-1400253255951655765/original/0f4e8119-87c1-4070-a640-226883859d38.jpeg,1400253255951655765,4956822,33.5273971464,-112.0109425235,53.10,=AVERAGE($D$2:$D$596),-2.51,"=IFERROR(($AU17-D17)/$AU17,0)",=$AU17-D17,24575,1400253255951655765,"Valley Vista - 11BR, 12K Sf Estate Family Retreat",,,,,,,,,
Sundown - 2 Homes w/ Private Pools - In Scottsdale,GoodNight Stay,,334098,596553,2716.24,71.1,193,10,9,16,true,false,true,true,true,true,true,Home/Apartment,House,House/villa,4.5,6,2,21+,Luxury,false,999,true,123,27,2026-05-17,Phoenix/Scottsdale,Paradise Valley,Scottsdale,Arizona,85260,United States,suburban,https://www.airbnb.com/rooms/1411686392197835333,https://a0.muscache.com/im/pictures/hosting/Hosting-1411686392197835333/original/e908988f-b84e-47d2-bf24-2b9df8822ecb.jpeg,1411686392197835333,20143904ha,33.60949,-111.89085,53.10,=AVERAGE($D$2:$D$596),18,"=IFERROR(($AU36-D36)/$AU36,0)",=$AU36-D36,262455,1411686392197835333,Sundown - 2 Homes w/ Private Pools - In Scottsdale,,,,,,,,,
"Luxe Private Resort Compound, Heated Pool and Spa",Heirloom,,305728,401731,1947.31,78.5,224,9,5,16,true,false,true,true,true,false,true,Home/Apartment,House,House/villa,5,20,2,21+,Luxury,true,797,true,157,45,2026-05-14,Phoenix/Scottsdale,Paradise Valley,Scottsdale,Arizona,85254,United States,suburban,https://www.airbnb.com/rooms/1421921829579892334,https://a0.muscache.com/im/pictures/prohost-api/Hosting-1421921829579892334/original/e56b2d5b-0456-48fb-80ab-68aa08986286.jpeg,1421921829579892334,4594388,33.5841,-111.9439,53.10,=AVERAGE($D$2:$D$596),25.40,"=IFERROR(($AU42-D42)/$AU42,0)",=$AU42-D42,96003,1421921829579892334,"Luxe Private Resort Compound, Heated Pool and Spa",,,,,,,,,
LUXE - Arbor Grove Luxury Estate in Scottsdale,105724935,,139915,182766,672.67,83.2,275,5,3,16,true,false,true,true,true,true,true,Home/Apartment,House,House/villa,4.9,27,3,21+,Luxury,true,600,false,208,40,2026-05-17,Phoenix/Scottsdale,Paradise Valley,Scottsdale,Arizona,85254,United States,suburban,https://www.airbnb.com/rooms/1424561619948485346,https://a0.muscache.com/im/pictures/hosting/Hosting-U3RheVN1cHBseUxpc3Rpbmc6MTQyNDU2MTYxOTk0ODQ4NTM0Ng==/original/c48c4002-9ef0-418c-a632-3e2e86c3a8ce.jpeg,1424561619948485346,,33.6011636995,-111.950699984,52.34,=AVERAGE($D$2:$D$596),30.86,"=IFERROR(($AU185-D185)/$AU185,0)",=$AU185-D185,42851,1424561619948485346,LUXE - Arbor Grove Luxury Estate in Scottsdale,,,,,,,,,
"Scottsdale Luxury Mega Compound, Heated Pools",Heirloom,,385877,897220,5846.62,100,103,17,10,16,true,false,true,true,true,false,true,Home/Apartment,House,House/villa,4.6,5,30,21+,Luxury,true,1200,true,66,21,2026-05-11,Phoenix/Scottsdale,Paradise Valley,Scottsdale,Arizona,85254,United States,suburban,https://www.airbnb.com/rooms/1424713626593290721,https://a0.muscache.com/im/pictures/prohost-api/Hosting-1424713626593290721/original/b429f8bb-ec75-4e2d-a112-8bf6e3baef91.jpeg,1424713626593290721,4600536,33.5841,-111.9439,53.10,=AVERAGE($D$2:$D$596),46.90,"=IFERROR(($AU25-D25)/$AU25,0)",=$AU25-D25,511343,1424713626593290721,"Scottsdale Luxury Mega Compound, Heated Pools",,,,,,,,,
HÓZHÓ Collective at Lone Mountain,217908712,,365602,2156613,15895.74,54.76,121,27,67,16,true,true,true,true,true,false,true,Home/Apartment,House,House/villa,0,0,7,21+,Luxury,true,0,true,23,3,2026-05-11,Phoenix/Scottsdale,Cave Creek,Scottsdale,Arizona,85266,United States,suburban,https://www.airbnb.com/rooms/1426113224438480426,https://a0.muscache.com/im/pictures/prohost-api/Hosting-1426113224438480426/original/0e7a50a4-1e5f-4417-b313-54b859f17358.jpeg,1426113224438480426,,33.7543,-111.9019,49.30,=AVERAGE($D$2:$D$329),5.46,"=IFERROR(($AU7-D7)/$AU7,0)",=$AU7-D7,1791011,1426113224438480426,HÓZHÓ Collective at Lone Mountain,,,,,,,,,
Gathering Tree's Group stay,6571387,,112906,141298,1328.31,35.27,278,8,6,16,true,false,true,true,true,false,false,Home/Apartment,House,House/villa,5,1,3,21+,Luxury,true,576,true,85,25,2026-05-14,Flagstaff,Flagstaff,Flagstaff,Arizona,86001,United States,mid_size_city,https://www.airbnb.com/rooms/1435058264145131463,https://a0.muscache.com/im/pictures/prohost-api/Hosting-1435058264145131463/original/cf72c157-3b46-463d-afad-5ca457009b79.jpeg,1435058264145131463,4624578,35.1647012084,-111.6583917804,40.01,=AVERAGE($D$2:$D$130),-4.74,"=IFERROR(($AU37-D37)/$AU37,0)",=$AU37-D37,28392,1435058264145131463,Gathering Tree's Group stay,,,,,,,,,
Scottsdale Jetsetter - Modern Desert Luxury,VacayAZ,,218207,294270,1803.36,63.02,229,7,6,16,true,false,true,true,true,true,true,Home/Apartment,House,House/villa,5,24,3,21+,Luxury,true,1246,true,121,34,2026-05-14,Phoenix/Scottsdale,Paradise Valley,Scottsdale,Arizona,85260,United States,suburban,https://www.airbnb.com/rooms/1442997693061036066,https://a0.muscache.com/im/pictures/hosting/Hosting-U3RheVN1cHBseUxpc3Rpbmc6MTQ0Mjk5NzY5MzA2MTAzNjA2Ng==/original/176619ea-e9f8-4443-b906-ef029d768e8c.jpeg,1442997693061036066,,33.6063868843,-111.9218804336,53.10,=AVERAGE($D$2:$D$596),9.92,"=IFERROR(($AU97-D97)/$AU97,0)",=$AU97-D97,76063,1442997693061036066,Scottsdale Jetsetter - Modern Desert Luxury,,,,,,,,,
Brick & Beam Ultimate  by Gathering Tree,6571387,,272311,345908,3446.97,30.04,297,18,10,16,true,false,true,true,true,false,false,Home/Apartment,House,House/villa,5,1,2,21+,Luxury,true,1328,true,79,26,2026-05-15,Flagstaff,Flagstaff,Flagstaff,Arizona,86001,United States,mid_size_city,https://www.airbnb.com/rooms/1447423528441126191,https://a0.muscache.com/im/pictures/prohost-api/Hosting-1447423528441126191/original/cd50cc18-cda2-49f2-82b2-0b390dbd170e.jpeg,1447423528441126191,,35.1829400118,-111.6459725963,40.01,=AVERAGE($D$2:$D$130),-9.97,"=IFERROR(($AU7-D7)/$AU7,0)",=$AU7-D7,73597,1447423528441126191,Brick & Beam Ultimate  by Gathering Tree,,,,,,,,,
"Luxe Desert Compound, Private Heated Pool",Heirloom,,288154,366801,1618.84,82.03,240,8,5,16,true,false,true,true,true,false,true,Home/Apartment,House,House/villa,4.95,21,2,21+,Luxury,true,500,true,178,54,2026-05-17,Phoenix/Scottsdale,Paradise Valley,Scottsdale,Arizona,85254,United States,suburban,https://www.airbnb.com/rooms/1468117953831878998,https://a0.muscache.com/im/pictures/prohost-api/Hosting-1468117953831878998/original/47928319-7c2f-4ff8-8402-9ddddea4b39c.jpeg,1468117953831878998,4706018,33.5848,-111.9439,53.10,=AVERAGE($D$2:$D$596),28.93,"=IFERROR(($AU53-D53)/$AU53,0)",=$AU53-D53,78647,1468117953831878998,"Luxe Desert Compound, Private Heated Pool",,,,,,,,,
Serenissima – La Dolce Vita above Paradise Valley,VacayAZ,,186554,219235,2005.96,46.5,252,6,6,16,true,false,true,true,true,false,true,Home/Apartment,House,House/villa,4.9,17,3,21+,Luxury,true,1365,true,93,27,2026-05-15,Phoenix/Scottsdale,Paradise Valley,Paradise Valley,Arizona,85253,United States,suburban,https://www.airbnb.com/rooms/1473300546812850013,https://a0.muscache.com/im/pictures/hosting/Hosting-1473300546812850013/original/eb571fcd-ea31-42f3-89fb-87d2cab588bc.jpeg,1473300546812850013,4722860,33.52669,-111.98317,47.11,=AVERAGE($D$2:$D$596),-0.61,"=IFERROR(($AU128-D128)/$AU128,0)",=$AU128-D128,32681,1473300546812850013,Serenissima – La Dolce Vita above Paradise Valley,,,,,,,,,
SWSS Pool • Golf Simulator • Sport Court • Sauna,StayWithStyleScottsdale,,478247,549523,3825.98,63.45,223,11,12,16,true,false,true,true,true,false,true,Home/Apartment,House,House/villa,5,6,2,21+,Luxury,true,1375,true,125,33,2026-05-15,Phoenix/Scottsdale,Paradise Valley,Scottsdale,Arizona,85260,United States,suburban,https://www.airbnb.com/rooms/1476093927861822785,https://a0.muscache.com/im/pictures/prohost-api/Hosting-1476093927861822785/original/9ae3fedb-c175-4b6f-907e-5f0b90ef76b1.jpeg,1476093927861822785,,33.58469,-111.86937,53.10,=AVERAGE($D$2:$D$596),10.35,"=IFERROR(($AU14-D14)/$AU14,0)",=$AU14-D14,71276,1476093927861822785,SWSS Pool • Golf Simulator • Sport Court • Sauna,,,,,,,,,
"Lux Fountain Hills, VIEWS, Inf Pool, Hot Tub, Golf",Arizona Vacation Home Rentals,,149312,164992,1395.44,59.44,204,5,5,16,true,false,true,true,true,false,true,Home/Apartment,House,House/villa,4.8,63,4,21+,Luxury,false,704,false,107,24,2026-05-15,Phoenix/Scottsdale,Fountain Hills,Fountain Hills,Arizona,85268,United States,suburban,https://www.airbnb.com/rooms/1485006877266628393,https://a0.muscache.com/im/pictures/prohost-api/Hosting-1485006877266628393/original/1ea539f9-1724-4ee2-9922-c73a366cb634.jpeg,1485006877266628393,20180288ha,33.6021,-111.7561,59.44,=AVERAGE($D$2:$D$134),0,"=IFERROR(($AU6-D6)/$AU6,0)",=$AU6-D6,15680,1485006877266628393,"Lux Fountain Hills, VIEWS, Inf Pool, Hot Tub, Golf",,,,,,,,,
SWSS Luxe Pool Retreat • Sport Court • Pickleball,StayWithStyleScottsdale,,298440,335153,2368.57,64.62,243,5,6,16,true,false,true,true,true,false,true,Home/Apartment,House,House/villa,5,3,2,21+,Luxury,true,875,true,126,27,2026-05-15,Phoenix/Scottsdale,Paradise Valley,Scottsdale,Arizona,85259,United States,suburban,https://www.airbnb.com/rooms/1493568941986605163,https://a0.muscache.com/im/pictures/prohost-api/Hosting-1493568941986605163/original/253a5026-1589-4ae9-bf96-ad60eba52318.jpeg,1493568941986605163,4750809,33.6016597908,-111.8546762033,52.34,=AVERAGE($D$2:$D$596),12.28,"=IFERROR(($AU46-D46)/$AU46,0)",=$AU46-D46,36713,1493568941986605163,SWSS Luxe Pool Retreat • Sport Court • Pickleball,,,,,,,,,
Lux Home Heated Pool|Golf Sim|Pickleball|Spa|Sauna,Vello,,155826,225376,1640.27,68.35,205,6,8,14,true,false,true,true,true,false,true,Home/Apartment,House,House/villa,5,17,5,21+,Luxury,true,488,true,95,22,2026-05-11,Phoenix/Scottsdale,Paradise Valley,Scottsdale,Arizona,85260,United States,suburban,https://www.airbnb.com/rooms/1498539357956059741,https://a0.muscache.com/im/pictures/prohost-api/Hosting-1498539357956059741/original/ea083244-be31-4ea7-a43f-9ca39bed9195.jpeg,1498539357956059741,4792570,33.5826844462,-111.8701538555,47.11,=AVERAGE($D$2:$D$596),21.24,"=IFERROR(($AU160-D160)/$AU160,0)",=$AU160-D160,69550,1498539357956059741,Lux Home Heated Pool|Golf Sim|Pickleball|Spa|Sauna,,,,,,,,,
Paradise Canyon-Private Event Venue-Estate 1&3,GoodNight Stay,,194037,282328,2064.22,76.42,177,13,13,16,true,false,true,true,true,true,true,Home/Apartment,House,House/villa,5,3,2,21+,Luxury,false,1875,true,94,24,2026-05-11,Phoenix/Scottsdale,Cave Creek,Fort Mcdowell,Arizona,85264,United States,suburban,https://www.airbnb.com/rooms/1506747464190979443,https://a0.muscache.com/im/pictures/prohost-api/Hosting-1506747464190979443/original/5575a5d1-a72f-4847-8cb0-2702b06b79f1.jpeg,1506747464190979443,20195262ha,33.62415,-111.60864,49.30,=AVERAGE($D$2:$D$329),27.12,"=IFERROR(($AU19-D19)/$AU19,0)",=$AU19-D19,88291,1506747464190979443,Paradise Canyon-Private Event Venue-Estate 1&3,,,,,,,,,
Paradise Canyon-Pool w/ Mountain Views-Estate 1&2,GoodNight Stay,,110409,168014,1903.6,54.21,186,10,11,16,true,false,false,true,true,true,true,Home/Apartment,House,House/villa,0,0,2,21+,Luxury,false,1700,true,58,18,2026-05-11,Phoenix/Scottsdale,Cave Creek,Fort Mcdowell,Arizona,85264,United States,suburban,https://www.airbnb.com/rooms/1513174319740872701,https://a0.muscache.com/im/pictures/prohost-api/Hosting-1513174319740872701/original/db3fad77-ca93-4b65-a4b5-fd5b65b031b4.jpeg,1513174319740872701,20193813ha,33.62384,-111.60783,49.30,=AVERAGE($D$2:$D$329),4.91,"=IFERROR(($AU36-D36)/$AU36,0)",=$AU36-D36,57605,1513174319740872701,Paradise Canyon-Pool w/ Mountain Views-Estate 1&2,,,,,,,,,
Paradise Canyon-3 Estates+Casita w/Horse Stables,GoodNight Stay,,329417,529400,3921.63,76.36,143,20,21,16,true,false,true,true,true,true,true,Home/Apartment,House,House/villa,4.5,2,2,21+,Luxury,false,892,true,84,20,2026-05-11,Phoenix/Scottsdale,Cave Creek,Fort Mcdowell,Arizona,85264,United States,suburban,https://www.airbnb.com/rooms/1538565151329487460,https://a0.muscache.com/im/pictures/prohost-api/Hosting-1538565151329487460/original/c527de4e-c168-45a9-8427-151090105a86.jpeg,1538565151329487460,20210531ha,33.6249965616,-111.6083664237,49.30,=AVERAGE($D$2:$D$329),27.06,"=IFERROR(($AU10-D10)/$AU10,0)",=$AU10-D10,199983,1538565151329487460,Paradise Canyon-3 Estates+Casita w/Horse Stables,,,,,,,,,
"Small Venue, 4 Homes, Pool & Spa, Sleeps 36, Views",Arizona Vacation Home Rentals,,129023,148239,1984.97,42.21,188,11,9,16,true,false,true,true,true,false,true,Home/Apartment,House,House/villa,5,3,4,21+,Luxury,false,1374,false,65,15,2026-05-17,Phoenix/Scottsdale,Cave Creek,Mesa,Arizona,85215,United States,suburban,https://www.airbnb.com/rooms/1539333144388826413,https://a0.muscache.com/im/pictures/prohost-api/Hosting-1539333144388826413/original/1d845bfa-32e5-45f2-8933-17feeccc757c.jpeg,1539333144388826413,,33.465899676,-111.559099897,49.30,=AVERAGE($D$2:$D$329),-7.09,"=IFERROR(($AU27-D27)/$AU27,0)",=$AU27-D27,19216,1539333144388826413,"Small Venue, 4 Homes, Pool & Spa, Sleeps 36, Views",,,,,,,,,
Resort w/Golf Sim/Pickleball/Speakeasy/Heated Pool,464913733,,108870,151939,1944.11,52.34,137,7,6,16,true,true,true,true,true,false,true,Home/Apartment,House,House/villa,5,12,2,21+,Luxury,false,980,true,56,15,2026-05-11,Phoenix/Scottsdale,Paradise Valley,Scottsdale,Arizona,85260,United States,suburban,https://www.airbnb.com/rooms/1551863703140772259,https://a0.muscache.com/im/pictures/hosting/Hosting-1551863703140772259/original/010d1f56-8d28-4f9b-ae1b-c74197c34740.jpeg,1551863703140772259,,33.601,-111.8571,53.10,=AVERAGE($D$2:$D$596),-0.76,"=IFERROR(($AU235-D235)/$AU235,0)",=$AU235-D235,43069,1551863703140772259,Resort w/Golf Sim/Pickleball/Speakeasy/Heated Pool,,,,,,,,,
HÓZHÓ Cattle Track | Pool | Pickleball | Golf Sim,482928211,,306228,390158,3479.86,73.33,147,11,12,16,true,false,true,true,true,false,true,Home/Apartment,House,House/villa,5,12,4,21+,Luxury,true,975,true,88,23,2026-05-13,Phoenix/Scottsdale,Paradise Valley,Scottsdale,Arizona,85250,United States,suburban,https://www.airbnb.com/rooms/1559652898884891337,https://a0.muscache.com/im/pictures/prohost-api/Hosting-1559652898884891337/original/8db497e2-d248-45bf-a039-35c2d0c50704.jpeg,1559652898884891337,4970415,33.531,-111.9169,53.10,=AVERAGE($D$2:$D$596),20.23,"=IFERROR(($AU41-D41)/$AU41,0)",=$AU41-D41,83930,1559652898884891337,HÓZHÓ Cattle Track | Pool | Pickleball | Golf Sim,,,,,,,,,
Paradise Canyon-Pool w/ Mountain Views-Estate 1&2,GoodNight Stay,,116793,211696,2433.19,41.74,177,10,10,28,true,false,true,true,true,true,true,Home/Apartment,House,House/villa,0,0,2,21+,Luxury,false,1445,true,48,14,2026-05-16,Phoenix/Scottsdale,Cave Creek,Fort Mcdowell,Arizona,85264,United States,suburban,https://www.vrbo.com/20197318ha,https://media.vrbo.com/lodging/121000000/120500000/120497900/120497840/fbb3eaa1.jpg?impolicy=resizecrop&rw=1200&ra=fit,,20197318ha,33.62413,-111.608597,49.30,=AVERAGE($D$2:$D$329),-7.56,"=IFERROR(($AU33-D33)/$AU33,0)",=$AU33-D33,94903,20197318ha,Paradise Canyon-Pool w/ Mountain Views-Estate 1&2,,,,,,,,,
