Title,Property Manager/Host,Contact,Revenue,Revenue Potential,ADR,Occupancy,Days Available,Bedrooms,Bathrooms,Accommodates,Has Air Conditioning,Has Gym,Has Hot Tub,Has Kitchen,Has Parking,Has Pets,Has Pool,Listing Type,Property Type,Real Estate Type,Overall Rating,Number of Reviews,Minimum Stay,Host Unit Count,Price Tier,Airbnb Superhost,Cleaning Fee,Instant Book,Reserved Days,Number of Bookings,Last Update,AirDNA Market,AirDNA Subarket,City,State,Zipcode,Country,Location Type,Listing URL,Main Listing Image,Airbnb Property ID,Vrbo Property ID,Latitude,Longitude,Market Average Occupancy,Market Average Revenue,Occupancy Gap,Revenue % Gap,Revenue $ Gap
"Atlantic Ocean View Condo, Access to Pool & Beach",RedAwning,,291865,403832,2130.4,83.03,181,2,2,6,true,false,false,true,true,false,true,Home/Apartment,Condominium (condo),Apt/Condo/Loft,4.5,9,2,21+,Luxury,false,5192,true,137,8,2025-11-05,Amelia/St. Simons/Jekyll Islands,Fernandina Beach,Fernandina Beach,Florida,32034,United States,coastal,https://www.airbnb.com/rooms/37604654,https://a0.muscache.com/im/pictures/prohost-api/Hosting-37604654/original/5fbfb41b-4527-4e05-924a-9a0701710467.jpeg,37604654,4900988ha,30.619459,-81.440979,"=AVERAGE($G$2:$G$1001)","=AVERAGE($D$2:$D$1001)","=IFERROR(($AT2-G2)/$AT2,0)","=IFERROR(($AU2-D2)/$AU2,0)","=$AU2-D2"
"Great Ocean house for families, plenty of parking.",ERA Fernandina Beach Realty,,198408,211562,1600.06,38.87,323,2,2,10,true,false,false,true,true,false,false,Home/Apartment,House,House/villa,4.75,41,3,21+,Luxury,false,614,true,124,27,2026-05-13,Amelia/St. Simons/Jekyll Islands,Fernandina Beach,Fernandina Beach,Florida,32034,United States,coastal,https://www.airbnb.com/rooms/35031817,https://a0.muscache.com/im/pictures/prohost-api/Hosting-35031817/original/6f7e1849-772c-46d6-8be9-dd2f3e11c7b1.jpeg,35031817,4804646ha,30.6396,-81.43695,"=AVERAGE($G$2:$G$1001)","=AVERAGE($D$2:$D$1001)","=IFERROR(($AT3-G3)/$AT3,0)","=IFERROR(($AU3-D3)/$AU3,0)","=$AU3-D3"
Brand New Balcony at our Oceanfront Private Home,Stay Better Vacations,,196344,200628,1175.71,70.46,299,2,2,5,true,false,false,true,true,false,false,Home/Apartment,House,House/villa,0,0,29,21+,Luxury,true,195,false,167,6,2026-05-14,Amelia/St. Simons/Jekyll Islands,Fernandina Beach,Fernandina Beach,Florida,32034,United States,coastal,https://www.airbnb.com/rooms/1310209506867906478,https://a0.muscache.com/im/pictures/prohost-api/Hosting-1310209506867906478/original/0268678f-a068-4e67-adc1-939d17a2d7ae.jpeg,1310209506867906478,4121366,30.651479544,-81.4328655207,"=AVERAGE($G$2:$G$1001)","=AVERAGE($D$2:$D$1001)","=IFERROR(($AT4-G4)/$AT4,0)","=IFERROR(($AU4-D4)/$AU4,0)","=$AU4-D4"
Oceanfront/Recently renovated and decorated,ERA Fernandina Beach Realty,,194755,237196,1583.37,60.29,226,2,2,4,true,false,false,true,true,false,true,Home/Apartment,Condominium (condo),Apt/Condo/Loft,4.6,5,2,21+,Luxury,false,519,true,123,18,2026-05-14,Amelia/St. Simons/Jekyll Islands,Fernandina Beach,Fernandina Beach,Florida,32034,United States,coastal,https://www.airbnb.com/rooms/35031208,https://a0.muscache.com/im/pictures/prohost-api/Hosting-35031208/original/ab4ac0fc-a170-4bf4-82d2-6682486e13d9.jpeg,35031208,,30.66176,-81.433,"=AVERAGE($G$2:$G$1001)","=AVERAGE($D$2:$D$1001)","=IFERROR(($AT5-G5)/$AT5,0)","=IFERROR(($AU5-D5)/$AU5,0)","=$AU5-D5"
Enhanced Unit with View of Atlantic from Balcony,RedAwning,,171859,197352,1753.66,46.01,285,2,2,6,true,false,false,true,true,false,true,Home/Apartment,Condominium (condo),Apt/Condo/Loft,5,1,2,21+,Luxury,false,469,true,98,16,2026-04-18,Amelia/St. Simons/Jekyll Islands,Fernandina Beach,Fernandina Beach,Florida,32034,United States,coastal,https://www.airbnb.com/rooms/37783166,https://a0.muscache.com/im/pictures/prohost-api/Hosting-37783166/original/407cd5e6-3434-49d2-a119-fd37e5381b57.jpeg,37783166,,30.6196,-81.4401,"=AVERAGE($G$2:$G$1001)","=AVERAGE($D$2:$D$1001)","=IFERROR(($AT6-G6)/$AT6,0)","=IFERROR(($AU6-D6)/$AU6,0)","=$AU6-D6"
Kid Friendly Condo with View of the Atlantic,RedAwning,,154434,174562,1178.89,60.09,264,2,2,6,true,false,false,true,true,false,true,Home/Apartment,Condominium (condo),Apt/Condo/Loft,4.85,24,2,21+,Luxury,false,1112,true,131,18,2026-04-14,Amelia/St. Simons/Jekyll Islands,Fernandina Beach,Fernandina Beach,Florida,32034,United States,coastal,https://www.airbnb.com/rooms/37603628,https://a0.muscache.com/im/pictures/prohost-api/Hosting-37603628/original/3748ff7b-2ca6-4dd1-b8e8-d46011f8de66.jpeg,37603628,4901001ha,30.6196,-81.4401,"=AVERAGE($G$2:$G$1001)","=AVERAGE($D$2:$D$1001)","=IFERROR(($AT7-G7)/$AT7,0)","=IFERROR(($AU7-D7)/$AU7,0)","=$AU7-D7"
Pure Luxury that rivals a suite at the Ritz!,14792804,,151951,165227,479.34,94.91,334,2,2,4,true,false,false,true,true,false,true,Home/Apartment,Condominium (condo),Apt/Condo/Loft,5,343,1,2-5,Luxury,true,174,false,317,73,2026-05-17,Amelia/St. Simons/Jekyll Islands,Fernandina Beach,Fernandina Beach,Florida,32034,United States,coastal,https://www.airbnb.com/rooms/22394504,https://a0.muscache.com/im/pictures/miso/Hosting-22394504/original/bcca3127-aa7b-4a54-8b28-87eb368365b4.png,22394504,1194225,30.5907,-81.4447,"=AVERAGE($G$2:$G$1001)","=AVERAGE($D$2:$D$1001)","=IFERROR(($AT8-G8)/$AT8,0)","=IFERROR(($AU8-D8)/$AU8,0)","=$AU8-D8"
Seaside Elegance: Oceanfront Sunrise Splendor,Stay Better Vacations,,149931,164119,557.36,80.3,335,2,2,4,true,false,false,true,true,false,true,Home/Apartment,Condominium (condo),Apt/Condo/Loft,5,39,4,21+,Luxury,false,200,true,269,58,2026-05-16,Amelia/St. Simons/Jekyll Islands,Fernandina Beach,Fernandina Beach,Florida,32034,United States,coastal,https://www.vrbo.com/3619320,"https://media.vrbo.com/lodging/100000000/99030000/99027800/99027747/80aec117.jpg?impolicy=resizecrop&rw=1200&ra=fit",,3619320,30.590057,-81.444596,"=AVERAGE($G$2:$G$1001)","=AVERAGE($D$2:$D$1001)","=IFERROR(($AT9-G9)/$AT9,0)","=IFERROR(($AU9-D9)/$AU9,0)","=$AU9-D9"
Experience beachfront luxury at 663 Amelia by the,ERA Fernandina Beach Realty,,148330,185873,1360.83,48.23,330,1,2,6,true,false,false,true,true,false,true,Home/Apartment,Condominium (condo),Apt/Condo/Loft,0,0,2,21+,Luxury,false,801,true,109,24,2026-05-14,Amelia/St. Simons/Jekyll Islands,Fernandina Beach,Fernandina Beach,Florida,32034,United States,coastal,https://www.airbnb.com/rooms/1415971970044382157,https://a0.muscache.com/im/pictures/prohost-api/Hosting-1415971970044382157/original/20e31ff8-f82e-4b68-941a-6970484c8c94.jpeg,1415971970044382157,20181604ha,30.62117,-81.44104,"=AVERAGE($G$2:$G$1001)","=AVERAGE($D$2:$D$1001)","=IFERROR(($AT10-G10)/$AT10,0)","=IFERROR(($AU10-D10)/$AU10,0)","=$AU10-D10"
6th Floor condo with private balcony!,ERA Fernandina Beach Realty,,148054,149682,1383.68,44.96,359,2,2,6,true,false,false,true,true,false,true,Home/Apartment,Condominium (condo),Apt/Condo/Loft,0,0,2,21+,Luxury,false,536,true,107,22,2026-05-14,Amelia/St. Simons/Jekyll Islands,Fernandina Beach,Fernandina Beach,Florida,32034,United States,coastal,https://www.airbnb.com/rooms/1415971991789630385,https://a0.muscache.com/im/pictures/prohost-api/Hosting-1415971991789630385/original/25a40d77-4748-4070-a3a6-9005f617094f.jpeg,1415971991789630385,,30.6218201456,-81.4388372123,"=AVERAGE($G$2:$G$1001)","=AVERAGE($D$2:$D$1001)","=IFERROR(($AT11-G11)/$AT11,0)","=IFERROR(($AU11-D11)/$AU11,0)","=$AU11-D11"
"Condo W/ Atlantic View from Patio,walk Tothebeach",RedAwning,,144949,241694,1294.19,61.54,248,2,2,6,true,false,false,true,true,false,true,Home/Apartment,Condominium (condo),Apt/Condo/Loft,0,0,2,21+,Luxury,false,3446,true,112,24,2026-04-18,Amelia/St. Simons/Jekyll Islands,Fernandina Beach,Fernandina Beach,Florida,32034,United States,coastal,https://www.airbnb.com/rooms/37603554,https://a0.muscache.com/im/pictures/prohost-api/Hosting-37603554/original/bcc1493c-efd4-494a-a46d-886815b51c39.jpeg,37603554,,30.6196,-81.4401,"=AVERAGE($G$2:$G$1001)","=AVERAGE($D$2:$D$1001)","=IFERROR(($AT12-G12)/$AT12,0)","=IFERROR(($AU12-D12)/$AU12,0)","=$AU12-D12"
Oceanfront Beach Escape Condo with Wifi,RedAwning,,144732,240388,1929.76,57.69,190,2,2,4,true,false,false,true,true,false,true,Home/Apartment,Condominium (condo),Apt/Condo/Loft,4.8,17,2,21+,Luxury,false,447,true,75,14,2026-04-18,Amelia/St. Simons/Jekyll Islands,Fernandina Beach,Fernandina Beach,Florida,32034,United States,coastal,https://www.airbnb.com/rooms/37604714,https://a0.muscache.com/im/pictures/prohost-api/Hosting-37604714/original/406b9b40-d72b-4691-8004-736df670da29.jpeg,37604714,7552584ha,30.6621,-81.4319,"=AVERAGE($G$2:$G$1001)","=AVERAGE($D$2:$D$1001)","=IFERROR(($AT13-G13)/$AT13,0)","=IFERROR(($AU13-D13)/$AU13,0)","=$AU13-D13"
Beautiful Corner Unit! Dog Friendly!,ERA Fernandina Beach Realty,,143630,166117,646.98,82.53,289,2,1,4,true,false,false,true,true,true,false,Home/Apartment,Condominium (condo),Apt/Condo/Loft,4.8,11,2,21+,Luxury,false,876,true,222,53,2026-05-14,Amelia/St. Simons/Jekyll Islands,Fernandina Beach,Fernandina Beach,Florida,32034,United States,coastal,https://www.airbnb.com/rooms/35031772,https://a0.muscache.com/im/pictures/prohost-api/Hosting-35031772/original/387519a6-98ec-42fe-9755-11f4f0c1d2ad.jpeg,35031772,,30.66104,-81.4328,"=AVERAGE($G$2:$G$1001)","=AVERAGE($D$2:$D$1001)","=IFERROR(($AT14-G14)/$AT14,0)","=IFERROR(($AU14-D14)/$AU14,0)","=$AU14-D14"
Enjoy the simple life in J1 Amelia South,ERA Fernandina Beach Realty,,137623,189806,983.02,60.09,277,2,2,6,true,false,false,true,true,false,true,Home/Apartment,Condominium (condo),Apt/Condo/Loft,4.25,4,3,21+,Luxury,false,682,true,140,32,2026-05-13,Amelia/St. Simons/Jekyll Islands,Fernandina Beach,Fernandina Beach,Florida,32034,United States,coastal,https://www.airbnb.com/rooms/35031727,https://a0.muscache.com/im/pictures/prohost-api/Hosting-35031727/original/680576b5-a042-42b9-a30d-b8880b810aaf.jpeg,35031727,4901010ha,30.61893,-81.43939,"=AVERAGE($G$2:$G$1001)","=AVERAGE($D$2:$D$1001)","=IFERROR(($AT15-G15)/$AT15,0)","=IFERROR(($AU15-D15)/$AU15,0)","=$AU15-D15"
Dragonfly Dunes: Your Oceanfront Retreat,Stay Better Vacations,,132480,141144,501.82,79.76,333,2,2,5,true,false,false,true,true,false,true,Home/Apartment,Condominium (condo),Apt/Condo/Loft,4.95,31,4,21+,Luxury,true,210,false,264,59,2026-05-17,Amelia/St. Simons/Jekyll Islands,Fernandina Beach,Fernandina Beach,Florida,32034,United States,coastal,https://www.airbnb.com/rooms/1236913063507686795,https://a0.muscache.com/im/pictures/prohost-api/Hosting-1236913063507686795/original/d52a31ba-918d-451f-a1ec-79800948b053.jpeg,1236913063507686795,4148503,30.59041,-81.44318,"=AVERAGE($G$2:$G$1001)","=AVERAGE($D$2:$D$1001)","=IFERROR(($AT16-G16)/$AT16,0)","=IFERROR(($AU16-D16)/$AU16,0)","=$AU16-D16"
New!-Sea Island Oceanview Suite-Walk to Beach Club,440015374,,128733,240854,982.69,82.91,183,1,2,4,true,false,true,true,true,true,true,Home/Apartment,Condominium (condo),Apt/Condo/Loft,5,13,1,6-20,Luxury,true,174,false,131,15,2026-05-14,Amelia/St. Simons/Jekyll Islands,Saint Simons Island,Sea Island,Georgia,31561,United States,coastal,https://www.airbnb.com/rooms/1312995631241491001,https://a0.muscache.com/im/pictures/hosting/Hosting-U3RheVN1cHBseUxpc3Rpbmc6MTMxMjk5NTYzMTI0MTQ5MTAwMQ%3D%3D/original/aee81c0e-fdb0-4d50-8cc3-71bcc17fb1f1.jpeg,1312995631241491001,3912785,31.176,-81.3508,"=AVERAGE($G$2:$G$1001)","=AVERAGE($D$2:$D$1001)","=IFERROR(($AT17-G17)/$AT17,0)","=IFERROR(($AU17-D17)/$AU17,0)","=$AU17-D17"
2BR Oceanfront Condo in Captain's Court,157633542,,123471,137076,523.18,74.68,316,2,2,6,true,false,false,true,true,true,true,Home/Apartment,Condominium (condo),Apt/Condo/Loft,4.75,218,1,1,Luxury,false,310,true,236,46,2026-05-17,Amelia/St. Simons/Jekyll Islands,Fernandina Beach,Fernandina Beach,Florida,32034,United States,coastal,https://www.airbnb.com/rooms/21657851,https://a0.muscache.com/im/pictures/8d2c13d8-4f83-47b9-a3d2-fbedb1aed54c.jpg,21657851,297696,30.5526,-81.4438,"=AVERAGE($G$2:$G$1001)","=AVERAGE($D$2:$D$1001)","=IFERROR(($AT18-G18)/$AT18,0)","=IFERROR(($AU18-D18)/$AU18,0)","=$AU18-D18"
Oceanfront 2br/2ba Pup-friendly  Beach Cottage!,Real Escapes,,120354,149834,657.67,69.85,282,2,2,4,true,false,false,true,true,true,false,Home/Apartment,House,House/villa,4.9,134,2,21+,Luxury,true,204,true,183,52,2026-05-11,Amelia/St. Simons/Jekyll Islands,Saint Simons Island,Saint Simons Island,Georgia,31522,United States,coastal,https://www.airbnb.com/rooms/28538346,https://a0.muscache.com/im/pictures/prohost-api/Hosting-28538346/original/c5e8eb73-6313-4b88-ba29-b8b4bbd25756.jpeg,28538346,1423615,31.13612,-81.3867,"=AVERAGE($G$2:$G$1001)","=AVERAGE($D$2:$D$1001)","=IFERROR(($AT19-G19)/$AT19,0)","=IFERROR(($AU19-D19)/$AU19,0)","=$AU19-D19"
Direct Oceanfront Condo with Private Balcony,RedAwning,,119447,139034,1456.67,41.84,333,2,2,6,true,false,false,true,true,false,true,Home/Apartment,Condominium (condo),Apt/Condo/Loft,0,0,2,21+,Luxury,false,2153,true,82,16,2026-04-14,Amelia/St. Simons/Jekyll Islands,Fernandina Beach,Fernandina Beach,Florida,32034,United States,coastal,https://www.airbnb.com/rooms/37603636,https://a0.muscache.com/im/pictures/prohost-api/Hosting-37603636/original/b9cacd3a-3da5-4085-8fcb-e696239e144d.jpeg,37603636,,30.6209,-81.4399,"=AVERAGE($G$2:$G$1001)","=AVERAGE($D$2:$D$1001)","=IFERROR(($AT20-G20)/$AT20,0)","=IFERROR(($AU20-D20)/$AU20,0)","=$AU20-D20"
Ocean & Amelia Island View Condo W/ Oceanside Pool,RedAwning,,118698,159200,1262.74,52.22,195,2,2,6,true,false,false,true,true,false,true,Home/Apartment,Condominium (condo),Apt/Condo/Loft,4,1,2,21+,Luxury,false,469,true,94,15,2026-04-18,Amelia/St. Simons/Jekyll Islands,Fernandina Beach,Fernandina Beach,Florida,32034,United States,coastal,https://www.airbnb.com/rooms/46092539,https://a0.muscache.com/im/pictures/prohost-api/Hosting-46092539/original/58567164-9512-4c07-a267-c2042229fae4.jpeg,46092539,,30.6195,-81.4403,"=AVERAGE($G$2:$G$1001)","=AVERAGE($D$2:$D$1001)","=IFERROR(($AT21-G21)/$AT21,0)","=IFERROR(($AU21-D21)/$AU21,0)","=$AU21-D21"
5th Floor condo!,ERA Fernandina Beach Realty,,118598,134046,718.78,55.56,308,2,2,6,true,false,false,true,true,false,true,Home/Apartment,Condominium (condo),Apt/Condo/Loft,4.35,10,2,21+,Luxury,false,1453,true,165,33,2026-02-09,Amelia/St. Simons/Jekyll Islands,Fernandina Beach,Fernandina Beach,Florida,32034,United States,coastal,https://www.airbnb.com/rooms/35031429,https://a0.muscache.com/im/pictures/prohost-api/Hosting-35031429/original/c2f9aac0-9a33-4007-beeb-309663755622.jpeg,35031429,4702857ha,30.62121,-81.43949,"=AVERAGE($G$2:$G$1001)","=AVERAGE($D$2:$D$1001)","=IFERROR(($AT22-G22)/$AT22,0)","=IFERROR(($AU22-D22)/$AU22,0)","=$AU22-D22"
Quiet 4th Floor 2 Bed/2 Bath Beachfront Condo,ERA Fernandina Beach Realty,,118151,125704,1193.44,50,287,2,2,6,true,false,false,true,true,false,true,Home/Apartment,Condominium (condo),Apt/Condo/Loft,4.45,8,3,21+,Luxury,false,1064,true,99,17,2026-05-14,Amelia/St. Simons/Jekyll Islands,Fernandina Beach,Fernandina Beach,Florida,32034,United States,coastal,https://www.airbnb.com/rooms/35031245,https://a0.muscache.com/im/pictures/prohost-api/Hosting-35031245/original/1f4768f8-d1f8-4958-b0f4-d0f116e1a635.jpeg,35031245,4901007ha,30.6202,-81.4393,"=AVERAGE($G$2:$G$1001)","=AVERAGE($D$2:$D$1001)","=IFERROR(($AT23-G23)/$AT23,0)","=IFERROR(($AU23-D23)/$AU23,0)","=$AU23-D23"
"Stay Longer, Save More",Stay Better Vacations,,117908,152350,1016.45,72.5,241,2,2,4,true,false,false,true,true,true,false,Home/Apartment,House,House/villa,5,2,29,21+,Luxury,true,0,false,116,7,2026-05-16,Amelia/St. Simons/Jekyll Islands,Fernandina Beach,Fernandina Beach,Florida,32034,United States,coastal,https://www.airbnb.com/rooms/1091998111370954496,https://a0.muscache.com/im/pictures/prohost-api/Hosting-1091998111370954496/original/3745eb5c-b89a-4062-bef9-5b3f0b919c7f.jpeg,1091998111370954496,3851957,30.6712,-81.4314,"=AVERAGE($G$2:$G$1001)","=AVERAGE($D$2:$D$1001)","=IFERROR(($AT24-G24)/$AT24,0)","=IFERROR(($AU24-D24)/$AU24,0)","=$AU24-D24"
202 Atlantis,RedAwning,,117572,203197,884,56.84,237,2,2,6,true,false,false,true,true,false,true,Home/Apartment,Condominium (condo),Apt/Condo/Loft,4.3,4,2,21+,Luxury,false,1158,true,133,20,2026-04-18,Amelia/St. Simons/Jekyll Islands,Fernandina Beach,Fernandina Beach,Florida,32034,United States,coastal,https://www.airbnb.com/rooms/1042618526542836469,https://a0.muscache.com/im/pictures/prohost-api/Hosting-1042618526542836469/original/a1394f01-8e0b-410d-89bc-5c82c0a123e0.jpeg,1042618526542836469,9905941ha,30.6185,-81.4405,"=AVERAGE($G$2:$G$1001)","=AVERAGE($D$2:$D$1001)","=IFERROR(($AT25-G25)/$AT25,0)","=IFERROR(($AU25-D25)/$AU25,0)","=$AU25-D25"
Live in luxury in this penthouse paradise!,Coastal Wave,,117429,134339,436.54,83.28,323,2,2,5,true,false,false,true,true,false,true,Home/Apartment,Condominium (condo),Apt/Condo/Loft,5,158,3,6-20,Luxury,false,353,false,269,59,2026-05-17,Amelia/St. Simons/Jekyll Islands,Fernandina Beach,Fernandina Beach,Florida,32034,United States,coastal,https://www.airbnb.com/rooms/1081310598090015775,https://a0.muscache.com/im/pictures/prohost-api/Hosting-1081310598090015775/original/2986af85-eab0-4f41-9fb6-208a39f40747.jpeg,1081310598090015775,9182648ha,30.5914,-81.4449,"=AVERAGE($G$2:$G$1001)","=AVERAGE($D$2:$D$1001)","=IFERROR(($AT26-G26)/$AT26,0)","=IFERROR(($AU26-D26)/$AU26,0)","=$AU26-D26"
*NEW* Luxury Oceanfront Cottage,44025772,,116455,123747,549.32,61.1,347,2,2,6,true,false,false,true,true,false,false,Home/Apartment,House,House/villa,5,84,3,2-5,Luxury,true,200,false,212,57,2026-05-17,Amelia/St. Simons/Jekyll Islands,Fernandina Beach,Fernandina Beach,Florida,32034,United States,coastal,https://www.airbnb.com/rooms/823235600890625347,https://a0.muscache.com/im/pictures/3eeda183-169b-4059-ba3e-e2d4955bfd17.jpg,823235600890625347,3167781,30.6632,-81.4318,"=AVERAGE($G$2:$G$1001)","=AVERAGE($D$2:$D$1001)","=IFERROR(($AT27-G27)/$AT27,0)","=IFERROR(($AU27-D27)/$AU27,0)","=$AU27-D27"
Ocean View Condo with Private Walkway to the Beach,RedAwning,,115326,230525,1441.58,76.92,210,2,2,6,true,false,false,true,true,false,true,Home/Apartment,Condominium (condo),Apt/Condo/Loft,4.9,6,2,21+,Luxury,false,468,true,80,10,2026-04-15,Amelia/St. Simons/Jekyll Islands,Fernandina Beach,Fernandina Beach,Florida,32034,United States,coastal,https://www.airbnb.com/rooms/37603490,https://a0.muscache.com/im/pictures/prohost-api/Hosting-37603490/original/338f97ea-0338-4c44-8f15-037b88c0f515.jpeg,37603490,4900994ha,30.6196,-81.4401,"=AVERAGE($G$2:$G$1001)","=AVERAGE($D$2:$D$1001)","=IFERROR(($AT28-G28)/$AT28,0)","=IFERROR(($AU28-D28)/$AU28,0)","=$AU28-D28"
"Oceanfront Condo, Short Walk to Pool & Beach",RedAwning,,115036,175415,1210.91,58.28,222,2,2,6,true,false,false,true,true,false,true,Home/Apartment,Condominium (condo),Apt/Condo/Loft,4,6,2,21+,Luxury,false,467,true,95,15,2026-04-19,Amelia/St. Simons/Jekyll Islands,Fernandina Beach,Fernandina Beach,Florida,32034,United States,coastal,https://www.airbnb.com/rooms/43270328,https://a0.muscache.com/im/pictures/prohost-api/Hosting-43270328/original/7f0d0ec7-5bc3-49d8-b023-3e268d488e92.jpeg,43270328,7567910ha,30.6195,-81.441,"=AVERAGE($G$2:$G$1001)","=AVERAGE($D$2:$D$1001)","=IFERROR(($AT29-G29)/$AT29,0)","=IFERROR(($AU29-D29)/$AU29,0)","=$AU29-D29"
Corner Unit Condo - Unobstructed Views of Atlantic,RedAwning,,114576,173549,1181.2,46.63,245,2,2,6,true,false,false,true,true,false,true,Home/Apartment,Condominium (condo),Apt/Condo/Loft,4.2,7,2,21+,Luxury,false,7124,true,97,19,2026-02-09,Amelia/St. Simons/Jekyll Islands,Fernandina Beach,Fernandina Beach,Florida,32034,United States,coastal,https://www.airbnb.com/rooms/37603707,https://a0.muscache.com/im/pictures/prohost-api/Hosting-37603707/original/5714d809-6572-433a-a779-2403be1514e9.jpeg,37603707,4702877ha,30.6209,-81.4399,"=AVERAGE($G$2:$G$1001)","=AVERAGE($D$2:$D$1001)","=IFERROR(($AT30-G30)/$AT30,0)","=IFERROR(($AU30-D30)/$AU30,0)","=$AU30-D30"
"4th Floor, renovated condo!",ERA Fernandina Beach Realty,,113081,154706,665.18,69.39,249,2,2,6,true,false,false,true,true,false,true,Home/Apartment,Condominium (condo),Apt/Condo/Loft,0,0,2,21+,Luxury,false,1100,true,170,21,2026-05-13,Amelia/St. Simons/Jekyll Islands,Fernandina Beach,Fernandina Beach,Florida,32034,United States,coastal,https://www.airbnb.com/rooms/35031492,https://a0.muscache.com/im/pictures/prohost-api/Hosting-35031492/original/b5bc38d3-997e-4cef-b84c-d6f45f189ece.jpeg,35031492,,30.61948,-81.44054,"=AVERAGE($G$2:$G$1001)","=AVERAGE($D$2:$D$1001)","=IFERROR(($AT31-G31)/$AT31,0)","=IFERROR(($AU31-D31)/$AU31,0)","=$AU31-D31"
Oceanfront End Unit | Completed Renovated | Luxury 3rd Floor Amelia South Condo,Amelia Island Getaways,,112121,116110,441.42,73.62,348,2,2,6,true,false,false,true,true,false,true,Home/Apartment,Condominium (condo),Apt/Condo/Loft,5,53,3,21+,Luxury,false,175,true,254,59,2026-05-14,Amelia/St. Simons/Jekyll Islands,Fernandina Beach,Fernandina Beach,Florida,32034,United States,coastal,https://www.vrbo.com/3414627,"https://media.vrbo.com/lodging/95000000/94680000/94677500/94677417/582eb396.jpg?impolicy=resizecrop&rw=1200&ra=fit",,3414627,30.61953,-81.440256,"=AVERAGE($G$2:$G$1001)","=AVERAGE($D$2:$D$1001)","=IFERROR(($AT32-G32)/$AT32,0)","=IFERROR(($AU32-D32)/$AU32,0)","=$AU32-D32"
Fully Remodeled Condo W/ Atlantic Ocean View,RedAwning,,111732,192951,1299.21,57.33,240,2,2,6,true,false,false,true,true,false,true,Home/Apartment,Condominium (condo),Apt/Condo/Loft,0,0,2,21+,Luxury,false,886,true,86,16,2026-04-18,Amelia/St. Simons/Jekyll Islands,Fernandina Beach,Fernandina Beach,Florida,32034,United States,coastal,https://www.airbnb.com/rooms/633841163655699225,https://a0.muscache.com/im/pictures/prohost-api/Hosting-633841163655699225/original/ce48a73e-e576-463d-92c2-7d847e6ac9a7.jpeg,633841163655699225,,30.6209,-81.4399,"=AVERAGE($G$2:$G$1001)","=AVERAGE($D$2:$D$1001)","=IFERROR(($AT33-G33)/$AT33,0)","=IFERROR(($AU33-D33)/$AU33,0)","=$AU33-D33"
Updated Condo Featuring Fresh Atlantic Breeze,RedAwning,,110733,143270,979.94,47.08,277,2,2,6,true,false,false,true,true,false,true,Home/Apartment,Condominium (condo),Apt/Condo/Loft,0,0,2,21+,Luxury,false,433,true,113,23,2026-04-14,Amelia/St. Simons/Jekyll Islands,Fernandina Beach,Fernandina Beach,Florida,32034,United States,coastal,https://www.airbnb.com/rooms/44196410,https://a0.muscache.com/im/pictures/prohost-api/Hosting-44196410/original/f0edb944-be3d-4e41-8803-49ec4bba9c2f.jpeg,44196410,,30.6209,-81.4399,"=AVERAGE($G$2:$G$1001)","=AVERAGE($D$2:$D$1001)","=IFERROR(($AT34-G34)/$AT34,0)","=IFERROR(($AU34-D34)/$AU34,0)","=$AU34-D34"
Amelia by the Sea Condo W/ Access to Fishing Pier,RedAwning,,108187,180470,949.01,69.51,193,2,2,6,true,false,false,true,true,false,true,Home/Apartment,Condominium (condo),Apt/Condo/Loft,4.75,4,2,21+,Luxury,false,501,true,114,13,2026-04-18,Amelia/St. Simons/Jekyll Islands,Fernandina Beach,Fernandina Beach,Florida,32034,United States,coastal,https://www.airbnb.com/rooms/37604577,https://a0.muscache.com/im/pictures/prohost-api/Hosting-37604577/original/283f71f3-cc1f-4a7d-8dfb-80ffadb1a5f9.jpeg,37604577,7702707ha,30.6203,-81.4408,"=AVERAGE($G$2:$G$1001)","=AVERAGE($D$2:$D$1001)","=IFERROR(($AT35-G35)/$AT35,0)","=IFERROR(($AU35-D35)/$AU35,0)","=$AU35-D35"
"2nd Floor/remodeled 2 Bed/2 Bath ocean, sleeps 6.",ERA Fernandina Beach Realty,,107630,128396,640.65,57.53,307,2,2,6,true,false,false,true,true,false,true,Home/Apartment,Condominium (condo),Apt/Condo/Loft,4.85,6,2,21+,Luxury,false,918,true,168,35,2026-05-13,Amelia/St. Simons/Jekyll Islands,Fernandina Beach,Fernandina Beach,Florida,32034,United States,coastal,https://www.airbnb.com/rooms/35031745,https://a0.muscache.com/im/pictures/prohost-api/Hosting-35031745/original/cb2b406a-8faf-4d4a-a2ad-1c22ec681e21.jpeg,35031745,,30.62392,-81.4399,"=AVERAGE($G$2:$G$1001)","=AVERAGE($D$2:$D$1001)","=IFERROR(($AT36-G36)/$AT36,0)","=IFERROR(($AU36-D36)/$AU36,0)","=$AU36-D36"
B3 Amelia South - Renovated 3rd Floor - Oceanfront,ERA Fernandina Beach Realty,,105492,148679,1270.99,43.01,252,2,2,6,true,false,false,true,true,false,true,Home/Apartment,Condominium (condo),Apt/Condo/Loft,0,0,3,21+,Luxury,false,1062,true,83,18,2026-05-13,Amelia/St. Simons/Jekyll Islands,Fernandina Beach,Fernandina Beach,Florida,32034,United States,coastal,https://www.airbnb.com/rooms/1359412432937786888,https://a0.muscache.com/im/pictures/prohost-api/Hosting-1359412432937786888/original/af565025-1c33-4624-9541-2230316239ee.jpeg,1359412432937786888,,30.6184400153,-81.4390382532,"=AVERAGE($G$2:$G$1001)","=AVERAGE($D$2:$D$1001)","=IFERROR(($AT37-G37)/$AT37,0)","=IFERROR(($AU37-D37)/$AU37,0)","=$AU37-D37"
Breathtaking Ocean View Amelia South Condo,RedAwning,,105288,159421,1349.85,52,240,2,2,6,true,false,false,true,true,false,true,Home/Apartment,Condominium (condo),Apt/Condo/Loft,4,2,2,21+,Luxury,false,469,true,78,11,2026-04-19,Amelia/St. Simons/Jekyll Islands,Fernandina Beach,Fernandina Beach,Florida,32034,United States,coastal,https://www.airbnb.com/rooms/37603528,https://a0.muscache.com/im/pictures/prohost-api/Hosting-37603528/original/fdeb7657-a689-4c63-993b-96bbeb25b6be.jpeg,37603528,4900993ha,30.6196,-81.4401,"=AVERAGE($G$2:$G$1001)","=AVERAGE($D$2:$D$1001)","=IFERROR(($AT38-G38)/$AT38,0)","=IFERROR(($AU38-D38)/$AU38,0)","=$AU38-D38"
Recently Renovated Ocean Front Condo,RedAwning,,104547,154881,1659.48,44.06,278,2,2,6,true,false,false,true,true,false,true,Home/Apartment,Condominium (condo),Apt/Condo/Loft,0,0,2,21+,Luxury,false,468,true,63,10,2026-04-15,Amelia/St. Simons/Jekyll Islands,Fernandina Beach,Fernandina Beach,Florida,32034,United States,coastal,https://www.airbnb.com/rooms/37603575,https://a0.muscache.com/im/pictures/prohost-api/Hosting-37603575/original/920aa6c4-d654-4743-95b0-5a82f8c92e58.jpeg,37603575,904807,30.6196,-81.4401,"=AVERAGE($G$2:$G$1001)","=AVERAGE($D$2:$D$1001)","=IFERROR(($AT39-G39)/$AT39,0)","=IFERROR(($AU39-D39)/$AU39,0)","=$AU39-D39"
Condo with Pool and Private Walkway to the Beach,RedAwning,,104097,138848,846.32,68.72,240,2,2,6,true,false,false,true,true,false,true,Home/Apartment,Condominium (condo),Apt/Condo/Loft,3.55,8,2,21+,Luxury,false,1047,true,123,18,2026-04-20,Amelia/St. Simons/Jekyll Islands,Fernandina Beach,Fernandina Beach,Florida,32034,United States,coastal,https://www.airbnb.com/rooms/38852382,https://a0.muscache.com/im/pictures/prohost-api/Hosting-38852382/original/a74c34da-7790-4e70-8da6-b8da32c2451e.jpeg,38852382,4702902ha,30.6186,-81.4412,"=AVERAGE($G$2:$G$1001)","=AVERAGE($D$2:$D$1001)","=IFERROR(($AT40-G40)/$AT40,0)","=IFERROR(($AU40-D40)/$AU40,0)","=$AU40-D40"
Pet Friendly | Oceanfront | Turtle Dunes Luxury Penthouse | Expansive Ocean and Intracoastal Views,Amelia Island Getaways,,103953,125922,474.67,69.09,318,2,2,6,true,false,false,true,true,true,true,Home/Apartment,Condominium (condo),Apt/Condo/Loft,5,6,3,21+,Luxury,false,189,true,219,45,2026-05-14,Amelia/St. Simons/Jekyll Islands,Fernandina Beach,Fernandina Beach,Florida,32034,United States,coastal,https://www.vrbo.com/4518465,"https://media.vrbo.com/lodging/115000000/114590000/114587700/114587674/39fcb20d.jpg?impolicy=resizecrop&rw=1200&ra=fit",,4518465,30.540834,-81.441888,"=AVERAGE($G$2:$G$1001)","=AVERAGE($D$2:$D$1001)","=IFERROR(($AT41-G41)/$AT41,0)","=IFERROR(($AU41-D41)/$AU41,0)","=$AU41-D41"
Oceanfront | Incredible Intracoastal and Atlantic Views | Totally Remodeled Sea Dunes Penthouse,Amelia Island Getaways,,102726,113182,611.46,60.87,305,2,2,6,true,false,false,true,true,false,true,Home/Apartment,Condominium (condo),Apt/Condo/Loft,5,4,3,21+,Luxury,false,180,true,168,30,2026-05-15,Amelia/St. Simons/Jekyll Islands,Fernandina Beach,Fernandina Beach,Florida,32034,United States,coastal,https://www.vrbo.com/3470705,"https://media.vrbo.com/lodging/96000000/95460000/95458600/95458583/f8ec28d0.jpg?impolicy=resizecrop&rw=1200&ra=fit",,3470705,30.54303,-81.441504,"=AVERAGE($G$2:$G$1001)","=AVERAGE($D$2:$D$1001)","=IFERROR(($AT42-G42)/$AT42,0)","=IFERROR(($AU42-D42)/$AU42,0)","=$AU42-D42"
Amelia Island Oceanfront Penthouse 2 King Suites,9132716,,102493,110090,495.14,62.16,343,2,2,6,true,false,true,true,true,false,true,Home/Apartment,Condominium (condo),Apt/Condo/Loft,4.9,206,1,2-5,Luxury,true,197,false,207,59,2026-05-17,Amelia/St. Simons/Jekyll Islands,Fernandina Beach,Fernandina Beach,Florida,32034,United States,coastal,https://www.airbnb.com/rooms/18527059,https://a0.muscache.com/im/pictures/miso/Hosting-18527059/original/52b189ba-4080-4ac7-a2aa-36546d3543d6.jpeg,18527059,4257621ha,30.5907,-81.4447,"=AVERAGE($G$2:$G$1001)","=AVERAGE($D$2:$D$1001)","=IFERROR(($AT43-G43)/$AT43,0)","=IFERROR(($AU43-D43)/$AU43,0)","=$AU43-D43"
Updated Ocean View Condo on Amelia Island,ERA Fernandina Beach Realty,,102447,119287,1151.09,44.5,232,2,2,6,true,false,false,true,true,false,true,Home/Apartment,Condominium (condo),Apt/Condo/Loft,5,3,2,21+,Luxury,false,1326,true,89,22,2026-04-14,Amelia/St. Simons/Jekyll Islands,Fernandina Beach,Fernandina Beach,Florida,32034,United States,coastal,https://www.airbnb.com/rooms/810966550828945571,https://a0.muscache.com/im/pictures/prohost-api/Hosting-810966550828945571/original/3f2a94d9-719e-4f18-af9a-3693d85e5dac.jpeg,810966550828945571,9781945ha,30.61932,-81.43971,"=AVERAGE($G$2:$G$1001)","=AVERAGE($D$2:$D$1001)","=IFERROR(($AT44-G44)/$AT44,0)","=IFERROR(($AU44-D44)/$AU44,0)","=$AU44-D44"
Oceanfront Amelia Island Cottage: Deck & Boardwalk,Evolve,,101985,106578,476.57,65.44,336,2,1,6,true,false,false,true,true,true,false,Home/Apartment,Cottage,House/villa,4.9,52,2,21+,Luxury,false,166,true,214,60,2026-05-17,Amelia/St. Simons/Jekyll Islands,Fernandina Beach,Fernandina Beach,Florida,32034,United States,coastal,https://www.airbnb.com/rooms/913737178597166780,https://a0.muscache.com/im/pictures/prohost-api/Hosting-913737178597166780/original/5ddcbf88-ee81-4861-b7bf-78b67647d960.jpeg,913737178597166780,9838771ha,30.6274,-81.4392,"=AVERAGE($G$2:$G$1001)","=AVERAGE($D$2:$D$1001)","=IFERROR(($AT45-G45)/$AT45,0)","=IFERROR(($AU45-D45)/$AU45,0)","=$AU45-D45"
Turtle Dunes Villa - Gorgeous Views from 3rd Floor,Destination Amelia,,101225,107539,423.54,71.13,339,2,2,4,true,false,false,true,true,true,true,Home/Apartment,Condominium (condo),Apt/Condo/Loft,4.9,9,3,21+,Luxury,true,252,false,239,39,2026-05-13,Amelia/St. Simons/Jekyll Islands,Fernandina Beach,Fernandina Beach,Florida,32034,United States,coastal,https://www.airbnb.com/rooms/1295065822851992765,https://a0.muscache.com/im/pictures/prohost-api/Hosting-1295065822851992765/original/fe1ff544-54e5-4e90-9ab8-7cd58a7d0f27.jpeg,1295065822851992765,4296537,30.54012,-81.44106,"=AVERAGE($G$2:$G$1001)","=AVERAGE($D$2:$D$1001)","=IFERROR(($AT46-G46)/$AT46,0)","=IFERROR(($AU46-D46)/$AU46,0)","=$AU46-D46"
7th Floor Oceanfront Condo!,ERA Fernandina Beach Realty,,101014,151677,1000.14,47.42,270,2,2,6,true,false,false,true,true,false,true,Home/Apartment,Condominium (condo),Apt/Condo/Loft,4.3,4,2,21+,Luxury,false,1137,true,101,20,2026-05-13,Amelia/St. Simons/Jekyll Islands,Fernandina Beach,Fernandina Beach,Florida,32034,United States,coastal,https://www.airbnb.com/rooms/635526287508027028,https://a0.muscache.com/im/pictures/prohost-api/Hosting-635526287508027028/original/dab00c30-ce37-4c05-a3a5-cda80aacc6e1.jpeg,635526287508027028,9996613ha,30.62108,-81.44055,"=AVERAGE($G$2:$G$1001)","=AVERAGE($D$2:$D$1001)","=IFERROR(($AT47-G47)/$AT47,0)","=IFERROR(($AU47-D47)/$AU47,0)","=$AU47-D47"
"AIP Resort,Sea Dunes,Steps to the Ocean/the Pool",544764926,,100667,107782,445.43,67.87,333,2,2,4,true,false,false,true,true,false,true,Home/Apartment,Apartment,Apt/Condo/Loft,5,67,3,6-20,Luxury,true,230,true,226,49,2026-05-11,Amelia/St. Simons/Jekyll Islands,Fernandina Beach,Fernandina Beach,Florida,32034,United States,coastal,https://www.airbnb.com/rooms/1018935276038195981,https://a0.muscache.com/im/pictures/prohost-api/Hosting-1018935276038195981/original/a509dad0-3b18-46b0-9f85-4d8c6a606265.jpeg,1018935276038195981,3670494,30.5431,-81.4417,"=AVERAGE($G$2:$G$1001)","=AVERAGE($D$2:$D$1001)","=IFERROR(($AT48-G48)/$AT48,0)","=IFERROR(($AU48-D48)/$AU48,0)","=$AU48-D48"
Luxury Oceanfront | Double Balconies| Both Bedrooms Oceanfront | Completely Remodeled,Amelia Island Getaways,,99437,104564,456.13,66.67,328,2,2,8,true,false,false,true,true,false,true,Home/Apartment,Condominium (condo),Apt/Condo/Loft,5,32,3,21+,Luxury,false,185,true,218,49,2026-05-15,Amelia/St. Simons/Jekyll Islands,Fernandina Beach,Fernandina Beach,Florida,32034,United States,coastal,https://www.vrbo.com/2255568,"https://media.vrbo.com/lodging/67000000/66260000/66259700/66259675/d17833ed.jpg?impolicy=resizecrop&rw=1200&ra=fit",,2255568,30.54093,-81.44135,"=AVERAGE($G$2:$G$1001)","=AVERAGE($D$2:$D$1001)","=IFERROR(($AT49-G49)/$AT49,0)","=IFERROR(($AU49-D49)/$AU49,0)","=$AU49-D49"
Coral Sands Beautiful Condominium,RedAwning,,99318,161138,694.53,74.48,214,2,1,4,true,false,false,true,true,true,false,Home/Apartment,Condominium (condo),Apt/Condo/Loft,4.5,42,2,21+,Luxury,false,1240,true,143,35,2026-04-19,Amelia/St. Simons/Jekyll Islands,Fernandina Beach,Fernandina Beach,Florida,32034,United States,coastal,https://www.airbnb.com/rooms/37578356,https://a0.muscache.com/im/pictures/prohost-api/Hosting-37578356/original/e4bb2c17-ff8c-4108-8e7a-da5dcdda66e3.jpeg,37578356,4702907ha,30.6614,-81.432,"=AVERAGE($G$2:$G$1001)","=AVERAGE($D$2:$D$1001)","=IFERROR(($AT50-G50)/$AT50,0)","=IFERROR(($AU50-D50)/$AU50,0)","=$AU50-D50"
"Oceanfront, 2 BR 2 BA, Walk to Village See the Sea",Lighthouse Vacations,,99094,134476,444.37,81.68,276,2,2,6,true,false,false,true,true,true,false,Home/Apartment,Condominium (condo),Apt/Condo/Loft,4.7,149,3,21+,Luxury,true,239,true,223,47,2026-05-17,Amelia/St. Simons/Jekyll Islands,Saint Simons Island,Saint Simons Island,Georgia,31522,United States,coastal,https://www.airbnb.com/rooms/45440302,https://a0.muscache.com/im/pictures/prohost-api/Hosting-45440302/original/a475d309-17b4-47cb-ab7a-9dd7beaf96b5.jpeg,45440302,2036543,31.1351,-81.3873,"=AVERAGE($G$2:$G$1001)","=AVERAGE($D$2:$D$1001)","=IFERROR(($AT51-G51)/$AT51,0)","=IFERROR(($AU51-D51)/$AU51,0)","=$AU51-D51"
Spectacular views from every angle!,Coastal Wave,,98864,124564,470.78,85.37,253,2,2,6,true,false,false,true,true,false,true,Home/Apartment,Condominium (condo),Apt/Condo/Loft,4.8,32,3,6-20,Luxury,false,348,false,210,46,2026-05-17,Amelia/St. Simons/Jekyll Islands,Fernandina Beach,Fernandina Beach,Florida,32034,United States,coastal,https://www.airbnb.com/rooms/1163813555516323732,https://a0.muscache.com/im/pictures/prohost-api/Hosting-1163813555516323732/original/0082f097-149a-4ae3-8e20-710c0e7b3de6.jpeg,1163813555516323732,9941269ha,30.5431,-81.4417,"=AVERAGE($G$2:$G$1001)","=AVERAGE($D$2:$D$1001)","=IFERROR(($AT52-G52)/$AT52,0)","=IFERROR(($AU52-D52)/$AU52,0)","=$AU52-D52"
Wake up to the ocean at Amelia South D3!,Stay Better Vacations,,98759,107912,385.78,76.88,333,2,2,6,true,false,false,true,true,false,true,Home/Apartment,Condominium (condo),Apt/Condo/Loft,4.95,42,4,21+,Luxury,true,210,false,256,59,2026-05-17,Amelia/St. Simons/Jekyll Islands,Fernandina Beach,Fernandina Beach,Florida,32034,United States,coastal,https://www.airbnb.com/rooms/905744468910366415,https://a0.muscache.com/im/pictures/prohost-api/Hosting-905744468910366415/original/962da7ed-2c46-42e2-a8f6-560ddfa606c0.jpeg,905744468910366415,3441124,30.6195,-81.4402,"=AVERAGE($G$2:$G$1001)","=AVERAGE($D$2:$D$1001)","=IFERROR(($AT53-G53)/$AT53,0)","=IFERROR(($AU53-D53)/$AU53,0)","=$AU53-D53"
"Sparkling, Fully Renovated Amelia South Condo on 3rd Floor",Destination Amelia Vacation Rentals,,98282,123826,504.01,68.18,287,2,2,4,true,false,false,true,true,false,true,Home/Apartment,Condominium (condo),Apt/Condo/Loft,5,66,3,21+,Luxury,false,210,true,195,38,2026-05-15,Amelia/St. Simons/Jekyll Islands,Fernandina Beach,Fernandina Beach,Florida,32034,United States,coastal,https://www.vrbo.com/2437060,"https://media.vrbo.com/lodging/71000000/70570000/70568000/70567959/9eff1368.jpg?impolicy=resizecrop&rw=1200&ra=fit",,2437060,30.619545,-81.440216,"=AVERAGE($G$2:$G$1001)","=AVERAGE($D$2:$D$1001)","=IFERROR(($AT54-G54)/$AT54,0)","=IFERROR(($AU54-D54)/$AU54,0)","=$AU54-D54"
Oceanfront Oasis!,,,97923,106135,401.32,71.98,339,2,2,8,true,false,false,true,true,false,true,Home/Apartment,Condominium (condo),Apt/Condo/Loft,4.9,148,2,1,Luxury,false,165,true,244,71,2026-05-16,Amelia/St. Simons/Jekyll Islands,Fernandina Beach,Fernandina Beach,Florida,32034,United States,coastal,https://www.vrbo.com/2297562,"https://media.vrbo.com/lodging/68000000/67330000/67320400/67320334/992703d0.jpg?impolicy=resizecrop&rw=1200&ra=fit",,2297562,30.619545,-81.440216,"=AVERAGE($G$2:$G$1001)","=AVERAGE($D$2:$D$1001)","=IFERROR(($AT55-G55)/$AT55,0)","=IFERROR(($AU55-D55)/$AU55,0)","=$AU55-D55"
Oceanfront Condo #336 - 3rd Floor,ERA Fernandina Beach Realty,,96376,120758,741.35,48.51,292,2,2,6,true,false,false,true,true,false,true,Home/Apartment,Condominium (condo),Apt/Condo/Loft,4.3,10,2,21+,Luxury,false,1070,true,130,26,2026-05-13,Amelia/St. Simons/Jekyll Islands,Fernandina Beach,Fernandina Beach,Florida,32034,United States,coastal,https://www.airbnb.com/rooms/39023890,https://a0.muscache.com/im/pictures/prohost-api/Hosting-39023890/original/3f492981-3b2a-4a1f-bcaa-779db91e6795.jpeg,39023890,7856867ha,30.62037,-81.44074,"=AVERAGE($G$2:$G$1001)","=AVERAGE($D$2:$D$1001)","=IFERROR(($AT56-G56)/$AT56,0)","=IFERROR(($AU56-D56)/$AU56,0)","=$AU56-D56"
Upper Unit - Overlooking the Outdoor Space & Pier,RedAwning,,95270,167839,1361,43.21,233,2,2,6,true,false,false,true,true,false,true,Home/Apartment,Condominium (condo),Apt/Condo/Loft,5,2,2,21+,Luxury,false,469,true,70,14,2026-04-20,Amelia/St. Simons/Jekyll Islands,Fernandina Beach,Fernandina Beach,Florida,32034,United States,coastal,https://www.airbnb.com/rooms/40112634,https://a0.muscache.com/im/pictures/prohost-api/Hosting-40112634/original/df6a8770-cf00-4d08-ac98-7bb315542bdc.jpeg,40112634,4702863ha,30.6209,-81.4399,"=AVERAGE($G$2:$G$1001)","=AVERAGE($D$2:$D$1001)","=IFERROR(($AT57-G57)/$AT57,0)","=IFERROR(($AU57-D57)/$AU57,0)","=$AU57-D57"
Oceanfront | Ground Floor | Meticulously Renovated Sea Dunes Villa,Amelia Island Getaways,,95107,102871,408.18,67.73,344,2,2,6,true,false,false,true,true,false,true,Home/Apartment,Condominium (condo),Apt/Condo/Loft,4.9,7,3,21+,Luxury,false,168,true,233,45,2026-05-16,Amelia/St. Simons/Jekyll Islands,Fernandina Beach,Fernandina Beach,Florida,32034,United States,coastal,https://www.vrbo.com/2820872,"https://media.vrbo.com/lodging/79000000/78470000/78460200/78460161/12aea966.jpg?impolicy=resizecrop&rw=1200&ra=fit",,2820872,30.54321,-81.441609,"=AVERAGE($G$2:$G$1001)","=AVERAGE($D$2:$D$1001)","=IFERROR(($AT58-G58)/$AT58,0)","=IFERROR(($AU58-D58)/$AU58,0)","=$AU58-D58"
"Quiet 2nd Floor, 2 Bed/2 Bath Oceanfront Condo!",ERA Fernandina Beach Realty,,94974,159886,999.73,54.29,214,2,2,6,true,false,false,true,true,false,true,Home/Apartment,Condominium (condo),Apt/Condo/Loft,4,2,3,21+,Luxury,false,996,true,95,15,2026-05-13,Amelia/St. Simons/Jekyll Islands,Fernandina Beach,Fernandina Beach,Florida,32034,United States,coastal,https://www.airbnb.com/rooms/35031864,https://a0.muscache.com/im/pictures/prohost-api/Hosting-35031864/original/7692825f-26e4-4303-9d77-630186280740.jpeg,35031864,,30.62044,-81.43984,"=AVERAGE($G$2:$G$1001)","=AVERAGE($D$2:$D$1001)","=IFERROR(($AT59-G59)/$AT59,0)","=IFERROR(($AU59-D59)/$AU59,0)","=$AU59-D59"
King & Prince Oceanfront South Villa,,,94956,106052,435.58,67.7,322,2,2,6,true,true,true,true,true,false,true,Home/Apartment,Condominium (condo),Apt/Condo/Loft,4.9,145,3,1,Luxury,false,150,true,218,53,2026-05-16,Amelia/St. Simons/Jekyll Islands,Saint Simons Island,Saint Simons Island,Georgia,31522,United States,coastal,https://www.vrbo.com/587063,"https://media.vrbo.com/lodging/26000000/25170000/25166000/25165950/3933a760.jpg?impolicy=resizecrop&rw=1200&ra=fit",,587063,31.138446,-81.380055,"=AVERAGE($G$2:$G$1001)","=AVERAGE($D$2:$D$1001)","=IFERROR(($AT60-G60)/$AT60,0)","=IFERROR(($AU60-D60)/$AU60,0)","=$AU60-D60"
Oceanfront King & Prince Villa | Breathtaking Ocean Views | Access to Resort Amenities!,,,93784,106302,413.15,70.06,326,2,2,6,true,true,true,true,false,false,true,Home/Apartment,Condominium (condo),Apt/Condo/Loft,5,121,3,21+,Luxury,false,195,true,227,51,2026-05-17,Amelia/St. Simons/Jekyll Islands,Saint Simons Island,Saint Simons Island,Georgia,31522,United States,coastal,https://www.vrbo.com/1533363,"https://media.vrbo.com/lodging/34000000/33510000/33508100/33508055/af396e57.jpg?impolicy=resizecrop&rw=1200&ra=fit",,1533363,31.138529,-81.380196,"=AVERAGE($G$2:$G$1001)","=AVERAGE($D$2:$D$1001)","=IFERROR(($AT61-G61)/$AT61,0)","=IFERROR(($AU61-D61)/$AU61,0)","=$AU61-D61"
Dog Friendly Ground Level Duplex,RedAwning,,93568,136544,1264.43,55.64,186,2,2,6,true,false,false,true,true,true,false,Home/Apartment,House,House/villa,5,2,2,21+,Luxury,false,2618,true,74,13,2026-04-18,Amelia/St. Simons/Jekyll Islands,Fernandina Beach,Fernandina Beach,Florida,32034,United States,coastal,https://www.airbnb.com/rooms/37578343,https://a0.muscache.com/im/pictures/prohost-api/Hosting-37578343/original/8aa6c71b-17e7-483e-abd5-75e0d6e50f9e.jpeg,37578343,,30.6137,-81.4417,"=AVERAGE($G$2:$G$1001)","=AVERAGE($D$2:$D$1001)","=IFERROR(($AT62-G62)/$AT62,0)","=IFERROR(($AU62-D62)/$AU62,0)","=$AU62-D62"
New Listing! Dog Friendly! Walk to Ocean!,ERA Fernandina Beach Realty,,93515,106040,599.46,50.32,323,2,2,6,true,false,false,true,true,true,false,Home/Apartment,House,House/villa,0,0,2,21+,Luxury,false,1206,true,156,25,2026-05-14,Amelia/St. Simons/Jekyll Islands,Fernandina Beach,Fernandina Beach,Florida,32034,United States,coastal,https://www.airbnb.com/rooms/1359408138216704849,https://a0.muscache.com/im/pictures/prohost-api/Hosting-1359408138216704849/original/7154659f-0354-41c0-9881-baf2a3c6bd39.jpeg,1359408138216704849,,30.6736351455,-81.4321027758,"=AVERAGE($G$2:$G$1001)","=AVERAGE($D$2:$D$1001)","=IFERROR(($AT63-G63)/$AT63,0)","=IFERROR(($AU63-D63)/$AU63,0)","=$AU63-D63"
7th Floor Oceanfront Condo!,ERA Fernandina Beach Realty,,92668,161165,671.51,63.3,230,2,2,6,true,false,false,true,true,false,true,Home/Apartment,Condominium (condo),Apt/Condo/Loft,4.65,8,4,21+,Luxury,false,0,true,138,25,2026-05-13,Amelia/St. Simons/Jekyll Islands,Fernandina Beach,Fernandina Beach,Florida,32034,United States,coastal,https://www.airbnb.com/rooms/35031739,https://a0.muscache.com/im/pictures/prohost-api/Hosting-35031739/original/ac223c90-7fc7-42d8-9fb5-abc0dd8bd81d.jpeg,35031739,9420169ha,30.62092,-81.43982,"=AVERAGE($G$2:$G$1001)","=AVERAGE($D$2:$D$1001)","=IFERROR(($AT64-G64)/$AT64,0)","=IFERROR(($AU64-D64)/$AU64,0)","=$AU64-D64"
Surf & Racquet Club B163 | 6th Floor Oceanfront,594960454,,92155,93815,409.58,64.29,350,2,2,6,true,false,false,true,true,false,true,Home/Apartment,Apartment,Apt/Condo/Loft,5,45,3,2-5,Luxury,true,187,true,225,55,2026-05-11,Amelia/St. Simons/Jekyll Islands,Fernandina Beach,Fernandina Beach,Florida,32034,United States,coastal,https://www.airbnb.com/rooms/1360144975606125702,https://a0.muscache.com/im/pictures/prohost-api/Hosting-1360144975606125702/original/a5ad6b34-2075-4552-b1cc-9c2c57c6fc60.jpeg,1360144975606125702,4450395,30.5901400678,-81.4435344328,"=AVERAGE($G$2:$G$1001)","=AVERAGE($D$2:$D$1001)","=IFERROR(($AT65-G65)/$AT65,0)","=IFERROR(($AU65-D65)/$AU65,0)","=$AU65-D65"
Pet Friendly | Ground Floor | Totally Renovated | Luxury Oceanfront Sea Dunes Condo,Amelia Island Getaways,,92115,112820,449.34,67.88,308,2,2,6,true,false,false,true,true,true,true,Home/Apartment,Condominium (condo),Apt/Condo/Loft,5,56,3,21+,Luxury,false,164,true,205,51,2026-05-15,Amelia/St. Simons/Jekyll Islands,Fernandina Beach,Fernandina Beach,Florida,32034,United States,coastal,https://www.vrbo.com/1554188,"https://media.vrbo.com/lodging/35000000/34190000/34186100/34186100/96a71c86.jpg?impolicy=resizecrop&rw=1200&ra=fit",,1554188,30.543074,-81.441523,"=AVERAGE($G$2:$G$1001)","=AVERAGE($D$2:$D$1001)","=IFERROR(($AT66-G66)/$AT66,0)","=IFERROR(($AU66-D66)/$AU66,0)","=$AU66-D66"
C5 Amelia South,RedAwning,,91684,119502,1273.39,37.11,211,2,2,6,true,false,false,true,true,false,true,Home/Apartment,Condominium (condo),Apt/Condo/Loft,0,0,2,21+,Luxury,false,6112,true,72,15,2026-02-24,Amelia/St. Simons/Jekyll Islands,Fernandina Beach,Fernandina Beach,Florida,32034,United States,coastal,https://www.airbnb.com/rooms/812137918925720182,https://a0.muscache.com/im/pictures/prohost-api/Hosting-812137918925720182/original/dc9e32a2-0f88-4f25-a93a-0b153ffebf1e.jpeg,812137918925720182,,30.6195,-81.4402,"=AVERAGE($G$2:$G$1001)","=AVERAGE($D$2:$D$1001)","=IFERROR(($AT67-G67)/$AT67,0)","=IFERROR(($AU67-D67)/$AU67,0)","=$AU67-D67"
King & Prince Oceanfront North Villa,,,91464,126722,423.44,79.12,278,2,2,6,true,true,true,true,true,false,true,Home/Apartment,Condominium (condo),Apt/Condo/Loft,4.8,183,3,1,Luxury,false,150,true,216,53,2026-05-16,Amelia/St. Simons/Jekyll Islands,Saint Simons Island,Saint Simons Island,Georgia,31522,United States,coastal,https://www.vrbo.com/602592,"https://media.vrbo.com/lodging/26000000/25150000/25141000/25140947/8b50ed84.jpg?impolicy=resizecrop&rw=1200&ra=fit",,602592,31.140181,-81.378005,"=AVERAGE($G$2:$G$1001)","=AVERAGE($D$2:$D$1001)","=IFERROR(($AT68-G68)/$AT68,0)","=IFERROR(($AU68-D68)/$AU68,0)","=$AU68-D68"
"Beautiful Oceanfront Condo, Ritz-Carlton Next Door",20447219,,91245,144032,553,65.22,258,2,2,5,true,false,false,true,true,false,true,Home/Apartment,Condominium (condo),Apt/Condo/Loft,5,275,3,1,Luxury,false,197,true,165,33,2026-05-11,Amelia/St. Simons/Jekyll Islands,Fernandina Beach,Fernandina Beach,Florida,32034,United States,coastal,https://www.airbnb.com/rooms/13218112,https://a0.muscache.com/im/pictures/2adaf5fb-eedc-4ed9-b16a-302c8b291383.jpg,13218112,432880,30.5926,-81.4434,"=AVERAGE($G$2:$G$1001)","=AVERAGE($D$2:$D$1001)","=IFERROR(($AT69-G69)/$AT69,0)","=IFERROR(($AU69-D69)/$AU69,0)","=$AU69-D69"
"Amelia By The Sea 543-1 | Sleeps: 2 Bedroom, 2 Bathroom",ERA Fernandina Beach Realty,,90795,94821,398.22,66.67,342,2,2,4,true,false,false,true,true,false,true,Home/Apartment,Condominium (condo),Apt/Condo/Loft,4.9,42,3,21+,Luxury,false,0,true,228,56,2019-08-15,Amelia/St. Simons/Jekyll Islands,Fernandina Beach,Fernandina Beach,Florida,32034,United States,coastal,https://www.airbnb.com/rooms/35031477,"https://a0.muscache.com/im/pictures/d76cd8c0-c895-47d7-a0ae-5759a09cf749.jpg?aki_policy=x_large",35031477,2684241,30.62188,-81.43888,"=AVERAGE($G$2:$G$1001)","=AVERAGE($D$2:$D$1001)","=IFERROR(($AT70-G70)/$AT70,0)","=IFERROR(($AU70-D70)/$AU70,0)","=$AU70-D70"
Oceanfront 4th Floor 2 Bed/2 Bath condo,ERA Fernandina Beach Realty,,90532,145508,984.04,67.65,223,2,2,6,true,false,false,true,true,false,true,Home/Apartment,Condominium (condo),Apt/Condo/Loft,0,0,3,21+,Luxury,false,992,true,92,11,2026-05-13,Amelia/St. Simons/Jekyll Islands,Fernandina Beach,Fernandina Beach,Florida,32034,United States,coastal,https://www.airbnb.com/rooms/35031831,https://a0.muscache.com/im/pictures/prohost-api/Hosting-35031831/original/bb4b40fb-e695-497b-aa31-b7f077c02ce8.jpeg,35031831,,30.61927,-81.44057,"=AVERAGE($G$2:$G$1001)","=AVERAGE($D$2:$D$1001)","=IFERROR(($AT71-G71)/$AT71,0)","=IFERROR(($AU71-D71)/$AU71,0)","=$AU71-D71"
Ocean Cottage 56 The Cottages at Jekyll Island Oceanfront,Parker Kaufman,,90474,106389,478.7,59.25,319,2,2,6,true,true,false,true,true,false,true,Home/Apartment,House,House/villa,4.7,27,3,21+,Luxury,false,295,true,189,41,2026-05-12,Amelia/St. Simons/Jekyll Islands,Jekyll Island,Jekyll Island,Georgia,31527,United States,coastal,https://www.vrbo.com/2387426,"https://media.vrbo.com/lodging/70000000/69680000/69672500/69672483/w799h533x1y0-7f6cc050.jpg?impolicy=resizecrop&rw=1200&ra=fit",,2387426,31.087886,-81.402582,"=AVERAGE($G$2:$G$1001)","=AVERAGE($D$2:$D$1001)","=IFERROR(($AT72-G72)/$AT72,0)","=IFERROR(($AU72-D72)/$AU72,0)","=$AU72-D72"
Ocean Place #49,Amelia Island Rentals,,90417,91913,438.92,58.86,352,2,2,4,true,false,false,true,true,false,true,Home/Apartment,Condominium (condo),Apt/Condo/Loft,4.85,103,2,21+,Luxury,false,265,true,206,52,2026-05-11,Amelia/St. Simons/Jekyll Islands,Fernandina Beach,Fernandina Beach,Florida,32034,United States,coastal,https://www.airbnb.com/rooms/43651764,https://a0.muscache.com/im/pictures/prohost-api/Hosting-43651764/original/86222ab6-bca9-49a4-afcb-b5914db07490.jpeg,43651764,1995882,30.5919,-81.4446,"=AVERAGE($G$2:$G$1001)","=AVERAGE($D$2:$D$1001)","=IFERROR(($AT73-G73)/$AT73,0)","=IFERROR(($AU73-D73)/$AU73,0)","=$AU73-D73"
Relaxing Oceanfront Condo -Seaglass Spectacular Ocean Views from every room ,,,90347,95053,291.44,89.34,347,1,1,2,true,false,false,true,true,false,true,Home/Apartment,Condominium (condo),Apt/Condo/Loft,5,456,3,1,Luxury,false,125,true,310,72,2026-05-16,Amelia/St. Simons/Jekyll Islands,Fernandina Beach,Fernandina Beach,Florida,32034,United States,coastal,https://www.vrbo.com/73102,"https://media.vrbo.com/lodging/20000000/19080000/19070800/19070719/971a8404.jpg?impolicy=resizecrop&rw=1200&ra=fit",,73102,30.590416,-81.443924,"=AVERAGE($G$2:$G$1001)","=AVERAGE($D$2:$D$1001)","=IFERROR(($AT74-G74)/$AT74,0)","=IFERROR(($AU74-D74)/$AU74,0)","=$AU74-D74"
Oceanfront Amelia Island-Beach Views-Pool Oasis,600860,,89794,95866,419.6,62.76,341,2,2,6,true,false,false,true,true,false,true,Home/Apartment,Condominium (condo),Apt/Condo/Loft,4.9,122,2,2-5,Luxury,true,178,false,214,61,2026-05-17,Amelia/St. Simons/Jekyll Islands,Fernandina Beach,Fernandina Beach,Florida,32034,United States,coastal,https://www.airbnb.com/rooms/1073436684239181755,https://a0.muscache.com/im/pictures/miso/Hosting-1073436684239181755/original/a2b75223-b49f-49d8-808f-f028cb5b63ff.jpeg,1073436684239181755,3875986,30.66269,-81.43121,"=AVERAGE($G$2:$G$1001)","=AVERAGE($D$2:$D$1001)","=IFERROR(($AT75-G75)/$AT75,0)","=IFERROR(($AU75-D75)/$AU75,0)","=$AU75-D75"
Nautical Decorated Oceanfront Condo,RedAwning,,89688,148337,1546.34,50.43,227,2,2,6,true,false,false,true,true,false,true,Home/Apartment,Condominium (condo),Apt/Condo/Loft,3.5,4,2,21+,Luxury,false,467,true,58,10,2026-04-18,Amelia/St. Simons/Jekyll Islands,Fernandina Beach,Fernandina Beach,Florida,32034,United States,coastal,https://www.airbnb.com/rooms/37603494,https://a0.muscache.com/im/pictures/prohost-api/Hosting-37603494/original/5c60fdd5-5b12-4d10-b243-85d3e782ba6e.jpeg,37603494,4900992ha,30.6196,-81.4401,"=AVERAGE($G$2:$G$1001)","=AVERAGE($D$2:$D$1001)","=IFERROR(($AT76-G76)/$AT76,0)","=IFERROR(($AU76-D76)/$AU76,0)","=$AU76-D76"
Enjoy Full Resort Access at this Oceanfront Condo!,Hodnett Cooper Vacation Rentals,,89561,101466,428.52,74.64,280,2,2,4,true,false,true,true,true,false,true,Home/Apartment,Condominium (condo),Apt/Condo/Loft,4.9,17,3,21+,Luxury,true,310,true,209,52,2026-05-17,Amelia/St. Simons/Jekyll Islands,Saint Simons Island,Saint Simons Island,Georgia,31522,United States,coastal,https://www.airbnb.com/rooms/618090054019687700,https://a0.muscache.com/im/pictures/prohost-api/Hosting-618090054019687700/original/d6538cd9-258d-4a8a-99ca-91e60cc66ac2.jpeg,618090054019687700,2782647,31.15926,-81.38933,"=AVERAGE($G$2:$G$1001)","=AVERAGE($D$2:$D$1001)","=IFERROR(($AT77-G77)/$AT77,0)","=IFERROR(($AU77-D77)/$AU77,0)","=$AU77-D77"
"Heated Pool, Ocean Views, Pet-Friendly Paradise",Stay Better Vacations,,89508,95267,390.86,70.03,335,2,2,6,true,false,false,true,true,true,true,Home/Apartment,Condominium (condo),Apt/Condo/Loft,4.9,64,4,21+,Luxury,true,210,false,229,49,2026-05-11,Amelia/St. Simons/Jekyll Islands,Fernandina Beach,Fernandina Beach,Florida,32034,United States,coastal,https://www.airbnb.com/rooms/910001560436458646,https://a0.muscache.com/im/pictures/prohost-api/Hosting-910001560436458646/original/03d2e87c-9f19-4cdc-a6bf-832c49580869.jpeg,910001560436458646,3452734,30.5474,-81.4431,"=AVERAGE($G$2:$G$1001)","=AVERAGE($D$2:$D$1001)","=IFERROR(($AT78-G78)/$AT78,0)","=IFERROR(($AU78-D78)/$AU78,0)","=$AU78-D78"
Relax on the balcony & take in the amazing view!,Coastal Wave,,89485,113823,434.39,72.54,284,2,2,4,true,false,false,true,true,false,true,Home/Apartment,Condominium (condo),Apt/Condo/Loft,4.9,46,3,6-20,Luxury,false,360,false,206,45,2026-05-16,Amelia/St. Simons/Jekyll Islands,Fernandina Beach,Fernandina Beach,Florida,32034,United States,coastal,https://www.airbnb.com/rooms/1163813470485006557,https://a0.muscache.com/im/pictures/prohost-api/Hosting-1163813470485006557/original/65e1d86c-6776-49d8-bbc8-07f3b5399e4e.jpeg,1163813470485006557,9793326ha,30.5917,-81.4446,"=AVERAGE($G$2:$G$1001)","=AVERAGE($D$2:$D$1001)","=IFERROR(($AT79-G79)/$AT79,0)","=IFERROR(($AU79-D79)/$AU79,0)","=$AU79-D79"
King & Price Resort Oceanfront Beachfront Condo- Close as It Gets to the Beach!!,,,88686,104899,509.69,65.17,281,2,2,6,true,true,true,true,true,false,true,Home/Apartment,Condominium (condo),Apt/Condo/Loft,5,150,3,1,Luxury,false,155,true,174,38,2026-05-16,Amelia/St. Simons/Jekyll Islands,Saint Simons Island,Saint Simons Island,Georgia,31522,United States,coastal,https://www.vrbo.com/487292,"https://media.vrbo.com/lodging/28000000/27690000/27682300/27682270/66aabcd1.jpg?impolicy=resizecrop&rw=1200&ra=fit",,487292,31.140181,-81.378005,"=AVERAGE($G$2:$G$1001)","=AVERAGE($D$2:$D$1001)","=IFERROR(($AT80-G80)/$AT80,0)","=IFERROR(($AU80-D80)/$AU80,0)","=$AU80-D80"
Surf & Racquet Club B138 | 4th Floor Oceanfront,Barefoot Amelia,,88666,90661,316.66,78.43,357,1,1,4,true,false,false,true,true,false,true,Home/Apartment,Condominium (condo),Apt/Condo/Loft,4.95,164,3,21+,Luxury,true,170,true,280,72,2026-05-17,Amelia/St. Simons/Jekyll Islands,Fernandina Beach,Fernandina Beach,Florida,32034,United States,coastal,https://www.airbnb.com/rooms/52110508,https://a0.muscache.com/im/pictures/prohost-api/Hosting-52110508/original/77f65390-ef55-4e94-abe9-6b9a631e968f.jpeg,52110508,2459786,30.59115,-81.44572,"=AVERAGE($G$2:$G$1001)","=AVERAGE($D$2:$D$1001)","=IFERROR(($AT81-G81)/$AT81,0)","=IFERROR(($AU81-D81)/$AU81,0)","=$AU81-D81"
Enjoy Ocean Views from this Beautiful Condo!,Hodnett Cooper Vacation Rentals,,88363,104638,407.2,67.6,324,2,2,6,true,false,false,true,true,false,true,Home/Apartment,Condominium (condo),Apt/Condo/Loft,5,6,3,21+,Luxury,true,2156,true,217,44,2026-05-17,Amelia/St. Simons/Jekyll Islands,Saint Simons Island,Saint Simons Island,Georgia,31522,United States,coastal,https://www.airbnb.com/rooms/1174545950101090007,https://a0.muscache.com/im/pictures/prohost-api/Hosting-1174545950101090007/original/1cff6000-5555-4ab6-abd5-a596ef6494d1.jpeg,1174545950101090007,4028370,31.13954,-81.38348,"=AVERAGE($G$2:$G$1001)","=AVERAGE($D$2:$D$1001)","=IFERROR(($AT82-G82)/$AT82,0)","=IFERROR(($AU82-D82)/$AU82,0)","=$AU82-D82"
Updated King & Prince Condo with Ocean Views,Lighthouse Vacations,,88252,89077,422.26,58.71,356,2,2,4,true,false,true,true,true,false,true,Home/Apartment,Condominium (condo),Apt/Condo/Loft,4.95,64,3,21+,Luxury,true,220,true,209,53,2026-05-17,Amelia/St. Simons/Jekyll Islands,Saint Simons Island,Saint Simons Island,Georgia,31522,United States,coastal,https://www.airbnb.com/rooms/605913504153038635,https://a0.muscache.com/im/pictures/prohost-api/Hosting-605913504153038635/original/d29ad1d4-9b98-4ddd-88b6-f710799fccbb.jpeg,605913504153038635,2760512,31.14,-81.3777,"=AVERAGE($G$2:$G$1001)","=AVERAGE($D$2:$D$1001)","=IFERROR(($AT83-G83)/$AT83,0)","=IFERROR(($AU83-D83)/$AU83,0)","=$AU83-D83"
Ocean Cottage 56 The Cottages at Jekyll Island Oce,Parker Kaufman,,87795,104244,519.5,56.15,301,2,2,6,true,false,false,true,true,false,true,Home/Apartment,Townhouse,Apt/Condo/Loft,4.65,21,3,21+,Luxury,false,426,true,169,34,2026-05-11,Amelia/St. Simons/Jekyll Islands,Jekyll Island,Jekyll Island,Georgia,31527,United States,coastal,https://www.airbnb.com/rooms/50972291,https://a0.muscache.com/im/pictures/prohost-api/Hosting-50972291/original/0819370a-00e2-47a1-8761-fb1f657cc3f5.jpeg,50972291,2518173,31.08709,-81.40331,"=AVERAGE($G$2:$G$1001)","=AVERAGE($D$2:$D$1001)","=IFERROR(($AT84-G84)/$AT84,0)","=IFERROR(($AU84-D84)/$AU84,0)","=$AU84-D84"
Beautifully Renovated Condo in Small Complex!,ERA Fernandina Beach Realty,,87737,138765,804.93,51.66,212,2,2,6,true,false,false,true,true,false,true,Home/Apartment,Condominium (condo),Apt/Condo/Loft,0,0,2,21+,Luxury,false,1023,true,109,18,2026-05-13,Amelia/St. Simons/Jekyll Islands,Fernandina Beach,Fernandina Beach,Florida,32034,United States,coastal,https://www.airbnb.com/rooms/1042064050862089677,https://a0.muscache.com/im/pictures/prohost-api/Hosting-1042064050862089677/original/204f5fdf-504d-45fb-862b-0d18d167f08b.jpeg,1042064050862089677,,30.61948,-81.44141,"=AVERAGE($G$2:$G$1001)","=AVERAGE($D$2:$D$1001)","=IFERROR(($AT85-G85)/$AT85,0)","=IFERROR(($AU85-D85)/$AU85,0)","=$AU85-D85"
"Quiet 4th Floor, 2 Bed/2 Bath Oceanfront Condo",ERA Fernandina Beach Realty,,87703,128743,974.48,58.06,224,2,2,6,true,false,false,true,true,false,true,Home/Apartment,Condominium (condo),Apt/Condo/Loft,4.5,2,3,21+,Luxury,false,3296,true,90,15,2026-05-13,Amelia/St. Simons/Jekyll Islands,Fernandina Beach,Fernandina Beach,Florida,32034,United States,coastal,https://www.airbnb.com/rooms/35031450,https://a0.muscache.com/im/pictures/prohost-api/Hosting-35031450/original/d78f45c7-cdb1-46f7-9101-aebdf1368aac.jpeg,35031450,,30.61862,-81.4405,"=AVERAGE($G$2:$G$1001)","=AVERAGE($D$2:$D$1001)","=IFERROR(($AT86-G86)/$AT86,0)","=IFERROR(($AU86-D86)/$AU86,0)","=$AU86-D86"
Stunning views overlooking the Atlantic Ocean,Hodnett Cooper Vacation Rentals,,87490,93347,405.05,85.04,254,2,2,4,true,false,true,true,true,false,true,Home/Apartment,Condominium (condo),Apt/Condo/Loft,4.9,16,3,21+,Luxury,true,336,true,216,41,2026-05-17,Amelia/St. Simons/Jekyll Islands,Saint Simons Island,Saint Simons Island,Georgia,31522,United States,coastal,https://www.airbnb.com/rooms/1198568971771644820,https://a0.muscache.com/im/pictures/prohost-api/Hosting-1198568971771644820/original/069a8e76-1914-4883-bc16-2b37989673b3.jpeg,1198568971771644820,4075454,31.13944,-81.37789,"=AVERAGE($G$2:$G$1001)","=AVERAGE($D$2:$D$1001)","=IFERROR(($AT87-G87)/$AT87,0)","=IFERROR(($AU87-D87)/$AU87,0)","=$AU87-D87"
Oceanfront | Luxury Ocean Place Condo | Priceless Views | Adjacent to Ritz-Carlton,Amelia Island Getaways,,87488,118341,533.46,57.95,290,2,2,4,true,false,false,true,true,false,true,Home/Apartment,Condominium (condo),Apt/Condo/Loft,5,60,3,21+,Luxury,false,163,true,164,39,2026-05-15,Amelia/St. Simons/Jekyll Islands,Fernandina Beach,Fernandina Beach,Florida,32034,United States,coastal,https://www.vrbo.com/3164656,"https://media.vrbo.com/lodging/91000000/90040000/90036500/90036437/5ab748ba.jpg?impolicy=resizecrop&rw=1200&ra=fit",,3164656,30.591635,-81.444619,"=AVERAGE($G$2:$G$1001)","=AVERAGE($D$2:$D$1001)","=IFERROR(($AT88-G88)/$AT88,0)","=IFERROR(($AU88-D88)/$AU88,0)","=$AU88-D88"
Oceanfront with Included Golf Cart & Kayak,49644990,,87437,88070,351.15,74.77,333,1,1,4,true,false,false,true,true,true,true,Home/Apartment,Condominium (condo),Apt/Condo/Loft,4.95,141,3,2-5,Luxury,true,150,true,249,53,2026-05-17,Amelia/St. Simons/Jekyll Islands,Fernandina Beach,Fernandina Beach,Florida,32034,United States,coastal,https://www.airbnb.com/rooms/729187897014959541,https://a0.muscache.com/im/pictures/9b8e05ab-64d7-47e5-ba30-f84d130cbedd.jpg,729187897014959541,3060924,30.5582,-81.4435,"=AVERAGE($G$2:$G$1001)","=AVERAGE($D$2:$D$1001)","=IFERROR(($AT89-G89)/$AT89,0)","=IFERROR(($AU89-D89)/$AU89,0)","=$AU89-D89"
Amelia Island Oceanfront Omni Plantation 2 BR,Seahorse Amelia Vacation Rentals,,87226,112098,525.46,72.81,251,2,2,6,true,false,false,true,true,true,true,Home/Apartment,Condominium (condo),Apt/Condo/Loft,4.95,29,3,21+,Luxury,true,503,true,166,38,2026-05-13,Amelia/St. Simons/Jekyll Islands,Fernandina Beach,Fernandina Beach,Florida,32034,United States,coastal,https://www.airbnb.com/rooms/886967279269811110,https://a0.muscache.com/im/pictures/prohost-api/Hosting-886967279269811110/original/5c072ca9-9766-4eda-8961-235a2dc05b65.jpeg,886967279269811110,3391801,30.5431,-81.4417,"=AVERAGE($G$2:$G$1001)","=AVERAGE($D$2:$D$1001)","=IFERROR(($AT90-G90)/$AT90,0)","=IFERROR(($AU90-D90)/$AU90,0)","=$AU90-D90"
1834 - Turtle Dunes View: Direct Ocean Access,230697463,,86757,92319,476.69,65,305,2,2,6,true,false,false,true,true,false,true,Home/Apartment,Apartment,Apt/Condo/Loft,4.9,23,3,6-20,Luxury,true,378,true,182,38,2026-05-10,Amelia/St. Simons/Jekyll Islands,Fernandina Beach,Fernandina Beach,Florida,32034,United States,coastal,https://www.airbnb.com/rooms/1224030400493945281,https://a0.muscache.com/im/pictures/hosting/Hosting-U3RheVN1cHBseUxpc3Rpbmc6MTIyNDAzMDQwMDQ5Mzk0NTI4MQ%3D%3D/original/e3d8ff1c-20a8-4473-89ac-c44b69a91f23.jpeg,1224030400493945281,4065359,30.5408,-81.4411,"=AVERAGE($G$2:$G$1001)","=AVERAGE($D$2:$D$1001)","=IFERROR(($AT91-G91)/$AT91,0)","=IFERROR(($AU91-D91)/$AU91,0)","=$AU91-D91"
105 Coral Sands,ERA Fernandina Beach Realty,,86473,116931,622.11,62.9,257,2,1,4,true,false,false,true,true,true,false,Home/Apartment,Condominium (condo),Apt/Condo/Loft,3,1,2,21+,Luxury,false,1074,true,139,30,2026-05-13,Amelia/St. Simons/Jekyll Islands,Fernandina Beach,Fernandina Beach,Florida,32034,United States,coastal,https://www.airbnb.com/rooms/39023910,https://a0.muscache.com/im/pictures/prohost-api/Hosting-39023910/original/25d95f3d-633b-4d92-bd10-dfc72db2af97.jpeg,39023910,,30.66199,-81.43107,"=AVERAGE($G$2:$G$1001)","=AVERAGE($D$2:$D$1001)","=IFERROR(($AT92-G92)/$AT92,0)","=IFERROR(($AU92-D92)/$AU92,0)","=$AU92-D92"
Oceanfront Townhome Amelia Island,222843660,,86164,87924,473.43,53.22,357,2,2,6,true,false,false,true,true,false,true,Home/Apartment,Townhouse,Apt/Condo/Loft,4.95,102,3,2-5,Luxury,true,161,true,182,41,2026-05-17,Amelia/St. Simons/Jekyll Islands,Fernandina Beach,Fernandina Beach,Florida,32034,United States,coastal,https://www.airbnb.com/rooms/868115846341456313,https://a0.muscache.com/im/pictures/miso/Hosting-868115846341456313/original/e4cc8161-9e87-4440-a90d-e5fa9aa787c4.jpeg,868115846341456313,,30.6018,-81.4432,"=AVERAGE($G$2:$G$1001)","=AVERAGE($D$2:$D$1001)","=IFERROR(($AT93-G93)/$AT93,0)","=IFERROR(($AU93-D93)/$AU93,0)","=$AU93-D93"
Tropical Condo W/ Spectacular Ocean Sunrise View,RedAwning,,85955,98354,554.55,60.78,278,2,2,6,true,false,false,true,true,false,true,Home/Apartment,Condominium (condo),Apt/Condo/Loft,4.1,20,2,21+,Luxury,false,770,true,155,34,2026-04-14,Amelia/St. Simons/Jekyll Islands,Fernandina Beach,Fernandina Beach,Florida,32034,United States,coastal,https://www.airbnb.com/rooms/37603627,https://a0.muscache.com/im/pictures/prohost-api/Hosting-37603627/original/fd4fb573-9a8c-4f2c-aeff-ec265a4b73ca.jpeg,37603627,4702935ha,30.6621,-81.4319,"=AVERAGE($G$2:$G$1001)","=AVERAGE($D$2:$D$1001)","=IFERROR(($AT94-G94)/$AT94,0)","=IFERROR(($AU94-D94)/$AU94,0)","=$AU94-D94"
3rd Floor oceanfront condo with easy beach access!,ERA Fernandina Beach Realty,,85254,115627,926.67,48.68,256,2,2,6,true,false,false,true,true,false,true,Home/Apartment,Condominium (condo),Apt/Condo/Loft,5,1,2,21+,Luxury,false,1005,true,92,16,2026-05-13,Amelia/St. Simons/Jekyll Islands,Fernandina Beach,Fernandina Beach,Florida,32034,United States,coastal,https://www.airbnb.com/rooms/35031884,https://a0.muscache.com/im/pictures/prohost-api/Hosting-35031884/original/856a5479-aea5-4465-994c-cbb90404e78d.jpeg,35031884,,30.62171,-81.44096,"=AVERAGE($G$2:$G$1001)","=AVERAGE($D$2:$D$1001)","=IFERROR(($AT95-G95)/$AT95,0)","=IFERROR(($AU95-D95)/$AU95,0)","=$AU95-D95"
Beautiful Contemporary Beachfront Condo,ERA Fernandina Beach Realty,,84704,108909,891.62,53.67,253,2,2,6,true,false,false,true,true,false,true,Home/Apartment,Condominium (condo),Apt/Condo/Loft,4.8,13,3,21+,Luxury,false,1004,true,95,14,2026-05-13,Amelia/St. Simons/Jekyll Islands,Fernandina Beach,Fernandina Beach,Florida,32034,United States,coastal,https://www.airbnb.com/rooms/37317006,https://a0.muscache.com/im/pictures/prohost-api/Hosting-37317006/original/440f80c5-635f-486d-a733-8d51d5555ad7.jpeg,37317006,9061433ha,30.61848,-81.44171,"=AVERAGE($G$2:$G$1001)","=AVERAGE($D$2:$D$1001)","=IFERROR(($AT96-G96)/$AT96,0)","=IFERROR(($AU96-D96)/$AU96,0)","=$AU96-D96"
"Oceanfront Condo, 2 King Master Suites, WiFi, HDTV, Pools, Tennis, Gated Resort ",,,84447,89030,493.84,54.29,339,2,2,6,true,false,true,true,true,false,true,Home/Apartment,Condominium (condo),Apt/Condo/Loft,4.8,106,1,1,Luxury,false,250,false,171,44,2026-05-17,Amelia/St. Simons/Jekyll Islands,Fernandina Beach,Fernandina Beach,Florida,32034,United States,coastal,https://www.vrbo.com/3495865ha,"https://media.vrbo.com/lodging/26000000/25140000/25134100/25134062/15724c66.jpg?impolicy=resizecrop&rw=1200&ra=fit",,3495865ha,30.589774,-81.444259,"=AVERAGE($G$2:$G$1001)","=AVERAGE($D$2:$D$1001)","=IFERROR(($AT97-G97)/$AT97,0)","=IFERROR(($AU97-D97)/$AU97,0)","=$AU97-D97"
"Oceanfront retreat, short walk to Village",Lighthouse Vacations,,84226,119183,481.29,69.17,265,2,2,6,true,false,false,true,true,true,false,Home/Apartment,Condominium (condo),Apt/Condo/Loft,4.8,163,3,21+,Luxury,true,240,true,175,33,2026-05-17,Amelia/St. Simons/Jekyll Islands,Saint Simons Island,Saint Simons Island,Georgia,31522,United States,coastal,https://www.airbnb.com/rooms/45440303,https://a0.muscache.com/im/pictures/hosting/Hosting-45440303/original/352e7390-36ff-4fcb-9d99-76c3677af65e.jpeg,45440303,2036541,31.1351,-81.3873,"=AVERAGE($G$2:$G$1001)","=AVERAGE($D$2:$D$1001)","=IFERROR(($AT98-G98)/$AT98,0)","=IFERROR(($AU98-D98)/$AU98,0)","=$AU98-D98"
Oceanfront Penthouse | Renovated Bathrooms | Exclusive Amelia by the Sea Pier Access,Amelia Island Getaways,,83951,89227,376.46,64.64,345,2,2,6,true,false,false,true,true,false,true,Home/Apartment,Condominium (condo),Apt/Condo/Loft,5,41,3,21+,Luxury,false,165,true,223,57,2026-05-16,Amelia/St. Simons/Jekyll Islands,Fernandina Beach,Fernandina Beach,Florida,32034,United States,coastal,https://www.vrbo.com/2440557,"https://media.vrbo.com/lodging/71000000/70600000/70596600/70596511/w2048h1362x0y3-893a2eca.jpg?impolicy=resizecrop&rw=1200&ra=fit",,2440557,30.620865,-81.439905,"=AVERAGE($G$2:$G$1001)","=AVERAGE($D$2:$D$1001)","=IFERROR(($AT99-G99)/$AT99,0)","=IFERROR(($AU99-D99)/$AU99,0)","=$AU99-D99"
Renovated Corner Unit Beachfront Condo,ERA Fernandina Beach Realty,,83149,172198,1241.03,50.38,133,2,2,8,true,false,false,true,true,false,true,Home/Apartment,Condominium (condo),Apt/Condo/Loft,4.65,6,3,21+,Luxury,false,542,true,67,15,2026-05-14,Amelia/St. Simons/Jekyll Islands,Fernandina Beach,Fernandina Beach,Florida,32034,United States,coastal,https://www.airbnb.com/rooms/863001543024374183,https://a0.muscache.com/im/pictures/prohost-api/Hosting-863001543024374183/original/4a2e4d79-f764-4490-9fbe-0b45458df7d7.jpeg,863001543024374183,9777058ha,30.61836,-81.44089,"=AVERAGE($G$2:$G$1001)","=AVERAGE($D$2:$D$1001)","=IFERROR(($AT100-G100)/$AT100,0)","=IFERROR(($AU100-D100)/$AU100,0)","=$AU100-D100"
Seaside Sunrises: Your Oceanfront Escape,Stay Better Vacations,,82608,83472,365.52,62.95,359,2,2,4,true,false,false,true,true,false,true,Home/Apartment,Condominium (condo),Apt/Condo/Loft,4.75,125,4,21+,Luxury,true,209,false,226,53,2026-05-11,Amelia/St. Simons/Jekyll Islands,Fernandina Beach,Fernandina Beach,Florida,32034,United States,coastal,https://www.airbnb.com/rooms/33105962,https://a0.muscache.com/im/pictures/prohost-api/Hosting-33105962/original/5ebdc3f4-1ebb-4a1c-86de-e681f86628d8.jpeg,33105962,1655121,30.6196,-81.4402,"=AVERAGE($G$2:$G$1001)","=AVERAGE($D$2:$D$1001)","=IFERROR(($AT101-G101)/$AT101,0)","=IFERROR(($AU101-D101)/$AU101,0)","=$AU101-D101"
1112 Ocean Boulevard,Hodnett Cooper Vacation Rentals,,82133,83478,285.18,80.22,359,1,2,4,true,false,false,true,true,true,false,Home/Apartment,House,House/villa,4.65,19,3,21+,Luxury,true,345,true,288,49,2026-05-14,Amelia/St. Simons/Jekyll Islands,Saint Simons Island,Saint Simons Island,Georgia,31522,United States,coastal,https://www.airbnb.com/rooms/957891567188690029,https://a0.muscache.com/im/pictures/prohost-api/Hosting-957891567188690029/original/5a7ab7c9-d17d-4521-be21-e79538579c7e.jpeg,957891567188690029,3329697,31.13937,-81.38329,"=AVERAGE($G$2:$G$1001)","=AVERAGE($D$2:$D$1001)","=IFERROR(($AT102-G102)/$AT102,0)","=IFERROR(($AU102-D102)/$AU102,0)","=$AU102-D102"
Amelia Island Oceanfront 2 Kings - Shoreline,9132716,,82095,94623,451.07,56.88,320,2,2,6,true,false,false,true,true,false,true,Home/Apartment,Condominium (condo),Apt/Condo/Loft,4.95,47,1,2-5,Luxury,true,249,false,182,50,2026-05-17,Amelia/St. Simons/Jekyll Islands,Fernandina Beach,Fernandina Beach,Florida,32034,United States,coastal,https://www.airbnb.com/rooms/31624286,https://a0.muscache.com/im/pictures/95e0bec8-7d91-4c0e-a4e0-1c1a1a87703d.jpg,31624286,,30.5899,-81.44491,"=AVERAGE($G$2:$G$1001)","=AVERAGE($D$2:$D$1001)","=IFERROR(($AT103-G103)/$AT103,0)","=IFERROR(($AU103-D103)/$AU103,0)","=$AU103-D103"
215 Oceans of Amelia - End unit - Oceanfront views,ERA Fernandina Beach Realty,,82079,116564,554.59,57.59,263,2,2,6,true,false,false,true,true,false,true,Home/Apartment,Condominium (condo),Apt/Condo/Loft,4.9,8,2,21+,Luxury,false,519,true,148,32,2026-05-14,Amelia/St. Simons/Jekyll Islands,Fernandina Beach,Fernandina Beach,Florida,32034,United States,coastal,https://www.airbnb.com/rooms/35031897,https://a0.muscache.com/im/pictures/prohost-api/Hosting-35031897/original/cda6f928-72c4-480d-b0d2-19be1a7bd14c.jpeg,35031897,,30.66233,-81.43236,"=AVERAGE($G$2:$G$1001)","=AVERAGE($D$2:$D$1001)","=IFERROR(($AT104-G104)/$AT104,0)","=IFERROR(($AU104-D104)/$AU104,0)","=$AU104-D104"
RARE Direct Oceanfront Condo with TWO private balconies within OMNI resort,,,81783,98276,592.63,45.39,321,2,2,5,true,false,false,true,true,false,true,Home/Apartment,Condominium (condo),Apt/Condo/Loft,5,72,3,1,Luxury,false,200,true,138,36,2026-05-15,Amelia/St. Simons/Jekyll Islands,Fernandina Beach,Fernandina Beach,Florida,32034,United States,coastal,https://www.vrbo.com/2787713,"https://media.vrbo.com/lodging/79000000/78090000/78087500/78087419/6cc0a56a.jpg?impolicy=resizecrop&rw=1200&ra=fit",,2787713,30.548968,-81.44291,"=AVERAGE($G$2:$G$1001)","=AVERAGE($D$2:$D$1001)","=IFERROR(($AT105-G105)/$AT105,0)","=IFERROR(($AU105-D105)/$AU105,0)","=$AU105-D105"
Selah and Sea • Quiet Oceanfront + Dogs Welcome,88486566,,81320,85388,419.18,63.82,307,2,2,6,true,false,false,true,true,true,false,Home/Apartment,Condominium (condo),Apt/Condo/Loft,4.95,152,2,2-5,Luxury,true,150,false,194,54,2026-05-17,Amelia/St. Simons/Jekyll Islands,Fernandina Beach,Fernandina Beach,Florida,32034,United States,coastal,https://www.airbnb.com/rooms/614640735251957029,https://a0.muscache.com/im/pictures/miso/Hosting-614640735251957029/original/6ecab8a5-a9e7-4c0a-979d-2b96a72c809b.jpeg,614640735251957029,,30.5415,-81.441,"=AVERAGE($G$2:$G$1001)","=AVERAGE($D$2:$D$1001)","=IFERROR(($AT106-G106)/$AT106,0)","=IFERROR(($AU106-D106)/$AU106,0)","=$AU106-D106"
Turtle Nest - An Oasis In The Dunes!,Destination Amelia Vacation Rentals,,81079,133865,628.52,55.13,241,2,2,4,true,true,false,true,true,false,true,Home/Apartment,Condominium (condo),Apt/Condo/Loft,0,0,3,21+,Luxury,false,210,true,129,29,2026-05-17,Amelia/St. Simons/Jekyll Islands,Fernandina Beach,Fernandina Beach,Florida,32034,United States,coastal,https://www.vrbo.com/4454856,"https://media.vrbo.com/lodging/114000000/113440000/113431200/113431151/2a9623d9.jpg?impolicy=resizecrop&rw=1200&ra=fit",,4454856,30.541116,-81.441681,"=AVERAGE($G$2:$G$1001)","=AVERAGE($D$2:$D$1001)","=IFERROR(($AT107-G107)/$AT107,0)","=IFERROR(($AU107-D107)/$AU107,0)","=$AU107-D107"
303 Atlantis,RedAwning,,81053,121928,827.07,61.64,304,2,2,4,true,false,false,true,true,false,true,Home/Apartment,Condominium (condo),Apt/Condo/Loft,0,0,2,21+,Luxury,false,1221,true,98,17,2026-04-18,Amelia/St. Simons/Jekyll Islands,Fernandina Beach,Fernandina Beach,Florida,32034,United States,coastal,https://www.airbnb.com/rooms/725063091433047186,https://a0.muscache.com/im/pictures/prohost-api/Hosting-725063091433047186/original/6a305b78-c196-4157-adf6-e3128e2816e0.jpeg,725063091433047186,,30.6211,-81.44,"=AVERAGE($G$2:$G$1001)","=AVERAGE($D$2:$D$1001)","=IFERROR(($AT108-G108)/$AT108,0)","=IFERROR(($AU108-D108)/$AU108,0)","=$AU108-D108"
Oceanfront 6th Floor Views at Sandcastles,Stay Better Vacations,,80966,89752,341.63,71.39,338,1,1,2,true,false,false,true,true,false,true,Home/Apartment,Condominium (condo),Apt/Condo/Loft,4.8,22,4,21+,Luxury,true,150,false,237,46,2026-05-11,Amelia/St. Simons/Jekyll Islands,Fernandina Beach,Fernandina Beach,Florida,32034,United States,coastal,https://www.airbnb.com/rooms/1305115417202987012,https://a0.muscache.com/im/pictures/prohost-api/Hosting-1305115417202987012/original/110598b3-8e3b-4e75-a50f-fdc28265b081.jpeg,1305115417202987012,4317477,30.55844,-81.44351,"=AVERAGE($G$2:$G$1001)","=AVERAGE($D$2:$D$1001)","=IFERROR(($AT109-G109)/$AT109,0)","=IFERROR(($AU109-D109)/$AU109,0)","=$AU109-D109"
Oceans of Amelia #201,Amelia Island Rentals,,80859,100120,412.55,59.94,327,2,2,6,true,false,false,true,true,false,true,Home/Apartment,Condominium (condo),Apt/Condo/Loft,4.8,181,2,21+,Luxury,false,231,true,196,52,2026-05-11,Amelia/St. Simons/Jekyll Islands,Fernandina Beach,Fernandina Beach,Florida,32034,United States,coastal,https://www.airbnb.com/rooms/21391846,https://a0.muscache.com/im/pictures/prohost-api/Hosting-21391846/original/2c8db3bf-5278-4537-a32b-5f98851e89dd.jpeg,21391846,1097435,30.6621,-81.432,"=AVERAGE($G$2:$G$1001)","=AVERAGE($D$2:$D$1001)","=IFERROR(($AT110-G110)/$AT110,0)","=IFERROR(($AU110-D110)/$AU110,0)","=$AU110-D110"
557 Amelia by the Sea,RedAwning,,80839,107090,939.99,42.16,264,2,2,4,true,false,false,true,true,false,true,Home/Apartment,Condominium (condo),Apt/Condo/Loft,0,0,2,21+,Luxury,false,467,true,86,11,2026-04-14,Amelia/St. Simons/Jekyll Islands,Fernandina Beach,Fernandina Beach,Florida,32034,United States,coastal,https://www.airbnb.com/rooms/1224535180574628045,https://a0.muscache.com/im/pictures/prohost-api/Hosting-1224535180574628045/original/afe5a300-be30-4f31-99bb-6dcd5bf99b50.jpeg,1224535180574628045,,30.6209,-81.4399,"=AVERAGE($G$2:$G$1001)","=AVERAGE($D$2:$D$1001)","=IFERROR(($AT111-G111)/$AT111,0)","=IFERROR(($AU111-D111)/$AU111,0)","=$AU111-D111"
"Escape to Paradise | Oceanfront, Beach, Pool",Guest Cottage,,80716,95328,441.07,61.62,305,2,2,6,true,false,false,true,true,false,true,Home/Apartment,Condominium (condo),Apt/Condo/Loft,5,98,3,21+,Luxury,true,275,false,183,38,2026-05-17,Amelia/St. Simons/Jekyll Islands,Fernandina Beach,Fernandina Beach,Florida,32034,United States,coastal,https://www.airbnb.com/rooms/48423156,https://a0.muscache.com/im/pictures/prohost-api/Hosting-48423156/original/788b14f5-b5a7-4942-8a3d-fff854b93bbb.jpeg,48423156,2183368,30.5917,-81.4446,"=AVERAGE($G$2:$G$1001)","=AVERAGE($D$2:$D$1001)","=IFERROR(($AT112-G112)/$AT112,0)","=IFERROR(($AU112-D112)/$AU112,0)","=$AU112-D112"
Stunning views overlooking the Atlantic Ocean,Hodnett Cooper Vacation Rentals,,79642,94236,404.27,73.51,268,2,2,6,true,false,true,true,true,false,true,Home/Apartment,Condominium (condo),Apt/Condo/Loft,4.35,42,3,21+,Luxury,true,336,true,197,48,2026-05-14,Amelia/St. Simons/Jekyll Islands,Saint Simons Island,Saint Simons Island,Georgia,31522,United States,coastal,https://www.airbnb.com/rooms/32893729,https://a0.muscache.com/im/pictures/prohost-api/Hosting-32893729/original/2c12725a-ec1d-43bc-8b34-287f8b5bd88f.jpeg,32893729,1586563,31.13886,-81.37958,"=AVERAGE($G$2:$G$1001)","=AVERAGE($D$2:$D$1001)","=IFERROR(($AT113-G113)/$AT113,0)","=IFERROR(($AU113-D113)/$AU113,0)","=$AU113-D113"
Surf & Racquet Club B132-Condo,Amelia Island Rentals,,79635,79635,289.58,75.34,365,1,1,4,true,false,false,true,true,false,true,Home/Apartment,Condominium (condo),Apt/Condo/Loft,4.8,144,2,21+,Luxury,false,208,true,275,51,2026-05-11,Amelia/St. Simons/Jekyll Islands,Fernandina Beach,Fernandina Beach,Florida,32034,United States,coastal,https://www.airbnb.com/rooms/39581436,https://a0.muscache.com/im/pictures/prohost-api/Hosting-39581436/original/72c1cae8-5499-420a-a81d-db0c0611d3e9.jpeg,39581436,1804714,30.5907,-81.4447,"=AVERAGE($G$2:$G$1001)","=AVERAGE($D$2:$D$1001)","=IFERROR(($AT114-G114)/$AT114,0)","=IFERROR(($AU114-D114)/$AU114,0)","=$AU114-D114"
Oceanfront | Private Covered Balcony | Beautiful 4th Floor Amelia Surf and Racquet Condo,Amelia Island Getaways,,79561,82778,303.67,80.86,325,1,1,2,true,false,false,true,true,false,true,Home/Apartment,Condominium (condo),Apt/Condo/Loft,5,32,3,21+,Luxury,false,140,true,262,51,2026-05-15,Amelia/St. Simons/Jekyll Islands,Fernandina Beach,Fernandina Beach,Florida,32034,United States,coastal,https://www.vrbo.com/3456859,"https://media.vrbo.com/lodging/96000000/95280000/95270900/95270872/069dfa2a.jpg?impolicy=resizecrop&rw=1200&ra=fit",,3456859,30.589199,-81.444178,"=AVERAGE($G$2:$G$1001)","=AVERAGE($D$2:$D$1001)","=IFERROR(($AT115-G115)/$AT115,0)","=IFERROR(($AU115-D115)/$AU115,0)","=$AU115-D115"
Oceanfront | Luxury 2nd Floor Turtle Dunes Villa | Beautiful Views,Amelia Island Getaways,,79098,85108,374.87,69.87,304,2,2,4,true,false,false,true,true,false,true,Home/Apartment,Condominium (condo),Apt/Condo/Loft,5,32,3,21+,Luxury,false,168,true,211,53,2026-05-16,Amelia/St. Simons/Jekyll Islands,Fernandina Beach,Fernandina Beach,Florida,32034,United States,coastal,https://www.vrbo.com/2820871,"https://media.vrbo.com/lodging/79000000/78470000/78460200/78460159/a3e61a6c.jpg?impolicy=resizecrop&rw=1200&ra=fit",,2820871,30.540854,-81.441118,"=AVERAGE($G$2:$G$1001)","=AVERAGE($D$2:$D$1001)","=IFERROR(($AT116-G116)/$AT116,0)","=IFERROR(($AU116-D116)/$AU116,0)","=$AU116-D116"
Oceanfront Views in Gated Community,Stay Better Vacations,,79072,79649,300.65,72.65,362,1,1,2,true,false,false,true,true,false,true,Home/Apartment,Condominium (condo),Apt/Condo/Loft,4.9,133,4,21+,Luxury,true,150,false,263,59,2026-05-13,Amelia/St. Simons/Jekyll Islands,Fernandina Beach,Fernandina Beach,Florida,32034,United States,coastal,https://www.airbnb.com/rooms/1380509418007279133,https://a0.muscache.com/im/pictures/prohost-api/Hosting-1380509418007279133/original/ce5617f8-6bf5-4b37-9104-3ab559b16b7c.jpeg,1380509418007279133,2652029,30.5890501181,-81.444130182,"=AVERAGE($G$2:$G$1001)","=AVERAGE($D$2:$D$1001)","=IFERROR(($AT117-G117)/$AT117,0)","=IFERROR(($AU117-D117)/$AU117,0)","=$AU117-D117"
Seaview - Luxurious Amelia Island oceanfront condo,9132716,,78782,80800,371.61,59.22,358,1,1,3,true,false,false,true,true,false,true,Home/Apartment,Condominium (condo),Apt/Condo/Loft,4.85,268,3,2-5,Luxury,true,193,false,212,67,2026-05-17,Amelia/St. Simons/Jekyll Islands,Fernandina Beach,Fernandina Beach,Florida,32034,United States,coastal,https://www.airbnb.com/rooms/11846913,https://a0.muscache.com/im/pictures/d79b3e3b-261c-4aec-a069-6a68a8ec6af0.jpg,11846913,3591436ha,30.5902,-81.4446,"=AVERAGE($G$2:$G$1001)","=AVERAGE($D$2:$D$1001)","=IFERROR(($AT118-G118)/$AT118,0)","=IFERROR(($AU118-D118)/$AU118,0)","=$AU118-D118"
Salty Smiles at Shipwatch on Amelia Island,495196687,,77726,89184,388.63,62.7,319,2,2,6,true,false,false,true,true,false,true,Home/Apartment,Apartment,Apt/Condo/Loft,5,175,3,6-20,Luxury,true,204,true,200,49,2026-05-11,Amelia/St. Simons/Jekyll Islands,Fernandina Beach,Fernandina Beach,Florida,32034,United States,coastal,https://www.airbnb.com/rooms/962885721876506158,https://a0.muscache.com/im/pictures/miso/Hosting-962885721876506158/original/97957582-73d4-4a1d-ab06-aa89add2dafc.jpeg,962885721876506158,1743172,30.5469,-81.4432,"=AVERAGE($G$2:$G$1001)","=AVERAGE($D$2:$D$1001)","=IFERROR(($AT119-G119)/$AT119,0)","=IFERROR(($AU119-D119)/$AU119,0)","=$AU119-D119"
Flamingo Loft | Stunning Beach Views | Two Decks,Barefoot Amelia,,77639,85871,304.47,77.04,331,1,1,4,true,false,false,true,true,true,false,Home/Apartment,Loft,Apt/Condo/Loft,4.95,234,3,21+,Luxury,true,145,true,255,74,2026-05-17,Amelia/St. Simons/Jekyll Islands,Fernandina Beach,Fernandina Beach,Florida,32034,United States,coastal,https://www.airbnb.com/rooms/47408042,https://a0.muscache.com/im/pictures/d7fd058c-4119-4172-82e3-f3a1ab5e0863.jpg,47408042,2185092,30.62409,-81.43914,"=AVERAGE($G$2:$G$1001)","=AVERAGE($D$2:$D$1001)","=IFERROR(($AT120-G120)/$AT120,0)","=IFERROR(($AU120-D120)/$AU120,0)","=$AU120-D120"
"Penthouse 7th floor with spectacular Ocean views! Immaculate, Beach Front Condo!",,,77536,82946,332.77,73.5,317,1,1,3,true,false,false,true,true,false,true,Home/Apartment,Condominium (condo),Apt/Condo/Loft,5,337,2,1,Luxury,false,160,true,233,57,2026-05-16,Amelia/St. Simons/Jekyll Islands,Fernandina Beach,Fernandina Beach,Florida,32034,United States,coastal,https://www.vrbo.com/731890,"https://media.vrbo.com/lodging/20000000/19710000/19709300/19709298/dfe55757.jpg?impolicy=resizecrop&rw=1200&ra=fit",,731890,30.590313,-81.444339,"=AVERAGE($G$2:$G$1001)","=AVERAGE($D$2:$D$1001)","=IFERROR(($AT121-G121)/$AT121,0)","=IFERROR(($AU121-D121)/$AU121,0)","=$AU121-D121"
2 Bed/2 Bath Oceanfront Turtle Dunes Condo,Destination Amelia,,77448,89129,442.56,56.45,318,2,2,5,true,false,false,true,true,false,true,Home/Apartment,Condominium (condo),Apt/Condo/Loft,4.9,10,3,21+,Luxury,true,252,false,175,33,2026-05-13,Amelia/St. Simons/Jekyll Islands,Fernandina Beach,Fernandina Beach,Florida,32034,United States,coastal,https://www.airbnb.com/rooms/1021851811023435107,https://a0.muscache.com/im/pictures/prohost-api/Hosting-1021851811023435107/original/46e3ba68-c08b-4a15-b957-05bff13402ca.jpeg,1021851811023435107,3439937,30.54815,-81.44347,"=AVERAGE($G$2:$G$1001)","=AVERAGE($D$2:$D$1001)","=IFERROR(($AT122-G122)/$AT122,0)","=IFERROR(($AU122-D122)/$AU122,0)","=$AU122-D122"
Direct Oceanfront | Penthouse | Completely Renovated 7th Floor Condo | Double Balconies,Amelia Island Getaways,,77445,88742,377.78,72.95,299,2,2,6,true,false,false,true,true,false,true,Home/Apartment,Condominium (condo),Apt/Condo/Loft,4.9,55,3,21+,Luxury,false,172,true,205,45,2026-05-15,Amelia/St. Simons/Jekyll Islands,Fernandina Beach,Fernandina Beach,Florida,32034,United States,coastal,https://www.vrbo.com/3928369,"https://media.vrbo.com/lodging/104000000/103700000/103699800/103699773/b05b5f21.jpg?impolicy=resizecrop&rw=1200&ra=fit",,3928369,30.590861,-81.443421,"=AVERAGE($G$2:$G$1001)","=AVERAGE($D$2:$D$1001)","=IFERROR(($AT123-G123)/$AT123,0)","=IFERROR(($AU123-D123)/$AU123,0)","=$AU123-D123"
2 Bed/2 Bath - Ocean view!,ERA Fernandina Beach Realty,,77395,127117,751.41,64.78,220,2,2,6,true,false,false,true,true,false,true,Home/Apartment,Condominium (condo),Apt/Condo/Loft,0,0,2,21+,Luxury,false,897,true,103,17,2026-05-13,Amelia/St. Simons/Jekyll Islands,Fernandina Beach,Fernandina Beach,Florida,32034,United States,coastal,https://www.airbnb.com/rooms/35031430,https://a0.muscache.com/im/pictures/prohost-api/Hosting-35031430/original/5df619e6-8c5c-43ff-90c9-2b04f50474db.jpeg,35031430,,30.61894,-81.4401,"=AVERAGE($G$2:$G$1001)","=AVERAGE($D$2:$D$1001)","=IFERROR(($AT124-G124)/$AT124,0)","=IFERROR(($AU124-D124)/$AU124,0)","=$AU124-D124"
Pet Friendly | Oceanfront View | Stylish 2nd Floor Sea Dunes Villa,Amelia Island Getaways,,77046,93332,453.21,64.39,289,2,2,8,true,false,false,true,true,true,true,Home/Apartment,Condominium (condo),Apt/Condo/Loft,4.7,52,3,21+,Luxury,false,171,true,170,36,2026-05-15,Amelia/St. Simons/Jekyll Islands,Fernandina Beach,Fernandina Beach,Florida,32034,United States,coastal,https://www.vrbo.com/1067432,"https://media.vrbo.com/lodging/35000000/34110000/34108100/34108021/626c8181.jpg?impolicy=resizecrop&rw=1200&ra=fit",,1067432,30.543253,-81.441437,"=AVERAGE($G$2:$G$1001)","=AVERAGE($D$2:$D$1001)","=IFERROR(($AT125-G125)/$AT125,0)","=IFERROR(($AU125-D125)/$AU125,0)","=$AU125-D125"
"AIP Resort,Oceanfront, Steps to the Ocean/ Pool",544764926,,76997,104515,472.37,79.9,233,2,2,6,true,false,false,true,true,false,true,Home/Apartment,Condominium (condo),Apt/Condo/Loft,5,41,3,6-20,Luxury,true,230,true,163,32,2026-05-17,Amelia/St. Simons/Jekyll Islands,Fernandina Beach,Fernandina Beach,Florida,32034,United States,coastal,https://www.airbnb.com/rooms/1016757158318964088,https://a0.muscache.com/im/pictures/miso/Hosting-1016757158318964088/original/d9cd91f5-87a8-4d96-9664-5372eef42aed.jpeg,1016757158318964088,3670671,30.5432,-81.4416,"=AVERAGE($G$2:$G$1001)","=AVERAGE($D$2:$D$1001)","=IFERROR(($AT126-G126)/$AT126,0)","=IFERROR(($AU126-D126)/$AU126,0)","=$AU126-D126"
Turtle Loft | Stunning Beach Views | Two Decks,Barefoot Amelia,,76016,78599,327.66,66.29,350,1,1,4,true,false,false,true,true,true,false,Home/Apartment,Loft,Apt/Condo/Loft,4.9,209,3,21+,Luxury,true,135,true,232,67,2026-05-17,Amelia/St. Simons/Jekyll Islands,Fernandina Beach,Fernandina Beach,Florida,32034,United States,coastal,https://www.airbnb.com/rooms/47407523,https://a0.muscache.com/im/pictures/d865bbb8-a703-4ddf-bd60-9337a1c43077.jpg,47407523,2201220,30.62243,-81.44114,"=AVERAGE($G$2:$G$1001)","=AVERAGE($D$2:$D$1001)","=IFERROR(($AT127-G127)/$AT127,0)","=IFERROR(($AU127-D127)/$AU127,0)","=$AU127-D127"
AMELIA ISLAND RESORT - TURTLE DUNES OCEANFRONT CONDO WITH POOL/TENNIS,,,75970,95877,460.42,65.22,253,2,2,6,true,false,false,true,true,false,true,Home/Apartment,Condominium (condo),Apt/Condo/Loft,5,71,7,1,Luxury,false,190,true,165,34,2026-05-14,Amelia/St. Simons/Jekyll Islands,Fernandina Beach,Fernandina Beach,Florida,32034,United States,coastal,https://www.vrbo.com/2266942,"https://media.vrbo.com/lodging/67000000/66480000/66479000/66478961/1e3f6b6e.jpg?impolicy=resizecrop&rw=1200&ra=fit",,2266942,30.540451,-81.441104,"=AVERAGE($G$2:$G$1001)","=AVERAGE($D$2:$D$1001)","=IFERROR(($AT128-G128)/$AT128,0)","=IFERROR(($AU128-D128)/$AU128,0)","=$AU128-D128"
Oceanfront Walkout Condo with Pool,Stay Better Vacations,,75378,77424,388.55,57.57,349,2,2,6,true,false,false,true,true,false,true,Home/Apartment,Condominium (condo),Apt/Condo/Loft,4.75,59,4,21+,Luxury,true,209,false,194,47,2026-05-11,Amelia/St. Simons/Jekyll Islands,Fernandina Beach,Fernandina Beach,Florida,32034,United States,coastal,https://www.airbnb.com/rooms/53109885,https://a0.muscache.com/im/pictures/prohost-api/Hosting-53109885/original/75bb6e2b-98e3-45db-9256-df4ea523d179.jpeg,53109885,2528163,30.5844,-81.4445,"=AVERAGE($G$2:$G$1001)","=AVERAGE($D$2:$D$1001)","=IFERROR(($AT129-G129)/$AT129,0)","=IFERROR(($AU129-D129)/$AU129,0)","=$AU129-D129"
Sandcastle Retreat - Hosted by Moore AI Rentals,Moore Amelia Island Rentals,,75369,78702,326.27,66.57,347,1,1,4,true,false,false,true,true,false,true,Home/Apartment,Condominium (condo),Apt/Condo/Loft,4.9,84,3,21+,Luxury,true,227,true,231,35,2026-05-11,Amelia/St. Simons/Jekyll Islands,Fernandina Beach,Fernandina Beach,Florida,32034,United States,coastal,https://www.airbnb.com/rooms/46150475,https://a0.muscache.com/im/pictures/prohost-api/Hosting-46150475/original/ecc82395-7f19-4661-a34b-04353ab72a9e.jpeg,46150475,2116319,30.5578,-81.4443,"=AVERAGE($G$2:$G$1001)","=AVERAGE($D$2:$D$1001)","=IFERROR(($AT130-G130)/$AT130,0)","=IFERROR(($AU130-D130)/$AU130,0)","=$AU130-D130"
Remodeled 5th-Floor Sandcastles Villa,Destination Amelia,,74920,75450,370.89,55.8,362,1,1,4,true,false,false,true,true,false,true,Home/Apartment,Condominium (condo),Apt/Condo/Loft,4.95,54,3,21+,Luxury,true,273,false,202,40,2026-05-13,Amelia/St. Simons/Jekyll Islands,Fernandina Beach,Fernandina Beach,Florida,32034,United States,coastal,https://www.airbnb.com/rooms/1228472410730915136,https://a0.muscache.com/im/pictures/prohost-api/Hosting-1228472410730915136/original/76c172bb-f5b9-4f88-8883-bcd557d1993f.jpeg,1228472410730915136,4151508,30.55783,-81.44249,"=AVERAGE($G$2:$G$1001)","=AVERAGE($D$2:$D$1001)","=IFERROR(($AT131-G131)/$AT131,0)","=IFERROR(($AU131-D131)/$AU131,0)","=$AU131-D131"
Oceanfront | Turtle Dunes Luxury Penthouse | Intracoastal and Oceanfront Views | Double Balconies,Amelia Island Getaways,,74898,97460,468.11,64.26,250,2,2,4,true,false,false,true,true,false,true,Home/Apartment,Condominium (condo),Apt/Condo/Loft,5,22,4,21+,Luxury,false,180,true,160,31,2026-05-15,Amelia/St. Simons/Jekyll Islands,Fernandina Beach,Fernandina Beach,Florida,32034,United States,coastal,https://www.vrbo.com/2723964,"https://media.vrbo.com/lodging/77000000/76610000/76609700/76609635/bad45387.jpg?impolicy=resizecrop&rw=1200&ra=fit",,2723964,30.540862,-81.441122,"=AVERAGE($G$2:$G$1001)","=AVERAGE($D$2:$D$1001)","=IFERROR(($AT132-G132)/$AT132,0)","=IFERROR(($AU132-D132)/$AU132,0)","=$AU132-D132"
Coastal Feel Condo W/ Beachside Pool Access,RedAwning,,74473,111641,653.27,64.41,197,2,2,6,true,false,false,true,true,false,true,Home/Apartment,Condominium (condo),Apt/Condo/Loft,5,7,2,21+,Luxury,false,974,true,114,17,2026-04-18,Amelia/St. Simons/Jekyll Islands,Fernandina Beach,Fernandina Beach,Florida,32034,United States,coastal,https://www.airbnb.com/rooms/37790837,https://a0.muscache.com/im/pictures/prohost-api/Hosting-37790837/original/53495788-aa2b-4760-b1b8-d768ed5b5256.jpeg,37790837,7862377ha,30.6203,-81.4408,"=AVERAGE($G$2:$G$1001)","=AVERAGE($D$2:$D$1001)","=IFERROR(($AT133-G133)/$AT133,0)","=IFERROR(($AU133-D133)/$AU133,0)","=$AU133-D133"
Tastefully Decorated Condo with Scenic Beach Views,RedAwning,,74331,109450,1018.23,43.71,254,2,2,6,true,false,false,true,true,false,true,Home/Apartment,Condominium (condo),Apt/Condo/Loft,3,3,2,21+,Luxury,false,787,true,73,14,2026-04-14,Amelia/St. Simons/Jekyll Islands,Fernandina Beach,Fernandina Beach,Florida,32034,United States,coastal,https://www.airbnb.com/rooms/37603719,https://a0.muscache.com/im/pictures/prohost-api/Hosting-37603719/original/9e930d1a-a8c9-4de5-84c7-be5c91b5dfda.jpeg,37603719,4702862ha,30.6209,-81.4399,"=AVERAGE($G$2:$G$1001)","=AVERAGE($D$2:$D$1001)","=IFERROR(($AT134-G134)/$AT134,0)","=IFERROR(($AU134-D134)/$AU134,0)","=$AU134-D134"
Amelia Island Beachfront Oasis at Ketch Courtyard,Seahorse Amelia Vacation Rentals,,74200,92541,446.99,54.97,306,2,2,6,true,false,false,true,true,false,true,Home/Apartment,Condominium (condo),Apt/Condo/Loft,4.8,18,3,21+,Luxury,true,452,true,166,41,2026-05-11,Amelia/St. Simons/Jekyll Islands,Fernandina Beach,Fernandina Beach,Florida,32034,United States,coastal,https://www.airbnb.com/rooms/976311204608199210,https://a0.muscache.com/im/pictures/prohost-api/Hosting-976311204608199210/original/3b273dfe-75b2-4b13-9c73-62e18d80b6e9.jpeg,976311204608199210,3600570,30.6223,-81.4398,"=AVERAGE($G$2:$G$1001)","=AVERAGE($D$2:$D$1001)","=IFERROR(($AT135-G135)/$AT135,0)","=IFERROR(($AU135-D135)/$AU135,0)","=$AU135-D135"
Captain`s House A2,Amelia Island Rentals,,73822,83570,380.53,62.78,317,2,2,4,true,false,false,true,true,true,false,Home/Apartment,Condominium (condo),Apt/Condo/Loft,4.95,74,2,21+,Luxury,false,231,true,194,50,2026-05-11,Amelia/St. Simons/Jekyll Islands,Fernandina Beach,Fernandina Beach,Florida,32034,United States,coastal,https://www.airbnb.com/rooms/549215190768285283,https://a0.muscache.com/im/pictures/hosting/Hosting-549215190768285283/original/309115fa-47c1-4a4d-8829-2635c134d983.jpeg,549215190768285283,2641593,30.6641,-81.4318,"=AVERAGE($G$2:$G$1001)","=AVERAGE($D$2:$D$1001)","=IFERROR(($AT136-G136)/$AT136,0)","=IFERROR(($AU136-D136)/$AU136,0)","=$AU136-D136"
Surf & Racquet Club B180 - Pool!,Amelia Island Rentals,,73661,73936,310.81,67.52,363,1,1,4,true,false,false,true,true,false,true,Home/Apartment,Condominium (condo),Apt/Condo/Loft,4.75,186,2,21+,Luxury,false,208,true,237,54,2026-05-11,Amelia/St. Simons/Jekyll Islands,Fernandina Beach,Fernandina Beach,Florida,32034,United States,coastal,https://www.airbnb.com/rooms/21289869,https://a0.muscache.com/im/pictures/prohost-api/Hosting-21289869/original/7d27c4d3-e64c-41ba-8aaf-b0ee3dd483df.jpeg,21289869,658296,30.59,-81.4452,"=AVERAGE($G$2:$G$1001)","=AVERAGE($D$2:$D$1001)","=IFERROR(($AT137-G137)/$AT137,0)","=IFERROR(($AU137-D137)/$AU137,0)","=$AU137-D137"
Townhouse with Ocean View and Access to the Deck,RedAwning,,73492,112099,816.58,75,192,2,2,6,false,false,false,true,false,false,false,Home/Apartment,Townhouse,Apt/Condo/Loft,4.8,22,2,21+,Luxury,false,437,true,90,16,2026-04-18,Amelia/St. Simons/Jekyll Islands,Fernandina Beach,Fernandina Beach,Florida,32034,United States,coastal,https://www.airbnb.com/rooms/37604426,https://a0.muscache.com/im/pictures/prohost-api/Hosting-37604426/original/a89e41d1-7086-4beb-9999-99a29e3ba369.jpeg,37604426,4702945ha,30.6012,-81.443,"=AVERAGE($G$2:$G$1001)","=AVERAGE($D$2:$D$1001)","=IFERROR(($AT138-G138)/$AT138,0)","=IFERROR(($AU138-D138)/$AU138,0)","=$AU138-D138"
Top-Floor Oceans of Amelia Condo with New Updates,Destination Amelia,,73375,78982,403.16,56.88,330,2,2,4,true,false,false,true,true,false,true,Home/Apartment,Condominium (condo),Apt/Condo/Loft,4.85,16,3,21+,Luxury,true,278,false,182,37,2026-05-13,Amelia/St. Simons/Jekyll Islands,Fernandina Beach,Fernandina Beach,Florida,32034,United States,coastal,https://www.airbnb.com/rooms/1172547784119143898,https://a0.muscache.com/im/pictures/prohost-api/Hosting-1172547784119143898/original/b2db2309-bafb-4db1-8c45-f74943043e0e.jpeg,1172547784119143898,4017711,30.661,-81.43307,"=AVERAGE($G$2:$G$1001)","=AVERAGE($D$2:$D$1001)","=IFERROR(($AT139-G139)/$AT139,0)","=IFERROR(($AU139-D139)/$AU139,0)","=$AU139-D139"
Pet Friendly | Totally Renovated | Ground Floor | Luxury Oceanfront Sea Dunes Condo,Amelia Island Getaways,,73249,74697,339.12,60.17,359,1,1,4,true,false,false,true,true,true,true,Home/Apartment,Condominium (condo),Apt/Condo/Loft,4.7,44,3,21+,Luxury,false,135,true,216,47,2026-05-17,Amelia/St. Simons/Jekyll Islands,Fernandina Beach,Fernandina Beach,Florida,32034,United States,coastal,https://www.vrbo.com/3312081,"https://media.vrbo.com/lodging/93000000/92110000/92106600/92106585/1fc29ac2.jpg?impolicy=resizecrop&rw=1200&ra=fit",,3312081,30.543186,-81.441503,"=AVERAGE($G$2:$G$1001)","=AVERAGE($D$2:$D$1001)","=IFERROR(($AT140-G140)/$AT140,0)","=IFERROR(($AU140-D140)/$AU140,0)","=$AU140-D140"
Amelia by the Sea 2 BR  Private Fishing Pier,Seahorse Amelia Vacation Rentals,,73125,73640,511.36,48.47,303,2,2,5,true,false,false,true,true,false,true,Home/Apartment,Condominium (condo),Apt/Condo/Loft,4.7,36,3,21+,Luxury,true,454,true,143,29,2026-05-13,Amelia/St. Simons/Jekyll Islands,Fernandina Beach,Fernandina Beach,Florida,32034,United States,coastal,https://www.airbnb.com/rooms/802386191950789369,https://a0.muscache.com/im/pictures/prohost-api/Hosting-802386191950789369/original/9d3607ed-3687-43bc-ab20-892b2af2a9c2.jpeg,802386191950789369,3196630,30.62074,-81.43982,"=AVERAGE($G$2:$G$1001)","=AVERAGE($D$2:$D$1001)","=IFERROR(($AT141-G141)/$AT141,0)","=IFERROR(($AU141-D141)/$AU141,0)","=$AU141-D141"
King and Prince Condo 2 BR 2 Bath Sleeps 6 Includes Resort Amenities,,,72870,81024,479.41,56.51,273,2,2,6,true,true,true,true,true,false,true,Home/Apartment,Condominium (condo),Apt/Condo/Loft,4.9,131,3,1,Luxury,false,280,true,152,36,2026-05-17,Amelia/St. Simons/Jekyll Islands,Saint Simons Island,Saint Simons Island,Georgia,31522,United States,coastal,https://www.vrbo.com/878472,"https://media.vrbo.com/lodging/30000000/29630000/29625200/29625198/df4cea58.jpg?impolicy=resizecrop&rw=1200&ra=fit",,878472,31.13846,-81.37991,"=AVERAGE($G$2:$G$1001)","=AVERAGE($D$2:$D$1001)","=IFERROR(($AT142-G142)/$AT142,0)","=IFERROR(($AU142-D142)/$AU142,0)","=$AU142-D142"
Oceanfront | Penthouse Sea Dunes Villa | Amazing Atlantic and Intracoastal Views,Amelia Island Getaways,,72377,132619,618.61,68.82,213,2,2,6,true,false,false,true,true,false,true,Home/Apartment,Condominium (condo),Apt/Condo/Loft,4.9,19,3,21+,Luxury,false,171,true,117,21,2026-05-15,Amelia/St. Simons/Jekyll Islands,Fernandina Beach,Fernandina Beach,Florida,32034,United States,coastal,https://www.vrbo.com/2315324,"https://media.vrbo.com/lodging/68000000/67630000/67626300/67626206/6dc6ebfe.jpg?impolicy=resizecrop&rw=1200&ra=fit",,2315324,30.543026,-81.441542,"=AVERAGE($G$2:$G$1001)","=AVERAGE($D$2:$D$1001)","=IFERROR(($AT143-G143)/$AT143,0)","=IFERROR(($AU143-D143)/$AU143,0)","=$AU143-D143"
Oceanfront Views Condo with on Site Pool & Parking,RedAwning,,72005,108278,610.21,62.43,234,2,2,6,true,false,false,true,true,false,true,Home/Apartment,Condominium (condo),Apt/Condo/Loft,5,43,2,21+,Luxury,false,447,true,118,27,2026-04-19,Amelia/St. Simons/Jekyll Islands,Fernandina Beach,Fernandina Beach,Florida,32034,United States,coastal,https://www.airbnb.com/rooms/37603605,https://a0.muscache.com/im/pictures/prohost-api/Hosting-37603605/original/4a51e1e8-4284-467c-ae06-0ec003ca1b63.jpeg,37603605,4757428ha,30.6621,-81.4319,"=AVERAGE($G$2:$G$1001)","=AVERAGE($D$2:$D$1001)","=IFERROR(($AT144-G144)/$AT144,0)","=IFERROR(($AU144-D144)/$AU144,0)","=$AU144-D144"
Oceanfront | Double Private Balconies | Luxury 5th Floor Amelia Surf and Racquet Condo,Amelia Island Getaways,,71705,100783,431.96,63.6,282,2,2,6,true,false,false,true,true,false,true,Home/Apartment,Condominium (condo),Apt/Condo/Loft,5,5,1,21+,Luxury,false,193,true,166,35,2026-05-13,Amelia/St. Simons/Jekyll Islands,Fernandina Beach,Fernandina Beach,Florida,32034,United States,coastal,https://www.vrbo.com/4516721,"https://media.vrbo.com/lodging/115000000/114570000/114565200/114565107/03009d0e.jpg?impolicy=resizecrop&rw=1200&ra=fit",,4516721,30.590057,-81.444596,"=AVERAGE($G$2:$G$1001)","=AVERAGE($D$2:$D$1001)","=IFERROR(($AT145-G145)/$AT145,0)","=IFERROR(($AU145-D145)/$AU145,0)","=$AU145-D145"
N4 Amelia South,RedAwning,,71667,91815,477.78,61.48,251,1,2,6,true,false,false,true,true,false,true,Home/Apartment,Condominium (condo),Apt/Condo/Loft,4.8,124,2,21+,Luxury,false,399,true,150,22,2026-04-20,Amelia/St. Simons/Jekyll Islands,Fernandina Beach,Fernandina Beach,Florida,32034,United States,coastal,https://www.airbnb.com/rooms/1522422703977599070,https://a0.muscache.com/im/pictures/prohost-api/Hosting-1522422703977599070/original/3a78fbe0-2ac3-45a0-8e1a-84578b4b1b84.jpeg,1522422703977599070,1625774,30.6195,-81.4402,"=AVERAGE($G$2:$G$1001)","=AVERAGE($D$2:$D$1001)","=IFERROR(($AT146-G146)/$AT146,0)","=IFERROR(($AU146-D146)/$AU146,0)","=$AU146-D146"
Remodeled Oceanfront Condo W/pool & Steps to Beach,RedAwning,,71388,102066,673.47,65.84,253,2,2,6,true,false,false,true,true,false,true,Home/Apartment,Condominium (condo),Apt/Condo/Loft,3.5,7,2,21+,Luxury,false,1283,true,106,23,2026-04-14,Amelia/St. Simons/Jekyll Islands,Fernandina Beach,Fernandina Beach,Florida,32034,United States,coastal,https://www.airbnb.com/rooms/37604575,https://a0.muscache.com/im/pictures/prohost-api/Hosting-37604575/original/6699ad4d-b522-47e2-9dd4-51a80d4f829f.jpeg,37604575,7685236ha,30.6236,-81.4394,"=AVERAGE($G$2:$G$1001)","=AVERAGE($D$2:$D$1001)","=IFERROR(($AT147-G147)/$AT147,0)","=IFERROR(($AU147-D147)/$AU147,0)","=$AU147-D147"
"Ocean Front Paradise, Fantastic Views! sleeps 4",Lighthouse Vacations,,71278,87205,544.11,44.56,299,2,2,4,true,false,false,true,true,false,true,Home/Apartment,Condominium (condo),Apt/Condo/Loft,4.6,11,3,21+,Luxury,true,271,true,131,33,2026-05-13,Amelia/St. Simons/Jekyll Islands,Saint Simons Island,Saint Simons Island,Georgia,31522,United States,coastal,https://www.airbnb.com/rooms/1200858513589968136,https://a0.muscache.com/im/pictures/prohost-api/Hosting-1200858513589968136/original/46ae00fd-c82f-46e3-9659-8ba1b5bf242b.jpeg,1200858513589968136,4101128,31.1345,-81.3969,"=AVERAGE($G$2:$G$1001)","=AVERAGE($D$2:$D$1001)","=IFERROR(($AT148-G148)/$AT148,0)","=IFERROR(($AU148-D148)/$AU148,0)","=$AU148-D148"
663 Amelia by the Sea,RedAwning,,70899,106262,1289.07,45.08,240,1,2,6,true,false,false,true,true,false,true,Home/Apartment,Condominium (condo),Apt/Condo/Loft,0,0,2,21+,Luxury,false,504,true,55,12,2026-04-17,Amelia/St. Simons/Jekyll Islands,Fernandina Beach,Fernandina Beach,Florida,32034,United States,coastal,https://www.airbnb.com/rooms/1478207178857124777,https://a0.muscache.com/im/pictures/prohost-api/Hosting-1478207178857124777/original/857d406f-e039-4779-818b-7a343bd344ab.jpeg,1478207178857124777,,30.6209,-81.4399,"=AVERAGE($G$2:$G$1001)","=AVERAGE($D$2:$D$1001)","=IFERROR(($AT149-G149)/$AT149,0)","=IFERROR(($AU149-D149)/$AU149,0)","=$AU149-D149"
Vitamin Sea - King and Prince South Villas with,Georgia Coast Realty,,70605,70982,504.32,47.3,362,2,2,6,true,true,false,true,true,false,true,Home/Apartment,Condominium (condo),Apt/Condo/Loft,4.9,47,3,21+,Luxury,false,191,true,140,37,2026-05-11,Amelia/St. Simons/Jekyll Islands,Saint Simons Island,Saint Simons Island,Georgia,31522,United States,coastal,https://www.airbnb.com/rooms/36796540,https://a0.muscache.com/im/pictures/prohost-api/Hosting-36796540/original/119a5bd6-ce05-4407-adae-2d015a4f524c.jpeg,36796540,1648799,31.1386,-81.3803,"=AVERAGE($G$2:$G$1001)","=AVERAGE($D$2:$D$1001)","=IFERROR(($AT150-G150)/$AT150,0)","=IFERROR(($AU150-D150)/$AU150,0)","=$AU150-D150"
306 Oceans of Amelia 2 Bed/2 Bath Oceanfront condo,ERA Fernandina Beach Realty,,70511,86684,476.43,61.16,265,2,2,6,true,false,false,true,true,false,true,Home/Apartment,Condominium (condo),Apt/Condo/Loft,5,1,2,21+,Luxury,false,650,true,148,33,2026-05-13,Amelia/St. Simons/Jekyll Islands,Fernandina Beach,Fernandina Beach,Florida,32034,United States,coastal,https://www.airbnb.com/rooms/35031185,https://a0.muscache.com/im/pictures/prohost-api/Hosting-35031185/original/d89f5a3f-8faa-4baf-b5ac-ebd59a3f1440.jpeg,35031185,,30.66097,-81.43142,"=AVERAGE($G$2:$G$1001)","=AVERAGE($D$2:$D$1001)","=IFERROR(($AT151-G151)/$AT151,0)","=IFERROR(($AU151-D151)/$AU151,0)","=$AU151-D151"
Amelia South Condo W/ Ocean View from Patio,RedAwning,,70369,105093,963.96,40.33,233,2,2,6,true,false,false,true,true,false,true,Home/Apartment,Condominium (condo),Apt/Condo/Loft,0,0,2,21+,Luxury,false,474,true,73,11,2026-04-14,Amelia/St. Simons/Jekyll Islands,Fernandina Beach,Fernandina Beach,Florida,32034,United States,coastal,https://www.airbnb.com/rooms/38330049,https://a0.muscache.com/im/pictures/prohost-api/Hosting-38330049/original/a46bf650-eabe-40e9-8af8-84f7b34e032f.jpeg,38330049,,30.6195,-81.441,"=AVERAGE($G$2:$G$1001)","=AVERAGE($D$2:$D$1001)","=IFERROR(($AT152-G152)/$AT152,0)","=IFERROR(($AU152-D152)/$AU152,0)","=$AU152-D152"
Direct Ocean View Condominium!,Hodnett Cooper Vacation Rentals,,70300,84024,371.96,73.54,257,2,2,6,true,true,true,true,true,false,true,Home/Apartment,Condominium (condo),Apt/Condo/Loft,4.6,20,2,21+,Luxury,true,320,true,189,39,2026-05-11,Amelia/St. Simons/Jekyll Islands,Saint Simons Island,Saint Simons Island,Georgia,31522,United States,coastal,https://www.airbnb.com/rooms/32893557,https://a0.muscache.com/im/pictures/prohost-api/Hosting-32893557/original/982853b6-001c-44d2-844f-1f9a88cbd960.jpeg,32893557,1585335,31.14136,-81.3766,"=AVERAGE($G$2:$G$1001)","=AVERAGE($D$2:$D$1001)","=IFERROR(($AT153-G153)/$AT153,0)","=IFERROR(($AU153-D153)/$AU153,0)","=$AU153-D153"
TURTLE DUNES OMNI AMELIA ISLAND BEACH OCEANFRONT VIEWS AI RESORT RENTALS ASK PET,Amelia Island Vacation Rentals and Management Services,,70123,87804,504.48,52.85,290,2,2,5,true,false,false,true,true,true,true,Home/Apartment,Condominium (condo),Apt/Condo/Loft,5,46,5,6-20,Luxury,false,350,true,139,15,2026-05-13,Amelia/St. Simons/Jekyll Islands,Fernandina Beach,Fernandina Beach,Florida,32034,United States,coastal,https://www.vrbo.com/2075202,"https://media.vrbo.com/lodging/59000000/58290000/58283200/58283179/0c6a7cc4.jpg?impolicy=resizecrop&rw=1200&ra=fit",,2075202,30.543063,-81.442338,"=AVERAGE($G$2:$G$1001)","=AVERAGE($D$2:$D$1001)","=IFERROR(($AT154-G154)/$AT154,0)","=IFERROR(($AU154-D154)/$AU154,0)","=$AU154-D154"
Sea Gate #301,Hodnett Cooper Vacation Rentals,,70101,74743,326.05,62.14,346,1,1,4,true,false,false,true,true,false,true,Home/Apartment,Condominium (condo),Apt/Condo/Loft,5,7,2,21+,Luxury,true,105,true,215,76,2026-05-14,Amelia/St. Simons/Jekyll Islands,Saint Simons Island,Saint Simons Island,Georgia,31522,United States,coastal,https://www.airbnb.com/rooms/1374071389395969033,https://a0.muscache.com/im/pictures/prohost-api/Hosting-1374071389395969033/original/46fa0ab2-1077-47d4-8efa-301cf1020c32.jpeg,1374071389395969033,4444276,31.1367362346,-81.3848172635,"=AVERAGE($G$2:$G$1001)","=AVERAGE($D$2:$D$1001)","=IFERROR(($AT155-G155)/$AT155,0)","=IFERROR(($AU155-D155)/$AU155,0)","=$AU155-D155"
4th Floor condo.,ERA Fernandina Beach Realty,,69975,106662,823.24,38.64,274,2,2,6,true,false,false,true,true,false,true,Home/Apartment,Condominium (condo),Apt/Condo/Loft,5,3,2,21+,Luxury,false,784,true,85,20,2026-05-13,Amelia/St. Simons/Jekyll Islands,Fernandina Beach,Fernandina Beach,Florida,32034,United States,coastal,https://www.airbnb.com/rooms/35031205,https://a0.muscache.com/im/pictures/prohost-api/Hosting-35031205/original/ac3b44e4-c04a-4c6b-8436-2d770a33baa2.jpeg,35031205,9696282ha,30.62127,-81.43894,"=AVERAGE($G$2:$G$1001)","=AVERAGE($D$2:$D$1001)","=IFERROR(($AT156-G156)/$AT156,0)","=IFERROR(($AU156-D156)/$AU156,0)","=$AU156-D156"
302 Oceans of Amelia 2 Bed/2 Bath Oceanfront condo,ERA Fernandina Beach Realty,,69944,80400,472.59,52.86,296,2,2,6,true,false,false,true,true,false,true,Home/Apartment,Condominium (condo),Apt/Condo/Loft,5,3,2,21+,Luxury,false,514,true,148,31,2026-05-13,Amelia/St. Simons/Jekyll Islands,Fernandina Beach,Fernandina Beach,Florida,32034,United States,coastal,https://www.airbnb.com/rooms/35031240,https://a0.muscache.com/im/pictures/prohost-api/Hosting-35031240/original/1a3abf3d-c003-4f37-9e63-de032ff1c3e7.jpeg,35031240,,30.66153,-81.43239,"=AVERAGE($G$2:$G$1001)","=AVERAGE($D$2:$D$1001)","=IFERROR(($AT157-G157)/$AT157,0)","=IFERROR(($AU157-D157)/$AU157,0)","=$AU157-D157"
Ocean front cottage on the beach!,73224108,,69681,127048,501.3,67.15,238,2,2,4,true,false,false,true,true,false,false,Home/Apartment,Cottage,House/villa,5,200,7,2-5,Luxury,true,150,true,139,29,2026-05-14,Amelia/St. Simons/Jekyll Islands,Fernandina Beach,Fernandina Beach,Florida,32034,United States,coastal,https://www.airbnb.com/rooms/1431333471912756843,https://a0.muscache.com/im/pictures/prohost-api/Hosting-1431333471912756843/original/52d2d709-493d-45bd-a54b-f36c79e579d3.jpeg,1431333471912756843,221330,30.6650733194,-81.4313217245,"=AVERAGE($G$2:$G$1001)","=AVERAGE($D$2:$D$1001)","=IFERROR(($AT158-G158)/$AT158,0)","=IFERROR(($AU158-D158)/$AU158,0)","=$AU158-D158"
Coral Sands #302,Amelia Island Rentals,,69562,82370,364.2,60.25,318,2,1,4,true,false,false,true,true,true,false,Home/Apartment,Condominium (condo),Apt/Condo/Loft,4.75,146,3,21+,Luxury,false,224,true,191,43,2026-05-17,Amelia/St. Simons/Jekyll Islands,Fernandina Beach,Fernandina Beach,Florida,32034,United States,coastal,https://www.airbnb.com/rooms/22652980,https://a0.muscache.com/im/pictures/prohost-api/Hosting-22652980/original/4a2bb3e0-7b7e-4800-a84e-0b0270b46cf3.jpeg,22652980,672495,30.6614,-81.432,"=AVERAGE($G$2:$G$1001)","=AVERAGE($D$2:$D$1001)","=IFERROR(($AT159-G159)/$AT159,0)","=IFERROR(($AU159-D159)/$AU159,0)","=$AU159-D159"
Sea Gate #302,Hodnett Cooper Vacation Rentals,,69368,71048,316.75,61.34,357,1,1,4,true,false,false,true,true,true,true,Home/Apartment,Condominium (condo),Apt/Condo/Loft,4.7,8,2,21+,Luxury,true,106,true,219,66,2026-05-14,Amelia/St. Simons/Jekyll Islands,Saint Simons Island,Saint Simons Island,Georgia,31522,United States,coastal,https://www.airbnb.com/rooms/1374071406797049168,https://a0.muscache.com/im/pictures/prohost-api/Hosting-1374071406797049168/original/b2eef6c0-2706-4d3a-9a0b-0b4edf710796.jpeg,1374071406797049168,5139568,31.1376301132,-81.3844567879,"=AVERAGE($G$2:$G$1001)","=AVERAGE($D$2:$D$1001)","=IFERROR(($AT160-G160)/$AT160,0)","=IFERROR(($AU160-D160)/$AU160,0)","=$AU160-D160"
Oceanfront Views on Amelia Island-Amelia South D5,Stay Better Vacations,,69256,70398,391.28,50,354,2,2,6,true,false,false,true,true,false,true,Home/Apartment,Condominium (condo),Apt/Condo/Loft,4.8,24,4,21+,Luxury,true,242,false,177,47,2026-05-16,Amelia/St. Simons/Jekyll Islands,Fernandina Beach,Fernandina Beach,Florida,32034,United States,coastal,https://www.airbnb.com/rooms/1123452098991084770,https://a0.muscache.com/im/pictures/prohost-api/Hosting-1123452098991084770/original/bfbb434f-4c22-4e70-b565-1aef90d770b5.jpeg,1123452098991084770,3929577,30.6195,-81.4402,"=AVERAGE($G$2:$G$1001)","=AVERAGE($D$2:$D$1001)","=IFERROR(($AT161-G161)/$AT161,0)","=IFERROR(($AU161-D161)/$AU161,0)","=$AU161-D161"
Oceanfront Elegance: Your Coastal Haven,Stay Better Vacations,,69175,83645,406.91,53.29,321,2,2,6,true,false,false,true,true,false,true,Home/Apartment,Condominium (condo),Apt/Condo/Loft,5,37,4,21+,Luxury,false,200,true,170,41,2026-05-16,Amelia/St. Simons/Jekyll Islands,Fernandina Beach,Fernandina Beach,Florida,32034,United States,coastal,https://www.vrbo.com/3152406,"https://media.vrbo.com/lodging/90000000/89820000/89818300/89818212/3bcf3198.jpg?impolicy=resizecrop&rw=1200&ra=fit",,3152406,30.619545,-81.440216,"=AVERAGE($G$2:$G$1001)","=AVERAGE($D$2:$D$1001)","=IFERROR(($AT162-G162)/$AT162,0)","=IFERROR(($AU162-D162)/$AU162,0)","=$AU162-D162"
Oceanfront unit offers beautiful Atlantic views from a private balcony,Hodnett Cooper,,69145,70627,332.43,58.1,358,1,1,4,true,false,false,true,true,true,true,Home/Apartment,Condominium (condo),Apt/Condo/Loft,4.7,0,2,21+,Luxury,false,68,true,208,61,2026-05-15,Amelia/St. Simons/Jekyll Islands,Saint Simons Island,Saint Simons Island,Georgia,31522,United States,coastal,https://www.vrbo.com/4454850,"https://media.vrbo.com/lodging/114000000/113440000/113431000/113430926/5cf18108.jpg?impolicy=resizecrop&rw=1200&ra=fit",,4454850,31.137273,-81.383799,"=AVERAGE($G$2:$G$1001)","=AVERAGE($D$2:$D$1001)","=IFERROR(($AT163-G163)/$AT163,0)","=IFERROR(($AU163-D163)/$AU163,0)","=$AU163-D163"
Stunning Views from Oceans of Amelia Condo,Destination Amelia,,68989,69835,387.58,66.67,306,2,2,4,true,false,false,true,true,false,true,Home/Apartment,Condominium (condo),Apt/Condo/Loft,4.9,126,3,21+,Luxury,true,252,false,178,39,2026-05-16,Amelia/St. Simons/Jekyll Islands,Fernandina Beach,Fernandina Beach,Florida,32034,United States,coastal,https://www.airbnb.com/rooms/1608219100452369932,https://a0.muscache.com/im/pictures/prohost-api/Hosting-1608219100452369932/original/58fea99d-0787-4639-88f7-453020e0d874.jpeg,1608219100452369932,350198,30.6626733155,-81.4316437372,"=AVERAGE($G$2:$G$1001)","=AVERAGE($D$2:$D$1001)","=IFERROR(($AT164-G164)/$AT164,0)","=IFERROR(($AU164-D164)/$AU164,0)","=$AU164-D164"
AMAZING OCEANFRONT AMELIA ISLAND POPULAR LOCATIONSEA GLASS COTTAGE*,,,68855,87980,366.25,62.25,308,2,2,6,true,false,false,true,true,true,true,Home/Apartment,Condominium (condo),Apt/Condo/Loft,4.9,136,3,1,Luxury,false,150,true,188,34,2026-05-16,Amelia/St. Simons/Jekyll Islands,Fernandina Beach,Fernandina Beach,Florida,32034,United States,coastal,https://www.vrbo.com/1258655,"https://media.vrbo.com/lodging/24000000/23280000/23274300/23274262/ebece728.jpg?impolicy=resizecrop&rw=1200&ra=fit",,1258655,30.54063,-81.440991,"=AVERAGE($G$2:$G$1001)","=AVERAGE($D$2:$D$1001)","=IFERROR(($AT165-G165)/$AT165,0)","=IFERROR(($AU165-D165)/$AU165,0)","=$AU165-D165"
Sunrise Shores~insane view,495196687,,68746,93820,435.1,65.83,248,2,2,6,true,false,false,true,true,false,true,Home/Apartment,Condominium (condo),Apt/Condo/Loft,4.85,48,3,6-20,Luxury,true,205,true,158,37,2026-05-11,Amelia/St. Simons/Jekyll Islands,Fernandina Beach,Fernandina Beach,Florida,32034,United States,coastal,https://www.airbnb.com/rooms/1245000186368039613,https://a0.muscache.com/im/pictures/prohost-api/Hosting-1245000186368039613/original/3fa40181-bb9f-4e9d-8f31-2e73c6819c36.jpeg,1245000186368039613,3689308,30.54666,-81.44207,"=AVERAGE($G$2:$G$1001)","=AVERAGE($D$2:$D$1001)","=IFERROR(($AT166-G166)/$AT166,0)","=IFERROR(($AU166-D166)/$AU166,0)","=$AU166-D166"
Peaceful Oceanfront Condo at Turtle Dunes!,Destination Amelia,,68642,77728,454.58,47.34,325,2,2,4,true,false,false,true,true,false,true,Home/Apartment,Condominium (condo),Apt/Condo/Loft,4.8,53,3,21+,Luxury,true,253,false,151,30,2026-05-16,Amelia/St. Simons/Jekyll Islands,Fernandina Beach,Fernandina Beach,Florida,32034,United States,coastal,https://www.airbnb.com/rooms/51960241,https://a0.muscache.com/im/pictures/prohost-api/Hosting-51960241/original/cfdbe049-596b-4ded-8b0d-75ec1c5eb9f5.jpeg,51960241,1166211,30.54013,-81.43994,"=AVERAGE($G$2:$G$1001)","=AVERAGE($D$2:$D$1001)","=IFERROR(($AT167-G167)/$AT167,0)","=IFERROR(($AU167-D167)/$AU167,0)","=$AU167-D167"
Coastal Luxe at Amelia Surf & Racquet Club,594960454,,68389,73744,359.94,62.91,322,1,1,3,true,false,false,true,true,false,true,Home/Apartment,Condominium (condo),Apt/Condo/Loft,5,44,3,2-5,Luxury,true,150,true,190,44,2025-12-28,Amelia/St. Simons/Jekyll Islands,Fernandina Beach,Fernandina Beach,Florida,32034,United States,coastal,https://www.airbnb.com/rooms/1218363294407360772,https://a0.muscache.com/im/pictures/hosting/Hosting-1218363294407360772/original/2a5674f9-83bd-4fe5-b6a1-548ad6b8e869.jpeg,1218363294407360772,4165376,30.59395,-81.44384,"=AVERAGE($G$2:$G$1001)","=AVERAGE($D$2:$D$1001)","=IFERROR(($AT168-G168)/$AT168,0)","=IFERROR(($AU168-D168)/$AU168,0)","=$AU168-D168"
Georgia Sunrise - King and Prince South Villas,Georgia Coast Realty,,68332,75776,542.32,45.16,331,2,2,6,true,true,false,true,true,false,true,Home/Apartment,Condominium (condo),Apt/Condo/Loft,4.2,49,3,21+,Luxury,false,190,true,126,30,2026-05-11,Amelia/St. Simons/Jekyll Islands,Saint Simons Island,Saint Simons Island,Georgia,31522,United States,coastal,https://www.airbnb.com/rooms/1050842490124478782,https://a0.muscache.com/im/pictures/prohost-api/Hosting-1050842490124478782/original/faed88db-49ad-4ff1-b17b-85a36d920105.jpeg,1050842490124478782,20887,31.1384,-81.3799,"=AVERAGE($G$2:$G$1001)","=AVERAGE($D$2:$D$1001)","=IFERROR(($AT169-G169)/$AT169,0)","=IFERROR(($AU169-D169)/$AU169,0)","=$AU169-D169"
Beach Style Condo - Smart Speaker and Beach Access,RedAwning,,68228,108901,614.67,67.27,231,2,1,4,true,false,false,true,true,true,false,Home/Apartment,Condominium (condo),Apt/Condo/Loft,4.85,27,2,21+,Luxury,false,1100,true,111,26,2026-04-20,Amelia/St. Simons/Jekyll Islands,Fernandina Beach,Fernandina Beach,Florida,32034,United States,coastal,https://www.airbnb.com/rooms/615723216427570621,https://a0.muscache.com/im/pictures/prohost-api/Hosting-615723216427570621/original/7065f4ec-73ae-40b1-acf9-c56b1c96a276.jpeg,615723216427570621,9157137ha,30.6614,-81.432,"=AVERAGE($G$2:$G$1001)","=AVERAGE($D$2:$D$1001)","=IFERROR(($AT170-G170)/$AT170,0)","=IFERROR(($AU170-D170)/$AU170,0)","=$AU170-D170"
"Driftwood paradise, ocean view!",173054499,,67934,68123,289.08,64.56,364,1,1,4,true,false,false,true,true,true,true,Home/Apartment,Condominium (condo),Apt/Condo/Loft,4.75,158,3,21+,Luxury,true,94,false,235,55,2026-05-17,Amelia/St. Simons/Jekyll Islands,Jekyll Island,Jekyll Island,Georgia,31527,United States,coastal,https://www.airbnb.com/rooms/50568385,https://a0.muscache.com/im/pictures/miso/Hosting-50568385/original/c0352cc5-98a3-4229-a4a3-01d3d35cdad0.jpeg,50568385,2365912,31.09699,-81.40465,"=AVERAGE($G$2:$G$1001)","=AVERAGE($D$2:$D$1001)","=IFERROR(($AT171-G171)/$AT171,0)","=IFERROR(($AU171-D171)/$AU171,0)","=$AU171-D171"
2706 W. 3rd St,RedAwning,,67599,81419,620.17,45.42,278,2,2,6,true,false,false,true,true,true,false,Home/Apartment,House,House/villa,4.5,9,2,21+,Luxury,false,707,true,109,20,2026-04-14,Amelia/St. Simons/Jekyll Islands,Fernandina Beach,Fernandina Beach,Florida,32034,United States,coastal,https://www.airbnb.com/rooms/930279112595439225,https://a0.muscache.com/im/pictures/prohost-api/Hosting-930279112595439225/original/bf696f9e-2237-4332-8e62-f2c315a20528.jpeg,930279112595439225,9847093ha,30.6743,-81.4328,"=AVERAGE($G$2:$G$1001)","=AVERAGE($D$2:$D$1001)","=IFERROR(($AT172-G172)/$AT172,0)","=IFERROR(($AU172-D172)/$AU172,0)","=$AU172-D172"
Amelia Island Oceanfront Deluxe Condo,16155269,,67562,72122,489.58,52.08,348,2,2,8,true,false,false,true,true,false,true,Home/Apartment,Condominium (condo),Apt/Condo/Loft,4.9,203,3,2-5,Luxury,true,201,true,138,30,2026-05-11,Amelia/St. Simons/Jekyll Islands,Fernandina Beach,Fernandina Beach,Florida,32034,United States,coastal,https://www.airbnb.com/rooms/30311595,https://a0.muscache.com/im/pictures/2c99e537-bb52-44f0-b7d3-e66c7af53ee4.jpg,30311595,4020928ha,30.59053,-81.44507,"=AVERAGE($G$2:$G$1001)","=AVERAGE($D$2:$D$1001)","=IFERROR(($AT173-G173)/$AT173,0)","=IFERROR(($AU173-D173)/$AU173,0)","=$AU173-D173"
Inviting 2BR Oceanfront | Balcony | Pool,Vacasa,,67236,76272,331.21,66.56,310,2,2,5,true,false,false,true,true,false,true,Home/Apartment,Condominium (condo),Apt/Condo/Loft,4.55,31,2,21+,Luxury,false,160,true,203,43,2024-12-04,Amelia/St. Simons/Jekyll Islands,Fernandina Beach,Fernandina Beach,Florida,32034,United States,coastal,https://www.airbnb.com/rooms/10451537,https://a0.muscache.com/im/pictures/prohost-api/Hosting-10451537/original/94ef8593-83e9-405c-9981-a557c6317601.jpeg,10451537,447147,30.55322,-81.44421,"=AVERAGE($G$2:$G$1001)","=AVERAGE($D$2:$D$1001)","=IFERROR(($AT174-G174)/$AT174,0)","=IFERROR(($AU174-D174)/$AU174,0)","=$AU174-D174"
HEATED optional SWIMMING POOL Beach Getaway with Private Beach Access,,,67125,78254,684.95,59.39,165,2,2,4,true,false,false,true,true,true,true,Home/Apartment,House,House/villa,5,68,3,1,Luxury,false,125,true,98,19,2025-06-22,Amelia/St. Simons/Jekyll Islands,Fernandina Beach,Fernandina Beach,Florida,32034,United States,coastal,https://www.vrbo.com/2785763,"https://media.vrbo.com/lodging/79000000/78080000/78072500/78072466/6952ca2d.jpg?impolicy=resizecrop&rw=1200&ra=fit",,2785763,30.659666,-81.432712,"=AVERAGE($G$2:$G$1001)","=AVERAGE($D$2:$D$1001)","=IFERROR(($AT175-G175)/$AT175,0)","=IFERROR(($AU175-D175)/$AU175,0)","=$AU175-D175"
3 Bedroom Oceanfront Shipwatch Unit 1389,Amelia Island Rentals,,66734,92464,641.67,58.1,264,2,3,8,true,false,false,true,true,false,true,Home/Apartment,Condominium (condo),Apt/Condo/Loft,4.8,41,3,21+,Luxury,false,217,false,104,22,2026-05-16,Amelia/St. Simons/Jekyll Islands,Fernandina Beach,Fernandina Beach,Florida,32034,United States,coastal,https://www.airbnb.com/rooms/19407683,https://a0.muscache.com/im/pictures/prohost-api/Hosting-19407683/original/de187aa4-627f-4175-9ceb-6d4992b63f2b.jpeg,19407683,1280133,30.5481,-81.44392,"=AVERAGE($G$2:$G$1001)","=AVERAGE($D$2:$D$1001)","=IFERROR(($AT176-G176)/$AT176,0)","=IFERROR(($AU176-D176)/$AU176,0)","=$AU176-D176"
303 Atlantis - 2 Bed/2 Bath - Ocean Front,ERA Fernandina Beach Realty,,66207,86984,547.17,51.49,330,2,2,4,true,false,false,true,true,false,true,Home/Apartment,Condominium (condo),Apt/Condo/Loft,4.5,6,2,21+,Luxury,false,1265,true,121,22,2026-05-14,Amelia/St. Simons/Jekyll Islands,Fernandina Beach,Fernandina Beach,Florida,32034,United States,coastal,https://www.airbnb.com/rooms/747134934105761769,https://a0.muscache.com/im/pictures/prohost-api/Hosting-747134934105761769/original/59f9d7fd-21f7-4c4c-9612-aa7c479f1ead.jpeg,747134934105761769,9734427ha,30.62183,-81.43936,"=AVERAGE($G$2:$G$1001)","=AVERAGE($D$2:$D$1001)","=IFERROR(($AT177-G177)/$AT177,0)","=IFERROR(($AU177-D177)/$AU177,0)","=$AU177-D177"
End Unit Oceanside Condo W/ View from Living Area,RedAwning,,65784,115307,598.04,76.92,180,2,2,6,true,false,false,true,true,false,true,Home/Apartment,Condominium (condo),Apt/Condo/Loft,4.7,18,2,21+,Luxury,false,383,true,110,19,2026-04-18,Amelia/St. Simons/Jekyll Islands,Fernandina Beach,Fernandina Beach,Florida,32034,United States,coastal,https://www.airbnb.com/rooms/37604544,https://a0.muscache.com/im/pictures/prohost-api/Hosting-37604544/original/86bc7d19-8c28-490f-a65f-1f4a1d290da6.jpeg,37604544,7605751ha,30.6621,-81.4319,"=AVERAGE($G$2:$G$1001)","=AVERAGE($D$2:$D$1001)","=IFERROR(($AT178-G178)/$AT178,0)","=IFERROR(($AU178-D178)/$AU178,0)","=$AU178-D178"
Dog friendly Oceanfront/Close to parks.,ERA Fernandina Beach Realty,,65496,100165,617.89,49.53,265,2,1,6,true,false,false,true,true,true,false,Home/Apartment,Condominium (condo),Apt/Condo/Loft,4.15,22,2,21+,Luxury,false,1000,true,106,22,2026-05-14,Amelia/St. Simons/Jekyll Islands,Fernandina Beach,Fernandina Beach,Florida,32034,United States,coastal,https://www.airbnb.com/rooms/35031497,https://a0.muscache.com/im/pictures/prohost-api/Hosting-35031497/original/0e952b69-f3a7-43ba-8c3a-b77f49f1fa00.jpeg,35031497,4702906ha,30.66086,-81.43171,"=AVERAGE($G$2:$G$1001)","=AVERAGE($D$2:$D$1001)","=IFERROR(($AT179-G179)/$AT179,0)","=IFERROR(($AU179-D179)/$AU179,0)","=$AU179-D179"
"NEWLY RENOVATED & NEW TO THE MARKET: Modern, Oceanfront One Bedroom Condo. C-120",,,65233,78061,322.94,63.12,332,1,1,4,true,false,false,true,true,false,true,Home/Apartment,Condominium (condo),Apt/Condo/Loft,5,67,3,1,Luxury,false,175,true,202,45,2026-05-16,Amelia/St. Simons/Jekyll Islands,Fernandina Beach,Fernandina Beach,Florida,32034,United States,coastal,https://www.vrbo.com/3869560,"https://media.vrbo.com/lodging/103000000/102610000/102605300/102605292/8b7e46d7.jpg?impolicy=resizecrop&rw=1200&ra=fit",,3869560,30.586145,-81.444783,"=AVERAGE($G$2:$G$1001)","=AVERAGE($D$2:$D$1001)","=IFERROR(($AT180-G180)/$AT180,0)","=IFERROR(($AU180-D180)/$AU180,0)","=$AU180-D180"
BREATHTAKING VIEWS! 4th Floor Oceanfront Condo next to Ritz Carlton!,Destination Amelia Vacation Rentals,,65003,114722,511.83,71.75,215,2,2,4,true,false,false,true,true,false,true,Home/Apartment,Condominium (condo),Apt/Condo/Loft,4.8,74,3,21+,Luxury,false,210,true,127,28,2026-05-17,Amelia/St. Simons/Jekyll Islands,Fernandina Beach,Fernandina Beach,Florida,32034,United States,coastal,https://www.vrbo.com/1921085,"https://media.vrbo.com/lodging/49000000/48490000/48483900/48483804/90c45a3b.jpg?impolicy=resizecrop&rw=1200&ra=fit",,1921085,30.591691,-81.444604,"=AVERAGE($G$2:$G$1001)","=AVERAGE($D$2:$D$1001)","=IFERROR(($AT181-G181)/$AT181,0)","=IFERROR(($AU181-D181)/$AU181,0)","=$AU181-D181"
Amelia Island Oceanfront - Sandpiper Villas,Seahorse Amelia Vacation Rentals,,64967,78045,460.76,57.55,279,2,2,5,true,false,false,true,true,false,true,Home/Apartment,Townhouse,Apt/Condo/Loft,4.85,27,3,21+,Luxury,true,562,true,141,31,2026-05-13,Amelia/St. Simons/Jekyll Islands,Fernandina Beach,Fernandina Beach,Florida,32034,United States,coastal,https://www.airbnb.com/rooms/1132178248795304971,https://a0.muscache.com/im/pictures/prohost-api/Hosting-1132178248795304971/original/706736e0-c297-4175-9e12-d4e39d1365e7.jpeg,1132178248795304971,3947596,30.601,-81.4433,"=AVERAGE($G$2:$G$1001)","=AVERAGE($D$2:$D$1001)","=IFERROR(($AT182-G182)/$AT182,0)","=IFERROR(($AU182-D182)/$AU182,0)","=$AU182-D182"
Dog Friendly Oceanfront Condo,RedAwning,,64784,96705,616.99,49.53,259,2,1,6,false,false,false,true,false,true,false,Home/Apartment,Condominium (condo),Apt/Condo/Loft,5,1,2,21+,Luxury,false,470,true,105,22,2026-04-14,Amelia/St. Simons/Jekyll Islands,Fernandina Beach,Fernandina Beach,Florida,32034,United States,coastal,https://www.airbnb.com/rooms/37604425,https://a0.muscache.com/im/pictures/prohost-api/Hosting-37604425/original/c73be50a-eb59-4c90-aeb0-58d00f117130.jpeg,37604425,,30.6614,-81.432,"=AVERAGE($G$2:$G$1001)","=AVERAGE($D$2:$D$1001)","=IFERROR(($AT183-G183)/$AT183,0)","=IFERROR(($AU183-D183)/$AU183,0)","=$AU183-D183"
"1st Floor, 2/2 Unobstructed Ocean View Condo!",ERA Fernandina Beach Realty,,64358,65906,990.12,46.43,228,2,2,6,true,false,false,true,true,false,true,Home/Apartment,Condominium (condo),Apt/Condo/Loft,5,1,1,21+,Luxury,false,534,true,65,10,2025-11-05,Amelia/St. Simons/Jekyll Islands,Fernandina Beach,Fernandina Beach,Florida,32034,United States,coastal,https://www.airbnb.com/rooms/35031261,https://a0.muscache.com/im/pictures/prohost-api/Hosting-35031261/original/27eade95-100f-477c-97f7-79a9e089dcd4.jpeg,35031261,,30.61973,-81.44185,"=AVERAGE($G$2:$G$1001)","=AVERAGE($D$2:$D$1001)","=IFERROR(($AT184-G184)/$AT184,0)","=IFERROR(($AU184-D184)/$AU184,0)","=$AU184-D184"
Oceanfront Condo with Pool and Direct Beach Access,Hodnett Cooper Vacation Rentals,,63950,77081,423.51,74.75,202,2,2,6,true,false,false,true,true,false,true,Home/Apartment,Condominium (condo),Apt/Condo/Loft,4.5,2,3,21+,Luxury,true,380,true,151,32,2026-05-11,Amelia/St. Simons/Jekyll Islands,Saint Simons Island,Saint Simons Island,Georgia,31522,United States,coastal,https://www.airbnb.com/rooms/1173355315457918787,https://a0.muscache.com/im/pictures/prohost-api/Hosting-1173355315457918787/original/fae28049-770e-4d15-af31-51491172ed57.jpeg,1173355315457918787,4024650,31.13947,-81.38387,"=AVERAGE($G$2:$G$1001)","=AVERAGE($D$2:$D$1001)","=IFERROR(($AT185-G185)/$AT185,0)","=IFERROR(($AU185-D185)/$AU185,0)","=$AU185-D185"
Oceanfront Luxury Retreat with Panoramic Views,97038404,,63924,65206,274.35,68.73,343,1,1,2,true,false,false,true,true,false,true,Home/Apartment,Condominium (condo),Apt/Condo/Loft,5,151,3,2-5,Luxury,true,178,true,233,47,2026-05-17,Amelia/St. Simons/Jekyll Islands,Fernandina Beach,Fernandina Beach,Florida,32034,United States,coastal,https://www.airbnb.com/rooms/53271809,https://a0.muscache.com/im/pictures/miso/Hosting-53271809/original/9d2d386f-3b9e-4aad-8e23-81a46bcf2c4d.jpeg,53271809,2578408,30.58846,-81.44511,"=AVERAGE($G$2:$G$1001)","=AVERAGE($D$2:$D$1001)","=IFERROR(($AT186-G186)/$AT186,0)","=IFERROR(($AU186-D186)/$AU186,0)","=$AU186-D186"
Oceanfront Top Corner Unit w/ Pool & Fishing Pier,477244725,,63922,70297,389.77,66.94,245,2,2,6,true,false,false,true,true,false,true,Home/Apartment,Condominium (condo),Apt/Condo/Loft,5,92,2,1,Luxury,true,175,true,164,36,2026-05-11,Amelia/St. Simons/Jekyll Islands,Fernandina Beach,Fernandina Beach,Florida,32034,United States,coastal,https://www.airbnb.com/rooms/704269887199022187,https://a0.muscache.com/im/pictures/hosting/Hosting-U3RheVN1cHBseUxpc3Rpbmc6NzA0MjY5ODg3MTk5MDIyMTg3/original/5805947d-30de-4280-876a-0c167ace11b9.jpeg,704269887199022187,2893349,30.6211,-81.44,"=AVERAGE($G$2:$G$1001)","=AVERAGE($D$2:$D$1001)","=IFERROR(($AT187-G187)/$AT187,0)","=IFERROR(($AU187-D187)/$AU187,0)","=$AU187-D187"
"Dog friendly, ground floor on Beach",ERA Fernandina Beach Realty,,63709,95997,910.13,54.69,189,2,2,6,true,false,false,true,true,true,false,Home/Apartment,House,House/villa,4.35,15,2,21+,Luxury,false,994,true,70,13,2026-05-13,Amelia/St. Simons/Jekyll Islands,Fernandina Beach,Fernandina Beach,Florida,32034,United States,coastal,https://www.airbnb.com/rooms/35031858,https://a0.muscache.com/im/pictures/prohost-api/Hosting-35031858/original/82428c02-29ad-41d7-b018-960e27c9d300.jpeg,35031858,4702849ha,30.61467,-81.44114,"=AVERAGE($G$2:$G$1001)","=AVERAGE($D$2:$D$1001)","=IFERROR(($AT188-G188)/$AT188,0)","=IFERROR(($AU188-D188)/$AU188,0)","=$AU188-D188"
Oceanside Retreat with Direct Views !,129433058,,63375,68319,264.06,77.42,347,1,1,2,true,false,false,true,true,false,true,Home/Apartment,Apartment,Apt/Condo/Loft,4.9,137,5,2-5,Luxury,false,0,false,240,34,2026-05-17,Amelia/St. Simons/Jekyll Islands,Fernandina Beach,Fernandina Beach,Florida,32034,United States,coastal,https://www.airbnb.com/rooms/1614070753646781883,https://a0.muscache.com/im/pictures/hosting/Hosting-1614070753646781883/original/a79ebe0f-7ddf-4370-8b0f-62d6836678ca.png,1614070753646781883,381686,30.5899,-81.44516,"=AVERAGE($G$2:$G$1001)","=AVERAGE($D$2:$D$1001)","=IFERROR(($AT189-G189)/$AT189,0)","=IFERROR(($AU189-D189)/$AU189,0)","=$AU189-D189"
Beach Condo Miles - Access to Fishing Pier,RedAwning,,63107,179071,1126.91,47.46,208,2,2,6,true,false,false,true,true,false,true,Home/Apartment,Condominium (condo),Apt/Condo/Loft,5,1,2,21+,Luxury,false,845,true,56,11,2026-04-14,Amelia/St. Simons/Jekyll Islands,Fernandina Beach,Fernandina Beach,Florida,32034,United States,coastal,https://www.airbnb.com/rooms/37604586,https://a0.muscache.com/im/pictures/prohost-api/Hosting-37604586/original/94739410-3692-4582-a9f2-ab19e73a7a1e.jpeg,37604586,,30.6203,-81.4408,"=AVERAGE($G$2:$G$1001)","=AVERAGE($D$2:$D$1001)","=IFERROR(($AT190-G190)/$AT190,0)","=IFERROR(($AU190-D190)/$AU190,0)","=$AU190-D190"
Popular Amelia South Panoramic Ocean View Condo,RedAwning,,63085,149737,1261.7,59.52,102,2,2,6,true,false,false,true,true,false,true,Home/Apartment,Condominium (condo),Apt/Condo/Loft,4.8,4,2,21+,Luxury,false,469,true,50,11,2026-04-19,Amelia/St. Simons/Jekyll Islands,Fernandina Beach,Fernandina Beach,Florida,32034,United States,coastal,https://www.airbnb.com/rooms/37603467,https://a0.muscache.com/im/pictures/prohost-api/Hosting-37603467/original/e01f5682-ebf4-45e5-819c-a9be224727d6.jpeg,37603467,4900990ha,30.6196,-81.4401,"=AVERAGE($G$2:$G$1001)","=AVERAGE($D$2:$D$1001)","=IFERROR(($AT191-G191)/$AT191,0)","=IFERROR(($AU191-D191)/$AU191,0)","=$AU191-D191"
1138 Beach Walker,Destination Amelia Vacation Rentals,,63082,65576,453.83,43.57,350,2,2,6,true,false,false,true,true,false,true,Home/Apartment,Condominium (condo),Apt/Condo/Loft,4.9,82,3,21+,Luxury,false,125,true,139,30,2025-10-30,Amelia/St. Simons/Jekyll Islands,Fernandina Beach,Fernandina Beach,Florida,32034,United States,coastal,https://www.airbnb.com/rooms/39132371,"https://a0.muscache.com/im/pictures/2fc6cf11-4696-49df-98e4-90b0f5a8d881.jpg?aki_policy=x_large",39132371,489488,30.551,-81.443,"=AVERAGE($G$2:$G$1001)","=AVERAGE($D$2:$D$1001)","=IFERROR(($AT192-G192)/$AT192,0)","=IFERROR(($AU192-D192)/$AU192,0)","=$AU192-D192"
Amelia South F1 - Hosted by Moore AI Rentals,Moore Amelia Island Rentals,,63067,63803,394.17,56.54,328,2,2,6,false,false,false,true,true,false,true,Home/Apartment,Villa,House/villa,4.95,46,3,21+,Luxury,true,268,true,160,40,2026-05-13,Amelia/St. Simons/Jekyll Islands,Fernandina Beach,Fernandina Beach,Florida,32034,United States,coastal,https://www.airbnb.com/rooms/938316319416874574,https://a0.muscache.com/im/pictures/prohost-api/Hosting-938316319416874574/original/9c57dba1-0a8f-4f75-b269-97e709f8d572.jpeg,938316319416874574,3516159,30.6195,-81.4402,"=AVERAGE($G$2:$G$1001)","=AVERAGE($D$2:$D$1001)","=IFERROR(($AT193-G193)/$AT193,0)","=IFERROR(($AU193-D193)/$AU193,0)","=$AU193-D193"
Beach Club 330 - Beautiful end unit - Ocean Front,Real Escapes,,62931,77029,390.88,69.4,293,2,2,6,true,true,true,true,true,false,true,Home/Apartment,Condominium (condo),Apt/Condo/Loft,4.8,71,1,21+,Luxury,true,223,true,161,33,2026-05-11,Amelia/St. Simons/Jekyll Islands,Saint Simons Island,Saint Simons Island,Georgia,31522,United States,coastal,https://www.airbnb.com/rooms/32016866,https://a0.muscache.com/im/pictures/prohost-api/Hosting-32016866/original/50e1cd73-ecd2-4ad8-a425-026bca138d9f.jpeg,32016866,1316086,31.14297,-81.37676,"=AVERAGE($G$2:$G$1001)","=AVERAGE($D$2:$D$1001)","=IFERROR(($AT194-G194)/$AT194,0)","=IFERROR(($AU194-D194)/$AU194,0)","=$AU194-D194"
Coastal Condo with Ocean Viewing Pleasure,RedAwning,,62809,72585,472.25,68.91,193,2,2,4,true,false,false,true,true,false,true,Home/Apartment,Condominium (condo),Apt/Condo/Loft,0,0,2,21+,Luxury,false,731,true,133,25,2026-04-20,Amelia/St. Simons/Jekyll Islands,Fernandina Beach,Fernandina Beach,Florida,32034,United States,coastal,https://www.airbnb.com/rooms/37603648,https://a0.muscache.com/im/pictures/prohost-api/Hosting-37603648/original/e4f8e98a-443a-4ebb-9ee6-83198fc83737.jpeg,37603648,,30.6621,-81.4319,"=AVERAGE($G$2:$G$1001)","=AVERAGE($D$2:$D$1001)","=IFERROR(($AT195-G195)/$AT195,0)","=IFERROR(($AU195-D195)/$AU195,0)","=$AU195-D195"
NEW PHOTOS! 5th Floor Turtle Dunes Condo with Beautiful Ocean Views,Destination Amelia Vacation Rentals,,62654,85950,513.56,49.19,253,2,2,4,true,false,false,true,true,false,true,Home/Apartment,Condominium (condo),Apt/Condo/Loft,4.9,20,3,21+,Luxury,false,210,true,122,27,2026-05-12,Amelia/St. Simons/Jekyll Islands,Fernandina Beach,Fernandina Beach,Florida,32034,United States,coastal,https://www.vrbo.com/2293307,"https://media.vrbo.com/lodging/68000000/67250000/67247600/67247544/a9561895.jpg?impolicy=resizecrop&rw=1200&ra=fit",,2293307,30.540854,-81.441118,"=AVERAGE($G$2:$G$1001)","=AVERAGE($D$2:$D$1001)","=IFERROR(($AT196-G196)/$AT196,0)","=IFERROR(($AU196-D196)/$AU196,0)","=$AU196-D196"
Sunkissed Escape with spectacular views,495196687,,62328,93032,454.95,62.27,239,2,2,6,true,false,false,true,true,false,true,Home/Apartment,Condominium (condo),Apt/Condo/Loft,5,121,3,6-20,Luxury,true,210,true,137,32,2026-05-11,Amelia/St. Simons/Jekyll Islands,Fernandina Beach,Fernandina Beach,Florida,32034,United States,coastal,https://www.airbnb.com/rooms/1244999666704663639,https://a0.muscache.com/im/pictures/prohost-api/Hosting-1244999666704663639/original/3dbd0254-b66b-47d1-a2de-bcbf0d8fa6e4.jpeg,1244999666704663639,2204357,30.5484,-81.44349,"=AVERAGE($G$2:$G$1001)","=AVERAGE($D$2:$D$1001)","=IFERROR(($AT197-G197)/$AT197,0)","=IFERROR(($AU197-D197)/$AU197,0)","=$AU197-D197"
 King & Prince South Ocean Villa 22,,,61948,76581,452.18,54.8,257,2,2,6,true,true,true,true,true,false,true,Home/Apartment,Condominium (condo),Apt/Condo/Loft,4.9,146,3,1,Luxury,false,150,true,137,38,2026-05-17,Amelia/St. Simons/Jekyll Islands,Saint Simons Island,Saint Simons Island,Georgia,31522,United States,coastal,https://www.vrbo.com/875751,"https://media.vrbo.com/lodging/26000000/25800000/25795200/25795131/56c2f190.jpg?impolicy=resizecrop&rw=1200&ra=fit",,875751,31.138446,-81.380055,"=AVERAGE($G$2:$G$1001)","=AVERAGE($D$2:$D$1001)","=IFERROR(($AT198-G198)/$AT198,0)","=IFERROR(($AU198-D198)/$AU198,0)","=$AU198-D198"
Beachfront | Top Floor | Corner Condo,ERA Fernandina Beach Realty,,61836,116390,824.48,54.35,179,2,2,6,true,false,false,true,true,false,true,Home/Apartment,Condominium (condo),Apt/Condo/Loft,4,3,3,21+,Luxury,false,974,true,75,13,2026-05-13,Amelia/St. Simons/Jekyll Islands,Fernandina Beach,Fernandina Beach,Florida,32034,United States,coastal,https://www.airbnb.com/rooms/46261873,https://a0.muscache.com/im/pictures/prohost-api/Hosting-46261873/original/0eb963bc-130e-4b07-928e-27bd169d4331.jpeg,46261873,9518809ha,30.61984,-81.44077,"=AVERAGE($G$2:$G$1001)","=AVERAGE($D$2:$D$1001)","=IFERROR(($AT199-G199)/$AT199,0)","=IFERROR(($AU199-D199)/$AU199,0)","=$AU199-D199"
Colorful 1st Flr-2Bed/2Bath Ocean View condo,ERA Fernandina Beach Realty,,61667,124767,994.63,55.86,116,2,2,6,true,false,false,true,true,false,true,Home/Apartment,Condominium (condo),Apt/Condo/Loft,5,1,3,21+,Luxury,false,1393,true,62,11,2026-05-13,Amelia/St. Simons/Jekyll Islands,Fernandina Beach,Fernandina Beach,Florida,32034,United States,coastal,https://www.airbnb.com/rooms/35031741,https://a0.muscache.com/im/pictures/prohost-api/Hosting-35031741/original/5c46b3ae-0dd2-485a-b305-97ff5e86c078.jpeg,35031741,,30.61888,-81.44043,"=AVERAGE($G$2:$G$1001)","=AVERAGE($D$2:$D$1001)","=IFERROR(($AT200-G200)/$AT200,0)","=IFERROR(($AU200-D200)/$AU200,0)","=$AU200-D200"
Oceanfront townhouse on south end,ERA Fernandina Beach Realty,,61512,113250,750.15,73.87,183,2,2,6,true,false,false,true,true,false,true,Home/Apartment,Townhouse,Apt/Condo/Loft,4.35,3,2,21+,Luxury,false,1428,true,82,17,2026-05-13,Amelia/St. Simons/Jekyll Islands,Fernandina Beach,Fernandina Beach,Florida,32034,United States,coastal,https://www.airbnb.com/rooms/35031183,https://a0.muscache.com/im/pictures/prohost-api/Hosting-35031183/original/7fbf75ae-81da-4555-82ed-2ed250e4e47f.jpeg,35031183,,30.60027,-81.44323,"=AVERAGE($G$2:$G$1001)","=AVERAGE($D$2:$D$1001)","=IFERROR(($AT201-G201)/$AT201,0)","=IFERROR(($AU201-D201)/$AU201,0)","=$AU201-D201"
Luxury 5th Floor Oceanfront Condo next to Ritz Carlton!,,,61356,90144,483.12,61.95,220,2,2,6,true,false,true,true,true,false,true,Home/Apartment,Condominium (condo),Apt/Condo/Loft,5,76,3,1,Luxury,false,150,true,127,23,2026-05-17,Amelia/St. Simons/Jekyll Islands,Fernandina Beach,Fernandina Beach,Florida,32034,United States,coastal,https://www.vrbo.com/2027028,"https://media.vrbo.com/lodging/57000000/56950000/56947600/56947509/a255517e.jpg?impolicy=resizecrop&rw=1200&ra=fit",,2027028,30.59248,-81.44406,"=AVERAGE($G$2:$G$1001)","=AVERAGE($D$2:$D$1001)","=IFERROR(($AT202-G202)/$AT202,0)","=IFERROR(($AU202-D202)/$AU202,0)","=$AU202-D202"
Largest 1 Bed 2 bath in Amelia Surf & Racquet Club,298585964,,61230,85070,270.93,89.33,254,1,2,4,true,false,false,true,true,false,true,Home/Apartment,Apartment,Apt/Condo/Loft,4.9,58,3,2-5,Luxury,true,150,true,226,38,2026-05-11,Amelia/St. Simons/Jekyll Islands,Fernandina Beach,Fernandina Beach,Florida,32034,United States,coastal,https://www.airbnb.com/rooms/879816164366710521,https://a0.muscache.com/im/pictures/miso/Hosting-879816164366710521/original/7a636da1-0714-48d9-ada1-4252a0dd8a89.jpeg,879816164366710521,3450244,30.58817,-81.44458,"=AVERAGE($G$2:$G$1001)","=AVERAGE($D$2:$D$1001)","=IFERROR(($AT203-G203)/$AT203,0)","=IFERROR(($AU203-D203)/$AU203,0)","=$AU203-D203"
Amelia Island Oceanfront Retreat,Seahorse Amelia Vacation Rentals,,60987,77889,426.48,46.43,309,1,2,4,true,false,false,true,true,false,true,Home/Apartment,Condominium (condo),Apt/Condo/Loft,4.9,127,1,21+,Luxury,true,452,true,143,35,2026-05-11,Amelia/St. Simons/Jekyll Islands,Fernandina Beach,Fernandina Beach,Florida,32034,United States,coastal,https://www.airbnb.com/rooms/38387843,https://a0.muscache.com/im/pictures/prohost-api/Hosting-38387843/original/a8cd90eb-225d-4455-84e4-69112bc8821d.jpeg,38387843,1753085,30.66595,-81.43244,"=AVERAGE($G$2:$G$1001)","=AVERAGE($D$2:$D$1001)","=IFERROR(($AT204-G204)/$AT204,0)","=IFERROR(($AU204-D204)/$AU204,0)","=$AU204-D204"
Condo Featuring Windows Overlooking the Beach,RedAwning,,60532,86439,565.72,89.92,183,2,2,6,true,false,false,true,true,false,true,Home/Apartment,Condominium (condo),Apt/Condo/Loft,4.7,19,2,21+,Luxury,false,450,true,107,16,2026-04-18,Amelia/St. Simons/Jekyll Islands,Fernandina Beach,Fernandina Beach,Florida,32034,United States,coastal,https://www.airbnb.com/rooms/40112716,https://a0.muscache.com/im/pictures/prohost-api/Hosting-40112716/original/31397645-11ea-4236-a360-36a6e7dd6ced.jpeg,40112716,4702940ha,30.6621,-81.4319,"=AVERAGE($G$2:$G$1001)","=AVERAGE($D$2:$D$1001)","=IFERROR(($AT205-G205)/$AT205,0)","=IFERROR(($AU205-D205)/$AU205,0)","=$AU205-D205"
1st floor oceanfront condo/Pool/Private Pier,ERA Fernandina Beach Realty,,60476,89479,876.46,41.57,202,2,2,6,true,false,false,true,true,false,true,Home/Apartment,Condominium (condo),Apt/Condo/Loft,3.4,3,2,21+,Luxury,false,1342,true,69,15,2026-05-13,Amelia/St. Simons/Jekyll Islands,Fernandina Beach,Fernandina Beach,Florida,32034,United States,coastal,https://www.airbnb.com/rooms/35031222,https://a0.muscache.com/im/pictures/prohost-api/Hosting-35031222/original/57979378-3445-4828-99d0-fbc6f89e1fc6.jpeg,35031222,4702865ha,30.62026,-81.44104,"=AVERAGE($G$2:$G$1001)","=AVERAGE($D$2:$D$1001)","=IFERROR(($AT206-G206)/$AT206,0)","=IFERROR(($AU206-D206)/$AU206,0)","=$AU206-D206"
Elegant St. Simons Island Honeymoon Beach Cottage,166155345,,60427,61619,305.19,55.31,358,1,1,2,true,false,false,true,true,false,false,Home/Apartment,Cottage,House/villa,4.9,435,1,1,Luxury,false,95,true,198,64,2026-05-11,Amelia/St. Simons/Jekyll Islands,Saint Simons Island,Saint Simons Island,Georgia,31522,United States,coastal,https://www.airbnb.com/rooms/22630377,https://a0.muscache.com/im/pictures/41c180b9-89d1-42c5-8ee1-fe7ee85a297d.jpg,22630377,1114500,31.13654,-81.39913,"=AVERAGE($G$2:$G$1001)","=AVERAGE($D$2:$D$1001)","=IFERROR(($AT207-G207)/$AT207,0)","=IFERROR(($AU207-D207)/$AU207,0)","=$AU207-D207"
5th Floor Oceanfront Condo!,ERA Fernandina Beach Realty,,60320,77348,471.25,58.99,290,2,2,6,true,false,false,true,true,false,true,Home/Apartment,Condominium (condo),Apt/Condo/Loft,4.8,74,3,21+,Luxury,false,503,true,128,22,2026-05-13,Amelia/St. Simons/Jekyll Islands,Fernandina Beach,Fernandina Beach,Florida,32034,United States,coastal,https://www.airbnb.com/rooms/35031843,https://a0.muscache.com/im/pictures/prohost-api/Hosting-35031843/original/2f6384dd-752b-470e-8bc9-657f27d074d8.jpeg,35031843,7005639ha,30.6219,-81.43881,"=AVERAGE($G$2:$G$1001)","=AVERAGE($D$2:$D$1001)","=IFERROR(($AT208-G208)/$AT208,0)","=IFERROR(($AU208-D208)/$AU208,0)","=$AU208-D208"
Private Coastal Oceanfront Condo,262106339,,60193,61848,349.96,55.66,349,2,2,6,true,false,false,true,true,false,true,Home/Apartment,Condominium (condo),Apt/Condo/Loft,4.9,33,3,1,Luxury,true,150,false,172,34,2026-05-13,Amelia/St. Simons/Jekyll Islands,Fernandina Beach,Fernandina Beach,Florida,32034,United States,coastal,https://www.airbnb.com/rooms/1327871513805112099,"https://a0.muscache.com/im/pictures/hosting/Hosting-U3RheVN1cHBseUxpc3Rpbmc6MTMyNzg3MTUxMzgwNTExMjA5OQ==/original/6206f4d9-cbd0-41ef-b8ff-3012e3f6cb5d.jpeg",1327871513805112099,4384797,30.6214,-81.44,"=AVERAGE($G$2:$G$1001)","=AVERAGE($D$2:$D$1001)","=IFERROR(($AT209-G209)/$AT209,0)","=IFERROR(($AU209-D209)/$AU209,0)","=$AU209-D209"
Renovated Oceanfront Condo with Ground-Level Patio on Amelia Island,Destination Amelia Vacation Rentals,,60149,91303,572.85,73.94,148,2,2,4,true,false,false,true,true,true,true,Home/Apartment,Condominium (condo),Apt/Condo/Loft,4.8,21,3,21+,Luxury,false,236,true,105,18,2026-05-15,Amelia/St. Simons/Jekyll Islands,Fernandina Beach,Fernandina Beach,Florida,32034,United States,coastal,https://www.vrbo.com/2217120,"https://media.vrbo.com/lodging/65000000/64710000/64706300/64706295/827e7bc7.jpg?impolicy=resizecrop&rw=1200&ra=fit",,2217120,30.550637,-81.44345,"=AVERAGE($G$2:$G$1001)","=AVERAGE($D$2:$D$1001)","=IFERROR(($AT210-G210)/$AT210,0)","=IFERROR(($AU210-D210)/$AU210,0)","=$AU210-D210"
Endless Ocean Views In S Fletcher Duplex,RedAwning,,59723,84712,702.62,44.74,260,2,1,6,true,false,false,true,true,true,false,Home/Apartment,House,House/villa,3.85,12,2,21+,Luxury,false,671,true,85,21,2026-04-14,Amelia/St. Simons/Jekyll Islands,Fernandina Beach,Fernandina Beach,Florida,32034,United States,coastal,https://www.airbnb.com/rooms/37576555,https://a0.muscache.com/im/pictures/prohost-api/Hosting-37576555/original/010fdf5d-8005-41ee-898d-08e244784ca4.jpeg,37576555,4702835ha,30.6365,-81.4369,"=AVERAGE($G$2:$G$1001)","=AVERAGE($D$2:$D$1001)","=IFERROR(($AT211-G211)/$AT211,0)","=IFERROR(($AU211-D211)/$AU211,0)","=$AU211-D211"
Dog Friendly-Enjoy the Relaxed atmosphere,ERA Fernandina Beach Realty,,59605,66045,655,43.96,269,2,1,6,true,false,false,true,true,true,false,Home/Apartment,House,House/villa,4.5,4,2,21+,Luxury,false,897,true,91,18,2026-05-13,Amelia/St. Simons/Jekyll Islands,Fernandina Beach,Fernandina Beach,Florida,32034,United States,coastal,https://www.airbnb.com/rooms/35031443,https://a0.muscache.com/im/pictures/prohost-api/Hosting-35031443/original/8c585ea5-3088-4ce7-b0d8-689c669072f4.jpeg,35031443,,30.63625,-81.43782,"=AVERAGE($G$2:$G$1001)","=AVERAGE($D$2:$D$1001)","=IFERROR(($AT212-G212)/$AT212,0)","=IFERROR(($AU212-D212)/$AU212,0)","=$AU212-D212"
Oceanview private small complex.,ERA Fernandina Beach Realty,,59283,64585,637.45,52.84,306,2,2,6,true,false,false,true,true,false,true,Home/Apartment,Condominium (condo),Apt/Condo/Loft,5,1,2,21+,Luxury,false,866,true,93,9,2026-05-13,Amelia/St. Simons/Jekyll Islands,Fernandina Beach,Fernandina Beach,Florida,32034,United States,coastal,https://www.airbnb.com/rooms/35031875,https://a0.muscache.com/im/pictures/prohost-api/Hosting-35031875/original/c3872f79-d07f-4935-9acf-70ed21159154.jpeg,35031875,,30.61792,-81.44056,"=AVERAGE($G$2:$G$1001)","=AVERAGE($D$2:$D$1001)","=IFERROR(($AT213-G213)/$AT213,0)","=IFERROR(($AU213-D213)/$AU213,0)","=$AU213-D213"
"Oceanside, Top & Center at Pier Pointe-10% off most of yr for 7 or more nights",,,59210,102051,448.56,82.5,241,2,2,4,true,false,true,true,true,false,true,Home/Apartment,Condominium (condo),Apt/Condo/Loft,5,53,5,1,Luxury,false,125,true,132,24,2026-05-17,Amelia/St. Simons/Jekyll Islands,Saint Simons Island,Saint Simons Island,Georgia,31522,United States,coastal,https://www.vrbo.com/406578,"https://media.vrbo.com/lodging/35000000/34340000/34339100/34339036/fa25cd67.jpg?impolicy=resizecrop&rw=1200&ra=fit",,406578,31.134669,-81.397266,"=AVERAGE($G$2:$G$1001)","=AVERAGE($D$2:$D$1001)","=IFERROR(($AT214-G214)/$AT214,0)","=IFERROR(($AU214-D214)/$AU214,0)","=$AU214-D214"
"
Walk to the beach and Pier  Wrap around porch",,,58803,60232,281.35,59.04,354,1,2,4,true,false,false,true,true,false,false,Home/Apartment,Condominium (condo),Apt/Condo/Loft,5,85,2,1,Luxury,false,100,false,209,80,2026-05-17,Amelia/St. Simons/Jekyll Islands,Saint Simons Island,Saint Simons Island,Georgia,31522,United States,coastal,https://www.vrbo.com/2819758,"https://media.vrbo.com/lodging/79000000/78460000/78455700/78455645/ae8f3622.jpg?impolicy=resizecrop&rw=1200&ra=fit",,2819758,31.1358,-81.3959,"=AVERAGE($G$2:$G$1001)","=AVERAGE($D$2:$D$1001)","=IFERROR(($AT215-G215)/$AT215,0)","=IFERROR(($AU215-D215)/$AU215,0)","=$AU215-D215"
"Beachfront, Pier, Pool, Kitchen, Amelia By The Sea",A1A Beach Vacations,,58712,68031,489.27,51.95,316,2,2,6,true,false,false,true,true,false,true,Home/Apartment,Condominium (condo),Apt/Condo/Loft,4.55,9,3,21+,Luxury,true,375,true,120,23,2026-05-16,Amelia/St. Simons/Jekyll Islands,Fernandina Beach,Fernandina Beach,Florida,32034,United States,coastal,https://www.airbnb.com/rooms/837609917225825776,https://a0.muscache.com/im/pictures/hosting/Hosting-U3RheVN1cHBseUxpc3Rpbmc6ODM3NjA5OTE3MjI1ODI1Nzc2/original/9762274c-23eb-46a0-85b0-241a10e2df57.jpeg,837609917225825776,3860925,30.6211,-81.44,"=AVERAGE($G$2:$G$1001)","=AVERAGE($D$2:$D$1001)","=IFERROR(($AT216-G216)/$AT216,0)","=IFERROR(($AU216-D216)/$AU216,0)","=$AU216-D216"
Sea Point Lodge 208,Emmons Realty Corporation,,58696,69487,441.32,52.99,253,2,,6,true,false,false,true,true,false,true,Home/Apartment,Condominium (condo),Apt/Condo/Loft,4.9,107,2,21+,Luxury,false,441,true,133,35,2026-05-13,Amelia/St. Simons/Jekyll Islands,Saint Simons Island,Saint Simons Island,Georgia,31522,United States,coastal,https://www.airbnb.com/rooms/706495785454504520,https://a0.muscache.com/im/pictures/prohost-api/Hosting-706495785454504520/original/de120593-4159-4d75-aa30-6c6e999bd163.jpeg,706495785454504520,1293200,31.1355,-81.3871,"=AVERAGE($G$2:$G$1001)","=AVERAGE($D$2:$D$1001)","=IFERROR(($AT217-G217)/$AT217,0)","=IFERROR(($AU217-D217)/$AU217,0)","=$AU217-D217"
"Luxury 2 bedroom, 2 bathrooms, oceanfront condo",Amelia Island Rentals,,58592,92429,547.59,69.48,234,2,2,4,true,false,false,true,true,false,true,Home/Apartment,Condominium (condo),Apt/Condo/Loft,4.85,13,3,21+,Luxury,false,222,false,107,20,2026-05-16,Amelia/St. Simons/Jekyll Islands,Fernandina Beach,Fernandina Beach,Florida,32034,United States,coastal,https://www.airbnb.com/rooms/1049196189905187579,https://a0.muscache.com/im/pictures/prohost-api/Hosting-1049196189905187579/original/412538dc-a715-4bb5-a1b8-40a5e86525df.jpeg,1049196189905187579,3768087,30.59082,-81.44346,"=AVERAGE($G$2:$G$1001)","=AVERAGE($D$2:$D$1001)","=IFERROR(($AT218-G218)/$AT218,0)","=IFERROR(($AU218-D218)/$AU218,0)","=$AU218-D218"
"Rum Runner's Cabin w/ docks, pool, & firepit",Mountain & Marsh,,58484,59160,408.98,40.28,355,1,1,4,true,false,false,true,true,true,true,Home/Apartment,Cabin,House/villa,5,64,2,6-20,Luxury,true,170,true,143,48,2026-05-13,Amelia/St. Simons/Jekyll Islands,Darien,Darien,Georgia,31305,United States,coastal,https://www.airbnb.com/rooms/50441759,https://a0.muscache.com/im/pictures/prohost-api/Hosting-50441759/original/f0cc0b41-2ce5-4141-aefb-4472989fb277.jpeg,50441759,2126509,31.4219,-81.3938,"=AVERAGE($G$2:$G$1001)","=AVERAGE($D$2:$D$1001)","=IFERROR(($AT219-G219)/$AT219,0)","=IFERROR(($AU219-D219)/$AU219,0)","=$AU219-D219"
B179 High Surf - Amelia Surf & Racquet ~ 7th Floor,Amelia Island Beach Vacations ,,58452,63509,487.1,43.8,313,2,2,6,true,false,false,true,true,false,true,Home/Apartment,Condominium (condo),Apt/Condo/Loft,5,15,3,6-20,Luxury,true,274,true,120,27,2026-05-16,Amelia/St. Simons/Jekyll Islands,Fernandina Beach,Fernandina Beach,Florida,32034,United States,coastal,https://www.airbnb.com/rooms/1379164222555668805,https://a0.muscache.com/im/pictures/prohost-api/Hosting-1379164222555668805/original/a594d6ed-92b8-433b-9c15-833fdc81102b.jpeg,1379164222555668805,4491124,30.5903256058,-81.4463900877,"=AVERAGE($G$2:$G$1001)","=AVERAGE($D$2:$D$1001)","=IFERROR(($AT220-G220)/$AT220,0)","=IFERROR(($AU220-D220)/$AU220,0)","=$AU220-D220"
Direct ocean views overlooking the Atlantic Ocean,Hodnett Cooper Vacation Rentals,,58373,65258,463.28,54.08,250,2,2,6,true,false,false,true,true,false,true,Home/Apartment,Condominium (condo),Apt/Condo/Loft,4.65,39,3,21+,Luxury,true,142,true,126,32,2025-10-07,Amelia/St. Simons/Jekyll Islands,Saint Simons Island,Saint Simons Island,Georgia,31522,United States,coastal,https://www.airbnb.com/rooms/45764604,https://a0.muscache.com/im/pictures/prohost-api/Hosting-45764604/original/bf7d24de-5c16-4ea4-9678-4b8a436eeaa7.jpeg,45764604,1692382,31.13785,-81.37998,"=AVERAGE($G$2:$G$1001)","=AVERAGE($D$2:$D$1001)","=IFERROR(($AT221-G221)/$AT221,0)","=IFERROR(($AU221-D221)/$AU221,0)","=$AU221-D221"
Enjoy Full Resort Access and Ocean Views at KP478.,Hodnett Cooper Vacation Rentals,,58028,74385,439.61,72.13,189,2,2,7,true,false,true,true,true,false,true,Home/Apartment,Condominium (condo),Apt/Condo/Loft,5,14,3,21+,Luxury,true,336,true,132,31,2026-05-11,Amelia/St. Simons/Jekyll Islands,Saint Simons Island,Saint Simons Island,Georgia,31522,United States,coastal,https://www.airbnb.com/rooms/1143616876429469889,https://a0.muscache.com/im/pictures/prohost-api/Hosting-1143616876429469889/original/53eff296-63c3-4226-bf99-110060a4efe2.jpeg,1143616876429469889,3911754,31.13813,-81.37782,"=AVERAGE($G$2:$G$1001)","=AVERAGE($D$2:$D$1001)","=IFERROR(($AT222-G222)/$AT222,0)","=IFERROR(($AU222-D222)/$AU222,0)","=$AU222-D222"
Sea Gate #107,Hodnett Cooper Vacation Rentals,,58013,64163,240.72,78.25,308,1,1,2,true,false,false,true,true,true,true,Home/Apartment,Condominium (condo),Apt/Condo/Loft,4.5,4,2,21+,Luxury,true,100,true,241,28,2026-05-16,Amelia/St. Simons/Jekyll Islands,Saint Simons Island,Saint Simons Island,Georgia,31522,United States,coastal,https://www.airbnb.com/rooms/1374066443161704234,https://a0.muscache.com/im/pictures/prohost-api/Hosting-1374066443161704234/original/4d8ba8cb-33dc-4002-8be5-ff3bcd370a90.jpeg,1374066443161704234,4428517,31.1366650413,-81.3848969265,"=AVERAGE($G$2:$G$1001)","=AVERAGE($D$2:$D$1001)","=IFERROR(($AT223-G223)/$AT223,0)","=IFERROR(($AU223-D223)/$AU223,0)","=$AU223-D223"
"Morning Tide: Oceanfront Bliss, Endless Views",Stay Better Vacations,,57983,60422,287.04,58.21,349,1,1,2,true,false,false,true,true,false,true,Home/Apartment,Condominium (condo),Apt/Condo/Loft,4.85,62,4,21+,Luxury,true,150,false,202,50,2026-05-11,Amelia/St. Simons/Jekyll Islands,Fernandina Beach,Fernandina Beach,Florida,32034,United States,coastal,https://www.airbnb.com/rooms/749944277411953660,https://a0.muscache.com/im/pictures/prohost-api/Hosting-749944277411953660/original/2e909482-19a8-4062-afc5-c1d769bce172.jpeg,749944277411953660,3089046,30.5892,-81.4442,"=AVERAGE($G$2:$G$1001)","=AVERAGE($D$2:$D$1001)","=IFERROR(($AT224-G224)/$AT224,0)","=IFERROR(($AU224-D224)/$AU224,0)","=$AU224-D224"
NEW LISTING! 3rd Floor Oceanfront Sea Dunes Villa,Destination Amelia Vacation Rentals,,57746,93606,539.68,49.54,254,2,2,4,true,true,false,true,true,false,true,Home/Apartment,Condominium (condo),Apt/Condo/Loft,5,1,3,21+,Luxury,false,210,true,107,23,2026-05-15,Amelia/St. Simons/Jekyll Islands,Fernandina Beach,Fernandina Beach,Florida,32034,United States,coastal,https://www.vrbo.com/3959229,"https://media.vrbo.com/lodging/105000000/104150000/104147600/104147522/16aa7416.jpg?impolicy=resizecrop&rw=1200&ra=fit",,3959229,30.543129,-81.441672,"=AVERAGE($G$2:$G$1001)","=AVERAGE($D$2:$D$1001)","=IFERROR(($AT225-G225)/$AT225,0)","=IFERROR(($AU225-D225)/$AU225,0)","=$AU225-D225"
Dual Suites & Ocean Views at Sandcastles Villas,Vacasa,,57421,74493,401.55,73.71,320,2,2,8,true,false,false,true,true,false,true,Home/Apartment,House,House/villa,0,0,2,21+,Luxury,false,249,true,143,43,2026-05-14,Amelia/St. Simons/Jekyll Islands,Fernandina Beach,Fernandina Beach,Florida,32034,United States,coastal,https://www.airbnb.com/rooms/1355302538072163950,https://a0.muscache.com/im/pictures/prohost-api/Hosting-1355302538072163950/original/57a0f128-e55f-4e2b-84e6-34bf26f5758c.jpeg,1355302538072163950,,30.5587959705,-81.4432310107,"=AVERAGE($G$2:$G$1001)","=AVERAGE($D$2:$D$1001)","=IFERROR(($AT226-G226)/$AT226,0)","=IFERROR(($AU226-D226)/$AU226,0)","=$AU226-D226"
214 3rd Floor Oceanfront deck and pool.,ERA Fernandina Beach Realty,,57130,71299,468.28,51.26,262,2,2,6,true,false,false,true,true,false,true,Home/Apartment,Condominium (condo),Apt/Condo/Loft,5,2,2,21+,Luxury,false,520,true,122,28,2026-05-14,Amelia/St. Simons/Jekyll Islands,Fernandina Beach,Fernandina Beach,Florida,32034,United States,coastal,https://www.airbnb.com/rooms/35031459,https://a0.muscache.com/im/pictures/prohost-api/Hosting-35031459/original/4d2fa413-ae65-4043-a4ec-ffa73c4e268f.jpeg,35031459,,30.6612,-81.43161,"=AVERAGE($G$2:$G$1001)","=AVERAGE($D$2:$D$1001)","=IFERROR(($AT227-G227)/$AT227,0)","=IFERROR(($AU227-D227)/$AU227,0)","=$AU227-D227"
Updated Oceanfront Turtle Dunes Villa!,Destination Amelia,,57003,61085,487.21,51.32,326,2,2,4,true,false,false,true,true,false,true,Home/Apartment,Condominium (condo),Apt/Condo/Loft,4.95,9,3,21+,Luxury,true,250,false,117,25,2026-05-17,Amelia/St. Simons/Jekyll Islands,Fernandina Beach,Fernandina Beach,Florida,32034,United States,coastal,https://www.airbnb.com/rooms/1603864676689624692,https://a0.muscache.com/im/pictures/prohost-api/Hosting-1603864676689624692/original/7c3475a1-8251-4f5d-8e32-37a05a2fc5a9.jpeg,1603864676689624692,2955029,30.54179,-81.4421,"=AVERAGE($G$2:$G$1001)","=AVERAGE($D$2:$D$1001)","=IFERROR(($AT228-G228)/$AT228,0)","=IFERROR(($AU228-D228)/$AU228,0)","=$AU228-D228"
Book 4 Spring Break! Luxury Oceanfront Sailmaker,79556360,,56980,60262,459.52,44.44,337,2,2,5,true,false,false,true,true,false,true,Home/Apartment,Condominium (condo),Apt/Condo/Loft,5,187,3,2-5,Luxury,false,216,false,124,30,2026-05-13,Amelia/St. Simons/Jekyll Islands,Fernandina Beach,Fernandina Beach,Florida,32034,United States,coastal,https://www.airbnb.com/rooms/13674096,https://a0.muscache.com/im/pictures/51a823a1-2d28-4876-9aad-6f17fcc2f7db.jpg,13674096,819331,30.58539,-81.44429,"=AVERAGE($G$2:$G$1001)","=AVERAGE($D$2:$D$1001)","=IFERROR(($AT229-G229)/$AT229,0)","=IFERROR(($AU229-D229)/$AU229,0)","=$AU229-D229"
Spectacular Ocean Front Condo on the Omni Plantation,,,56414,86732,499.24,59.16,205,2,2,6,true,false,false,true,true,false,true,Home/Apartment,Condominium (condo),Apt/Condo/Loft,5,101,3,1,Luxury,false,294,true,113,27,2026-05-14,Amelia/St. Simons/Jekyll Islands,Fernandina Beach,Fernandina Beach,Florida,32034,United States,coastal,https://www.vrbo.com/3843515,"https://media.vrbo.com/lodging/103000000/102200000/102193000/102192985/b8c47ecd.jpg?impolicy=resizecrop&rw=1200&ra=fit",,3843515,30.542145,-81.441555,"=AVERAGE($G$2:$G$1001)","=AVERAGE($D$2:$D$1001)","=IFERROR(($AT230-G230)/$AT230,0)","=IFERROR(($AU230-D230)/$AU230,0)","=$AU230-D230"
1st Floor Queen - operated by Williams House B&B,559850404,,56344,59229,345.67,47.25,345,1,1,2,true,false,false,false,true,false,false,Private Room,Bed & Breakfast,B&B,5,7,1,2-5,Luxury,false,61,true,163,67,2026-05-11,Amelia/St. Simons/Jekyll Islands,Fernandina Beach,Fernandina Beach,Florida,32034,United States,coastal,https://www.airbnb.com/rooms/1084112654583144469,https://a0.muscache.com/im/pictures/miso/Hosting-1084112654583144469/original/33f89231-774d-44da-b516-c519202ceb5c.jpeg,1084112654583144469,,30.67018,-81.45736,"=AVERAGE($G$2:$G$1001)","=AVERAGE($D$2:$D$1001)","=IFERROR(($AT231-G231)/$AT231,0)","=IFERROR(($AU231-D231)/$AU231,0)","=$AU231-D231"
Oceanfront | Large Covered Balcony | Second Floor Ocean Place | Walk to the Ritz Carlton,Amelia Island Getaways,,55991,72230,380.89,62.29,290,2,2,4,true,false,false,true,true,false,true,Home/Apartment,Condominium (condo),Apt/Condo/Loft,5,3,3,21+,Luxury,false,162,true,147,31,2026-05-15,Amelia/St. Simons/Jekyll Islands,Fernandina Beach,Fernandina Beach,Florida,32034,United States,coastal,https://www.vrbo.com/3995189,"https://media.vrbo.com/lodging/105000000/104930000/104928700/104928648/126458d8.jpg?impolicy=resizecrop&rw=1200&ra=fit",,3995189,30.592423,-81.444313,"=AVERAGE($G$2:$G$1001)","=AVERAGE($D$2:$D$1001)","=IFERROR(($AT232-G232)/$AT232,0)","=IFERROR(($AU232-D232)/$AU232,0)","=$AU232-D232"
Ocean View,158830786,,55429,69490,270.39,66.78,309,1,2,6,true,false,false,true,true,false,true,Home/Apartment,Condominium (condo),Apt/Condo/Loft,5,207,3,6-20,Luxury,false,150,true,205,32,2026-05-13,Amelia/St. Simons/Jekyll Islands,Fernandina Beach,Fernandina Beach,Florida,32034,United States,coastal,https://www.airbnb.com/rooms/21851783,https://a0.muscache.com/im/pictures/47a9189a-f5f5-4828-a68c-4a90c1c8e118.jpg,21851783,994465ha,30.6661,-81.43181,"=AVERAGE($G$2:$G$1001)","=AVERAGE($D$2:$D$1001)","=IFERROR(($AT233-G233)/$AT233,0)","=IFERROR(($AU233-D233)/$AU233,0)","=$AU233-D233"
Sea Dunes - Oceanfront Oasis on AIP Resort,Destination Amelia,,55337,78972,485.41,46.72,245,2,2,4,true,false,false,true,true,false,true,Home/Apartment,Condominium (condo),Apt/Condo/Loft,5,61,6,21+,Luxury,true,252,false,114,21,2026-05-16,Amelia/St. Simons/Jekyll Islands,Fernandina Beach,Fernandina Beach,Florida,32034,United States,coastal,https://www.airbnb.com/rooms/1339308177633651118,https://a0.muscache.com/im/pictures/prohost-api/Hosting-1339308177633651118/original/3cfa5656-eba7-4520-952b-ef44d6c8d642.jpeg,1339308177633651118,1852345,30.5460429184,-81.4442232971,"=AVERAGE($G$2:$G$1001)","=AVERAGE($D$2:$D$1001)","=IFERROR(($AT234-G234)/$AT234,0)","=IFERROR(($AU234-D234)/$AU234,0)","=$AU234-D234"
208 Sailmaker - Amelia Sunrise,Amelia Island Beach Vacations ,,55268,77359,375.97,78.19,240,2,2,6,true,false,false,true,true,true,true,Home/Apartment,Condominium (condo),Apt/Condo/Loft,4.9,10,3,6-20,Luxury,true,310,true,147,27,2026-05-14,Amelia/St. Simons/Jekyll Islands,Fernandina Beach,Fernandina Beach,Florida,32034,United States,coastal,https://www.airbnb.com/rooms/1383570765192923385,https://a0.muscache.com/im/pictures/prohost-api/Hosting-1383570765192923385/original/ab2bff97-c315-4620-aa0e-df1b796f7c51.jpeg,1383570765192923385,4501418,30.5844,-81.4445,"=AVERAGE($G$2:$G$1001)","=AVERAGE($D$2:$D$1001)","=IFERROR(($AT235-G235)/$AT235,0)","=IFERROR(($AU235-D235)/$AU235,0)","=$AU235-D235"
2BR condo with pool access,Vacasa,,55204,70747,408.92,85.99,163,2,2,6,true,false,false,true,true,true,true,Home/Apartment,Condominium (condo),Apt/Condo/Loft,5,2,2,21+,Luxury,false,160,true,135,33,2025-02-11,Amelia/St. Simons/Jekyll Islands,Fernandina Beach,Fernandina Beach,Florida,32034,United States,coastal,https://www.airbnb.com/rooms/1188680903446622381,https://a0.muscache.com/im/pictures/prohost-api/Hosting-1188680903446622381/original/cbf2c80e-b954-40d4-bc6b-5443501d4fe7.jpeg,1188680903446622381,4864421,30.55887,-81.44373,"=AVERAGE($G$2:$G$1001)","=AVERAGE($D$2:$D$1001)","=IFERROR(($AT236-G236)/$AT236,0)","=IFERROR(($AU236-D236)/$AU236,0)","=$AU236-D236"
314 - Top floor Oceanfront condo.,ERA Fernandina Beach Realty,,54969,78864,508.97,87.1,189,2,2,6,true,false,false,true,true,false,true,Home/Apartment,Condominium (condo),Apt/Condo/Loft,5,2,2,21+,Luxury,false,520,true,108,16,2026-05-14,Amelia/St. Simons/Jekyll Islands,Fernandina Beach,Fernandina Beach,Florida,32034,United States,coastal,https://www.airbnb.com/rooms/35031254,https://a0.muscache.com/im/pictures/prohost-api/Hosting-35031254/original/7d552408-05f2-401b-a758-9abfd163a7ee.jpeg,35031254,,30.66112,-81.43132,"=AVERAGE($G$2:$G$1001)","=AVERAGE($D$2:$D$1001)","=IFERROR(($AT237-G237)/$AT237,0)","=IFERROR(($AU237-D237)/$AU237,0)","=$AU237-D237"
Beachcomber A,222890482,,54878,55170,296.64,58.18,363,1,1,5,true,false,false,true,true,true,false,Home/Apartment,Cottage,House/villa,4.85,24,7,2-5,Luxury,false,250,false,185,22,2026-05-17,Amelia/St. Simons/Jekyll Islands,Fernandina Beach,Fernandina Beach,Florida,32034,United States,coastal,https://www.airbnb.com/rooms/29611062,https://a0.muscache.com/im/pictures/8c8b9c2c-9ec6-4008-88ef-f9db62e48e59.jpg,29611062,,30.66186,-81.43248,"=AVERAGE($G$2:$G$1001)","=AVERAGE($D$2:$D$1001)","=IFERROR(($AT238-G238)/$AT238,0)","=IFERROR(($AU238-D238)/$AU238,0)","=$AU238-D238"
2nd Floor Queen - operated by Williams House B&B,559850404,,54774,61986,351.12,48.75,320,1,1,2,true,false,false,false,true,false,false,Private Room,Bed & Breakfast,B&B,5,1,1,2-5,Luxury,false,61,true,156,66,2026-05-11,Amelia/St. Simons/Jekyll Islands,Fernandina Beach,Fernandina Beach,Florida,32034,United States,coastal,https://www.airbnb.com/rooms/1084165290058089700,https://a0.muscache.com/im/pictures/miso/Hosting-1084165290058089700/original/3d313c61-c9ff-4bbb-a631-1e6d1236e7dc.jpeg,1084165290058089700,,30.67017,-81.45754,"=AVERAGE($G$2:$G$1001)","=AVERAGE($D$2:$D$1001)","=IFERROR(($AT239-G239)/$AT239,0)","=IFERROR(($AU239-D239)/$AU239,0)","=$AU239-D239"
Stunning First-Floor Turtle Dunes Villa! Just Steps from Pool and Ocean!,Destination Amelia Vacation Rentals,,54660,114464,621.14,46.56,200,2,2,5,true,false,false,true,true,true,true,Home/Apartment,Condominium (condo),Apt/Condo/Loft,5,75,3,21+,Luxury,false,70,true,88,18,2026-05-16,Amelia/St. Simons/Jekyll Islands,Fernandina Beach,Fernandina Beach,Florida,32034,United States,coastal,https://www.vrbo.com/484607,"https://media.vrbo.com/lodging/35000000/34580000/34578800/34578730/f04a0560.jpg?impolicy=resizecrop&rw=1200&ra=fit",,484607,30.539665,-81.441097,"=AVERAGE($G$2:$G$1001)","=AVERAGE($D$2:$D$1001)","=IFERROR(($AT240-G240)/$AT240,0)","=IFERROR(($AU240-D240)/$AU240,0)","=$AU240-D240"
The Amelia Island Treehouse,598353641,,54446,57260,305.88,51.15,348,1,1,2,true,false,false,false,true,false,false,Home/Apartment,Treehouse,Unique,5,81,2,1,Luxury,true,25,true,178,83,2026-05-11,Amelia/St. Simons/Jekyll Islands,Fernandina Beach,Fernandina Beach,Florida,32034,United States,coastal,https://www.airbnb.com/rooms/1232043630077136404,https://a0.muscache.com/im/pictures/hosting/Hosting-1232043630077136404/original/3ac0be45-7112-4d17-932f-536504225e7b.jpeg,1232043630077136404,4166301,30.63057,-81.46341,"=AVERAGE($G$2:$G$1001)","=AVERAGE($D$2:$D$1001)","=IFERROR(($AT241-G241)/$AT241,0)","=IFERROR(($AU241-D241)/$AU241,0)","=$AU241-D241"
Amelia by the Sea 2 BR  Private Fishing Pier,Seahorse Amelia Vacation Rentals,,54044,73136,500.41,65.06,166,2,2,6,true,false,false,true,true,false,true,Home/Apartment,Condominium (condo),Apt/Condo/Loft,4.6,28,3,21+,Luxury,true,493,true,108,22,2026-05-13,Amelia/St. Simons/Jekyll Islands,Fernandina Beach,Fernandina Beach,Florida,32034,United States,coastal,https://www.airbnb.com/rooms/48647061,https://a0.muscache.com/im/pictures/prohost-api/Hosting-48647061/original/6cd52f2d-07ad-4584-9dc4-341f464f9a8e.jpeg,48647061,2241337,30.62169,-81.43903,"=AVERAGE($G$2:$G$1001)","=AVERAGE($D$2:$D$1001)","=IFERROR(($AT242-G242)/$AT242,0)","=IFERROR(($AU242-D242)/$AU242,0)","=$AU242-D242"
North End Unit W/ Ocean View & Mile of Sandy Beach,RedAwning,,53992,82587,915.12,31.05,235,2,2,4,true,false,false,true,true,false,true,Home/Apartment,Condominium (condo),Apt/Condo/Loft,4.6,5,3,21+,Luxury,false,386,true,59,14,2026-04-15,Amelia/St. Simons/Jekyll Islands,Fernandina Beach,Fernandina Beach,Florida,32034,United States,coastal,https://www.airbnb.com/rooms/37603652,https://a0.muscache.com/im/pictures/prohost-api/Hosting-37603652/original/28c51e17-76d3-4cde-a10c-d192ee5d440e.jpeg,37603652,4702859ha,30.6209,-81.4399,"=AVERAGE($G$2:$G$1001)","=AVERAGE($D$2:$D$1001)","=IFERROR(($AT243-G243)/$AT243,0)","=IFERROR(($AU243-D243)/$AU243,0)","=$AU243-D243"
Rustic Theme Condo with Scenic Ocean View,RedAwning,,53939,67039,567.78,55.88,243,2,2,6,true,false,false,true,true,false,true,Home/Apartment,Condominium (condo),Apt/Condo/Loft,0,10,2,21+,Luxury,false,442,true,95,19,2026-04-25,Amelia/St. Simons/Jekyll Islands,Fernandina Beach,Fernandina Beach,Florida,32034,United States,coastal,https://www.airbnb.com/rooms/40540015,https://a0.muscache.com/im/pictures/prohost-api/Hosting-40540015/original/40abfa8e-8b87-4561-84e9-a31232662ae4.jpeg,40540015,4702933ha,30.6621,-81.4319,"=AVERAGE($G$2:$G$1001)","=AVERAGE($D$2:$D$1001)","=IFERROR(($AT244-G244)/$AT244,0)","=IFERROR(($AU244-D244)/$AU244,0)","=$AU244-D244"
Enchanting Sandcastles Villa-Ocean Front-Amelia,250911649,,53836,59529,363.76,60.91,294,2,2,6,true,false,false,true,true,true,true,Home/Apartment,Condominium (condo),Apt/Condo/Loft,4.8,106,3,6-20,Luxury,true,149,true,148,24,2026-05-16,Amelia/St. Simons/Jekyll Islands,Fernandina Beach,Fernandina Beach,Florida,32034,United States,coastal,https://www.airbnb.com/rooms/44686464,https://a0.muscache.com/im/pictures/a630fe36-eed1-4385-bbbc-8355ba571648.jpg,44686464,2125736,30.55868,-81.44353,"=AVERAGE($G$2:$G$1001)","=AVERAGE($D$2:$D$1001)","=IFERROR(($AT245-G245)/$AT245,0)","=IFERROR(($AU245-D245)/$AU245,0)","=$AU245-D245"
Stunning Villa -2 OCEANFRONT bedrooms each with ensuite baths & private patios!,,,53547,68669,371.85,64.86,248,2,2,6,true,false,false,true,true,false,true,Home/Apartment,Condominium (condo),Apt/Condo/Loft,5,151,3,1,Luxury,false,160,true,144,23,2026-05-14,Amelia/St. Simons/Jekyll Islands,Fernandina Beach,Fernandina Beach,Florida,32034,United States,coastal,https://www.vrbo.com/191569,"https://media.vrbo.com/lodging/31000000/30640000/30633000/30632973/6089bcba.jpg?impolicy=resizecrop&rw=1200&ra=fit",,191569,30.590637,-81.445847,"=AVERAGE($G$2:$G$1001)","=AVERAGE($D$2:$D$1001)","=IFERROR(($AT246-G246)/$AT246,0)","=IFERROR(($AU246-D246)/$AU246,0)","=$AU246-D246"
Renovated luxury condo next door to the Ritz,73232992,,52987,76675,430.79,58.29,273,2,2,7,true,false,false,true,true,false,true,Home/Apartment,Condominium (condo),Apt/Condo/Loft,5,276,7,1,Luxury,false,165,true,123,19,2026-05-11,Amelia/St. Simons/Jekyll Islands,Fernandina Beach,Fernandina Beach,Florida,32034,United States,coastal,https://www.airbnb.com/rooms/13205227,https://a0.muscache.com/im/pictures/de7f81b3-d6b4-4388-9871-f78e86489b79.jpg,13205227,225258,30.59157,-81.44577,"=AVERAGE($G$2:$G$1001)","=AVERAGE($D$2:$D$1001)","=IFERROR(($AT247-G247)/$AT247,0)","=IFERROR(($AU247-D247)/$AU247,0)","=$AU247-D247"
"AIP Resort,LUX Oceanfront,Fully Renovated,",544764926,,52753,75393,443.3,75.32,168,2,2,4,true,false,false,true,true,false,true,Home/Apartment,Apartment,Apt/Condo/Loft,5,56,7,6-20,Luxury,true,230,true,119,22,2025-12-28,Amelia/St. Simons/Jekyll Islands,Fernandina Beach,Fernandina Beach,Florida,32034,United States,coastal,https://www.airbnb.com/rooms/1018801406956123233,https://a0.muscache.com/im/pictures/prohost-api/Hosting-1018801406956123233/original/d9dd6303-7d93-4c5b-87c3-541e14dfb5ce.jpeg,1018801406956123233,3674123,30.54233,-81.44081,"=AVERAGE($G$2:$G$1001)","=AVERAGE($D$2:$D$1001)","=IFERROR(($AT248-G248)/$AT248,0)","=IFERROR(($AU248-D248)/$AU248,0)","=$AU248-D248"
Beachfront Ground-Floor Retreat with Ocean Views,97038404,,52692,52794,260.85,58.55,364,1,1,2,true,false,false,true,true,false,true,Home/Apartment,Condominium (condo),Apt/Condo/Loft,4.9,159,3,2-5,Luxury,true,142,false,202,43,2026-05-17,Amelia/St. Simons/Jekyll Islands,Fernandina Beach,Fernandina Beach,Florida,32034,United States,coastal,https://www.airbnb.com/rooms/46192848,https://a0.muscache.com/im/pictures/e256264b-eced-47bf-b626-a49c8985591b.jpg,46192848,2106981,30.58886,-81.44304,"=AVERAGE($G$2:$G$1001)","=AVERAGE($D$2:$D$1001)","=IFERROR(($AT249-G249)/$AT249,0)","=IFERROR(($AU249-D249)/$AU249,0)","=$AU249-D249"
Updated 5th-Floor Oceanfront 1-Bedroom Condo!,Destination Amelia,,52660,79029,384.38,48.93,280,1,1,2,true,false,false,true,true,false,true,Home/Apartment,Condominium (condo),Apt/Condo/Loft,4.85,33,3,21+,Luxury,true,220,false,137,25,2026-05-16,Amelia/St. Simons/Jekyll Islands,Fernandina Beach,Fernandina Beach,Florida,32034,United States,coastal,https://www.airbnb.com/rooms/1346483011207349305,https://a0.muscache.com/im/pictures/prohost-api/Hosting-1346483011207349305/original/fb350ed2-8f0f-422e-a5ee-cb19ea473bcb.jpeg,1346483011207349305,2385515,30.5580122543,-81.4435464969,"=AVERAGE($G$2:$G$1001)","=AVERAGE($D$2:$D$1001)","=IFERROR(($AT250-G250)/$AT250,0)","=IFERROR(($AU250-D250)/$AU250,0)","=$AU250-D250"
Oceanfront | Penthouse Ocean Place | Fully Renovated | Luxury Furnishings | Near the Ritz Carlton,Amelia Island Getaways,,52450,114245,609.88,39.63,231,2,2,4,true,false,false,true,true,false,true,Home/Apartment,Condominium (condo),Apt/Condo/Loft,5,10,3,21+,Luxury,false,169,true,86,23,2026-05-16,Amelia/St. Simons/Jekyll Islands,Fernandina Beach,Fernandina Beach,Florida,32034,United States,coastal,https://www.vrbo.com/2478393,"https://media.vrbo.com/lodging/72000000/71470000/71467300/71467247/c7ab8470.jpg?impolicy=resizecrop&rw=1200&ra=fit",,2478393,30.591841,-81.444227,"=AVERAGE($G$2:$G$1001)","=AVERAGE($D$2:$D$1001)","=IFERROR(($AT251-G251)/$AT251,0)","=IFERROR(($AU251-D251)/$AU251,0)","=$AU251-D251"
"1410 Windsong - Beautifully updated, 2 Bedroom, Oc",Luxury Rentals of Amelia,,52236,80341,446.46,78,150,2,2,6,true,true,false,true,true,false,true,Home/Apartment,Villa,House/villa,4.8,20,1,21+,Luxury,false,298,true,117,16,2026-05-13,Amelia/St. Simons/Jekyll Islands,Fernandina Beach,Fernandina Beach,Florida,32034,United States,coastal,https://www.airbnb.com/rooms/1106813400193704759,https://a0.muscache.com/im/pictures/prohost-api/Hosting-1106813400193704759/original/8ea14fe9-2f51-4b8f-a0f3-12a7c0f07503.jpeg,1106813400193704759,2204012,30.546,-81.4418,"=AVERAGE($G$2:$G$1001)","=AVERAGE($D$2:$D$1001)","=IFERROR(($AT252-G252)/$AT252,0)","=IFERROR(($AU252-D252)/$AU252,0)","=$AU252-D252"
101 Oceans - 2bed/2bath - Ocean Front,ERA Fernandina Beach Realty,,52209,62934,386.73,70.68,241,2,2,6,true,false,false,true,true,false,true,Home/Apartment,Condominium (condo),Apt/Condo/Loft,4.5,20,2,21+,Luxury,false,410,false,135,22,2026-05-16,Amelia/St. Simons/Jekyll Islands,Fernandina Beach,Fernandina Beach,Florida,32034,United States,coastal,https://www.airbnb.com/rooms/1664572071105740908,https://a0.muscache.com/im/pictures/hosting/Hosting-1664572071105740908/original/70528c87-6f93-4a9c-9546-a0cbe576ef9d.jpeg,1664572071105740908,4702927ha,30.6621,-81.432,"=AVERAGE($G$2:$G$1001)","=AVERAGE($D$2:$D$1001)","=IFERROR(($AT253-G253)/$AT253,0)","=IFERROR(($AU253-D253)/$AU253,0)","=$AU253-D253"
Sea Gate #308,Hodnett Cooper Vacation Rentals,,52094,54798,331.81,47.29,346,1,1,2,true,false,false,true,true,false,true,Home/Apartment,Condominium (condo),Apt/Condo/Loft,5,4,2,21+,Luxury,true,105,true,157,43,2026-05-16,Amelia/St. Simons/Jekyll Islands,Saint Simons Island,Saint Simons Island,Georgia,31522,United States,coastal,https://www.airbnb.com/rooms/1374072895466330142,https://a0.muscache.com/im/pictures/prohost-api/Hosting-1374072895466330142/original/33b13695-0622-4705-9826-dbbd5d6d0780.jpeg,1374072895466330142,4444286,31.1383850195,-81.3834166535,"=AVERAGE($G$2:$G$1001)","=AVERAGE($D$2:$D$1001)","=IFERROR(($AT254-G254)/$AT254,0)","=IFERROR(($AU254-D254)/$AU254,0)","=$AU254-D254"
Oceanfront - Pool - Balcony - 5min walk to Ritz,Miller Rentals,,52059,53600,379.99,44.48,353,2,2,6,true,false,false,true,true,false,true,Home/Apartment,Condominium (condo),Apt/Condo/Loft,4.45,11,3,21+,Luxury,true,340,false,137,25,2026-05-13,Amelia/St. Simons/Jekyll Islands,Fernandina Beach,Fernandina Beach,Florida,32034,United States,coastal,https://www.airbnb.com/rooms/1248650267090395986,https://a0.muscache.com/im/pictures/prohost-api/Hosting-1248650267090395986/original/ec99ce73-58cd-4cdc-a0c6-43bf8b2b616c.jpeg,1248650267090395986,4202462,30.5908519624,-81.4452847628,"=AVERAGE($G$2:$G$1001)","=AVERAGE($D$2:$D$1001)","=IFERROR(($AT255-G255)/$AT255,0)","=IFERROR(($AU255-D255)/$AU255,0)","=$AU255-D255"
Immaculate OCEANFRONT condo steps away from the beach!,,,52010,53782,297.2,49.3,355,1,1,2,true,false,false,true,true,false,true,Home/Apartment,Condominium (condo),Apt/Condo/Loft,5,165,3,1,Luxury,false,85,false,175,49,2026-03-01,Amelia/St. Simons/Jekyll Islands,Fernandina Beach,Fernandina Beach,Florida,32034,United States,coastal,https://www.vrbo.com/1861499,"https://media.vrbo.com/lodging/46000000/45580000/45575700/45575684/c53595f7.jpg?impolicy=resizecrop&rw=1200&ra=fit",,1861499,30.55778,-81.44434,"=AVERAGE($G$2:$G$1001)","=AVERAGE($D$2:$D$1001)","=IFERROR(($AT256-G256)/$AT256,0)","=IFERROR(($AU256-D256)/$AU256,0)","=$AU256-D256"
5th Floor condo and private balcony!,ERA Fernandina Beach Realty,,51935,61987,998.75,29.38,307,2,2,6,true,false,false,true,true,false,true,Home/Apartment,Condominium (condo),Apt/Condo/Loft,4.15,3,2,21+,Luxury,false,748,true,52,12,2026-05-13,Amelia/St. Simons/Jekyll Islands,Fernandina Beach,Fernandina Beach,Florida,32034,United States,coastal,https://www.airbnb.com/rooms/35031180,https://a0.muscache.com/im/pictures/prohost-api/Hosting-35031180/original/ade135e8-a4ad-43d2-a37c-5a86385c0f24.jpeg,35031180,,30.61998,-81.4405,"=AVERAGE($G$2:$G$1001)","=AVERAGE($D$2:$D$1001)","=IFERROR(($AT257-G257)/$AT257,0)","=IFERROR(($AU257-D257)/$AU257,0)","=$AU257-D257"
Oceanfront with breathtaking views - Corner Unit!,ERA Fernandina Beach Realty,,51899,80651,455.25,74.03,186,2,2,6,true,false,false,true,true,false,true,Home/Apartment,Condominium (condo),Apt/Condo/Loft,4.35,3,2,21+,Luxury,false,513,true,114,22,2026-05-14,Amelia/St. Simons/Jekyll Islands,Fernandina Beach,Fernandina Beach,Florida,32034,United States,coastal,https://www.airbnb.com/rooms/35031754,https://a0.muscache.com/im/pictures/prohost-api/Hosting-35031754/original/d857b195-5e51-4f35-a78b-16028a1a42e5.jpeg,35031754,,30.66129,-81.43135,"=AVERAGE($G$2:$G$1001)","=AVERAGE($D$2:$D$1001)","=IFERROR(($AT258-G258)/$AT258,0)","=IFERROR(($AU258-D258)/$AU258,0)","=$AU258-D258"
Good Vibes Condo - King and Prince North Villas,Georgia Coast Realty,,51818,60259,383.84,50,309,2,2,6,true,true,false,true,true,false,true,Home/Apartment,Condominium (condo),Apt/Condo/Loft,4.5,68,3,21+,Luxury,false,191,true,135,32,2026-05-11,Amelia/St. Simons/Jekyll Islands,Saint Simons Island,Saint Simons Island,Georgia,31522,United States,coastal,https://www.airbnb.com/rooms/1050843467730840742,https://a0.muscache.com/im/pictures/prohost-api/Hosting-1050843467730840742/original/d5c8b108-9814-4ab7-a55b-ef6ec1d626d9.jpeg,1050843467730840742,689889,31.14,-81.3783,"=AVERAGE($G$2:$G$1001)","=AVERAGE($D$2:$D$1001)","=IFERROR(($AT259-G259)/$AT259,0)","=IFERROR(($AU259-D259)/$AU259,0)","=$AU259-D259"
Beautifully furnished  Oceanfront Condo!,Hodnett Cooper Vacation Rentals,,51475,68524,476.62,40.6,306,2,2,4,true,false,true,true,true,false,true,Home/Apartment,Condominium (condo),Apt/Condo/Loft,5,12,3,21+,Luxury,true,336,true,108,32,2026-05-13,Amelia/St. Simons/Jekyll Islands,Saint Simons Island,Saint Simons Island,Georgia,31522,United States,coastal,https://www.airbnb.com/rooms/1313723239799860293,https://a0.muscache.com/im/pictures/prohost-api/Hosting-1313723239799860293/original/d881af93-ce20-4cf0-b35a-f519cfa74437.jpeg,1313723239799860293,4300464,31.1389192174,-81.3795554906,"=AVERAGE($G$2:$G$1001)","=AVERAGE($D$2:$D$1001)","=IFERROR(($AT260-G260)/$AT260,0)","=IFERROR(($AU260-D260)/$AU260,0)","=$AU260-D260"
Heated Pool- Coastal Blue Bliss/ Coral Reef,516243727,,51329,55036,407.37,50,344,2,2,6,true,false,false,true,true,true,true,Home/Apartment,House,House/villa,4.95,20,3,2-5,Luxury,true,198,false,126,33,2026-03-17,Amelia/St. Simons/Jekyll Islands,Fernandina Beach,Fernandina Beach,Florida,32034,United States,coastal,https://www.airbnb.com/rooms/898018627388043798,https://a0.muscache.com/im/pictures/hosting/Hosting-U3RheVN1cHBseUxpc3Rpbmc6ODk4MDE4NjI3Mzg4MDQzNzk4/original/804021c2-ab66-4b6a-869f-9a155ac4919e.jpeg,898018627388043798,3432427,30.66181,-81.4316,"=AVERAGE($G$2:$G$1001)","=AVERAGE($D$2:$D$1001)","=IFERROR(($AT261-G261)/$AT261,0)","=IFERROR(($AU261-D261)/$AU261,0)","=$AU261-D261"
Tropical Theme Condo W/ Picturesque Atlantic View,RedAwning,,51288,76978,603.39,49.42,295,2,2,6,true,false,false,true,true,false,true,Home/Apartment,Condominium (condo),Apt/Condo/Loft,4.7,3,2,21+,Luxury,false,518,true,85,16,2026-04-19,Amelia/St. Simons/Jekyll Islands,Fernandina Beach,Fernandina Beach,Florida,32034,United States,coastal,https://www.airbnb.com/rooms/37603556,https://a0.muscache.com/im/pictures/prohost-api/Hosting-37603556/original/bd09d555-1b0f-4f22-9e49-9dbeff972641.jpeg,37603556,4900998ha,30.6196,-81.4401,"=AVERAGE($G$2:$G$1001)","=AVERAGE($D$2:$D$1001)","=IFERROR(($AT262-G262)/$AT262,0)","=IFERROR(($AU262-D262)/$AU262,0)","=$AU262-D262"
Beachfront Delight - King and Prince South Villas,Georgia Coast Realty,,51287,56350,434.64,42.6,332,2,2,6,true,true,false,true,true,false,true,Home/Apartment,Condominium (condo),Apt/Condo/Loft,5,85,3,21+,Luxury,false,190,true,118,28,2026-05-11,Amelia/St. Simons/Jekyll Islands,Saint Simons Island,Saint Simons Island,Georgia,31522,United States,coastal,https://www.airbnb.com/rooms/1050836856247091222,https://a0.muscache.com/im/pictures/prohost-api/Hosting-1050836856247091222/original/fe0b66f5-5c7d-4a3c-81b6-f8c31a971503.jpeg,1050836856247091222,575196,31.1385,-81.3801,"=AVERAGE($G$2:$G$1001)","=AVERAGE($D$2:$D$1001)","=IFERROR(($AT263-G263)/$AT263,0)","=IFERROR(($AU263-D263)/$AU263,0)","=$AU263-D263"
"Ocean Sunrise Amelia Island, FL",Amelia Island Getaways,,51200,52147,262.56,64.78,322,1,1,4,true,false,false,true,true,false,true,Home/Apartment,Condominium (condo),Apt/Condo/Loft,4.9,42,2,21+,Luxury,false,125,true,195,42,2024-09-17,Amelia/St. Simons/Jekyll Islands,Fernandina Beach,Fernandina Beach,Florida,32034,United States,coastal,https://www.airbnb.com/rooms/1167533312441198766,https://a0.muscache.com/im/pictures/miso/Hosting-1167533312441198766/original/4654c147-98cf-472c-8e79-7e9c6c500dac.jpeg,1167533312441198766,4628314,30.5885531087,-81.4446931727,"=AVERAGE($G$2:$G$1001)","=AVERAGE($D$2:$D$1001)","=IFERROR(($AT264-G264)/$AT264,0)","=IFERROR(($AU264-D264)/$AU264,0)","=$AU264-D264"
0.2 miles to Beach! |Retro| Pet Friendly,Covenant Property Management,,51192,61977,284.4,64.52,290,1,1,4,true,false,false,true,true,true,false,Home/Apartment,Townhouse,Apt/Condo/Loft,4.9,33,2,21+,Luxury,true,341,true,180,44,2026-05-11,Amelia/St. Simons/Jekyll Islands,Saint Simons Island,Saint Simons Island,Georgia,31522,United States,coastal,https://www.airbnb.com/rooms/1015944584572679268,https://a0.muscache.com/im/pictures/hosting/Hosting-1015944584572679268/original/11c121a3-ea10-4dbe-99a7-24bb9ce14fe6.jpeg,1015944584572679268,3688787,31.1371,-81.3896,"=AVERAGE($G$2:$G$1001)","=AVERAGE($D$2:$D$1001)","=IFERROR(($AT265-G265)/$AT265,0)","=IFERROR(($AU265-D265)/$AU265,0)","=$AU265-D265"
Decorated Condo for Your Perfect Beach Escape,RedAwning,,50930,70321,585.4,38.5,241,2,2,6,true,false,false,true,true,false,true,Home/Apartment,Condominium (condo),Apt/Condo/Loft,4.9,23,2,21+,Luxury,false,428,true,87,21,2026-04-20,Amelia/St. Simons/Jekyll Islands,Fernandina Beach,Fernandina Beach,Florida,32034,United States,coastal,https://www.airbnb.com/rooms/37603649,https://a0.muscache.com/im/pictures/prohost-api/Hosting-37603649/original/96f9f0d1-5cd0-4fb7-a16a-87d1ba9c7972.jpeg,37603649,4702923ha,30.6621,-81.4319,"=AVERAGE($G$2:$G$1001)","=AVERAGE($D$2:$D$1001)","=IFERROR(($AT266-G266)/$AT266,0)","=IFERROR(($AU266-D266)/$AU266,0)","=$AU266-D266"
Renovated Oceanfront Condo!,ERA Fernandina Beach Realty,,50782,62167,457.5,51.15,327,2,2,6,true,false,false,true,true,false,true,Home/Apartment,Condominium (condo),Apt/Condo/Loft,4.95,29,3,21+,Luxury,false,689,true,111,18,2026-05-13,Amelia/St. Simons/Jekyll Islands,Fernandina Beach,Fernandina Beach,Florida,32034,United States,coastal,https://www.airbnb.com/rooms/35031498,https://a0.muscache.com/im/pictures/prohost-api/Hosting-35031498/original/618680ef-209d-4493-8ec8-c72c4d701147.jpeg,35031498,3771929,30.61876,-81.44085,"=AVERAGE($G$2:$G$1001)","=AVERAGE($D$2:$D$1001)","=IFERROR(($AT267-G267)/$AT267,0)","=IFERROR(($AU267-D267)/$AU267,0)","=$AU267-D267"
307 Oceans of Amelia 2 Bed/2 Bath Oceanfront condo,ERA Fernandina Beach Realty,,50599,61453,418.17,65.76,184,2,2,4,true,false,false,true,true,false,true,Home/Apartment,Condominium (condo),Apt/Condo/Loft,4.6,10,2,21+,Luxury,false,521,true,121,23,2026-05-13,Amelia/St. Simons/Jekyll Islands,Fernandina Beach,Fernandina Beach,Florida,32034,United States,coastal,https://www.airbnb.com/rooms/35031474,https://a0.muscache.com/im/pictures/prohost-api/Hosting-35031474/original/b899551f-d9ab-475c-ba63-0426976fb558.jpeg,35031474,4702937ha,30.66139,-81.43116,"=AVERAGE($G$2:$G$1001)","=AVERAGE($D$2:$D$1001)","=IFERROR(($AT268-G268)/$AT268,0)","=IFERROR(($AU268-D268)/$AU268,0)","=$AU268-D268"
Villa 185 - Annabelle by the Sea,Jekyll Realty,,50473,69142,397.43,73.41,212,2,1,4,true,true,false,true,true,true,true,Home/Apartment,Condominium (condo),Apt/Condo/Loft,4.5,86,3,21+,Luxury,false,280,true,127,28,2025-11-20,Amelia/St. Simons/Jekyll Islands,Jekyll Island,Jekyll Island,Georgia,31527,United States,coastal,https://www.airbnb.com/rooms/857800119466255407,https://a0.muscache.com/im/pictures/prohost-api/Hosting-857800119466255407/original/cdd34eb0-45d3-4a61-9fb0-e00500610d00.jpeg,857800119466255407,625929,31.096764,-81.404244,"=AVERAGE($G$2:$G$1001)","=AVERAGE($D$2:$D$1001)","=IFERROR(($AT269-G269)/$AT269,0)","=IFERROR(($AU269-D269)/$AU269,0)","=$AU269-D269"
Beautiful unit at Amelia By The Sea,ERA Fernandina Beach Realty,,50305,95194,824.67,44.85,179,2,2,8,true,false,false,true,true,false,true,Home/Apartment,Condominium (condo),Apt/Condo/Loft,5,1,2,21+,Luxury,false,1562,true,61,15,2026-05-13,Amelia/St. Simons/Jekyll Islands,Fernandina Beach,Fernandina Beach,Florida,32034,United States,coastal,https://www.airbnb.com/rooms/35031818,https://a0.muscache.com/im/pictures/hosting/Hosting-35031818/original/05d415c2-bcaa-4c09-afdf-84621147bd31.jpeg,35031818,,30.62041,-81.43874,"=AVERAGE($G$2:$G$1001)","=AVERAGE($D$2:$D$1001)","=IFERROR(($AT270-G270)/$AT270,0)","=IFERROR(($AU270-D270)/$AU270,0)","=$AU270-D270"
"204 Oceans of Amelia  2 Bedroom/2 Bath, Oceanfront",ERA Fernandina Beach Realty,,50198,61511,501.98,50.76,291,2,2,6,true,false,false,true,true,false,true,Home/Apartment,Condominium (condo),Apt/Condo/Loft,4.35,9,2,21+,Luxury,false,521,true,100,22,2026-05-14,Amelia/St. Simons/Jekyll Islands,Fernandina Beach,Fernandina Beach,Florida,32034,United States,coastal,https://www.airbnb.com/rooms/35031769,https://a0.muscache.com/im/pictures/prohost-api/Hosting-35031769/original/6188b37b-6c97-4a2a-bb33-65b6c7fbfe71.jpeg,35031769,4702930ha,30.6628,-81.43242,"=AVERAGE($G$2:$G$1001)","=AVERAGE($D$2:$D$1001)","=IFERROR(($AT271-G271)/$AT271,0)","=IFERROR(($AU271-D271)/$AU271,0)","=$AU271-D271"
Stunning Sandcastles Ocean Front-Amelia Plantation,250911649,,50005,50479,306.78,52.58,359,1,1,3,true,false,false,true,true,true,true,Home/Apartment,Condominium (condo),Apt/Condo/Loft,4.95,115,3,6-20,Luxury,true,125,true,163,37,2026-05-11,Amelia/St. Simons/Jekyll Islands,Fernandina Beach,Fernandina Beach,Florida,32034,United States,coastal,https://www.airbnb.com/rooms/47993246,https://a0.muscache.com/im/pictures/706482ca-fa54-4d17-a218-2609d5f70158.jpg,47993246,2232842,30.55814,-81.44448,"=AVERAGE($G$2:$G$1001)","=AVERAGE($D$2:$D$1001)","=IFERROR(($AT272-G272)/$AT272,0)","=IFERROR(($AU272-D272)/$AU272,0)","=$AU272-D272"
Amelia Island Luxury Condo near Ritz Carlton /,Seahorse Amelia Vacation Rentals,,49839,54689,415.32,38.46,317,2,2,4,true,false,false,true,true,false,true,Home/Apartment,Condominium (condo),Apt/Condo/Loft,4.75,4,3,21+,Luxury,true,533,true,120,28,2026-05-13,Amelia/St. Simons/Jekyll Islands,Fernandina Beach,Fernandina Beach,Florida,32034,United States,coastal,https://www.airbnb.com/rooms/1355041585435256085,https://a0.muscache.com/im/pictures/prohost-api/Hosting-1355041585435256085/original/9895adc5-fd0f-4a72-a3c6-791e3c6c9296.jpeg,1355041585435256085,4430972,30.58064,-81.44995,"=AVERAGE($G$2:$G$1001)","=AVERAGE($D$2:$D$1001)","=IFERROR(($AT273-G273)/$AT273,0)","=IFERROR(($AU273-D273)/$AU273,0)","=$AU273-D273"
Great ocean views from living room and the master,Real Escapes,,49713,61700,388.38,49.23,264,2,2,4,true,true,false,true,true,false,true,Home/Apartment,Condominium (condo),Apt/Condo/Loft,4.75,26,3,21+,Luxury,true,241,true,128,28,2026-05-11,Amelia/St. Simons/Jekyll Islands,Saint Simons Island,Saint Simons Island,Georgia,31522,United States,coastal,https://www.airbnb.com/rooms/507084065939113870,https://a0.muscache.com/im/pictures/prohost-api/Hosting-507084065939113870/original/9519fa5c-a14c-4582-93b8-f34a3fe06508.jpeg,507084065939113870,2462167,31.13592,-81.38834,"=AVERAGE($G$2:$G$1001)","=AVERAGE($D$2:$D$1001)","=IFERROR(($AT274-G274)/$AT274,0)","=IFERROR(($AU274-D274)/$AU274,0)","=$AU274-D274"
Relaxed Atmosphere In S Fletcher Duplex,RedAwning,,49592,64174,708.46,44.03,249,2,1,6,true,false,false,true,true,true,false,Home/Apartment,House,House/villa,4.25,23,2,21+,Luxury,false,1348,true,70,14,2026-04-20,Amelia/St. Simons/Jekyll Islands,Fernandina Beach,Fernandina Beach,Florida,32034,United States,coastal,https://www.airbnb.com/rooms/37576632,https://a0.muscache.com/im/pictures/prohost-api/Hosting-37576632/original/d0ba3749-85b0-46c9-8830-65c21d279194.jpeg,37576632,4702836ha,30.6365,-81.4369,"=AVERAGE($G$2:$G$1001)","=AVERAGE($D$2:$D$1001)","=IFERROR(($AT275-G275)/$AT275,0)","=IFERROR(($AU275-D275)/$AU275,0)","=$AU275-D275"
Breathtaking Ocean Views from Turtle Dunes at Amelia Island Plantation!,Destination Amelia Vacation Rentals,,48899,79326,525.8,41.15,251,2,2,4,true,true,false,true,true,false,true,Home/Apartment,Condominium (condo),Apt/Condo/Loft,5,40,3,21+,Luxury,false,210,true,93,21,2026-05-15,Amelia/St. Simons/Jekyll Islands,Fernandina Beach,Fernandina Beach,Florida,32034,United States,coastal,https://www.vrbo.com/1932635,"https://media.vrbo.com/lodging/49000000/48850000/48840800/48840712/79b7f6ea.jpg?impolicy=resizecrop&rw=1200&ra=fit",,1932635,30.540902,-81.441226,"=AVERAGE($G$2:$G$1001)","=AVERAGE($D$2:$D$1001)","=IFERROR(($AT276-G276)/$AT276,0)","=IFERROR(($AU276-D276)/$AU276,0)","=$AU276-D276"
Oceanfront 2 Bedrooom with sleeping loft,Amelia Island Rentals,,48630,65046,517.34,48.21,263,2,2,8,true,false,false,true,true,false,true,Home/Apartment,Condominium (condo),Apt/Condo/Loft,4.6,31,3,21+,Luxury,false,222,false,94,20,2026-05-13,Amelia/St. Simons/Jekyll Islands,Fernandina Beach,Fernandina Beach,Florida,32034,United States,coastal,https://www.airbnb.com/rooms/42564732,https://a0.muscache.com/im/pictures/prohost-api/Hosting-42564732/original/bc8c6f69-becb-460a-bef1-cac6fc743c94.jpeg,42564732,1928957,30.55016,-81.44362,"=AVERAGE($G$2:$G$1001)","=AVERAGE($D$2:$D$1001)","=IFERROR(($AT277-G277)/$AT277,0)","=IFERROR(($AU277-D277)/$AU277,0)","=$AU277-D277"
442 Amelia by the Sea,RedAwning,,48471,146593,1211.78,38.1,162,2,2,8,true,false,false,true,true,false,true,Home/Apartment,Condominium (condo),Apt/Condo/Loft,5,1,2,21+,Luxury,false,2055,true,40,13,2026-04-14,Amelia/St. Simons/Jekyll Islands,Fernandina Beach,Fernandina Beach,Florida,32034,United States,coastal,https://www.airbnb.com/rooms/37603826,https://a0.muscache.com/im/pictures/prohost-api/Hosting-37603826/original/9e17893f-2e17-4019-a8e6-d1527fd88d8f.jpeg,37603826,,30.6209,-81.4399,"=AVERAGE($G$2:$G$1001)","=AVERAGE($D$2:$D$1001)","=IFERROR(($AT278-G278)/$AT278,0)","=IFERROR(($AU278-D278)/$AU278,0)","=$AU278-D278"
"Immaculate, directly oceanfront condo, superbly renovated.",,,48283,66494,478.05,44.49,230,2,2,4,true,false,false,true,true,false,true,Home/Apartment,Condominium (condo),Apt/Condo/Loft,5,230,2,1,Luxury,false,184,true,101,28,2026-05-16,Amelia/St. Simons/Jekyll Islands,Fernandina Beach,Fernandina Beach,Florida,32034,United States,coastal,https://www.vrbo.com/1130206,"https://media.vrbo.com/lodging/20000000/19420000/19417600/19417580/9af83212.jpg?impolicy=resizecrop&rw=1200&ra=fit",,1130206,30.59069,-81.444695,"=AVERAGE($G$2:$G$1001)","=AVERAGE($D$2:$D$1001)","=IFERROR(($AT279-G279)/$AT279,0)","=IFERROR(($AU279-D279)/$AU279,0)","=$AU279-D279"
Seashore Condo-Balcony Overlook Beach & Atlantic,RedAwning,,47913,80621,591.52,41.54,251,2,2,6,true,false,false,true,true,false,true,Home/Apartment,Condominium (condo),Apt/Condo/Loft,4.4,18,2,21+,Luxury,false,418,true,81,15,2026-04-18,Amelia/St. Simons/Jekyll Islands,Fernandina Beach,Fernandina Beach,Florida,32034,United States,coastal,https://www.airbnb.com/rooms/37603593,https://a0.muscache.com/im/pictures/prohost-api/Hosting-37603593/original/8bb511a8-81ea-46e5-aac1-7a492e9d08ed.jpeg,37603593,4702928ha,30.6621,-81.4319,"=AVERAGE($G$2:$G$1001)","=AVERAGE($D$2:$D$1001)","=IFERROR(($AT280-G280)/$AT280,0)","=IFERROR(($AU280-D280)/$AU280,0)","=$AU280-D280"
Sensational Sandcastles Condo/Oceanfront-Amelia,250911649,,47723,52634,336.08,47.18,341,1,1,2,true,false,false,true,true,true,true,Home/Apartment,Condominium (condo),Apt/Condo/Loft,4.9,23,3,6-20,Luxury,true,126,false,142,24,2026-05-16,Amelia/St. Simons/Jekyll Islands,Fernandina Beach,Fernandina Beach,Florida,32034,United States,coastal,https://www.airbnb.com/rooms/49110846,https://a0.muscache.com/im/pictures/3478fb7b-4249-4123-b32b-28de18af81e9.jpg,49110846,,30.55872,-81.44549,"=AVERAGE($G$2:$G$1001)","=AVERAGE($D$2:$D$1001)","=IFERROR(($AT281-G281)/$AT281,0)","=IFERROR(($AU281-D281)/$AU281,0)","=$AU281-D281"
Amelia Island Luxury 2 Bedroom at the Surf &,Seahorse Amelia Vacation Rentals,,47707,52065,445.86,52.2,296,2,2,6,true,false,false,true,true,false,true,Home/Apartment,Condominium (condo),Apt/Condo/Loft,5,10,3,21+,Luxury,true,492,true,107,27,2026-05-17,Amelia/St. Simons/Jekyll Islands,Fernandina Beach,Fernandina Beach,Florida,32034,United States,coastal,https://www.airbnb.com/rooms/1441963144021595641,https://a0.muscache.com/im/pictures/prohost-api/Hosting-1441963144021595641/original/78ed8af7-82f5-41e4-a94b-53632a3a3292.jpeg,1441963144021595641,4643294,30.5895,-81.4441,"=AVERAGE($G$2:$G$1001)","=AVERAGE($D$2:$D$1001)","=IFERROR(($AT282-G282)/$AT282,0)","=IFERROR(($AU282-D282)/$AU282,0)","=$AU282-D282"
2 Bed/2 Bath/3rd floor Oceanfront/balcony pool,ERA Fernandina Beach Realty,,47705,65331,542.1,38.43,244,2,2,6,true,false,false,true,true,false,true,Home/Apartment,Condominium (condo),Apt/Condo/Loft,5,3,2,21+,Luxury,false,528,true,88,21,2026-05-14,Amelia/St. Simons/Jekyll Islands,Fernandina Beach,Fernandina Beach,Florida,32034,United States,coastal,https://www.airbnb.com/rooms/35031872,https://a0.muscache.com/im/pictures/prohost-api/Hosting-35031872/original/668a19a5-9e61-44c9-8914-c733c858d6ea.jpeg,35031872,,30.66192,-81.43265,"=AVERAGE($G$2:$G$1001)","=AVERAGE($D$2:$D$1001)","=IFERROR(($AT283-G283)/$AT283,0)","=IFERROR(($AU283-D283)/$AU283,0)","=$AU283-D283"
WOW* Beach* Pool* Golf Bungalow!,332712305,,47476,53581,412.83,40.21,335,2,2,6,true,false,false,true,true,false,true,Home/Apartment,House,House/villa,5,50,2,1,Luxury,true,165,true,115,31,2026-05-13,Amelia/St. Simons/Jekyll Islands,Fernandina Beach,Fernandina Beach,Florida,32034,United States,coastal,https://www.airbnb.com/rooms/1069783272825494220,https://a0.muscache.com/im/pictures/miso/Hosting-1069783272825494220/original/e8ea639d-51a6-4897-b499-b41c9afe1aea.jpeg,1069783272825494220,3907877,30.5601,-81.454,"=AVERAGE($G$2:$G$1001)","=AVERAGE($D$2:$D$1001)","=IFERROR(($AT284-G284)/$AT284,0)","=IFERROR(($AU284-D284)/$AU284,0)","=$AU284-D284"
Dog Friendly- Enjoy Sun & Endless Ocean Views,ERA Fernandina Beach Realty,,47455,66162,687.75,43.4,252,2,1,6,true,false,false,true,true,true,false,Home/Apartment,House,House/villa,4,3,2,21+,Luxury,false,1250,true,69,16,2026-05-13,Amelia/St. Simons/Jekyll Islands,Fernandina Beach,Fernandina Beach,Florida,32034,United States,coastal,https://www.airbnb.com/rooms/35031489,https://a0.muscache.com/im/pictures/prohost-api/Hosting-35031489/original/12ab09b8-864e-4a42-9f3a-b18c4959be14.jpeg,35031489,,30.63713,-81.43657,"=AVERAGE($G$2:$G$1001)","=AVERAGE($D$2:$D$1001)","=IFERROR(($AT285-G285)/$AT285,0)","=IFERROR(($AU285-D285)/$AU285,0)","=$AU285-D285"
4th Floor Oceanfront Condo in Turtle Dunes!,Destination Amelia Vacation Rentals,,47419,72798,615.83,38.69,237,2,2,4,true,false,false,true,true,true,true,Home/Apartment,Condominium (condo),Apt/Condo/Loft,4.9,53,3,21+,Luxury,false,210,true,77,14,2026-05-12,Amelia/St. Simons/Jekyll Islands,Fernandina Beach,Fernandina Beach,Florida,32034,United States,coastal,https://www.vrbo.com/725727,"https://media.vrbo.com/lodging/34000000/33750000/33740700/33740676/dd883862.jpg?impolicy=resizecrop&rw=1200&ra=fit",,725727,30.540788,-81.441091,"=AVERAGE($G$2:$G$1001)","=AVERAGE($D$2:$D$1001)","=IFERROR(($AT286-G286)/$AT286,0)","=IFERROR(($AU286-D286)/$AU286,0)","=$AU286-D286"
N1 Amelia South,RedAwning,,47374,176950,1579.13,58.82,97,2,2,8,true,false,false,true,true,false,true,Home/Apartment,Apartment,Apt/Condo/Loft,0,0,2,21+,Luxury,false,922,true,30,6,2026-04-14,Amelia/St. Simons/Jekyll Islands,Fernandina Beach,Fernandina Beach,Florida,32034,United States,coastal,https://www.airbnb.com/rooms/864319761028486286,https://a0.muscache.com/im/pictures/prohost-api/Hosting-864319761028486286/original/a083d69d-cef7-4c67-abaa-5d24b8a98440.jpeg,864319761028486286,,30.6195,-81.4402,"=AVERAGE($G$2:$G$1001)","=AVERAGE($D$2:$D$1001)","=IFERROR(($AT287-G287)/$AT287,0)","=IFERROR(($AU287-D287)/$AU287,0)","=$AU287-D287"
Quiet 2nd Floor Beachfront Condo 2bed-2bath,ERA Fernandina Beach Realty,,47122,92818,841.46,41.48,270,2,2,6,true,false,false,true,true,false,true,Home/Apartment,Condominium (condo),Apt/Condo/Loft,3.2,9,3,21+,Luxury,false,692,true,56,9,2026-05-14,Amelia/St. Simons/Jekyll Islands,Fernandina Beach,Fernandina Beach,Florida,32034,United States,coastal,https://www.airbnb.com/rooms/35031893,https://a0.muscache.com/im/pictures/prohost-api/Hosting-35031893/original/f264d6ea-c4d7-42bb-a5c9-15268bc0e27e.jpeg,35031893,4901013ha,30.62072,-81.43901,"=AVERAGE($G$2:$G$1001)","=AVERAGE($D$2:$D$1001)","=IFERROR(($AT288-G288)/$AT288,0)","=IFERROR(($AU288-D288)/$AU288,0)","=$AU288-D288"
"439 Amelia by the Sea, 2 Bedroom Oceanfront with Pool & Pier",A1A Beach Vacations,,47103,53805,452.91,46.64,300,2,2,6,true,false,false,true,true,false,true,Home/Apartment,Condominium (condo),Apt/Condo/Loft,4.5,12,3,21+,Luxury,false,200,true,104,24,2026-05-13,Amelia/St. Simons/Jekyll Islands,Fernandina Beach,Fernandina Beach,Florida,32034,United States,coastal,https://www.vrbo.com/3286217,"https://media.vrbo.com/lodging/92000000/91770000/91769200/91769163/3dee22a1.jpg?impolicy=resizecrop&rw=1200&ra=fit",,3286217,30.62105,-81.440045,"=AVERAGE($G$2:$G$1001)","=AVERAGE($D$2:$D$1001)","=IFERROR(($AT289-G289)/$AT289,0)","=IFERROR(($AU289-D289)/$AU289,0)","=$AU289-D289"
Beach Condo W/ Panoramic Oceanfront View Free Wifi,RedAwning,,46973,63082,565.94,43.68,262,2,2,4,true,false,false,true,true,false,true,Home/Apartment,Condominium (condo),Apt/Condo/Loft,0,0,2,21+,Luxury,false,449,true,83,18,2026-04-14,Amelia/St. Simons/Jekyll Islands,Fernandina Beach,Fernandina Beach,Florida,32034,United States,coastal,https://www.airbnb.com/rooms/37604546,https://a0.muscache.com/im/pictures/prohost-api/Hosting-37604546/original/661a895c-9c34-4395-8e95-5ea8332587fb.jpeg,37604546,,30.6621,-81.4319,"=AVERAGE($G$2:$G$1001)","=AVERAGE($D$2:$D$1001)","=IFERROR(($AT290-G290)/$AT290,0)","=IFERROR(($AU290-D290)/$AU290,0)","=$AU290-D290"
2nd Floor King - operated by Williams House B&B,559850404,,46871,54986,374.97,40.98,305,1,1,2,true,false,false,false,true,false,false,Private Room,Bed & Breakfast,B&B,0,0,1,2-5,Luxury,false,60,true,125,44,2026-05-11,Amelia/St. Simons/Jekyll Islands,Fernandina Beach,Fernandina Beach,Florida,32034,United States,coastal,https://www.airbnb.com/rooms/1082010640477182504,https://a0.muscache.com/im/pictures/miso/Hosting-1082010640477182504/original/8ab8412d-44e5-482b-b383-d7a322e146cf.jpeg,1082010640477182504,,30.6692,-81.4584,"=AVERAGE($G$2:$G$1001)","=AVERAGE($D$2:$D$1001)","=IFERROR(($AT291-G291)/$AT291,0)","=IFERROR(($AU291-D291)/$AU291,0)","=$AU291-D291"
Coastal Charm:Spectacular Oceanfront Sunrise Views,Stay Better Vacations,,46807,61554,351.93,51.15,264,1,2,6,true,false,false,true,true,false,true,Home/Apartment,Condominium (condo),Apt/Condo/Loft,4.85,27,4,21+,Luxury,true,210,false,133,33,2026-05-16,Amelia/St. Simons/Jekyll Islands,Fernandina Beach,Fernandina Beach,Florida,32034,United States,coastal,https://www.airbnb.com/rooms/800555845039223732,https://a0.muscache.com/im/pictures/prohost-api/Hosting-800555845039223732/original/95cb64ae-faf1-4c94-a5d9-21df1b3dd2af.jpeg,800555845039223732,3192150,30.6195,-81.4402,"=AVERAGE($G$2:$G$1001)","=AVERAGE($D$2:$D$1001)","=IFERROR(($AT292-G292)/$AT292,0)","=IFERROR(($AU292-D292)/$AU292,0)","=$AU292-D292"
"BEACH,OCEAN FRONT, Amelia Island FL, 2BR/2BTH ,SEE WAVES CRASHING, PET APPROVAL",Amelia Island Vacation Rentals and Management Services,,46760,74094,584.5,70.8,116,2,2,6,true,false,false,true,true,true,true,Home/Apartment,Condominium (condo),Apt/Condo/Loft,5,21,5,6-20,Luxury,false,350,true,80,13,2026-05-17,Amelia/St. Simons/Jekyll Islands,Fernandina Beach,Fernandina Beach,Florida,32034,United States,coastal,https://www.vrbo.com/2746886,"https://media.vrbo.com/lodging/77000000/76900000/76894800/76894765/649b7a96.jpg?impolicy=resizecrop&rw=1200&ra=fit",,2746886,30.55063,-81.443455,"=AVERAGE($G$2:$G$1001)","=AVERAGE($D$2:$D$1001)","=IFERROR(($AT293-G293)/$AT293,0)","=IFERROR(($AU293-D293)/$AU293,0)","=$AU293-D293"
Sunset Retreat: Coastal Living at Ocean Lodge,Hosteeva,,46732,50345,265.52,53.01,346,1,2,4,true,false,false,true,true,false,false,Home/Apartment,Condominium (condo),Apt/Condo/Loft,3.3,4,2,21+,Luxury,false,75,true,176,65,2026-05-16,Amelia/St. Simons/Jekyll Islands,Saint Simons Island,Saint Simons Island,Georgia,31522,United States,coastal,https://www.vrbo.com/3859232,"https://media.vrbo.com/lodging/103000000/102450000/102443600/102443582/95f834f2.jpg?impolicy=resizecrop&rw=1200&ra=fit",,3859232,31.136665,-81.384491,"=AVERAGE($G$2:$G$1001)","=AVERAGE($D$2:$D$1001)","=IFERROR(($AT294-G294)/$AT294,0)","=IFERROR(($AU294-D294)/$AU294,0)","=$AU294-D294"
Oceanfront Oasis,266617281,,46366,61318,383.19,53.07,228,2,2,4,true,false,false,true,true,false,true,Home/Apartment,Apartment,Apt/Condo/Loft,4.95,25,3,1,Luxury,true,150,false,121,25,2026-05-16,Amelia/St. Simons/Jekyll Islands,Fernandina Beach,Fernandina Beach,Florida,32034,United States,coastal,https://www.airbnb.com/rooms/1205191046559554720,https://a0.muscache.com/im/pictures/miso/Hosting-1205191046559554720/original/54888322-752d-490d-9f98-c7867158e6e2.jpeg,1205191046559554720,,30.66311,-81.43087,"=AVERAGE($G$2:$G$1001)","=AVERAGE($D$2:$D$1001)","=IFERROR(($AT295-G295)/$AT295,0)","=IFERROR(($AU295-D295)/$AU295,0)","=$AU295-D295"
Sea Gate #101,Hodnett Cooper Vacation Rentals,,46353,54242,503.84,34.59,269,1,1,4,true,false,false,true,true,false,true,Home/Apartment,Condominium (condo),Apt/Condo/Loft,5,2,2,21+,Luxury,true,2106,true,92,25,2026-05-14,Amelia/St. Simons/Jekyll Islands,Saint Simons Island,Saint Simons Island,Georgia,31522,United States,coastal,https://www.airbnb.com/rooms/1374062332929752110,https://a0.muscache.com/im/pictures/prohost-api/Hosting-1374062332929752110/original/e56ac9b5-67b7-48f6-bd1b-57ca6d466497.jpeg,1374062332929752110,4548212,31.1384491455,-81.3827437677,"=AVERAGE($G$2:$G$1001)","=AVERAGE($D$2:$D$1001)","=IFERROR(($AT296-G296)/$AT296,0)","=IFERROR(($AU296-D296)/$AU296,0)","=$AU296-D296"
"Bright, Airy Oceanview Condo on Amelia Island!",Destination Amelia,,46347,53293,351.11,46.64,301,1,2,4,true,false,false,true,true,false,true,Home/Apartment,Condominium (condo),Apt/Condo/Loft,5,44,3,21+,Luxury,true,255,false,132,36,2026-05-13,Amelia/St. Simons/Jekyll Islands,Fernandina Beach,Fernandina Beach,Florida,32034,United States,coastal,https://www.airbnb.com/rooms/775382420714208957,https://a0.muscache.com/im/pictures/prohost-api/Hosting-775382420714208957/original/db635dcd-91b6-4c4b-83ec-1d3f2addc2d0.jpeg,775382420714208957,2758645,30.66756,-81.43222,"=AVERAGE($G$2:$G$1001)","=AVERAGE($D$2:$D$1001)","=IFERROR(($AT297-G297)/$AT297,0)","=IFERROR(($AU297-D297)/$AU297,0)","=$AU297-D297"
"Oceanfront Condo, Easy Access to Fishing Pier",RedAwning,,46111,90813,960.65,34.29,176,2,2,6,true,false,false,true,true,false,true,Home/Apartment,Condominium (condo),Apt/Condo/Loft,0,0,2,21+,Luxury,false,812,true,48,11,2026-04-14,Amelia/St. Simons/Jekyll Islands,Fernandina Beach,Fernandina Beach,Florida,32034,United States,coastal,https://www.airbnb.com/rooms/37604525,https://a0.muscache.com/im/pictures/prohost-api/Hosting-37604525/original/ccd14f3e-8611-495e-8642-f9a5605771f4.jpeg,37604525,,30.6209,-81.4399,"=AVERAGE($G$2:$G$1001)","=AVERAGE($D$2:$D$1001)","=IFERROR(($AT298-G298)/$AT298,0)","=IFERROR(($AU298-D298)/$AU298,0)","=$AU298-D298"
Modest Condo with Splendid Sunrise Views,RedAwning,,46097,57231,555.39,56.85,281,2,2,6,true,false,false,true,true,false,true,Home/Apartment,Condominium (condo),Apt/Condo/Loft,1,1,2,21+,Luxury,false,448,true,83,17,2026-04-18,Amelia/St. Simons/Jekyll Islands,Fernandina Beach,Fernandina Beach,Florida,32034,United States,coastal,https://www.airbnb.com/rooms/37603722,https://a0.muscache.com/im/pictures/prohost-api/Hosting-37603722/original/bda7809c-05d3-4020-b7b0-bd3f97d8d1c0.jpeg,37603722,,30.6621,-81.4319,"=AVERAGE($G$2:$G$1001)","=AVERAGE($D$2:$D$1001)","=IFERROR(($AT299-G299)/$AT299,0)","=IFERROR(($AU299-D299)/$AU299,0)","=$AU299-D299"
Upscale Renovations at Oceanfront Beach Walker Villa!,Destination Amelia Vacation Rentals,,45940,56313,696.06,57.89,128,2,2,6,true,true,false,true,true,false,true,Home/Apartment,Condominium (condo),Apt/Condo/Loft,5,4,3,21+,Luxury,false,236,true,66,13,2026-05-16,Amelia/St. Simons/Jekyll Islands,Fernandina Beach,Fernandina Beach,Florida,32034,United States,coastal,https://www.vrbo.com/4151509,"https://media.vrbo.com/lodging/108000000/107910000/107902700/107902627/c292741a.jpg?impolicy=resizecrop&rw=1200&ra=fit",,4151509,30.550599,-81.4435,"=AVERAGE($G$2:$G$1001)","=AVERAGE($D$2:$D$1001)","=IFERROR(($AT300-G300)/$AT300,0)","=IFERROR(($AU300-D300)/$AU300,0)","=$AU300-D300"
"Updated Ocean Front, Corner Condo on Amelia Island",ERA Fernandina Beach Realty,,45729,48792,481.36,57.23,169,1,2,6,true,false,false,true,true,false,true,Home/Apartment,Condominium (condo),Apt/Condo/Loft,5,1,2,21+,Luxury,false,900,true,95,10,2026-05-15,Amelia/St. Simons/Jekyll Islands,Fernandina Beach,Fernandina Beach,Florida,32034,United States,coastal,https://www.airbnb.com/rooms/1522440481974947797,https://a0.muscache.com/im/pictures/prohost-api/Hosting-1522440481974947797/original/4f6d0abf-93ac-44f0-a836-7bb35d01f71c.jpeg,1522440481974947797,20202606ha,30.6189375538,-81.4410638923,"=AVERAGE($G$2:$G$1001)","=AVERAGE($D$2:$D$1001)","=IFERROR(($AT301-G301)/$AT301,0)","=IFERROR(($AU301-D301)/$AU301,0)","=$AU301-D301"
Seaside Splendor:Comfortable Living at Ocean Lodge,Hosteeva,,45686,59362,304.57,72.46,207,1,2,4,true,false,false,true,true,false,false,Home/Apartment,Apartment,Apt/Condo/Loft,5,2,2,21+,Luxury,false,75,true,150,42,2026-05-11,Amelia/St. Simons/Jekyll Islands,Saint Simons Island,Saint Simons Island,Georgia,31522,United States,coastal,https://www.airbnb.com/rooms/1043965189777518165,https://a0.muscache.com/im/pictures/prohost-api/Hosting-1043965189777518165/original/ebe82044-09be-4288-b93d-ff6f38c3ac75.jpeg,1043965189777518165,3859223,31.1367,-81.3845,"=AVERAGE($G$2:$G$1001)","=AVERAGE($D$2:$D$1001)","=IFERROR(($AT302-G302)/$AT302,0)","=IFERROR(($AU302-D302)/$AU302,0)","=$AU302-D302"
"Redefining Comfort: Ocean Lodge, Golden Isles",Hosteeva,,45128,50280,263.91,57.19,330,1,2,4,true,false,false,true,true,false,false,Home/Apartment,Condominium (condo),Apt/Condo/Loft,0,0,2,21+,Luxury,false,75,true,171,55,2026-05-17,Amelia/St. Simons/Jekyll Islands,Saint Simons Island,Saint Simons Island,Georgia,31522,United States,coastal,https://www.vrbo.com/3859233,"https://media.vrbo.com/lodging/103000000/102450000/102443600/102443584/94707154.jpg?impolicy=resizecrop&rw=1200&ra=fit",,3859233,31.136665,-81.384491,"=AVERAGE($G$2:$G$1001)","=AVERAGE($D$2:$D$1001)","=IFERROR(($AT303-G303)/$AT303,0)","=IFERROR(($AU303-D303)/$AU303,0)","=$AU303-D303"
Oceanfront Condo with Oceanfront Swimming Pool,Hodnett Cooper Vacation Rentals,,45089,54758,433.55,38.24,293,2,2,5,true,false,false,true,true,false,true,Home/Apartment,Condominium (condo),Apt/Condo/Loft,4.85,25,3,21+,Luxury,true,332,true,104,28,2026-05-13,Amelia/St. Simons/Jekyll Islands,Saint Simons Island,Saint Simons Island,Georgia,31522,United States,coastal,https://www.airbnb.com/rooms/512878981728251885,https://a0.muscache.com/im/pictures/prohost-api/Hosting-512878981728251885/original/86b03b2a-6f11-48d1-9c60-233403f2c8c9.jpeg,512878981728251885,2173434,31.135,-81.38646,"=AVERAGE($G$2:$G$1001)","=AVERAGE($D$2:$D$1001)","=IFERROR(($AT304-G304)/$AT304,0)","=IFERROR(($AU304-D304)/$AU304,0)","=$AU304-D304"
Beautiful Condo in Oceanfront Community with Pool!,Hodnett Cooper Vacation Rentals,,45020,58861,384.79,45.53,287,2,2,6,true,false,false,true,true,false,true,Home/Apartment,Condominium (condo),Apt/Condo/Loft,5,18,3,21+,Luxury,true,2155,true,117,27,2026-05-05,Amelia/St. Simons/Jekyll Islands,Saint Simons Island,Saint Simons Island,Georgia,31522,United States,coastal,https://www.airbnb.com/rooms/52920069,https://a0.muscache.com/im/pictures/prohost-api/Hosting-52920069/original/33fed66c-d414-40ed-9aa5-63a341b9f28c.jpeg,52920069,2301783,31.13645,-81.38808,"=AVERAGE($G$2:$G$1001)","=AVERAGE($D$2:$D$1001)","=IFERROR(($AT305-G305)/$AT305,0)","=IFERROR(($AU305-D305)/$AU305,0)","=$AU305-D305"
Renovated Seaside Condo with View of the Ocean,RedAwning,,45005,67695,569.68,68.7,164,2,2,6,true,false,false,true,true,false,true,Home/Apartment,Condominium (condo),Apt/Condo/Loft,0,0,2,21+,Luxury,false,448,true,79,18,2026-04-18,Amelia/St. Simons/Jekyll Islands,Fernandina Beach,Fernandina Beach,Florida,32034,United States,coastal,https://www.airbnb.com/rooms/37603546,https://a0.muscache.com/im/pictures/prohost-api/Hosting-37603546/original/281e75be-476d-4bdb-bbd0-ded0603dac91.jpeg,37603546,,30.6621,-81.4319,"=AVERAGE($G$2:$G$1001)","=AVERAGE($D$2:$D$1001)","=IFERROR(($AT306-G306)/$AT306,0)","=IFERROR(($AU306-D306)/$AU306,0)","=$AU306-D306"
Oceanfront - Pool - Short walk to The Ritz,Miller Rentals,,44910,52084,277.22,55.67,335,1,1,2,true,false,false,true,true,false,true,Home/Apartment,Condominium (condo),Apt/Condo/Loft,4.6,18,3,21+,Luxury,true,252,false,162,27,2026-05-11,Amelia/St. Simons/Jekyll Islands,Fernandina Beach,Fernandina Beach,Florida,32034,United States,coastal,https://www.airbnb.com/rooms/1186181354154353431,https://a0.muscache.com/im/pictures/prohost-api/Hosting-1186181354154353431/original/20fa6c16-c313-45bc-8977-54cc5bd6936b.jpeg,1186181354154353431,4071323,30.58826,-81.44389,"=AVERAGE($G$2:$G$1001)","=AVERAGE($D$2:$D$1001)","=IFERROR(($AT307-G307)/$AT307,0)","=IFERROR(($AU307-D307)/$AU307,0)","=$AU307-D307"
Golden Horizons: Timeless Beauty at Ocean Lodge,Hosteeva,,44728,50763,302.22,53.43,322,1,2,4,true,false,false,true,true,false,false,Home/Apartment,Condominium (condo),Apt/Condo/Loft,0,0,2,21+,Luxury,false,75,true,148,53,2026-05-16,Amelia/St. Simons/Jekyll Islands,Saint Simons Island,Saint Simons Island,Georgia,31522,United States,coastal,https://www.vrbo.com/3859230,"https://media.vrbo.com/lodging/103000000/102450000/102443600/102443578/w1005h666x3y3-dc779086.jpg?impolicy=resizecrop&rw=1200&ra=fit",,3859230,31.13666,-81.38449,"=AVERAGE($G$2:$G$1001)","=AVERAGE($D$2:$D$1001)","=IFERROR(($AT308-G308)/$AT308,0)","=IFERROR(($AU308-D308)/$AU308,0)","=$AU308-D308"
Renovated Beach Condo W/ Patio Deck and Ocean View,RedAwning,,44570,62068,968.91,36.51,266,2,2,6,true,false,false,true,true,false,true,Home/Apartment,Condominium (condo),Apt/Condo/Loft,4,11,2,21+,Luxury,false,477,true,46,9,2026-04-15,Amelia/St. Simons/Jekyll Islands,Fernandina Beach,Fernandina Beach,Florida,32034,United States,coastal,https://www.airbnb.com/rooms/615726235160838332,https://a0.muscache.com/im/pictures/prohost-api/Hosting-615726235160838332/original/c09b510d-b970-49be-8672-64609cbf66f1.jpeg,615726235160838332,4746052ha,30.6186,-81.4412,"=AVERAGE($G$2:$G$1001)","=AVERAGE($D$2:$D$1001)","=IFERROR(($AT309-G309)/$AT309,0)","=IFERROR(($AU309-D309)/$AU309,0)","=$AU309-D309"
Sunrise View at Coral Sands,Vacasa,,44391,54893,399.92,44.05,252,1,1,4,true,false,false,true,true,true,false,Home/Apartment,House,House/villa,4.75,55,5,21+,Luxury,false,278,true,111,27,2026-01-22,Amelia/St. Simons/Jekyll Islands,Fernandina Beach,Fernandina Beach,Florida,32034,United States,coastal,https://www.airbnb.com/rooms/1513844694103056646,https://a0.muscache.com/im/pictures/prohost-api/Hosting-1513844694103056646/original/d8a03e99-c2c6-4029-8944-fad27209c335.jpeg,1513844694103056646,3156020,30.6607471368,-81.4310920365,"=AVERAGE($G$2:$G$1001)","=AVERAGE($D$2:$D$1001)","=IFERROR(($AT310-G310)/$AT310,0)","=IFERROR(($AU310-D310)/$AU310,0)","=$AU310-D310"
Corner Unit 6th Floor 2 Bed/2Bath!,ERA Fernandina Beach Realty,,44293,83340,703.06,46.32,223,2,2,6,true,false,false,true,true,false,true,Home/Apartment,Condominium (condo),Apt/Condo/Loft,5,10,2,21+,Luxury,false,701,true,63,10,2026-05-13,Amelia/St. Simons/Jekyll Islands,Fernandina Beach,Fernandina Beach,Florida,32034,United States,coastal,https://www.airbnb.com/rooms/35031787,https://a0.muscache.com/im/pictures/prohost-api/Hosting-35031787/original/cac32dbf-d06f-4756-b252-0b6e976caea7.jpeg,35031787,7458586ha,30.6212,-81.44046,"=AVERAGE($G$2:$G$1001)","=AVERAGE($D$2:$D$1001)","=IFERROR(($AT311-G311)/$AT311,0)","=IFERROR(($AU311-D311)/$AU311,0)","=$AU311-D311"
Comfortable Condo with Beautiful Ocean View,RedAwning,,44223,86516,520.27,55.92,247,2,2,6,true,false,false,true,true,false,true,Home/Apartment,Condominium (condo),Apt/Condo/Loft,0,0,2,21+,Luxury,false,356,true,85,16,2026-04-14,Amelia/St. Simons/Jekyll Islands,Fernandina Beach,Fernandina Beach,Florida,32034,United States,coastal,https://www.airbnb.com/rooms/40708551,https://a0.muscache.com/im/pictures/prohost-api/Hosting-40708551/original/b0ceca33-692b-440b-a969-9eb3ae9b64b1.jpeg,40708551,,30.6209,-81.4399,"=AVERAGE($G$2:$G$1001)","=AVERAGE($D$2:$D$1001)","=IFERROR(($AT312-G312)/$AT312,0)","=IFERROR(($AU312-D312)/$AU312,0)","=$AU312-D312"
"Completely Renovated, oceanfront, steps to beach!",ERA Fernandina Beach Realty,,44058,50851,495.03,44.28,268,2,2,4,true,false,false,true,true,false,true,Home/Apartment,Condominium (condo),Apt/Condo/Loft,4.95,30,2,21+,Luxury,false,520,true,89,19,2026-05-14,Amelia/St. Simons/Jekyll Islands,Fernandina Beach,Fernandina Beach,Florida,32034,United States,coastal,https://www.airbnb.com/rooms/35031494,https://a0.muscache.com/im/pictures/prohost-api/Hosting-35031494/original/d9562e42-d42c-47da-b04f-a9c59abd5897.jpeg,35031494,7605752ha,30.66177,-81.43286,"=AVERAGE($G$2:$G$1001)","=AVERAGE($D$2:$D$1001)","=IFERROR(($AT313-G313)/$AT313,0)","=IFERROR(($AU313-D313)/$AU313,0)","=$AU313-D313"
Amelia by the Sea 2 BR  Private Fishing Pier,Seahorse Amelia Vacation Rentals,,44009,54902,468.18,43.72,329,2,2,5,true,false,false,true,true,false,true,Home/Apartment,Condominium (condo),Apt/Condo/Loft,4.45,21,3,21+,Luxury,true,532,true,94,19,2026-05-16,Amelia/St. Simons/Jekyll Islands,Fernandina Beach,Fernandina Beach,Florida,32034,United States,coastal,https://www.airbnb.com/rooms/52389005,https://a0.muscache.com/im/pictures/prohost-api/Hosting-52389005/original/17e96881-f3cc-476e-ba1e-704a381c0a1d.jpeg,52389005,2703782,30.6211,-81.44,"=AVERAGE($G$2:$G$1001)","=AVERAGE($D$2:$D$1001)","=IFERROR(($AT314-G314)/$AT314,0)","=IFERROR(($AU314-D314)/$AU314,0)","=$AU314-D314"
Oceanfront Condominium with Great Amenities,Hodnett Cooper Vacation Rentals,,43874,44500,283.06,55.76,354,1,1,4,true,true,true,true,true,false,true,Home/Apartment,Condominium (condo),Apt/Condo/Loft,4.7,17,2,21+,Luxury,true,305,true,155,38,2026-05-13,Amelia/St. Simons/Jekyll Islands,Saint Simons Island,Saint Simons Island,Georgia,31522,United States,coastal,https://www.airbnb.com/rooms/32893466,https://a0.muscache.com/im/pictures/prohost-api/Hosting-32893466/original/63e2f169-907d-4d62-8e8d-dedeb434d64f.jpeg,32893466,3387035,31.14192,-81.37552,"=AVERAGE($G$2:$G$1001)","=AVERAGE($D$2:$D$1001)","=IFERROR(($AT315-G315)/$AT315,0)","=IFERROR(($AU315-D315)/$AU315,0)","=$AU315-D315"
"Dual Suites & Ocean Views at Sandcastles Villas | Pool, 2 Balconies & Golf",Vacasa,,43756,45832,460.59,68.35,139,2,2,8,true,false,false,true,true,false,true,Home/Apartment,Condominium (condo),Apt/Condo/Loft,4.7,43,2,21+,Luxury,false,205,true,95,27,2025-10-02,Amelia/St. Simons/Jekyll Islands,Fernandina Beach,Fernandina Beach,Florida,32034,United States,coastal,https://www.vrbo.com/2566375,"https://media.vrbo.com/lodging/74000000/73380000/73371100/73371010/636f064c.jpg?impolicy=resizecrop&rw=1200&ra=fit",,2566375,30.55711,-81.44356,"=AVERAGE($G$2:$G$1001)","=AVERAGE($D$2:$D$1001)","=IFERROR(($AT316-G316)/$AT316,0)","=IFERROR(($AU316-D316)/$AU316,0)","=$AU316-D316"
"Pent House, Pet Friendly, Elevator, Roof Deck, Ocean views!",Golden Isles Realty,,43546,65406,551.22,78.22,102,2,3,6,true,false,false,true,true,true,false,Home/Apartment,House,House/villa,4.9,35,4,21+,Luxury,false,200,true,79,11,2026-05-17,Amelia/St. Simons/Jekyll Islands,Saint Simons Island,Saint Simons Island,Georgia,31522,United States,coastal,https://www.vrbo.com/1293050,"https://media.vrbo.com/lodging/40000000/39870000/39864200/39864200/ff11a04c.jpg?impolicy=resizecrop&rw=1200&ra=fit",,1293050,31.134756,-81.388242,"=AVERAGE($G$2:$G$1001)","=AVERAGE($D$2:$D$1001)","=IFERROR(($AT317-G317)/$AT317,0)","=IFERROR(($AU317-D317)/$AU317,0)","=$AU317-D317"
Seaboard Condo W/ Breathtaking Views of the Ocean,RedAwning,,43419,63116,556.65,47.27,266,2,2,6,true,false,false,true,true,false,true,Home/Apartment,Condominium (condo),Apt/Condo/Loft,0,0,2,21+,Luxury,false,418,true,78,21,2026-04-14,Amelia/St. Simons/Jekyll Islands,Fernandina Beach,Fernandina Beach,Florida,32034,United States,coastal,https://www.airbnb.com/rooms/37603585,https://a0.muscache.com/im/pictures/prohost-api/Hosting-37603585/original/ee8fbd1b-9b12-4e6a-bac8-24165828a143.jpeg,37603585,,30.6621,-81.4319,"=AVERAGE($G$2:$G$1001)","=AVERAGE($D$2:$D$1001)","=IFERROR(($AT318-G318)/$AT318,0)","=IFERROR(($AU318-D318)/$AU318,0)","=$AU318-D318"
Sea Gate #206,Hodnett Cooper Vacation Rentals,,43063,50595,328.73,43.09,332,1,1,4,true,false,false,true,true,false,true,Home/Apartment,Condominium (condo),Apt/Condo/Loft,5,4,2,21+,Luxury,true,106,true,131,34,2026-05-14,Amelia/St. Simons/Jekyll Islands,Saint Simons Island,Saint Simons Island,Georgia,31522,United States,coastal,https://www.airbnb.com/rooms/1360985160507461229,https://a0.muscache.com/im/pictures/prohost-api/Hosting-1360985160507461229/original/b6de8b70-012c-4446-b5e0-5a921602b647.jpeg,1360985160507461229,4444292,31.1368969956,-81.3828170153,"=AVERAGE($G$2:$G$1001)","=AVERAGE($D$2:$D$1001)","=IFERROR(($AT319-G319)/$AT319,0)","=IFERROR(($AU319-D319)/$AU319,0)","=$AU319-D319"
"Wake up to Waves: Your Sunrise, Oceanfront Retreat",Stay Better Vacations,,43039,60773,387.74,64.16,191,2,2,4,true,false,false,true,true,false,true,Home/Apartment,Condominium (condo),Apt/Condo/Loft,5,51,4,21+,Luxury,true,210,false,111,25,2026-05-11,Amelia/St. Simons/Jekyll Islands,Fernandina Beach,Fernandina Beach,Florida,32034,United States,coastal,https://www.airbnb.com/rooms/43458096,https://a0.muscache.com/im/pictures/prohost-api/Hosting-43458096/original/8054c93e-7ce8-457c-beee-181e06e901e7.jpeg,43458096,1991566,30.6223,-81.4397,"=AVERAGE($G$2:$G$1001)","=AVERAGE($D$2:$D$1001)","=IFERROR(($AT320-G320)/$AT320,0)","=IFERROR(($AU320-D320)/$AU320,0)","=$AU320-D320"
Enjoy Ocean Views from this Beautiful Condo!,Hodnett Cooper Vacation Rentals,,42790,79667,399.91,74.83,162,2,2,6,true,false,false,true,true,false,true,Home/Apartment,Condominium (condo),Apt/Condo/Loft,4.85,32,3,21+,Luxury,true,2155,true,107,25,2026-05-13,Amelia/St. Simons/Jekyll Islands,Saint Simons Island,Saint Simons Island,Georgia,31522,United States,coastal,https://www.airbnb.com/rooms/32893921,https://a0.muscache.com/im/pictures/prohost-api/Hosting-32893921/original/f75ede39-8afc-48da-b227-488786066521.jpeg,32893921,1585454,31.13648,-81.38773,"=AVERAGE($G$2:$G$1001)","=AVERAGE($D$2:$D$1001)","=IFERROR(($AT321-G321)/$AT321,0)","=IFERROR(($AU321-D321)/$AU321,0)","=$AU321-D321"
Sea Breeze is at the Beach!,Destination Amelia,,42473,44726,316.96,41.74,340,1,2,4,true,false,false,true,true,false,true,Home/Apartment,Condominium (condo),Apt/Condo/Loft,4.9,209,3,21+,Luxury,true,255,false,134,31,2026-05-16,Amelia/St. Simons/Jekyll Islands,Fernandina Beach,Fernandina Beach,Florida,32034,United States,coastal,https://www.airbnb.com/rooms/665083140394004592,https://a0.muscache.com/im/pictures/prohost-api/Hosting-665083140394004592/original/41c90d8c-0945-47a5-a0c6-4a34ff8c8ad8.jpeg,665083140394004592,2108549,30.66774,-81.43152,"=AVERAGE($G$2:$G$1001)","=AVERAGE($D$2:$D$1001)","=IFERROR(($AT322-G322)/$AT322,0)","=IFERROR(($AU322-D322)/$AU322,0)","=$AU322-D322"
Ocean Place Unit 97 Sol Mate,RedAwning,,42409,48303,451.16,68.61,150,2,2,6,true,true,false,true,true,false,true,Home/Apartment,Condominium (condo),Apt/Condo/Loft,4.9,144,1,21+,Luxury,false,295,true,94,20,2020-07-06,Amelia/St. Simons/Jekyll Islands,Fernandina Beach,Fernandina Beach,Florida,32034,United States,coastal,https://www.airbnb.com/rooms/25268637,"https://a0.muscache.com/im/pictures/00c8b8d1-eb28-4474-bec0-8750d829cd0f.jpg?aki_policy=x_large",25268637,1602472,30.59282,-81.44367,"=AVERAGE($G$2:$G$1001)","=AVERAGE($D$2:$D$1001)","=IFERROR(($AT323-G323)/$AT323,0)","=IFERROR(($AU323-D323)/$AU323,0)","=$AU323-D323"
Newly Renovated Shipwatch Condo in Gated Resort,Destination Amelia,,42305,43590,283.93,47.3,356,1,1,3,true,false,false,true,true,false,true,Home/Apartment,Condominium (condo),Apt/Condo/Loft,4.8,53,3,21+,Luxury,true,220,false,149,37,2026-05-13,Amelia/St. Simons/Jekyll Islands,Fernandina Beach,Fernandina Beach,Florida,32034,United States,coastal,https://www.airbnb.com/rooms/51959028,https://a0.muscache.com/im/pictures/prohost-api/Hosting-51959028/original/b9184a4a-0131-4237-a8f5-7f3f039ef6e4.jpeg,51959028,2267801,30.54904,-81.4435,"=AVERAGE($G$2:$G$1001)","=AVERAGE($D$2:$D$1001)","=IFERROR(($AT324-G324)/$AT324,0)","=IFERROR(($AU324-D324)/$AU324,0)","=$AU324-D324"
"NEW PHOTOS! Stylish, Fully Renovated Sea Dunes Condo on Ground Floor!",Destination Amelia Vacation Rentals,,42190,83790,691.64,93.85,66,2,2,4,true,true,false,true,true,true,true,Home/Apartment,Condominium (condo),Apt/Condo/Loft,5,30,3,21+,Luxury,false,210,true,61,12,2026-05-15,Amelia/St. Simons/Jekyll Islands,Fernandina Beach,Fernandina Beach,Florida,32034,United States,coastal,https://www.vrbo.com/1450190,"https://media.vrbo.com/lodging/33000000/32440000/32432100/32432099/47c02a0c.jpg?impolicy=resizecrop&rw=1200&ra=fit",,1450190,30.543595,-81.441875,"=AVERAGE($G$2:$G$1001)","=AVERAGE($D$2:$D$1001)","=IFERROR(($AT325-G325)/$AT325,0)","=IFERROR(($AU325-D325)/$AU325,0)","=$AU325-D325"
Spanish-Med Serenity in the Golden Isles,Hosteeva,,41915,44390,225.35,54.87,339,1,2,4,true,false,false,true,true,false,false,Home/Apartment,Apartment,Apt/Condo/Loft,4,8,2,21+,Luxury,false,75,true,186,69,2026-05-11,Amelia/St. Simons/Jekyll Islands,Saint Simons Island,Saint Simons Island,Georgia,31522,United States,coastal,https://www.airbnb.com/rooms/1043962619858129765,https://a0.muscache.com/im/pictures/prohost-api/Hosting-1043962619858129765/original/21bb018e-7340-41ae-ac4f-1bd5c206c145.jpeg,1043962619858129765,3859226,31.1367,-81.3845,"=AVERAGE($G$2:$G$1001)","=AVERAGE($D$2:$D$1001)","=IFERROR(($AT326-G326)/$AT326,0)","=IFERROR(($AU326-D326)/$AU326,0)","=$AU326-D326"
Oceanfront 1st-Floor Oasis: Steps to Pool & Beach,Stay Better Vacations,,41869,72577,391.3,69.48,202,2,2,6,true,false,false,true,true,false,true,Home/Apartment,Condominium (condo),Apt/Condo/Loft,4.6,24,2,21+,Luxury,true,205,false,107,25,2025-05-21,Amelia/St. Simons/Jekyll Islands,Fernandina Beach,Fernandina Beach,Florida,32034,United States,coastal,https://www.airbnb.com/rooms/1419612969204679659,https://a0.muscache.com/im/pictures/prohost-api/Hosting-1419612969204679659/original/77253fb2-ea11-421d-9792-85ce84c792e8.jpeg,1419612969204679659,4098946,30.62001,-81.43974,"=AVERAGE($G$2:$G$1001)","=AVERAGE($D$2:$D$1001)","=IFERROR(($AT327-G327)/$AT327,0)","=IFERROR(($AU327-D327)/$AU327,0)","=$AU327-D327"
Renovated 2BR Beach Wood Steps to Beach & Pool,Destination Amelia,,41787,53098,413.73,42.98,271,2,2,5,true,false,false,true,true,false,true,Home/Apartment,Condominium (condo),Apt/Condo/Loft,4.9,54,3,21+,Luxury,true,252,false,101,23,2026-05-13,Amelia/St. Simons/Jekyll Islands,Fernandina Beach,Fernandina Beach,Florida,32034,United States,coastal,https://www.airbnb.com/rooms/51960234,https://a0.muscache.com/im/pictures/prohost-api/Hosting-51960234/original/00bd91c4-7e76-4576-b90b-2768249f6380.jpeg,51960234,883136,30.56277,-81.44485,"=AVERAGE($G$2:$G$1001)","=AVERAGE($D$2:$D$1001)","=IFERROR(($AT328-G328)/$AT328,0)","=IFERROR(($AU328-D328)/$AU328,0)","=$AU328-D328"
Amelia Island Beachfront Ketch Courtyard Condo,Seahorse Amelia Vacation Rentals,,41729,47940,468.87,45.64,274,2,2,5,true,false,false,true,true,false,true,Home/Apartment,Condominium (condo),Apt/Condo/Loft,4.9,83,3,21+,Luxury,true,504,true,89,19,2026-05-11,Amelia/St. Simons/Jekyll Islands,Fernandina Beach,Fernandina Beach,Florida,32034,United States,coastal,https://www.airbnb.com/rooms/43148358,https://a0.muscache.com/im/pictures/prohost-api/Hosting-43148358/original/8ef08012-f911-46da-b5ef-0e821dd6cbb1.jpeg,43148358,1961361,30.62315,-81.44068,"=AVERAGE($G$2:$G$1001)","=AVERAGE($D$2:$D$1001)","=IFERROR(($AT329-G329)/$AT329,0)","=IFERROR(($AU329-D329)/$AU329,0)","=$AU329-D329"
 IN WINDSONG Million Dollar Views  Ocean Front Pent House  AI Resort Rentals-PET,Amelia Island Vacation Rentals and Management Services,,41659,69091,786.02,28.8,270,2,2,6,true,true,false,true,true,true,true,Home/Apartment,Condominium (condo),Apt/Condo/Loft,5,40,7,6-20,Luxury,false,550,true,53,11,2026-05-15,Amelia/St. Simons/Jekyll Islands,Fernandina Beach,Fernandina Beach,Florida,32034,United States,coastal,https://www.vrbo.com/1260005,"https://media.vrbo.com/lodging/35000000/34530000/34529500/34529477/2ffe706e.jpg?impolicy=resizecrop&rw=1200&ra=fit",,1260005,30.545505,-81.44254,"=AVERAGE($G$2:$G$1001)","=AVERAGE($D$2:$D$1001)","=IFERROR(($AT330-G330)/$AT330,0)","=IFERROR(($AU330-D330)/$AU330,0)","=$AU330-D330"
Sea Gate #304,Hodnett Cooper Vacation Rentals,,41382,42889,272.25,43.68,348,1,1,4,true,false,false,true,true,false,true,Home/Apartment,Condominium (condo),Apt/Condo/Loft,4.9,11,2,21+,Luxury,true,128,true,152,53,2026-05-16,Amelia/St. Simons/Jekyll Islands,Saint Simons Island,Saint Simons Island,Georgia,31522,United States,coastal,https://www.airbnb.com/rooms/1374071928592496912,https://a0.muscache.com/im/pictures/prohost-api/Hosting-1374071928592496912/original/f175afd2-203f-4558-b5f0-4c6eea5d87d2.jpeg,1374071928592496912,4444289,31.136681835,-81.3833531905,"=AVERAGE($G$2:$G$1001)","=AVERAGE($D$2:$D$1001)","=IFERROR(($AT331-G331)/$AT331,0)","=IFERROR(($AU331-D331)/$AU331,0)","=$AU331-D331"
Beautifully Decorated Condo with View of Atlantic,RedAwning,,41059,60901,554.85,47.13,220,2,2,6,true,false,false,true,true,false,true,Home/Apartment,Condominium (condo),Apt/Condo/Loft,4.8,20,2,21+,Luxury,false,766,true,74,17,2026-04-18,Amelia/St. Simons/Jekyll Islands,Fernandina Beach,Fernandina Beach,Florida,32034,United States,coastal,https://www.airbnb.com/rooms/37603599,https://a0.muscache.com/im/pictures/prohost-api/Hosting-37603599/original/4aa5ec15-2b37-42a3-b80e-b3aca07b968f.jpeg,37603599,4702932ha,30.6621,-81.4319,"=AVERAGE($G$2:$G$1001)","=AVERAGE($D$2:$D$1001)","=IFERROR(($AT332-G332)/$AT332,0)","=IFERROR(($AU332-D332)/$AU332,0)","=$AU332-D332"
Sea Gate #305,Hodnett Cooper Vacation Rentals,,40709,41109,280.75,40.17,361,1,1,2,true,false,false,true,true,false,true,Home/Apartment,Condominium (condo),Apt/Condo/Loft,4.7,3,2,21+,Luxury,true,128,true,145,49,2026-05-16,Amelia/St. Simons/Jekyll Islands,Saint Simons Island,Saint Simons Island,Georgia,31522,United States,coastal,https://www.airbnb.com/rooms/1374071945831683684,https://a0.muscache.com/im/pictures/prohost-api/Hosting-1374071945831683684/original/6383d678-c8d0-4ee4-8ed4-a46ae9a8b24a.jpeg,1374071945831683684,4444275,31.13804,-81.38425,"=AVERAGE($G$2:$G$1001)","=AVERAGE($D$2:$D$1001)","=IFERROR(($AT333-G333)/$AT333,0)","=IFERROR(($AU333-D333)/$AU333,0)","=$AU333-D333"
Upper Unit Condo to Enjoy the Beach or Fishing,RedAwning,,40135,52557,1003.38,25.97,300,2,2,6,true,false,false,true,true,false,true,Home/Apartment,Condominium (condo),Apt/Condo/Loft,0,0,2,21+,Luxury,false,2204,true,40,8,2026-04-15,Amelia/St. Simons/Jekyll Islands,Fernandina Beach,Fernandina Beach,Florida,32034,United States,coastal,https://www.airbnb.com/rooms/37603731,https://a0.muscache.com/im/pictures/prohost-api/Hosting-37603731/original/01f6d18e-dc1c-4e5e-b2d5-03417264c29d.jpeg,37603731,,30.6209,-81.4399,"=AVERAGE($G$2:$G$1001)","=AVERAGE($D$2:$D$1001)","=IFERROR(($AT334-G334)/$AT334,0)","=IFERROR(($AU334-D334)/$AU334,0)","=$AU334-D334"
Sea Gate #201,Hodnett Cooper Vacation Rentals,,40008,40744,350.95,49.57,266,1,1,4,true,false,false,true,true,false,true,Home/Apartment,Condominium (condo),Apt/Condo/Loft,0,0,2,21+,Luxury,true,106,true,114,31,2026-05-13,Amelia/St. Simons/Jekyll Islands,Saint Simons Island,Saint Simons Island,Georgia,31522,United States,coastal,https://www.airbnb.com/rooms/1432590489388543817,https://a0.muscache.com/im/pictures/prohost-api/Hosting-1432590489388543817/original/5f6d28c2-a07b-470c-a17b-be62c9ccbb73.jpeg,1432590489388543817,5095186,31.1370483179,-81.3847144892,"=AVERAGE($G$2:$G$1001)","=AVERAGE($D$2:$D$1001)","=IFERROR(($AT335-G335)/$AT335,0)","=IFERROR(($AU335-D335)/$AU335,0)","=$AU335-D335"
Oceanfront Retreat with a Remarkable View. NEW!,466396672,,39829,43455,406.42,61.25,350,2,2,5,true,false,false,true,true,false,true,Home/Apartment,Condominium (condo),Apt/Condo/Loft,4.85,199,3,1,Luxury,false,150,false,98,22,2026-05-13,Amelia/St. Simons/Jekyll Islands,Fernandina Beach,Fernandina Beach,Florida,32034,United States,coastal,https://www.airbnb.com/rooms/658657432353806235,https://a0.muscache.com/im/pictures/miso/Hosting-658657432353806235/original/11a5bb99-4111-4a24-8cd9-7704bbd92470.jpeg,658657432353806235,64002,30.66185,-81.4312,"=AVERAGE($G$2:$G$1001)","=AVERAGE($D$2:$D$1001)","=IFERROR(($AT336-G336)/$AT336,0)","=IFERROR(($AU336-D336)/$AU336,0)","=$AU336-D336"
Ground Floor Turtle Dunes - Back Patio Just Steps from Ocean!,Destination Amelia Vacation Rentals,,39755,78230,631.03,37.28,232,2,2,4,true,false,false,true,true,true,true,Home/Apartment,Condominium (condo),Apt/Condo/Loft,4.7,70,3,21+,Luxury,false,208,true,63,15,2026-05-17,Amelia/St. Simons/Jekyll Islands,Fernandina Beach,Fernandina Beach,Florida,32034,United States,coastal,https://www.vrbo.com/484606,"https://media.vrbo.com/lodging/35000000/34150000/34149300/34149202/2ed2e1b7.jpg?impolicy=resizecrop&rw=1200&ra=fit",,484606,30.539665,-81.441097,"=AVERAGE($G$2:$G$1001)","=AVERAGE($D$2:$D$1001)","=IFERROR(($AT337-G337)/$AT337,0)","=IFERROR(($AU337-D337)/$AU337,0)","=$AU337-D337"
95100 Sandpiper - Beautiful Oceanfront 2 BR Condo,Luxury Rentals of Amelia,,39600,75259,366.67,82.44,144,2,2,4,true,false,false,true,true,false,true,Home/Apartment,Townhouse,Apt/Condo/Loft,4.95,15,1,21+,Luxury,false,307,true,108,17,2026-05-16,Amelia/St. Simons/Jekyll Islands,Fernandina Beach,Fernandina Beach,Florida,32034,United States,coastal,https://www.airbnb.com/rooms/1136290701736862453,https://a0.muscache.com/im/pictures/prohost-api/Hosting-1136290701736862453/original/06b3a389-fe3c-4f43-9302-008e4916695f.jpeg,1136290701736862453,2371145,30.6014,-81.443,"=AVERAGE($G$2:$G$1001)","=AVERAGE($D$2:$D$1001)","=IFERROR(($AT338-G338)/$AT338,0)","=IFERROR(($AU338-D338)/$AU338,0)","=$AU338-D338"
Luxury serene oasis oceanfront condo!,488666406,,39593,46339,582.25,68,177,2,2,6,true,false,false,true,true,false,true,Home/Apartment,Condominium (condo),Apt/Condo/Loft,4.9,26,1,1,Luxury,true,185,false,68,25,2026-05-11,Amelia/St. Simons/Jekyll Islands,Fernandina Beach,Fernandina Beach,Florida,32034,United States,coastal,https://www.airbnb.com/rooms/1540812146629351821,https://a0.muscache.com/im/pictures/hosting/Hosting-1540812146629351821/original/a25d29f3-f52e-4e2f-8dff-18bd83e6df77.jpeg,1540812146629351821,4969915,30.591,-81.4456,"=AVERAGE($G$2:$G$1001)","=AVERAGE($D$2:$D$1001)","=IFERROR(($AT339-G339)/$AT339,0)","=IFERROR(($AU339-D339)/$AU339,0)","=$AU339-D339"
104 Amelia by the Sea,A1A Beach Vacations,,39358,61962,498.2,69.91,208,2,2,6,true,false,false,true,false,false,true,Home/Apartment,Condominium (condo),Apt/Condo/Loft,5,29,3,21+,Luxury,true,375,true,79,15,2026-05-16,Amelia/St. Simons/Jekyll Islands,Fernandina Beach,Fernandina Beach,Florida,32034,United States,coastal,https://www.airbnb.com/rooms/1056406328804142525,"https://a0.muscache.com/im/pictures/hosting/Hosting-U3RheVN1cHBseUxpc3Rpbmc6MTA1NjQwNjMyODgwNDE0MjUyNQ==/original/f6459aa5-fbd6-4f4a-a277-4713e775f023.jpeg",1056406328804142525,3774295,30.6209,-81.4401,"=AVERAGE($G$2:$G$1001)","=AVERAGE($D$2:$D$1001)","=IFERROR(($AT340-G340)/$AT340,0)","=IFERROR(($AU340-D340)/$AU340,0)","=$AU340-D340"
Sea Gate #102,Hodnett Cooper Vacation Rentals,,39357,41321,322.6,40.13,338,1,1,2,true,false,false,true,true,true,true,Home/Apartment,Condominium (condo),Apt/Condo/Loft,5,4,2,21+,Luxury,true,260,true,122,32,2026-05-16,Amelia/St. Simons/Jekyll Islands,Saint Simons Island,Saint Simons Island,Georgia,31522,United States,coastal,https://www.airbnb.com/rooms/1374063822887626074,https://a0.muscache.com/im/pictures/prohost-api/Hosting-1374063822887626074/original/2b64719f-a097-46d0-8bef-461c854e72be.jpeg,1374063822887626074,4444282,31.137028723,-81.3827064114,"=AVERAGE($G$2:$G$1001)","=AVERAGE($D$2:$D$1001)","=IFERROR(($AT341-G341)/$AT341,0)","=IFERROR(($AU341-D341)/$AU341,0)","=$AU341-D341"
Sandcastles Vacation Rental,228890310,,38990,40101,246.77,53.38,356,1,1,4,true,false,false,true,true,false,true,Home/Apartment,Condominium (condo),Apt/Condo/Loft,4.8,87,3,1,Luxury,false,174,false,158,34,2026-05-13,Amelia/St. Simons/Jekyll Islands,Fernandina Beach,Fernandina Beach,Florida,32034,United States,coastal,https://www.airbnb.com/rooms/30498049,https://a0.muscache.com/im/pictures/78e7f98e-ada0-4e9d-ab26-e50c03c57ff6.jpg,30498049,7189311ha,30.55563,-81.44385,"=AVERAGE($G$2:$G$1001)","=AVERAGE($D$2:$D$1001)","=IFERROR(($AT342-G342)/$AT342,0)","=IFERROR(($AU342-D342)/$AU342,0)","=$AU342-D342"
Surf & Racquet Club B150 | 5th Floor Oceanview,Barefoot Amelia,,38843,40082,467.99,71.55,146,1,1,4,true,false,false,true,true,false,true,Home/Apartment,Condominium (condo),Apt/Condo/Loft,5,3,3,21+,Luxury,true,170,false,83,18,2026-05-13,Amelia/St. Simons/Jekyll Islands,Fernandina Beach,Fernandina Beach,Florida,32034,United States,coastal,https://www.airbnb.com/rooms/1584985511119994286,https://a0.muscache.com/im/pictures/prohost-api/Hosting-1584985511119994286/original/13652413-4182-460f-8aa2-3742f555f079.jpeg,1584985511119994286,,30.589077136,-81.4449576513,"=AVERAGE($G$2:$G$1001)","=AVERAGE($D$2:$D$1001)","=IFERROR(($AT343-G343)/$AT343,0)","=IFERROR(($AU343-D343)/$AU343,0)","=$AU343-D343"
"Ocean View Condo Near Beach, Saltwater Pool Access",RedAwning,,38835,52957,647.25,39.22,307,2,2,4,true,false,false,true,true,false,true,Home/Apartment,Condominium (condo),Apt/Condo/Loft,4.5,2,2,21+,Luxury,false,1020,true,60,15,2026-04-18,Amelia/St. Simons/Jekyll Islands,Fernandina Beach,Fernandina Beach,Florida,32034,United States,coastal,https://www.airbnb.com/rooms/37604738,https://a0.muscache.com/im/pictures/prohost-api/Hosting-37604738/original/e004449a-ca37-4e82-86c5-16c75dda7433.jpeg,37604738,,30.6236,-81.4394,"=AVERAGE($G$2:$G$1001)","=AVERAGE($D$2:$D$1001)","=IFERROR(($AT344-G344)/$AT344,0)","=IFERROR(($AU344-D344)/$AU344,0)","=$AU344-D344"
Sea Gate #306,Hodnett Cooper Vacation Rentals,,38553,40086,301.2,39.38,354,1,1,4,true,false,false,true,true,false,true,Home/Apartment,Condominium (condo),Apt/Condo/Loft,0,0,2,21+,Luxury,true,25,true,128,42,2026-05-13,Amelia/St. Simons/Jekyll Islands,Saint Simons Island,Saint Simons Island,Georgia,31522,United States,coastal,https://www.airbnb.com/rooms/1374072390536185843,https://a0.muscache.com/im/pictures/prohost-api/Hosting-1374072390536185843/original/e2425a0b-6c66-4ecb-bfb1-9d675def4d3f.jpeg,1374072390536185843,,31.1378941645,-81.3832587745,"=AVERAGE($G$2:$G$1001)","=AVERAGE($D$2:$D$1001)","=IFERROR(($AT345-G345)/$AT345,0)","=IFERROR(($AU345-D345)/$AU345,0)","=$AU345-D345"
Ocean Walk Condo-Go Dawgs!,372526475,,38511,45560,144.78,83.65,318,1,1,4,true,true,false,true,true,false,true,Home/Apartment,Condominium (condo),Apt/Condo/Loft,5,324,1,1,Luxury,false,0,false,266,63,2026-04-24,Amelia/St. Simons/Jekyll Islands,Saint Simons Island,Saint Simons Island,Georgia,31522,United States,coastal,https://www.airbnb.com/rooms/45952101,https://a0.muscache.com/im/pictures/a4d16773-2589-4745-9452-adab563b1a2d.jpg,45952101,581962,31.14575,-81.39185,"=AVERAGE($G$2:$G$1001)","=AVERAGE($D$2:$D$1001)","=IFERROR(($AT346-G346)/$AT346,0)","=IFERROR(($AU346-D346)/$AU346,0)","=$AU346-D346"
1st floor ocean views & private pier!,A1A Beach Vacations,,38410,51154,451.88,40.87,252,2,2,6,true,false,false,true,true,false,true,Home/Apartment,Condominium (condo),Apt/Condo/Loft,4.9,13,3,21+,Luxury,true,375,true,85,12,2026-05-16,Amelia/St. Simons/Jekyll Islands,Fernandina Beach,Fernandina Beach,Florida,32034,United States,coastal,https://www.airbnb.com/rooms/890699870588426476,https://a0.muscache.com/im/pictures/prohost-api/Hosting-890699870588426476/original/ecdf2b8f-9967-4909-b2bb-75207cada466.jpeg,890699870588426476,3405184,30.6209,-81.4401,"=AVERAGE($G$2:$G$1001)","=AVERAGE($D$2:$D$1001)","=IFERROR(($AT347-G347)/$AT347,0)","=IFERROR(($AU347-D347)/$AU347,0)","=$AU347-D347"
Beach View 4th Floor 2 Bed/2 Bath Oceanfront condo,ERA Fernandina Beach Realty,,38393,67891,673.56,39.31,221,2,2,6,true,false,false,true,true,false,true,Home/Apartment,Condominium (condo),Apt/Condo/Loft,0,0,3,21+,Luxury,false,994,true,57,11,2026-05-14,Amelia/St. Simons/Jekyll Islands,Fernandina Beach,Fernandina Beach,Florida,32034,United States,coastal,https://www.airbnb.com/rooms/35031275,https://a0.muscache.com/im/pictures/prohost-api/Hosting-35031275/original/42919db6-0f88-4aab-9864-de0e1569e446.jpeg,35031275,,30.61925,-81.43954,"=AVERAGE($G$2:$G$1001)","=AVERAGE($D$2:$D$1001)","=IFERROR(($AT348-G348)/$AT348,0)","=IFERROR(($AU348-D348)/$AU348,0)","=$AU348-D348"
Painted Bunting Cottage-Sapelo Island Birdhouses,131229761,,38281,40113,269.58,40.23,353,1,1,2,true,false,false,true,true,true,false,Home/Apartment,Cottage,House/villa,4.9,118,2,6-20,Luxury,true,80,false,142,49,2026-05-13,Amelia/St. Simons/Jekyll Islands,Darien,Sapelo Island,Georgia,31327,United States,coastal,https://www.airbnb.com/rooms/23749935,https://a0.muscache.com/im/pictures/94194596-b0ae-4df3-a470-7d6112908ff9.jpg,23749935,,31.42086,-81.2535,"=AVERAGE($G$2:$G$1001)","=AVERAGE($D$2:$D$1001)","=IFERROR(($AT349-G349)/$AT349,0)","=IFERROR(($AU349-D349)/$AU349,0)","=$AU349-D349"
Pool View Condo - Amelia Island Plantation,RedAwning,,38208,48625,647.59,37.11,294,2,2,6,true,false,false,true,true,false,true,Home/Apartment,Condominium (condo),Apt/Condo/Loft,1.5,2,2,21+,Luxury,false,421,true,59,9,2026-04-15,Amelia/St. Simons/Jekyll Islands,Fernandina Beach,Fernandina Beach,Florida,32034,United States,coastal,https://www.airbnb.com/rooms/53410004,https://a0.muscache.com/im/pictures/prohost-api/Hosting-53410004/original/186b3905-29ac-42db-9cfa-0cf7e2c15080.jpeg,53410004,9509583ha,30.5609,-81.446,"=AVERAGE($G$2:$G$1001)","=AVERAGE($D$2:$D$1001)","=IFERROR(($AT350-G350)/$AT350,0)","=IFERROR(($AU350-D350)/$AU350,0)","=$AU350-D350"
"104 Oceans, Oceanfront 2bed/2bath Sleeps 6/Pool",ERA Fernandina Beach Realty,,37543,61762,493.99,45.51,247,2,2,6,true,false,false,true,true,false,true,Home/Apartment,Condominium (condo),Apt/Condo/Loft,4.2,5,2,21+,Luxury,false,519,true,76,14,2026-05-13,Amelia/St. Simons/Jekyll Islands,Fernandina Beach,Fernandina Beach,Florida,32034,United States,coastal,https://www.airbnb.com/rooms/35031271,https://a0.muscache.com/im/pictures/prohost-api/Hosting-35031271/original/61e86b4a-3860-4d9b-9154-b932b0d3d391.jpeg,35031271,,30.66161,-81.4312,"=AVERAGE($G$2:$G$1001)","=AVERAGE($D$2:$D$1001)","=IFERROR(($AT351-G351)/$AT351,0)","=IFERROR(($AU351-D351)/$AU351,0)","=$AU351-D351"
Sea Gate #205,Hodnett Cooper Vacation Rentals,,37500,40027,279.85,39.76,339,1,1,2,true,false,false,true,true,false,true,Home/Apartment,Condominium (condo),Apt/Condo/Loft,4.65,6,2,21+,Luxury,true,106,true,134,42,2026-05-16,Amelia/St. Simons/Jekyll Islands,Saint Simons Island,Saint Simons Island,Georgia,31522,United States,coastal,https://www.airbnb.com/rooms/1374068878180860641,https://a0.muscache.com/im/pictures/prohost-api/Hosting-1374068878180860641/original/990b58f0-aace-4b6d-82b8-e22c75824b93.jpeg,1374068878180860641,4444294,31.1364303865,-81.3840995076,"=AVERAGE($G$2:$G$1001)","=AVERAGE($D$2:$D$1001)","=IFERROR(($AT352-G352)/$AT352,0)","=IFERROR(($AU352-D352)/$AU352,0)","=$AU352-D352"
Steps to Beach 2BR Oceanview | Patio | Pool,Vacasa,,37459,38735,474.16,55.63,146,2,1,4,true,false,false,true,true,true,true,Home/Apartment,Condominium (condo),Apt/Condo/Loft,4.15,25,3,21+,Luxury,false,155,true,79,16,2024-10-30,Amelia/St. Simons/Jekyll Islands,Fernandina Beach,Fernandina Beach,Florida,32034,United States,coastal,https://www.airbnb.com/rooms/21781267,https://a0.muscache.com/im/pictures/prohost-api/Hosting-21781267/original/7e57627a-40bd-40ab-b8b9-7aed8164e9cb.jpeg,21781267,2564135,30.54014,-81.44174,"=AVERAGE($G$2:$G$1001)","=AVERAGE($D$2:$D$1001)","=IFERROR(($AT353-G353)/$AT353,0)","=IFERROR(($AU353-D353)/$AU353,0)","=$AU353-D353"
Beautiful Views from Oceanfront Sandcastles Unit,Destination Amelia,,37364,52447,450.17,56.08,196,1,1,2,true,false,false,true,true,false,true,Home/Apartment,Condominium (condo),Apt/Condo/Loft,4.9,53,3,21+,Luxury,true,236,false,83,18,2025-11-04,Amelia/St. Simons/Jekyll Islands,Fernandina Beach,Fernandina Beach,Florida,32034,United States,coastal,https://www.airbnb.com/rooms/53382329,https://a0.muscache.com/im/pictures/prohost-api/Hosting-53382329/original/a772fee3-c82a-46d8-a13e-8b3a645219e9.jpeg,53382329,2226206,30.55708,-81.44375,"=AVERAGE($G$2:$G$1001)","=AVERAGE($D$2:$D$1001)","=IFERROR(($AT354-G354)/$AT354,0)","=IFERROR(($AU354-D354)/$AU354,0)","=$AU354-D354"
"2 bed/2 bath sleeps 4, private balcony",ERA Fernandina Beach Realty,,37147,51558,619.12,38.71,310,2,2,4,true,false,false,true,true,false,true,Home/Apartment,Condominium (condo),Apt/Condo/Loft,3.85,19,2,21+,Luxury,false,1448,true,60,15,2026-05-13,Amelia/St. Simons/Jekyll Islands,Fernandina Beach,Fernandina Beach,Florida,32034,United States,coastal,https://www.airbnb.com/rooms/35031880,https://a0.muscache.com/im/pictures/prohost-api/Hosting-35031880/original/a2055c46-7c8a-4db1-bbcc-79de08988fb6.jpeg,35031880,7685237ha,30.62277,-81.43999,"=AVERAGE($G$2:$G$1001)","=AVERAGE($D$2:$D$1001)","=IFERROR(($AT355-G355)/$AT355,0)","=IFERROR(($AU355-D355)/$AU355,0)","=$AU355-D355"
Beautiful stay on Jekyll Island,230587744,,37041,52134,420.92,35.77,281,2,2,8,true,false,false,true,true,true,false,Home/Apartment,House,House/villa,5,2,2,21+,Luxury,true,499,true,88,19,2026-05-13,Amelia/St. Simons/Jekyll Islands,Jekyll Island,Jekyll Island,Georgia,31527,United States,coastal,https://www.airbnb.com/rooms/1004277508791849284,https://a0.muscache.com/im/pictures/miso/Hosting-1004277508791849284/original/0a681c37-c05c-4ed4-a50d-12d9710e6e28.jpeg,1004277508791849284,,31.10626,-81.41316,"=AVERAGE($G$2:$G$1001)","=AVERAGE($D$2:$D$1001)","=IFERROR(($AT356-G356)/$AT356,0)","=IFERROR(($AU356-D356)/$AU356,0)","=$AU356-D356"
"Oceanfront Condo, Private Walkway to the Beach",RedAwning,,36916,48611,709.92,34.67,264,2,2,6,true,false,false,true,true,false,true,Home/Apartment,Condominium (condo),Apt/Condo/Loft,4.2,5,2,21+,Luxury,false,804,true,52,7,2026-04-18,Amelia/St. Simons/Jekyll Islands,Fernandina Beach,Fernandina Beach,Florida,32034,United States,coastal,https://www.airbnb.com/rooms/37604555,https://a0.muscache.com/im/pictures/prohost-api/Hosting-37604555/original/834fefab-f938-43d3-9d91-1d9fc17ce3b8.jpeg,37604555,4702903ha,30.6186,-81.4412,"=AVERAGE($G$2:$G$1001)","=AVERAGE($D$2:$D$1001)","=IFERROR(($AT357-G357)/$AT357,0)","=IFERROR(($AU357-D357)/$AU357,0)","=$AU357-D357"
"Beachfront, Private Pier, Pool, Amelia by the Sea",A1A Beach Vacations,,36664,51052,495.46,38.14,244,2,2,6,true,false,false,true,true,false,true,Home/Apartment,Condominium (condo),Apt/Condo/Loft,4.8,22,3,21+,Luxury,true,375,true,74,17,2026-05-17,Amelia/St. Simons/Jekyll Islands,Fernandina Beach,Fernandina Beach,Florida,32034,United States,coastal,https://www.airbnb.com/rooms/837605350666638327,https://a0.muscache.com/im/pictures/prohost-api/Hosting-837605350666638327/original/6fbcd8e7-5cdf-453a-8677-ad31014df0b2.jpeg,837605350666638327,3286215,30.6209,-81.4399,"=AVERAGE($G$2:$G$1001)","=AVERAGE($D$2:$D$1001)","=IFERROR(($AT358-G358)/$AT358,0)","=IFERROR(($AU358-D358)/$AU358,0)","=$AU358-D358"
Sea Gate #307,Hodnett Cooper Vacation Rentals,,36572,39461,320.81,35.08,334,1,1,2,true,false,false,true,true,false,true,Home/Apartment,Condominium (condo),Apt/Condo/Loft,5,3,2,21+,Luxury,true,260,true,114,36,2026-05-17,Amelia/St. Simons/Jekyll Islands,Saint Simons Island,Saint Simons Island,Georgia,31522,United States,coastal,https://www.airbnb.com/rooms/1374072407092977475,https://a0.muscache.com/im/pictures/prohost-api/Hosting-1374072407092977475/original/cb432f1e-eef3-4682-98b9-a290e5222918.jpeg,1374072407092977475,4444281,31.1370359301,-81.3834552706,"=AVERAGE($G$2:$G$1001)","=AVERAGE($D$2:$D$1001)","=IFERROR(($AT359-G359)/$AT359,0)","=IFERROR(($AU359-D359)/$AU359,0)","=$AU359-D359"
Villa 152 - Seas the Day,RedAwning,,36498,54721,414.75,52.69,173,2,1,5,true,true,false,true,true,false,true,Home/Apartment,Condominium (condo),Apt/Condo/Loft,5,2,3,21+,Luxury,false,279,true,88,25,2025-11-20,Amelia/St. Simons/Jekyll Islands,Jekyll Island,Jekyll Island,Georgia,31527,United States,coastal,https://www.airbnb.com/rooms/848378224491602793,https://a0.muscache.com/im/pictures/prohost-api/Hosting-848378224491602793/original/00b3d238-1834-4bbf-9752-df98a07947bc.jpeg,848378224491602793,,31.100622,-81.403774,"=AVERAGE($G$2:$G$1001)","=AVERAGE($D$2:$D$1001)","=IFERROR(($AT360-G360)/$AT360,0)","=IFERROR(($AU360-D360)/$AU360,0)","=$AU360-D360"
Sunrise Dunes at Amelia Surf & Racquet Club,43502697,,36440,36440,269.93,46.71,365,1,1,4,true,false,false,true,true,false,true,Home/Apartment,Condominium (condo),Apt/Condo/Loft,4.95,27,3,2-5,Luxury,true,150,true,135,31,2026-05-16,Amelia/St. Simons/Jekyll Islands,Fernandina Beach,Fernandina Beach,Florida,32034,United States,coastal,https://www.airbnb.com/rooms/1145764383799821982,https://a0.muscache.com/im/pictures/miso/Hosting-1145764383799821982/original/f384b863-9a9f-4cbc-9671-15f80855951a.jpeg,1145764383799821982,3997627,30.5893,-81.4442,"=AVERAGE($G$2:$G$1001)","=AVERAGE($D$2:$D$1001)","=IFERROR(($AT361-G361)/$AT361,0)","=IFERROR(($AU361-D361)/$AU361,0)","=$AU361-D361"
Breathtaking View of the Atlantic Ocean and Beach,250911649,,35913,35913,294.37,46.04,365,1,1,4,true,false,false,true,true,true,true,Home/Apartment,Condominium (condo),Apt/Condo/Loft,4.85,115,3,6-20,Luxury,true,125,true,122,24,2026-05-13,Amelia/St. Simons/Jekyll Islands,Fernandina Beach,Fernandina Beach,Florida,32034,United States,coastal,https://www.airbnb.com/rooms/38622013,https://a0.muscache.com/im/pictures/f33b8f9d-ba3e-490c-87d4-e15723139e68.jpg,38622013,1775599,30.55746,-81.44355,"=AVERAGE($G$2:$G$1001)","=AVERAGE($D$2:$D$1001)","=IFERROR(($AT362-G362)/$AT362,0)","=IFERROR(($AU362-D362)/$AU362,0)","=$AU362-D362"
Sandcastles 286 One Bedroom Ocean Front Studio,Amelia Island Rentals,,35786,46698,290.94,71.51,256,1,1,3,true,false,false,true,true,false,true,Home/Apartment,House,House/villa,4.25,21,3,21+,Luxury,false,157,false,123,21,2026-05-13,Amelia/St. Simons/Jekyll Islands,Fernandina Beach,Fernandina Beach,Florida,32034,United States,coastal,https://www.airbnb.com/rooms/19171782,https://a0.muscache.com/im/pictures/prohost-api/Hosting-19171782/original/7e104ccd-a834-41cf-b5ed-30a28b2d8546.jpeg,19171782,,30.62561,-81.4611,"=AVERAGE($G$2:$G$1001)","=AVERAGE($D$2:$D$1001)","=IFERROR(($AT363-G363)/$AT363,0)","=IFERROR(($AU363-D363)/$AU363,0)","=$AU363-D363"
1120 Beachwalker - Ocean Lullaby,Mock's Amelia Vacations,,34960,37426,426.34,50.62,162,2,2,6,true,false,false,true,false,false,true,Home/Apartment,Condominium (condo),Apt/Condo/Loft,4.5,35,1,21+,Luxury,false,195,true,82,15,2025-10-18,Amelia/St. Simons/Jekyll Islands,Fernandina Beach,Fernandina Beach,Florida,32034,United States,coastal,https://www.vrbo.com/2119893,"https://media.vrbo.com/lodging/61000000/60120000/60114600/60114542/bd9d33cd.jpg?impolicy=resizecrop&rw=1200&ra=fit",,2119893,30.549402,-81.44425,"=AVERAGE($G$2:$G$1001)","=AVERAGE($D$2:$D$1001)","=IFERROR(($AT364-G364)/$AT364,0)","=IFERROR(($AU364-D364)/$AU364,0)","=$AU364-D364"
Gorgeous 2BR Oceanfront 4th-Floor | Balcony,Vacasa,,34628,37696,393.5,29.43,348,2,2,6,true,false,false,true,true,false,true,Home/Apartment,House,House/villa,4.65,27,3,21+,Luxury,false,249,true,88,20,2026-05-11,Amelia/St. Simons/Jekyll Islands,Fernandina Beach,Fernandina Beach,Florida,32034,United States,coastal,https://www.airbnb.com/rooms/21997423,https://a0.muscache.com/im/pictures/prohost-api/Hosting-21997423/original/3e3da84b-1534-450c-afd9-1788d154883c.jpeg,21997423,4864314,30.55695,-81.44323,"=AVERAGE($G$2:$G$1001)","=AVERAGE($D$2:$D$1001)","=IFERROR(($AT365-G365)/$AT365,0)","=IFERROR(($AU365-D365)/$AU365,0)","=$AU365-D365"
King and Prince Oceanfront Beach Villa,,,34453,41584,471.96,29.8,344,2,2,4,true,true,true,true,true,false,true,Home/Apartment,Condominium (condo),Apt/Condo/Loft,5,94,2,1,Luxury,false,150,true,73,22,2026-05-17,Amelia/St. Simons/Jekyll Islands,Saint Simons Island,Saint Simons Island,Georgia,31522,United States,coastal,https://www.vrbo.com/1081050,"https://media.vrbo.com/lodging/35000000/34090000/34090000/34089939/015dafc7.jpg?impolicy=resizecrop&rw=1200&ra=fit",,1081050,31.138446,-81.380055,"=AVERAGE($G$2:$G$1001)","=AVERAGE($D$2:$D$1001)","=IFERROR(($AT366-G366)/$AT366,0)","=IFERROR(($AU366-D366)/$AU366,0)","=$AU366-D366"
Beautiful 2BR Oceanfront | Patio | Pool,Vacasa,,34368,36514,446.34,53.47,144,2,2,6,true,false,false,true,true,false,true,Home/Apartment,House,House/villa,4.8,41,5,21+,Luxury,false,192,true,77,17,2025-11-17,Amelia/St. Simons/Jekyll Islands,Fernandina Beach,Fernandina Beach,Florida,32034,United States,coastal,https://www.airbnb.com/rooms/48626369,https://a0.muscache.com/im/pictures/prohost-api/Hosting-48626369/original/b6744f99-875d-43ec-9297-a2f963ded76b.jpeg,48626369,2564205,30.55302,-81.4445,"=AVERAGE($G$2:$G$1001)","=AVERAGE($D$2:$D$1001)","=IFERROR(($AT367-G367)/$AT367,0)","=IFERROR(($AU367-D367)/$AU367,0)","=$AU367-D367"
Sea Gate #207,Hodnett Cooper Vacation Rentals,,33987,35571,311.81,32.34,345,1,1,4,true,false,false,true,true,false,true,Home/Apartment,Condominium (condo),Apt/Condo/Loft,5,1,2,21+,Luxury,true,260,true,109,34,2026-05-17,Amelia/St. Simons/Jekyll Islands,Saint Simons Island,Saint Simons Island,Georgia,31522,United States,coastal,https://www.airbnb.com/rooms/1374070873528615709,https://a0.muscache.com/im/pictures/prohost-api/Hosting-1374070873528615709/original/cbdcf7a1-9012-4a88-8fa7-2982f1d3e251.jpeg,1374070873528615709,4444278,31.1384092331,-81.3828394179,"=AVERAGE($G$2:$G$1001)","=AVERAGE($D$2:$D$1001)","=IFERROR(($AT368-G368)/$AT368,0)","=IFERROR(($AU368-D368)/$AU368,0)","=$AU368-D368"
"First Floor, Ocean Front, Completely Renovated Condo",,,33403,45857,412.38,41.33,294,2,2,6,true,false,false,true,true,false,true,Home/Apartment,Condominium (condo),Apt/Condo/Loft,4.9,98,3,1,Luxury,false,200,false,81,16,2026-05-16,Amelia/St. Simons/Jekyll Islands,Fernandina Beach,Fernandina Beach,Florida,32034,United States,coastal,https://www.vrbo.com/469021,"https://media.vrbo.com/lodging/35000000/34120000/34111000/34110946/418f6247.jpg?impolicy=resizecrop&rw=1200&ra=fit",,469021,30.619551,-81.440147,"=AVERAGE($G$2:$G$1001)","=AVERAGE($D$2:$D$1001)","=IFERROR(($AT369-G369)/$AT369,0)","=IFERROR(($AU369-D369)/$AU369,0)","=$AU369-D369"
2 Bedroom/2 Bath Oceanfront Sandpiper Unit 95120,Amelia Island Rentals,,33284,44495,475.49,75.27,94,2,2,6,true,false,false,true,true,false,true,Home/Apartment,Townhouse,Apt/Condo/Loft,4.85,48,3,21+,Luxury,false,216,false,70,15,2026-05-17,Amelia/St. Simons/Jekyll Islands,Fernandina Beach,Fernandina Beach,Florida,32034,United States,coastal,https://www.airbnb.com/rooms/30317403,https://a0.muscache.com/im/pictures/prohost-api/Hosting-30317403/original/7b461f47-3896-47f1-b92b-36f43564051a.jpeg,30317403,1480474,30.6024,-81.44342,"=AVERAGE($G$2:$G$1001)","=AVERAGE($D$2:$D$1001)","=IFERROR(($AT370-G370)/$AT370,0)","=IFERROR(($AU370-D370)/$AU370,0)","=$AU370-D370"
Surf & Racquet B153,Moore Amelia Island Rentals,,33137,33371,295.87,43.58,274,1,1,4,true,false,false,true,true,false,true,Home/Apartment,House,House/villa,4.8,132,3,21+,Luxury,true,236,true,112,25,2026-04-05,Amelia/St. Simons/Jekyll Islands,Fernandina Beach,Fernandina Beach,Florida,32034,United States,coastal,https://www.airbnb.com/rooms/39339533,https://a0.muscache.com/im/pictures/prohost-api/Hosting-39339533/original/438c130e-ea33-4b72-8247-b22958b0889b.jpeg,39339533,1798350,30.5907,-81.4447,"=AVERAGE($G$2:$G$1001)","=AVERAGE($D$2:$D$1001)","=IFERROR(($AT371-G371)/$AT371,0)","=IFERROR(($AU371-D371)/$AU371,0)","=$AU371-D371"
Ocean Place 22 - Sea Forever,Moore Amelia Island Rentals,,33079,47758,533.53,55.36,188,2,2,4,true,false,false,true,true,false,false,Home/Apartment,Condominium (condo),Apt/Condo/Loft,5,12,3,21+,Luxury,true,269,true,62,16,2026-05-15,Amelia/St. Simons/Jekyll Islands,Fernandina Beach,Fernandina Beach,Florida,32034,United States,coastal,https://www.airbnb.com/rooms/1505181728426510788,https://a0.muscache.com/im/pictures/prohost-api/Hosting-1505181728426510788/original/ab937599-e948-442b-a5fe-fb2fb1174169.jpeg,1505181728426510788,4807671,30.59079,-81.44433,"=AVERAGE($G$2:$G$1001)","=AVERAGE($D$2:$D$1001)","=IFERROR(($AT372-G372)/$AT372,0)","=IFERROR(($AU372-D372)/$AU372,0)","=$AU372-D372"
Sea Gate #208,Hodnett Cooper Vacation Rentals,,33015,35688,317.45,31.33,339,1,1,4,true,false,false,true,true,false,true,Home/Apartment,Condominium (condo),Apt/Condo/Loft,5,2,2,21+,Luxury,true,25,true,104,37,2026-05-17,Amelia/St. Simons/Jekyll Islands,Saint Simons Island,Saint Simons Island,Georgia,31522,United States,coastal,https://www.airbnb.com/rooms/1374071371516899742,https://a0.muscache.com/im/pictures/prohost-api/Hosting-1374071371516899742/original/63aa59de-fb85-4ac3-a07b-ba0d121e1d6e.jpeg,1374071371516899742,5095185,31.1377882479,-81.3842424687,"=AVERAGE($G$2:$G$1001)","=AVERAGE($D$2:$D$1001)","=IFERROR(($AT373-G373)/$AT373,0)","=IFERROR(($AU373-D373)/$AU373,0)","=$AU373-D373"
Sea Gate #106,Hodnett Cooper Vacation Rentals,,32996,35111,326.69,34.59,357,1,1,4,true,false,false,true,true,true,true,Home/Apartment,Condominium (condo),Apt/Condo/Loft,4.8,8,2,21+,Luxury,true,151,true,101,32,2026-05-17,Amelia/St. Simons/Jekyll Islands,Saint Simons Island,Saint Simons Island,Georgia,31522,United States,coastal,https://www.airbnb.com/rooms/1374065868882125874,https://a0.muscache.com/im/pictures/prohost-api/Hosting-1374065868882125874/original/ab303785-c039-4f76-8dc3-489d5a566739.jpeg,1374065868882125874,4428521,31.1377402634,-81.3833790569,"=AVERAGE($G$2:$G$1001)","=AVERAGE($D$2:$D$1001)","=IFERROR(($AT374-G374)/$AT374,0)","=IFERROR(($AU374-D374)/$AU374,0)","=$AU374-D374"
"Oceanfront Resort with Pool, Tennis and Fitness Ce",Hodnett Cooper Vacation Rentals,,32959,34033,257.49,46.89,359,1,1,4,true,true,true,true,true,false,true,Home/Apartment,Condominium (condo),Apt/Condo/Loft,4.25,23,3,21+,Luxury,true,305,true,128,26,2026-05-13,Amelia/St. Simons/Jekyll Islands,Saint Simons Island,Saint Simons Island,Georgia,31522,United States,coastal,https://www.airbnb.com/rooms/32893296,https://a0.muscache.com/im/pictures/prohost-api/Hosting-32893296/original/15472b0f-1109-405f-9901-13f9fb3c2a37.jpeg,32893296,1585275,31.1433,-81.37524,"=AVERAGE($G$2:$G$1001)","=AVERAGE($D$2:$D$1001)","=IFERROR(($AT375-G375)/$AT375,0)","=IFERROR(($AU375-D375)/$AU375,0)","=$AU375-D375"
Beautiful Condo with Gorgeous Ocean Views from Balcony + Shared Pool & Free WiFi,Vacasa,,31855,32497,430.47,51.03,145,2,2,6,true,false,false,true,true,false,true,Home/Apartment,Condominium (condo),Apt/Condo/Loft,4.4,23,3,21+,Luxury,false,185,true,74,18,2025-10-04,Amelia/St. Simons/Jekyll Islands,Fernandina Beach,Fernandina Beach,Florida,32034,United States,coastal,https://www.vrbo.com/2564078,"https://media.vrbo.com/lodging/74000000/73290000/73282400/73282371/796c99fa.jpg?impolicy=resizecrop&rw=1200&ra=fit",,2564078,30.55773,-81.4443,"=AVERAGE($G$2:$G$1001)","=AVERAGE($D$2:$D$1001)","=IFERROR(($AT376-G376)/$AT376,0)","=IFERROR(($AU376-D376)/$AU376,0)","=$AU376-D376"
St. Simons Island Condo,107131929,,31692,52191,411.58,38.31,283,2,2,6,true,false,false,true,true,false,false,Home/Apartment,Condominium (condo),Apt/Condo/Loft,5,17,2,1,Luxury,true,150,false,77,19,2026-05-13,Amelia/St. Simons/Jekyll Islands,Saint Simons Island,Saint Simons Island,Georgia,31522,United States,coastal,https://www.airbnb.com/rooms/1063110928866996315,https://a0.muscache.com/im/pictures/hosting/Hosting-1063110928866996315/original/5771bd74-3b57-4b01-b91a-5070b3b87311.jpeg,1063110928866996315,,31.13814,-81.37944,"=AVERAGE($G$2:$G$1001)","=AVERAGE($D$2:$D$1001)","=IFERROR(($AT377-G377)/$AT377,0)","=IFERROR(($AU377-D377)/$AU377,0)","=$AU377-D377"
Cozy 1BR Oceanfront 4th-Floor | Balcony | Pool,Vacasa,,31226,32528,303.17,36.27,353,1,1,4,true,false,false,true,true,false,true,Home/Apartment,House,House/villa,4.8,68,3,21+,Luxury,false,212,true,103,25,2026-04-29,Amelia/St. Simons/Jekyll Islands,Fernandina Beach,Fernandina Beach,Florida,32034,United States,coastal,https://www.airbnb.com/rooms/18908944,https://a0.muscache.com/im/pictures/prohost-api/Hosting-18908944/original/653f8986-3bd8-419e-8caf-5a1d1e51efb2.jpeg,18908944,4864246,30.55814,-81.4442,"=AVERAGE($G$2:$G$1001)","=AVERAGE($D$2:$D$1001)","=IFERROR(($AT378-G378)/$AT378,0)","=IFERROR(($AU378-D378)/$AU378,0)","=$AU378-D378"
Sea Gate #204,Hodnett Cooper Vacation Rentals,,31109,31543,246.9,35.1,359,1,1,4,true,false,false,true,true,false,true,Home/Apartment,Condominium (condo),Apt/Condo/Loft,5,4,2,21+,Luxury,true,106,true,126,47,2026-05-17,Amelia/St. Simons/Jekyll Islands,Saint Simons Island,Saint Simons Island,Georgia,31522,United States,coastal,https://www.airbnb.com/rooms/1374068854579071553,https://a0.muscache.com/im/pictures/prohost-api/Hosting-1374068854579071553/original/cc27ef3a-02d8-4903-959f-cb6398ade2fd.jpeg,1374068854579071553,4444287,31.1378052602,-81.3831940904,"=AVERAGE($G$2:$G$1001)","=AVERAGE($D$2:$D$1001)","=IFERROR(($AT379-G379)/$AT379,0)","=IFERROR(($AU379-D379)/$AU379,0)","=$AU379-D379"
Ocean Place 12 Wave Watcher,Mock's Amelia Vacations,,31072,46850,517.87,77.92,77,2,2,4,true,false,false,true,true,false,true,Home/Apartment,Condominium (condo),Apt/Condo/Loft,5,10,1,21+,Luxury,false,195,true,60,11,2025-09-26,Amelia/St. Simons/Jekyll Islands,Fernandina Beach,Fernandina Beach,Florida,32034,United States,coastal,https://www.vrbo.com/3411050,"https://media.vrbo.com/lodging/95000000/94630000/94630000/94629932/bddff73f.jpg?impolicy=resizecrop&rw=1200&ra=fit",,3411050,30.593252,-81.447014,"=AVERAGE($G$2:$G$1001)","=AVERAGE($D$2:$D$1001)","=IFERROR(($AT380-G380)/$AT380,0)","=IFERROR(($AU380-D380)/$AU380,0)","=$AU380-D380"
"B166 Surf & Racquet -2 BR and 2BA Oceanfront, Pool",A1A Beach Vacations,,30994,51557,476.83,44.22,237,2,2,6,true,false,false,false,true,false,true,Home/Apartment,Condominium (condo),Apt/Condo/Loft,4.8,17,3,21+,Luxury,true,325,true,65,14,2026-05-16,Amelia/St. Simons/Jekyll Islands,Fernandina Beach,Fernandina Beach,Florida,32034,United States,coastal,https://www.airbnb.com/rooms/959355864867607748,https://a0.muscache.com/im/pictures/prohost-api/Hosting-959355864867607748/original/b9cda3dd-9307-41b7-893d-2c4bb5c9a660.jpeg,959355864867607748,3563104,30.59,-81.4452,"=AVERAGE($G$2:$G$1001)","=AVERAGE($D$2:$D$1001)","=IFERROR(($AT381-G381)/$AT381,0)","=IFERROR(($AU381-D381)/$AU381,0)","=$AU381-D381"
109 Amelia by the Sea,A1A Beach Vacations,,30752,35874,458.99,41.36,251,2,2,6,true,false,false,false,false,false,true,Home/Apartment,Condominium (condo),Apt/Condo/Loft,0,0,3,21+,Luxury,true,375,true,67,14,2026-05-15,Amelia/St. Simons/Jekyll Islands,Fernandina Beach,Fernandina Beach,Florida,32034,United States,coastal,https://www.airbnb.com/rooms/1487080225954395380,https://a0.muscache.com/im/pictures/prohost-api/Hosting-1487080225954395380/original/ca499dd0-e828-499c-a67c-931db2cc58d9.jpeg,1487080225954395380,4754254,30.6202207227,-81.4405228415,"=AVERAGE($G$2:$G$1001)","=AVERAGE($D$2:$D$1001)","=IFERROR(($AT382-G382)/$AT382,0)","=IFERROR(($AU382-D382)/$AU382,0)","=$AU382-D382"
"Coastal Escape - Pool, Tennis & Beach Access",Guest Cottage,,30731,32281,357.34,66.15,130,1,1,4,true,false,false,true,true,false,true,Home/Apartment,Condominium (condo),Apt/Condo/Loft,4.85,19,2,21+,Luxury,true,216,false,86,22,2025-10-02,Amelia/St. Simons/Jekyll Islands,Fernandina Beach,Fernandina Beach,Florida,32034,United States,coastal,https://www.airbnb.com/rooms/1182641731174970813,https://a0.muscache.com/im/pictures/prohost-api/Hosting-1182641731174970813/original/cfcc142f-4026-4ae8-91b0-121fce4dc7aa.jpeg,1182641731174970813,4191040,30.58931,-81.44423,"=AVERAGE($G$2:$G$1001)","=AVERAGE($D$2:$D$1001)","=IFERROR(($AT383-G383)/$AT383,0)","=IFERROR(($AU383-D383)/$AU383,0)","=$AU383-D383"
Amelia Island 2 Bedroom - Pet friendly Getaway,Seahorse Amelia Vacation Rentals,,30698,40140,295.17,41.94,296,2,1,6,true,false,false,true,true,true,true,Home/Apartment,Condominium (condo),Apt/Condo/Loft,4.4,11,1,21+,Luxury,true,475,true,104,22,2026-05-11,Amelia/St. Simons/Jekyll Islands,Fernandina Beach,Fernandina Beach,Florida,32034,United States,coastal,https://www.airbnb.com/rooms/1292923773322830274,https://a0.muscache.com/im/pictures/prohost-api/Hosting-1292923773322830274/original/8f7b432e-7a63-4f61-9e47-6d7cb6d11c52.jpeg,1292923773322830274,4295380,30.6755858629,-81.4328389042,"=AVERAGE($G$2:$G$1001)","=AVERAGE($D$2:$D$1001)","=IFERROR(($AT384-G384)/$AT384,0)","=IFERROR(($AU384-D384)/$AU384,0)","=$AU384-D384"
Modern Condo with Amazing Ocean Front Views,RedAwning,,30525,39892,565.28,37.24,286,2,2,6,true,false,false,true,true,false,true,Home/Apartment,Condominium (condo),Apt/Condo/Loft,4.6,13,2,21+,Luxury,false,746,true,54,13,2026-04-18,Amelia/St. Simons/Jekyll Islands,Fernandina Beach,Fernandina Beach,Florida,32034,United States,coastal,https://www.airbnb.com/rooms/40540008,https://a0.muscache.com/im/pictures/prohost-api/Hosting-40540008/original/797b7ac0-ff44-4fdd-9ff8-d58a945aac2b.jpeg,40540008,4702929ha,30.6621,-81.4319,"=AVERAGE($G$2:$G$1001)","=AVERAGE($D$2:$D$1001)","=IFERROR(($AT385-G385)/$AT385,0)","=IFERROR(($AU385-D385)/$AU385,0)","=$AU385-D385"
Top Floor 2 Bedroom Oceanfront and Pool!,A1A Beach Vacations,,30288,34079,383.39,38.35,266,2,2,4,true,false,false,true,true,false,true,Home/Apartment,Apartment,Apt/Condo/Loft,4.9,12,3,21+,Luxury,true,325,true,79,17,2026-05-17,Amelia/St. Simons/Jekyll Islands,Fernandina Beach,Fernandina Beach,Florida,32034,United States,coastal,https://www.airbnb.com/rooms/868003983031578394,https://a0.muscache.com/im/pictures/prohost-api/Hosting-868003983031578394/original/3695b89a-00b7-44bb-99e8-ab52a7607731.jpeg,868003983031578394,3351615,30.6195,-81.4402,"=AVERAGE($G$2:$G$1001)","=AVERAGE($D$2:$D$1001)","=IFERROR(($AT386-G386)/$AT386,0)","=IFERROR(($AU386-D386)/$AU386,0)","=$AU386-D386"
Sea Gate #203,Hodnett Cooper Vacation Rentals,,29953,30268,285.27,36.08,331,1,1,4,true,false,false,true,true,false,true,Home/Apartment,Condominium (condo),Apt/Condo/Loft,4.45,7,2,21+,Luxury,true,25,true,105,42,2026-05-14,Amelia/St. Simons/Jekyll Islands,Saint Simons Island,Saint Simons Island,Georgia,31522,United States,coastal,https://www.airbnb.com/rooms/1389113764162401038,https://a0.muscache.com/im/pictures/prohost-api/Hosting-1389113764162401038/original/8497a557-d457-48cd-bfaf-ef03defa39f5.jpeg,1389113764162401038,4512627,31.1368307196,-81.3828255783,"=AVERAGE($G$2:$G$1001)","=AVERAGE($D$2:$D$1001)","=IFERROR(($AT387-G387)/$AT387,0)","=IFERROR(($AU387-D387)/$AU387,0)","=$AU387-D387"
"Beachfront condo with furnished balcony, amazing pool, tennis, & mini-golf",Vacasa,,29810,30287,313.79,65.52,145,1,1,6,true,false,false,true,true,false,true,Home/Apartment,Condominium (condo),Apt/Condo/Loft,4.8,14,2,21+,Luxury,false,133,true,95,29,2025-10-01,Amelia/St. Simons/Jekyll Islands,Fernandina Beach,Fernandina Beach,Florida,32034,United States,coastal,https://www.vrbo.com/3824858,"https://media.vrbo.com/lodging/102000000/101950000/101948500/101948424/968802ad.jpg?impolicy=resizecrop&rw=1200&ra=fit",,3824858,30.55778,-81.44434,"=AVERAGE($G$2:$G$1001)","=AVERAGE($D$2:$D$1001)","=IFERROR(($AT388-G388)/$AT388,0)","=IFERROR(($AU388-D388)/$AU388,0)","=$AU388-D388"
2BR Oceanfront Condo with balcony & beach access,Vacasa,,29771,34661,334.51,48.11,194,2,2,4,true,false,false,true,true,false,true,Home/Apartment,House,House/villa,5,13,3,21+,Luxury,false,249,true,89,21,2026-05-11,Amelia/St. Simons/Jekyll Islands,Fernandina Beach,Fernandina Beach,Florida,32034,United States,coastal,https://www.airbnb.com/rooms/1349362770290195274,https://a0.muscache.com/im/pictures/prohost-api/Hosting-1349362770290195274/original/6f3d9718-a1dd-4865-b87a-986079247fec.jpeg,1349362770290195274,4864474,30.5921572682,-81.4445050356,"=AVERAGE($G$2:$G$1001)","=AVERAGE($D$2:$D$1001)","=IFERROR(($AT389-G389)/$AT389,0)","=IFERROR(($AU389-D389)/$AU389,0)","=$AU389-D389"
Relaxation Made Easy. One assigned parking,ERA Fernandina Beach Realty,,29139,54945,539.61,33.96,274,2,2,6,true,false,false,true,true,false,true,Home/Apartment,Condominium (condo),Apt/Condo/Loft,0,0,2,21+,Luxury,false,1688,true,54,11,2026-05-13,Amelia/St. Simons/Jekyll Islands,Fernandina Beach,Fernandina Beach,Florida,32034,United States,coastal,https://www.airbnb.com/rooms/35031286,https://a0.muscache.com/im/pictures/prohost-api/Hosting-35031286/original/441b3aa2-1a59-40d8-bd59-84a2ca9bf316.jpeg,35031286,,30.61911,-81.44045,"=AVERAGE($G$2:$G$1001)","=AVERAGE($D$2:$D$1001)","=IFERROR(($AT390-G390)/$AT390,0)","=IFERROR(($AU390-D390)/$AU390,0)","=$AU390-D390"
Amelia Island 2 Bedroom - Private Garage,Seahorse Amelia Vacation Rentals,,28875,40746,347.89,36.09,254,2,2,6,true,false,true,true,true,false,true,Home/Apartment,Condominium (condo),Apt/Condo/Loft,4.85,11,3,21+,Luxury,true,494,true,83,19,2026-05-16,Amelia/St. Simons/Jekyll Islands,Fernandina Beach,Fernandina Beach,Florida,32034,United States,coastal,https://www.airbnb.com/rooms/1151688976323940395,https://a0.muscache.com/im/pictures/prohost-api/Hosting-1151688976323940395/original/a859b5d2-3f77-484b-99b7-027d0a90c9b3.jpeg,1151688976323940395,3992977,30.67216,-81.43213,"=AVERAGE($G$2:$G$1001)","=AVERAGE($D$2:$D$1001)","=IFERROR(($AT391-G391)/$AT391,0)","=IFERROR(($AU391-D391)/$AU391,0)","=$AU391-D391"
Ocean front comfort,Amelia Island Rentals,,28714,42869,470.72,40.67,240,2,2,4,true,false,false,false,true,false,true,Home/Apartment,Condominium (condo),Apt/Condo/Loft,4,5,3,21+,Luxury,false,215,false,61,14,2026-05-13,Amelia/St. Simons/Jekyll Islands,Fernandina Beach,Fernandina Beach,Florida,32034,United States,coastal,https://www.airbnb.com/rooms/983896178102367136,https://a0.muscache.com/im/pictures/prohost-api/Hosting-983896178102367136/original/cf85bdf7-c113-40c0-b488-28f866a78697.jpeg,983896178102367136,3617753,30.54642,-81.44355,"=AVERAGE($G$2:$G$1001)","=AVERAGE($D$2:$D$1001)","=IFERROR(($AT392-G392)/$AT392,0)","=IFERROR(($AU392-D392)/$AU392,0)","=$AU392-D392"
Fabulous First Floor Oceanfront Amelia South,A1A Beach Vacations,,28436,32323,418.18,30.49,258,2,2,6,true,false,false,false,false,false,true,Home/Apartment,Condominium (condo),Apt/Condo/Loft,5,3,3,21+,Luxury,true,325,true,68,18,2026-05-16,Amelia/St. Simons/Jekyll Islands,Fernandina Beach,Fernandina Beach,Florida,32034,United States,coastal,https://www.airbnb.com/rooms/1319961643170300480,https://a0.muscache.com/im/pictures/prohost-api/Hosting-1319961643170300480/original/be0afaf8-e26c-4ae7-b69e-7bb1b7cbb5ce.jpeg,1319961643170300480,4351863,30.61882,-81.44093,"=AVERAGE($G$2:$G$1001)","=AVERAGE($D$2:$D$1001)","=IFERROR(($AT393-G393)/$AT393,0)","=IFERROR(($AU393-D393)/$AU393,0)","=$AU393-D393"
Newly Renovated Condo with Easy Access to Pool,RedAwning,,28384,40134,354.8,50.31,281,2,2,4,true,false,false,true,true,false,true,Home/Apartment,Condominium (condo),Apt/Condo/Loft,5,8,2,21+,Luxury,false,600,true,80,13,2026-04-14,Amelia/St. Simons/Jekyll Islands,Fernandina Beach,Fernandina Beach,Florida,32034,United States,coastal,https://www.airbnb.com/rooms/37604713,https://a0.muscache.com/im/pictures/prohost-api/Hosting-37604713/original/2762b214-a53c-4861-813a-430013719fea.jpeg,37604713,7469756ha,30.638,-81.4417,"=AVERAGE($G$2:$G$1001)","=AVERAGE($D$2:$D$1001)","=IFERROR(($AT394-G394)/$AT394,0)","=IFERROR(($AU394-D394)/$AU394,0)","=$AU394-D394"
309 Oceans of Amelia 2 Bed/2 Bath Oceanfront condo,ERA Fernandina Beach Realty,,28214,47012,470.23,44.44,252,2,2,6,true,false,false,true,true,false,true,Home/Apartment,Condominium (condo),Apt/Condo/Loft,4.25,21,2,21+,Luxury,false,520,true,60,13,2026-05-14,Amelia/St. Simons/Jekyll Islands,Fernandina Beach,Fernandina Beach,Florida,32034,United States,coastal,https://www.airbnb.com/rooms/35031506,https://a0.muscache.com/im/pictures/prohost-api/Hosting-35031506/original/87b4a05c-f4e7-4936-aa84-4376cab3ae7b.jpeg,35031506,4702924ha,30.66127,-81.43157,"=AVERAGE($G$2:$G$1001)","=AVERAGE($D$2:$D$1001)","=IFERROR(($AT395-G395)/$AT395,0)","=IFERROR(($AU395-D395)/$AU395,0)","=$AU395-D395"
Tropical Paradise Condo with Corner Shore View,RedAwning,,28107,51103,638.8,53.66,302,2,2,6,true,false,false,true,true,false,true,Home/Apartment,Condominium (condo),Apt/Condo/Loft,4,1,7,21+,Luxury,false,496,true,44,7,2026-04-15,Amelia/St. Simons/Jekyll Islands,Fernandina Beach,Fernandina Beach,Florida,32034,United States,coastal,https://www.airbnb.com/rooms/619346548924606282,https://a0.muscache.com/im/pictures/prohost-api/Hosting-619346548924606282/original/70e83c07-e275-4917-a873-685a78ad04c9.jpeg,619346548924606282,4900986ha,30.6196,-81.4401,"=AVERAGE($G$2:$G$1001)","=AVERAGE($D$2:$D$1001)","=IFERROR(($AT396-G396)/$AT396,0)","=IFERROR(($AU396-D396)/$AU396,0)","=$AU396-D396"
7Th Floor Corner Oceanfront Condo!,ERA Fernandina Beach Realty,,28055,54110,609.89,30.87,229,2,2,4,true,false,false,true,true,false,true,Home/Apartment,Condominium (condo),Apt/Condo/Loft,4,2,7,21+,Luxury,false,529,true,46,9,2026-05-13,Amelia/St. Simons/Jekyll Islands,Fernandina Beach,Fernandina Beach,Florida,32034,United States,coastal,https://www.airbnb.com/rooms/35031827,https://a0.muscache.com/im/pictures/prohost-api/Hosting-35031827/original/dde5d9c5-9a1e-431a-a976-3b33034c1de7.jpeg,35031827,,30.62025,-81.44098,"=AVERAGE($G$2:$G$1001)","=AVERAGE($D$2:$D$1001)","=IFERROR(($AT397-G397)/$AT397,0)","=IFERROR(($AU397-D397)/$AU397,0)","=$AU397-D397"
"Clean & Cozy Home With Oceanfront Views, Shared Pool, Free WiFi, Central AC",Vacasa,,27957,29478,297.41,66.67,141,1,1,4,true,false,false,true,true,false,true,Home/Apartment,Condominium (condo),Apt/Condo/Loft,4.9,54,3,21+,Luxury,false,133,true,94,24,2025-10-02,Amelia/St. Simons/Jekyll Islands,Fernandina Beach,Fernandina Beach,Florida,32034,United States,coastal,https://www.vrbo.com/2564129,"https://media.vrbo.com/lodging/74000000/73290000/73283900/73283813/89a2c5ed.jpg?impolicy=resizecrop&rw=1200&ra=fit",,2564129,30.55711,-81.44356,"=AVERAGE($G$2:$G$1001)","=AVERAGE($D$2:$D$1001)","=IFERROR(($AT398-G398)/$AT398,0)","=IFERROR(($AU398-D398)/$AU398,0)","=$AU398-D398"
Ocean Place 73 - The Silver Palmetto,Amelia Island Beach Vacations ,,27865,42094,506.64,25.46,260,2,2,6,true,false,false,true,true,false,true,Home/Apartment,Condominium (condo),Apt/Condo/Loft,4.9,7,3,6-20,Luxury,true,310,true,55,15,2026-05-14,Amelia/St. Simons/Jekyll Islands,Fernandina Beach,Fernandina Beach,Florida,32034,United States,coastal,https://www.airbnb.com/rooms/1383522470728936279,https://a0.muscache.com/im/pictures/prohost-api/Hosting-1383522470728936279/original/14ae12ee-c1c7-45b0-8ad5-82ddc58f5190.jpeg,1383522470728936279,4500132,30.5923485047,-81.4446686902,"=AVERAGE($G$2:$G$1001)","=AVERAGE($D$2:$D$1001)","=IFERROR(($AT399-G399)/$AT399,0)","=IFERROR(($AU399-D399)/$AU399,0)","=$AU399-D399"
Sapelo Island Birdhouse Cottage,131229761,,27623,28536,394.61,25.45,351,2,2,6,true,false,false,true,true,true,false,Home/Apartment,Cottage,House/villa,4.9,44,2,6-20,Luxury,true,124,false,70,18,2026-05-17,Amelia/St. Simons/Jekyll Islands,Darien,Sapelo Island,Georgia,31327,United States,coastal,https://www.airbnb.com/rooms/31122766,https://a0.muscache.com/im/pictures/335d9829-a63a-409d-a264-53b195dab462.jpg,31122766,,31.47723,-81.24184,"=AVERAGE($G$2:$G$1001)","=AVERAGE($D$2:$D$1001)","=IFERROR(($AT400-G400)/$AT400,0)","=IFERROR(($AU400-D400)/$AU400,0)","=$AU400-D400"
"Ocean-view 4th-floor condo with balcony, outdoor pool & central AC",Vacasa,,27462,37041,442.94,50,126,2,2,8,true,false,false,true,true,false,true,Home/Apartment,Condominium (condo),Apt/Condo/Loft,4.2,21,2,21+,Luxury,false,208,true,62,17,2025-10-02,Amelia/St. Simons/Jekyll Islands,Fernandina Beach,Fernandina Beach,Florida,32034,United States,coastal,https://www.vrbo.com/2564214,"https://media.vrbo.com/lodging/74000000/73290000/73286100/73286046/64e03968.jpg?impolicy=resizecrop&rw=1200&ra=fit",,2564214,30.5506,-81.4435,"=AVERAGE($G$2:$G$1001)","=AVERAGE($D$2:$D$1001)","=IFERROR(($AT401-G401)/$AT401,0)","=IFERROR(($AU401-D401)/$AU401,0)","=$AU401-D401"
"Oceanfront Condo with Great Ocean View, Balcony, Fast WiFi & 2 Shared Pools",Vacasa,,27345,28701,488.3,50.91,110,2,2,6,true,false,false,true,true,false,true,Home/Apartment,Condominium (condo),Apt/Condo/Loft,4.3,40,4,21+,Luxury,false,195,true,56,12,2025-10-01,Amelia/St. Simons/Jekyll Islands,Fernandina Beach,Fernandina Beach,Florida,32034,United States,coastal,https://www.vrbo.com/2564097,"https://media.vrbo.com/lodging/74000000/73290000/73283000/73282919/1a0a9955.jpg?impolicy=resizecrop&rw=1200&ra=fit",,2564097,30.59217,-81.44422,"=AVERAGE($G$2:$G$1001)","=AVERAGE($D$2:$D$1001)","=IFERROR(($AT402-G402)/$AT402,0)","=IFERROR(($AU402-D402)/$AU402,0)","=$AU402-D402"
Oceanfront 2BR | Dog Friendly | Pool | Views,Vacasa,,27245,46144,446.64,36.09,283,2,2,4,true,false,false,true,true,true,true,Home/Apartment,House,House/villa,4.45,56,3,21+,Luxury,false,249,true,61,14,2026-05-13,Amelia/St. Simons/Jekyll Islands,Fernandina Beach,Fernandina Beach,Florida,32034,United States,coastal,https://www.airbnb.com/rooms/21780050,https://a0.muscache.com/im/pictures/prohost-api/Hosting-21780050/original/2b329aa8-c8be-4f8a-86b4-a7182bcdd56e.jpeg,21780050,4864340,30.54816,-81.44383,"=AVERAGE($G$2:$G$1001)","=AVERAGE($D$2:$D$1001)","=IFERROR(($AT403-G403)/$AT403,0)","=IFERROR(($AU403-D403)/$AU403,0)","=$AU403-D403"
3e Amelia Landings,RedAwning,,27024,38845,422.25,41.29,292,2,2,4,true,false,false,true,true,false,true,Home/Apartment,Condominium (condo),Apt/Condo/Loft,4.2,6,2,21+,Luxury,false,468,true,64,16,2026-04-18,Amelia/St. Simons/Jekyll Islands,Fernandina Beach,Fernandina Beach,Florida,32034,United States,coastal,https://www.airbnb.com/rooms/843303158158436126,https://a0.muscache.com/im/pictures/prohost-api/Hosting-843303158158436126/original/05be34fe-3dcf-4042-8207-81269a295b39.jpeg,843303158158436126,9799465ha,30.6378,-81.4414,"=AVERAGE($G$2:$G$1001)","=AVERAGE($D$2:$D$1001)","=IFERROR(($AT404-G404)/$AT404,0)","=IFERROR(($AU404-D404)/$AU404,0)","=$AU404-D404"
Lovely 3BR Oceanfront | Balcony | Pool,Vacasa,,26881,36436,420.02,83.12,84,2,3,6,true,false,false,true,true,false,true,Home/Apartment,House,House/villa,4.85,20,3,21+,Luxury,false,259,true,64,10,2026-05-13,Amelia/St. Simons/Jekyll Islands,Fernandina Beach,Fernandina Beach,Florida,32034,United States,coastal,https://www.airbnb.com/rooms/21783535,https://a0.muscache.com/im/pictures/prohost-api/Hosting-21783535/original/6b5497b4-66c3-4488-9dc8-640ec48d12b2.jpeg,21783535,4864280,30.54153,-81.44242,"=AVERAGE($G$2:$G$1001)","=AVERAGE($D$2:$D$1001)","=IFERROR(($AT405-G405)/$AT405,0)","=IFERROR(($AU405-D405)/$AU405,0)","=$AU405-D405"
2 Bedroom/2 Bath Luxury Villa,ERA Fernandina Beach Realty,,26813,31654,623.56,31.16,301,2,2,4,true,false,false,true,true,false,true,Home/Apartment,House,House/villa,4.75,24,2,21+,Luxury,false,885,true,43,7,2026-05-13,Amelia/St. Simons/Jekyll Islands,Fernandina Beach,Fernandina Beach,Florida,32034,United States,coastal,https://www.airbnb.com/rooms/35031855,https://a0.muscache.com/im/pictures/prohost-api/Hosting-35031855/original/49f0ec8f-13f4-466d-814d-fb43fed0b8e9.jpeg,35031855,7685239ha,30.57609,-81.45078,"=AVERAGE($G$2:$G$1001)","=AVERAGE($D$2:$D$1001)","=IFERROR(($AT406-G406)/$AT406,0)","=IFERROR(($AU406-D406)/$AU406,0)","=$AU406-D406"
Villa 315 - the Eagles Nest,Jekyll Realty,,26741,49170,411.4,59.63,138,2,1,6,true,true,false,true,true,false,true,Home/Apartment,Condominium (condo),Apt/Condo/Loft,4.75,12,3,21+,Luxury,false,279,true,65,16,2025-11-20,Amelia/St. Simons/Jekyll Islands,Jekyll Island,Jekyll Island,Georgia,31527,United States,coastal,https://www.airbnb.com/rooms/1034641328851813285,https://a0.muscache.com/im/pictures/prohost-api/Hosting-1034641328851813285/original/92a7c3f7-f00e-471e-bffc-e68b5513bdd9.jpeg,1034641328851813285,3491890,31.096758,-81.404144,"=AVERAGE($G$2:$G$1001)","=AVERAGE($D$2:$D$1001)","=IFERROR(($AT407-G407)/$AT407,0)","=IFERROR(($AU407-D407)/$AU407,0)","=$AU407-D407"
"Elegant, oceanfront condo with balcony, washer/dryer & on-site pool",Vacasa,,26494,48215,481.71,52.88,104,2,2,4,true,false,false,true,true,false,true,Home/Apartment,Condominium (condo),Apt/Condo/Loft,4.6,9,3,21+,Luxury,false,185,true,55,13,2025-10-01,Amelia/St. Simons/Jekyll Islands,Fernandina Beach,Fernandina Beach,Florida,32034,United States,coastal,https://www.vrbo.com/2564058,"https://media.vrbo.com/lodging/74000000/73290000/73281900/73281900/4599c52e.jpg?impolicy=resizecrop&rw=1200&ra=fit",,2564058,30.59169,-81.44416,"=AVERAGE($G$2:$G$1001)","=AVERAGE($D$2:$D$1001)","=IFERROR(($AT408-G408)/$AT408,0)","=IFERROR(($AU408-D408)/$AU408,0)","=$AU408-D408"
Ocean View Amelia Island Condo | Beach & Pool,Vacasa,,26484,27147,357.89,44.85,207,2,2,4,true,false,false,true,true,false,true,Home/Apartment,House,House/villa,4.75,11,3,21+,Luxury,false,249,true,74,14,2026-05-13,Amelia/St. Simons/Jekyll Islands,Fernandina Beach,Fernandina Beach,Florida,32034,United States,coastal,https://www.airbnb.com/rooms/12934539,https://a0.muscache.com/im/pictures/prohost-api/Hosting-12934539/original/d978bc0f-4132-4fd4-b562-c7704fd8a27b.jpeg,12934539,4864327,30.59238,-81.44483,"=AVERAGE($G$2:$G$1001)","=AVERAGE($D$2:$D$1001)","=IFERROR(($AT409-G409)/$AT409,0)","=IFERROR(($AU409-D409)/$AU409,0)","=$AU409-D409"
Renovated 1 Bedroom Shipwatch,Amelia Island Rentals,,26366,40885,269.04,75.38,142,1,1,4,true,false,false,true,true,false,true,Home/Apartment,Condominium (condo),Apt/Condo/Loft,4.6,34,3,21+,Luxury,false,161,false,98,19,2025-08-10,Amelia/St. Simons/Jekyll Islands,Fernandina Beach,Fernandina Beach,Florida,32034,United States,coastal,https://www.airbnb.com/rooms/19267015,https://a0.muscache.com/im/pictures/prohost-api/Hosting-19267015/original/5959a53f-3e3a-4519-942f-b61b515fea5b.jpeg,19267015,2191683,30.54863,-81.4422,"=AVERAGE($G$2:$G$1001)","=AVERAGE($D$2:$D$1001)","=IFERROR(($AT410-G410)/$AT410,0)","=IFERROR(($AU410-D410)/$AU410,0)","=$AU410-D410"
6th Floor. Oceanfront. Pool. 5min walk to Ritz,Miller Rentals,,26358,31144,356.19,74.75,99,1,1,4,true,false,false,true,true,false,true,Home/Apartment,Condominium (condo),Apt/Condo/Loft,4.6,33,1,21+,Luxury,true,252,false,74,15,2026-03-08,Amelia/St. Simons/Jekyll Islands,Fernandina Beach,Fernandina Beach,Florida,32034,United States,coastal,https://www.airbnb.com/rooms/1060216278462059290,https://a0.muscache.com/im/pictures/prohost-api/Hosting-1060216278462059290/original/41eec1b7-34eb-4a59-8d12-56a99dbc5eb4.jpeg,1060216278462059290,3738461,30.59,-81.4449,"=AVERAGE($G$2:$G$1001)","=AVERAGE($D$2:$D$1001)","=IFERROR(($AT411-G411)/$AT411,0)","=IFERROR(($AU411-D411)/$AU411,0)","=$AU411-D411"
"1BR beachfront condo with furnished balcony, pool",Vacasa,,26041,26079,226.44,56.65,211,1,1,6,true,false,false,true,true,false,true,Home/Apartment,House,House/villa,4.8,77,2,21+,Luxury,false,189,true,115,30,2026-05-17,Amelia/St. Simons/Jekyll Islands,Fernandina Beach,Fernandina Beach,Florida,32034,United States,coastal,https://www.airbnb.com/rooms/1076293094215664303,https://a0.muscache.com/im/pictures/prohost-api/Hosting-1076293094215664303/original/698474f3-f3c9-4fd2-84c9-ab1ae353b926.jpeg,1076293094215664303,4864457,30.5587,-81.44372,"=AVERAGE($G$2:$G$1001)","=AVERAGE($D$2:$D$1001)","=IFERROR(($AT412-G412)/$AT412,0)","=IFERROR(($AU412-D412)/$AU412,0)","=$AU412-D412"
"Gated Villas at Summer Beach, Short Walk to Beach",RedAwning,,25685,35105,675.92,33.93,296,2,2,4,true,false,false,true,true,false,true,Home/Apartment,Condominium (condo),Apt/Condo/Loft,4.5,2,2,21+,Luxury,false,900,true,38,6,2026-04-19,Amelia/St. Simons/Jekyll Islands,Fernandina Beach,Fernandina Beach,Florida,32034,United States,coastal,https://www.airbnb.com/rooms/37604604,https://a0.muscache.com/im/pictures/prohost-api/Hosting-37604604/original/f8ba903f-99df-4c90-a7c9-daaafd065068.jpeg,37604604,,30.5754,-81.45,"=AVERAGE($G$2:$G$1001)","=AVERAGE($D$2:$D$1001)","=IFERROR(($AT413-G413)/$AT413,0)","=IFERROR(($AU413-D413)/$AU413,0)","=$AU413-D413"
Oceanfront Condominium with Great Amenities,Hodnett Cooper Vacation Rentals,,25330,52806,477.92,53.54,264,2,2,6,true,true,true,true,true,false,true,Home/Apartment,Condominium (condo),Apt/Condo/Loft,4.6,25,2,21+,Luxury,true,319,true,53,13,2026-05-13,Amelia/St. Simons/Jekyll Islands,Saint Simons Island,Saint Simons Island,Georgia,31522,United States,coastal,https://www.airbnb.com/rooms/32893476,https://a0.muscache.com/im/pictures/prohost-api/Hosting-32893476/original/85b27e03-d418-4800-bf56-ac1ae2a916b7.jpeg,32893476,1585311,31.1435,-81.37505,"=AVERAGE($G$2:$G$1001)","=AVERAGE($D$2:$D$1001)","=IFERROR(($AT414-G414)/$AT414,0)","=IFERROR(($AU414-D414)/$AU414,0)","=$AU414-D414"
Ameila Island Plantation Condo with Oceanfront Balcony,Vacasa,,25165,37144,289.25,87.88,99,1,1,4,true,false,false,true,true,true,true,Home/Apartment,Condominium (condo),Apt/Condo/Loft,4.7,18,2,21+,Luxury,false,123,true,87,23,2025-10-02,Amelia/St. Simons/Jekyll Islands,Fernandina Beach,Fernandina Beach,Florida,32034,United States,coastal,https://www.vrbo.com/4076580,"https://media.vrbo.com/lodging/107000000/106530000/106524400/106524313/27bf72ae.jpg?impolicy=resizecrop&rw=1200&ra=fit",,4076580,30.55729,-81.44366,"=AVERAGE($G$2:$G$1001)","=AVERAGE($D$2:$D$1001)","=IFERROR(($AT415-G415)/$AT415,0)","=IFERROR(($AU415-D415)/$AU415,0)","=$AU415-D415"
Walk to Beach 2BR Oceanfront 2nd-Floor | Balcony,Vacasa,,25085,26960,275.66,53.53,226,2,2,6,true,false,false,true,true,false,true,Home/Apartment,House,House/villa,4.65,83,3,21+,Luxury,false,254,true,91,16,2026-05-15,Amelia/St. Simons/Jekyll Islands,Fernandina Beach,Fernandina Beach,Florida,32034,United States,coastal,https://www.airbnb.com/rooms/1502210935911833210,https://a0.muscache.com/im/pictures/prohost-api/Hosting-1502210935911833210/original/bb07620e-2ea9-44a3-9697-bfbccb0b3149.jpeg,1502210935911833210,4864375,30.6203,-81.43943,"=AVERAGE($G$2:$G$1001)","=AVERAGE($D$2:$D$1001)","=IFERROR(($AT416-G416)/$AT416,0)","=IFERROR(($AU416-D416)/$AU416,0)","=$AU416-D416"
1st Floor/Ocean Front condo/Sleeps 6/Pool,ERA Fernandina Beach Realty,,25057,38528,501.14,39.06,275,2,2,6,true,false,false,true,true,false,true,Home/Apartment,Condominium (condo),Apt/Condo/Loft,5,23,2,21+,Luxury,false,710,true,50,10,2026-05-13,Amelia/St. Simons/Jekyll Islands,Fernandina Beach,Fernandina Beach,Florida,32034,United States,coastal,https://www.airbnb.com/rooms/35031822,https://a0.muscache.com/im/pictures/prohost-api/Hosting-35031822/original/8a70a398-57e7-4694-92cc-824a0d1c52fc.jpeg,35031822,4702926ha,30.66245,-81.43276,"=AVERAGE($G$2:$G$1001)","=AVERAGE($D$2:$D$1001)","=IFERROR(($AT417-G417)/$AT417,0)","=IFERROR(($AU417-D417)/$AU417,0)","=$AU417-D417"
La Retraite 365 twnhme lwr fl  shared entr laudry,62038895,,25033,30072,272.1,60.93,281,2,2,4,true,false,false,true,true,false,false,Home/Apartment,Guest suite,House/villa,5,174,2,6-20,Luxury,false,136,false,92,14,2025-11-04,Amelia/St. Simons/Jekyll Islands,Fernandina Beach,Fernandina Beach,Florida,32034,United States,coastal,https://www.airbnb.com/rooms/44476701,https://a0.muscache.com/im/pictures/d70e386b-04ae-4d28-8598-b7d6e8b27b97.jpg,44476701,210693,30.66283,-81.43211,"=AVERAGE($G$2:$G$1001)","=AVERAGE($D$2:$D$1001)","=IFERROR(($AT418-G418)/$AT418,0)","=IFERROR(($AU418-D418)/$AU418,0)","=$AU418-D418"
2 bed/2 bath condo located within the Omni,Amelia Island Rentals,,25030,25391,309.01,36.49,361,1,2,6,true,false,false,true,true,false,true,Home/Apartment,Condominium (condo),Apt/Condo/Loft,3.9,7,3,21+,Luxury,false,133,false,81,24,2026-05-17,Amelia/St. Simons/Jekyll Islands,Fernandina Beach,Fernandina Beach,Florida,32034,United States,coastal,https://www.airbnb.com/rooms/53126400,https://a0.muscache.com/im/pictures/prohost-api/Hosting-53126400/original/7dbbaaca-6bfb-4967-8ff7-e1022b4270ce.jpeg,53126400,2758511,30.56154,-81.44512,"=AVERAGE($G$2:$G$1001)","=AVERAGE($D$2:$D$1001)","=IFERROR(($AT419-G419)/$AT419,0)","=IFERROR(($AU419-D419)/$AU419,0)","=$AU419-D419"
2nd Floor/Oceanfront 2bed/2bath/Sleeps 6/Pool,ERA Fernandina Beach Realty,,24749,33754,494.98,42.02,281,2,2,6,true,false,false,true,true,false,true,Home/Apartment,Condominium (condo),Apt/Condo/Loft,5,3,2,21+,Luxury,false,514,true,50,12,2026-05-14,Amelia/St. Simons/Jekyll Islands,Fernandina Beach,Fernandina Beach,Florida,32034,United States,coastal,https://www.airbnb.com/rooms/35031226,https://a0.muscache.com/im/pictures/prohost-api/Hosting-35031226/original/8cd58d9e-1229-4dfe-9730-60e92683cc34.jpeg,35031226,,30.66268,-81.4308,"=AVERAGE($G$2:$G$1001)","=AVERAGE($D$2:$D$1001)","=IFERROR(($AT420-G420)/$AT420,0)","=IFERROR(($AU420-D420)/$AU420,0)","=$AU420-D420"
Secluded Condo W/wooded Views &Access to the Beach,RedAwning,,24679,36452,448.71,36.18,264,2,2,4,false,false,false,true,false,false,false,Home/Apartment,Condominium (condo),Apt/Condo/Loft,0,0,2,21+,Luxury,false,422,true,55,13,2026-04-18,Amelia/St. Simons/Jekyll Islands,Fernandina Beach,Fernandina Beach,Florida,32034,United States,coastal,https://www.airbnb.com/rooms/37604532,https://a0.muscache.com/im/pictures/prohost-api/Hosting-37604532/original/0fb67451-afd2-4212-95b6-00b82c5c2a34.jpeg,37604532,,30.638,-81.4417,"=AVERAGE($G$2:$G$1001)","=AVERAGE($D$2:$D$1001)","=IFERROR(($AT421-G421)/$AT421,0)","=IFERROR(($AU421-D421)/$AU421,0)","=$AU421-D421"
Direct ocean views overlooking the Atlantic Ocean and King & Prince resort grounds.,Hodnett Cooper,,24646,30489,424.93,53.7,108,2,2,6,true,false,false,true,true,false,true,Home/Apartment,Condominium (condo),Apt/Condo/Loft,4.6,34,3,21+,Luxury,false,150,true,58,16,2025-10-12,Amelia/St. Simons/Jekyll Islands,Saint Simons Island,Saint Simons Island,Georgia,31522,United States,coastal,https://www.vrbo.com/2086718,"https://media.vrbo.com/lodging/60000000/59150000/59142100/59142017/0eddea0b.jpg?impolicy=resizecrop&rw=1200&ra=fit",,2086718,31.13859,-81.38029,"=AVERAGE($G$2:$G$1001)","=AVERAGE($D$2:$D$1001)","=IFERROR(($AT422-G422)/$AT422,0)","=IFERROR(($AU422-D422)/$AU422,0)","=$AU422-D422"
2585 Forest Ridge,RedAwning,,24464,26204,470.46,30.06,258,2,1,6,true,false,false,true,true,true,true,Home/Apartment,Condominium (condo),Apt/Condo/Loft,5,1,2,21+,Luxury,false,431,true,52,11,2026-04-16,Amelia/St. Simons/Jekyll Islands,Fernandina Beach,Fernandina Beach,Florida,32034,United States,coastal,https://www.airbnb.com/rooms/1385434486356778789,https://a0.muscache.com/im/pictures/prohost-api/Hosting-1385434486356778789/original/0d6a400d-2faa-4cda-8b38-80eb1e751a83.jpeg,1385434486356778789,,30.6331,-81.4407,"=AVERAGE($G$2:$G$1001)","=AVERAGE($D$2:$D$1001)","=IFERROR(($AT423-G423)/$AT423,0)","=IFERROR(($AU423-D423)/$AU423,0)","=$AU423-D423"
"Amelia Landings Condo W/ Pool, Walk to the Beach",RedAwning,,24324,50259,458.94,63.1,207,2,2,4,true,false,false,true,true,false,true,Home/Apartment,Condominium (condo),Apt/Condo/Loft,3,1,2,21+,Luxury,false,427,true,53,8,2026-04-15,Amelia/St. Simons/Jekyll Islands,Fernandina Beach,Fernandina Beach,Florida,32034,United States,coastal,https://www.airbnb.com/rooms/37604570,https://a0.muscache.com/im/pictures/prohost-api/Hosting-37604570/original/f0862c61-f03f-4188-9463-11445ec74f77.jpeg,37604570,,30.6394,-81.442,"=AVERAGE($G$2:$G$1001)","=AVERAGE($D$2:$D$1001)","=IFERROR(($AT424-G424)/$AT424,0)","=IFERROR(($AU424-D424)/$AU424,0)","=$AU424-D424"
"Oceanfront condo with balcony, AC, views & outdoor pool - dog-friendly",Vacasa,,24237,27713,515.68,37.3,127,2,2,4,true,false,false,true,true,false,true,Home/Apartment,Condominium (condo),Apt/Condo/Loft,4.3,46,3,21+,Luxury,false,195,true,47,10,2025-10-05,Amelia/St. Simons/Jekyll Islands,Fernandina Beach,Fernandina Beach,Florida,32034,United States,coastal,https://www.vrbo.com/2564181,"https://media.vrbo.com/lodging/74000000/73290000/73285400/73285356/661bdce6.jpg?impolicy=resizecrop&rw=1200&ra=fit",,2564181,30.54801,-81.44305,"=AVERAGE($G$2:$G$1001)","=AVERAGE($D$2:$D$1001)","=IFERROR(($AT425-G425)/$AT425,0)","=IFERROR(($AU425-D425)/$AU425,0)","=$AU425-D425"
Just across the street from the Beach!,Hodnett Cooper,,24028,24777,252.93,28.11,348,1,1,4,true,false,false,true,true,false,true,Home/Apartment,Condominium (condo),Apt/Condo/Loft,5,1,2,21+,Luxury,false,59,true,95,28,2026-02-08,Amelia/St. Simons/Jekyll Islands,Saint Simons Island,Saint Simons Island,Georgia,31522,United States,coastal,https://www.vrbo.com/4428527,"https://media.vrbo.com/lodging/113000000/112980000/112978100/112978072/6d2a8a21.jpg?impolicy=resizecrop&rw=1200&ra=fit",,4428527,31.13728,-81.38376,"=AVERAGE($G$2:$G$1001)","=AVERAGE($D$2:$D$1001)","=IFERROR(($AT426-G426)/$AT426,0)","=IFERROR(($AU426-D426)/$AU426,0)","=$AU426-D426"
0.2 miles to the Beach! | New Retro Duplex,Covenant Property Management,,23862,34787,265.13,35.71,311,1,1,4,true,false,false,true,true,false,false,Home/Apartment,Townhouse,Apt/Condo/Loft,4.85,28,2,21+,Luxury,true,376,true,90,19,2026-05-16,Amelia/St. Simons/Jekyll Islands,Saint Simons Island,Saint Simons Island,Georgia,31522,United States,coastal,https://www.airbnb.com/rooms/1015943594125993040,https://a0.muscache.com/im/pictures/hosting/Hosting-1015943594125993040/original/c6968de3-3e09-4850-8f7c-fbd69495ea7c.jpeg,1015943594125993040,3688786,31.13674,-81.38928,"=AVERAGE($G$2:$G$1001)","=AVERAGE($D$2:$D$1001)","=IFERROR(($AT427-G427)/$AT427,0)","=IFERROR(($AU427-D427)/$AU427,0)","=$AU427-D427"
"Oceanfront condo with spacious balcony, great views, AC & outdoor pool",Vacasa,,23624,27610,429.53,55.56,126,2,2,4,true,false,false,true,true,false,true,Home/Apartment,Condominium (condo),Apt/Condo/Loft,3.9,8,3,21+,Luxury,false,147,true,55,10,2025-10-04,Amelia/St. Simons/Jekyll Islands,Fernandina Beach,Fernandina Beach,Florida,32034,United States,coastal,https://www.vrbo.com/2564164,"https://media.vrbo.com/lodging/74000000/73290000/73285000/73284940/6c57639a.jpg?impolicy=resizecrop&rw=1200&ra=fit",,2564164,30.54801,-81.44305,"=AVERAGE($G$2:$G$1001)","=AVERAGE($D$2:$D$1001)","=IFERROR(($AT428-G428)/$AT428,0)","=IFERROR(($AU428-D428)/$AU428,0)","=$AU428-D428"
Updated condo with pool & steps to village,Hodnett Cooper Vacation Rentals,,23573,24843,287.48,28.08,345,1,1,4,true,false,false,true,true,true,true,Home/Apartment,Condominium (condo),Apt/Condo/Loft,5,4,3,21+,Luxury,true,310,true,82,20,2026-05-14,Amelia/St. Simons/Jekyll Islands,Saint Simons Island,Saint Simons Island,Georgia,31522,United States,coastal,https://www.airbnb.com/rooms/1412459418152639008,https://a0.muscache.com/im/pictures/prohost-api/Hosting-1412459418152639008/original/7911d3dc-c25a-4328-995f-a960beb91901.jpeg,1412459418152639008,4550211,31.1367795214,-81.3977765805,"=AVERAGE($G$2:$G$1001)","=AVERAGE($D$2:$D$1001)","=IFERROR(($AT429-G429)/$AT429,0)","=IFERROR(($AU429-D429)/$AU429,0)","=$AU429-D429"
Dog Friendly 2BR Across From Beach | Pool,Vacasa,,23183,26660,254.76,50.28,184,2,2,4,true,false,false,true,true,true,true,Home/Apartment,House,House/villa,4.8,58,3,21+,Luxury,false,186,true,91,20,2026-05-16,Amelia/St. Simons/Jekyll Islands,Fernandina Beach,Fernandina Beach,Florida,32034,United States,coastal,https://www.airbnb.com/rooms/31114688,https://a0.muscache.com/im/pictures/prohost-api/Hosting-31114688/original/e912fd8f-86f8-47f1-8671-b9a49f469d4d.jpeg,31114688,4864282,30.56288,-81.44501,"=AVERAGE($G$2:$G$1001)","=AVERAGE($D$2:$D$1001)","=IFERROR(($AT430-G430)/$AT430,0)","=IFERROR(($AU430-D430)/$AU430,0)","=$AU430-D430"
"Beachfront condo with beach access, balcony, AC, pool & tennis",Vacasa,,22901,27183,477.1,36.64,133,2,2,4,true,false,false,true,true,false,true,Home/Apartment,Condominium (condo),Apt/Condo/Loft,4.7,12,3,21+,Luxury,false,205,true,48,12,2025-10-03,Amelia/St. Simons/Jekyll Islands,Fernandina Beach,Fernandina Beach,Florida,32034,United States,coastal,https://www.vrbo.com/2564180,"https://media.vrbo.com/lodging/74000000/73290000/73285400/73285332/7ba7a9f5.jpg?impolicy=resizecrop&rw=1200&ra=fit",,2564180,30.54271,-81.44239,"=AVERAGE($G$2:$G$1001)","=AVERAGE($D$2:$D$1001)","=IFERROR(($AT431-G431)/$AT431,0)","=IFERROR(($AU431-D431)/$AU431,0)","=$AU431-D431"
Turtle Dunes studio condo steps from the beach,Vacasa,,22777,23249,253.08,48.65,207,1,1,4,true,false,false,false,true,false,true,Home/Apartment,House,House/villa,4.8,39,2,21+,Luxury,false,169,true,90,28,2026-05-11,Amelia/St. Simons/Jekyll Islands,Fernandina Beach,Fernandina Beach,Florida,32034,United States,coastal,https://www.airbnb.com/rooms/18221062,https://a0.muscache.com/im/pictures/prohost-api/Hosting-18221062/original/1f0538a4-c8b8-427d-8ccb-b49ba8ddc253.jpeg,18221062,4864296,30.5409,-81.4413,"=AVERAGE($G$2:$G$1001)","=AVERAGE($D$2:$D$1001)","=IFERROR(($AT432-G432)/$AT432,0)","=IFERROR(($AU432-D432)/$AU432,0)","=$AU432-D432"
Villa 302 - Harbor Lights,Jekyll Realty,,22742,43762,385.46,26.82,266,2,1,4,true,true,false,true,true,false,true,Home/Apartment,Condominium (condo),Apt/Condo/Loft,4.4,45,3,21+,Luxury,false,278,true,59,14,2025-11-20,Amelia/St. Simons/Jekyll Islands,Jekyll Island,Jekyll Island,Georgia,31527,United States,coastal,https://www.airbnb.com/rooms/857800682356851140,https://a0.muscache.com/im/pictures/prohost-api/Hosting-857800682356851140/original/a2fbcfe8-3409-4d42-b68d-0f349fa0b848.jpeg,857800682356851140,625959,31.096764,-81.404244,"=AVERAGE($G$2:$G$1001)","=AVERAGE($D$2:$D$1001)","=IFERROR(($AT433-G433)/$AT433,0)","=IFERROR(($AU433-D433)/$AU433,0)","=$AU433-D433"
"Third-floor oceanfront condo with balcony, W/D, pool & tennis",Vacasa,,22735,24572,320.21,53.79,136,1,1,4,true,false,false,true,false,false,true,Home/Apartment,Condominium (condo),Apt/Condo/Loft,4.6,63,3,21+,Luxury,false,123,true,71,17,2025-10-05,Amelia/St. Simons/Jekyll Islands,Fernandina Beach,Fernandina Beach,Florida,32034,United States,coastal,https://www.vrbo.com/2564054,"https://media.vrbo.com/lodging/74000000/73290000/73281900/73281827/34d54788.jpg?impolicy=resizecrop&rw=1200&ra=fit",,2564054,30.5892,-81.44416,"=AVERAGE($G$2:$G$1001)","=AVERAGE($D$2:$D$1001)","=IFERROR(($AT434-G434)/$AT434,0)","=IFERROR(($AU434-D434)/$AU434,0)","=$AU434-D434"
Oceanfront Walk-Out Condo | Patio | Beach Access,Vacasa,,22593,26962,480.7,33.81,344,2,2,4,true,false,false,true,true,false,true,Home/Apartment,House,House/villa,4.8,28,4,21+,Luxury,false,249,true,47,10,2026-05-13,Amelia/St. Simons/Jekyll Islands,Fernandina Beach,Fernandina Beach,Florida,32034,United States,coastal,https://www.airbnb.com/rooms/12906979,https://a0.muscache.com/im/pictures/prohost-api/Hosting-12906979/original/631b664e-7fec-4f5c-b58d-8cbf4ac04035.jpeg,12906979,4864305,30.59136,-81.44323,"=AVERAGE($G$2:$G$1001)","=AVERAGE($D$2:$D$1001)","=IFERROR(($AT435-G435)/$AT435,0)","=IFERROR(($AU435-D435)/$AU435,0)","=$AU435-D435"
1BR w/ ocean view & beach access,Vacasa,,22456,24791,325.45,71.88,97,1,1,2,true,false,false,true,true,true,true,Home/Apartment,House,House/villa,4.7,37,5,21+,Luxury,false,144,true,69,19,2025-10-29,Amelia/St. Simons/Jekyll Islands,Fernandina Beach,Fernandina Beach,Florida,32034,United States,coastal,https://www.airbnb.com/rooms/1064482798952084289,https://a0.muscache.com/im/pictures/prohost-api/Hosting-1064482798952084289/original/6f6e5122-4d7a-4754-8b85-7d4fec35148d.jpeg,1064482798952084289,3800196,30.55629,-81.44289,"=AVERAGE($G$2:$G$1001)","=AVERAGE($D$2:$D$1001)","=IFERROR(($AT436-G436)/$AT436,0)","=IFERROR(($AU436-D436)/$AU436,0)","=$AU436-D436"
2 Bedroom Ocean Front Condo,68206801,,22134,32673,481.17,48.42,258,2,2,6,true,false,false,true,true,false,true,Home/Apartment,Apartment,Apt/Condo/Loft,4.95,131,3,1,Luxury,false,200,false,46,11,2026-05-15,Amelia/St. Simons/Jekyll Islands,Saint Simons Island,Saint Simons Island,Georgia,31522,United States,coastal,https://www.airbnb.com/rooms/1492723598644227620,https://a0.muscache.com/im/pictures/hosting/Hosting-1492723598644227620/original/742e7f97-a70c-49e9-b5c8-c6655c1c8501.jpeg,1492723598644227620,724414,31.13565,-81.39811,"=AVERAGE($G$2:$G$1001)","=AVERAGE($D$2:$D$1001)","=IFERROR(($AT437-G437)/$AT437,0)","=IFERROR(($AU437-D437)/$AU437,0)","=$AU437-D437"
"301 Terraces ~ 1BR, 2BA Oceanview Condo",A1A Beach Vacations,,21641,55548,309.16,75.27,95,1,2,6,true,false,false,true,true,false,true,Home/Apartment,Condominium (condo),Apt/Condo/Loft,0,0,1,21+,Luxury,true,155,true,70,12,2025-07-23,Amelia/St. Simons/Jekyll Islands,Fernandina Beach,Fernandina Beach,Florida,32034,United States,coastal,https://www.airbnb.com/rooms/1408797649671671743,https://a0.muscache.com/im/pictures/prohost-api/Hosting-1408797649671671743/original/1162807f-40b2-4904-beda-c42f9b89015c.jpeg,1408797649671671743,4557358,30.66594,-81.43059,"=AVERAGE($G$2:$G$1001)","=AVERAGE($D$2:$D$1001)","=IFERROR(($AT438-G438)/$AT438,0)","=IFERROR(($AU438-D438)/$AU438,0)","=$AU438-D438"
Windsong Ocean Front 2 Bedroom Condo,Amelia Island Rentals,,21352,44243,496.56,52.44,131,2,2,4,true,false,false,true,true,false,true,Home/Apartment,House,House/villa,3.35,3,5,21+,Luxury,false,249,false,43,10,2026-05-16,Amelia/St. Simons/Jekyll Islands,Fernandina Beach,Fernandina Beach,Florida,32034,United States,coastal,https://www.airbnb.com/rooms/615015569918364034,https://a0.muscache.com/im/pictures/prohost-api/Hosting-615015569918364034/original/df1e675c-0979-4577-945b-605577fa7e8f.jpeg,615015569918364034,2781599,30.54643,-81.44204,"=AVERAGE($G$2:$G$1001)","=AVERAGE($D$2:$D$1001)","=IFERROR(($AT439-G439)/$AT439,0)","=IFERROR(($AU439-D439)/$AU439,0)","=$AU439-D439"
Coastline Condo W/ Balcony-Enjoy Views of Atlantic,RedAwning,,21076,44132,554.63,37.25,261,2,2,6,true,false,false,true,true,false,true,Home/Apartment,Condominium (condo),Apt/Condo/Loft,5,1,2,21+,Luxury,false,450,true,38,8,2026-04-19,Amelia/St. Simons/Jekyll Islands,Fernandina Beach,Fernandina Beach,Florida,32034,United States,coastal,https://www.airbnb.com/rooms/37603821,https://a0.muscache.com/im/pictures/prohost-api/Hosting-37603821/original/fa600f55-874d-4fc1-8d47-07457e3c0da4.jpeg,37603821,,30.6621,-81.4319,"=AVERAGE($G$2:$G$1001)","=AVERAGE($D$2:$D$1001)","=IFERROR(($AT440-G440)/$AT440,0)","=IFERROR(($AU440-D440)/$AU440,0)","=$AU440-D440"
Oceanfront | Luxury 6th Floor Ocean Place | Fully Renovated | 2 King Beds | Walk to Ritz Carlton,Amelia Island Getaways,,20867,29385,443.98,71.21,113,2,2,4,true,false,false,true,true,false,true,Home/Apartment,Condominium (condo),Apt/Condo/Loft,5,2,3,21+,Luxury,false,175,false,47,11,2026-05-16,Amelia/St. Simons/Jekyll Islands,Fernandina Beach,Fernandina Beach,Florida,32034,United States,coastal,https://www.vrbo.com/4980156,"https://media.vrbo.com/lodging/124000000/123410000/123401800/123401703/212859e7.jpg?impolicy=resizecrop&rw=1200&ra=fit",,4980156,30.590976,-81.445645,"=AVERAGE($G$2:$G$1001)","=AVERAGE($D$2:$D$1001)","=IFERROR(($AT441-G441)/$AT441,0)","=IFERROR(($AU441-D441)/$AU441,0)","=$AU441-D441"
Beautiful Oceanfront 2BR | Pool | Balcony | AC,Vacasa,,20721,32625,390.96,47.32,167,2,2,4,true,false,false,true,true,false,true,Home/Apartment,House,House/villa,4.5,33,3,21+,Luxury,false,249,true,53,9,2026-05-13,Amelia/St. Simons/Jekyll Islands,Fernandina Beach,Fernandina Beach,Florida,32034,United States,coastal,https://www.airbnb.com/rooms/12906760,https://a0.muscache.com/im/pictures/prohost-api/Hosting-12906760/original/eabeefe1-4c48-4de0-bb55-71d34f317290.jpeg,12906760,4864297,30.59085,-81.44515,"=AVERAGE($G$2:$G$1001)","=AVERAGE($D$2:$D$1001)","=IFERROR(($AT442-G442)/$AT442,0)","=IFERROR(($AU442-D442)/$AU442,0)","=$AU442-D442"
Welcome to the Spencer House Inn: Room 201,466575695,,20660,20985,243.06,24.01,358,1,1,2,true,false,false,false,true,false,false,Private Room,Bed & Breakfast,B&B,0,0,1,6-20,Luxury,false,0,true,85,44,2026-05-11,Amelia/St. Simons/Jekyll Islands,Saint Marys,Saint Marys,Georgia,31558,United States,coastal,https://www.airbnb.com/rooms/697167207209010815,https://a0.muscache.com/im/pictures/miso/Hosting-697167207209010815/original/d4bf3cf4-2d15-4cb9-a390-dbed6bfc472d.jpeg,697167207209010815,,30.72109,-81.54821,"=AVERAGE($G$2:$G$1001)","=AVERAGE($D$2:$D$1001)","=IFERROR(($AT443-G443)/$AT443,0)","=IFERROR(($AU443-D443)/$AU443,0)","=$AU443-D443"
444 Amelia by the Sea,RedAwning,,20538,37013,708.21,20.42,200,2,2,8,true,false,false,true,true,false,true,Home/Apartment,Condominium (condo),Apt/Condo/Loft,0,0,2,21+,Luxury,false,503,true,29,9,2026-04-17,Amelia/St. Simons/Jekyll Islands,Fernandina Beach,Fernandina Beach,Florida,32034,United States,coastal,https://www.airbnb.com/rooms/1481103425067359082,https://a0.muscache.com/im/pictures/prohost-api/Hosting-1481103425067359082/original/fbaf179f-4344-41cb-ae77-c28cd12e9335.jpeg,1481103425067359082,,30.6209,-81.4399,"=AVERAGE($G$2:$G$1001)","=AVERAGE($D$2:$D$1001)","=IFERROR(($AT444-G444)/$AT444,0)","=IFERROR(($AU444-D444)/$AU444,0)","=$AU444-D444"
Stunning Views from AIP Sandcastles Penthouse!,Destination Amelia,,20346,22214,432.89,83.93,67,2,2,6,true,false,false,true,true,false,true,Home/Apartment,Condominium (condo),Apt/Condo/Loft,5,2,3,21+,Luxury,true,252,false,47,11,2026-05-14,Amelia/St. Simons/Jekyll Islands,Fernandina Beach,Fernandina Beach,Florida,32034,United States,coastal,https://www.airbnb.com/rooms/1617541358182138288,https://a0.muscache.com/im/pictures/prohost-api/Hosting-1617541358182138288/original/550e8bc4-f880-4db8-8e03-7ba73436c26c.jpeg,1617541358182138288,5085898,30.55716,-81.44399,"=AVERAGE($G$2:$G$1001)","=AVERAGE($D$2:$D$1001)","=IFERROR(($AT445-G445)/$AT445,0)","=IFERROR(($AU445-D445)/$AU445,0)","=$AU445-D445"
Amelia Island 1 BR Seaside Escape at Terraces at Beachside,Seahorse Amelia Vacation Rentals,,20219,39434,449.31,48.91,135,1,1,4,true,false,false,true,true,false,true,Home/Apartment,Condominium (condo),Apt/Condo/Loft,5,2,1,21+,Luxury,false,164,true,45,9,2026-05-12,Amelia/St. Simons/Jekyll Islands,Fernandina Beach,Fernandina Beach,Florida,32034,United States,coastal,https://www.vrbo.com/4739733,"https://media.vrbo.com/lodging/120000000/119420000/119411500/119411481/11a2e9ab.jpg?impolicy=resizecrop&rw=1200&ra=fit",,4739733,30.667118,-81.431289,"=AVERAGE($G$2:$G$1001)","=AVERAGE($D$2:$D$1001)","=IFERROR(($AT446-G446)/$AT446,0)","=IFERROR(($AU446-D446)/$AU446,0)","=$AU446-D446"
NEW! Luxury Oceanfront Retreat/Amelia Island,361088896,,19916,19916,343.38,42.03,181,1,1,2,true,false,false,true,true,false,true,Home/Apartment,Apartment,Apt/Condo/Loft,4.9,10,3,2-5,Luxury,true,249,true,58,18,2026-05-16,Amelia/St. Simons/Jekyll Islands,Fernandina Beach,Fernandina Beach,Florida,32034,United States,coastal,https://www.airbnb.com/rooms/1561889435936363741,https://a0.muscache.com/im/pictures/hosting/Hosting-1561889435936363741/original/21e5150b-5b47-4737-b90a-79bbe3a77647.png,1561889435936363741,4965732,30.5909,-81.4447,"=AVERAGE($G$2:$G$1001)","=AVERAGE($D$2:$D$1001)","=IFERROR(($AT447-G447)/$AT447,0)","=IFERROR(($AU447-D447)/$AU447,0)","=$AU447-D447"
New! 216 Amelia by the Sea,RedAwning,,19902,23890,796.08,52.08,108,2,2,8,true,false,false,true,true,false,true,Home/Apartment,Condominium (condo),Apt/Condo/Loft,0,0,2,21+,Luxury,false,461,false,25,4,2026-04-17,Amelia/St. Simons/Jekyll Islands,Fernandina Beach,Fernandina Beach,Florida,32034,United States,coastal,https://www.airbnb.com/rooms/1603593156783747087,https://a0.muscache.com/im/pictures/prohost-api/Hosting-1603593156783747087/original/8924c964-db87-4e78-a9a5-37b2dfaca94e.jpeg,1603593156783747087,20242856ha,30.6209,-81.4399,"=AVERAGE($G$2:$G$1001)","=AVERAGE($D$2:$D$1001)","=IFERROR(($AT448-G448)/$AT448,0)","=IFERROR(($AU448-D448)/$AU448,0)","=$AU448-D448"
The Greenhouse SSI - Prime Spot,171811269,,19668,21205,364.22,29.19,287,2,1,6,true,false,false,true,true,true,false,Home/Apartment,Cottage,House/villa,4.8,10,3,2-5,Luxury,true,250,true,54,14,2026-05-14,Amelia/St. Simons/Jekyll Islands,Saint Simons Island,Saint Simons Island,Georgia,31522,United States,coastal,https://www.airbnb.com/rooms/1333329648310121044,https://a0.muscache.com/im/pictures/hosting/Hosting-1333329648310121044/original/8feea22c-35a6-4514-9ba8-cb493e88b1bf.jpeg,1333329648310121044,4982778,31.136,-81.3946,"=AVERAGE($G$2:$G$1001)","=AVERAGE($D$2:$D$1001)","=IFERROR(($AT449-G449)/$AT449,0)","=IFERROR(($AU449-D449)/$AU449,0)","=$AU449-D449"
Radiant Sandcastles Beachfront,250911649,,19644,19644,4911,10.53,365,1,1,4,true,false,false,true,true,true,true,Home/Apartment,Apartment,Apt/Condo/Loft,0,0,30,6-20,Luxury,true,125,false,4,2,2026-05-14,Amelia/St. Simons/Jekyll Islands,Fernandina Beach,Fernandina Beach,Florida,32034,United States,coastal,https://www.airbnb.com/rooms/965279393683761368,https://a0.muscache.com/im/pictures/miso/Hosting-965279393683761368/original/2ed3bd68-9454-4fc6-a272-8e3b796c102e.jpeg,965279393683761368,3575713,30.5549,-81.4445,"=AVERAGE($G$2:$G$1001)","=AVERAGE($D$2:$D$1001)","=IFERROR(($AT450-G450)/$AT450,0)","=IFERROR(($AU450-D450)/$AU450,0)","=$AU450-D450"
"302 Terraces ~ 1BR, 1BA 3rd Floor Ocean View Condo",A1A Beach Vacations,,19127,39763,303.6,63.64,99,1,1,4,true,false,false,true,true,false,true,Home/Apartment,Condominium (condo),Apt/Condo/Loft,4.65,3,1,21+,Luxury,true,155,true,63,17,2025-07-23,Amelia/St. Simons/Jekyll Islands,Fernandina Beach,Fernandina Beach,Florida,32034,United States,coastal,https://www.airbnb.com/rooms/1408798859372461354,https://a0.muscache.com/im/pictures/prohost-api/Hosting-1408798859372461354/original/0b3af1df-2788-4eb4-8310-3482af6320f9.jpeg,1408798859372461354,4557360,30.667549122,-81.4320668684,"=AVERAGE($G$2:$G$1001)","=AVERAGE($D$2:$D$1001)","=IFERROR(($AT451-G451)/$AT451,0)","=IFERROR(($AU451-D451)/$AU451,0)","=$AU451-D451"
"Luxe, Updated, Oceanfront Condo with Ground-Floor Patio, WiFi & Shared Pool",Vacasa,,19104,54172,597,51.61,85,2,2,4,true,false,false,true,false,false,true,Home/Apartment,Condominium (condo),Apt/Condo/Loft,4.9,33,4,21+,Luxury,false,195,true,32,7,2025-10-04,Amelia/St. Simons/Jekyll Islands,Fernandina Beach,Fernandina Beach,Florida,32034,United States,coastal,https://www.vrbo.com/2564115,"https://media.vrbo.com/lodging/74000000/73290000/73283500/73283418/c70aad45.jpg?impolicy=resizecrop&rw=1200&ra=fit",,2564115,30.59169,-81.44416,"=AVERAGE($G$2:$G$1001)","=AVERAGE($D$2:$D$1001)","=IFERROR(($AT452-G452)/$AT452,0)","=IFERROR(($AU452-D452)/$AU452,0)","=$AU452-D452"
Experience oceanfront luxury at Amelia by the Sea,ERA Fernandina Beach Realty,,19014,33536,594.19,25,206,2,2,8,true,false,false,true,true,false,true,Home/Apartment,Condominium (condo),Apt/Condo/Loft,5,1,2,21+,Luxury,false,1094,true,32,9,2026-05-15,Amelia/St. Simons/Jekyll Islands,Fernandina Beach,Fernandina Beach,Florida,32034,United States,coastal,https://www.airbnb.com/rooms/1478298139083077015,https://a0.muscache.com/im/pictures/prohost-api/Hosting-1478298139083077015/original/c5a2ed0d-0e73-42a9-8a58-8a61d32db7e2.jpeg,1478298139083077015,20181605ha,30.62135,-81.43894,"=AVERAGE($G$2:$G$1001)","=AVERAGE($D$2:$D$1001)","=IFERROR(($AT453-G453)/$AT453,0)","=IFERROR(($AU453-D453)/$AU453,0)","=$AU453-D453"
Oceanfront 4th-Floor 1BR | Pool | Tennis | W/D,Vacasa,,18979,19999,316.32,42.55,144,1,1,2,true,false,false,true,true,false,true,Home/Apartment,House,House/villa,4.4,80,3,21+,Luxury,false,189,true,60,17,2026-04-25,Amelia/St. Simons/Jekyll Islands,Fernandina Beach,Fernandina Beach,Florida,32034,United States,coastal,https://www.airbnb.com/rooms/13003003,https://a0.muscache.com/im/pictures/prohost-api/Hosting-13003003/original/a1a0a901-b66b-417b-818f-0b3739cda404.jpeg,13003003,2564082,30.58888,-81.44325,"=AVERAGE($G$2:$G$1001)","=AVERAGE($D$2:$D$1001)","=IFERROR(($AT454-G454)/$AT454,0)","=IFERROR(($AU454-D454)/$AU454,0)","=$AU454-D454"
NEWLY RENOVATED--Beautiful Ocean-Side Condo - Only Steps to Pool & Beach,Vacasa,,18921,22196,461.49,45.05,110,2,2,4,true,false,false,true,true,false,true,Home/Apartment,Condominium (condo),Apt/Condo/Loft,4.2,14,3,21+,Luxury,false,205,true,41,8,2025-10-01,Amelia/St. Simons/Jekyll Islands,Fernandina Beach,Fernandina Beach,Florida,32034,United States,coastal,https://www.vrbo.com/2564138,"https://media.vrbo.com/lodging/74000000/73290000/73284100/73284072/10ade2cb.jpg?impolicy=resizecrop&rw=1200&ra=fit",,2564138,30.5411,-81.44128,"=AVERAGE($G$2:$G$1001)","=AVERAGE($D$2:$D$1001)","=IFERROR(($AT455-G455)/$AT455,0)","=IFERROR(($AU455-D455)/$AU455,0)","=$AU455-D455"
2BR Oceanfront Condo | Heated Pool | AC | W/D,Vacasa,,18893,21737,337.38,38.36,189,2,2,5,true,false,false,true,true,false,true,Home/Apartment,House,House/villa,4.9,18,3,21+,Luxury,false,249,true,56,11,2026-05-13,Amelia/St. Simons/Jekyll Islands,Fernandina Beach,Fernandina Beach,Florida,32034,United States,coastal,https://www.airbnb.com/rooms/49174644,https://a0.muscache.com/im/pictures/prohost-api/Hosting-49174644/original/3985ffe4-90c9-4def-8bf7-d19f242eb8c2.jpeg,49174644,4864234,30.54827,-81.44367,"=AVERAGE($G$2:$G$1001)","=AVERAGE($D$2:$D$1001)","=IFERROR(($AT456-G456)/$AT456,0)","=IFERROR(($AU456-D456)/$AU456,0)","=$AU456-D456"
"0.1 miles to Beach! Pool, Newly Renovated",Covenant Property Management,,18871,43174,248.3,73.08,104,1,1,2,true,false,false,true,true,false,true,Home/Apartment,Condominium (condo),Apt/Condo/Loft,4.8,20,2,21+,Luxury,true,138,true,76,14,2025-08-31,Amelia/St. Simons/Jekyll Islands,Saint Simons Island,Saint Simons Island,Georgia,31522,United States,coastal,https://www.airbnb.com/rooms/991337958987307524,https://a0.muscache.com/im/pictures/prohost-api/Hosting-991337958987307524/original/de704fac-e111-46c7-be3c-91bc847ad4bb.jpeg,991337958987307524,3627046,31.13683,-81.3863,"=AVERAGE($G$2:$G$1001)","=AVERAGE($D$2:$D$1001)","=IFERROR(($AT457-G457)/$AT457,0)","=IFERROR(($AU457-D457)/$AU457,0)","=$AU457-D457"
Lovely 3rd Floor 2br/2ba Sea Dunes Unit 1653,Amelia Island Rentals,,18849,36565,589.03,51.61,102,2,2,4,true,false,false,true,true,false,true,Home/Apartment,Condominium (condo),Apt/Condo/Loft,4.75,21,3,21+,Luxury,false,215,false,32,8,2026-05-16,Amelia/St. Simons/Jekyll Islands,Fernandina Beach,Fernandina Beach,Florida,32034,United States,coastal,https://www.airbnb.com/rooms/19803906,https://a0.muscache.com/im/pictures/prohost-api/Hosting-19803906/original/b6e0b84e-8c58-4849-90f7-0433ccf04347.jpeg,19803906,900229,30.54359,-81.44196,"=AVERAGE($G$2:$G$1001)","=AVERAGE($D$2:$D$1001)","=IFERROR(($AT458-G458)/$AT458,0)","=IFERROR(($AU458-D458)/$AU458,0)","=$AU458-D458"
"0.1 mile to Beach! Pool, Newly Renovated",Covenant Property Management,,18643,44935,255.38,75.26,98,1,1,2,true,false,false,true,true,false,true,Home/Apartment,Condominium (condo),Apt/Condo/Loft,4.9,19,2,21+,Luxury,true,288,true,73,12,2025-08-31,Amelia/St. Simons/Jekyll Islands,Saint Simons Island,Saint Simons Island,Georgia,31522,United States,coastal,https://www.airbnb.com/rooms/991337976270007400,https://a0.muscache.com/im/pictures/prohost-api/Hosting-991337976270007400/original/529b19a9-409b-4f52-8ffb-d7ea1606ef07.jpeg,991337976270007400,3627045,31.13587,-81.38474,"=AVERAGE($G$2:$G$1001)","=AVERAGE($D$2:$D$1001)","=IFERROR(($AT459-G459)/$AT459,0)","=IFERROR(($AU459-D459)/$AU459,0)","=$AU459-D459"
"Amelia Island Updated Beach Getaway 3-BR, 3-Bath",Seahorse Amelia Vacation Rentals,,18630,22374,547.94,66.67,64,2,3,7,true,false,false,true,false,false,false,Home/Apartment,Townhouse,Apt/Condo/Loft,5,2,3,21+,Luxury,true,611,false,34,8,2026-05-16,Amelia/St. Simons/Jekyll Islands,Fernandina Beach,Fernandina Beach,Florida,32034,United States,coastal,https://www.airbnb.com/rooms/1618383808816108190,https://a0.muscache.com/im/pictures/prohost-api/Hosting-1618383808816108190/original/1251899c-2e8c-4306-91ef-bcbef842c9de.jpeg,1618383808816108190,5095937,30.6389832148,-81.4359950584,"=AVERAGE($G$2:$G$1001)","=AVERAGE($D$2:$D$1001)","=IFERROR(($AT460-G460)/$AT460,0)","=IFERROR(($AU460-D460)/$AU460,0)","=$AU460-D460"
Ocean Front Escape sleeps 4,,,18589,22820,502.41,37.76,120,2,2,6,true,false,false,true,true,true,true,Home/Apartment,Condominium (condo),Apt/Condo/Loft,5,3,3,6-20,Luxury,false,270,false,37,9,2026-05-16,Amelia/St. Simons/Jekyll Islands,Saint Simons Island,Saint Simons Island,Georgia,31522,United States,coastal,https://www.vrbo.com/4944726,"https://media.vrbo.com/lodging/123000000/122760000/122755700/122755694/6a30329a.jpg?impolicy=resizecrop&rw=1200&ra=fit",,4944726,31.134594,-81.397313,"=AVERAGE($G$2:$G$1001)","=AVERAGE($D$2:$D$1001)","=IFERROR(($AT461-G461)/$AT461,0)","=IFERROR(($AU461-D461)/$AU461,0)","=$AU461-D461"
Light/Bright/Airy condo at Amelia Plantation,ERA Fernandina Beach Realty,,18363,43634,573.84,24.06,267,2,2,6,true,false,false,true,true,false,true,Home/Apartment,Condominium (condo),Apt/Condo/Loft,4.65,3,2,21+,Luxury,false,674,true,32,8,2026-05-13,Amelia/St. Simons/Jekyll Islands,Fernandina Beach,Fernandina Beach,Florida,32034,United States,coastal,https://www.airbnb.com/rooms/35031211,https://a0.muscache.com/im/pictures/prohost-api/Hosting-35031211/original/32ce70a7-2ff5-4192-8f7b-7e0809f1c845.jpeg,35031211,,30.55978,-81.44699,"=AVERAGE($G$2:$G$1001)","=AVERAGE($D$2:$D$1001)","=IFERROR(($AT462-G462)/$AT462,0)","=IFERROR(($AU462-D462)/$AU462,0)","=$AU462-D462"
"AIP Resort, Oceanfront, Steps to Beach/Pool,Tennis",544764926,,18260,22476,493.51,72.55,77,2,2,4,true,false,false,true,true,false,true,Home/Apartment,Condominium (condo),Apt/Condo/Loft,5,3,3,6-20,Luxury,true,229,true,37,6,2026-05-16,Amelia/St. Simons/Jekyll Islands,Fernandina Beach,Fernandina Beach,Florida,32034,United States,coastal,https://www.airbnb.com/rooms/1568167108715915257,https://a0.muscache.com/im/pictures/prohost-api/Hosting-1568167108715915257/original/7d01cb9f-1f9c-485e-9de1-3d4d18c30119.jpeg,1568167108715915257,4982777,30.5404041419,-81.4423282449,"=AVERAGE($G$2:$G$1001)","=AVERAGE($D$2:$D$1001)","=IFERROR(($AT463-G463)/$AT463,0)","=IFERROR(($AU463-D463)/$AU463,0)","=$AU463-D463"
"Beautiful Oceanfront Getaway w/Shared Pool, Central AC, Elevator, & W/D",Vacasa,,18160,42280,465.64,37.14,122,2,2,4,true,false,false,true,true,false,true,Home/Apartment,Condominium (condo),Apt/Condo/Loft,4.5,31,3,21+,Luxury,false,147,true,39,13,2025-10-04,Amelia/St. Simons/Jekyll Islands,Fernandina Beach,Fernandina Beach,Florida,32034,United States,coastal,https://www.vrbo.com/2564152,"https://media.vrbo.com/lodging/74000000/73290000/73284600/73284510/369bc875.jpg?impolicy=resizecrop&rw=1200&ra=fit",,2564152,30.59169,-81.44416,"=AVERAGE($G$2:$G$1001)","=AVERAGE($D$2:$D$1001)","=IFERROR(($AT464-G464)/$AT464,0)","=IFERROR(($AU464-D464)/$AU464,0)","=$AU464-D464"
King and Prince S 349,Parker Kaufman,,18070,29508,501.94,37.5,98,2,2,6,true,false,false,true,true,true,false,Home/Apartment,Condominium (condo),Apt/Condo/Loft,4.65,75,1,21+,Luxury,false,175,true,36,10,2025-02-13,Amelia/St. Simons/Jekyll Islands,Saint Simons Island,Saint Simons Island,Georgia,31522,United States,coastal,https://www.airbnb.com/rooms/47883337,https://a0.muscache.com/im/pictures/prohost-api/Hosting-47883337/original/eccf132d-25d2-4b21-bbe3-28aac1c11293.jpeg,47883337,2183730,31.13909,-81.37911,"=AVERAGE($G$2:$G$1001)","=AVERAGE($D$2:$D$1001)","=IFERROR(($AT465-G465)/$AT465,0)","=IFERROR(($AU465-D465)/$AU465,0)","=$AU465-D465"
Welcome to The Spencer House Inn: Room 202,466575695,,17970,18167,221.85,22.75,362,1,1,4,true,false,false,false,true,false,false,Private Room,Bed & Breakfast,B&B,5,4,1,6-20,Luxury,false,0,true,81,46,2026-05-16,Amelia/St. Simons/Jekyll Islands,Saint Marys,Saint Marys,Georgia,31558,United States,coastal,https://www.airbnb.com/rooms/696990809757714252,https://a0.muscache.com/im/pictures/miso/Hosting-696990809757714252/original/4c4df9f2-b7d6-4c5c-b063-123784d14a55.jpeg,696990809757714252,,30.72098,-81.54882,"=AVERAGE($G$2:$G$1001)","=AVERAGE($D$2:$D$1001)","=IFERROR(($AT466-G466)/$AT466,0)","=IFERROR(($AU466-D466)/$AU466,0)","=$AU466-D466"
Amelia Island Oceanview - Updated Ocean Park 2 BR,Seahorse Amelia Vacation Rentals,,17760,36762,377.87,29.19,223,2,2,6,true,false,true,true,true,false,true,Home/Apartment,Condominium (condo),Apt/Condo/Loft,4.85,6,3,21+,Luxury,true,533,true,47,9,2026-05-16,Amelia/St. Simons/Jekyll Islands,Fernandina Beach,Fernandina Beach,Florida,32034,United States,coastal,https://www.airbnb.com/rooms/1259709320549738782,https://a0.muscache.com/im/pictures/prohost-api/Hosting-1259709320549738782/original/867ec049-58d7-4754-9ab0-abd995b25954.jpeg,1259709320549738782,4225923,30.67097669,-81.4335471488,"=AVERAGE($G$2:$G$1001)","=AVERAGE($D$2:$D$1001)","=IFERROR(($AT467-G467)/$AT467,0)","=IFERROR(($AU467-D467)/$AU467,0)","=$AU467-D467"
"Ocean View, Pool - Amelia South J7",Stay Better Vacations,,17588,18337,502.51,68.63,59,2,2,6,true,false,false,true,true,false,true,Home/Apartment,Condominium (condo),Apt/Condo/Loft,0,0,4,21+,Luxury,true,210,false,35,9,2026-05-17,Amelia/St. Simons/Jekyll Islands,Fernandina Beach,Fernandina Beach,Florida,32034,United States,coastal,https://www.airbnb.com/rooms/1635658484669196992,https://a0.muscache.com/im/pictures/prohost-api/Hosting-1635658484669196992/original/36263980-23ad-462a-8ee4-248f2705ad14.jpeg,1635658484669196992,,30.62038,-81.43959,"=AVERAGE($G$2:$G$1001)","=AVERAGE($D$2:$D$1001)","=IFERROR(($AT468-G468)/$AT468,0)","=IFERROR(($AU468-D468)/$AU468,0)","=$AU468-D468"
Large 2BR Oceanfront | Balcony | Pool,Vacasa,,17005,21533,425.12,27.78,335,1,2,6,true,false,false,true,true,false,true,Home/Apartment,House,House/villa,4.25,11,3,21+,Luxury,false,244,true,40,7,2026-05-11,Amelia/St. Simons/Jekyll Islands,Fernandina Beach,Fernandina Beach,Florida,32034,United States,coastal,https://www.airbnb.com/rooms/33959669,https://a0.muscache.com/im/pictures/prohost-api/Hosting-33959669/original/9b783039-a156-46a0-90e9-ae87a08dc8f2.jpeg,33959669,4864290,30.5462,-81.44199,"=AVERAGE($G$2:$G$1001)","=AVERAGE($D$2:$D$1001)","=IFERROR(($AT469-G469)/$AT469,0)","=IFERROR(($AU469-D469)/$AU469,0)","=$AU469-D469"
Ocean Place 7 ~ Shore to Please,Amelia Island Beach Vacations ,,17000,17215,515.15,37.08,191,2,2,4,true,false,false,true,true,false,true,Home/Apartment,Condominium (condo),Apt/Condo/Loft,5,2,3,6-20,Luxury,true,311,true,33,10,2026-05-11,Amelia/St. Simons/Jekyll Islands,Fernandina Beach,Fernandina Beach,Florida,32034,United States,coastal,https://www.airbnb.com/rooms/1539102113862449975,https://a0.muscache.com/im/pictures/prohost-api/Hosting-1539102113862449975/original/b16c021b-22a4-485a-ab48-0cf25038f316.jpeg,1539102113862449975,4917480,30.59123,-81.44482,"=AVERAGE($G$2:$G$1001)","=AVERAGE($D$2:$D$1001)","=IFERROR(($AT470-G470)/$AT470,0)","=IFERROR(($AU470-D470)/$AU470,0)","=$AU470-D470"
Oceanfront 2 Bedroom/2 Bath Windsong,Amelia Island Rentals,,16647,29544,594.54,43.75,72,2,2,4,true,false,false,true,true,false,true,Home/Apartment,Condominium (condo),Apt/Condo/Loft,0,0,5,21+,Luxury,false,249,false,28,6,2026-05-17,Amelia/St. Simons/Jekyll Islands,Fernandina Beach,Fernandina Beach,Florida,32034,United States,coastal,https://www.airbnb.com/rooms/615029072871422611,https://a0.muscache.com/im/pictures/prohost-api/Hosting-615029072871422611/original/9810e4b6-d3b4-45a3-8483-c4eff4626f38.jpeg,615029072871422611,2781597,30.54635,-81.44095,"=AVERAGE($G$2:$G$1001)","=AVERAGE($D$2:$D$1001)","=IFERROR(($AT471-G471)/$AT471,0)","=IFERROR(($AU471-D471)/$AU471,0)","=$AU471-D471"
Oceanfront 4th-Floor 1BR | Pool | Tennis | W/D,Vacasa,,16404,22315,252.37,50.39,153,1,1,2,true,false,false,true,true,false,true,Home/Apartment,House,House/villa,4.4,57,3,21+,Luxury,false,199,false,65,14,2026-05-11,Amelia/St. Simons/Jekyll Islands,Fernandina Beach,Fernandina Beach,Florida,32034,United States,coastal,https://www.airbnb.com/rooms/1610325182487904360,https://a0.muscache.com/im/pictures/prohost-api/Hosting-1610325182487904360/original/8f01e730-039e-4d74-a4f1-5ade5f2579b2.jpeg,1610325182487904360,4864249,30.5899,-81.44467,"=AVERAGE($G$2:$G$1001)","=AVERAGE($D$2:$D$1001)","=IFERROR(($AT472-G472)/$AT472,0)","=IFERROR(($AU472-D472)/$AU472,0)","=$AU472-D472"
208 Sailmaker Amelia Sunrise,RedAwning,,16221,20663,395.63,89.13,46,2,2,6,true,true,false,true,true,true,true,Home/Apartment,Condominium (condo),Apt/Condo/Loft,4.8,34,1,21+,Luxury,false,281,true,41,5,2020-09-09,Amelia/St. Simons/Jekyll Islands,Fernandina Beach,Fernandina Beach,Florida,32034,United States,coastal,https://www.airbnb.com/rooms/41180351,"https://a0.muscache.com/im/pictures/0f3c27c4-764b-4472-8916-5ac1506117c9.jpg?aki_policy=x_large",41180351,1861287,30.67042,-81.46202,"=AVERAGE($G$2:$G$1001)","=AVERAGE($D$2:$D$1001)","=IFERROR(($AT473-G473)/$AT473,0)","=IFERROR(($AU473-D473)/$AU473,0)","=$AU473-D473"
Newly Renovated Beautiful Oceanfront,,,16054,32171,382.24,91.3,46,2,2,6,true,false,false,true,true,true,true,Home/Apartment,Condominium (condo),Apt/Condo/Loft,4.9,113,3,1,Luxury,false,150,false,42,8,2025-01-11,Amelia/St. Simons/Jekyll Islands,Fernandina Beach,Fernandina Beach,Florida,32034,United States,coastal,https://www.vrbo.com/850571,"https://media.vrbo.com/lodging/34000000/33400000/33394600/33394581/b3c78221.jpg?impolicy=resizecrop&rw=1200&ra=fit",,850571,30.584611,-81.444701,"=AVERAGE($G$2:$G$1001)","=AVERAGE($D$2:$D$1001)","=IFERROR(($AT474-G474)/$AT474,0)","=IFERROR(($AU474-D474)/$AU474,0)","=$AU474-D474"
Completely renovated oceanfront condo w/washer/dryer & shared pool/tennis,Vacasa,,15834,23463,316.68,86.21,64,1,1,4,true,false,false,true,true,false,true,Home/Apartment,Condominium (condo),Apt/Condo/Loft,4.9,173,2,21+,Luxury,false,126,true,50,13,2025-10-02,Amelia/St. Simons/Jekyll Islands,Fernandina Beach,Fernandina Beach,Florida,32034,United States,coastal,https://www.vrbo.com/2564095,"https://media.vrbo.com/lodging/74000000/73290000/73282900/73282815/42c29d26.jpg?impolicy=resizecrop&rw=1200&ra=fit",,2564095,30.5892,-81.44416,"=AVERAGE($G$2:$G$1001)","=AVERAGE($D$2:$D$1001)","=IFERROR(($AT475-G475)/$AT475,0)","=IFERROR(($AU475-D475)/$AU475,0)","=$AU475-D475"
"Dog Friendly Beach Wood Condo,minutes to Ocean",RedAwning,,15796,39261,564.14,40,222,2,2,6,true,false,false,true,true,true,true,Home/Apartment,Condominium (condo),Apt/Condo/Loft,4.2,10,2,21+,Luxury,false,468,true,28,8,2026-04-15,Amelia/St. Simons/Jekyll Islands,Fernandina Beach,Fernandina Beach,Florida,32034,United States,coastal,https://www.airbnb.com/rooms/619347583534081581,https://a0.muscache.com/im/pictures/prohost-api/Hosting-619347583534081581/original/f9925e55-96a9-4f69-8b5d-f4a194f28e8f.jpeg,619347583534081581,9509579ha,30.559,-81.4454,"=AVERAGE($G$2:$G$1001)","=AVERAGE($D$2:$D$1001)","=IFERROR(($AT476-G476)/$AT476,0)","=IFERROR(($AU476-D476)/$AU476,0)","=$AU476-D476"
Stunning 2 Bedroom Ground Floor Turtle Dunes 1803,Amelia Island Rentals,,15777,44549,563.46,35.9,142,2,2,9,true,false,false,true,true,false,true,Home/Apartment,Condominium (condo),Apt/Condo/Loft,4.7,41,3,21+,Luxury,false,222,false,28,11,2026-05-11,Amelia/St. Simons/Jekyll Islands,Fernandina Beach,Fernandina Beach,Florida,32034,United States,coastal,https://www.airbnb.com/rooms/20295334,https://a0.muscache.com/im/pictures/prohost-api/Hosting-20295334/original/7c2f8bd3-3af6-45dc-b237-77d1ee3e611f.jpeg,20295334,900231,30.54041,-81.44172,"=AVERAGE($G$2:$G$1001)","=AVERAGE($D$2:$D$1001)","=IFERROR(($AT477-G477)/$AT477,0)","=IFERROR(($AU477-D477)/$AU477,0)","=$AU477-D477"
Beachfront - Ocean and Dune Views AIP Resort,1817934,,15733,15733,327.77,43.24,111,1,1,2,true,false,false,true,true,false,true,Home/Apartment,Condominium (condo),Apt/Condo/Loft,5,427,2,6-20,Luxury,true,150,false,48,11,2025-05-23,Amelia/St. Simons/Jekyll Islands,Fernandina Beach,Fernandina Beach,Florida,32034,United States,coastal,https://www.airbnb.com/rooms/18177864,https://a0.muscache.com/im/pictures/miso/Hosting-18177864/original/98c3106b-beb4-47f7-847f-9d825d527e26.jpeg,18177864,1050002,30.55117,-81.44347,"=AVERAGE($G$2:$G$1001)","=AVERAGE($D$2:$D$1001)","=IFERROR(($AT478-G478)/$AT478,0)","=IFERROR(($AU478-D478)/$AU478,0)","=$AU478-D478"
The Island That Time Forgot,534522304,,15618,15618,1561.8,23.81,120,1,1,6,false,false,false,true,false,false,false,Home/Apartment,Tent,Unique,0,0,2,2-5,Luxury,false,0,false,10,4,2026-03-01,Amelia/St. Simons/Jekyll Islands,Townsend,Townsend,Georgia,31331,United States,coastal,https://www.airbnb.com/rooms/1594126582813102939,https://a0.muscache.com/im/pictures/hosting/Hosting-1594126582813102939/original/0ed58ad2-76ad-4554-a639-abae580e98eb.jpeg,1594126582813102939,,31.64253,-81.33875,"=AVERAGE($G$2:$G$1001)","=AVERAGE($D$2:$D$1001)","=IFERROR(($AT479-G479)/$AT479,0)","=IFERROR(($AU479-D479)/$AU479,0)","=$AU479-D479"
New! 32 Ocean Place,RedAwning,,15567,34500,707.59,100,78,2,2,4,true,false,false,true,true,false,true,Home/Apartment,Condominium (condo),Apt/Condo/Loft,0,0,2,21+,Luxury,false,1218,false,22,3,2026-04-17,Amelia/St. Simons/Jekyll Islands,Fernandina Beach,Fernandina Beach,Florida,32034,United States,coastal,https://www.airbnb.com/rooms/1603595077784824658,https://a0.muscache.com/im/pictures/prohost-api/Hosting-1603595077784824658/original/cbd7f647-0e02-4356-8c0d-47371c8434e2.jpeg,1603595077784824658,20242851ha,30.5917,-81.4446,"=AVERAGE($G$2:$G$1001)","=AVERAGE($D$2:$D$1001)","=IFERROR(($AT480-G480)/$AT480,0)","=IFERROR(($AU480-D480)/$AU480,0)","=$AU480-D480"
Villa 376 - Driftwood Cottage,Parker Kaufman,,15294,15418,201.24,45.24,211,1,1,4,true,true,false,true,true,false,true,Home/Apartment,Condominium (condo),Apt/Condo/Loft,5,5,2,21+,Luxury,false,210,false,76,12,2026-05-14,Amelia/St. Simons/Jekyll Islands,Jekyll Island,Jekyll Island,Georgia,31527,United States,coastal,https://www.airbnb.com/rooms/1555054028830969262,https://a0.muscache.com/im/pictures/prohost-api/Hosting-1555054028830969262/original/401f6702-b6c9-4bd4-a3df-7abe3fb55bcb.jpeg,1555054028830969262,4798270,31.0971,-81.4034,"=AVERAGE($G$2:$G$1001)","=AVERAGE($D$2:$D$1001)","=IFERROR(($AT481-G481)/$AT481,0)","=IFERROR(($AU481-D481)/$AU481,0)","=$AU481-D481"
Cozy 1BR Oceanfront 4th-Floor | Balcony | Pool,Vacasa,,15092,15374,343,54.32,87,1,1,4,true,false,false,true,true,false,true,Home/Apartment,House,House/villa,0,0,3,21+,Luxury,false,199,false,44,9,2026-03-23,Amelia/St. Simons/Jekyll Islands,Fernandina Beach,Fernandina Beach,Florida,32034,United States,coastal,https://www.airbnb.com/rooms/1610325158000505812,https://a0.muscache.com/im/pictures/prohost-api/Hosting-1610325158000505812/original/ecb82b54-1359-4ea1-bb42-fdb8288ed25b.jpeg,1610325158000505812,,30.55736,-81.44446,"=AVERAGE($G$2:$G$1001)","=AVERAGE($D$2:$D$1001)","=IFERROR(($AT482-G482)/$AT482,0)","=IFERROR(($AU482-D482)/$AU482,0)","=$AU482-D482"
Ocean views and just steps to the beach and community pool.,georgia beach rentals,,14899,18435,372.48,28.37,342,2,2,4,true,false,false,true,true,false,true,Home/Apartment,Condominium (condo),Apt/Condo/Loft,5,5,3,21+,Luxury,false,225,false,40,7,2026-05-17,Amelia/St. Simons/Jekyll Islands,Saint Simons Island,Saint Simons Island,Georgia,31522,United States,coastal,https://www.vrbo.com/3351217,"https://media.vrbo.com/lodging/93000000/92860000/92854000/92853923/16dd4355.jpg?impolicy=resizecrop&rw=1200&ra=fit",,3351217,31.136015,-81.3918,"=AVERAGE($G$2:$G$1001)","=AVERAGE($D$2:$D$1001)","=IFERROR(($AT483-G483)/$AT483,0)","=IFERROR(($AU483-D483)/$AU483,0)","=$AU483-D483"
"Oceanfront condo with breathtaking views, balcony, AC & outdoor pool",Vacasa,,14587,19729,455.84,27.59,122,2,2,6,true,false,false,true,true,false,true,Home/Apartment,Condominium (condo),Apt/Condo/Loft,4.2,9,3,21+,Luxury,false,205,true,32,10,2025-10-03,Amelia/St. Simons/Jekyll Islands,Fernandina Beach,Fernandina Beach,Florida,32034,United States,coastal,https://www.vrbo.com/2564163,"https://media.vrbo.com/lodging/74000000/73290000/73285000/73284901/3fd625f2.jpg?impolicy=resizecrop&rw=1200&ra=fit",,2564163,30.54801,-81.44305,"=AVERAGE($G$2:$G$1001)","=AVERAGE($D$2:$D$1001)","=IFERROR(($AT484-G484)/$AT484,0)","=IFERROR(($AU484-D484)/$AU484,0)","=$AU484-D484"
Perfect Location to King & Prince and Beach Access,Golden Isles Realty,,14315,37578,386.89,30.58,229,2,2,6,true,false,false,true,false,false,false,Home/Apartment,Cabin,House/villa,5,1,1,21+,Luxury,false,344,true,37,8,2026-04-19,Amelia/St. Simons/Jekyll Islands,Saint Simons Island,Saint Simons Island,Georgia,31522,United States,coastal,https://www.airbnb.com/rooms/1244298848438341947,https://a0.muscache.com/im/pictures/prohost-api/Hosting-1244298848438341947/original/de2e43f5-29aa-49cf-8f17-6d48d1c647f1.jpeg,1244298848438341947,1293084,31.1404,-81.38,"=AVERAGE($G$2:$G$1001)","=AVERAGE($D$2:$D$1001)","=IFERROR(($AT485-G485)/$AT485,0)","=IFERROR(($AU485-D485)/$AU485,0)","=$AU485-D485"
Half Block to Beach Access! Completely Renovated,650425288,,13943,19877,376.84,45.68,299,1,1,2,true,false,false,true,false,false,false,Home/Apartment,Cabin,House/villa,0,0,1,1,Luxury,false,851,true,37,4,2026-02-19,Amelia/St. Simons/Jekyll Islands,Saint Simons Island,Saint Simons Island,Georgia,31522,United States,coastal,https://www.airbnb.com/rooms/1245064205845937479,https://a0.muscache.com/im/pictures/prohost-api/Hosting-1245064205845937479/original/e20a9db7-980c-470f-9bb4-19ea98cc520a.jpeg,1245064205845937479,,31.1501,-81.369,"=AVERAGE($G$2:$G$1001)","=AVERAGE($D$2:$D$1001)","=IFERROR(($AT486-G486)/$AT486,0)","=IFERROR(($AU486-D486)/$AU486,0)","=$AU486-D486"
Oceanfront Condo in Fernandina Beach,ERA Fernandina Beach Realty,,13631,30215,619.59,100,77,2,2,4,true,false,false,true,true,false,true,Home/Apartment,Condominium (condo),Apt/Condo/Loft,0,0,2,21+,Luxury,false,878,false,22,3,2026-05-15,Amelia/St. Simons/Jekyll Islands,Fernandina Beach,Fernandina Beach,Florida,32034,United States,coastal,https://www.airbnb.com/rooms/1603018599174790513,https://a0.muscache.com/im/pictures/prohost-api/Hosting-1603018599174790513/original/1d5c8a90-6cc5-4bee-8e82-586fde11c218.jpeg,1603018599174790513,,30.59243,-81.44372,"=AVERAGE($G$2:$G$1001)","=AVERAGE($D$2:$D$1001)","=IFERROR(($AT487-G487)/$AT487,0)","=IFERROR(($AU487-D487)/$AU487,0)","=$AU487-D487"
Sunset Serenity: Coastal Charm at Ocean Lodge,Hosteeva,,13459,14180,236.12,20.88,349,1,2,4,true,false,false,true,true,false,false,Home/Apartment,Apartment,Apt/Condo/Loft,4.45,69,2,21+,Luxury,false,75,true,57,48,2026-05-17,Amelia/St. Simons/Jekyll Islands,Saint Simons Island,Saint Simons Island,Georgia,31522,United States,coastal,https://www.airbnb.com/rooms/1043967687262259074,https://a0.muscache.com/im/pictures/prohost-api/Hosting-1043967687262259074/original/9242ce3c-3f44-489c-b554-f3c1030acff7.jpeg,1043967687262259074,3859224,31.13701,-81.38557,"=AVERAGE($G$2:$G$1001)","=AVERAGE($D$2:$D$1001)","=IFERROR(($AT488-G488)/$AT488,0)","=IFERROR(($AU488-D488)/$AU488,0)","=$AU488-D488"
Direct Marshlands Views + Golf. Pool. Restaurant.,RocketStay Hotel ,,13303,19180,782.53,15.6,144,1,1,4,true,true,false,true,true,true,true,Home/Apartment,Apartment,Apt/Condo/Loft,4.7,3,1,21+,Luxury,false,0,false,17,12,2026-05-16,Amelia/St. Simons/Jekyll Islands,Saint Simons Island,Saint Simons Island,Georgia,31522,United States,coastal,https://www.vrbo.com/4997086,"https://media.vrbo.com/lodging/124000000/123830000/123823100/123823050/4c29a83e.jpg?impolicy=resizecrop&rw=1200&ra=fit",,4997086,31.2043,-81.37467,"=AVERAGE($G$2:$G$1001)","=AVERAGE($D$2:$D$1001)","=IFERROR(($AT489-G489)/$AT489,0)","=IFERROR(($AU489-D489)/$AU489,0)","=$AU489-D489"
Sandcastles Penthouse - Picture Perfect and Cozy!,Destination Amelia,,13231,17069,315.02,82.35,74,1,1,2,true,false,false,true,true,false,true,Home/Apartment,Condominium (condo),Apt/Condo/Loft,5,1,3,21+,Luxury,true,298,false,42,10,2026-05-17,Amelia/St. Simons/Jekyll Islands,Fernandina Beach,Fernandina Beach,Florida,32034,United States,coastal,https://www.airbnb.com/rooms/1624027467386096979,https://a0.muscache.com/im/pictures/prohost-api/Hosting-1624027467386096979/original/17dc2179-4966-4876-8305-7644df787038.jpeg,1624027467386096979,5105364,30.55707,-81.44506,"=AVERAGE($G$2:$G$1001)","=AVERAGE($D$2:$D$1001)","=IFERROR(($AT490-G490)/$AT490,0)","=IFERROR(($AU490-D490)/$AU490,0)","=$AU490-D490"
Ocean Place 7 Shore to Please,Mock's Amelia Vacations,,13082,40087,503.15,22.03,153,2,2,4,true,false,false,true,true,false,true,Home/Apartment,Condominium (condo),Apt/Condo/Loft,4.5,39,1,21+,Luxury,false,195,true,26,7,2025-10-08,Amelia/St. Simons/Jekyll Islands,Fernandina Beach,Fernandina Beach,Florida,32034,United States,coastal,https://www.vrbo.com/1931401,"https://media.vrbo.com/lodging/49000000/48830000/48829200/48829168/0e80969f.jpg?impolicy=resizecrop&rw=1200&ra=fit",,1931401,30.592085,-81.44864,"=AVERAGE($G$2:$G$1001)","=AVERAGE($D$2:$D$1001)","=IFERROR(($AT491-G491)/$AT491,0)","=IFERROR(($AU491-D491)/$AU491,0)","=$AU491-D491"
"Snowbird friendly, oceanfront community with optional golf cart!",Vacasa,,12784,23624,608.76,20,156,2,3,6,true,false,false,true,true,false,true,Home/Apartment,Condominium (condo),Apt/Condo/Loft,5,3,7,21+,Luxury,false,205,true,21,4,2025-10-03,Amelia/St. Simons/Jekyll Islands,Fernandina Beach,Fernandina Beach,Florida,32034,United States,coastal,https://www.vrbo.com/3973841,"https://media.vrbo.com/lodging/105000000/104380000/104378700/104378667/a5cc8d08.jpg?impolicy=resizecrop&rw=1200&ra=fit",,3973841,30.54578,-81.44236,"=AVERAGE($G$2:$G$1001)","=AVERAGE($D$2:$D$1001)","=IFERROR(($AT492-G492)/$AT492,0)","=IFERROR(($AU492-D492)/$AU492,0)","=$AU492-D492"
Ocean Place 12 ~ Wave Watcher,Amelia Island Beach Vacations ,,12629,20562,485.73,28.89,202,2,2,4,true,false,false,true,true,false,true,Home/Apartment,Condominium (condo),Apt/Condo/Loft,5,1,3,6-20,Luxury,true,274,true,26,7,2026-05-11,Amelia/St. Simons/Jekyll Islands,Fernandina Beach,Fernandina Beach,Florida,32034,United States,coastal,https://www.airbnb.com/rooms/1502885988444102536,https://a0.muscache.com/im/pictures/prohost-api/Hosting-1502885988444102536/original/6b20bd40-b951-45aa-9f59-46f235e38f8c.jpeg,1502885988444102536,4804677,30.59294,-81.44492,"=AVERAGE($G$2:$G$1001)","=AVERAGE($D$2:$D$1001)","=IFERROR(($AT493-G493)/$AT493,0)","=IFERROR(($AU493-D493)/$AU493,0)","=$AU493-D493"
Sensational Sandcastles Condo/Oceanfront-Amelia,,,12559,27263,418.63,27.27,157,1,,2,true,false,false,true,true,true,true,Home/Apartment,Condominium (condo),Apt/Condo/Loft,5,1,5,1,Luxury,false,100,true,30,7,2026-05-15,Amelia/St. Simons/Jekyll Islands,Fernandina Beach,Fernandina Beach,Florida,32034,United States,coastal,https://www.vrbo.com/2683238,"https://media.vrbo.com/lodging/76000000/76000000/75992200/75992126/621e66f2.jpg?impolicy=resizecrop&rw=1200&ra=fit",,2683238,30.669682,-81.462592,"=AVERAGE($G$2:$G$1001)","=AVERAGE($D$2:$D$1001)","=IFERROR(($AT494-G494)/$AT494,0)","=IFERROR(($AU494-D494)/$AU494,0)","=$AU494-D494"
6th Floor condo with private balcony!,ERA Fernandina Beach Realty,,12471,15985,1781.57,15.56,45,2,2,6,true,false,false,true,true,false,true,Home/Apartment,Condominium (condo),Apt/Condo/Loft,5,1,1,21+,Luxury,false,461,true,7,1,2025-03-16,Amelia/St. Simons/Jekyll Islands,Fernandina Beach,Fernandina Beach,Florida,32034,United States,coastal,https://www.airbnb.com/rooms/35031874,https://a0.muscache.com/im/pictures/prohost-api/Hosting-35031874/original/5e345f71-6210-44ae-a42a-1360dc52a4ce.jpeg,35031874,,30.62007,-81.43897,"=AVERAGE($G$2:$G$1001)","=AVERAGE($D$2:$D$1001)","=IFERROR(($AT495-G495)/$AT495,0)","=IFERROR(($AU495-D495)/$AU495,0)","=$AU495-D495"
Amelia Surf & Racquet B177,Mock's Amelia Vacations,,12407,14871,295.4,28.57,151,1,1,4,true,false,false,true,true,false,true,Home/Apartment,Condominium (condo),Apt/Condo/Loft,4.2,19,1,21+,Luxury,false,100,true,42,8,2025-10-15,Amelia/St. Simons/Jekyll Islands,Fernandina Beach,Fernandina Beach,Florida,32034,United States,coastal,https://www.vrbo.com/3850102,"https://media.vrbo.com/lodging/103000000/102340000/102331800/102331771/b2795d1e.jpg?impolicy=resizecrop&rw=1200&ra=fit",,3850102,30.585938,-81.4457,"=AVERAGE($G$2:$G$1001)","=AVERAGE($D$2:$D$1001)","=IFERROR(($AT496-G496)/$AT496,0)","=IFERROR(($AU496-D496)/$AU496,0)","=$AU496-D496"
Ocean Place 27 ~ Sunrise Deluxe ~ 6th Floor,Amelia Island Beach Vacations ,,12383,16134,538.39,22.12,221,2,2,6,true,false,false,true,true,false,true,Home/Apartment,Condominium (condo),Apt/Condo/Loft,5,3,3,6-20,Luxury,true,310,true,23,6,2026-05-15,Amelia/St. Simons/Jekyll Islands,Fernandina Beach,Fernandina Beach,Florida,32034,United States,coastal,https://www.airbnb.com/rooms/1518071530610729751,https://a0.muscache.com/im/pictures/prohost-api/Hosting-1518071530610729751/original/32cd10b3-c871-459a-98e1-ea8304cb788c.jpeg,1518071530610729751,4860304,30.59236,-81.44375,"=AVERAGE($G$2:$G$1001)","=AVERAGE($D$2:$D$1001)","=IFERROR(($AT497-G497)/$AT497,0)","=IFERROR(($AU497-D497)/$AU497,0)","=$AU497-D497"
Beach Club Condo w/ Pool & Balcony,Covenant Property Management,,12137,17342,418.52,58,89,2,2,6,true,false,true,true,true,false,true,Home/Apartment,Condominium (condo),Apt/Condo/Loft,4.5,2,3,21+,Luxury,true,454,false,29,7,2026-05-13,Amelia/St. Simons/Jekyll Islands,Saint Simons Island,Saint Simons Island,Georgia,31522,United States,coastal,https://www.airbnb.com/rooms/1605075044321558695,https://a0.muscache.com/im/pictures/hosting/Hosting-1605075044321558695/original/793b3dc5-a8d2-49dc-bd87-4b342f39d3dd.jpeg,1605075044321558695,5063657,31.14345,-81.37694,"=AVERAGE($G$2:$G$1001)","=AVERAGE($D$2:$D$1001)","=IFERROR(($AT498-G498)/$AT498,0)","=IFERROR(($AU498-D498)/$AU498,0)","=$AU498-D498"
Idyllic Beach Suite with Big Ocean Views,Stay Better Vacations,,11899,12127,270.43,59.46,89,1,1,2,true,false,false,false,true,false,true,Home/Apartment,Condominium (condo),Apt/Condo/Loft,5,375,4,21+,Luxury,true,364,false,44,7,2025-10-19,Amelia/St. Simons/Jekyll Islands,Fernandina Beach,Fernandina Beach,Florida,32034,United States,coastal,https://www.airbnb.com/rooms/1441424468330115961,https://a0.muscache.com/im/pictures/prohost-api/Hosting-1441424468330115961/original/e7814c4e-5039-4814-9692-f9dfc1b63058.jpeg,1441424468330115961,4617672,30.55679,-81.44538,"=AVERAGE($G$2:$G$1001)","=AVERAGE($D$2:$D$1001)","=IFERROR(($AT499-G499)/$AT499,0)","=IFERROR(($AU499-D499)/$AU499,0)","=$AU499-D499"
Turtle Dunes Ocean Front Condo on Amelia Island Plantation,Vacasa,,11458,39731,424.37,75,55,1,1,4,true,false,false,true,true,false,true,Home/Apartment,Condominium (condo),Apt/Condo/Loft,4.8,12,3,21+,Luxury,false,133,true,27,6,2025-10-05,Amelia/St. Simons/Jekyll Islands,Fernandina Beach,Fernandina Beach,Florida,32034,United States,coastal,https://www.vrbo.com/2564178,"https://media.vrbo.com/lodging/74000000/73290000/73285300/73285241/d9440cba.jpg?impolicy=resizecrop&rw=1200&ra=fit",,2564178,30.54103,-81.44133,"=AVERAGE($G$2:$G$1001)","=AVERAGE($D$2:$D$1001)","=IFERROR(($AT500-G500)/$AT500,0)","=IFERROR(($AU500-D500)/$AU500,0)","=$AU500-D500"
1BR near beach/bars/dining with AC & W/D,Vacasa,,11246,13459,212.19,49.07,167,1,1,2,true,false,false,true,true,false,false,Home/Apartment,House,House/villa,4.75,42,2,21+,Luxury,false,194,true,53,13,2026-05-13,Amelia/St. Simons/Jekyll Islands,Saint Simons Island,Saint Simons Island,Georgia,31522,United States,coastal,https://www.airbnb.com/rooms/1553686209678558000,https://a0.muscache.com/im/pictures/prohost-api/Hosting-1553686209678558000/original/48bee9b3-5f9b-469a-9af5-20d9605482c5.jpeg,1553686209678558000,4959474,31.1390471512,-81.3848956221,"=AVERAGE($G$2:$G$1001)","=AVERAGE($D$2:$D$1001)","=IFERROR(($AT501-G501)/$AT501,0)","=IFERROR(($AU501-D501)/$AU501,0)","=$AU501-D501"
226 South Fletcher Ave,RedAwning,,592949,672046,2935.39,63.32,319,6,4,12,true,false,false,true,true,false,false,Home/Apartment,House,House/villa,5,2,2,21+,Luxury,false,807,true,202,50,2026-04-19,Amelia/St. Simons/Jekyll Islands,Fernandina Beach,Fernandina Beach,Florida,32034,United States,coastal,https://www.airbnb.com/rooms/788942720771831260,https://a0.muscache.com/im/pictures/prohost-api/Hosting-788942720771831260/original/32bd6bea-8a4c-458a-a6af-f5bd939a4a00.jpeg,788942720771831260,,30.6646,-81.4317,"=AVERAGE($G$2:$G$1001)","=AVERAGE($D$2:$D$1001)","=IFERROR(($AT502-G502)/$AT502,0)","=IFERROR(($AU502-D502)/$AU502,0)","=$AU502-D502"
Luxurious Oceanfront 6 bedroom House!,ERA Fernandina Beach Realty,,377804,496622,2679.46,69.8,249,6,4,12,true,false,false,true,true,false,false,Home/Apartment,House,House/villa,5,2,2,21+,Luxury,false,1125,true,141,32,2026-05-14,Amelia/St. Simons/Jekyll Islands,Fernandina Beach,Fernandina Beach,Florida,32034,United States,coastal,https://www.airbnb.com/rooms/788509629161991840,https://a0.muscache.com/im/pictures/prohost-api/Hosting-788509629161991840/original/caf8768f-1d03-443d-869e-1c513ecf2ad2.jpeg,788509629161991840,,30.66348,-81.43063,"=AVERAGE($G$2:$G$1001)","=AVERAGE($D$2:$D$1001)","=IFERROR(($AT503-G503)/$AT503,0)","=IFERROR(($AU503-D503)/$AU503,0)","=$AU503-D503"
Luxury Oceanfront Home with Pool and Guest House,Hodnett Cooper Vacation Rentals,,323961,411637,2234.21,55.98,290,5,5,12,true,false,false,true,true,false,true,Home/Apartment,House,House/villa,4.85,31,3,21+,Luxury,true,770,true,145,24,2026-05-11,Amelia/St. Simons/Jekyll Islands,Saint Simons Island,Saint Simons Island,Georgia,31522,United States,coastal,https://www.airbnb.com/rooms/42510271,https://a0.muscache.com/im/pictures/prohost-api/Hosting-42510271/original/799301cc-2561-4918-84e9-3916776e8485.jpeg,42510271,770136,31.15191,-81.36651,"=AVERAGE($G$2:$G$1001)","=AVERAGE($D$2:$D$1001)","=IFERROR(($AT504-G504)/$AT504,0)","=IFERROR(($AU504-D504)/$AU504,0)","=$AU504-D504"
Amelia Island Private Home with Pool 4 BR,Seahorse Amelia Vacation Rentals,,307079,349781,1462.28,69.77,307,4,4,10,true,false,false,true,true,false,true,Home/Apartment,House,House/villa,5,35,7,21+,Luxury,true,759,true,210,31,2026-05-17,Amelia/St. Simons/Jekyll Islands,Fernandina Beach,Fernandina Beach,Florida,32034,United States,coastal,https://www.airbnb.com/rooms/831369507960993776,https://a0.muscache.com/im/pictures/prohost-api/Hosting-831369507960993776/original/725214d0-7238-4900-a58c-b733a0380726.jpeg,831369507960993776,3263831,30.6148,-81.4415,"=AVERAGE($G$2:$G$1001)","=AVERAGE($D$2:$D$1001)","=IFERROR(($AT505-G505)/$AT505,0)","=IFERROR(($AU505-D505)/$AU505,0)","=$AU505-D505"
Dog friendly -  Oceanfront Beach House with Deck,ERA Fernandina Beach Realty,,299350,412882,1635.79,68.8,266,4,3,12,true,false,false,true,true,true,false,Home/Apartment,House,House/villa,5,2,2,21+,Luxury,false,1845,true,183,25,2026-05-14,Amelia/St. Simons/Jekyll Islands,Fernandina Beach,Fernandina Beach,Florida,32034,United States,coastal,https://www.airbnb.com/rooms/35031257,https://a0.muscache.com/im/pictures/prohost-api/Hosting-35031257/original/22a55e78-2bac-488d-894e-9120e918690a.jpeg,35031257,,30.63323,-81.43673,"=AVERAGE($G$2:$G$1001)","=AVERAGE($D$2:$D$1001)","=IFERROR(($AT506-G506)/$AT506,0)","=IFERROR(($AU506-D506)/$AU506,0)","=$AU506-D506"
Large Luxury Home with Pool!,Hodnett Cooper Vacation Rentals,,274672,341907,1934.31,53.99,266,9,6,16,true,false,false,true,true,false,true,Home/Apartment,House,House/villa,4.85,26,3,21+,Luxury,true,1190,true,142,26,2026-05-13,Amelia/St. Simons/Jekyll Islands,Saint Simons Island,Saint Simons Island,Georgia,31522,United States,coastal,https://www.airbnb.com/rooms/23743468,https://a0.muscache.com/im/pictures/prohost-api/Hosting-23743468/original/aa19f65d-48fa-4462-b04a-1aaba6665068.jpeg,23743468,1585204,31.14921,-81.36748,"=AVERAGE($G$2:$G$1001)","=AVERAGE($D$2:$D$1001)","=IFERROR(($AT507-G507)/$AT507,0)","=IFERROR(($AU507-D507)/$AU507,0)","=$AU507-D507"
Mermaid Castle | Stunning Beachfront Home,Barefoot Amelia,,266113,293688,1118.12,73.68,323,4,4,14,true,false,false,true,true,true,false,Home/Apartment,House,House/villa,4.95,153,3,21+,Luxury,true,400,true,238,56,2026-05-17,Amelia/St. Simons/Jekyll Islands,Fernandina Beach,Fernandina Beach,Florida,32034,United States,coastal,https://www.airbnb.com/rooms/51534985,https://a0.muscache.com/im/pictures/miso/Hosting-51534985/original/c750d2a9-1504-4682-b3c1-7d21517fec21.png,51534985,2410751,30.57178,-81.44315,"=AVERAGE($G$2:$G$1001)","=AVERAGE($D$2:$D$1001)","=IFERROR(($AT508-G508)/$AT508,0)","=IFERROR(($AU508-D508)/$AU508,0)","=$AU508-D508"
Dog Friendly Oceanfront Beach House,RedAwning,,264870,414315,1878.51,65.58,226,4,3,12,true,false,false,true,true,true,false,Home/Apartment,House,House/villa,4.75,14,2,21+,Luxury,false,1982,true,141,18,2026-04-18,Amelia/St. Simons/Jekyll Islands,Fernandina Beach,Fernandina Beach,Florida,32034,United States,coastal,https://www.airbnb.com/rooms/37578253,https://a0.muscache.com/im/pictures/prohost-api/Hosting-37578253/original/626e9153-755b-42b2-a698-e66fa7e877b1.jpeg,37578253,4702839ha,30.6338,-81.4377,"=AVERAGE($G$2:$G$1001)","=AVERAGE($D$2:$D$1001)","=IFERROR(($AT509-G509)/$AT509,0)","=IFERROR(($AU509-D509)/$AU509,0)","=$AU509-D509"
Ebb Tide Cottage | Huge Oceanfront Deck | Hot Tub,Barefoot Amelia,,255727,331101,1178.47,78.62,280,4,4,12,true,false,true,true,true,true,false,Home/Apartment,House,House/villa,4.9,285,3,21+,Luxury,true,350,true,217,52,2026-05-17,Amelia/St. Simons/Jekyll Islands,Fernandina Beach,Fernandina Beach,Florida,32034,United States,coastal,https://www.airbnb.com/rooms/51655938,https://a0.muscache.com/im/pictures/prohost-api/Hosting-51655938/original/7b238e0b-c292-4478-a7aa-dae8723cb4e0.jpeg,51655938,553390,30.64376,-81.43435,"=AVERAGE($G$2:$G$1001)","=AVERAGE($D$2:$D$1001)","=IFERROR(($AT510-G510)/$AT510,0)","=IFERROR(($AU510-D510)/$AU510,0)","=$AU510-D510"
Oceanfront | Luxury Beachfront Home | Wall to Wall Folding Glass Doors Opening to Private Pool Deck,Amelia Island Getaways,,253068,330714,1601.7,53.56,295,5,5,16,true,false,false,true,true,false,true,Home/Apartment,House,House/villa,4.9,69,3,21+,Luxury,false,578,true,158,35,2026-05-15,Amelia/St. Simons/Jekyll Islands,Fernandina Beach,Fernandina Beach,Florida,32034,United States,coastal,https://www.vrbo.com/2765103,"https://media.vrbo.com/lodging/78000000/77150000/77144700/77144615/96142943.jpg?impolicy=resizecrop&rw=1200&ra=fit",,2765103,30.620281,-81.44056,"=AVERAGE($G$2:$G$1001)","=AVERAGE($D$2:$D$1001)","=IFERROR(($AT511-G511)/$AT511,0)","=IFERROR(($AU511-D511)/$AU511,0)","=$AU511-D511"
Large East Beach Home W/ Pool & Oceanfront Dock,147135491,,233326,458113,2953.49,56.83,151,4,4,8,true,true,false,true,true,false,true,Home/Apartment,House,House/villa,5,2,3,6-20,Luxury,true,495,true,79,10,2026-05-17,Amelia/St. Simons/Jekyll Islands,Saint Simons Island,Saint Simons Island,Georgia,31522,United States,coastal,https://www.airbnb.com/rooms/1115099901487644739,https://a0.muscache.com/im/pictures/miso/Hosting-1115099901487644739/original/ec32085b-e163-4e0d-bcba-38c053ff3a2e.jpeg,1115099901487644739,1742722,31.1583,-81.3665,"=AVERAGE($G$2:$G$1001)","=AVERAGE($D$2:$D$1001)","=IFERROR(($AT512-G512)/$AT512,0)","=IFERROR(($AU512-D512)/$AU512,0)","=$AU512-D512"
Magnificent Modern Beach House with Ocean View,RedAwning,,232517,299839,1375.84,64.26,267,3,2,8,true,false,false,true,true,false,false,Home/Apartment,House,House/villa,4.5,48,2,21+,Luxury,false,515,true,169,33,2026-04-20,Amelia/St. Simons/Jekyll Islands,Fernandina Beach,Fernandina Beach,Florida,32034,United States,coastal,https://www.airbnb.com/rooms/37604419,https://a0.muscache.com/im/pictures/prohost-api/Hosting-37604419/original/ec327440-e5b9-40a6-bed4-ebf6d6612526.jpeg,37604419,4702852ha,30.6603,-81.4323,"=AVERAGE($G$2:$G$1001)","=AVERAGE($D$2:$D$1001)","=IFERROR(($AT513-G513)/$AT513,0)","=IFERROR(($AU513-D513)/$AU513,0)","=$AU513-D513"
The Park | Five Modern Homes w/ Swimming Pool,110337689,,227226,273820,1600.18,51.64,282,12,6,16,true,false,false,true,true,false,true,Home/Apartment,House,House/villa,5,3,1,6-20,Luxury,false,866,true,142,51,2026-05-13,Amelia/St. Simons/Jekyll Islands,Saint Simons Island,Saint Simons Island,Georgia,31522,United States,coastal,https://www.airbnb.com/rooms/43958569,https://a0.muscache.com/im/pictures/prohost-api/Hosting-43958569/original/360696c2-1a9c-435b-9558-7d90b70f8bd3.jpeg,43958569,20141664ha,31.1386,-81.3947,"=AVERAGE($G$2:$G$1001)","=AVERAGE($D$2:$D$1001)","=IFERROR(($AT514-G514)/$AT514,0)","=IFERROR(($AU514-D514)/$AU514,0)","=$AU514-D514"
East Beach Luxury Home | Pool + Sleeps 14 | Walk t,Hosted SSI,,220719,326004,1724.37,47.23,272,7,5,14,true,false,true,true,true,false,true,Home/Apartment,House,House/villa,5,13,4,21+,Luxury,true,580,false,128,28,2026-05-11,Amelia/St. Simons/Jekyll Islands,Saint Simons Island,Saint Simons Island,Georgia,31522,United States,coastal,https://www.airbnb.com/rooms/1171943312930098546,https://a0.muscache.com/im/pictures/prohost-api/Hosting-1171943312930098546/original/e1ec94e6-020a-4534-a271-4adc3bda6c6d.jpeg,1171943312930098546,4040070,31.1562,-81.3678,"=AVERAGE($G$2:$G$1001)","=AVERAGE($D$2:$D$1001)","=IFERROR(($AT515-G515)/$AT515,0)","=IFERROR(($AU515-D515)/$AU515,0)","=$AU515-D515"
NEW: Oceanfront Luxury Home | Unrivaled Elegance,552818423,,216068,231097,1113.75,59.51,326,4,2,10,true,false,false,true,true,false,false,Home/Apartment,House,House/villa,5,95,3,1,Luxury,true,302,true,194,45,2026-05-17,Amelia/St. Simons/Jekyll Islands,Fernandina Beach,Fernandina Beach,Florida,32034,United States,coastal,https://www.airbnb.com/rooms/1055347970012003779,https://a0.muscache.com/im/pictures/miso/Hosting-1055347970012003779/original/80c7f1f9-1791-4fa4-8533-48345e91f7c7.jpeg,1055347970012003779,3727092,30.6516,-81.4338,"=AVERAGE($G$2:$G$1001)","=AVERAGE($D$2:$D$1001)","=IFERROR(($AT516-G516)/$AT516,0)","=IFERROR(($AU516-D516)/$AU516,0)","=$AU516-D516"
"Luxury Beachfront Home with Guesthouse, Heated Pool & Spa, Putting Green, East Beach Oasis!",,,214619,367638,1834.35,61.9,230,6,7,16,true,true,true,true,false,false,true,Home/Apartment,House,House/villa,4.9,16,3,21+,Luxury,false,989,true,117,18,2026-05-14,Amelia/St. Simons/Jekyll Islands,Saint Simons Island,Saint Simons Island,Georgia,31522,United States,coastal,https://www.vrbo.com/3926386,"https://media.vrbo.com/lodging/104000000/103650000/103643800/103643754/f1d81b9e.jpg?impolicy=resizecrop&rw=1200&ra=fit",,3926386,31.149401,-81.368491,"=AVERAGE($G$2:$G$1001)","=AVERAGE($D$2:$D$1001)","=IFERROR(($AT517-G517)/$AT517,0)","=IFERROR(($AU517-D517)/$AU517,0)","=$AU517-D517"
"5 bedroom, 3 bathroom beach house.",ERA Fernandina Beach Realty,,210352,257571,1411.76,62.87,237,5,3,14,true,false,false,true,true,true,false,Home/Apartment,House,House/villa,4.65,11,2,21+,Luxury,false,1614,true,149,30,2026-05-14,Amelia/St. Simons/Jekyll Islands,Fernandina Beach,Fernandina Beach,Florida,32034,United States,coastal,https://www.airbnb.com/rooms/35031268,https://a0.muscache.com/im/pictures/prohost-api/Hosting-35031268/original/a56d923c-bebc-405b-a8a5-28e06ad9d0ad.jpeg,35031268,,30.67298,-81.42948,"=AVERAGE($G$2:$G$1001)","=AVERAGE($D$2:$D$1001)","=IFERROR(($AT518-G518)/$AT518,0)","=IFERROR(($AU518-D518)/$AU518,0)","=$AU518-D518"
Ocean Lookout #3 | Heated Pool | Beachfront Deck,Barefoot Amelia,,206643,227788,988.72,63.14,331,4,3,10,true,false,false,true,true,true,true,Home/Apartment,Townhouse,Apt/Condo/Loft,5,56,3,21+,Luxury,true,335,true,209,45,2026-05-17,Amelia/St. Simons/Jekyll Islands,Fernandina Beach,Fernandina Beach,Florida,32034,United States,coastal,https://www.airbnb.com/rooms/1127823050487961407,https://a0.muscache.com/im/pictures/prohost-api/Hosting-1127823050487961407/original/496831dc-8a1d-4cf9-afb8-d7722354f989.jpeg,1127823050487961407,3942072,30.62451,-81.43899,"=AVERAGE($G$2:$G$1001)","=AVERAGE($D$2:$D$1001)","=IFERROR(($AT519-G519)/$AT519,0)","=IFERROR(($AU519-D519)/$AU519,0)","=$AU519-D519"
Duke's Beach House | Oceanfront | Deck | Sleeps 13,Barefoot Amelia,,193444,209474,976.99,62.26,325,4,3,13,true,false,false,true,true,true,false,Home/Apartment,Townhouse,Apt/Condo/Loft,4.95,178,3,21+,Luxury,true,325,true,198,48,2026-05-17,Amelia/St. Simons/Jekyll Islands,Fernandina Beach,Fernandina Beach,Florida,32034,United States,coastal,https://www.airbnb.com/rooms/47408137,https://a0.muscache.com/im/pictures/2d5676c9-9fce-48fb-a77f-e0e4656d2147.jpg,47408137,2201241,30.62269,-81.44122,"=AVERAGE($G$2:$G$1001)","=AVERAGE($D$2:$D$1001)","=IFERROR(($AT520-G520)/$AT520,0)","=IFERROR(($AU520-D520)/$AU520,0)","=$AU520-D520"
Brand New Luxury Beach Home,356976356,,193332,204362,1546.66,43.1,336,5,7,15,true,false,true,true,true,false,true,Home/Apartment,Cottage,House/villa,5,54,3,2-5,Luxury,false,599,false,125,26,2026-05-11,Amelia/St. Simons/Jekyll Islands,Saint Simons Island,Saint Simons Island,Georgia,31522,United States,coastal,https://www.airbnb.com/rooms/701569932332247135,https://a0.muscache.com/im/pictures/e0611d0e-eed3-4e73-8b37-afe34752a2ba.jpg,701569932332247135,2975241,31.1428,-81.3749,"=AVERAGE($G$2:$G$1001)","=AVERAGE($D$2:$D$1001)","=IFERROR(($AT521-G521)/$AT521,0)","=IFERROR(($AU521-D521)/$AU521,0)","=$AU521-D521"
Coastal Luxe: Oceanfront Outrigger Villa,Stay Better Vacations,,192508,196167,921.09,66.14,322,3,3,8,true,false,false,true,true,false,true,Home/Apartment,Townhouse,Apt/Condo/Loft,5,15,7,21+,Luxury,true,296,false,209,36,2026-05-11,Amelia/St. Simons/Jekyll Islands,Fernandina Beach,Fernandina Beach,Florida,32034,United States,coastal,https://www.airbnb.com/rooms/1160773438077147691,https://a0.muscache.com/im/pictures/prohost-api/Hosting-1160773438077147691/original/35dd8dbe-05e8-4359-a095-be7345269571.jpeg,1160773438077147691,3928088,30.5832,-81.4445,"=AVERAGE($G$2:$G$1001)","=AVERAGE($D$2:$D$1001)","=IFERROR(($AT522-G522)/$AT522,0)","=IFERROR(($AU522-D522)/$AU522,0)","=$AU522-D522"
Ocean Lookout #2 | Heated Pool | Beachfront Deck,Barefoot Amelia,,190861,210933,896.06,64.94,328,4,3,10,true,false,false,true,true,true,true,Home/Apartment,Townhouse,Apt/Condo/Loft,5,54,3,21+,Luxury,true,335,true,213,47,2026-05-17,Amelia/St. Simons/Jekyll Islands,Fernandina Beach,Fernandina Beach,Florida,32034,United States,coastal,https://www.airbnb.com/rooms/1127875903122748708,https://a0.muscache.com/im/pictures/prohost-api/Hosting-1127875903122748708/original/784c69a6-8136-49f4-a561-82bca48c86e8.jpeg,1127875903122748708,3942073,30.62368,-81.43971,"=AVERAGE($G$2:$G$1001)","=AVERAGE($D$2:$D$1001)","=IFERROR(($AT523-G523)/$AT523,0)","=IFERROR(($AU523-D523)/$AU523,0)","=$AU523-D523"
"Luxurious Ocean Front Condos, All Three Floors!",Hodnett Cooper Vacation Rentals,,187431,463441,2975.1,74.12,110,9,12,16,true,false,false,true,true,false,true,Home/Apartment,House,House/villa,4.85,18,3,21+,Luxury,true,1205,true,63,9,2026-05-11,Amelia/St. Simons/Jekyll Islands,Saint Simons Island,Saint Simons Island,Georgia,31522,United States,coastal,https://www.airbnb.com/rooms/32893914,https://a0.muscache.com/im/pictures/prohost-api/Hosting-32893914/original/647ff9f4-4ff2-4a24-96b5-101ca2e76015.jpeg,32893914,1708861,31.13659,-81.38392,"=AVERAGE($G$2:$G$1001)","=AVERAGE($D$2:$D$1001)","=IFERROR(($AT524-G524)/$AT524,0)","=IFERROR(($AU524-D524)/$AU524,0)","=$AU524-D524"
"Riverfront 3 Bd, Renov. Home, 2 Blk to Cloister",35953827,,184077,243682,1157.72,63.6,264,3,3,8,true,false,false,true,true,false,true,Home/Apartment,House,House/villa,5,50,3,21+,Luxury,true,349,false,159,38,2026-05-17,Amelia/St. Simons/Jekyll Islands,Saint Simons Island,Sea Island,Georgia,31561,United States,coastal,https://www.airbnb.com/rooms/845582941218270501,https://a0.muscache.com/im/pictures/miso/Hosting-845582941218270501/original/7d2543d9-9d0c-4e72-8e9b-e17a9eaef2bf.jpeg,845582941218270501,3297732,31.185,-81.3487,"=AVERAGE($G$2:$G$1001)","=AVERAGE($D$2:$D$1001)","=IFERROR(($AT525-G525)/$AT525,0)","=IFERROR(($AU525-D525)/$AU525,0)","=$AU525-D525"
Beautifully decorated oceanfront home.,ERA Fernandina Beach Realty,,180842,290590,1339.57,62.79,234,3,2,8,true,false,false,true,true,false,false,Home/Apartment,House,House/villa,4.35,11,2,21+,Luxury,false,1194,true,135,20,2026-05-14,Amelia/St. Simons/Jekyll Islands,Fernandina Beach,Fernandina Beach,Florida,32034,United States,coastal,https://www.airbnb.com/rooms/35031885,https://a0.muscache.com/im/pictures/prohost-api/Hosting-35031885/original/a930e51a-f701-4a85-b3c9-8f5f85e9f012.jpeg,35031885,,30.65969,-81.4332,"=AVERAGE($G$2:$G$1001)","=AVERAGE($D$2:$D$1001)","=IFERROR(($AT526-G526)/$AT526,0)","=IFERROR(($AU526-D526)/$AU526,0)","=$AU526-D526"
Event-Friendly Beach Villas | Sleeps 24,502313754,,177129,457142,1686.94,67.31,156,9,9,16,true,false,false,true,true,false,false,Home/Apartment,House,House/villa,4.7,3,3,2-5,Luxury,true,1450,true,105,26,2026-05-13,Amelia/St. Simons/Jekyll Islands,Fernandina Beach,Fernandina Beach,Florida,32034,United States,coastal,https://www.airbnb.com/rooms/1351119212584135866,https://a0.muscache.com/im/pictures/miso/Hosting-1351119212584135866/original/797cb270-a695-4921-b8bb-177229b4a562.jpeg,1351119212584135866,4246325,30.6612,-81.4324,"=AVERAGE($G$2:$G$1001)","=AVERAGE($D$2:$D$1001)","=IFERROR(($AT527-G527)/$AT527,0)","=IFERROR(($AU527-D527)/$AU527,0)","=$AU527-D527"
Ocean Front Pool! 4BR house near village sleeps 10,Lighthouse Vacations,,175433,198692,868.48,62.73,322,4,3,10,true,false,false,true,true,true,false,Home/Apartment,House,House/villa,4.85,133,3,21+,Luxury,true,360,true,202,39,2026-05-11,Amelia/St. Simons/Jekyll Islands,Saint Simons Island,Saint Simons Island,Georgia,31522,United States,coastal,https://www.airbnb.com/rooms/23468231,https://a0.muscache.com/im/pictures/prohost-api/Hosting-23468231/original/bf725ca9-b37e-458f-a568-6271d3e42bfb.jpeg,23468231,1322094,31.1345,-81.3883,"=AVERAGE($G$2:$G$1001)","=AVERAGE($D$2:$D$1001)","=IFERROR(($AT528-G528)/$AT528,0)","=IFERROR(($AU528-D528)/$AU528,0)","=$AU528-D528"
Oceanfront Vacation Home with Heated Pool,St. Simons Island Beach Rentals,,174735,209253,1480.81,39.73,320,6,3,14,true,false,false,true,true,false,false,Home/Apartment,House,House/villa,4.65,23,3,21+,Luxury,false,689,true,118,29,2026-05-11,Amelia/St. Simons/Jekyll Islands,Saint Simons Island,Saint Simons Island,Georgia,31522,United States,coastal,https://www.airbnb.com/rooms/593301967978871176,https://a0.muscache.com/im/pictures/prohost-api/Hosting-593301967978871176/original/eefade8e-f5c8-4508-83b0-91a1e118d7fc.jpeg,593301967978871176,9669963ha,31.15249,-81.36575,"=AVERAGE($G$2:$G$1001)","=AVERAGE($D$2:$D$1001)","=IFERROR(($AT529-G529)/$AT529,0)","=IFERROR(($AU529-D529)/$AU529,0)","=$AU529-D529"
Relax…you’re on island time,187556280,,166912,190634,1368.13,47.66,320,4,4,12,true,false,true,true,true,true,true,Home/Apartment,Villa,House/villa,4.95,64,2,1,Luxury,true,350,false,122,21,2026-05-13,Amelia/St. Simons/Jekyll Islands,Saint Simons Island,Saint Simons Island,Georgia,31522,United States,coastal,https://www.airbnb.com/rooms/531911081733771636,https://a0.muscache.com/im/pictures/miso/Hosting-531911081733771636/original/c2ccd769-a2b7-470c-b6a6-12aa416cb8d0.jpeg,531911081733771636,2449090,31.14322,-81.38907,"=AVERAGE($G$2:$G$1001)","=AVERAGE($D$2:$D$1001)","=IFERROR(($AT530-G530)/$AT530,0)","=IFERROR(($AU530-D530)/$AU530,0)","=$AU530-D530"
"Luxurious Complex, Ocean Views. Steps from Beach.",Hodnett Cooper Vacation Rentals,,165637,203774,732.91,78.47,290,4,4,10,true,false,false,true,true,false,true,Home/Apartment,Townhouse,Apt/Condo/Loft,4.7,24,3,21+,Luxury,true,570,true,226,36,2026-05-11,Amelia/St. Simons/Jekyll Islands,Saint Simons Island,Saint Simons Island,Georgia,31522,United States,coastal,https://www.airbnb.com/rooms/32893207,https://a0.muscache.com/im/pictures/prohost-api/Hosting-32893207/original/b736b51f-bf73-4573-a3fe-32b3f744a30b.jpeg,32893207,1585189,31.13917,-81.38058,"=AVERAGE($G$2:$G$1001)","=AVERAGE($D$2:$D$1001)","=IFERROR(($AT531-G531)/$AT531,0)","=IFERROR(($AU531-D531)/$AU531,0)","=$AU531-D531"
Beautiful Oceanfront 2nd Floor Unit! 3 bedrooms!,ERA Fernandina Beach Realty,,163700,191182,1169.29,58.82,302,3,2,6,true,false,false,true,true,false,false,Home/Apartment,House,House/villa,4.9,30,2,21+,Luxury,false,1395,true,140,31,2026-05-14,Amelia/St. Simons/Jekyll Islands,Fernandina Beach,Fernandina Beach,Florida,32034,United States,coastal,https://www.airbnb.com/rooms/731829102299246956,https://a0.muscache.com/im/pictures/prohost-api/Hosting-731829102299246956/original/2c10a0d1-c15e-4dc9-a8a3-5ec5d1ac3bd5.jpeg,731829102299246956,9743096ha,30.6636,-81.43284,"=AVERAGE($G$2:$G$1001)","=AVERAGE($D$2:$D$1001)","=IFERROR(($AT532-G532)/$AT532,0)","=IFERROR(($AU532-D532)/$AU532,0)","=$AU532-D532"
Luxury Oceanfront Villa-Pool-Firepit-Rooftop View,440015374,,161884,193028,1181.64,52.29,299,4,4,12,true,false,false,true,true,false,true,Home/Apartment,Villa,House/villa,4.9,78,3,6-20,Luxury,true,450,false,137,27,2026-05-17,Amelia/St. Simons/Jekyll Islands,Saint Simons Island,Saint Simons Island,Georgia,31522,United States,coastal,https://www.airbnb.com/rooms/599179130753367579,https://a0.muscache.com/im/pictures/miso/Hosting-599179130753367579/original/f2c2210f-f468-4b5b-9805-0254f36ec140.jpeg,599179130753367579,2698334,31.1339,-81.3908,"=AVERAGE($G$2:$G$1001)","=AVERAGE($D$2:$D$1001)","=IFERROR(($AT533-G533)/$AT533,0)","=IFERROR(($AU533-D533)/$AU533,0)","=$AU533-D533"
East Beach Retreat near Gould’s Inlet Beach Access,Lighthouse Vacations,,158859,165651,565.33,80.75,348,3,2,6,true,false,false,true,true,false,true,Home/Apartment,House,House/villa,5,73,3,21+,Luxury,true,275,true,281,69,2026-05-17,Amelia/St. Simons/Jekyll Islands,Saint Simons Island,Saint Simons Island,Georgia,31522,United States,coastal,https://www.airbnb.com/rooms/829116537164275023,https://a0.muscache.com/im/pictures/prohost-api/Hosting-829116537164275023/original/7054b908-1db9-422b-9989-0e21aded69f5.jpeg,829116537164275023,3260704,31.1548,-81.368,"=AVERAGE($G$2:$G$1001)","=AVERAGE($D$2:$D$1001)","=IFERROR(($AT534-G534)/$AT534,0)","=IFERROR(($AU534-D534)/$AU534,0)","=$AU534-D534"
Ol Charmer,Moore Amelia Island Rentals,,157134,174513,952.33,50.3,328,4,2,11,true,false,true,true,true,false,false,Home/Apartment,House,House/villa,4.9,38,3,21+,Luxury,true,425,true,165,41,2026-05-11,Amelia/St. Simons/Jekyll Islands,Fernandina Beach,Fernandina Beach,Florida,32034,United States,coastal,https://www.airbnb.com/rooms/881000374497485474,https://a0.muscache.com/im/pictures/prohost-api/Hosting-881000374497485474/original/1f218a02-7a31-45bf-9f14-583e42d0ef9f.jpeg,881000374497485474,3392385,30.6648,-81.4317,"=AVERAGE($G$2:$G$1001)","=AVERAGE($D$2:$D$1001)","=IFERROR(($AT535-G535)/$AT535,0)","=IFERROR(($AU535-D535)/$AU535,0)","=$AU535-D535"
Private Beachfront Lighthouse Just Steps to Ocean,34673362,,154843,167517,782.04,60.55,329,3,2,6,true,false,false,true,true,false,false,Home/Apartment,House,House/villa,4.95,106,2,2-5,Luxury,true,361,true,198,57,2026-05-17,Amelia/St. Simons/Jekyll Islands,Fernandina Beach,Fernandina Beach,Florida,32034,United States,coastal,https://www.airbnb.com/rooms/815352083769876642,https://a0.muscache.com/im/pictures/miso/Hosting-815352083769876642/original/e5a259b2-c287-4810-b02e-b8ca3990183a.jpeg,815352083769876642,3260779,30.6587,-81.4324,"=AVERAGE($G$2:$G$1001)","=AVERAGE($D$2:$D$1001)","=IFERROR(($AT536-G536)/$AT536,0)","=IFERROR(($AU536-D536)/$AU536,0)","=$AU536-D536"
Chalet-Style Beachfront Condo with Beach Access,RedAwning,,153865,215766,2137.01,47.06,266,3,2,10,true,false,false,true,true,false,false,Home/Apartment,House,House/villa,0,0,2,21+,Luxury,false,542,true,72,15,2026-04-18,Amelia/St. Simons/Jekyll Islands,Fernandina Beach,Fernandina Beach,Florida,32034,United States,coastal,https://www.airbnb.com/rooms/37604667,https://a0.muscache.com/im/pictures/prohost-api/Hosting-37604667/original/5c4a9f75-b99f-470d-82df-d9aea61dbbb8.jpeg,37604667,,30.6403,-81.4361,"=AVERAGE($G$2:$G$1001)","=AVERAGE($D$2:$D$1001)","=IFERROR(($AT537-G537)/$AT537,0)","=IFERROR(($AU537-D537)/$AU537,0)","=$AU537-D537"
Balcony Paradise @ Ocean Place Resort,495196687,,153796,168987,686.59,67.47,332,3,3,7,true,false,false,true,true,false,true,Home/Apartment,Apartment,Apt/Condo/Loft,5,121,3,6-20,Luxury,true,240,true,224,48,2026-05-17,Amelia/St. Simons/Jekyll Islands,Fernandina Beach,Fernandina Beach,Florida,32034,United States,coastal,https://www.airbnb.com/rooms/1244998184411790842,https://a0.muscache.com/im/pictures/prohost-api/Hosting-1244998184411790842/original/c6813acb-0651-4a65-bf0b-0aff6c64efe2.jpeg,1244998184411790842,2030517,30.59095,-81.44342,"=AVERAGE($G$2:$G$1001)","=AVERAGE($D$2:$D$1001)","=IFERROR(($AT538-G538)/$AT538,0)","=IFERROR(($AU538-D538)/$AU538,0)","=$AU538-D538"
226 South Fletcher 3rd Floor,RedAwning,,153287,195382,1446.1,71.14,259,3,2,6,true,false,false,true,true,false,false,Home/Apartment,House,House/villa,5,25,2,21+,Luxury,false,526,true,106,22,2026-04-20,Amelia/St. Simons/Jekyll Islands,Fernandina Beach,Fernandina Beach,Florida,32034,United States,coastal,https://www.airbnb.com/rooms/777097714206878396,https://a0.muscache.com/im/pictures/prohost-api/Hosting-777097714206878396/original/a9773898-0fee-4ca6-93de-c35231d49684.jpeg,777097714206878396,9761611ha,30.6646,-81.4317,"=AVERAGE($G$2:$G$1001)","=AVERAGE($D$2:$D$1001)","=IFERROR(($AT539-G539)/$AT539,0)","=IFERROR(($AU539-D539)/$AU539,0)","=$AU539-D539"
Ocean Lookout #1 | Heated Pool | Beachfront Deck,Barefoot Amelia,,152749,174292,727.38,67.09,313,3,3,8,true,false,false,true,true,true,false,Home/Apartment,Townhouse,Apt/Condo/Loft,5,52,3,21+,Luxury,true,275,true,210,46,2026-05-17,Amelia/St. Simons/Jekyll Islands,Fernandina Beach,Fernandina Beach,Florida,32034,United States,coastal,https://www.airbnb.com/rooms/1127895520077553902,https://a0.muscache.com/im/pictures/prohost-api/Hosting-1127895520077553902/original/9cc8478a-2bbb-4e55-ab3a-d572d55e436e.jpeg,1127895520077553902,3942074,30.62313,-81.43915,"=AVERAGE($G$2:$G$1001)","=AVERAGE($D$2:$D$1001)","=IFERROR(($AT540-G540)/$AT540,0)","=IFERROR(($AU540-D540)/$AU540,0)","=$AU540-D540"
The Southern Whippoorwill on East Beach with Pool,Lighthouse Vacations,,152542,159469,866.72,50.57,353,4,4,10,true,false,false,true,true,false,false,Home/Apartment,House,House/villa,4.55,11,3,21+,Luxury,true,425,true,176,39,2026-05-11,Amelia/St. Simons/Jekyll Islands,Saint Simons Island,Saint Simons Island,Georgia,31522,United States,coastal,https://www.airbnb.com/rooms/805932346242850704,https://a0.muscache.com/im/pictures/prohost-api/Hosting-805932346242850704/original/7a1cb220-2e39-4277-9bc7-97b8fadcfe18.jpeg,805932346242850704,3144948,31.1484,-81.3706,"=AVERAGE($G$2:$G$1001)","=AVERAGE($D$2:$D$1001)","=IFERROR(($AT541-G541)/$AT541,0)","=IFERROR(($AU541-D541)/$AU541,0)","=$AU541-D541"
Opened 2025 Luxury Beach House POOL Steps to Beach,593004800,,150639,212054,1476.85,41.13,262,6,7,16,true,false,true,true,true,false,true,Home/Apartment,Cottage,House/villa,4.85,38,3,1,Luxury,true,718,true,102,27,2026-05-13,Amelia/St. Simons/Jekyll Islands,Saint Simons Island,Saint Simons Island,Georgia,31522,United States,coastal,https://www.airbnb.com/rooms/1211858896320962410,https://a0.muscache.com/im/pictures/prohost-api/Hosting-1211858896320962410/original/e08488aa-b4a2-4056-a894-7611dc38ae7e.jpeg,1211858896320962410,4122658,31.1367,-81.4023,"=AVERAGE($G$2:$G$1001)","=AVERAGE($D$2:$D$1001)","=IFERROR(($AT542-G542)/$AT542,0)","=IFERROR(($AU542-D542)/$AU542,0)","=$AU542-D542"
4BR Ocean View Beach House w/ Elevator | Sleeps 8 | Steps to Beach,Amelianaire Vacation Rentals & Property Management,,150477,174323,779.67,61.86,334,4,3,8,true,false,false,true,true,true,true,Home/Apartment,House,House/villa,5,1,3,1,Luxury,false,301,true,193,53,2026-05-16,Amelia/St. Simons/Jekyll Islands,Fernandina Beach,Fernandina Beach,Florida,32034,United States,coastal,https://www.vrbo.com/4496504,"https://media.vrbo.com/lodging/115000000/114240000/114231300/114231239/0c65a487.jpg?impolicy=resizecrop&rw=1200&ra=fit",,4496504,30.65948,-81.432888,"=AVERAGE($G$2:$G$1001)","=AVERAGE($D$2:$D$1001)","=IFERROR(($AT543-G543)/$AT543,0)","=IFERROR(($AU543-D543)/$AU543,0)","=$AU543-D543"
Direct Oceanfront | N Fletcher Beach House | All Rooms Oceanfront | Huge Deck | Bell's Retreat,Amelia Island Getaways,,150150,183783,711.61,69.41,304,3,2,10,true,false,false,true,true,true,false,Home/Apartment,House,House/villa,5,18,3,21+,Luxury,false,265,true,211,47,2026-05-16,Amelia/St. Simons/Jekyll Islands,Fernandina Beach,Fernandina Beach,Florida,32034,United States,coastal,https://www.vrbo.com/3926466,"https://media.vrbo.com/lodging/104000000/103650000/103644600/103644506/8bfa4a75.jpg?impolicy=resizecrop&rw=1200&ra=fit",,3926466,30.683811,-81.429208,"=AVERAGE($G$2:$G$1001)","=AVERAGE($D$2:$D$1001)","=IFERROR(($AT544-G544)/$AT544,0)","=IFERROR(($AU544-D544)/$AU544,0)","=$AU544-D544"
7th Floor Oceanfront Condo!,ERA Fernandina Beach Realty,,149979,177707,1470.38,65.81,236,3,2,8,true,false,false,true,true,false,true,Home/Apartment,Condominium (condo),Apt/Condo/Loft,4.65,6,2,21+,Luxury,false,583,true,102,14,2026-05-13,Amelia/St. Simons/Jekyll Islands,Fernandina Beach,Fernandina Beach,Florida,32034,United States,coastal,https://www.airbnb.com/rooms/35031734,https://a0.muscache.com/im/pictures/prohost-api/Hosting-35031734/original/05cab8da-8c55-4f70-acf3-c3bdb85c881c.jpeg,35031734,,30.62146,-81.44055,"=AVERAGE($G$2:$G$1001)","=AVERAGE($D$2:$D$1001)","=IFERROR(($AT545-G545)/$AT545,0)","=IFERROR(($AU545-D545)/$AU545,0)","=$AU545-D545"
"Oceanfront 5 Bd. Cottage, w/Pool",35953827,,149605,221169,2452.54,38.61,234,5,5,10,true,false,true,true,true,false,true,Home/Apartment,House,House/villa,4.25,4,3,21+,Luxury,true,600,false,61,12,2026-05-15,Amelia/St. Simons/Jekyll Islands,Saint Simons Island,Sea Island,Georgia,31561,United States,coastal,https://www.airbnb.com/rooms/1481840364292464824,https://a0.muscache.com/im/pictures/hosting/Hosting-1481840364292464824/original/b1699f75-32e8-4196-9fea-160e04983101.jpeg,1481840364292464824,4737065,31.1936,-81.335,"=AVERAGE($G$2:$G$1001)","=AVERAGE($D$2:$D$1001)","=IFERROR(($AT546-G546)/$AT546,0)","=IFERROR(($AU546-D546)/$AU546,0)","=$AU546-D546"
Best Location.Only2 blocks to Cloister&Beach Club.,15646875,,148894,208248,1884.73,32.78,288,5,5,12,true,false,false,true,true,false,false,Home/Apartment,House,House/villa,5,2,3,1,Luxury,false,300,false,79,12,2026-05-16,Amelia/St. Simons/Jekyll Islands,Saint Simons Island,Sea Island,Georgia,31561,United States,coastal,https://www.airbnb.com/rooms/9307503,https://a0.muscache.com/im/pictures/c792e92e-1159-4c37-b101-48f73b57404b.jpg,9307503,,31.1831,-81.3484,"=AVERAGE($G$2:$G$1001)","=AVERAGE($D$2:$D$1001)","=IFERROR(($AT547-G547)/$AT547,0)","=IFERROR(($AU547-D547)/$AU547,0)","=$AU547-D547"
"Condo with Beach Access, Pool, and Tennis Court",RedAwning,,147356,199790,1713.44,55.13,217,3,2,8,true,false,false,true,true,false,true,Home/Apartment,Condominium (condo),Apt/Condo/Loft,4.55,11,2,21+,Luxury,false,556,true,86,12,2026-04-18,Amelia/St. Simons/Jekyll Islands,Fernandina Beach,Fernandina Beach,Florida,32034,United States,coastal,https://www.airbnb.com/rooms/37603827,https://a0.muscache.com/im/pictures/prohost-api/Hosting-37603827/original/01528bcb-5aa8-4a91-b443-aa47e9720f74.jpeg,37603827,4702886ha,30.6209,-81.4399,"=AVERAGE($G$2:$G$1001)","=AVERAGE($D$2:$D$1001)","=IFERROR(($AT548-G548)/$AT548,0)","=IFERROR(($AU548-D548)/$AU548,0)","=$AU548-D548"
391 A&B 4 Bedroom Townhouse,RedAwning,,146391,164443,1394.2,36.84,320,4,4,12,true,false,false,true,true,true,false,Home/Apartment,Townhouse,Apt/Condo/Loft,5,1,2,21+,Luxury,false,1292,true,105,27,2026-04-14,Amelia/St. Simons/Jekyll Islands,Fernandina Beach,Fernandina Beach,Florida,32034,United States,coastal,https://www.airbnb.com/rooms/938250196562451751,https://a0.muscache.com/im/pictures/prohost-api/Hosting-938250196562451751/original/591ab186-051e-4c6e-929c-221cb99a4a50.jpeg,938250196562451751,,30.662,-81.4326,"=AVERAGE($G$2:$G$1001)","=AVERAGE($D$2:$D$1001)","=IFERROR(($AT549-G549)/$AT549,0)","=IFERROR(($AU549-D549)/$AU549,0)","=$AU549-D549"
A Completely reimagined oceanfront retreat!,ERA Fernandina Beach Realty,,145625,189278,1165,60.68,214,4,2,11,true,false,false,true,true,false,false,Home/Apartment,House,House/villa,4.65,6,2,21+,Luxury,false,804,true,125,29,2026-05-14,Amelia/St. Simons/Jekyll Islands,Fernandina Beach,Fernandina Beach,Florida,32034,United States,coastal,https://www.airbnb.com/rooms/1359408107371642105,https://a0.muscache.com/im/pictures/prohost-api/Hosting-1359408107371642105/original/be759f25-0452-464c-81d6-fedf4da0b62b.jpeg,1359408107371642105,20258775ha,30.648305387,-81.43526559,"=AVERAGE($G$2:$G$1001)","=AVERAGE($D$2:$D$1001)","=IFERROR(($AT550-G550)/$AT550,0)","=IFERROR(($AU550-D550)/$AU550,0)","=$AU550-D550"
Oceanfront | Completely Renovated Historic Home | Huge Balcony Amazing Ocean Views,Amelia Island Getaways,,144132,204578,1501.38,48.48,231,7,7,20,true,false,false,true,true,false,false,Home/Apartment,House,House/villa,5,46,3,21+,Luxury,false,614,true,96,22,2026-05-15,Amelia/St. Simons/Jekyll Islands,Fernandina Beach,Fernandina Beach,Florida,32034,United States,coastal,https://www.vrbo.com/2275500,"https://media.vrbo.com/lodging/67000000/66730000/66726700/66726604/5e9da83c.jpg?impolicy=resizecrop&rw=1200&ra=fit",,2275500,30.659229,-81.432341,"=AVERAGE($G$2:$G$1001)","=AVERAGE($D$2:$D$1001)","=IFERROR(($AT551-G551)/$AT551,0)","=IFERROR(($AU551-D551)/$AU551,0)","=$AU551-D551"
Luxury Oceanfront Home with Breath Taking Sunrise,Hodnett Cooper Vacation Rentals,,139272,159596,1564.85,41.98,286,5,6,12,true,false,false,true,true,false,true,Home/Apartment,House,House/villa,5,2,3,21+,Luxury,true,935,true,89,15,2026-05-16,Amelia/St. Simons/Jekyll Islands,Saint Simons Island,Saint Simons Island,Georgia,31522,United States,coastal,https://www.airbnb.com/rooms/1252079051285071937,https://a0.muscache.com/im/pictures/prohost-api/Hosting-1252079051285071937/original/7405e690-ed3b-46ef-b5b6-9466061d8e66.jpeg,1252079051285071937,4172769,31.15622,-81.36563,"=AVERAGE($G$2:$G$1001)","=AVERAGE($D$2:$D$1001)","=IFERROR(($AT552-G552)/$AT552,0)","=IFERROR(($AU552-D552)/$AU552,0)","=$AU552-D552"
Oceanfront Pet Friendly Unit,RedAwning,,138700,251385,1981.43,70,137,3,2,6,true,false,false,true,true,true,false,Home/Apartment,House,House/villa,5,1,2,21+,Luxury,false,477,true,70,10,2026-04-14,Amelia/St. Simons/Jekyll Islands,Fernandina Beach,Fernandina Beach,Florida,32034,United States,coastal,https://www.airbnb.com/rooms/40118462,https://a0.muscache.com/im/pictures/prohost-api/Hosting-40118462/original/c41a1291-3534-4b7b-ac86-d37fa6c74ccc.jpeg,40118462,,30.6488,-81.4343,"=AVERAGE($G$2:$G$1001)","=AVERAGE($D$2:$D$1001)","=IFERROR(($AT553-G553)/$AT553,0)","=IFERROR(($AU553-D553)/$AU553,0)","=$AU553-D553"
Oceanfront | Renovated Penthouse Villa | Magnificent Intracoastal and Atlantic Views | 3 King Beds,Amelia Island Getaways,,137561,181817,664.55,72.13,287,3,3,8,true,false,false,true,true,false,true,Home/Apartment,Condominium (condo),Apt/Condo/Loft,5,9,3,21+,Luxury,false,245,true,207,45,2026-05-15,Amelia/St. Simons/Jekyll Islands,Fernandina Beach,Fernandina Beach,Florida,32034,United States,coastal,https://www.vrbo.com/3461074,"https://media.vrbo.com/lodging/96000000/95330000/95329600/95329527/398863e8.jpg?impolicy=resizecrop&rw=1200&ra=fit",,3461074,30.543024,-81.441527,"=AVERAGE($G$2:$G$1001)","=AVERAGE($D$2:$D$1001)","=IFERROR(($AT554-G554)/$AT554,0)","=IFERROR(($AU554-D554)/$AU554,0)","=$AU554-D554"
"Riverfront 4 bd home, 2 Blks to beach and Cloister",35953827,,137431,202780,1090.72,48.46,263,4,4,10,true,false,false,true,true,true,true,Home/Apartment,Townhouse,Apt/Condo/Loft,4.9,89,3,21+,Luxury,true,350,true,126,26,2026-05-11,Amelia/St. Simons/Jekyll Islands,Saint Simons Island,Sea Island,Georgia,31561,United States,coastal,https://www.airbnb.com/rooms/45707480,https://a0.muscache.com/im/pictures/miso/Hosting-45707480/original/d355a039-293a-46af-ac0e-c3ee9fcf9248.jpeg,45707480,2083346,31.18393,-81.34983,"=AVERAGE($G$2:$G$1001)","=AVERAGE($D$2:$D$1001)","=IFERROR(($AT555-G555)/$AT555,0)","=IFERROR(($AU555-D555)/$AU555,0)","=$AU555-D555"
Immaculate Custom Home | 2.5 blocks to Beach | Heated Pool + Spa | Dog Friendly,,,137203,185951,753.86,73.09,249,4,3,10,true,false,true,true,true,true,true,Home/Apartment,House,House/villa,5,52,3,21+,Luxury,false,395,true,182,35,2026-05-16,Amelia/St. Simons/Jekyll Islands,Saint Simons Island,Saint Simons Island,Georgia,31522,United States,coastal,https://www.vrbo.com/2271005,"https://media.vrbo.com/lodging/67000000/66550000/66543600/66543540/c79840b2.jpg?impolicy=resizecrop&rw=1200&ra=fit",,2271005,31.137729,-81.387132,"=AVERAGE($G$2:$G$1001)","=AVERAGE($D$2:$D$1001)","=IFERROR(($AT556-G556)/$AT556,0)","=IFERROR(($AU556-D556)/$AU556,0)","=$AU556-D556"
Private Pool Home | Newly Updated Gourmet Kitchen | 8 Minute Walk to the Beach,Amelia Island Getaways,,136869,149330,735.85,55.03,338,4,4,10,true,false,false,true,true,false,true,Home/Apartment,House,House/villa,4.7,23,3,21+,Luxury,false,315,true,186,41,2026-05-15,Amelia/St. Simons/Jekyll Islands,Fernandina Beach,Fernandina Beach,Florida,32034,United States,coastal,https://www.vrbo.com/2938218,"https://media.vrbo.com/lodging/84000000/83500000/83490900/83490858/6d8c0818.jpg?impolicy=resizecrop&rw=1200&ra=fit",,2938218,30.550792,-81.445302,"=AVERAGE($G$2:$G$1001)","=AVERAGE($D$2:$D$1001)","=IFERROR(($AT557-G557)/$AT557,0)","=IFERROR(($AU557-D557)/$AU557,0)","=$AU557-D557"
Cozy cottage and dog friendly!,ERA Fernandina Beach Realty,,134099,173871,838.12,71.43,236,3,1,6,true,false,false,true,true,true,false,Home/Apartment,House,House/villa,4.5,4,2,21+,Luxury,false,1472,true,160,24,2026-05-14,Amelia/St. Simons/Jekyll Islands,Fernandina Beach,Fernandina Beach,Florida,32034,United States,coastal,https://www.airbnb.com/rooms/35031749,https://a0.muscache.com/im/pictures/prohost-api/Hosting-35031749/original/9af039bc-63cc-460f-bbbf-abedaefc4a95.jpeg,35031749,,30.67515,-81.42969,"=AVERAGE($G$2:$G$1001)","=AVERAGE($D$2:$D$1001)","=IFERROR(($AT558-G558)/$AT558,0)","=IFERROR(($AU558-D558)/$AU558,0)","=$AU558-D558"
Sandy Shoreline~Ocean Place~Penthouse~insane views,495196687,,131776,166051,668.91,73.78,283,3,3,7,true,false,false,true,true,false,true,Home/Apartment,Condominium (condo),Apt/Condo/Loft,4.95,18,3,6-20,Luxury,true,235,true,197,32,2026-05-13,Amelia/St. Simons/Jekyll Islands,Fernandina Beach,Fernandina Beach,Florida,32034,United States,coastal,https://www.airbnb.com/rooms/1381864012403138679,https://a0.muscache.com/im/pictures/prohost-api/Hosting-1381864012403138679/original/86499128-0056-4371-af8c-0147428c6f74.jpeg,1381864012403138679,4496151,30.59149,-81.44482,"=AVERAGE($G$2:$G$1001)","=AVERAGE($D$2:$D$1001)","=IFERROR(($AT559-G559)/$AT559,0)","=IFERROR(($AU559-D559)/$AU559,0)","=$AU559-D559"
"Spectacular Ocean Views! Immaculate Family Oceanfront Home, Pool, Rooftop Deck! Emmeline Cottage",,,131473,277379,1685.55,48.45,222,6,6,14,true,false,false,true,false,false,true,Home/Apartment,House,House/villa,4.7,26,4,21+,Luxury,false,696,true,78,17,2026-05-13,Amelia/St. Simons/Jekyll Islands,Saint Simons Island,Saint Simons Island,Georgia,31522,United States,coastal,https://www.vrbo.com/1671565,"https://media.vrbo.com/lodging/38000000/37830000/37828500/37828414/9e254dd4.jpg?impolicy=resizecrop&rw=1200&ra=fit",,1671565,31.144061,-81.372485,"=AVERAGE($G$2:$G$1001)","=AVERAGE($D$2:$D$1001)","=IFERROR(($AT560-G560)/$AT560,0)","=IFERROR(($AU560-D560)/$AU560,0)","=$AU560-D560"
Sea Island Beach Front with pool. Ocean views from almost All Rooms,,,131295,157725,3548.51,32.17,176,8,7,16,true,false,false,true,true,false,true,Home/Apartment,House,House/villa,5,5,7,1,Luxury,false,591,false,37,3,2026-05-15,Amelia/St. Simons/Jekyll Islands,Saint Simons Island,Sea Island,Georgia,31561,United States,coastal,https://www.vrbo.com/7444051ha,"https://media.vrbo.com/lodging/35000000/34460000/34456100/34456073/acad3dd4.jpg?impolicy=resizecrop&rw=1200&ra=fit",,7444051ha,31.20238,-81.331894,"=AVERAGE($G$2:$G$1001)","=AVERAGE($D$2:$D$1001)","=IFERROR(($AT561-G561)/$AT561,0)","=IFERROR(($AU561-D561)/$AU561,0)","=$AU561-D561"
Sunrise Heaven at Shipwatch Villas in Amelia,495196687,,128860,150456,634.78,67.44,301,3,3,8,true,false,false,true,true,false,true,Home/Apartment,Apartment,Apt/Condo/Loft,5,153,3,6-20,Luxury,true,240,true,203,38,2026-05-11,Amelia/St. Simons/Jekyll Islands,Fernandina Beach,Fernandina Beach,Florida,32034,United States,coastal,https://www.airbnb.com/rooms/965068346171287499,https://a0.muscache.com/im/pictures/miso/Hosting-965068346171287499/original/47434e79-5281-4fd3-8089-05beefd7723f.jpeg,965068346171287499,1728528,30.5469,-81.4428,"=AVERAGE($G$2:$G$1001)","=AVERAGE($D$2:$D$1001)","=IFERROR(($AT562-G562)/$AT562,0)","=IFERROR(($AU562-D562)/$AU562,0)","=$AU562-D562"
Gorgeous Oceanfront Home~Private Boardwalk and Crow's Nest with Amazing Views!,,,126889,152748,697.19,58.33,312,4,3,8,true,false,false,true,true,false,false,Home/Apartment,House,House/villa,4.9,91,3,1,Luxury,false,249,true,182,45,2026-05-14,Amelia/St. Simons/Jekyll Islands,Fernandina Beach,Fernandina Beach,Florida,32034,United States,coastal,https://www.vrbo.com/2138676,"https://media.vrbo.com/lodging/62000000/61010000/61001700/61001612/5c13b2ff.jpg?impolicy=resizecrop&rw=1200&ra=fit",,2138676,30.625839,-81.439605,"=AVERAGE($G$2:$G$1001)","=AVERAGE($D$2:$D$1001)","=IFERROR(($AT563-G563)/$AT563,0)","=IFERROR(($AU563-D563)/$AU563,0)","=$AU563-D563"
Walk to Beach & Dinner + Large Private Pool,147845105,,126797,148244,660.4,67.84,310,4,3,9,true,false,false,true,true,false,true,Home/Apartment,House,House/villa,5,11,2,1,Luxury,false,349,true,192,46,2026-05-17,Amelia/St. Simons/Jekyll Islands,Saint Simons Island,Saint Simons Island,Georgia,31522,United States,coastal,https://www.airbnb.com/rooms/1406738942220240043,https://a0.muscache.com/im/pictures/prohost-api/Hosting-1406738942220240043/original/7f367c19-ec7e-4528-9fe7-ed81868d7cb9.jpeg,1406738942220240043,4578415,31.1408185907,-81.382507768,"=AVERAGE($G$2:$G$1001)","=AVERAGE($D$2:$D$1001)","=IFERROR(($AT564-G564)/$AT564,0)","=IFERROR(($AU564-D564)/$AU564,0)","=$AU564-D564"
"Beach across the street, near Village! Heated Pool",Lighthouse Vacations,,126511,131845,897.24,47.16,335,4,4,8,true,false,false,true,true,false,false,Home/Apartment,House,House/villa,4.95,75,3,21+,Luxury,true,400,true,141,37,2026-05-11,Amelia/St. Simons/Jekyll Islands,Saint Simons Island,Saint Simons Island,Georgia,31522,United States,coastal,https://www.airbnb.com/rooms/39125191,https://a0.muscache.com/im/pictures/prohost-api/Hosting-39125191/original/3db1ad1a-9f7f-4622-ba4c-c950834b5b4d.jpeg,39125191,1433887,31.1359,-81.3879,"=AVERAGE($G$2:$G$1001)","=AVERAGE($D$2:$D$1001)","=IFERROR(($AT565-G565)/$AT565,0)","=IFERROR(($AU565-D565)/$AU565,0)","=$AU565-D565"
Beyond the Horizon: Oceanfront Sunrise Escape,Stay Better Vacations,,126447,136451,547.39,67.74,341,3,3,6,true,false,false,true,true,false,true,Home/Apartment,Condominium (condo),Apt/Condo/Loft,4.9,63,4,21+,Luxury,true,296,false,231,53,2026-05-13,Amelia/St. Simons/Jekyll Islands,Fernandina Beach,Fernandina Beach,Florida,32034,United States,coastal,https://www.airbnb.com/rooms/700628294392642415,https://a0.muscache.com/im/pictures/prohost-api/Hosting-700628294392642415/original/e5ca6a29-0515-40f3-9bbe-e8e633b41037.jpeg,700628294392642415,2977708,30.5892,-81.4442,"=AVERAGE($G$2:$G$1001)","=AVERAGE($D$2:$D$1001)","=IFERROR(($AT566-G566)/$AT566,0)","=IFERROR(($AU566-D566)/$AU566,0)","=$AU566-D566"
"Briney Breeze @ Ocean Oaks 4 bedrooms, 4.5 bathroo",Jekyll Realty,,126126,153220,803.35,79.29,257,4,4,12,true,false,false,true,true,false,true,Home/Apartment,House,House/villa,5,34,3,21+,Luxury,true,461,true,157,25,2026-05-16,Amelia/St. Simons/Jekyll Islands,Jekyll Island,Jekyll Island,Georgia,31527,United States,coastal,https://www.airbnb.com/rooms/1556580598449565077,https://a0.muscache.com/im/pictures/prohost-api/Hosting-1556580598449565077/original/0d035889-0116-46c4-9ac9-2bc3c31a175f.jpeg,1556580598449565077,1909108,31.0352,-81.4153,"=AVERAGE($G$2:$G$1001)","=AVERAGE($D$2:$D$1001)","=IFERROR(($AT567-G567)/$AT567,0)","=IFERROR(($AU567-D567)/$AU567,0)","=$AU567-D567"
Spring special/heated pool/Mint Julep,68995447,,125386,133038,666.95,59.87,327,3,2,12,true,false,false,true,true,true,true,Home/Apartment,House,House/villa,5,82,3,6-20,Luxury,true,350,true,188,41,2026-05-13,Amelia/St. Simons/Jekyll Islands,Saint Simons Island,Saint Simons Island,Georgia,31522,United States,coastal,https://www.airbnb.com/rooms/720846327647357481,https://a0.muscache.com/im/pictures/hosting/Hosting-720846327647357481/original/df8506d2-6238-4827-a1ab-dfe3f88534a4.jpeg,720846327647357481,3021127,31.1378,-81.3963,"=AVERAGE($G$2:$G$1001)","=AVERAGE($D$2:$D$1001)","=IFERROR(($AT568-G568)/$AT568,0)","=IFERROR(($AU568-D568)/$AU568,0)","=$AU568-D568"
Ocean Views and Private Pool: 1950's Beach Gem,44025772,,125317,144462,465.86,82.52,326,3,2,6,true,false,true,true,true,true,true,Home/Apartment,House,House/villa,4.85,109,5,2-5,Luxury,true,250,true,269,60,2026-05-17,Amelia/St. Simons/Jekyll Islands,Fernandina Beach,Fernandina Beach,Florida,32034,United States,coastal,https://www.airbnb.com/rooms/573840477730136913,https://a0.muscache.com/im/pictures/hosting/Hosting-573840477730136913/original/a900f9b3-5061-4b30-b0c6-5885a42f43d0.png,573840477730136913,2690268,30.6634,-81.4326,"=AVERAGE($G$2:$G$1001)","=AVERAGE($D$2:$D$1001)","=IFERROR(($AT569-G569)/$AT569,0)","=IFERROR(($AU569-D569)/$AU569,0)","=$AU569-D569"
2nd Floor Oceanfront with Private Fishing Pier!,ERA Fernandina Beach Realty,,124510,142742,847.01,61.25,264,3,2,6,true,false,false,true,true,false,true,Home/Apartment,Condominium (condo),Apt/Condo/Loft,4.35,3,3,21+,Luxury,false,562,true,147,25,2026-05-13,Amelia/St. Simons/Jekyll Islands,Fernandina Beach,Fernandina Beach,Florida,32034,United States,coastal,https://www.airbnb.com/rooms/731746236688057068,https://a0.muscache.com/im/pictures/prohost-api/Hosting-731746236688057068/original/a17fb1a8-ff1f-4c40-97cd-71edd4077864.jpeg,731746236688057068,,30.62056,-81.44068,"=AVERAGE($G$2:$G$1001)","=AVERAGE($D$2:$D$1001)","=IFERROR(($AT570-G570)/$AT570,0)","=IFERROR(($AU570-D570)/$AU570,0)","=$AU570-D570"
NEW PHOTOS! Spacious Amelia Island Villa Sleeps 12! Ideal for Large Families & Groups!,Destination Amelia Vacation Rentals,,123645,131110,671.98,55.76,350,3,3,10,true,false,false,true,true,false,true,Home/Apartment,Condominium (condo),Apt/Condo/Loft,5,54,3,21+,Luxury,false,289,true,184,37,2026-05-16,Amelia/St. Simons/Jekyll Islands,Fernandina Beach,Fernandina Beach,Florida,32034,United States,coastal,https://www.vrbo.com/1278591,"https://media.vrbo.com/lodging/28000000/27340000/27335200/27335115/13f01cb2.jpg?impolicy=resizecrop&rw=1200&ra=fit",,1278591,30.547103,-81.443155,"=AVERAGE($G$2:$G$1001)","=AVERAGE($D$2:$D$1001)","=IFERROR(($AT571-G571)/$AT571,0)","=IFERROR(($AU571-D571)/$AU571,0)","=$AU571-D571"
226 Sf 2nd Floor,RedAwning,,123297,187637,1311.67,58.02,266,3,2,6,true,false,false,true,true,false,false,Home/Apartment,House,House/villa,5,2,2,21+,Luxury,false,526,true,94,21,2026-04-19,Amelia/St. Simons/Jekyll Islands,Fernandina Beach,Fernandina Beach,Florida,32034,United States,coastal,https://www.airbnb.com/rooms/734275720369409681,https://a0.muscache.com/im/pictures/prohost-api/Hosting-734275720369409681/original/da9cf446-99da-4a9d-ab69-c75eeb1ef531.jpeg,734275720369409681,,30.6646,-81.4317,"=AVERAGE($G$2:$G$1001)","=AVERAGE($D$2:$D$1001)","=IFERROR(($AT572-G572)/$AT572,0)","=IFERROR(($AU572-D572)/$AU572,0)","=$AU572-D572"
Oceanfront | Double Balconies | Steps to Beach | Garage Access,Amelia Island Getaways,,123041,126575,542.03,69.63,326,3,3,8,true,false,false,true,true,false,false,Home/Apartment,House,House/villa,4.7,50,3,21+,Luxury,false,186,true,227,51,2026-05-17,Amelia/St. Simons/Jekyll Islands,Fernandina Beach,Fernandina Beach,Florida,32034,United States,coastal,https://www.vrbo.com/1799985,"https://media.vrbo.com/lodging/43000000/42520000/42516500/42516416/a8b86f59.jpg?impolicy=resizecrop&rw=1200&ra=fit",,1799985,30.66331,-81.43204,"=AVERAGE($G$2:$G$1001)","=AVERAGE($D$2:$D$1001)","=IFERROR(($AT573-G573)/$AT573,0)","=IFERROR(($AU573-D573)/$AU573,0)","=$AU573-D573"
"AMAZING Ocean Views! Fabulous Property, Heated Pool and Spa, Walk to Village",Lilmar Properties,,122882,153919,910.24,69.23,210,4,4,8,true,false,true,true,true,false,true,Home/Apartment,House,House/villa,4.9,85,3,6-20,Luxury,false,395,true,135,31,2026-01-18,Amelia/St. Simons/Jekyll Islands,Saint Simons Island,Saint Simons Island,Georgia,31522,United States,coastal,https://www.vrbo.com/1533364,"https://media.vrbo.com/lodging/34000000/33500000/33492200/33492139/730b6f05.jpg?impolicy=resizecrop&rw=1200&ra=fit",,1533364,31.13496,-81.39812,"=AVERAGE($G$2:$G$1001)","=AVERAGE($D$2:$D$1001)","=IFERROR(($AT574-G574)/$AT574,0)","=IFERROR(($AU574-D574)/$AU574,0)","=$AU574-D574"
"Magnificent Ocean Views, Private Heated Pool",Lighthouse Vacations,,122130,125973,731.32,48.55,349,4,4,10,true,false,false,true,true,true,false,Home/Apartment,House,House/villa,4.8,32,3,21+,Luxury,true,400,true,167,33,2026-05-13,Amelia/St. Simons/Jekyll Islands,Saint Simons Island,Saint Simons Island,Georgia,31522,United States,coastal,https://www.airbnb.com/rooms/43357944,https://a0.muscache.com/im/pictures/prohost-api/Hosting-43357944/original/25a2b129-028e-4c56-80a1-74e1e6a4e419.jpeg,43357944,1970156,31.1548,-81.3668,"=AVERAGE($G$2:$G$1001)","=AVERAGE($D$2:$D$1001)","=IFERROR(($AT575-G575)/$AT575,0)","=IFERROR(($AU575-D575)/$AU575,0)","=$AU575-D575"
Huge Condo with Remarkable Ocean Views!,Hodnett Cooper Vacation Rentals,,122117,151897,682.22,63.7,286,4,3,10,true,false,true,true,true,false,true,Home/Apartment,Condominium (condo),Apt/Condo/Loft,5,24,2,21+,Luxury,true,366,true,179,46,2026-05-16,Amelia/St. Simons/Jekyll Islands,Saint Simons Island,Saint Simons Island,Georgia,31522,United States,coastal,https://www.airbnb.com/rooms/570245790564370377,https://a0.muscache.com/im/pictures/prohost-api/Hosting-570245790564370377/original/38aaff15-ecb5-4987-a756-9b5b428d3bda.jpeg,570245790564370377,2639126,31.14077,-81.37758,"=AVERAGE($G$2:$G$1001)","=AVERAGE($D$2:$D$1001)","=IFERROR(($AT576-G576)/$AT576,0)","=IFERROR(($AU576-D576)/$AU576,0)","=$AU576-D576"
Summer Special | Large Home with Pool & Bikes!,Hosted SSI,,121642,137182,538.24,72.2,313,3,2,8,true,false,false,true,true,false,true,Home/Apartment,House,House/villa,5,83,3,21+,Luxury,true,250,false,226,60,2026-05-13,Amelia/St. Simons/Jekyll Islands,Saint Simons Island,Saint Simons Island,Georgia,31522,United States,coastal,https://www.airbnb.com/rooms/923033230643258417,https://a0.muscache.com/im/pictures/prohost-api/Hosting-923033230643258417/original/9749e7e5-e341-48bc-a09c-ccd8e974f1c0.jpeg,923033230643258417,3482046,31.1578,-81.3826,"=AVERAGE($G$2:$G$1001)","=AVERAGE($D$2:$D$1001)","=IFERROR(($AT577-G577)/$AT577,0)","=IFERROR(($AU577-D577)/$AU577,0)","=$AU577-D577"
"Mother's Day @ Elegant Penthouse,AIP Resort",544764926,,121465,177901,674.81,72.58,254,3,3,8,true,false,false,true,true,false,true,Home/Apartment,Condominium (condo),Apt/Condo/Loft,5,63,3,6-20,Luxury,true,285,true,180,39,2026-05-11,Amelia/St. Simons/Jekyll Islands,Fernandina Beach,Fernandina Beach,Florida,32034,United States,coastal,https://www.airbnb.com/rooms/1083350530638118385,https://a0.muscache.com/im/pictures/prohost-api/Hosting-1083350530638118385/original/db108af0-af18-4428-9c85-70442d5600e0.jpeg,1083350530638118385,3842716,30.54392,-81.44253,"=AVERAGE($G$2:$G$1001)","=AVERAGE($D$2:$D$1001)","=IFERROR(($AT578-G578)/$AT578,0)","=IFERROR(($AU578-D578)/$AU578,0)","=$AU578-D578"
Wayfarer cottage with elevator and Heated pool!,St. Simons Rentals,,120891,132120,690.81,55.73,317,4,4,10,true,false,false,true,true,false,true,Home/Apartment,Cottage,House/villa,4.85,45,3,6-20,Luxury,true,319,true,175,38,2026-05-17,Amelia/St. Simons/Jekyll Islands,Saint Simons Island,Saint Simons Island,Georgia,31522,United States,coastal,https://www.airbnb.com/rooms/563196213995132151,https://a0.muscache.com/im/pictures/prohost-api/Hosting-563196213995132151/original/4e0b23a2-8c75-47a1-babb-f6cbc5a134c2.jpeg,563196213995132151,2643053,31.1445,-81.3726,"=AVERAGE($G$2:$G$1001)","=AVERAGE($D$2:$D$1001)","=IFERROR(($AT579-G579)/$AT579,0)","=IFERROR(($AU579-D579)/$AU579,0)","=$AU579-D579"
Renovated w/heated pool @ East Beach 6th st access,Lighthouse Vacations,,119955,128183,631.34,63.97,298,3,3,6,true,false,false,true,true,true,false,Home/Apartment,House,House/villa,5,36,3,21+,Luxury,true,265,true,190,38,2026-05-11,Amelia/St. Simons/Jekyll Islands,Saint Simons Island,Saint Simons Island,Georgia,31522,United States,coastal,https://www.airbnb.com/rooms/544563533946943982,https://a0.muscache.com/im/pictures/prohost-api/Hosting-544563533946943982/original/81e35273-c3b8-41b4-88dd-b59caaa6528e.jpeg,544563533946943982,2600590,31.1486,-81.3703,"=AVERAGE($G$2:$G$1001)","=AVERAGE($D$2:$D$1001)","=IFERROR(($AT580-G580)/$AT580,0)","=IFERROR(($AU580-D580)/$AU580,0)","=$AU580-D580"
Sea Dunes #1614 - Oceanfront!,Amelia Island Rentals,,119302,140058,624.62,60.44,316,3,3,6,true,false,false,true,true,false,true,Home/Apartment,Condominium (condo),Apt/Condo/Loft,4.6,25,3,21+,Luxury,false,260,true,191,42,2026-05-16,Amelia/St. Simons/Jekyll Islands,Fernandina Beach,Fernandina Beach,Florida,32034,United States,coastal,https://www.airbnb.com/rooms/53148727,https://a0.muscache.com/im/pictures/prohost-api/Hosting-53148727/original/e0a1d7dd-68e3-4fbe-a930-e326019726b1.jpeg,53148727,2534492,30.5439,-81.4418,"=AVERAGE($G$2:$G$1001)","=AVERAGE($D$2:$D$1001)","=IFERROR(($AT581-G581)/$AT581,0)","=IFERROR(($AU581-D581)/$AU581,0)","=$AU581-D581"
"Dog friendly, Amazing Ocean Views/Lots of Parking",ERA Fernandina Beach Realty,,118696,260091,1521.74,61.42,146,3,2,6,true,false,false,true,true,true,false,Home/Apartment,House,House/villa,4.6,12,2,21+,Luxury,false,1538,true,78,14,2026-05-14,Amelia/St. Simons/Jekyll Islands,Fernandina Beach,Fernandina Beach,Florida,32034,United States,coastal,https://www.airbnb.com/rooms/35031471,https://a0.muscache.com/im/pictures/prohost-api/Hosting-35031471/original/b78be65f-aafd-4956-b267-ce9f3fba47a9.jpeg,35031471,4702823ha,30.6493,-81.43405,"=AVERAGE($G$2:$G$1001)","=AVERAGE($D$2:$D$1001)","=IFERROR(($AT582-G582)/$AT582,0)","=IFERROR(($AU582-D582)/$AU582,0)","=$AU582-D582"
"Delightful Sea Island Beach Cottage, Private Pool, Hot Tub & Steps from Beach",,,118445,280290,1850.7,43.54,204,6,6,16,true,false,true,true,true,false,true,Home/Apartment,House,House/villa,5,33,3,1,Luxury,false,795,true,64,14,2026-05-16,Amelia/St. Simons/Jekyll Islands,Saint Simons Island,Sea Island,Georgia,31561,United States,coastal,https://www.vrbo.com/1091049,"https://media.vrbo.com/lodging/35000000/34120000/34112700/34112627/06968fb5.jpg?impolicy=resizecrop&rw=1200&ra=fit",,1091049,31.198731,-81.330922,"=AVERAGE($G$2:$G$1001)","=AVERAGE($D$2:$D$1001)","=IFERROR(($AT583-G583)/$AT583,0)","=IFERROR(($AU583-D583)/$AU583,0)","=$AU583-D583"
1856 - The Coastal Canvas: Serene Beachfront,230697463,,118323,129921,704.3,61.09,295,3,3,6,true,false,false,true,true,true,true,Home/Apartment,Villa,House/villa,4.85,114,3,6-20,Luxury,true,443,true,168,31,2026-05-11,Amelia/St. Simons/Jekyll Islands,Fernandina Beach,Fernandina Beach,Florida,32034,United States,coastal,https://www.airbnb.com/rooms/53041167,https://a0.muscache.com/im/pictures/prohost-api/Hosting-53041167/original/f00593e9-cad6-4254-a25f-f22489b1da01.jpeg,53041167,409662,30.5416,-81.4413,"=AVERAGE($G$2:$G$1001)","=AVERAGE($D$2:$D$1001)","=IFERROR(($AT584-G584)/$AT584,0)","=IFERROR(($AU584-D584)/$AU584,0)","=$AU584-D584"
Beautiful Oceanfront 3rd Floor Unit! 3 bedrooms!,ERA Fernandina Beach Realty,,118310,189012,1219.69,47.55,244,3,2,6,true,false,false,true,true,false,false,Home/Apartment,House,House/villa,5,9,2,21+,Luxury,false,1544,true,97,24,2026-05-14,Amelia/St. Simons/Jekyll Islands,Fernandina Beach,Fernandina Beach,Florida,32034,United States,coastal,https://www.airbnb.com/rooms/771693577078995781,https://a0.muscache.com/im/pictures/prohost-api/Hosting-771693577078995781/original/69ef94d8-6dee-45f9-a7e4-0d39ac068636.jpeg,771693577078995781,9771569ha,30.66554,-81.43136,"=AVERAGE($G$2:$G$1001)","=AVERAGE($D$2:$D$1001)","=IFERROR(($AT585-G585)/$AT585,0)","=IFERROR(($AU585-D585)/$AU585,0)","=$AU585-D585"
Oceanfront | Beach Walkway | Double Balconies | Garage Access,Amelia Island Getaways,,116874,138488,531.25,72.37,304,3,3,8,true,false,false,true,true,false,false,Home/Apartment,House,House/villa,4.8,60,3,21+,Luxury,false,186,true,220,55,2026-05-17,Amelia/St. Simons/Jekyll Islands,Fernandina Beach,Fernandina Beach,Florida,32034,United States,coastal,https://www.vrbo.com/1799986,"https://media.vrbo.com/lodging/43000000/42520000/42512900/42512809/47279074.jpg?impolicy=resizecrop&rw=1200&ra=fit",,1799986,30.66332,-81.43204,"=AVERAGE($G$2:$G$1001)","=AVERAGE($D$2:$D$1001)","=IFERROR(($AT586-G586)/$AT586,0)","=IFERROR(($AU586-D586)/$AU586,0)","=$AU586-D586"
"Magnificent East Beach Home! Heated Pool, 5BR/5.5BA Sleeps 16",,,115904,201480,1525.05,76,122,5,5,16,true,false,false,true,false,false,true,Home/Apartment,House,House/villa,5,50,4,21+,Luxury,false,595,true,76,15,2026-05-15,Amelia/St. Simons/Jekyll Islands,Saint Simons Island,Saint Simons Island,Georgia,31522,United States,coastal,https://www.vrbo.com/1533366,"https://media.vrbo.com/lodging/34000000/33700000/33691800/33691787/d671fab0.jpg?impolicy=resizecrop&rw=1200&ra=fit",,1533366,31.15163,-81.368879,"=AVERAGE($G$2:$G$1001)","=AVERAGE($D$2:$D$1001)","=IFERROR(($AT587-G587)/$AT587,0)","=IFERROR(($AU587-D587)/$AU587,0)","=$AU587-D587"
Enjoy coastal living charm and amazing views!,Coastal Wave,,115704,138326,618.74,67.27,286,3,3,6,true,false,false,true,true,false,true,Home/Apartment,Condominium (condo),Apt/Condo/Loft,5,147,3,6-20,Luxury,false,400,false,187,41,2026-05-17,Amelia/St. Simons/Jekyll Islands,Fernandina Beach,Fernandina Beach,Florida,32034,United States,coastal,https://www.airbnb.com/rooms/1163813499690672030,https://a0.muscache.com/im/pictures/prohost-api/Hosting-1163813499690672030/original/c27bdbe3-4582-456f-825d-d9952df1ac92.jpeg,1163813499690672030,9400140ha,30.5892,-81.4442,"=AVERAGE($G$2:$G$1001)","=AVERAGE($D$2:$D$1001)","=IFERROR(($AT588-G588)/$AT588,0)","=IFERROR(($AU588-D588)/$AU588,0)","=$AU588-D588"
Amelia Palms - Coastal Luxury Retreat,365155881,,115382,152769,588.68,73.96,266,3,3,10,true,false,true,true,true,true,true,Home/Apartment,House,House/villa,4.9,216,5,1,Luxury,true,251,false,196,36,2026-05-17,Amelia/St. Simons/Jekyll Islands,Fernandina Beach,Fernandina Beach,Florida,32034,United States,coastal,https://www.airbnb.com/rooms/45206409,https://a0.muscache.com/im/pictures/hosting/Hosting-U3RheVN1cHBseUxpc3Rpbmc6NDUyMDY0MDk%3D/original/0a1feb5f-e75a-49fd-a2e5-f5dc5c32acfc.png,45206409,236866ha,30.56668,-81.45042,"=AVERAGE($G$2:$G$1001)","=AVERAGE($D$2:$D$1001)","=IFERROR(($AT589-G589)/$AT589,0)","=IFERROR(($AU589-D589)/$AU589,0)","=$AU589-D589"
6th Floor 3 Bedroom 2 bath Oceanfront condo,ERA Fernandina Beach Realty,,114219,122803,1730.59,30,348,3,2,7,true,false,false,true,true,false,true,Home/Apartment,Condominium (condo),Apt/Condo/Loft,5,1,2,21+,Luxury,false,865,true,66,14,2026-05-15,Amelia/St. Simons/Jekyll Islands,Fernandina Beach,Fernandina Beach,Florida,32034,United States,coastal,https://www.airbnb.com/rooms/1420378404925313192,https://a0.muscache.com/im/pictures/prohost-api/Hosting-1420378404925313192/original/52975ba8-c45c-48b3-967b-12f9a865479a.jpeg,1420378404925313192,20144791ha,30.62049,-81.43906,"=AVERAGE($G$2:$G$1001)","=AVERAGE($D$2:$D$1001)","=IFERROR(($AT590-G590)/$AT590,0)","=IFERROR(($AU590-D590)/$AU590,0)","=$AU590-D590"
Multi-level Home Private Pool Oceanfront!,ERA Fernandina Beach Realty,,113970,158101,5698.5,48.78,58,6,6,11,true,false,false,true,true,false,true,Home/Apartment,House,House/villa,5,1,2,21+,Luxury,false,0,true,20,3,2026-05-15,Amelia/St. Simons/Jekyll Islands,Fernandina Beach,Fernandina Beach,Florida,32034,United States,coastal,https://www.airbnb.com/rooms/1436429157723033385,https://a0.muscache.com/im/pictures/prohost-api/Hosting-1436429157723033385/original/07f82715-e32c-4a18-974f-b77bf8bc0b53.jpeg,1436429157723033385,,30.60509,-81.44214,"=AVERAGE($G$2:$G$1001)","=AVERAGE($D$2:$D$1001)","=IFERROR(($AT591-G591)/$AT591,0)","=IFERROR(($AU591-D591)/$AU591,0)","=$AU591-D591"
St. Simons Grand 307 - Panoramic Oceanfront Resort,Real Escapes,,113941,141478,647.39,57.89,305,3,3,8,true,true,true,true,true,true,true,Home/Apartment,Condominium (condo),Apt/Condo/Loft,4.85,65,2,21+,Luxury,true,292,true,176,44,2026-05-11,Amelia/St. Simons/Jekyll Islands,Saint Simons Island,Saint Simons Island,Georgia,31522,United States,coastal,https://www.airbnb.com/rooms/27902936,https://a0.muscache.com/im/pictures/prohost-api/Hosting-27902936/original/c9d1fb93-53d2-47c1-9bc4-70138ea4c21c.jpeg,27902936,1252584,31.14072,-81.37731,"=AVERAGE($G$2:$G$1001)","=AVERAGE($D$2:$D$1001)","=IFERROR(($AT592-G592)/$AT592,0)","=IFERROR(($AU592-D592)/$AU592,0)","=$AU592-D592"
1408 S. Fletcher,RedAwning,,113649,194778,1291.47,53.99,184,4,2,11,true,false,false,true,true,false,false,Home/Apartment,House,House/villa,3.5,4,2,21+,Luxury,false,1294,true,88,19,2026-02-28,Amelia/St. Simons/Jekyll Islands,Fernandina Beach,Fernandina Beach,Florida,32034,United States,coastal,https://www.airbnb.com/rooms/665031041088239806,https://a0.muscache.com/im/pictures/prohost-api/Hosting-665031041088239806/original/7cb3a1a9-5cc4-4026-99a1-2c6faf4e8e18.jpeg,665031041088239806,9706500ha,30.6472,-81.4348,"=AVERAGE($G$2:$G$1001)","=AVERAGE($D$2:$D$1001)","=IFERROR(($AT593-G593)/$AT593,0)","=IFERROR(($AU593-D593)/$AU593,0)","=$AU593-D593"
Casa Amelia,Amelia Island Rentals,,113527,116347,675.76,53.33,345,3,3,8,true,false,false,true,true,false,true,Home/Apartment,House,House/villa,4.7,29,5,21+,Luxury,false,266,true,168,33,2026-05-13,Amelia/St. Simons/Jekyll Islands,Fernandina Beach,Fernandina Beach,Florida,32034,United States,coastal,https://www.airbnb.com/rooms/35891409,https://a0.muscache.com/im/pictures/prohost-api/Hosting-35891409/original/62b7f4ab-62e1-465a-8cc8-092644fcba0c.jpeg,35891409,1647995,30.5691,-81.4574,"=AVERAGE($G$2:$G$1001)","=AVERAGE($D$2:$D$1001)","=IFERROR(($AT594-G594)/$AT594,0)","=IFERROR(($AU594-D594)/$AU594,0)","=$AU594-D594"
"Luxurious 4-Bedroom Inlet Villa with Private Pool in East Beach, Saint Simons Island",,,113060,155573,801.84,60.52,274,4,4,10,true,false,true,true,false,true,true,Home/Apartment,House,House/villa,4.9,17,3,21+,Luxury,false,525,true,141,26,2026-05-15,Amelia/St. Simons/Jekyll Islands,Saint Simons Island,Saint Simons Island,Georgia,31522,United States,coastal,https://www.vrbo.com/3543410,"https://media.vrbo.com/lodging/97000000/96520000/96516900/96516852/a3a65ce5.jpg?impolicy=resizecrop&rw=1200&ra=fit",,3543410,31.155665,-81.36688,"=AVERAGE($G$2:$G$1001)","=AVERAGE($D$2:$D$1001)","=IFERROR(($AT595-G595)/$AT595,0)","=IFERROR(($AU595-D595)/$AU595,0)","=$AU595-D595"
Classic Oceanfront Cottage w Pool,Lighthouse Vacations,,112797,123408,939.98,39.6,306,4,3,8,true,false,false,true,true,false,false,Home/Apartment,House,House/villa,4.45,21,3,21+,Luxury,true,426,true,120,28,2026-05-11,Amelia/St. Simons/Jekyll Islands,Saint Simons Island,Saint Simons Island,Georgia,31522,United States,coastal,https://www.airbnb.com/rooms/737039965576590839,https://a0.muscache.com/im/pictures/prohost-api/Hosting-737039965576590839/original/b64cbbb4-fb3c-47de-91bb-bb3a015a9303.jpeg,737039965576590839,3060219,31.1564,-81.366,"=AVERAGE($G$2:$G$1001)","=AVERAGE($D$2:$D$1001)","=IFERROR(($AT596-G596)/$AT596,0)","=IFERROR(($AU596-D596)/$AU596,0)","=$AU596-D596"
Luxurious Complex. Steps from the Beach!,Hodnett Cooper Vacation Rentals,,112721,150912,722.57,83.42,210,4,4,10,true,false,false,true,true,false,true,Home/Apartment,Townhouse,Apt/Condo/Loft,4.9,46,5,21+,Luxury,true,571,true,156,25,2026-05-14,Amelia/St. Simons/Jekyll Islands,Saint Simons Island,Saint Simons Island,Georgia,31522,United States,coastal,https://www.airbnb.com/rooms/42683176,https://a0.muscache.com/im/pictures/prohost-api/Hosting-42683176/original/8e1cf4de-db8b-4976-9418-7bcc2efcd96d.jpeg,42683176,1585190,31.13876,-81.38044,"=AVERAGE($G$2:$G$1001)","=AVERAGE($D$2:$D$1001)","=IFERROR(($AT597-G597)/$AT597,0)","=IFERROR(($AU597-D597)/$AU597,0)","=$AU597-D597"
Sweeping Views of Ocean and Marsh Await at 5th Floor Turtle Dunes!,Destination Amelia Vacation Rentals,,112630,128482,787.62,57.66,257,3,3,6,true,true,false,true,true,false,true,Home/Apartment,Condominium (condo),Apt/Condo/Loft,4.9,31,3,21+,Luxury,false,260,true,143,25,2026-05-15,Amelia/St. Simons/Jekyll Islands,Fernandina Beach,Fernandina Beach,Florida,32034,United States,coastal,https://www.vrbo.com/1044656,"https://media.vrbo.com/lodging/34000000/34000000/33994000/33993940/8830eb28.jpg?impolicy=resizecrop&rw=1200&ra=fit",,1044656,30.54086,-81.441294,"=AVERAGE($G$2:$G$1001)","=AVERAGE($D$2:$D$1001)","=IFERROR(($AT598-G598)/$AT598,0)","=IFERROR(($AU598-D598)/$AU598,0)","=$AU598-D598"
Three Friends Cottage- Beach Home! w/ elevator,St. Simons Rentals,,112133,146154,705.24,54.27,294,4,4,10,true,false,false,true,true,false,true,Home/Apartment,House,House/villa,4.95,102,3,6-20,Luxury,true,335,true,159,33,2026-05-11,Amelia/St. Simons/Jekyll Islands,Saint Simons Island,Saint Simons Island,Georgia,31522,United States,coastal,https://www.airbnb.com/rooms/29462289,https://a0.muscache.com/im/pictures/prohost-api/Hosting-29462289/original/ddcafcf9-54ad-4ef1-b4d8-ac2f24339d89.jpeg,29462289,1447095,31.1442,-81.3727,"=AVERAGE($G$2:$G$1001)","=AVERAGE($D$2:$D$1001)","=IFERROR(($AT599-G599)/$AT599,0)","=IFERROR(($AU599-D599)/$AU599,0)","=$AU599-D599"
Pet Friendly | Oceanfront | Updated End Unit Sea Dunes | Spectacular Views | Beautifully Decorated,Amelia Island Getaways,,112110,143000,633.39,67.82,265,3,3,8,true,false,false,true,true,true,true,Home/Apartment,Condominium (condo),Apt/Condo/Loft,4.9,37,3,21+,Luxury,false,234,true,177,37,2026-05-16,Amelia/St. Simons/Jekyll Islands,Fernandina Beach,Fernandina Beach,Florida,32034,United States,coastal,https://www.vrbo.com/2956916,"https://media.vrbo.com/lodging/84000000/83700000/83699400/83699317/701a9e15.jpg?impolicy=resizecrop&rw=1200&ra=fit",,2956916,30.543221,-81.441501,"=AVERAGE($G$2:$G$1001)","=AVERAGE($D$2:$D$1001)","=IFERROR(($AT600-G600)/$AT600,0)","=IFERROR(($AU600-D600)/$AU600,0)","=$AU600-D600"
1088 S. Fletcher Ave,RedAwning,,111962,130314,2332.54,35.82,254,4,3,12,true,false,false,true,true,true,false,Home/Apartment,House,House/villa,2,1,2,21+,Luxury,false,6536,true,48,10,2026-04-17,Amelia/St. Simons/Jekyll Islands,Fernandina Beach,Fernandina Beach,Florida,32034,United States,coastal,https://www.airbnb.com/rooms/1478204789621971929,https://a0.muscache.com/im/pictures/prohost-api/Hosting-1478204789621971929/original/e48c2d31-41d7-4f26-a9c4-1cf6a6a09d01.jpeg,1478204789621971929,20181607ha,30.652,-81.4337,"=AVERAGE($G$2:$G$1001)","=AVERAGE($D$2:$D$1001)","=IFERROR(($AT601-G601)/$AT601,0)","=IFERROR(($AU601-D601)/$AU601,0)","=$AU601-D601"
Shore am Happy @ 8th Street Beach w/ large Pool,Lighthouse Vacations,,111909,137124,822.86,46.26,307,4,3,12,true,false,false,true,true,true,false,Home/Apartment,House,House/villa,4.85,29,3,21+,Luxury,true,400,true,136,29,2026-05-11,Amelia/St. Simons/Jekyll Islands,Saint Simons Island,Saint Simons Island,Georgia,31522,United States,coastal,https://www.airbnb.com/rooms/54080315,https://a0.muscache.com/im/pictures/prohost-api/Hosting-54080315/original/da996319-9b3e-4159-98c0-38907ace3b53.jpeg,54080315,2603432,31.1497,-81.369,"=AVERAGE($G$2:$G$1001)","=AVERAGE($D$2:$D$1001)","=IFERROR(($AT602-G602)/$AT602,0)","=IFERROR(($AU602-D602)/$AU602,0)","=$AU602-D602"
Renovated Luxury on the Sea – Steps from the Sand,19535543,,111246,113249,708.57,49.53,339,3,3,9,true,false,false,true,true,false,true,Home/Apartment,House,House/villa,5,29,3,1,Luxury,true,275,true,157,37,2026-05-16,Amelia/St. Simons/Jekyll Islands,Fernandina Beach,Fernandina Beach,Florida,32034,United States,coastal,https://www.airbnb.com/rooms/1371107022015833723,https://a0.muscache.com/im/pictures/prohost-api/Hosting-1371107022015833723/original/820050d5-3a8e-4a46-93f8-8936dea6d62c.jpeg,1371107022015833723,5084455,30.6016,-81.4432,"=AVERAGE($G$2:$G$1001)","=AVERAGE($D$2:$D$1001)","=IFERROR(($AT603-G603)/$AT603,0)","=IFERROR(($AU603-D603)/$AU603,0)","=$AU603-D603"
Close to Beach Heated Pool and Spa-Rent Golf Cart!,8545522,,108327,128381,595.2,65.23,307,3,2,7,true,false,true,true,true,true,true,Home/Apartment,House,House/villa,5,85,3,6-20,Luxury,true,224,false,182,40,2026-05-17,Amelia/St. Simons/Jekyll Islands,Saint Simons Island,Saint Simons Island,Georgia,31522,United States,coastal,https://www.airbnb.com/rooms/581978102720652934,https://a0.muscache.com/im/pictures/hosting/Hosting-U3RheVN1cHBseUxpc3Rpbmc6NTgxOTc4MTAyNzIwNjUyOTM0/original/61328ca9-4052-4c3f-bff7-538443e8af04.jpeg,581978102720652934,2707759,31.13523,-81.39192,"=AVERAGE($G$2:$G$1001)","=AVERAGE($D$2:$D$1001)","=IFERROR(($AT604-G604)/$AT604,0)","=IFERROR(($AU604-D604)/$AU604,0)","=$AU604-D604"
Key Lime Cottage,Moore Amelia Island Rentals,,107973,131614,596.54,63.29,291,3,2,8,true,false,false,true,true,false,true,Home/Apartment,House,House/villa,5,91,3,21+,Luxury,true,294,true,181,43,2026-05-10,Amelia/St. Simons/Jekyll Islands,Fernandina Beach,Fernandina Beach,Florida,32034,United States,coastal,https://www.airbnb.com/rooms/44802219,https://a0.muscache.com/im/pictures/prohost-api/Hosting-44802219/original/bb9cd400-23f1-40a8-9d3d-1143af0f0628.jpeg,44802219,2046867,30.6234,-81.4406,"=AVERAGE($G$2:$G$1001)","=AVERAGE($D$2:$D$1001)","=IFERROR(($AT605-G605)/$AT605,0)","=IFERROR(($AU605-D605)/$AU605,0)","=$AU605-D605"
Ocean Place-pool closure and construction!,495196687,,107612,133935,581.69,58.36,317,3,3,8,true,false,false,true,true,false,true,Home/Apartment,Apartment,Apt/Condo/Loft,5,332,3,6-20,Luxury,true,240,true,185,46,2026-05-17,Amelia/St. Simons/Jekyll Islands,Fernandina Beach,Fernandina Beach,Florida,32034,United States,coastal,https://www.airbnb.com/rooms/907798712481504508,https://a0.muscache.com/im/pictures/prohost-api/Hosting-907798712481504508/original/276c9073-2c50-4fbf-880e-5da28d5f1c8b.jpeg,907798712481504508,46407,30.59115,-81.44446,"=AVERAGE($G$2:$G$1001)","=AVERAGE($D$2:$D$1001)","=IFERROR(($AT606-G606)/$AT606,0)","=IFERROR(($AU606-D606)/$AU606,0)","=$AU606-D606"
Blue Star Bungalow steps to the Beach with Heated,Lighthouse Vacations,,107571,111728,548.83,56.32,348,3,2,8,true,false,false,true,true,true,false,Home/Apartment,House,House/villa,4.9,81,3,21+,Luxury,true,299,true,196,48,2026-05-17,Amelia/St. Simons/Jekyll Islands,Saint Simons Island,Saint Simons Island,Georgia,31522,United States,coastal,https://www.airbnb.com/rooms/48266603,https://a0.muscache.com/im/pictures/prohost-api/Hosting-48266603/original/dedc454a-c780-4b18-8f50-4175ef3edf0b.jpeg,48266603,2156555,31.155,-81.3672,"=AVERAGE($G$2:$G$1001)","=AVERAGE($D$2:$D$1001)","=IFERROR(($AT607-G607)/$AT607,0)","=IFERROR(($AU607-D607)/$AU607,0)","=$AU607-D607"
Beachfront Bliss with spectacular views @Shipwatch,495196687,,107510,110407,559.95,55.98,343,3,3,8,true,false,false,true,true,true,true,Home/Apartment,Apartment,Apt/Condo/Loft,5,100,3,6-20,Luxury,true,240,true,192,43,2026-05-17,Amelia/St. Simons/Jekyll Islands,Fernandina Beach,Fernandina Beach,Florida,32034,United States,coastal,https://www.airbnb.com/rooms/984014263766205875,https://a0.muscache.com/im/pictures/miso/Hosting-984014263766205875/original/3754593a-2cae-43c6-b2a1-26cbf91b5eff.jpeg,984014263766205875,2304151,30.5474,-81.4431,"=AVERAGE($G$2:$G$1001)","=AVERAGE($D$2:$D$1001)","=IFERROR(($AT608-G608)/$AT608,0)","=IFERROR(($AU608-D608)/$AU608,0)","=$AU608-D608"
Tabby on 12th,Emmons Realty Corporation,,107255,124765,831.43,55.13,274,4,,9,true,false,false,true,false,false,true,Home/Apartment,House,House/villa,4.8,59,1,21+,Luxury,false,633,true,129,32,2026-05-11,Amelia/St. Simons/Jekyll Islands,Saint Simons Island,Saint Simons Island,Georgia,31522,United States,coastal,https://www.airbnb.com/rooms/706495877913210189,https://a0.muscache.com/im/pictures/prohost-api/Hosting-706495877913210189/original/237672a9-639e-4ee8-a68c-abc79d2fad4f.jpeg,706495877913210189,1746992,31.1527,-81.3674,"=AVERAGE($G$2:$G$1001)","=AVERAGE($D$2:$D$1001)","=IFERROR(($AT609-G609)/$AT609,0)","=IFERROR(($AU609-D609)/$AU609,0)","=$AU609-D609"
A Good Knight`s Rest,Amelia Island Rentals,,107060,121435,512.25,69.21,308,3,2,8,true,false,false,true,true,true,false,Home/Apartment,House,House/villa,4.6,134,3,21+,Luxury,false,266,true,209,54,2026-05-13,Amelia/St. Simons/Jekyll Islands,Fernandina Beach,Fernandina Beach,Florida,32034,United States,coastal,https://www.airbnb.com/rooms/21211380,https://a0.muscache.com/im/pictures/prohost-api/Hosting-21211380/original/bd36b4ff-c2c8-44b6-b1e3-91dd3382bdd0.jpeg,21211380,844395,30.6738,-81.4301,"=AVERAGE($G$2:$G$1001)","=AVERAGE($D$2:$D$1001)","=IFERROR(($AT610-G610)/$AT610,0)","=IFERROR(($AU610-D610)/$AU610,0)","=$AU610-D610"
"First Floor, Oceanfront Condo, Concierge Service!",Hodnett Cooper Vacation Rentals,,106784,128732,928.56,49.57,251,3,4,10,true,false,false,true,true,false,true,Home/Apartment,Condominium (condo),Apt/Condo/Loft,4.9,24,3,21+,Luxury,true,504,true,115,24,2026-05-13,Amelia/St. Simons/Jekyll Islands,Saint Simons Island,Saint Simons Island,Georgia,31522,United States,coastal,https://www.airbnb.com/rooms/37910859,https://a0.muscache.com/im/pictures/prohost-api/Hosting-37910859/original/2de9a0f0-ad93-4396-9893-e2da5f57f85f.jpeg,37910859,1740403,31.1349,-81.38362,"=AVERAGE($G$2:$G$1001)","=AVERAGE($D$2:$D$1001)","=IFERROR(($AT611-G611)/$AT611,0)","=IFERROR(($AU611-D611)/$AU611,0)","=$AU611-D611"
Oceanfront Outrigger Townhome | Two Primary Suites with Balconies | Stunning Updates,Amelia Island Getaways,,106575,114549,612.5,57.05,336,3,3,8,true,false,false,true,true,false,true,Home/Apartment,Condominium (condo),Apt/Condo/Loft,4.8,15,5,21+,Luxury,false,265,true,174,40,2026-05-16,Amelia/St. Simons/Jekyll Islands,Fernandina Beach,Fernandina Beach,Florida,32034,United States,coastal,https://www.vrbo.com/2829506,"https://media.vrbo.com/lodging/79000000/78560000/78550600/78550502/f776a2c6.jpg?impolicy=resizecrop&rw=1200&ra=fit",,2829506,30.582616,-81.444522,"=AVERAGE($G$2:$G$1001)","=AVERAGE($D$2:$D$1001)","=IFERROR(($AT612-G612)/$AT612,0)","=IFERROR(($AU612-D612)/$AU612,0)","=$AU612-D612"
Stunning MarshView Pool Retreat,449084900,,106140,116465,1206.14,29.63,331,4,4,14,true,false,true,true,true,false,true,Home/Apartment,House,House/villa,5,14,4,2-5,Luxury,false,350,false,88,19,2026-05-13,Amelia/St. Simons/Jekyll Islands,Saint Simons Island,Saint Simons Island,Georgia,31522,United States,coastal,https://www.airbnb.com/rooms/984124870232721413,https://a0.muscache.com/im/pictures/miso/Hosting-984124870232721413/original/e07054ec-e5d5-481c-990c-0c5270493144.jpeg,984124870232721413,3689717,31.1905,-81.3653,"=AVERAGE($G$2:$G$1001)","=AVERAGE($D$2:$D$1001)","=IFERROR(($AT613-G613)/$AT613,0)","=IFERROR(($AU613-D613)/$AU613,0)","=$AU613-D613"
"HIGH TIDE Ocean Front Beach Cottage, Best Views on St Simons Island! Pier Area!",,,105715,135614,660.72,67.23,242,3,3,6,true,false,false,true,true,false,false,Home/Apartment,Condominium (condo),Apt/Condo/Loft,5,143,3,1,Luxury,false,295,true,160,34,2026-05-17,Amelia/St. Simons/Jekyll Islands,Saint Simons Island,Saint Simons Island,Georgia,31522,United States,coastal,https://www.vrbo.com/1325787,"https://media.vrbo.com/lodging/32000000/31740000/31730100/31730055/5574b861.jpg?impolicy=resizecrop&rw=1200&ra=fit",,1325787,31.13459,-81.38865,"=AVERAGE($G$2:$G$1001)","=AVERAGE($D$2:$D$1001)","=IFERROR(($AT614-G614)/$AT614,0)","=IFERROR(($AU614-D614)/$AU614,0)","=$AU614-D614"
Oceanfront Villa at King and Prince Resort,103889906,,105100,117179,696.03,47.94,322,3,3,6,true,true,true,true,true,false,true,Home/Apartment,Condominium (condo),Apt/Condo/Loft,4.9,71,3,1,Luxury,false,150,true,151,37,2020-12-10,Amelia/St. Simons/Jekyll Islands,Saint Simons Island,Saint Simons Island,Georgia,31522,United States,coastal,https://www.airbnb.com/rooms/44227376,"https://a0.muscache.com/im/pictures/c2edb3d8-e12c-4316-8412-7738a0f084eb.jpg?aki_policy=x_large",44227376,1696830,31.13983,-81.37875,"=AVERAGE($G$2:$G$1001)","=AVERAGE($D$2:$D$1001)","=IFERROR(($AT615-G615)/$AT615,0)","=IFERROR(($AU615-D615)/$AU615,0)","=$AU615-D615"
Oceanfront | Completely Renovated | Luxury 3rd Floor Sea Dunes Villa,Amelia Island Getaways,,104742,141414,634.8,79.71,218,3,3,6,true,false,false,true,true,false,true,Home/Apartment,Condominium (condo),Apt/Condo/Loft,5,13,3,21+,Luxury,false,78,true,165,32,2026-05-15,Amelia/St. Simons/Jekyll Islands,Fernandina Beach,Fernandina Beach,Florida,32034,United States,coastal,https://www.vrbo.com/2629518,"https://media.vrbo.com/lodging/75000000/74700000/74697900/74697858/34299439.jpg?impolicy=resizecrop&rw=1200&ra=fit",,2629518,30.543169,-81.441583,"=AVERAGE($G$2:$G$1001)","=AVERAGE($D$2:$D$1001)","=IFERROR(($AT616-G616)/$AT616,0)","=IFERROR(($AU616-D616)/$AU616,0)","=$AU616-D616"
Stunning Ocean Front Cottage!,ERA Fernandina Beach Realty,,104704,152234,1163.38,46.88,299,3,3,6,true,false,false,true,true,false,false,Home/Apartment,House,House/villa,4.5,2,2,21+,Luxury,false,587,true,90,21,2026-05-14,Amelia/St. Simons/Jekyll Islands,Fernandina Beach,Fernandina Beach,Florida,32034,United States,coastal,https://www.airbnb.com/rooms/42111696,https://a0.muscache.com/im/pictures/prohost-api/Hosting-42111696/original/429aad92-8cfe-463c-b3d4-8c68808968a0.jpeg,42111696,,30.62648,-81.44084,"=AVERAGE($G$2:$G$1001)","=AVERAGE($D$2:$D$1001)","=IFERROR(($AT617-G617)/$AT617,0)","=IFERROR(($AU617-D617)/$AU617,0)","=$AU617-D617"
Ocean Views with Beach Access and Heated Pool,St. Simons Island Beach Rentals,,104573,109442,481.9,67.39,322,3,3,6,true,false,false,true,true,true,true,Home/Apartment,Condominium (condo),Apt/Condo/Loft,4.85,42,2,21+,Luxury,false,318,true,217,41,2026-05-17,Amelia/St. Simons/Jekyll Islands,Saint Simons Island,Saint Simons Island,Georgia,31522,United States,coastal,https://www.airbnb.com/rooms/674641531810681918,https://a0.muscache.com/im/pictures/prohost-api/Hosting-674641531810681918/original/f34925d3-4e71-406c-873b-231f28ba3746.jpeg,674641531810681918,9711495ha,31.14231,-81.37621,"=AVERAGE($G$2:$G$1001)","=AVERAGE($D$2:$D$1001)","=IFERROR(($AT618-G618)/$AT618,0)","=IFERROR(($AU618-D618)/$AU618,0)","=$AU618-D618"
Ocean Cottage 113 Street Legal Cart The Cottages a,Parker Kaufman,,104133,116007,559.85,56.02,332,3,3,6,true,true,false,true,true,false,true,Home/Apartment,Townhouse,Apt/Condo/Loft,4.75,61,3,21+,Luxury,false,425,true,186,46,2026-05-17,Amelia/St. Simons/Jekyll Islands,Jekyll Island,Jekyll Island,Georgia,31527,United States,coastal,https://www.airbnb.com/rooms/40916627,https://a0.muscache.com/im/pictures/prohost-api/Hosting-40916627/original/22249831-78d4-413f-a1b4-76fc75f27b29.jpeg,40916627,1101920,31.09179,-81.40171,"=AVERAGE($G$2:$G$1001)","=AVERAGE($D$2:$D$1001)","=IFERROR(($AT619-G619)/$AT619,0)","=IFERROR(($AU619-D619)/$AU619,0)","=$AU619-D619"
1st floor oceanfront condo with easy beach access,ERA Fernandina Beach Realty,,104088,179897,1107.32,51.09,212,3,2,8,true,false,false,true,true,false,true,Home/Apartment,Condominium (condo),Apt/Condo/Loft,5,2,2,21+,Luxury,false,1224,true,94,20,2026-05-13,Amelia/St. Simons/Jekyll Islands,Fernandina Beach,Fernandina Beach,Florida,32034,United States,coastal,https://www.airbnb.com/rooms/35031900,https://a0.muscache.com/im/pictures/prohost-api/Hosting-35031900/original/92e936f1-f70c-42ca-9977-067d38049fd6.jpeg,35031900,,30.62152,-81.44113,"=AVERAGE($G$2:$G$1001)","=AVERAGE($D$2:$D$1001)","=IFERROR(($AT620-G620)/$AT620,0)","=IFERROR(($AU620-D620)/$AU620,0)","=$AU620-D620"
Ocean Cottage 103 – “Ocean Retreat Cottage” The Co,Parker Kaufman,,103479,111168,578.09,57.74,315,3,3,6,true,false,false,true,true,false,true,Home/Apartment,Townhouse,Apt/Condo/Loft,4.85,24,3,21+,Luxury,false,425,true,179,39,2026-05-10,Amelia/St. Simons/Jekyll Islands,Jekyll Island,Jekyll Island,Georgia,31527,United States,coastal,https://www.airbnb.com/rooms/715863072369173701,https://a0.muscache.com/im/pictures/prohost-api/Hosting-715863072369173701/original/416661e2-67da-4e9f-9f0b-bd8c96e26740.jpeg,715863072369173701,2988874,31.09189,-81.40349,"=AVERAGE($G$2:$G$1001)","=AVERAGE($D$2:$D$1001)","=IFERROR(($AT621-G621)/$AT621,0)","=IFERROR(($AU621-D621)/$AU621,0)","=$AU621-D621"
Renovated Beachfront Condo with Private Pier!,Stay Better Vacations,,102082,106091,545.89,54.52,348,3,2,6,true,false,false,true,false,false,true,Home/Apartment,Condominium (condo),Apt/Condo/Loft,4.8,22,4,21+,Luxury,true,243,false,187,46,2026-05-11,Amelia/St. Simons/Jekyll Islands,Fernandina Beach,Fernandina Beach,Florida,32034,United States,coastal,https://www.airbnb.com/rooms/1012457841926888061,https://a0.muscache.com/im/pictures/prohost-api/Hosting-1012457841926888061/original/9857dff4-2bc5-48e9-a1d8-9a25eb343079.jpeg,1012457841926888061,3613096,30.6209,-81.4399,"=AVERAGE($G$2:$G$1001)","=AVERAGE($D$2:$D$1001)","=IFERROR(($AT622-G622)/$AT622,0)","=IFERROR(($AU622-D622)/$AU622,0)","=$AU622-D622"
Luxury Oceanfront Penthouse | Professionally Decorated | Expansive Oceanfront Views,Amelia Island Getaways,,102023,155373,680.15,73.89,216,3,3,8,true,false,false,true,true,false,true,Home/Apartment,Condominium (condo),Apt/Condo/Loft,5,84,3,21+,Luxury,false,225,true,150,38,2026-05-13,Amelia/St. Simons/Jekyll Islands,Fernandina Beach,Fernandina Beach,Florida,32034,United States,coastal,https://www.vrbo.com/4428268,"https://media.vrbo.com/lodging/113000000/112980000/112976000/112975956/44174b28.jpg?impolicy=resizecrop&rw=1200&ra=fit",,4428268,30.592166,-81.444219,"=AVERAGE($G$2:$G$1001)","=AVERAGE($D$2:$D$1001)","=IFERROR(($AT623-G623)/$AT623,0)","=IFERROR(($AU623-D623)/$AU623,0)","=$AU623-D623"
4th Floor 3 Bedroom 2 bath Oceanfront condo,ERA Fernandina Beach Realty,,101662,114455,915.87,45.31,269,3,2,8,true,false,false,true,true,false,true,Home/Apartment,Condominium (condo),Apt/Condo/Loft,4.3,7,2,21+,Luxury,false,561,true,111,22,2026-05-14,Amelia/St. Simons/Jekyll Islands,Fernandina Beach,Fernandina Beach,Florida,32034,United States,coastal,https://www.airbnb.com/rooms/635443496466574913,https://a0.muscache.com/im/pictures/prohost-api/Hosting-635443496466574913/original/d140fa3c-40eb-4c88-82e7-31da22f7b2c0.jpeg,635443496466574913,9692524ha,30.6211,-81.44095,"=AVERAGE($G$2:$G$1001)","=AVERAGE($D$2:$D$1001)","=IFERROR(($AT624-G624)/$AT624,0)","=IFERROR(($AU624-D624)/$AU624,0)","=$AU624-D624"
"Immaculate Private Ocean Front Escape, Easy Walk To BEACH, Private Pool!",,,101642,139455,941.13,44.81,281,4,4,10,true,false,false,true,true,false,true,Home/Apartment,House,House/villa,5,95,3,21+,Luxury,false,495,true,108,22,2026-05-12,Amelia/St. Simons/Jekyll Islands,Saint Simons Island,Saint Simons Island,Georgia,31522,United States,coastal,https://www.vrbo.com/1533372,"https://media.vrbo.com/lodging/34000000/33700000/33691300/33691240/803be5b6.jpg?impolicy=resizecrop&rw=1200&ra=fit",,1533372,31.146653,-81.371547,"=AVERAGE($G$2:$G$1001)","=AVERAGE($D$2:$D$1001)","=IFERROR(($AT625-G625)/$AT625,0)","=IFERROR(($AU625-D625)/$AU625,0)","=$AU625-D625"
G3 Amelia South,RedAwning,,101600,168990,1992.16,85,127,3,2,8,true,false,false,true,true,false,true,Home/Apartment,Condominium (condo),Apt/Condo/Loft,0,0,2,21+,Luxury,false,838,true,51,8,2025-11-18,Amelia/St. Simons/Jekyll Islands,Fernandina Beach,Fernandina Beach,Florida,32034,United States,coastal,https://www.airbnb.com/rooms/912884006105388710,https://a0.muscache.com/im/pictures/prohost-api/Hosting-912884006105388710/original/babe818e-b0e6-4a4a-9930-6f5c6d36334b.jpeg,912884006105388710,,30.61952,-81.440178,"=AVERAGE($G$2:$G$1001)","=AVERAGE($D$2:$D$1001)","=IFERROR(($AT626-G626)/$AT626,0)","=IFERROR(($AU626-D626)/$AU626,0)","=$AU626-D626"
"FAB East Beach Cottage, Pets, Pool & Spa; 30 Sec to the BEACH! 6 seat golf cart!",,,100944,144810,788.62,67.02,243,4,3,14,true,false,true,true,true,true,true,Home/Apartment,House,House/villa,5,28,5,1,Luxury,false,300,true,128,21,2026-05-17,Amelia/St. Simons/Jekyll Islands,Saint Simons Island,Saint Simons Island,Georgia,31522,United States,coastal,https://www.vrbo.com/2922183,"https://media.vrbo.com/lodging/84000000/83320000/83311000/83310998/c52b5bd0.jpg?impolicy=resizecrop&rw=1200&ra=fit",,2922183,31.15507,-81.36836,"=AVERAGE($G$2:$G$1001)","=AVERAGE($D$2:$D$1001)","=IFERROR(($AT627-G627)/$AT627,0)","=IFERROR(($AU627-D627)/$AU627,0)","=$AU627-D627"
Enjoy panoramic ocean views from this penthouse.,ERA Fernandina Beach Realty,,100791,193418,1652.31,63.54,219,3,3,8,true,false,false,true,true,false,true,Home/Apartment,Condominium (condo),Apt/Condo/Loft,4.5,4,2,21+,Luxury,false,642,true,61,10,2026-05-14,Amelia/St. Simons/Jekyll Islands,Fernandina Beach,Fernandina Beach,Florida,32034,United States,coastal,https://www.airbnb.com/rooms/35031869,https://a0.muscache.com/im/pictures/prohost-api/Hosting-35031869/original/a63923b6-513c-4e1f-9dea-94d320640081.jpeg,35031869,,30.5405,-81.44107,"=AVERAGE($G$2:$G$1001)","=AVERAGE($D$2:$D$1001)","=IFERROR(($AT628-G628)/$AT628,0)","=IFERROR(($AU628-D628)/$AU628,0)","=$AU628-D628"
King & Prince 3 bedroom oceanfront with pool!,Hodnett Cooper Vacation Rentals,,100533,105620,591.37,61.82,333,3,3,6,true,false,true,true,true,false,true,Home/Apartment,Condominium (condo),Apt/Condo/Loft,4.5,20,3,21+,Luxury,true,364,true,170,31,2026-05-14,Amelia/St. Simons/Jekyll Islands,Saint Simons Island,Saint Simons Island,Georgia,31522,United States,coastal,https://www.airbnb.com/rooms/660659043059864993,https://a0.muscache.com/im/pictures/prohost-api/Hosting-660659043059864993/original/77cc693f-fcbc-4ef2-8a35-4e8a42a6a989.jpeg,660659043059864993,2612598,31.13805,-81.37963,"=AVERAGE($G$2:$G$1001)","=AVERAGE($D$2:$D$1001)","=IFERROR(($AT629-G629)/$AT629,0)","=IFERROR(($AU629-D629)/$AU629,0)","=$AU629-D629"
"5th Floor, 3 Bed/2 Bath Oceanfront Condo!",ERA Fernandina Beach Realty,,100395,183600,1645.82,57.01,197,3,2,6,true,false,false,true,true,false,true,Home/Apartment,Condominium (condo),Apt/Condo/Loft,4.3,14,3,21+,Luxury,false,1166,true,61,11,2026-05-13,Amelia/St. Simons/Jekyll Islands,Fernandina Beach,Fernandina Beach,Florida,32034,United States,coastal,https://www.airbnb.com/rooms/35031795,https://a0.muscache.com/im/pictures/prohost-api/Hosting-35031795/original/453d584e-7716-4ed8-a9c2-9f3eac59d7c8.jpeg,35031795,,30.61941,-81.44003,"=AVERAGE($G$2:$G$1001)","=AVERAGE($D$2:$D$1001)","=IFERROR(($AT630-G630)/$AT630,0)","=IFERROR(($AU630-D630)/$AU630,0)","=$AU630-D630"
"Oceanfront Condo with Pool, Hot Tub & Beach Access",Hodnett Cooper Vacation Rentals,,100117,133727,578.71,61.13,287,3,3,6,true,false,true,true,true,true,true,Home/Apartment,Condominium (condo),Apt/Condo/Loft,4.7,15,2,21+,Luxury,true,356,true,173,34,2026-05-14,Amelia/St. Simons/Jekyll Islands,Saint Simons Island,Saint Simons Island,Georgia,31522,United States,coastal,https://www.airbnb.com/rooms/32893621,https://a0.muscache.com/im/pictures/prohost-api/Hosting-32893621/original/70df2792-a8ac-468d-8add-014af9dd1d4f.jpeg,32893621,1585350,31.14268,-81.37761,"=AVERAGE($G$2:$G$1001)","=AVERAGE($D$2:$D$1001)","=IFERROR(($AT631-G631)/$AT631,0)","=IFERROR(($AU631-D631)/$AU631,0)","=$AU631-D631"
Oceanfront luxury at a spacious 5-bedroom,ERA Fernandina Beach Realty,,99801,116323,1919.25,36.36,261,5,3,12,true,false,false,true,true,true,false,Home/Apartment,House,House/villa,0,0,2,21+,Luxury,false,5376,true,52,12,2026-05-14,Amelia/St. Simons/Jekyll Islands,Fernandina Beach,Fernandina Beach,Florida,32034,United States,coastal,https://www.airbnb.com/rooms/1478298105080919376,https://a0.muscache.com/im/pictures/prohost-api/Hosting-1478298105080919376/original/8e7a0326-6de3-4eb1-b5aa-6bca667f11bf.jpeg,1478298105080919376,,30.65288,-81.43445,"=AVERAGE($G$2:$G$1001)","=AVERAGE($D$2:$D$1001)","=IFERROR(($AT632-G632)/$AT632,0)","=IFERROR(($AU632-D632)/$AU632,0)","=$AU632-D632"
Day Dream Cottage -w/elevator and roof top deck,St. Simons Rentals,,99635,132816,727.26,47.08,300,4,4,12,true,false,false,true,true,false,true,Home/Apartment,House,House/villa,4.9,76,3,6-20,Luxury,true,404,true,137,29,2026-05-13,Amelia/St. Simons/Jekyll Islands,Saint Simons Island,Saint Simons Island,Georgia,31522,United States,coastal,https://www.airbnb.com/rooms/1253004590321364607,https://a0.muscache.com/im/pictures/prohost-api/Hosting-1253004590321364607/original/cc3f7e34-d6b3-4dfd-bf2b-25bc8150dd9b.jpeg,1253004590321364607,4212707,31.1447,-81.3735,"=AVERAGE($G$2:$G$1001)","=AVERAGE($D$2:$D$1001)","=IFERROR(($AT633-G633)/$AT633,0)","=IFERROR(($AU633-D633)/$AU633,0)","=$AU633-D633"
"Unbeatable location with Ocean Views, sleeps 6",,,99458,106911,549.49,52.77,343,3,3,6,true,false,false,true,true,false,false,Home/Apartment,Condominium (condo),Apt/Condo/Loft,5,9,3,6-20,Luxury,false,369,true,181,45,2026-05-16,Amelia/St. Simons/Jekyll Islands,Saint Simons Island,Saint Simons Island,Georgia,31522,United States,coastal,https://www.vrbo.com/4536376,"https://media.vrbo.com/lodging/115000000/114960000/114958300/114958285/9b602f06.jpg?impolicy=resizecrop&rw=1200&ra=fit",,4536376,31.137743,-81.381942,"=AVERAGE($G$2:$G$1001)","=AVERAGE($D$2:$D$1001)","=IFERROR(($AT634-G634)/$AT634,0)","=IFERROR(($AU634-D634)/$AU634,0)","=$AU634-D634"
Seaview Oasis: Beachfront | Resort Access,305281060,,99173,99910,536.07,51.1,362,3,3,8,true,false,false,true,true,false,true,Home/Apartment,Condominium (condo),Apt/Condo/Loft,4.9,215,2,21+,Luxury,true,318,true,185,51,2026-05-11,Amelia/St. Simons/Jekyll Islands,Fernandina Beach,Fernandina Beach,Florida,32034,United States,coastal,https://www.airbnb.com/rooms/45366854,https://a0.muscache.com/im/pictures/miso/Hosting-45366854/original/bf07a4c9-db09-441e-8f7a-2d5674f863c6.jpeg,45366854,2102169,30.5892,-81.4442,"=AVERAGE($G$2:$G$1001)","=AVERAGE($D$2:$D$1001)","=IFERROR(($AT635-G635)/$AT635,0)","=IFERROR(($AU635-D635)/$AU635,0)","=$AU635-D635"
Cottage Steps from the Beach with Community Pool,Hodnett Cooper Vacation Rentals,,99107,113219,553.67,57.93,319,3,3,8,true,false,false,true,true,false,true,Home/Apartment,House,House/villa,4.8,26,3,21+,Luxury,true,535,true,179,32,2026-05-13,Amelia/St. Simons/Jekyll Islands,Saint Simons Island,Saint Simons Island,Georgia,31522,United States,coastal,https://www.airbnb.com/rooms/23743441,https://a0.muscache.com/im/pictures/prohost-api/Hosting-23743441/original/44a6e830-ebf8-44f1-9acc-a56ea1cfcfe0.jpeg,23743441,1585185,31.14554,-81.37221,"=AVERAGE($G$2:$G$1001)","=AVERAGE($D$2:$D$1001)","=IFERROR(($AT636-G636)/$AT636,0)","=IFERROR(($AU636-D636)/$AU636,0)","=$AU636-D636"
Rustic Ocean Front Cottage,RedAwning,,98978,148349,818,69.94,202,3,1,6,true,false,false,true,true,true,false,Home/Apartment,House,House/villa,4.2,18,2,21+,Luxury,false,1277,true,121,17,2026-04-20,Amelia/St. Simons/Jekyll Islands,Fernandina Beach,Fernandina Beach,Florida,32034,United States,coastal,https://www.airbnb.com/rooms/37603475,https://a0.muscache.com/im/pictures/prohost-api/Hosting-37603475/original/33f0718a-7274-456e-a0ab-9e43c710fb0b.jpeg,37603475,4702853ha,30.6745,-81.4301,"=AVERAGE($G$2:$G$1001)","=AVERAGE($D$2:$D$1001)","=IFERROR(($AT637-G637)/$AT637,0)","=IFERROR(($AU637-D637)/$AU637,0)","=$AU637-D637"
Oceanfront Beach House with Spacious Backyard,RedAwning,,98762,139325,1299.5,58.91,291,3,3,6,true,false,false,true,true,false,false,Home/Apartment,House,House/villa,4.4,8,2,21+,Luxury,false,973,true,76,14,2026-04-20,Amelia/St. Simons/Jekyll Islands,Fernandina Beach,Fernandina Beach,Florida,32034,United States,coastal,https://www.airbnb.com/rooms/41241247,https://a0.muscache.com/im/pictures/prohost-api/Hosting-41241247/original/f71993e7-5bdf-453e-a93e-43131c81d2f6.jpeg,41241247,9331917ha,30.6255,-81.4397,"=AVERAGE($G$2:$G$1001)","=AVERAGE($D$2:$D$1001)","=IFERROR(($AT638-G638)/$AT638,0)","=IFERROR(($AU638-D638)/$AU638,0)","=$AU638-D638"
Free Golf Cart! Heated Pool & Spa!  Walk to Beach!,14038102,,98719,131897,851.03,44.27,292,4,3,12,true,false,true,true,true,true,true,Home/Apartment,House,House/villa,4.9,95,2,6-20,Luxury,true,416,false,116,30,2026-05-11,Amelia/St. Simons/Jekyll Islands,Jekyll Island,Jekyll Island,Georgia,31527,United States,coastal,https://www.airbnb.com/rooms/2744341,https://a0.muscache.com/im/pictures/d8dea2a8-22cd-4cef-ab8c-0063666d38e6.jpg,2744341,293335ha,31.12389,-81.38808,"=AVERAGE($G$2:$G$1001)","=AVERAGE($D$2:$D$1001)","=IFERROR(($AT639-G639)/$AT639,0)","=IFERROR(($AU639-D639)/$AU639,0)","=$AU639-D639"
Perfect cottage ON THE BEACH! Golf Cart for RENT!,8545522,,98694,159311,783.29,58.33,223,3,2,8,true,false,false,true,true,false,false,Home/Apartment,House,House/villa,5,70,4,6-20,Luxury,true,250,false,126,33,2026-05-11,Amelia/St. Simons/Jekyll Islands,Saint Simons Island,Saint Simons Island,Georgia,31522,United States,coastal,https://www.airbnb.com/rooms/1293564592571996900,https://a0.muscache.com/im/pictures/miso/Hosting-1293564592571996900/original/5f5666ab-6026-472a-a2fc-defd88101771.jpeg,1293564592571996900,353741,31.1359,-81.3847,"=AVERAGE($G$2:$G$1001)","=AVERAGE($D$2:$D$1001)","=IFERROR(($AT640-G640)/$AT640,0)","=IFERROR(($AU640-D640)/$AU640,0)","=$AU640-D640"
Summerwoods Gated Community: Golf Cart Included,Stay Better Vacations,,98418,104661,484.82,60.06,338,3,3,6,true,false,false,true,true,false,true,Home/Apartment,Townhouse,Apt/Condo/Loft,5,14,4,21+,Luxury,true,296,false,203,36,2026-05-11,Amelia/St. Simons/Jekyll Islands,Fernandina Beach,Fernandina Beach,Florida,32034,United States,coastal,https://www.airbnb.com/rooms/1255938531984186639,https://a0.muscache.com/im/pictures/prohost-api/Hosting-1255938531984186639/original/34bd251b-e38c-4eaa-91fc-c8f194a8ab8f.jpeg,1255938531984186639,4218748,30.5824,-81.4494,"=AVERAGE($G$2:$G$1001)","=AVERAGE($D$2:$D$1001)","=IFERROR(($AT641-G641)/$AT641,0)","=IFERROR(($AU641-D641)/$AU641,0)","=$AU641-D641"
Live Oak Retreat sleeps 8,Lighthouse Vacations,,97903,103400,829.69,40,332,4,4,11,true,false,false,true,true,true,false,Home/Apartment,House,House/villa,5,44,3,21+,Luxury,true,401,true,118,26,2026-05-13,Amelia/St. Simons/Jekyll Islands,Saint Simons Island,Saint Simons Island,Georgia,31522,United States,coastal,https://www.airbnb.com/rooms/595877623422915206,https://a0.muscache.com/im/pictures/prohost-api/Hosting-595877623422915206/original/1472b7e5-c373-4efd-b15e-5318c08eb94c.jpeg,595877623422915206,2739771,31.1526,-81.3679,"=AVERAGE($G$2:$G$1001)","=AVERAGE($D$2:$D$1001)","=IFERROR(($AT642-G642)/$AT642,0)","=IFERROR(($AU642-D642)/$AU642,0)","=$AU642-D642"
"East Beach home with large pool, dog friendly",Lighthouse Vacations,,97408,122156,612.63,55.4,296,3,3,8,true,false,false,true,true,true,false,Home/Apartment,House,House/villa,4.9,19,3,21+,Luxury,true,425,true,159,33,2026-05-11,Amelia/St. Simons/Jekyll Islands,Saint Simons Island,Saint Simons Island,Georgia,31522,United States,coastal,https://www.airbnb.com/rooms/837576917911444635,https://a0.muscache.com/im/pictures/prohost-api/Hosting-837576917911444635/original/c9636459-62ce-4b58-8a9f-3e7aa6740706.jpeg,837576917911444635,3258045,31.1531,-81.3691,"=AVERAGE($G$2:$G$1001)","=AVERAGE($D$2:$D$1001)","=IFERROR(($AT643-G643)/$AT643,0)","=IFERROR(($AU643-D643)/$AU643,0)","=$AU643-D643"
Family-Run Cottage | Beach+Pool+Golf Cart Add On,66475787,,97055,125180,698.24,52.85,285,4,3,11,true,false,false,true,true,true,true,Home/Apartment,House,House/villa,5,47,2,1,Luxury,true,350,false,139,30,2026-05-13,Amelia/St. Simons/Jekyll Islands,Saint Simons Island,Saint Simons Island,Georgia,31522,United States,coastal,https://www.airbnb.com/rooms/1405116423381786183,https://a0.muscache.com/im/pictures/miso/Hosting-1405116423381786183/original/ecc9ded8-5bdf-4069-91cd-8bb52f0380c5.jpeg,1405116423381786183,4550042,31.1441725092,-81.3726017204,"=AVERAGE($G$2:$G$1001)","=AVERAGE($D$2:$D$1001)","=IFERROR(($AT644-G644)/$AT644,0)","=IFERROR(($AU644-D644)/$AU644,0)","=$AU644-D644"
8 Sea Castles,RedAwning,,96671,108220,779.6,59.62,281,3,2,9,true,false,false,true,true,true,true,Home/Apartment,Condominium (condo),Apt/Condo/Loft,4.8,9,2,21+,Luxury,false,897,true,124,18,2026-04-14,Amelia/St. Simons/Jekyll Islands,Fernandina Beach,Fernandina Beach,Florida,32034,United States,coastal,https://www.airbnb.com/rooms/930281089474434069,https://a0.muscache.com/im/pictures/prohost-api/Hosting-930281089474434069/original/41c63807-6884-43e5-aea7-0dba175d7edf.jpeg,930281089474434069,9847094ha,30.6225,-81.4409,"=AVERAGE($G$2:$G$1001)","=AVERAGE($D$2:$D$1001)","=IFERROR(($AT645-G645)/$AT645,0)","=IFERROR(($AU645-D645)/$AU645,0)","=$AU645-D645"
6 Floor Oceanfront condo!,ERA Fernandina Beach Realty,,96070,126324,1171.59,50.62,251,3,2,6,true,false,false,true,true,false,true,Home/Apartment,Condominium (condo),Apt/Condo/Loft,5,2,2,21+,Luxury,false,1052,true,82,21,2026-05-13,Amelia/St. Simons/Jekyll Islands,Fernandina Beach,Fernandina Beach,Florida,32034,United States,coastal,https://www.airbnb.com/rooms/48028104,https://a0.muscache.com/im/pictures/prohost-api/Hosting-48028104/original/bd0a46c9-53f3-4dec-8b20-de448fdd19c2.jpeg,48028104,,30.62001,-81.43973,"=AVERAGE($G$2:$G$1001)","=AVERAGE($D$2:$D$1001)","=IFERROR(($AT646-G646)/$AT646,0)","=IFERROR(($AU646-D646)/$AU646,0)","=$AU646-D646"
Southern Living Cottage in the Village,Lighthouse Vacations,,95958,129970,561.16,64.04,267,3,4,6,true,false,false,true,true,false,false,Home/Apartment,House,House/villa,5,104,3,21+,Luxury,true,351,true,171,41,2026-05-11,Amelia/St. Simons/Jekyll Islands,Saint Simons Island,Saint Simons Island,Georgia,31522,United States,coastal,https://www.airbnb.com/rooms/606518014507806920,https://a0.muscache.com/im/pictures/prohost-api/Hosting-606518014507806920/original/164673ce-90b5-496f-9cc3-1900d6a53d86.jpeg,606518014507806920,2761624,31.1393,-81.3915,"=AVERAGE($G$2:$G$1001)","=AVERAGE($D$2:$D$1001)","=IFERROR(($AT647-G647)/$AT647,0)","=IFERROR(($AU647-D647)/$AU647,0)","=$AU647-D647"
Beautiful 3 Bedroom 3.5 Bath Beachfront Townhouse,388540050,,95708,139525,580.05,89.67,223,3,3,8,true,false,false,true,true,true,true,Home/Apartment,Townhouse,Apt/Condo/Loft,5,56,7,1,Luxury,false,290,true,165,21,2026-05-13,Amelia/St. Simons/Jekyll Islands,Fernandina Beach,Fernandina Beach,Florida,32034,United States,coastal,https://www.airbnb.com/rooms/48167302,https://a0.muscache.com/im/pictures/ec6daf5a-9b0e-4e47-a8a3-356119ac361f.jpg,48167302,2208092,30.58337,-81.44348,"=AVERAGE($G$2:$G$1001)","=AVERAGE($D$2:$D$1001)","=IFERROR(($AT648-G648)/$AT648,0)","=IFERROR(($AU648-D648)/$AU648,0)","=$AU648-D648"
"Spotted Sandpiper Condo, Pool & Near Pier & Beach",RedAwning,,95696,214668,1708.86,54.37,168,3,2,8,true,false,false,true,true,false,true,Home/Apartment,Condominium (condo),Apt/Condo/Loft,0,0,2,21+,Luxury,false,527,true,56,11,2026-04-18,Amelia/St. Simons/Jekyll Islands,Fernandina Beach,Fernandina Beach,Florida,32034,United States,coastal,https://www.airbnb.com/rooms/48063075,https://a0.muscache.com/im/pictures/prohost-api/Hosting-48063075/original/9411a4bd-44ac-466c-8313-9888e6bef343.jpeg,48063075,,30.6209,-81.4399,"=AVERAGE($G$2:$G$1001)","=AVERAGE($D$2:$D$1001)","=IFERROR(($AT649-G649)/$AT649,0)","=IFERROR(($AU649-D649)/$AU649,0)","=$AU649-D649"
Oceanfront Condo W/ Pool & Private Fishing Pier,RedAwning,,94377,146656,1498.05,44.37,232,3,2,6,true,false,false,true,true,false,true,Home/Apartment,Condominium (condo),Apt/Condo/Loft,5,12,2,21+,Luxury,false,852,true,63,15,2026-04-18,Amelia/St. Simons/Jekyll Islands,Fernandina Beach,Fernandina Beach,Florida,32034,United States,coastal,https://www.airbnb.com/rooms/48036752,https://a0.muscache.com/im/pictures/prohost-api/Hosting-48036752/original/a3c7822a-3a5b-4973-8b91-4e30c0e8a503.jpeg,48036752,9518803ha,30.6209,-81.4402,"=AVERAGE($G$2:$G$1001)","=AVERAGE($D$2:$D$1001)","=IFERROR(($AT650-G650)/$AT650,0)","=IFERROR(($AU650-D650)/$AU650,0)","=$AU650-D650"
Newly Renovated! New Dog Friendly! Ocean View!,ERA Fernandina Beach Realty,,94174,117733,811.84,58,268,3,2,9,true,false,false,true,true,true,true,Home/Apartment,Condominium (condo),Apt/Condo/Loft,4.15,7,2,21+,Luxury,false,1030,true,116,19,2026-05-13,Amelia/St. Simons/Jekyll Islands,Fernandina Beach,Fernandina Beach,Florida,32034,United States,coastal,https://www.airbnb.com/rooms/929836445529063101,https://a0.muscache.com/im/pictures/prohost-api/Hosting-929836445529063101/original/b6ba3ff4-445b-4f3c-81d3-c0fd5c8638a9.jpeg,929836445529063101,,30.6221,-81.4398,"=AVERAGE($G$2:$G$1001)","=AVERAGE($D$2:$D$1001)","=IFERROR(($AT651-G651)/$AT651,0)","=IFERROR(($AU651-D651)/$AU651,0)","=$AU651-D651"
"Direct Ocean Front, Pool, 100 steps to Lighthouse",Lighthouse Vacations,,93927,141331,903.14,38.95,277,4,3,10,true,false,true,true,true,true,false,Home/Apartment,House,House/villa,4.6,81,3,21+,Luxury,true,360,true,104,27,2026-05-13,Amelia/St. Simons/Jekyll Islands,Saint Simons Island,Saint Simons Island,Georgia,31522,United States,coastal,https://www.airbnb.com/rooms/39117067,https://a0.muscache.com/im/pictures/prohost-api/Hosting-39117067/original/0a0b5933-87d2-4bb2-8013-574bf0cdd4a1.jpeg,39117067,1685049,31.1339,-81.3925,"=AVERAGE($G$2:$G$1001)","=AVERAGE($D$2:$D$1001)","=IFERROR(($AT652-G652)/$AT652,0)","=IFERROR(($AU652-D652)/$AU652,0)","=$AU652-D652"
High Demand Beautiful Villa next to Ritz Carlton,361088896,,93893,107966,555.58,56.9,318,3,3,6,true,false,false,true,true,false,true,Home/Apartment,Apartment,Apt/Condo/Loft,4.95,144,4,2-5,Luxury,true,351,false,169,34,2026-05-11,Amelia/St. Simons/Jekyll Islands,Fernandina Beach,Fernandina Beach,Florida,32034,United States,coastal,https://www.airbnb.com/rooms/1080410571766379868,https://a0.muscache.com/im/pictures/miso/Hosting-1080410571766379868/original/f62e4f7a-3b07-4318-b2b6-a81e3a8f26e3.jpeg,1080410571766379868,2273683,30.5918,-81.4443,"=AVERAGE($G$2:$G$1001)","=AVERAGE($D$2:$D$1001)","=IFERROR(($AT653-G653)/$AT653,0)","=IFERROR(($AU653-D653)/$AU653,0)","=$AU653-D653"
Dog Friendly-Ocean View-Across street from Ocean,ERA Fernandina Beach Realty,,93683,121581,1089.34,32.82,290,3,3,9,true,false,false,true,true,true,false,Home/Apartment,Townhouse,Apt/Condo/Loft,4.9,8,2,21+,Luxury,false,1460,true,86,25,2026-05-13,Amelia/St. Simons/Jekyll Islands,Fernandina Beach,Fernandina Beach,Florida,32034,United States,coastal,https://www.airbnb.com/rooms/937546564310206327,https://a0.muscache.com/im/pictures/prohost-api/Hosting-937546564310206327/original/cb80fd94-9d49-40f0-b99b-94e4703689ba.jpeg,937546564310206327,9850643ha,30.63475,-81.43689,"=AVERAGE($G$2:$G$1001)","=AVERAGE($D$2:$D$1001)","=IFERROR(($AT654-G654)/$AT654,0)","=IFERROR(($AU654-D654)/$AU654,0)","=$AU654-D654"
Luxury Renovated Oceanfront-pool & steps 2 Village,89550464,,93611,183827,1485.89,37.06,279,5,4,14,true,false,false,true,true,false,true,Home/Apartment,House,House/villa,5,131,3,1,Luxury,false,500,false,63,12,2026-05-16,Amelia/St. Simons/Jekyll Islands,Saint Simons Island,Saint Simons Island,Georgia,31522,United States,coastal,https://www.airbnb.com/rooms/1156077423207242323,https://a0.muscache.com/im/pictures/hosting/Hosting-1156077423207242323/original/55901025-b296-4334-9c59-a9d1b802d14f.jpeg,1156077423207242323,3960320,31.1355121542,-81.4001041984,"=AVERAGE($G$2:$G$1001)","=AVERAGE($D$2:$D$1001)","=IFERROR(($AT655-G655)/$AT655,0)","=IFERROR(($AU655-D655)/$AU655,0)","=$AU655-D655"
5th Floor Oceanfront with Private Fishing Pier!,ERA Fernandina Beach Realty,,93289,124074,734.56,52.48,296,3,2,4,true,false,false,true,true,false,true,Home/Apartment,Condominium (condo),Apt/Condo/Loft,5,2,2,21+,Luxury,false,702,true,127,16,2026-05-13,Amelia/St. Simons/Jekyll Islands,Fernandina Beach,Fernandina Beach,Florida,32034,United States,coastal,https://www.airbnb.com/rooms/1359408162385698531,https://a0.muscache.com/im/pictures/prohost-api/Hosting-1359408162385698531/original/8f51eddf-84bb-4bdb-b4a9-a36d624fd37f.jpeg,1359408162385698531,,30.62062,-81.43882,"=AVERAGE($G$2:$G$1001)","=AVERAGE($D$2:$D$1001)","=IFERROR(($AT656-G656)/$AT656,0)","=IFERROR(($AU656-D656)/$AU656,0)","=$AU656-D656"
Ocean Cottage 39 Halekulani The Cottages at Jekyll,Parker Kaufman,,92970,105940,550.12,52.32,330,3,3,6,true,false,false,true,true,false,true,Home/Apartment,Townhouse,Apt/Condo/Loft,4.7,44,3,21+,Luxury,false,426,true,169,39,2026-05-13,Amelia/St. Simons/Jekyll Islands,Jekyll Island,Jekyll Island,Georgia,31527,United States,coastal,https://www.airbnb.com/rooms/40916250,https://a0.muscache.com/im/pictures/prohost-api/Hosting-40916250/original/98e8dea2-96e5-4678-b17b-ac5a5f770d88.jpeg,40916250,1295330,31.08966,-81.40362,"=AVERAGE($G$2:$G$1001)","=AVERAGE($D$2:$D$1001)","=IFERROR(($AT657-G657)/$AT657,0)","=IFERROR(($AU657-D657)/$AU657,0)","=$AU657-D657"
Close to beach! Heated pool and hot tub! 10+,8545522,,92958,211924,938.97,58.93,192,4,3,10,true,false,true,true,true,true,true,Home/Apartment,House,House/villa,5,20,4,6-20,Luxury,true,315,false,99,26,2026-05-17,Amelia/St. Simons/Jekyll Islands,Saint Simons Island,Saint Simons Island,Georgia,31522,United States,coastal,https://www.airbnb.com/rooms/711544214735353496,https://a0.muscache.com/im/pictures/hosting/Hosting-U3RheVN1cHBseUxpc3Rpbmc6NzExNTQ0MjE0NzM1MzUzNDk2/original/043fbb1d-f570-46d2-ac5a-41727bdddefe.jpeg,711544214735353496,2708065,31.13659,-81.39254,"=AVERAGE($G$2:$G$1001)","=AVERAGE($D$2:$D$1001)","=IFERROR(($AT658-G658)/$AT658,0)","=IFERROR(($AU658-D658)/$AU658,0)","=$AU658-D658"
"Oleander Cottage Ocean Views, Steps from the Beach",Hodnett Cooper Vacation Rentals,,92470,122868,790.34,48.55,280,3,4,10,true,false,false,true,true,false,true,Home/Apartment,House,House/villa,4.95,29,3,21+,Luxury,true,610,true,117,19,2026-05-13,Amelia/St. Simons/Jekyll Islands,Saint Simons Island,Saint Simons Island,Georgia,31522,United States,coastal,https://www.airbnb.com/rooms/42683108,https://a0.muscache.com/im/pictures/prohost-api/Hosting-42683108/original/4bc118bc-6a77-4442-9c52-8f5e12a98a7f.jpeg,42683108,1585180,31.1442,-81.37375,"=AVERAGE($G$2:$G$1001)","=AVERAGE($D$2:$D$1001)","=IFERROR(($AT659-G659)/$AT659,0)","=IFERROR(($AU659-D659)/$AU659,0)","=$AU659-D659"
Ahhhhhh......Life is Good at the Beach!,,,92079,122749,532.25,66.8,275,3,3,8,true,false,false,true,true,false,true,Home/Apartment,Condominium (condo),Apt/Condo/Loft,5,209,3,1,Luxury,false,200,true,173,35,2026-05-14,Amelia/St. Simons/Jekyll Islands,Fernandina Beach,Fernandina Beach,Florida,32034,United States,coastal,https://www.vrbo.com/1029498,"https://media.vrbo.com/lodging/19000000/18960000/18956500/18956457/6ec3a6ae.jpg?impolicy=resizecrop&rw=1200&ra=fit",,1029498,30.547103,-81.443155,"=AVERAGE($G$2:$G$1001)","=AVERAGE($D$2:$D$1001)","=IFERROR(($AT660-G660)/$AT660,0)","=IFERROR(($AU660-D660)/$AU660,0)","=$AU660-D660"
220 Amelia by the Sea,RedAwning,,91871,155770,1134.21,47.09,209,3,2,6,true,false,false,true,true,false,true,Home/Apartment,Condominium (condo),Apt/Condo/Loft,4.2,8,3,21+,Luxury,false,494,true,81,17,2026-04-14,Amelia/St. Simons/Jekyll Islands,Fernandina Beach,Fernandina Beach,Florida,32034,United States,coastal,https://www.airbnb.com/rooms/734449757946783379,https://a0.muscache.com/im/pictures/prohost-api/Hosting-734449757946783379/original/338903a7-6e1d-46bf-becb-4f926eb0ec2b.jpeg,734449757946783379,9678276ha,30.6209,-81.4399,"=AVERAGE($G$2:$G$1001)","=AVERAGE($D$2:$D$1001)","=IFERROR(($AT661-G661)/$AT661,0)","=IFERROR(($AU661-D661)/$AU661,0)","=$AU661-D661"
"Amazing Pool on East Beach, SPA, Short Walk to Beach, 3 Kings plus, Dog Friendly",,,91707,154254,733.66,56.82,241,4,2,8,true,false,true,true,true,true,true,Home/Apartment,House,House/villa,5,202,3,1,Luxury,false,350,true,125,28,2026-05-17,Amelia/St. Simons/Jekyll Islands,Saint Simons Island,Saint Simons Island,Georgia,31522,United States,coastal,https://www.vrbo.com/1336551,"https://media.vrbo.com/lodging/34000000/34000000/33998600/33998583/e8928fd8.jpg?impolicy=resizecrop&rw=1200&ra=fit",,1336551,31.151038,-81.370916,"=AVERAGE($G$2:$G$1001)","=AVERAGE($D$2:$D$1001)","=IFERROR(($AT662-G662)/$AT662,0)","=IFERROR(($AU662-D662)/$AU662,0)","=$AU662-D662"
Spacious Oceanfront Penthouse Villa,RedAwning,,91534,196327,1906.96,72.73,206,3,3,8,true,false,false,true,true,false,true,Home/Apartment,Condominium (condo),Apt/Condo/Loft,4.2,10,2,21+,Luxury,false,5358,true,48,8,2026-04-18,Amelia/St. Simons/Jekyll Islands,Fernandina Beach,Fernandina Beach,Florida,32034,United States,coastal,https://www.airbnb.com/rooms/37576461,https://a0.muscache.com/im/pictures/prohost-api/Hosting-37576461/original/7747d049-61ba-4af4-8fe5-3e71ed110bf7.jpeg,37576461,4702892ha,30.5399,-81.4416,"=AVERAGE($G$2:$G$1001)","=AVERAGE($D$2:$D$1001)","=IFERROR(($AT663-G663)/$AT663,0)","=IFERROR(($AU663-D663)/$AU663,0)","=$AU663-D663"
Amelia Island Oceanfront - Sandpiper Villas,Seahorse Amelia Vacation Rentals,,91110,101788,690.23,70.59,189,3,3,6,true,false,false,true,true,false,true,Home/Apartment,Townhouse,Apt/Condo/Loft,4.85,21,3,21+,Luxury,true,611,true,132,26,2026-05-13,Amelia/St. Simons/Jekyll Islands,Fernandina Beach,Fernandina Beach,Florida,32034,United States,coastal,https://www.airbnb.com/rooms/751367311205985152,https://a0.muscache.com/im/pictures/prohost-api/Hosting-751367311205985152/original/460208ae-6698-4580-b423-cc3ece873452.jpeg,751367311205985152,3092115,30.6021,-81.44276,"=AVERAGE($G$2:$G$1001)","=AVERAGE($D$2:$D$1001)","=IFERROR(($AT664-G664)/$AT664,0)","=IFERROR(($AU664-D664)/$AU664,0)","=$AU664-D664"
Luxury oceanfront retreat with amazing sunrise,Lighthouse Vacations,,90203,147600,980.47,70.23,133,4,3,8,true,false,false,true,true,true,false,Home/Apartment,Condominium (condo),Apt/Condo/Loft,4.8,16,3,21+,Luxury,true,380,true,92,19,2026-05-13,Amelia/St. Simons/Jekyll Islands,Saint Simons Island,Saint Simons Island,Georgia,31522,United States,coastal,https://www.airbnb.com/rooms/637560619428539769,https://a0.muscache.com/im/pictures/prohost-api/Hosting-637560619428539769/original/1f2c86a2-199b-448b-a610-9279f3b6fc89.jpeg,637560619428539769,2822031,31.1381,-81.3806,"=AVERAGE($G$2:$G$1001)","=AVERAGE($D$2:$D$1001)","=IFERROR(($AT665-G665)/$AT665,0)","=IFERROR(($AU665-D665)/$AU665,0)","=$AU665-D665"
Beautiful 3-bedroom ground floor condo in enchanting Fernandina Beach!,,,89307,96643,516.23,50.29,344,3,3,6,true,false,false,true,true,false,true,Home/Apartment,Condominium (condo),Apt/Condo/Loft,5,20,3,1,Luxury,false,200,false,173,37,2026-05-17,Amelia/St. Simons/Jekyll Islands,Fernandina Beach,Fernandina Beach,Florida,32034,United States,coastal,https://www.vrbo.com/4373938,"https://media.vrbo.com/lodging/113000000/112060000/112057000/112056934/641f36c6.jpg?impolicy=resizecrop&rw=1200&ra=fit",,4373938,30.591856,-81.444228,"=AVERAGE($G$2:$G$1001)","=AVERAGE($D$2:$D$1001)","=IFERROR(($AT666-G666)/$AT666,0)","=IFERROR(($AU666-D666)/$AU666,0)","=$AU666-D666"
The Sunshine House by Sunshine Collective,73224108,,88890,149153,678.55,55.74,246,4,3,8,true,false,false,true,true,false,true,Home/Apartment,Apartment,Apt/Condo/Loft,4.9,64,3,2-5,Luxury,true,299,true,131,25,2026-05-14,Amelia/St. Simons/Jekyll Islands,Fernandina Beach,Fernandina Beach,Florida,32034,United States,coastal,https://www.airbnb.com/rooms/1386337448848076751,https://a0.muscache.com/im/pictures/prohost-api/Hosting-1386337448848076751/original/ba1a6da3-8992-4d2e-8765-02e97d3d3ab3.jpeg,1386337448848076751,2802675,30.6587615143,-81.4319030981,"=AVERAGE($G$2:$G$1001)","=AVERAGE($D$2:$D$1001)","=IFERROR(($AT667-G667)/$AT667,0)","=IFERROR(($AU667-D667)/$AU667,0)","=$AU667-D667"
Enchanting Ground Condo Steps Away from Ocean Side,RedAwning,,88875,237634,1532.33,40.85,179,3,2,8,true,false,false,true,true,false,true,Home/Apartment,Condominium (condo),Apt/Condo/Loft,4,2,2,21+,Luxury,false,832,true,58,13,2026-04-19,Amelia/St. Simons/Jekyll Islands,Fernandina Beach,Fernandina Beach,Florida,32034,United States,coastal,https://www.airbnb.com/rooms/37603716,https://a0.muscache.com/im/pictures/prohost-api/Hosting-37603716/original/372aa378-fddb-47a0-b89a-69424294d0ad.jpeg,37603716,4702874ha,30.6209,-81.4399,"=AVERAGE($G$2:$G$1001)","=AVERAGE($D$2:$D$1001)","=IFERROR(($AT668-G668)/$AT668,0)","=IFERROR(($AU668-D668)/$AU668,0)","=$AU668-D668"
"Majestic Oaks, Breathtaking Sunrise Ocean Views",Lighthouse Vacations,,88697,129298,996.6,41.78,311,4,3,10,true,false,false,true,true,false,true,Home/Apartment,Condominium (condo),Apt/Condo/Loft,4.9,32,3,21+,Luxury,true,400,true,89,24,2026-05-13,Amelia/St. Simons/Jekyll Islands,Saint Simons Island,Saint Simons Island,Georgia,31522,United States,coastal,https://www.airbnb.com/rooms/637560635594556202,https://a0.muscache.com/im/pictures/prohost-api/Hosting-637560635594556202/original/3465725c-e3c9-48f0-8256-1a3005e45d58.jpeg,637560635594556202,2816243,31.1354,-81.3876,"=AVERAGE($G$2:$G$1001)","=AVERAGE($D$2:$D$1001)","=IFERROR(($AT669-G669)/$AT669,0)","=IFERROR(($AU669-D669)/$AU669,0)","=$AU669-D669"
New Listing | Completely Renovated Luxury Oceanfront Condo | Magnificent Views | Next to the Ritz,Amelia Island Getaways,,88486,118839,610.25,58.23,250,3,3,10,true,false,false,true,true,false,true,Home/Apartment,Condominium (condo),Apt/Condo/Loft,5,11,3,21+,Luxury,false,234,true,145,37,2026-05-14,Amelia/St. Simons/Jekyll Islands,Fernandina Beach,Fernandina Beach,Florida,32034,United States,coastal,https://www.vrbo.com/3839738,"https://media.vrbo.com/lodging/103000000/102160000/102153200/102153136/d3b3060c.jpg?impolicy=resizecrop&rw=1200&ra=fit",,3839738,30.591848,-81.444218,"=AVERAGE($G$2:$G$1001)","=AVERAGE($D$2:$D$1001)","=IFERROR(($AT670-G670)/$AT670,0)","=IFERROR(($AU670-D670)/$AU670,0)","=$AU670-D670"
Brand New House & Listing! Sea Island Lodge Residence with golf and sunset views,,,88449,117113,3845.61,85.19,41,5,6,10,true,false,false,false,false,false,false,Home/Apartment,House,House/villa,0,0,2,1,Luxury,false,0,false,23,3,2026-04-01,Amelia/St. Simons/Jekyll Islands,Saint Simons Island,Saint Simons Island,Georgia,31522,United States,coastal,https://www.vrbo.com/5110558,"https://media.vrbo.com/lodging/127000000/126560000/126558900/126558874/2296f07e.jpg?impolicy=resizecrop&rw=1200&ra=fit",,5110558,31.136894,-81.411385,"=AVERAGE($G$2:$G$1001)","=AVERAGE($D$2:$D$1001)","=IFERROR(($AT671-G671)/$AT671,0)","=IFERROR(($AU671-D671)/$AU671,0)","=$AU671-D671"
Beach House,Amelia Island Rentals,,88054,104093,739.95,77.78,154,4,2,8,true,false,false,true,true,false,false,Home/Apartment,House,House/villa,4.8,60,5,21+,Luxury,false,267,true,119,21,2026-05-13,Amelia/St. Simons/Jekyll Islands,Fernandina Beach,Fernandina Beach,Florida,32034,United States,coastal,https://www.airbnb.com/rooms/23973057,https://a0.muscache.com/im/pictures/prohost-api/Hosting-23973057/original/80e01e3c-d0b0-4154-a17c-f66cf7c85ecf.jpeg,23973057,678872,30.6477,-81.4345,"=AVERAGE($G$2:$G$1001)","=AVERAGE($D$2:$D$1001)","=IFERROR(($AT672-G672)/$AT672,0)","=IFERROR(($AU672-D672)/$AU672,0)","=$AU672-D672"
Exceptional 3BD/3BA Captain's Court Villa with Ocean Views,Destination Amelia Vacation Rentals,,87922,138804,646.49,55.97,254,3,3,8,true,false,false,true,true,false,true,Home/Apartment,Condominium (condo),Apt/Condo/Loft,5,1,3,21+,Luxury,false,315,true,136,32,2026-05-16,Amelia/St. Simons/Jekyll Islands,Fernandina Beach,Fernandina Beach,Florida,32034,United States,coastal,https://www.vrbo.com/4479158,"https://media.vrbo.com/lodging/114000000/113820000/113812300/113812215/225bf1a0.jpg?impolicy=resizecrop&rw=1200&ra=fit",,4479158,30.552746,-81.443657,"=AVERAGE($G$2:$G$1001)","=AVERAGE($D$2:$D$1001)","=IFERROR(($AT673-G673)/$AT673,0)","=IFERROR(($AU673-D673)/$AU673,0)","=$AU673-D673"
Oceanfront condo with direct access to courtyard!,Hodnett Cooper Vacation Rentals,,87747,130882,504.29,75.65,234,3,3,8,true,false,false,true,true,true,true,Home/Apartment,Condominium (condo),Apt/Condo/Loft,4.7,22,2,21+,Luxury,true,335,true,174,31,2026-05-14,Amelia/St. Simons/Jekyll Islands,Saint Simons Island,Saint Simons Island,Georgia,31522,United States,coastal,https://www.airbnb.com/rooms/676749104217148485,https://a0.muscache.com/im/pictures/prohost-api/Hosting-676749104217148485/original/1613f44f-c5fe-4f07-a9d2-316328f32790.jpeg,676749104217148485,2794449,31.14203,-81.37558,"=AVERAGE($G$2:$G$1001)","=AVERAGE($D$2:$D$1001)","=IFERROR(($AT674-G674)/$AT674,0)","=IFERROR(($AU674-D674)/$AU674,0)","=$AU674-D674"
"Ocean Front Condo at The Simons Grand, Sleeps 6",Lighthouse Vacations,,87653,91839,534.47,55.78,294,3,3,6,true,false,true,true,true,true,true,Home/Apartment,Condominium (condo),Apt/Condo/Loft,4.9,21,3,21+,Luxury,true,300,true,164,39,2026-05-11,Amelia/St. Simons/Jekyll Islands,Saint Simons Island,Saint Simons Island,Georgia,31522,United States,coastal,https://www.airbnb.com/rooms/1179635633578948992,https://a0.muscache.com/im/pictures/prohost-api/Hosting-1179635633578948992/original/bc2eb841-b811-4c9f-b99e-d40e35e2b14f.jpeg,1179635633578948992,4056290,31.1426,-81.3761,"=AVERAGE($G$2:$G$1001)","=AVERAGE($D$2:$D$1001)","=IFERROR(($AT675-G675)/$AT675,0)","=IFERROR(($AU675-D675)/$AU675,0)","=$AU675-D675"
Oceanfront | Sea La Vie,Guest Cottage,,87588,91582,515.22,51.05,337,3,3,6,true,false,false,true,true,false,true,Home/Apartment,Townhouse,Apt/Condo/Loft,4.9,65,4,21+,Luxury,true,325,false,170,34,2026-05-17,Amelia/St. Simons/Jekyll Islands,Fernandina Beach,Fernandina Beach,Florida,32034,United States,coastal,https://www.airbnb.com/rooms/52279322,https://a0.muscache.com/im/pictures/de2b76e7-3a23-4277-9c57-dc59ee2b1f85.jpg,52279322,2458926,30.6015,-81.4432,"=AVERAGE($G$2:$G$1001)","=AVERAGE($D$2:$D$1001)","=IFERROR(($AT676-G676)/$AT676,0)","=IFERROR(($AU676-D676)/$AU676,0)","=$AU676-D676"
St. Simons Grand #113,Hodnett Cooper Vacation Rentals,,87532,104236,357.27,85.96,285,3,3,6,true,false,true,true,true,false,true,Home/Apartment,Condominium (condo),Apt/Condo/Loft,5,76,2,21+,Luxury,false,263,true,245,57,2021-05-11,Amelia/St. Simons/Jekyll Islands,Saint Simons Island,Saint Simons Island,Georgia,31522,United States,coastal,https://www.airbnb.com/rooms/32893598,"https://a0.muscache.com/im/pictures/2b680172-ea23-45ec-a2e4-90e428417594.jpg?aki_policy=x_large",32893598,1671566,31.14092,-81.37586,"=AVERAGE($G$2:$G$1001)","=AVERAGE($D$2:$D$1001)","=IFERROR(($AT677-G677)/$AT677,0)","=IFERROR(($AU677-D677)/$AU677,0)","=$AU677-D677"
Gorgeous Multi-Level Beach Walker Condo,Destination Amelia,,87491,94963,517.7,66.02,295,3,2,6,true,false,false,true,true,false,true,Home/Apartment,Condominium (condo),Apt/Condo/Loft,4.7,75,3,21+,Luxury,true,284,false,169,33,2026-05-14,Amelia/St. Simons/Jekyll Islands,Fernandina Beach,Fernandina Beach,Florida,32034,United States,coastal,https://www.airbnb.com/rooms/1597397374963767476,https://a0.muscache.com/im/pictures/prohost-api/Hosting-1597397374963767476/original/4d9879a9-af07-4f28-88fe-be4fe02135dc.jpeg,1597397374963767476,202890,30.55128,-81.44456,"=AVERAGE($G$2:$G$1001)","=AVERAGE($D$2:$D$1001)","=IFERROR(($AT678-G678)/$AT678,0)","=IFERROR(($AU678-D678)/$AU678,0)","=$AU678-D678"
Jekyll House,RedAwning,,87094,242390,1451.57,56.07,178,5,3,12,true,false,false,true,true,false,true,Home/Apartment,House,House/villa,4.7,18,4,21+,Luxury,false,521,true,60,10,2025-11-20,Amelia/St. Simons/Jekyll Islands,Jekyll Island,Jekyll Island,Georgia,31527,United States,coastal,https://www.airbnb.com/rooms/848374552738308545,https://a0.muscache.com/im/pictures/prohost-api/Hosting-848374552738308545/original/fff7454e-d274-454b-bac9-494884f807e6.jpeg,848374552738308545,2693376,31.07473,-81.40316,"=AVERAGE($G$2:$G$1001)","=AVERAGE($D$2:$D$1001)","=IFERROR(($AT679-G679)/$AT679,0)","=IFERROR(($AU679-D679)/$AU679,0)","=$AU679-D679"
Ocean Cottage 106 Oceanfront with grand views! The,Parker Kaufman,,87045,101608,554.43,50.32,312,3,3,6,true,false,false,true,true,false,true,Home/Apartment,Townhouse,Apt/Condo/Loft,4.9,66,3,21+,Luxury,false,426,true,157,36,2026-05-13,Amelia/St. Simons/Jekyll Islands,Jekyll Island,Jekyll Island,Georgia,31527,United States,coastal,https://www.airbnb.com/rooms/40781448,https://a0.muscache.com/im/pictures/prohost-api/Hosting-40781448/original/d54abbed-0e19-4933-82d2-32233ec4f2b2.jpeg,40781448,1367376,31.0903,-81.40177,"=AVERAGE($G$2:$G$1001)","=AVERAGE($D$2:$D$1001)","=IFERROR(($AT680-G680)/$AT680,0)","=IFERROR(($AU680-D680)/$AU680,0)","=$AU680-D680"
Endless Summer @ Ocean Oaks,RedAwning,,86932,109366,706.76,48.05,256,4,4,8,true,false,false,true,true,false,true,Home/Apartment,House,House/villa,5,2,5,21+,Luxury,false,494,true,123,21,2025-11-21,Amelia/St. Simons/Jekyll Islands,Jekyll Island,Jekyll Island,Georgia,31527,United States,coastal,https://www.airbnb.com/rooms/48316594,https://a0.muscache.com/im/pictures/prohost-api/Hosting-48316594/original/ba599cff-8775-4ac8-83e9-af5dda706619.jpeg,48316594,,31.035268,-81.4157,"=AVERAGE($G$2:$G$1001)","=AVERAGE($D$2:$D$1001)","=IFERROR(($AT681-G681)/$AT681,0)","=IFERROR(($AU681-D681)/$AU681,0)","=$AU681-D681"
Private Pier: Renovated Beachfront Oasis Awaits!,Stay Better Vacations,,86596,91009,531.26,56.01,343,3,2,6,true,false,false,true,true,false,true,Home/Apartment,Condominium (condo),Apt/Condo/Loft,4.95,28,4,21+,Luxury,true,242,false,163,38,2026-05-11,Amelia/St. Simons/Jekyll Islands,Fernandina Beach,Fernandina Beach,Florida,32034,United States,coastal,https://www.airbnb.com/rooms/1091998137716304172,https://a0.muscache.com/im/pictures/prohost-api/Hosting-1091998137716304172/original/ed2dd240-9e01-408a-9c70-c1dc2edcccbd.jpeg,1091998137716304172,3771928,30.6209,-81.4399,"=AVERAGE($G$2:$G$1001)","=AVERAGE($D$2:$D$1001)","=IFERROR(($AT682-G682)/$AT682,0)","=IFERROR(($AU682-D682)/$AU682,0)","=$AU682-D682"
"Beachview 913 - Oceanfront - St. Simons Island, GA",Real Escapes,,85651,87392,525.47,51.42,343,3,3,6,true,true,false,true,true,false,false,Home/Apartment,Condominium (condo),Apt/Condo/Loft,4.85,39,2,21+,Luxury,true,295,true,163,41,2026-05-13,Amelia/St. Simons/Jekyll Islands,Saint Simons Island,Saint Simons Island,Georgia,31522,United States,coastal,https://www.airbnb.com/rooms/52633806,https://a0.muscache.com/im/pictures/prohost-api/Hosting-52633806/original/9e5c2f52-b41b-4d50-9df7-4398ffe0df4a.jpeg,52633806,2432699,31.1366,-81.38475,"=AVERAGE($G$2:$G$1001)","=AVERAGE($D$2:$D$1001)","=IFERROR(($AT683-G683)/$AT683,0)","=IFERROR(($AU683-D683)/$AU683,0)","=$AU683-D683"
"Sleeps 1-14 Private Pool, Aug-Dec Ranger Included",94186827,,85386,97166,705.67,41.72,298,4,3,14,true,false,false,true,true,true,true,Home/Apartment,House,House/villa,5,102,5,2-5,Luxury,false,350,false,121,24,2026-05-11,Amelia/St. Simons/Jekyll Islands,Saint Simons Island,Saint Simons Island,Georgia,31522,United States,coastal,https://www.airbnb.com/rooms/42074091,https://a0.muscache.com/im/pictures/hosting/Hosting-U3RheVN1cHBseUxpc3Rpbmc6NDIwNzQwOTE%3D/original/e7696c15-4928-4f33-b50e-5b01637c6ed6.jpeg,42074091,1905220,31.1408,-81.3862,"=AVERAGE($G$2:$G$1001)","=AVERAGE($D$2:$D$1001)","=IFERROR(($AT684-G684)/$AT684,0)","=IFERROR(($AU684-D684)/$AU684,0)","=$AU684-D684"
Enjoy Full Resort Access and Ocean Views at KP247!,Hodnett Cooper Vacation Rentals,,85380,101841,576.89,65.49,251,3,3,6,true,false,true,true,true,false,true,Home/Apartment,Condominium (condo),Apt/Condo/Loft,4,4,3,21+,Luxury,true,416,true,148,30,2026-05-14,Amelia/St. Simons/Jekyll Islands,Saint Simons Island,Saint Simons Island,Georgia,31522,United States,coastal,https://www.airbnb.com/rooms/36415770,https://a0.muscache.com/im/pictures/prohost-api/Hosting-36415770/original/85a5c6fc-f119-4a76-96a9-1bbea9ff76ff.jpeg,36415770,,31.13845,-81.38009,"=AVERAGE($G$2:$G$1001)","=AVERAGE($D$2:$D$1001)","=IFERROR(($AT685-G685)/$AT685,0)","=IFERROR(($AU685-D685)/$AU685,0)","=$AU685-D685"
1673 Sea Dunes Place,230697463,,85211,119362,556.93,60.96,273,3,3,8,true,false,false,true,true,false,true,Home/Apartment,Condominium (condo),Apt/Condo/Loft,4.95,83,3,6-20,Luxury,true,443,true,153,29,2026-05-11,Amelia/St. Simons/Jekyll Islands,Fernandina Beach,Fernandina Beach,Florida,32034,United States,coastal,https://www.airbnb.com/rooms/35255326,https://a0.muscache.com/im/pictures/hosting/Hosting-U3RheVN1cHBseUxpc3Rpbmc6MzUyNTUzMjY%3D/original/96e96348-2b38-4876-88a8-9a18bb08dabd.jpeg,35255326,1159598,30.5431,-81.4414,"=AVERAGE($G$2:$G$1001)","=AVERAGE($D$2:$D$1001)","=IFERROR(($AT686-G686)/$AT686,0)","=IFERROR(($AU686-D686)/$AU686,0)","=$AU686-D686"
Condo with Ocean View from Spacious Balcony,RedAwning,,85195,201985,1812.66,54.02,180,3,2,6,true,false,false,true,true,false,true,Home/Apartment,Condominium (condo),Apt/Condo/Loft,2.8,4,2,21+,Luxury,false,432,true,47,8,2026-04-20,Amelia/St. Simons/Jekyll Islands,Fernandina Beach,Fernandina Beach,Florida,32034,United States,coastal,https://www.airbnb.com/rooms/37604550,https://a0.muscache.com/im/pictures/prohost-api/Hosting-37604550/original/532e0de4-02da-4196-a108-4fa8fcc95667.jpeg,37604550,7761341ha,30.6197,-81.4411,"=AVERAGE($G$2:$G$1001)","=AVERAGE($D$2:$D$1001)","=IFERROR(($AT687-G687)/$AT687,0)","=IFERROR(($AU687-D687)/$AU687,0)","=$AU687-D687"
Ocean Cottage 37 6 Seater Cart The Cottages at Jek,Parker Kaufman,,84855,126668,554.61,62.45,251,3,3,6,true,false,false,true,true,false,true,Home/Apartment,Townhouse,Apt/Condo/Loft,4.85,45,3,21+,Luxury,false,420,true,153,36,2026-05-11,Amelia/St. Simons/Jekyll Islands,Jekyll Island,Jekyll Island,Georgia,31527,United States,coastal,https://www.airbnb.com/rooms/40916371,https://a0.muscache.com/im/pictures/prohost-api/Hosting-40916371/original/8b85c082-cb03-41fd-acad-caafb11115b6.jpeg,40916371,1062712,31.08879,-81.40323,"=AVERAGE($G$2:$G$1001)","=AVERAGE($D$2:$D$1001)","=IFERROR(($AT688-G688)/$AT688,0)","=IFERROR(($AU688-D688)/$AU688,0)","=$AU688-D688"
3 Bedroom home close to beach with private pool!,Hodnett Cooper Vacation Rentals,,84656,148741,613.45,69.7,212,3,3,6,true,false,false,true,true,true,true,Home/Apartment,House,House/villa,4.7,48,3,21+,Luxury,true,480,true,138,26,2026-05-14,Amelia/St. Simons/Jekyll Islands,Saint Simons Island,Saint Simons Island,Georgia,31522,United States,coastal,https://www.airbnb.com/rooms/36415776,https://a0.muscache.com/im/pictures/prohost-api/Hosting-36415776/original/feae5935-a8ef-445d-a28c-3d2060b7ea88.jpeg,36415776,1692366,31.13955,-81.38006,"=AVERAGE($G$2:$G$1001)","=AVERAGE($D$2:$D$1001)","=IFERROR(($AT689-G689)/$AT689,0)","=IFERROR(($AU689-D689)/$AU689,0)","=$AU689-D689"
"EZ Beach Access, Breathtaking Sunrise Ocean Views",Lighthouse Vacations,,84522,103897,747.98,41.39,319,4,3,10,true,false,false,true,true,false,true,Home/Apartment,Condominium (condo),Apt/Condo/Loft,4.95,18,3,21+,Luxury,true,400,true,113,24,2026-05-16,Amelia/St. Simons/Jekyll Islands,Saint Simons Island,Saint Simons Island,Georgia,31522,United States,coastal,https://www.airbnb.com/rooms/729402208402755053,https://a0.muscache.com/im/pictures/prohost-api/Hosting-729402208402755053/original/dc91568d-838e-42d6-b244-3b040e5ed04c.jpeg,729402208402755053,3039795,31.1354,-81.3876,"=AVERAGE($G$2:$G$1001)","=AVERAGE($D$2:$D$1001)","=IFERROR(($AT690-G690)/$AT690,0)","=IFERROR(($AU690-D690)/$AU690,0)","=$AU690-D690"
3 bedroom Ocean View at the St. Simons Grand,Lighthouse Vacations,,84438,97985,574.41,45.94,320,3,3,8,true,false,true,true,true,true,true,Home/Apartment,Condominium (condo),Apt/Condo/Loft,4.85,60,3,21+,Luxury,true,300,true,147,34,2026-05-11,Amelia/St. Simons/Jekyll Islands,Saint Simons Island,Saint Simons Island,Georgia,31522,United States,coastal,https://www.airbnb.com/rooms/49110015,https://a0.muscache.com/im/pictures/prohost-api/Hosting-49110015/original/23a89cc2-e296-416f-8f38-77ed28985eae.jpeg,49110015,2267714,31.1421,-81.3767,"=AVERAGE($G$2:$G$1001)","=AVERAGE($D$2:$D$1001)","=IFERROR(($AT691-G691)/$AT691,0)","=IFERROR(($AU691-D691)/$AU691,0)","=$AU691-D691"
Oak Leaf Oasis - Ocean Oaks 13,Parker Kaufman,,84150,126076,738.16,44.88,281,4,4,10,true,false,false,true,true,false,true,Home/Apartment,House,House/villa,4.8,16,3,21+,Luxury,false,521,true,114,24,2026-05-13,Amelia/St. Simons/Jekyll Islands,Jekyll Island,Jekyll Island,Georgia,31527,United States,coastal,https://www.airbnb.com/rooms/40781544,https://a0.muscache.com/im/pictures/prohost-api/Hosting-40781544/original/5883f381-c676-4e29-8633-5545a3aeaf98.jpeg,40781544,1817405,31.03495,-81.41643,"=AVERAGE($G$2:$G$1001)","=AVERAGE($D$2:$D$1001)","=IFERROR(($AT692-G692)/$AT692,0)","=IFERROR(($AU692-D692)/$AU692,0)","=$AU692-D692"
812 S Fletcher Oceanfront beach house great views.,ERA Fernandina Beach Realty,,83965,109959,902.85,48.19,257,3,2,8,true,false,false,true,true,false,false,Home/Apartment,House,House/villa,3,2,2,21+,Luxury,false,1243,true,93,20,2026-05-14,Amelia/St. Simons/Jekyll Islands,Fernandina Beach,Fernandina Beach,Florida,32034,United States,coastal,https://www.airbnb.com/rooms/1420378381320000916,https://a0.muscache.com/im/pictures/prohost-api/Hosting-1420378381320000916/original/bac71b6a-d4ed-4c17-bc21-9f4388b1a846.jpeg,1420378381320000916,3810135ha,30.6568530528,-81.4320207195,"=AVERAGE($G$2:$G$1001)","=AVERAGE($D$2:$D$1001)","=IFERROR(($AT693-G693)/$AT693,0)","=IFERROR(($AU693-D693)/$AU693,0)","=$AU693-D693"
"Upscale,  newly furnished, single level end unit, with 180 degree view ",,,83374,161426,656.49,64.47,199,3,3,8,true,false,false,true,true,true,true,Home/Apartment,Apartment,Apt/Condo/Loft,5,92,4,1,Luxury,false,275,true,127,18,2026-05-14,Amelia/St. Simons/Jekyll Islands,Fernandina Beach,Fernandina Beach,Florida,32034,United States,coastal,https://www.vrbo.com/2181100,"https://media.vrbo.com/lodging/64000000/63530000/63520600/63520527/d1dd1756.jpg?impolicy=resizecrop&rw=1200&ra=fit",,2181100,30.540854,-81.441118,"=AVERAGE($G$2:$G$1001)","=AVERAGE($D$2:$D$1001)","=IFERROR(($AT694-G694)/$AT694,0)","=IFERROR(($AU694-D694)/$AU694,0)","=$AU694-D694"
1364 Shipwatch- Hosted by Moore AI Rentals,Moore Amelia Island Rentals,,83177,83610,498.07,49.7,362,3,3,6,true,false,false,true,true,false,true,Home/Apartment,Condominium (condo),Apt/Condo/Loft,5,16,3,21+,Luxury,true,346,true,167,33,2026-05-13,Amelia/St. Simons/Jekyll Islands,Fernandina Beach,Fernandina Beach,Florida,32034,United States,coastal,https://www.airbnb.com/rooms/1339147629935375877,https://a0.muscache.com/im/pictures/prohost-api/Hosting-1339147629935375877/original/e9536c08-24eb-46d7-9c79-46a2bc8e1cfa.jpeg,1339147629935375877,4384584,30.5466914649,-81.4441629856,"=AVERAGE($G$2:$G$1001)","=AVERAGE($D$2:$D$1001)","=IFERROR(($AT695-G695)/$AT695,0)","=IFERROR(($AU695-D695)/$AU695,0)","=$AU695-D695"
1873 - Dunes Reflection: Luxury Oceanfront,230697463,,82936,112212,545.63,53.9,291,3,3,6,true,false,false,true,true,false,true,Home/Apartment,Condominium (condo),Apt/Condo/Loft,4.85,24,3,6-20,Luxury,true,443,true,152,29,2026-05-11,Amelia/St. Simons/Jekyll Islands,Fernandina Beach,Fernandina Beach,Florida,32034,United States,coastal,https://www.airbnb.com/rooms/1157474400141546796,https://a0.muscache.com/im/pictures/hosting/Hosting-U3RheVN1cHBseUxpc3Rpbmc6MTE1NzQ3NDQwMDE0MTU0Njc5Ng%3D%3D/original/0c1556ec-df31-47c8-949a-c8e0a3219e9c.jpeg,1157474400141546796,3962260,30.5408,-81.4417,"=AVERAGE($G$2:$G$1001)","=AVERAGE($D$2:$D$1001)","=IFERROR(($AT696-G696)/$AT696,0)","=IFERROR(($AU696-D696)/$AU696,0)","=$AU696-D696"
Luxury Oceanfront Living!,Amelia Island Rentals,,82676,187864,1132.55,51.77,159,3,4,8,true,false,false,true,true,false,true,Home/Apartment,House,House/villa,0,0,3,21+,Luxury,false,135,false,73,17,2026-05-16,Amelia/St. Simons/Jekyll Islands,Fernandina Beach,Fernandina Beach,Florida,32034,United States,coastal,https://www.airbnb.com/rooms/1315314651961885709,https://a0.muscache.com/im/pictures/prohost-api/Hosting-1315314651961885709/original/172c9571-2673-4825-ab83-1a70b3361ac0.jpeg,1315314651961885709,4344232,30.6250854901,-81.4388438902,"=AVERAGE($G$2:$G$1001)","=AVERAGE($D$2:$D$1001)","=IFERROR(($AT697-G697)/$AT697,0)","=IFERROR(($AU697-D697)/$AU697,0)","=$AU697-D697"
"AIP Resort,Oceanfront, Steps to the Beach & Pool",544764926,,82552,161131,639.94,53.97,248,3,3,6,true,false,false,true,true,false,true,Home/Apartment,Apartment,Apt/Condo/Loft,4.95,44,3,6-20,Luxury,true,285,false,129,24,2026-05-17,Amelia/St. Simons/Jekyll Islands,Fernandina Beach,Fernandina Beach,Florida,32034,United States,coastal,https://www.airbnb.com/rooms/1022527814771032640,https://a0.muscache.com/im/pictures/prohost-api/Hosting-1022527814771032640/original/e3ceeafe-6e51-488a-8606-3010e45999e9.jpeg,1022527814771032640,3674125,30.54095,-81.4415,"=AVERAGE($G$2:$G$1001)","=AVERAGE($D$2:$D$1001)","=IFERROR(($AT698-G698)/$AT698,0)","=IFERROR(($AU698-D698)/$AU698,0)","=$AU698-D698"
Amelia Island 3BR North End Gem,Seahorse Amelia Vacation Rentals,,82535,83796,461.09,50,358,3,2,9,true,false,false,true,true,true,false,Home/Apartment,House,House/villa,4.9,25,3,21+,Luxury,true,482,true,179,41,2026-05-13,Amelia/St. Simons/Jekyll Islands,Fernandina Beach,Fernandina Beach,Florida,32034,United States,coastal,https://www.airbnb.com/rooms/1354384467225906917,https://a0.muscache.com/im/pictures/prohost-api/Hosting-1354384467225906917/original/78a444fe-f9b9-40b0-a876-176be49b86e3.jpeg,1354384467225906917,4428919,30.6746588324,-81.4325842708,"=AVERAGE($G$2:$G$1001)","=AVERAGE($D$2:$D$1001)","=IFERROR(($AT699-G699)/$AT699,0)","=IFERROR(($AU699-D699)/$AU699,0)","=$AU699-D699"
Ocean Cottage 120 - Turtle's Nest I The Cottages a,Parker Kaufman,,82105,92608,543.74,46.75,331,3,3,8,true,false,false,true,true,false,true,Home/Apartment,Townhouse,Apt/Condo/Loft,4.75,54,3,21+,Luxury,false,371,true,151,31,2026-05-14,Amelia/St. Simons/Jekyll Islands,Jekyll Island,Jekyll Island,Georgia,31527,United States,coastal,https://www.airbnb.com/rooms/40916300,https://a0.muscache.com/im/pictures/prohost-api/Hosting-40916300/original/146431a3-b150-49b3-80a5-1910256a6092.jpeg,40916300,1066467,31.09109,-81.40226,"=AVERAGE($G$2:$G$1001)","=AVERAGE($D$2:$D$1001)","=IFERROR(($AT700-G700)/$AT700,0)","=IFERROR(($AU700-D700)/$AU700,0)","=$AU700-D700"
Just steps from the ocean......,341095431,,82025,113690,752.52,45.42,277,3,3,8,true,true,true,true,true,false,true,Home/Apartment,Condominium (condo),Apt/Condo/Loft,5,118,2,2-5,Luxury,false,225,false,109,22,2021-02-03,Amelia/St. Simons/Jekyll Islands,Saint Simons Island,Saint Simons Island,Georgia,31522,United States,coastal,https://www.airbnb.com/rooms/44751537,"https://a0.muscache.com/im/pictures/d5a4aa36-2325-4062-81c9-7dc584905f29.jpg?aki_policy=x_large",44751537,1810194,31.139,-81.38,"=AVERAGE($G$2:$G$1001)","=AVERAGE($D$2:$D$1001)","=IFERROR(($AT701-G701)/$AT701,0)","=IFERROR(($AU701-D701)/$AU701,0)","=$AU701-D701"
1869 - Turtleside Tranquility: Premium Oceanfront,230697463,,81947,119985,525.3,71.23,219,3,3,6,true,false,false,true,true,true,true,Home/Apartment,Apartment,Apt/Condo/Loft,4.95,59,3,6-20,Luxury,true,443,true,156,29,2026-05-16,Amelia/St. Simons/Jekyll Islands,Fernandina Beach,Fernandina Beach,Florida,32034,United States,coastal,https://www.airbnb.com/rooms/854445538758402438,https://a0.muscache.com/im/pictures/prohost-api/Hosting-854445538758402438/original/6e98b9cf-abba-4aea-a83e-f971c683262c.jpeg,854445538758402438,3008180,30.541,-81.4417,"=AVERAGE($G$2:$G$1001)","=AVERAGE($D$2:$D$1001)","=IFERROR(($AT702-G702)/$AT702,0)","=IFERROR(($AU702-D702)/$AU702,0)","=$AU702-D702"
Omni Resort - Gorgeous Top Floor Penthouse with Oceanfront Views - Shipwatch!,,,81758,94402,510.99,56.94,285,3,3,8,true,false,false,true,true,false,true,Home/Apartment,Condominium (condo),Apt/Condo/Loft,5,65,3,1,Luxury,false,250,true,160,39,2026-05-14,Amelia/St. Simons/Jekyll Islands,Fernandina Beach,Fernandina Beach,Florida,32034,United States,coastal,https://www.vrbo.com/2180062,"https://media.vrbo.com/lodging/64000000/63510000/63501600/63501512/5cd0bd8d.jpg?impolicy=resizecrop&rw=1200&ra=fit",,2180062,30.547103,-81.443155,"=AVERAGE($G$2:$G$1001)","=AVERAGE($D$2:$D$1001)","=IFERROR(($AT703-G703)/$AT703,0)","=IFERROR(($AU703-D703)/$AU703,0)","=$AU703-D703"
Bring your pet to this Beautiful Oceanfront condo!,Hodnett Cooper Vacation Rentals,,81609,93075,482.89,67.87,252,3,3,6,true,false,true,true,true,true,true,Home/Apartment,Condominium (condo),Apt/Condo/Loft,4.9,13,2,21+,Luxury,true,355,true,169,30,2026-05-11,Amelia/St. Simons/Jekyll Islands,Saint Simons Island,Saint Simons Island,Georgia,31522,United States,coastal,https://www.airbnb.com/rooms/32893612,https://a0.muscache.com/im/pictures/prohost-api/Hosting-32893612/original/0b04c9ef-db47-4d0e-80a9-e647cd7cf02d.jpeg,32893612,1585356,31.14274,-81.37607,"=AVERAGE($G$2:$G$1001)","=AVERAGE($D$2:$D$1001)","=IFERROR(($AT704-G704)/$AT704,0)","=IFERROR(($AU704-D704)/$AU704,0)","=$AU704-D704"
The Neptune House,Emmons Realty Corporation,,81217,83122,588.53,58.23,237,3,3,8,true,false,false,true,false,true,false,Home/Apartment,House,House/villa,4.75,40,1,21+,Luxury,false,500,true,138,31,2026-01-26,Amelia/St. Simons/Jekyll Islands,Saint Simons Island,Saint Simons Island,Georgia,31522,United States,coastal,https://www.airbnb.com/rooms/755089065504651307,https://a0.muscache.com/im/pictures/prohost-api/Hosting-755089065504651307/original/1c630476-d357-4c74-9469-3f0d8c0eb39c.jpeg,755089065504651307,3097985,31.1397,-81.3812,"=AVERAGE($G$2:$G$1001)","=AVERAGE($D$2:$D$1001)","=IFERROR(($AT705-G705)/$AT705,0)","=IFERROR(($AU705-D705)/$AU705,0)","=$AU705-D705"
Ocean Glory,Amelia Island Rentals,,81185,106190,552.28,53.45,285,3,2,10,true,false,false,true,true,false,false,Home/Apartment,House,House/villa,4.4,162,2,21+,Luxury,false,266,true,147,41,2026-05-11,Amelia/St. Simons/Jekyll Islands,Fernandina Beach,Fernandina Beach,Florida,32034,United States,coastal,https://www.airbnb.com/rooms/35919244,https://a0.muscache.com/im/pictures/prohost-api/Hosting-35919244/original/67241789-7e0d-4cce-9af0-d9bb8e240fc6.jpeg,35919244,708944,30.6715,-81.4305,"=AVERAGE($G$2:$G$1001)","=AVERAGE($D$2:$D$1001)","=IFERROR(($AT706-G706)/$AT706,0)","=IFERROR(($AU706-D706)/$AU706,0)","=$AU706-D706"
Beachside Charm – Walk to Sand & Village Pier,Hosted SSI,,81069,87863,787.08,39.46,281,4,3,8,true,false,false,true,true,false,false,Home/Apartment,House,House/villa,4.7,7,2,21+,Luxury,true,300,false,103,24,2026-05-15,Amelia/St. Simons/Jekyll Islands,Saint Simons Island,Saint Simons Island,Georgia,31522,United States,coastal,https://www.airbnb.com/rooms/1457993638290153886,https://a0.muscache.com/im/pictures/prohost-api/Hosting-1457993638290153886/original/c27c7582-7542-45b7-bb4d-552860da56b0.jpeg,1457993638290153886,4688368,31.1375,-81.3855,"=AVERAGE($G$2:$G$1001)","=AVERAGE($D$2:$D$1001)","=IFERROR(($AT707-G707)/$AT707,0)","=IFERROR(($AU707-D707)/$AU707,0)","=$AU707-D707"
445 Amelia by the Sea,RedAwning,,80695,134134,1415.7,47.5,214,3,2,8,true,false,false,true,true,false,true,Home/Apartment,Condominium (condo),Apt/Condo/Loft,0,0,2,21+,Luxury,false,528,true,57,12,2026-04-19,Amelia/St. Simons/Jekyll Islands,Fernandina Beach,Fernandina Beach,Florida,32034,United States,coastal,https://www.airbnb.com/rooms/649786799608039448,https://a0.muscache.com/im/pictures/prohost-api/Hosting-649786799608039448/original/98078eec-8d44-439f-9fe4-00f5515963dd.jpeg,649786799608039448,,30.6209,-81.4399,"=AVERAGE($G$2:$G$1001)","=AVERAGE($D$2:$D$1001)","=IFERROR(($AT708-G708)/$AT708,0)","=IFERROR(($AU708-D708)/$AU708,0)","=$AU708-D708"
"Renovated 3BR w/ Pool–Sleeps 10, Walk to Beach",536803232,,80594,85071,552.01,48.03,313,3,2,10,true,false,false,true,true,false,true,Home/Apartment,House,House/villa,4.85,42,3,1,Luxury,true,249,true,146,38,2026-05-11,Amelia/St. Simons/Jekyll Islands,Saint Simons Island,Saint Simons Island,Georgia,31522,United States,coastal,https://www.airbnb.com/rooms/1077420673031718723,https://a0.muscache.com/im/pictures/miso/Hosting-1077420673031718723/original/9d02e7ec-5bae-4c41-ba17-df1ab82da1d5.jpeg,1077420673031718723,3791669,31.1372,-81.3865,"=AVERAGE($G$2:$G$1001)","=AVERAGE($D$2:$D$1001)","=IFERROR(($AT709-G709)/$AT709,0)","=IFERROR(($AU709-D709)/$AU709,0)","=$AU709-D709"
Ocean Cottage 51 The Colorful Cottage The Cottages,Parker Kaufman,,80178,92555,504.26,50,318,3,3,8,true,false,false,true,true,false,true,Home/Apartment,Townhouse,Apt/Condo/Loft,4.7,50,3,21+,Luxury,false,426,true,159,34,2026-05-11,Amelia/St. Simons/Jekyll Islands,Jekyll Island,Jekyll Island,Georgia,31527,United States,coastal,https://www.airbnb.com/rooms/40916669,https://a0.muscache.com/im/pictures/prohost-api/Hosting-40916669/original/026f717b-53ab-45d8-9cd6-07363cfc4b19.jpeg,40916669,1220662,31.08864,-81.40142,"=AVERAGE($G$2:$G$1001)","=AVERAGE($D$2:$D$1001)","=IFERROR(($AT710-G710)/$AT710,0)","=IFERROR(($AU710-D710)/$AU710,0)","=$AU710-D710"
"Hatcher House w/ docks, pool, and private firepit",Mountain & Marsh,,79919,107985,719.99,42.37,267,4,3,8,true,false,false,true,true,true,true,Home/Apartment,House,House/villa,5,63,2,6-20,Luxury,true,285,true,111,37,2026-05-11,Amelia/St. Simons/Jekyll Islands,Darien,Darien,Georgia,31305,United States,coastal,https://www.airbnb.com/rooms/50532555,https://a0.muscache.com/im/pictures/miso/Hosting-50532555/original/72927906-2b6b-4b46-a1a7-3b39feec55e5.jpeg,50532555,2125742,31.42262,-81.39275,"=AVERAGE($G$2:$G$1001)","=AVERAGE($D$2:$D$1001)","=IFERROR(($AT711-G711)/$AT711,0)","=IFERROR(($AU711-D711)/$AU711,0)","=$AU711-D711"
205 Driftwood Drive,Hodnett Cooper Vacation Rentals,,79478,91850,537.01,62.45,237,3,2,8,true,false,false,true,true,true,true,Home/Apartment,House,House/villa,4.8,21,3,21+,Luxury,true,389,true,148,31,2026-05-13,Amelia/St. Simons/Jekyll Islands,Saint Simons Island,Saint Simons Island,Georgia,31522,United States,coastal,https://www.airbnb.com/rooms/594086370028532148,https://a0.muscache.com/im/pictures/prohost-api/Hosting-594086370028532148/original/064e7bc7-28b9-4774-b442-e445b70d8d6e.jpeg,594086370028532148,2662109,31.14399,-81.37608,"=AVERAGE($G$2:$G$1001)","=AVERAGE($D$2:$D$1001)","=IFERROR(($AT712-G712)/$AT712,0)","=IFERROR(($AU712-D712)/$AU712,0)","=$AU712-D712"
Cottage205,176691609,,79460,82537,335.27,72.04,329,3,2,6,true,false,false,true,true,false,false,Home/Apartment,House,House/villa,4.8,15,2,1,Luxury,false,0,false,237,46,2026-05-01,Amelia/St. Simons/Jekyll Islands,Saint Simons Island,Saint Simons Island,Georgia,31522,United States,coastal,https://www.airbnb.com/rooms/44699779,https://a0.muscache.com/im/pictures/9fa4d84c-4217-4d45-ba1d-596f45cf3e1a.jpg,44699779,4359331,31.17639,-81.3809,"=AVERAGE($G$2:$G$1001)","=AVERAGE($D$2:$D$1001)","=IFERROR(($AT713-G713)/$AT713,0)","=IFERROR(($AU713-D713)/$AU713,0)","=$AU713-D713"
Oceanfront Sixth Floor 3BR with Pool & Pier!,A1A Beach Vacations,,79320,94114,543.29,52.52,285,3,2,8,true,false,false,true,true,false,true,Home/Apartment,Condominium (condo),Apt/Condo/Loft,4.9,13,3,21+,Luxury,true,425,true,146,26,2026-05-13,Amelia/St. Simons/Jekyll Islands,Fernandina Beach,Fernandina Beach,Florida,32034,United States,coastal,https://www.airbnb.com/rooms/989639238489121785,https://a0.muscache.com/im/pictures/prohost-api/Hosting-989639238489121785/original/e1fe5dd1-c235-40e4-841c-781f980e3125.jpeg,989639238489121785,3639902,30.6211,-81.44,"=AVERAGE($G$2:$G$1001)","=AVERAGE($D$2:$D$1001)","=IFERROR(($AT714-G714)/$AT714,0)","=IFERROR(($AU714-D714)/$AU714,0)","=$AU714-D714"
Coastal Blue Bliss Swell- Heated Pool,516243727,,79214,87061,569.88,47.6,345,3,2,8,true,false,false,true,true,true,true,Home/Apartment,House,House/villa,5,29,3,2-5,Luxury,true,226,true,139,33,2026-03-17,Amelia/St. Simons/Jekyll Islands,Fernandina Beach,Fernandina Beach,Florida,32034,United States,coastal,https://www.airbnb.com/rooms/900869680549346138,https://a0.muscache.com/im/pictures/miso/Hosting-900869680549346138/original/9d2db765-537e-4f45-b08b-9fdfd29ff569.jpeg,900869680549346138,3429172,30.6623,-81.4325,"=AVERAGE($G$2:$G$1001)","=AVERAGE($D$2:$D$1001)","=IFERROR(($AT715-G715)/$AT715,0)","=IFERROR(($AU715-D715)/$AU715,0)","=$AU715-D715"
Ocean Cottage 123 The Cottages at Jekyll Island Oc,Parker Kaufman,,78825,93950,539.9,49.49,301,3,3,6,true,false,false,true,true,false,true,Home/Apartment,Townhouse,Apt/Condo/Loft,4.8,86,3,21+,Luxury,false,424,true,146,34,2026-05-11,Amelia/St. Simons/Jekyll Islands,Jekyll Island,Jekyll Island,Georgia,31527,United States,coastal,https://www.airbnb.com/rooms/40916507,https://a0.muscache.com/im/pictures/prohost-api/Hosting-40916507/original/d4d93897-1bfa-4cc6-8c1e-b71a4c4f6183.jpeg,40916507,1101922,31.09044,-81.40204,"=AVERAGE($G$2:$G$1001)","=AVERAGE($D$2:$D$1001)","=IFERROR(($AT716-G716)/$AT716,0)","=IFERROR(($AU716-D716)/$AU716,0)","=$AU716-D716"
Luxurious Oceanfront Condominium,Hodnett Cooper Vacation Rentals,,77911,110444,530.01,63.36,241,3,3,8,true,false,true,true,true,false,true,Home/Apartment,Condominium (condo),Apt/Condo/Loft,5,4,2,21+,Luxury,true,500,true,147,30,2026-05-11,Amelia/St. Simons/Jekyll Islands,Saint Simons Island,Saint Simons Island,Georgia,31522,United States,coastal,https://www.airbnb.com/rooms/42684575,https://a0.muscache.com/im/pictures/prohost-api/Hosting-42684575/original/55663b4d-1a9d-442b-b4d5-5b4afaaa90ba.jpeg,42684575,,31.14067,-81.37587,"=AVERAGE($G$2:$G$1001)","=AVERAGE($D$2:$D$1001)","=IFERROR(($AT717-G717)/$AT717,0)","=IFERROR(($AU717-D717)/$AU717,0)","=$AU717-D717"
ALL NEW: Beachfront Cottage in SSI,,,77337,170866,1004.38,47.24,173,3,2,8,true,false,false,true,true,false,false,Home/Apartment,House,House/villa,5,3,4,1,Luxury,false,249,true,77,20,2026-05-16,Amelia/St. Simons/Jekyll Islands,Saint Simons Island,Saint Simons Island,Georgia,31522,United States,coastal,https://www.vrbo.com/4315886,"https://media.vrbo.com/lodging/112000000/111240000/111234800/111234727/e54abfba.jpg?impolicy=resizecrop&rw=1200&ra=fit",,4315886,31.135974,-81.388365,"=AVERAGE($G$2:$G$1001)","=AVERAGE($D$2:$D$1001)","=IFERROR(($AT718-G718)/$AT718,0)","=IFERROR(($AU718-D718)/$AU718,0)","=$AU718-D718"
Beautifully decorated/Dog Friendly/Close to beach,ERA Fernandina Beach Realty,,76852,134125,960.65,48.78,206,4,2,8,true,false,false,true,true,true,false,Home/Apartment,House,House/villa,4,4,1,21+,Luxury,false,598,true,80,16,2026-05-13,Amelia/St. Simons/Jekyll Islands,Fernandina Beach,Fernandina Beach,Florida,32034,United States,coastal,https://www.airbnb.com/rooms/35031857,https://a0.muscache.com/im/pictures/prohost-api/Hosting-35031857/original/6dde914c-a87e-43f3-8d41-7eb542b01cf1.jpeg,35031857,,30.68451,-81.42946,"=AVERAGE($G$2:$G$1001)","=AVERAGE($D$2:$D$1001)","=IFERROR(($AT719-G719)/$AT719,0)","=IFERROR(($AU719-D719)/$AU719,0)","=$AU719-D719"
Cottage Steps from the Beach with Community Pool,Hodnett Cooper Vacation Rentals,,75776,78181,553.11,41.52,349,3,3,8,true,false,false,true,true,false,true,Home/Apartment,House,House/villa,4.65,3,3,21+,Luxury,true,670,true,137,30,2026-05-16,Amelia/St. Simons/Jekyll Islands,Saint Simons Island,Saint Simons Island,Georgia,31522,United States,coastal,https://www.airbnb.com/rooms/1391388481819017848,https://a0.muscache.com/im/pictures/prohost-api/Hosting-1391388481819017848/original/dcf157ef-e410-4bfc-aa2e-924841451171.jpeg,1391388481819017848,4465263,31.1450792861,-81.3731958837,"=AVERAGE($G$2:$G$1001)","=AVERAGE($D$2:$D$1001)","=IFERROR(($AT720-G720)/$AT720,0)","=IFERROR(($AU720-D720)/$AU720,0)","=$AU720-D720"
Dog Friendly-Ocean View-Across street from Ocean,ERA Fernandina Beach Realty,,75704,134351,1428.38,31.55,267,4,5,12,true,false,false,true,true,true,false,Home/Apartment,Townhouse,Apt/Condo/Loft,4.25,9,2,21+,Luxury,false,1662,true,53,14,2026-05-14,Amelia/St. Simons/Jekyll Islands,Fernandina Beach,Fernandina Beach,Florida,32034,United States,coastal,https://www.airbnb.com/rooms/937546512322875878,https://a0.muscache.com/im/pictures/prohost-api/Hosting-937546512322875878/original/a9f98c79-29e4-45dd-8817-0f0ebf6723a7.jpeg,937546512322875878,9850644ha,30.6609,-81.43319,"=AVERAGE($G$2:$G$1001)","=AVERAGE($D$2:$D$1001)","=IFERROR(($AT721-G721)/$AT721,0)","=IFERROR(($AU721-D721)/$AU721,0)","=$AU721-D721"
Redecorated Pet Friendly Home,RedAwning,,75699,139700,1201.57,66.32,190,4,2,8,true,false,false,true,true,true,false,Home/Apartment,House,House/villa,4.8,23,2,21+,Luxury,false,486,true,63,13,2026-04-14,Amelia/St. Simons/Jekyll Islands,Fernandina Beach,Fernandina Beach,Florida,32034,United States,coastal,https://www.airbnb.com/rooms/37578270,https://a0.muscache.com/im/pictures/prohost-api/Hosting-37578270/original/0594cc99-4dab-4eac-82b5-386971b148ad.jpeg,37578270,4702826ha,30.6848,-81.4298,"=AVERAGE($G$2:$G$1001)","=AVERAGE($D$2:$D$1001)","=IFERROR(($AT722-G722)/$AT722,0)","=IFERROR(($AU722-D722)/$AU722,0)","=$AU722-D722"
Sea Dunes #1667 - Ocean & Sunset Views,Amelia Island Rentals,,75522,103911,609.05,50.2,279,3,3,8,true,false,false,true,true,true,true,Home/Apartment,Condominium (condo),Apt/Condo/Loft,4.5,54,3,21+,Luxury,false,260,true,124,26,2026-05-13,Amelia/St. Simons/Jekyll Islands,Fernandina Beach,Fernandina Beach,Florida,32034,United States,coastal,https://www.airbnb.com/rooms/24850440,https://a0.muscache.com/im/pictures/prohost-api/Hosting-24850440/original/03e57460-5b55-47d4-97fa-6e196c345cee.jpeg,24850440,1334552,30.5454,-81.4431,"=AVERAGE($G$2:$G$1001)","=AVERAGE($D$2:$D$1001)","=IFERROR(($AT723-G723)/$AT723,0)","=IFERROR(($AU723-D723)/$AU723,0)","=$AU723-D723"
4203 10th Street,Hodnett Cooper Vacation Rentals,,75203,133506,906.06,56.46,218,5,4,10,true,false,false,true,true,true,true,Home/Apartment,House,House/villa,4.85,23,3,21+,Luxury,true,710,true,83,15,2026-05-13,Amelia/St. Simons/Jekyll Islands,Saint Simons Island,Saint Simons Island,Georgia,31522,United States,coastal,https://www.airbnb.com/rooms/512877988341197976,https://a0.muscache.com/im/pictures/prohost-api/Hosting-512877988341197976/original/11cbcfea-bb8c-42ee-b411-591fb12fb2b5.jpeg,512877988341197976,2478365,31.14965,-81.36823,"=AVERAGE($G$2:$G$1001)","=AVERAGE($D$2:$D$1001)","=IFERROR(($AT724-G724)/$AT724,0)","=IFERROR(($AU724-D724)/$AU724,0)","=$AU724-D724"
NEW Luxury House 2 Blocks to Beach & Downtown SSI,455781838,,75150,80726,873.84,29.15,334,4,3,11,true,false,false,true,true,true,false,Home/Apartment,House,House/villa,4.95,77,2,2-5,Luxury,true,326,true,86,22,2025-12-16,Amelia/St. Simons/Jekyll Islands,Saint Simons Island,Saint Simons Island,Georgia,31522,United States,coastal,https://www.airbnb.com/rooms/754162923475999862,https://a0.muscache.com/im/pictures/miso/Hosting-754162923475999862/original/bb40582c-9af4-46f9-ab99-922976e23474.jpeg,754162923475999862,3090738,31.1405264,-81.3819436,"=AVERAGE($G$2:$G$1001)","=AVERAGE($D$2:$D$1001)","=IFERROR(($AT725-G725)/$AT725,0)","=IFERROR(($AU725-D725)/$AU725,0)","=$AU725-D725"
Beautifully decorated three bedroom three bath ocean front condominium.,georgia beach rentals,,74618,99600,540.71,48.08,303,3,3,8,true,false,false,true,true,false,true,Home/Apartment,Condominium (condo),Apt/Condo/Loft,4.8,66,3,21+,Luxury,false,200,false,138,29,2026-05-13,Amelia/St. Simons/Jekyll Islands,Saint Simons Island,Saint Simons Island,Georgia,31522,United States,coastal,https://www.vrbo.com/2133928,"https://media.vrbo.com/lodging/61000000/60670000/60662100/60662093/73808008.jpg?impolicy=resizecrop&rw=1200&ra=fit",,2133928,31.137558,-81.377555,"=AVERAGE($G$2:$G$1001)","=AVERAGE($D$2:$D$1001)","=IFERROR(($AT726-G726)/$AT726,0)","=IFERROR(($AU726-D726)/$AU726,0)","=$AU726-D726"
Seaside Serentity at Ocean Place~insane views!,495196687,,74243,95676,566.74,72.38,192,3,3,7,true,false,false,true,true,false,true,Home/Apartment,Apartment,Apt/Condo/Loft,4.9,57,3,6-20,Luxury,true,236,true,131,25,2026-05-13,Amelia/St. Simons/Jekyll Islands,Fernandina Beach,Fernandina Beach,Florida,32034,United States,coastal,https://www.airbnb.com/rooms/1127452010199169303,https://a0.muscache.com/im/pictures/miso/Hosting-1127452010199169303/original/a81f9c93-adac-44a3-acb1-0d5aeb16c658.jpeg,1127452010199169303,1983470,30.5921,-81.444,"=AVERAGE($G$2:$G$1001)","=AVERAGE($D$2:$D$1001)","=IFERROR(($AT727-G727)/$AT727,0)","=IFERROR(($AU727-D727)/$AU727,0)","=$AU727-D727"
Amelia by the Sea - 3 BR Private Fishing Pier,Seahorse Amelia Vacation Rentals,,73349,75691,591.52,43.66,304,3,2,8,true,false,false,true,true,false,true,Home/Apartment,Condominium (condo),Apt/Condo/Loft,4.8,36,3,21+,Luxury,true,562,true,124,30,2026-05-13,Amelia/St. Simons/Jekyll Islands,Fernandina Beach,Fernandina Beach,Florida,32034,United States,coastal,https://www.airbnb.com/rooms/648703300872384958,https://a0.muscache.com/im/pictures/prohost-api/Hosting-648703300872384958/original/a03f2e29-c104-4edc-a194-d1efb021b6fb.jpeg,648703300872384958,2859395,30.62054,-81.44121,"=AVERAGE($G$2:$G$1001)","=AVERAGE($D$2:$D$1001)","=IFERROR(($AT728-G728)/$AT728,0)","=IFERROR(($AU728-D728)/$AU728,0)","=$AU728-D728"
Sailmaker 701,Moore Amelia Island Rentals,,71975,91882,492.98,50.34,307,3,2,6,true,false,false,true,true,false,true,Home/Apartment,Condominium (condo),Apt/Condo/Loft,5,8,3,21+,Luxury,true,315,true,146,26,2026-05-11,Amelia/St. Simons/Jekyll Islands,Fernandina Beach,Fernandina Beach,Florida,32034,United States,coastal,https://www.airbnb.com/rooms/1141328917742485014,https://a0.muscache.com/im/pictures/prohost-api/Hosting-1141328917742485014/original/6e7d508a-cec0-40ea-99d9-64acb4521a8f.jpeg,1141328917742485014,3968766,30.58345,-81.44486,"=AVERAGE($G$2:$G$1001)","=AVERAGE($D$2:$D$1001)","=IFERROR(($AT729-G729)/$AT729,0)","=IFERROR(($AU729-D729)/$AU729,0)","=$AU729-D729"
Designer 3 Bed/3 Bath Beach Walker Villa!,Destination Amelia,,71951,97635,614.97,54.42,285,3,3,6,true,false,false,true,true,false,true,Home/Apartment,Condominium (condo),Apt/Condo/Loft,4.8,68,3,21+,Luxury,true,283,false,117,27,2026-05-16,Amelia/St. Simons/Jekyll Islands,Fernandina Beach,Fernandina Beach,Florida,32034,United States,coastal,https://www.airbnb.com/rooms/1598101261212867463,https://a0.muscache.com/im/pictures/prohost-api/Hosting-1598101261212867463/original/a2383b42-50c2-4db9-9b2e-5e7501bd6754.jpeg,1598101261212867463,772004,30.5497195285,-81.4439585339,"=AVERAGE($G$2:$G$1001)","=AVERAGE($D$2:$D$1001)","=IFERROR(($AT730-G730)/$AT730,0)","=IFERROR(($AU730-D730)/$AU730,0)","=$AU730-D730"
Oceanfront | Luxury Ocean Place Condo | Breathtaking Views from Private Balcony,Amelia Island Getaways,,71761,105871,512.58,55.78,261,3,3,6,true,false,false,true,true,false,true,Home/Apartment,Condominium (condo),Apt/Condo/Loft,4.8,78,3,21+,Luxury,false,199,true,140,38,2026-05-15,Amelia/St. Simons/Jekyll Islands,Fernandina Beach,Fernandina Beach,Florida,32034,United States,coastal,https://www.vrbo.com/1199519,"https://media.vrbo.com/lodging/34000000/33950000/33940700/33940639/2e2e6d0b.jpg?impolicy=resizecrop&rw=1200&ra=fit",,1199519,30.591784,-81.444187,"=AVERAGE($G$2:$G$1001)","=AVERAGE($D$2:$D$1001)","=IFERROR(($AT731-G731)/$AT731,0)","=IFERROR(($AU731-D731)/$AU731,0)","=$AU731-D731"
"Tabby Shack SSI - heated POOL, 3b/2ba, allows dogs",75020862,,71501,94920,521.91,66.5,266,3,2,8,true,false,false,true,true,true,true,Home/Apartment,House,House/villa,4.95,162,4,2-5,Luxury,true,300,false,137,19,2026-05-13,Amelia/St. Simons/Jekyll Islands,Saint Simons Island,Saint Simons Island,Georgia,31522,United States,coastal,https://www.airbnb.com/rooms/45547250,https://a0.muscache.com/im/pictures/miso/Hosting-45547250/original/4e27c8dd-701f-4c18-b482-65c559a00d1a.jpeg,45547250,2031418,31.1437,-81.3859,"=AVERAGE($G$2:$G$1001)","=AVERAGE($D$2:$D$1001)","=IFERROR(($AT732-G732)/$AT732,0)","=IFERROR(($AU732-D732)/$AU732,0)","=$AU732-D732"
"
Oceanfront Fabulous Townhome: Your Coastal Escape Awaits!",,,71460,74074,521.61,47.4,345,3,3,6,true,true,false,true,true,false,true,Home/Apartment,Condominium (condo),Apt/Condo/Loft,4.8,181,3,1,Luxury,false,179,true,137,34,2026-05-16,Amelia/St. Simons/Jekyll Islands,Fernandina Beach,Fernandina Beach,Florida,32034,United States,coastal,https://www.vrbo.com/404172,"https://media.vrbo.com/lodging/28000000/27140000/27132700/27132693/a9293f63.jpg?impolicy=resizecrop&rw=1200&ra=fit",,404172,30.584443,-81.444492,"=AVERAGE($G$2:$G$1001)","=AVERAGE($D$2:$D$1001)","=IFERROR(($AT733-G733)/$AT733,0)","=IFERROR(($AU733-D733)/$AU733,0)","=$AU733-D733"
Catherine Cottage- Beautiful 3 bed/3 bath Marsh Vi,Real Escapes,,71458,80412,553.94,44.03,324,3,3,8,true,true,true,true,true,false,true,Home/Apartment,House,House/villa,4.75,74,2,21+,Luxury,true,302,true,129,30,2026-05-11,Amelia/St. Simons/Jekyll Islands,Saint Simons Island,Saint Simons Island,Georgia,31522,United States,coastal,https://www.airbnb.com/rooms/27902859,https://a0.muscache.com/im/pictures/prohost-api/Hosting-27902859/original/f9c9028e-6e56-4989-abf7-84958c31bc67.jpeg,27902859,1168086,31.14547,-81.37398,"=AVERAGE($G$2:$G$1001)","=AVERAGE($D$2:$D$1001)","=IFERROR(($AT734-G734)/$AT734,0)","=IFERROR(($AU734-D734)/$AU734,0)","=$AU734-D734"
Sailmaker 112 - Hosted By Moore AI Rentals,Moore Amelia Island Rentals,,71070,119570,534.36,51.15,264,3,3,6,true,false,false,true,true,false,true,Home/Apartment,House,House/villa,4.85,32,3,21+,Luxury,true,320,true,133,30,2026-05-11,Amelia/St. Simons/Jekyll Islands,Fernandina Beach,Fernandina Beach,Florida,32034,United States,coastal,https://www.airbnb.com/rooms/949291937168943626,https://a0.muscache.com/im/pictures/prohost-api/Hosting-949291937168943626/original/f4a23330-ce37-46cf-8859-4e2f2cb45126.jpeg,949291937168943626,3385353,30.5844,-81.4445,"=AVERAGE($G$2:$G$1001)","=AVERAGE($D$2:$D$1001)","=IFERROR(($AT735-G735)/$AT735,0)","=IFERROR(($AU735-D735)/$AU735,0)","=$AU735-D735"
Heron Cottage w/ Pool,Lighthouse Vacations,,70715,101624,527.72,89.33,150,3,3,6,true,false,false,true,true,false,false,Home/Apartment,House,House/villa,4.85,30,3,21+,Luxury,true,350,true,134,28,2026-05-17,Amelia/St. Simons/Jekyll Islands,Saint Simons Island,Saint Simons Island,Georgia,31522,United States,coastal,https://www.airbnb.com/rooms/544563520249097112,https://a0.muscache.com/im/pictures/prohost-api/Hosting-544563520249097112/original/d718f4ec-f085-4573-95e6-9d9c1223c9d6.jpeg,544563520249097112,2644381,31.1463,-81.3952,"=AVERAGE($G$2:$G$1001)","=AVERAGE($D$2:$D$1001)","=IFERROR(($AT736-G736)/$AT736,0)","=IFERROR(($AU736-D736)/$AU736,0)","=$AU736-D736"
4324 10th Street,Hodnett Cooper Vacation Rentals,,70022,94799,744.91,38.68,275,4,2,10,true,false,false,true,true,false,true,Home/Apartment,House,House/villa,5,6,3,21+,Luxury,true,642,true,94,19,2026-05-13,Amelia/St. Simons/Jekyll Islands,Saint Simons Island,Saint Simons Island,Georgia,31522,United States,coastal,https://www.airbnb.com/rooms/863094430700853061,https://a0.muscache.com/im/pictures/prohost-api/Hosting-863094430700853061/original/f4b35df8-1ca7-4024-a4af-28d7030ed7ae.jpeg,863094430700853061,3300372,31.15328,-81.36938,"=AVERAGE($G$2:$G$1001)","=AVERAGE($D$2:$D$1001)","=IFERROR(($AT737-G737)/$AT737,0)","=IFERROR(($AU737-D737)/$AU737,0)","=$AU737-D737"
Convenience Direct Oceanfront Condo W/  Balcony,RedAwning,,69614,116841,1697.9,40.2,276,3,2,6,true,false,false,true,true,false,true,Home/Apartment,Condominium (condo),Apt/Condo/Loft,4,1,2,21+,Luxury,false,466,true,41,8,2026-04-14,Amelia/St. Simons/Jekyll Islands,Fernandina Beach,Fernandina Beach,Florida,32034,United States,coastal,https://www.airbnb.com/rooms/37603728,https://a0.muscache.com/im/pictures/prohost-api/Hosting-37603728/original/78ab2172-28f6-4366-aa22-cb8d2a671c2e.jpeg,37603728,,30.6209,-81.4399,"=AVERAGE($G$2:$G$1001)","=AVERAGE($D$2:$D$1001)","=IFERROR(($AT738-G738)/$AT738,0)","=IFERROR(($AU738-D738)/$AU738,0)","=$AU738-D738"
Ocean Place 16 Seascape,Mock's Amelia Vacations,,69542,103144,547.57,65.13,196,3,3,6,true,false,false,true,true,false,true,Home/Apartment,Condominium (condo),Apt/Condo/Loft,4.9,104,1,21+,Luxury,false,224,true,127,19,2026-02-10,Amelia/St. Simons/Jekyll Islands,Fernandina Beach,Fernandina Beach,Florida,32034,United States,coastal,https://www.vrbo.com/224773,"https://media.vrbo.com/lodging/22000000/21870000/21867300/21867277/f01329ef.jpg?impolicy=resizecrop&rw=1200&ra=fit",,224773,30.589602,-81.44721,"=AVERAGE($G$2:$G$1001)","=AVERAGE($D$2:$D$1001)","=IFERROR(($AT739-G739)/$AT739,0)","=IFERROR(($AU739-D739)/$AU739,0)","=$AU739-D739"
Amelia Island Oceanfront - Sandpiper Villas,Seahorse Amelia Vacation Rentals,,69407,71824,578.39,53.81,303,3,2,8,true,false,false,true,true,false,true,Home/Apartment,Townhouse,Apt/Condo/Loft,4.95,27,3,21+,Luxury,true,610,true,120,28,2026-05-13,Amelia/St. Simons/Jekyll Islands,Fernandina Beach,Fernandina Beach,Florida,32034,United States,coastal,https://www.airbnb.com/rooms/846594226705482187,https://a0.muscache.com/im/pictures/prohost-api/Hosting-846594226705482187/original/e1941521-2954-4c38-b762-cd1110716d59.jpeg,846594226705482187,3298302,30.60167,-81.44306,"=AVERAGE($G$2:$G$1001)","=AVERAGE($D$2:$D$1001)","=IFERROR(($AT740-G740)/$AT740,0)","=IFERROR(($AU740-D740)/$AU740,0)","=$AU740-D740"
81 Ocean Place - Lovely Oceanfront 3rd Floor With,Luxury Rentals of Amelia,,69363,95338,573.25,50.21,294,3,3,7,true,false,false,true,true,false,true,Home/Apartment,Condominium (condo),Apt/Condo/Loft,4.15,26,3,21+,Luxury,false,341,true,121,24,2026-05-16,Amelia/St. Simons/Jekyll Islands,Fernandina Beach,Fernandina Beach,Florida,32034,United States,coastal,https://www.airbnb.com/rooms/1345904342022852508,https://a0.muscache.com/im/pictures/prohost-api/Hosting-1345904342022852508/original/de9dea7f-c45b-41cb-a259-4711a4febb2c.jpeg,1345904342022852508,1680311,30.5919,-81.4442,"=AVERAGE($G$2:$G$1001)","=AVERAGE($D$2:$D$1001)","=IFERROR(($AT741-G741)/$AT741,0)","=IFERROR(($AU741-D741)/$AU741,0)","=$AU741-D741"
Amelia Island Sandpiper 3 BR near Ritz Carlton,Seahorse Amelia Vacation Rentals,,69196,74349,562.57,41.69,346,3,2,8,true,false,false,true,true,false,true,Home/Apartment,Townhouse,Apt/Condo/Loft,4.5,12,3,21+,Luxury,true,620,true,123,27,2026-05-13,Amelia/St. Simons/Jekyll Islands,Fernandina Beach,Fernandina Beach,Florida,32034,United States,coastal,https://www.airbnb.com/rooms/1318323532893916523,https://a0.muscache.com/im/pictures/prohost-api/Hosting-1318323532893916523/original/9b7fbe0e-cbe1-452b-987a-b8d8c5c9113b.jpeg,1318323532893916523,4349798,30.5998274148,-81.4438901326,"=AVERAGE($G$2:$G$1001)","=AVERAGE($D$2:$D$1001)","=IFERROR(($AT742-G742)/$AT742,0)","=IFERROR(($AU742-D742)/$AU742,0)","=$AU742-D742"
NEW!  Luxury Coastal Home w/ private pool,St. Simons Rentals,,69134,85249,735.47,30.32,315,4,4,11,true,false,false,true,true,false,true,Home/Apartment,House,House/villa,4.7,10,3,6-20,Luxury,true,406,true,94,25,2026-05-16,Amelia/St. Simons/Jekyll Islands,Saint Simons Island,Saint Simons Island,Georgia,31522,United States,coastal,https://www.airbnb.com/rooms/1275509308081188201,https://a0.muscache.com/im/pictures/prohost-api/Hosting-1275509308081188201/original/7a3ab521-1f72-48c1-8ca6-d63569963d20.jpeg,1275509308081188201,4259530,31.1442,-81.3738,"=AVERAGE($G$2:$G$1001)","=AVERAGE($D$2:$D$1001)","=IFERROR(($AT743-G743)/$AT743,0)","=IFERROR(($AU743-D743)/$AU743,0)","=$AU743-D743"
East Beach Home and Guest House with Heated Pool,St. Simons Island Beach Rentals,,68889,111584,1640.21,47.19,168,6,6,16,true,false,false,true,true,false,true,Home/Apartment,House,House/villa,5,1,5,21+,Luxury,false,843,false,42,6,2025-11-04,Amelia/St. Simons/Jekyll Islands,Saint Simons Island,Saint Simons Island,Georgia,31522,United States,coastal,https://www.airbnb.com/rooms/1186562221795731311,https://a0.muscache.com/im/pictures/prohost-api/Hosting-1186562221795731311/original/2bb22de2-18d4-4432-86e3-8bd57fc40af8.jpeg,1186562221795731311,,31.15364,-81.36745,"=AVERAGE($G$2:$G$1001)","=AVERAGE($D$2:$D$1001)","=IFERROR(($AT744-G744)/$AT744,0)","=IFERROR(($AU744-D744)/$AU744,0)","=$AU744-D744"
Amelia Island Oceanfront - Sandpiper Villas,Seahorse Amelia Vacation Rentals,,68801,91259,554.85,47.33,276,3,2,8,true,false,false,true,true,false,true,Home/Apartment,Townhouse,Apt/Condo/Loft,4.9,57,3,21+,Luxury,true,555,true,124,30,2026-05-11,Amelia/St. Simons/Jekyll Islands,Fernandina Beach,Fernandina Beach,Florida,32034,United States,coastal,https://www.airbnb.com/rooms/53546553,https://a0.muscache.com/im/pictures/prohost-api/Hosting-53546553/original/26330ed0-0647-4313-a26a-28f89cfadad4.jpeg,53546553,2565388,30.60113,-81.44364,"=AVERAGE($G$2:$G$1001)","=AVERAGE($D$2:$D$1001)","=IFERROR(($AT745-G745)/$AT745,0)","=IFERROR(($AU745-D745)/$AU745,0)","=$AU745-D745"
Beautiful home w/ private pool near Coast Cottage,Hodnett Cooper Vacation Rentals,,68465,114981,950.9,34.45,294,4,4,8,true,false,false,true,true,false,true,Home/Apartment,House,House/villa,4.9,34,3,21+,Luxury,true,620,true,72,15,2026-05-13,Amelia/St. Simons/Jekyll Islands,Saint Simons Island,Saint Simons Island,Georgia,31522,United States,coastal,https://www.airbnb.com/rooms/800678660600659262,https://a0.muscache.com/im/pictures/prohost-api/Hosting-800678660600659262/original/d800de42-43bb-468d-b090-2a34e5155fa9.jpeg,800678660600659262,3189733,31.14505,-81.37576,"=AVERAGE($G$2:$G$1001)","=AVERAGE($D$2:$D$1001)","=IFERROR(($AT746-G746)/$AT746,0)","=IFERROR(($AU746-D746)/$AU746,0)","=$AU746-D746"
Colonels Island Haven: Panoramic Water Views,Evolve,,68241,95308,583.26,48.75,266,3,2,8,true,false,false,true,true,true,false,Home/Apartment,House,House/villa,4.9,32,3,21+,Luxury,false,258,true,117,23,2025-10-20,Amelia/St. Simons/Jekyll Islands,Midway,Midway,Georgia,31320,United States,coastal,https://www.airbnb.com/rooms/47814006,https://a0.muscache.com/im/pictures/prohost-api/Hosting-47814006/original/3aa09ae8-5fa0-456e-a9ba-101461699806.jpeg,47814006,2196896,31.7326417527,-81.2665030173,"=AVERAGE($G$2:$G$1001)","=AVERAGE($D$2:$D$1001)","=IFERROR(($AT747-G747)/$AT747,0)","=IFERROR(($AU747-D747)/$AU747,0)","=$AU747-D747"
95174 Sandpiper Loop Ocean Front Bungalow,RedAwning,,67798,69185,633.63,56.32,203,3,3,8,true,true,false,true,true,true,false,Home/Apartment,Townhouse,Apt/Condo/Loft,4.6,83,1,21+,Luxury,false,354,true,107,19,2020-09-09,Amelia/St. Simons/Jekyll Islands,Fernandina Beach,Fernandina Beach,Florida,32034,United States,coastal,https://www.airbnb.com/rooms/25956691,"https://a0.muscache.com/im/pictures/0be6f0b6-748c-46b4-b9f6-5de8d3e5df90.jpg?aki_policy=x_large",25956691,1359296,30.6014,-81.44211,"=AVERAGE($G$2:$G$1001)","=AVERAGE($D$2:$D$1001)","=IFERROR(($AT748-G748)/$AT748,0)","=IFERROR(($AU748-D748)/$AU748,0)","=$AU748-D748"
Spring Cottage - newly renovated oceanfront home,Parker Kaufman,,67783,88627,521.41,55.32,242,3,2,8,true,false,false,true,true,false,true,Home/Apartment,House,House/villa,4.8,21,1,21+,Luxury,false,355,true,130,25,2026-05-13,Amelia/St. Simons/Jekyll Islands,Jekyll Island,Jekyll Island,Georgia,31527,United States,coastal,https://www.airbnb.com/rooms/893505984302878734,https://a0.muscache.com/im/pictures/prohost-api/Hosting-893505984302878734/original/37170f79-3e9c-4902-b35a-303d87bae1e5.jpeg,893505984302878734,3279490,31.081,-81.4022,"=AVERAGE($G$2:$G$1001)","=AVERAGE($D$2:$D$1001)","=IFERROR(($AT749-G749)/$AT749,0)","=IFERROR(($AU749-D749)/$AU749,0)","=$AU749-D749"
1868 Turtle Dunes Place,230697463,,67715,121654,663.87,47,227,3,3,6,true,false,false,true,true,false,true,Home/Apartment,Condominium (condo),Apt/Condo/Loft,4.9,118,3,6-20,Luxury,true,444,true,102,17,2026-05-13,Amelia/St. Simons/Jekyll Islands,Fernandina Beach,Fernandina Beach,Florida,32034,United States,coastal,https://www.airbnb.com/rooms/1248003272528674901,https://a0.muscache.com/im/pictures/miso/Hosting-1248003272528674901/original/53afa76b-e45f-4e1b-8b70-7c7e2f6a6fac.jpeg,1248003272528674901,843326,30.5409,-81.4419,"=AVERAGE($G$2:$G$1001)","=AVERAGE($D$2:$D$1001)","=IFERROR(($AT750-G750)/$AT750,0)","=IFERROR(($AU750-D750)/$AU750,0)","=$AU750-D750"
"Family Home: Private Pool, ADA Access, EV Charger",Stay Better Vacations,,67194,87475,494.07,50.75,298,3,2,5,true,false,false,true,true,true,true,Home/Apartment,House,House/villa,4.8,20,6,21+,Luxury,true,210,false,136,21,2026-05-16,Amelia/St. Simons/Jekyll Islands,Fernandina Beach,Fernandina Beach,Florida,32034,United States,coastal,https://www.airbnb.com/rooms/1310209532546583538,https://a0.muscache.com/im/pictures/prohost-api/Hosting-1310209532546583538/original/483af418-3727-40d7-a7e1-1568e0e68e62.jpeg,1310209532546583538,2765940,30.632340834,-81.4567377694,"=AVERAGE($G$2:$G$1001)","=AVERAGE($D$2:$D$1001)","=IFERROR(($AT751-G751)/$AT751,0)","=IFERROR(($AU751-D751)/$AU751,0)","=$AU751-D751"
Paradise Point: New Oceanfront Townhome!,Moore Amelia Island Rentals,,67120,69846,627.29,43.5,301,3,2,8,true,false,false,true,true,false,true,Home/Apartment,House,House/villa,5,12,3,21+,Luxury,true,319,true,107,23,2026-05-13,Amelia/St. Simons/Jekyll Islands,Fernandina Beach,Fernandina Beach,Florida,32034,United States,coastal,https://www.airbnb.com/rooms/1450643330165209192,https://a0.muscache.com/im/pictures/prohost-api/Hosting-1450643330165209192/original/c6da5f7c-fe63-40e9-a9b5-08274362d727.jpeg,1450643330165209192,4662677,30.60013,-81.44258,"=AVERAGE($G$2:$G$1001)","=AVERAGE($D$2:$D$1001)","=IFERROR(($AT752-G752)/$AT752,0)","=IFERROR(($AU752-D752)/$AU752,0)","=$AU752-D752"
Ocean Place Condo with Direct Access to the Beach,RedAwning,,66862,189485,1485.82,77.59,239,3,3,7,true,false,false,true,true,false,true,Home/Apartment,Condominium (condo),Apt/Condo/Loft,4.7,3,2,21+,Luxury,false,507,true,45,9,2026-04-14,Amelia/St. Simons/Jekyll Islands,Fernandina Beach,Fernandina Beach,Florida,32034,United States,coastal,https://www.airbnb.com/rooms/37603819,https://a0.muscache.com/im/pictures/prohost-api/Hosting-37603819/original/589c5b07-3bc8-44e0-a5ff-2e79933ff370.jpeg,37603819,4702921ha,30.5925,-81.4442,"=AVERAGE($G$2:$G$1001)","=AVERAGE($D$2:$D$1001)","=IFERROR(($AT753-G753)/$AT753,0)","=IFERROR(($AU753-D753)/$AU753,0)","=$AU753-D753"
North Breakers #211,Hodnett Cooper Vacation Rentals,,66347,82042,530.78,49.8,286,3,3,6,true,false,true,true,true,false,true,Home/Apartment,Condominium (condo),Apt/Condo/Loft,4.25,4,3,21+,Luxury,true,335,true,125,28,2026-05-15,Amelia/St. Simons/Jekyll Islands,Saint Simons Island,Saint Simons Island,Georgia,31522,United States,coastal,https://www.airbnb.com/rooms/897163942667867153,https://a0.muscache.com/im/pictures/prohost-api/Hosting-897163942667867153/original/2d412f49-9d8d-4345-945f-7405a2ee7f2b.jpeg,897163942667867153,3377690,31.14394,-81.37558,"=AVERAGE($G$2:$G$1001)","=AVERAGE($D$2:$D$1001)","=IFERROR(($AT754-G754)/$AT754,0)","=IFERROR(($AU754-D754)/$AU754,0)","=$AU754-D754"
Ocean Cottage 43 The Cottages at Jekyll Island Oce,Parker Kaufman,,66209,97876,505.41,57.96,257,3,3,6,true,false,false,true,true,false,true,Home/Apartment,Townhouse,Apt/Condo/Loft,4.9,90,3,21+,Luxury,false,424,true,131,30,2026-05-11,Amelia/St. Simons/Jekyll Islands,Jekyll Island,Jekyll Island,Georgia,31527,United States,coastal,https://www.airbnb.com/rooms/40916457,https://a0.muscache.com/im/pictures/prohost-api/Hosting-40916457/original/007785ec-3fc8-4772-aeb8-b3620857498c.jpeg,40916457,1062714,31.08845,-81.40139,"=AVERAGE($G$2:$G$1001)","=AVERAGE($D$2:$D$1001)","=IFERROR(($AT755-G755)/$AT755,0)","=IFERROR(($AU755-D755)/$AU755,0)","=$AU755-D755"
Sailmaker 612,Moore Amelia Island Rentals,,66112,90432,533.16,52.99,269,3,3,8,true,false,false,true,true,false,true,Home/Apartment,House,House/villa,4.7,25,3,21+,Luxury,true,315,true,124,25,2026-05-13,Amelia/St. Simons/Jekyll Islands,Fernandina Beach,Fernandina Beach,Florida,32034,United States,coastal,https://www.airbnb.com/rooms/744750467252603785,https://a0.muscache.com/im/pictures/prohost-api/Hosting-744750467252603785/original/ea18acca-8465-4b36-b349-4020e26565a8.jpeg,744750467252603785,2990572,30.5844,-81.4445,"=AVERAGE($G$2:$G$1001)","=AVERAGE($D$2:$D$1001)","=IFERROR(($AT756-G756)/$AT756,0)","=IFERROR(($AU756-D756)/$AU756,0)","=$AU756-D756"
Oakridge Cottage,RedAwning,,65968,116894,634.31,57.46,181,3,2,8,true,false,false,true,true,true,true,Home/Apartment,House,House/villa,4.65,66,3,21+,Luxury,false,355,true,104,22,2025-11-20,Amelia/St. Simons/Jekyll Islands,Jekyll Island,Jekyll Island,Georgia,31527,United States,coastal,https://www.airbnb.com/rooms/848376150864528562,https://a0.muscache.com/im/pictures/prohost-api/Hosting-848376150864528562/original/29c3dcd2-8a1c-4b14-a745-4d86c3ed593e.jpeg,848376150864528562,2170523,31.086883,-81.402458,"=AVERAGE($G$2:$G$1001)","=AVERAGE($D$2:$D$1001)","=IFERROR(($AT757-G757)/$AT757,0)","=IFERROR(($AU757-D757)/$AU757,0)","=$AU757-D757"
Spacious Resort Villa - Only Short Stroll to Beach,Destination Amelia,,65813,68947,514.16,44.29,289,3,3,8,true,false,false,true,true,false,true,Home/Apartment,Villa,House/villa,4.8,31,3,21+,Luxury,true,283,false,128,25,2026-05-13,Amelia/St. Simons/Jekyll Islands,Fernandina Beach,Fernandina Beach,Florida,32034,United States,coastal,https://www.airbnb.com/rooms/1110156613811726258,https://a0.muscache.com/im/pictures/prohost-api/Hosting-1110156613811726258/original/0b09f223-1bd9-4a10-8ac6-f655c5d7312a.jpeg,1110156613811726258,1200109,30.56093,-81.44699,"=AVERAGE($G$2:$G$1001)","=AVERAGE($D$2:$D$1001)","=IFERROR(($AT758-G758)/$AT758,0)","=IFERROR(($AU758-D758)/$AU758,0)","=$AU758-D758"
Luxury Oceanfront Villa in Windsong - Near To Pool,Destination Amelia,,65799,114653,671.42,46.89,280,3,3,6,true,false,false,true,true,false,true,Home/Apartment,House,House/villa,5,8,3,21+,Luxury,true,346,false,98,17,2026-05-15,Amelia/St. Simons/Jekyll Islands,Fernandina Beach,Fernandina Beach,Florida,32034,United States,coastal,https://www.airbnb.com/rooms/1649355304526250012,https://a0.muscache.com/im/pictures/prohost-api/Hosting-1649355304526250012/original/70bea6af-64bd-4305-84e8-3d2c540d43f8.jpeg,1649355304526250012,2432751,30.54656,-81.44362,"=AVERAGE($G$2:$G$1001)","=AVERAGE($D$2:$D$1001)","=IFERROR(($AT759-G759)/$AT759,0)","=IFERROR(($AU759-D759)/$AU759,0)","=$AU759-D759"
Lovely Oceanfront 3 Bedroom w/ Pool & Pier,A1A Beach Vacations,,65652,86504,556.37,44.53,296,3,2,7,true,false,false,true,true,false,true,Home/Apartment,Condominium (condo),Apt/Condo/Loft,4.85,10,4,21+,Luxury,true,425,true,118,25,2026-05-13,Amelia/St. Simons/Jekyll Islands,Fernandina Beach,Fernandina Beach,Florida,32034,United States,coastal,https://www.airbnb.com/rooms/1013946972139767757,https://a0.muscache.com/im/pictures/hosting/Hosting-U3RheVN1cHBseUxpc3Rpbmc6MTAxMzk0Njk3MjEzOTc2Nzc1Nw%3D%3D/original/39dbdfd4-4696-4287-a198-91c30f80ddb6.jpeg,1013946972139767757,3688233,30.6211,-81.44,"=AVERAGE($G$2:$G$1001)","=AVERAGE($D$2:$D$1001)","=IFERROR(($AT760-G760)/$AT760,0)","=IFERROR(($AU760-D760)/$AU760,0)","=$AU760-D760"
Ocean Cottage 53 Pelican's Playground - Cottages a,Parker Kaufman,,65565,73022,580.22,40.5,313,3,3,8,true,false,false,true,true,false,true,Home/Apartment,Townhouse,Apt/Condo/Loft,4.7,34,3,21+,Luxury,false,426,true,113,32,2026-05-13,Amelia/St. Simons/Jekyll Islands,Jekyll Island,Jekyll Island,Georgia,31527,United States,coastal,https://www.airbnb.com/rooms/47883374,https://a0.muscache.com/im/pictures/prohost-api/Hosting-47883374/original/cdbf825a-fee3-4437-9123-d25047310bef.jpeg,47883374,1062715,31.08876,-81.40143,"=AVERAGE($G$2:$G$1001)","=AVERAGE($D$2:$D$1001)","=IFERROR(($AT761-G761)/$AT761,0)","=IFERROR(($AU761-D761)/$AU761,0)","=$AU761-D761"
Amelia Island 3 BR  Townhouse near Ritz Carlton,Seahorse Amelia Vacation Rentals,,65497,72710,629.78,41.11,347,3,3,8,true,false,false,true,true,false,true,Home/Apartment,Townhouse,Apt/Condo/Loft,4.45,7,3,21+,Luxury,true,610,true,104,22,2026-05-13,Amelia/St. Simons/Jekyll Islands,Fernandina Beach,Fernandina Beach,Florida,32034,United States,coastal,https://www.airbnb.com/rooms/1318314033316300707,https://a0.muscache.com/im/pictures/prohost-api/Hosting-1318314033316300707/original/67c124de-f8cc-4959-a543-8c0e0a7433f7.jpeg,1318314033316300707,4349797,30.6005452795,-81.4443107413,"=AVERAGE($G$2:$G$1001)","=AVERAGE($D$2:$D$1001)","=IFERROR(($AT762-G762)/$AT762,0)","=IFERROR(($AU762-D762)/$AU762,0)","=$AU762-D762"
"1st Floor, Newly remodeled oceanfront condo",ERA Fernandina Beach Realty,,65201,172683,893.16,41.48,184,3,2,8,true,false,false,true,true,false,true,Home/Apartment,Condominium (condo),Apt/Condo/Loft,0,0,2,21+,Luxury,false,1059,true,73,18,2026-05-13,Amelia/St. Simons/Jekyll Islands,Fernandina Beach,Fernandina Beach,Florida,32034,United States,coastal,https://www.airbnb.com/rooms/43677470,https://a0.muscache.com/im/pictures/hosting/Hosting-43677470/original/333d4485-0b60-406b-a460-df2b199124b2.jpeg,43677470,,30.62113,-81.44032,"=AVERAGE($G$2:$G$1001)","=AVERAGE($D$2:$D$1001)","=IFERROR(($AT763-G763)/$AT763,0)","=IFERROR(($AU763-D763)/$AU763,0)","=$AU763-D763"
Contemporary Beachfront 3 Bedroom 2 Bath Condo,ERA Fernandina Beach Realty,,64820,158100,1157.5,49.12,133,3,2,8,true,false,false,true,true,false,true,Home/Apartment,Condominium (condo),Apt/Condo/Loft,4.7,3,2,21+,Luxury,false,1050,true,56,11,2025-11-17,Amelia/St. Simons/Jekyll Islands,Fernandina Beach,Fernandina Beach,Florida,32034,United States,coastal,https://www.airbnb.com/rooms/915214355482673916,https://a0.muscache.com/im/pictures/prohost-api/Hosting-915214355482673916/original/9b9792ae-c9ba-4766-9392-76436507a3e2.jpeg,915214355482673916,9838286ha,30.62063,-81.44042,"=AVERAGE($G$2:$G$1001)","=AVERAGE($D$2:$D$1001)","=IFERROR(($AT764-G764)/$AT764,0)","=IFERROR(($AU764-D764)/$AU764,0)","=$AU764-D764"
Ocean Cottage 41 MackeyBob's Cottage The Cottages,Parker Kaufman,,64257,72993,539.97,37.66,324,3,3,8,true,false,false,true,true,false,true,Home/Apartment,Townhouse,Apt/Condo/Loft,4.95,24,1,21+,Luxury,false,426,true,119,31,2026-05-11,Amelia/St. Simons/Jekyll Islands,Jekyll Island,Jekyll Island,Georgia,31527,United States,coastal,https://www.airbnb.com/rooms/50972276,https://a0.muscache.com/im/pictures/prohost-api/Hosting-50972276/original/6149484a-6c25-466f-bcb3-7aa57db024d3.jpeg,50972276,2387424,31.08876,-81.40347,"=AVERAGE($G$2:$G$1001)","=AVERAGE($D$2:$D$1001)","=IFERROR(($AT765-G765)/$AT765,0)","=IFERROR(($AU765-D765)/$AU765,0)","=$AU765-D765"
Amelia Island Sanctuary,76939520,,64203,87070,697.86,46.7,273,4,3,8,true,true,false,true,true,false,true,Home/Apartment,House,House/villa,5,75,3,2-5,Luxury,true,399,false,92,13,2026-05-10,Amelia/St. Simons/Jekyll Islands,Fernandina Beach,Fernandina Beach,Florida,32034,United States,coastal,https://www.airbnb.com/rooms/13461230,https://a0.muscache.com/im/pictures/90c2680a-a435-48d3-967d-0f3e5bd8244a.jpg,13461230,994871,30.55904,-81.45281,"=AVERAGE($G$2:$G$1001)","=AVERAGE($D$2:$D$1001)","=IFERROR(($AT766-G766)/$AT766,0)","=IFERROR(($AU766-D766)/$AU766,0)","=$AU766-D766"
Iconic Round House at St. Simons Island.,20359230,,64094,65907,1563.27,29.29,140,6,4,16,true,false,false,true,true,false,true,Home/Apartment,House,House/villa,4.8,142,2,2-5,Luxury,false,350,false,41,9,2025-11-04,Amelia/St. Simons/Jekyll Islands,Saint Simons Island,Saint Simons Island,Georgia,31522,United States,coastal,https://www.airbnb.com/rooms/39669625,https://a0.muscache.com/im/pictures/77e682bc-0b22-4151-a8c5-30f268650da9.jpg,39669625,451072,31.1363,-81.4031,"=AVERAGE($G$2:$G$1001)","=AVERAGE($D$2:$D$1001)","=IFERROR(($AT767-G767)/$AT767,0)","=IFERROR(($AU767-D767)/$AU767,0)","=$AU767-D767"
"Quiet 6th Floor, 3 Bed/2 Bath Beachfront Condo!",ERA Fernandina Beach Realty,,63716,140112,1517.05,35,189,3,2,8,true,false,false,true,true,false,true,Home/Apartment,Condominium (condo),Apt/Condo/Loft,5,2,3,21+,Luxury,false,1214,true,42,7,2026-05-13,Amelia/St. Simons/Jekyll Islands,Fernandina Beach,Fernandina Beach,Florida,32034,United States,coastal,https://www.airbnb.com/rooms/35031453,https://a0.muscache.com/im/pictures/prohost-api/Hosting-35031453/original/931d2c1d-8c62-4ad0-ad24-b34fbd44e2d7.jpeg,35031453,,30.61899,-81.43907,"=AVERAGE($G$2:$G$1001)","=AVERAGE($D$2:$D$1001)","=IFERROR(($AT768-G768)/$AT768,0)","=IFERROR(($AU768-D768)/$AU768,0)","=$AU768-D768"
"Beachfront Condo with Sunrise Views, Pool, & Beach",382201335,,63608,71673,539.05,40.55,322,3,2,6,true,false,false,true,true,false,true,Home/Apartment,Condominium (condo),Apt/Condo/Loft,4.95,18,3,1,Luxury,true,200,true,118,37,2026-05-16,Amelia/St. Simons/Jekyll Islands,Fernandina Beach,Fernandina Beach,Florida,32034,United States,coastal,https://www.airbnb.com/rooms/1332243569464793906,https://a0.muscache.com/im/pictures/prohost-api/Hosting-1332243569464793906/original/dbd7fb7c-9e5f-4af7-bdb0-e7accbc2c916.jpeg,1332243569464793906,4413580,30.6195,-81.4402,"=AVERAGE($G$2:$G$1001)","=AVERAGE($D$2:$D$1001)","=IFERROR(($AT769-G769)/$AT769,0)","=IFERROR(($AU769-D769)/$AU769,0)","=$AU769-D769"
Atlantus Cottage - steps to beach access,Hodnett Cooper Vacation Rentals,,63565,112361,784.75,69.23,145,4,4,8,true,false,false,true,true,true,true,Home/Apartment,House,House/villa,5,23,5,21+,Luxury,true,610,true,81,15,2026-05-17,Amelia/St. Simons/Jekyll Islands,Saint Simons Island,Saint Simons Island,Georgia,31522,United States,coastal,https://www.airbnb.com/rooms/42809318,https://a0.muscache.com/im/pictures/prohost-api/Hosting-42809318/original/b0e2fe74-1ab4-4a9a-bb13-f35ef1d7823c.jpeg,42809318,1890698,31.14427,-81.37247,"=AVERAGE($G$2:$G$1001)","=AVERAGE($D$2:$D$1001)","=IFERROR(($AT770-G770)/$AT770,0)","=IFERROR(($AU770-D770)/$AU770,0)","=$AU770-D770"
Ground floor unit in gated community.  South End,ERA Fernandina Beach Realty,,62803,124976,1101.81,50,247,3,3,7,true,false,false,true,true,false,true,Home/Apartment,Condominium (condo),Apt/Condo/Loft,5,1,2,21+,Luxury,false,2006,true,57,13,2026-05-14,Amelia/St. Simons/Jekyll Islands,Fernandina Beach,Fernandina Beach,Florida,32034,United States,coastal,https://www.airbnb.com/rooms/35031873,https://a0.muscache.com/im/pictures/prohost-api/Hosting-35031873/original/f963ae1a-9433-447e-9dbf-0f99efe33c30.jpeg,35031873,,30.5913,-81.44511,"=AVERAGE($G$2:$G$1001)","=AVERAGE($D$2:$D$1001)","=IFERROR(($AT771-G771)/$AT771,0)","=IFERROR(($AU771-D771)/$AU771,0)","=$AU771-D771"
"Beautiful 4 bed, 3.5 bath home w/pool and hot tub.  Walk to Village area!",Real Escapes,,62284,66727,841.68,24.26,346,4,3,8,true,false,true,true,true,false,true,Home/Apartment,House,House/villa,4.4,3,2,21+,Luxury,false,350,true,74,21,2026-05-12,Amelia/St. Simons/Jekyll Islands,Saint Simons Island,Saint Simons Island,Georgia,31522,United States,coastal,https://www.vrbo.com/3835136,"https://media.vrbo.com/lodging/103000000/102080000/102078100/102078044/5e56e524.jpg?impolicy=resizecrop&rw=1200&ra=fit",,3835136,31.141132,-81.397678,"=AVERAGE($G$2:$G$1001)","=AVERAGE($D$2:$D$1001)","=IFERROR(($AT772-G772)/$AT772,0)","=IFERROR(($AU772-D772)/$AU772,0)","=$AU772-D772"
Newly Renovated Oceanfront Condo HIGH TIDE SSI,147135491,,62154,98941,634.22,46.89,239,3,3,6,true,false,false,true,true,false,false,Home/Apartment,House,House/villa,5,238,3,6-20,Luxury,true,325,true,98,23,2026-01-15,Amelia/St. Simons/Jekyll Islands,Saint Simons Island,Saint Simons Island,Georgia,31522,United States,coastal,https://www.airbnb.com/rooms/1450235533140208449,https://a0.muscache.com/im/pictures/hosting/Hosting-1450235533140208449/original/107e3fdc-d224-4fa2-8c9f-a1ffb0ab2c67.png,1450235533140208449,1325838,31.1346,-81.3886,"=AVERAGE($G$2:$G$1001)","=AVERAGE($D$2:$D$1001)","=IFERROR(($AT773-G773)/$AT773,0)","=IFERROR(($AU773-D773)/$AU773,0)","=$AU773-D773"
"Oceanfront Condo w/Balcony, Pool, walk to Beach.",Hodnett Cooper Vacation Rentals,,62070,96640,602.62,52.55,245,3,3,8,true,false,true,true,true,true,true,Home/Apartment,Condominium (condo),Apt/Condo/Loft,4.95,21,2,21+,Luxury,true,356,true,103,15,2026-05-15,Amelia/St. Simons/Jekyll Islands,Saint Simons Island,Saint Simons Island,Georgia,31522,United States,coastal,https://www.airbnb.com/rooms/44018437,https://a0.muscache.com/im/pictures/prohost-api/Hosting-44018437/original/7a3741d1-fa04-4ba9-b374-d8398a16b8ec.jpeg,44018437,2007265,31.14217,-81.3756,"=AVERAGE($G$2:$G$1001)","=AVERAGE($D$2:$D$1001)","=IFERROR(($AT774-G774)/$AT774,0)","=IFERROR(($AU774-D774)/$AU774,0)","=$AU774-D774"
Ocean Oaks Coastal Beauty - Ospo Bungalow,Parker Kaufman,,62045,151264,849.93,87.95,103,4,4,10,true,false,false,true,true,false,true,Home/Apartment,House,House/villa,5,10,3,21+,Luxury,false,551,true,73,9,2026-04-04,Amelia/St. Simons/Jekyll Islands,Jekyll Island,Jekyll Island,Georgia,31527,United States,coastal,https://www.airbnb.com/rooms/41591355,https://a0.muscache.com/im/pictures/prohost-api/Hosting-41591355/original/1b323799-bf23-4fb0-9243-c7536b80b774.jpeg,41591355,1624052,31.03457,-81.41587,"=AVERAGE($G$2:$G$1001)","=AVERAGE($D$2:$D$1001)","=IFERROR(($AT775-G775)/$AT775,0)","=IFERROR(($AU775-D775)/$AU775,0)","=$AU775-D775"
Right on the beach! - 4-Bedroom Oceanfront Home in Amelia Island,,,61963,119117,737.65,52.17,165,4,3,12,true,false,false,true,true,false,false,Home/Apartment,House,House/villa,4.5,4,4,1,Luxury,false,450,false,84,15,2026-05-14,Amelia/St. Simons/Jekyll Islands,Fernandina Beach,Fernandina Beach,Florida,32034,United States,coastal,https://www.vrbo.com/4488394,"https://media.vrbo.com/lodging/115000000/114110000/114105300/114105249/21f16e14.jpg?impolicy=resizecrop&rw=1200&ra=fit",,4488394,30.655413,-81.430757,"=AVERAGE($G$2:$G$1001)","=AVERAGE($D$2:$D$1001)","=IFERROR(($AT776-G776)/$AT776,0)","=IFERROR(($AU776-D776)/$AU776,0)","=$AU776-D776"
St. Simons Grand 224 - Panoramic Oceanfront Resort,Real Escapes,,61780,66311,537.22,57.5,253,3,3,8,true,true,true,true,true,false,true,Home/Apartment,Condominium (condo),Apt/Condo/Loft,4.55,44,1,21+,Luxury,true,292,true,115,26,2026-05-13,Amelia/St. Simons/Jekyll Islands,Saint Simons Island,Saint Simons Island,Georgia,31522,United States,coastal,https://www.airbnb.com/rooms/31223088,https://a0.muscache.com/im/pictures/prohost-api/Hosting-31223088/original/ec5a4ad8-a349-44e3-9324-8134bbdf7720.jpeg,31223088,1457513,31.1403,-81.37611,"=AVERAGE($G$2:$G$1001)","=AVERAGE($D$2:$D$1001)","=IFERROR(($AT777-G777)/$AT777,0)","=IFERROR(($AU777-D777)/$AU777,0)","=$AU777-D777"
1136 Beach Walker,Moore Amelia Island Rentals,,61621,75809,648.64,76.61,124,3,2,8,true,false,false,true,true,false,true,Home/Apartment,House,House/villa,4.8,19,3,21+,Luxury,true,420,true,95,14,2026-02-17,Amelia/St. Simons/Jekyll Islands,Fernandina Beach,Fernandina Beach,Florida,32034,United States,coastal,https://www.airbnb.com/rooms/938316258512363529,https://a0.muscache.com/im/pictures/prohost-api/Hosting-938316258512363529/original/a88f0c20-a55b-43c2-a78e-cce41db362b4.jpeg,938316258512363529,3516158,30.5506,-81.4435,"=AVERAGE($G$2:$G$1001)","=AVERAGE($D$2:$D$1001)","=IFERROR(($AT778-G778)/$AT778,0)","=IFERROR(($AU778-D778)/$AU778,0)","=$AU778-D778"
The Osprey Nest,Emmons Realty Corporation,,61466,83242,1396.95,28.39,235,7,7,14,true,false,false,true,true,false,true,Home/Apartment,House,House/villa,4.5,2,3,21+,Luxury,false,990,true,44,12,2026-05-15,Amelia/St. Simons/Jekyll Islands,Saint Simons Island,Saint Simons Island,Georgia,31522,United States,coastal,https://www.airbnb.com/rooms/1466228059137141665,https://a0.muscache.com/im/pictures/prohost-api/Hosting-1466228059137141665/original/409f467c-2363-443c-bf1d-e4ff7e4e7d02.jpeg,1466228059137141665,4698603,31.155,-81.3797,"=AVERAGE($G$2:$G$1001)","=AVERAGE($D$2:$D$1001)","=IFERROR(($AT779-G779)/$AT779,0)","=IFERROR(($AU779-D779)/$AU779,0)","=$AU779-D779"
Large marsh front home with private pool and short walk to beach.,georgia beach rentals,,61435,65113,1806.91,36.17,96,5,5,14,true,false,false,true,true,false,true,Home/Apartment,House,House/villa,5,2,4,21+,Luxury,false,600,false,34,5,2026-05-12,Amelia/St. Simons/Jekyll Islands,Saint Simons Island,Saint Simons Island,Georgia,31522,United States,coastal,https://www.vrbo.com/2717813,"https://media.vrbo.com/lodging/77000000/76550000/76546500/76546406/f621813c.jpg?impolicy=resizecrop&rw=1200&ra=fit",,2717813,31.153659,-81.369737,"=AVERAGE($G$2:$G$1001)","=AVERAGE($D$2:$D$1001)","=IFERROR(($AT780-G780)/$AT780,0)","=IFERROR(($AU780-D780)/$AU780,0)","=$AU780-D780"
5 Ocean Place -1st Floor Oceanfront 3 BR Condo Nex,Luxury Rentals of Amelia,,61313,97392,589.55,45.22,260,3,3,6,true,false,false,true,false,false,true,Home/Apartment,Condominium (condo),Apt/Condo/Loft,4.4,12,3,21+,Luxury,false,342,true,104,23,2026-05-17,Amelia/St. Simons/Jekyll Islands,Fernandina Beach,Fernandina Beach,Florida,32034,United States,coastal,https://www.airbnb.com/rooms/1386132301688019434,https://a0.muscache.com/im/pictures/hosting/Hosting-1386132301688019434/original/27ea9d3a-5095-4bff-b6d5-d1dce6e775ab.jpeg,1386132301688019434,1679597,30.5922,-81.4442,"=AVERAGE($G$2:$G$1001)","=AVERAGE($D$2:$D$1001)","=IFERROR(($AT781-G781)/$AT781,0)","=IFERROR(($AU781-D781)/$AU781,0)","=$AU781-D781"
Oceanfront 3 Bedrooom BeachWalker Condo,Amelia Island Rentals,,60521,70538,484.17,54.11,330,3,3,6,true,false,false,true,true,false,true,Home/Apartment,Condominium (condo),Apt/Condo/Loft,4.35,36,3,21+,Luxury,false,222,false,125,24,2026-05-13,Amelia/St. Simons/Jekyll Islands,Fernandina Beach,Fernandina Beach,Florida,32034,United States,coastal,https://www.airbnb.com/rooms/30978681,https://a0.muscache.com/im/pictures/prohost-api/Hosting-30978681/original/f7a5ea10-f9c0-4527-91e6-1fc27313b374.jpeg,30978681,990350,30.55171,-81.44246,"=AVERAGE($G$2:$G$1001)","=AVERAGE($D$2:$D$1001)","=IFERROR(($AT782-G782)/$AT782,0)","=IFERROR(($AU782-D782)/$AU782,0)","=$AU782-D782"
Beautiful Ocean Oaks 04,Parker Kaufman,,60345,133579,957.86,37.95,198,5,4,14,true,false,false,true,true,false,true,Home/Apartment,House,House/villa,4.7,25,3,21+,Luxury,false,550,true,63,11,2026-05-11,Amelia/St. Simons/Jekyll Islands,Jekyll Island,Jekyll Island,Georgia,31527,United States,coastal,https://www.airbnb.com/rooms/40781528,https://a0.muscache.com/im/pictures/prohost-api/Hosting-40781528/original/e46d0875-31af-4256-8e0b-e5ca408f8260.jpeg,40781528,1624051,31.03695,-81.41587,"=AVERAGE($G$2:$G$1001)","=AVERAGE($D$2:$D$1001)","=IFERROR(($AT783-G783)/$AT783,0)","=IFERROR(($AU783-D783)/$AU783,0)","=$AU783-D783"
Beautiful 3 bed - 3 bath home located in Village O,Real Escapes,,60283,79061,482.26,48.08,274,3,3,6,true,false,false,true,true,false,false,Home/Apartment,House,House/villa,5,13,2,21+,Luxury,true,266,true,125,36,2026-05-13,Amelia/St. Simons/Jekyll Islands,Saint Simons Island,Saint Simons Island,Georgia,31522,United States,coastal,https://www.airbnb.com/rooms/1071159524000868932,https://a0.muscache.com/im/pictures/prohost-api/Hosting-1071159524000868932/original/870ba342-a5b1-4af8-a375-dca998a7ef10.jpeg,1071159524000868932,3813698,31.13798,-81.39722,"=AVERAGE($G$2:$G$1001)","=AVERAGE($D$2:$D$1001)","=IFERROR(($AT784-G784)/$AT784,0)","=IFERROR(($AU784-D784)/$AU784,0)","=$AU784-D784"
3 Bedroom/3Bath Oceanfront PentHouse in Shipwatch,Amelia Island Rentals,,60127,107168,653.55,47.18,247,3,3,10,true,false,false,true,true,false,false,Home/Apartment,Condominium (condo),Apt/Condo/Loft,4.7,10,3,21+,Luxury,false,248,false,92,26,2026-05-13,Amelia/St. Simons/Jekyll Islands,Fernandina Beach,Fernandina Beach,Florida,32034,United States,coastal,https://www.airbnb.com/rooms/1112998494527615400,https://a0.muscache.com/im/pictures/prohost-api/Hosting-1112998494527615400/original/bc1cbe2a-391a-407c-9bee-295631817c8e.jpeg,1112998494527615400,3908079,30.54702,-81.44244,"=AVERAGE($G$2:$G$1001)","=AVERAGE($D$2:$D$1001)","=IFERROR(($AT785-G785)/$AT785,0)","=IFERROR(($AU785-D785)/$AU785,0)","=$AU785-D785"
Dog Friendly! 3 Bedroom 3 Bath Townhome,ERA Fernandina Beach Realty,,59964,89228,731.27,38.14,240,3,3,8,true,false,false,true,true,true,false,Home/Apartment,House,House/villa,4.7,17,2,21+,Luxury,false,1504,true,82,21,2026-05-14,Amelia/St. Simons/Jekyll Islands,Fernandina Beach,Fernandina Beach,Florida,32034,United States,coastal,https://www.airbnb.com/rooms/42353969,https://a0.muscache.com/im/pictures/prohost-api/Hosting-42353969/original/5335960f-6c8d-47ef-b574-08d03c6c454e.jpeg,42353969,9388586ha,30.66497,-81.43241,"=AVERAGE($G$2:$G$1001)","=AVERAGE($D$2:$D$1001)","=IFERROR(($AT786-G786)/$AT786,0)","=IFERROR(($AU786-D786)/$AU786,0)","=$AU786-D786"
"Ranch House w/ docks, pool, & private firepit",Mountain & Marsh,,59888,66708,520.77,34.74,331,3,2,6,true,false,false,true,true,true,true,Home/Apartment,House,House/villa,5,39,2,6-20,Luxury,true,205,true,115,38,2026-05-13,Amelia/St. Simons/Jekyll Islands,Darien,Darien,Georgia,31305,United States,coastal,https://www.airbnb.com/rooms/54165263,https://a0.muscache.com/im/pictures/miso/Hosting-54165263/original/a5ab2f9d-a985-4107-9383-e808e08ab4d4.jpeg,54165263,2071862,31.42069,-81.41201,"=AVERAGE($G$2:$G$1001)","=AVERAGE($D$2:$D$1001)","=IFERROR(($AT787-G787)/$AT787,0)","=IFERROR(($AU787-D787)/$AU787,0)","=$AU787-D787"
Redecorated Foreshore Condo with Spacious Balcony,RedAwning,,59671,170023,1612.73,34.58,183,3,2,8,true,false,false,true,true,false,true,Home/Apartment,Condominium (condo),Apt/Condo/Loft,4.75,7,2,21+,Luxury,false,659,true,37,8,2026-04-18,Amelia/St. Simons/Jekyll Islands,Fernandina Beach,Fernandina Beach,Florida,32034,United States,coastal,https://www.airbnb.com/rooms/37603747,https://a0.muscache.com/im/pictures/prohost-api/Hosting-37603747/original/e44f736b-f338-4696-a10b-5bf28b2efdeb.jpeg,37603747,4900987ha,30.6196,-81.4401,"=AVERAGE($G$2:$G$1001)","=AVERAGE($D$2:$D$1001)","=IFERROR(($AT788-G788)/$AT788,0)","=IFERROR(($AU788-D788)/$AU788,0)","=$AU788-D788"
A Little Gem - Ocean Views with Private Elevator,654994873,,59630,72159,514.05,57.71,288,3,3,8,true,false,false,true,true,false,false,Home/Apartment,House,House/villa,4.9,12,4,6-20,Luxury,true,469,true,116,22,2026-05-14,Amelia/St. Simons/Jekyll Islands,Jekyll Island,Jekyll Island,Georgia,31527,United States,coastal,https://www.airbnb.com/rooms/1294323077919903500,https://a0.muscache.com/im/pictures/hosting/Hosting-U3RheVN1cHBseUxpc3Rpbmc6MTI5NDMyMzA3NzkxOTkwMzUwMA%3D%3D/original/796da464-8126-4e08-8d18-8a1346195c31.jpeg,1294323077919903500,4649417,31.0818,-81.4029,"=AVERAGE($G$2:$G$1001)","=AVERAGE($D$2:$D$1001)","=IFERROR(($AT789-G789)/$AT789,0)","=IFERROR(($AU789-D789)/$AU789,0)","=$AU789-D789"
Sandpiper Cottage - Beach Front,363833205,,59623,84803,578.86,39.62,279,3,4,8,true,false,false,true,true,false,false,Home/Apartment,House,House/villa,5,24,5,1,Luxury,false,300,false,103,21,2026-02-01,Amelia/St. Simons/Jekyll Islands,Saint Simons Island,Saint Simons Island,Georgia,31522,United States,coastal,https://www.airbnb.com/rooms/1015253747930168687,https://a0.muscache.com/im/pictures/miso/Hosting-1015253747930168687/original/52e7941e-ed2c-4f66-8c2a-6b5c52142a03.jpeg,1015253747930168687,3638056,31.1444,-81.3725,"=AVERAGE($G$2:$G$1001)","=AVERAGE($D$2:$D$1001)","=IFERROR(($AT790-G790)/$AT790,0)","=IFERROR(($AU790-D790)/$AU790,0)","=$AU790-D790"
NEW POOL AND HOT TUB -Incredible Oceanfront Home with Amazing Views ~ Boardwalk,,,59162,86637,758.49,78.79,100,4,3,10,true,false,true,true,true,false,true,Home/Apartment,House,House/villa,4.9,174,3,1,Luxury,false,100,true,78,18,2026-05-17,Amelia/St. Simons/Jekyll Islands,Fernandina Beach,Fernandina Beach,Florida,32034,United States,coastal,https://www.vrbo.com/1013658,"https://media.vrbo.com/lodging/34000000/33510000/33505700/33505665/283d5529.jpg?impolicy=resizecrop&rw=1200&ra=fit",,1013658,30.62584,-81.439,"=AVERAGE($G$2:$G$1001)","=AVERAGE($D$2:$D$1001)","=IFERROR(($AT791-G791)/$AT791,0)","=IFERROR(($AU791-D791)/$AU791,0)","=$AU791-D791"
Home with community pool and direct beach access.,Hodnett Cooper Vacation Rentals,,58404,67117,474.83,45.72,332,3,2,6,true,false,false,true,true,false,true,Home/Apartment,House,House/villa,4.35,3,2,21+,Luxury,true,445,true,123,27,2026-05-13,Amelia/St. Simons/Jekyll Islands,Saint Simons Island,Saint Simons Island,Georgia,31522,United States,coastal,https://www.airbnb.com/rooms/1194134738610699648,https://a0.muscache.com/im/pictures/prohost-api/Hosting-1194134738610699648/original/5175d89d-cdfb-405a-b77c-ec1875dce248.jpeg,1194134738610699648,4084079,31.14441,-81.37442,"=AVERAGE($G$2:$G$1001)","=AVERAGE($D$2:$D$1001)","=IFERROR(($AT792-G792)/$AT792,0)","=IFERROR(($AU792-D792)/$AU792,0)","=$AU792-D792"
"4 Level Luxury Cottage on East Beach, Private Pool, Roofdeck, Game Room, Bikes",,,58228,72674,1386.38,34.71,127,7,8,16,true,false,false,true,true,false,true,Home/Apartment,House,House/villa,5,185,3,1,Luxury,false,475,false,42,6,2025-09-13,Amelia/St. Simons/Jekyll Islands,Saint Simons Island,Saint Simons Island,Georgia,31522,United States,coastal,https://www.vrbo.com/345088,"https://media.vrbo.com/lodging/34000000/33260000/33251900/33251871/e26451ff.jpg?impolicy=resizecrop&rw=1200&ra=fit",,345088,31.14562,-81.3744,"=AVERAGE($G$2:$G$1001)","=AVERAGE($D$2:$D$1001)","=IFERROR(($AT793-G793)/$AT793,0)","=IFERROR(($AU793-D793)/$AU793,0)","=$AU793-D793"
Luxury Amelia Island Plantation Villa - Walk Across Street to Beach Access!,Destination Amelia Vacation Rentals,,57979,104570,644.21,48.65,233,3,3,8,true,false,false,true,true,true,true,Home/Apartment,House,House/villa,5,4,3,21+,Luxury,false,235,true,90,19,2026-05-16,Amelia/St. Simons/Jekyll Islands,Fernandina Beach,Fernandina Beach,Florida,32034,United States,coastal,https://www.vrbo.com/3140596,"https://media.vrbo.com/lodging/90000000/89690000/89683200/89683177/138236c4.jpg?impolicy=resizecrop&rw=1200&ra=fit",,3140596,30.562011,-81.445857,"=AVERAGE($G$2:$G$1001)","=AVERAGE($D$2:$D$1001)","=IFERROR(($AT794-G794)/$AT794,0)","=IFERROR(($AU794-D794)/$AU794,0)","=$AU794-D794"
Spacious Oceanfront Villa with Pool Sleeps 6!,Destination Amelia,,57505,72627,653.47,41.31,269,3,3,6,true,false,false,true,true,false,true,Home/Apartment,House,House/villa,4.85,8,3,21+,Luxury,true,315,false,88,19,2026-05-16,Amelia/St. Simons/Jekyll Islands,Fernandina Beach,Fernandina Beach,Florida,32034,United States,coastal,https://www.airbnb.com/rooms/1321004241826629090,https://a0.muscache.com/im/pictures/prohost-api/Hosting-1321004241826629090/original/78e13193-cf3b-440a-a0ff-04ede1b1bd8b.jpeg,1321004241826629090,2982462,30.54799,-81.44403,"=AVERAGE($G$2:$G$1001)","=AVERAGE($D$2:$D$1001)","=IFERROR(($AT795-G795)/$AT795,0)","=IFERROR(($AU795-D795)/$AU795,0)","=$AU795-D795"
Amelia Island Plantation Beachfront,,,57501,87501,558.26,47.03,279,3,3,6,true,false,false,true,true,false,true,Home/Apartment,Condominium (condo),Apt/Condo/Loft,5,15,3,1,Luxury,false,149,false,103,18,2026-05-14,Amelia/St. Simons/Jekyll Islands,Fernandina Beach,Fernandina Beach,Florida,32034,United States,coastal,https://www.vrbo.com/39263,"https://media.vrbo.com/lodging/70000000/69500000/69492400/69492357/89e23d7c.jpg?impolicy=resizecrop&rw=1200&ra=fit",,39263,30.548588,-81.441605,"=AVERAGE($G$2:$G$1001)","=AVERAGE($D$2:$D$1001)","=IFERROR(($AT796-G796)/$AT796,0)","=IFERROR(($AU796-D796)/$AU796,0)","=$AU796-D796"
"Stunning Ocean views, 3 bedroom condo-2 parking",ERA Fernandina Beach Realty,,57295,88106,753.88,63.87,221,3,2,6,true,false,false,true,true,false,true,Home/Apartment,Condominium (condo),Apt/Condo/Loft,4.5,2,2,21+,Luxury,false,839,true,76,11,2026-05-13,Amelia/St. Simons/Jekyll Islands,Fernandina Beach,Fernandina Beach,Florida,32034,United States,coastal,https://www.airbnb.com/rooms/35031247,https://a0.muscache.com/im/pictures/prohost-api/Hosting-35031247/original/8fde50e8-ade0-4555-b7d7-36dc74e043c9.jpeg,35031247,,30.61775,-81.44018,"=AVERAGE($G$2:$G$1001)","=AVERAGE($D$2:$D$1001)","=IFERROR(($AT797-G797)/$AT797,0)","=IFERROR(($AU797-D797)/$AU797,0)","=$AU797-D797"
Pet Friendly! Coastal Vibes and Oceanfront Views,Stay Better Vacations,,57196,62322,549.96,43.51,325,3,2,6,true,false,false,true,true,true,true,Home/Apartment,Villa,House/villa,5,4,3,21+,Luxury,true,241,false,104,23,2026-05-14,Amelia/St. Simons/Jekyll Islands,Fernandina Beach,Fernandina Beach,Florida,32034,United States,coastal,https://www.airbnb.com/rooms/1415863067077186226,https://a0.muscache.com/im/pictures/prohost-api/Hosting-1415863067077186226/original/80408f3f-ce2d-4688-b96c-d88ee22884f8.jpeg,1415863067077186226,4562997,30.5506,-81.4435,"=AVERAGE($G$2:$G$1001)","=AVERAGE($D$2:$D$1001)","=IFERROR(($AT798-G798)/$AT798,0)","=IFERROR(($AU798-D798)/$AU798,0)","=$AU798-D798"
Sandpiper Tastefully Decorated Townhouse,RedAwning,,57095,65404,391.06,46.5,320,3,2,8,true,false,false,true,true,false,true,Home/Apartment,Townhouse,Apt/Condo/Loft,4.8,187,1,21+,Luxury,false,434,true,146,38,2023-02-23,Amelia/St. Simons/Jekyll Islands,Fernandina Beach,Fernandina Beach,Florida,32034,United States,coastal,https://www.airbnb.com/rooms/37603421,"https://a0.muscache.com/im/pictures/prohost-api/Hosting-37603421/original/4f253ebd-3be6-4717-98e8-1fe55ab29e09.jpeg?aki_policy=x_large",37603421,7035183ha,30.600616,-81.443024,"=AVERAGE($G$2:$G$1001)","=AVERAGE($D$2:$D$1001)","=IFERROR(($AT799-G799)/$AT799,0)","=IFERROR(($AU799-D799)/$AU799,0)","=$AU799-D799"
3 bed/3 bath Luxury Condominium - Ocean Front!,Real Escapes,,57093,62252,496.46,36.98,317,3,3,6,true,true,false,true,true,false,false,Home/Apartment,Condominium (condo),Apt/Condo/Loft,4.8,66,2,21+,Luxury,true,276,true,115,33,2026-05-16,Amelia/St. Simons/Jekyll Islands,Saint Simons Island,Saint Simons Island,Georgia,31522,United States,coastal,https://www.airbnb.com/rooms/32016847,https://a0.muscache.com/im/pictures/prohost-api/Hosting-32016847/original/0a934646-d46e-4288-b38d-0e657597ed52.jpeg,32016847,1168046,31.13575,-81.38434,"=AVERAGE($G$2:$G$1001)","=AVERAGE($D$2:$D$1001)","=IFERROR(($AT800-G800)/$AT800,0)","=IFERROR(($AU800-D800)/$AU800,0)","=$AU800-D800"
Honu Kai,RedAwning,,56862,73005,466.08,44.53,316,3,3,8,true,false,false,true,true,false,true,Home/Apartment,Townhouse,Apt/Condo/Loft,4.8,66,3,21+,Luxury,false,384,true,122,26,2025-11-20,Amelia/St. Simons/Jekyll Islands,Jekyll Island,Jekyll Island,Georgia,31527,United States,coastal,https://www.airbnb.com/rooms/48316621,https://a0.muscache.com/im/pictures/prohost-api/Hosting-48316621/original/497aaf1c-4b48-4bc1-87cc-226e0be06571.jpeg,48316621,1648760,31.088156,-81.403152,"=AVERAGE($G$2:$G$1001)","=AVERAGE($D$2:$D$1001)","=IFERROR(($AT801-G801)/$AT801,0)","=IFERROR(($AU801-D801)/$AU801,0)","=$AU801-D801"
1134 Beach Walker - Hosted by Moore AI Rentals,Moore Amelia Island Rentals,,56858,88212,618.02,45.77,284,3,3,9,true,false,false,true,true,false,true,Home/Apartment,Condominium (condo),Apt/Condo/Loft,5,6,3,21+,Luxury,true,420,true,92,19,2026-05-16,Amelia/St. Simons/Jekyll Islands,Fernandina Beach,Fernandina Beach,Florida,32034,United States,coastal,https://www.airbnb.com/rooms/1194841067872476593,https://a0.muscache.com/im/pictures/prohost-api/Hosting-1194841067872476593/original/c2c03006-7615-4927-89ab-14c30b25b020.jpeg,1194841067872476593,4087824,30.55127,-81.44425,"=AVERAGE($G$2:$G$1001)","=AVERAGE($D$2:$D$1001)","=IFERROR(($AT802-G802)/$AT802,0)","=IFERROR(($AU802-D802)/$AU802,0)","=$AU802-D802"
Newmans Beachview,RedAwning,,56816,69263,546.31,63.41,164,3,3,8,true,false,false,true,true,false,true,Home/Apartment,House,House/villa,5,2,3,21+,Luxury,false,385,true,104,20,2025-11-21,Amelia/St. Simons/Jekyll Islands,Jekyll Island,Jekyll Island,Georgia,31527,United States,coastal,https://www.airbnb.com/rooms/48316654,https://a0.muscache.com/im/pictures/prohost-api/Hosting-48316654/original/9c6be82f-b81a-47dc-ab38-9e3bc473f296.jpeg,48316654,,31.073915,-81.405107,"=AVERAGE($G$2:$G$1001)","=AVERAGE($D$2:$D$1001)","=IFERROR(($AT803-G803)/$AT803,0)","=IFERROR(($AU803-D803)/$AU803,0)","=$AU803-D803"
Austin Mermaid,RedAwning,,56314,84399,516.64,46.58,261,3,2,8,true,false,false,true,true,false,true,Home/Apartment,House,House/villa,4.9,88,3,21+,Luxury,false,384,true,109,23,2025-11-20,Amelia/St. Simons/Jekyll Islands,Jekyll Island,Jekyll Island,Georgia,31527,United States,coastal,https://www.airbnb.com/rooms/48316516,https://a0.muscache.com/im/pictures/prohost-api/Hosting-48316516/original/e7d8ddf8-c684-4905-93ae-aabb3022ef87.jpeg,48316516,625893,31.084682,-81.403215,"=AVERAGE($G$2:$G$1001)","=AVERAGE($D$2:$D$1001)","=IFERROR(($AT804-G804)/$AT804,0)","=IFERROR(($AU804-D804)/$AU804,0)","=$AU804-D804"
Multi-level Home Private Pool Oceanfront!,ERA Fernandina Beach Realty,,56311,193790,3312.41,100,18,5,4,15,true,false,false,true,true,false,true,Home/Apartment,House,House/villa,5,1,1,21+,Luxury,false,755,true,17,1,2025-06-05,Amelia/St. Simons/Jekyll Islands,Fernandina Beach,Fernandina Beach,Florida,32034,United States,coastal,https://www.airbnb.com/rooms/35031426,https://a0.muscache.com/im/pictures/prohost-api/Hosting-35031426/original/5f18325a-180e-4c0f-b54b-cf36111e0e26.jpeg,35031426,,30.60283,-81.44232,"=AVERAGE($G$2:$G$1001)","=AVERAGE($D$2:$D$1001)","=IFERROR(($AT805-G805)/$AT805,0)","=IFERROR(($AU805-D805)/$AU805,0)","=$AU805-D805"
Magnolia Cottage -Gorgeous 3br/3ba with Marsh View,Real Escapes,,56205,76606,497.39,63.48,206,3,3,8,true,false,false,true,true,false,true,Home/Apartment,House,House/villa,4.9,30,3,21+,Luxury,true,292,true,113,21,2026-05-13,Amelia/St. Simons/Jekyll Islands,Saint Simons Island,Saint Simons Island,Georgia,31522,United States,coastal,https://www.airbnb.com/rooms/48422724,https://a0.muscache.com/im/pictures/prohost-api/Hosting-48422724/original/8c8a601b-bc6f-42a3-9d22-d6268fd71a14.jpeg,48422724,2220278,31.14638,-81.37373,"=AVERAGE($G$2:$G$1001)","=AVERAGE($D$2:$D$1001)","=IFERROR(($AT806-G806)/$AT806,0)","=IFERROR(($AU806-D806)/$AU806,0)","=$AU806-D806"
"Luxurious beach cottage w/large patio, pool, & guesthouse - 2 min walk to beach",Vacasa,,56049,64698,709.48,63.71,124,3,3,8,true,false,false,true,true,false,true,Home/Apartment,House,House/villa,4.9,19,4,21+,Luxury,false,235,true,79,15,2025-10-01,Amelia/St. Simons/Jekyll Islands,Fernandina Beach,Fernandina Beach,Florida,32034,United States,coastal,https://www.vrbo.com/3777534,"https://media.vrbo.com/lodging/102000000/101250000/101244300/101244281/1774700c.jpg?impolicy=resizecrop&rw=1200&ra=fit",,3777534,30.65987,-81.43264,"=AVERAGE($G$2:$G$1001)","=AVERAGE($D$2:$D$1001)","=IFERROR(($AT807-G807)/$AT807,0)","=IFERROR(($AU807-D807)/$AU807,0)","=$AU807-D807"
Ocean Cottage 46 The Cottages at Jekyll Island Oce,Parker Kaufman,,55939,67130,565.04,34.14,310,3,3,8,true,false,false,true,true,false,true,Home/Apartment,Townhouse,Apt/Condo/Loft,4.8,56,3,21+,Luxury,false,425,true,99,25,2026-05-13,Amelia/St. Simons/Jekyll Islands,Jekyll Island,Jekyll Island,Georgia,31527,United States,coastal,https://www.airbnb.com/rooms/40916351,https://a0.muscache.com/im/pictures/prohost-api/Hosting-40916351/original/3601419d-ac3d-49ce-a4be-1ae44d0cb4ad.jpeg,40916351,1062713,31.08907,-81.40199,"=AVERAGE($G$2:$G$1001)","=AVERAGE($D$2:$D$1001)","=IFERROR(($AT808-G808)/$AT808,0)","=IFERROR(($AU808-D808)/$AU808,0)","=$AU808-D808"
"Newmans Beachview 3 bedrooms, 3 bathrooms",Jekyll Realty,,55907,60811,405.12,61.33,244,3,3,8,true,false,false,true,true,false,true,Home/Apartment,House,House/villa,4.8,82,1,21+,Luxury,true,426,true,138,21,2026-05-16,Amelia/St. Simons/Jekyll Islands,Jekyll Island,Jekyll Island,Georgia,31527,United States,coastal,https://www.airbnb.com/rooms/1556571458041693351,https://a0.muscache.com/im/pictures/prohost-api/Hosting-1556571458041693351/original/90128c92-bf07-48fa-a204-2e705d424060.jpeg,1556571458041693351,625925,31.0739,-81.4051,"=AVERAGE($G$2:$G$1001)","=AVERAGE($D$2:$D$1001)","=IFERROR(($AT809-G809)/$AT809,0)","=IFERROR(($AU809-D809)/$AU809,0)","=$AU809-D809"
The Shell,Moore Amelia Island Rentals,,55816,59950,641.56,43.07,218,3,2,6,true,false,false,true,true,false,false,Home/Apartment,House,House/villa,4.85,114,3,21+,Luxury,true,331,true,87,21,2026-01-05,Amelia/St. Simons/Jekyll Islands,Fernandina Beach,Fernandina Beach,Florida,32034,United States,coastal,https://www.airbnb.com/rooms/43625733,https://a0.muscache.com/im/pictures/prohost-api/Hosting-43625733/original/e65ad1cd-9edc-4142-bc37-1489fc42d6ea.jpeg,43625733,1995642,30.5711479187,-81.4440536499,"=AVERAGE($G$2:$G$1001)","=AVERAGE($D$2:$D$1001)","=IFERROR(($AT810-G810)/$AT810,0)","=IFERROR(($AU810-D810)/$AU810,0)","=$AU810-D810"
Ocean Place 31 - Splash by the Sea,Mock's Amelia Vacations,,55669,75776,592.22,62.25,151,3,3,6,true,false,false,true,true,false,true,Home/Apartment,Condominium (condo),Apt/Condo/Loft,4.9,32,1,21+,Luxury,false,225,true,94,20,2025-10-01,Amelia/St. Simons/Jekyll Islands,Fernandina Beach,Fernandina Beach,Florida,32034,United States,coastal,https://www.vrbo.com/2576169,"https://media.vrbo.com/lodging/74000000/73550000/73547600/73547595/813711c1.jpg?impolicy=resizecrop&rw=1200&ra=fit",,2576169,30.59169,-81.44416,"=AVERAGE($G$2:$G$1001)","=AVERAGE($D$2:$D$1001)","=IFERROR(($AT811-G811)/$AT811,0)","=IFERROR(($AU811-D811)/$AU811,0)","=$AU811-D811"
Sea Dunes 3 bedroom Oceanfront Beach Condo,,,55522,104311,721.06,71.3,116,3,3,6,true,false,false,true,true,false,true,Home/Apartment,Condominium (condo),Apt/Condo/Loft,5,76,4,1,Luxury,false,50,false,77,12,2026-05-15,Amelia/St. Simons/Jekyll Islands,Fernandina Beach,Fernandina Beach,Florida,32034,United States,coastal,https://www.vrbo.com/1054060,"https://media.vrbo.com/lodging/34000000/33710000/33707000/33706915/1728e5b4.jpg?impolicy=resizecrop&rw=1200&ra=fit",,1054060,30.543323,-81.440904,"=AVERAGE($G$2:$G$1001)","=AVERAGE($D$2:$D$1001)","=IFERROR(($AT812-G812)/$AT812,0)","=IFERROR(($AU812-D812)/$AU812,0)","=$AU812-D812"
Ocean Cottage 122 Deja Blue The Cottages at Jekyl,Parker Kaufman,,55443,70029,504.03,48.67,257,3,3,6,true,false,false,true,true,false,true,Home/Apartment,Townhouse,Apt/Condo/Loft,4.9,8,3,21+,Luxury,false,426,true,110,20,2026-05-13,Amelia/St. Simons/Jekyll Islands,Jekyll Island,Jekyll Island,Georgia,31527,United States,coastal,https://www.airbnb.com/rooms/51227393,https://a0.muscache.com/im/pictures/prohost-api/Hosting-51227393/original/4d762af3-fa3d-452f-9b3b-64053b5beca8.jpeg,51227393,,31.09058,-81.40358,"=AVERAGE($G$2:$G$1001)","=AVERAGE($D$2:$D$1001)","=IFERROR(($AT813-G813)/$AT813,0)","=IFERROR(($AU813-D813)/$AU813,0)","=$AU813-D813"
"4326 11th St, Hank''s Cottage",Hodnett Cooper Vacation Rentals,,55373,63332,622.17,39.04,325,3,4,8,true,false,false,true,true,false,true,Home/Apartment,House,House/villa,5,69,2,21+,Luxury,false,300,true,89,16,2021-05-07,Amelia/St. Simons/Jekyll Islands,Saint Simons Island,Saint Simons Island,Georgia,31522,United States,coastal,https://www.airbnb.com/rooms/23743425,"https://a0.muscache.com/im/pictures/9700944b-40ac-41eb-a9df-292146609d9f.jpg?aki_policy=x_large",23743425,598245,31.15199,-81.36839,"=AVERAGE($G$2:$G$1001)","=AVERAGE($D$2:$D$1001)","=IFERROR(($AT814-G814)/$AT814,0)","=IFERROR(($AU814-D814)/$AU814,0)","=$AU814-D814"
Classic Sea Island Cottage with 3 Bedrooms and 3,Georgia Coast Realty,,54910,104445,703.97,39.8,232,3,3,6,true,false,false,true,true,false,false,Home/Apartment,House,House/villa,4.75,21,3,21+,Luxury,false,365,false,78,19,2026-05-13,Amelia/St. Simons/Jekyll Islands,Saint Simons Island,Sea Island,Georgia,31561,United States,coastal,https://www.airbnb.com/rooms/1050852332386138262,https://a0.muscache.com/im/pictures/prohost-api/Hosting-1050852332386138262/original/500e93ff-2263-4540-a4f0-58bfe2b4f582.jpeg,1050852332386138262,1311659,31.1848,-81.3472,"=AVERAGE($G$2:$G$1001)","=AVERAGE($D$2:$D$1001)","=IFERROR(($AT815-G815)/$AT815,0)","=IFERROR(($AU815-D815)/$AU815,0)","=$AU815-D815"
Sweetpeas Cottage,RedAwning,,54339,100024,538.01,45.5,252,3,3,8,true,false,false,true,true,false,true,Home/Apartment,House,House/villa,4.6,71,3,21+,Luxury,false,383,true,101,22,2025-11-20,Amelia/St. Simons/Jekyll Islands,Jekyll Island,Jekyll Island,Georgia,31527,United States,coastal,https://www.airbnb.com/rooms/48316697,https://a0.muscache.com/im/pictures/prohost-api/Hosting-48316697/original/e46903ed-d35d-4b1c-9089-480ab585aec7.jpeg,48316697,625898,31.084897,-81.402893,"=AVERAGE($G$2:$G$1001)","=AVERAGE($D$2:$D$1001)","=IFERROR(($AT816-G816)/$AT816,0)","=IFERROR(($AU816-D816)/$AU816,0)","=$AU816-D816"
"2nd Floor, 3 Bed/2 Bath Oceanfront Condo!",ERA Fernandina Beach Realty,,54312,76842,2586.29,43.75,48,3,2,8,true,false,false,true,true,false,true,Home/Apartment,Condominium (condo),Apt/Condo/Loft,4.05,7,2,21+,Luxury,false,461,true,21,3,2025-01-13,Amelia/St. Simons/Jekyll Islands,Fernandina Beach,Fernandina Beach,Florida,32034,United States,coastal,https://www.airbnb.com/rooms/635526346757338286,https://a0.muscache.com/im/pictures/prohost-api/Hosting-635526346757338286/original/c17fd0fa-c3e4-4f70-b767-2908204b471d.jpeg,635526346757338286,9604924ha,30.61926,-81.43991,"=AVERAGE($G$2:$G$1001)","=AVERAGE($D$2:$D$1001)","=IFERROR(($AT817-G817)/$AT817,0)","=IFERROR(($AU817-D817)/$AU817,0)","=$AU817-D817"
Luxury Rental Near Savannah Black Pearl Cove,534522304,,53730,147087,1492.5,61.02,140,6,3,16,true,true,true,true,true,false,false,Home/Apartment,House,House/villa,0,0,2,2-5,Luxury,false,350,true,36,18,2025-11-05,Amelia/St. Simons/Jekyll Islands,Townsend,Townsend,Georgia,31331,United States,coastal,https://www.airbnb.com/rooms/968822478144113280,https://a0.muscache.com/im/pictures/prohost-api/Hosting-968822478144113280/original/e01e4644-9bad-41af-b877-0d9417e51a7f.jpeg,968822478144113280,,31.64108,-81.33894,"=AVERAGE($G$2:$G$1001)","=AVERAGE($D$2:$D$1001)","=IFERROR(($AT818-G818)/$AT818,0)","=IFERROR(($AU818-D818)/$AU818,0)","=$AU818-D818"
Ocean Cottage 52 Just a N-Ocean The Cottages at Je,Parker Kaufman,,53688,70515,488.07,44.35,300,3,3,6,true,false,false,true,true,false,true,Home/Apartment,Townhouse,Apt/Condo/Loft,4.8,33,1,21+,Luxury,false,425,true,110,17,2026-05-13,Amelia/St. Simons/Jekyll Islands,Jekyll Island,Jekyll Island,Georgia,31527,United States,coastal,https://www.airbnb.com/rooms/40781510,https://a0.muscache.com/im/pictures/prohost-api/Hosting-40781510/original/ef924b9b-2c95-44af-b45b-6cf7920b81b8.jpeg,40781510,1710041,31.08901,-81.40309,"=AVERAGE($G$2:$G$1001)","=AVERAGE($D$2:$D$1001)","=IFERROR(($AT819-G819)/$AT819,0)","=IFERROR(($AU819-D819)/$AU819,0)","=$AU819-D819"
Deluxe Condo at the Heart of Main Beach,RedAwning,,53638,101554,1012.04,47.75,264,3,3,8,true,false,false,true,true,false,true,Home/Apartment,Condominium (condo),Apt/Condo/Loft,4.6,14,2,21+,Luxury,false,1472,true,53,14,2026-04-18,Amelia/St. Simons/Jekyll Islands,Fernandina Beach,Fernandina Beach,Florida,32034,United States,coastal,https://www.airbnb.com/rooms/37576469,https://a0.muscache.com/im/pictures/prohost-api/Hosting-37576469/original/a2fb0fad-50cd-4529-a8df-f38288af7494.jpeg,37576469,4702908ha,30.6678,-81.4324,"=AVERAGE($G$2:$G$1001)","=AVERAGE($D$2:$D$1001)","=IFERROR(($AT820-G820)/$AT820,0)","=IFERROR(($AU820-D820)/$AU820,0)","=$AU820-D820"
R&B Beach Bungalow,491095144,,53514,72655,594.6,45.69,198,3,2,6,true,false,false,true,true,true,true,Home/Apartment,House,House/villa,4.95,33,2,1,Luxury,true,200,true,90,20,2026-05-11,Amelia/St. Simons/Jekyll Islands,Fernandina Beach,Fernandina Beach,Florida,32034,United States,coastal,https://www.airbnb.com/rooms/1122687972998992701,https://a0.muscache.com/im/pictures/miso/Hosting-1122687972998992701/original/18dfad62-2071-4ee2-85a2-640a546e89aa.jpeg,1122687972998992701,3996437,30.644,-81.436,"=AVERAGE($G$2:$G$1001)","=AVERAGE($D$2:$D$1001)","=IFERROR(($AT821-G821)/$AT821,0)","=IFERROR(($AU821-D821)/$AU821,0)","=$AU821-D821"
"Historical cottage w/ dock, oyster house, & sauna!",Mountain & Marsh,,53480,126139,862.58,30.1,229,4,2,8,true,false,false,true,true,true,false,Home/Apartment,House,House/villa,5,25,2,6-20,Luxury,true,265,true,62,18,2026-05-16,Amelia/St. Simons/Jekyll Islands,Darien,Darien,Georgia,31305,United States,coastal,https://www.airbnb.com/rooms/636181420290025435,https://a0.muscache.com/im/pictures/prohost-api/Hosting-636181420290025435/original/9f80ed00-3192-4a69-b0be-c14a943b3d42.jpeg,636181420290025435,2851809,31.42542,-81.38716,"=AVERAGE($G$2:$G$1001)","=AVERAGE($D$2:$D$1001)","=IFERROR(($AT822-G822)/$AT822,0)","=IFERROR(($AU822-D822)/$AU822,0)","=$AU822-D822"
Ocean Cottage 38. The Cottages at Jekyll Island Oc,Parker Kaufman,,53371,58223,523.25,51.52,211,3,3,6,true,false,false,true,true,false,true,Home/Apartment,Townhouse,Apt/Condo/Loft,4.7,7,3,21+,Luxury,false,426,true,102,22,2026-05-11,Amelia/St. Simons/Jekyll Islands,Jekyll Island,Jekyll Island,Georgia,31527,United States,coastal,https://www.airbnb.com/rooms/40916129,https://a0.muscache.com/im/pictures/prohost-api/Hosting-40916129/original/8c7aec6b-8656-42e4-becf-105098954065.jpeg,40916129,,31.08982,-81.40325,"=AVERAGE($G$2:$G$1001)","=AVERAGE($D$2:$D$1001)","=IFERROR(($AT823-G823)/$AT823,0)","=IFERROR(($AU823-D823)/$AU823,0)","=$AU823-D823"
Beach Wood Villa Only 5-Minute Walk to Sand!,Destination Amelia,,53277,66270,493.31,42.19,301,3,3,6,true,false,false,true,true,true,true,Home/Apartment,House,House/villa,5,8,3,21+,Luxury,true,283,false,108,25,2026-05-17,Amelia/St. Simons/Jekyll Islands,Fernandina Beach,Fernandina Beach,Florida,32034,United States,coastal,https://www.airbnb.com/rooms/1603864717115806887,https://a0.muscache.com/im/pictures/prohost-api/Hosting-1603864717115806887/original/207d320a-f166-42ab-ba02-a184ecb4e9fd.jpeg,1603864717115806887,3970623,30.55592,-81.44622,"=AVERAGE($G$2:$G$1001)","=AVERAGE($D$2:$D$1001)","=IFERROR(($AT824-G824)/$AT824,0)","=IFERROR(($AU824-D824)/$AU824,0)","=$AU824-D824"
777 Amelia by the Sea ~ 3BR Oceanfront with Pool & Pier,503378550,,53238,76997,566.36,58.75,209,3,2,7,true,false,false,true,true,false,true,Home/Apartment,Condominium (condo),Apt/Condo/Loft,4,1,3,2-5,Luxury,true,425,true,94,19,2026-05-13,Amelia/St. Simons/Jekyll Islands,Fernandina Beach,Fernandina Beach,Florida,32034,United States,coastal,https://www.airbnb.com/rooms/1095773136590665008,https://a0.muscache.com/im/pictures/hosting/Hosting-1095773136590665008/original/a826236e-80d5-4ebe-90c6-42fc90fdaaeb.jpeg,1095773136590665008,,30.6211,-81.44,"=AVERAGE($G$2:$G$1001)","=AVERAGE($D$2:$D$1001)","=IFERROR(($AT825-G825)/$AT825,0)","=IFERROR(($AU825-D825)/$AU825,0)","=$AU825-D825"
Oceanfront Elegance: Your Coastal Haven,Stay Better Vacations,,53206,94153,548.52,47.09,239,3,2,6,true,false,false,true,true,false,true,Home/Apartment,Condominium (condo),Apt/Condo/Loft,4.75,40,4,21+,Luxury,true,1171,false,97,25,2026-05-13,Amelia/St. Simons/Jekyll Islands,Fernandina Beach,Fernandina Beach,Florida,32034,United States,coastal,https://www.airbnb.com/rooms/610828729483259930,https://a0.muscache.com/im/pictures/prohost-api/Hosting-610828729483259930/original/3a346f28-81dd-4edd-8ffc-85b291e10db9.jpeg,610828729483259930,2770789,30.5506,-81.4435,"=AVERAGE($G$2:$G$1001)","=AVERAGE($D$2:$D$1001)","=IFERROR(($AT826-G826)/$AT826,0)","=IFERROR(($AU826-D826)/$AU826,0)","=$AU826-D826"
Ocean Oaks 28 On Jekyll Time,Parker Kaufman,,53086,58698,717.38,29.25,294,3,2,8,true,false,false,true,true,false,true,Home/Apartment,House,House/villa,4.85,12,3,21+,Luxury,false,464,true,74,18,2026-05-13,Amelia/St. Simons/Jekyll Islands,Jekyll Island,Jekyll Island,Georgia,31527,United States,coastal,https://www.airbnb.com/rooms/40781619,https://a0.muscache.com/im/pictures/prohost-api/Hosting-40781619/original/cba42fdc-5341-4ea2-89fe-ded6693ae350.jpeg,40781619,1624057,31.03453,-81.41463,"=AVERAGE($G$2:$G$1001)","=AVERAGE($D$2:$D$1001)","=IFERROR(($AT827-G827)/$AT827,0)","=IFERROR(($AU827-D827)/$AU827,0)","=$AU827-D827"
Beach Walker Villa with Ocean Views & Large Pool!,Destination Amelia,,52927,59120,524.03,36.2,344,3,2,6,true,false,false,true,true,false,true,Home/Apartment,Villa,House/villa,4.8,31,3,21+,Luxury,true,322,false,101,24,2026-05-16,Amelia/St. Simons/Jekyll Islands,Fernandina Beach,Fernandina Beach,Florida,32034,United States,coastal,https://www.airbnb.com/rooms/1598644098338980295,https://a0.muscache.com/im/pictures/prohost-api/Hosting-1598644098338980295/original/53c55a8a-6ab8-44c9-8240-594cea6f70c9.jpeg,1598644098338980295,2142615,30.55169,-81.44302,"=AVERAGE($G$2:$G$1001)","=AVERAGE($D$2:$D$1001)","=IFERROR(($AT828-G828)/$AT828,0)","=IFERROR(($AU828-D828)/$AU828,0)","=$AU828-D828"
Ocean Cottage 119 Turtles Nest II The Cottages at,Parker Kaufman,,52774,87989,517.39,43.04,259,3,3,6,true,false,false,true,true,false,true,Home/Apartment,Townhouse,Apt/Condo/Loft,4.8,32,3,21+,Luxury,false,426,true,102,23,2026-05-16,Amelia/St. Simons/Jekyll Islands,Jekyll Island,Jekyll Island,Georgia,31527,United States,coastal,https://www.airbnb.com/rooms/47883355,https://a0.muscache.com/im/pictures/prohost-api/Hosting-47883355/original/c1ffe1ab-59ce-4097-a21c-78d3e96aa714.jpeg,47883355,2071256,31.08967,-81.40195,"=AVERAGE($G$2:$G$1001)","=AVERAGE($D$2:$D$1001)","=IFERROR(($AT829-G829)/$AT829,0)","=IFERROR(($AU829-D829)/$AU829,0)","=$AU829-D829"
"New! 7 BR, 6.5 BA on East Beach, Private Pool",Covenant Property Management,,52716,181218,1597.45,97.06,34,7,6,14,true,false,false,true,true,false,true,Home/Apartment,House,House/villa,5,4,5,21+,Luxury,true,880,true,33,6,2025-01-02,Amelia/St. Simons/Jekyll Islands,Saint Simons Island,Saint Simons Island,Georgia,31522,United States,coastal,https://www.airbnb.com/rooms/1096357493064274867,https://a0.muscache.com/im/pictures/prohost-api/Hosting-1096357493064274867/original/62a4bf69-32fb-4cc1-af76-5e3135c2b5af.jpeg,1096357493064274867,3850703,31.149,-81.3692,"=AVERAGE($G$2:$G$1001)","=AVERAGE($D$2:$D$1001)","=IFERROR(($AT830-G830)/$AT830,0)","=IFERROR(($AU830-D830)/$AU830,0)","=$AU830-D830"
Ocean Cottage 114 The Cottages at Jekyll Island Oc,Parker Kaufman,,52538,67044,525.38,43.1,285,3,3,6,true,false,false,true,true,false,true,Home/Apartment,Townhouse,Apt/Condo/Loft,4.8,56,3,21+,Luxury,false,426,true,100,24,2026-05-13,Amelia/St. Simons/Jekyll Islands,Jekyll Island,Jekyll Island,Georgia,31527,United States,coastal,https://www.airbnb.com/rooms/42969609,https://a0.muscache.com/im/pictures/prohost-api/Hosting-42969609/original/22ac4c04-4ab8-43d1-8439-af964e642497.jpeg,42969609,1946230,31.0912,-81.40375,"=AVERAGE($G$2:$G$1001)","=AVERAGE($D$2:$D$1001)","=IFERROR(($AT831-G831)/$AT831,0)","=IFERROR(($AU831-D831)/$AU831,0)","=$AU831-D831"
Amelia by the Sea - 3 BR Private Fishing Pier,Seahorse Amelia Vacation Rentals,,52034,60357,578.16,36.59,281,3,2,7,true,false,false,true,true,false,true,Home/Apartment,Condominium (condo),Apt/Condo/Loft,4.35,80,3,21+,Luxury,true,562,true,90,23,2026-05-13,Amelia/St. Simons/Jekyll Islands,Fernandina Beach,Fernandina Beach,Florida,32034,United States,coastal,https://www.airbnb.com/rooms/14262869,https://a0.muscache.com/im/pictures/prohost-api/Hosting-14262869/original/3b45ca05-7350-496e-8ae2-80728371effc.jpeg,14262869,933622,30.62138,-81.43945,"=AVERAGE($G$2:$G$1001)","=AVERAGE($D$2:$D$1001)","=IFERROR(($AT832-G832)/$AT832,0)","=IFERROR(($AU832-D832)/$AU832,0)","=$AU832-D832"
"Ocean Place Oceanfront 3bd Condo, Fernandina Beach",ERA Fernandina Beach Realty,,51522,65019,686.96,48.7,174,3,3,8,true,false,false,true,true,false,true,Home/Apartment,Condominium (condo),Apt/Condo/Loft,0,0,2,21+,Luxury,false,1054,true,75,17,2026-05-15,Amelia/St. Simons/Jekyll Islands,Fernandina Beach,Fernandina Beach,Florida,32034,United States,coastal,https://www.airbnb.com/rooms/1522440556953586849,https://a0.muscache.com/im/pictures/prohost-api/Hosting-1522440556953586849/original/c6a96682-7576-4eb0-bd2b-695ccb9946b5.jpeg,1522440556953586849,20202607ha,30.5904237831,-81.4451306492,"=AVERAGE($G$2:$G$1001)","=AVERAGE($D$2:$D$1001)","=IFERROR(($AT833-G833)/$AT833,0)","=IFERROR(($AU833-D833)/$AU833,0)","=$AU833-D833"
NEW! Private home with pool on East Beach,Covenant Property Management,,51428,61923,541.35,71.43,159,3,2,6,true,false,false,true,true,true,true,Home/Apartment,House,House/villa,4.7,19,3,21+,Luxury,true,541,true,95,24,2026-05-11,Amelia/St. Simons/Jekyll Islands,Saint Simons Island,Saint Simons Island,Georgia,31522,United States,coastal,https://www.airbnb.com/rooms/1252255715812408404,https://a0.muscache.com/im/pictures/hosting/Hosting-1252255715812408404/original/322c5747-e0bc-4203-8ce7-9e7ecfacd324.jpeg,1252255715812408404,4190982,31.1500837648,-81.3700731436,"=AVERAGE($G$2:$G$1001)","=AVERAGE($D$2:$D$1001)","=IFERROR(($AT834-G834)/$AT834,0)","=IFERROR(($AU834-D834)/$AU834,0)","=$AU834-D834"
Beautiful Pet Friendly Ocean Front House with views of Jekyll and Atlantic!,Golden Isles Realty,,51424,68809,552.95,72.66,132,3,3,8,true,false,false,true,true,true,false,Home/Apartment,House,House/villa,4.9,53,4,21+,Luxury,false,200,true,93,10,2026-05-17,Amelia/St. Simons/Jekyll Islands,Saint Simons Island,Saint Simons Island,Georgia,31522,United States,coastal,https://www.vrbo.com/1293044,"https://media.vrbo.com/lodging/40000000/39860000/39859600/39859564/7d6b442e.jpg?impolicy=resizecrop&rw=1200&ra=fit",,1293044,31.134756,-81.388242,"=AVERAGE($G$2:$G$1001)","=AVERAGE($D$2:$D$1001)","=IFERROR(($AT835-G835)/$AT835,0)","=IFERROR(($AU835-D835)/$AU835,0)","=$AU835-D835"
Ocean Cottage 40 - Sea Glass Cottage The Cottages,Parker Kaufman,,51151,96389,544.16,55.95,216,3,3,6,true,false,false,true,true,false,true,Home/Apartment,Townhouse,Apt/Condo/Loft,5,24,3,21+,Luxury,false,425,true,94,22,2026-05-13,Amelia/St. Simons/Jekyll Islands,Jekyll Island,Jekyll Island,Georgia,31527,United States,coastal,https://www.airbnb.com/rooms/40781466,https://a0.muscache.com/im/pictures/prohost-api/Hosting-40781466/original/83a43e70-a42f-4ba3-9279-5e313ca4f5c2.jpeg,40781466,1475019,31.08948,-81.40167,"=AVERAGE($G$2:$G$1001)","=AVERAGE($D$2:$D$1001)","=IFERROR(($AT836-G836)/$AT836,0)","=IFERROR(($AU836-D836)/$AU836,0)","=$AU836-D836"
Amelia Island 3 Bedroom Beach Retreat,Seahorse Amelia Vacation Rentals,,51109,59818,491.43,35.62,328,3,3,6,true,false,false,true,true,true,false,Home/Apartment,Townhouse,Apt/Condo/Loft,5,11,1,21+,Luxury,true,610,true,104,29,2026-05-17,Amelia/St. Simons/Jekyll Islands,Fernandina Beach,Fernandina Beach,Florida,32034,United States,coastal,https://www.airbnb.com/rooms/1417512813418693012,https://a0.muscache.com/im/pictures/prohost-api/Hosting-1417512813418693012/original/b81bbc53-3bfb-4187-ab80-2f6e25f757c5.jpeg,1417512813418693012,4583408,30.64,-81.4369,"=AVERAGE($G$2:$G$1001)","=AVERAGE($D$2:$D$1001)","=IFERROR(($AT837-G837)/$AT837,0)","=IFERROR(($AU837-D837)/$AU837,0)","=$AU837-D837"
SEAesta Beach House,Signature Properties Group,,51088,103539,1502.59,69.39,52,5,5,16,false,false,false,true,false,false,true,Home/Apartment,House,House/villa,4.9,28,7,21+,Luxury,false,359,true,34,5,2026-05-13,Amelia/St. Simons/Jekyll Islands,Saint Simons Island,Saint Simons Island,Georgia,31522,United States,coastal,https://www.vrbo.com/9429480ha,"https://media.vrbo.com/lodging/51000000/50560000/50551300/50551292/w796h533x1y1-f22ca2b4.jpg?impolicy=resizecrop&rw=1200&ra=fit",,9429480ha,31.147417,-81.372014,"=AVERAGE($G$2:$G$1001)","=AVERAGE($D$2:$D$1001)","=IFERROR(($AT838-G838)/$AT838,0)","=IFERROR(($AU838-D838)/$AU838,0)","=$AU838-D838"
The Retreat on Ocean,St. Simons Island Beach Rentals,,51080,183893,3004.71,89.47,20,5,6,14,true,true,true,true,true,false,true,Home/Apartment,House,House/villa,5,8,5,21+,Luxury,false,1095,false,17,2,2025-11-05,Amelia/St. Simons/Jekyll Islands,Saint Simons Island,Saint Simons Island,Georgia,31522,United States,coastal,https://www.airbnb.com/rooms/1120245415539500194,https://a0.muscache.com/im/pictures/prohost-api/Hosting-1120245415539500194/original/50fcd395-2c65-4e17-861c-85665eabd01f.jpeg,1120245415539500194,9942874ha,31.15511,-81.36977,"=AVERAGE($G$2:$G$1001)","=AVERAGE($D$2:$D$1001)","=IFERROR(($AT839-G839)/$AT839,0)","=IFERROR(($AU839-D839)/$AU839,0)","=$AU839-D839"
667 Amelia by the Sea,RedAwning,,50871,52958,1130.47,22.96,324,3,2,7,true,false,false,true,true,false,true,Home/Apartment,Condominium (condo),Apt/Condo/Loft,4.5,6,2,21+,Luxury,false,2836,true,45,8,2026-04-17,Amelia/St. Simons/Jekyll Islands,Fernandina Beach,Fernandina Beach,Florida,32034,United States,coastal,https://www.airbnb.com/rooms/1478210788357116453,https://a0.muscache.com/im/pictures/prohost-api/Hosting-1478210788357116453/original/35b9618b-97f5-4b95-a9ef-7f3c1971cf39.jpeg,1478210788357116453,4702858ha,30.6209,-81.4399,"=AVERAGE($G$2:$G$1001)","=AVERAGE($D$2:$D$1001)","=IFERROR(($AT840-G840)/$AT840,0)","=IFERROR(($AU840-D840)/$AU840,0)","=$AU840-D840"
2 apt side by side 2 blocksfrom beach 2mi downtown,421734575,,50477,70105,608.16,76.85,115,4,2,10,true,false,false,true,true,true,true,Home/Apartment,Condominium (condo),Apt/Condo/Loft,0,0,1,2-5,Luxury,true,251,true,83,20,2026-05-16,Amelia/St. Simons/Jekyll Islands,Fernandina Beach,Fernandina Beach,Florida,32034,United States,coastal,https://www.airbnb.com/rooms/1567561678133077817,https://a0.muscache.com/im/pictures/hosting/Hosting-1567561678133077817/original/6a53ad12-4ba6-402f-a4b0-b1f6c3ed189c.jpeg,1567561678133077817,,30.67456,-81.43367,"=AVERAGE($G$2:$G$1001)","=AVERAGE($D$2:$D$1001)","=IFERROR(($AT841-G841)/$AT841,0)","=IFERROR(($AU841-D841)/$AU841,0)","=$AU841-D841"
Ocean Cottage 108 - Aqua Luna  Oceanfront at The C,Parker Kaufman,,50131,74026,569.67,53.99,226,3,3,6,true,true,false,true,true,false,true,Home/Apartment,Townhouse,Apt/Condo/Loft,5,6,1,21+,Luxury,false,415,true,88,20,2026-05-13,Amelia/St. Simons/Jekyll Islands,Jekyll Island,Jekyll Island,Georgia,31527,United States,coastal,https://www.airbnb.com/rooms/1450685750972234554,https://a0.muscache.com/im/pictures/prohost-api/Hosting-1450685750972234554/original/586233aa-22d5-4531-b33f-bb1ae70918a8.jpeg,1450685750972234554,4651577,31.091,-81.4028,"=AVERAGE($G$2:$G$1001)","=AVERAGE($D$2:$D$1001)","=IFERROR(($AT842-G842)/$AT842,0)","=IFERROR(($AU842-D842)/$AU842,0)","=$AU842-D842"
Spacious Jekyll Island Home: Steps to the Ocean!,Evolve,,50103,89449,569.35,86.27,102,3,3,8,true,false,false,true,true,false,false,Home/Apartment,House,House/villa,4.95,13,3,21+,Luxury,false,387,true,88,22,2025-05-14,Amelia/St. Simons/Jekyll Islands,Jekyll Island,Jekyll Island,Georgia,31527,United States,coastal,https://www.airbnb.com/rooms/1197248609565794787,https://a0.muscache.com/im/pictures/prohost-api/Hosting-1197248609565794787/original/2d1bcb6c-312b-4add-a095-c7fcebfd8a6d.jpeg,1197248609565794787,9982843ha,31.08114,-81.40199,"=AVERAGE($G$2:$G$1001)","=AVERAGE($D$2:$D$1001)","=IFERROR(($AT843-G843)/$AT843,0)","=IFERROR(($AU843-D843)/$AU843,0)","=$AU843-D843"
Ocean Oaks 23 - beautiful coastal home steps away,Parker Kaufman,,49908,64911,733.94,30.36,278,3,2,6,true,false,false,true,true,true,true,Home/Apartment,House,House/villa,4.85,17,3,21+,Luxury,false,459,true,68,18,2026-05-13,Amelia/St. Simons/Jekyll Islands,Jekyll Island,Jekyll Island,Georgia,31527,United States,coastal,https://www.airbnb.com/rooms/41591313,https://a0.muscache.com/im/pictures/prohost-api/Hosting-41591313/original/c738c4ea-be1c-4514-a147-2370b5bafb85.jpeg,41591313,1630335,31.03602,-81.41459,"=AVERAGE($G$2:$G$1001)","=AVERAGE($D$2:$D$1001)","=IFERROR(($AT844-G844)/$AT844,0)","=IFERROR(($AU844-D844)/$AU844,0)","=$AU844-D844"
Villa 504 - Ocean Driftwood,Jekyll Realty,,49530,53723,500.3,45.41,218,3,2,8,true,true,false,true,true,false,true,Home/Apartment,Condominium (condo),Apt/Condo/Loft,5,2,3,21+,Luxury,false,220,true,99,26,2025-11-20,Amelia/St. Simons/Jekyll Islands,Jekyll Island,Jekyll Island,Georgia,31527,United States,coastal,https://www.airbnb.com/rooms/857801926777116639,https://a0.muscache.com/im/pictures/prohost-api/Hosting-857801926777116639/original/880bc675-10a7-4374-a802-0f82a7e8db94.jpeg,857801926777116639,,31.095929,-81.403358,"=AVERAGE($G$2:$G$1001)","=AVERAGE($D$2:$D$1001)","=IFERROR(($AT845-G845)/$AT845,0)","=IFERROR(($AU845-D845)/$AU845,0)","=$AU845-D845"
"Cheery, Bright Oceanfront Condo in Beach Walker",Destination Amelia,,49187,79463,638.79,45.03,251,3,3,6,true,false,false,true,true,false,true,Home/Apartment,Condominium (condo),Apt/Condo/Loft,5,16,3,21+,Luxury,true,314,false,77,16,2026-05-14,Amelia/St. Simons/Jekyll Islands,Fernandina Beach,Fernandina Beach,Florida,32034,United States,coastal,https://www.airbnb.com/rooms/1597397416870970992,https://a0.muscache.com/im/pictures/prohost-api/Hosting-1597397416870970992/original/ab70f228-6f83-470f-a052-492da00991a3.jpeg,1597397416870970992,3167719,30.55085,-81.44429,"=AVERAGE($G$2:$G$1001)","=AVERAGE($D$2:$D$1001)","=IFERROR(($AT846-G846)/$AT846,0)","=IFERROR(($AU846-D846)/$AU846,0)","=$AU846-D846"
"Oceanfront Penthouse Views,Elegant Natural Finishes,WiFi, 5 TV's, 4Bed, 3Bath",,,48890,49832,575.18,39.72,352,3,3,10,true,false,true,true,true,false,true,Home/Apartment,House,House/villa,4.9,71,7,1,Luxury,false,200,true,85,13,2026-05-15,Amelia/St. Simons/Jekyll Islands,Fernandina Beach,Fernandina Beach,Florida,32034,United States,coastal,https://www.vrbo.com/557424,"https://media.vrbo.com/lodging/31000000/30530000/30525300/30525251/w604h639x3y0-d6d511e4.jpg?impolicy=resizecrop&rw=1200&ra=fit",,557424,30.54801,-81.443055,"=AVERAGE($G$2:$G$1001)","=AVERAGE($D$2:$D$1001)","=IFERROR(($AT847-G847)/$AT847,0)","=IFERROR(($AU847-D847)/$AU847,0)","=$AU847-D847"
Always Turtle Crawl,Jekyll Realty,,48712,65784,518.21,46.53,271,3,3,6,true,false,false,true,true,false,true,Home/Apartment,House,House/villa,4.7,55,3,21+,Luxury,false,329,true,94,21,2025-11-20,Amelia/St. Simons/Jekyll Islands,Jekyll Island,Jekyll Island,Georgia,31527,United States,coastal,https://www.airbnb.com/rooms/48316479,https://a0.muscache.com/im/pictures/prohost-api/Hosting-48316479/original/b7e3fe4f-4351-4e5c-b060-beb84b6d71bb.jpeg,48316479,625849,31.07746,-81.40303,"=AVERAGE($G$2:$G$1001)","=AVERAGE($D$2:$D$1001)","=IFERROR(($AT848-G848)/$AT848,0)","=IFERROR(($AU848-D848)/$AU848,0)","=$AU848-D848"
Captains Bluff,27182786,,48360,53115,555.86,30.42,335,3,2,8,true,false,false,true,true,true,false,Home/Apartment,House,House/villa,4.95,119,3,6-20,Luxury,true,299,true,87,24,2026-05-15,Amelia/St. Simons/Jekyll Islands,Saint Simons Island,Saint Simons Island,Georgia,31522,United States,coastal,https://www.airbnb.com/rooms/5251908,https://a0.muscache.com/im/pictures/65683790/b2353b23_original.jpg,5251908,621843,31.21735,-81.39385,"=AVERAGE($G$2:$G$1001)","=AVERAGE($D$2:$D$1001)","=IFERROR(($AT849-G849)/$AT849,0)","=IFERROR(($AU849-D849)/$AU849,0)","=$AU849-D849"
Pet Friendly home with private Pool!,Hodnett Cooper Vacation Rentals,,47934,75192,622.52,39.69,268,3,4,10,true,false,false,true,true,true,true,Home/Apartment,House,House/villa,5,7,4,21+,Luxury,true,620,true,77,15,2026-05-13,Amelia/St. Simons/Jekyll Islands,Saint Simons Island,Saint Simons Island,Georgia,31522,United States,coastal,https://www.airbnb.com/rooms/1118215016875615859,https://a0.muscache.com/im/pictures/prohost-api/Hosting-1118215016875615859/original/63e28506-f503-4e97-9f56-f35a3666deb5.jpeg,1118215016875615859,3903091,31.168,-81.37859,"=AVERAGE($G$2:$G$1001)","=AVERAGE($D$2:$D$1001)","=IFERROR(($AT850-G850)/$AT850,0)","=IFERROR(($AU850-D850)/$AU850,0)","=$AU850-D850"
"Beachside Retreat, Dramatic Views on the Beach",Lighthouse Vacations,,47694,60760,1083.95,34.38,146,4,4,12,true,false,false,true,true,true,true,Home/Apartment,House,House/villa,4.75,12,3,21+,Luxury,true,475,true,44,10,2025-08-09,Amelia/St. Simons/Jekyll Islands,Saint Simons Island,Saint Simons Island,Georgia,31522,United States,coastal,https://www.airbnb.com/rooms/1050166020926610647,https://a0.muscache.com/im/pictures/prohost-api/Hosting-1050166020926610647/original/44452946-719b-4f8a-aaa3-20cbf8ed5b29.jpeg,1050166020926610647,3770484,31.13616,-81.38541,"=AVERAGE($G$2:$G$1001)","=AVERAGE($D$2:$D$1001)","=IFERROR(($AT851-G851)/$AT851,0)","=IFERROR(($AU851-D851)/$AU851,0)","=$AU851-D851"
Ocean Cottage 53 Pelican's Playground - Cottages at Jekyll Island Oceanfront,Parker Kaufman,,47688,72993,548.14,36.4,283,3,3,8,true,false,false,true,true,false,true,Home/Apartment,House,House/villa,4.6,29,3,21+,Luxury,false,295,true,87,24,2026-05-17,Amelia/St. Simons/Jekyll Islands,Jekyll Island,Jekyll Island,Georgia,31527,United States,coastal,https://www.vrbo.com/2180811,"https://media.vrbo.com/lodging/64000000/63510000/63509400/63509307/c85291d4.jpg?impolicy=resizecrop&rw=1200&ra=fit",,2180811,31.087886,-81.402582,"=AVERAGE($G$2:$G$1001)","=AVERAGE($D$2:$D$1001)","=IFERROR(($AT852-G852)/$AT852,0)","=IFERROR(($AU852-D852)/$AU852,0)","=$AU852-D852"
"Oceanfront 3BR Townhouse Near K&P, Restaurants & Village, Wifi",,,47462,93959,510.34,40.26,246,3,2,6,true,false,false,true,true,false,true,Home/Apartment,Condominium (condo),Apt/Condo/Loft,5,95,3,1,Luxury,false,200,false,93,21,2026-05-15,Amelia/St. Simons/Jekyll Islands,Saint Simons Island,Saint Simons Island,Georgia,31522,United States,coastal,https://www.vrbo.com/338733,"https://media.vrbo.com/lodging/35000000/34340000/34334600/34334581/6e6925c4.jpg?impolicy=resizecrop&rw=1200&ra=fit",,338733,31.137714,-81.381813,"=AVERAGE($G$2:$G$1001)","=AVERAGE($D$2:$D$1001)","=IFERROR(($AT853-G853)/$AT853,0)","=IFERROR(($AU853-D853)/$AU853,0)","=$AU853-D853"
Amelia Island House of Fish,45384548,,47377,51740,584.9,41.12,267,3,2,6,true,false,false,true,true,false,false,Home/Apartment,House,House/villa,4.8,54,3,2-5,Luxury,false,238,false,81,8,2026-02-21,Amelia/St. Simons/Jekyll Islands,Fernandina Beach,Fernandina Beach,Florida,32034,United States,coastal,https://www.airbnb.com/rooms/1146991503393052839,https://a0.muscache.com/im/pictures/miso/Hosting-1146991503393052839/original/f89906eb-eff0-4200-acc1-dd988f108590.jpeg,1146991503393052839,773119,30.5511,-81.45,"=AVERAGE($G$2:$G$1001)","=AVERAGE($D$2:$D$1001)","=IFERROR(($AT854-G854)/$AT854,0)","=IFERROR(($AU854-D854)/$AU854,0)","=$AU854-D854"
Amelia by the Sea - 3 BR Private Fishing Pier,Seahorse Amelia Vacation Rentals,,46748,68234,719.2,27.08,316,3,2,7,true,false,false,true,true,false,true,Home/Apartment,Condominium (condo),Apt/Condo/Loft,4.75,11,3,21+,Luxury,true,561,true,65,17,2026-05-16,Amelia/St. Simons/Jekyll Islands,Fernandina Beach,Fernandina Beach,Florida,32034,United States,coastal,https://www.airbnb.com/rooms/713671592386391580,https://a0.muscache.com/im/pictures/prohost-api/Hosting-713671592386391580/original/a1de35b1-addc-4f44-b8da-a5e47fcfb876.jpeg,713671592386391580,3005900,30.6211,-81.44,"=AVERAGE($G$2:$G$1001)","=AVERAGE($D$2:$D$1001)","=IFERROR(($AT855-G855)/$AT855,0)","=IFERROR(($AU855-D855)/$AU855,0)","=$AU855-D855"
Luxury Oceanfront Condo-Firepit-Walk to Village!,440015374,,46484,62756,989.02,41.23,169,3,3,8,true,false,false,true,true,false,false,Home/Apartment,Apartment,Apt/Condo/Loft,5,16,4,6-20,Luxury,true,350,false,47,9,2026-05-13,Amelia/St. Simons/Jekyll Islands,Saint Simons Island,Saint Simons Island,Georgia,31522,United States,coastal,https://www.airbnb.com/rooms/902938563368453053,https://a0.muscache.com/im/pictures/miso/Hosting-902938563368453053/original/9f74d1a9-c320-44af-91a4-53f36bd03022.jpeg,902938563368453053,3432207,31.1341,-81.3901,"=AVERAGE($G$2:$G$1001)","=AVERAGE($D$2:$D$1001)","=IFERROR(($AT856-G856)/$AT856,0)","=IFERROR(($AU856-D856)/$AU856,0)","=$AU856-D856"
Condo with Patio & Private Walkway to the Beach,RedAwning,,46349,107980,842.71,55.56,201,3,2,6,true,false,false,true,true,false,true,Home/Apartment,Condominium (condo),Apt/Condo/Loft,4.25,4,2,21+,Luxury,false,479,true,55,10,2026-04-18,Amelia/St. Simons/Jekyll Islands,Fernandina Beach,Fernandina Beach,Florida,32034,United States,coastal,https://www.airbnb.com/rooms/37604418,https://a0.muscache.com/im/pictures/prohost-api/Hosting-37604418/original/ed12fe1b-02e2-4729-abd4-b94f50819f2d.jpeg,37604418,4702897ha,30.6186,-81.4412,"=AVERAGE($G$2:$G$1001)","=AVERAGE($D$2:$D$1001)","=IFERROR(($AT857-G857)/$AT857,0)","=IFERROR(($AU857-D857)/$AU857,0)","=$AU857-D857"
"Sea Island, 4 Bd Cottage, Recently Renovatedw/Pool",35953827,,46174,85671,796.1,36.48,273,4,3,8,true,false,false,true,true,false,true,Home/Apartment,House,House/villa,4.95,13,3,21+,Luxury,true,500,false,58,17,2026-05-16,Amelia/St. Simons/Jekyll Islands,Saint Simons Island,Sea Island,Georgia,31561,United States,coastal,https://www.airbnb.com/rooms/1384862973335275820,"https://a0.muscache.com/im/pictures/hosting/Hosting-U3RheVN1cHBseUxpc3Rpbmc6MTM4NDg2Mjk3MzMzNTI3NTgyMA==/original/a2c34a8c-ed26-4a3e-b41d-dd58d3e74890.jpeg",1384862973335275820,4502089,31.2103,-81.3268,"=AVERAGE($G$2:$G$1001)","=AVERAGE($D$2:$D$1001)","=IFERROR(($AT858-G858)/$AT858,0)","=IFERROR(($AU858-D858)/$AU858,0)","=$AU858-D858"
Ocean Cottage 44 - The Cottages at Jekyll Island O,Parker Kaufman,,46171,58067,577.14,34.63,252,3,3,6,true,false,false,true,true,false,true,Home/Apartment,Townhouse,Apt/Condo/Loft,4.8,26,3,21+,Luxury,false,425,true,80,19,2026-05-13,Amelia/St. Simons/Jekyll Islands,Jekyll Island,Jekyll Island,Georgia,31527,United States,coastal,https://www.airbnb.com/rooms/40781483,https://a0.muscache.com/im/pictures/prohost-api/Hosting-40781483/original/9d076b93-cf6f-43fd-bfbc-466f8c138076.jpeg,40781483,1594598,31.08793,-81.40342,"=AVERAGE($G$2:$G$1001)","=AVERAGE($D$2:$D$1001)","=IFERROR(($AT859-G859)/$AT859,0)","=IFERROR(($AU859-D859)/$AU859,0)","=$AU859-D859"
14 Sea Castles,RedAwning,,46144,72593,870.64,30.99,252,3,2,8,true,false,false,true,true,true,false,Home/Apartment,Condominium (condo),Apt/Condo/Loft,4.65,10,2,21+,Luxury,false,518,true,53,14,2026-04-18,Amelia/St. Simons/Jekyll Islands,Fernandina Beach,Fernandina Beach,Florida,32034,United States,coastal,https://www.airbnb.com/rooms/862875522617372809,https://a0.muscache.com/im/pictures/prohost-api/Hosting-862875522617372809/original/4ee8d08f-d665-4e42-a0e2-ef063fa4f3cd.jpeg,862875522617372809,9812657ha,30.6229,-81.4411,"=AVERAGE($G$2:$G$1001)","=AVERAGE($D$2:$D$1001)","=IFERROR(($AT860-G860)/$AT860,0)","=IFERROR(($AU860-D860)/$AU860,0)","=$AU860-D860"
Oceanfront Beauty! 3 bedroom 3 bathroom. Sleeps 8!,ERA Fernandina Beach Realty,,46069,129448,743.05,36.47,218,3,3,8,true,false,false,true,true,false,true,Home/Apartment,Condominium (condo),Apt/Condo/Loft,5,14,2,21+,Luxury,false,1124,true,62,15,2026-05-14,Amelia/St. Simons/Jekyll Islands,Fernandina Beach,Fernandina Beach,Florida,32034,United States,coastal,https://www.airbnb.com/rooms/962997477937317705,https://a0.muscache.com/im/pictures/prohost-api/Hosting-962997477937317705/original/1cf69690-92b5-47d0-aba9-f03fabcc1061.jpeg,962997477937317705,9862467ha,30.54684,-81.44414,"=AVERAGE($G$2:$G$1001)","=AVERAGE($D$2:$D$1001)","=IFERROR(($AT861-G861)/$AT861,0)","=IFERROR(($AU861-D861)/$AU861,0)","=$AU861-D861"
"Beachfront 3 Bed, 3.5 Bath - Unobstructed Ocean Vi",Real Escapes,,45998,48798,613.31,38.86,255,3,3,10,true,true,false,true,false,true,false,Home/Apartment,House,House/villa,4.9,15,2,21+,Luxury,true,438,true,75,21,2026-05-15,Amelia/St. Simons/Jekyll Islands,Saint Simons Island,Saint Simons Island,Georgia,31522,United States,coastal,https://www.airbnb.com/rooms/1481146132363843467,https://a0.muscache.com/im/pictures/prohost-api/Hosting-1481146132363843467/original/e6c32d66-22d9-4729-818f-9b3670381bdd.jpeg,1481146132363843467,4727601,31.1345,-81.3889,"=AVERAGE($G$2:$G$1001)","=AVERAGE($D$2:$D$1001)","=IFERROR(($AT862-G862)/$AT862,0)","=IFERROR(($AU862-D862)/$AU862,0)","=$AU862-D862"
"Oakridge Cottage 3 bedrooms, 2 baths, ocean view s",Jekyll Island Property Sales & Management,,45972,56355,589.38,73.58,125,3,2,8,true,false,false,true,true,true,true,Home/Apartment,House,House/villa,0,0,1,21+,Luxury,true,401,true,78,12,2026-05-15,Amelia/St. Simons/Jekyll Islands,Jekyll Island,Jekyll Island,Georgia,31527,United States,coastal,https://www.airbnb.com/rooms/1556578216686419745,https://a0.muscache.com/im/pictures/prohost-api/Hosting-1556578216686419745/original/19290587-9398-4fee-9029-a0b152349347.jpeg,1556578216686419745,,31.0869,-81.4025,"=AVERAGE($G$2:$G$1001)","=AVERAGE($D$2:$D$1001)","=IFERROR(($AT863-G863)/$AT863,0)","=IFERROR(($AU863-D863)/$AU863,0)","=$AU863-D863"
"Oceanfront home, great deck overlooking Ocean",ERA Fernandina Beach Realty,,45819,137074,974.87,72.31,97,3,2,6,true,false,false,true,true,false,false,Home/Apartment,House,House/villa,4.45,15,2,21+,Luxury,false,560,true,47,10,2026-05-14,Amelia/St. Simons/Jekyll Islands,Fernandina Beach,Fernandina Beach,Florida,32034,United States,coastal,https://www.airbnb.com/rooms/635442054916001945,https://a0.muscache.com/im/pictures/prohost-api/Hosting-635442054916001945/original/27ca9ca4-4d0c-4a4a-b00b-fc057fd9f108.jpeg,635442054916001945,4702824ha,30.64968,-81.43475,"=AVERAGE($G$2:$G$1001)","=AVERAGE($D$2:$D$1001)","=IFERROR(($AT864-G864)/$AT864,0)","=IFERROR(($AU864-D864)/$AU864,0)","=$AU864-D864"
Ocean Ave Spacious Seaside Cottage,RedAwning,,45739,110218,1475.45,24.22,175,4,3,10,true,false,false,true,true,false,false,Home/Apartment,House,House/villa,3.75,4,2,21+,Luxury,false,546,true,31,9,2026-04-19,Amelia/St. Simons/Jekyll Islands,Fernandina Beach,Fernandina Beach,Florida,32034,United States,coastal,https://www.airbnb.com/rooms/37576648,https://a0.muscache.com/im/pictures/prohost-api/Hosting-37576648/original/7f06f4c1-1fb8-462d-a368-41babfe07573.jpeg,37576648,,30.6704,-81.4307,"=AVERAGE($G$2:$G$1001)","=AVERAGE($D$2:$D$1001)","=IFERROR(($AT865-G865)/$AT865,0)","=IFERROR(($AU865-D865)/$AU865,0)","=$AU865-D865"
Luxury Condo W/ Ocean View from Balcony,RedAwning,,45566,74393,1898.58,30.77,78,3,3,6,false,false,false,true,false,false,false,Home/Apartment,Condominium (condo),Apt/Condo/Loft,0,0,2,21+,Luxury,false,271,true,24,4,2025-02-12,Amelia/St. Simons/Jekyll Islands,Fernandina Beach,Fernandina Beach,Florida,32034,United States,coastal,https://www.airbnb.com/rooms/37604721,https://a0.muscache.com/im/pictures/prohost-api/Hosting-37604721/original/1d98e07d-fa79-45bb-9a6c-29dc85080ff8.jpeg,37604721,,30.5919,-81.4447,"=AVERAGE($G$2:$G$1001)","=AVERAGE($D$2:$D$1001)","=IFERROR(($AT866-G866)/$AT866,0)","=IFERROR(($AU866-D866)/$AU866,0)","=$AU866-D866"
Vintage Home W/ Fire Pit - Street from the Beach,RedAwning,,45464,79644,590.44,61.11,207,3,2,6,true,false,false,true,false,false,false,Home/Apartment,House,House/villa,4.7,8,2,21+,Luxury,false,692,true,77,12,2026-04-19,Amelia/St. Simons/Jekyll Islands,Fernandina Beach,Fernandina Beach,Florida,32034,United States,coastal,https://www.airbnb.com/rooms/50356436,https://a0.muscache.com/im/pictures/prohost-api/Hosting-50356436/original/263e4f14-9411-43b8-9f78-abf90748a6df.jpeg,50356436,9583938ha,30.6361,-81.4378,"=AVERAGE($G$2:$G$1001)","=AVERAGE($D$2:$D$1001)","=IFERROR(($AT867-G867)/$AT867,0)","=IFERROR(($AU867-D867)/$AU867,0)","=$AU867-D867"
Amelia Island Spacious 3 Bedroom w/ Private Garage,Seahorse Amelia Vacation Rentals,,45025,60181,517.53,36.86,315,3,2,8,true,false,false,true,true,false,true,Home/Apartment,Condominium (condo),Apt/Condo/Loft,4.9,48,3,21+,Luxury,true,562,true,87,18,2026-05-13,Amelia/St. Simons/Jekyll Islands,Fernandina Beach,Fernandina Beach,Florida,32034,United States,coastal,https://www.airbnb.com/rooms/36911226,https://a0.muscache.com/im/pictures/prohost-api/Hosting-36911226/original/038b528a-e66a-4777-adb6-585142e8021a.jpeg,36911226,1719409,30.67113,-81.43223,"=AVERAGE($G$2:$G$1001)","=AVERAGE($D$2:$D$1001)","=IFERROR(($AT868-G868)/$AT868,0)","=IFERROR(($AU868-D868)/$AU868,0)","=$AU868-D868"
"Oceanfront townhome with lovely ocean view, pool, fast WiFi & W/D",Vacasa,,44628,53949,537.69,72.17,115,3,3,6,true,false,false,true,true,false,true,Home/Apartment,House,House/villa,4.7,22,3,21+,Luxury,false,215,true,83,16,2025-10-01,Amelia/St. Simons/Jekyll Islands,Fernandina Beach,Fernandina Beach,Florida,32034,United States,coastal,https://www.vrbo.com/2564109,"https://media.vrbo.com/lodging/74000000/73290000/73283300/73283262/c965db6e.jpg?impolicy=resizecrop&rw=1200&ra=fit",,2564109,30.58445,-81.4445,"=AVERAGE($G$2:$G$1001)","=AVERAGE($D$2:$D$1001)","=IFERROR(($AT869-G869)/$AT869,0)","=IFERROR(($AU869-D869)/$AU869,0)","=$AU869-D869"
Ocean Place 21 Just Breathe,RedAwning,,44417,55107,576.84,44.25,174,3,3,6,true,true,false,true,false,false,true,Home/Apartment,Condominium (condo),Apt/Condo/Loft,4.7,42,1,21+,Luxury,false,338,true,77,14,2020-09-09,Amelia/St. Simons/Jekyll Islands,Fernandina Beach,Fernandina Beach,Florida,32034,United States,coastal,https://www.airbnb.com/rooms/21130682,"https://a0.muscache.com/im/pictures/267faab1-0486-450a-95ec-32687e881181.jpg?aki_policy=x_large",21130682,682819,30.5913,-81.44561,"=AVERAGE($G$2:$G$1001)","=AVERAGE($D$2:$D$1001)","=IFERROR(($AT870-G870)/$AT870,0)","=IFERROR(($AU870-D870)/$AU870,0)","=$AU870-D870"
Breezy St Simons Hideaway with Waterfront Views!,Evolve,,44305,45600,366.16,42.31,351,3,3,6,true,false,false,true,true,true,true,Home/Apartment,Condominium (condo),Apt/Condo/Loft,4.6,79,2,21+,Luxury,false,273,true,121,32,2026-04-30,Amelia/St. Simons/Jekyll Islands,Saint Simons Island,Saint Simons Island,Georgia,31522,United States,coastal,https://www.airbnb.com/rooms/51449737,https://a0.muscache.com/im/pictures/prohost-api/Hosting-51449737/original/aec7ec0f-5df8-446e-aa05-f8f5f056d232.jpeg,51449737,9597388ha,31.168,-81.4168,"=AVERAGE($G$2:$G$1001)","=AVERAGE($D$2:$D$1001)","=IFERROR(($AT871-G871)/$AT871,0)","=IFERROR(($AU871-D871)/$AU871,0)","=$AU871-D871"
Ocean View from every corner!,93536064,,43768,47055,673.35,70.65,92,3,3,8,true,false,true,true,true,false,true,Home/Apartment,Apartment,Apt/Condo/Loft,5,2,3,1,Luxury,false,225,true,65,6,2024-09-16,Amelia/St. Simons/Jekyll Islands,Fernandina Beach,Fernandina Beach,Florida,32034,United States,coastal,https://www.airbnb.com/rooms/1007324557398114449,https://a0.muscache.com/im/pictures/miso/Hosting-1007324557398114449/original/0bf02675-6e9c-4b54-be12-5b776640c827.jpeg,1007324557398114449,,30.54201,-81.44212,"=AVERAGE($G$2:$G$1001)","=AVERAGE($D$2:$D$1001)","=IFERROR(($AT872-G872)/$AT872,0)","=IFERROR(($AU872-D872)/$AU872,0)","=$AU872-D872"
Seaside 4 Bed 3 Bath Cottage,ERA Fernandina Beach Realty,,43735,107177,1457.83,26.79,173,4,3,10,true,false,false,true,true,false,false,Home/Apartment,House,House/villa,4.85,14,2,21+,Luxury,false,2072,true,30,9,2026-05-14,Amelia/St. Simons/Jekyll Islands,Fernandina Beach,Fernandina Beach,Florida,32034,United States,coastal,https://www.airbnb.com/rooms/35031480,https://a0.muscache.com/im/pictures/prohost-api/Hosting-35031480/original/c4178347-18b6-44b3-b8c9-041c2321b6b6.jpeg,35031480,4702847ha,30.67114,-81.4298,"=AVERAGE($G$2:$G$1001)","=AVERAGE($D$2:$D$1001)","=IFERROR(($AT873-G873)/$AT873,0)","=IFERROR(($AU873-D873)/$AU873,0)","=$AU873-D873"
4 Coast - Seagate Cottage,Hodnett Cooper Vacation Rentals,,43683,85497,780.05,38.36,228,4,3,8,true,false,false,true,true,false,true,Home/Apartment,House,House/villa,4.9,53,5,21+,Luxury,true,546,true,56,11,2026-05-13,Amelia/St. Simons/Jekyll Islands,Saint Simons Island,Saint Simons Island,Georgia,31522,United States,coastal,https://www.airbnb.com/rooms/42683931,https://a0.muscache.com/im/pictures/prohost-api/Hosting-42683931/original/318da1ec-7a07-4a04-98cb-a3b4c63c5e31.jpeg,42683931,1458328,31.14374,-81.37332,"=AVERAGE($G$2:$G$1001)","=AVERAGE($D$2:$D$1001)","=IFERROR(($AT874-G874)/$AT874,0)","=IFERROR(($AU874-D874)/$AU874,0)","=$AU874-D874"
Amelia by the Sea - 3 BR Private Fishing Pier,Seahorse Amelia Vacation Rentals,,43515,68483,604.38,52.17,251,3,2,6,true,false,false,true,true,false,true,Home/Apartment,Condominium (condo),Apt/Condo/Loft,5,5,4,21+,Luxury,true,493,true,72,14,2026-05-16,Amelia/St. Simons/Jekyll Islands,Fernandina Beach,Fernandina Beach,Florida,32034,United States,coastal,https://www.airbnb.com/rooms/586385579954059833,https://a0.muscache.com/im/pictures/prohost-api/Hosting-586385579954059833/original/be35053d-1a62-4fee-80f0-7842c011499d.jpeg,586385579954059833,2717202,30.621,-81.44,"=AVERAGE($G$2:$G$1001)","=AVERAGE($D$2:$D$1001)","=IFERROR(($AT875-G875)/$AT875,0)","=IFERROR(($AU875-D875)/$AU875,0)","=$AU875-D875"
Condo Overlooking the Ocean Pier & Swimming Pool,RedAwning,,43496,98146,1812.33,37.5,260,3,2,8,true,false,false,true,true,false,true,Home/Apartment,Condominium (condo),Apt/Condo/Loft,3.8,5,2,21+,Luxury,false,2956,true,24,4,2026-04-19,Amelia/St. Simons/Jekyll Islands,Fernandina Beach,Fernandina Beach,Florida,32034,United States,coastal,https://www.airbnb.com/rooms/37603721,https://a0.muscache.com/im/pictures/hosting/Hosting-37603721/original/e775e13e-5c5c-4e95-8698-1de245ea1247.jpeg,37603721,4702883ha,30.6209,-81.4399,"=AVERAGE($G$2:$G$1001)","=AVERAGE($D$2:$D$1001)","=IFERROR(($AT876-G876)/$AT876,0)","=IFERROR(($AU876-D876)/$AU876,0)","=$AU876-D876"
6th Floor Oceanfront condo!,ERA Fernandina Beach Realty,,43376,73768,1057.95,56.16,275,3,2,8,true,false,false,true,true,false,true,Home/Apartment,Condominium (condo),Apt/Condo/Loft,4.55,11,2,21+,Luxury,false,2200,true,41,6,2026-05-13,Amelia/St. Simons/Jekyll Islands,Fernandina Beach,Fernandina Beach,Florida,32034,United States,coastal,https://www.airbnb.com/rooms/35031835,https://a0.muscache.com/im/pictures/hosting/Hosting-35031835/original/6f71af3c-9e6d-4a7a-b32a-b9ea354d48da.jpeg,35031835,4702868ha,30.62145,-81.43889,"=AVERAGE($G$2:$G$1001)","=AVERAGE($D$2:$D$1001)","=IFERROR(($AT877-G877)/$AT877,0)","=IFERROR(($AU877-D877)/$AU877,0)","=$AU877-D877"
"Updated 4 bedroom, 3 bath oceanfront condo",Amelia Island Rentals,,43200,74863,864,48.54,107,3,3,8,true,false,false,true,true,false,true,Home/Apartment,Condominium (condo),Apt/Condo/Loft,5,7,3,21+,Luxury,false,305,false,50,13,2026-05-16,Amelia/St. Simons/Jekyll Islands,Fernandina Beach,Fernandina Beach,Florida,32034,United States,coastal,https://www.airbnb.com/rooms/1400105252106955565,https://a0.muscache.com/im/pictures/prohost-api/Hosting-1400105252106955565/original/7379b8c2-3034-42fa-9a3d-41790910a025.jpeg,1400105252106955565,4518402,30.55101,-81.44287,"=AVERAGE($G$2:$G$1001)","=AVERAGE($D$2:$D$1001)","=IFERROR(($AT878-G878)/$AT878,0)","=IFERROR(($AU878-D878)/$AU878,0)","=$AU878-D878"
"Beautiful 4 bed, 3.5 bath home w/pool and hot tub.",Real Escapes,,42564,49829,834.59,26.15,322,4,3,8,true,true,true,true,true,false,true,Home/Apartment,House,House/villa,5,5,2,21+,Luxury,true,480,true,51,15,2026-05-13,Amelia/St. Simons/Jekyll Islands,Saint Simons Island,Saint Simons Island,Georgia,31522,United States,coastal,https://www.airbnb.com/rooms/1023869325452676790,https://a0.muscache.com/im/pictures/prohost-api/Hosting-1023869325452676790/original/db7cc893-45e9-40fa-8383-972b8fe388cb.jpeg,1023869325452676790,3646890,31.14184,-81.39679,"=AVERAGE($G$2:$G$1001)","=AVERAGE($D$2:$D$1001)","=IFERROR(($AT879-G879)/$AT879,0)","=IFERROR(($AU879-D879)/$AU879,0)","=$AU879-D879"
Pet Friendly Condo W/ Private Parking & Elevator,RedAwning,,42496,55708,442.67,52.46,290,3,3,6,true,false,false,true,true,true,false,Home/Apartment,Condominium (condo),Apt/Condo/Loft,4.8,11,2,21+,Luxury,false,569,true,96,13,2026-04-15,Amelia/St. Simons/Jekyll Islands,Fernandina Beach,Fernandina Beach,Florida,32034,United States,coastal,https://www.airbnb.com/rooms/37604399,https://a0.muscache.com/im/pictures/prohost-api/Hosting-37604399/original/755bedac-7023-478a-9c88-57f432493876.jpeg,37604399,4702842ha,30.6643,-81.4326,"=AVERAGE($G$2:$G$1001)","=AVERAGE($D$2:$D$1001)","=IFERROR(($AT880-G880)/$AT880,0)","=IFERROR(($AU880-D880)/$AU880,0)","=$AU880-D880"
21 Ocean Place,RedAwning,,42138,75649,810.35,37.41,149,3,3,8,true,false,false,true,true,false,true,Home/Apartment,Condominium (condo),Apt/Condo/Loft,0,0,2,21+,Luxury,false,478,true,52,11,2026-04-17,Amelia/St. Simons/Jekyll Islands,Fernandina Beach,Fernandina Beach,Florida,32034,United States,coastal,https://www.airbnb.com/rooms/1522425427440835259,https://a0.muscache.com/im/pictures/prohost-api/Hosting-1522425427440835259/original/bf434066-a8b0-46b4-93e8-08020bf6f583.jpeg,1522425427440835259,,30.5914,-81.4449,"=AVERAGE($G$2:$G$1001)","=AVERAGE($D$2:$D$1001)","=IFERROR(($AT881-G881)/$AT881,0)","=IFERROR(($AU881-D881)/$AU881,0)","=$AU881-D881"
Luxurious Oceanfront Condo on the Amelia Island Plantation,,,42011,53596,525.14,43.01,321,3,4,16,true,false,false,true,true,true,true,Home/Apartment,House,House/villa,4.7,61,1,1,Luxury,false,150,false,80,18,2026-05-14,Amelia/St. Simons/Jekyll Islands,Fernandina Beach,Fernandina Beach,Florida,32034,United States,coastal,https://www.vrbo.com/22258,"https://media.vrbo.com/lodging/34000000/33510000/33506800/33506760/w799h599x1y1-a9a7abea.jpg?impolicy=resizecrop&rw=1200&ra=fit",,22258,30.549899,-81.442659,"=AVERAGE($G$2:$G$1001)","=AVERAGE($D$2:$D$1001)","=IFERROR(($AT882-G882)/$AT882,0)","=IFERROR(($AU882-D882)/$AU882,0)","=$AU882-D882"
Drift Away Cottage - Poolside & Ocean Access,Evolve,,41635,51546,495.65,37.17,322,3,3,8,true,false,false,true,true,false,true,Home/Apartment,Townhouse,Apt/Condo/Loft,4.75,20,3,21+,Luxury,true,390,true,84,22,2026-05-14,Amelia/St. Simons/Jekyll Islands,Jekyll Island,Jekyll Island,Georgia,31527,United States,coastal,https://www.airbnb.com/rooms/1328990619808030345,https://a0.muscache.com/im/pictures/miso/Hosting-1328990619808030345/original/dee4fa73-de9a-41c8-b43a-67dcba8d28e5.png,1328990619808030345,4649416,31.09003,-81.40254,"=AVERAGE($G$2:$G$1001)","=AVERAGE($D$2:$D$1001)","=IFERROR(($AT883-G883)/$AT883,0)","=IFERROR(($AU883-D883)/$AU883,0)","=$AU883-D883"
Direct Oceanfront with Private Beach Access,St. Simons Island Beach Rentals,,41364,57666,844.16,25.79,231,4,3,9,true,false,false,true,true,false,false,Home/Apartment,Townhouse,Apt/Condo/Loft,4.65,6,5,21+,Luxury,false,520,true,49,11,2026-03-31,Amelia/St. Simons/Jekyll Islands,Saint Simons Island,Saint Simons Island,Georgia,31522,United States,coastal,https://www.airbnb.com/rooms/630950760222709845,https://a0.muscache.com/im/pictures/prohost-api/Hosting-630950760222709845/original/aff5eee6-d89b-41f0-ac34-0185df42bdca.jpeg,630950760222709845,9762005ha,31.13805,-81.38364,"=AVERAGE($G$2:$G$1001)","=AVERAGE($D$2:$D$1001)","=IFERROR(($AT884-G884)/$AT884,0)","=IFERROR(($AU884-D884)/$AU884,0)","=$AU884-D884"
Ocean Park Condo Next to Fort Clinch State Park,RedAwning,,40737,85036,814.74,83.33,195,3,2,8,true,false,false,true,true,false,true,Home/Apartment,Condominium (condo),Apt/Condo/Loft,3.8,5,2,21+,Luxury,false,591,true,50,6,2026-04-17,Amelia/St. Simons/Jekyll Islands,Fernandina Beach,Fernandina Beach,Florida,32034,United States,coastal,https://www.airbnb.com/rooms/37790298,https://a0.muscache.com/im/pictures/prohost-api/Hosting-37790298/original/1f56cb39-ddc4-45a9-856f-211622d2c949.jpeg,37790298,7700512ha,30.6718,-81.432,"=AVERAGE($G$2:$G$1001)","=AVERAGE($D$2:$D$1001)","=IFERROR(($AT885-G885)/$AT885,0)","=IFERROR(($AU885-D885)/$AU885,0)","=$AU885-D885"
Relax in charming vintage home across from beach,ERA Fernandina Beach Realty,,40208,50970,574.4,53.03,198,3,2,6,true,false,false,true,true,false,false,Home/Apartment,House,House/villa,4.65,3,2,21+,Luxury,false,932,true,70,14,2026-05-14,Amelia/St. Simons/Jekyll Islands,Fernandina Beach,Fernandina Beach,Florida,32034,United States,coastal,https://www.airbnb.com/rooms/50358549,https://a0.muscache.com/im/pictures/prohost-api/Hosting-50358549/original/f7e58138-1b96-4e8d-bfe5-61db7621798c.jpeg,50358549,,30.63501,-81.43728,"=AVERAGE($G$2:$G$1001)","=AVERAGE($D$2:$D$1001)","=IFERROR(($AT886-G886)/$AT886,0)","=IFERROR(($AU886-D886)/$AU886,0)","=$AU886-D886"
"Bright & airy oceanfront condo with pool, huge balcony, washer/dryer & AC",Vacasa,,39915,54206,798.3,46.73,117,3,4,6,true,false,false,true,true,false,true,Home/Apartment,Condominium (condo),Apt/Condo/Loft,4.8,24,3,21+,Luxury,false,215,true,50,10,2025-10-04,Amelia/St. Simons/Jekyll Islands,Fernandina Beach,Fernandina Beach,Florida,32034,United States,coastal,https://www.vrbo.com/2564125,"https://media.vrbo.com/lodging/74000000/73290000/73283800/73283721/df10cfdf.jpg?impolicy=resizecrop&rw=1200&ra=fit",,2564125,30.541,-81.44132,"=AVERAGE($G$2:$G$1001)","=AVERAGE($D$2:$D$1001)","=IFERROR(($AT887-G887)/$AT887,0)","=IFERROR(($AU887-D887)/$AU887,0)","=$AU887-D887"
East Beach Paradise!  Private pool!!,,,39844,53097,971.8,19.34,325,4,3,12,true,false,false,true,true,false,true,Home/Apartment,House,House/villa,5,33,3,1,Luxury,false,300,true,41,13,2026-05-13,Amelia/St. Simons/Jekyll Islands,Saint Simons Island,Saint Simons Island,Georgia,31522,United States,coastal,https://www.vrbo.com/2842993,"https://media.vrbo.com/lodging/79000000/78820000/78811500/78811454/1fe626d5.jpg?impolicy=resizecrop&rw=1200&ra=fit",,2842993,31.148851,-81.3723,"=AVERAGE($G$2:$G$1001)","=AVERAGE($D$2:$D$1001)","=IFERROR(($AT888-G888)/$AT888,0)","=IFERROR(($AU888-D888)/$AU888,0)","=$AU888-D888"
Steps from the Beach!,Hodnett Cooper Vacation Rentals,,39628,49693,495.35,49.38,237,3,3,8,true,true,true,true,true,false,true,Home/Apartment,Condominium (condo),Apt/Condo/Loft,4.75,26,2,21+,Luxury,true,336,true,80,19,2026-05-16,Amelia/St. Simons/Jekyll Islands,Saint Simons Island,Saint Simons Island,Georgia,31522,United States,coastal,https://www.airbnb.com/rooms/32893369,https://a0.muscache.com/im/pictures/prohost-api/Hosting-32893369/original/5797914c-88be-4472-8354-4004765ee181.jpeg,32893369,1585266,31.14152,-81.3755,"=AVERAGE($G$2:$G$1001)","=AVERAGE($D$2:$D$1001)","=IFERROR(($AT889-G889)/$AT889,0)","=IFERROR(($AU889-D889)/$AU889,0)","=$AU889-D889"
Amelia Island 3BR Beach Bungalow,Seahorse Amelia Vacation Rentals,,39415,74473,597.2,46.15,160,3,3,6,true,false,false,true,true,true,true,Home/Apartment,Condominium (condo),Apt/Condo/Loft,5,5,3,21+,Luxury,true,611,true,66,13,2026-05-15,Amelia/St. Simons/Jekyll Islands,Fernandina Beach,Fernandina Beach,Florida,32034,United States,coastal,https://www.airbnb.com/rooms/1465332212201836551,https://a0.muscache.com/im/pictures/prohost-api/Hosting-1465332212201836551/original/23768c13-4e78-4199-907e-f63a58bcd279.jpeg,1465332212201836551,4700851,30.667485981,-81.4327996084,"=AVERAGE($G$2:$G$1001)","=AVERAGE($D$2:$D$1001)","=IFERROR(($AT890-G890)/$AT890,0)","=IFERROR(($AU890-D890)/$AU890,0)","=$AU890-D890"
Captivating Oceanfront Cottage,,,38956,70986,608.69,43.54,286,3,3,8,true,false,false,true,true,false,false,Home/Apartment,House,House/villa,5,49,7,1,Luxury,false,200,false,64,10,2026-05-16,Amelia/St. Simons/Jekyll Islands,Fernandina Beach,Fernandina Beach,Florida,32034,United States,coastal,https://www.vrbo.com/227359,"https://media.vrbo.com/lodging/36000000/35160000/35158300/35158231/3ba3cf23.jpg?impolicy=resizecrop&rw=1200&ra=fit",,227359,30.689907,-81.429276,"=AVERAGE($G$2:$G$1001)","=AVERAGE($D$2:$D$1001)","=IFERROR(($AT891-G891)/$AT891,0)","=IFERROR(($AU891-D891)/$AU891,0)","=$AU891-D891"
Oceanfront 3 BR Shipwatch Condo 1355,Amelia Island Rentals,,38903,64303,589.44,35.48,283,3,3,8,true,false,false,true,true,false,true,Home/Apartment,Condominium (condo),Apt/Condo/Loft,4.55,34,3,21+,Luxury,false,217,false,66,16,2026-05-13,Amelia/St. Simons/Jekyll Islands,Fernandina Beach,Fernandina Beach,Florida,32034,United States,coastal,https://www.airbnb.com/rooms/30978784,https://a0.muscache.com/im/pictures/prohost-api/Hosting-30978784/original/4399b033-182d-4ae8-ac90-bb4a712ddca3.jpeg,30978784,972252,30.54924,-81.44338,"=AVERAGE($G$2:$G$1001)","=AVERAGE($D$2:$D$1001)","=IFERROR(($AT892-G892)/$AT892,0)","=IFERROR(($AU892-D892)/$AU892,0)","=$AU892-D892"
Amazing 7th Floor Penthouse Unit with Gorgeous Ocean & Marsh Views!,Destination Amelia Vacation Rentals,,38758,48820,578.48,70.53,126,3,3,6,true,false,false,true,true,false,true,Home/Apartment,Condominium (condo),Apt/Condo/Loft,5,3,30,21+,Luxury,false,300,true,67,3,2026-05-17,Amelia/St. Simons/Jekyll Islands,Fernandina Beach,Fernandina Beach,Florida,32034,United States,coastal,https://www.vrbo.com/2716829,"https://media.vrbo.com/lodging/77000000/76550000/76541400/76541372/1a6c448a.jpg?impolicy=resizecrop&rw=1200&ra=fit",,2716829,30.53728,-81.44012,"=AVERAGE($G$2:$G$1001)","=AVERAGE($D$2:$D$1001)","=IFERROR(($AT893-G893)/$AT893,0)","=IFERROR(($AU893-D893)/$AU893,0)","=$AU893-D893"
Private boardwalk to the beach! Great Ocean View,ERA Fernandina Beach Realty,,38648,152464,805.17,75,89,4,3,10,true,false,false,true,true,false,false,Home/Apartment,House,House/villa,4.8,18,2,21+,Luxury,false,700,true,48,9,2026-05-14,Amelia/St. Simons/Jekyll Islands,Fernandina Beach,Fernandina Beach,Florida,32034,United States,coastal,https://www.airbnb.com/rooms/35031187,https://a0.muscache.com/im/pictures/prohost-api/Hosting-35031187/original/626a884a-709a-44d0-9725-c6edb39afa21.jpeg,35031187,4702829ha,30.64401,-81.43481,"=AVERAGE($G$2:$G$1001)","=AVERAGE($D$2:$D$1001)","=IFERROR(($AT894-G894)/$AT894,0)","=IFERROR(($AU894-D894)/$AU894,0)","=$AU894-D894"
"3rd Floor Oceanfront condo, easy beach access.",ERA Fernandina Beach Realty,,38628,59663,990.46,28.26,283,3,2,6,true,false,false,true,true,false,true,Home/Apartment,Condominium (condo),Apt/Condo/Loft,3,1,2,21+,Luxury,false,1208,true,39,9,2026-05-13,Amelia/St. Simons/Jekyll Islands,Fernandina Beach,Fernandina Beach,Florida,32034,United States,coastal,https://www.airbnb.com/rooms/35031882,https://a0.muscache.com/im/pictures/prohost-api/Hosting-35031882/original/a57cc1f0-3365-4eea-9d38-9161766a32eb.jpeg,35031882,4702866ha,30.61981,-81.43901,"=AVERAGE($G$2:$G$1001)","=AVERAGE($D$2:$D$1001)","=IFERROR(($AT895-G895)/$AT895,0)","=IFERROR(($AU895-D895)/$AU895,0)","=$AU895-D895"
Oceanfront Beach House,Stay Better Vacations,,38526,41832,687.96,77.78,113,3,2,6,true,false,false,true,true,true,false,Home/Apartment,House,House/villa,4.5,6,4,21+,Luxury,true,315,false,56,15,2026-05-17,Amelia/St. Simons/Jekyll Islands,Fernandina Beach,Fernandina Beach,Florida,32034,United States,coastal,https://www.airbnb.com/rooms/1603926339640531491,https://a0.muscache.com/im/pictures/prohost-api/Hosting-1603926339640531491/original/e39d7027-adb9-4467-a02e-c9f7d7c5895a.jpeg,1603926339640531491,5057564,30.57025,-81.44322,"=AVERAGE($G$2:$G$1001)","=AVERAGE($D$2:$D$1001)","=IFERROR(($AT896-G896)/$AT896,0)","=IFERROR(($AU896-D896)/$AU896,0)","=$AU896-D896"
Oceanfront 3br/3ba Sea Dunes Unit,Amelia Island Rentals,,38384,130552,783.35,53.85,206,3,3,7,true,false,false,true,true,false,true,Home/Apartment,Condominium (condo),Apt/Condo/Loft,5,7,3,21+,Luxury,false,333,false,49,10,2026-05-13,Amelia/St. Simons/Jekyll Islands,Fernandina Beach,Fernandina Beach,Florida,32034,United States,coastal,https://www.airbnb.com/rooms/991172886608016439,https://a0.muscache.com/im/pictures/prohost-api/Hosting-991172886608016439/original/3db74d0e-dea9-4bfc-a974-10fee8625756.jpeg,991172886608016439,3130157,30.54285,-81.44233,"=AVERAGE($G$2:$G$1001)","=AVERAGE($D$2:$D$1001)","=IFERROR(($AT897-G897)/$AT897,0)","=IFERROR(($AU897-D897)/$AU897,0)","=$AU897-D897"
LR361 Lux Townhome Ocean View & Gourmet Kitchen,62038895,,38343,58094,723.45,42.06,251,3,3,6,true,false,true,true,true,false,false,Home/Apartment,Townhouse,Apt/Condo/Loft,5,2,4,6-20,Luxury,true,275,false,53,12,2026-04-22,Amelia/St. Simons/Jekyll Islands,Fernandina Beach,Fernandina Beach,Florida,32034,United States,coastal,https://www.airbnb.com/rooms/42516353,https://a0.muscache.com/im/pictures/3fa8cbbe-7218-47b2-bd4c-c7846d715ef5.jpg,42516353,4506525,30.66294,-81.43316,"=AVERAGE($G$2:$G$1001)","=AVERAGE($D$2:$D$1001)","=IFERROR(($AT898-G898)/$AT898,0)","=IFERROR(($AU898-D898)/$AU898,0)","=$AU898-D898"
Paradise by the C,Amelia Island Rentals,,37939,72517,715.83,32.32,288,4,3,10,true,false,false,true,true,false,false,Home/Apartment,House,House/villa,4.65,9,7,21+,Luxury,false,195,true,53,11,2026-05-16,Amelia/St. Simons/Jekyll Islands,Fernandina Beach,Fernandina Beach,Florida,32034,United States,coastal,https://www.airbnb.com/rooms/588455087295588392,https://a0.muscache.com/im/pictures/prohost-api/Hosting-588455087295588392/original/7a8e6a21-e69d-41c4-9bef-abc3b912a5d2.jpeg,588455087295588392,2793997,30.6371,-81.4371,"=AVERAGE($G$2:$G$1001)","=AVERAGE($D$2:$D$1001)","=IFERROR(($AT899-G899)/$AT899,0)","=IFERROR(($AU899-D899)/$AU899,0)","=$AU899-D899"
2890 S Fletcher Ave,RedAwning,,37910,58920,631.83,55.05,218,3,2,10,true,false,false,true,true,false,false,Home/Apartment,House,House/villa,0,0,28,21+,Luxury,false,479,true,60,2,2026-04-19,Amelia/St. Simons/Jekyll Islands,Fernandina Beach,Fernandina Beach,Florida,32034,United States,coastal,https://www.airbnb.com/rooms/908535600115626150,https://a0.muscache.com/im/pictures/prohost-api/Hosting-908535600115626150/original/d43b2f08-b8ab-4e8d-b580-7e7fb0d92bc2.jpeg,908535600115626150,,30.6265,-81.4393,"=AVERAGE($G$2:$G$1001)","=AVERAGE($D$2:$D$1001)","=IFERROR(($AT900-G900)/$AT900,0)","=IFERROR(($AU900-D900)/$AU900,0)","=$AU900-D900"
"Beachfront, Top Floor w/ Pier, Pool, Wi-fi, Grill",A1A Beach Vacations,,37836,44896,556.41,34.34,273,3,2,8,true,false,false,true,true,false,true,Home/Apartment,Condominium (condo),Apt/Condo/Loft,4.8,16,3,21+,Luxury,true,425,true,68,12,2026-05-16,Amelia/St. Simons/Jekyll Islands,Fernandina Beach,Fernandina Beach,Florida,32034,United States,coastal,https://www.airbnb.com/rooms/837617242874132630,https://a0.muscache.com/im/pictures/prohost-api/Hosting-837617242874132630/original/de2c4042-0c3f-49bc-853b-a5f5fc1bf453.jpeg,837617242874132630,3286218,30.6211,-81.44,"=AVERAGE($G$2:$G$1001)","=AVERAGE($D$2:$D$1001)","=IFERROR(($AT901-G901)/$AT901,0)","=IFERROR(($AU901-D901)/$AU901,0)","=$AU901-D901"
Updated 3 Bedroom Oceanfront Beachwalker Condo,Amelia Island Rentals,,36963,49896,492.84,43.1,297,3,2,6,true,false,false,true,true,false,true,Home/Apartment,Condominium (condo),Apt/Condo/Loft,4.3,25,3,21+,Luxury,false,222,false,75,15,2026-05-16,Amelia/St. Simons/Jekyll Islands,Fernandina Beach,Fernandina Beach,Florida,32034,United States,coastal,https://www.airbnb.com/rooms/30978675,https://a0.muscache.com/im/pictures/prohost-api/Hosting-30978675/original/607a6299-ae68-4c6d-8dee-b645f3fe6098.jpeg,30978675,1147987,30.54956,-81.44198,"=AVERAGE($G$2:$G$1001)","=AVERAGE($D$2:$D$1001)","=IFERROR(($AT902-G902)/$AT902,0)","=IFERROR(($AU902-D902)/$AU902,0)","=$AU902-D902"
Amazing Beach Retreat Oceanwalk,,,36702,46448,573.47,32.82,300,3,3,8,true,false,false,true,true,true,false,Home/Apartment,House,House/villa,4.9,174,3,1,Luxury,false,300,true,64,15,2026-05-17,Amelia/St. Simons/Jekyll Islands,Fernandina Beach,Fernandina Beach,Florida,32034,United States,coastal,https://www.vrbo.com/4267011ha,"https://media.vrbo.com/lodging/24000000/23710000/23705400/23705317/67dc8215.jpg?impolicy=resizecrop&rw=1200&ra=fit",,4267011ha,30.570128,-81.444482,"=AVERAGE($G$2:$G$1001)","=AVERAGE($D$2:$D$1001)","=IFERROR(($AT903-G903)/$AT903,0)","=IFERROR(($AU903-D903)/$AU903,0)","=$AU903-D903"
3 BR/3 BA Oceanfront Condo in St. Simons Grand,Golden Isles Realty,,35992,54867,620.55,30.05,275,3,3,6,true,false,true,true,false,false,true,Home/Apartment,Condominium (condo),Apt/Condo/Loft,4.75,7,1,21+,Luxury,false,1173,true,58,14,2026-05-13,Amelia/St. Simons/Jekyll Islands,Saint Simons Island,Saint Simons Island,Georgia,31522,United States,coastal,https://www.airbnb.com/rooms/1244154529628303669,https://a0.muscache.com/im/pictures/prohost-api/Hosting-1244154529628303669/original/f7305762-8451-499c-83ab-012f2acc3be8.jpeg,1244154529628303669,3901562,31.1417,-81.3765,"=AVERAGE($G$2:$G$1001)","=AVERAGE($D$2:$D$1001)","=IFERROR(($AT904-G904)/$AT904,0)","=IFERROR(($AU904-D904)/$AU904,0)","=$AU904-D904"
"Latitude Adjustment @ Ocean Oaks 3 bedrooms, 2.5 b",Jekyll Realty,,35943,40047,438.33,52.23,249,3,2,6,true,false,false,true,true,false,true,Home/Apartment,House,House/villa,5,31,1,21+,Luxury,true,361,true,82,17,2026-05-15,Amelia/St. Simons/Jekyll Islands,Jekyll Island,Jekyll Island,Georgia,31527,United States,coastal,https://www.airbnb.com/rooms/1556581261659879053,https://a0.muscache.com/im/pictures/prohost-api/Hosting-1556581261659879053/original/db2ec514-f323-4597-9f3b-3347502cf07c.jpeg,1556581261659879053,1613522,31.0351,-81.4161,"=AVERAGE($G$2:$G$1001)","=AVERAGE($D$2:$D$1001)","=IFERROR(($AT905-G905)/$AT905,0)","=IFERROR(($AU905-D905)/$AU905,0)","=$AU905-D905"
105 Ocean Place-Ocean condo large private balcony,ERA Fernandina Beach Realty,,35537,44023,1480.71,32.88,73,3,3,6,true,false,false,true,true,false,true,Home/Apartment,Condominium (condo),Apt/Condo/Loft,4.95,9,2,21+,Luxury,false,493,true,24,4,2025-02-11,Amelia/St. Simons/Jekyll Islands,Fernandina Beach,Fernandina Beach,Florida,32034,United States,coastal,https://www.airbnb.com/rooms/35031195,https://a0.muscache.com/im/pictures/prohost-api/Hosting-35031195/original/36d19366-7e67-4eb3-9c02-7e2065f4f0fa.jpeg,35031195,7685234ha,30.59079,-81.44553,"=AVERAGE($G$2:$G$1001)","=AVERAGE($D$2:$D$1001)","=IFERROR(($AT906-G906)/$AT906,0)","=IFERROR(($AU906-D906)/$AU906,0)","=$AU906-D906"
3 Bedroom Ocean Front Sailmaker Unit 601,Amelia Island Rentals,,35424,83032,621.47,37.75,219,3,2,6,true,false,false,true,true,false,true,Home/Apartment,Condominium (condo),Apt/Condo/Loft,4.45,22,3,21+,Luxury,false,216,false,57,11,2026-05-17,Amelia/St. Simons/Jekyll Islands,Fernandina Beach,Fernandina Beach,Florida,32034,United States,coastal,https://www.airbnb.com/rooms/33339631,https://a0.muscache.com/im/pictures/prohost-api/Hosting-33339631/original/6561a20b-8a21-49f5-9654-9a10d3591ea0.jpeg,33339631,1590500,30.58514,-81.44489,"=AVERAGE($G$2:$G$1001)","=AVERAGE($D$2:$D$1001)","=IFERROR(($AT907-G907)/$AT907,0)","=IFERROR(($AU907-D907)/$AU907,0)","=$AU907-D907"
Dog Friendly Home with Ocean View from Balcony,RedAwning,,35127,77256,780.6,30.2,206,3,3,8,true,false,false,true,true,true,false,Home/Apartment,House,House/villa,4,2,2,21+,Luxury,false,1637,true,45,12,2026-04-18,Amelia/St. Simons/Jekyll Islands,Fernandina Beach,Fernandina Beach,Florida,32034,United States,coastal,https://www.airbnb.com/rooms/42252009,https://a0.muscache.com/im/pictures/prohost-api/Hosting-42252009/original/a5ca24bf-997e-4875-b4fc-5c3668c66fa8.jpeg,42252009,,30.6643,-81.4326,"=AVERAGE($G$2:$G$1001)","=AVERAGE($D$2:$D$1001)","=IFERROR(($AT908-G908)/$AT908,0)","=IFERROR(($AU908-D908)/$AU908,0)","=$AU908-D908"
East Beach Cottage | Private Pool | Walk to Beach!,Covenant Property Management,,34834,35520,544.28,56.64,113,3,3,8,true,false,false,true,true,false,true,Home/Apartment,House,House/villa,4.9,66,3,21+,Luxury,true,541,true,64,11,2026-05-16,Amelia/St. Simons/Jekyll Islands,Saint Simons Island,Saint Simons Island,Georgia,31522,United States,coastal,https://www.airbnb.com/rooms/678822200253139828,https://a0.muscache.com/im/pictures/hosting/Hosting-678822200253139828/original/ec5072bb-5971-4450-b97a-f8db0537dae7.jpeg,678822200253139828,1287932,31.1472,-81.373,"=AVERAGE($G$2:$G$1001)","=AVERAGE($D$2:$D$1001)","=IFERROR(($AT909-G909)/$AT909,0)","=IFERROR(($AU909-D909)/$AU909,0)","=$AU909-D909"
Lovely ocean view and private pier!,A1A Beach Vacations,,34672,58393,550.35,33.33,268,3,2,8,true,false,false,false,true,false,true,Home/Apartment,Condominium (condo),Apt/Condo/Loft,4.9,29,3,21+,Luxury,true,425,true,63,14,2026-05-16,Amelia/St. Simons/Jekyll Islands,Fernandina Beach,Fernandina Beach,Florida,32034,United States,coastal,https://www.airbnb.com/rooms/990598442175101633,https://a0.muscache.com/im/pictures/hosting/Hosting-U3RheVN1cHBseUxpc3Rpbmc6OTkwNTk4NDQyMTc1MTAxNjMz/original/22d1e56c-6d93-4817-be52-3d7615b129bd.jpeg,990598442175101633,3639903,30.6211,-81.44,"=AVERAGE($G$2:$G$1001)","=AVERAGE($D$2:$D$1001)","=IFERROR(($AT910-G910)/$AT910,0)","=IFERROR(($AU910-D910)/$AU910,0)","=$AU910-D910"
Charming French Country Inspired Beach Cottage,,,34496,126216,2464,25,267,6,7,12,true,false,true,true,true,false,true,Home/Apartment,House,House/villa,5,26,5,1,Luxury,false,450,false,14,2,2026-05-13,Amelia/St. Simons/Jekyll Islands,Saint Simons Island,Sea Island,Georgia,31561,United States,coastal,https://www.vrbo.com/1602345,"https://media.vrbo.com/lodging/36000000/35840000/35836400/35836341/cf17f48e.jpg?impolicy=resizecrop&rw=1200&ra=fit",,1602345,31.182921,-81.344048,"=AVERAGE($G$2:$G$1001)","=AVERAGE($D$2:$D$1001)","=IFERROR(($AT911-G911)/$AT911,0)","=IFERROR(($AU911-D911)/$AU911,0)","=$AU911-D911"
2 King Suites~Private Pool~2mi from beach,488858326,,34151,57860,696.96,64.47,76,4,4,12,true,false,true,true,true,false,true,Home/Apartment,House,House/villa,4.7,52,5,2-5,Luxury,true,600,false,49,10,2025-11-09,Amelia/St. Simons/Jekyll Islands,Saint Simons Island,Saint Simons Island,Georgia,31522,United States,coastal,https://www.airbnb.com/rooms/844099537219391471,https://a0.muscache.com/im/pictures/miso/Hosting-844099537219391471/original/8789125c-24cc-4a84-b9ce-0639c8c0af97.jpeg,844099537219391471,3315826,31.16242,-81.37928,"=AVERAGE($G$2:$G$1001)","=AVERAGE($D$2:$D$1001)","=IFERROR(($AT912-G912)/$AT912,0)","=IFERROR(($AU912-D912)/$AU912,0)","=$AU912-D912"
"Lovely Amelia Island Condo with pool, W/D & central AC",Vacasa,,33743,78230,636.66,73.61,75,3,3,6,true,false,false,true,true,false,true,Home/Apartment,Condominium (condo),Apt/Condo/Loft,4.8,23,3,21+,Luxury,false,161,true,53,8,2025-10-02,Amelia/St. Simons/Jekyll Islands,Fernandina Beach,Fernandina Beach,Florida,32034,United States,coastal,https://www.vrbo.com/2564207,"https://media.vrbo.com/lodging/74000000/73290000/73286000/73285946/77760e06.jpg?impolicy=resizecrop&rw=1200&ra=fit",,2564207,30.54094,-81.44142,"=AVERAGE($G$2:$G$1001)","=AVERAGE($D$2:$D$1001)","=IFERROR(($AT913-G913)/$AT913,0)","=IFERROR(($AU913-D913)/$AU913,0)","=$AU913-D913"
1 block from the beach Ft. Clinch State Park,ERA Fernandina Beach Realty,,33671,96525,783.05,79.63,198,3,2,8,true,false,false,true,true,false,true,Home/Apartment,Condominium (condo),Apt/Condo/Loft,3,1,2,21+,Luxury,false,663,true,43,4,2026-04-27,Amelia/St. Simons/Jekyll Islands,Fernandina Beach,Fernandina Beach,Florida,32034,United States,coastal,https://www.airbnb.com/rooms/35031243,https://a0.muscache.com/im/pictures/prohost-api/Hosting-35031243/original/91e374ff-9cd9-4e63-a1bc-aac44348c5a2.jpeg,35031243,,30.67077,-81.43272,"=AVERAGE($G$2:$G$1001)","=AVERAGE($D$2:$D$1001)","=IFERROR(($AT914-G914)/$AT914,0)","=IFERROR(($AU914-D914)/$AU914,0)","=$AU914-D914"
"Robin's Nest, Saint Simons Island, GA",93453696,,33564,37322,745.87,25.86,344,4,4,8,true,false,false,true,true,true,true,Home/Apartment,Island,Unique,5,93,1,2-5,Luxury,true,250,false,45,12,2026-05-13,Amelia/St. Simons/Jekyll Islands,Saint Simons Island,Saint Simons Island,Georgia,31522,United States,coastal,https://www.airbnb.com/rooms/20653654,https://a0.muscache.com/im/pictures/2cabbe73-3d56-4e8e-8924-edf5530a8f3a.jpg,20653654,,31.27462,-81.34553,"=AVERAGE($G$2:$G$1001)","=AVERAGE($D$2:$D$1001)","=IFERROR(($AT915-G915)/$AT915,0)","=IFERROR(($AU915-D915)/$AU915,0)","=$AU915-D915"
Walk to beach + Putting Green Summer Escape,382564168,,33364,34315,469.92,42.77,175,3,3,7,true,false,false,true,true,false,false,Home/Apartment,House,House/villa,5,8,2,1,Luxury,false,174,true,71,16,2026-05-11,Amelia/St. Simons/Jekyll Islands,Fernandina Beach,Fernandina Beach,Florida,32034,United States,coastal,https://www.airbnb.com/rooms/1542133196988339715,https://a0.muscache.com/im/pictures/hosting/Hosting-1542133196988339715/original/7a52abde-2ed1-45a3-a236-a91f6d8dfd01.jpeg,1542133196988339715,4935542,30.6182,-81.4421,"=AVERAGE($G$2:$G$1001)","=AVERAGE($D$2:$D$1001)","=IFERROR(($AT916-G916)/$AT916,0)","=IFERROR(($AU916-D916)/$AU916,0)","=$AU916-D916"
3 Bedroom/3 Bath condo!,ERA Fernandina Beach Realty,,32982,88915,942.34,40.23,240,3,3,8,true,false,false,true,true,false,true,Home/Apartment,Condominium (condo),Apt/Condo/Loft,5,3,2,21+,Luxury,false,1104,true,35,10,2026-05-13,Amelia/St. Simons/Jekyll Islands,Fernandina Beach,Fernandina Beach,Florida,32034,United States,coastal,https://www.airbnb.com/rooms/35031510,https://a0.muscache.com/im/pictures/prohost-api/Hosting-35031510/original/fe91e720-1dd1-4eb3-b23f-4f5a64fba2bf.jpeg,35031510,,30.66801,-81.43265,"=AVERAGE($G$2:$G$1001)","=AVERAGE($D$2:$D$1001)","=IFERROR(($AT917-G917)/$AT917,0)","=IFERROR(($AU917-D917)/$AU917,0)","=$AU917-D917"
Ocean Cottage 101 Oceanfront - gorgeous views! The,Parker Kaufman,,32952,42348,599.13,46.61,129,3,3,6,true,false,false,true,true,false,true,Home/Apartment,Townhouse,Apt/Condo/Loft,4.65,29,3,21+,Luxury,false,425,true,55,14,2026-05-13,Amelia/St. Simons/Jekyll Islands,Jekyll Island,Jekyll Island,Georgia,31527,United States,coastal,https://www.airbnb.com/rooms/40781428,https://a0.muscache.com/im/pictures/prohost-api/Hosting-40781428/original/30aa59a1-52d5-429c-8571-576a29e9bdb4.jpeg,40781428,1343550,31.09118,-81.40374,"=AVERAGE($G$2:$G$1001)","=AVERAGE($D$2:$D$1001)","=IFERROR(($AT918-G918)/$AT918,0)","=IFERROR(($AU918-D918)/$AU918,0)","=$AU918-D918"
Nicely decorated home with private pool and short walk to beach.,georgia beach rentals,,32865,33828,597.55,29.26,331,3,2,8,true,false,false,true,true,false,true,Home/Apartment,House,House/villa,4.9,25,3,21+,Luxury,false,250,false,55,9,2026-05-17,Amelia/St. Simons/Jekyll Islands,Saint Simons Island,Saint Simons Island,Georgia,31522,United States,coastal,https://www.vrbo.com/2591121,"https://media.vrbo.com/lodging/75000000/74070000/74062700/74062609/e08b2225.jpg?impolicy=resizecrop&rw=1200&ra=fit",,2591121,31.143415,-81.375785,"=AVERAGE($G$2:$G$1001)","=AVERAGE($D$2:$D$1001)","=IFERROR(($AT919-G919)/$AT919,0)","=IFERROR(($AU919-D919)/$AU919,0)","=$AU919-D919"
Stunning Amelia Island Plantation Home,Amelia Island Rentals,,32615,100088,603.98,40.6,138,3,2,8,true,false,false,true,true,true,false,Home/Apartment,House,House/villa,4.75,20,3,21+,Luxury,false,361,false,54,16,2026-01-11,Amelia/St. Simons/Jekyll Islands,Fernandina Beach,Fernandina Beach,Florida,32034,United States,coastal,https://www.airbnb.com/rooms/42353555,https://a0.muscache.com/im/pictures/prohost-api/Hosting-42353555/original/eac3e29c-92a4-4859-92c3-565106deba6f.jpeg,42353555,1332522,30.55123,-81.44721,"=AVERAGE($G$2:$G$1001)","=AVERAGE($D$2:$D$1001)","=IFERROR(($AT920-G920)/$AT920,0)","=IFERROR(($AU920-D920)/$AU920,0)","=$AU920-D920"
Dog Friendly Forest Ridge Condo Close to Beach,RedAwning,,32507,51923,541.78,51.28,217,3,2,6,true,false,false,true,true,true,true,Home/Apartment,Condominium (condo),Apt/Condo/Loft,4.5,7,2,21+,Luxury,false,1016,true,60,10,2026-04-17,Amelia/St. Simons/Jekyll Islands,Fernandina Beach,Fernandina Beach,Florida,32034,United States,coastal,https://www.airbnb.com/rooms/37790220,https://a0.muscache.com/im/pictures/prohost-api/Hosting-37790220/original/f1331a2b-2a74-45e4-835a-68c78ae28b08.jpeg,37790220,7700511ha,30.6331,-81.4407,"=AVERAGE($G$2:$G$1001)","=AVERAGE($D$2:$D$1001)","=IFERROR(($AT921-G921)/$AT921,0)","=IFERROR(($AU921-D921)/$AU921,0)","=$AU921-D921"
A-Frame Beach House DIRECTLY on the Ocean!,Golden Isles Realty,,32413,53891,531.36,40.67,225,3,2,6,true,false,false,true,true,false,false,Home/Apartment,House,House/villa,4.7,0,4,21+,Luxury,false,200,true,61,6,2026-05-13,Amelia/St. Simons/Jekyll Islands,Saint Simons Island,Saint Simons Island,Georgia,31522,United States,coastal,https://www.vrbo.com/4318118,"https://media.vrbo.com/lodging/112000000/111280000/111272400/111272399/6c9ebcc7.jpg?impolicy=resizecrop&rw=1200&ra=fit",,4318118,31.138017,-81.380589,"=AVERAGE($G$2:$G$1001)","=AVERAGE($D$2:$D$1001)","=IFERROR(($AT922-G922)/$AT922,0)","=IFERROR(($AU922-D922)/$AU922,0)","=$AU922-D922"
Beachfront condo w/private pier,435919253,,32035,47496,542.97,34.71,319,3,2,7,true,false,false,true,true,false,true,Home/Apartment,Condominium (condo),Apt/Condo/Loft,4.9,35,3,1,Luxury,false,152,false,59,13,2026-05-16,Amelia/St. Simons/Jekyll Islands,Fernandina Beach,Fernandina Beach,Florida,32034,United States,coastal,https://www.airbnb.com/rooms/1294229553001163801,https://a0.muscache.com/im/pictures/miso/Hosting-1294229553001163801/original/2b6af425-f2fe-42b1-a844-1aa6bd6a02fb.png,1294229553001163801,7064404ha,30.6205307363,-81.4410794369,"=AVERAGE($G$2:$G$1001)","=AVERAGE($D$2:$D$1001)","=IFERROR(($AT923-G923)/$AT923,0)","=IFERROR(($AU923-D923)/$AU923,0)","=$AU923-D923"
Close to beach - Dog Friendly - Recently Renovated,ERA Fernandina Beach Realty,,31970,40465,819.74,36.45,242,3,2,8,true,false,false,true,true,true,false,Home/Apartment,Condominium (condo),Apt/Condo/Loft,5,3,2,21+,Luxury,false,976,true,39,9,2026-05-14,Amelia/St. Simons/Jekyll Islands,Fernandina Beach,Fernandina Beach,Florida,32034,United States,coastal,https://www.airbnb.com/rooms/862967946271965071,https://a0.muscache.com/im/pictures/prohost-api/Hosting-862967946271965071/original/22ffea12-7897-4104-b111-4ee6b1c8ed2d.jpeg,862967946271965071,,30.62215,-81.4403,"=AVERAGE($G$2:$G$1001)","=AVERAGE($D$2:$D$1001)","=IFERROR(($AT924-G924)/$AT924,0)","=IFERROR(($AU924-D924)/$AU924,0)","=$AU924-D924"
Captain's Boathouse,27182786,,31885,33660,579.73,24.02,345,3,2,8,true,false,false,true,true,true,false,Home/Apartment,House,House/villa,4.95,79,3,6-20,Luxury,true,299,true,55,15,2026-05-15,Amelia/St. Simons/Jekyll Islands,Saint Simons Island,Saint Simons Island,Georgia,31522,United States,coastal,https://www.airbnb.com/rooms/16188612,https://a0.muscache.com/im/pictures/d5672061-ed67-4072-8c01-369b2f9d4572.jpg,16188612,889982,31.2177,-81.39396,"=AVERAGE($G$2:$G$1001)","=AVERAGE($D$2:$D$1001)","=IFERROR(($AT925-G925)/$AT925,0)","=IFERROR(($AU925-D925)/$AU925,0)","=$AU925-D925"
Ocean Place 31-Splash by the Sea -Penthouse Luxury,Amelia Island Beach Vacations ,,31490,35074,617.45,36.17,217,3,3,6,true,false,false,true,true,false,true,Home/Apartment,Condominium (condo),Apt/Condo/Loft,4.75,4,3,6-20,Luxury,true,343,true,51,13,2026-05-15,Amelia/St. Simons/Jekyll Islands,Fernandina Beach,Fernandina Beach,Florida,32034,United States,coastal,https://www.airbnb.com/rooms/1518071533575616626,https://a0.muscache.com/im/pictures/prohost-api/Hosting-1518071533575616626/original/316eea30-bd41-45fe-9e10-901925e7bf66.jpeg,1518071533575616626,4860307,30.5929052566,-81.4430409552,"=AVERAGE($G$2:$G$1001)","=AVERAGE($D$2:$D$1001)","=IFERROR(($AT926-G926)/$AT926,0)","=IFERROR(($AU926-D926)/$AU926,0)","=$AU926-D926"
Heron House @ Ocean Oaks,RedAwning,,31328,45034,728.56,74.14,60,4,4,9,true,false,false,true,true,false,true,Home/Apartment,House,House/villa,0,0,3,21+,Luxury,false,491,true,43,8,2025-11-20,Amelia/St. Simons/Jekyll Islands,Jekyll Island,Jekyll Island,Georgia,31527,United States,coastal,https://www.airbnb.com/rooms/848379583907741692,https://a0.muscache.com/im/pictures/prohost-api/Hosting-848379583907741692/original/1ab83c37-f7a8-48f9-924c-98f4928b12e1.jpeg,848379583907741692,,31.03573,-81.415398,"=AVERAGE($G$2:$G$1001)","=AVERAGE($D$2:$D$1001)","=IFERROR(($AT927-G927)/$AT927,0)","=IFERROR(($AU927-D927)/$AU927,0)","=$AU927-D927"
Ground-level home with pool - short walk over dunes to beach,Vacasa,,30795,53550,641.56,72.73,82,3,3,6,true,false,false,true,true,false,true,Home/Apartment,Condominium (condo),Apt/Condo/Loft,4.5,13,2,21+,Luxury,false,195,true,48,7,2025-10-03,Amelia/St. Simons/Jekyll Islands,Fernandina Beach,Fernandina Beach,Florida,32034,United States,coastal,https://www.vrbo.com/2564136,"https://media.vrbo.com/lodging/74000000/73290000/73284100/73284020/e93959b2.jpg?impolicy=resizecrop&rw=1200&ra=fit",,2564136,30.54093,-81.44134,"=AVERAGE($G$2:$G$1001)","=AVERAGE($D$2:$D$1001)","=IFERROR(($AT928-G928)/$AT928,0)","=IFERROR(($AU928-D928)/$AU928,0)","=$AU928-D928"
"Kaleidoscope 4 bedrooms, 4.5 bathrooms",Jekyll Realty,,30751,68333,1230.04,45.45,70,4,4,12,true,false,true,true,true,false,true,Home/Apartment,House,House/villa,5,3,7,21+,Luxury,false,78,true,25,4,2026-05-16,Amelia/St. Simons/Jekyll Islands,Jekyll Island,Jekyll Island,Georgia,31527,United States,coastal,https://www.vrbo.com/3800681,"https://media.vrbo.com/lodging/102000000/101510000/101503600/101503506/0f375714.jpg?impolicy=resizecrop&rw=1200&ra=fit",,3800681,31.084388,-81.402507,"=AVERAGE($G$2:$G$1001)","=AVERAGE($D$2:$D$1001)","=IFERROR(($AT929-G929)/$AT929,0)","=IFERROR(($AU929-D929)/$AU929,0)","=$AU929-D929"
"Oceanfront, gated community townhome with private W/D, beach & pool access",Vacasa,,29676,42848,645.13,42.99,118,3,3,6,true,false,false,true,true,false,true,Home/Apartment,House,House/villa,3.65,12,3,21+,Luxury,false,215,true,46,10,2025-10-03,Amelia/St. Simons/Jekyll Islands,Fernandina Beach,Fernandina Beach,Florida,32034,United States,coastal,https://www.vrbo.com/2564026,"https://media.vrbo.com/lodging/74000000/73290000/73281100/73281006/a53344f3.jpg?impolicy=resizecrop&rw=1200&ra=fit",,2564026,30.58225,-81.44447,"=AVERAGE($G$2:$G$1001)","=AVERAGE($D$2:$D$1001)","=IFERROR(($AT930-G930)/$AT930,0)","=IFERROR(($AU930-D930)/$AU930,0)","=$AU930-D930"
Panoramic Oceanfront Views | Balcony|Amelia Island,Vacasa,,29675,39051,780.92,50,199,3,3,6,true,false,false,true,true,false,true,Home/Apartment,House,House/villa,4.75,20,3,21+,Luxury,false,259,true,38,8,2026-05-11,Amelia/St. Simons/Jekyll Islands,Fernandina Beach,Fernandina Beach,Florida,32034,United States,coastal,https://www.airbnb.com/rooms/21784970,https://a0.muscache.com/im/pictures/prohost-api/Hosting-21784970/original/58104457-edf0-4a1c-87c8-c8004ed5acef.jpeg,21784970,4864264,30.54163,-81.44208,"=AVERAGE($G$2:$G$1001)","=AVERAGE($D$2:$D$1001)","=IFERROR(($AT931-G931)/$AT931,0)","=IFERROR(($AU931-D931)/$AU931,0)","=$AU931-D931"
Ocean Place 30 ~ Elegant Oceanfront Retreat,Amelia Island Beach Vacations ,,29666,42120,631.19,40.52,165,3,3,8,true,false,false,true,true,false,true,Home/Apartment,Condominium (condo),Apt/Condo/Loft,5,3,3,6-20,Luxury,true,341,true,47,10,2026-05-15,Amelia/St. Simons/Jekyll Islands,Fernandina Beach,Fernandina Beach,Florida,32034,United States,coastal,https://www.airbnb.com/rooms/1556081492148023528,https://a0.muscache.com/im/pictures/prohost-api/Hosting-1556081492148023528/original/9ed79058-79ea-4191-9604-370e9388d448.jpeg,1556081492148023528,4953251,30.5930092466,-81.4438290291,"=AVERAGE($G$2:$G$1001)","=AVERAGE($D$2:$D$1001)","=IFERROR(($AT932-G932)/$AT932,0)","=IFERROR(($AU932-D932)/$AU932,0)","=$AU932-D932"
South Fletcher Beachfront Home,RedAwning,,29313,98230,1332.41,53.66,75,3,2,6,true,false,false,true,true,false,false,Home/Apartment,House,House/villa,4.5,2,2,21+,Luxury,false,1346,true,22,5,2026-04-20,Amelia/St. Simons/Jekyll Islands,Fernandina Beach,Fernandina Beach,Florida,32034,United States,coastal,https://www.airbnb.com/rooms/44196397,https://a0.muscache.com/im/pictures/prohost-api/Hosting-44196397/original/e35eb948-f5d4-4ad4-93a1-00c38513fcf0.jpeg,44196397,,30.6486,-81.4343,"=AVERAGE($G$2:$G$1001)","=AVERAGE($D$2:$D$1001)","=IFERROR(($AT933-G933)/$AT933,0)","=IFERROR(($AU933-D933)/$AU933,0)","=$AU933-D933"
211 Sailmaker ~ Ocean Sunrise,Amelia Island Beach Vacations ,,29182,81451,572.2,61.45,139,3,3,8,true,false,false,true,true,false,true,Home/Apartment,Condominium (condo),Apt/Condo/Loft,4.65,3,3,6-20,Luxury,true,304,true,51,9,2026-05-15,Amelia/St. Simons/Jekyll Islands,Fernandina Beach,Fernandina Beach,Florida,32034,United States,coastal,https://www.airbnb.com/rooms/1471830331445166088,https://a0.muscache.com/im/pictures/prohost-api/Hosting-1471830331445166088/original/09debe11-c574-42ad-a1e0-581de3a1ac07.jpeg,1471830331445166088,4719518,30.5854836265,-81.4458699317,"=AVERAGE($G$2:$G$1001)","=AVERAGE($D$2:$D$1001)","=IFERROR(($AT934-G934)/$AT934,0)","=IFERROR(($AU934-D934)/$AU934,0)","=$AU934-D934"
3BR Oceanfront Dog Friendly Windsong Condo,Vacasa,,28803,52693,472.18,74.39,120,3,3,8,true,false,false,true,true,true,true,Home/Apartment,House,House/villa,4.75,22,3,21+,Luxury,false,259,true,61,6,2026-05-13,Amelia/St. Simons/Jekyll Islands,Fernandina Beach,Fernandina Beach,Florida,32034,United States,coastal,https://www.airbnb.com/rooms/42939004,https://a0.muscache.com/im/pictures/prohost-api/Hosting-42939004/original/1b6d4e6b-0caf-435f-92f8-33396201c8bf.jpeg,42939004,4864230,30.54508,-81.44238,"=AVERAGE($G$2:$G$1001)","=AVERAGE($D$2:$D$1001)","=IFERROR(($AT935-G935)/$AT935,0)","=IFERROR(($AU935-D935)/$AU935,0)","=$AU935-D935"
111 Sailmaker Sea Time,RedAwning,,28665,47335,367.5,78.79,99,3,3,8,true,true,false,true,true,false,true,Home/Apartment,Condominium (condo),Apt/Condo/Loft,4.3,40,1,21+,Luxury,false,355,true,78,7,2020-09-09,Amelia/St. Simons/Jekyll Islands,Fernandina Beach,Fernandina Beach,Florida,32034,United States,coastal,https://www.airbnb.com/rooms/21130687,"https://a0.muscache.com/im/pictures/7ac9fe0b-a30c-43e2-a597-06be3341402e.jpg?aki_policy=x_large",21130687,776303,30.58501,-81.44531,"=AVERAGE($G$2:$G$1001)","=AVERAGE($D$2:$D$1001)","=IFERROR(($AT936-G936)/$AT936,0)","=IFERROR(($AU936-D936)/$AU936,0)","=$AU936-D936"
3Bd/3Ba Beach Front Condo with amazing views,345530221,,28109,34818,501.95,73.68,76,3,3,6,true,false,false,true,true,false,true,Home/Apartment,Condominium (condo),Apt/Condo/Loft,4.95,75,3,1,Luxury,true,200,false,56,12,2025-07-08,Amelia/St. Simons/Jekyll Islands,Fernandina Beach,Fernandina Beach,Florida,32034,United States,coastal,https://www.airbnb.com/rooms/51289493,https://a0.muscache.com/im/pictures/1ba1e68c-d5fa-4865-81ea-ac80117fdcab.jpg,51289493,2397159,30.66717,-81.43253,"=AVERAGE($G$2:$G$1001)","=AVERAGE($D$2:$D$1001)","=IFERROR(($AT937-G937)/$AT937,0)","=IFERROR(($AU937-D937)/$AU937,0)","=$AU937-D937"
The Moorings Poolside,RedAwning,,27657,34492,531.87,48.15,209,3,3,8,true,false,false,true,true,false,true,Home/Apartment,Townhouse,Apt/Condo/Loft,0,0,3,21+,Luxury,false,411,true,52,11,2025-11-20,Amelia/St. Simons/Jekyll Islands,Jekyll Island,Jekyll Island,Georgia,31527,United States,coastal,https://www.airbnb.com/rooms/848382455073989372,https://a0.muscache.com/im/pictures/prohost-api/Hosting-848382455073989372/original/a9d3fe0f-71cf-4198-a265-80450216bdf4.jpeg,848382455073989372,,31.04466,-81.41873,"=AVERAGE($G$2:$G$1001)","=AVERAGE($D$2:$D$1001)","=IFERROR(($AT938-G938)/$AT938,0)","=IFERROR(($AU938-D938)/$AU938,0)","=$AU938-D938"
Beach Dweller,Emmons Realty Corporation,,26744,39821,1273.52,26.25,80,4,3,11,true,false,false,true,false,false,true,Home/Apartment,House,House/villa,5,30,26,21+,Luxury,false,495,true,21,5,2025-03-07,Amelia/St. Simons/Jekyll Islands,Jekyll Island,Jekyll Island,Georgia,31527,United States,coastal,https://www.airbnb.com/rooms/828418202613042829,https://a0.muscache.com/im/pictures/prohost-api/Hosting-828418202613042829/original/f1e7e201-c166-44ae-afeb-c649bc26b73a.jpeg,828418202613042829,3242512,31.0791,-81.4029,"=AVERAGE($G$2:$G$1001)","=AVERAGE($D$2:$D$1001)","=IFERROR(($AT939-G939)/$AT939,0)","=IFERROR(($AU939-D939)/$AU939,0)","=$AU939-D939"
Seaside Serenity-Luxury Cottage with Ocean Views,Georgia Coast Realty,,26649,26649,1903.5,25.45,123,5,6,10,true,false,false,true,true,false,true,Home/Apartment,House,House/villa,4.7,21,1,21+,Luxury,true,600,true,14,2,2025-07-15,Amelia/St. Simons/Jekyll Islands,Saint Simons Island,Saint Simons Island,Georgia,31522,United States,coastal,https://www.airbnb.com/rooms/1050790116576663052,https://a0.muscache.com/im/pictures/prohost-api/Hosting-1050790116576663052/original/9ec2d742-5702-4bd4-a116-54972f4aab92.jpeg,1050790116576663052,1302099,31.1563037416,-81.3660086634,"=AVERAGE($G$2:$G$1001)","=AVERAGE($D$2:$D$1001)","=IFERROR(($AT940-G940)/$AT940,0)","=IFERROR(($AU940-D940)/$AU940,0)","=$AU940-D940"
Ocean Oaks 31 - Serenity Cottage,Parker Kaufman,,26542,64772,804.3,39.29,186,4,4,10,true,false,false,true,true,false,true,Home/Apartment,House,House/villa,4.9,8,3,21+,Luxury,false,525,true,33,6,2026-05-13,Amelia/St. Simons/Jekyll Islands,Jekyll Island,Jekyll Island,Georgia,31527,United States,coastal,https://www.airbnb.com/rooms/41591106,https://a0.muscache.com/im/pictures/prohost-api/Hosting-41591106/original/1390924e-3ac2-403a-8552-f9928996577a.jpeg,41591106,1624058,31.03417,-81.41429,"=AVERAGE($G$2:$G$1001)","=AVERAGE($D$2:$D$1001)","=IFERROR(($AT941-G941)/$AT941,0)","=IFERROR(($AU941-D941)/$AU941,0)","=$AU941-D941"
211 Sailmaker Anchors Away,RedAwning,,26343,62370,506.6,100,52,3,3,8,true,true,false,true,true,false,true,Home/Apartment,Condominium (condo),Apt/Condo/Loft,4.7,39,1,21+,Luxury,false,370,true,52,8,2020-09-05,Amelia/St. Simons/Jekyll Islands,Fernandina Beach,Fernandina Beach,Florida,32034,United States,coastal,https://www.airbnb.com/rooms/31543835,"https://a0.muscache.com/im/pictures/85079769-fc8e-4116-b352-26979d1a654c.jpg?aki_policy=x_large",31543835,1434683,30.58401,-81.444,"=AVERAGE($G$2:$G$1001)","=AVERAGE($D$2:$D$1001)","=IFERROR(($AT942-G942)/$AT942,0)","=IFERROR(($AU942-D942)/$AU942,0)","=$AU942-D942"
Ocean Place 50 Sandy Botttoms,RedAwning,,26242,40900,672.87,33.91,231,3,3,8,true,true,false,true,true,false,true,Home/Apartment,Condominium (condo),Apt/Condo/Loft,4.2,37,1,21+,Luxury,false,358,true,39,7,2020-09-09,Amelia/St. Simons/Jekyll Islands,Fernandina Beach,Fernandina Beach,Florida,32034,United States,coastal,https://www.airbnb.com/rooms/30478013,"https://a0.muscache.com/im/pictures/e22473b2-2458-4f84-9df0-1a368191d17c.jpg?aki_policy=x_large",30478013,1485117,30.59115,-81.44388,"=AVERAGE($G$2:$G$1001)","=AVERAGE($D$2:$D$1001)","=IFERROR(($AT943-G943)/$AT943,0)","=IFERROR(($AU943-D943)/$AU943,0)","=$AU943-D943"
"pacious 3-bedroom, 2-bathroom condo",ERA Fernandina Beach Realty,,25988,28460,764.35,20.99,262,3,2,6,true,false,false,true,true,false,true,Home/Apartment,Condominium (condo),Apt/Condo/Loft,0,0,2,21+,Luxury,false,1042,true,34,11,2026-05-15,Amelia/St. Simons/Jekyll Islands,Fernandina Beach,Fernandina Beach,Florida,32034,United States,coastal,https://www.airbnb.com/rooms/1478298163197072917,https://a0.muscache.com/im/pictures/prohost-api/Hosting-1478298163197072917/original/66a9afbe-cdbd-46f9-81da-708a9e63caa8.jpeg,1478298163197072917,20181606ha,30.63342,-81.44013,"=AVERAGE($G$2:$G$1001)","=AVERAGE($D$2:$D$1001)","=IFERROR(($AT944-G944)/$AT944,0)","=IFERROR(($AU944-D944)/$AU944,0)","=$AU944-D944"
Beautiful Family Home Located Near Sea Island,Hodnett Cooper Vacation Rentals,,25914,90014,740.4,28.46,157,4,3,10,true,false,false,true,true,false,true,Home/Apartment,House,House/villa,5,6,5,21+,Luxury,true,595,true,35,7,2026-05-16,Amelia/St. Simons/Jekyll Islands,Saint Simons Island,Saint Simons Island,Georgia,31522,United States,coastal,https://www.airbnb.com/rooms/1326176332994002153,https://a0.muscache.com/im/pictures/prohost-api/Hosting-1326176332994002153/original/7935733d-bf32-4245-97da-0a09af53fbb9.jpeg,1326176332994002153,3232022,31.17621,-81.37957,"=AVERAGE($G$2:$G$1001)","=AVERAGE($D$2:$D$1001)","=IFERROR(($AT945-G945)/$AT945,0)","=IFERROR(($AU945-D945)/$AU945,0)","=$AU945-D945"
812 S Fletcher Ave,RedAwning,,25913,48634,996.65,40.62,172,3,2,8,true,false,false,true,true,false,false,Home/Apartment,House,House/villa,3,8,2,21+,Luxury,false,472,true,26,5,2026-04-15,Amelia/St. Simons/Jekyll Islands,Fernandina Beach,Fernandina Beach,Florida,32034,United States,coastal,https://www.airbnb.com/rooms/37603428,https://a0.muscache.com/im/pictures/prohost-api/Hosting-37603428/original/8f38eb6b-9dc9-4608-8f7f-2084df4b9bc4.jpeg,37603428,4702854ha,30.656,-81.4329,"=AVERAGE($G$2:$G$1001)","=AVERAGE($D$2:$D$1001)","=IFERROR(($AT946-G946)/$AT946,0)","=IFERROR(($AU946-D946)/$AU946,0)","=$AU946-D946"
"3BR gorgeous oceanfront condo - balcony, pool",Vacasa,,25905,48074,518.1,34.25,288,3,3,6,true,false,false,true,true,false,true,Home/Apartment,House,House/villa,4.9,18,4,21+,Luxury,false,259,true,50,10,2026-05-13,Amelia/St. Simons/Jekyll Islands,Fernandina Beach,Fernandina Beach,Florida,32034,United States,coastal,https://www.airbnb.com/rooms/12918532,https://a0.muscache.com/im/pictures/prohost-api/Hosting-12918532/original/5775d1ce-5a17-4c2b-b0ac-1fa58e69f985.jpeg,12918532,4864286,30.59136,-81.44353,"=AVERAGE($G$2:$G$1001)","=AVERAGE($D$2:$D$1001)","=IFERROR(($AT947-G947)/$AT947,0)","=IFERROR(($AU947-D947)/$AU947,0)","=$AU947-D947"
Sandpiper Hideaway- Lovely home with pool and just,Parker Kaufman,,25892,91076,761.53,39.08,116,4,3,10,true,false,true,true,true,false,true,Home/Apartment,House,House/villa,4.55,10,1,21+,Luxury,false,496,true,34,5,2026-05-13,Amelia/St. Simons/Jekyll Islands,Jekyll Island,Jekyll Island,Georgia,31527,United States,coastal,https://www.airbnb.com/rooms/48932028,https://a0.muscache.com/im/pictures/prohost-api/Hosting-48932028/original/624a3875-b15a-4077-8f9f-1fd06ffdb980.jpeg,48932028,2259984,31.07797,-81.40487,"=AVERAGE($G$2:$G$1001)","=AVERAGE($D$2:$D$1001)","=IFERROR(($AT948-G948)/$AT948,0)","=IFERROR(($AU948-D948)/$AU948,0)","=$AU948-D948"
60 Ocean Place- Lovely 5th Floor Oceanfront Condo,Luxury Rentals of Amelia,,25650,41954,641.25,31.25,206,3,3,8,true,false,false,true,false,false,true,Home/Apartment,Condominium (condo),Apt/Condo/Loft,4.95,29,3,21+,Luxury,false,342,true,40,10,2026-05-15,Amelia/St. Simons/Jekyll Islands,Fernandina Beach,Fernandina Beach,Florida,32034,United States,coastal,https://www.airbnb.com/rooms/1487885973021105521,https://a0.muscache.com/im/pictures/prohost-api/Hosting-1487885973021105521/original/6ca7fe6e-5c54-48ae-b3da-93329de2e334.jpeg,1487885973021105521,1573700,30.5917,-81.4446,"=AVERAGE($G$2:$G$1001)","=AVERAGE($D$2:$D$1001)","=IFERROR(($AT949-G949)/$AT949,0)","=IFERROR(($AU949-D949)/$AU949,0)","=$AU949-D949"
Pet Friendly Cottage in East Beach with Pool,Hodnett Cooper Vacation Rentals,,25635,43803,523.16,84.48,58,3,2,6,true,false,false,true,true,true,true,Home/Apartment,House,House/villa,4.7,53,2,21+,Luxury,true,221,true,49,8,2025-05-15,Amelia/St. Simons/Jekyll Islands,Saint Simons Island,Saint Simons Island,Georgia,31522,United States,coastal,https://www.airbnb.com/rooms/42740465,https://a0.muscache.com/im/pictures/prohost-api/Hosting-42740465/original/ed3ea8a1-e492-4dd4-88fe-4e4b9ef289f2.jpeg,42740465,1585208,31.14833,-81.37065,"=AVERAGE($G$2:$G$1001)","=AVERAGE($D$2:$D$1001)","=IFERROR(($AT950-G950)/$AT950,0)","=IFERROR(($AU950-D950)/$AU950,0)","=$AU950-D950"
1386 Shipwatch Circ.,RedAwning,,24831,86177,730.32,52.31,190,3,3,8,true,false,false,true,true,false,true,Home/Apartment,Condominium (condo),Apt/Condo/Loft,0,0,2,21+,Luxury,false,1068,true,34,9,2026-04-14,Amelia/St. Simons/Jekyll Islands,Fernandina Beach,Fernandina Beach,Florida,32034,United States,coastal,https://www.airbnb.com/rooms/963653126494226407,https://a0.muscache.com/im/pictures/prohost-api/Hosting-963653126494226407/original/324d2f8e-d8e4-44f6-ab73-97673aea8e68.jpeg,963653126494226407,,30.5474,-81.4431,"=AVERAGE($G$2:$G$1001)","=AVERAGE($D$2:$D$1001)","=IFERROR(($AT951-G951)/$AT951,0)","=IFERROR(($AU951-D951)/$AU951,0)","=$AU951-D951"
3BR Oceanfront 6th-Floor | Balcony | Pool,Vacasa,,24746,40120,380.71,51.59,188,3,3,6,true,false,false,true,true,false,true,Home/Apartment,House,House/villa,4.4,30,2,21+,Luxury,false,259,true,65,12,2026-05-15,Amelia/St. Simons/Jekyll Islands,Fernandina Beach,Fernandina Beach,Florida,32034,United States,coastal,https://www.airbnb.com/rooms/1502209008690711081,https://a0.muscache.com/im/pictures/prohost-api/Hosting-1502209008690711081/original/6e9ac694-c6be-4168-8be3-af6d6245a57c.jpeg,1502209008690711081,4864291,30.54314,-81.44164,"=AVERAGE($G$2:$G$1001)","=AVERAGE($D$2:$D$1001)","=IFERROR(($AT952-G952)/$AT952,0)","=IFERROR(($AU952-D952)/$AU952,0)","=$AU952-D952"
"Midway Manor Awaits You with 7 bedrooms, 5 Bathrooms, and Unlimited Charm",,,24029,41934,1334.94,21.18,245,7,5,30,true,true,true,true,true,false,false,Home/Apartment,House,House/villa,5,0,3,1,Luxury,false,0,true,18,8,2026-05-15,Amelia/St. Simons/Jekyll Islands,Midway,Midway,Georgia,31320,United States,coastal,https://www.vrbo.com/4083584,"https://media.vrbo.com/lodging/107000000/106650000/106650000/106649932/9c124e15.jpg?impolicy=resizecrop&rw=1200&ra=fit",,4083584,31.834426,-81.479754,"=AVERAGE($G$2:$G$1001)","=AVERAGE($D$2:$D$1001)","=IFERROR(($AT953-G953)/$AT953,0)","=IFERROR(($AU953-D953)/$AU953,0)","=$AU953-D953"
"Meet Me At Sunset 3+ Bedroom, 3 Bathroom",Jekyll Realty,,23976,30620,406.37,37.34,200,3,3,10,true,false,false,true,true,false,true,Home/Apartment,House,House/villa,5,1,1,21+,Luxury,true,449,true,59,14,2026-05-16,Amelia/St. Simons/Jekyll Islands,Jekyll Island,Jekyll Island,Georgia,31527,United States,coastal,https://www.airbnb.com/rooms/1556591451330063693,https://a0.muscache.com/im/pictures/prohost-api/Hosting-1556591451330063693/original/2bfc333a-8b14-47c5-9f31-20785fb0cce4.jpeg,1556591451330063693,4280591,31.0806,-81.4234,"=AVERAGE($G$2:$G$1001)","=AVERAGE($D$2:$D$1001)","=IFERROR(($AT954-G954)/$AT954,0)","=IFERROR(($AU954-D954)/$AU954,0)","=$AU954-D954"
Nicely decorated three bedroom condo with ocean views and short walk to beach.,,,22888,40039,635.78,60,63,3,3,6,true,false,false,true,false,false,true,Home/Apartment,Condominium (condo),Apt/Condo/Loft,5,9,3,1,Luxury,false,250,false,36,11,2025-09-01,Amelia/St. Simons/Jekyll Islands,Saint Simons Island,Saint Simons Island,Georgia,31522,United States,coastal,https://www.vrbo.com/3958626,"https://media.vrbo.com/lodging/105000000/104140000/104137100/104137045/19402543.jpg?impolicy=resizecrop&rw=1200&ra=fit",,3958626,31.13925,-81.38439,"=AVERAGE($G$2:$G$1001)","=AVERAGE($D$2:$D$1001)","=IFERROR(($AT955-G955)/$AT955,0)","=IFERROR(($AU955-D955)/$AU955,0)","=$AU955-D955"
Oceanfront Pet-Friendly Villa w/Private Courtyard,Stay Better Vacations,,22671,22891,629.75,63.16,101,3,3,7,true,false,false,true,true,true,false,Home/Apartment,Villa,House/villa,4.4,5,4,21+,Luxury,true,315,false,36,11,2026-05-11,Amelia/St. Simons/Jekyll Islands,Fernandina Beach,Fernandina Beach,Florida,32034,United States,coastal,https://www.airbnb.com/rooms/1600115392796785267,https://a0.muscache.com/im/pictures/prohost-api/Hosting-1600115392796785267/original/cde32316-c78f-47f8-b936-26bf75163fe8.jpeg,1600115392796785267,5050584,30.6025,-81.443,"=AVERAGE($G$2:$G$1001)","=AVERAGE($D$2:$D$1001)","=IFERROR(($AT956-G956)/$AT956,0)","=IFERROR(($AU956-D956)/$AU956,0)","=$AU956-D956"
St Simons King and Prince Ocean front 3 BR condo,34871222,,22458,32887,534.71,24.14,244,3,3,6,true,true,false,true,true,false,true,Home/Apartment,Condominium (condo),Apt/Condo/Loft,5,73,5,1,Luxury,false,100,false,42,9,2025-04-18,Amelia/St. Simons/Jekyll Islands,Saint Simons Island,Saint Simons Island,Georgia,31522,United States,coastal,https://www.airbnb.com/rooms/53091582,https://a0.muscache.com/im/pictures/miso/Hosting-53091582/original/ab77b19e-64a9-4109-a293-53f2c605f076.jpeg,53091582,119147,31.14104,-81.37829,"=AVERAGE($G$2:$G$1001)","=AVERAGE($D$2:$D$1001)","=IFERROR(($AT957-G957)/$AT957,0)","=IFERROR(($AU957-D957)/$AU957,0)","=$AU957-D957"
Ocean Place 30 Welcome Home,RedAwning,,22226,51165,716.97,60.78,161,3,3,8,true,true,false,true,true,false,true,Home/Apartment,Condominium (condo),Apt/Condo/Loft,4.9,67,1,21+,Luxury,false,354,true,31,7,2020-09-06,Amelia/St. Simons/Jekyll Islands,Fernandina Beach,Fernandina Beach,Florida,32034,United States,coastal,https://www.airbnb.com/rooms/21130691,"https://a0.muscache.com/im/pictures/447136b2-994e-4fe9-9b56-2f5c43fe6f88.jpg?aki_policy=x_large",21130691,903007,30.60699,-81.4515,"=AVERAGE($G$2:$G$1001)","=AVERAGE($D$2:$D$1001)","=IFERROR(($AT958-G958)/$AT958,0)","=IFERROR(($AU958-D958)/$AU958,0)","=$AU958-D958"
Classic Sea Island Cottage with Pool and Minutes Walk to the Beach,,,22022,55023,1101.1,22.22,263,4,5,8,true,false,false,true,false,false,true,Home/Apartment,House,House/villa,4.5,4,7,1,Luxury,false,600,false,20,4,2026-05-16,Amelia/St. Simons/Jekyll Islands,Saint Simons Island,Sea Island,Georgia,31561,United States,coastal,https://www.vrbo.com/2920652,"https://media.vrbo.com/lodging/84000000/83300000/83291600/83291534/cd3f5936.jpg?impolicy=resizecrop&rw=1200&ra=fit",,2920652,31.18481,-81.340909,"=AVERAGE($G$2:$G$1001)","=AVERAGE($D$2:$D$1001)","=IFERROR(($AT959-G959)/$AT959,0)","=IFERROR(($AU959-D959)/$AU959,0)","=$AU959-D959"
1418 Windsong Villa,230697463,,21997,45417,666.58,89.19,130,3,2,6,true,false,false,true,true,false,true,Home/Apartment,Townhouse,Apt/Condo/Loft,4.8,8,3,6-20,Luxury,true,443,true,33,5,2026-05-13,Amelia/St. Simons/Jekyll Islands,Fernandina Beach,Fernandina Beach,Florida,32034,United States,coastal,https://www.airbnb.com/rooms/908721122262970299,https://a0.muscache.com/im/pictures/miso/Hosting-908721122262970299/original/3c9f36d2-6be2-4751-9ee2-b337ae2175fd.jpeg,908721122262970299,2975043,30.5456,-81.4418,"=AVERAGE($G$2:$G$1001)","=AVERAGE($D$2:$D$1001)","=IFERROR(($AT960-G960)/$AT960,0)","=IFERROR(($AU960-D960)/$AU960,0)","=$AU960-D960"
Ocean Front Pool: 6 Bedroom Estate,Lighthouse Vacations,,21750,21750,1673.08,16.67,78,6,7,14,true,true,false,true,false,false,true,Home/Apartment,House,House/villa,4.85,42,1,21+,Luxury,true,399,true,13,2,2024-08-20,Amelia/St. Simons/Jekyll Islands,Saint Simons Island,Saint Simons Island,Georgia,31522,United States,coastal,https://www.airbnb.com/rooms/41882267,https://a0.muscache.com/im/pictures/prohost-api/Hosting-41882267/original/a02f67ee-c76d-49cb-a270-8f0b6a0171ba.jpeg,41882267,1888816,31.13567,-81.39653,"=AVERAGE($G$2:$G$1001)","=AVERAGE($D$2:$D$1001)","=IFERROR(($AT961-G961)/$AT961,0)","=IFERROR(($AU961-D961)/$AU961,0)","=$AU961-D961"
2622 Forest Ridge #c2,RedAwning,,21447,23604,579.65,26.81,261,3,2,6,true,false,false,true,true,false,true,Home/Apartment,Condominium (condo),Apt/Condo/Loft,0,0,2,21+,Luxury,false,914,true,37,10,2026-04-17,Amelia/St. Simons/Jekyll Islands,Fernandina Beach,Fernandina Beach,Florida,32034,United States,coastal,https://www.airbnb.com/rooms/1478208116060012686,https://a0.muscache.com/im/pictures/prohost-api/Hosting-1478208116060012686/original/125a30d7-adfe-45c7-8078-ec88592b89da.jpeg,1478208116060012686,,30.6331,-81.4407,"=AVERAGE($G$2:$G$1001)","=AVERAGE($D$2:$D$1001)","=IFERROR(($AT962-G962)/$AT962,0)","=IFERROR(($AU962-D962)/$AU962,0)","=$AU962-D962"
Princessa,441314178,,20932,45439,805.08,89.66,29,4,4,12,true,false,false,true,true,false,false,Home/Apartment,Condominium (condo),Apt/Condo/Loft,5,3,4,6-20,Luxury,false,396,false,26,4,2024-10-24,Amelia/St. Simons/Jekyll Islands,Saint Simons Island,Saint Simons Island,Georgia,31522,United States,coastal,https://www.airbnb.com/rooms/1121919895238679477,https://a0.muscache.com/im/pictures/prohost-api/Hosting-1121919895238679477/original/35f5d38a-49ca-4a02-9213-524a0216ec83.jpeg,1121919895238679477,3926745,31.13853,-81.38156,"=AVERAGE($G$2:$G$1001)","=AVERAGE($D$2:$D$1001)","=IFERROR(($AT963-G963)/$AT963,0)","=IFERROR(($AU963-D963)/$AU963,0)","=$AU963-D963"
Oceanfront 3 bed condo with pool located at The Pelicans in Fernandina Beach,,,20872,34780,485.4,60.56,227,3,2,8,true,false,false,false,false,false,true,Home/Apartment,Condominium (condo),Apt/Condo/Loft,5,1,30,1,Luxury,false,199,true,43,4,2026-02-01,Amelia/St. Simons/Jekyll Islands,Fernandina Beach,Fernandina Beach,Florida,32034,United States,coastal,https://www.vrbo.com/4146331,"https://media.vrbo.com/lodging/108000000/107790000/107783100/107783078/6777ce5e.jpg?impolicy=resizecrop&rw=1200&ra=fit",,4146331,30.617079,-81.44442,"=AVERAGE($G$2:$G$1001)","=AVERAGE($D$2:$D$1001)","=IFERROR(($AT964-G964)/$AT964,0)","=IFERROR(($AU964-D964)/$AU964,0)","=$AU964-D964"
Stunning Beach Wood Villa with Luxury Renovations!,Destination Amelia,,20640,23252,491.43,48.84,166,3,3,6,true,false,false,true,true,false,true,Home/Apartment,Townhouse,Apt/Condo/Loft,5,3,3,21+,Luxury,true,284,false,42,6,2026-05-13,Amelia/St. Simons/Jekyll Islands,Fernandina Beach,Fernandina Beach,Florida,32034,United States,coastal,https://www.airbnb.com/rooms/1553097474874742009,https://a0.muscache.com/im/pictures/prohost-api/Hosting-1553097474874742009/original/9f21b2d0-d309-471c-b367-7c437c96d26e.jpeg,1553097474874742009,2709843,30.56246,-81.44649,"=AVERAGE($G$2:$G$1001)","=AVERAGE($D$2:$D$1001)","=IFERROR(($AT965-G965)/$AT965,0)","=IFERROR(($AU965-D965)/$AU965,0)","=$AU965-D965"
"Gorgeous Classic 4 Bd Cottage, Renovated, w/ Pool",35953827,,20428,27878,1459.14,25,104,4,4,8,true,false,false,true,true,false,true,Home/Apartment,House,House/villa,0,0,1,21+,Luxury,true,349,false,14,4,2026-05-11,Amelia/St. Simons/Jekyll Islands,Saint Simons Island,Sea Island,Georgia,31561,United States,coastal,https://www.airbnb.com/rooms/1597219670878111420,https://a0.muscache.com/im/pictures/hosting/Hosting-1597219670878111420/original/58822470-c35b-41d9-9b9b-7eb18a47b436.jpeg,1597219670878111420,5031260,31.2093,-81.3263,"=AVERAGE($G$2:$G$1001)","=AVERAGE($D$2:$D$1001)","=IFERROR(($AT966-G966)/$AT966,0)","=IFERROR(($AU966-D966)/$AU966,0)","=$AU966-D966"
Condo W/ Whirlpool & Oceanfront View from Terrace,RedAwning,,20426,83261,2918,25.93,27,3,2,8,true,false,false,true,true,false,true,Home/Apartment,Condominium (condo),Apt/Condo/Loft,0,0,2,21+,Luxury,false,303,true,7,1,2025-01-14,Amelia/St. Simons/Jekyll Islands,Fernandina Beach,Fernandina Beach,Florida,32034,United States,coastal,https://www.airbnb.com/rooms/619345579805572183,https://a0.muscache.com/im/pictures/prohost-api/Hosting-619345579805572183/original/33367411-4066-417d-ae4e-0b95f7e97be6.jpeg,619345579805572183,,30.6196,-81.4401,"=AVERAGE($G$2:$G$1001)","=AVERAGE($D$2:$D$1001)","=IFERROR(($AT967-G967)/$AT967,0)","=IFERROR(($AU967-D967)/$AU967,0)","=$AU967-D967"
Amelia Island Summerwoods 3 BR Luxury Condo,Seahorse Amelia Vacation Rentals,,20263,25962,471.23,41.35,131,3,3,8,true,false,false,true,true,false,true,Home/Apartment,Condominium (condo),Apt/Condo/Loft,5,2,7,21+,Luxury,true,552,true,43,4,2025-12-28,Amelia/St. Simons/Jekyll Islands,Fernandina Beach,Fernandina Beach,Florida,32034,United States,coastal,https://www.airbnb.com/rooms/1432883760757393018,https://a0.muscache.com/im/pictures/prohost-api/Hosting-1432883760757393018/original/5e5a8aeb-d6f0-45e9-9e39-fb6ef64eb0ca.jpeg,1432883760757393018,4619830,30.581608405,-81.4498481375,"=AVERAGE($G$2:$G$1001)","=AVERAGE($D$2:$D$1001)","=IFERROR(($AT968-G968)/$AT968,0)","=IFERROR(($AU968-D968)/$AU968,0)","=$AU968-D968"
Ground Floor 3 Bedroom Turtle Dunes,Amelia Island Rentals,,20193,106039,673.1,60,76,3,3,6,true,false,false,true,true,false,true,Home/Apartment,Condominium (condo),Apt/Condo/Loft,4.6,22,3,21+,Luxury,false,278,false,30,5,2026-05-13,Amelia/St. Simons/Jekyll Islands,Fernandina Beach,Fernandina Beach,Florida,32034,United States,coastal,https://www.airbnb.com/rooms/30978806,https://a0.muscache.com/im/pictures/prohost-api/Hosting-30978806/original/6d357739-4839-4498-8bcf-1f2fc5493442.jpeg,30978806,900233,30.54027,-81.44143,"=AVERAGE($G$2:$G$1001)","=AVERAGE($D$2:$D$1001)","=IFERROR(($AT969-G969)/$AT969,0)","=IFERROR(($AU969-D969)/$AU969,0)","=$AU969-D969"
"Completely Renovated East Beach Townhome, Steps to",Golden Isles Realty,,20128,46604,745.48,24.32,151,4,4,8,true,false,false,true,true,false,true,Home/Apartment,House,House/villa,4.8,19,1,21+,Luxury,false,470,true,27,6,2025-10-21,Amelia/St. Simons/Jekyll Islands,Saint Simons Island,Saint Simons Island,Georgia,31522,United States,coastal,https://www.airbnb.com/rooms/1243573322754861032,https://a0.muscache.com/im/pictures/prohost-api/Hosting-1243573322754861032/original/aa0de809-e194-4be7-b111-a0507ca24b10.jpeg,1243573322754861032,1521973,31.143555,-81.37528,"=AVERAGE($G$2:$G$1001)","=AVERAGE($D$2:$D$1001)","=IFERROR(($AT970-G970)/$AT970,0)","=IFERROR(($AU970-D970)/$AU970,0)","=$AU970-D970"
Sandpiper at Coast Cottages sleeps 8 with,Lighthouse Vacations,,19988,19833,644.77,54.39,88,3,3,8,true,false,false,true,true,true,true,Home/Apartment,House,House/villa,5,1,3,21+,Luxury,true,402,false,31,7,2026-05-15,Amelia/St. Simons/Jekyll Islands,Saint Simons Island,Saint Simons Island,Georgia,31522,United States,coastal,https://www.airbnb.com/rooms/1623388602235440344,https://a0.muscache.com/im/pictures/prohost-api/Hosting-1623388602235440344/original/7ff3ed98-1026-4b9c-b617-b73e5b9c0640.jpeg,1623388602235440344,5108054,31.1452167716,-81.3732257816,"=AVERAGE($G$2:$G$1001)","=AVERAGE($D$2:$D$1001)","=IFERROR(($AT971-G971)/$AT971,0)","=IFERROR(($AU971-D971)/$AU971,0)","=$AU971-D971"
St. Simons Island-Designer Island Home-Salty Vibes,,,19794,26953,549.83,20.11,233,3,2,8,true,false,false,true,true,false,false,Home/Apartment,House,House/villa,5,1,2,1,Luxury,false,200,false,36,9,2026-05-12,Amelia/St. Simons/Jekyll Islands,Saint Simons Island,Saint Simons Island,Georgia,31522,United States,coastal,https://www.vrbo.com/4060915,"https://media.vrbo.com/lodging/107000000/106260000/106253800/106253792/3976235a.jpg?impolicy=resizecrop&rw=1200&ra=fit",,4060915,31.189402,-81.378492,"=AVERAGE($G$2:$G$1001)","=AVERAGE($D$2:$D$1001)","=IFERROR(($AT972-G972)/$AT972,0)","=IFERROR(($AU972-D972)/$AU972,0)","=$AU972-D972"
Newly furnished townhouse!,ERA Fernandina Beach Realty,,19485,43605,573.09,28.1,298,3,2,6,true,false,false,true,true,false,true,Home/Apartment,Condominium (condo),Apt/Condo/Loft,3.5,2,2,21+,Luxury,false,772,true,34,7,2026-05-13,Amelia/St. Simons/Jekyll Islands,Fernandina Beach,Fernandina Beach,Florida,32034,United States,coastal,https://www.airbnb.com/rooms/43677469,https://a0.muscache.com/im/pictures/prohost-api/Hosting-43677469/original/151955ce-25e3-45b9-90de-a371a28a5a29.jpeg,43677469,,30.67579,-81.43346,"=AVERAGE($G$2:$G$1001)","=AVERAGE($D$2:$D$1001)","=IFERROR(($AT973-G973)/$AT973,0)","=IFERROR(($AU973-D973)/$AU973,0)","=$AU973-D973"
Spectacular Sunrise - beautiful home with pool and,Parker Kaufman,,19379,67773,775.16,42.37,186,4,3,9,true,false,false,true,true,false,true,Home/Apartment,House,House/villa,4.3,9,3,21+,Luxury,false,543,true,25,5,2026-05-13,Amelia/St. Simons/Jekyll Islands,Jekyll Island,Jekyll Island,Georgia,31527,United States,coastal,https://www.airbnb.com/rooms/893411709407404324,https://a0.muscache.com/im/pictures/prohost-api/Hosting-893411709407404324/original/280ea7c8-3365-4929-92ab-e721eabcec03.jpeg,893411709407404324,1630336,31.08304,-81.40364,"=AVERAGE($G$2:$G$1001)","=AVERAGE($D$2:$D$1001)","=IFERROR(($AT974-G974)/$AT974,0)","=IFERROR(($AU974-D974)/$AU974,0)","=$AU974-D974"
"Dog-friendly oceanfront townhouse with covered balcony, views, pool & AC",Vacasa,,19343,54947,773.72,67.57,42,3,3,2,true,false,false,true,true,false,true,Home/Apartment,House,House/villa,4.9,27,3,21+,Luxury,false,161,true,25,4,2025-10-01,Amelia/St. Simons/Jekyll Islands,Fernandina Beach,Fernandina Beach,Florida,32034,United States,coastal,https://www.vrbo.com/2564194,"https://media.vrbo.com/lodging/74000000/73290000/73285700/73285660/ca500938.jpg?impolicy=resizecrop&rw=1200&ra=fit",,2564194,30.54584,-81.44177,"=AVERAGE($G$2:$G$1001)","=AVERAGE($D$2:$D$1001)","=IFERROR(($AT975-G975)/$AT975,0)","=IFERROR(($AU975-D975)/$AU975,0)","=$AU975-D975"
Desirable East Beach Home! 1/2 block to beach acce,Golden Isles Realty,,19236,50082,418.17,47.92,233,3,2,7,true,false,false,true,false,false,false,Home/Apartment,House,House/villa,3.9,7,1,21+,Luxury,false,1607,true,46,4,2026-02-19,Amelia/St. Simons/Jekyll Islands,Saint Simons Island,Saint Simons Island,Georgia,31522,United States,coastal,https://www.airbnb.com/rooms/1245064204445536161,https://a0.muscache.com/im/pictures/prohost-api/Hosting-1245064204445536161/original/e2a1a15c-b81d-425e-a79d-0a60e2ef6196.jpeg,1245064204445536161,1293074,31.1502,-81.3691,"=AVERAGE($G$2:$G$1001)","=AVERAGE($D$2:$D$1001)","=IFERROR(($AT976-G976)/$AT976,0)","=IFERROR(($AU976-D976)/$AU976,0)","=$AU976-D976"
South Fletcher Spacious Family Friendly Home,RedAwning,,18995,102806,949.75,66.67,65,4,3,10,true,false,false,true,true,false,false,Home/Apartment,House,House/villa,5,1,2,21+,Luxury,false,470,true,20,4,2026-04-18,Amelia/St. Simons/Jekyll Islands,Fernandina Beach,Fernandina Beach,Florida,32034,United States,coastal,https://www.airbnb.com/rooms/26347119,https://a0.muscache.com/im/pictures/prohost-api/Hosting-26347119/original/ada5965f-7bfb-48ed-92d5-a33679b0f967.jpeg,26347119,,30.6446,-81.4352,"=AVERAGE($G$2:$G$1001)","=AVERAGE($D$2:$D$1001)","=IFERROR(($AT977-G977)/$AT977,0)","=IFERROR(($AU977-D977)/$AU977,0)","=$AU977-D977"
Fernandina Shores Condo W/balcony & Access to Pool,RedAwning,,18853,42798,628.43,28.04,293,3,2,6,true,false,false,true,true,false,true,Home/Apartment,Condominium (condo),Apt/Condo/Loft,4.35,13,2,21+,Luxury,false,505,true,30,6,2026-04-15,Amelia/St. Simons/Jekyll Islands,Fernandina Beach,Fernandina Beach,Florida,32034,United States,coastal,https://www.airbnb.com/rooms/40046516,https://a0.muscache.com/im/pictures/prohost-api/Hosting-40046516/original/699d3247-54ba-4b87-96fb-d0a3346517db.jpeg,40046516,9230883ha,30.6753,-81.4326,"=AVERAGE($G$2:$G$1001)","=AVERAGE($D$2:$D$1001)","=IFERROR(($AT978-G978)/$AT978,0)","=IFERROR(($AU978-D978)/$AU978,0)","=$AU978-D978"
Spacious & Luxurious Townhome -Steps from the Beach and from The Surf Restaurant,,,18511,19146,560.94,16.1,358,3,3,8,true,false,false,true,true,false,false,Home/Apartment,House,House/villa,4.7,40,3,1,Luxury,false,250,false,33,10,2026-05-15,Amelia/St. Simons/Jekyll Islands,Fernandina Beach,Fernandina Beach,Florida,32034,United States,coastal,https://www.vrbo.com/636084,"https://media.vrbo.com/lodging/34000000/33990000/33980300/33980300/076afa96.jpg?impolicy=resizecrop&rw=1200&ra=fit",,636084,30.623884,-81.440503,"=AVERAGE($G$2:$G$1001)","=AVERAGE($D$2:$D$1001)","=IFERROR(($AT979-G979)/$AT979,0)","=IFERROR(($AU979-D979)/$AU979,0)","=$AU979-D979"
Fabulous Modern Cottage with Pool!  2 Minute Walk to Beach!,,,18483,83331,1848.3,13.7,195,4,4,8,true,false,false,true,true,false,true,Home/Apartment,House,House/villa,5,17,5,1,Luxury,false,249,false,10,2,2026-05-12,Amelia/St. Simons/Jekyll Islands,Saint Simons Island,Sea Island,Georgia,31561,United States,coastal,https://www.vrbo.com/436378,"https://media.vrbo.com/lodging/35000000/34330000/34321500/34321485/8fb3ce5d.jpg?impolicy=resizecrop&rw=1200&ra=fit",,436378,31.19533,-81.337074,"=AVERAGE($G$2:$G$1001)","=AVERAGE($D$2:$D$1001)","=IFERROR(($AT980-G980)/$AT980,0)","=IFERROR(($AU980-D980)/$AU980,0)","=$AU980-D980"
"Sand Dollar Lodge 3 bedrooms, 3 bathrooms",Jekyll Island Property Sales & Management,,18468,20725,499.14,33.33,166,3,3,6,true,false,false,true,true,false,false,Home/Apartment,House,House/villa,0,0,3,21+,Luxury,true,701,true,37,8,2026-05-15,Amelia/St. Simons/Jekyll Islands,Jekyll Island,Jekyll Island,Georgia,31527,United States,coastal,https://www.airbnb.com/rooms/1556589054910657962,https://a0.muscache.com/im/pictures/prohost-api/Hosting-1556589054910657962/original/5c8c8f30-d59b-4989-89b4-0c4bcaeb3f92.jpeg,1556589054910657962,,31.0697,-81.4085,"=AVERAGE($G$2:$G$1001)","=AVERAGE($D$2:$D$1001)","=IFERROR(($AT981-G981)/$AT981,0)","=IFERROR(($AU981-D981)/$AU981,0)","=$AU981-D981"
GOOD TIDES - Steps from East Beach AND has a,Georgia Coast Realty,,18193,52433,699.73,41.94,118,3,2,8,true,false,false,true,true,false,false,Home/Apartment,House,House/villa,4.9,40,3,21+,Luxury,false,599,true,26,5,2026-05-13,Amelia/St. Simons/Jekyll Islands,Saint Simons Island,Saint Simons Island,Georgia,31522,United States,coastal,https://www.airbnb.com/rooms/1050835463785767753,https://a0.muscache.com/im/pictures/prohost-api/Hosting-1050835463785767753/original/4b4f8bda-afc3-483c-a244-8c4f85797ec1.jpeg,1050835463785767753,1302637,31.1528,-81.3685,"=AVERAGE($G$2:$G$1001)","=AVERAGE($D$2:$D$1001)","=IFERROR(($AT982-G982)/$AT982,0)","=IFERROR(($AU982-D982)/$AU982,0)","=$AU982-D982"
Windsong Ocean Front Four Bedroom Condo,Amelia Island Rentals,,17922,90638,746.75,40.68,231,4,4,8,true,false,false,true,true,false,true,Home/Apartment,House,House/villa,3.85,7,5,21+,Luxury,false,300,false,24,4,2026-05-13,Amelia/St. Simons/Jekyll Islands,Fernandina Beach,Fernandina Beach,Florida,32034,United States,coastal,https://www.airbnb.com/rooms/54386142,https://a0.muscache.com/im/pictures/prohost-api/Hosting-54386142/original/e8e44d99-6e05-4b21-9b44-0cbfb8b6032a.jpeg,54386142,2758514,30.54452,-81.44263,"=AVERAGE($G$2:$G$1001)","=AVERAGE($D$2:$D$1001)","=IFERROR(($AT983-G983)/$AT983,0)","=IFERROR(($AU983-D983)/$AU983,0)","=$AU983-D983"
"1403 Windsong, Ocean Front 4-bedroom townhome at  Omni Amelia Island Plantation",,,17340,20958,753.91,50,80,4,3,9,true,false,false,true,true,false,true,Home/Apartment,House,House/villa,5,2,7,1,Luxury,false,0,false,23,3,2026-05-17,Amelia/St. Simons/Jekyll Islands,Fernandina Beach,Fernandina Beach,Florida,32034,United States,coastal,https://www.vrbo.com/5080961,"https://media.vrbo.com/lodging/126000000/125670000/125668300/125668259/ff3b8d3a.jpg?impolicy=resizecrop&rw=1200&ra=fit",,5080961,30.546259,-81.442377,"=AVERAGE($G$2:$G$1001)","=AVERAGE($D$2:$D$1001)","=IFERROR(($AT984-G984)/$AT984,0)","=IFERROR(($AU984-D984)/$AU984,0)","=$AU984-D984"
Renovated Oceanfront Amelia South Condo | Pool,Barefoot Amelia,,17138,20221,463.19,66.07,94,3,2,8,true,false,false,true,true,false,true,Home/Apartment,Condominium (condo),Apt/Condo/Loft,5,6,3,21+,Luxury,true,225,false,37,11,2026-05-14,Amelia/St. Simons/Jekyll Islands,Fernandina Beach,Fernandina Beach,Florida,32034,United States,coastal,https://www.airbnb.com/rooms/1607465037393953894,https://a0.muscache.com/im/pictures/prohost-api/Hosting-1607465037393953894/original/68953984-baa3-447a-9bcd-ad82ba98a706.jpeg,1607465037393953894,5068325,30.62048,-81.43922,"=AVERAGE($G$2:$G$1001)","=AVERAGE($D$2:$D$1001)","=IFERROR(($AT985-G985)/$AT985,0)","=IFERROR(($AU985-D985)/$AU985,0)","=$AU985-D985"
"New 6 Bedroom Oceanfront Cottage, Luxury Coastal Living Perfect for Families",,,16613,117684,3322.6,15.62,312,6,6,14,true,false,false,true,true,false,true,Home/Apartment,House,House/villa,5,4,5,1,Luxury,false,600,false,5,1,2026-05-17,Amelia/St. Simons/Jekyll Islands,Saint Simons Island,Sea Island,Georgia,31561,United States,coastal,https://www.vrbo.com/4515449,"https://media.vrbo.com/lodging/115000000/114540000/114536000/114535985/c4e626bc.jpg?impolicy=resizecrop&rw=1200&ra=fit",,4515449,31.193837,-81.334391,"=AVERAGE($G$2:$G$1001)","=AVERAGE($D$2:$D$1001)","=IFERROR(($AT986-G986)/$AT986,0)","=IFERROR(($AU986-D986)/$AU986,0)","=$AU986-D986"
Spacious 3BR Retreat on Amelia Island - Pool,Stay Better Vacations,,16604,16876,436.95,67.86,60,3,2,6,true,false,false,true,true,false,true,Home/Apartment,Condominium (condo),Apt/Condo/Loft,4,1,4,21+,Luxury,true,242,false,38,11,2026-05-11,Amelia/St. Simons/Jekyll Islands,Fernandina Beach,Fernandina Beach,Florida,32034,United States,coastal,https://www.airbnb.com/rooms/1630464959301761035,https://a0.muscache.com/im/pictures/prohost-api/Hosting-1630464959301761035/original/114be22c-a042-4b93-ba15-584a8a0e7276.jpeg,1630464959301761035,5129315,30.54999,-81.44453,"=AVERAGE($G$2:$G$1001)","=AVERAGE($D$2:$D$1001)","=IFERROR(($AT987-G987)/$AT987,0)","=IFERROR(($AU987-D987)/$AU987,0)","=$AU987-D987"
Riverfront Walk to Town,38824584,,16466,38880,374.23,30.34,145,3,3,6,true,false,false,true,true,true,false,Home/Apartment,House,House/villa,5,99,3,1,Luxury,false,250,false,44,13,2025-10-09,Amelia/St. Simons/Jekyll Islands,Saint Marys,Saint Marys,Georgia,31558,United States,coastal,https://www.airbnb.com/rooms/1109575966268263417,https://a0.muscache.com/im/pictures/miso/Hosting-1109575966268263417/original/f1de37c8-dc25-4827-b760-2b71b56bb56c.jpeg,1109575966268263417,2266132,30.7211688352,-81.5563492648,"=AVERAGE($G$2:$G$1001)","=AVERAGE($D$2:$D$1001)","=IFERROR(($AT988-G988)/$AT988,0)","=IFERROR(($AU988-D988)/$AU988,0)","=$AU988-D988"
Island Dayz - 609 Ocean Blvd,Lighthouse Vacations,,16320,24492,816,57.14,114,3,3,6,true,false,false,true,true,true,false,Home/Apartment,House,House/villa,5,2,3,21+,Luxury,true,365,true,20,6,2026-05-16,Amelia/St. Simons/Jekyll Islands,Saint Simons Island,Saint Simons Island,Georgia,31522,United States,coastal,https://www.airbnb.com/rooms/1567518714855033615,https://a0.muscache.com/im/pictures/prohost-api/Hosting-1567518714855033615/original/d125f45f-3599-47bd-bc95-a7a4093c4af6.jpeg,1567518714855033615,4982909,31.13673,-81.39326,"=AVERAGE($G$2:$G$1001)","=AVERAGE($D$2:$D$1001)","=IFERROR(($AT989-G989)/$AT989,0)","=IFERROR(($AU989-D989)/$AU989,0)","=$AU989-D989"
Luxury 3/3.5*East Beach*Golf Cart* Bunk Room,49196104,,16304,16304,603.85,16.36,165,3,3,9,true,false,false,true,true,false,false,Home/Apartment,Townhouse,Apt/Condo/Loft,4.85,67,3,1,Luxury,true,240,false,27,6,2025-03-24,Amelia/St. Simons/Jekyll Islands,Saint Simons Island,Saint Simons Island,Georgia,31522,United States,coastal,https://www.airbnb.com/rooms/49674423,https://a0.muscache.com/im/pictures/miso/Hosting-49674423/original/58b0a38c-97bb-4b36-9851-b13c2cd13b71.jpeg,49674423,2304681,31.14449,-81.3742,"=AVERAGE($G$2:$G$1001)","=AVERAGE($D$2:$D$1001)","=IFERROR(($AT990-G990)/$AT990,0)","=IFERROR(($AU990-D990)/$AU990,0)","=$AU990-D990"
Haven on the Green:  St. Simons Family Retreat,71146725,,15840,17431,660,46.15,117,4,3,10,true,false,false,true,true,false,false,Home/Apartment,House,House/villa,5,7,2,1,Luxury,false,175,false,24,7,2026-05-13,Amelia/St. Simons/Jekyll Islands,Saint Simons Island,Saint Simons Island,Georgia,31522,United States,coastal,https://www.airbnb.com/rooms/12950441,"https://a0.muscache.com/im/pictures/hosting/Hosting-U3RheVN1cHBseUxpc3Rpbmc6MTI5NTA0NDE=/original/1dec3502-2913-4cbf-bfe5-2c3642354cbd.jpeg",12950441,,31.18891,-81.37206,"=AVERAGE($G$2:$G$1001)","=AVERAGE($D$2:$D$1001)","=IFERROR(($AT991-G991)/$AT991,0)","=IFERROR(($AU991-D991)/$AU991,0)","=$AU991-D991"
On Golden Marsh,43850899,,15817,44735,790.85,18.18,288,4,3,9,true,false,false,true,true,false,false,Home/Apartment,House,House/villa,5,5,2,2-5,Luxury,false,270,false,20,4,2026-05-17,Amelia/St. Simons/Jekyll Islands,Saint Simons Island,Saint Simons Island,Georgia,31522,United States,coastal,https://www.airbnb.com/rooms/973118780002850730,https://a0.muscache.com/im/pictures/miso/Hosting-973118780002850730/original/a6570047-08c6-4729-a63d-b481c0cf28a2.jpeg,973118780002850730,3373712,31.1485,-81.3735,"=AVERAGE($G$2:$G$1001)","=AVERAGE($D$2:$D$1001)","=IFERROR(($AT992-G992)/$AT992,0)","=IFERROR(($AU992-D992)/$AU992,0)","=$AU992-D992"
Massive Oceanfront Estate on St. Simons Island,Elite Destination Homes,,15760,15760,2626.67,10,212,6,9,12,true,true,true,true,true,false,true,Home/Apartment,House,House/villa,0,0,4,21+,Luxury,true,326,true,6,2,2026-05-15,Amelia/St. Simons/Jekyll Islands,Saint Simons Island,Saint Simons Island,Georgia,31522,United States,coastal,https://www.airbnb.com/rooms/1527674670305435998,https://a0.muscache.com/im/pictures/prohost-api/Hosting-1527674670305435998/original/b19deec5-55c7-4374-a2c2-584f9962dc6f.jpeg,1527674670305435998,20205391ha,31.1646219106,-81.4128128001,"=AVERAGE($G$2:$G$1001)","=AVERAGE($D$2:$D$1001)","=IFERROR(($AT993-G993)/$AT993,0)","=IFERROR(($AU993-D993)/$AU993,0)","=$AU993-D993"
"Oceanfront 5th-floor condo with balcony, gorgeous views & pool access",Vacasa,,15551,35571,598.12,44.83,58,3,3,6,true,false,false,true,true,false,true,Home/Apartment,Condominium (condo),Apt/Condo/Loft,5,24,4,21+,Luxury,false,215,true,26,5,2025-10-03,Amelia/St. Simons/Jekyll Islands,Fernandina Beach,Fernandina Beach,Florida,32034,United States,coastal,https://www.vrbo.com/2564025,"https://media.vrbo.com/lodging/74000000/73290000/73281000/73280995/dbdcfc07.jpg?impolicy=resizecrop&rw=1200&ra=fit",,2564025,30.59169,-81.44416,"=AVERAGE($G$2:$G$1001)","=AVERAGE($D$2:$D$1001)","=IFERROR(($AT994-G994)/$AT994,0)","=IFERROR(($AU994-D994)/$AU994,0)","=$AU994-D994"
Ocean Place Unit #70 Summer Salt,Mock's Amelia Vacations,,15397,16919,615.88,24.04,181,3,3,6,true,true,false,true,true,false,true,Home/Apartment,Other,Unique,4.2,45,1,21+,Luxury,false,171,true,25,4,2017-10-10,Amelia/St. Simons/Jekyll Islands,Fernandina Beach,Fernandina Beach,Florida,32034,United States,coastal,https://www.airbnb.com/rooms/9151165,"https://a0.muscache.com/im/pictures/fd7a7740-850e-4657-818b-7c91c0860d82.jpg?aki_policy=x_large",9151165,722645,30.5927074244,-81.4452099169,"=AVERAGE($G$2:$G$1001)","=AVERAGE($D$2:$D$1001)","=IFERROR(($AT995-G995)/$AT995,0)","=IFERROR(($AU995-D995)/$AU995,0)","=$AU995-D995"
Amelia Island Retreat • Bikes to Beach • near Ritz,727455088,,15235,25721,491.45,70.45,111,3,2,8,true,true,false,true,true,true,false,Home/Apartment,House,House/villa,5,10,2,1,Luxury,false,174,false,31,10,2026-05-13,Amelia/St. Simons/Jekyll Islands,Fernandina Beach,Fernandina Beach,Florida,32034,United States,coastal,https://www.airbnb.com/rooms/1547056602987615868,https://a0.muscache.com/im/pictures/hosting/Hosting-1547056602987615868/original/6735247b-7ce9-4f7d-ae28-6290eef39ac6.jpeg,1547056602987615868,5075273,30.58816,-81.45238,"=AVERAGE($G$2:$G$1001)","=AVERAGE($D$2:$D$1001)","=IFERROR(($AT996-G996)/$AT996,0)","=IFERROR(($AU996-D996)/$AU996,0)","=$AU996-D996"
Briney Breeze @ Ocean Oaks,RedAwning,,15234,87523,725.43,42.86,71,4,4,12,true,false,false,true,true,false,true,Home/Apartment,House,House/villa,5,1,3,21+,Luxury,false,497,true,21,4,2025-11-20,Amelia/St. Simons/Jekyll Islands,Jekyll Island,Jekyll Island,Georgia,31527,United States,coastal,https://www.airbnb.com/rooms/48316559,https://a0.muscache.com/im/pictures/prohost-api/Hosting-48316559/original/2c128922-45ea-410b-9679-9d33dc3af820.jpeg,48316559,,31.03517,-81.41525,"=AVERAGE($G$2:$G$1001)","=AVERAGE($D$2:$D$1001)","=IFERROR(($AT997-G997)/$AT997,0)","=IFERROR(($AU997-D997)/$AU997,0)","=$AU997-D997"
Private Marsh Home in Amelia Island Plantation,Destination Amelia,,15198,27683,490.26,93.94,82,3,2,8,true,false,false,true,true,true,false,Home/Apartment,House,House/villa,0,0,30,21+,Luxury,true,0,false,31,1,2026-05-17,Amelia/St. Simons/Jekyll Islands,Fernandina Beach,Fernandina Beach,Florida,32034,United States,coastal,https://www.airbnb.com/rooms/1578429645881792240,https://a0.muscache.com/im/pictures/prohost-api/Hosting-1578429645881792240/original/bb834852-798d-48f8-8471-7d03977ab16e.jpeg,1578429645881792240,5013573,30.55153,-81.45394,"=AVERAGE($G$2:$G$1001)","=AVERAGE($D$2:$D$1001)","=IFERROR(($AT998-G998)/$AT998,0)","=IFERROR(($AU998-D998)/$AU998,0)","=$AU998-D998"
*Luxury Island Home Getaway*,596114508,,15111,15111,657,92,30,4,3,10,true,false,false,true,true,true,false,Home/Apartment,House,House/villa,0,0,3,1,Luxury,false,75,false,23,3,2026-04-12,Amelia/St. Simons/Jekyll Islands,Saint Simons Island,Saint Simons Island,Georgia,31522,United States,coastal,https://www.airbnb.com/rooms/1647223363950650839,https://a0.muscache.com/im/pictures/hosting/Hosting-1647223363950650839/original/f526732f-65ea-44ad-90fd-8f528c386b81.jpeg,1647223363950650839,,31.21182,-81.37837,"=AVERAGE($G$2:$G$1001)","=AVERAGE($D$2:$D$1001)","=IFERROR(($AT999-G999)/$AT999,0)","=IFERROR(($AU999-D999)/$AU999,0)","=$AU999-D999"
AMAZING OCEAN VIEWS AMELIA  BEACHWALKER BUILDING CLOSEST TO SAND-4 BR 3B PET-ASK,Amelia Island Vacation Rentals and Management Services,,15026,65797,790.84,50,53,4,3,8,true,false,false,true,true,true,true,Home/Apartment,Condominium (condo),Apt/Condo/Loft,4.9,39,5,6-20,Luxury,false,550,true,19,3,2026-05-13,Amelia/St. Simons/Jekyll Islands,Fernandina Beach,Fernandina Beach,Florida,32034,United States,coastal,https://www.vrbo.com/1583262,"https://media.vrbo.com/lodging/36000000/35250000/35247600/35247546/b5914bf7.jpg?impolicy=resizecrop&rw=1200&ra=fit",,1583262,30.550437,-81.444401,"=AVERAGE($G$2:$G$1001)","=AVERAGE($D$2:$D$1001)","=IFERROR(($AT1000-G1000)/$AT1000,0)","=IFERROR(($AU1000-D1000)/$AU1000,0)","=$AU1000-D1000"
"Dog Friendly Beachfront Condo, Access to Beach",RedAwning,,14965,20170,1496.5,43.48,23,5,3,14,true,false,false,true,true,true,false,Home/Apartment,House,House/villa,2.75,2,1,21+,Luxury,false,378,true,10,2,2024-10-30,Amelia/St. Simons/Jekyll Islands,Fernandina Beach,Fernandina Beach,Florida,32034,United States,coastal,https://www.airbnb.com/rooms/615727450968991759,https://a0.muscache.com/im/pictures/prohost-api/Hosting-615727450968991759/original/50abca28-8f48-42be-9a56-ccce9a85efca.jpeg,615727450968991759,,30.672,-81.4301,"=AVERAGE($G$2:$G$1001)","=AVERAGE($D$2:$D$1001)","=IFERROR(($AT1001-G1001)/$AT1001,0)","=IFERROR(($AU1001-D1001)/$AU1001,0)","=$AU1001-D1001"
