Title,Property Manager/Host,Contact,Revenue,Revenue Potential,ADR,Occupancy,Days Available,Bedrooms,Bathrooms,Accommodates,Has Air Conditioning,Has Gym,Has Hot Tub,Has Kitchen,Has Parking,Has Pets,Has Pool,Listing Type,Property Type,Real Estate Type,Overall Rating,Number of Reviews,Minimum Stay,Host Unit Count,Price Tier,Airbnb Superhost,Cleaning Fee,Instant Book,Reserved Days,Number of Bookings,Last Update,AirDNA Market,AirDNA Subarket,City,State,Zipcode,Country,Location Type,Listing URL,Main Listing Image,Airbnb Property ID,Vrbo Property ID,Latitude,Longitude,Market Average Occupancy,Market Average Revenue,Occupancy Gap,Revenue % Gap,Revenue $ Gap
Not the Norm - Oceanfront Home with Private Pool,Five Star Gulf Rentals,,610964,855847,3149.3,76.38,261,11,9,16,true,false,false,true,true,true,true,Home/Apartment,House,House/villa,4.5,24,3,21+,Luxury,false,1738,true,194,29,2026-05-11,Santa Rosa/Rosemary Beach,Miramar Beach,Miramar Beach,Florida,32550,United States,coastal,https://www.airbnb.com/rooms/36140282,https://a0.muscache.com/im/pictures/prohost-api/Hosting-36140282/original/e47459c6-f932-423a-98e7-3c485ab6d670.jpeg,36140282,974799,30.3745,-86.3608,"=AVERAGE($G$2:$G$554)","=AVERAGE($D$2:$D$554)","=IFERROR(($AT2-G2)/$AT2,0)","=IFERROR(($AU2-D2)/$AU2,0)","=$AU2-D2"
"Gulf-Front Home with Rooftop Deck, Theater, Pool and Private Beach Access",360 Blue,,562231,684181,3287.9,61.51,290,10,10,35,true,false,false,true,true,false,true,Home/Apartment,House,House/villa,5,14,3,21+,Luxury,false,0,true,171,31,2026-05-16,Santa Rosa/Rosemary Beach,Miramar Beach,Miramar Beach,Florida,32550,United States,coastal,https://www.vrbo.com/2812166,"https://media.vrbo.com/lodging/79000000/78380000/78372200/78372129/5a315a64.jpg?impolicy=resizecrop&rw=1200&ra=fit",,2812166,30.372679,-86.349146,"=AVERAGE($G$2:$G$554)","=AVERAGE($D$2:$D$554)","=IFERROR(($AT3-G3)/$AT3,0)","=IFERROR(($AU3-D3)/$AU3,0)","=$AU3-D3"
Luxury Gulf Front | Pool | Golf Cart | Chairs,Destin Dreamers,,555355,740032,3305.68,68.57,258,10,9,16,true,false,true,true,true,false,true,Home/Apartment,House,House/villa,4.75,72,5,21+,Luxury,true,2145,true,168,34,2026-05-11,Santa Rosa/Rosemary Beach,Miramar Beach,Miramar Beach,Florida,32550,United States,coastal,https://www.airbnb.com/rooms/924527891640987131,https://a0.muscache.com/im/pictures/prohost-api/Hosting-924527891640987131/original/ff3763ec-afc2-41ea-a2a9-9d6a34c88efc.jpeg,924527891640987131,9849928ha,30.3728,-86.349,"=AVERAGE($G$2:$G$554)","=AVERAGE($D$2:$D$554)","=IFERROR(($AT4-G4)/$AT4,0)","=IFERROR(($AU4-D4)/$AU4,0)","=$AU4-D4"
"Luxury Gulf-Front Home with Private Pool, Hot Tub, Game Room and Beach Access",360 Blue,,552324,593461,3388.49,62.45,321,10,10,32,true,false,true,true,true,false,true,Home/Apartment,House,House/villa,4.9,30,3,21+,Luxury,false,1215,true,163,28,2026-05-16,Santa Rosa/Rosemary Beach,Miramar Beach,Miramar Beach,Florida,32550,United States,coastal,https://www.vrbo.com/2069771,"https://media.vrbo.com/lodging/59000000/58070000/58069000/58068948/2de643ca.jpg?impolicy=resizecrop&rw=1200&ra=fit",,2069771,30.37281,-86.34899,"=AVERAGE($G$2:$G$554)","=AVERAGE($D$2:$D$554)","=IFERROR(($AT5-G5)/$AT5,0)","=IFERROR(($AU5-D5)/$AU5,0)","=$AU5-D5"
"Large Luxury Home | Pool, Theater & Views",360 Blue,,536416,664640,3859.11,45.13,308,18,18,16,true,false,false,true,true,true,true,Home/Apartment,House,House/villa,4.7,23,3,21+,Luxury,true,2742,true,139,27,2026-05-16,Santa Rosa/Rosemary Beach,Miramar Beach,Santa Rosa Beach,Florida,32459,United States,coastal,https://www.airbnb.com/rooms/1339206715252255336,https://a0.muscache.com/im/pictures/prohost-api/Hosting-1339206715252255336/original/138baf6e-f54e-434d-b69e-8ba0eb44f2d7.jpeg,1339206715252255336,3538465,30.3723318736,-86.3509423148,"=AVERAGE($G$2:$G$554)","=AVERAGE($D$2:$D$554)","=IFERROR(($AT6-G6)/$AT6,0)","=IFERROR(($AU6-D6)/$AU6,0)","=$AU6-D6"
"Gulf-Front Home with Infinity Pool, Game Room and Beach Access",360 Blue,,529343,705332,3227.7,64.57,254,7,6,31,true,false,true,true,true,false,true,Home/Apartment,House,House/villa,4.9,63,3,21+,Luxury,false,1370,true,164,33,2026-05-14,Santa Rosa/Rosemary Beach,Miramar Beach,Miramar Beach,Florida,32550,United States,coastal,https://www.vrbo.com/935164,"https://media.vrbo.com/lodging/21000000/20150000/20142600/20142563/331a8297.jpg?impolicy=resizecrop&rw=1200&ra=fit",,935164,30.37092,-86.33794,"=AVERAGE($G$2:$G$554)","=AVERAGE($D$2:$D$554)","=IFERROR(($AT7-G7)/$AT7,0)","=IFERROR(($AU7-D7)/$AU7,0)","=$AU7-D7"
Sleeps 25/Gulf views/Salt pool/Across bch/GolfCart,545826588,,524158,705395,2437.94,83.01,259,7,6,16,true,false,false,true,true,true,true,Home/Apartment,House,House/villa,4.95,98,1,1,Luxury,true,2326,true,215,44,2026-05-17,Santa Rosa/Rosemary Beach,Miramar Beach,Miramar Beach,Florida,32550,United States,coastal,https://www.airbnb.com/rooms/1037143032617182422,https://a0.muscache.com/im/pictures/prohost-api/Hosting-1037143032617182422/original/1d2a9862-27b7-419d-9265-e5e4fd6310d0.jpeg,1037143032617182422,3798019,30.3734,-86.3491,"=AVERAGE($G$2:$G$554)","=AVERAGE($D$2:$D$554)","=IFERROR(($AT8-G8)/$AT8,0)","=IFERROR(($AU8-D8)/$AU8,0)","=$AU8-D8"
Soggy Dollar|Private Community Beach Access|Pool,Echelon Luxury Properties,,489047,550464,2507.93,72.76,302,10,9,16,true,false,true,true,true,false,true,Home/Apartment,House,House/villa,5,81,3,21+,Luxury,true,1832,true,195,33,2026-05-17,Santa Rosa/Rosemary Beach,Miramar Beach,Miramar Beach,Florida,32550,United States,coastal,https://www.airbnb.com/rooms/867389072231620809,https://a0.muscache.com/im/pictures/prohost-api/Hosting-867389072231620809/original/6d6d8fbb-7019-4cf5-92ff-d827d1dd16fd.jpeg,867389072231620809,707729,30.3776,-86.3767,"=AVERAGE($G$2:$G$554)","=AVERAGE($D$2:$D$554)","=IFERROR(($AT9-G9)/$AT9,0)","=IFERROR(($AU9-D9)/$AU9,0)","=$AU9-D9"
"Salty Toes | Gulf Front, Pool, Beach Chair Service",Destin Dreamers,,482340,530234,1779.85,85.22,318,5,5,14,true,false,false,true,true,true,true,Home/Apartment,House,House/villa,4.8,62,5,21+,Luxury,true,1302,true,271,46,2026-05-11,Santa Rosa/Rosemary Beach,Miramar Beach,Miramar Beach,Florida,32550,United States,coastal,https://www.airbnb.com/rooms/46570762,https://a0.muscache.com/im/pictures/prohost-api/Hosting-46570762/original/ed464041-60d7-4bd5-bf70-f6ab447b1bee.jpeg,46570762,9518424ha,30.3735,-86.3539,"=AVERAGE($G$2:$G$554)","=AVERAGE($D$2:$D$554)","=IFERROR(($AT10-G10)/$AT10,0)","=IFERROR(($AU10-D10)/$AU10,0)","=$AU10-D10"
Sandy Beach Estate: Estate with Pool and Hot Tub!,Diamond Gulf Rentals,,463627,480660,4730.89,42.61,341,13,11,16,true,false,true,true,true,false,true,Home/Apartment,House,House/villa,5,98,7,21+,Luxury,false,2444,true,98,19,2026-05-13,Santa Rosa/Rosemary Beach,Miramar Beach,Miramar Beach,Florida,32550,United States,coastal,https://www.airbnb.com/rooms/46392684,https://a0.muscache.com/im/pictures/prohost-api/Hosting-46392684/original/14876a89-10d9-4dbf-a761-4eef1dc1bbec.jpeg,46392684,1815770,30.3739,-86.3455,"=AVERAGE($G$2:$G$554)","=AVERAGE($D$2:$D$554)","=IFERROR(($AT11-G11)/$AT11,0)","=IFERROR(($AU11-D11)/$AU11,0)","=$AU11-D11"
The Front Row: Gulf Front Home with Pool & Spa!,Diamond Gulf Rentals,,358777,580042,3449.78,67.1,213,6,6,16,true,false,true,true,true,false,true,Home/Apartment,House,House/villa,4.9,119,3,21+,Luxury,false,1130,true,104,17,2026-05-11,Santa Rosa/Rosemary Beach,Miramar Beach,Miramar Beach,Florida,32550,United States,coastal,https://www.airbnb.com/rooms/22379365,https://a0.muscache.com/im/pictures/prohost-api/Hosting-22379365/original/2615061f-15ac-4bbc-ae65-027507b6a585.jpeg,22379365,1235152,30.3748,-86.3618,"=AVERAGE($G$2:$G$554)","=AVERAGE($D$2:$D$554)","=IFERROR(($AT12-G12)/$AT12,0)","=IFERROR(($AU12-D12)/$AU12,0)","=$AU12-D12"
9 Bedroom Luxury Pool Home Directly on the beach!,52155536,,340453,501562,3123.42,64.5,268,9,8,16,true,false,true,true,true,true,true,Home/Apartment,House,House/villa,0,0,7,2-5,Luxury,false,551,false,109,4,2026-05-17,Santa Rosa/Rosemary Beach,Miramar Beach,Santa Rosa Beach,Florida,32459,United States,coastal,https://www.airbnb.com/rooms/34993307,https://a0.muscache.com/im/pictures/65609879-6f66-4a73-a024-6a404f642f8d.jpg,34993307,,30.37105,-86.34409,"=AVERAGE($G$2:$G$554)","=AVERAGE($D$2:$D$554)","=IFERROR(($AT13-G13)/$AT13,0)","=IFERROR(($AU13-D13)/$AU13,0)","=$AU13-D13"
Beachfront Mansion + View | Promenade by AvantStay,AvantStay,,334985,425862,2175.23,81.05,228,7,5,16,true,false,false,true,true,false,true,Home/Apartment,House,House/villa,4.25,24,2,21+,Luxury,true,1537,false,154,30,2026-05-15,Santa Rosa/Rosemary Beach,Miramar Beach,Miramar Beach,Florida,32550,United States,coastal,https://www.airbnb.com/rooms/1577069303615268675,https://a0.muscache.com/im/pictures/hosting/Hosting-1577069303615268675/original/34165257-6bfc-4938-8dd3-457f841cca71.jpeg,1577069303615268675,2275529,30.3749276002,-86.3607852568,"=AVERAGE($G$2:$G$554)","=AVERAGE($D$2:$D$554)","=IFERROR(($AT14-G14)/$AT14,0)","=IFERROR(($AU14-D14)/$AU14,0)","=$AU14-D14"
"Luxe On The Beach: Gulf Front Pool, 5 King Suites",521392359,,314436,413117,2153.67,76.84,258,7,6,16,true,false,false,true,true,false,true,Home/Apartment,House,House/villa,5,84,3,6-20,Luxury,true,856,true,146,28,2026-05-11,Santa Rosa/Rosemary Beach,Miramar Beach,Miramar Beach,Florida,32550,United States,coastal,https://www.airbnb.com/rooms/964525834528446273,https://a0.muscache.com/im/pictures/prohost-api/Hosting-964525834528446273/original/0f4799b9-c717-4f36-9595-4a0e59e8524b.jpeg,964525834528446273,3583863,30.3771,-86.3787,"=AVERAGE($G$2:$G$554)","=AVERAGE($D$2:$D$554)","=IFERROR(($AT15-G15)/$AT15,0)","=IFERROR(($AU15-D15)/$AU15,0)","=$AU15-D15"
"Gulf-Front Home | Pool, Views & Beach Access",360 Blue,,312249,421861,2691.8,58,281,8,8,16,true,false,false,true,true,false,true,Home/Apartment,House,House/villa,4.4,8,3,21+,Luxury,true,1566,true,116,19,2026-05-16,Santa Rosa/Rosemary Beach,Miramar Beach,Miramar Beach,Florida,32550,United States,coastal,https://www.airbnb.com/rooms/1302953633831045740,https://a0.muscache.com/im/pictures/prohost-api/Hosting-1302953633831045740/original/d7ef93c2-057d-4320-af1e-322c97567bcf.jpeg,1302953633831045740,2504962,30.372676388,-86.3439158739,"=AVERAGE($G$2:$G$554)","=AVERAGE($D$2:$D$554)","=IFERROR(($AT16-G16)/$AT16,0)","=IFERROR(($AU16-D16)/$AU16,0)","=$AU16-D16"
Verona - Huge Ocean Front Home with Private Pool,Five Star Gulf Rentals,,309185,492218,2576.54,52.17,256,7,7,16,true,false,false,true,true,false,true,Home/Apartment,House,House/villa,5,1,3,21+,Luxury,false,1701,true,120,17,2026-05-11,Santa Rosa/Rosemary Beach,Miramar Beach,Miramar Beach,Florida,32550,United States,coastal,https://www.airbnb.com/rooms/36140294,https://a0.muscache.com/im/pictures/prohost-api/Hosting-36140294/original/cfcd25cf-7dd9-4651-8205-686c7b9aff11.jpeg,36140294,4882994,30.371,-86.3364,"=AVERAGE($G$2:$G$554)","=AVERAGE($D$2:$D$554)","=IFERROR(($AT17-G17)/$AT17,0)","=IFERROR(($AU17-D17)/$AU17,0)","=$AU17-D17"
Seaclusion - Beachfront Home with Private Pool,Five Star Gulf Rentals,,305468,455018,2229.69,69.9,226,9,7,16,true,false,true,true,true,true,true,Home/Apartment,House,House/villa,4.2,34,3,21+,Luxury,false,1579,true,137,22,2026-05-13,Santa Rosa/Rosemary Beach,Miramar Beach,Miramar Beach,Florida,32550,United States,coastal,https://www.airbnb.com/rooms/36140185,https://a0.muscache.com/im/pictures/prohost-api/Hosting-36140185/original/0f67047a-8c6d-4046-9f08-7436e30d0640.jpeg,36140185,333498,30.3719,-86.3437,"=AVERAGE($G$2:$G$554)","=AVERAGE($D$2:$D$554)","=IFERROR(($AT18-G18)/$AT18,0)","=IFERROR(($AU18-D18)/$AU18,0)","=$AU18-D18"
Beach Castle | Beach Front | Private Pool,Paradise30A,,298515,315704,4522.95,37.93,357,7,7,16,true,false,false,true,true,false,true,Home/Apartment,House,House/villa,5,3,7,21+,Luxury,true,2409,true,66,6,2026-05-17,Santa Rosa/Rosemary Beach,Miramar Beach,Santa Rosa Beach,Florida,32459,United States,coastal,https://www.airbnb.com/rooms/1116049137578154775,https://a0.muscache.com/im/pictures/prohost-api/Hosting-1116049137578154775/original/5a00285d-0daf-4d7b-ac76-363f94dab5ca.jpeg,1116049137578154775,3917359,30.3681,-86.3201,"=AVERAGE($G$2:$G$554)","=AVERAGE($D$2:$D$554)","=IFERROR(($AT19-G19)/$AT19,0)","=IFERROR(($AU19-D19)/$AU19,0)","=$AU19-D19"
*Bella Vista Luxe*Pool & Hot Tub*Golf Cart*Theater,Gulf Style Rentals,,296940,401468,1844.35,59.63,275,8,10,16,true,false,true,true,true,false,true,Home/Apartment,House,House/villa,5,27,4,21+,Luxury,true,900,false,161,33,2026-05-11,Santa Rosa/Rosemary Beach,Miramar Beach,Miramar Beach,Florida,32550,United States,coastal,https://www.airbnb.com/rooms/1243563244931216381,https://a0.muscache.com/im/pictures/prohost-api/Hosting-1243563244931216381/original/6e78cae1-108a-4f7a-abf9-4e3080e7a7ba.jpeg,1243563244931216381,4192022,30.3769,-86.3747,"=AVERAGE($G$2:$G$554)","=AVERAGE($D$2:$D$554)","=IFERROR(($AT20-G20)/$AT20,0)","=IFERROR(($AU20-D20)/$AU20,0)","=$AU20-D20"
16 Sunsets | Gulf Front | Pool & Beach Chairs,Destin Dreamers,,283413,443735,2214.16,81.01,189,6,6,16,true,false,false,true,true,false,true,Home/Apartment,House,House/villa,4.95,72,5,21+,Luxury,true,1238,true,128,21,2026-05-17,Santa Rosa/Rosemary Beach,Miramar Beach,Miramar Beach,Florida,32550,United States,coastal,https://www.airbnb.com/rooms/587903208004909919,https://a0.muscache.com/im/pictures/prohost-api/Hosting-587903208004909919/original/5d8dfab1-1255-4960-a892-19804356fb93.jpeg,587903208004909919,9653331ha,30.3736,-86.354,"=AVERAGE($G$2:$G$554)","=AVERAGE($D$2:$D$554)","=IFERROR(($AT21-G21)/$AT21,0)","=IFERROR(($AU21-D21)/$AU21,0)","=$AU21-D21"
Sandiamond,Best Beach Getaways,,282088,565928,2390.58,67.82,208,8,8,16,true,false,false,true,false,false,false,Home/Apartment,House,House/villa,4.65,10,4,21+,Luxury,false,1561,true,118,28,2026-05-13,Santa Rosa/Rosemary Beach,Miramar Beach,Miramar Beach,Florida,32550,United States,coastal,https://www.airbnb.com/rooms/1342149957142796745,https://a0.muscache.com/im/pictures/prohost-api/Hosting-1342149957142796745/original/a0daf050-7ddb-4a7c-9304-bc31c953d364.jpeg,1342149957142796745,4401236,30.3729,-86.3502,"=AVERAGE($G$2:$G$554)","=AVERAGE($D$2:$D$554)","=IFERROR(($AT22-G22)/$AT22,0)","=IFERROR(($AU22-D22)/$AU22,0)","=$AU22-D22"
Saler Shores: Gulf Front Home! Pool! Game Room!,Diamond Gulf Rentals,,277007,393916,3644.83,42.94,282,8,8,16,true,false,false,true,true,false,true,Home/Apartment,House,House/villa,4.9,94,3,21+,Luxury,false,1267,true,76,14,2026-05-11,Santa Rosa/Rosemary Beach,Miramar Beach,Miramar Beach,Florida,32550,United States,coastal,https://www.airbnb.com/rooms/14868276,https://a0.muscache.com/im/pictures/prohost-api/Hosting-14868276/original/b243882c-066b-4131-b378-873dce3bcab8.jpeg,14868276,904600,30.3737,-86.3547,"=AVERAGE($G$2:$G$554)","=AVERAGE($D$2:$D$554)","=IFERROR(($AT23-G23)/$AT23,0)","=IFERROR(($AU23-D23)/$AU23,0)","=$AU23-D23"
"New Home  Pool, Hot Tub, rooftop Deck Sleeps 28",444589178,,270846,319280,2036.44,48.36,317,7,8,16,true,false,true,true,true,true,true,Home/Apartment,House,House/villa,4.95,41,3,21+,Luxury,false,900,true,133,28,2026-05-11,Santa Rosa/Rosemary Beach,Miramar Beach,Miramar Beach,Florida,32550,United States,coastal,https://www.airbnb.com/rooms/1076295573439571489,https://a0.muscache.com/im/pictures/miso/Hosting-1076295573439571489/original/aaaf52fa-24a0-45d5-8770-21fa193a2a93.jpeg,1076295573439571489,4579392,30.37513,-86.34666,"=AVERAGE($G$2:$G$554)","=AVERAGE($D$2:$D$554)","=IFERROR(($AT24-G24)/$AT24,0)","=IFERROR(($AU24-D24)/$AU24,0)","=$AU24-D24"
Atlantis | Resort-Style Private Pool | Game Room!,Travel Life Vacation,,263945,404436,2030.35,65.33,258,9,8,16,true,false,true,true,true,true,true,Home/Apartment,House,House/villa,4.65,6,3,21+,Luxury,false,1390,true,130,21,2026-05-11,Santa Rosa/Rosemary Beach,Miramar Beach,Miramar Beach,Florida,32550,United States,coastal,https://www.airbnb.com/rooms/1240101051576095060,https://a0.muscache.com/im/pictures/prohost-api/Hosting-1240101051576095060/original/30bfce59-212b-49ef-9b34-4bfe4b97e275.jpeg,1240101051576095060,20017209ha,30.3741,-86.3469,"=AVERAGE($G$2:$G$554)","=AVERAGE($D$2:$D$554)","=IFERROR(($AT25-G25)/$AT25,0)","=IFERROR(($AU25-D25)/$AU25,0)","=$AU25-D25"
Casablanca: Beachfront & Pool,Ocean Reef,,263132,382361,2008.64,65.17,265,7,8,16,true,false,false,true,true,false,true,Home/Apartment,House,House/villa,4.6,7,1,21+,Luxury,false,1340,true,131,16,2026-05-17,Santa Rosa/Rosemary Beach,Miramar Beach,Santa Rosa Beach,Florida,32459,United States,coastal,https://www.airbnb.com/rooms/1328436497783197417,https://a0.muscache.com/im/pictures/prohost-api/Hosting-1328436497783197417/original/03271189-f817-4684-ba0f-acd9492fca07.jpeg,1328436497783197417,3351793,30.34602,-86.23294,"=AVERAGE($G$2:$G$554)","=AVERAGE($D$2:$D$554)","=IFERROR(($AT26-G26)/$AT26,0)","=IFERROR(($AU26-D26)/$AU26,0)","=$AU26-D26"
Sol Mate | Beach Front with Large Private Pool,Beach Reunion,,261996,393708,1926.44,84.47,233,9,7,16,true,false,false,true,true,true,true,Home/Apartment,House,House/villa,4.55,50,3,21+,Luxury,false,1509,true,136,21,2026-05-17,Santa Rosa/Rosemary Beach,Miramar Beach,Miramar Beach,Florida,32550,United States,coastal,https://www.airbnb.com/rooms/16028302,https://a0.muscache.com/im/pictures/prohost-api/Hosting-16028302/original/58784b87-81e7-42e6-865b-4c73c359d07a.jpeg,16028302,921834,30.37534,-86.36236,"=AVERAGE($G$2:$G$554)","=AVERAGE($D$2:$D$554)","=IFERROR(($AT27-G27)/$AT27,0)","=IFERROR(($AU27-D27)/$AU27,0)","=$AU27-D27"
Direct Beach Access-Golf Cart-Elevator-Pool-HotTub,527543014,,258114,295265,1732.31,55.19,308,8,8,16,true,false,true,true,true,false,true,Home/Apartment,House,House/villa,4.95,18,3,6-20,Luxury,true,1128,true,149,25,2026-05-11,Santa Rosa/Rosemary Beach,Miramar Beach,Miramar Beach,Florida,32550,United States,coastal,https://www.airbnb.com/rooms/945275980437255879,https://a0.muscache.com/im/pictures/5bf7ed63-cafe-4414-8ac9-628060cdf3cb.jpg,945275980437255879,3532449,30.3735,-86.3489,"=AVERAGE($G$2:$G$554)","=AVERAGE($D$2:$D$554)","=IFERROR(($AT28-G28)/$AT28,0)","=IFERROR(($AU28-D28)/$AU28,0)","=$AU28-D28"
Entire Beach Resort!  Sleeps 28!  Pool/Spa!  Golf!,157601553,,255685,283166,1982.05,41.88,329,9,9,16,true,true,true,true,true,false,true,Home/Apartment,House,House/villa,4.95,65,2,6-20,Luxury,true,1350,true,129,31,2026-05-11,Santa Rosa/Rosemary Beach,Miramar Beach,Miramar Beach,Florida,32550,United States,coastal,https://www.airbnb.com/rooms/938573342546936290,https://a0.muscache.com/im/pictures/hosting/Hosting-U3RheVN1cHBseUxpc3Rpbmc6OTM4NTczMzQyNTQ2OTM2Mjkw/original/fba166a2-ccf6-42ec-bcbc-9aed2c2ddef6.jpeg,938573342546936290,4473724,30.38163,-86.38366,"=AVERAGE($G$2:$G$554)","=AVERAGE($D$2:$D$554)","=IFERROR(($AT29-G29)/$AT29,0)","=IFERROR(($AU29-D29)/$AU29,0)","=$AU29-D29"
"Gulf View Home | Pool, Spa, LSV & Pool Table",360 Blue,,255188,319907,2407.43,38.55,324,9,9,16,true,false,false,true,true,false,true,Home/Apartment,House,House/villa,5,40,3,21+,Luxury,true,2001,true,106,18,2026-05-16,Santa Rosa/Rosemary Beach,Miramar Beach,Miramar Beach,Florida,32550,United States,coastal,https://www.airbnb.com/rooms/1302955833507592253,https://a0.muscache.com/im/pictures/prohost-api/Hosting-1302955833507592253/original/80cadb5a-351e-40fd-ad33-7b5ff0e7af68.jpeg,1302955833507592253,1149814,30.3751540836,-86.3634857974,"=AVERAGE($G$2:$G$554)","=AVERAGE($D$2:$D$554)","=IFERROR(($AT30-G30)/$AT30,0)","=IFERROR(($AU30-D30)/$AU30,0)","=$AU30-D30"
Sundancer | Luxury 6 Bedroom! Free Beach Chairs &,Beach Reunion,,253552,253552,2756,100,120,6,9,16,true,false,true,true,true,false,true,Home/Apartment,House,House/villa,0,0,3,21+,Luxury,false,748,false,92,1,2026-05-14,Santa Rosa/Rosemary Beach,Miramar Beach,Miramar Beach,Florida,32550,United States,coastal,https://www.airbnb.com/rooms/1607469078108760309,https://a0.muscache.com/im/pictures/hosting/Hosting-1607469078108760309/original/c3b4aa2a-566c-496a-933c-ba61746808d0.jpeg,1607469078108760309,,30.3799571994,-86.390858471,"=AVERAGE($G$2:$G$554)","=AVERAGE($D$2:$D$554)","=IFERROR(($AT31-G31)/$AT31,0)","=IFERROR(($AU31-D31)/$AU31,0)","=$AU31-D31"
Bellagio- Brand New!,Destin Stays,,251426,317069,1571.41,55.36,289,8,12,16,true,false,true,true,true,true,true,Home/Apartment,House,House/villa,4.85,31,3,21+,Luxury,false,600,true,160,47,2026-01-12,Santa Rosa/Rosemary Beach,Miramar Beach,Miramar Beach,Florida,32550,United States,coastal,https://www.airbnb.com/rooms/1290784705296696821,https://a0.muscache.com/im/pictures/miso/Hosting-1290784705296696821/original/dea31558-8a33-4e35-9d40-c4c231935a91.jpeg,1290784705296696821,,30.3779387433,-86.3609678164,"=AVERAGE($G$2:$G$554)","=AVERAGE($D$2:$D$554)","=IFERROR(($AT32-G32)/$AT32,0)","=IFERROR(($AU32-D32)/$AU32,0)","=$AU32-D32"
"Beach Home with Pool, Swim-Up Bar & Putting Green",360 Blue,,244157,356855,2069.13,53.88,283,9,9,16,true,false,false,true,true,false,true,Home/Apartment,House,House/villa,5,4,3,21+,Luxury,true,1911,true,118,25,2026-05-16,Santa Rosa/Rosemary Beach,Miramar Beach,Miramar Beach,Florida,32550,United States,coastal,https://www.airbnb.com/rooms/1333540757495717821,https://a0.muscache.com/im/pictures/hosting/Hosting-1333540757495717821/original/1d734630-63fc-47b8-9afe-2dba56d68c8a.jpeg,1333540757495717821,4371483,30.3770190286,-86.3608096763,"=AVERAGE($G$2:$G$554)","=AVERAGE($D$2:$D$554)","=IFERROR(($AT33-G33)/$AT33,0)","=IFERROR(($AU33-D33)/$AU33,0)","=$AU33-D33"
Peaceful Palms | Pool* | Golf Cart | FREE Golf,Destin Dreamers,,241658,408270,1917.92,72,196,9,10,16,true,false,true,true,true,false,true,Home/Apartment,House,House/villa,4.8,37,5,21+,Luxury,true,2015,true,126,23,2026-05-17,Santa Rosa/Rosemary Beach,Miramar Beach,Miramar Beach,Florida,32550,United States,coastal,https://www.airbnb.com/rooms/1106594697694497611,https://a0.muscache.com/im/pictures/prohost-api/Hosting-1106594697694497611/original/8a61263d-962e-4b39-9e5d-998338d9fb4c.jpeg,1106594697694497611,9936327ha,30.3802,-86.3838,"=AVERAGE($G$2:$G$554)","=AVERAGE($D$2:$D$554)","=IFERROR(($AT34-G34)/$AT34,0)","=IFERROR(($AU34-D34)/$AU34,0)","=$AU34-D34"
Bourbon Beach: Dream Destination - Private Beach,551721831,,240411,313896,1878.21,59.26,277,6,7,16,true,false,true,true,true,true,true,Home/Apartment,House,House/villa,5,28,5,6-20,Luxury,true,1226,false,128,24,2026-05-17,Santa Rosa/Rosemary Beach,Miramar Beach,Miramar Beach,Florida,32550,United States,coastal,https://www.airbnb.com/rooms/1076772379449561491,https://a0.muscache.com/im/pictures/prohost-api/Hosting-1076772379449561491/original/60accc6a-bf34-48a8-b7be-31042e4aa566.jpeg,1076772379449561491,3822808,30.3712,-86.3349,"=AVERAGE($G$2:$G$554)","=AVERAGE($D$2:$D$554)","=IFERROR(($AT35-G35)/$AT35,0)","=IFERROR(($AU35-D35)/$AU35,0)","=$AU35-D35"
Island Oasis | Huge Private Pool/Spa | Game Room!,Travel Life Vacation,,234307,428237,1816.33,69.35,232,7,7,16,true,false,true,true,true,true,true,Home/Apartment,House,House/villa,4.95,62,3,21+,Luxury,false,1204,true,129,18,2026-05-11,Santa Rosa/Rosemary Beach,Miramar Beach,Miramar Beach,Florida,32550,United States,coastal,https://www.airbnb.com/rooms/49214323,https://a0.muscache.com/im/pictures/prohost-api/Hosting-49214323/original/cbc7184e-a297-4485-b3c8-8857a9c22934.jpeg,49214323,9563555ha,30.3748,-86.3369,"=AVERAGE($G$2:$G$554)","=AVERAGE($D$2:$D$554)","=IFERROR(($AT36-G36)/$AT36,0)","=IFERROR(($AU36-D36)/$AU36,0)","=$AU36-D36"
"Luxury on Private Beach: Hot Tub, New, Beach Svc",521392359,,224626,241846,947.79,71.82,336,4,3,12,true,false,true,true,true,false,false,Home/Apartment,House,House/villa,4.9,55,3,6-20,Luxury,true,688,true,237,50,2026-05-17,Santa Rosa/Rosemary Beach,Miramar Beach,Miramar Beach,Florida,32550,United States,coastal,https://www.airbnb.com/rooms/919427303459180701,https://a0.muscache.com/im/pictures/prohost-api/Hosting-919427303459180701/original/05d57126-d28b-42c2-9ce1-0ae995d305b3.jpeg,919427303459180701,3268599,30.3748,-86.3651,"=AVERAGE($G$2:$G$554)","=AVERAGE($D$2:$D$554)","=IFERROR(($AT37-G37)/$AT37,0)","=IFERROR(($AU37-D37)/$AU37,0)","=$AU37-D37"
"Luxe House w/Private Beach: Hot Tub, 5 King Suites",521392359,,220341,312833,1899.49,63.39,236,6,7,16,true,false,true,true,true,false,false,Home/Apartment,House,House/villa,4.95,87,3,6-20,Luxury,true,838,true,116,22,2026-05-17,Santa Rosa/Rosemary Beach,Miramar Beach,Miramar Beach,Florida,32550,United States,coastal,https://www.airbnb.com/rooms/964518101289163126,https://a0.muscache.com/im/pictures/prohost-api/Hosting-964518101289163126/original/f0579efa-81c5-4ed7-913a-9a70bff42a9b.jpeg,964518101289163126,3583862,30.3762,-86.373,"=AVERAGE($G$2:$G$554)","=AVERAGE($D$2:$D$554)","=IFERROR(($AT38-G38)/$AT38,0)","=IFERROR(($AU38-D38)/$AU38,0)","=$AU38-D38"
"Private beach, heated pool, game room, tiki bar, parking for up to 18 vehicles! ",,,214058,307282,1928.45,45.87,286,10,7,44,true,false,false,true,true,false,true,Home/Apartment,House,House/villa,4.9,151,3,1,Luxury,false,772,true,111,23,2026-05-15,Santa Rosa/Rosemary Beach,Miramar Beach,Miramar Beach,Florida,32550,United States,coastal,https://www.vrbo.com/429585,"https://media.vrbo.com/lodging/35000000/34120000/34113000/34112997/bd06d3f6_edited_ddb0.jpg?impolicy=resizecrop&rw=1200&ra=fit",,429585,30.372913,-86.347055,"=AVERAGE($G$2:$G$554)","=AVERAGE($D$2:$D$554)","=IFERROR(($AT39-G39)/$AT39,0)","=IFERROR(($AU39-D39)/$AU39,0)","=$AU39-D39"
"Crown of 30A! Pool+Golf Cart+Bikes, 1Min to Beach",,,211897,400513,2584.11,62.6,162,6,6,22,true,false,true,true,true,true,true,Home/Apartment,House,House/villa,5,4,3,1,Luxury,false,0,true,82,15,2026-03-01,Santa Rosa/Rosemary Beach,Miramar Beach,Santa Rosa Beach,Florida,32459,United States,coastal,https://www.vrbo.com/4121224,"https://media.vrbo.com/lodging/108000000/107280000/107277400/107277362/96313a91.jpg?impolicy=resizecrop&rw=1200&ra=fit",,4121224,30.351833,-86.25405,"=AVERAGE($G$2:$G$554)","=AVERAGE($D$2:$D$554)","=IFERROR(($AT40-G40)/$AT40,0)","=IFERROR(($AU40-D40)/$AU40,0)","=$AU40-D40"
"Penthouse, Beach Views, Pool, Hot Tub, Private",Newman-Dailey,,209999,244290,1381.57,67.56,239,4,4,12,true,false,true,true,true,false,true,Home/Apartment,Condominium (condo),Apt/Condo/Loft,5,6,1,21+,Luxury,true,971,true,152,33,2026-05-11,Santa Rosa/Rosemary Beach,Miramar Beach,Miramar Beach,Florida,32550,United States,coastal,https://www.airbnb.com/rooms/847792187495304537,https://a0.muscache.com/im/pictures/prohost-api/Hosting-847792187495304537/original/52c4c7c3-f8f2-45a7-8035-aaec1ec1f336.jpeg,847792187495304537,9802190ha,30.3783,-86.3834,"=AVERAGE($G$2:$G$554)","=AVERAGE($D$2:$D$554)","=IFERROR(($AT41-G41)/$AT41,0)","=IFERROR(($AU41-D41)/$AU41,0)","=$AU41-D41"
Luxury Home The Pearl - Beach chair set included,Salt Water Vacations,,206126,257886,2103.33,43.56,303,10,10,16,true,false,false,true,true,false,true,Home/Apartment,House,House/villa,4.8,5,3,21+,Luxury,false,1548,true,98,20,2026-05-17,Santa Rosa/Rosemary Beach,Miramar Beach,Miramar Beach,Florida,32550,United States,coastal,https://www.airbnb.com/rooms/1335036752489198108,https://a0.muscache.com/im/pictures/prohost-api/Hosting-1335036752489198108/original/eaa7b1f3-ca56-4e1b-a5c1-8a2806535554.jpeg,1335036752489198108,20100587ha,30.3737279861,-86.3500013871,"=AVERAGE($G$2:$G$554)","=AVERAGE($D$2:$D$554)","=IFERROR(($AT42-G42)/$AT42,0)","=IFERROR(($AU42-D42)/$AU42,0)","=$AU42-D42"
Lux 10bd/13ba Home/hot tub/pool/rooftop swimup bar,444589178,,205604,265691,1685.28,47.84,269,11,12,16,true,false,true,true,false,true,true,Home/Apartment,House,House/villa,4.7,27,3,21+,Luxury,false,1195,true,122,27,2026-05-13,Santa Rosa/Rosemary Beach,Miramar Beach,Miramar Beach,Florida,32550,United States,coastal,https://www.airbnb.com/rooms/1381334319164908663,https://a0.muscache.com/im/pictures/hosting/Hosting-1381334319164908663/original/33e4d448-7012-4697-98bb-43b51033b638.jpeg,1381334319164908663,3814286,30.3744,-86.3464,"=AVERAGE($G$2:$G$554)","=AVERAGE($D$2:$D$554)","=IFERROR(($AT43-G43)/$AT43,0)","=IFERROR(($AU43-D43)/$AU43,0)","=$AU43-D43"
Beach Funatics - Beachfront with Pool & Patio!,Five Star Gulf Rentals,,203374,402671,2641.22,97.47,182,9,9,16,true,false,false,true,true,false,true,Home/Apartment,House,House/villa,4.3,13,3,21+,Luxury,false,1974,true,77,11,2026-05-13,Santa Rosa/Rosemary Beach,Miramar Beach,Miramar Beach,Florida,32550,United States,coastal,https://www.airbnb.com/rooms/39923554,https://a0.muscache.com/im/pictures/prohost-api/Hosting-39923554/original/b295636d-fe82-42c7-b937-2158ae9f1573.jpeg,39923554,1819442,30.3748,-86.3612,"=AVERAGE($G$2:$G$554)","=AVERAGE($D$2:$D$554)","=IFERROR(($AT44-G44)/$AT44,0)","=IFERROR(($AU44-D44)/$AU44,0)","=$AU44-D44"
Sea Glass - Ocean Front with Private Pool Area,Five Star Gulf Rentals,,202533,266168,1824.62,60,291,6,7,16,true,false,false,true,true,false,true,Home/Apartment,House,House/villa,4.15,5,3,21+,Luxury,false,1274,true,111,17,2026-05-16,Santa Rosa/Rosemary Beach,Miramar Beach,Miramar Beach,Florida,32550,United States,coastal,https://www.airbnb.com/rooms/1345057147485396396,https://a0.muscache.com/im/pictures/prohost-api/Hosting-1345057147485396396/original/18ddd90b-e4d0-43c9-97f4-08168e3c915e.jpeg,1345057147485396396,4405573,30.3737,-86.3548,"=AVERAGE($G$2:$G$554)","=AVERAGE($D$2:$D$554)","=IFERROR(($AT45-G45)/$AT45,0)","=IFERROR(($AU45-D45)/$AU45,0)","=$AU45-D45"
Coastal Cabana. 7 Bedroom Beachfront Home,85178833,,202234,403515,2974.03,51.13,187,7,6,16,true,false,false,true,true,false,true,Home/Apartment,House,House/villa,4.9,71,3,6-20,Luxury,false,600,false,68,9,2025-10-11,Santa Rosa/Rosemary Beach,Miramar Beach,Miramar Beach,Florida,32550,United States,coastal,https://www.airbnb.com/rooms/45984966,https://a0.muscache.com/im/pictures/04fee1b2-0895-4da1-b55a-4d76d0e3a963.jpg,45984966,2059284,30.37223,-86.34602,"=AVERAGE($G$2:$G$554)","=AVERAGE($D$2:$D$554)","=IFERROR(($AT46-G46)/$AT46,0)","=IFERROR(($AU46-D46)/$AU46,0)","=$AU46-D46"
"Stunning Gulf Front Penthouse with Gulf Views,",Newman-Dailey,,202128,274994,1175.16,65.15,269,4,4,16,true,false,true,true,true,false,true,Home/Apartment,Condominium (condo),Apt/Condo/Loft,4.65,38,3,21+,Luxury,true,721,true,172,34,2026-05-11,Santa Rosa/Rosemary Beach,Miramar Beach,Miramar Beach,Florida,32550,United States,coastal,https://www.airbnb.com/rooms/48463340,https://a0.muscache.com/im/pictures/prohost-api/Hosting-48463340/original/7d00c3f8-7686-4355-9e57-b35646acb3d9.jpeg,48463340,4303666ha,30.3717,-86.339,"=AVERAGE($G$2:$G$554)","=AVERAGE($D$2:$D$554)","=IFERROR(($AT47-G47)/$AT47,0)","=IFERROR(($AU47-D47)/$AU47,0)","=$AU47-D47"
Bellagio: Luxury Home! Golf Cart Rental Available!,Destin Stays,,201901,335123,2462.21,41.62,221,8,10,16,true,false,true,true,false,true,true,Home/Apartment,House,House/villa,4.8,9,3,21+,Luxury,true,600,false,82,29,2026-05-16,Santa Rosa/Rosemary Beach,Miramar Beach,Miramar Beach,Florida,32550,United States,coastal,https://www.airbnb.com/rooms/1589988399874818660,https://a0.muscache.com/im/pictures/prohost-api/Hosting-1589988399874818660/original/87968edc-1ab3-4bda-8c1f-d9837ce24dd7.jpeg,1589988399874818660,4299978,30.3784,-86.3606,"=AVERAGE($G$2:$G$554)","=AVERAGE($D$2:$D$554)","=IFERROR(($AT48-G48)/$AT48,0)","=IFERROR(($AU48-D48)/$AU48,0)","=$AU48-D48"
Le Maison Blanc- Bayfront with Private Pool & Dock,Five Star Gulf Rentals,,198981,321555,1842.42,52.68,232,8,8,16,true,false,false,true,true,false,true,Home/Apartment,House,House/villa,5,8,3,21+,Luxury,false,1895,true,108,25,2026-05-11,Santa Rosa/Rosemary Beach,Miramar Beach,Miramar Beach,Florida,32550,United States,coastal,https://www.airbnb.com/rooms/1285596095790331533,https://a0.muscache.com/im/pictures/prohost-api/Hosting-1285596095790331533/original/8463b890-31a6-494b-897b-f540e510cdc4.jpeg,1285596095790331533,4871460,30.3954,-86.3917,"=AVERAGE($G$2:$G$554)","=AVERAGE($D$2:$D$554)","=IFERROR(($AT49-G49)/$AT49,0)","=IFERROR(($AU49-D49)/$AU49,0)","=$AU49-D49"
Whiskey Beach House: A Luxurious Retreat,551721831,,196710,302452,2092.66,49.47,255,6,9,16,true,false,true,true,true,true,true,Home/Apartment,House,House/villa,5,22,5,6-20,Luxury,true,1226,false,94,15,2026-05-11,Santa Rosa/Rosemary Beach,Miramar Beach,Miramar Beach,Florida,32550,United States,coastal,https://www.airbnb.com/rooms/1076752342813046559,https://a0.muscache.com/im/pictures/prohost-api/Hosting-1076752342813046559/original/8b361e69-d34b-4fee-a830-f5f8766554ea.jpeg,1076752342813046559,3822805,30.37049,-86.33533,"=AVERAGE($G$2:$G$554)","=AVERAGE($D$2:$D$554)","=IFERROR(($AT50-G50)/$AT50,0)","=IFERROR(($AU50-D50)/$AU50,0)","=$AU50-D50"
"Private Beach, Chair Svc, King Beds, Gulf Views",Blake Rocha,,194097,213251,942.22,65.19,334,4,3,10,true,false,false,true,true,false,false,Home/Apartment,Townhouse,Apt/Condo/Loft,4.95,91,3,21+,Luxury,true,465,true,206,49,2026-05-17,Santa Rosa/Rosemary Beach,Miramar Beach,Santa Rosa Beach,Florida,32459,United States,coastal,https://www.airbnb.com/rooms/1051570908966659705,https://a0.muscache.com/im/pictures/miso/Hosting-1051570908966659705/original/abf623ff-5a4f-4d11-8c88-fcae82ab9e63.jpeg,1051570908966659705,3803346,30.3755,-86.3724,"=AVERAGE($G$2:$G$554)","=AVERAGE($D$2:$D$554)","=IFERROR(($AT51-G51)/$AT51,0)","=IFERROR(($AU51-D51)/$AU51,0)","=$AU51-D51"
The Ivory Rose - Private Pool! Sitting Spa! Grill!,360 Blue,,193563,198296,2081.32,50.54,202,8,8,16,true,false,true,true,true,false,true,Home/Apartment,House,House/villa,4.75,15,3,21+,Luxury,true,1483,true,93,19,2026-04-18,Santa Rosa/Rosemary Beach,Miramar Beach,Miramar Beach,Florida,32550,United States,coastal,https://www.airbnb.com/rooms/1302957197127569946,https://a0.muscache.com/im/pictures/prohost-api/Hosting-1302957197127569946/original/70ad46dd-7399-46fd-90bd-e4728690443f.jpeg,1302957197127569946,2347706,30.3746840142,-86.3501988182,"=AVERAGE($G$2:$G$554)","=AVERAGE($D$2:$D$554)","=IFERROR(($AT52-G52)/$AT52,0)","=IFERROR(($AU52-D52)/$AU52,0)","=$AU52-D52"
Walkout Oceanfront View/King Beds/Private Beach,Blake Rocha,,191272,199361,915.18,61.83,344,4,3,10,true,false,false,true,true,false,false,Home/Apartment,Townhouse,Apt/Condo/Loft,4.95,80,3,21+,Luxury,true,445,true,209,53,2026-05-13,Santa Rosa/Rosemary Beach,Miramar Beach,Santa Rosa Beach,Florida,32459,United States,coastal,https://www.airbnb.com/rooms/1044833489536525299,https://a0.muscache.com/im/pictures/hosting/Hosting-1044833489536525299/original/7d209361-b17b-4526-8015-16320d81e79a.jpeg,1044833489536525299,3803345,30.3756,-86.3725,"=AVERAGE($G$2:$G$554)","=AVERAGE($D$2:$D$554)","=IFERROR(($AT53-G53)/$AT53,0)","=IFERROR(($AU53-D53)/$AU53,0)","=$AU53-D53"
"Bahama Bliss! Special Rates, Resort Pool, Walk To",Modern Beach Vacation Rentals,,187210,230767,1891.01,41.95,304,9,9,16,true,true,true,true,false,true,true,Home/Apartment,House,House/villa,4.95,13,1,21+,Luxury,false,2095,true,99,21,2026-05-13,Santa Rosa/Rosemary Beach,Miramar Beach,Miramar Beach,Florida,32550,United States,coastal,https://www.airbnb.com/rooms/1303116498677479684,https://a0.muscache.com/im/pictures/prohost-api/Hosting-1303116498677479684/original/b6f348d1-a615-4633-969e-0036bc5c670f.jpeg,1303116498677479684,4309762,30.3746,-86.3464,"=AVERAGE($G$2:$G$554)","=AVERAGE($D$2:$D$554)","=IFERROR(($AT54-G54)/$AT54,0)","=IFERROR(($AU54-D54)/$AU54,0)","=$AU54-D54"
"Beach View, Decks, Pool, Spa, Game Room - Sea E O",850 Vacations By Portoro,,186809,213990,1925.87,47.78,209,8,6,16,true,false,true,true,true,false,true,Home/Apartment,House,House/villa,4.55,25,3,21+,Luxury,false,1018,true,97,22,2026-02-10,Santa Rosa/Rosemary Beach,Miramar Beach,Miramar Beach,Florida,32550,United States,coastal,https://www.airbnb.com/rooms/1282791185902737245,https://a0.muscache.com/im/pictures/prohost-api/Hosting-1282791185902737245/original/1bff040e-df78-4f0c-9e5b-dba57dcccc68.jpeg,1282791185902737245,2400067,30.3781,-86.3767,"=AVERAGE($G$2:$G$554)","=AVERAGE($D$2:$D$554)","=IFERROR(($AT55-G55)/$AT55,0)","=IFERROR(($AU55-D55)/$AU55,0)","=$AU55-D55"
The Brady Bunch House - Your Nostalgic Getaway,551721831,,184133,240094,1805.23,47.44,274,6,6,14,true,false,false,true,true,true,true,Home/Apartment,House,House/villa,5,24,4,6-20,Luxury,true,1226,false,102,19,2026-05-14,Santa Rosa/Rosemary Beach,Miramar Beach,Miramar Beach,Florida,32550,United States,coastal,https://www.airbnb.com/rooms/1184031255234671072,https://a0.muscache.com/im/pictures/prohost-api/Hosting-1184031255234671072/original/165c1e7c-68be-4144-bb29-9cfc1b2e254d.jpeg,1184031255234671072,4067795,30.3723,-86.33939,"=AVERAGE($G$2:$G$554)","=AVERAGE($D$2:$D$554)","=IFERROR(($AT56-G56)/$AT56,0)","=IFERROR(($AU56-D56)/$AU56,0)","=$AU56-D56"
The Crescent 201 Condo w/ Free Beach Service,Solely Beachfront,,183361,340027,1182.97,95.09,191,4,4,11,true,true,false,true,true,false,true,Home/Apartment,Condominium (condo),Apt/Condo/Loft,4.9,132,1,21+,Luxury,true,682,true,155,22,2026-05-11,Santa Rosa/Rosemary Beach,Miramar Beach,Miramar Beach,Florida,32550,United States,coastal,https://www.airbnb.com/rooms/17417134,https://a0.muscache.com/im/pictures/prohost-api/Hosting-17417134/original/a1bf6aab-a159-44c0-9d87-fd5bc90cf9e5.jpeg,17417134,503978,30.3749,-86.35773,"=AVERAGE($G$2:$G$554)","=AVERAGE($D$2:$D$554)","=IFERROR(($AT57-G57)/$AT57,0)","=IFERROR(($AU57-D57)/$AU57,0)","=$AU57-D57"
375 Rue Caribe- Updated! Gulf Front! Private Pool!,360 Blue,,182919,195765,1709.52,59.12,242,5,6,8,true,false,false,true,true,false,true,Home/Apartment,House,House/villa,4.2,22,7,21+,Luxury,true,2078,true,107,18,2026-04-26,Santa Rosa/Rosemary Beach,Miramar Beach,Miramar Beach,Florida,32550,United States,coastal,https://www.airbnb.com/rooms/1302960559784032663,https://a0.muscache.com/im/pictures/prohost-api/Hosting-1302960559784032663/original/61143c41-590b-4e6c-8ec7-8d09fd38165e.jpeg,1302960559784032663,1868163,30.37101,-86.34098,"=AVERAGE($G$2:$G$554)","=AVERAGE($D$2:$D$554)","=IFERROR(($AT58-G58)/$AT58,0)","=IFERROR(($AU58-D58)/$AU58,0)","=$AU58-D58"
Steps to Sand/Ocean Views/Private Beach/King Beds,Blake Rocha,,180827,189817,927.32,62.1,337,4,3,10,true,false,false,true,true,false,false,Home/Apartment,House,House/villa,4.95,79,3,21+,Luxury,true,445,true,195,43,2026-05-13,Santa Rosa/Rosemary Beach,Miramar Beach,Miramar Beach,Florida,32550,United States,coastal,https://www.airbnb.com/rooms/1058307871900968272,https://a0.muscache.com/im/pictures/miso/Hosting-1058307871900968272/original/c302cbc1-fb0a-4eb2-b847-470c3f4311dd.jpeg,1058307871900968272,3803348,30.3757,-86.3726,"=AVERAGE($G$2:$G$554)","=AVERAGE($D$2:$D$554)","=IFERROR(($AT59-G59)/$AT59,0)","=IFERROR(($AU59-D59)/$AU59,0)","=$AU59-D59"
Its About Time,Five Star Gulf Rentals,,179858,339332,3211.75,84.85,106,10,10,16,true,false,false,true,true,false,true,Home/Apartment,House,House/villa,4.6,19,3,21+,Luxury,false,1791,true,56,4,2025-10-31,Santa Rosa/Rosemary Beach,Miramar Beach,Miramar Beach,Florida,32550,United States,coastal,https://www.airbnb.com/rooms/36140119,https://a0.muscache.com/im/pictures/prohost-api/Hosting-36140119/original/828139ec-e9f6-4be2-b518-1698f836da12.jpeg,36140119,794634,30.37454,-86.36129,"=AVERAGE($G$2:$G$554)","=AVERAGE($D$2:$D$554)","=IFERROR(($AT60-G60)/$AT60,0)","=IFERROR(($AU60-D60)/$AU60,0)","=$AU60-D60"
Ocean's 10 | Private Pool | Close 2 Beach,Destin Dreamers,,179412,248001,2015.87,44.06,202,10,9,16,true,false,true,true,true,true,true,Home/Apartment,House,House/villa,4.85,20,5,21+,Luxury,true,1670,true,89,21,2026-01-26,Santa Rosa/Rosemary Beach,Miramar Beach,Miramar Beach,Florida,32550,United States,coastal,https://www.airbnb.com/rooms/1340034376809341600,https://a0.muscache.com/im/pictures/prohost-api/Hosting-1340034376809341600/original/f210d9a6-260c-4953-bffd-ade660ba2417.jpeg,1340034376809341600,20102723ha,30.3802,-86.381,"=AVERAGE($G$2:$G$554)","=AVERAGE($D$2:$D$554)","=IFERROR(($AT61-G61)/$AT61,0)","=IFERROR(($AU61-D61)/$AU61,0)","=$AU61-D61"
Beachfront End Unit w/ Hot Tub + Beach Chairs,182320375,,178068,194119,620.45,86.19,333,3,3,12,true,false,true,true,true,true,false,Home/Apartment,Townhouse,Apt/Condo/Loft,5,48,4,1,Luxury,true,620,true,287,56,2026-05-17,Santa Rosa/Rosemary Beach,Miramar Beach,Miramar Beach,Florida,32550,United States,coastal,https://www.airbnb.com/rooms/1193446147921315398,https://a0.muscache.com/im/pictures/prohost-api/Hosting-1193446147921315398/original/1cfff8b1-3ba6-46ee-bac8-2db010519dab.jpeg,1193446147921315398,4404215,30.3776,-86.3841,"=AVERAGE($G$2:$G$554)","=AVERAGE($D$2:$D$554)","=IFERROR(($AT62-G62)/$AT62,0)","=IFERROR(($AU62-D62)/$AU62,0)","=$AU62-D62"
Castawaves - Huge Luxury Home with Pool & Backyard,Five Star Gulf Rentals,,177435,318118,1867.74,49.22,240,9,9,16,true,false,false,true,true,false,true,Home/Apartment,House,House/villa,4.65,10,3,21+,Luxury,false,1663,true,95,18,2026-05-11,Santa Rosa/Rosemary Beach,Miramar Beach,Miramar Beach,Florida,32550,United States,coastal,https://www.airbnb.com/rooms/39388254,https://a0.muscache.com/im/pictures/prohost-api/Hosting-39388254/original/3d773f1e-b869-4308-b361-8a7de0a51cba.jpeg,39388254,1849698,30.3783,-86.3869,"=AVERAGE($G$2:$G$554)","=AVERAGE($D$2:$D$554)","=IFERROR(($AT63-G63)/$AT63,0)","=IFERROR(($AU63-D63)/$AU63,0)","=$AU63-D63"
Beach Front Stunner with 4 Bedrooms and Elevator!,BeachView Vacation Rentals,,176653,225953,1169.89,61.89,290,4,4,16,true,false,false,true,false,false,true,Home/Apartment,House,House/villa,4.45,162,3,21+,Luxury,false,699,true,151,34,2026-05-13,Santa Rosa/Rosemary Beach,Miramar Beach,Miramar Beach,Florida,32550,United States,coastal,https://www.airbnb.com/rooms/19660099,https://a0.muscache.com/im/pictures/prohost-api/Hosting-19660099/original/b6e6bd9e-1129-426a-b12f-6dc8e7862fca.jpeg,19660099,113832,30.37359,-86.34941,"=AVERAGE($G$2:$G$554)","=AVERAGE($D$2:$D$554)","=IFERROR(($AT64-G64)/$AT64,0)","=IFERROR(($AU64-D64)/$AU64,0)","=$AU64-D64"
"11 - 3BR $700+ in freebies incl golf, On Beach",MBDestinations,,174254,287864,947.03,87.62,223,3,3,12,true,false,false,true,true,true,false,Home/Apartment,Apartment,Apt/Condo/Loft,5,6,2,21+,Luxury,true,610,true,184,44,2026-05-16,Santa Rosa/Rosemary Beach,Miramar Beach,Miramar Beach,Florida,32550,United States,coastal,https://www.airbnb.com/rooms/1165255762147161985,https://a0.muscache.com/im/pictures/prohost-api/Hosting-1165255762147161985/original/aac98b1b-15a5-423c-8318-ae2afa3d8864.jpeg,1165255762147161985,4238961,30.3776,-86.3828,"=AVERAGE($G$2:$G$554)","=AVERAGE($D$2:$D$554)","=IFERROR(($AT65-G65)/$AT65,0)","=IFERROR(($AU65-D65)/$AU65,0)","=$AU65-D65"
"Book Your Retreat | Pool, Hot Tub & Space for All",73907579,,172646,199820,1856.41,49.21,341,6,7,16,true,false,false,true,true,true,true,Home/Apartment,Villa,House/villa,4.8,40,3,6-20,Luxury,true,745,false,93,25,2026-05-16,Santa Rosa/Rosemary Beach,Miramar Beach,Miramar Beach,Florida,32550,United States,coastal,https://www.airbnb.com/rooms/838381304293741989,https://a0.muscache.com/im/pictures/prohost-api/Hosting-838381304293741989/original/9bb40646-a96a-46df-953b-d14b9e9ac3c6.jpeg,838381304293741989,3291040,30.3802,-86.3773,"=AVERAGE($G$2:$G$554)","=AVERAGE($D$2:$D$554)","=IFERROR(($AT66-G66)/$AT66,0)","=IFERROR(($AU66-D66)/$AU66,0)","=$AU66-D66"
Atlantis | Game Room | Pool & Hot Tub | Weddings | Beach Views | Golf Cart,850 Vacation Rentals by Portoro,,170335,180012,1591.92,47.77,336,8,8,16,true,false,true,true,true,false,true,Home/Apartment,House,House/villa,4.9,58,1,2-5,Luxury,false,840,true,107,20,2020-07-06,Santa Rosa/Rosemary Beach,Miramar Beach,Miramar Beach,Florida,32550,United States,coastal,https://www.airbnb.com/rooms/42018927,"https://a0.muscache.com/im/pictures/9d77a368-03e1-4214-ae64-b0191d611cb3.jpg?aki_policy=x_large",42018927,1902938,30.37723,-86.36312,"=AVERAGE($G$2:$G$554)","=AVERAGE($D$2:$D$554)","=IFERROR(($AT67-G67)/$AT67,0)","=IFERROR(($AU67-D67)/$AU67,0)","=$AU67-D67"
"12 - 3BR $700+ in freebies incl golf, On Beach",MBDestinations,,170295,293629,830.71,93.61,227,3,3,12,true,false,false,true,true,true,false,Home/Apartment,Apartment,Apt/Condo/Loft,5,11,2,21+,Luxury,true,613,true,205,50,2026-05-17,Santa Rosa/Rosemary Beach,Miramar Beach,Miramar Beach,Florida,32550,United States,coastal,https://www.airbnb.com/rooms/1105059365086072848,https://a0.muscache.com/im/pictures/prohost-api/Hosting-1105059365086072848/original/b5090d32-e42d-4cb3-9ff5-a719ec8cb72e.jpeg,1105059365086072848,4238962,30.3776,-86.3828,"=AVERAGE($G$2:$G$554)","=AVERAGE($D$2:$D$554)","=IFERROR(($AT68-G68)/$AT68,0)","=IFERROR(($AU68-D68)/$AU68,0)","=$AU68-D68"
Forever Coastal with Game Room and Private Beach,Love Rentals,,168195,213857,1848.3,37.92,301,8,7,16,true,false,true,true,true,true,true,Home/Apartment,House,House/villa,4.9,40,3,21+,Luxury,true,1074,true,91,19,2026-05-11,Santa Rosa/Rosemary Beach,Miramar Beach,Miramar Beach,Florida,32550,United States,coastal,https://www.airbnb.com/rooms/757870684273633201,https://a0.muscache.com/im/pictures/prohost-api/Hosting-757870684273633201/original/4eaa3ef4-1d2d-4f59-a3eb-190e81fd04a2.jpeg,757870684273633201,9754234ha,30.3745,-86.347,"=AVERAGE($G$2:$G$554)","=AVERAGE($D$2:$D$554)","=IFERROR(($AT69-G69)/$AT69,0)","=IFERROR(($AU69-D69)/$AU69,0)","=$AU69-D69"
"Beach House, Pool & Sky Deck",442794671,,163876,211911,1905.53,43.22,302,8,8,16,true,false,true,true,true,true,true,Home/Apartment,House,House/villa,5,7,4,1,Luxury,false,799,true,86,17,2026-05-13,Santa Rosa/Rosemary Beach,Miramar Beach,Miramar Beach,Florida,32550,United States,coastal,https://www.airbnb.com/rooms/1232718612657734640,https://a0.muscache.com/im/pictures/miso/Hosting-1232718612657734640/original/4948a347-5f90-484f-b503-2af860cebb75.jpeg,1232718612657734640,4165094,30.3787,-86.377,"=AVERAGE($G$2:$G$554)","=AVERAGE($D$2:$D$554)","=IFERROR(($AT70-G70)/$AT70,0)","=IFERROR(($AU70-D70)/$AU70,0)","=$AU70-D70"
Memories by the Sea! 3br Private House Beachfront!,Solely Beachfront,,162282,211223,1134.84,86.14,219,3,3,9,true,false,false,true,true,false,false,Home/Apartment,House,House/villa,4.75,16,1,21+,Luxury,true,1171,true,143,24,2026-05-17,Santa Rosa/Rosemary Beach,Miramar Beach,Miramar Beach,Florida,32550,United States,coastal,https://www.airbnb.com/rooms/1079816747038070654,https://a0.muscache.com/im/pictures/prohost-api/Hosting-1079816747038070654/original/57d1ccd7-281c-43dd-84cc-3d55283957c7.png,1079816747038070654,3827006,30.37868,-86.39568,"=AVERAGE($G$2:$G$554)","=AVERAGE($D$2:$D$554)","=IFERROR(($AT71-G71)/$AT71,0)","=IFERROR(($AU71-D71)/$AU71,0)","=$AU71-D71"
Cape Monaco*FamilyFave*BeachSvc+Gear*Balconies!,Frangista Beach Properties,,159108,308301,1433.41,65.68,236,4,4,16,true,false,false,true,true,false,false,Home/Apartment,House,House/villa,5,15,1,21+,Luxury,true,1491,true,111,16,2026-05-13,Santa Rosa/Rosemary Beach,Miramar Beach,Miramar Beach,Florida,32550,United States,coastal,https://www.airbnb.com/rooms/1279096481987076242,https://a0.muscache.com/im/pictures/prohost-api/Hosting-1279096481987076242/original/740c6ae2-4a21-4b01-af9d-ab058fa62397.jpeg,1279096481987076242,9962646ha,30.3766,-86.3757,"=AVERAGE($G$2:$G$554)","=AVERAGE($D$2:$D$554)","=IFERROR(($AT72-G72)/$AT72,0)","=IFERROR(($AU72-D72)/$AU72,0)","=$AU72-D72"
Penthouse 2-Story Gulf Views- Majestic Sun 1107B,Forever Vacation Rentals,,157120,179143,822.62,67.49,299,4,3,14,true,true,true,true,true,false,true,Home/Apartment,Condominium (condo),Apt/Condo/Loft,4.8,70,3,21+,Luxury,true,451,true,191,43,2026-05-17,Santa Rosa/Rosemary Beach,Miramar Beach,Miramar Beach,Florida,32550,United States,coastal,https://www.airbnb.com/rooms/31669085,https://a0.muscache.com/im/pictures/hosting/Hosting-31669085/original/b88e26ae-0ec1-487e-b42e-43724545bd38.jpeg,31669085,1560110,30.37622,-86.36862,"=AVERAGE($G$2:$G$554)","=AVERAGE($D$2:$D$554)","=IFERROR(($AT73-G73)/$AT73,0)","=IFERROR(($AU73-D73)/$AU73,0)","=$AU73-D73"
Miramar Beach Stunner! 5-Bed Home & Private Pool |,Modern Beach Vacation Rentals,,156796,228872,1425.42,55.56,289,5,5,16,true,true,false,true,false,false,true,Home/Apartment,House,House/villa,4.6,9,1,21+,Luxury,false,1176,true,110,16,2026-05-13,Santa Rosa/Rosemary Beach,Miramar Beach,Miramar Beach,Florida,32550,United States,coastal,https://www.airbnb.com/rooms/1365296980723299463,https://a0.muscache.com/im/pictures/prohost-api/Hosting-1365296980723299463/original/9947b44c-c9a7-4876-a14e-4864b7b37501.jpeg,1365296980723299463,4446405,30.373,-86.3458,"=AVERAGE($G$2:$G$554)","=AVERAGE($D$2:$D$554)","=IFERROR(($AT74-G74)/$AT74,0)","=IFERROR(($AU74-D74)/$AU74,0)","=$AU74-D74"
Boomerang Beach House with Private Beach,Love Rentals,,156674,187121,2176.03,56.25,151,8,8,16,true,false,false,true,true,false,true,Home/Apartment,House,House/villa,5,44,3,21+,Luxury,false,1072,true,72,13,2025-10-14,Santa Rosa/Rosemary Beach,Miramar Beach,Miramar Beach,Florida,32550,United States,coastal,https://www.airbnb.com/rooms/757870649134205530,https://a0.muscache.com/im/pictures/prohost-api/Hosting-757870649134205530/original/181c6d8d-d192-4616-8a37-771aede7428e.jpeg,757870649134205530,9754233ha,30.3739,-86.34704,"=AVERAGE($G$2:$G$554)","=AVERAGE($D$2:$D$554)","=IFERROR(($AT75-G75)/$AT75,0)","=IFERROR(($AU75-D75)/$AU75,0)","=$AU75-D75"
Destin Beachfront Oasis,80938027,,156480,173602,778.51,69.07,318,3,3,9,true,false,false,true,true,false,false,Home/Apartment,Townhouse,Apt/Condo/Loft,4.95,93,3,6-20,Luxury,true,365,false,201,48,2026-05-17,Santa Rosa/Rosemary Beach,Miramar Beach,Miramar Beach,Florida,32550,United States,coastal,https://www.airbnb.com/rooms/913015136881189567,https://a0.muscache.com/im/pictures/miso/Hosting-913015136881189567/original/4b55ddfb-304a-4f7b-9957-f44e03f8d241.jpeg,913015136881189567,9966295ha,30.379,-86.395,"=AVERAGE($G$2:$G$554)","=AVERAGE($D$2:$D$554)","=IFERROR(($AT76-G76)/$AT76,0)","=IFERROR(($AU76-D76)/$AU76,0)","=$AU76-D76"
Sand Dollar #2 Newly Renovated Private Beach,369291606,,150140,219986,926.79,72.97,232,4,4,14,true,false,false,true,true,true,false,Home/Apartment,Townhouse,Apt/Condo/Loft,5,63,7,1,Luxury,false,573,true,162,21,2026-05-17,Santa Rosa/Rosemary Beach,Miramar Beach,Miramar Beach,Florida,32550,United States,coastal,https://www.airbnb.com/rooms/670208493449549952,https://a0.muscache.com/im/pictures/miso/Hosting-670208493449549952/original/2d73de8c-8de2-468c-a82c-bf058346df92.jpeg,670208493449549952,2628171,30.37727,-86.38388,"=AVERAGE($G$2:$G$554)","=AVERAGE($D$2:$D$554)","=IFERROR(($AT77-G77)/$AT77,0)","=IFERROR(($AU77-D77)/$AU77,0)","=$AU77-D77"
Verona - Huge Ocean Front Home in Gulf Pines with Private Pool & Beach Access,Five Star Gulf Rentals,,149917,421603,3259.07,52.87,179,7,6,20,true,false,false,true,true,false,true,Home/Apartment,House,House/villa,5,16,5,21+,Luxury,false,1500,true,46,6,2026-05-17,Santa Rosa/Rosemary Beach,Miramar Beach,Miramar Beach,Florida,32550,United States,coastal,https://www.vrbo.com/1004307,"https://media.vrbo.com/lodging/22000000/21710000/21703600/21703598/79e542fa.jpg?impolicy=resizecrop&rw=1200&ra=fit",,1004307,30.370666,-86.336559,"=AVERAGE($G$2:$G$554)","=AVERAGE($D$2:$D$554)","=IFERROR(($AT78-G78)/$AT78,0)","=IFERROR(($AU78-D78)/$AU78,0)","=$AU78-D78"
Beachfront Condo with Rooftop Pool Access,360 Blue,,149001,181330,1049.3,68.6,217,3,3,10,true,false,false,true,true,false,true,Home/Apartment,Condominium (condo),Apt/Condo/Loft,0,0,5,21+,Luxury,true,951,true,142,26,2026-05-11,Santa Rosa/Rosemary Beach,Miramar Beach,Miramar Beach,Florida,32550,United States,coastal,https://www.airbnb.com/rooms/1302919044189609948,https://a0.muscache.com/im/pictures/prohost-api/Hosting-1302919044189609948/original/dfed504e-fcf0-4f85-9cd5-af745d0339b8.jpeg,1302919044189609948,,30.3786317689,-86.3801856204,"=AVERAGE($G$2:$G$554)","=AVERAGE($D$2:$D$554)","=IFERROR(($AT79-G79)/$AT79,0)","=IFERROR(($AU79-D79)/$AU79,0)","=$AU79-D79"
Sky's Oasis | Huge Private Pool/Spa | Game Room!,Travel Life Vacation,,144804,300334,1540.47,62.67,214,8,7,16,true,false,true,true,true,true,true,Home/Apartment,House,House/villa,5,33,3,21+,Luxury,false,1413,true,94,14,2026-05-11,Santa Rosa/Rosemary Beach,Miramar Beach,Miramar Beach,Florida,32550,United States,coastal,https://www.airbnb.com/rooms/671718559158236187,https://a0.muscache.com/im/pictures/prohost-api/Hosting-671718559158236187/original/936fa480-e738-475e-babf-26fe806e184b.jpeg,671718559158236187,9709646ha,30.3739,-86.3382,"=AVERAGE($G$2:$G$554)","=AVERAGE($D$2:$D$554)","=IFERROR(($AT80-G80)/$AT80,0)","=IFERROR(($AU80-D80)/$AU80,0)","=$AU80-D80"
Seawinds 9| Sleeps 22|Private Beach|Small Dogs Ok|,Warren Beach Rentals,,143869,161704,1027.64,53.64,302,4,4,16,true,false,false,true,true,true,false,Home/Apartment,House,House/villa,4.65,30,3,21+,Luxury,true,900,true,140,32,2026-05-11,Santa Rosa/Rosemary Beach,Miramar Beach,Miramar Beach,Florida,32550,United States,coastal,https://www.airbnb.com/rooms/827424500001622985,https://a0.muscache.com/im/pictures/prohost-api/Hosting-827424500001622985/original/568aec6c-5a95-4624-9819-6668ec5c010e.jpeg,827424500001622985,,30.3765,-86.3745,"=AVERAGE($G$2:$G$554)","=AVERAGE($D$2:$D$554)","=IFERROR(($AT81-G81)/$AT81,0)","=IFERROR(($AU81-D81)/$AU81,0)","=$AU81-D81"
Be the First to Stay in this $2mil Beach House!,Diamond Gulf Rentals,,143836,163699,2054.8,46.05,236,7,7,16,true,false,false,true,true,false,true,Home/Apartment,House,House/villa,4.8,5,3,21+,Luxury,false,1041,true,70,14,2026-02-07,Santa Rosa/Rosemary Beach,Miramar Beach,Miramar Beach,Florida,32550,United States,coastal,https://www.airbnb.com/rooms/1334897001796193059,https://a0.muscache.com/im/pictures/prohost-api/Hosting-1334897001796193059/original/bb70d612-f385-487c-ac4d-dfb585b9d0fd.jpeg,1334897001796193059,4432909,30.3812,-86.389,"=AVERAGE($G$2:$G$554)","=AVERAGE($D$2:$D$554)","=IFERROR(($AT82-G82)/$AT82,0)","=IFERROR(($AU82-D82)/$AU82,0)","=$AU82-D82"
"Beach Front, Steps to the Sand, Beach Chairs",Newman-Dailey,,143212,154316,698.6,62.12,330,3,2,10,true,false,false,true,true,false,false,Home/Apartment,Townhouse,Apt/Condo/Loft,4.75,67,1,21+,Luxury,true,461,true,205,51,2026-05-11,Santa Rosa/Rosemary Beach,Miramar Beach,Miramar Beach,Florida,32550,United States,coastal,https://www.airbnb.com/rooms/53624958,https://a0.muscache.com/im/pictures/prohost-api/Hosting-53624958/original/61867fbc-85da-4a26-890e-93294464a0a0.jpeg,53624958,3638530ha,30.3792,-86.3969,"=AVERAGE($G$2:$G$554)","=AVERAGE($D$2:$D$554)","=IFERROR(($AT83-G83)/$AT83,0)","=IFERROR(($AU83-D83)/$AU83,0)","=$AU83-D83"
VIlla Capri|Private Beach Access|Private Pool,Echelon Luxury Properties,,142940,176449,1985.28,58.06,194,7,7,16,true,false,true,true,true,false,true,Home/Apartment,House,House/villa,4.4,5,3,21+,Luxury,true,1713,true,72,11,2026-01-03,Santa Rosa/Rosemary Beach,Miramar Beach,Miramar Beach,Florida,32550,United States,coastal,https://www.airbnb.com/rooms/1358706139916933591,https://a0.muscache.com/im/pictures/prohost-api/Hosting-1358706139916933591/original/703538b5-0d74-4513-b7a7-6165f7988350.jpeg,1358706139916933591,4491064,30.37979,-86.39061,"=AVERAGE($G$2:$G$554)","=AVERAGE($D$2:$D$554)","=IFERROR(($AT84-G84)/$AT84,0)","=IFERROR(($AU84-D84)/$AU84,0)","=$AU84-D84"
"2 Beach Setups, Ocean View, Heated Pool, Gym",Beach Luxury Vacations,,142020,169607,966.12,61.76,267,3,3,8,true,true,false,true,true,false,true,Home/Apartment,Condominium (condo),Apt/Condo/Loft,5,41,2,21+,Luxury,true,734,false,147,28,2026-05-17,Santa Rosa/Rosemary Beach,Miramar Beach,Miramar Beach,Florida,32550,United States,coastal,https://www.airbnb.com/rooms/1108786150523389234,https://a0.muscache.com/im/pictures/prohost-api/Hosting-1108786150523389234/original/673f6af7-6658-471e-a8a2-ca0646b74949.jpeg,1108786150523389234,3896471,30.3761,-86.3664,"=AVERAGE($G$2:$G$554)","=AVERAGE($D$2:$D$554)","=IFERROR(($AT85-G85)/$AT85,0)","=IFERROR(($AU85-D85)/$AU85,0)","=$AU85-D85"
"Luxury Home w/ Pool/Spa, Golf Cart,3 Min to Beach",Travel Life Vacation,,141681,189263,2024.01,56.91,123,8,8,16,true,false,true,true,true,true,true,Home/Apartment,House,House/villa,4.9,19,1,21+,Luxury,true,699,true,70,10,2025-02-27,Santa Rosa/Rosemary Beach,Miramar Beach,Miramar Beach,Florida,32550,United States,coastal,https://www.airbnb.com/rooms/626100603182331002,https://a0.muscache.com/im/pictures/prohost-api/Hosting-626100603182331002/original/cb6182de-4de9-438e-99ad-94da12e351e8.jpeg,626100603182331002,9689162ha,30.38101,-86.37648,"=AVERAGE($G$2:$G$554)","=AVERAGE($D$2:$D$554)","=IFERROR(($AT86-G86)/$AT86,0)","=IFERROR(($AU86-D86)/$AU86,0)","=$AU86-D86"
Seawinds 9 | Renovated Gulf-Front Escape,Warren Beach Rentals,,140746,178826,1213.33,54.98,280,4,4,16,true,false,false,true,true,true,false,Home/Apartment,House,House/villa,4.6,18,3,21+,Luxury,true,1224,true,116,26,2026-05-11,Santa Rosa/Rosemary Beach,Miramar Beach,Miramar Beach,Florida,32550,United States,coastal,https://www.airbnb.com/rooms/1167577854484490587,https://a0.muscache.com/im/pictures/prohost-api/Hosting-1167577854484490587/original/46128166-5730-4a3d-9053-5bcf40a98b4e.jpeg,1167577854484490587,4028573,30.3765,-86.3745,"=AVERAGE($G$2:$G$554)","=AVERAGE($D$2:$D$554)","=IFERROR(($AT87-G87)/$AT87,0)","=IFERROR(($AU87-D87)/$AU87,0)","=$AU87-D87"
"Beach View Luxury, Heated Pool - Daquiri Days II",850 Vacations By Portoro,,140513,199258,1924.84,46.5,165,7,5,16,true,false,false,true,true,false,true,Home/Apartment,House,House/villa,4.6,79,7,21+,Luxury,false,880,true,73,12,2025-11-01,Santa Rosa/Rosemary Beach,Miramar Beach,Miramar Beach,Florida,32550,United States,coastal,https://www.airbnb.com/rooms/1282784902273044019,https://a0.muscache.com/im/pictures/prohost-api/Hosting-1282784902273044019/original/adbc7b1e-9382-4bb6-8178-e37c713a83c8.jpeg,1282784902273044019,3878345,30.372354,-86.343662,"=AVERAGE($G$2:$G$554)","=AVERAGE($D$2:$D$554)","=IFERROR(($AT88-G88)/$AT88,0)","=IFERROR(($AU88-D88)/$AU88,0)","=$AU88-D88"
Array of Sunshine- Lots of Outdoor Space & a Pool!,Five Star Gulf Rentals,,140081,177566,892.24,69.47,274,4,3,12,true,false,true,true,true,true,true,Home/Apartment,House,House/villa,4.2,5,3,21+,Luxury,false,761,true,157,25,2026-05-16,Santa Rosa/Rosemary Beach,Miramar Beach,Miramar Beach,Florida,32550,United States,coastal,https://www.airbnb.com/rooms/1277519453254901576,https://a0.muscache.com/im/pictures/prohost-api/Hosting-1277519453254901576/original/ec7e59ba-febd-4490-bb1b-d77aeaa6df7b.jpeg,1277519453254901576,2607301,30.372,-86.3347,"=AVERAGE($G$2:$G$554)","=AVERAGE($D$2:$D$554)","=IFERROR(($AT89-G89)/$AT89,0)","=IFERROR(($AU89-D89)/$AU89,0)","=$AU89-D89"
"BRW Sleeps 16 with pool, hot tub & private beach",117167018,,138547,171202,1489.75,48.19,305,6,6,15,true,false,true,true,true,false,true,Home/Apartment,House,House/villa,4.9,47,3,2-5,Luxury,false,750,true,93,20,2020-05-18,Santa Rosa/Rosemary Beach,Miramar Beach,Miramar Beach,Florida,32550,United States,coastal,https://www.airbnb.com/rooms/39921927,"https://a0.muscache.com/im/pictures/fac9bb3b-aac2-4b6f-8aa6-044d24cd82d4.jpg?aki_policy=x_large",39921927,718454,30.37688,-86.37264,"=AVERAGE($G$2:$G$554)","=AVERAGE($D$2:$D$554)","=IFERROR(($AT90-G90)/$AT90,0)","=IFERROR(($AU90-D90)/$AU90,0)","=$AU90-D90"
ON the Beach | 3 Balconies | Chair Service,Newman-Dailey,,137103,139145,699.51,69.5,293,3,3,9,true,false,false,true,true,false,false,Home/Apartment,Townhouse,Apt/Condo/Loft,4.65,61,1,21+,Luxury,true,496,true,196,42,2026-05-17,Santa Rosa/Rosemary Beach,Miramar Beach,Miramar Beach,Florida,32550,United States,coastal,https://www.airbnb.com/rooms/53625203,https://a0.muscache.com/im/pictures/prohost-api/Hosting-53625203/original/c6c63a5c-44f1-4daf-8b7a-5ad947daa556.jpeg,53625203,3976009ha,30.3765,-86.3749,"=AVERAGE($G$2:$G$554)","=AVERAGE($D$2:$D$554)","=IFERROR(($AT91-G91)/$AT91,0)","=IFERROR(($AU91-D91)/$AU91,0)","=$AU91-D91"
Snowdrift: Beachfront Escape,Ocean Reef,,136910,193451,872.04,68.56,252,3,2,8,true,false,false,true,true,false,false,Home/Apartment,House,House/villa,4.85,27,3,21+,Luxury,false,430,true,157,30,2026-05-13,Santa Rosa/Rosemary Beach,Miramar Beach,Miramar Beach,Florida,32550,United States,coastal,https://www.airbnb.com/rooms/1363957081351798277,https://a0.muscache.com/im/pictures/prohost-api/Hosting-1363957081351798277/original/895046a6-4634-44ea-bfad-f4d3413a8964.jpeg,1363957081351798277,976522,30.3721744949,-86.3481170387,"=AVERAGE($G$2:$G$554)","=AVERAGE($D$2:$D$554)","=IFERROR(($AT92-G92)/$AT92,0)","=IFERROR(($AU92-D92)/$AU92,0)","=$AU92-D92"
Miramar Penthouse with Gulf Views | Pool Access,360 Blue,,133839,196330,1143.92,72.67,229,3,3,10,true,false,false,true,true,false,true,Home/Apartment,Condominium (condo),Apt/Condo/Loft,4.8,39,3,21+,Luxury,true,937,true,117,19,2026-05-11,Santa Rosa/Rosemary Beach,Miramar Beach,Miramar Beach,Florida,32550,United States,coastal,https://www.airbnb.com/rooms/1302955231568582380,https://a0.muscache.com/im/pictures/prohost-api/Hosting-1302955231568582380/original/f439e819-7099-4da5-b272-f416173835e6.jpeg,1302955231568582380,1114950,30.377666471,-86.3832241121,"=AVERAGE($G$2:$G$554)","=AVERAGE($D$2:$D$554)","=IFERROR(($AT93-G93)/$AT93,0)","=IFERROR(($AU93-D93)/$AU93,0)","=$AU93-D93"
Majestic Sun 1201A - Top Floor! Updated Corner Uni,Seascape Resort,,132957,148834,664.78,66.23,316,3,3,10,true,true,true,true,true,false,true,Home/Apartment,Condominium (condo),Apt/Condo/Loft,4.6,44,1,21+,Luxury,false,323,true,200,47,2026-05-17,Santa Rosa/Rosemary Beach,Miramar Beach,Miramar Beach,Florida,32550,United States,coastal,https://www.airbnb.com/rooms/1082731852245280230,https://a0.muscache.com/im/pictures/prohost-api/Hosting-1082731852245280230/original/7bf315fd-2b30-456a-a16c-c82677af7805.jpeg,1082731852245280230,2618356,30.3758,-86.3679,"=AVERAGE($G$2:$G$554)","=AVERAGE($D$2:$D$554)","=IFERROR(($AT94-G94)/$AT94,0)","=IFERROR(($AU94-D94)/$AU94,0)","=$AU94-D94"
Sanctuary at Frangista Beach,Five Star Gulf Rentals,,131679,242614,1828.88,66.67,111,8,6,16,true,false,false,true,true,false,true,Home/Apartment,House,House/villa,4.15,32,3,21+,Luxury,false,998,true,72,11,2025-12-02,Santa Rosa/Rosemary Beach,Miramar Beach,Miramar Beach,Florida,32550,United States,coastal,https://www.airbnb.com/rooms/36140344,https://a0.muscache.com/im/pictures/prohost-api/Hosting-36140344/original/56c60182-0f40-4257-b9c6-26738556c896.jpeg,36140344,1163264,30.377263,-86.380581,"=AVERAGE($G$2:$G$554)","=AVERAGE($D$2:$D$554)","=IFERROR(($AT95-G95)/$AT95,0)","=IFERROR(($AU95-D95)/$AU95,0)","=$AU95-D95"
Mer Soleil - Spacious Luxury Beach Retreat,551721831,,130690,196597,1894.06,32.24,249,11,9,16,true,false,true,true,true,true,true,Home/Apartment,House,House/villa,5,27,4,6-20,Luxury,true,1127,false,69,18,2026-05-13,Santa Rosa/Rosemary Beach,Miramar Beach,Miramar Beach,Florida,32550,United States,coastal,https://www.airbnb.com/rooms/1156428001025130773,https://a0.muscache.com/im/pictures/prohost-api/Hosting-1156428001025130773/original/1d32aaf7-b9bd-4107-9560-5fecb61a90e2.jpeg,1156428001025130773,4004512,30.3765,-86.3602,"=AVERAGE($G$2:$G$554)","=AVERAGE($D$2:$D$554)","=IFERROR(($AT96-G96)/$AT96,0)","=IFERROR(($AU96-D96)/$AU96,0)","=$AU96-D96"
Frangista Breeze with Pool and Private Beach,Love Rentals,,128968,157663,969.68,51.35,286,4,4,16,true,false,true,true,true,true,true,Home/Apartment,House,House/villa,4.7,64,3,21+,Luxury,true,600,true,133,33,2026-05-11,Santa Rosa/Rosemary Beach,Miramar Beach,Miramar Beach,Florida,32550,United States,coastal,https://www.airbnb.com/rooms/791739002177971364,https://a0.muscache.com/im/pictures/prohost-api/Hosting-791739002177971364/original/cfe1ae1d-f389-423b-a890-39544b22dc82.jpeg,791739002177971364,9772811ha,30.3783,-86.3771,"=AVERAGE($G$2:$G$554)","=AVERAGE($D$2:$D$554)","=IFERROR(($AT97-G97)/$AT97,0)","=IFERROR(($AU97-D97)/$AU97,0)","=$AU97-D97"
Shipwatch Shores | Beach Front | Private Pool,Destin Dreamers,,128843,190093,1894.75,78.16,89,5,5,16,true,false,false,true,true,false,true,Home/Apartment,House,House/villa,5,7,5,21+,Luxury,true,955,true,68,12,2025-10-25,Santa Rosa/Rosemary Beach,Miramar Beach,Miramar Beach,Florida,32550,United States,coastal,https://www.airbnb.com/rooms/1340034354075326681,https://a0.muscache.com/im/pictures/prohost-api/Hosting-1340034354075326681/original/9d142e73-2313-4e44-9c63-7ce8038b06e7.jpeg,1340034354075326681,20102246ha,30.37355,-86.35385,"=AVERAGE($G$2:$G$554)","=AVERAGE($D$2:$D$554)","=IFERROR(($AT98-G98)/$AT98,0)","=IFERROR(($AU98-D98)/$AU98,0)","=$AU98-D98"
Spectacular Beach House Private Pool & Skydeck,122658284,,128590,168393,1714.53,44.64,303,8,8,16,true,false,true,true,true,false,true,Home/Apartment,House,House/villa,4.8,27,4,2-5,Luxury,true,650,true,75,15,2026-05-13,Santa Rosa/Rosemary Beach,Miramar Beach,Miramar Beach,Florida,32550,United States,coastal,https://www.airbnb.com/rooms/555905368788364998,https://a0.muscache.com/im/pictures/miso/Hosting-555905368788364998/original/996c23f8-fa67-4f84-b5da-8c6690900705.jpeg,555905368788364998,1907933,30.3786,-86.377,"=AVERAGE($G$2:$G$554)","=AVERAGE($D$2:$D$554)","=IFERROR(($AT99-G99)/$AT99,0)","=IFERROR(($AU99-D99)/$AU99,0)","=$AU99-D99"
Majestic Sun Penthouse 1203A,Ocean Reef,,127585,131599,664.51,60.76,322,3,3,10,true,true,true,true,true,false,true,Home/Apartment,Condominium (condo),Apt/Condo/Loft,4.6,30,3,21+,Luxury,false,470,true,192,36,2026-05-13,Santa Rosa/Rosemary Beach,Miramar Beach,Miramar Beach,Florida,32550,United States,coastal,https://www.airbnb.com/rooms/1369002152403340359,https://a0.muscache.com/im/pictures/prohost-api/Hosting-1369002152403340359/original/bbb6f693-2972-4d59-8156-b1012ec04ac3.jpeg,1369002152403340359,1037311,30.3768341848,-86.3685571627,"=AVERAGE($G$2:$G$554)","=AVERAGE($D$2:$D$554)","=IFERROR(($AT100-G100)/$AT100,0)","=IFERROR(($AU100-D100)/$AU100,0)","=$AU100-D100"
"Beachside Home w/ Private Pool, Golf Carts & Beach",16961498,,124977,142971,827.66,69.91,242,3,3,8,true,false,true,true,true,true,true,Home/Apartment,House,House/villa,4.8,55,4,6-20,Luxury,false,631,true,151,29,2026-05-11,Santa Rosa/Rosemary Beach,Miramar Beach,Miramar Beach,Florida,32550,United States,coastal,https://www.airbnb.com/rooms/860994227815199397,https://a0.muscache.com/im/pictures/hosting/Hosting-860994227815199397/original/624d610d-c362-4deb-ac7e-7622d9ee669c.jpeg,860994227815199397,3413116,30.3746,-86.3514,"=AVERAGE($G$2:$G$554)","=AVERAGE($D$2:$D$554)","=IFERROR(($AT101-G101)/$AT101,0)","=IFERROR(($AU101-D101)/$AU101,0)","=$AU101-D101"
Great Townhome directly on the Beach! In Season,Newman-Dailey,,124711,147351,769.82,63.53,302,3,3,9,true,false,false,true,true,false,false,Home/Apartment,Townhouse,Apt/Condo/Loft,4.7,46,1,21+,Luxury,true,496,true,162,38,2026-05-11,Santa Rosa/Rosemary Beach,Miramar Beach,Miramar Beach,Florida,32550,United States,coastal,https://www.airbnb.com/rooms/53625053,https://a0.muscache.com/im/pictures/prohost-api/Hosting-53625053/original/ca492c62-d022-4402-acff-117798b9aba3.jpeg,53625053,3976007ha,30.3765,-86.375,"=AVERAGE($G$2:$G$554)","=AVERAGE($D$2:$D$554)","=IFERROR(($AT102-G102)/$AT102,0)","=IFERROR(($AU102-D102)/$AU102,0)","=$AU102-D102"
Agave La Vie With Elevator and Private Beach,Love Rentals,,123726,127700,883.76,54.69,309,4,3,16,true,false,false,true,true,false,true,Home/Apartment,House,House/villa,4.95,26,3,21+,Luxury,true,650,true,140,31,2026-05-13,Santa Rosa/Rosemary Beach,Miramar Beach,Miramar Beach,Florida,32550,United States,coastal,https://www.airbnb.com/rooms/1350811417918820477,https://a0.muscache.com/im/pictures/prohost-api/Hosting-1350811417918820477/original/c79308ca-6949-4650-a5e5-1df90cd296e0.jpeg,1350811417918820477,20110125ha,30.3738178024,-86.343620375,"=AVERAGE($G$2:$G$554)","=AVERAGE($D$2:$D$554)","=IFERROR(($AT103-G103)/$AT103,0)","=IFERROR(($AU103-D103)/$AU103,0)","=$AU103-D103"
Beachfront Beauty with great Views and in Season,Newman-Dailey,,122007,145960,709.34,72.88,268,3,3,8,true,false,false,true,true,false,false,Home/Apartment,Townhouse,Apt/Condo/Loft,4.45,65,1,21+,Luxury,true,445,true,172,37,2026-05-17,Santa Rosa/Rosemary Beach,Miramar Beach,Miramar Beach,Florida,32550,United States,coastal,https://www.airbnb.com/rooms/53623567,https://a0.muscache.com/im/pictures/prohost-api/Hosting-53623567/original/6115b6b6-5790-4ad6-83d3-8956f82a7908.jpeg,53623567,3481858ha,30.3771,-86.3812,"=AVERAGE($G$2:$G$554)","=AVERAGE($D$2:$D$554)","=IFERROR(($AT104-G104)/$AT104,0)","=IFERROR(($AU104-D104)/$AU104,0)","=$AU104-D104"
Ariel Dunes I 2201 - Renovated with Breathtaking V,Seascape Resort,,120719,133261,740.61,69.07,236,3,3,8,true,true,false,true,true,false,true,Home/Apartment,Condominium (condo),Apt/Condo/Loft,4.2,40,1,21+,Luxury,false,355,true,163,39,2026-05-11,Santa Rosa/Rosemary Beach,Miramar Beach,Miramar Beach,Florida,32550,United States,coastal,https://www.airbnb.com/rooms/1082608450038535520,https://a0.muscache.com/im/pictures/prohost-api/Hosting-1082608450038535520/original/04e10a25-1f3b-41b9-9da5-9d5a14a79b4a.jpeg,1082608450038535520,1045518,30.3775,-86.3668,"=AVERAGE($G$2:$G$554)","=AVERAGE($D$2:$D$554)","=IFERROR(($AT105-G105)/$AT105,0)","=IFERROR(($AU105-D105)/$AU105,0)","=$AU105-D105"
Pet Friendly 3 Bedroom Condo with a Direct Gulf,Newman-Dailey,,118650,122928,689.83,58.5,324,3,3,10,true,false,false,true,true,true,true,Home/Apartment,Condominium (condo),Apt/Condo/Loft,4.7,58,1,21+,Luxury,true,486,true,172,39,2026-05-13,Santa Rosa/Rosemary Beach,Miramar Beach,Miramar Beach,Florida,32550,United States,coastal,https://www.airbnb.com/rooms/53623753,https://a0.muscache.com/im/pictures/prohost-api/Hosting-53623753/original/21c89ebc-179f-4e97-8594-d47ef1426576.jpeg,53623753,3482046ha,30.3788,-86.3891,"=AVERAGE($G$2:$G$554)","=AVERAGE($D$2:$D$554)","=IFERROR(($AT106-G106)/$AT106,0)","=IFERROR(($AU106-D106)/$AU106,0)","=$AU106-D106"
Beach Front Getaway-The Q - Sleeps 10,Forever Vacation Rentals,,118562,129179,624.01,64.19,329,3,3,10,true,false,false,true,true,false,false,Home/Apartment,House,House/villa,4.6,94,3,21+,Luxury,true,409,true,190,38,2026-05-17,Santa Rosa/Rosemary Beach,Miramar Beach,Miramar Beach,Florida,32550,United States,coastal,https://www.airbnb.com/rooms/41982979,https://a0.muscache.com/im/pictures/hosting/Hosting-41982979/original/63c77954-74c6-4046-aa29-55195d21f660.jpeg,41982979,1899953,30.37691,-86.38193,"=AVERAGE($G$2:$G$554)","=AVERAGE($D$2:$D$554)","=IFERROR(($AT107-G107)/$AT107,0)","=IFERROR(($AU107-D107)/$AU107,0)","=$AU107-D107"
"Soak up the Sun: Steps to Beach, Private Pool!",Beach Reunion,,115001,351222,2053.59,72.73,159,12,11,16,true,false,true,true,true,true,true,Home/Apartment,House,House/villa,4.9,31,3,21+,Luxury,false,1809,true,56,7,2026-05-13,Santa Rosa/Rosemary Beach,Miramar Beach,Miramar Beach,Florida,32550,United States,coastal,https://www.airbnb.com/rooms/54123247,https://a0.muscache.com/im/pictures/prohost-api/Hosting-54123247/original/e1d3d6ae-407a-49b0-acb7-f1480d23803b.jpeg,54123247,2605433,30.37435,-86.34645,"=AVERAGE($G$2:$G$554)","=AVERAGE($D$2:$D$554)","=IFERROR(($AT108-G108)/$AT108,0)","=IFERROR(($AU108-D108)/$AU108,0)","=$AU108-D108"
Pet Sand,Ocean Reef,,114539,144554,650.79,75.54,294,3,4,8,true,false,false,true,true,true,true,Home/Apartment,House,House/villa,4.1,25,1,21+,Luxury,false,606,true,176,29,2026-05-16,Santa Rosa/Rosemary Beach,Miramar Beach,Miramar Beach,Florida,32550,United States,coastal,https://www.airbnb.com/rooms/1269669726571909646,https://a0.muscache.com/im/pictures/prohost-api/Hosting-1269669726571909646/original/7454b0f7-00e6-4985-8374-4d5e2bb6415f.jpeg,1269669726571909646,471663,30.3775689315,-86.3770523364,"=AVERAGE($G$2:$G$554)","=AVERAGE($D$2:$D$554)","=IFERROR(($AT109-G109)/$AT109,0)","=IFERROR(($AU109-D109)/$AU109,0)","=$AU109-D109"
Direct Gulf Views and Beautifully Updated,Newman-Dailey,,111983,120169,704.3,67.66,305,3,3,8,true,false,true,true,true,false,true,Home/Apartment,Condominium (condo),Apt/Condo/Loft,4.9,17,3,21+,Luxury,true,494,true,159,30,2026-05-16,Santa Rosa/Rosemary Beach,Miramar Beach,Miramar Beach,Florida,32550,United States,coastal,https://www.airbnb.com/rooms/48422536,https://a0.muscache.com/im/pictures/prohost-api/Hosting-48422536/original/28c91675-54fd-4557-aab2-8fea60433889.jpeg,48422536,9417509ha,30.3717,-86.339,"=AVERAGE($G$2:$G$554)","=AVERAGE($D$2:$D$554)","=IFERROR(($AT110-G110)/$AT110,0)","=IFERROR(($AU110-D110)/$AU110,0)","=$AU110-D110"
10% Off! Luxe | Steps 2 Beach | Pirate Room | Pool,283536068,,111816,115792,1025.83,46.58,285,4,3,14,true,false,false,true,true,false,true,Home/Apartment,House,House/villa,4.95,40,4,6-20,Luxury,true,451,true,109,28,2026-05-13,Santa Rosa/Rosemary Beach,Miramar Beach,Miramar Beach,Florida,32550,United States,coastal,https://www.airbnb.com/rooms/51150355,https://a0.muscache.com/im/pictures/miso/Hosting-51150355/original/7168733e-4797-4bf7-a124-803fbb7d1edd.jpeg,51150355,2693338,30.3774,-86.377,"=AVERAGE($G$2:$G$554)","=AVERAGE($D$2:$D$554)","=IFERROR(($AT111-G111)/$AT111,0)","=IFERROR(($AU111-D111)/$AU111,0)","=$AU111-D111"
"Beach View, Huge Pool, 3 Balconies",Newman-Dailey,,111423,170400,790.23,86.5,163,3,3,6,true,false,true,true,true,false,true,Home/Apartment,Condominium (condo),Apt/Condo/Loft,5,3,1,21+,Luxury,true,506,true,141,29,2026-05-13,Santa Rosa/Rosemary Beach,Miramar Beach,Miramar Beach,Florida,32550,United States,coastal,https://www.airbnb.com/rooms/1318271065669828040,https://a0.muscache.com/im/pictures/prohost-api/Hosting-1318271065669828040/original/88208b85-f12b-482d-930b-76d2fc6d9297.jpeg,1318271065669828040,20091423ha,30.3781,-86.3834,"=AVERAGE($G$2:$G$554)","=AVERAGE($D$2:$D$554)","=IFERROR(($AT112-G112)/$AT112,0)","=IFERROR(($AU112-D112)/$AU112,0)","=$AU112-D112"
Pink Pearl*OnPrivateBeach*BeachSvc+Gear*2Pools*Ele,Frangista Beach Properties,,110945,258169,1120.66,96.12,139,3,4,9,true,false,false,true,true,false,true,Home/Apartment,House,House/villa,5,100,1,21+,Luxury,true,1490,true,99,14,2026-05-13,Santa Rosa/Rosemary Beach,Miramar Beach,Miramar Beach,Florida,32550,United States,coastal,https://www.airbnb.com/rooms/1279087761894787471,https://a0.muscache.com/im/pictures/prohost-api/Hosting-1279087761894787471/original/1b08fe2a-f89d-46cf-9801-9cabf655e83c.jpeg,1279087761894787471,3662530ha,30.3772,-86.3792,"=AVERAGE($G$2:$G$554)","=AVERAGE($D$2:$D$554)","=IFERROR(($AT113-G113)/$AT113,0)","=IFERROR(($AU113-D113)/$AU113,0)","=$AU113-D113"
Majestic Sun 714B | Gulf-View 3BR w/ Pools,Emerald Coast Vacation Rentals,,110172,134966,595.52,81.86,237,3,3,9,true,false,true,true,false,false,true,Home/Apartment,Condominium (condo),Apt/Condo/Loft,4.75,118,3,21+,Luxury,false,370,true,185,40,2026-05-10,Santa Rosa/Rosemary Beach,Miramar Beach,Miramar Beach,Florida,32550,United States,coastal,https://www.airbnb.com/rooms/40229934,https://a0.muscache.com/im/pictures/prohost-api/Hosting-40229934/original/173a4777-67c5-4b3b-af38-9b7d4d8ef144.jpeg,40229934,1769502,30.376,-86.3688,"=AVERAGE($G$2:$G$554)","=AVERAGE($D$2:$D$554)","=IFERROR(($AT114-G114)/$AT114,0)","=IFERROR(($AU114-D114)/$AU114,0)","=$AU114-D114"
Gulf-Front Townhome with Views & Shuffleboard,360 Blue,,110006,134970,827.11,69.27,292,3,3,9,true,false,false,true,true,false,false,Home/Apartment,Townhouse,Apt/Condo/Loft,4.75,16,3,21+,Luxury,true,773,true,133,26,2026-05-11,Santa Rosa/Rosemary Beach,Miramar Beach,Miramar Beach,Florida,32550,United States,coastal,https://www.airbnb.com/rooms/1302947333635525639,https://a0.muscache.com/im/pictures/prohost-api/Hosting-1302947333635525639/original/da6d9096-f787-40ed-af2a-4c26e9359910.jpeg,1302947333635525639,3093648,30.3721111298,-86.3392472017,"=AVERAGE($G$2:$G$554)","=AVERAGE($D$2:$D$554)","=IFERROR(($AT115-G115)/$AT115,0)","=IFERROR(($AU115-D115)/$AU115,0)","=$AU115-D115"
Ocean View Condo with Rooftop Pool Access,360 Blue,,109016,190181,1048.23,64.6,239,3,3,8,true,false,false,true,true,false,true,Home/Apartment,Condominium (condo),Apt/Condo/Loft,4.9,141,3,21+,Luxury,true,906,true,104,18,2026-05-13,Santa Rosa/Rosemary Beach,Miramar Beach,Miramar Beach,Florida,32550,United States,coastal,https://www.airbnb.com/rooms/1302920686313358593,https://a0.muscache.com/im/pictures/prohost-api/Hosting-1302920686313358593/original/5600cd98-6051-458f-a86d-c5f8ef5ee62c.jpeg,1302920686313358593,170775,30.3781583978,-86.3798783993,"=AVERAGE($G$2:$G$554)","=AVERAGE($D$2:$D$554)","=IFERROR(($AT116-G116)/$AT116,0)","=IFERROR(($AU116-D116)/$AU116,0)","=$AU116-D116"
Tides 1506 Oceanfront Penthouse. Million Dollar View!,,,106938,122010,792.13,59.47,236,3,3,8,true,false,false,true,true,false,true,Home/Apartment,Condominium (condo),Apt/Condo/Loft,5,177,3,1,Luxury,false,250,true,135,25,2026-05-17,Santa Rosa/Rosemary Beach,Miramar Beach,Miramar Beach,Florida,32550,United States,coastal,https://www.vrbo.com/410473,"https://media.vrbo.com/lodging/34000000/33970000/33960100/33960099/6482d759.jpg?impolicy=resizecrop&rw=1200&ra=fit",,410473,30.37043,-86.32603,"=AVERAGE($G$2:$G$554)","=AVERAGE($D$2:$D$554)","=IFERROR(($AT117-G117)/$AT117,0)","=IFERROR(($AU117-D117)/$AU117,0)","=$AU117-D117"
Edgewater 1405. Largest Balcony on the Gulf!,Warren Beach Rentals,,104563,106263,674.6,68.28,257,3,3,9,true,false,true,true,true,false,true,Home/Apartment,Condominium (condo),Apt/Condo/Loft,4.9,58,3,21+,Luxury,true,534,true,155,28,2026-02-23,Santa Rosa/Rosemary Beach,Miramar Beach,Miramar Beach,Florida,32550,United States,coastal,https://www.airbnb.com/rooms/599257851279669283,https://a0.muscache.com/im/pictures/prohost-api/Hosting-599257851279669283/original/b51e0884-c15b-47e9-b96b-7aec01a857cf.jpeg,599257851279669283,2718732,30.3734,-86.3533,"=AVERAGE($G$2:$G$554)","=AVERAGE($D$2:$D$554)","=IFERROR(($AT118-G118)/$AT118,0)","=IFERROR(($AU118-D118)/$AU118,0)","=$AU118-D118"
Saved by the Beach | Dog Friendly* | Golf Cart,Destin Dreamers,,103221,110175,692.76,55.6,302,3,4,16,true,false,false,true,true,true,true,Home/Apartment,House,House/villa,4.85,26,3,21+,Luxury,true,1107,true,149,29,2026-05-11,Santa Rosa/Rosemary Beach,Miramar Beach,Miramar Beach,Florida,32550,United States,coastal,https://www.airbnb.com/rooms/760231754343812653,https://a0.muscache.com/im/pictures/prohost-api/Hosting-760231754343812653/original/af5a3c69-96ba-466c-a10a-a055681e6db9.jpeg,760231754343812653,9755769ha,30.3812,-86.3819,"=AVERAGE($G$2:$G$554)","=AVERAGE($D$2:$D$554)","=IFERROR(($AT119-G119)/$AT119,0)","=IFERROR(($AU119-D119)/$AU119,0)","=$AU119-D119"
3BR-3.5BA Paradise Beachfront w/ Bch Setup -SD6,Sunset Resort Rentals,,102301,250363,1189.55,67.19,177,3,3,10,true,false,false,true,true,true,false,Home/Apartment,Townhouse,Apt/Condo/Loft,5,23,3,21+,Luxury,false,609,false,86,15,2026-05-16,Santa Rosa/Rosemary Beach,Miramar Beach,Miramar Beach,Florida,32550,United States,coastal,https://www.airbnb.com/rooms/817527153667875531,https://a0.muscache.com/im/pictures/prohost-api/Hosting-817527153667875531/original/0170eb4d-e3b0-4b9c-9936-293532f86b44.jpeg,817527153667875531,2388986,30.3776,-86.3832,"=AVERAGE($G$2:$G$554)","=AVERAGE($D$2:$D$554)","=IFERROR(($AT120-G120)/$AT120,0)","=IFERROR(($AU120-D120)/$AU120,0)","=$AU120-D120"
Majestic Sun 0714A - Panoramic views from this 3 b,Seascape Resort,,102030,105918,680.2,60.24,284,3,3,10,true,true,true,true,true,false,true,Home/Apartment,Condominium (condo),Apt/Condo/Loft,2.9,16,1,21+,Luxury,false,355,true,150,39,2026-05-11,Santa Rosa/Rosemary Beach,Miramar Beach,Miramar Beach,Florida,32550,United States,coastal,https://www.airbnb.com/rooms/1082741375896789524,https://a0.muscache.com/im/pictures/prohost-api/Hosting-1082741375896789524/original/7bb1f1af-62c3-411a-bdda-be3b01422b0c.jpeg,1082741375896789524,3817764,30.3729,-86.3525,"=AVERAGE($G$2:$G$554)","=AVERAGE($D$2:$D$554)","=IFERROR(($AT121-G121)/$AT121,0)","=IFERROR(($AU121-D121)/$AU121,0)","=$AU121-D121"
Beach Front ~ Wraparound Balcony,My Vacation Haven,,101970,124327,645.38,73.15,216,3,3,10,true,true,true,true,true,false,true,Home/Apartment,Condominium (condo),Apt/Condo/Loft,4.8,60,3,21+,Luxury,false,605,true,158,29,2026-05-16,Santa Rosa/Rosemary Beach,Miramar Beach,Miramar Beach,Florida,32550,United States,coastal,https://www.airbnb.com/rooms/32746136,https://a0.muscache.com/im/pictures/prohost-api/Hosting-32746136/original/543ffb8f-e514-42db-b9e7-a3864919f870.jpeg,32746136,884307,30.3711,-86.3331,"=AVERAGE($G$2:$G$554)","=AVERAGE($D$2:$D$554)","=IFERROR(($AT122-G122)/$AT122,0)","=IFERROR(($AU122-D122)/$AU122,0)","=$AU122-D122"
Stunning 18th Floor Gulf Front Condo,Newman-Dailey,,101466,128550,694.97,71.57,236,3,3,8,true,false,true,true,true,false,true,Home/Apartment,Condominium (condo),Apt/Condo/Loft,4.85,19,3,21+,Luxury,true,428,true,146,27,2026-05-13,Santa Rosa/Rosemary Beach,Miramar Beach,Miramar Beach,Florida,32550,United States,coastal,https://www.airbnb.com/rooms/48463262,https://a0.muscache.com/im/pictures/prohost-api/Hosting-48463262/original/366f4a21-4706-4dbd-b6a7-54b75f92228a.jpeg,48463262,3638513ha,30.3717,-86.3394,"=AVERAGE($G$2:$G$554)","=AVERAGE($D$2:$D$554)","=IFERROR(($AT123-G123)/$AT123,0)","=IFERROR(($AU123-D123)/$AU123,0)","=$AU123-D123"
Stunning Beachfront Condo w/ GOLF CART! Balcony Vi,Beach Blue Properties,,101463,150304,757.19,71.66,220,3,2,8,true,true,true,true,true,false,true,Home/Apartment,Condominium (condo),Apt/Condo/Loft,5,68,3,21+,Luxury,false,476,true,134,26,2026-05-13,Santa Rosa/Rosemary Beach,Miramar Beach,Miramar Beach,Florida,32550,United States,coastal,https://www.airbnb.com/rooms/1430445141604894633,https://a0.muscache.com/im/pictures/prohost-api/Hosting-1430445141604894633/original/66e9bd2d-1725-49bd-aebd-240cb93727b1.jpeg,1430445141604894633,2165797,30.3702,-86.3313,"=AVERAGE($G$2:$G$554)","=AVERAGE($D$2:$D$554)","=IFERROR(($AT124-G124)/$AT124,0)","=IFERROR(($AU124-D124)/$AU124,0)","=$AU124-D124"
"Majestic Penthouse 1205B: Sprawling Home, Amazing",Seascape Resort,,101294,115446,739.37,65.24,233,3,3,12,true,true,true,true,true,false,true,Home/Apartment,Condominium (condo),Apt/Condo/Loft,4.4,56,1,21+,Luxury,false,392,true,137,24,2026-05-11,Santa Rosa/Rosemary Beach,Miramar Beach,Miramar Beach,Florida,32550,United States,coastal,https://www.airbnb.com/rooms/1082724906651397759,https://a0.muscache.com/im/pictures/prohost-api/Hosting-1082724906651397759/original/c8dc092f-a877-433b-998b-950d24b95316.jpeg,1082724906651397759,1045661,30.3758,-86.3679,"=AVERAGE($G$2:$G$554)","=AVERAGE($D$2:$D$554)","=IFERROR(($AT125-G125)/$AT125,0)","=IFERROR(($AU125-D125)/$AU125,0)","=$AU125-D125"
Majestic Sun 0501A - Corner Unit! Unbeatable Views,Seascape Resort,,100859,111677,741.61,54.84,260,3,3,10,true,true,true,true,true,false,true,Home/Apartment,Condominium (condo),Apt/Condo/Loft,3.6,48,1,21+,Luxury,false,357,true,136,36,2026-05-11,Santa Rosa/Rosemary Beach,Miramar Beach,Miramar Beach,Florida,32550,United States,coastal,https://www.airbnb.com/rooms/1082717805644106999,https://a0.muscache.com/im/pictures/prohost-api/Hosting-1082717805644106999/original/ccd52327-bb0a-475d-bc0e-6202c11ce93d.jpeg,1082717805644106999,1045636,30.3751,-86.3677,"=AVERAGE($G$2:$G$554)","=AVERAGE($D$2:$D$554)","=IFERROR(($AT126-G126)/$AT126,0)","=IFERROR(($AU126-D126)/$AU126,0)","=$AU126-D126"
Ultimate Beach Luxury: A1205 Penthouse Condo,Glass Casa,,100825,126735,746.85,58.44,266,3,3,10,true,true,true,true,true,false,true,Home/Apartment,Condominium (condo),Apt/Condo/Loft,5,16,3,21+,Luxury,true,1631,true,135,27,2026-05-13,Santa Rosa/Rosemary Beach,Miramar Beach,Miramar Beach,Florida,32550,United States,coastal,https://www.airbnb.com/rooms/1350237040144145157,https://a0.muscache.com/im/pictures/prohost-api/Hosting-1350237040144145157/original/cfd67386-a277-410e-bc5e-f815a495ff9c.jpeg,1350237040144145157,4006998,30.3759,-86.3678,"=AVERAGE($G$2:$G$554)","=AVERAGE($D$2:$D$554)","=IFERROR(($AT127-G127)/$AT127,0)","=IFERROR(($AU127-D127)/$AU127,0)","=$AU127-D127"
"Kamps Baai Beachfront Home, Golf Cart, 2 Pools,",Beyond Blue Vacations,,97540,177707,1108.41,45.13,245,4,4,15,true,true,false,true,false,false,true,Home/Apartment,House,House/villa,4.35,46,3,21+,Luxury,true,746,true,88,21,2026-05-11,Santa Rosa/Rosemary Beach,Miramar Beach,Miramar Beach,Florida,32550,United States,coastal,https://www.airbnb.com/rooms/626092074252085704,https://a0.muscache.com/im/pictures/prohost-api/Hosting-626092074252085704/original/eec6e3a4-6a81-483b-ad35-b6eaa0fcbed0.jpeg,626092074252085704,2748069,30.3769,-86.3779,"=AVERAGE($G$2:$G$554)","=AVERAGE($D$2:$D$554)","=IFERROR(($AT128-G128)/$AT128,0)","=IFERROR(($AU128-D128)/$AU128,0)","=$AU128-D128"
WOW!  Oceanfront! 3 King Beds,,,96957,165450,881.43,59.46,197,3,3,8,true,false,false,true,true,false,true,Home/Apartment,Condominium (condo),Apt/Condo/Loft,4.8,47,1,1,Luxury,false,249,true,110,21,2026-05-01,Santa Rosa/Rosemary Beach,Miramar Beach,Miramar Beach,Florida,32550,United States,coastal,https://www.vrbo.com/2912840,"https://media.vrbo.com/lodging/84000000/83220000/83217700/83217670/ea034b69.jpg?impolicy=resizecrop&rw=1200&ra=fit",,2912840,30.36993,-86.32601,"=AVERAGE($G$2:$G$554)","=AVERAGE($D$2:$D$554)","=IFERROR(($AT129-G129)/$AT129,0)","=IFERROR(($AU129-D129)/$AU129,0)","=$AU129-D129"
Private Balcony ~ Beachfront ~ Seasonally Heated,My Vacation Haven,,94630,100859,657.15,63.72,258,3,3,8,true,false,true,true,true,false,true,Home/Apartment,Condominium (condo),Apt/Condo/Loft,4.55,60,3,21+,Luxury,false,562,true,144,29,2026-05-13,Santa Rosa/Rosemary Beach,Miramar Beach,Miramar Beach,Florida,32550,United States,coastal,https://www.airbnb.com/rooms/23265357,https://a0.muscache.com/im/pictures/prohost-api/Hosting-23265357/original/2fd597c8-0a83-4260-91b7-f22056a05438.jpeg,23265357,130067,30.3711,-86.3306,"=AVERAGE($G$2:$G$554)","=AVERAGE($D$2:$D$554)","=IFERROR(($AT130-G130)/$AT130,0)","=IFERROR(($AU130-D130)/$AU130,0)","=$AU130-D130"
Beautiful 7th Floor Gulf Front Condo at Hidden,Newman-Dailey,,94301,116505,620.4,67.86,287,3,3,8,true,false,true,true,true,false,true,Home/Apartment,Condominium (condo),Apt/Condo/Loft,4.8,15,3,21+,Luxury,true,494,true,152,29,2026-05-11,Santa Rosa/Rosemary Beach,Miramar Beach,Miramar Beach,Florida,32550,United States,coastal,https://www.airbnb.com/rooms/582647090226426828,https://a0.muscache.com/im/pictures/prohost-api/Hosting-582647090226426828/original/3f480137-0526-44f5-a37a-0a8dbd73e68e.jpeg,582647090226426828,9666481ha,30.3716,-86.3394,"=AVERAGE($G$2:$G$554)","=AVERAGE($D$2:$D$554)","=IFERROR(($AT131-G131)/$AT131,0)","=IFERROR(($AU131-D131)/$AU131,0)","=$AU131-D131"
Luxury~Penthouse Views~Beach Manor 1408,Breathe Easy Rentals,,93934,100360,634.69,69.48,304,3,3,6,true,true,true,true,true,false,true,Home/Apartment,Condominium (condo),Apt/Condo/Loft,5,72,3,21+,Luxury,true,550,false,148,30,2026-05-13,Santa Rosa/Rosemary Beach,Miramar Beach,Miramar Beach,Florida,32550,United States,coastal,https://www.airbnb.com/rooms/1542184726648306448,https://a0.muscache.com/im/pictures/prohost-api/Hosting-1542184726648306448/original/ea71b7ba-a90d-441e-bb7b-be11cc729f06.jpeg,1542184726648306448,2288283,30.3693,-86.3245,"=AVERAGE($G$2:$G$554)","=AVERAGE($D$2:$D$554)","=IFERROR(($AT132-G132)/$AT132,0)","=IFERROR(($AU132-D132)/$AU132,0)","=$AU132-D132"
6th Floor Condo Gulf Front Views with Gourmet,Newman-Dailey,,93519,108216,708.48,54.55,290,3,3,8,true,false,true,true,true,false,true,Home/Apartment,Condominium (condo),Apt/Condo/Loft,4.2,12,5,21+,Luxury,true,493,true,132,28,2026-05-13,Santa Rosa/Rosemary Beach,Miramar Beach,Miramar Beach,Florida,32550,United States,coastal,https://www.airbnb.com/rooms/48422880,https://a0.muscache.com/im/pictures/prohost-api/Hosting-48422880/original/b53318ed-9cf6-47de-bfe1-1dbc05ccaaf4.jpeg,48422880,9417511ha,30.3717,-86.3394,"=AVERAGE($G$2:$G$554)","=AVERAGE($D$2:$D$554)","=IFERROR(($AT133-G133)/$AT133,0)","=IFERROR(($AU133-D133)/$AU133,0)","=$AU133-D133"
The Crescent 206,Scenic Stays,,92903,101283,521.93,67.94,342,3,3,6,true,true,true,true,true,false,true,Home/Apartment,Condominium (condo),Apt/Condo/Loft,5,2,3,21+,Luxury,false,515,true,178,28,2026-05-14,Santa Rosa/Rosemary Beach,Miramar Beach,Miramar Beach,Florida,32550,United States,coastal,https://www.airbnb.com/rooms/1412343082602973130,https://a0.muscache.com/im/pictures/prohost-api/Hosting-1412343082602973130/original/c3f76fa0-f58a-40b7-b1f0-475d8d550880.jpeg,1412343082602973130,4525085,30.37388,-86.3562,"=AVERAGE($G$2:$G$554)","=AVERAGE($D$2:$D$554)","=IFERROR(($AT134-G134)/$AT134,0)","=IFERROR(($AU134-D134)/$AU134,0)","=$AU134-D134"
Top Floor ~ Private Balcony ~ Gulf View,My Vacation Haven,,92325,134120,650.18,66.98,251,3,3,8,true,false,true,true,true,false,true,Home/Apartment,Condominium (condo),Apt/Condo/Loft,4.7,45,3,21+,Luxury,false,643,true,142,32,2026-05-11,Santa Rosa/Rosemary Beach,Miramar Beach,Miramar Beach,Florida,32550,United States,coastal,https://www.airbnb.com/rooms/32757068,https://a0.muscache.com/im/pictures/prohost-api/Hosting-32757068/original/93c6c719-fcab-4342-ae9a-7ef921ef7fa9.jpeg,32757068,1433936,30.3717,-86.3337,"=AVERAGE($G$2:$G$554)","=AVERAGE($D$2:$D$554)","=IFERROR(($AT135-G135)/$AT135,0)","=IFERROR(($AU135-D135)/$AU135,0)","=$AU135-D135"
Into the Blue- Oceanfront Condo with Beach Access!,Five Star Gulf Rentals,,92187,114454,640.19,59.26,313,3,3,14,true,false,false,true,true,false,false,Home/Apartment,Townhouse,Apt/Condo/Loft,4.45,30,3,21+,Luxury,false,662,true,144,25,2026-05-11,Santa Rosa/Rosemary Beach,Miramar Beach,Miramar Beach,Florida,32550,United States,coastal,https://www.airbnb.com/rooms/39752211,https://a0.muscache.com/im/pictures/prohost-api/Hosting-39752211/original/89e877f9-c880-4d35-a16e-5737c7e45f6a.jpeg,39752211,1812297,30.3773,-86.3807,"=AVERAGE($G$2:$G$554)","=AVERAGE($D$2:$D$554)","=IFERROR(($AT136-G136)/$AT136,0)","=IFERROR(($AU136-D136)/$AU136,0)","=$AU136-D136"
Palm Oasis - Cottage with Pool & Near the Beach!,Five Star Gulf Rentals,,92073,108458,687.11,53.6,299,3,3,14,true,false,false,true,true,false,true,Home/Apartment,House,House/villa,4.4,3,3,21+,Luxury,false,664,true,134,23,2026-05-13,Santa Rosa/Rosemary Beach,Miramar Beach,Miramar Beach,Florida,32550,United States,coastal,https://www.airbnb.com/rooms/1376825012346723757,https://a0.muscache.com/im/pictures/prohost-api/Hosting-1376825012346723757/original/75caf92f-084a-47d0-9f0c-5e681132b498.jpeg,1376825012346723757,3721237,30.3744,-86.354,"=AVERAGE($G$2:$G$554)","=AVERAGE($D$2:$D$554)","=IFERROR(($AT137-G137)/$AT137,0)","=IFERROR(($AU137-D137)/$AU137,0)","=$AU137-D137"
Beach Front Townhome with Amazing Sunset Views,Newman-Dailey,,91382,121500,781.04,70.91,200,3,3,9,true,false,false,true,true,false,false,Home/Apartment,Townhouse,Apt/Condo/Loft,4.75,72,1,21+,Luxury,true,496,true,117,24,2026-05-11,Santa Rosa/Rosemary Beach,Miramar Beach,Miramar Beach,Florida,32550,United States,coastal,https://www.airbnb.com/rooms/53625005,https://a0.muscache.com/im/pictures/prohost-api/Hosting-53625005/original/e7bbe23b-cfb3-4c8b-9cd1-95890a76f99b.jpeg,53625005,3481864ha,30.3765,-86.3751,"=AVERAGE($G$2:$G$554)","=AVERAGE($D$2:$D$554)","=IFERROR(($AT138-G138)/$AT138,0)","=IFERROR(($AU138-D138)/$AU138,0)","=$AU138-D138"
Vacation for the whole family—paws included,Salt Water Vacations,,90939,98064,673.62,49.82,332,3,3,6,true,false,false,true,true,true,true,Home/Apartment,House,House/villa,4.8,77,3,21+,Luxury,false,1098,true,135,31,2026-05-13,Santa Rosa/Rosemary Beach,Miramar Beach,Miramar Beach,Florida,32550,United States,coastal,https://www.airbnb.com/rooms/932714734163878300,https://a0.muscache.com/im/pictures/prohost-api/Hosting-932714734163878300/original/b11c2202-5446-4c3f-8282-d62f60aa219f.jpeg,932714734163878300,9845691ha,30.38084,-86.34335,"=AVERAGE($G$2:$G$554)","=AVERAGE($D$2:$D$554)","=IFERROR(($AT139-G139)/$AT139,0)","=IFERROR(($AU139-D139)/$AU139,0)","=$AU139-D139"
Beachside One 4036 | Gorgeous Condo with amenities,Beach Reunion,,90783,112464,726.26,76.69,164,3,2,10,true,true,true,true,true,false,true,Home/Apartment,Condominium (condo),Apt/Condo/Loft,4.8,17,3,21+,Luxury,false,618,true,125,24,2026-05-11,Santa Rosa/Rosemary Beach,Miramar Beach,Miramar Beach,Florida,32550,United States,coastal,https://www.airbnb.com/rooms/1011523970277858626,https://a0.muscache.com/im/pictures/prohost-api/Hosting-1011523970277858626/original/d3bfe6b1-5065-4807-b9f6-78ca2db24c69.jpeg,1011523970277858626,3675037,30.3712,-86.3303,"=AVERAGE($G$2:$G$554)","=AVERAGE($D$2:$D$554)","=IFERROR(($AT140-G140)/$AT140,0)","=IFERROR(($AU140-D140)/$AU140,0)","=$AU140-D140"
Great Beach Views from 6th Floor at Hidden Dunes!,Newman-Dailey,,88852,102256,580.73,68.92,307,3,3,8,true,false,true,true,true,false,true,Home/Apartment,Condominium (condo),Apt/Condo/Loft,5,3,3,21+,Luxury,true,448,true,153,32,2026-05-16,Santa Rosa/Rosemary Beach,Miramar Beach,Miramar Beach,Florida,32550,United States,coastal,https://www.airbnb.com/rooms/1422610447530517374,https://a0.muscache.com/im/pictures/prohost-api/Hosting-1422610447530517374/original/00d90429-1f63-4617-9a28-3ac73918743c.jpeg,1422610447530517374,20150248ha,30.3716,-86.339,"=AVERAGE($G$2:$G$554)","=AVERAGE($D$2:$D$554)","=IFERROR(($AT141-G141)/$AT141,0)","=IFERROR(($AU141-D141)/$AU141,0)","=$AU141-D141"
Emerald Cove | Private Pool | Free Golf Cart!,Travel Life Vacation,,88386,102766,601.27,62.03,299,3,2,10,true,false,false,true,true,true,true,Home/Apartment,House,House/villa,4.8,29,3,21+,Luxury,false,707,true,147,25,2026-05-11,Santa Rosa/Rosemary Beach,Miramar Beach,Miramar Beach,Florida,32550,United States,coastal,https://www.airbnb.com/rooms/1045790909593824079,https://a0.muscache.com/im/pictures/prohost-api/Hosting-1045790909593824079/original/1ac22f59-04ef-4655-94e7-c3c216f89fff.jpeg,1045790909593824079,9907604ha,30.3781,-86.3567,"=AVERAGE($G$2:$G$554)","=AVERAGE($D$2:$D$554)","=IFERROR(($AT142-G142)/$AT142,0)","=IFERROR(($AU142-D142)/$AU142,0)","=$AU142-D142"
SUPER HOUSE!,,,87153,181112,2293.5,25.33,299,10,12,42,true,false,false,true,true,false,true,Home/Apartment,House,House/villa,4.4,19,3,1,Luxury,false,2000,true,38,8,2026-05-14,Santa Rosa/Rosemary Beach,Miramar Beach,Miramar Beach,Florida,32550,United States,coastal,https://www.vrbo.com/2254545,"https://media.vrbo.com/lodging/67000000/66250000/66241700/66241608/5436a034.jpg?impolicy=resizecrop&rw=1200&ra=fit",,2254545,30.380015,-86.384926,"=AVERAGE($G$2:$G$554)","=AVERAGE($D$2:$D$554)","=IFERROR(($AT143-G143)/$AT143,0)","=IFERROR(($AU143-D143)/$AU143,0)","=$AU143-D143"
"Old Florida Charm. Private Beach, Private Pool, Pu",Modern Beach Vacation Rentals,,86856,132700,827.2,68.18,207,3,2,10,true,true,true,true,true,false,true,Home/Apartment,House,House/villa,4.9,44,1,21+,Luxury,false,684,true,105,15,2026-05-11,Santa Rosa/Rosemary Beach,Miramar Beach,Miramar Beach,Florida,32550,United States,coastal,https://www.airbnb.com/rooms/818277189316888711,https://a0.muscache.com/im/pictures/prohost-api/Hosting-818277189316888711/original/1bb9a167-b7f9-4824-928c-9d73a518b723.jpeg,818277189316888711,2575224,30.3735,-86.3436,"=AVERAGE($G$2:$G$554)","=AVERAGE($D$2:$D$554)","=IFERROR(($AT144-G144)/$AT144,0)","=IFERROR(($AU144-D144)/$AU144,0)","=$AU144-D144"
Gulf-Front Townhome with Private Deck & Views,360 Blue,,85792,103701,739.59,55.5,314,3,3,10,true,false,false,true,true,false,false,Home/Apartment,Townhouse,Apt/Condo/Loft,4.75,29,3,21+,Luxury,true,772,true,116,23,2026-05-13,Santa Rosa/Rosemary Beach,Miramar Beach,Miramar Beach,Florida,32550,United States,coastal,https://www.airbnb.com/rooms/1302948717115592271,https://a0.muscache.com/im/pictures/prohost-api/Hosting-1302948717115592271/original/d5ff2d2f-15c4-4a94-8300-7d520e89b76e.jpeg,1302948717115592271,3093652,30.371827448,-86.3379579019,"=AVERAGE($G$2:$G$554)","=AVERAGE($D$2:$D$554)","=IFERROR(($AT145-G145)/$AT145,0)","=IFERROR(($AU145-D145)/$AU145,0)","=$AU145-D145"
Promenade by AvantStay | Beachfront Mansion + View,AvantStay,,85725,100465,1823.94,30.32,155,7,5,16,true,false,false,true,true,false,true,Home/Apartment,House,House/villa,4.3,28,2,21+,Luxury,false,795,true,47,7,2025-02-23,Santa Rosa/Rosemary Beach,Miramar Beach,Miramar Beach,Florida,32550,United States,coastal,https://www.airbnb.com/rooms/49176106,https://a0.muscache.com/im/pictures/prohost-api/Hosting-49176106/original/53d33510-68fc-40bf-8e3f-527a232b1e81.jpeg,49176106,,30.3745,-86.361,"=AVERAGE($G$2:$G$554)","=AVERAGE($D$2:$D$554)","=IFERROR(($AT146-G146)/$AT146,0)","=IFERROR(($AU146-D146)/$AU146,0)","=$AU146-D146"
Condo with Fantastic Views(Reduced Rate for March),luxe 30a,,85685,100955,630.04,62.96,246,3,2,8,true,false,false,true,true,false,true,Home/Apartment,Condominium (condo),Apt/Condo/Loft,4.8,46,3,21+,Luxury,false,425,true,136,27,2026-05-11,Santa Rosa/Rosemary Beach,Miramar Beach,Miramar Beach,Florida,32550,United States,coastal,https://www.airbnb.com/rooms/888270084499169306,https://a0.muscache.com/im/pictures/prohost-api/Hosting-888270084499169306/original/e520b9b2-a45d-456d-926b-0b8ace0ff716.jpeg,888270084499169306,3406666,30.3704,-86.3315,"=AVERAGE($G$2:$G$554)","=AVERAGE($D$2:$D$554)","=IFERROR(($AT147-G147)/$AT147,0)","=IFERROR(($AU147-D147)/$AU147,0)","=$AU147-D147"
Free Activities! Avalon Beach Estates! 30 Paginet!,Shore Dreams Vacation Rentals,,85353,88680,1028.35,43.68,346,4,3,12,true,false,false,true,true,false,true,Home/Apartment,House,House/villa,5,10,2,21+,Luxury,true,767,true,83,17,2026-05-13,Santa Rosa/Rosemary Beach,Miramar Beach,Miramar Beach,Florida,32550,United States,coastal,https://www.airbnb.com/rooms/1097103927278369199,https://a0.muscache.com/im/pictures/prohost-api/Hosting-1097103927278369199/original/88cd6950-43f6-4c22-a961-e1dd747928ed.jpeg,1097103927278369199,3870641,30.38001,-86.39074,"=AVERAGE($G$2:$G$554)","=AVERAGE($D$2:$D$554)","=IFERROR(($AT148-G148)/$AT148,0)","=IFERROR(($AU148-D148)/$AU148,0)","=$AU148-D148"
Find your way to relaxation at Dolphin Watch!,Solely Beachfront,,83730,260889,1372.62,72.62,127,3,3,12,true,false,false,true,true,false,false,Home/Apartment,House,House/villa,4.9,51,1,21+,Luxury,true,1568,true,61,11,2026-05-11,Santa Rosa/Rosemary Beach,Miramar Beach,Miramar Beach,Florida,32550,United States,coastal,https://www.airbnb.com/rooms/49341026,https://a0.muscache.com/im/pictures/prohost-api/Hosting-49341026/original/0c89d7cf-fb8d-4312-9106-d3811645b636.jpeg,49341026,2140854,30.37848,-86.39607,"=AVERAGE($G$2:$G$554)","=AVERAGE($D$2:$D$554)","=IFERROR(($AT149-G149)/$AT149,0)","=IFERROR(($AU149-D149)/$AU149,0)","=$AU149-D149"
Free Beach Service - 4 chairs and 2 Umbrellas | Gu,Destin Beach Vacation Rentals,,82381,113831,624.1,68.04,234,3,3,10,true,true,true,true,true,false,true,Home/Apartment,Condominium (condo),Apt/Condo/Loft,4.7,10,1,21+,Luxury,true,462,true,132,32,2026-05-11,Santa Rosa/Rosemary Beach,Miramar Beach,Miramar Beach,Florida,32550,United States,coastal,https://www.airbnb.com/rooms/828880673935143565,https://a0.muscache.com/im/pictures/prohost-api/Hosting-828880673935143565/original/46a7c0a6-f5c9-43b0-b3e8-59514de99abe.jpeg,828880673935143565,3253551,30.376,-86.3664,"=AVERAGE($G$2:$G$554)","=AVERAGE($D$2:$D$554)","=IFERROR(($AT150-G150)/$AT150,0)","=IFERROR(($AU150-D150)/$AU150,0)","=$AU150-D150"
Pelican Shores: Closet to Beach! Huge Private Pool,Diamond Gulf Rentals,,81928,82843,682.73,54.55,252,3,2,10,true,false,false,true,true,false,true,Home/Apartment,House,House/villa,4.85,23,3,21+,Luxury,false,745,true,120,22,2026-05-11,Santa Rosa/Rosemary Beach,Miramar Beach,Miramar Beach,Florida,32550,United States,coastal,https://www.airbnb.com/rooms/1163792839651047133,https://a0.muscache.com/im/pictures/prohost-api/Hosting-1163792839651047133/original/bb3bc6a3-26d0-4107-ad65-3d5d9d2dc958.jpeg,1163792839651047133,4015578,30.38053,-86.38348,"=AVERAGE($G$2:$G$554)","=AVERAGE($D$2:$D$554)","=IFERROR(($AT151-G151)/$AT151,0)","=IFERROR(($AU151-D151)/$AU151,0)","=$AU151-D151"
3BR Oceanfront 4th-Floor | Balcony | Pool,Vacasa,,80712,97479,635.53,68.65,186,3,3,8,true,true,false,true,true,false,true,Home/Apartment,Condominium (condo),Apt/Condo/Loft,4.6,22,3,21+,Luxury,false,359,true,127,25,2025-11-24,Santa Rosa/Rosemary Beach,Miramar Beach,Miramar Beach,Florida,32550,United States,coastal,https://www.airbnb.com/rooms/1355303362453042575,https://a0.muscache.com/im/pictures/prohost-api/Hosting-1355303362453042575/original/5ea284af-157e-43ce-a079-87363f74bb26.jpeg,1355303362453042575,2484151,30.3706020063,-86.3252744739,"=AVERAGE($G$2:$G$554)","=AVERAGE($D$2:$D$554)","=IFERROR(($AT152-G152)/$AT152,0)","=IFERROR(($AU152-D152)/$AU152,0)","=$AU152-D152"
Gulf Front ~ Seasonally Heated Pool ~ Balcony,My Vacation Haven,,80105,109959,646.01,70.86,213,3,3,8,true,false,true,true,true,false,true,Home/Apartment,Condominium (condo),Apt/Condo/Loft,4.8,39,3,21+,Luxury,false,667,true,124,21,2026-05-13,Santa Rosa/Rosemary Beach,Miramar Beach,Miramar Beach,Florida,32550,United States,coastal,https://www.airbnb.com/rooms/32756478,https://a0.muscache.com/im/pictures/prohost-api/Hosting-32756478/original/cb3e96d2-f617-4405-909f-4af2981be17a.jpeg,32756478,158175,30.3711,-86.3332,"=AVERAGE($G$2:$G$554)","=AVERAGE($D$2:$D$554)","=IFERROR(($AT153-G153)/$AT153,0)","=IFERROR(($AU153-D153)/$AU153,0)","=$AU153-D153"
Panoramic Gulf Views ~ Seasonally Heated Pool,My Vacation Haven,,79922,86221,694.97,60.21,222,3,3,6,true,false,true,true,true,false,true,Home/Apartment,Condominium (condo),Apt/Condo/Loft,4.5,44,3,21+,Luxury,false,592,true,115,22,2026-05-16,Santa Rosa/Rosemary Beach,Miramar Beach,Miramar Beach,Florida,32550,United States,coastal,https://www.airbnb.com/rooms/32756516,https://a0.muscache.com/im/pictures/prohost-api/Hosting-32756516/original/ce6572d7-ab4a-446a-9dbd-f82277901b26.jpeg,32756516,291130,30.3711,-86.3332,"=AVERAGE($G$2:$G$554)","=AVERAGE($D$2:$D$554)","=IFERROR(($AT154-G154)/$AT154,0)","=IFERROR(($AU154-D154)/$AU154,0)","=$AU154-D154"
"Seawinds #8: Beachfront Home in Miramar Beach, FL",121747248,,79620,104151,936.71,48.57,296,3,3,16,true,false,false,true,true,true,false,Home/Apartment,Townhouse,Apt/Condo/Loft,4.75,64,2,1,Luxury,false,300,true,85,26,2025-11-10,Santa Rosa/Rosemary Beach,Miramar Beach,Miramar Beach,Florida,32550,United States,coastal,https://www.airbnb.com/rooms/594207027887034273,https://a0.muscache.com/im/pictures/miso/Hosting-594207027887034273/original/79f9010f-56ce-4f09-9017-280f43be6313.jpeg,594207027887034273,2773893,30.376415,-86.374779,"=AVERAGE($G$2:$G$554)","=AVERAGE($D$2:$D$554)","=IFERROR(($AT155-G155)/$AT155,0)","=IFERROR(($AU155-D155)/$AU155,0)","=$AU155-D155"
Sandy Dunes: Gulf-Front Cottage,Ocean Reef,,79179,152068,654.37,62.05,235,3,2,9,true,false,false,true,true,false,false,Home/Apartment,House,House/villa,4.65,3,1,21+,Luxury,false,430,true,121,24,2026-05-17,Santa Rosa/Rosemary Beach,Miramar Beach,Santa Rosa Beach,Florida,32459,United States,coastal,https://www.airbnb.com/rooms/1410092732307194346,https://a0.muscache.com/im/pictures/prohost-api/Hosting-1410092732307194346/original/c12a5533-b823-49fe-a533-fdb4efb0aed1.jpeg,1410092732307194346,4515229,30.3714306086,-86.3472699519,"=AVERAGE($G$2:$G$554)","=AVERAGE($D$2:$D$554)","=IFERROR(($AT156-G156)/$AT156,0)","=IFERROR(($AU156-D156)/$AU156,0)","=$AU156-D156"
The Pearl & Gulf Paradise- Private Pools! 2 Homes!,360 Blue,,78920,119550,4642.35,18.09,94,17,19,16,true,false,false,true,true,false,true,Home/Apartment,House,House/villa,0,0,7,21+,Luxury,false,0,true,17,3,2025-10-15,Santa Rosa/Rosemary Beach,Miramar Beach,Miramar Beach,Florida,32550,United States,coastal,https://www.airbnb.com/rooms/1302957812050105535,https://a0.muscache.com/im/pictures/prohost-api/Hosting-1302957812050105535/original/520b351c-5db6-4341-a2bf-e8351886c6df.jpeg,1302957812050105535,3715854,30.37367,-86.35014,"=AVERAGE($G$2:$G$554)","=AVERAGE($D$2:$D$554)","=IFERROR(($AT157-G157)/$AT157,0)","=IFERROR(($AU157-D157)/$AU157,0)","=$AU157-D157"
"Absolutely Perfect by Avantstay | Pool, Sleeps 26!",30A Beach Girls,,78473,115818,2452.28,35.16,91,8,10,16,true,false,true,true,true,true,true,Home/Apartment,House,House/villa,4.9,88,5,21+,Luxury,true,1455,true,32,5,2024-11-05,Santa Rosa/Rosemary Beach,Miramar Beach,Miramar Beach,Florida,32550,United States,coastal,https://www.airbnb.com/rooms/547210944375110252,https://a0.muscache.com/im/pictures/prohost-api/Hosting-547210944375110252/original/964540ed-5af0-42c5-817f-17428b588404.png,547210944375110252,2599945,30.377,-86.3747,"=AVERAGE($G$2:$G$554)","=AVERAGE($D$2:$D$554)","=IFERROR(($AT158-G158)/$AT158,0)","=IFERROR(($AU158-D158)/$AU158,0)","=$AU158-D158"
Beachside II 4365 ~ 3 bedroom gulf-front condo wit,Gibson Beach Rentals,,78422,127164,572.42,70.98,228,3,2,6,true,true,true,true,true,false,true,Home/Apartment,Condominium (condo),Apt/Condo/Loft,4.6,73,3,21+,Luxury,true,298,true,137,29,2025-12-13,Santa Rosa/Rosemary Beach,Miramar Beach,Miramar Beach,Florida,32550,United States,coastal,https://www.airbnb.com/rooms/51620328,https://a0.muscache.com/im/pictures/prohost-api/Hosting-51620328/original/c9222a68-898e-49e6-b5ea-bdb8f3a0fe84.jpeg,51620328,831346,30.36942,-86.32943,"=AVERAGE($G$2:$G$554)","=AVERAGE($D$2:$D$554)","=IFERROR(($AT159-G159)/$AT159,0)","=IFERROR(($AU159-D159)/$AU159,0)","=$AU159-D159"
"Sea La Vie Sandestin, Beachfront Condo, Golf Car",Beyond Blue Vacations,,77728,127050,653.18,61.34,207,3,3,9,true,true,true,true,false,false,true,Home/Apartment,Condominium (condo),Apt/Condo/Loft,4.8,48,1,21+,Luxury,true,522,true,119,21,2026-05-11,Santa Rosa/Rosemary Beach,Miramar Beach,Miramar Beach,Florida,32550,United States,coastal,https://www.airbnb.com/rooms/39869402,https://a0.muscache.com/im/pictures/prohost-api/Hosting-39869402/original/2507549a-541f-4101-811f-5c33c73134b6.jpeg,39869402,1853011,30.372,-86.3333,"=AVERAGE($G$2:$G$554)","=AVERAGE($D$2:$D$554)","=IFERROR(($AT160-G160)/$AT160,0)","=IFERROR(($AU160-D160)/$AU160,0)","=$AU160-D160"
"Amazing New Beachfront Home, Incredible View, Heated Pool, Hot Tub, Elevator!",,,77624,168686,1176.12,84.62,158,4,4,12,true,false,true,true,true,true,true,Home/Apartment,House,House/villa,5,13,7,1,Luxury,false,795,true,66,12,2026-01-01,Santa Rosa/Rosemary Beach,Miramar Beach,Miramar Beach,Florida,32550,United States,coastal,https://www.vrbo.com/4363643,"https://media.vrbo.com/lodging/112000000/111920000/111918300/111918238/16020898.jpg?impolicy=resizecrop&rw=1200&ra=fit",,4363643,30.3711,-86.33896,"=AVERAGE($G$2:$G$554)","=AVERAGE($D$2:$D$554)","=IFERROR(($AT161-G161)/$AT161,0)","=IFERROR(($AU161-D161)/$AU161,0)","=$AU161-D161"
fomo #32,Exclusive 30A,,77373,257910,8597,100,9,9,7,16,true,false,false,true,true,false,true,Home/Apartment,House,House/villa,5,6,5,21+,Luxury,false,1430,true,9,1,2024-12-29,Santa Rosa/Rosemary Beach,Miramar Beach,Miramar Beach,Florida,32550,United States,coastal,https://www.airbnb.com/rooms/1086331725439060421,https://a0.muscache.com/im/pictures/prohost-api/Hosting-1086331725439060421/original/bf13e031-aba6-49ba-93fa-d5799d7ac3ba.jpeg,1086331725439060421,3829160,30.3727,-86.3498,"=AVERAGE($G$2:$G$554)","=AVERAGE($D$2:$D$554)","=IFERROR(($AT162-G162)/$AT162,0)","=IFERROR(($AU162-D162)/$AU162,0)","=$AU162-D162"
Ariel Dunes II 301 - Fabulous views of pool & beac,Seascape Resort,,76940,86137,652.03,57.84,209,3,3,10,true,true,false,true,true,false,true,Home/Apartment,Condominium (condo),Apt/Condo/Loft,4.8,5,1,21+,Luxury,false,1149,true,118,29,2026-02-17,Santa Rosa/Rosemary Beach,Miramar Beach,Miramar Beach,Florida,32550,United States,coastal,https://www.airbnb.com/rooms/1305897811169052725,https://a0.muscache.com/im/pictures/prohost-api/Hosting-1305897811169052725/original/8f7d7cc4-f154-44eb-87dd-3d339eefa106.jpeg,1305897811169052725,4297109,30.3780625713,-86.3677062594,"=AVERAGE($G$2:$G$554)","=AVERAGE($D$2:$D$554)","=IFERROR(($AT163-G163)/$AT163,0)","=IFERROR(($AU163-D163)/$AU163,0)","=$AU163-D163"
Huge Mediterranea Beach View Condo,Newman-Dailey,,75715,112664,721.1,65.62,198,3,3,7,true,false,true,true,true,false,true,Home/Apartment,Condominium (condo),Apt/Condo/Loft,4.85,8,3,21+,Luxury,true,505,true,105,20,2026-05-13,Santa Rosa/Rosemary Beach,Miramar Beach,Miramar Beach,Florida,32550,United States,coastal,https://www.airbnb.com/rooms/53624813,https://a0.muscache.com/im/pictures/prohost-api/Hosting-53624813/original/a7852dbd-7ea3-4205-a484-1348add9095e.jpeg,53624813,4432301ha,30.3782,-86.3834,"=AVERAGE($G$2:$G$554)","=AVERAGE($D$2:$D$554)","=IFERROR(($AT164-G164)/$AT164,0)","=IFERROR(($AU164-D164)/$AU164,0)","=$AU164-D164"
Gulf Front ~ Balcony ~ Seasonally Heated Pool,My Vacation Haven,,75267,115783,654.5,62.84,183,3,3,10,true,false,true,true,true,false,true,Home/Apartment,Condominium (condo),Apt/Condo/Loft,4.6,55,3,21+,Luxury,false,599,true,115,21,2026-05-16,Santa Rosa/Rosemary Beach,Miramar Beach,Miramar Beach,Florida,32550,United States,coastal,https://www.airbnb.com/rooms/32746239,https://a0.muscache.com/im/pictures/prohost-api/Hosting-32746239/original/92da84d3-0dfc-4cfe-ba27-a9cddc9d6e83.jpeg,32746239,413052,30.3711,-86.3331,"=AVERAGE($G$2:$G$554)","=AVERAGE($D$2:$D$554)","=IFERROR(($AT165-G165)/$AT165,0)","=IFERROR(($AU165-D165)/$AU165,0)","=$AU165-D165"
Hollywood & Divine | Luxury Frangista Beach Vacati,Beach Reunion,,73989,217526,1720.67,70.49,206,8,8,16,true,false,false,true,true,true,true,Home/Apartment,House,House/villa,4.65,50,3,21+,Luxury,false,1074,true,43,7,2026-05-13,Santa Rosa/Rosemary Beach,Miramar Beach,Miramar Beach,Florida,32550,United States,coastal,https://www.airbnb.com/rooms/15832067,"https://a0.muscache.com/im/pictures/hosting/Hosting-U3RheVN1cHBseUxpc3Rpbmc6MTU4MzIwNjc=/original/53dcb8de-d636-4e6c-8e74-78e9798d4b34.jpeg",15832067,594048,30.3785,-86.3794,"=AVERAGE($G$2:$G$554)","=AVERAGE($D$2:$D$554)","=IFERROR(($AT166-G166)/$AT166,0)","=IFERROR(($AU166-D166)/$AU166,0)","=$AU166-D166"
Crescent 411 Gulf Front 3BR Condo w/ Beach Service,Solely Beachfront,,72392,138736,658.11,86.61,176,3,3,7,true,true,false,true,true,false,true,Home/Apartment,Apartment,Apt/Condo/Loft,4.8,53,1,21+,Luxury,true,940,true,110,17,2026-05-17,Santa Rosa/Rosemary Beach,Miramar Beach,Miramar Beach,Florida,32550,United States,coastal,https://www.airbnb.com/rooms/44742308,https://a0.muscache.com/im/pictures/prohost-api/Hosting-44742308/original/7c91dec5-1595-4b13-bd65-3b7d7236a0ab.jpeg,44742308,2039526,30.3747,-86.35775,"=AVERAGE($G$2:$G$554)","=AVERAGE($D$2:$D$554)","=IFERROR(($AT167-G167)/$AT167,0)","=IFERROR(($AU167-D167)/$AU167,0)","=$AU167-D167"
"3BR Beachfront Condo at Hidden Dunes! Pool, Hot tu",Beach Blue Properties,,71464,80329,537.32,61.57,264,3,3,8,true,true,true,true,true,false,true,Home/Apartment,Condominium (condo),Apt/Condo/Loft,4.7,37,3,21+,Luxury,false,530,true,133,23,2026-05-17,Santa Rosa/Rosemary Beach,Miramar Beach,Miramar Beach,Florida,32550,United States,coastal,https://www.airbnb.com/rooms/1430439858404786336,https://a0.muscache.com/im/pictures/prohost-api/Hosting-1430439858404786336/original/ee611fce-3869-4c7f-8d78-7d486a6d165d.jpeg,1430439858404786336,2751829,30.3716,-86.339,"=AVERAGE($G$2:$G$554)","=AVERAGE($D$2:$D$554)","=IFERROR(($AT168-G168)/$AT168,0)","=IFERROR(($AU168-D168)/$AU168,0)","=$AU168-D168"
Tides 204-205-4 bedrooms! Remodeled ~ 2 Full Kitch,Gibson Beach Rentals,,71234,212264,1207.36,80.82,129,4,4,12,true,false,false,true,true,false,true,Home/Apartment,Condominium (condo),Apt/Condo/Loft,4.4,61,1,21+,Luxury,true,520,true,59,13,2026-05-14,Santa Rosa/Rosemary Beach,Miramar Beach,Miramar Beach,Florida,32550,United States,coastal,https://www.airbnb.com/rooms/23701337,https://a0.muscache.com/im/pictures/prohost-api/Hosting-23701337/original/845b12a8-403a-45e3-8102-ce00ffd29cd1.jpeg,23701337,984222,30.36841,-86.32658,"=AVERAGE($G$2:$G$554)","=AVERAGE($D$2:$D$554)","=IFERROR(($AT169-G169)/$AT169,0)","=IFERROR(($AU169-D169)/$AU169,0)","=$AU169-D169"
Beautiful Beachfront Condo * Amazing Balcony Views,Coastline Property Management,,70353,85443,740.56,41.85,299,3,3,8,true,true,true,true,true,false,true,Home/Apartment,Condominium (condo),Apt/Condo/Loft,5,33,3,21+,Luxury,true,387,false,95,22,2026-05-11,Santa Rosa/Rosemary Beach,Miramar Beach,Miramar Beach,Florida,32550,United States,coastal,https://www.airbnb.com/rooms/812277510540225368,https://a0.muscache.com/im/pictures/prohost-api/Hosting-812277510540225368/original/94b84b17-7ce3-4158-971b-fb9fa1cb67a5.jpeg,812277510540225368,2908182,30.3715,-86.3335,"=AVERAGE($G$2:$G$554)","=AVERAGE($D$2:$D$554)","=IFERROR(($AT170-G170)/$AT170,0)","=IFERROR(($AU170-D170)/$AU170,0)","=$AU170-D170"
3BR beachfront condo with heated pool & gym,Vacasa,,69962,87188,608.37,60.53,198,3,2,8,true,true,false,true,true,false,true,Home/Apartment,Condominium (condo),Apt/Condo/Loft,5,6,3,21+,Luxury,false,278,true,115,25,2026-02-10,Santa Rosa/Rosemary Beach,Miramar Beach,Miramar Beach,Florida,32550,United States,coastal,https://www.airbnb.com/rooms/1355303356281611862,https://a0.muscache.com/im/pictures/prohost-api/Hosting-1355303356281611862/original/dd6bf067-2c0f-4b22-9688-1d5a453d761a.jpeg,1355303356281611862,3786137,30.3754102168,-86.3611955428,"=AVERAGE($G$2:$G$554)","=AVERAGE($D$2:$D$554)","=IFERROR(($AT171-G171)/$AT171,0)","=IFERROR(($AU171-D171)/$AU171,0)","=$AU171-D171"
Gulf Front Balcony ~ Seasonally Heated Pool,My Vacation Haven,,69708,112081,676.78,53.93,201,3,2,10,true,false,true,true,true,false,true,Home/Apartment,Condominium (condo),Apt/Condo/Loft,4.7,52,3,21+,Luxury,false,580,true,103,22,2026-05-17,Santa Rosa/Rosemary Beach,Miramar Beach,Miramar Beach,Florida,32550,United States,coastal,https://www.airbnb.com/rooms/39624253,https://a0.muscache.com/im/pictures/prohost-api/Hosting-39624253/original/d055f3da-f5c2-4b18-9282-f253f261c611.jpeg,39624253,81738,30.3703,-86.3312,"=AVERAGE($G$2:$G$554)","=AVERAGE($D$2:$D$554)","=IFERROR(($AT172-G172)/$AT172,0)","=IFERROR(($AU172-D172)/$AU172,0)","=$AU172-D172"
Beachfront Wraparound Balcony,My Vacation Haven,,69369,105610,856.41,54.36,282,3,2,12,true,false,true,true,true,false,true,Home/Apartment,Condominium (condo),Apt/Condo/Loft,4.7,8,3,21+,Luxury,false,661,true,81,17,2026-05-13,Santa Rosa/Rosemary Beach,Miramar Beach,Miramar Beach,Florida,32550,United States,coastal,https://www.airbnb.com/rooms/1285586415469809872,https://a0.muscache.com/im/pictures/prohost-api/Hosting-1285586415469809872/original/ffb0c1f0-6576-43d2-b133-a00e5b910865.jpeg,1285586415469809872,4278950,30.37,-86.3302,"=AVERAGE($G$2:$G$554)","=AVERAGE($D$2:$D$554)","=IFERROR(($AT173-G173)/$AT173,0)","=IFERROR(($AU173-D173)/$AU173,0)","=$AU173-D173"
Grandview 201,Ocean Reef,,69348,127266,582.76,90.84,194,3,3,8,true,false,false,true,true,false,true,Home/Apartment,Condominium (condo),Apt/Condo/Loft,4.9,10,1,21+,Luxury,false,469,false,119,16,2026-05-11,Santa Rosa/Rosemary Beach,Miramar Beach,Santa Rosa Beach,Florida,32459,United States,coastal,https://www.airbnb.com/rooms/1598599826908817703,https://a0.muscache.com/im/pictures/prohost-api/Hosting-1598599826908817703/original/dbc41c88-345b-4bf8-88c0-132b908a1a2d.jpeg,1598599826908817703,1222659,30.3730108426,-86.355799242,"=AVERAGE($G$2:$G$554)","=AVERAGE($D$2:$D$554)","=IFERROR(($AT174-G174)/$AT174,0)","=IFERROR(($AU174-D174)/$AU174,0)","=$AU174-D174"
Grandview 202 - Oceanfront Condo with Views & Pool,Five Star Gulf Rentals,,68281,107750,555.13,89.78,196,3,3,8,true,false,false,true,true,false,true,Home/Apartment,Condominium (condo),Apt/Condo/Loft,5,2,3,21+,Luxury,false,663,true,123,17,2026-05-14,Santa Rosa/Rosemary Beach,Miramar Beach,Miramar Beach,Florida,32550,United States,coastal,https://www.airbnb.com/rooms/1365388012979976649,https://a0.muscache.com/im/pictures/prohost-api/Hosting-1365388012979976649/original/f535267b-7330-4004-bd33-5ccba032bf2b.jpeg,1365388012979976649,4454882,30.3739,-86.356,"=AVERAGE($G$2:$G$554)","=AVERAGE($D$2:$D$554)","=IFERROR(($AT175-G175)/$AT175,0)","=IFERROR(($AU175-D175)/$AU175,0)","=$AU175-D175"
Wraparound Balcony ~ Condo Remodel Jan-Feb 2026,My Vacation Haven,,66623,93878,600.21,63.79,220,3,3,8,true,false,true,true,true,false,true,Home/Apartment,Condominium (condo),Apt/Condo/Loft,4.55,48,3,21+,Luxury,false,592,true,111,20,2026-05-11,Santa Rosa/Rosemary Beach,Miramar Beach,Miramar Beach,Florida,32550,United States,coastal,https://www.airbnb.com/rooms/32746364,https://a0.muscache.com/im/pictures/prohost-api/Hosting-32746364/original/5442a1a3-7dc8-4523-bbc3-9c2039cc4ea4.jpeg,32746364,883836,30.3711,-86.3331,"=AVERAGE($G$2:$G$554)","=AVERAGE($D$2:$D$554)","=IFERROR(($AT176-G176)/$AT176,0)","=IFERROR(($AU176-D176)/$AU176,0)","=$AU176-D176"
The Crescent 306,Scenic Stays,,66413,67139,603.75,48.89,327,3,3,6,true,true,true,true,true,false,true,Home/Apartment,Apartment,Apt/Condo/Loft,5,1,3,21+,Luxury,false,515,true,110,22,2026-05-17,Santa Rosa/Rosemary Beach,Miramar Beach,Miramar Beach,Florida,32550,United States,coastal,https://www.airbnb.com/rooms/1437249185967260236,https://a0.muscache.com/im/pictures/prohost-api/Hosting-1437249185967260236/original/087f5e5e-a63f-4e16-a976-9c91c7dd6e10.jpeg,1437249185967260236,4593944,30.3750923255,-86.3564736987,"=AVERAGE($G$2:$G$554)","=AVERAGE($D$2:$D$554)","=IFERROR(($AT177-G177)/$AT177,0)","=IFERROR(($AU177-D177)/$AU177,0)","=$AU177-D177"
Golf Cart ~ Beachfront ~ Private Balcony,My Vacation Haven,,66383,125006,1021.28,81.25,100,3,3,8,true,false,true,true,true,false,true,Home/Apartment,Condominium (condo),Apt/Condo/Loft,4.7,56,3,21+,Luxury,false,649,true,65,12,2026-05-16,Santa Rosa/Rosemary Beach,Miramar Beach,Miramar Beach,Florida,32550,United States,coastal,https://www.airbnb.com/rooms/32746656,https://a0.muscache.com/im/pictures/prohost-api/Hosting-32746656/original/1c2341dd-905b-4be4-bd45-9ca7611fd69c.jpeg,32746656,84343,30.3711,-86.3331,"=AVERAGE($G$2:$G$554)","=AVERAGE($D$2:$D$554)","=IFERROR(($AT178-G178)/$AT178,0)","=IFERROR(($AU178-D178)/$AU178,0)","=$AU178-D178"
Sunny Sandestin® Resort Home with pool and patio,398322344,,66189,81737,560.92,60.2,321,3,2,8,true,false,false,true,true,false,true,Home/Apartment,House,House/villa,4.95,54,5,2-5,Luxury,true,250,true,118,14,2025-06-04,Santa Rosa/Rosemary Beach,Miramar Beach,Miramar Beach,Florida,32550,United States,coastal,https://www.airbnb.com/rooms/49384772,https://a0.muscache.com/im/pictures/prohost-api/Hosting-49384772/original/999887dd-6ad6-474f-82fc-f043e37a935e.jpeg,49384772,1291933,30.3817634583,-86.3404693604,"=AVERAGE($G$2:$G$554)","=AVERAGE($D$2:$D$554)","=IFERROR(($AT179-G179)/$AT179,0)","=IFERROR(($AU179-D179)/$AU179,0)","=$AU179-D179"
The Crescent 111,Scenic Stays,,65541,89521,712.4,62.59,240,3,3,10,true,true,true,true,true,false,true,Home/Apartment,Condominium (condo),Apt/Condo/Loft,4.85,5,3,21+,Luxury,false,376,true,92,21,2026-05-11,Santa Rosa/Rosemary Beach,Miramar Beach,Miramar Beach,Florida,32550,United States,coastal,https://www.airbnb.com/rooms/1061735308623938826,https://a0.muscache.com/im/pictures/prohost-api/Hosting-1061735308623938826/original/8bb1d40e-d0e1-4a1a-8052-b23a44444eeb.jpeg,1061735308623938826,3711923,30.37556,-86.35765,"=AVERAGE($G$2:$G$554)","=AVERAGE($D$2:$D$554)","=IFERROR(($AT180-G180)/$AT180,0)","=IFERROR(($AU180-D180)/$AU180,0)","=$AU180-D180"
Majestic Sun 601B,Beach Reunion,,65419,74367,499.38,60.93,280,3,3,10,true,false,false,false,true,false,false,Home/Apartment,Condominium (condo),Apt/Condo/Loft,4.8,13,3,21+,Luxury,false,550,true,131,27,2026-05-16,Santa Rosa/Rosemary Beach,Miramar Beach,Miramar Beach,Florida,32550,United States,coastal,https://www.airbnb.com/rooms/1079846663475525070,https://a0.muscache.com/im/pictures/prohost-api/Hosting-1079846663475525070/original/e9401925-d14c-4d1b-9168-c443ec81c4b2.png,1079846663475525070,3608732,30.3755576421,-86.3682796465,"=AVERAGE($G$2:$G$554)","=AVERAGE($D$2:$D$554)","=IFERROR(($AT181-G181)/$AT181,0)","=IFERROR(($AU181-D181)/$AU181,0)","=$AU181-D181"
Golf Cart ~ Beach Front ~ Balcony,My Vacation Haven,,65324,115839,717.85,56.52,196,3,3,8,true,false,true,true,true,false,true,Home/Apartment,Condominium (condo),Apt/Condo/Loft,4.8,62,3,21+,Luxury,false,720,true,91,20,2026-05-13,Santa Rosa/Rosemary Beach,Miramar Beach,Miramar Beach,Florida,32550,United States,coastal,https://www.airbnb.com/rooms/32756259,https://a0.muscache.com/im/pictures/prohost-api/Hosting-32756259/original/5a4dcced-96d1-4196-8dac-834d45a7a01d.jpeg,32756259,1333465,30.371,-86.3337,"=AVERAGE($G$2:$G$554)","=AVERAGE($D$2:$D$554)","=IFERROR(($AT182-G182)/$AT182,0)","=IFERROR(($AU182-D182)/$AU182,0)","=$AU182-D182"
Luxury Oceanfront Retreat in Sandestin,192933179,,65213,112306,846.92,57.46,166,3,2,6,true,true,true,true,true,false,true,Home/Apartment,Condominium (condo),Apt/Condo/Loft,5,69,2,1,Luxury,true,250,false,77,18,2026-05-11,Santa Rosa/Rosemary Beach,Miramar Beach,Miramar Beach,Florida,32550,United States,coastal,https://www.airbnb.com/rooms/25585488,https://a0.muscache.com/im/pictures/48412656-40e7-4c0b-9aac-dde1c6f1bcbc.jpg,25585488,1402654,30.3702,-86.3312,"=AVERAGE($G$2:$G$554)","=AVERAGE($D$2:$D$554)","=IFERROR(($AT183-G183)/$AT183,0)","=IFERROR(($AU183-D183)/$AU183,0)","=$AU183-D183"
Book Me Baby! Beauty And The Beach,Pinkie,,65126,80401,757.28,50.59,170,3,3,8,true,true,true,true,true,false,true,Home/Apartment,Condominium (condo),Apt/Condo/Loft,4.9,18,2,21+,Luxury,false,880,true,86,20,2026-01-18,Santa Rosa/Rosemary Beach,Miramar Beach,Miramar Beach,Florida,32550,United States,coastal,https://www.airbnb.com/rooms/1023130859858420482,https://a0.muscache.com/im/pictures/prohost-api/Hosting-1023130859858420482/original/7f8154fc-e883-483b-b463-00c6752d301f.png,1023130859858420482,3700047,30.37651,-86.36682,"=AVERAGE($G$2:$G$554)","=AVERAGE($D$2:$D$554)","=IFERROR(($AT184-G184)/$AT184,0)","=IFERROR(($AU184-D184)/$AU184,0)","=$AU184-D184"
Charming Beach House - Private Pool & 2 GOLF CARTS,Beach Blue Properties,,64773,83976,863.64,64.66,219,4,2,8,true,true,false,true,true,false,true,Home/Apartment,House,House/villa,5,1,3,21+,Luxury,false,595,true,75,8,2026-05-15,Santa Rosa/Rosemary Beach,Miramar Beach,Miramar Beach,Florida,32550,United States,coastal,https://www.airbnb.com/rooms/1440724528905128867,https://a0.muscache.com/im/pictures/prohost-api/Hosting-1440724528905128867/original/f731dc29-f9ee-411c-b2dc-afb3074399c4.jpeg,1440724528905128867,4621008,30.3803,-86.3323,"=AVERAGE($G$2:$G$554)","=AVERAGE($D$2:$D$554)","=IFERROR(($AT185-G185)/$AT185,0)","=IFERROR(($AU185-D185)/$AU185,0)","=$AU185-D185"
"2 Free Beach SRVCs= 4 Chairs& 2 Umbrellas!! Sports Deck w/Pickleball CRT!",,,64390,87340,596.2,55.67,267,3,3,12,true,true,true,true,true,false,true,Home/Apartment,Condominium (condo),Apt/Condo/Loft,4.8,60,7,21+,Luxury,false,269,true,108,23,2026-05-15,Santa Rosa/Rosemary Beach,Miramar Beach,Miramar Beach,Florida,32550,United States,coastal,https://www.vrbo.com/12408,"https://media.vrbo.com/lodging/22000000/21640000/21637300/21637292/a12d7458.jpg?impolicy=resizecrop&rw=1200&ra=fit",,12408,30.376085,-86.366372,"=AVERAGE($G$2:$G$554)","=AVERAGE($D$2:$D$554)","=IFERROR(($AT186-G186)/$AT186,0)","=IFERROR(($AU186-D186)/$AU186,0)","=$AU186-D186"
Beachfront Updated Penthouse ~ Golf Cart,My Vacation Haven,,63289,139657,843.85,61.98,145,3,3,10,true,false,true,true,true,false,true,Home/Apartment,Condominium (condo),Apt/Condo/Loft,4.5,62,3,21+,Luxury,false,616,true,75,16,2026-05-17,Santa Rosa/Rosemary Beach,Miramar Beach,Miramar Beach,Florida,32550,United States,coastal,https://www.airbnb.com/rooms/23760774,https://a0.muscache.com/im/pictures/prohost-api/Hosting-23760774/original/ea3bbb60-3e38-42cb-a3b0-3e6235ff0099.jpeg,23760774,1272348,30.3712,-86.3338,"=AVERAGE($G$2:$G$554)","=AVERAGE($D$2:$D$554)","=IFERROR(($AT187-G187)/$AT187,0)","=IFERROR(($AU187-D187)/$AU187,0)","=$AU187-D187"
Beachfront ~ Private Balcony ~ Golf Cart,My Vacation Haven,,62912,175108,776.69,58.27,165,3,3,11,true,false,true,true,true,false,true,Home/Apartment,Condominium (condo),Apt/Condo/Loft,4.9,10,3,21+,Luxury,false,660,true,81,15,2026-05-11,Santa Rosa/Rosemary Beach,Miramar Beach,Miramar Beach,Florida,32550,United States,coastal,https://www.airbnb.com/rooms/1018721016713703341,https://a0.muscache.com/im/pictures/prohost-api/Hosting-1018721016713703341/original/c7f70392-6210-4a14-9ca8-6c5acd584b62.jpeg,1018721016713703341,3658267,30.3714,-86.3336,"=AVERAGE($G$2:$G$554)","=AVERAGE($D$2:$D$554)","=IFERROR(($AT188-G188)/$AT188,0)","=IFERROR(($AU188-D188)/$AU188,0)","=$AU188-D188"
Beach Manor 712 - hard-to-find gulf & beachfront 3,Gibson Beach Rentals,,62137,77472,698.17,81.65,116,3,3,8,true,true,true,true,true,false,true,Home/Apartment,Condominium (condo),Apt/Condo/Loft,4.6,86,1,21+,Luxury,true,436,true,89,19,2025-11-11,Santa Rosa/Rosemary Beach,Miramar Beach,Miramar Beach,Florida,32550,United States,coastal,https://www.airbnb.com/rooms/23701425,https://a0.muscache.com/im/pictures/prohost-api/Hosting-23701425/original/a023d8e0-aa15-45e3-b82a-4c75c3726415.jpeg,23701425,755795,30.36948,-86.32539,"=AVERAGE($G$2:$G$554)","=AVERAGE($D$2:$D$554)","=IFERROR(($AT189-G189)/$AT189,0)","=IFERROR(($AU189-D189)/$AU189,0)","=$AU189-D189"
The Crescent 313,Scenic Stays,,60952,90614,628.37,62.18,241,3,3,10,true,true,true,true,true,false,true,Home/Apartment,Condominium (condo),Apt/Condo/Loft,4.5,19,3,21+,Luxury,false,511,true,97,18,2026-05-11,Santa Rosa/Rosemary Beach,Miramar Beach,Miramar Beach,Florida,32550,United States,coastal,https://www.airbnb.com/rooms/798481681165087624,https://a0.muscache.com/im/pictures/prohost-api/Hosting-798481681165087624/original/b462a596-04fb-4d5a-8780-2355978452c7.jpeg,798481681165087624,3138395,30.37515,-86.35705,"=AVERAGE($G$2:$G$554)","=AVERAGE($D$2:$D$554)","=IFERROR(($AT190-G190)/$AT190,0)","=IFERROR(($AU190-D190)/$AU190,0)","=$AU190-D190"
Apres Sea | upgraded home w/ private pool,Southern Vacation Rentals by Vtrips,,60810,80037,626.91,56.07,302,3,2,6,true,false,false,true,true,false,true,Home/Apartment,House,House/villa,4.3,20,3,21+,Luxury,false,426,true,97,18,2026-05-11,Santa Rosa/Rosemary Beach,Miramar Beach,Miramar Beach,Florida,32550,United States,coastal,https://www.airbnb.com/rooms/660088426635396811,https://a0.muscache.com/im/pictures/prohost-api/Hosting-660088426635396811/original/e8dd1d45-fb65-4e30-87f5-ab1487f77309.jpeg,660088426635396811,2347718,30.38237,-86.39635,"=AVERAGE($G$2:$G$554)","=AVERAGE($D$2:$D$554)","=IFERROR(($AT191-G191)/$AT191,0)","=IFERROR(($AU191-D191)/$AU191,0)","=$AU191-D191"
"Low Cay | Gulf Views, 4 Bikes, Beach Chairs",Southern Vacation Rentals by Vtrips,,60145,94047,646.72,42.86,232,3,3,10,true,false,false,true,true,true,true,Home/Apartment,House,House/villa,4.9,13,3,21+,Luxury,false,537,true,93,23,2026-05-13,Santa Rosa/Rosemary Beach,Miramar Beach,Miramar Beach,Florida,32550,United States,coastal,https://www.airbnb.com/rooms/955698658551215957,https://a0.muscache.com/im/pictures/prohost-api/Hosting-955698658551215957/original/844adc49-47b7-4640-8db9-423f336f9a12.jpeg,955698658551215957,3554911,30.37386,-86.34866,"=AVERAGE($G$2:$G$554)","=AVERAGE($D$2:$D$554)","=IFERROR(($AT192-G192)/$AT192,0)","=IFERROR(($AU192-D192)/$AU192,0)","=$AU192-D192"
Gulf-Front Townhouse Miramar Beach Stunning Views,MBDestinations,,60046,88288,953.11,71.59,106,4,3,14,true,false,false,true,true,false,false,Home/Apartment,Townhouse,Apt/Condo/Loft,4.9,8,100,21+,Luxury,true,395,true,63,18,2025-10-02,Santa Rosa/Rosemary Beach,Miramar Beach,Miramar Beach,Florida,32550,United States,coastal,https://www.airbnb.com/rooms/1414816689252951351,https://a0.muscache.com/im/pictures/prohost-api/Hosting-1414816689252951351/original/3d28409f-0ed3-4b70-8312-99aa60e146fb.jpeg,1414816689252951351,4621239,30.3773256,-86.381453,"=AVERAGE($G$2:$G$554)","=AVERAGE($D$2:$D$554)","=IFERROR(($AT193-G193)/$AT193,0)","=IFERROR(($AU193-D193)/$AU193,0)","=$AU193-D193"
Fully Remodeled Modern Condo ~ Golf Cart,My Vacation Haven,,59989,104565,856.99,44.03,263,3,3,9,true,false,true,true,true,false,true,Home/Apartment,Condominium (condo),Apt/Condo/Loft,4.7,35,3,21+,Luxury,false,719,true,70,13,2026-05-13,Santa Rosa/Rosemary Beach,Miramar Beach,Miramar Beach,Florida,32550,United States,coastal,https://www.airbnb.com/rooms/32756659,https://a0.muscache.com/im/pictures/prohost-api/Hosting-32756659/original/e01c9d92-8e39-49ae-b7b1-c4ec58ba7caf.jpeg,32756659,349099,30.3711,-86.3331,"=AVERAGE($G$2:$G$554)","=AVERAGE($D$2:$D$554)","=IFERROR(($AT194-G194)/$AT194,0)","=IFERROR(($AU194-D194)/$AU194,0)","=$AU194-D194"
Luau Tower -  2 connected condos in Sandestin!,425198411,,59831,63464,787.25,48.1,198,3,2,9,true,false,true,true,true,false,true,Home/Apartment,Condominium (condo),Apt/Condo/Loft,3.5,5,2,6-20,Luxury,false,284,true,76,20,2025-09-02,Santa Rosa/Rosemary Beach,Miramar Beach,Miramar Beach,Florida,32550,United States,coastal,https://www.airbnb.com/rooms/771622750317224662,https://a0.muscache.com/im/pictures/prohost-api/Hosting-771622750317224662/original/70123c7f-d461-433f-9d34-0a130a343663.jpeg,771622750317224662,3134208,30.37261,-86.32867,"=AVERAGE($G$2:$G$554)","=AVERAGE($D$2:$D$554)","=IFERROR(($AT195-G195)/$AT195,0)","=IFERROR(($AU195-D195)/$AU195,0)","=$AU195-D195"
Costa Del Sol C1 Updated Beachfront w/Bch Service,Benchmark 30A,,59562,68304,578.27,62.42,165,3,3,8,true,true,false,true,true,false,false,Home/Apartment,Townhouse,Apt/Condo/Loft,4.35,12,3,21+,Luxury,false,306,true,103,27,2025-09-17,Santa Rosa/Rosemary Beach,Miramar Beach,Miramar Beach,Florida,32550,United States,coastal,https://www.airbnb.com/rooms/1308004389720101465,https://a0.muscache.com/im/pictures/prohost-api/Hosting-1308004389720101465/original/85669666-2b2c-4399-ace3-f2b0ed9e1fe1.jpeg,1308004389720101465,4323299,30.37727,-86.38157,"=AVERAGE($G$2:$G$554)","=AVERAGE($D$2:$D$554)","=IFERROR(($AT196-G196)/$AT196,0)","=IFERROR(($AU196-D196)/$AU196,0)","=$AU196-D196"
Oceanic Oasis,120064078,,57964,60610,376.39,54.8,351,3,2,10,true,false,true,true,true,false,true,Home/Apartment,Apartment,Apt/Condo/Loft,4.9,6,1,1,Luxury,false,185,false,154,33,2024-03-01,Santa Rosa/Rosemary Beach,Miramar Beach,Miramar Beach,Florida,32550,United States,coastal,https://www.airbnb.com/rooms/733049423377305741,"https://a0.muscache.com/im/pictures/miso/Hosting-733049423377305741/original/19740eb4-c17d-4a8e-8172-f71067bbbd91.jpeg?aki_policy=x_large",733049423377305741,4160810,30.3759023077,-86.3604674927,"=AVERAGE($G$2:$G$554)","=AVERAGE($D$2:$D$554)","=IFERROR(($AT197-G197)/$AT197,0)","=IFERROR(($AU197-D197)/$AU197,0)","=$AU197-D197"
Incredible Gulf Views from the 18th Floor! 4835 W,Platinum Vacations of Destin,,56621,76052,636.19,50,235,3,3,8,true,true,false,true,true,false,true,Home/Apartment,Condominium (condo),Apt/Condo/Loft,4.9,86,3,21+,Luxury,true,524,true,89,15,2026-05-11,Santa Rosa/Rosemary Beach,Miramar Beach,Miramar Beach,Florida,32550,United States,coastal,https://www.airbnb.com/rooms/1176959894401106877,https://a0.muscache.com/im/pictures/prohost-api/Hosting-1176959894401106877/original/81145da4-e11f-4204-a3ab-c6a5c4cd8900.jpeg,1176959894401106877,1021848,30.371,-86.3337,"=AVERAGE($G$2:$G$554)","=AVERAGE($D$2:$D$554)","=IFERROR(($AT198-G198)/$AT198,0)","=IFERROR(($AU198-D198)/$AU198,0)","=$AU198-D198"
Beach House 702A - Gulf Front Resort!,Radiant Resort Properties,,56555,72286,673.27,80,105,3,3,7,true,true,false,true,true,false,true,Home/Apartment,Condominium (condo),Apt/Condo/Loft,0,0,7,6-20,Luxury,false,690,true,84,12,2026-05-15,Santa Rosa/Rosemary Beach,Miramar Beach,Miramar Beach,Florida,32550,United States,coastal,https://www.vrbo.com/4332272,"https://media.vrbo.com/lodging/112000000/111490000/111489900/111489823/d2edc6e8.jpg?impolicy=resizecrop&rw=1200&ra=fit",,4332272,30.374603,-86.360583,"=AVERAGE($G$2:$G$554)","=AVERAGE($D$2:$D$554)","=IFERROR(($AT199-G199)/$AT199,0)","=IFERROR(($AU199-D199)/$AU199,0)","=$AU199-D199"
"Gulf Front, Private Heated Pool, Chef's Kitchen",541830524,,56287,133262,1407.17,37.04,258,4,4,12,true,false,false,true,true,false,true,Home/Apartment,House,House/villa,4.8,63,3,1,Luxury,false,525,false,40,8,2026-05-11,Santa Rosa/Rosemary Beach,Miramar Beach,Miramar Beach,Florida,32550,United States,coastal,https://www.airbnb.com/rooms/1094948512612072880,https://a0.muscache.com/im/pictures/miso/Hosting-1094948512612072880/original/84c24cdb-acbe-4987-afa4-586a3010c55e.jpeg,1094948512612072880,2053976,30.3766,-86.3763,"=AVERAGE($G$2:$G$554)","=AVERAGE($D$2:$D$554)","=IFERROR(($AT200-G200)/$AT200,0)","=IFERROR(($AU200-D200)/$AU200,0)","=$AU200-D200"
Gulf View Condo-Short Walk 2 Beach-Lakefront Pool,Glass Casa,,55262,73421,812.68,51.91,258,3,3,10,true,true,false,true,true,false,true,Home/Apartment,Condominium (condo),Apt/Condo/Loft,4.6,81,1,21+,Luxury,true,1034,true,68,10,2026-05-13,Santa Rosa/Rosemary Beach,Miramar Beach,Miramar Beach,Florida,32550,United States,coastal,https://www.airbnb.com/rooms/864557408127715400,https://a0.muscache.com/im/pictures/prohost-api/Hosting-864557408127715400/original/391c25c6-e98e-4b2d-bd2c-77479e1074b4.jpeg,864557408127715400,291393,30.3763,-86.3701,"=AVERAGE($G$2:$G$554)","=AVERAGE($D$2:$D$554)","=IFERROR(($AT201-G201)/$AT201,0)","=IFERROR(($AU201-D201)/$AU201,0)","=$AU201-D201"
Stunning panoramic views from this 3 bedroom,Newman-Dailey,,55124,77743,697.77,45.14,261,3,2,10,true,false,false,true,true,false,true,Home/Apartment,Condominium (condo),Apt/Condo/Loft,4.8,31,1,21+,Luxury,true,490,true,79,19,2026-05-11,Santa Rosa/Rosemary Beach,Miramar Beach,Miramar Beach,Florida,32550,United States,coastal,https://www.airbnb.com/rooms/48750107,https://a0.muscache.com/im/pictures/prohost-api/Hosting-48750107/original/47538db3-ff01-409c-91e6-c8e79f78a600.jpeg,48750107,9488750ha,30.3735,-86.3514,"=AVERAGE($G$2:$G$554)","=AVERAGE($D$2:$D$554)","=IFERROR(($AT202-G202)/$AT202,0)","=IFERROR(($AU202-D202)/$AU202,0)","=$AU202-D202"
Destin BeachSun 2min to beach com pool,4897086,,52479,65183,596.35,49.72,326,3,3,13,true,false,false,true,true,true,true,Home/Apartment,Vacation home,House/villa,4.9,52,3,6-20,Luxury,true,360,false,88,16,2026-05-16,Santa Rosa/Rosemary Beach,Miramar Beach,Miramar Beach,Florida,32550,United States,coastal,https://www.airbnb.com/rooms/41474003,https://a0.muscache.com/im/pictures/f33cfa7a-c36d-4b3c-b868-adbc7f487a72.jpg,41474003,9329069ha,30.3784,-86.378,"=AVERAGE($G$2:$G$554)","=AVERAGE($D$2:$D$554)","=IFERROR(($AT203-G203)/$AT203,0)","=IFERROR(($AU203-D203)/$AU203,0)","=$AU203-D203"
"Pool, Pickleball/Tennis, Uncrowded Beach",8868729,,52241,74334,614.6,42.71,217,3,3,8,true,true,false,true,true,false,true,Home/Apartment,Condominium (condo),Apt/Condo/Loft,4.95,65,3,2-5,Luxury,false,315,false,85,18,2026-05-13,Santa Rosa/Rosemary Beach,Miramar Beach,Miramar Beach,Florida,32550,United States,coastal,https://www.airbnb.com/rooms/732020435950802603,https://a0.muscache.com/im/pictures/miso/Hosting-732020435950802603/original/18ac95b2-66b1-4c53-9010-7e5f54e709e3.jpeg,732020435950802603,3052907,30.37507,-86.3612,"=AVERAGE($G$2:$G$554)","=AVERAGE($D$2:$D$554)","=IFERROR(($AT204-G204)/$AT204,0)","=IFERROR(($AU204-D204)/$AU204,0)","=$AU204-D204"
Live It Well,Five Star Gulf Rentals,,51701,134145,1723.37,100,56,6,6,16,true,false,true,true,true,false,true,Home/Apartment,House,House/villa,4.7,14,3,21+,Luxury,false,1213,true,30,4,2025-10-03,Santa Rosa/Rosemary Beach,Miramar Beach,Miramar Beach,Florida,32550,United States,coastal,https://www.airbnb.com/rooms/36140531,https://a0.muscache.com/im/pictures/prohost-api/Hosting-36140531/original/08b82e68-543c-4c6d-849b-205da4160f8d.jpeg,36140531,1680298,30.3728256226,-86.3381500244,"=AVERAGE($G$2:$G$554)","=AVERAGE($D$2:$D$554)","=IFERROR(($AT205-G205)/$AT205,0)","=IFERROR(($AU205-D205)/$AU205,0)","=$AU205-D205"
Stunning Gulf-Front Getaway!  Private Beach & Infinity Pool,,,51566,281898,2455.52,39.62,207,6,6,21,true,false,true,true,true,false,true,Home/Apartment,House,House/villa,4.9,61,5,1,Luxury,false,450,true,21,3,2026-05-13,Santa Rosa/Rosemary Beach,Miramar Beach,Miramar Beach,Florida,32550,United States,coastal,https://www.vrbo.com/1282595,"https://media.vrbo.com/lodging/27000000/26970000/26968600/26968515/c8eb4a47.jpg?impolicy=resizecrop&rw=1200&ra=fit",,1282595,30.370939,-86.337656,"=AVERAGE($G$2:$G$554)","=AVERAGE($D$2:$D$554)","=IFERROR(($AT206-G206)/$AT206,0)","=IFERROR(($AU206-D206)/$AU206,0)","=$AU206-D206"
"Paradis - Gulf Front, Heated Private Pool, Free Beach Service + Bikes!",Ocean Reed Resorts,,50863,50863,1816.54,27.18,103,5,5,14,true,false,false,true,true,false,true,Home/Apartment,House,House/villa,4.3,12,1,21+,Luxury,false,560,false,28,4,2025-01-12,Santa Rosa/Rosemary Beach,Miramar Beach,Miramar Beach,Florida,32550,United States,coastal,https://www.vrbo.com/2075539,"https://media.vrbo.com/lodging/59000000/58310000/58303700/58303623/f5970d48.jpg?impolicy=resizecrop&rw=1200&ra=fit",,2075539,30.374808,-86.361971,"=AVERAGE($G$2:$G$554)","=AVERAGE($D$2:$D$554)","=IFERROR(($AT207-G207)/$AT207,0)","=IFERROR(($AU207-D207)/$AU207,0)","=$AU207-D207"
"Newly Renovated! It's Abut Time-10 Bdrm, Gulf Fron",Modern Beach Vacation Rentals,,50813,131632,2540.65,83.33,55,10,11,16,true,true,false,true,false,false,true,Home/Apartment,House,House/villa,5,2,1,21+,Luxury,false,2290,true,20,3,2026-05-13,Santa Rosa/Rosemary Beach,Miramar Beach,Miramar Beach,Florida,32550,United States,coastal,https://www.airbnb.com/rooms/1531181492060186435,https://a0.muscache.com/im/pictures/hosting/Hosting-1531181492060186435/original/b04fbc92-1cd2-4fb6-a295-857b0d450c7b.jpeg,1531181492060186435,4888531,30.3748,-86.3613,"=AVERAGE($G$2:$G$554)","=AVERAGE($D$2:$D$554)","=IFERROR(($AT208-G208)/$AT208,0)","=IFERROR(($AU208-D208)/$AU208,0)","=$AU208-D208"
Majestic Sun A701 luxurious corner 3 bed 3 bath with ocean views from 2 sides!,,,50175,59539,570.17,53.33,202,3,3,8,true,true,true,true,true,false,true,Home/Apartment,Condominium (condo),Apt/Condo/Loft,4.9,77,5,1,Luxury,false,255,true,88,13,2026-05-16,Santa Rosa/Rosemary Beach,Miramar Beach,Miramar Beach,Florida,32550,United States,coastal,https://www.vrbo.com/595890,"https://media.vrbo.com/lodging/34000000/33740000/33732000/33731941/e0070bbf.jpg?impolicy=resizecrop&rw=1200&ra=fit",,595890,30.375985,-86.36842,"=AVERAGE($G$2:$G$554)","=AVERAGE($D$2:$D$554)","=IFERROR(($AT209-G209)/$AT209,0)","=IFERROR(($AU209-D209)/$AU209,0)","=$AU209-D209"
Corner Unit Amazing Panoramic View of Gulf of Mexico Short Distance To The Beach,,,50119,64287,634.42,36.74,302,3,3,10,true,true,false,true,true,false,true,Home/Apartment,Condominium (condo),Apt/Condo/Loft,5,3,3,1,Luxury,false,249,true,79,20,2026-05-01,Santa Rosa/Rosemary Beach,Miramar Beach,Miramar Beach,Florida,32550,United States,coastal,https://www.vrbo.com/2563951,"https://media.vrbo.com/lodging/74000000/73280000/73278000/73277921/23648695.jpg?impolicy=resizecrop&rw=1200&ra=fit",,2563951,30.381012,-86.366325,"=AVERAGE($G$2:$G$554)","=AVERAGE($D$2:$D$554)","=IFERROR(($AT210-G210)/$AT210,0)","=IFERROR(($AU210-D210)/$AU210,0)","=$AU210-D210"
Condo in Emerald Coast. Miramar!,573746774,,48353,53823,514.39,41.05,291,3,2,8,true,false,true,true,true,false,true,Home/Apartment,Apartment,Apt/Condo/Loft,4.9,18,1,1,Luxury,false,220,false,94,20,2025-03-26,Santa Rosa/Rosemary Beach,Miramar Beach,Miramar Beach,Florida,32550,United States,coastal,https://www.airbnb.com/rooms/1140828600104172631,https://a0.muscache.com/im/pictures/miso/Hosting-1140828600104172631/original/3af74827-315c-4cdd-8a25-05e86a5588f0.png,1140828600104172631,4341657,30.3746278213,-86.3611951847,"=AVERAGE($G$2:$G$554)","=AVERAGE($D$2:$D$554)","=IFERROR(($AT211-G211)/$AT211,0)","=IFERROR(($AU211-D211)/$AU211,0)","=$AU211-D211"
Endless Views Summit Newly Renovated 3 Bedrooms!,140072914,,47594,101779,594.92,74.77,187,3,3,8,true,false,false,true,true,false,true,Home/Apartment,Condominium (condo),Apt/Condo/Loft,5,13,3,6-20,Luxury,true,298,true,80,18,2026-05-13,Santa Rosa/Rosemary Beach,Miramar Beach,Miramar Beach,Florida,32550,United States,coastal,https://www.airbnb.com/rooms/54367748,https://a0.muscache.com/im/pictures/miso/Hosting-54238160/original/defea396-770c-4efc-8ca1-126860537db4.jpeg,54367748,2481526,30.37026,-86.32476,"=AVERAGE($G$2:$G$554)","=AVERAGE($D$2:$D$554)","=IFERROR(($AT212-G212)/$AT212,0)","=IFERROR(($AU212-D212)/$AU212,0)","=$AU212-D212"
"Free Seasonal Beach Service, Large Villa, Ground",Newman-Dailey,,46159,62357,641.1,48.32,271,3,3,7,true,false,true,true,true,false,true,Home/Apartment,Condominium (condo),Apt/Condo/Loft,4.75,4,1,21+,Luxury,true,437,true,72,13,2026-05-11,Santa Rosa/Rosemary Beach,Miramar Beach,Miramar Beach,Florida,32550,United States,coastal,https://www.airbnb.com/rooms/48750528,https://a0.muscache.com/im/pictures/prohost-api/Hosting-48750528/original/6d4ce89c-0a48-445a-9efb-fd545409499a.jpeg,48750528,4556463ha,30.3735,-86.3395,"=AVERAGE($G$2:$G$554)","=AVERAGE($D$2:$D$554)","=IFERROR(($AT213-G213)/$AT213,0)","=IFERROR(($AU213-D213)/$AU213,0)","=$AU213-D213"
Beachfront ~ Gulf Views ~ Seasonally Heated Pool,My Vacation Haven,,45249,95639,780.16,57.43,136,3,3,7,true,false,true,true,true,false,true,Home/Apartment,Condominium (condo),Apt/Condo/Loft,4.7,20,3,21+,Luxury,false,592,true,58,12,2026-05-16,Santa Rosa/Rosemary Beach,Miramar Beach,Miramar Beach,Florida,32550,United States,coastal,https://www.airbnb.com/rooms/32757175,https://a0.muscache.com/im/pictures/prohost-api/Hosting-32757175/original/0caac334-ac34-4944-93fc-b5ca81f4e97c.jpeg,32757175,1555597,30.3712,-86.3338,"=AVERAGE($G$2:$G$554)","=AVERAGE($D$2:$D$554)","=IFERROR(($AT214-G214)/$AT214,0)","=IFERROR(($AU214-D214)/$AU214,0)","=$AU214-D214"
FREE Beach Service *Private Beach Access * Pool *,Venture Found Vacation Rentals,,45169,56915,654.62,50.74,147,3,3,9,true,false,false,true,true,true,true,Home/Apartment,House,House/villa,4.65,6,2,21+,Luxury,false,0,true,69,18,2025-07-01,Santa Rosa/Rosemary Beach,Miramar Beach,Miramar Beach,Florida,32550,United States,coastal,https://www.airbnb.com/rooms/1316114138949061014,https://a0.muscache.com/im/pictures/prohost-api/Hosting-1316114138949061014/original/c7ffc829-6027-4b54-8c03-2dd91167d41b.png,1316114138949061014,4352123,30.377730756,-86.3772435864,"=AVERAGE($G$2:$G$554)","=AVERAGE($D$2:$D$554)","=IFERROR(($AT215-G215)/$AT215,0)","=IFERROR(($AU215-D215)/$AU215,0)","=$AU215-D215"
"Beachfront 3br, 2 Masters w/Dazzling 16th Flr View",Skis and Seas Vacation Rentals,,44997,56083,681.77,39.76,282,3,3,8,true,true,false,true,false,false,true,Home/Apartment,Apartment,Apt/Condo/Loft,4.45,37,2,21+,Luxury,true,300,true,66,13,2026-05-17,Santa Rosa/Rosemary Beach,Miramar Beach,Miramar Beach,Florida,32550,United States,coastal,https://www.airbnb.com/rooms/35043760,https://a0.muscache.com/im/pictures/prohost-api/Hosting-35043760/original/309de1bc-9116-46e1-83d9-fd6ce0161ea1.jpeg,35043760,982786,30.3709,-86.3337,"=AVERAGE($G$2:$G$554)","=AVERAGE($D$2:$D$554)","=IFERROR(($AT216-G216)/$AT216,0)","=IFERROR(($AU216-D216)/$AU216,0)","=$AU216-D216"
Stunning Gulf Front! Private Pool & Beach Access |,Modern Beach Vacation Rentals,,44662,177935,1440.71,70.45,119,4,4,8,true,false,false,true,true,false,true,Home/Apartment,House,House/villa,4.8,32,1,21+,Luxury,false,1019,true,31,5,2026-05-16,Santa Rosa/Rosemary Beach,Miramar Beach,Miramar Beach,Florida,32550,United States,coastal,https://www.airbnb.com/rooms/818281621833610303,https://a0.muscache.com/im/pictures/prohost-api/Hosting-818281621833610303/original/432b9bec-f061-4ced-8715-2315bd46999f.jpeg,818281621833610303,3205898,30.3717,-86.3411,"=AVERAGE($G$2:$G$554)","=AVERAGE($D$2:$D$554)","=IFERROR(($AT217-G217)/$AT217,0)","=IFERROR(($AU217-D217)/$AU217,0)","=$AU217-D217"
Spacious Pool View Villa Near Beach,Newman-Dailey,,44051,76214,734.18,82.19,158,3,4,8,true,false,true,true,true,false,true,Home/Apartment,Condominium (condo),Apt/Condo/Loft,5,2,3,21+,Luxury,true,490,true,60,10,2026-05-16,Santa Rosa/Rosemary Beach,Miramar Beach,Miramar Beach,Florida,32550,United States,coastal,https://www.airbnb.com/rooms/53624165,https://a0.muscache.com/im/pictures/prohost-api/Hosting-53624165/original/6adf5a29-05e9-45fb-8a98-5c42b7454c85.jpeg,53624165,4495686ha,30.3735,-86.3394,"=AVERAGE($G$2:$G$554)","=AVERAGE($D$2:$D$554)","=IFERROR(($AT218-G218)/$AT218,0)","=IFERROR(($AU218-D218)/$AU218,0)","=$AU218-D218"
Sea Turtle Lodge 402 - Gulf Front! Rooftop Pool!,360 Blue,,43597,127839,1178.3,58.73,63,3,3,8,true,false,false,true,true,false,false,Home/Apartment,House,House/villa,0,0,3,21+,Luxury,false,767,true,37,7,2025-10-30,Santa Rosa/Rosemary Beach,Miramar Beach,Miramar Beach,Florida,32550,United States,coastal,https://www.airbnb.com/rooms/1302920222467884586,https://a0.muscache.com/im/pictures/prohost-api/Hosting-1302920222467884586/original/029a4a3b-8d90-4566-8821-406d59fa7bec.jpeg,1302920222467884586,,30.3788772653,-86.380073176,"=AVERAGE($G$2:$G$554)","=AVERAGE($D$2:$D$554)","=IFERROR(($AT219-G219)/$AT219,0)","=IFERROR(($AU219-D219)/$AU219,0)","=$AU219-D219"
9th Fl Beachfront  Sandestin Condo with Private Beach Access. Beachside 1 4090,Skis and Seas Vacation Rentals,,43196,76874,757.82,53.27,273,3,2,8,true,true,true,true,true,false,true,Home/Apartment,Condominium (condo),Apt/Condo/Loft,4.9,49,4,21+,Luxury,false,250,true,57,10,2026-05-17,Santa Rosa/Rosemary Beach,Miramar Beach,Miramar Beach,Florida,32550,United States,coastal,https://www.vrbo.com/469684,"https://media.vrbo.com/lodging/23000000/22220000/22210300/22210207/19670fac.jpg?impolicy=resizecrop&rw=1200&ra=fit",,469684,30.37016,-86.33116,"=AVERAGE($G$2:$G$554)","=AVERAGE($D$2:$D$554)","=IFERROR(($AT220-G220)/$AT220,0)","=IFERROR(($AU220-D220)/$AU220,0)","=$AU220-D220"
"New Beachfront Home, Amazing View, Pool, Hot Tub!",103143767,,42356,76557,1841.57,100,100,4,4,14,true,false,true,true,true,false,true,Home/Apartment,House,House/villa,4.8,17,3,2-5,Luxury,true,795,false,23,2,2026-05-13,Santa Rosa/Rosemary Beach,Miramar Beach,Miramar Beach,Florida,32550,United States,coastal,https://www.airbnb.com/rooms/1590626035176221207,https://a0.muscache.com/im/pictures/prohost-api/Hosting-1590626035176221207/original/569cbea9-328e-4347-95f4-5e120b3a350a.jpeg,1590626035176221207,5001439,30.3706,-86.3385,"=AVERAGE($G$2:$G$554)","=AVERAGE($D$2:$D$554)","=IFERROR(($AT221-G221)/$AT221,0)","=IFERROR(($AU221-D221)/$AU221,0)","=$AU221-D221"
"Gorgeous 3-bd, Gulf view, Ariel Dunes II 1910",Seascape Resort,,41890,47641,445.64,47.24,267,3,3,6,true,true,false,true,true,false,true,Home/Apartment,Apartment,Apt/Condo/Loft,3,1,1,21+,Luxury,false,406,true,94,16,2026-05-11,Santa Rosa/Rosemary Beach,Miramar Beach,Miramar Beach,Florida,32550,United States,coastal,https://www.airbnb.com/rooms/1460887351811991089,https://a0.muscache.com/im/pictures/prohost-api/Hosting-1460887351811991089/original/d42fcc4f-9958-4d64-9536-271741faad1b.jpeg,1460887351811991089,4663253,30.3784,-86.3678,"=AVERAGE($G$2:$G$554)","=AVERAGE($D$2:$D$554)","=IFERROR(($AT222-G222)/$AT222,0)","=IFERROR(($AU222-D222)/$AU222,0)","=$AU222-D222"
Spacious 3 BR Condo with Magnificent Beach Views,Coastline Property Management,,40993,73968,672.02,43.26,266,3,3,10,true,true,true,true,true,false,true,Home/Apartment,Condominium (condo),Apt/Condo/Loft,4.9,57,3,21+,Luxury,true,404,false,61,13,2026-05-13,Santa Rosa/Rosemary Beach,Miramar Beach,Miramar Beach,Florida,32550,United States,coastal,https://www.airbnb.com/rooms/1135436751688855734,https://a0.muscache.com/im/pictures/prohost-api/Hosting-1135436751688855734/original/c424f705-67ed-4de1-b0a5-6fa006002478.jpeg,1135436751688855734,2165567,30.371,-86.3338,"=AVERAGE($G$2:$G$554)","=AVERAGE($D$2:$D$554)","=IFERROR(($AT223-G223)/$AT223,0)","=IFERROR(($AU223-D223)/$AU223,0)","=$AU223-D223"
Beachfront ~ Penthouse ~ 2 Balconies,My Vacation Haven,,40515,138776,664.18,75.31,132,3,3,8,true,false,true,true,true,false,true,Home/Apartment,Condominium (condo),Apt/Condo/Loft,4.6,28,3,21+,Luxury,false,640,true,61,10,2026-05-11,Santa Rosa/Rosemary Beach,Miramar Beach,Miramar Beach,Florida,32550,United States,coastal,https://www.airbnb.com/rooms/23265414,https://a0.muscache.com/im/pictures/prohost-api/Hosting-23265414/original/6728ea66-62b7-4374-ad23-f77c1a685ad5.jpeg,23265414,289211,30.3711,-86.3332,"=AVERAGE($G$2:$G$554)","=AVERAGE($D$2:$D$554)","=IFERROR(($AT224-G224)/$AT224,0)","=IFERROR(($AU224-D224)/$AU224,0)","=$AU224-D224"
"As Seen On TV, Private Beach Access, Pool, Villa",488338639,,40107,50163,756.74,32.52,325,3,3,10,true,false,false,true,true,false,true,Home/Apartment,House,House/villa,5,32,5,1,Luxury,true,475,false,53,13,2026-05-16,Santa Rosa/Rosemary Beach,Miramar Beach,Miramar Beach,Florida,32550,United States,coastal,https://www.airbnb.com/rooms/947930267425529675,https://a0.muscache.com/im/pictures/miso/Hosting-947930267425529675/original/cc5fe3e1-9902-4f5e-9c73-dd47a8ae96da.jpeg,947930267425529675,3527122,30.3762,-86.3562,"=AVERAGE($G$2:$G$554)","=AVERAGE($D$2:$D$554)","=IFERROR(($AT225-G225)/$AT225,0)","=IFERROR(($AU225-D225)/$AU225,0)","=$AU225-D225"
Luxury Beach Getaway | Pool Golf Cart Sleeps 12,436440316,,39942,43108,849.83,34.81,195,4,4,12,true,false,false,true,true,true,true,Home/Apartment,House,House/villa,5,1,1,2-5,Luxury,false,376,true,47,10,2026-04-16,Santa Rosa/Rosemary Beach,Miramar Beach,Miramar Beach,Florida,32550,United States,coastal,https://www.airbnb.com/rooms/1433038782738620793,https://a0.muscache.com/im/pictures/hosting/Hosting-1433038782738620793/original/83cb1bc5-c8ce-4989-b55c-1694e53086f4.jpeg,1433038782738620793,11871833ha,30.3917099318,-86.3818537464,"=AVERAGE($G$2:$G$554)","=AVERAGE($D$2:$D$554)","=IFERROR(($AT226-G226)/$AT226,0)","=IFERROR(($AU226-D226)/$AU226,0)","=$AU226-D226"
Stunning Bayview 3-Bedroom 3-Bath Getaway at Sande,Sandestin Golf And Beach Resort,,39127,49174,601.95,31.55,329,3,3,6,true,true,false,true,true,false,true,Home/Apartment,Condominium (condo),Apt/Condo/Loft,5,2,1,21+,Luxury,false,190,true,65,18,2026-05-16,Santa Rosa/Rosemary Beach,Miramar Beach,Miramar Beach,Florida,32550,United States,coastal,https://www.airbnb.com/rooms/1105160578144620621,https://a0.muscache.com/im/pictures/prohost-api/Hosting-1105160578144620621/original/60bb2417-b637-4b7a-b050-2c67bd68c840.jpeg,1105160578144620621,3817120,30.3813,-86.3254,"=AVERAGE($G$2:$G$554)","=AVERAGE($D$2:$D$554)","=IFERROR(($AT227-G227)/$AT227,0)","=IFERROR(($AU227-D227)/$AU227,0)","=$AU227-D227"
Sandestin Luxury: 3-Bed Osprey Pointe with Gulf Views & Resort Perks at Sandestin Golf and Beach Resort!,Sandestin Golf & Beach Resort,,38821,50594,681.07,34.13,267,3,3,6,true,false,false,true,true,true,true,Home/Apartment,Condominium (condo),Apt/Condo/Loft,5,0,1,21+,Luxury,false,211,true,57,15,2026-05-16,Santa Rosa/Rosemary Beach,Miramar Beach,Miramar Beach,Florida,32550,United States,coastal,https://www.vrbo.com/3817074,"https://media.vrbo.com/lodging/102000000/101870000/101861800/101861792/ee322881.jpg?impolicy=resizecrop&rw=1200&ra=fit",,3817074,30.38112,-86.32629,"=AVERAGE($G$2:$G$554)","=AVERAGE($D$2:$D$554)","=IFERROR(($AT228-G228)/$AT228,0)","=IFERROR(($AU228-D228)/$AU228,0)","=$AU228-D228"
"Beachfront Westwinds Condo: 3 Bed, 8 Guests, Pool,",Skis and Seas Vacation Rentals,,38486,71324,641.43,40.82,199,3,3,8,true,true,true,true,true,false,true,Home/Apartment,Apartment,Apt/Condo/Loft,4.8,7,2,21+,Luxury,true,300,true,60,12,2026-05-13,Santa Rosa/Rosemary Beach,Miramar Beach,Miramar Beach,Florida,32550,United States,coastal,https://www.airbnb.com/rooms/1347991835933661817,https://a0.muscache.com/im/pictures/prohost-api/Hosting-1347991835933661817/original/aaf75cdb-9d80-4f1b-b7d5-71ef36d14279.jpeg,1347991835933661817,4390029,30.37193,-86.333,"=AVERAGE($G$2:$G$554)","=AVERAGE($D$2:$D$554)","=IFERROR(($AT229-G229)/$AT229,0)","=IFERROR(($AU229-D229)/$AU229,0)","=$AU229-D229"
Luxury Sandestin Upscale Beach Villa,188550852,,37951,49420,575.02,41.25,273,3,4,8,true,false,false,false,true,false,true,Home/Apartment,Villa,House/villa,4.9,39,3,2-5,Luxury,false,350,true,66,14,2026-05-17,Santa Rosa/Rosemary Beach,Miramar Beach,Miramar Beach,Florida,32550,United States,coastal,https://www.airbnb.com/rooms/612454512058367635,https://a0.muscache.com/im/pictures/prohost-api/Hosting-612454512058367635/original/677f9d02-c6b8-4e52-ba30-8b08f49b6e6d.jpeg,612454512058367635,2711325,30.37826,-86.32976,"=AVERAGE($G$2:$G$554)","=AVERAGE($D$2:$D$554)","=IFERROR(($AT230-G230)/$AT230,0)","=IFERROR(($AU230-D230)/$AU230,0)","=$AU230-D230"
The Pearl -Golf Cart! Private Pool! Rooftop Patio!,360 Blue,,36866,243055,2835.85,100,13,10,10,16,true,false,false,true,true,false,true,Home/Apartment,House,House/villa,5,1,3,21+,Luxury,false,0,true,13,2,2025-01-29,Santa Rosa/Rosemary Beach,Miramar Beach,Miramar Beach,Florida,32550,United States,coastal,https://www.airbnb.com/rooms/1302958624224923493,https://a0.muscache.com/im/pictures/prohost-api/Hosting-1302958624224923493/original/374f3459-062d-498d-a155-d9c428486887.jpeg,1302958624224923493,3715857,30.373861684,-86.3503885287,"=AVERAGE($G$2:$G$554)","=AVERAGE($D$2:$D$554)","=IFERROR(($AT231-G231)/$AT231,0)","=IFERROR(($AU231-D231)/$AU231,0)","=$AU231-D231"
Sea Glass,Exclusive 30A,,35692,157013,2549.43,93.33,15,6,7,16,true,false,false,true,true,false,false,Home/Apartment,House,House/villa,4.25,10,5,21+,Luxury,false,1050,true,14,3,2025-01-22,Santa Rosa/Rosemary Beach,Miramar Beach,Miramar Beach,Florida,32550,United States,coastal,https://www.airbnb.com/rooms/1107209854767624280,https://a0.muscache.com/im/pictures/prohost-api/Hosting-1107209854767624280/original/3cd3b642-c565-483a-b300-957f9e92ab9e.jpeg,1107209854767624280,3854830,30.3737,-86.3548,"=AVERAGE($G$2:$G$554)","=AVERAGE($D$2:$D$554)","=IFERROR(($AT232-G232)/$AT232,0)","=IFERROR(($AU232-D232)/$AU232,0)","=$AU232-D232"
Summerhaven 4 | Beach Front | 3 Bedrooms,Beach Reunion,,34623,94860,752.67,50.55,183,3,3,14,true,false,false,true,true,true,false,Home/Apartment,House,House/villa,4.05,19,4,21+,Luxury,false,672,true,46,10,2026-05-11,Santa Rosa/Rosemary Beach,Miramar Beach,Miramar Beach,Florida,32550,United States,coastal,https://www.airbnb.com/rooms/812318342838382918,https://a0.muscache.com/im/pictures/prohost-api/Hosting-812318342838382918/original/ba2279d6-caa3-45f9-a306-fcef3b133b99.jpeg,812318342838382918,3222238,30.3751,-86.3655,"=AVERAGE($G$2:$G$554)","=AVERAGE($D$2:$D$554)","=IFERROR(($AT233-G233)/$AT233,0)","=IFERROR(($AU233-D233)/$AU233,0)","=$AU233-D233"
Beach Manor 1110 - immaculate beach condo~clean~2,Gibson Beach Rentals,,33763,51698,718.36,34.31,215,3,3,6,true,true,true,true,true,false,true,Home/Apartment,Condominium (condo),Apt/Condo/Loft,5,47,1,21+,Luxury,true,432,true,47,9,2025-11-17,Santa Rosa/Rosemary Beach,Miramar Beach,Miramar Beach,Florida,32550,United States,coastal,https://www.airbnb.com/rooms/23701423,https://a0.muscache.com/im/pictures/prohost-api/Hosting-23701423/original/f0f0239b-81ce-4845-b09e-a34cba623852.jpeg,23701423,1179274,30.36852,-86.32571,"=AVERAGE($G$2:$G$554)","=AVERAGE($D$2:$D$554)","=IFERROR(($AT234-G234)/$AT234,0)","=IFERROR(($AU234-D234)/$AU234,0)","=$AU234-D234"
Close To The Beach! Spyglass 105!,Shore Dreams Vacation Rentals,,33424,44143,547.93,37.89,340,3,3,10,true,false,false,true,true,false,true,Home/Apartment,Apartment,Apt/Condo/Loft,4.75,24,2,21+,Luxury,true,396,true,61,14,2026-05-17,Santa Rosa/Rosemary Beach,Miramar Beach,Miramar Beach,Florida,32550,United States,coastal,https://www.airbnb.com/rooms/761747244693252949,https://a0.muscache.com/im/pictures/prohost-api/Hosting-761747244693252949/original/5a9ef985-f4ab-4f3c-8554-fd8470208747.jpeg,761747244693252949,3114452,30.37565,-86.34589,"=AVERAGE($G$2:$G$554)","=AVERAGE($D$2:$D$554)","=IFERROR(($AT235-G235)/$AT235,0)","=IFERROR(($AU235-D235)/$AU235,0)","=$AU235-D235"
Beachfront penthouse!  Umbrella service for 2!,383535239,,33394,56356,585.86,47.5,213,3,3,6,true,true,false,true,false,false,true,Home/Apartment,Apartment,Apt/Condo/Loft,4.95,15,7,1,Luxury,false,251,false,57,10,2026-05-13,Santa Rosa/Rosemary Beach,Miramar Beach,Miramar Beach,Florida,32550,United States,coastal,https://www.airbnb.com/rooms/1139265457576274558,https://a0.muscache.com/im/pictures/hosting/Hosting-1139265457576274558/original/c63a7dc5-c765-4f4a-b916-056c07efacb1.jpeg,1139265457576274558,3877420,30.3723,-86.3483,"=AVERAGE($G$2:$G$554)","=AVERAGE($D$2:$D$554)","=IFERROR(($AT236-G236)/$AT236,0)","=IFERROR(($AU236-D236)/$AU236,0)","=$AU236-D236"
Tops'l Grand Villas - New Construction Home,552009220,,33197,56943,1106.57,56.6,293,4,4,12,true,false,false,true,true,false,true,Home/Apartment,House,House/villa,0,0,5,6-20,Luxury,true,1046,false,30,1,2026-03-29,Santa Rosa/Rosemary Beach,Miramar Beach,Miramar Beach,Florida,32550,United States,coastal,https://www.airbnb.com/rooms/1330688321445691930,https://a0.muscache.com/im/pictures/prohost-api/Hosting-1330688321445691930/original/5005f629-f732-4dcb-8b90-ad6692d37674.jpeg,1330688321445691930,4374283,30.3772,-86.326,"=AVERAGE($G$2:$G$554)","=AVERAGE($D$2:$D$554)","=IFERROR(($AT237-G237)/$AT237,0)","=IFERROR(($AU237-D237)/$AU237,0)","=$AU237-D237"
BEWARE OF THE KRAKEN! Newly remodeled beach view 2 bedroom 2 bath with bunkroom!,,,32741,49536,744.11,36.36,291,3,2,8,true,false,false,true,false,false,true,Home/Apartment,Condominium (condo),Apt/Condo/Loft,4.4,3,4,1,Luxury,false,199,true,44,10,2026-05-16,Santa Rosa/Rosemary Beach,Miramar Beach,Miramar Beach,Florida,32550,United States,coastal,https://www.vrbo.com/3226744,"https://media.vrbo.com/lodging/91000000/90990000/90985100/90985029/94a717f6.jpg?impolicy=resizecrop&rw=1200&ra=fit",,3226744,30.377133,-86.369989,"=AVERAGE($G$2:$G$554)","=AVERAGE($D$2:$D$554)","=IFERROR(($AT238-G238)/$AT238,0)","=IFERROR(($AU238-D238)/$AU238,0)","=$AU238-D238"
BEACHSIDE COTTAGE ☀️with private pool & hot tub,52319289,,32351,50053,673.98,55.17,99,3,2,9,true,false,true,true,true,false,true,Home/Apartment,House,House/villa,4.8,99,3,2-5,Luxury,true,348,false,48,12,2025-09-01,Santa Rosa/Rosemary Beach,Miramar Beach,Miramar Beach,Florida,32550,United States,coastal,https://www.airbnb.com/rooms/25372944,https://a0.muscache.com/im/pictures/19b57a0e-e96d-4966-ae20-5c2371509393.jpg,25372944,,30.37298,-86.3504,"=AVERAGE($G$2:$G$554)","=AVERAGE($D$2:$D$554)","=IFERROR(($AT239-G239)/$AT239,0)","=IFERROR(($AU239-D239)/$AU239,0)","=$AU239-D239"
3BR Beach Villa w/ 6-Seat GOLF CART! Screened Porc,Beach Blue Properties,,31406,50086,490.72,66.67,112,3,3,8,true,true,false,true,true,false,true,Home/Apartment,Condominium (condo),Apt/Condo/Loft,4.5,71,1,21+,Luxury,false,529,true,64,13,2025-11-10,Santa Rosa/Rosemary Beach,Miramar Beach,Miramar Beach,Florida,32550,United States,coastal,https://www.airbnb.com/rooms/1430420682873139646,https://a0.muscache.com/im/pictures/prohost-api/Hosting-1430420682873139646/original/81b4f8d8-3db3-4798-b714-ba6ad7173a7d.jpeg,1430420682873139646,339538,30.373884,-86.32753,"=AVERAGE($G$2:$G$554)","=AVERAGE($D$2:$D$554)","=IFERROR(($AT240-G240)/$AT240,0)","=IFERROR(($AU240-D240)/$AU240,0)","=$AU240-D240"
Jet Ski Adventure - Family Getaway,224005304,,31374,65531,825.63,20.99,301,3,2,8,true,false,true,true,true,false,false,Home/Apartment,House,House/villa,4.95,19,2,6-20,Luxury,true,324,true,38,13,2026-05-17,Santa Rosa/Rosemary Beach,Miramar Beach,,Florida,,United States,coastal,https://www.airbnb.com/rooms/940621857120295969,https://a0.muscache.com/im/pictures/hosting/Hosting-U3RheVN1cHBseUxpc3Rpbmc6OTQwNjIxODU3MTIwMjk1OTY5/original/8cd5ba1e-c1d7-4d25-86dd-08bf91346fe8.jpeg,940621857120295969,1525442,30.3892,-86.371,"=AVERAGE($G$2:$G$554)","=AVERAGE($D$2:$D$554)","=IFERROR(($AT241-G241)/$AT241,0)","=IFERROR(($AU241-D241)/$AU241,0)","=$AU241-D241"
Luau II 7226/7228 - flr12 - 3br 3ba - (10) in Mira,My Vacation Haven,,30122,56825,654.83,75.41,91,3,3,10,true,true,true,true,true,false,true,Home/Apartment,Condominium (condo),Apt/Condo/Loft,4.85,3,3,21+,Luxury,false,564,true,46,9,2025-11-01,Santa Rosa/Rosemary Beach,Miramar Beach,Miramar Beach,Florida,32550,United States,coastal,https://www.airbnb.com/rooms/1172272648174982367,https://a0.muscache.com/im/pictures/prohost-api/Hosting-1172272648174982367/original/1aa1470b-ab51-4153-b356-a239ac8995a3.jpeg,1172272648174982367,3999610,30.37219,-86.3279,"=AVERAGE($G$2:$G$554)","=AVERAGE($D$2:$D$554)","=IFERROR(($AT242-G242)/$AT242,0)","=IFERROR(($AU242-D242)/$AU242,0)","=$AU242-D242"
New! Huge outdoor area and huge Resort pool,Diamond Gulf Rentals,,29853,29853,2985.3,21.28,61,8,10,16,false,false,true,true,true,false,false,Home/Apartment,House,House/villa,0,0,4,21+,Luxury,false,1747,false,10,2,2026-05-13,Santa Rosa/Rosemary Beach,Miramar Beach,Miramar Beach,Florida,32550,United States,coastal,https://www.airbnb.com/rooms/1628404061262279335,https://a0.muscache.com/im/pictures/prohost-api/Hosting-1628404061262279335/original/4b9fcb00-d852-46f7-96f0-1527fbcf6494.jpeg,1628404061262279335,5119907,30.3784,-86.37999,"=AVERAGE($G$2:$G$554)","=AVERAGE($D$2:$D$554)","=IFERROR(($AT243-G243)/$AT243,0)","=IFERROR(($AU243-D243)/$AU243,0)","=$AU243-D243"
Bayview Relaxation at Osprey Pointe 3BR Getaway at,Sandestin Golf And Beach Resort,,29331,30561,637.63,33.09,219,3,3,6,true,true,false,true,true,true,true,Home/Apartment,Condominium (condo),Apt/Condo/Loft,5,2,1,21+,Luxury,false,193,true,46,13,2026-05-01,Santa Rosa/Rosemary Beach,Miramar Beach,Miramar Beach,Florida,32550,United States,coastal,https://www.airbnb.com/rooms/1105155444832061500,https://a0.muscache.com/im/pictures/prohost-api/Hosting-1105155444832061500/original/4e64dd98-3327-46f0-9eb0-54d60327c8f2.jpeg,1105155444832061500,3817087,30.3813,-86.3254,"=AVERAGE($G$2:$G$554)","=AVERAGE($D$2:$D$554)","=IFERROR(($AT244-G244)/$AT244,0)","=IFERROR(($AU244-D244)/$AU244,0)","=$AU244-D244"
3BR Oceanfront 11th-Floor | Balcony | Pool,Vacasa,,26124,60628,746.4,68.63,136,3,3,8,true,true,false,true,true,false,true,Home/Apartment,Condominium (condo),Apt/Condo/Loft,4.9,17,7,21+,Luxury,false,269,true,35,5,2025-11-24,Santa Rosa/Rosemary Beach,Miramar Beach,Santa Rosa Beach,Florida,32459,United States,coastal,https://www.airbnb.com/rooms/1355303345660412232,https://a0.muscache.com/im/pictures/prohost-api/Hosting-1355303345660412232/original/3cc42eff-f7d1-4dd0-89ea-9b48d8e7a3b1.jpeg,1355303345660412232,2356224,30.368521012,-86.32340964,"=AVERAGE($G$2:$G$554)","=AVERAGE($D$2:$D$554)","=IFERROR(($AT245-G245)/$AT245,0)","=IFERROR(($AU245-D245)/$AU245,0)","=$AU245-D245"
Amazing Beachfront Home,,,25233,29485,1201.57,25.3,83,3,2,8,true,false,false,true,true,false,false,Home/Apartment,House,House/villa,5,43,6,1,Luxury,false,250,false,21,3,2025-04-06,Santa Rosa/Rosemary Beach,Miramar Beach,Miramar Beach,Florida,32550,United States,coastal,https://www.vrbo.com/1188465,"https://media.vrbo.com/lodging/34000000/33400000/33394600/33394538/1fef4453.jpg?impolicy=resizecrop&rw=1200&ra=fit",,1188465,30.372323,-86.346978,"=AVERAGE($G$2:$G$554)","=AVERAGE($D$2:$D$554)","=IFERROR(($AT246-G246)/$AT246,0)","=IFERROR(($AU246-D246)/$AU246,0)","=$AU246-D246"
Entire Beach House,653657996,,24752,46614,728,80.95,311,3,4,8,true,false,false,true,true,false,false,Home/Apartment,House,House/villa,0,0,7,1,Luxury,false,398,false,34,1,2026-05-13,Santa Rosa/Rosemary Beach,Miramar Beach,Miramar Beach,Florida,32550,United States,coastal,https://www.airbnb.com/rooms/1252258118822762443,https://a0.muscache.com/im/pictures/miso/Hosting-1252258118822762443/original/8c471266-cd5c-4617-a95b-caf89a27e3f7.jpeg,1252258118822762443,,30.37934,-86.3963,"=AVERAGE($G$2:$G$554)","=AVERAGE($D$2:$D$554)","=IFERROR(($AT247-G247)/$AT247,0)","=IFERROR(($AU247-D247)/$AU247,0)","=$AU247-D247"
Summerhaven 3 | Beach Front | Paws Welcome!,Beach Reunion,,24180,112635,755.62,57.14,114,3,3,14,true,false,false,true,true,true,false,Home/Apartment,House,House/villa,4.55,17,4,21+,Luxury,false,1159,true,32,8,2026-05-11,Santa Rosa/Rosemary Beach,Miramar Beach,Miramar Beach,Florida,32550,United States,coastal,https://www.airbnb.com/rooms/815980495785700784,https://a0.muscache.com/im/pictures/prohost-api/Hosting-815980495785700784/original/48d38ce0-b710-47d3-b36b-bb9e30a9494c.jpeg,815980495785700784,3217727,30.375,-86.3655,"=AVERAGE($G$2:$G$554)","=AVERAGE($D$2:$D$554)","=IFERROR(($AT248-G248)/$AT248,0)","=IFERROR(($AU248-D248)/$AU248,0)","=$AU248-D248"
Relax w/stunning ocean views in this spacious 3 BR,352019686,,23746,69818,879.48,87.1,35,3,3,8,true,false,false,true,true,false,true,Home/Apartment,Apartment,Apt/Condo/Loft,5,49,4,2-5,Luxury,true,210,true,27,5,2025-04-13,Santa Rosa/Rosemary Beach,Miramar Beach,Miramar Beach,Florida,32550,United States,coastal,https://www.airbnb.com/rooms/1177020158803405276,https://a0.muscache.com/im/pictures/miso/Hosting-1177020158803405276/original/e66af31a-70ca-4acd-8d15-f728ae087e08.jpeg,1177020158803405276,2054750,30.3693353277,-86.3258434386,"=AVERAGE($G$2:$G$554)","=AVERAGE($D$2:$D$554)","=IFERROR(($AT249-G249)/$AT249,0)","=IFERROR(($AU249-D249)/$AU249,0)","=$AU249-D249"
Sea Sail,Ocean Reef,,23436,82661,781.2,71.43,166,3,3,11,true,false,false,true,true,false,false,Home/Apartment,House,House/villa,4.7,22,1,21+,Luxury,false,542,true,30,6,2026-05-11,Santa Rosa/Rosemary Beach,Miramar Beach,Miramar Beach,Florida,32550,United States,coastal,https://www.airbnb.com/rooms/1158755409763601758,https://a0.muscache.com/im/pictures/prohost-api/Hosting-1158755409763601758/original/6519f9e3-e1c7-43a3-bfaa-2d965ee852b1.jpeg,1158755409763601758,2250962,30.37977,-86.39676,"=AVERAGE($G$2:$G$554)","=AVERAGE($D$2:$D$554)","=IFERROR(($AT250-G250)/$AT250,0)","=IFERROR(($AU250-D250)/$AU250,0)","=$AU250-D250"
Paradise at Seawinds 5-Private Beach-Sleeps 20,Seascapes Vacation Rentals,,22475,41172,1021.59,61.11,65,4,3,16,true,false,false,true,true,false,false,Home/Apartment,Townhouse,Apt/Condo/Loft,4,2,1,21+,Luxury,false,619,false,22,7,2026-05-13,Santa Rosa/Rosemary Beach,Miramar Beach,Miramar Beach,Florida,32550,United States,coastal,https://www.airbnb.com/rooms/1606158134605272589,https://a0.muscache.com/im/pictures/prohost-api/Hosting-1606158134605272589/original/4c23d9e5-b0ca-4d4f-8f62-99e009833e9c.jpeg,1606158134605272589,5069206,30.3764,-86.3746,"=AVERAGE($G$2:$G$554)","=AVERAGE($D$2:$D$554)","=IFERROR(($AT251-G251)/$AT251,0)","=IFERROR(($AU251-D251)/$AU251,0)","=$AU251-D251"
Seafoam- Gated!  Private beach! Golf cart!,Legacy Beach Homes,,21857,37909,1285.71,27.87,61,4,3,16,true,false,false,true,true,false,true,Home/Apartment,House,House/villa,4.9,85,3,21+,Luxury,true,390,true,17,4,2024-12-10,Santa Rosa/Rosemary Beach,Miramar Beach,Miramar Beach,Florida,32550,United States,coastal,https://www.airbnb.com/rooms/49287471,https://a0.muscache.com/im/pictures/miso/Hosting-49287471/original/2df3b7b2-cee7-4d9a-955b-49c19ea399cc.jpeg,49287471,2854030,30.38042,-86.38129,"=AVERAGE($G$2:$G$554)","=AVERAGE($D$2:$D$554)","=IFERROR(($AT252-G252)/$AT252,0)","=IFERROR(($AU252-D252)/$AU252,0)","=$AU252-D252"
EMERALD OASIS - NEW BUILD,,,19377,214426,2153,23.68,234,9,10,34,true,false,true,true,false,true,true,Home/Apartment,House,House/villa,3.7,3,3,1,Luxury,false,1900,true,9,2,2026-05-13,Santa Rosa/Rosemary Beach,Miramar Beach,Miramar Beach,Florida,32550,United States,coastal,https://www.vrbo.com/3931523,"https://media.vrbo.com/lodging/104000000/103750000/103746200/103746175/8988a158.jpg?impolicy=resizecrop&rw=1200&ra=fit",,3931523,30.37828,-86.383197,"=AVERAGE($G$2:$G$554)","=AVERAGE($D$2:$D$554)","=IFERROR(($AT253-G253)/$AT253,0)","=IFERROR(($AU253-D253)/$AU253,0)","=$AU253-D253"
"Rare Resort Beach House! 6-Seat Golf Cart, Private",Beach Blue Properties,,18598,30659,641.31,55.77,75,3,3,8,true,true,false,true,false,false,true,Home/Apartment,House,House/villa,0,0,3,21+,Luxury,true,315,false,29,3,2026-05-14,Santa Rosa/Rosemary Beach,Miramar Beach,Miramar Beach,Florida,32550,United States,coastal,https://www.airbnb.com/rooms/1591601335418217758,https://a0.muscache.com/im/pictures/prohost-api/Hosting-1591601335418217758/original/e9813540-f566-416e-8508-75c7fa9c3e37.jpeg,1591601335418217758,5019571,30.3795,-86.3372,"=AVERAGE($G$2:$G$554)","=AVERAGE($D$2:$D$554)","=IFERROR(($AT254-G254)/$AT254,0)","=IFERROR(($AU254-D254)/$AU254,0)","=$AU254-D254"
Luxury 4BR. Private Beach. Gated. Tennis. Sleeps 8,104649125,,17896,63439,941.89,59.38,45,4,4,8,true,false,false,true,true,false,false,Home/Apartment,House,House/villa,5,4,7,1,Luxury,false,650,false,19,2,2026-05-16,Santa Rosa/Rosemary Beach,Miramar Beach,Miramar Beach,Florida,32550,United States,coastal,https://www.airbnb.com/rooms/929240833355903927,https://a0.muscache.com/im/pictures/miso/Hosting-929240833355903927/original/28bffed7-34a9-4a27-8131-3b814c73b337.jpeg,929240833355903927,2714203,30.37403,-86.34213,"=AVERAGE($G$2:$G$554)","=AVERAGE($D$2:$D$554)","=IFERROR(($AT255-G255)/$AT255,0)","=IFERROR(($AU255-D255)/$AU255,0)","=$AU255-D255"
Beachfront Gulf Views | Pool Access,729706948,,16779,17019,578.59,61.7,150,3,3,7,true,true,true,true,true,false,true,Home/Apartment,Condominium (condo),Apt/Condo/Loft,5,2,4,21+,Luxury,false,346,false,29,6,2026-05-17,Santa Rosa/Rosemary Beach,Miramar Beach,Miramar Beach,Florida,32550,United States,coastal,https://www.airbnb.com/rooms/1559253831668073861,https://a0.muscache.com/im/pictures/prohost-api/Hosting-1559253831668073861/original/8506c79e-bb53-4985-977b-65061a171c0c.jpeg,1559253831668073861,4979613,30.3693,-86.3254,"=AVERAGE($G$2:$G$554)","=AVERAGE($D$2:$D$554)","=IFERROR(($AT256-G256)/$AT256,0)","=IFERROR(($AU256-D256)/$AU256,0)","=$AU256-D256"
BeachFront ! 7 Beds Pool Hot Tub/Steps from Beach!,353109186,,16673,53208,694.71,35.29,290,3,3,10,true,true,false,true,true,false,true,Home/Apartment,House,House/villa,4.75,24,5,21+,Luxury,true,389,true,24,4,2026-05-17,Santa Rosa/Rosemary Beach,Miramar Beach,Miramar Beach,Florida,32550,United States,coastal,https://www.airbnb.com/rooms/555793187494462108,https://a0.muscache.com/im/pictures/hosting/Hosting-555793187494462108/original/fecba606-dc6b-4e35-a7c0-7d3c64aadcce.jpeg,555793187494462108,,30.3729426907,-86.3388160296,"=AVERAGE($G$2:$G$554)","=AVERAGE($D$2:$D$554)","=IFERROR(($AT257-G257)/$AT257,0)","=IFERROR(($AU257-D257)/$AU257,0)","=$AU257-D257"
Tide & Seek | Modern Beach Escape | Golf Cart,Destin Dreamers,,16253,20378,706.65,54.76,136,3,4,14,true,false,false,true,true,true,true,Home/Apartment,House,House/villa,4,1,3,21+,Luxury,true,1054,true,23,4,2026-05-11,Santa Rosa/Rosemary Beach,Miramar Beach,Miramar Beach,Florida,32550,United States,coastal,https://www.airbnb.com/rooms/1539356224518305160,https://a0.muscache.com/im/pictures/prohost-api/Hosting-1539356224518305160/original/3e09471b-c288-4813-a731-7773bb8ac842.jpeg,1539356224518305160,20210140ha,30.3814719979,-86.3811748166,"=AVERAGE($G$2:$G$554)","=AVERAGE($D$2:$D$554)","=IFERROR(($AT258-G258)/$AT258,0)","=IFERROR(($AU258-D258)/$AU258,0)","=$AU258-D258"
2 Homes w/ Pools & Game Room | 14BR Total,259853848,,15681,15681,3920.25,44.44,30,14,12,16,true,false,false,true,true,false,true,Home/Apartment,House,House/villa,0,0,2,21+,Luxury,false,1191,false,4,1,2026-05-17,Santa Rosa/Rosemary Beach,Miramar Beach,Miramar Beach,Florida,32550,United States,coastal,https://www.airbnb.com/rooms/1664234224744612344,https://a0.muscache.com/im/pictures/hosting/Hosting-1664234224744612344/original/a21e9eba-6420-4e54-a69b-dcded589ec29.png,1664234224744612344,,30.38186,-86.38368,"=AVERAGE($G$2:$G$554)","=AVERAGE($D$2:$D$554)","=IFERROR(($AT259-G259)/$AT259,0)","=IFERROR(($AU259-D259)/$AU259,0)","=$AU259-D259"
Avail for Spring Break! Another Day in Paradise,Pinkie,,15221,15221,1902.62,17.39,46,6,6,16,true,false,false,true,true,true,true,Home/Apartment,House,House/villa,5,8,4,21+,Luxury,false,1085,true,8,2,2025-02-13,Santa Rosa/Rosemary Beach,Miramar Beach,Miramar Beach,Florida,32550,United States,coastal,https://www.airbnb.com/rooms/1089146396131765063,https://a0.muscache.com/im/pictures/prohost-api/Hosting-1089146396131765063/original/9664382a-f5a3-4ea3-a473-997b0149877a.jpeg,1089146396131765063,3839609,30.38271,-86.37581,"=AVERAGE($G$2:$G$554)","=AVERAGE($D$2:$D$554)","=IFERROR(($AT260-G260)/$AT260,0)","=IFERROR(($AU260-D260)/$AU260,0)","=$AU260-D260"
"Exclusive Gulf view: 3BR, pool & tennis",729700368,,14753,16782,614.71,55.81,104,3,3,7,true,true,true,true,true,false,true,Home/Apartment,Condominium (condo),Apt/Condo/Loft,5,3,3,21+,Luxury,false,298,false,24,5,2026-05-17,Santa Rosa/Rosemary Beach,Miramar Beach,Miramar Beach,Florida,32550,United States,coastal,https://www.airbnb.com/rooms/1588651505118921909,https://a0.muscache.com/im/pictures/prohost-api/Hosting-1588651505118921909/original/3e3815e7-9335-4725-b440-755789ebdcc5.jpeg,1588651505118921909,5023403,30.3707112956,-86.3252213274,"=AVERAGE($G$2:$G$554)","=AVERAGE($D$2:$D$554)","=IFERROR(($AT261-G261)/$AT261,0)","=IFERROR(($AU261-D261)/$AU261,0)","=$AU261-D261"
Free Beach Service! Pool! Gulfview! 65 Monaco!,Shore Dreams Vacation Rentals,,14545,59318,2424.17,40,192,5,4,12,true,false,false,true,true,false,true,Home/Apartment,House,House/villa,4.7,40,2,21+,Luxury,true,795,true,6,1,2026-05-11,Santa Rosa/Rosemary Beach,Miramar Beach,Miramar Beach,Florida,32550,United States,coastal,https://www.airbnb.com/rooms/17316596,https://a0.muscache.com/im/pictures/prohost-api/Hosting-17316596/original/b39cba14-bf8d-4350-92b3-063b0577a1d9.jpeg,17316596,1019186,30.37421,-86.35562,"=AVERAGE($G$2:$G$554)","=AVERAGE($D$2:$D$554)","=IFERROR(($AT262-G262)/$AT262,0)","=IFERROR(($AU262-D262)/$AU262,0)","=$AU262-D262"
Seawinds 9| Sleeps 22|Private Beach|Small Dogs Ok|,Warren Beach Rentals,,14146,22335,1010.43,73.68,19,4,4,16,true,false,false,true,true,true,false,Home/Apartment,House,House/villa,0,0,3,21+,Luxury,true,799,true,14,3,2024-08-20,Santa Rosa/Rosemary Beach,Miramar Beach,Miramar Beach,Florida,32550,United States,coastal,https://www.airbnb.com/rooms/1175555570216490492,https://a0.muscache.com/im/pictures/prohost-api/Hosting-1175555570216490492/original/0339ae21-18d2-4eb2-a34b-56e6847fcb85.jpeg,1175555570216490492,3909066,30.3755613799,-86.3750687377,"=AVERAGE($G$2:$G$554)","=AVERAGE($D$2:$D$554)","=IFERROR(($AT263-G263)/$AT263,0)","=IFERROR(($AU263-D263)/$AU263,0)","=$AU263-D263"
Villa Burago Penthouses PH2,Royal Destinations,,13938,61725,1991.14,100,7,5,5,16,true,false,false,true,true,false,false,Home/Apartment,Condominium (condo),Apt/Condo/Loft,0,0,1,21+,Luxury,false,0,true,7,1,2025-04-15,Santa Rosa/Rosemary Beach,Miramar Beach,Miramar Beach,Florida,32550,United States,coastal,https://www.airbnb.com/rooms/1333575873021376983,https://a0.muscache.com/im/pictures/prohost-api/Hosting-1333575873021376983/original/9987758c-a89b-4900-bfe8-d0a49366a694.jpeg,1333575873021376983,4295236,30.373317,-86.350908,"=AVERAGE($G$2:$G$554)","=AVERAGE($D$2:$D$554)","=IFERROR(($AT264-G264)/$AT264,0)","=IFERROR(($AU264-D264)/$AU264,0)","=$AU264-D264"
*Frangista Pompano Private Pool-Beach Access*,Frangista Beach Properties,,13251,115473,1893,100,7,9,7,16,true,false,false,true,true,false,true,Home/Apartment,House,House/villa,5,28,1,21+,Luxury,false,1117,true,7,1,2024-12-28,Santa Rosa/Rosemary Beach,Miramar Beach,Miramar Beach,Florida,32550,United States,coastal,https://www.airbnb.com/rooms/1279094190231342449,https://a0.muscache.com/im/pictures/prohost-api/Hosting-1279094190231342449/original/c66c8281-bb9c-46e6-ac7b-4eeb964a4d7b.jpeg,1279094190231342449,9524678ha,30.379,-86.3789,"=AVERAGE($G$2:$G$554)","=AVERAGE($D$2:$D$554)","=IFERROR(($AT265-G265)/$AT265,0)","=IFERROR(($AU265-D265)/$AU265,0)","=$AU265-D265"
Courtside Hidden Dunes #131,Newman-Dailey,,11396,20363,569.8,62.5,337,3,,8,true,false,true,true,true,false,true,Private Room,Apartment,Apt/Condo/Loft,5,30,3,21+,Luxury,false,301,false,20,4,2026-05-15,Santa Rosa/Rosemary Beach,Miramar Beach,Miramar Beach,Florida,32550,United States,coastal,https://www.airbnb.com/rooms/1428984905721523648,https://a0.muscache.com/im/pictures/miso/Hosting-1428984905721523648/original/89ed2a85-4c05-4387-97c3-325e1569d1b5.jpeg,1428984905721523648,2198861,30.3764663238,-86.3390898961,"=AVERAGE($G$2:$G$554)","=AVERAGE($D$2:$D$554)","=IFERROR(($AT266-G266)/$AT266,0)","=IFERROR(($AU266-D266)/$AU266,0)","=$AU266-D266"
"Exclusive 3BR Gulf View, Steps to Beach",729711951,,11064,12606,582.32,48.72,166,3,3,8,true,true,true,true,false,false,true,Home/Apartment,Apartment,Apt/Condo/Loft,0,0,2,21+,Luxury,false,307,false,19,4,2026-05-15,Santa Rosa/Rosemary Beach,Miramar Beach,Miramar Beach,Florida,32550,United States,coastal,https://www.airbnb.com/rooms/1559242500177895208,https://a0.muscache.com/im/pictures/hosting/Hosting-1559242500177895208/original/7326fe55-a73c-4c49-a1e8-d9a12cf3e260.jpeg,1559242500177895208,4972743,30.3711,-86.3244,"=AVERAGE($G$2:$G$554)","=AVERAGE($D$2:$D$554)","=IFERROR(($AT267-G267)/$AT267,0)","=IFERROR(($AU267-D267)/$AU267,0)","=$AU267-D267"
"Lucky Lobster.... Emerald Coast Beach House, Miramar Beach, FL .....6 ADULTS MAX",,,10500,35077,750,25.93,199,3,3,6,true,false,false,true,true,false,false,Home/Apartment,House,House/villa,5,9,2,1,Luxury,false,0,true,14,2,2026-04-02,Santa Rosa/Rosemary Beach,Miramar Beach,Miramar Beach,Florida,32550,United States,coastal,https://www.vrbo.com/2425579,"https://media.vrbo.com/lodging/71000000/70390000/70389800/70389737/w2224h1668x82y0-a426ce8e.jpg?impolicy=resizecrop&rw=1200&ra=fit",,2425579,30.37879,-86.39527,"=AVERAGE($G$2:$G$554)","=AVERAGE($D$2:$D$554)","=IFERROR(($AT268-G268)/$AT268,0)","=IFERROR(($AU268-D268)/$AU268,0)","=$AU268-D268"
Beautiful Beachfront Condo in Sandestin Resort,660519683,,10093,28058,1009.3,62.5,16,3,2,12,true,true,false,true,true,false,true,Home/Apartment,Condominium (condo),Apt/Condo/Loft,0,0,3,6-20,Luxury,false,360,false,10,2,2025-03-30,Santa Rosa/Rosemary Beach,Miramar Beach,Miramar Beach,Florida,32550,United States,coastal,https://www.airbnb.com/rooms/1282641493054838496,https://a0.muscache.com/im/pictures/prohost-api/Hosting-1282641493054838496/original/90f24858-b0d1-45d3-976d-960f4f43f328.jpeg,1282641493054838496,,30.3700082,-86.3301905,"=AVERAGE($G$2:$G$554)","=AVERAGE($D$2:$D$554)","=IFERROR(($AT269-G269)/$AT269,0)","=IFERROR(($AU269-D269)/$AU269,0)","=$AU269-D269"
"Avail Spring Break! Scattered, Smothered & Covered",Pinkie,,9976,9976,2494,33.33,12,6,6,16,true,false,false,true,true,true,true,Home/Apartment,House,House/villa,5,7,4,21+,Luxury,false,1085,true,4,1,2025-04-17,Santa Rosa/Rosemary Beach,Miramar Beach,Miramar Beach,Florida,32550,United States,coastal,https://www.airbnb.com/rooms/1080591647299104110,https://a0.muscache.com/im/pictures/prohost-api/Hosting-1080591647299104110/original/6b706f9b-1c33-49e3-882f-6096ae361855.jpeg,1080591647299104110,3834123,30.38262,-86.37562,"=AVERAGE($G$2:$G$554)","=AVERAGE($D$2:$D$554)","=IFERROR(($AT270-G270)/$AT270,0)","=IFERROR(($AU270-D270)/$AU270,0)","=$AU270-D270"
THREE STORY TOWNHOME CLOSER TO THE SEA,,,9542,78274,681.57,100,172,3,3,12,true,false,false,true,true,false,false,Home/Apartment,House,House/villa,4.9,6,7,1,Luxury,false,250,false,14,2,2026-05-17,Santa Rosa/Rosemary Beach,Miramar Beach,Miramar Beach,Florida,32550,United States,coastal,https://www.vrbo.com/2284991,"https://media.vrbo.com/lodging/67000000/66900000/66896300/66896295/c1c8a2e5.jpg?impolicy=resizecrop&rw=1200&ra=fit",,2284991,30.377191,-86.381559,"=AVERAGE($G$2:$G$554)","=AVERAGE($D$2:$D$554)","=IFERROR(($AT271-G271)/$AT271,0)","=IFERROR(($AU271-D271)/$AU271,0)","=$AU271-D271"
3BR beachfront condo with Gulf views,Vacasa,,9425,18158,589.06,59.26,84,3,3,8,true,true,true,true,false,false,true,Home/Apartment,Condominium (condo),Apt/Condo/Loft,0,0,3,21+,Luxury,false,350,false,16,3,2026-05-15,Santa Rosa/Rosemary Beach,Miramar Beach,Miramar Beach,Florida,32550,United States,coastal,https://www.airbnb.com/rooms/1559257470544934505,https://a0.muscache.com/im/pictures/prohost-api/Hosting-1559257470544934505/original/4356379b-88d3-4924-9d54-e01ad2670700.jpeg,1559257470544934505,4969100,30.3696,-86.326,"=AVERAGE($G$2:$G$554)","=AVERAGE($D$2:$D$554)","=IFERROR(($AT272-G272)/$AT272,0)","=IFERROR(($AU272-D272)/$AU272,0)","=$AU272-D272"
Grandview 401- Gulf Front Condo with Pool & Views!,Five Star Gulf Rentals,,9333,11202,933.3,23.81,78,4,4,10,true,false,false,true,true,false,true,Home/Apartment,House,House/villa,0,0,3,21+,Luxury,false,675,false,10,2,2026-05-15,Santa Rosa/Rosemary Beach,Miramar Beach,Miramar Beach,Florida,32550,United States,coastal,https://www.airbnb.com/rooms/1618937259737671859,https://a0.muscache.com/im/pictures/prohost-api/Hosting-1618937259737671859/original/a284564e-3ea6-4b34-9bf2-9c3f118b6005.jpeg,1618937259737671859,5063440,30.3739,-86.3559,"=AVERAGE($G$2:$G$554)","=AVERAGE($D$2:$D$554)","=IFERROR(($AT273-G273)/$AT273,0)","=IFERROR(($AU273-D273)/$AU273,0)","=$AU273-D273"
Private Beach Access • Gated • Pool • Pet Friendly,Rent & Relax Vacation Rentals,,9292,11615,2323,16.67,55,6,4,14,true,false,false,true,true,true,true,Home/Apartment,House,House/villa,5,1,2,21+,Luxury,false,917,false,4,1,2026-05-16,Santa Rosa/Rosemary Beach,Miramar Beach,Miramar Beach,Florida,32550,United States,coastal,https://www.airbnb.com/rooms/1644269633563936159,https://a0.muscache.com/im/pictures/hosting/Hosting-1644269633563936159/original/c7730402-350d-4f03-bdf0-7f03f4311ea2.jpeg,1644269633563936159,5152331,30.38048,-86.37964,"=AVERAGE($G$2:$G$554)","=AVERAGE($D$2:$D$554)","=IFERROR(($AT274-G274)/$AT274,0)","=IFERROR(($AU274-D274)/$AU274,0)","=$AU274-D274"
Grove Holly 121 - 4 Bedrooms,Seascape Resort,,8559,11792,951,40.91,113,4,4,11,true,true,false,true,true,false,true,Home/Apartment,Condominium (condo),Apt/Condo/Loft,0,0,2,21+,Luxury,false,472,false,9,2,2026-05-11,Santa Rosa/Rosemary Beach,Miramar Beach,Miramar Beach,Florida,32550,United States,coastal,https://www.airbnb.com/rooms/1594375390355082984,https://a0.muscache.com/im/pictures/prohost-api/Hosting-1594375390355082984/original/bf893a0a-fde9-40b4-a10c-1503814fcecc.jpeg,1594375390355082984,4538592,30.3806,-86.3666,"=AVERAGE($G$2:$G$554)","=AVERAGE($D$2:$D$554)","=IFERROR(($AT275-G275)/$AT275,0)","=IFERROR(($AU275-D275)/$AU275,0)","=$AU275-D275"
"Gulf-Front House with Pool, Theater & Bikes",360 Blue,,8534,15627,2133.5,17.39,79,8,6,16,true,false,false,true,true,false,true,Home/Apartment,House,House/villa,4,1,3,21+,Luxury,true,1264,false,4,1,2026-05-16,Santa Rosa/Rosemary Beach,Miramar Beach,Miramar Beach,Florida,32550,United States,coastal,https://www.airbnb.com/rooms/1613939563620319949,https://a0.muscache.com/im/pictures/prohost-api/Hosting-1613939563620319949/original/f498732e-796a-4b4e-9c42-8b2ba150daeb.jpeg,1613939563620319949,5087064,30.3781057334,-86.3795044287,"=AVERAGE($G$2:$G$554)","=AVERAGE($D$2:$D$554)","=IFERROR(($AT276-G276)/$AT276,0)","=IFERROR(($AU276-D276)/$AU276,0)","=$AU276-D276"
"Private Beach, Heated Pool, Lake View Master",Beach Luxury Vacations,,7509,10101,577.62,48.15,54,3,3,8,true,false,false,true,true,false,true,Home/Apartment,Townhouse,Apt/Condo/Loft,5,32,2,21+,Luxury,true,2239,false,13,2,2026-05-16,Santa Rosa/Rosemary Beach,Miramar Beach,Miramar Beach,Florida,32550,United States,coastal,https://www.airbnb.com/rooms/1644982050736173135,https://a0.muscache.com/im/pictures/prohost-api/Hosting-1644982050736173135/original/fcc54a1b-c3dc-41b2-bf14-6150d3df29f8.png,1644982050736173135,5164165,30.3784,-86.3738,"=AVERAGE($G$2:$G$554)","=AVERAGE($D$2:$D$554)","=IFERROR(($AT277-G277)/$AT277,0)","=IFERROR(($AU277-D277)/$AU277,0)","=$AU277-D277"
Amazing View,53017588,,7364,10747,736.4,21.28,352,3,3,8,true,false,true,true,true,false,true,Home/Apartment,Apartment,Apt/Condo/Loft,5,89,1,1,Luxury,false,222,false,10,4,2026-05-14,Santa Rosa/Rosemary Beach,Miramar Beach,Miramar Beach,Florida,32550,United States,coastal,https://www.airbnb.com/rooms/1233260499978301196,https://a0.muscache.com/im/pictures/hosting/Hosting-1233260499978301196/original/7d35c4bc-744a-4bf8-8b30-19df25a01520.jpeg,1233260499978301196,412782,30.37529,-86.36511,"=AVERAGE($G$2:$G$554)","=AVERAGE($D$2:$D$554)","=IFERROR(($AT278-G278)/$AT278,0)","=IFERROR(($AU278-D278)/$AU278,0)","=$AU278-D278"
Tranquility by the Sea,,,7332,37942,916.5,53.33,154,3,3,6,true,false,false,true,true,false,true,Home/Apartment,Condominium (condo),Apt/Condo/Loft,5,42,7,1,Luxury,false,325,false,8,2,2026-05-13,Santa Rosa/Rosemary Beach,Miramar Beach,Miramar Beach,Florida,32550,United States,coastal,https://www.vrbo.com/556668,"https://media.vrbo.com/lodging/35000000/34340000/34339500/34339417/w400h298x0y1-fac37ca9.jpg?impolicy=resizecrop&rw=1200&ra=fit",,556668,30.373795,-86.355857,"=AVERAGE($G$2:$G$554)","=AVERAGE($D$2:$D$554)","=IFERROR(($AT279-G279)/$AT279,0)","=IFERROR(($AU279-D279)/$AU279,0)","=$AU279-D279"
3BR Gulf villa with direct beach access,729706948,,7284,12006,560.31,41.94,54,3,3,6,true,true,true,true,false,false,true,Home/Apartment,Apartment,Apt/Condo/Loft,0,0,4,21+,Luxury,false,445,false,13,3,2026-05-17,Santa Rosa/Rosemary Beach,Miramar Beach,Miramar Beach,Florida,32550,United States,coastal,https://www.airbnb.com/rooms/1559251794490183757,https://a0.muscache.com/im/pictures/hosting/Hosting-1559251794490183757/original/442cf200-ef83-4972-b2a5-96b3b1fdcdcd.jpeg,1559251794490183757,4979615,30.3693,-86.3245,"=AVERAGE($G$2:$G$554)","=AVERAGE($D$2:$D$554)","=IFERROR(($AT280-G280)/$AT280,0)","=IFERROR(($AU280-D280)/$AU280,0)","=$AU280-D280"
"14 ppl 4 Beds, 6 bikes 5 minutes from the beach",510207135,,7271,42789,807.89,39.13,47,4,4,14,true,false,false,false,true,true,true,Home/Apartment,House,House/villa,0,0,2,21+,Luxury,false,0,true,9,2,2025-05-20,Santa Rosa/Rosemary Beach,Miramar Beach,Miramar Beach,Florida,32550,United States,coastal,https://www.airbnb.com/rooms/1419014845320733158,https://a0.muscache.com/im/pictures/88e0ae1d-6320-4e51-818e-a408ec7a7993.jpg,1419014845320733158,,30.3812396377,-86.375956923,"=AVERAGE($G$2:$G$554)","=AVERAGE($D$2:$D$554)","=IFERROR(($AT281-G281)/$AT281,0)","=IFERROR(($AU281-D281)/$AU281,0)","=$AU281-D281"
Gorgeous Gulf Front Condo with Pools and Hot Tub,729711951,,7220,34384,601.67,29.27,99,3,3,8,true,true,true,true,false,false,true,Home/Apartment,Condominium (condo),Apt/Condo/Loft,0,0,2,21+,Luxury,false,286,false,12,3,2026-03-06,Santa Rosa/Rosemary Beach,Miramar Beach,Santa Rosa Beach,Florida,32459,United States,coastal,https://www.airbnb.com/rooms/1559237650010774722,https://a0.muscache.com/im/pictures/prohost-api/Hosting-1559237650010774722/original/88c4444a-e672-4809-827d-6e4ffecb674f.jpeg,1559237650010774722,4972760,30.3719,-86.3245,"=AVERAGE($G$2:$G$554)","=AVERAGE($D$2:$D$554)","=IFERROR(($AT282-G282)/$AT282,0)","=IFERROR(($AU282-D282)/$AU282,0)","=$AU282-D282"
"ShoreLivin', Prvt Beach & Pools+King Bed/Sleeps 12",Emerald Coast Beach Vacation,,7208,7208,720.8,20.41,49,3,2,12,true,false,false,true,true,true,true,Home/Apartment,House,House/villa,4.8,28,3,6-20,Luxury,true,400,true,10,2,2025-03-16,Santa Rosa/Rosemary Beach,Miramar Beach,Miramar Beach,Florida,32550,United States,coastal,https://www.airbnb.com/rooms/50216388,https://a0.muscache.com/im/pictures/hosting/Hosting-U3RheVN1cHBseUxpc3Rpbmc6NTAyMTYzODg%3D/original/84dd6c8c-a809-406a-bee6-5082767ac2fd.jpeg,50216388,2342984,30.3797111511,-86.3960647583,"=AVERAGE($G$2:$G$554)","=AVERAGE($D$2:$D$554)","=IFERROR(($AT283-G283)/$AT283,0)","=IFERROR(($AU283-D283)/$AU283,0)","=$AU283-D283"
"Beachfront resort condo with pool, hot tub, gym, & tennis - AC & washer/dryer",Vacasa,,7163,25788,716.3,62.5,21,3,3,6,true,true,true,true,true,false,true,Home/Apartment,Condominium (condo),Apt/Condo/Loft,4.8,5,2,21+,Luxury,false,200,true,10,2,2025-12-03,Santa Rosa/Rosemary Beach,Miramar Beach,Miramar Beach,Florida,32550,United States,coastal,https://www.vrbo.com/3377698,"https://media.vrbo.com/lodging/94000000/93230000/93227000/93226964/ffecc46f.jpg?impolicy=resizecrop&rw=1200&ra=fit",,3377698,30.36908,-86.32454,"=AVERAGE($G$2:$G$554)","=AVERAGE($D$2:$D$554)","=IFERROR(($AT284-G284)/$AT284,0)","=IFERROR(($AU284-D284)/$AU284,0)","=$AU284-D284"
"Beach Setup, Private Beach, Heated Pool, Tennis",Beach Luxury Vacations,,6571,11881,505.46,50,75,3,2,12,true,true,true,true,true,false,true,Home/Apartment,House,House/villa,5,5,2,21+,Luxury,true,1471,false,13,2,2026-05-16,Santa Rosa/Rosemary Beach,Miramar Beach,Miramar Beach,Florida,32550,United States,coastal,https://www.airbnb.com/rooms/1629265802508489461,https://a0.muscache.com/im/pictures/prohost-api/Hosting-1629265802508489461/original/3f5fcd2f-090a-47d2-9714-b96740580176.jpeg,1629265802508489461,5112114,30.3827,-86.392,"=AVERAGE($G$2:$G$554)","=AVERAGE($D$2:$D$554)","=IFERROR(($AT285-G285)/$AT285,0)","=IFERROR(($AU285-D285)/$AU285,0)","=$AU285-D285"
Beautiful Beachfront Condo in Sandestin Resort,Stately ,,6190,19257,1031.67,66.67,9,3,2,12,true,true,false,true,true,false,true,Home/Apartment,Condominium (condo),Apt/Condo/Loft,5,5,3,6-20,Luxury,true,360,false,6,1,2024-11-03,Santa Rosa/Rosemary Beach,Miramar Beach,Miramar Beach,Florida,32550,United States,coastal,https://www.airbnb.com/rooms/945721180880993789,https://a0.muscache.com/im/pictures/prohost-api/Hosting-945721180880993789/original/6e7a9459-a286-4b4c-aab0-eb62b4cf27a6.jpeg,945721180880993789,4224900,30.37,-86.3302,"=AVERAGE($G$2:$G$554)","=AVERAGE($D$2:$D$554)","=IFERROR(($AT286-G286)/$AT286,0)","=IFERROR(($AU286-D286)/$AU286,0)","=$AU286-D286"
3BR Oceanfront Condo w/ Gulf Views,729706948,,5677,9083,811,25.93,138,3,3,6,true,true,true,true,true,false,true,Home/Apartment,Apartment,Apt/Condo/Loft,0,0,7,21+,Luxury,false,345,false,7,1,2026-05-17,Santa Rosa/Rosemary Beach,Miramar Beach,Miramar Beach,Florida,32550,United States,coastal,https://www.airbnb.com/rooms/1559251541421235520,https://a0.muscache.com/im/pictures/hosting/Hosting-1559251541421235520/original/11d9d36d-489b-44b4-8dc4-b222c645f7d3.jpeg,1559251541421235520,4979600,30.3693,-86.3245,"=AVERAGE($G$2:$G$554)","=AVERAGE($D$2:$D$554)","=IFERROR(($AT287-G287)/$AT287,0)","=IFERROR(($AU287-D287)/$AU287,0)","=$AU287-D287"
Walk-Out Beach Access | Sleeps 10 | Sol Mate #6,28191058,,4682,11478,668.86,53.85,35,4,3,10,true,false,false,true,true,true,false,Home/Apartment,Townhouse,Apt/Condo/Loft,5,23,1,21+,Luxury,true,450,false,7,2,2026-05-17,Santa Rosa/Rosemary Beach,Miramar Beach,Miramar Beach,Florida,32550,United States,coastal,https://www.airbnb.com/rooms/739110732293857961,https://a0.muscache.com/im/pictures/prohost-api/Hosting-739110732293857961/original/0aa82524-be31-4aec-8bd0-e9bfb5ffaab8.jpeg,739110732293857961,5215813,30.37824,-86.39475,"=AVERAGE($G$2:$G$554)","=AVERAGE($D$2:$D$554)","=IFERROR(($AT288-G288)/$AT288,0)","=IFERROR(($AU288-D288)/$AU288,0)","=$AU288-D288"
Summerhaven 4! Crazy Nice 3Br Right on the Beach,Warren Beach Rentals,,2577,10823,859,60,14,3,3,14,true,false,false,true,true,false,false,Home/Apartment,Townhouse,Apt/Condo/Loft,0,0,3,21+,Luxury,true,817,false,3,1,2026-05-11,Santa Rosa/Rosemary Beach,Miramar Beach,Santa Rosa Beach,Florida,32459,United States,coastal,https://www.airbnb.com/rooms/1656537210768281094,https://a0.muscache.com/im/pictures/hosting/Hosting-1656537210768281094/original/8b90c0ef-e1e1-49b4-99cb-6a83f27ba92c.jpeg,1656537210768281094,5198361,30.3746380842,-86.3651166795,"=AVERAGE($G$2:$G$554)","=AVERAGE($D$2:$D$554)","=IFERROR(($AT289-G289)/$AT289,0)","=IFERROR(($AU289-D289)/$AU289,0)","=$AU289-D289"
3BR beachfront condo with heated pool & gym,Vacasa,,2486,11039,621.5,66.67,35,3,2,8,true,true,false,true,false,false,true,Home/Apartment,Condominium (condo),Apt/Condo/Loft,0,0,3,21+,Luxury,false,208,false,4,1,2026-05-13,Santa Rosa/Rosemary Beach,Miramar Beach,Miramar Beach,Florida,32550,United States,coastal,https://www.airbnb.com/rooms/1619797096442579360,https://a0.muscache.com/im/pictures/prohost-api/Hosting-1619797096442579360/original/ce98887b-23ac-42b9-bd4b-deb43ac2b088.jpeg,1619797096442579360,5122450,30.3748166188,-86.3602356151,"=AVERAGE($G$2:$G$554)","=AVERAGE($D$2:$D$554)","=IFERROR(($AT290-G290)/$AT290,0)","=IFERROR(($AU290-D290)/$AU290,0)","=$AU290-D290"
Steps to Sand | 4BR | Sleeps 10 | All is Whale #2,28191058,,2160,3702,720,20,46,4,3,10,true,false,false,true,true,true,false,Home/Apartment,Townhouse,Apt/Condo/Loft,4.9,37,1,21+,Luxury,true,450,true,3,1,2026-05-14,Santa Rosa/Rosemary Beach,Miramar Beach,Miramar Beach,Florida,32550,United States,coastal,https://www.airbnb.com/rooms/655313527599831966,https://a0.muscache.com/im/pictures/hosting/Hosting-655313527599831966/original/8674957d-b763-496f-9345-c5dde45a9099.jpeg,655313527599831966,5215818,30.3797,-86.3945,"=AVERAGE($G$2:$G$554)","=AVERAGE($D$2:$D$554)","=IFERROR(($AT291-G291)/$AT291,0)","=IFERROR(($AU291-D291)/$AU291,0)","=$AU291-D291"
New  Built Townhome#1–10 min walk to the BEACH,436440316,,2118,2118,706,10,93,3,2,8,true,false,false,true,true,false,false,Home/Apartment,Townhouse,Apt/Condo/Loft,0,0,2,2-5,Luxury,false,175,false,3,1,2025-06-16,Santa Rosa/Rosemary Beach,Miramar Beach,Miramar Beach,Florida,32550,United States,coastal,https://www.airbnb.com/rooms/627995579684437316,https://a0.muscache.com/im/pictures/miso/Hosting-627995579684437316/original/49d5f340-f8d0-4759-8a1d-5ccce3683862.jpeg,627995579684437316,,30.387367,-86.379646,"=AVERAGE($G$2:$G$554)","=AVERAGE($D$2:$D$554)","=IFERROR(($AT292-G292)/$AT292,0)","=IFERROR(($AU292-D292)/$AU292,0)","=$AU292-D292"
Magnificent Miramar Memories,252870706,,1539,1539,769.5,6.9,61,3,2,10,true,false,false,true,true,false,true,Home/Apartment,Apartment,Apt/Condo/Loft,4.55,11,2,1,Luxury,false,260,true,2,1,2025-05-23,Santa Rosa/Rosemary Beach,Miramar Beach,Miramar Beach,Florida,32550,United States,coastal,https://www.airbnb.com/rooms/1109473614556501845,https://a0.muscache.com/im/pictures/miso/Hosting-1109473614556501845/original/eedd3ea6-de68-42cf-a943-0ac3790cda73.jpeg,1109473614556501845,3911213,30.3753498,-86.3612381,"=AVERAGE($G$2:$G$554)","=AVERAGE($D$2:$D$554)","=IFERROR(($AT293-G293)/$AT293,0)","=IFERROR(($AU293-D293)/$AU293,0)","=$AU293-D293"
"Opn Aug/Sept  Lg 3bd/3ba POOL&SPA Wlk to Bch,Slp9",24636855,,897,4335,897,5.56,18,3,2,9,true,true,true,true,true,false,true,Home/Apartment,House,House/villa,4.95,107,3,1,Luxury,false,330,false,1,1,2024-10-17,Santa Rosa/Rosemary Beach,Miramar Beach,Miramar Beach,Florida,32550,United States,coastal,https://www.airbnb.com/rooms/4777206,https://a0.muscache.com/im/pictures/99032436/6e4ab103_original.jpg,4777206,3875849ha,30.38258,-86.38393,"=AVERAGE($G$2:$G$554)","=AVERAGE($D$2:$D$554)","=IFERROR(($AT294-G294)/$AT294,0)","=IFERROR(($AU294-D294)/$AU294,0)","=$AU294-D294"
3BR Oceanview Surfside Resort 6th-Floor,Vacasa,,0,6525,0,0,356,3,3,10,true,true,false,true,true,false,true,Home/Apartment,Condominium (condo),Apt/Condo/Loft,5,1,5,21+,Luxury,false,163,true,0,0,2026-05-10,Santa Rosa/Rosemary Beach,Miramar Beach,Miramar Beach,Florida,32550,United States,coastal,https://www.airbnb.com/rooms/1070170342067232444,https://a0.muscache.com/im/pictures/prohost-api/Hosting-1070170342067232444/original/8ba6e8d4-042d-41e5-a40b-2040d661b8c4.jpeg,1070170342067232444,5124190,30.37568,-86.36547,"=AVERAGE($G$2:$G$554)","=AVERAGE($D$2:$D$554)","=IFERROR(($AT295-G295)/$AT295,0)","=IFERROR(($AU295-D295)/$AU295,0)","=$AU295-D295"
"4BR modern escape with pool, sauna, & hot tub",Vacasa,,0,3312,0,0,24,4,5,10,true,true,false,true,true,false,true,Home/Apartment,House,House/villa,5,1,3,21+,Luxury,false,402,true,0,0,2025-05-27,Santa Rosa/Rosemary Beach,Miramar Beach,Miramar Beach,Florida,32550,United States,coastal,https://www.airbnb.com/rooms/1092014227350564752,https://a0.muscache.com/im/pictures/prohost-api/Hosting-1092014227350564752/original/58c9f92d-92fe-4784-bef6-f9cddc70f837.jpeg,1092014227350564752,3860617,30.37717,-86.32632,"=AVERAGE($G$2:$G$554)","=AVERAGE($D$2:$D$554)","=IFERROR(($AT296-G296)/$AT296,0)","=IFERROR(($AU296-D296)/$AU296,0)","=$AU296-D296"
Beautiful 4 Bedroom 4 Bath Presidential at Wyndham Majestic Sun,283354111,,0,0,0,0,1,4,4,12,true,true,false,true,false,false,true,Home/Apartment,House,House/villa,0,0,2,6-20,Luxury,false,0,true,0,0,2019-11-04,Santa Rosa/Rosemary Beach,Miramar Beach,Miramar Beach,Florida,32550,United States,coastal,https://www.airbnb.com/rooms/39606086,"https://a0.muscache.com/im/pictures/9e5b95e6-c24a-44bd-8cf8-ea480ae092ba.jpg?aki_policy=x_large",39606086,2940498,30.37553,-86.36674,"=AVERAGE($G$2:$G$554)","=AVERAGE($D$2:$D$554)","=IFERROR(($AT297-G297)/$AT297,0)","=IFERROR(($AU297-D297)/$AU297,0)","=$AU297-D297"
Sunny 3BR Gulffront 14th-Floor | Balcony | Pool,Vacasa,,0,0,0,0,153,3,3,8,true,true,false,true,true,false,true,Home/Apartment,Condominium (condo),Apt/Condo/Loft,4.35,3,3,21+,Luxury,false,173,true,0,0,2025-08-11,Santa Rosa/Rosemary Beach,Miramar Beach,Miramar Beach,Florida,32550,United States,coastal,https://www.airbnb.com/rooms/42860301,https://a0.muscache.com/im/pictures/prohost-api/Hosting-42860301/original/e1d3de75-821b-46e1-81d1-b52cd74713a0.jpeg,42860301,,30.3711876732,-86.3270796762,"=AVERAGE($G$2:$G$554)","=AVERAGE($D$2:$D$554)","=IFERROR(($AT298-G298)/$AT298,0)","=IFERROR(($AU298-D298)/$AU298,0)","=$AU298-D298"
Beach Retreat w/ Pool & Golf Cart | 1 Min Walk to,86894640,,0,0,0,0,23,5,5,14,true,false,false,true,true,false,true,Home/Apartment,House,House/villa,4.85,59,1,6-20,Luxury,false,450,true,0,0,2024-12-26,Santa Rosa/Rosemary Beach,Miramar Beach,Miramar Beach,Florida,32550,United States,coastal,https://www.airbnb.com/rooms/576565371372130658,https://a0.muscache.com/im/pictures/prohost-api/Hosting-576565371372130658/original/b01187fe-cccc-4c3f-affd-ae62a3d8d966.jpeg,576565371372130658,,30.3832,-86.3839,"=AVERAGE($G$2:$G$554)","=AVERAGE($D$2:$D$554)","=IFERROR(($AT299-G299)/$AT299,0)","=IFERROR(($AU299-D299)/$AU299,0)","=$AU299-D299"
2022 Duplex sleeps 16– 10 min walk from the beach,436440316,,0,0,0,0,92,6,5,16,true,false,false,true,true,false,false,Home/Apartment,Townhouse,Apt/Condo/Loft,0,0,2,2-5,Luxury,false,300,false,0,0,2025-06-16,Santa Rosa/Rosemary Beach,Miramar Beach,Miramar Beach,Florida,32550,United States,coastal,https://www.airbnb.com/rooms/637687345828702864,https://a0.muscache.com/im/pictures/miso/Hosting-637687345828702864/original/ea957efb-6a72-4754-ac7c-7bb268183560.jpeg,637687345828702864,,30.38736,-86.379745,"=AVERAGE($G$2:$G$554)","=AVERAGE($D$2:$D$554)","=IFERROR(($AT300-G300)/$AT300,0)","=IFERROR(($AU300-D300)/$AU300,0)","=$AU300-D300"
Crescent at Miramar 206 - Seashore Serenity,Blue Swell,,0,0,0,0,31,3,3,10,true,false,false,true,true,false,true,Home/Apartment,Condominium (condo),Apt/Condo/Loft,4.7,53,1,21+,Luxury,false,290,true,0,0,2025-04-11,Santa Rosa/Rosemary Beach,Miramar Beach,Miramar Beach,Florida,32550,United States,coastal,https://www.airbnb.com/rooms/802664469086875235,https://a0.muscache.com/im/pictures/prohost-api/Hosting-802664469086875235/original/a8240a11-1116-4d00-8d98-c2f1cafc2dc0.jpeg,802664469086875235,1111334,30.374856,-86.357016,"=AVERAGE($G$2:$G$554)","=AVERAGE($D$2:$D$554)","=IFERROR(($AT301-G301)/$AT301,0)","=IFERROR(($AU301-D301)/$AU301,0)","=$AU301-D301"
"Miramar Beach 225 - Five Bedroom Villa, Sleeps 14",Top Villas,,0,17476,0,0,27,7,5,14,true,true,false,true,true,true,true,Home/Apartment,House,House/villa,0,0,3,21+,Luxury,false,0,true,0,0,2026-01-01,Santa Rosa/Rosemary Beach,Miramar Beach,Miramar Beach,Florida,32550,United States,coastal,https://www.vrbo.com/4882996,"https://media.vrbo.com/lodging/122000000/121300000/121291800/121291729/598930ed.jpg?impolicy=resizecrop&rw=1200&ra=fit",,4882996,30.37663,-86.37597,"=AVERAGE($G$2:$G$554)","=AVERAGE($D$2:$D$554)","=IFERROR(($AT302-G302)/$AT302,0)","=IFERROR(($AU302-D302)/$AU302,0)","=$AU302-D302"
Steps Away from The Beach: Alerio A401,,,0,0,0,0,209,3,2,8,true,false,true,true,true,false,true,Home/Apartment,Condominium (condo),Apt/Condo/Loft,4.9,17,3,1,Luxury,false,250,false,0,0,2026-05-14,Santa Rosa/Rosemary Beach,Miramar Beach,Miramar Beach,Florida,32550,United States,coastal,https://www.vrbo.com/7678335ha,"https://media.vrbo.com/lodging/36000000/35710000/35705400/35705376/9deb1cfe.jpg?impolicy=resizecrop&rw=1200&ra=fit",,7678335ha,30.376768,-86.360186,"=AVERAGE($G$2:$G$554)","=AVERAGE($D$2:$D$554)","=IFERROR(($AT303-G303)/$AT303,0)","=IFERROR(($AU303-D303)/$AU303,0)","=$AU303-D303"
Quiet Surf #1 *FamilyFave*11 Steps 2 Sand*End Unit,Frangista Beach Properties,,154920,166439,759.41,76.98,293,2,2,9,true,false,false,true,true,true,false,Home/Apartment,Townhouse,Apt/Condo/Loft,4.9,49,1,21+,Luxury,true,1375,true,204,33,2026-05-13,Santa Rosa/Rosemary Beach,Miramar Beach,Miramar Beach,Florida,32550,United States,coastal,https://www.airbnb.com/rooms/1279090613011224574,https://a0.muscache.com/im/pictures/prohost-api/Hosting-1279090613011224574/original/64e20f3e-8ac4-43f1-9af4-00a03b549f42.jpeg,1279090613011224574,7097815ha,30.3792,-86.3967,"=AVERAGE($G$2:$G$554)","=AVERAGE($D$2:$D$554)","=IFERROR(($AT304-G304)/$AT304,0)","=IFERROR(($AU304-D304)/$AU304,0)","=$AU304-D304"
"10 - 3BR $700+ in freebies incl golf, On Beach",MBDestinations,,151444,176681,639,89.43,311,2,2,6,true,false,false,true,true,true,false,Home/Apartment,Apartment,Apt/Condo/Loft,1,1,3,21+,Luxury,true,613,true,237,62,2026-04-13,Santa Rosa/Rosemary Beach,Miramar Beach,Miramar Beach,Florida,32550,United States,coastal,https://www.airbnb.com/rooms/1537930337493169810,https://a0.muscache.com/im/pictures/prohost-api/Hosting-1537930337493169810/original/851a2614-775e-4fc9-b779-06002dd4974e.jpeg,1537930337493169810,4271591,30.3818,-86.3585,"=AVERAGE($G$2:$G$554)","=AVERAGE($D$2:$D$554)","=IFERROR(($AT305-G305)/$AT305,0)","=IFERROR(($AU305-D305)/$AU305,0)","=$AU305-D305"
"10A - 2BR $700+ in freebies incl golf, On Beach",MBDestinations,,145444,151594,532.76,80.29,340,2,2,6,true,false,false,true,true,true,false,Home/Apartment,Apartment,Apt/Condo/Loft,4.7,145,3,21+,Luxury,true,516,true,273,63,2026-05-17,Santa Rosa/Rosemary Beach,Miramar Beach,Miramar Beach,Florida,32550,United States,coastal,https://www.airbnb.com/rooms/640535029384313961,https://a0.muscache.com/im/pictures/prohost-api/Hosting-640535029384313961/original/fadf7485-9fd2-46d2-ae2d-fc278924acfb.jpeg,640535029384313961,,30.3776,-86.3828,"=AVERAGE($G$2:$G$554)","=AVERAGE($D$2:$D$554)","=IFERROR(($AT306-G306)/$AT306,0)","=IFERROR(($AU306-D306)/$AU306,0)","=$AU306-D306"
Sophisticated Condo with Unbeatable Gulf Views!,Newman-Dailey,,126531,137101,477.48,81.79,324,2,2,6,true,false,true,true,true,false,true,Home/Apartment,Condominium (condo),Apt/Condo/Loft,4.95,27,1,21+,Luxury,true,406,true,265,48,2026-05-11,Santa Rosa/Rosemary Beach,Miramar Beach,Miramar Beach,Florida,32550,United States,coastal,https://www.airbnb.com/rooms/53624695,https://a0.muscache.com/im/pictures/prohost-api/Hosting-53624695/original/8bebcb7d-51ab-4e97-b52b-940174203dbc.jpeg,53624695,3482039ha,30.3787,-86.3837,"=AVERAGE($G$2:$G$554)","=AVERAGE($D$2:$D$554)","=IFERROR(($AT307-G307)/$AT307,0)","=IFERROR(($AU307-D307)/$AU307,0)","=$AU307-D307"
"Spectacular Gulf Views, 3 Private Balconies,",Newman-Dailey,,123461,138470,541.5,73.31,311,2,2,8,true,false,true,true,true,false,true,Home/Apartment,Condominium (condo),Apt/Condo/Loft,4.8,15,1,21+,Luxury,true,415,true,228,49,2026-05-11,Santa Rosa/Rosemary Beach,Miramar Beach,Miramar Beach,Florida,32550,United States,coastal,https://www.airbnb.com/rooms/48749718,https://a0.muscache.com/im/pictures/prohost-api/Hosting-48749718/original/97f10964-d959-4baf-8f99-58ec6383cda7.jpeg,48749718,4703489ha,30.3787,-86.3837,"=AVERAGE($G$2:$G$554)","=AVERAGE($D$2:$D$554)","=IFERROR(($AT308-G308)/$AT308,0)","=IFERROR(($AU308-D308)/$AU308,0)","=$AU308-D308"
Huntington By the Sea 306,Modern Beach Vacation Rentals,,121826,123849,516.21,67.82,351,2,2,8,true,true,false,true,true,false,true,Home/Apartment,Condominium (condo),Apt/Condo/Loft,4.8,65,1,21+,Luxury,false,455,true,236,45,2026-05-17,Santa Rosa/Rosemary Beach,Miramar Beach,Miramar Beach,Florida,32550,United States,coastal,https://www.airbnb.com/rooms/842046423040599035,https://a0.muscache.com/im/pictures/prohost-api/Hosting-842046423040599035/original/42c8258d-eace-4626-84af-bce613350c47.jpeg,842046423040599035,2571985,30.3738,-86.3554,"=AVERAGE($G$2:$G$554)","=AVERAGE($D$2:$D$554)","=IFERROR(($AT309-G309)/$AT309,0)","=IFERROR(($AU309-D309)/$AU309,0)","=$AU309-D309"
"Beachfront, Patio, Seasonal Beach Chairs",Newman-Dailey,,121009,138233,537.82,80.65,292,2,2,8,true,false,false,true,true,false,false,Home/Apartment,Townhouse,Apt/Condo/Loft,5,10,1,21+,Luxury,true,486,true,225,43,2026-05-11,Santa Rosa/Rosemary Beach,Miramar Beach,Miramar Beach,Florida,32550,United States,coastal,https://www.airbnb.com/rooms/1343615611406301427,https://a0.muscache.com/im/pictures/prohost-api/Hosting-1343615611406301427/original/cb9e68fe-809f-4d3f-9058-a084b6b9d9d8.jpeg,1343615611406301427,20105487ha,30.3792,-86.3971,"=AVERAGE($G$2:$G$554)","=AVERAGE($D$2:$D$554)","=IFERROR(($AT310-G310)/$AT310,0)","=IFERROR(($AU310-D310)/$AU310,0)","=$AU310-D310"
Beachfront ~ Golf Cart ~ Private Beach,My Vacation Haven,,120466,137176,644.2,77.92,269,2,2,6,true,false,true,true,true,false,true,Home/Apartment,Condominium (condo),Apt/Condo/Loft,4.8,11,3,21+,Luxury,false,556,true,187,36,2026-05-11,Santa Rosa/Rosemary Beach,Miramar Beach,Miramar Beach,Florida,32550,United States,coastal,https://www.airbnb.com/rooms/1204430391682133330,https://a0.muscache.com/im/pictures/prohost-api/Hosting-1204430391682133330/original/011273f5-099d-4eff-919f-a8705f48b511.jpeg,1204430391682133330,4100207,30.3713,-86.3338,"=AVERAGE($G$2:$G$554)","=AVERAGE($D$2:$D$554)","=IFERROR(($AT311-G311)/$AT311,0)","=IFERROR(($AU311-D311)/$AU311,0)","=$AU311-D311"
"12B - 2BR $700+ in freebies incl golf, On Beach",MBDestinations,,119693,134212,527.28,82.55,289,2,2,7,true,false,false,true,true,true,false,Home/Apartment,Apartment,Apt/Condo/Loft,4.8,49,2,21+,Luxury,true,515,true,227,51,2026-05-17,Santa Rosa/Rosemary Beach,Miramar Beach,Miramar Beach,Florida,32550,United States,coastal,https://www.airbnb.com/rooms/1055763129355157373,https://a0.muscache.com/im/pictures/prohost-api/Hosting-1055763129355157373/original/004d3868-0038-45a8-a35b-e7f0906e662b.jpeg,1055763129355157373,4271596,30.3776,-86.3828,"=AVERAGE($G$2:$G$554)","=AVERAGE($D$2:$D$554)","=IFERROR(($AT312-G312)/$AT312,0)","=IFERROR(($AU312-D312)/$AU312,0)","=$AU312-D312"
"On the Beach, Step Onto the Sand, Chair Service,",Newman-Dailey,,119502,129374,645.96,61.87,323,2,2,6,true,false,false,true,true,false,false,Home/Apartment,Townhouse,Apt/Condo/Loft,4.45,55,1,21+,Luxury,true,435,true,185,38,2026-05-10,Santa Rosa/Rosemary Beach,Miramar Beach,Miramar Beach,Florida,32550,United States,coastal,https://www.airbnb.com/rooms/48749950,https://a0.muscache.com/im/pictures/prohost-api/Hosting-48749950/original/5ac55c9c-32be-43d5-8a31-ee5969ddb3a1.jpeg,48749950,3482041ha,30.3792,-86.3968,"=AVERAGE($G$2:$G$554)","=AVERAGE($D$2:$D$554)","=IFERROR(($AT313-G313)/$AT313,0)","=IFERROR(($AU313-D313)/$AU313,0)","=$AU313-D313"
Golf Cart ~  Beachfront Balcony ~ Gulf Views,My Vacation Haven,,118631,141463,546.69,73.81,298,2,2,6,true,false,true,true,true,false,true,Home/Apartment,Condominium (condo),Apt/Condo/Loft,4.9,26,3,21+,Luxury,false,570,true,217,43,2026-05-11,Santa Rosa/Rosemary Beach,Miramar Beach,Miramar Beach,Florida,32550,United States,coastal,https://www.airbnb.com/rooms/47593851,https://a0.muscache.com/im/pictures/prohost-api/Hosting-47593851/original/7c5286e1-93fb-415a-a12a-ac96a9817532.jpeg,47593851,2120765,30.3703,-86.3312,"=AVERAGE($G$2:$G$554)","=AVERAGE($D$2:$D$554)","=IFERROR(($AT314-G314)/$AT314,0)","=IFERROR(($AU314-D314)/$AU314,0)","=$AU314-D314"
"11B - 2BR $700+ in freebies incl golf, On Beach",MBDestinations,,118140,129896,509.22,74.12,325,2,2,6,true,false,false,true,false,true,false,Home/Apartment,Apartment,Apt/Condo/Loft,4.85,61,2,21+,Luxury,true,457,true,232,49,2026-05-17,Santa Rosa/Rosemary Beach,Miramar Beach,Miramar Beach,Florida,32550,United States,coastal,https://www.airbnb.com/rooms/1045607106930866231,https://a0.muscache.com/im/pictures/prohost-api/Hosting-1045607106930866231/original/ab431e48-cc5f-411e-a177-dd986bb20bcb.jpeg,1045607106930866231,4271594,30.3776,-86.3828,"=AVERAGE($G$2:$G$554)","=AVERAGE($D$2:$D$554)","=IFERROR(($AT315-G315)/$AT315,0)","=IFERROR(($AU315-D315)/$AU315,0)","=$AU315-D315"
Beautiful 2 Bedroom Condo on the Beach in Destin,Newman-Dailey,,116670,129973,547.75,76.62,285,2,2,6,true,false,true,true,true,false,true,Home/Apartment,Condominium (condo),Apt/Condo/Loft,4.85,22,3,21+,Luxury,true,511,true,213,41,2026-05-17,Santa Rosa/Rosemary Beach,Miramar Beach,Miramar Beach,Florida,32550,United States,coastal,https://www.airbnb.com/rooms/856485476069592009,https://a0.muscache.com/im/pictures/prohost-api/Hosting-856485476069592009/original/712b37b1-6f7c-43f2-9cb7-c26904ddb267.jpeg,856485476069592009,9805809ha,30.3748,-86.3572,"=AVERAGE($G$2:$G$554)","=AVERAGE($D$2:$D$554)","=IFERROR(($AT316-G316)/$AT316,0)","=IFERROR(($AU316-D316)/$AU316,0)","=$AU316-D316"
Gulf Front VIEWS | Pools | Private Beach Access,ITrip Vacations,,115566,122834,511.35,68.07,333,2,2,6,true,false,true,true,true,false,true,Home/Apartment,Condominium (condo),Apt/Condo/Loft,4.75,88,4,21+,Luxury,true,596,true,226,44,2026-05-17,Santa Rosa/Rosemary Beach,Miramar Beach,Miramar Beach,Florida,32550,United States,coastal,https://www.airbnb.com/rooms/49627964,https://a0.muscache.com/im/pictures/prohost-api/Hosting-49627964/original/c28b94cd-22ea-4431-ae38-4c56d1dd91bd.jpeg,49627964,9567967ha,30.3729,-86.3257,"=AVERAGE($G$2:$G$554)","=AVERAGE($D$2:$D$554)","=IFERROR(($AT317-G317)/$AT317,0)","=IFERROR(($AU317-D317)/$AU317,0)","=$AU317-D317"
Huntington By the Sea 206,Modern Beach Vacation Rentals,,115351,127784,484.67,74.38,326,2,2,6,true,true,false,true,true,false,true,Home/Apartment,Condominium (condo),Apt/Condo/Loft,5,63,1,21+,Luxury,false,445,true,238,46,2026-05-17,Santa Rosa/Rosemary Beach,Miramar Beach,Miramar Beach,Florida,32550,United States,coastal,https://www.airbnb.com/rooms/908025194306756862,https://a0.muscache.com/im/pictures/prohost-api/Hosting-908025194306756862/original/3ae0a42c-5b4d-4723-ac7f-99d43a276ba7.jpeg,908025194306756862,2886537,30.3738,-86.3554,"=AVERAGE($G$2:$G$554)","=AVERAGE($D$2:$D$554)","=IFERROR(($AT318-G318)/$AT318,0)","=IFERROR(($AU318-D318)/$AU318,0)","=$AU318-D318"
Beach Front-Gulf Front Pool-2BR Southern Magnolia,RealJoy,,115210,140636,488.18,89.39,264,2,2,6,true,true,false,true,true,false,true,Home/Apartment,Condominium (condo),Apt/Condo/Loft,4.95,45,3,21+,Luxury,false,446,true,236,45,2026-05-11,Santa Rosa/Rosemary Beach,Miramar Beach,Miramar Beach,Florida,32550,United States,coastal,https://www.airbnb.com/rooms/854378727761585331,https://a0.muscache.com/im/pictures/prohost-api/Hosting-854378727761585331/original/e5ac3e84-bc70-45d7-8cf5-3dcea97445f5.jpeg,854378727761585331,3320923,30.3747,-86.3597,"=AVERAGE($G$2:$G$554)","=AVERAGE($D$2:$D$554)","=IFERROR(($AT319-G319)/$AT319,0)","=IFERROR(($AU319-D319)/$AU319,0)","=$AU319-D319"
"Fifth floor condo with Gulf view, Large Master",Newman-Dailey,,114716,129697,531.09,78.83,278,2,2,8,true,false,true,true,true,false,true,Home/Apartment,Condominium (condo),Apt/Condo/Loft,5,9,1,21+,Luxury,true,415,true,216,33,2026-05-11,Santa Rosa/Rosemary Beach,Miramar Beach,Miramar Beach,Florida,32550,United States,coastal,https://www.airbnb.com/rooms/48749789,https://a0.muscache.com/im/pictures/prohost-api/Hosting-48749789/original/2b80eeea-340a-4843-82b7-ac96ebd29250.jpeg,48749789,9556398ha,30.3787,-86.3843,"=AVERAGE($G$2:$G$554)","=AVERAGE($D$2:$D$554)","=IFERROR(($AT320-G320)/$AT320,0)","=IFERROR(($AU320-D320)/$AU320,0)","=$AU320-D320"
Dazzling Beachfront Condo w/6-Seat GOLF CART! Beac,Beach Blue Properties,,114296,129905,563.03,70.24,310,2,2,8,true,true,true,true,true,false,true,Home/Apartment,Condominium (condo),Apt/Condo/Loft,4.8,35,3,21+,Luxury,false,441,true,203,35,2026-05-13,Santa Rosa/Rosemary Beach,Miramar Beach,Miramar Beach,Florida,32550,United States,coastal,https://www.airbnb.com/rooms/1430441115662686124,https://a0.muscache.com/im/pictures/prohost-api/Hosting-1430441115662686124/original/80738ea1-c4f8-495a-80e1-b6c6c8f80063.jpeg,1430441115662686124,3232422,30.3714,-86.3337,"=AVERAGE($G$2:$G$554)","=AVERAGE($D$2:$D$554)","=IFERROR(($AT321-G321)/$AT321,0)","=IFERROR(($AU321-D321)/$AU321,0)","=$AU321-D321"
"7B - 2BR $700+ in freebies incl golf, On Beach",MBDestinations,,114201,116702,456.8,74.18,356,2,2,6,true,false,false,true,true,true,false,Home/Apartment,Apartment,Apt/Condo/Loft,4.85,58,2,21+,Luxury,true,465,true,250,53,2026-05-17,Santa Rosa/Rosemary Beach,Miramar Beach,Miramar Beach,Florida,32550,United States,coastal,https://www.airbnb.com/rooms/1039928522410709299,https://a0.muscache.com/im/pictures/prohost-api/Hosting-1039928522410709299/original/383cda73-53c2-4405-8477-9b86912ea4e5.jpeg,1039928522410709299,4271598,30.3776,-86.3828,"=AVERAGE($G$2:$G$554)","=AVERAGE($D$2:$D$554)","=IFERROR(($AT322-G322)/$AT322,0)","=IFERROR(($AU322-D322)/$AU322,0)","=$AU322-D322"
Beachy Condo with Great Balconies and Gulf Views.,Newman-Dailey,,113677,122705,595.17,72.9,271,2,2,8,true,false,true,true,true,false,true,Home/Apartment,Condominium (condo),Apt/Condo/Loft,4.85,12,1,21+,Luxury,true,415,true,191,37,2026-05-11,Santa Rosa/Rosemary Beach,Miramar Beach,Miramar Beach,Florida,32550,United States,coastal,https://www.airbnb.com/rooms/53624662,https://a0.muscache.com/im/pictures/prohost-api/Hosting-53624662/original/2f4a4ab5-4778-48ca-b03c-27cb6688d920.jpeg,53624662,4303401ha,30.3787,-86.3844,"=AVERAGE($G$2:$G$554)","=AVERAGE($D$2:$D$554)","=IFERROR(($AT323-G323)/$AT323,0)","=IFERROR(($AU323-D323)/$AU323,0)","=$AU323-D323"
2 Bedroom Gulf Front Condo with Amazing Views,Newman-Dailey,,113285,121415,577.98,66.44,346,2,2,6,true,false,false,true,true,false,true,Home/Apartment,Condominium (condo),Apt/Condo/Loft,4.8,44,1,21+,Luxury,true,489,true,196,45,2026-05-11,Santa Rosa/Rosemary Beach,Miramar Beach,Miramar Beach,Florida,32550,United States,coastal,https://www.airbnb.com/rooms/48486985,https://a0.muscache.com/im/pictures/prohost-api/Hosting-48486985/original/20e2d20e-5218-4f9f-acf9-49508764ee01.jpeg,48486985,3638510ha,30.3745,-86.3595,"=AVERAGE($G$2:$G$554)","=AVERAGE($D$2:$D$554)","=IFERROR(($AT324-G324)/$AT324,0)","=IFERROR(($AU324-D324)/$AU324,0)","=$AU324-D324"
2BR-2.5BA  Paradise Beachfront w/ Bch Setup- SD6B,Sunset Resort Rentals,,112295,135513,701.84,64.26,294,2,2,6,true,false,false,true,true,true,false,Home/Apartment,Townhouse,Apt/Condo/Loft,4.75,57,3,21+,Luxury,false,383,false,160,31,2026-05-17,Santa Rosa/Rosemary Beach,Miramar Beach,Miramar Beach,Florida,32550,United States,coastal,https://www.airbnb.com/rooms/817527193647265910,https://a0.muscache.com/im/pictures/prohost-api/Hosting-817527193647265910/original/b631af28-9ce2-4a0d-a172-652502d13347.jpeg,817527193647265910,2388988,30.3776,-86.3832,"=AVERAGE($G$2:$G$554)","=AVERAGE($D$2:$D$554)","=IFERROR(($AT325-G325)/$AT325,0)","=IFERROR(($AU325-D325)/$AU325,0)","=$AU325-D325"
"Pet Friendly, Beach Front Condo, Walk to Beach",Coastline Condos Vacation Rentals,,110773,123309,461.55,75,321,2,2,6,true,true,true,true,true,true,true,Home/Apartment,Condominium (condo),Apt/Condo/Loft,4.75,113,2,21+,Luxury,true,468,true,240,42,2026-05-11,Santa Rosa/Rosemary Beach,Miramar Beach,Miramar Beach,Florida,32550,United States,coastal,https://www.airbnb.com/rooms/21278579,https://a0.muscache.com/im/pictures/prohost-api/Hosting-21278579/original/2f9f1131-4f93-4036-9b0c-1a65b67437d3.jpeg,21278579,1202258,30.379,-86.3919,"=AVERAGE($G$2:$G$554)","=AVERAGE($D$2:$D$554)","=IFERROR(($AT326-G326)/$AT326,0)","=IFERROR(($AU326-D326)/$AU326,0)","=$AU326-D326"
Unit 7 Beachfront 3BR + $700 Free Fun Activities,MBDestinations,,110770,138020,769.24,80.45,215,2,2,6,true,false,false,true,true,true,false,Home/Apartment,Apartment,Apt/Condo/Loft,0,0,2,21+,Luxury,true,613,true,144,23,2026-04-10,Santa Rosa/Rosemary Beach,Miramar Beach,Miramar Beach,Florida,32550,United States,coastal,https://www.airbnb.com/rooms/1488499643521084455,https://a0.muscache.com/im/pictures/prohost-api/Hosting-1488499643521084455/original/885c7611-d6f4-4f06-b31d-a3c43f1049fd.jpeg,1488499643521084455,,30.3776,-86.3825,"=AVERAGE($G$2:$G$554)","=AVERAGE($D$2:$D$554)","=IFERROR(($AT327-G327)/$AT327,0)","=IFERROR(($AU327-D327)/$AU327,0)","=$AU327-D327"
"2-Bedroom Condo in Miramar Beach, FL – Steps to Gu",Sandestin Golf And Beach Resort,,108100,115914,480.44,72.35,323,2,2,4,true,true,false,true,true,false,true,Home/Apartment,Condominium (condo),Apt/Condo/Loft,4.8,5,1,21+,Luxury,false,154,true,225,57,2026-05-17,Santa Rosa/Rosemary Beach,Miramar Beach,Miramar Beach,Florida,32550,United States,coastal,https://www.airbnb.com/rooms/1105032350322647716,https://a0.muscache.com/im/pictures/prohost-api/Hosting-1105032350322647716/original/77623103-5964-4872-86fd-ab2399ae5164.jpeg,1105032350322647716,3816407,30.3707,-86.3304,"=AVERAGE($G$2:$G$554)","=AVERAGE($D$2:$D$554)","=IFERROR(($AT328-G328)/$AT328,0)","=IFERROR(($AU328-D328)/$AU328,0)","=$AU328-D328"
Gulf Views ~ Golf Cart ~ Community Pool ~ Balcony,My Vacation Haven,,107981,132278,553.75,85.15,229,2,2,6,true,false,true,true,true,false,true,Home/Apartment,Condominium (condo),Apt/Condo/Loft,4.8,41,3,21+,Luxury,false,565,true,195,31,2026-05-11,Santa Rosa/Rosemary Beach,Miramar Beach,Miramar Beach,Florida,32550,United States,coastal,https://www.airbnb.com/rooms/36804507,https://a0.muscache.com/im/pictures/hosting/Hosting-36804507/original/d9182921-266a-4cc8-b2ac-58e1e72b3cee.jpeg,36804507,1711072,30.3705,-86.331,"=AVERAGE($G$2:$G$554)","=AVERAGE($D$2:$D$554)","=IFERROR(($AT329-G329)/$AT329,0)","=IFERROR(($AU329-D329)/$AU329,0)","=$AU329-D329"
2 Bedroom Condo Beach Resort Wyndham Majestic Sun,Rentshare,,107841,192032,787.16,100,167,2,2,8,true,true,true,true,true,false,true,Home/Apartment,Condominium (condo),Apt/Condo/Loft,0,0,2,21+,Luxury,true,0,false,137,41,2026-05-11,Santa Rosa/Rosemary Beach,Miramar Beach,Miramar Beach,Florida,32550,United States,coastal,https://www.airbnb.com/rooms/1518944757374937639,https://a0.muscache.com/im/pictures/hosting/Hosting-1518944757374937639/original/ace5d7ec-304f-4aab-a8f0-589ed9505af1.jpeg,1518944757374937639,4549014,30.3759154674,-86.3680216143,"=AVERAGE($G$2:$G$554)","=AVERAGE($D$2:$D$554)","=IFERROR(($AT330-G330)/$AT330,0)","=IFERROR(($AU330-D330)/$AU330,0)","=$AU330-D330"
Amazing 2 Bedroom Gulf Front Condo at Hidden Dunes,Newman-Dailey,,107172,127990,512.78,82.61,253,2,2,6,true,true,true,true,true,false,true,Home/Apartment,Condominium (condo),Apt/Condo/Loft,4.3,4,3,21+,Luxury,false,226,true,209,33,2026-03-06,Santa Rosa/Rosemary Beach,Miramar Beach,Miramar Beach,Florida,32550,United States,coastal,https://www.vrbo.com/9757392ha,"https://media.vrbo.com/lodging/90000000/89350000/89348100/89348086/97a655a9.jpg?impolicy=resizecrop&rw=1200&ra=fit",,9757392ha,30.37164,-86.33915,"=AVERAGE($G$2:$G$554)","=AVERAGE($D$2:$D$554)","=IFERROR(($AT331-G331)/$AT331,0)","=IFERROR(($AU331-D331)/$AU331,0)","=$AU331-D331"
"Beautiful, Remodeled Beach Front Condo - Stunning",Newman-Dailey,,107106,119885,507.61,72.51,306,2,2,6,true,false,true,true,true,false,true,Home/Apartment,Condominium (condo),Apt/Condo/Loft,4.65,8,3,21+,Luxury,true,398,true,211,39,2026-05-17,Santa Rosa/Rosemary Beach,Miramar Beach,Miramar Beach,Florida,32550,United States,coastal,https://www.airbnb.com/rooms/48347029,https://a0.muscache.com/im/pictures/prohost-api/Hosting-48347029/original/9339f35f-bed1-4c1d-a572-fd2e3b6554d2.jpeg,48347029,9417499ha,30.3717,-86.3392,"=AVERAGE($G$2:$G$554)","=AVERAGE($D$2:$D$554)","=IFERROR(($AT332-G332)/$AT332,0)","=IFERROR(($AU332-D332)/$AU332,0)","=$AU332-D332"
Beachfront Wraparound Balcony ~ Golf Cart ~ Pool,My Vacation Haven,,106879,131787,643.85,69.75,240,2,2,6,true,false,true,true,true,false,true,Home/Apartment,Condominium (condo),Apt/Condo/Loft,4.6,19,3,21+,Luxury,false,526,true,166,36,2026-05-13,Santa Rosa/Rosemary Beach,Miramar Beach,Miramar Beach,Florida,32550,United States,coastal,https://www.airbnb.com/rooms/917998832090747965,https://a0.muscache.com/im/pictures/prohost-api/Hosting-917998832090747965/original/e3cd0474-fc98-4968-a5d2-73a4387f885c.jpeg,917998832090747965,3339401,30.3699,-86.33,"=AVERAGE($G$2:$G$554)","=AVERAGE($D$2:$D$554)","=IFERROR(($AT333-G333)/$AT333,0)","=IFERROR(($AU333-D333)/$AU333,0)","=$AU333-D333"
Listen to the Waves Crash from this Beautiful,Newman-Dailey,,106077,109971,461.2,75.16,318,2,2,6,true,false,false,true,true,false,false,Home/Apartment,Townhouse,Apt/Condo/Loft,4.5,68,1,21+,Luxury,true,350,true,230,53,2026-05-17,Santa Rosa/Rosemary Beach,Miramar Beach,Miramar Beach,Florida,32550,United States,coastal,https://www.airbnb.com/rooms/53623484,https://a0.muscache.com/im/pictures/prohost-api/Hosting-53623484/original/4bc5fc8f-587c-42a5-81ab-a67e2093ae2b.jpeg,53623484,3828571ha,30.3771,-86.3812,"=AVERAGE($G$2:$G$554)","=AVERAGE($D$2:$D$554)","=IFERROR(($AT334-G334)/$AT334,0)","=IFERROR(($AU334-D334)/$AU334,0)","=$AU334-D334"
Pet Friendly & Gulf Front Destin FL,Coastline Condos Vacation Rentals,,105559,122848,460.96,76.33,304,2,2,6,true,true,true,true,true,true,true,Home/Apartment,Condominium (condo),Apt/Condo/Loft,4.6,64,2,21+,Luxury,true,466,true,229,40,2026-05-11,Santa Rosa/Rosemary Beach,Miramar Beach,Miramar Beach,Florida,32550,United States,coastal,https://www.airbnb.com/rooms/30495751,https://a0.muscache.com/im/pictures/prohost-api/Hosting-30495751/original/131cdd12-5f00-49d5-8214-e5a3fcac6ef3.jpeg,30495751,1502973,30.37942,-86.39296,"=AVERAGE($G$2:$G$554)","=AVERAGE($D$2:$D$554)","=IFERROR(($AT335-G335)/$AT335,0)","=IFERROR(($AU335-D335)/$AU335,0)","=$AU335-D335"
Westwinds 2BR Gulf Front w/ Golf Cart,Sandestin Golf And Beach Resort,,104899,127635,555.02,79.08,264,2,2,6,true,true,false,true,true,false,true,Home/Apartment,Condominium (condo),Apt/Condo/Loft,4.35,3,1,21+,Luxury,false,155,true,189,42,2026-05-17,Santa Rosa/Rosemary Beach,Miramar Beach,Miramar Beach,Florida,32550,United States,coastal,https://www.airbnb.com/rooms/1103060016967087325,https://a0.muscache.com/im/pictures/prohost-api/Hosting-1103060016967087325/original/f3987d78-d0ef-4bec-8eb4-d8017da5c56d.jpeg,1103060016967087325,3816449,30.372,-86.3333,"=AVERAGE($G$2:$G$554)","=AVERAGE($D$2:$D$554)","=IFERROR(($AT336-G336)/$AT336,0)","=IFERROR(($AU336-D336)/$AU336,0)","=$AU336-D336"
Luxurious 2 BR Condo in a Great location near,Newman-Dailey,,103016,107471,500.08,75.46,280,2,2,7,true,false,true,true,true,false,true,Home/Apartment,Condominium (condo),Apt/Condo/Loft,4.75,26,1,21+,Luxury,true,380,true,206,39,2026-05-11,Santa Rosa/Rosemary Beach,Miramar Beach,Miramar Beach,Florida,32550,United States,coastal,https://www.airbnb.com/rooms/48749811,https://a0.muscache.com/im/pictures/prohost-api/Hosting-48749811/original/dd56afcc-8ddb-44c9-8eae-730f6cc48b16.jpeg,48749811,3481946ha,30.3785,-86.3835,"=AVERAGE($G$2:$G$554)","=AVERAGE($D$2:$D$554)","=IFERROR(($AT337-G337)/$AT337,0)","=IFERROR(($AU337-D337)/$AU337,0)","=$AU337-D337"
***DIRECT GULF VIEWS**FREE UMBRELLA SERVICE**PET FRIENDLY**UPSCALE CONDO**,,,102478,110400,416.58,80.92,311,2,2,6,true,true,true,true,true,true,true,Home/Apartment,Condominium (condo),Apt/Condo/Loft,4.9,135,6,1,Luxury,false,149,true,246,31,2026-05-15,Santa Rosa/Rosemary Beach,Miramar Beach,Miramar Beach,Florida,32550,United States,coastal,https://www.vrbo.com/1518736,"https://media.vrbo.com/lodging/34000000/33180000/33171400/33171317/ae13605d.jpg?impolicy=resizecrop&rw=1200&ra=fit",,1518736,30.37909,-86.391949,"=AVERAGE($G$2:$G$554)","=AVERAGE($D$2:$D$554)","=IFERROR(($AT338-G338)/$AT338,0)","=IFERROR(($AU338-D338)/$AU338,0)","=$AU338-D338"
Amazing 2 bedroom Gulf Front Condo at Hidden Dunes,Newman-Dailey,,101903,127196,522.58,82.28,265,2,2,6,true,false,true,true,true,false,true,Home/Apartment,Condominium (condo),Apt/Condo/Loft,4.45,32,3,21+,Luxury,true,340,true,195,33,2026-03-01,Santa Rosa/Rosemary Beach,Miramar Beach,Miramar Beach,Florida,32550,United States,coastal,https://www.airbnb.com/rooms/808638589046714665,https://a0.muscache.com/im/pictures/prohost-api/Hosting-808638589046714665/original/e0440243-88e4-4f48-84e1-797b910d7a10.jpeg,808638589046714665,3975998ha,30.37274,-86.34021,"=AVERAGE($G$2:$G$554)","=AVERAGE($D$2:$D$554)","=IFERROR(($AT339-G339)/$AT339,0)","=IFERROR(($AU339-D339)/$AU339,0)","=$AU339-D339"
Quiet Surf #8*OnBeach*BchSvc+Gear*SunsetViews*,Frangista Beach Properties,,101289,135462,708.31,83.63,286,2,2,10,true,false,false,true,true,false,false,Home/Apartment,Townhouse,Apt/Condo/Loft,4.8,116,1,21+,Luxury,true,1512,true,143,23,2026-05-13,Santa Rosa/Rosemary Beach,Miramar Beach,Miramar Beach,Florida,32550,United States,coastal,https://www.airbnb.com/rooms/1279087769394746534,https://a0.muscache.com/im/pictures/prohost-api/Hosting-1279087769394746534/original/14d9cf3e-4165-4b07-b4b8-0e0db519bb21.jpeg,1279087769394746534,3838071ha,30.3792,-86.397,"=AVERAGE($G$2:$G$554)","=AVERAGE($D$2:$D$554)","=IFERROR(($AT340-G340)/$AT340,0)","=IFERROR(($AU340-D340)/$AU340,0)","=$AU340-D340"
Beach House 504D - Shiplap by the Shore,Beach Stays Vacations,,101152,105111,498.29,82.86,325,2,2,6,true,true,false,true,true,false,true,Home/Apartment,Condominium (condo),Apt/Condo/Loft,5,25,3,21+,Luxury,true,770,false,203,39,2026-05-11,Santa Rosa/Rosemary Beach,Miramar Beach,Miramar Beach,Florida,32550,United States,coastal,https://www.airbnb.com/rooms/1344498694735132238,https://a0.muscache.com/im/pictures/prohost-api/Hosting-1344498694735132238/original/a8249d42-8f2b-4025-a013-eff738ba33d2.jpeg,1344498694735132238,4406086,30.3745,-86.3599,"=AVERAGE($G$2:$G$554)","=AVERAGE($D$2:$D$554)","=IFERROR(($AT341-G341)/$AT341,0)","=IFERROR(($AU341-D341)/$AU341,0)","=$AU341-D341"
Majestic Sun 1109A - 180 Degree Unobstructed Gulf,Seascape Resort,,101090,119969,490.73,79.23,260,2,2,8,true,true,true,true,true,false,true,Home/Apartment,Condominium (condo),Apt/Condo/Loft,4.4,21,1,21+,Luxury,false,200,true,206,35,2025-12-21,Santa Rosa/Rosemary Beach,Miramar Beach,Miramar Beach,Florida,32550,United States,coastal,https://www.airbnb.com/rooms/1082737983636440600,https://a0.muscache.com/im/pictures/prohost-api/Hosting-1082737983636440600/original/6e86e3c5-e96b-47d0-8674-2ba1368173d9.jpeg,1082737983636440600,3395736,30.375631,-86.36888,"=AVERAGE($G$2:$G$554)","=AVERAGE($D$2:$D$554)","=IFERROR(($AT342-G342)/$AT342,0)","=IFERROR(($AU342-D342)/$AU342,0)","=$AU342-D342"
Beachfront Coastal Luxury  ~ Renovated,My Vacation Haven,,101012,110548,548.98,67.4,281,2,2,6,true,false,true,true,true,false,true,Home/Apartment,Condominium (condo),Apt/Condo/Loft,5,186,3,21+,Luxury,false,520,true,184,42,2026-05-13,Santa Rosa/Rosemary Beach,Miramar Beach,Miramar Beach,Florida,32550,United States,coastal,https://www.airbnb.com/rooms/1066699010255746344,https://a0.muscache.com/im/pictures/prohost-api/Hosting-1066699010255746344/original/d2665988-5fa5-46de-8b5a-5c4adc57eda4.jpeg,1066699010255746344,3749633,30.3697,-86.33,"=AVERAGE($G$2:$G$554)","=AVERAGE($D$2:$D$554)","=IFERROR(($AT343-G343)/$AT343,0)","=IFERROR(($AU343-D343)/$AU343,0)","=$AU343-D343"
Beachfront ~ Gulf Views ~ Pool,My Vacation Haven,,100752,148116,618.11,75.81,215,2,2,6,true,false,true,true,true,false,true,Home/Apartment,Condominium (condo),Apt/Condo/Loft,4.4,36,3,21+,Luxury,false,622,true,163,31,2026-05-13,Santa Rosa/Rosemary Beach,Miramar Beach,Miramar Beach,Florida,32550,United States,coastal,https://www.airbnb.com/rooms/51122600,https://a0.muscache.com/im/pictures/prohost-api/Hosting-51122600/original/df8c31ab-a324-465e-9858-9dc8040574f0.jpeg,51122600,2395410,30.3711,-86.3338,"=AVERAGE($G$2:$G$554)","=AVERAGE($D$2:$D$554)","=IFERROR(($AT344-G344)/$AT344,0)","=IFERROR(($AU344-D344)/$AU344,0)","=$AU344-D344"
Gulf Front ~ Balcony ~ Seasonally Heated Pool,My Vacation Haven,,100667,125885,505.86,75.38,291,2,2,6,true,false,true,true,true,false,true,Home/Apartment,Condominium (condo),Apt/Condo/Loft,4.7,47,3,21+,Luxury,false,545,true,199,30,2026-05-11,Santa Rosa/Rosemary Beach,Miramar Beach,Miramar Beach,Florida,32550,United States,coastal,https://www.airbnb.com/rooms/32757033,https://a0.muscache.com/im/pictures/prohost-api/Hosting-32757033/original/a2017e5d-07a1-4d21-b76d-dfb0fb12792b.jpeg,32757033,1566824,30.3709,-86.3338,"=AVERAGE($G$2:$G$554)","=AVERAGE($D$2:$D$554)","=IFERROR(($AT345-G345)/$AT345,0)","=IFERROR(($AU345-D345)/$AU345,0)","=$AU345-D345"
Beach Front ~ Gulf Views ~ Spacious Balcony,My Vacation Haven,,100306,113589,569.92,69.57,291,2,2,6,true,false,true,true,true,false,true,Home/Apartment,Condominium (condo),Apt/Condo/Loft,4.4,41,3,21+,Luxury,false,544,true,176,33,2026-05-11,Santa Rosa/Rosemary Beach,Miramar Beach,Miramar Beach,Florida,32550,United States,coastal,https://www.airbnb.com/rooms/23265328,https://a0.muscache.com/im/pictures/prohost-api/Hosting-23265328/original/32449f1b-ca55-44b5-81a0-a0f5b446a1f2.jpeg,23265328,808876,30.3709,-86.3337,"=AVERAGE($G$2:$G$554)","=AVERAGE($D$2:$D$554)","=IFERROR(($AT346-G346)/$AT346,0)","=IFERROR(($AU346-D346)/$AU346,0)","=$AU346-D346"
The Crescent 205,Scenic Stays,,99466,108972,426.89,75.9,316,2,2,8,true,true,true,true,true,false,true,Home/Apartment,Condominium (condo),Apt/Condo/Loft,5,4,3,21+,Luxury,false,463,true,233,38,2026-05-11,Santa Rosa/Rosemary Beach,Miramar Beach,Santa Rosa Beach,Florida,32459,United States,coastal,https://www.airbnb.com/rooms/755765715841350503,https://a0.muscache.com/im/pictures/prohost-api/Hosting-755765715841350503/original/68784368-475e-4c87-af33-176e61cffbf1.jpeg,755765715841350503,,30.37365,-86.35742,"=AVERAGE($G$2:$G$554)","=AVERAGE($D$2:$D$554)","=IFERROR(($AT347-G347)/$AT347,0)","=IFERROR(($AU347-D347)/$AU347,0)","=$AU347-D347"
Lakefront 101 -Literally steps to the beach,Seascape Resort,,98639,105251,566.89,66.92,279,2,2,8,true,true,false,true,true,false,true,Home/Apartment,Condominium (condo),Apt/Condo/Loft,5,4,2,21+,Luxury,false,261,true,174,36,2026-05-11,Santa Rosa/Rosemary Beach,Miramar Beach,Miramar Beach,Florida,32550,United States,coastal,https://www.airbnb.com/rooms/1315926063964888505,https://a0.muscache.com/im/pictures/prohost-api/Hosting-1315926063964888505/original/fb30b7c9-ae1a-42de-924e-11d43616332d.jpeg,1315926063964888505,4321715,30.3765,-86.3715,"=AVERAGE($G$2:$G$554)","=AVERAGE($D$2:$D$554)","=IFERROR(($AT348-G348)/$AT348,0)","=IFERROR(($AU348-D348)/$AU348,0)","=$AU348-D348"
Beach Front 2 Bedroom Condo at Hidden Dunes,Newman-Dailey,,98358,105009,457.48,75.7,299,2,2,6,true,false,true,true,true,false,true,Home/Apartment,Condominium (condo),Apt/Condo/Loft,5,8,3,21+,Luxury,true,376,true,215,42,2026-05-17,Santa Rosa/Rosemary Beach,Miramar Beach,Miramar Beach,Florida,32550,United States,coastal,https://www.airbnb.com/rooms/1085501279054428924,https://a0.muscache.com/im/pictures/hosting/Hosting-1085501279054428924/original/f2399132-f2ed-4f9d-b0e1-b9ca5884c470.jpeg,1085501279054428924,9926125ha,30.3716,-86.3394,"=AVERAGE($G$2:$G$554)","=AVERAGE($D$2:$D$554)","=IFERROR(($AT349-G349)/$AT349,0)","=IFERROR(($AU349-D349)/$AU349,0)","=$AU349-D349"
Newly Updated ~ Two Private Balconies ~ Gulf Front,My Vacation Haven,,98050,98919,513.35,82.68,263,2,2,7,true,false,true,true,true,false,true,Home/Apartment,Condominium (condo),Apt/Condo/Loft,4.3,31,3,21+,Luxury,false,520,true,191,33,2026-05-17,Santa Rosa/Rosemary Beach,Miramar Beach,Miramar Beach,Florida,32550,United States,coastal,https://www.airbnb.com/rooms/32756651,https://a0.muscache.com/im/pictures/prohost-api/Hosting-32756651/original/616d9dac-49ef-4ba6-ba79-0917bba17bd7.jpeg,32756651,563763,30.3711,-86.3331,"=AVERAGE($G$2:$G$554)","=AVERAGE($D$2:$D$554)","=IFERROR(($AT350-G350)/$AT350,0)","=IFERROR(($AU350-D350)/$AU350,0)","=$AU350-D350"
Designer 2BR Beachfront Condo at Hidden Dunes! Tro,Beach Blue Properties,,97895,114504,479.88,78.46,285,2,2,6,true,true,true,true,true,false,true,Home/Apartment,Condominium (condo),Apt/Condo/Loft,4.8,94,3,21+,Luxury,false,412,true,204,32,2026-05-14,Santa Rosa/Rosemary Beach,Miramar Beach,Miramar Beach,Florida,32550,United States,coastal,https://www.airbnb.com/rooms/1430432552698967922,https://a0.muscache.com/im/pictures/prohost-api/Hosting-1430432552698967922/original/61f0913f-d10c-4909-ae0a-aac4065f0110.jpeg,1430432552698967922,1632320,30.3715,-86.3391,"=AVERAGE($G$2:$G$554)","=AVERAGE($D$2:$D$554)","=IFERROR(($AT351-G351)/$AT351,0)","=IFERROR(($AU351-D351)/$AU351,0)","=$AU351-D351"
6-Seat Golf Cart ~ Beach Front ~ Private Balcony,My Vacation Haven,,97456,128368,612.93,69.43,237,2,2,6,true,false,true,true,true,false,true,Home/Apartment,Condominium (condo),Apt/Condo/Loft,4.8,33,3,21+,Luxury,false,634,true,159,35,2026-05-11,Santa Rosa/Rosemary Beach,Miramar Beach,Miramar Beach,Florida,32550,United States,coastal,https://www.airbnb.com/rooms/32756778,https://a0.muscache.com/im/pictures/prohost-api/Hosting-32756778/original/a70b695a-bd97-4af6-954e-b370d09b1dcb.jpeg,32756778,971844,30.371,-86.334,"=AVERAGE($G$2:$G$554)","=AVERAGE($D$2:$D$554)","=IFERROR(($AT352-G352)/$AT352,0)","=IFERROR(($AU352-D352)/$AU352,0)","=$AU352-D352"
Gulf Front • Beach Service • Beachside Pool,303539550,,96991,114093,425.4,77.03,296,2,2,6,true,true,false,true,true,false,true,Home/Apartment,Condominium (condo),Apt/Condo/Loft,5,103,3,2-5,Luxury,true,300,false,228,34,2026-05-13,Santa Rosa/Rosemary Beach,Miramar Beach,Miramar Beach,Florida,32550,United States,coastal,https://www.airbnb.com/rooms/548422441277654542,https://a0.muscache.com/im/pictures/hosting/Hosting-548422441277654542/original/7a38fc33-d5e3-4eb8-9069-ea7f7f5b9fad.png,548422441277654542,,30.3747,-86.3597,"=AVERAGE($G$2:$G$554)","=AVERAGE($D$2:$D$554)","=IFERROR(($AT353-G353)/$AT353,0)","=IFERROR(($AU353-D353)/$AU353,0)","=$AU353-D353"
"Beach Retreat 111, Renovated 3 Bed, 3 Bath, Family and Pet Friendly ",,,96545,106845,510.82,75.3,282,,3,6,true,true,true,true,true,true,true,Home/Apartment,Condominium (condo),Apt/Condo/Loft,5,59,7,1,Luxury,false,200,true,189,31,2026-05-14,Santa Rosa/Rosemary Beach,Miramar Beach,Miramar Beach,Florida,32550,United States,coastal,https://www.vrbo.com/1921458,"https://media.vrbo.com/lodging/49000000/48530000/48529500/48529486/06fc6501.jpg?impolicy=resizecrop&rw=1200&ra=fit",,1921458,30.379316,-86.393202,"=AVERAGE($G$2:$G$554)","=AVERAGE($D$2:$D$554)","=IFERROR(($AT354-G354)/$AT354,0)","=IFERROR(($AU354-D354)/$AU354,0)","=$AU354-D354"
Beautiful Sunset paradise with New Golf Cart 4811,Platinum Vacations of Destin,,96222,100779,485.97,63.06,340,2,2,7,true,true,false,true,true,false,true,Home/Apartment,Condominium (condo),Apt/Condo/Loft,4.8,51,3,21+,Luxury,true,494,true,198,39,2026-05-13,Santa Rosa/Rosemary Beach,Miramar Beach,Miramar Beach,Florida,32550,United States,coastal,https://www.airbnb.com/rooms/1176960677161927547,https://a0.muscache.com/im/pictures/prohost-api/Hosting-1176960677161927547/original/3a0fcd1c-3201-4cb4-90af-58cbb4c40c8b.png,1176960677161927547,1406259,30.3713,-86.3338,"=AVERAGE($G$2:$G$554)","=AVERAGE($D$2:$D$554)","=IFERROR(($AT355-G355)/$AT355,0)","=IFERROR(($AU355-D355)/$AU355,0)","=$AU355-D355"
"Balcony Views of Sunset, Beach, Pool",Newman-Dailey,,95577,99411,475.51,68.6,304,2,2,6,true,false,true,true,true,false,true,Home/Apartment,Condominium (condo),Apt/Condo/Loft,4.65,14,1,21+,Luxury,true,415,true,201,41,2026-05-13,Santa Rosa/Rosemary Beach,Miramar Beach,Miramar Beach,Florida,32550,United States,coastal,https://www.airbnb.com/rooms/48750299,https://a0.muscache.com/im/pictures/prohost-api/Hosting-48750299/original/37aa169f-dd38-4914-9a42-a81801d15710.jpeg,48750299,3828584ha,30.3783,-86.3834,"=AVERAGE($G$2:$G$554)","=AVERAGE($D$2:$D$554)","=IFERROR(($AT356-G356)/$AT356,0)","=IFERROR(($AU356-D356)/$AU356,0)","=$AU356-D356"
Beachfront Balcony ~ Renovated ~ Golf Cart,My Vacation Haven,,95323,102534,526.65,67.29,276,2,2,6,true,false,true,true,true,false,true,Home/Apartment,Condominium (condo),Apt/Condo/Loft,4.7,54,3,21+,Luxury,false,571,true,181,40,2026-05-17,Santa Rosa/Rosemary Beach,Miramar Beach,Miramar Beach,Florida,32550,United States,coastal,https://www.airbnb.com/rooms/40964079,https://a0.muscache.com/im/pictures/prohost-api/Hosting-40964079/original/581f97b2-2acd-4c3d-b056-20ab9c386950.jpeg,40964079,1855561,30.3699,-86.3298,"=AVERAGE($G$2:$G$554)","=AVERAGE($D$2:$D$554)","=IFERROR(($AT357-G357)/$AT357,0)","=IFERROR(($AU357-D357)/$AU357,0)","=$AU357-D357"
Ground Floor Condo with Gorgeous Views,Newman-Dailey,,95294,116776,595.59,65.04,293,2,2,8,true,false,true,true,true,false,true,Home/Apartment,Condominium (condo),Apt/Condo/Loft,5,7,1,21+,Luxury,true,414,true,160,24,2026-05-13,Santa Rosa/Rosemary Beach,Miramar Beach,Miramar Beach,Florida,32550,United States,coastal,https://www.airbnb.com/rooms/1044177132129503707,https://a0.muscache.com/im/pictures/prohost-api/Hosting-1044177132129503707/original/39d04dc2-91ee-4a54-bfab-bcbb3633ba5b.jpeg,1044177132129503707,9906976ha,30.3784,-86.3834,"=AVERAGE($G$2:$G$554)","=AVERAGE($D$2:$D$554)","=IFERROR(($AT358-G358)/$AT358,0)","=IFERROR(($AU358-D358)/$AU358,0)","=$AU358-D358"
Hidden Dunes Gulfside 502-Great views & Amenities!,Emerald Coast Vacation Rentals,,95181,121918,665.6,57.66,300,2,2,6,true,false,false,true,true,false,true,Home/Apartment,Condominium (condo),Apt/Condo/Loft,4.55,19,3,21+,Luxury,false,250,true,143,32,2026-02-03,Santa Rosa/Rosemary Beach,Miramar Beach,Miramar Beach,Florida,32550,United States,coastal,https://www.airbnb.com/rooms/1403076172015569115,https://a0.muscache.com/im/pictures/prohost-api/Hosting-1403076172015569115/original/330a79c3-3890-4cc8-b6fb-646145279d7f.jpeg,1403076172015569115,2372260,30.3723383307,-86.3390595291,"=AVERAGE($G$2:$G$554)","=AVERAGE($D$2:$D$554)","=IFERROR(($AT359-G359)/$AT359,0)","=IFERROR(($AU359-D359)/$AU359,0)","=$AU359-D359"
Life's A Breeze Here! Gulf Front 2BR Edgewater 606,Solely Beachfront,,94983,100351,519.03,74.69,289,2,2,6,true,true,true,true,true,false,true,Home/Apartment,Apartment,Apt/Condo/Loft,4.8,32,3,21+,Luxury,true,421,true,183,29,2026-05-13,Santa Rosa/Rosemary Beach,Miramar Beach,Miramar Beach,Florida,32550,United States,coastal,https://www.airbnb.com/rooms/46658954,https://a0.muscache.com/im/pictures/prohost-api/Hosting-46658954/original/5610c8a1-4db6-45b2-8e61-431d2442610a.jpeg,46658954,2131570,30.3747,-86.353,"=AVERAGE($G$2:$G$554)","=AVERAGE($D$2:$D$554)","=IFERROR(($AT360-G360)/$AT360,0)","=IFERROR(($AU360-D360)/$AU360,0)","=$AU360-D360"
Gulf Front 4th Floor Condo,Newman-Dailey,,94720,117343,560.47,75.11,250,2,2,6,true,false,true,true,true,false,true,Home/Apartment,Condominium (condo),Apt/Condo/Loft,4.95,23,3,21+,Luxury,true,349,true,169,23,2026-04-01,Santa Rosa/Rosemary Beach,Miramar Beach,Miramar Beach,Florida,32550,United States,coastal,https://www.airbnb.com/rooms/48346702,https://a0.muscache.com/im/pictures/prohost-api/Hosting-48346702/original/81d63020-28d7-4377-a087-430b95f58f74.jpeg,48346702,9417500ha,30.3717,-86.339,"=AVERAGE($G$2:$G$554)","=AVERAGE($D$2:$D$554)","=IFERROR(($AT361-G361)/$AT361,0)","=IFERROR(($AU361-D361)/$AU361,0)","=$AU361-D361"
Golf Cart ~ Gulf Front ~ Private Balcony,My Vacation Haven,,94607,103132,422.35,72.96,337,1,1,4,true,false,true,true,true,false,true,Home/Apartment,Condominium (condo),Apt/Condo/Loft,4.7,65,3,21+,Luxury,false,375,true,224,40,2026-05-17,Santa Rosa/Rosemary Beach,Miramar Beach,Miramar Beach,Florida,32550,United States,coastal,https://www.airbnb.com/rooms/23265423,https://a0.muscache.com/im/pictures/prohost-api/Hosting-23265423/original/0e4b79ef-7642-4d58-8d00-86bf4563fede.jpeg,23265423,1224614,30.3709,-86.3339,"=AVERAGE($G$2:$G$554)","=AVERAGE($D$2:$D$554)","=IFERROR(($AT362-G362)/$AT362,0)","=IFERROR(($AU362-D362)/$AU362,0)","=$AU362-D362"
Beachside 1 4144 - penthouse gulf condo with a hug,Gibson Beach Rentals,,94276,112643,442.61,81.61,267,2,2,6,true,true,true,true,true,false,true,Home/Apartment,Condominium (condo),Apt/Condo/Loft,4.7,123,1,21+,Luxury,true,298,true,213,41,2026-05-17,Santa Rosa/Rosemary Beach,Miramar Beach,Miramar Beach,Florida,32550,United States,coastal,https://www.airbnb.com/rooms/23701326,https://a0.muscache.com/im/pictures/prohost-api/Hosting-23701326/original/00acddcb-a681-4e8a-8bda-e6f3825a6545.jpeg,23701326,36094,30.36959,-86.3317,"=AVERAGE($G$2:$G$554)","=AVERAGE($D$2:$D$554)","=IFERROR(($AT363-G363)/$AT363,0)","=IFERROR(($AU363-D363)/$AU363,0)","=$AU363-D363"
Gulf Front ~ Steps to Beach ~ Balcony,My Vacation Haven,,94093,104822,503.17,65.61,292,2,2,6,true,false,true,true,true,false,true,Home/Apartment,Condominium (condo),Apt/Condo/Loft,4.6,58,3,21+,Luxury,false,520,true,187,33,2026-05-13,Santa Rosa/Rosemary Beach,Miramar Beach,Miramar Beach,Florida,32550,United States,coastal,https://www.airbnb.com/rooms/32756859,https://a0.muscache.com/im/pictures/prohost-api/Hosting-32756859/original/8127caee-cc65-476c-8903-4d9a4a28f299.jpeg,32756859,971798,30.3711,-86.3331,"=AVERAGE($G$2:$G$554)","=AVERAGE($D$2:$D$554)","=IFERROR(($AT364-G364)/$AT364,0)","=IFERROR(($AU364-D364)/$AU364,0)","=$AU364-D364"
Beachfront ~ Golf Cart ~ Community Pool ~ Gym,My Vacation Haven,,93518,119093,615.25,63.33,265,2,2,6,true,false,true,true,true,false,true,Home/Apartment,Condominium (condo),Apt/Condo/Loft,4.5,52,3,21+,Luxury,false,564,true,152,34,2026-05-11,Santa Rosa/Rosemary Beach,Miramar Beach,Miramar Beach,Florida,32550,United States,coastal,https://www.airbnb.com/rooms/23265307,https://a0.muscache.com/im/pictures/prohost-api/Hosting-23265307/original/21974369-895f-4509-8575-803f92d6c125.jpeg,23265307,1233573,30.3703,-86.3312,"=AVERAGE($G$2:$G$554)","=AVERAGE($D$2:$D$554)","=IFERROR(($AT365-G365)/$AT365,0)","=IFERROR(($AU365-D365)/$AU365,0)","=$AU365-D365"
Bay Front ~ Golf Cart ~ Pet Friendly,My Vacation Haven,,93211,143567,520.73,82.11,237,2,2,6,true,false,false,true,true,true,true,Home/Apartment,Townhouse,Apt/Condo/Loft,4.4,23,2,21+,Luxury,false,617,true,179,32,2026-05-16,Santa Rosa/Rosemary Beach,Miramar Beach,Miramar Beach,Florida,32550,United States,coastal,https://www.airbnb.com/rooms/720265710485896349,https://a0.muscache.com/im/pictures/hosting/Hosting-720265710485896349/original/64cb9caf-9b84-4fe7-ab53-9b4b2f50170c.jpeg,720265710485896349,1996326,30.3858,-86.3383,"=AVERAGE($G$2:$G$554)","=AVERAGE($D$2:$D$554)","=IFERROR(($AT366-G366)/$AT366,0)","=IFERROR(($AU366-D366)/$AU366,0)","=$AU366-D366"
"Sunset Views, Large Pool, Near Beach",Newman-Dailey,,92888,99581,556.22,61.17,274,2,2,7,true,false,true,true,true,false,true,Home/Apartment,Condominium (condo),Apt/Condo/Loft,4.85,26,1,21+,Luxury,true,414,true,167,37,2026-05-11,Santa Rosa/Rosemary Beach,Miramar Beach,Miramar Beach,Florida,32550,United States,coastal,https://www.airbnb.com/rooms/53624769,https://a0.muscache.com/im/pictures/prohost-api/Hosting-53624769/original/9442c7ef-27cf-4b17-b658-9d93ede00371.jpeg,53624769,3638526ha,30.3783,-86.3834,"=AVERAGE($G$2:$G$554)","=AVERAGE($D$2:$D$554)","=IFERROR(($AT367-G367)/$AT367,0)","=IFERROR(($AU367-D367)/$AU367,0)","=$AU367-D367"
Zen Retreat ON Beach|Golfcart*|Oceanview|SanDestin,74836152,,92559,100988,334.15,84.97,326,,1,4,true,true,false,true,true,false,true,Home/Apartment,Condominium (condo),Apt/Condo/Loft,4.95,172,3,2-5,Luxury,true,150,false,277,78,2026-05-11,Santa Rosa/Rosemary Beach,Miramar Beach,Miramar Beach,Florida,32550,United States,coastal,https://www.airbnb.com/rooms/854966593426192736,https://a0.muscache.com/im/pictures/miso/Hosting-854966593426192736/original/cb6337d0-f8b6-476c-acf5-3f2f4e0faed3.jpeg,854966593426192736,,30.3693,-86.3299,"=AVERAGE($G$2:$G$554)","=AVERAGE($D$2:$D$554)","=IFERROR(($AT368-G368)/$AT368,0)","=IFERROR(($AU368-D368)/$AU368,0)","=$AU368-D368"
"Windancer 309. New Listing Specials! Gulf Front, F",Modern Beach Vacation Rentals,,91988,97049,377,85.92,336,1,1,6,true,true,false,true,false,false,true,Home/Apartment,Condominium (condo),Apt/Condo/Loft,4.9,19,1,21+,Luxury,false,408,true,244,42,2026-05-11,Santa Rosa/Rosemary Beach,Miramar Beach,Miramar Beach,Florida,32550,United States,coastal,https://www.airbnb.com/rooms/1329893208923473682,https://a0.muscache.com/im/pictures/prohost-api/Hosting-1329893208923473682/original/f7adb790-1a8f-44b4-bec5-0e9c42e31b7a.jpeg,1329893208923473682,4366133,30.3734,-86.3516,"=AVERAGE($G$2:$G$554)","=AVERAGE($D$2:$D$554)","=IFERROR(($AT369-G369)/$AT369,0)","=IFERROR(($AU369-D369)/$AU369,0)","=$AU369-D369"
Beachfront Balcony ~ Golf Cart ~ Pool,My Vacation Haven,,91544,104713,526.11,61.05,302,2,2,7,true,false,true,true,true,false,true,Home/Apartment,Condominium (condo),Apt/Condo/Loft,4.8,36,3,21+,Luxury,false,571,true,174,42,2026-05-11,Santa Rosa/Rosemary Beach,Miramar Beach,Miramar Beach,Florida,32550,United States,coastal,https://www.airbnb.com/rooms/54245838,https://a0.muscache.com/im/pictures/prohost-api/Hosting-54245838/original/da52c5df-e174-4aee-a0b4-cb9115557fe6.jpeg,54245838,2615036,30.3704,-86.3304,"=AVERAGE($G$2:$G$554)","=AVERAGE($D$2:$D$554)","=IFERROR(($AT370-G370)/$AT370,0)","=IFERROR(($AU370-D370)/$AU370,0)","=$AU370-D370"
The Crescent 203,Scenic Stays,,91439,112610,528.55,79.36,246,2,2,8,true,true,true,true,true,false,true,Home/Apartment,Condominium (condo),Apt/Condo/Loft,5,19,1,21+,Luxury,false,464,true,173,38,2026-05-11,Santa Rosa/Rosemary Beach,Miramar Beach,Miramar Beach,Florida,32550,United States,coastal,https://www.airbnb.com/rooms/735537439990064219,https://a0.muscache.com/im/pictures/prohost-api/Hosting-735537439990064219/original/f966ae52-b3f5-4fe8-b370-23ba7c491f40.jpeg,735537439990064219,2999577,30.37391,-86.35805,"=AVERAGE($G$2:$G$554)","=AVERAGE($D$2:$D$554)","=IFERROR(($AT371-G371)/$AT371,0)","=IFERROR(($AU371-D371)/$AU371,0)","=$AU371-D371"
Coastal Luxury ~ Beachfront ~ Pool,My Vacation Haven,,91411,100995,534.57,73.39,266,2,2,6,true,false,true,true,true,false,true,Home/Apartment,Condominium (condo),Apt/Condo/Loft,4.65,26,3,21+,Luxury,false,520,true,171,38,2026-05-11,Santa Rosa/Rosemary Beach,Miramar Beach,Miramar Beach,Florida,32550,United States,coastal,https://www.airbnb.com/rooms/918001044201826740,https://a0.muscache.com/im/pictures/prohost-api/Hosting-918001044201826740/original/16f12a66-ce69-49f3-a3ea-de851a1ab859.jpeg,918001044201826740,3415020,30.3697,-86.3301,"=AVERAGE($G$2:$G$554)","=AVERAGE($D$2:$D$554)","=IFERROR(($AT372-G372)/$AT372,0)","=IFERROR(($AU372-D372)/$AU372,0)","=$AU372-D372"
1BR-1BA  Paradise Beachfront w/ Beach Setup -SD6A,Sunset Resort Rentals,,90899,97991,504.99,59.41,319,1,1,4,true,false,false,true,true,true,false,Home/Apartment,Townhouse,Apt/Condo/Loft,4.65,67,3,21+,Luxury,false,307,false,180,41,2026-05-11,Santa Rosa/Rosemary Beach,Miramar Beach,Miramar Beach,Florida,32550,United States,coastal,https://www.airbnb.com/rooms/817527174331200430,https://a0.muscache.com/im/pictures/prohost-api/Hosting-817527174331200430/original/89f85fdd-7f21-4ab5-bacf-6a60fab135f8.jpeg,817527174331200430,2388987,30.3776,-86.3832,"=AVERAGE($G$2:$G$554)","=AVERAGE($D$2:$D$554)","=IFERROR(($AT373-G373)/$AT373,0)","=IFERROR(($AU373-D373)/$AU373,0)","=$AU373-D373"
Pirate's Perch - Destin,496433309,,90460,93756,505.36,61.3,295,2,2,8,true,false,false,true,true,false,false,Home/Apartment,House,House/villa,5,47,3,1,Luxury,false,249,false,179,34,2026-05-11,Santa Rosa/Rosemary Beach,Miramar Beach,Miramar Beach,Florida,32550,United States,coastal,https://www.airbnb.com/rooms/805867727293062264,https://a0.muscache.com/im/pictures/miso/Hosting-805867727293062264/original/c83675dc-089a-4741-a3b5-93e297a523b7.jpeg,805867727293062264,2549790,30.3772,-86.382,"=AVERAGE($G$2:$G$554)","=AVERAGE($D$2:$D$554)","=IFERROR(($AT374-G374)/$AT374,0)","=IFERROR(($AU374-D374)/$AU374,0)","=$AU374-D374"
The Crescent 103,Scenic Stays,,90395,99132,547.85,77.1,297,2,2,8,true,true,true,true,true,false,true,Home/Apartment,Condominium (condo),Apt/Condo/Loft,5,20,3,21+,Luxury,false,463,true,165,34,2026-05-11,Santa Rosa/Rosemary Beach,Miramar Beach,Miramar Beach,Florida,32550,United States,coastal,https://www.airbnb.com/rooms/710142596848190941,https://a0.muscache.com/im/pictures/prohost-api/Hosting-710142596848190941/original/e88b2215-9ac0-401f-95c1-4c119d2e3545.jpeg,710142596848190941,2970464,30.37578,-86.35762,"=AVERAGE($G$2:$G$554)","=AVERAGE($D$2:$D$554)","=IFERROR(($AT375-G375)/$AT375,0)","=IFERROR(($AU375-D375)/$AU375,0)","=$AU375-D375"
Golf Cart ~ Private Hot Tub ~ Bay Views,My Vacation Haven,,90267,128984,509.98,78.67,251,2,2,6,true,false,true,true,true,false,true,Home/Apartment,House,House/villa,5,7,3,21+,Luxury,false,565,true,177,32,2026-05-11,Santa Rosa/Rosemary Beach,Miramar Beach,Miramar Beach,Florida,32550,United States,coastal,https://www.airbnb.com/rooms/1066699060076748991,https://a0.muscache.com/im/pictures/prohost-api/Hosting-1066699060076748991/original/c911360f-592b-422c-b37e-be01a9665133.jpeg,1066699060076748991,3783030,30.3828,-86.3472,"=AVERAGE($G$2:$G$554)","=AVERAGE($D$2:$D$554)","=IFERROR(($AT376-G376)/$AT376,0)","=IFERROR(($AU376-D376)/$AU376,0)","=$AU376-D376"
"Any Closer to the Beach, You'd Have Sand in Your Sheets! Book for Spring.",,,90232,113385,462.73,77.08,254,2,2,8,true,false,false,true,true,false,false,Home/Apartment,House,House/villa,5,97,7,1,Luxury,false,0,true,195,29,2026-05-15,Santa Rosa/Rosemary Beach,Miramar Beach,Miramar Beach,Florida,32550,United States,coastal,https://www.vrbo.com/140102,"https://media.vrbo.com/lodging/34000000/33500000/33499100/33499090/256e8e32.jpg?impolicy=resizecrop&rw=1200&ra=fit",,140102,30.377137,-86.381214,"=AVERAGE($G$2:$G$554)","=AVERAGE($D$2:$D$554)","=IFERROR(($AT377-G377)/$AT377,0)","=IFERROR(($AU377-D377)/$AU377,0)","=$AU377-D377"
Windancer 205: Gulf-front,Ocean Reef,,90109,96728,315.07,91.67,327,1,1,6,true,false,false,true,true,false,true,Home/Apartment,Condominium (condo),Apt/Condo/Loft,4.4,10,1,21+,Luxury,false,297,true,286,41,2026-05-16,Santa Rosa/Rosemary Beach,Miramar Beach,Miramar Beach,Florida,32550,United States,coastal,https://www.airbnb.com/rooms/1400166687562552444,https://a0.muscache.com/im/pictures/prohost-api/Hosting-1400166687562552444/original/f299f7eb-ca26-4fd4-84c1-e6308c35f04b.jpeg,1400166687562552444,3351799,30.3730785777,-86.3523795669,"=AVERAGE($G$2:$G$554)","=AVERAGE($D$2:$D$554)","=IFERROR(($AT378-G378)/$AT378,0)","=IFERROR(($AU378-D378)/$AU378,0)","=$AU378-D378"
"Gulf Front, 10th Floor, Premier Tennis Facility,",Newman-Dailey,,90036,98540,443.53,82.86,308,2,2,6,true,false,true,true,true,false,true,Home/Apartment,Condominium (condo),Apt/Condo/Loft,3.6,5,3,21+,Luxury,true,397,true,203,39,2026-05-11,Santa Rosa/Rosemary Beach,Miramar Beach,Miramar Beach,Florida,32550,United States,coastal,https://www.airbnb.com/rooms/48347143,https://a0.muscache.com/im/pictures/prohost-api/Hosting-48347143/original/b4e2b2ee-7771-4fa4-ac1e-139ce70f8393.jpeg,48347143,,30.3717,-86.3393,"=AVERAGE($G$2:$G$554)","=AVERAGE($D$2:$D$554)","=IFERROR(($AT379-G379)/$AT379,0)","=IFERROR(($AU379-D379)/$AU379,0)","=$AU379-D379"
"Beach Front, Gorgeous Views of the Gulf",Newman-Dailey,,89659,102918,518.26,61.35,294,2,2,6,true,false,false,true,true,false,false,Home/Apartment,Townhouse,Apt/Condo/Loft,4.55,31,1,21+,Luxury,true,374,true,173,45,2026-05-17,Santa Rosa/Rosemary Beach,Miramar Beach,Miramar Beach,Florida,32550,United States,coastal,https://www.airbnb.com/rooms/53623538,https://a0.muscache.com/im/pictures/prohost-api/Hosting-53623538/original/06912df8-762f-48f3-8ca0-ea5d079088eb.jpeg,53623538,9648583ha,30.3774,-86.3819,"=AVERAGE($G$2:$G$554)","=AVERAGE($D$2:$D$554)","=IFERROR(($AT380-G380)/$AT380,0)","=IFERROR(($AU380-D380)/$AU380,0)","=$AU380-D380"
The Crescent unit 110 2BR Condo w/ Pool View!,Solely Beachfront,,89228,124289,524.87,79.81,239,2,2,8,true,false,true,true,true,false,true,Home/Apartment,Condominium (condo),Apt/Condo/Loft,4.85,25,3,21+,Luxury,true,685,true,170,28,2026-05-13,Santa Rosa/Rosemary Beach,Miramar Beach,Miramar Beach,Florida,32550,United States,coastal,https://www.airbnb.com/rooms/812481713354441344,https://a0.muscache.com/im/pictures/prohost-api/Hosting-812481713354441344/original/59d768ef-3ec0-4a23-a981-ac19f3d543ef.jpeg,812481713354441344,3186349,30.37582,-86.35619,"=AVERAGE($G$2:$G$554)","=AVERAGE($D$2:$D$554)","=IFERROR(($AT381-G381)/$AT381,0)","=IFERROR(($AU381-D381)/$AU381,0)","=$AU381-D381"
Golf Cart ~ Beach Front ~ Private Balcony,My Vacation Haven,,88680,109890,595.17,64.5,272,2,2,6,true,false,true,true,true,false,true,Home/Apartment,Condominium (condo),Apt/Condo/Loft,4.6,42,3,21+,Luxury,false,574,true,149,27,2026-05-13,Santa Rosa/Rosemary Beach,Miramar Beach,Miramar Beach,Florida,32550,United States,coastal,https://www.airbnb.com/rooms/32756469,https://a0.muscache.com/im/pictures/prohost-api/Hosting-32756469/original/fe924dec-a652-458e-bd7d-5277d0a9c408.jpeg,32756469,949435,30.371,-86.3337,"=AVERAGE($G$2:$G$554)","=AVERAGE($D$2:$D$554)","=IFERROR(($AT382-G382)/$AT382,0)","=IFERROR(($AU382-D382)/$AU382,0)","=$AU382-D382"
Golf Cart ~ Beachfront ~ Private Balcony ~ Pool,My Vacation Haven,,88539,94992,549.93,61.22,283,2,2,6,true,false,true,true,true,false,true,Home/Apartment,Condominium (condo),Apt/Condo/Loft,4.2,30,3,21+,Luxury,false,541,true,161,34,2026-05-13,Santa Rosa/Rosemary Beach,Miramar Beach,Miramar Beach,Florida,32550,United States,coastal,https://www.airbnb.com/rooms/49211791,https://a0.muscache.com/im/pictures/prohost-api/Hosting-49211791/original/9e19b20f-3b0f-4a2b-a2f0-a25c14911b66.jpeg,49211791,2240411,30.3701,-86.3299,"=AVERAGE($G$2:$G$554)","=AVERAGE($D$2:$D$554)","=IFERROR(($AT383-G383)/$AT383,0)","=IFERROR(($AU383-D383)/$AU383,0)","=$AU383-D383"
Gorgeous beach views! With Golf Cart 4071 BS1,Platinum Vacations of Destin,,88529,97818,451.68,70.76,293,2,2,6,true,true,true,true,true,false,true,Home/Apartment,Condominium (condo),Apt/Condo/Loft,4.5,93,2,21+,Luxury,true,499,true,196,38,2026-05-11,Santa Rosa/Rosemary Beach,Miramar Beach,Miramar Beach,Florida,32550,United States,coastal,https://www.airbnb.com/rooms/1176953805833100617,https://a0.muscache.com/im/pictures/prohost-api/Hosting-1176953805833100617/original/c2ee1b60-1ea9-41e9-bf54-afd141b195e9.jpeg,1176953805833100617,153234,30.3703,-86.3314,"=AVERAGE($G$2:$G$554)","=AVERAGE($D$2:$D$554)","=IFERROR(($AT384-G384)/$AT384,0)","=IFERROR(($AU384-D384)/$AU384,0)","=$AU384-D384"
Ground Floor ~ Golf Cart ~ Beachfront,My Vacation Haven,,88160,93767,527.9,66.27,289,2,2,6,true,false,true,true,true,false,true,Home/Apartment,Condominium (condo),Apt/Condo/Loft,4,14,3,21+,Luxury,false,550,true,167,33,2026-05-16,Santa Rosa/Rosemary Beach,Miramar Beach,Miramar Beach,Florida,32550,United States,coastal,https://www.airbnb.com/rooms/681000353683595459,https://a0.muscache.com/im/pictures/prohost-api/Hosting-681000353683595459/original/6d2ed5f0-24c0-4190-8b5b-07fa393fe5a3.jpeg,681000353683595459,2926238,30.3703,-86.3301,"=AVERAGE($G$2:$G$554)","=AVERAGE($D$2:$D$554)","=IFERROR(($AT385-G385)/$AT385,0)","=IFERROR(($AU385-D385)/$AU385,0)","=$AU385-D385"
Gulf Front with Beach Views & Large Balcony,My Vacation Haven,,87891,108920,529.46,66.14,262,2,2,8,true,false,false,true,true,false,true,Home/Apartment,Condominium (condo),Apt/Condo/Loft,4.7,16,3,21+,Luxury,false,613,true,166,32,2026-05-13,Santa Rosa/Rosemary Beach,Miramar Beach,Miramar Beach,Florida,32550,United States,coastal,https://www.airbnb.com/rooms/1126762021164371357,https://a0.muscache.com/im/pictures/prohost-api/Hosting-1126762021164371357/original/5262b226-3caf-4404-b2be-09ee4facab0c.jpeg,1126762021164371357,3887053,30.3696,-86.3255,"=AVERAGE($G$2:$G$554)","=AVERAGE($D$2:$D$554)","=IFERROR(($AT386-G386)/$AT386,0)","=IFERROR(($AU386-D386)/$AU386,0)","=$AU386-D386"
The Crescent 302,Scenic Stays,,87411,95897,443.71,65.67,327,1,2,5,true,true,true,true,true,false,true,Home/Apartment,Condominium (condo),Apt/Condo/Loft,4.8,21,3,21+,Luxury,false,402,true,197,40,2026-05-17,Santa Rosa/Rosemary Beach,Miramar Beach,Miramar Beach,Florida,32550,United States,coastal,https://www.airbnb.com/rooms/735537463161616486,https://a0.muscache.com/im/pictures/prohost-api/Hosting-735537463161616486/original/ab74af57-5be9-4ba9-a127-6403383d8836.jpeg,735537463161616486,3010389,30.37396,-86.35589,"=AVERAGE($G$2:$G$554)","=AVERAGE($D$2:$D$554)","=IFERROR(($AT387-G387)/$AT387,0)","=IFERROR(($AU387-D387)/$AU387,0)","=$AU387-D387"
Beach Front ~ Private Balcony ~ Family Friendly,My Vacation Haven,,87361,100808,516.93,66.54,291,2,2,6,true,false,true,true,true,false,true,Home/Apartment,Condominium (condo),Apt/Condo/Loft,4.6,33,3,21+,Luxury,false,612,true,169,33,2026-05-11,Santa Rosa/Rosemary Beach,Miramar Beach,Miramar Beach,Florida,32550,United States,coastal,https://www.airbnb.com/rooms/32746755,https://a0.muscache.com/im/pictures/prohost-api/Hosting-32746755/original/9e617513-04c7-4c8a-a976-d81c6844e604.jpeg,32746755,1161806,30.3709,-86.3337,"=AVERAGE($G$2:$G$554)","=AVERAGE($D$2:$D$554)","=IFERROR(($AT388-G388)/$AT388,0)","=IFERROR(($AU388-D388)/$AU388,0)","=$AU388-D388"
"Romancing the Beach Sandestin, Gulf Front, Golf",Beyond Blue Vacations,,87144,117093,558.62,67.53,253,2,2,4,true,true,true,true,false,false,true,Home/Apartment,Condominium (condo),Apt/Condo/Loft,4.75,25,1,21+,Luxury,true,439,true,156,33,2026-05-11,Santa Rosa/Rosemary Beach,Miramar Beach,Miramar Beach,Florida,32550,United States,coastal,https://www.airbnb.com/rooms/794277500377999158,https://a0.muscache.com/im/pictures/prohost-api/Hosting-794277500377999158/original/1cb9e3ce-9b84-4f78-8dfb-a5eb5a049d12.jpeg,794277500377999158,3006003,30.3709,-86.334,"=AVERAGE($G$2:$G$554)","=AVERAGE($D$2:$D$554)","=IFERROR(($AT389-G389)/$AT389,0)","=IFERROR(($AU389-D389)/$AU389,0)","=$AU389-D389"
Lakefront ~ Patio ~ Golf Cart ~ Community Pool,My Vacation Haven,,87103,106858,473.39,66.91,310,2,2,9,true,false,false,true,true,false,true,Home/Apartment,Townhouse,Apt/Condo/Loft,4.8,17,2,21+,Luxury,false,698,true,184,29,2026-05-11,Santa Rosa/Rosemary Beach,Miramar Beach,Miramar Beach,Florida,32550,United States,coastal,https://www.airbnb.com/rooms/579551674776326090,https://a0.muscache.com/im/pictures/prohost-api/Hosting-579551674776326090/original/ce1f05c4-5d13-4911-a17a-c5f758359e81.jpeg,579551674776326090,2660787,30.3764,-86.3322,"=AVERAGE($G$2:$G$554)","=AVERAGE($D$2:$D$554)","=IFERROR(($AT390-G390)/$AT390,0)","=IFERROR(($AU390-D390)/$AU390,0)","=$AU390-D390"
"Hear the Wave Crash at this Beachfront Condo,",Newman-Dailey,,86990,97094,502.83,70.61,267,2,2,6,true,false,true,true,true,false,true,Home/Apartment,Condominium (condo),Apt/Condo/Loft,4.5,8,3,21+,Luxury,true,403,true,173,34,2026-05-11,Santa Rosa/Rosemary Beach,Miramar Beach,Miramar Beach,Florida,32550,United States,coastal,https://www.airbnb.com/rooms/48347074,https://a0.muscache.com/im/pictures/prohost-api/Hosting-48347074/original/2fd29cbf-bd8c-4437-be16-05788783dcb1.jpeg,48347074,9415089ha,30.3717,-86.3392,"=AVERAGE($G$2:$G$554)","=AVERAGE($D$2:$D$554)","=IFERROR(($AT391-G391)/$AT391,0)","=IFERROR(($AU391-D391)/$AU391,0)","=$AU391-D391"
Direct Gulf Front Penthouse 2 king Suites Private Balcony- Rest Evercool Sleep ,,,86770,100898,549.18,61.96,315,2,2,6,true,true,false,true,true,false,true,Home/Apartment,Condominium (condo),Apt/Condo/Loft,5,160,2,1,Luxury,false,225,false,158,35,2026-05-13,Santa Rosa/Rosemary Beach,Miramar Beach,Miramar Beach,Florida,32550,United States,coastal,https://www.vrbo.com/281438ha,"https://media.vrbo.com/lodging/34000000/33570000/33561200/33561153/82c9502a.jpg?impolicy=resizecrop&rw=1200&ra=fit",,281438ha,30.369727,-86.326049,"=AVERAGE($G$2:$G$554)","=AVERAGE($D$2:$D$554)","=IFERROR(($AT392-G392)/$AT392,0)","=IFERROR(($AU392-D392)/$AU392,0)","=$AU392-D392"
Beach Service ! Beach Access! Blue Surf 25!,Shore Dreams Vacation Rentals,,86590,107700,585.07,73.27,265,2,2,6,true,false,false,true,true,false,true,Home/Apartment,Townhouse,Apt/Condo/Loft,4.9,53,2,21+,Luxury,true,329,true,148,29,2026-05-16,Santa Rosa/Rosemary Beach,Miramar Beach,Miramar Beach,Florida,32550,United States,coastal,https://www.airbnb.com/rooms/43509053,https://a0.muscache.com/im/pictures/prohost-api/Hosting-43509053/original/12b0b489-dbcd-4774-b620-04631953d632.jpeg,43509053,1986338,30.3779,-86.38543,"=AVERAGE($G$2:$G$554)","=AVERAGE($D$2:$D$554)","=IFERROR(($AT393-G393)/$AT393,0)","=IFERROR(($AU393-D393)/$AU393,0)","=$AU393-D393"
1 Bedroom Condo Beach Resort Wyndham Majestic Sun,Rentshare,,86400,130594,370.82,89.27,291,1,1,4,true,true,true,true,true,false,true,Home/Apartment,Condominium (condo),Apt/Condo/Loft,0,0,2,21+,Luxury,true,0,false,233,52,2026-05-15,Santa Rosa/Rosemary Beach,Miramar Beach,Miramar Beach,Florida,32550,United States,coastal,https://www.airbnb.com/rooms/1518917828845976521,https://a0.muscache.com/im/pictures/hosting/Hosting-1518917828845976521/original/04158bc5-b204-4140-8305-cf1a077bb7de.jpeg,1518917828845976521,4549016,30.37772,-86.36793,"=AVERAGE($G$2:$G$554)","=AVERAGE($D$2:$D$554)","=IFERROR(($AT394-G394)/$AT394,0)","=IFERROR(($AU394-D394)/$AU394,0)","=$AU394-D394"
Gulf View & Private Balcony · Steps to Beach · Beach Service · $400 Secures 2026,,,86290,89969,479.39,65.45,315,2,2,6,true,true,true,true,true,false,true,Home/Apartment,Condominium (condo),Apt/Condo/Loft,5,21,3,1,Luxury,false,285,true,180,37,2026-05-15,Santa Rosa/Rosemary Beach,Miramar Beach,Miramar Beach,Florida,32550,United States,coastal,https://www.vrbo.com/2739372,"https://media.vrbo.com/lodging/77000000/76790000/76789300/76789219/d3921f43.jpg?impolicy=resizecrop&rw=1200&ra=fit",,2739372,30.37258,-86.348524,"=AVERAGE($G$2:$G$554)","=AVERAGE($D$2:$D$554)","=IFERROR(($AT395-G395)/$AT395,0)","=IFERROR(($AU395-D395)/$AU395,0)","=$AU395-D395"
Recently Updated! | Beach Front! Beach Service! |,RealJoy,,86255,96543,451.6,81.28,240,2,2,6,true,true,false,true,true,false,true,Home/Apartment,Condominium (condo),Apt/Condo/Loft,4.9,49,3,21+,Luxury,false,464,true,191,37,2026-05-11,Santa Rosa/Rosemary Beach,Miramar Beach,Miramar Beach,Florida,32550,United States,coastal,https://www.airbnb.com/rooms/549089162963105507,https://a0.muscache.com/im/pictures/prohost-api/Hosting-549089162963105507/original/bc7de696-7a64-432f-96fa-9d9c1398106e.jpeg,549089162963105507,2641722,30.3747,-86.3596,"=AVERAGE($G$2:$G$554)","=AVERAGE($D$2:$D$554)","=IFERROR(($AT396-G396)/$AT396,0)","=IFERROR(($AU396-D396)/$AU396,0)","=$AU396-D396"
Beachside 1 4122 updated gulf front condo with hug,Gibson Beach Rentals,,86229,115084,408.67,86.83,245,2,2,6,true,true,true,true,true,false,true,Home/Apartment,Condominium (condo),Apt/Condo/Loft,4.8,126,3,21+,Luxury,true,298,true,211,38,2026-05-17,Santa Rosa/Rosemary Beach,Miramar Beach,Miramar Beach,Florida,32550,United States,coastal,https://www.airbnb.com/rooms/23701445,https://a0.muscache.com/im/pictures/prohost-api/Hosting-23701445/original/00a73723-358a-46cd-aa63-ebe16fd8c564.jpeg,23701445,861055,30.36907,-86.33059,"=AVERAGE($G$2:$G$554)","=AVERAGE($D$2:$D$554)","=IFERROR(($AT397-G397)/$AT397,0)","=IFERROR(($AU397-D397)/$AU397,0)","=$AU397-D397"
"B101 | Beachfront with Beach Service, Pool, & WiFi","Best Destin Beach House Rental, LLC",,86116,103111,358.82,97.17,262,2,2,7,true,true,false,true,true,false,true,Home/Apartment,Condominium (condo),Apt/Condo/Loft,4.95,52,6,21+,Luxury,true,260,true,240,30,2026-05-11,Santa Rosa/Rosemary Beach,Miramar Beach,Miramar Beach,Florida,32550,United States,coastal,https://www.airbnb.com/rooms/13374258,https://a0.muscache.com/im/pictures/prohost-api/Hosting-13374258/original/d353f0e2-5fdd-4d30-82b5-dcb88481fef1.jpeg,13374258,9604210ha,30.376,-86.3595,"=AVERAGE($G$2:$G$554)","=AVERAGE($D$2:$D$554)","=IFERROR(($AT398-G398)/$AT398,0)","=IFERROR(($AU398-D398)/$AU398,0)","=$AU398-D398"
Gulf Front pet/family friendly free beach service.,78160957,,85923,88471,347.87,77.67,318,1,2,6,true,false,false,true,true,true,true,Home/Apartment,Condominium (condo),Apt/Condo/Loft,5,117,1,2-5,Luxury,true,244,false,247,47,2026-05-17,Santa Rosa/Rosemary Beach,Miramar Beach,Miramar Beach,Florida,32550,United States,coastal,https://www.airbnb.com/rooms/51298470,https://a0.muscache.com/im/pictures/miso/Hosting-51298470/original/3f5cadee-6b57-4bf7-91da-8616708a8d7b.jpeg,51298470,2408480,30.3791,-86.3919,"=AVERAGE($G$2:$G$554)","=AVERAGE($D$2:$D$554)","=IFERROR(($AT399-G399)/$AT399,0)","=IFERROR(($AU399-D399)/$AU399,0)","=$AU399-D399"
"Rare Gem at Westwinds: Beachfront Luxury with Pan,Sandestin Golf And Beach Resort,"",85578,86961,457.64,64.93,291,2,2,6,true,true,false,true,true,false,true,Home/Apartment,Condominium (condo),Apt/Condo/Loft,4,3,1,21+,Luxury,false,153,true,187,38,2026-05-11,Santa Rosa/Rosemary Beach,Miramar Beach,Miramar Beach,Florida,32550,United States,coastal,https://www.airbnb.com/rooms/1103057481366222241,https://a0.muscache.com/im/pictures/prohost-api/Hosting-1103057481366222241/original/8e372f24-4f98-427e-9de1-24fb85045109.jpeg,1103057481366222241,3816439,30.372,-86.3333
Beach Manor 0709,Gibson Beach Rentals,"",85576,96571,470.2,75.21,249,2,2,6,true,true,true,true,true,false,true,Home/Apartment,Condominium (condo),Apt/Condo/Loft,4.8,94,1,21+,Luxury,true,421,true,182,37,2026-05-11,Santa Rosa/Rosemary Beach,Miramar Beach,Miramar Beach,Florida,32550,United States,coastal,https://www.airbnb.com/rooms/23701411,https://a0.muscache.com/im/pictures/prohost-api/Hosting-23701411/original/a4fa821f-d078-4467-b192-6a00978f116e.jpeg,23701411,822114,30.37009,-86.32603
""Beachwalk Landing - Perfect in Every Way w/ Cart,229043986,"",85562,109384,624.54,67.16,205,2,2,6,true,false,false,true,true,false,true,Home/Apartment,Townhouse,Apt/Condo/Loft,5,28,4,1,Luxury,true,419,false,137,15,2026-03-28,Santa Rosa/Rosemary Beach,Miramar Beach,Miramar Beach,Florida,32550,United States,coastal,https://www.airbnb.com/rooms/633130372555825139,https://a0.muscache.com/im/pictures/miso/Hosting-633130372555825139/original/bd758a38-dd79-44da-8867-8b0b27d3d721.png,633130372555825139,3325623,30.3762,-86.3311
4th Floor", Gulf Front Condo," Balcony Views of the,Newman-Dailey,"",85414,96174,499.5,68.95,311,2,2,6,true,false,true,true,true,false,true,Home/Apartment,Condominium (condo),Apt/Condo/Loft,4.3,10,3,21+,Luxury,true,338,true,171,38,2026-05-11,Santa Rosa/Rosemary Beach,Miramar Beach,Miramar Beach,Florida,32550,United States,coastal,https://www.airbnb.com/rooms/48346904,https://a0.muscache.com/im/pictures/prohost-api/Hosting-48346904/original/b86d8f39-3882-4393-8886-86c42a2052c2.jpeg,48346904,9417501ha,30.3717,-86.3392
Beach Front", Beach Chairs," Step out to Sand,Newman-Dailey,"",85317,99221,557.63,71.5,255,2,3,6,true,false,false,true,true,false,false,Home/Apartment,Townhouse,Apt/Condo/Loft,4.6,68,1,21+,Luxury,true,375,true,153,40,2026-05-11,Santa Rosa/Rosemary Beach,Miramar Beach,Miramar Beach,Florida,32550,United States,coastal,https://www.airbnb.com/rooms/53623412,https://a0.muscache.com/im/pictures/prohost-api/Hosting-53623412/original/a6da370e-f9c4-4ed6-ba59-90e25d5f59ec.jpeg,53623412,7442903ha,30.3771,-86.3812
Gulf Views ~ Beachfront ~ Seasonally Heated Pool,My Vacation Haven,"",84946,90465,499.68,67.73,334,2,2,6,true,false,true,true,true,false,true,Home/Apartment,Condominium (condo),Apt/Condo/Loft,4.8,40,3,21+,Luxury,false,544,true,170,33,2026-05-11,Santa Rosa/Rosemary Beach,Miramar Beach,Miramar Beach,Florida,32550,United States,coastal,https://www.airbnb.com/rooms/32756586,https://a0.muscache.com/im/pictures/hosting/Hosting-32756586/original/c63f03d0-6e3d-4259-9cb2-eaeb1dca0f11.jpeg,32756586,681978,30.3709,-86.3337
""Sunset Serenity - Recently Renovated 2BR/2BA Wes,Sandestin Golf And Beach Resort,"",84934,105342,524.28,70.13,265,2,2,6,true,true,false,true,true,false,true,Home/Apartment,Condominium (condo),Apt/Condo/Loft,4,12,1,21+,Luxury,false,155,true,162,36,2026-05-16,Santa Rosa/Rosemary Beach,Miramar Beach,Miramar Beach,Florida,32550,United States,coastal,https://www.airbnb.com/rooms/1105040462750176044,https://a0.muscache.com/im/pictures/prohost-api/Hosting-1105040462750176044/original/20176619-47c6-4c39-9020-6b293ceabea7.jpeg,1105040462750176044,2140745,30.372,-86.3333
Beachfront ~ Golf Cart ~ Seasonally Heated Pool,My Vacation Haven,"",84711,96301,448.21,74.7,311,1,1,4,true,false,true,true,true,false,true,Home/Apartment,Condominium (condo),Apt/Condo/Loft,4.6,58,3,21+,Luxury,false,355,true,189,43,2026-05-17,Santa Rosa/Rosemary Beach,Miramar Beach,Miramar Beach,Florida,32550,United States,coastal,https://www.airbnb.com/rooms/32756893,https://a0.muscache.com/im/pictures/prohost-api/Hosting-32756893/original/4da9e035-56a7-462c-8d22-1e37e8846b6e.jpeg,32756893,1093740,30.3709,-86.3337
""Unrivaled Luxury: Premier 11th-Floor Beachfront B",Sandestin Golf And Beach Resort,,84312,96442,397.7,66.25,326,1,1,2,true,true,false,true,true,false,true,Home/Apartment,Condominium (condo),Apt/Condo/Loft,4.95,14,1,21+,Luxury,false,96,true,212,62,2026-05-17,Santa Rosa/Rosemary Beach,Miramar Beach,Miramar Beach,Florida,32550,United States,coastal,https://www.airbnb.com/rooms/1105027649030766392,https://a0.muscache.com/im/pictures/prohost-api/Hosting-1105027649030766392/original/9db87509-6bcd-4119-bc88-e3809f3e3c16.jpeg,"=AVERAGE($G$2:$G$554)","=AVERAGE($D$2:$D$554)","=IFERROR(($AT400-G400)/$AT400,0)","=IFERROR(($AU400-D400)/$AU400,0)","=$AU400-D400"
The Crescent 102,Scenic Stays,,84246,102946,432.03,73.03,272,1,2,7,true,true,true,true,true,false,true,Home/Apartment,Condominium (condo),Apt/Condo/Loft,4.9,29,3,21+,Luxury,false,402,true,195,34,2026-05-17,Santa Rosa/Rosemary Beach,Miramar Beach,Miramar Beach,Florida,32550,United States,coastal,https://www.airbnb.com/rooms/729661714397671133,https://a0.muscache.com/im/pictures/prohost-api/Hosting-729661714397671133/original/f1fda982-9c69-4b01-94d8-af60645dc25d.jpeg,729661714397671133,2781036,30.37521,-86.35642,"=AVERAGE($G$2:$G$554)","=AVERAGE($D$2:$D$554)","=IFERROR(($AT401-G401)/$AT401,0)","=IFERROR(($AU401-D401)/$AU401,0)","=$AU401-D401"
"Beach Front, Balcony, Free Beach Chair Service, Tennis Pros",Newman-Dailey,,84206,103639,526.29,61.54,266,2,2,6,true,true,true,true,true,false,true,Home/Apartment,Condominium (condo),Apt/Condo/Loft,4.3,14,3,21+,Luxury,false,278,true,160,33,2026-05-13,Santa Rosa/Rosemary Beach,Miramar Beach,Miramar Beach,Florida,32550,United States,coastal,https://www.vrbo.com/9384662ha,"https://media.vrbo.com/lodging/49000000/48220000/48217900/48217865/fc411ece.jpg?impolicy=resizecrop&rw=1200&ra=fit",,9384662ha,30.371644,-86.339309,"=AVERAGE($G$2:$G$554)","=AVERAGE($D$2:$D$554)","=IFERROR(($AT402-G402)/$AT402,0)","=IFERROR(($AU402-D402)/$AU402,0)","=$AU402-D402"
"Coastal Chic Retreat: Remodeled 13th-Floor 2-Bedr,Sandestin Golf And Beach Resort,"",83971,89873,471.75,65.93,316,2,2,4,true,true,false,true,true,false,true,Home/Apartment,Condominium (condo),Apt/Condo/Loft,5,3,1,21+,Luxury,false,154,true,178,46,2026-05-17,Santa Rosa/Rosemary Beach,Miramar Beach,Miramar Beach,Florida,32550,United States,coastal,https://www.airbnb.com/rooms/1105033007938354377,https://a0.muscache.com/im/pictures/prohost-api/Hosting-1105033007938354377/original/94025e11-9833-4703-9b52-2b22a1f1ba61.jpeg,1105033007938354377,"",30.3707,-86.3304
Walk to Beach • Top Floor Sunset Condo,Coastline Condos Vacation Rentals,"",83820,96332,476.25,66.67,290,2,2,6,true,true,true,true,true,true,true,Home/Apartment,Condominium (condo),Apt/Condo/Loft,4.65,80,2,21+,Luxury,true,468,true,176,37,2026-05-11,Santa Rosa/Rosemary Beach,Miramar Beach,Miramar Beach,Florida,32550,United States,coastal,https://www.airbnb.com/rooms/10926915,https://a0.muscache.com/im/pictures/prohost-api/Hosting-10926915/original/4e5c0196-f81a-4b5c-b6b2-1ce7b1969e90.jpeg,10926915,591243,30.37938,-86.39267
Windancer 307. Gulf Front Condo"," Free Beach Servic,Modern Beach Vacation Rentals,"",83432,92157,372.46,72.73,318,1,1,6,true,true,false,true,true,false,true,Home/Apartment,Condominium (condo),Apt/Condo/Loft,4.9,61,1,21+,Luxury,false,394,true,224,37,2026-05-17,Santa Rosa/Rosemary Beach,Miramar Beach,Miramar Beach,Florida,32550,United States,coastal,https://www.airbnb.com/rooms/813762311426729040,https://a0.muscache.com/im/pictures/prohost-api/Hosting-813762311426729040/original/a7e922f0-db5d-46ee-ab05-187f0f4bbdfc.jpeg,813762311426729040,2573866,30.3733,-86.3514
On the Beach • Breathtaking Views • Beach Service,303539550,"",83283,102448,460.13,80.8,233,2,2,6,true,true,false,true,true,false,true,Home/Apartment,Condominium (condo),Apt/Condo/Loft,5,91,6,2-5,Luxury,true,385,false,181,33,2026-02-15,Santa Rosa/Rosemary Beach,Miramar Beach,Miramar Beach,Florida,32550,United States,coastal,https://www.airbnb.com/rooms/802432906431586358,https://a0.muscache.com/im/pictures/hosting/Hosting-U3RheVN1cHBseUxpc3Rpbmc6ODAyNDMyOTA2NDMxNTg2MzU4/original/7b33eb1a-10c4-47e4-8ca0-de143bd6740f.png,802432906431586358,"",30.3742,-86.3596
Beachfront BEST beach access", pool," hot tub & tram,43076703,"",83145,110279,430.8,77.82,251,2,2,6,true,true,false,true,true,false,true,Home/Apartment,Condominium (condo),Apt/Condo/Loft,4.8,206,3,2-5,Luxury,false,174,false,193,39,2026-05-13,Santa Rosa/Rosemary Beach,Miramar Beach,Miramar Beach,Florida,32550,United States,coastal,https://www.airbnb.com/rooms/42976583,https://a0.muscache.com/im/pictures/miso/Hosting-42976583/original/2457232c-2cb9-4463-95cf-800084521368.jpeg,42976583,265512,30.37153,-86.3303
Gulf Front ~ Community Pool ~ Spacious Living Area,My Vacation Haven,"",82892,91596,360.4,73.95,332,1,1,4,true,false,true,true,true,false,true,Home/Apartment,Condominium (condo),Apt/Condo/Loft,4.8,58,3,21+,Luxury,false,303,true,230,51,2026-05-11,Santa Rosa/Rosemary Beach,Miramar Beach,Miramar Beach,Florida,32550,United States,coastal,https://www.airbnb.com/rooms/32756993,https://a0.muscache.com/im/pictures/prohost-api/Hosting-32756993/original/21e4e1fc-4e61-4e99-b581-dc722fd73e84.jpeg,32756993,1545694,30.3711,-86.3331
Windancer 209. Gulf Front Condo"," Free Beach Servic,Modern Beach Vacation Rentals,"",82887,86810,346.81,73.77,343,1,1,6,true,true,false,true,false,false,false,Home/Apartment,Condominium (condo),Apt/Condo/Loft,4.9,12,1,21+,Luxury,false,408,true,239,49,2026-05-13,Santa Rosa/Rosemary Beach,Miramar Beach,Miramar Beach,Florida,32550,United States,coastal,https://www.airbnb.com/rooms/1397826434254814166,https://a0.muscache.com/im/pictures/prohost-api/Hosting-1397826434254814166/original/7dabc2f7-6591-45a8-b986-4ef516ee05cc.jpeg,1397826434254814166,4519037,30.3734,-86.3514
Any day at the beach is a good day! 🏖️ Book your vacay today! ,"","",82878,105623,563.8,81.67,291,2,2,4,true,true,true,true,true,false,true,Home/Apartment,Condominium (condo),Apt/Condo/Loft,5,49,7,1,Luxury,false,250,true,147,22,2026-05-17,Santa Rosa/Rosemary Beach,Miramar Beach,Miramar Beach,Florida,32550,United States,coastal,https://www.vrbo.com/2006106,https://media.vrbo.com/lodging/56000000/55030000/55025400/55025326/1a70ed28.jpg?impolicy=resizecrop&rw=1200&ra=fit,"",2006106,30.37828,-86.38395
Gulfside 505: Beachfront Retreat,Ocean Reef,"",82698,88583,447.02,63.79,323,2,2,6,true,true,true,true,true,false,true,Home/Apartment,Condominium (condo),Apt/Condo/Loft,4.7,18,2,21+,Luxury,false,324,true,185,42,2026-05-11,Santa Rosa/Rosemary Beach,Miramar Beach,Miramar Beach,Florida,32550,United States,coastal,https://www.airbnb.com/rooms/1369009046873386340,https://a0.muscache.com/im/pictures/prohost-api/Hosting-1369009046873386340/original/6ee16eb6-caae-4c17-99a2-c4cc694b2c26.jpeg,1369009046873386340,2588674,30.3714668336,-86.3389144637
Crescent 310 Owner Managed Beach Service Included,"","",82629,99720,486.05,73.59,277,2,2,8,true,true,true,true,true,false,true,Home/Apartment,Condominium (condo),Apt/Condo/Loft,5,42,3,1,Luxury,false,265,true,170,32,2026-05-14,Santa Rosa/Rosemary Beach,Miramar Beach,Miramar Beach,Florida,32550,United States,coastal,https://www.vrbo.com/2792423,https://media.vrbo.com/lodging/79000000/78150000/78141000/78140942/0c8ecdf0.jpg?impolicy=resizecrop&rw=1200&ra=fit,"",2792423,30.374625,-86.356748
Majestic Sun 0909B - Fully Updated"," Bonus Bunk Noo,Seascape Resort,"",82551,88410,427.73,73.95,279,1,2,6,true,true,true,true,true,false,true,Home/Apartment,Condominium (condo),Apt/Condo/Loft,4.7,49,2,21+,Luxury,false,209,true,193,52,2026-05-11,Santa Rosa/Rosemary Beach,Miramar Beach,Miramar Beach,Florida,32550,United States,coastal,https://www.airbnb.com/rooms/1082725361693809248,https://a0.muscache.com/im/pictures/prohost-api/Hosting-1082725361693809248/original/e8c33cfa-03ac-495c-81e8-c3255a124b4e.jpeg,1082725361693809248,1548334,30.3758,-86.3679
Gulf Front Condo", Renovated Kitchen," Stunning,Newman-Dailey,"",82498,102427,431.93,75.49,268,2,2,6,true,false,true,true,true,false,true,Home/Apartment,Condominium (condo),Apt/Condo/Loft,5,16,3,21+,Luxury,true,408,true,191,37,2026-05-17,Santa Rosa/Rosemary Beach,Miramar Beach,Miramar Beach,Florida,32550,United States,coastal,https://www.airbnb.com/rooms/48347698,https://a0.muscache.com/im/pictures/prohost-api/Hosting-48347698/original/6fbf34e9-43f9-4e2b-be3f-945591a9e5ed.jpeg,48347698,7610668ha,30.3717,-86.3391
Low Summer Rates! Beachfront Condo w/ Panoramic Be,Beach Blue Properties,"",82397,99202,484.69,66.41,296,2,2,6,true,true,false,true,true,false,true,Home/Apartment,Condominium (condo),Apt/Condo/Loft,4.7,31,3,21+,Luxury,false,441,true,170,30,2026-05-17,Santa Rosa/Rosemary Beach,Miramar Beach,Miramar Beach,Florida,32550,United States,coastal,https://www.airbnb.com/rooms/1442907237431083661,https://a0.muscache.com/im/pictures/prohost-api/Hosting-1442907237431083661/original/4d8ad160-ecf0-4f51-889a-61fd01974fa2.jpeg,1442907237431083661,3566267,30.3697,-86.3297
Beach Retreat 107 Beach service   Ground Floor Gul,Beach Condos in Destin,"",82334,88119,351.85,79.32,303,1,2,6,true,true,true,true,true,true,true,Home/Apartment,Condominium (condo),Apt/Condo/Loft,4.85,57,1,21+,Luxury,true,226,true,234,38,2026-05-17,Santa Rosa/Rosemary Beach,Miramar Beach,Miramar Beach,Florida,32550,United States,coastal,https://www.airbnb.com/rooms/660112124341434703,https://a0.muscache.com/im/pictures/prohost-api/Hosting-660112124341434703/original/92e2f026-e6fc-4784-9716-457027bd5f00.jpeg,660112124341434703,663180,30.3796,-86.3932
16th Floor Gulf Front Condo,Newman-Dailey,"",82074,97944,539.96,78.35,221,2,2,6,true,false,true,true,true,false,true,Home/Apartment,Condominium (condo),Apt/Condo/Loft,4.85,6,3,21+,Luxury,true,398,true,152,34,2026-05-11,Santa Rosa/Rosemary Beach,Miramar Beach,Miramar Beach,Florida,32550,United States,coastal,https://www.airbnb.com/rooms/48347643,https://a0.muscache.com/im/pictures/prohost-api/Hosting-48347643/original/2e0d7f7e-b774-404c-8e40-f7b64612a37d.jpeg,48347643,20219727ha,30.3717,-86.3392
Beachfront Condo w/ GOLF CART! Beach View from Bal,Beach Blue Properties,"",81873,89792,496.2,79.33,298,2,2,6,true,true,true,true,false,false,true,Home/Apartment,Condominium (condo),Apt/Condo/Loft,4.9,90,3,21+,Luxury,true,446,true,165,28,2026-05-16,Santa Rosa/Rosemary Beach,Miramar Beach,Miramar Beach,Florida,32550,United States,coastal,https://www.airbnb.com/rooms/1445809171447214045,https://a0.muscache.com/im/pictures/prohost-api/Hosting-1445809171447214045/original/dcd2b14d-b0db-4dee-8c26-63ced0c881af.jpeg,1445809171447214045,1528995,30.371,-86.3339
Edgewater 114 1st Floor 2BR w/Views!,Solely Beachfront,"",81779,103781,541.58,84.83,237,2,2,4,true,true,false,true,true,false,true,Home/Apartment,Condominium (condo),Apt/Condo/Loft,4.85,58,3,21+,Luxury,true,422,true,151,24,2026-05-11,Santa Rosa/Rosemary Beach,Miramar Beach,Miramar Beach,Florida,32550,United States,coastal,https://www.airbnb.com/rooms/40889632,https://a0.muscache.com/im/pictures/prohost-api/Hosting-40889632/original/e33a9b94-0814-40b9-9e12-09e0265c3730.jpeg,40889632,1854539,30.37314,-86.35222
Beachfront Condo in Tops'l Resort! Wraparound Balc,Beach Blue Properties,"",81630,83092,559.11,69.19,284,2,2,6,true,true,false,true,true,false,true,Home/Apartment,Condominium (condo),Apt/Condo/Loft,4.7,65,3,21+,Luxury,false,485,true,146,17,2026-05-14,Santa Rosa/Rosemary Beach,Miramar Beach,Miramar Beach,Florida,32550,United States,coastal,https://www.airbnb.com/rooms/1430430888461843650,https://a0.muscache.com/im/pictures/prohost-api/Hosting-1430430888461843650/original/055ab64b-042a-428c-a705-376e2da0a308.jpeg,1430430888461843650,1746966,30.37,-86.326
Huntington By The Sea 106,Ocean Reef,"",81448,89507,433.23,69.89,316,2,2,8,true,false,false,true,true,false,true,Home/Apartment,Condominium (condo),Apt/Condo/Loft,4.5,2,1,21+,Luxury,false,325,true,188,34,2026-05-13,Santa Rosa/Rosemary Beach,Miramar Beach,Miramar Beach,Florida,32550,United States,coastal,https://www.airbnb.com/rooms/1405985708806466572,https://a0.muscache.com/im/pictures/prohost-api/Hosting-1405985708806466572/original/fa61b612-90c0-40b2-83e4-2349f1bcaf06.jpeg,1405985708806466572,3616532,30.3736057139,-86.3550285245
Newly Updated! Gorgeous Coastal Escape!,Breathe Easy Rentals,"",80549,83823,408.88,75.77,311,2,2,8,true,true,true,true,true,false,true,Home/Apartment,Condominium (condo),Apt/Condo/Loft,4.45,7,3,21+,Luxury,true,614,false,197,38,2026-05-13,Santa Rosa/Rosemary Beach,Miramar Beach,Miramar Beach,Florida,32550,United States,coastal,https://www.airbnb.com/rooms/1431279602810263374,https://a0.muscache.com/im/pictures/prohost-api/Hosting-1431279602810263374/original/2b121288-72b7-43fc-84f3-b6c4263a6da0.jpeg,1431279602810263374,4587519,30.3693,-86.3245
Beach Setup", Heated Pool, Tennis," NEW Remodel,Beach Luxury Vacations,"",79396,87944,493.14,74.19,305,2,2,6,true,false,false,true,true,false,true,Home/Apartment,Condominium (condo),Apt/Condo/Loft,4.75,65,2,21+,Luxury,true,408,false,161,32,2026-05-11,Santa Rosa/Rosemary Beach,Miramar Beach,Miramar Beach,Florida,32550,United States,coastal,https://www.airbnb.com/rooms/656927061520891789,https://a0.muscache.com/im/pictures/prohost-api/Hosting-656927061520891789/original/6bb60885-fd02-49e5-88b8-cf3261ac37b9.jpeg,656927061520891789,2879099,30.3785,-86.3829
Beachfront Condo with Spectacular Gulf Views,17900368,"",79188,88021,315.49,81.76,307,1,2,6,true,true,false,true,true,false,true,Home/Apartment,Condominium (condo),Apt/Condo/Loft,4.8,64,2,2-5,Luxury,true,196,true,251,58,2026-05-17,Santa Rosa/Rosemary Beach,Miramar Beach,Miramar Beach,Florida,32550,United States,coastal,https://www.airbnb.com/rooms/1240961124020391162,https://a0.muscache.com/im/pictures/prohost-api/Hosting-1240961124020391162/original/81351292-bd09-49ae-9b11-7a2905f5aaa9.jpeg,1240961124020391162,4185399,30.3762,-86.3692
BH 305B Gulf front 1 BR with free Beach set for 2,Holiday Isle Properties,"",79122,80521,344.01,74.43,351,1,1,4,true,true,false,false,false,false,true,Home/Apartment,Condominium (condo),Apt/Condo/Loft,4.8,16,3,21+,Luxury,true,452,false,230,41,2026-05-11,Santa Rosa/Rosemary Beach,Miramar Beach,Santa Rosa Beach,Florida,32459,United States,coastal,https://www.airbnb.com/rooms/1163759791043883312,https://a0.muscache.com/im/pictures/prohost-api/Hosting-1163759791043883312/original/fa1b8091-59fc-440c-b546-9dc2c97e6c9f.jpeg,1163759791043883312,9954178ha,30.37389,-86.3617
Stunning Gulf Front Views"," Hidden Dunes 2BR Gulf F,BeachView Vacation Rentals,"",79117,96685,437.11,75.1,308,2,2,6,true,false,false,true,false,false,true,Home/Apartment,Condominium (condo),Apt/Condo/Loft,4.8,37,3,21+,Luxury,false,535,true,181,27,2026-05-11,Santa Rosa/Rosemary Beach,Miramar Beach,Miramar Beach,Florida,32550,United States,coastal,https://www.airbnb.com/rooms/904438759365521922,https://a0.muscache.com/im/pictures/prohost-api/Hosting-904438759365521922/original/30ece2e9-f705-483a-af7e-c4a7d62a7eb6.jpeg,904438759365521922,3438593,30.37157,-86.33988
Community Pool ~ Balcony ~ Fitness Center,My Vacation Haven,"",79026,115880,556.52,69.27,236,2,2,6,true,false,true,true,true,false,true,Home/Apartment,Condominium (condo),Apt/Condo/Loft,4.9,7,3,21+,Luxury,false,520,true,142,30,2026-05-11,Santa Rosa/Rosemary Beach,Miramar Beach,Miramar Beach,Florida,32550,United States,coastal,https://www.airbnb.com/rooms/1015104541088372964,https://a0.muscache.com/im/pictures/prohost-api/Hosting-1015104541088372964/original/76f67965-7d81-4f7c-b649-f2d79a9f395f.jpeg,1015104541088372964,3669831,30.3704,-86.3308
Beach Retreat 408  Top Floor", Gulf Front,"  Beach S,Beach Condos in Destin,"",79014,97634,473.14,82.67,233,2,2,9,true,true,true,true,true,true,true,Home/Apartment,Condominium (condo),Apt/Condo/Loft,5,50,1,21+,Luxury,true,280,true,167,26,2026-05-11,Santa Rosa/Rosemary Beach,Miramar Beach,Miramar Beach,Florida,32550,United States,coastal,https://www.airbnb.com/rooms/660116945583813972,https://a0.muscache.com/im/pictures/prohost-api/Hosting-660116945583813972/original/f8a66334-93a1-453e-84e0-c653951559f5.jpeg,660116945583813972,705764,30.3797,-86.3932
Beachfront Condo with Oversized Balcony,My Vacation Haven,"",78988,82452,484.59,62.93,337,2,2,6,true,false,true,true,true,false,true,Home/Apartment,Condominium (condo),Apt/Condo/Loft,3.8,5,2,21+,Luxury,false,519,true,163,32,2026-05-16,Santa Rosa/Rosemary Beach,Miramar Beach,Miramar Beach,Florida,32550,United States,coastal,https://www.airbnb.com/rooms/1366852926962953412,https://a0.muscache.com/im/pictures/prohost-api/Hosting-1366852926962953412/original/d944e7d5-0500-46dd-b198-8356718095ae.jpeg,1366852926962953412,4457604,30.3716,-86.3391
Windancer 410: Gulf-Front,Ocean Reef,"",78902,84988,445.77,73.75,270,2,2,10,true,false,false,true,true,false,true,Home/Apartment,Condominium (condo),Apt/Condo/Loft,5,1,1,21+,Luxury,false,327,true,177,34,2026-05-16,Santa Rosa/Rosemary Beach,Miramar Beach,Miramar Beach,Florida,32550,United States,coastal,https://www.airbnb.com/rooms/1400168695264451524,https://a0.muscache.com/im/pictures/prohost-api/Hosting-1400168695264451524/original/3f584a5f-fee1-4f0b-b34b-3001ea6ad30f.jpeg,1400168695264451524,"",30.3742462153,-86.3507055578
Breathtaking Gulf Views~Beach Manor 8th Floor,Breathe Easy Rentals,"",78892,89987,406.66,67.83,303,2,2,6,true,true,true,true,true,false,true,Home/Apartment,Condominium (condo),Apt/Condo/Loft,4.8,152,3,21+,Luxury,true,615,false,194,32,2026-05-13,Santa Rosa/Rosemary Beach,Miramar Beach,Miramar Beach,Florida,32550,United States,coastal,https://www.airbnb.com/rooms/1364000996759938019,https://a0.muscache.com/im/pictures/prohost-api/Hosting-1364000996759938019/original/ec2b23e2-78ed-490d-861a-4a9c25bf3ca9.jpeg,1364000996759938019,3255525,30.378,-86.3267
Rate Reduced! RARE Beachfront Studio w/ GOLF CART!,Beach Blue Properties,"",78833,87925,361.62,72.67,325,1,1,4,true,true,false,true,false,false,true,Home/Apartment,Condominium (condo),Apt/Condo/Loft,4.8,73,3,21+,Luxury,true,303,true,218,45,2026-05-17,Santa Rosa/Rosemary Beach,Miramar Beach,Miramar Beach,Florida,32550,United States,coastal,https://www.airbnb.com/rooms/1445812278240505949,https://a0.muscache.com/im/pictures/prohost-api/Hosting-1445812278240505949/original/ec50fe84-add5-45d7-b12e-232e8b9bf6cb.jpeg,1445812278240505949,2106646,30.3701,-86.3303
Gorgeous 4th Floor Condo with Gulf Views,Newman-Dailey,"",78719,87688,364.44,77.42,304,1,2,7,true,false,true,true,true,false,true,Home/Apartment,Condominium (condo),Apt/Condo/Loft,4.8,11,1,21+,Luxury,true,359,true,216,40,2026-05-11,Santa Rosa/Rosemary Beach,Miramar Beach,Miramar Beach,Florida,32550,United States,coastal,https://www.airbnb.com/rooms/48465602,https://a0.muscache.com/im/pictures/prohost-api/Hosting-48465602/original/1e5cec62-d6dc-4338-9bba-dd27c89b13c0.jpeg,48465602,9536361ha,30.3797,-86.3959
Beachfront Condo w/6-Seat GOLF CART! Dazzling Beac,Beach Blue Properties,"",78714,103502,539.14,68.87,272,2,2,6,true,true,true,true,true,false,true,Home/Apartment,Condominium (condo),Apt/Condo/Loft,4.8,37,3,21+,Luxury,false,440,true,146,26,2026-05-15,Santa Rosa/Rosemary Beach,Miramar Beach,Miramar Beach,Florida,32550,United States,coastal,https://www.airbnb.com/rooms/1430449493161969253,https://a0.muscache.com/im/pictures/prohost-api/Hosting-1430449493161969253/original/d908a989-3b99-4805-a1e6-2101f2610d6f.jpeg,1430449493161969253,3175761,30.3708,-86.334
Beachfront ~ Private Balcony ~ Recent Updates,My Vacation Haven,"",78681,87427,554.09,58.44,317,2,2,6,true,false,true,true,true,false,true,Home/Apartment,Condominium (condo),Apt/Condo/Loft,4.5,5,3,21+,Luxury,false,547,true,142,32,2026-05-13,Santa Rosa/Rosemary Beach,Miramar Beach,Miramar Beach,Florida,32550,United States,coastal,https://www.airbnb.com/rooms/32756911,https://a0.muscache.com/im/pictures/prohost-api/Hosting-32756911/original/883967e5-5bee-4dd1-aa44-7eeecee52abe.jpeg,32756911,"",30.37,-86.3301
Maravilla 2413 1 Bedroom /2 Bath Gulf Front Beach,Beach Condos in Destin,"",78375,85700,354.64,77,288,1,2,4,true,true,true,true,true,true,true,Home/Apartment,Condominium (condo),Apt/Condo/Loft,4.8,82,3,21+,Luxury,true,227,true,221,36,2026-05-13,Santa Rosa/Rosemary Beach,Miramar Beach,Miramar Beach,Florida,32550,United States,coastal,https://www.airbnb.com/rooms/660118920471983359,https://a0.muscache.com/im/pictures/prohost-api/Hosting-660118920471983359/original/c005e5c0-2b54-4390-983b-4f4b565c6ac5.jpeg,660118920471983359,847993,30.3794,-86.3911
The Crescent 410,Scenic Stays,"",78260,95486,508.18,84.62,188,2,2,8,true,true,true,true,true,false,true,Home/Apartment,Condominium (condo),Apt/Condo/Loft,5,25,7,21+,Luxury,false,329,true,154,22,2026-05-11,Santa Rosa/Rosemary Beach,Miramar Beach,Miramar Beach,Florida,32550,United States,coastal,https://www.airbnb.com/rooms/809389059006257397,https://a0.muscache.com/im/pictures/prohost-api/Hosting-809389059006257397/original/219f3747-a2b7-408a-9a57-e00cecf59ca5.jpeg,809389059006257397,3010393,30.37564,-86.35589
Windancer 409: Beachfront Stay,Ocean Reef,"",78229,96200,460.17,78.34,271,2,2,10,true,false,false,true,true,false,true,Home/Apartment,Condominium (condo),Apt/Condo/Loft,4.8,10,1,21+,Luxury,false,322,true,170,29,2026-05-13,Santa Rosa/Rosemary Beach,Miramar Beach,Miramar Beach,Florida,32550,United States,coastal,https://www.airbnb.com/rooms/1360181803676497909,https://a0.muscache.com/im/pictures/prohost-api/Hosting-1360181803676497909/original/42ee92ff-f2d6-43ef-b7ff-d4ddcd5187f8.jpeg,1360181803676497909,669997,30.3732182217,-86.3519812178
Watch the Waves Crash from this Gorgeous 2,Newman-Dailey,"",78171,92865,491.64,71.95,293,2,3,8,true,false,true,true,true,false,true,Home/Apartment,Condominium (condo),Apt/Condo/Loft,4.95,18,3,21+,Luxury,true,415,true,159,32,2026-05-11,Santa Rosa/Rosemary Beach,Miramar Beach,Miramar Beach,Florida,32550,United States,coastal,https://www.airbnb.com/rooms/53624641,https://a0.muscache.com/im/pictures/prohost-api/Hosting-53624641/original/9c2f130b-7c2c-4395-bc9b-53993826dc3a.jpeg,53624641,3638537ha,30.3786,-86.3844
Beachfront Gulf Sunset Views ~ Tram Included,My Vacation Haven,"",78101,89919,596.19,65.83,252,2,2,6,true,false,true,true,true,false,true,Home/Apartment,Condominium (condo),Apt/Condo/Loft,5,12,3,21+,Luxury,false,525,true,131,24,2026-05-11,Santa Rosa/Rosemary Beach,Miramar Beach,Miramar Beach,Florida,32550,United States,coastal,https://www.airbnb.com/rooms/909372955039187385,https://a0.muscache.com/im/pictures/prohost-api/Hosting-909372955039187385/original/ffdef169-2d76-417a-86c8-314c252dbde9.jpeg,909372955039187385,3372350,30.371,-86.3341
""Serene Retreat: Comfortable 2-Bedroom Condo in Be",Sandestin Golf And Beach Resort,,77907,84384,469.32,59.71,321,2,2,6,true,true,false,true,true,false,true,Home/Apartment,Condominium (condo),Apt/Condo/Loft,4.5,2,1,21+,Luxury,false,154,true,166,41,2026-05-10,"=AVERAGE($G$2:$G$554)","=AVERAGE($D$2:$D$554)","=IFERROR(($AT403-G403)/$AT403,0)","=IFERROR(($AU403-D403)/$AU403,0)","=$AU403-D403"
Beachside One 4067 | Gulf Front! 2PM Check in!,Beach Reunion,,77899,93537,683.32,61.29,207,2,2,6,true,true,true,true,true,false,true,Home/Apartment,Condominium (condo),Apt/Condo/Loft,4.85,24,3,21+,Luxury,false,1159,true,114,24,2026-05-11,Santa Rosa/Rosemary Beach,Miramar Beach,Miramar Beach,Florida,32550,United States,coastal,https://www.airbnb.com/rooms/771828053978517206,https://a0.muscache.com/im/pictures/prohost-api/Hosting-771828053978517206/original/f216944a-93ac-4cfd-8101-641118ec4f30.jpeg,771828053978517206,3124701,30.37016,-86.33168,"=AVERAGE($G$2:$G$554)","=AVERAGE($D$2:$D$554)","=IFERROR(($AT404-G404)/$AT404,0)","=IFERROR(($AU404-D404)/$AU404,0)","=$AU404-D404"
"Majestic Sun 1005A - Great Views, Discount Golf, D",Seascape Resort,,77832,80506,598.71,50.39,286,2,2,6,true,true,true,true,true,false,true,Home/Apartment,Condominium (condo),Apt/Condo/Loft,4.15,48,1,21+,Luxury,false,246,true,130,33,2026-05-13,Santa Rosa/Rosemary Beach,Miramar Beach,Miramar Beach,Florida,32550,United States,coastal,https://www.airbnb.com/rooms/1082725873188351057,https://a0.muscache.com/im/pictures/prohost-api/Hosting-1082725873188351057/original/3541ade4-22c6-4c84-ab0b-761387883cc2.jpeg,1082725873188351057,1045656,30.3751,-86.3677,"=AVERAGE($G$2:$G$554)","=AVERAGE($D$2:$D$554)","=IFERROR(($AT405-G405)/$AT405,0)","=IFERROR(($AU405-D405)/$AU405,0)","=$AU405-D405"
Beach Service! Pet Friendly!  Blue Surf 9!,Shore Dreams Vacation Rentals,,77757,93349,518.38,68.49,221,2,2,6,true,false,false,true,true,true,true,Home/Apartment,Townhouse,Apt/Condo/Loft,4.8,95,2,21+,Luxury,true,327,true,150,28,2026-05-13,Santa Rosa/Rosemary Beach,Miramar Beach,Miramar Beach,Florida,32550,United States,coastal,https://www.airbnb.com/rooms/32502669,https://a0.muscache.com/im/pictures/prohost-api/Hosting-32502669/original/2cdf471e-ec67-4e0e-babd-1acef1496473.jpeg,32502669,1573010,30.3783,-86.38568,"=AVERAGE($G$2:$G$554)","=AVERAGE($D$2:$D$554)","=IFERROR(($AT406-G406)/$AT406,0)","=IFERROR(($AU406-D406)/$AU406,0)","=$AU406-D406"
Golf Cart ~ Seasonally Heated Pool ~ First Floor,My Vacation Haven,,77612,120239,531.59,68.22,232,2,1,6,true,false,true,true,true,false,true,Home/Apartment,Condominium (condo),Apt/Condo/Loft,4.8,37,3,21+,Luxury,false,665,true,146,26,2026-05-11,Santa Rosa/Rosemary Beach,Miramar Beach,Miramar Beach,Florida,32550,United States,coastal,https://www.airbnb.com/rooms/49169794,https://a0.muscache.com/im/pictures/prohost-api/Hosting-49169794/original/e017c859-d743-49eb-aa0c-a13501ff8973.jpeg,49169794,2272787,30.3703,-86.3312,"=AVERAGE($G$2:$G$554)","=AVERAGE($D$2:$D$554)","=IFERROR(($AT407-G407)/$AT407,0)","=IFERROR(($AU407-D407)/$AU407,0)","=$AU407-D407"
Spectacular Sunsets Await: Updated 1-Bedroom Condo on the 11th Floor of Westwinds! at Sandestin Golf and Beach Resort!,Sandestin Golf & Beach Resort,,77598,87492,433.51,60.68,336,1,1,2,true,false,false,true,true,false,true,Home/Apartment,Condominium (condo),Apt/Condo/Loft,2,1,1,21+,Luxury,false,170,true,179,42,2026-05-14,Santa Rosa/Rosemary Beach,Miramar Beach,Miramar Beach,Florida,32550,United States,coastal,https://www.vrbo.com/3816427,"https://media.vrbo.com/lodging/102000000/101870000/101860300/101860271/e2b92731.jpg?impolicy=resizecrop&rw=1200&ra=fit",,3816427,30.37144,-86.3338,"=AVERAGE($G$2:$G$554)","=AVERAGE($D$2:$D$554)","=IFERROR(($AT408-G408)/$AT408,0)","=IFERROR(($AU408-D408)/$AU408,0)","=$AU408-D408"
Bay Views ~ Coastal Luxury ~ Golf Cart,My Vacation Haven,,77457,100433,469.44,68.18,250,2,2,6,true,false,false,true,true,true,true,Home/Apartment,House,House/villa,5,7,3,21+,Luxury,false,677,true,165,30,2026-05-16,Santa Rosa/Rosemary Beach,Miramar Beach,Miramar Beach,Florida,32550,United States,coastal,https://www.airbnb.com/rooms/1388354910903965810,https://a0.muscache.com/im/pictures/prohost-api/Hosting-1388354910903965810/original/d489f5ea-847c-4a90-9204-5ab79dd0da1b.jpeg,1388354910903965810,4492582,30.3825,-86.3468,"=AVERAGE($G$2:$G$554)","=AVERAGE($D$2:$D$554)","=IFERROR(($AT409-G409)/$AT409,0)","=IFERROR(($AU409-D409)/$AU409,0)","=$AU409-D409"
Luxury Corner Unit! 1408 ft. Huge 500 sq ft. Balcony!,,,77186,83716,504.48,50.16,316,2,2,6,true,true,true,true,true,false,true,Home/Apartment,Condominium (condo),Apt/Condo/Loft,5,119,2,1,Luxury,false,200,false,153,37,2026-05-17,Santa Rosa/Rosemary Beach,Miramar Beach,Miramar Beach,Florida,32550,United States,coastal,https://www.vrbo.com/402786,"https://media.vrbo.com/lodging/35000000/34330000/34322600/34322550/6db9c191.jpg?impolicy=resizecrop&rw=1200&ra=fit",,402786,30.374933,-86.357018,"=AVERAGE($G$2:$G$554)","=AVERAGE($D$2:$D$554)","=IFERROR(($AT410-G410)/$AT410,0)","=IFERROR(($AU410-D410)/$AU410,0)","=$AU410-D410"
Beach Service! Gulf Front! Windancer 104!,Shore Dreams Vacation Rentals,,76264,90048,453.95,76.02,254,1,1,6,true,false,false,true,true,false,true,Home/Apartment,Condominium (condo),Apt/Condo/Loft,5,114,2,21+,Luxury,true,316,true,168,32,2026-05-11,Santa Rosa/Rosemary Beach,Miramar Beach,Miramar Beach,Florida,32550,United States,coastal,https://www.airbnb.com/rooms/694856572964230846,https://a0.muscache.com/im/pictures/prohost-api/Hosting-694856572964230846/original/c6e71e6b-f7ec-4522-a71d-d3461d1767b8.jpeg,694856572964230846,2967409,30.37323,-86.35117,"=AVERAGE($G$2:$G$554)","=AVERAGE($D$2:$D$554)","=IFERROR(($AT411-G411)/$AT411,0)","=IFERROR(($AU411-D411)/$AU411,0)","=$AU411-D411"
Gulf Front Condo w/6-Seat GOLF CART! Private Balco,Beach Blue Properties,,76161,111087,501.06,76.77,271,2,2,8,true,true,true,true,true,false,true,Home/Apartment,Condominium (condo),Apt/Condo/Loft,4.55,71,3,21+,Luxury,false,400,true,152,30,2026-05-14,Santa Rosa/Rosemary Beach,Miramar Beach,Miramar Beach,Florida,32550,United States,coastal,https://www.airbnb.com/rooms/1430427410693955401,https://a0.muscache.com/im/pictures/prohost-api/Hosting-1430427410693955401/original/efbada28-cb7b-41ff-b523-3c8d4c8988f0.jpeg,1430427410693955401,903529,30.3702,-86.3314,"=AVERAGE($G$2:$G$554)","=AVERAGE($D$2:$D$554)","=IFERROR(($AT412-G412)/$AT412,0)","=IFERROR(($AU412-D412)/$AU412,0)","=$AU412-D412"
Monaco Sands with Private Beach and Heated Pool,Love Rentals,,75597,77911,475.45,70.04,343,2,2,12,true,false,false,true,true,false,true,Home/Apartment,Condominium (condo),Apt/Condo/Loft,4.85,141,3,21+,Luxury,true,334,true,159,33,2026-05-11,Santa Rosa/Rosemary Beach,Miramar Beach,Miramar Beach,Florida,32550,United States,coastal,https://www.airbnb.com/rooms/33710547,https://a0.muscache.com/im/pictures/prohost-api/Hosting-33710547/original/6d67eeb4-e0b5-42b5-bdc2-3d257842ea9a.jpeg,33710547,7703075ha,30.3739,-86.3555,"=AVERAGE($G$2:$G$554)","=AVERAGE($D$2:$D$554)","=IFERROR(($AT413-G413)/$AT413,0)","=IFERROR(($AU413-D413)/$AU413,0)","=$AU413-D413"
"Updated Condo, Gulf Front, Tennis, Pool, Hot Tub,",Newman-Dailey,,75529,89756,500.19,60.16,261,2,2,6,true,false,true,true,true,false,true,Home/Apartment,Condominium (condo),Apt/Condo/Loft,4.75,12,3,21+,Luxury,true,398,true,151,29,2026-05-17,Santa Rosa/Rosemary Beach,Miramar Beach,Miramar Beach,Florida,32550,United States,coastal,https://www.airbnb.com/rooms/48347053,https://a0.muscache.com/im/pictures/prohost-api/Hosting-48347053/original/fef0f362-4f3e-418f-8ff7-6275059259f5.jpeg,48347053,9384663ha,30.3717,-86.3391,"=AVERAGE($G$2:$G$554)","=AVERAGE($D$2:$D$554)","=IFERROR(($AT414-G414)/$AT414,0)","=IFERROR(($AU414-D414)/$AU414,0)","=$AU414-D414"
2BR/2.5BA Beachside Condo w/ Gulf Views & Golf Car,Sandestin Golf And Beach Resort,,75457,105079,527.67,60.85,250,2,2,6,true,true,false,true,true,false,true,Home/Apartment,Condominium (condo),Apt/Condo/Loft,0,0,1,21+,Luxury,false,154,true,143,37,2026-05-13,Santa Rosa/Rosemary Beach,Miramar Beach,Miramar Beach,Florida,32550,United States,coastal,https://www.airbnb.com/rooms/1105037857416816275,https://a0.muscache.com/im/pictures/prohost-api/Hosting-1105037857416816275/original/dd738e4d-e29c-4e43-9822-e7ca5dabf152.jpeg,1105037857416816275,3816432,30.372,-86.3333,"=AVERAGE($G$2:$G$554)","=AVERAGE($D$2:$D$554)","=IFERROR(($AT415-G415)/$AT415,0)","=IFERROR(($AU415-D415)/$AU415,0)","=$AU415-D415"
Enjoy the gorgeous view golf cart! 4063 BS1,Platinum Vacations of Destin,,75360,89661,453.98,62.88,295,2,2,6,true,true,true,true,true,false,true,Home/Apartment,Condominium (condo),Apt/Condo/Loft,4.6,96,1,21+,Luxury,true,500,true,166,39,2026-05-13,Santa Rosa/Rosemary Beach,Miramar Beach,Miramar Beach,Florida,32550,United States,coastal,https://www.airbnb.com/rooms/1192136590738928103,https://a0.muscache.com/im/pictures/prohost-api/Hosting-1192136590738928103/original/2c71f08e-84ea-4714-81d3-7ac4b1337f2c.jpeg,1192136590738928103,176771,30.3703,-86.3312,"=AVERAGE($G$2:$G$554)","=AVERAGE($D$2:$D$554)","=IFERROR(($AT416-G416)/$AT416,0)","=IFERROR(($AU416-D416)/$AU416,0)","=$AU416-D416"
The Crescent 412,Scenic Stays,,75353,82023,499.03,63.98,330,2,2,6,true,true,true,true,true,false,true,Home/Apartment,Condominium (condo),Apt/Condo/Loft,5,5,4,21+,Luxury,false,328,true,151,25,2026-05-11,Santa Rosa/Rosemary Beach,Miramar Beach,Miramar Beach,Florida,32550,United States,coastal,https://www.airbnb.com/rooms/781838013361038244,https://a0.muscache.com/im/pictures/hosting/Hosting-781838013361038244/original/3c399f76-280d-427b-9296-b3862420c9eb.jpeg,781838013361038244,,30.37509,-86.35751,"=AVERAGE($G$2:$G$554)","=AVERAGE($D$2:$D$554)","=IFERROR(($AT417-G417)/$AT417,0)","=IFERROR(($AU417-D417)/$AU417,0)","=$AU417-D417"
Mainsail 181: Beachfront Bliss,Ocean Reef,,74681,104635,405.88,75.72,283,2,2,8,true,true,true,true,true,false,true,Home/Apartment,Condominium (condo),Apt/Condo/Loft,4.85,23,1,21+,Luxury,false,425,true,184,29,2026-05-11,Santa Rosa/Rosemary Beach,Miramar Beach,Miramar Beach,Florida,32550,United States,coastal,https://www.airbnb.com/rooms/1370455978809271412,https://a0.muscache.com/im/pictures/prohost-api/Hosting-1370455978809271412/original/89c6511e-07dd-4955-a997-25b5d75d692b.jpeg,1370455978809271412,2037604,30.374435552,-86.3486412191,"=AVERAGE($G$2:$G$554)","=AVERAGE($D$2:$D$554)","=IFERROR(($AT418-G418)/$AT418,0)","=IFERROR(($AU418-D418)/$AU418,0)","=$AU418-D418"
Golf Cart ~ Beachfront ~ Ground Floor ~ Patio,My Vacation Haven,,74581,76693,384.44,65.76,316,1,1,4,true,false,true,true,true,false,true,Home/Apartment,Condominium (condo),Apt/Condo/Loft,4.8,52,3,21+,Luxury,false,304,true,194,45,2026-05-17,Santa Rosa/Rosemary Beach,Miramar Beach,Miramar Beach,Florida,32550,United States,coastal,https://www.airbnb.com/rooms/32756813,https://a0.muscache.com/im/pictures/prohost-api/Hosting-32756813/original/89435039-6264-41c5-a383-8d361177d76e.jpeg,32756813,342564,30.3711,-86.3331,"=AVERAGE($G$2:$G$554)","=AVERAGE($D$2:$D$554)","=IFERROR(($AT419-G419)/$AT419,0)","=IFERROR(($AU419-D419)/$AU419,0)","=$AU419-D419"
"Gulf View,Beach Service, Maravilla 2303!",Shore Dreams Vacation Rentals,,74409,99883,513.17,61.97,240,2,2,6,true,false,false,true,true,true,true,Home/Apartment,Condominium (condo),Apt/Condo/Loft,4.7,74,2,21+,Luxury,true,328,true,145,29,2026-05-13,Santa Rosa/Rosemary Beach,Miramar Beach,Miramar Beach,Florida,32550,United States,coastal,https://www.airbnb.com/rooms/19982667,https://a0.muscache.com/im/pictures/prohost-api/Hosting-19982667/original/51cb2ff3-ec21-4acd-ba06-0cb28cf02db5.jpeg,19982667,1149149,30.37983,-86.39185,"=AVERAGE($G$2:$G$554)","=AVERAGE($D$2:$D$554)","=IFERROR(($AT420-G420)/$AT420,0)","=IFERROR(($AU420-D420)/$AU420,0)","=$AU420-D420"
"Updated Beachfront Condo - Beach View, Balcony, Po",Beach Blue Properties,,74265,75586,473.03,64.08,329,2,2,6,true,true,true,true,false,false,true,Home/Apartment,Condominium (condo),Apt/Condo/Loft,4.8,88,3,21+,Luxury,true,425,true,157,32,2026-05-14,Santa Rosa/Rosemary Beach,Miramar Beach,Miramar Beach,Florida,32550,United States,coastal,https://www.airbnb.com/rooms/1445805294831309084,https://a0.muscache.com/im/pictures/prohost-api/Hosting-1445805294831309084/original/3bc6b34f-6fe8-44b2-abc1-5908a47535b6.jpeg,1445805294831309084,1267448,30.3709,-86.3339,"=AVERAGE($G$2:$G$554)","=AVERAGE($D$2:$D$554)","=IFERROR(($AT421-G421)/$AT421,0)","=IFERROR(($AU421-D421)/$AU421,0)","=$AU421-D421"
Beachfront ~ Private Balcony ~ Golf Cart,My Vacation Haven,,74062,92172,617.18,63.83,243,2,2,7,true,false,true,true,true,false,true,Home/Apartment,Condominium (condo),Apt/Condo/Loft,4.8,32,3,21+,Luxury,false,642,true,120,23,2026-05-13,Santa Rosa/Rosemary Beach,Miramar Beach,Miramar Beach,Florida,32550,United States,coastal,https://www.airbnb.com/rooms/32756221,https://a0.muscache.com/im/pictures/prohost-api/Hosting-32756221/original/1902afbd-5227-408b-a333-e473867213c2.jpeg,32756221,1301947,30.371,-86.3338,"=AVERAGE($G$2:$G$554)","=AVERAGE($D$2:$D$554)","=IFERROR(($AT422-G422)/$AT422,0)","=IFERROR(($AU422-D422)/$AU422,0)","=$AU422-D422"
"Beachside II 4367! 2 private balconies, large flat",Gibson Beach Rentals,,74034,89694,474.58,66.38,274,2,2,8,true,true,true,true,true,false,true,Home/Apartment,Condominium (condo),Apt/Condo/Loft,4.5,113,1,21+,Luxury,true,297,true,156,35,2026-05-11,Santa Rosa/Rosemary Beach,Miramar Beach,Miramar Beach,Florida,32550,United States,coastal,https://www.airbnb.com/rooms/23701415,https://a0.muscache.com/im/pictures/prohost-api/Hosting-23701415/original/e89b5cbb-7465-4d4f-98e1-11bf137a9ad2.jpeg,23701415,408066,30.36984,-86.33079,"=AVERAGE($G$2:$G$554)","=AVERAGE($D$2:$D$554)","=IFERROR(($AT423-G423)/$AT423,0)","=IFERROR(($AU423-D423)/$AU423,0)","=$AU423-D423"
"Private Beach, Heated Pool, Tennis, Golf Course",Beach Luxury Vacations,,73891,85488,516.72,58.61,321,2,2,6,true,false,false,true,true,false,true,Home/Apartment,Condominium (condo),Apt/Condo/Loft,4.9,72,2,21+,Luxury,true,484,false,143,23,2026-05-11,Santa Rosa/Rosemary Beach,Miramar Beach,Miramar Beach,Florida,32550,United States,coastal,https://www.airbnb.com/rooms/574666946256492841,https://a0.muscache.com/im/pictures/prohost-api/Hosting-574666946256492841/original/008b37b8-2857-4d06-9c55-bc5ed9a66fba.jpeg,574666946256492841,2649916,30.3814,-86.3735,"=AVERAGE($G$2:$G$554)","=AVERAGE($D$2:$D$554)","=IFERROR(($AT424-G424)/$AT424,0)","=IFERROR(($AU424-D424)/$AU424,0)","=$AU424-D424"
Modern 4th-Floor Condo w/ Gulf Views & Golf Cart!,Sandestin Golf And Beach Resort,,73799,86156,519.71,68.93,236,2,2,6,true,true,false,true,true,false,true,Home/Apartment,Condominium (condo),Apt/Condo/Loft,0,0,1,21+,Luxury,false,154,true,142,36,2026-05-11,Santa Rosa/Rosemary Beach,Miramar Beach,Miramar Beach,Florida,32550,United States,coastal,https://www.airbnb.com/rooms/1105033487461855097,https://a0.muscache.com/im/pictures/prohost-api/Hosting-1105033487461855097/original/d8318d02-abef-4c3a-a137-b19c795f4b6f.jpeg,1105033487461855097,3816393,30.3711,-86.331,"=AVERAGE($G$2:$G$554)","=AVERAGE($D$2:$D$554)","=IFERROR(($AT425-G425)/$AT425,0)","=IFERROR(($AU425-D425)/$AU425,0)","=$AU425-D425"
Pool and Beach View from 3 Balconies,Newman-Dailey,,73634,86526,460.21,64.78,264,2,2,6,true,false,true,true,true,false,true,Home/Apartment,Condominium (condo),Apt/Condo/Loft,5,2,1,21+,Luxury,true,415,true,160,37,2026-05-11,Santa Rosa/Rosemary Beach,Miramar Beach,Miramar Beach,Florida,32550,United States,coastal,https://www.airbnb.com/rooms/1343615299266978290,https://a0.muscache.com/im/pictures/prohost-api/Hosting-1343615299266978290/original/f93ce991-e311-4702-9a60-ed5654c27037.jpeg,1343615299266978290,20105486ha,30.3788,-86.3842,"=AVERAGE($G$2:$G$554)","=AVERAGE($D$2:$D$554)","=IFERROR(($AT426-G426)/$AT426,0)","=IFERROR(($AU426-D426)/$AU426,0)","=$AU426-D426"
"Majestic Sun 1105B - 11th Floor, Incredible Views,",Seascape Resort,,73612,82522,484.29,63.33,300,2,2,6,true,true,true,true,true,false,true,Home/Apartment,Condominium (condo),Apt/Condo/Loft,4.35,27,2,21+,Luxury,false,223,true,152,31,2026-05-13,Santa Rosa/Rosemary Beach,Miramar Beach,Miramar Beach,Florida,32550,United States,coastal,https://www.airbnb.com/rooms/1082720159536165382,https://a0.muscache.com/im/pictures/prohost-api/Hosting-1082720159536165382/original/7c941ada-e07e-4afe-8a9e-5edabb744147.jpeg,1082720159536165382,1043978,30.3758,-86.3679,"=AVERAGE($G$2:$G$554)","=AVERAGE($D$2:$D$554)","=IFERROR(($AT427-G427)/$AT427,0)","=IFERROR(($AU427-D427)/$AU427,0)","=$AU427-D427"
"Majestic Sun 0609A - Updated, Professionally Decor",Seascape Resort,,73607,83349,415.86,63.67,280,1,2,6,true,true,true,true,true,false,true,Home/Apartment,Condominium (condo),Apt/Condo/Loft,3.45,50,2,21+,Luxury,false,190,true,177,46,2026-05-11,Santa Rosa/Rosemary Beach,Miramar Beach,Miramar Beach,Florida,32550,United States,coastal,https://www.airbnb.com/rooms/1082724872650567964,https://a0.muscache.com/im/pictures/prohost-api/Hosting-1082724872650567964/original/01911174-3a9b-45ba-856c-7ae23c99a348.jpeg,1082724872650567964,1043975,30.3751,-86.3677,"=AVERAGE($G$2:$G$554)","=AVERAGE($D$2:$D$554)","=IFERROR(($AT428-G428)/$AT428,0)","=IFERROR(($AU428-D428)/$AU428,0)","=$AU428-D428"
Beachside II 4324 - Golf cart and amazing views!,Gibson Beach Rentals,,73507,80455,453.75,57.65,342,2,2,8,true,true,true,true,true,false,true,Home/Apartment,Condominium (condo),Apt/Condo/Loft,4.7,25,3,21+,Luxury,true,335,true,162,37,2026-05-11,Santa Rosa/Rosemary Beach,Miramar Beach,Miramar Beach,Florida,32550,United States,coastal,https://www.airbnb.com/rooms/700654697282193615,https://a0.muscache.com/im/pictures/prohost-api/Hosting-700654697282193615/original/262cc1af-d35b-4417-90ec-5f939b519f69.jpeg,700654697282193615,2851999,30.36974,-86.33072,"=AVERAGE($G$2:$G$554)","=AVERAGE($D$2:$D$554)","=IFERROR(($AT429-G429)/$AT429,0)","=IFERROR(($AU429-D429)/$AU429,0)","=$AU429-D429"
"Windancer 311 - Gulf Front, Renovated, Free Beach",Modern Beach Vacation Rentals,,73499,84139,346.69,73.87,290,1,1,6,true,true,false,true,true,false,true,Home/Apartment,Condominium (condo),Apt/Condo/Loft,4.9,209,1,21+,Luxury,false,323,true,212,41,2026-05-17,Santa Rosa/Rosemary Beach,Miramar Beach,Miramar Beach,Florida,32550,United States,coastal,https://www.airbnb.com/rooms/813763295230817438,https://a0.muscache.com/im/pictures/prohost-api/Hosting-813763295230817438/original/6028bcf1-02a8-4de8-ae38-04989307ff33.jpeg,813763295230817438,1215538,30.3733,-86.3514,"=AVERAGE($G$2:$G$554)","=AVERAGE($D$2:$D$554)","=IFERROR(($AT430-G430)/$AT430,0)","=IFERROR(($AU430-D430)/$AU430,0)","=$AU430-D430"
"19th-Floor Elegance: Recently Redecorated West-Fa,Sandestin Golf And Beach Resort,"",73326,88409,467.04,81.35,284,2,2,6,true,true,false,true,true,false,true,Home/Apartment,Condominium (condo),Apt/Condo/Loft,5,1,1,21+,Luxury,false,153,true,157,32,2026-05-17,Santa Rosa/Rosemary Beach,Miramar Beach,Miramar Beach,Florida,32550,United States,coastal,https://www.airbnb.com/rooms/1103052430678889250,https://a0.muscache.com/im/pictures/prohost-api/Hosting-1103052430678889250/original/d58a38f6-e4a1-48bb-9b8d-584fa385260a.jpeg,1103052430678889250,"",30.372,-86.3333
B404 | Beachfront with Beach Service", Pool," & WiFi,Best Destin Beach House Rental"," LLC,"",73324,75558,278.8,79.94,336,1,1,4,true,true,false,true,true,false,true,Home/Apartment,Condominium (condo),Apt/Condo/Loft,4.85,42,6,21+,Luxury,true,213,true,263,41,2026-05-17,Santa Rosa/Rosemary Beach,Miramar Beach,Miramar Beach,Florida,32550,United States,coastal,https://www.airbnb.com/rooms/1030556398913661199,https://a0.muscache.com/im/pictures/prohost-api/Hosting-1030556398913661199/original/2f0f6af2-6e38-473d-8437-9cbd035aa92f.jpeg,1030556398913661199,9897911ha,30.3747,-86.3597
Majestic Sun 807A: Beachy Escape,Ocean Reef,"",73162,79097,312.66,69.44,338,1,2,6,true,true,true,true,true,false,true,Home/Apartment,Condominium (condo),Apt/Condo/Loft,4.5,23,3,21+,Luxury,false,291,true,234,56,2026-05-11,Santa Rosa/Rosemary Beach,Miramar Beach,Miramar Beach,Florida,32550,United States,coastal,https://www.airbnb.com/rooms/1370452160454934106,https://a0.muscache.com/im/pictures/prohost-api/Hosting-1370452160454934106/original/9a2aaccb-8fc5-4056-beba-d0dd9048c114.jpeg,1370452160454934106,2636028,30.3767707521,-86.3688221756
LF120 Between the Gulf and Lake Stewart"," you are s,Seascape Resort,"",72589,74862,426.99,69.11,286,1,1,6,true,true,false,true,true,false,true,Home/Apartment,Condominium (condo),Apt/Condo/Loft,4,12,1,21+,Luxury,false,209,true,170,39,2026-05-13,Santa Rosa/Rosemary Beach,Miramar Beach,Miramar Beach,Florida,32550,United States,coastal,https://www.airbnb.com/rooms/1082733346477490999,https://a0.muscache.com/im/pictures/prohost-api/Hosting-1082733346477490999/original/4328407b-d9ed-489a-a009-4aef01ddb4e7.jpeg,1082733346477490999,3210085,30.3774,-86.3729
4750 Westwinds Two Bedroom"," Beachfront Condo,Sandestin Golf And Beach Resort,"",72447,84908,444.46,60.82,323,2,2,4,true,true,true,true,true,false,true,Home/Apartment,Condominium (condo),Apt/Condo/Loft,5,133,3,21+,Luxury,false,130,false,163,32,2024-02-17,Santa Rosa/Rosemary Beach,Miramar Beach,Miramar Beach,Florida,32550,United States,coastal,https://www.airbnb.com/rooms/25080835,https://a0.muscache.com/im/pictures/1537ae37-5be3-4336-9291-e4cb117cb14f.jpg?aki_policy=x_large,25080835,3092889,30.37063,-86.33444
Beachfront ~ Gulf Views ~ Seasonally Heated Pool,My Vacation Haven,"",72348,89855,452.18,77.29,231,2,2,6,true,false,true,true,true,false,true,Home/Apartment,Condominium (condo),Apt/Condo/Loft,4.8,32,3,21+,Luxury,false,587,true,160,26,2026-05-11,Santa Rosa/Rosemary Beach,Miramar Beach,Miramar Beach,Florida,32550,United States,coastal,https://www.airbnb.com/rooms/23265126,https://a0.muscache.com/im/pictures/prohost-api/Hosting-23265126/original/f8b23b4d-538c-472b-91c2-39c2df341df0.jpeg,23265126,883833,30.3711,-86.3331
Beach Manor 1206,Gibson Beach Rentals,"",72281,91121,460.39,83.51,188,2,2,6,true,true,true,true,true,false,true,Home/Apartment,Condominium (condo),Apt/Condo/Loft,0,0,1,21+,Luxury,true,438,true,157,32,2026-05-16,Santa Rosa/Rosemary Beach,Miramar Beach,Miramar Beach,Florida,32550,United States,coastal,https://www.airbnb.com/rooms/23701431,https://a0.muscache.com/im/pictures/prohost-api/Hosting-23701431/original/6a506c89-aed0-4e55-bbdd-58e444409688.jpeg,23701431,"",30.36905,-86.32435
Gulfside 1402: High-Rise Views,Ocean Reef,"",72245,90198,405.87,76.07,269,2,2,6,true,true,true,true,true,false,true,Home/Apartment,Condominium (condo),Apt/Condo/Loft,4.25,17,2,21+,Luxury,false,320,true,178,29,2026-05-17,Santa Rosa/Rosemary Beach,Miramar Beach,Miramar Beach,Florida,32550,United States,coastal,https://www.airbnb.com/rooms/1404513686093674312,https://a0.muscache.com/im/pictures/prohost-api/Hosting-1404513686093674312/original/60f7e9e5-f05b-4ade-92a5-68a2277c638d.jpeg,1404513686093674312,291481,30.3726514631,-86.3394744484
Beach Front Balcony ~ Seasonally Heated Pool,My Vacation Haven,"",72182,73858,353.83,77.86,327,1,1,4,true,false,true,true,true,false,true,Home/Apartment,Condominium (condo),Apt/Condo/Loft,4.9,113,3,21+,Luxury,false,304,true,204,40,2026-05-17,Santa Rosa/Rosemary Beach,Miramar Beach,Miramar Beach,Florida,32550,United States,coastal,https://www.airbnb.com/rooms/23265180,https://a0.muscache.com/im/pictures/prohost-api/Hosting-23265180/original/e0b859d7-8216-46ca-9cc6-1fc4cb187e2a.jpeg,23265180,1212604,30.371,-86.3338
Stunning Water Views! Pool/Beach Bar/Tops'l Resort,iTrip Vacations,"",71996,91143,455.67,71.49,270,2,2,6,true,false,true,true,true,false,true,Home/Apartment,Condominium (condo),Apt/Condo/Loft,4.75,83,3,21+,Luxury,true,564,true,158,29,2026-05-13,Santa Rosa/Rosemary Beach,Miramar Beach,Miramar Beach,Florida,32550,United States,coastal,https://www.airbnb.com/rooms/22043177,https://a0.muscache.com/im/pictures/prohost-api/Hosting-22043177/original/93db2295-12fd-403b-80d6-6822d6ffb64b.jpeg,22043177,4759237ha,30.369,-86.3253
Golf Cart ~ Gulf Views ~ Private Balcony,My Vacation Haven,"",71846,121090,593.77,61.42,209,2,2,6,true,false,true,true,true,false,true,Home/Apartment,Condominium (condo),Apt/Condo/Loft,4.7,72,3,21+,Luxury,false,564,true,121,29,2026-05-11,Santa Rosa/Rosemary Beach,Miramar Beach,Miramar Beach,Florida,32550,United States,coastal,https://www.airbnb.com/rooms/23265134,https://a0.muscache.com/im/pictures/prohost-api/Hosting-23265134/original/4e1157b8-a8a2-455d-ba5b-ab975d73f06f.jpeg,23265134,231773,30.37,-86.3301
2BR Beachfront Condo with Balcony Overlooking Gulf,Beach Blue Properties,"",71841,85981,498.9,67.92,268,2,2,6,true,true,true,true,false,false,true,Home/Apartment,Condominium (condo),Apt/Condo/Loft,4.7,25,3,21+,Luxury,false,455,true,144,30,2026-05-17,Santa Rosa/Rosemary Beach,Miramar Beach,Miramar Beach,Florida,32550,United States,coastal,https://www.airbnb.com/rooms/1430452610290053230,https://a0.muscache.com/im/pictures/prohost-api/Hosting-1430452610290053230/original/69a404b9-88b0-441d-ae93-6c11d6ee0e8d.jpeg,1430452610290053230,3295921,30.3711,-86.3339
Book Me Baby! Peace of Paradise in Destin,Pinkie,"",71794,79058,593.34,46.72,312,2,2,8,true,true,true,true,true,false,true,Home/Apartment,Condominium (condo),Apt/Condo/Loft,4.45,9,3,21+,Luxury,false,1584,true,121,31,2026-05-11,Santa Rosa/Rosemary Beach,Miramar Beach,Miramar Beach,Florida,32550,United States,coastal,https://www.airbnb.com/rooms/1336331701807149974,https://a0.muscache.com/im/pictures/prohost-api/Hosting-1336331701807149974/original/d2fbeff4-db08-4091-b965-7c4625f226e0.png,1336331701807149974,4388140,30.3714515183,-86.3276498943
Gulf View Balcony ~ Seasonally Heated Pool,My Vacation Haven,"",71648,95501,577.81,65.61,227,2,2,6,true,false,true,true,true,false,true,Home/Apartment,Condominium (condo),Apt/Condo/Loft,4.5,63,3,21+,Luxury,false,493,true,124,24,2026-05-11,Santa Rosa/Rosemary Beach,Miramar Beach,Miramar Beach,Florida,32550,United States,coastal,https://www.airbnb.com/rooms/25939177,https://a0.muscache.com/im/pictures/prohost-api/Hosting-25939177/original/b27bc7e8-b6cb-4181-8291-524ef98c0654.jpeg,25939177,1360939,30.3706,-86.3313
Beach Service Included", Private Beach," CLM 10A!,Shore Dreams Vacation Rentals,"",71619,79081,321.16,77.7,298,1,1,4,true,false,false,true,true,true,true,Home/Apartment,Condominium (condo),Apt/Condo/Loft,4.8,102,2,21+,Luxury,true,276,true,223,36,2026-05-11,Santa Rosa/Rosemary Beach,Miramar Beach,Miramar Beach,Florida,32550,United States,coastal,https://www.airbnb.com/rooms/17074290,https://a0.muscache.com/im/pictures/prohost-api/Hosting-17074290/original/7a78e02f-b568-4129-9da5-0ad282a6ae39.jpeg,17074290,337427,30.38007,-86.39672
Beachfront 2BR at Tops'l Resort! Beach View"," Tropi,Beach Blue Properties,"",71589,78444,421.11,69.39,279,2,2,6,true,false,false,true,true,false,true,Home/Apartment,Condominium (condo),Apt/Condo/Loft,4.7,70,3,21+,Luxury,false,485,true,170,30,2026-05-17,Santa Rosa/Rosemary Beach,Miramar Beach,Miramar Beach,Florida,32550,United States,coastal,https://www.airbnb.com/rooms/1430423651193911835,https://a0.muscache.com/im/pictures/prohost-api/Hosting-1430423651193911835/original/8feb56f7-e442-40cc-9a46-c816de5ee649.jpeg,1430423651193911835,1222347,30.3698,-86.326
B504 | Beachfront with Beach Service", Pool," & WiFi,Best Destin Beach House Rental"," LLC,"",71546,76528,287.33,83,324,1,1,4,true,true,false,true,true,false,true,Home/Apartment,Condominium (condo),Apt/Condo/Loft,4.85,102,6,21+,Luxury,true,213,true,249,39,2026-05-17,Santa Rosa/Rosemary Beach,Miramar Beach,Miramar Beach,Florida,32550,United States,coastal,https://www.airbnb.com/rooms/43450838,https://a0.muscache.com/im/pictures/prohost-api/Hosting-43450838/original/d528d8ef-aec2-4f05-a188-c9e09afc8d60.jpeg,43450838,9604215ha,30.3747,-86.3597
Gulf Views ~ Beachfront ~ Seasonally Heated Pool,My Vacation Haven,"",71382,74052,375.69,67.62,308,1,1,4,true,false,true,true,true,false,true,Home/Apartment,Condominium (condo),Apt/Condo/Loft,4.8,59,3,21+,Luxury,false,305,true,190,35,2026-05-11,Santa Rosa/Rosemary Beach,Miramar Beach,Miramar Beach,Florida,32550,United States,coastal,https://www.airbnb.com/rooms/23265330,https://a0.muscache.com/im/pictures/prohost-api/Hosting-23265330/original/a6296334-501b-4e52-855d-526d703b3c3b.jpeg,23265330,883835,30.3711,-86.3332
Beachfront ~ Golf Cart ~ Seasonally Heated Pool,My Vacation Haven,"",71334,94551,566.14,72.83,219,2,2,8,true,false,true,true,true,false,true,Home/Apartment,Condominium (condo),Apt/Condo/Loft,4.8,54,3,21+,Luxury,false,658,true,126,24,2026-05-11,Santa Rosa/Rosemary Beach,Miramar Beach,Miramar Beach,Florida,32550,United States,coastal,https://www.airbnb.com/rooms/32756866,https://a0.muscache.com/im/pictures/prohost-api/Hosting-32756866/original/04295e1d-4ec2-4ae9-9f4f-361c4f5e8c7b.jpeg,32756866,563765,30.3711,-86.3331
Gulf Front ~ Balcony ~ Seasonally Heated Pool,My Vacation Haven,"",71309,79992,532.16,63.81,297,2,2,6,true,false,true,true,true,false,true,Home/Apartment,Condominium (condo),Apt/Condo/Loft,4.9,53,3,21+,Luxury,false,614,true,134,25,2026-05-11,Santa Rosa/Rosemary Beach,Miramar Beach,Miramar Beach,Florida,32550,United States,coastal,https://www.airbnb.com/rooms/32756707,https://a0.muscache.com/im/pictures/prohost-api/Hosting-32756707/original/b6dec039-550b-4017-b33f-aa47f0c572b3.jpeg,32756707,478012,30.3711,-86.3332
Beach Service Included! | BeachFRONT | Windancer,RealJoy,"",71210,75604,322.22,80.07,332,1,1,6,true,false,false,true,true,false,true,Home/Apartment,Condominium (condo),Apt/Condo/Loft,4.8,117,3,21+,Luxury,false,240,true,221,49,2026-05-17,Santa Rosa/Rosemary Beach,Miramar Beach,Miramar Beach,Florida,32550,United States,coastal,https://www.airbnb.com/rooms/30395241,https://a0.muscache.com/im/pictures/prohost-api/Hosting-30395241/original/c43ebd55-d242-4a67-a6d2-d42cca2c2457.jpeg,30395241,1497373,30.3734,-86.3515
Beachside Towers II 4282 | Gulf-Front Condo,Ocean Reef,"",71205,72080,320.74,72.79,352,1,1,4,true,true,true,true,true,false,true,Home/Apartment,Condominium (condo),Apt/Condo/Loft,4.25,15,2,21+,Luxury,false,245,true,222,52,2026-05-11,Santa Rosa/Rosemary Beach,Miramar Beach,Miramar Beach,Florida,32550,United States,coastal,https://www.airbnb.com/rooms/1369006136535343956,https://a0.muscache.com/im/pictures/prohost-api/Hosting-1369006136535343956/original/c11d3409-d846-4f59-acbd-931b1f2e3af9.jpeg,1369006136535343956,2981925,30.3703774627,-86.3296682957
Walk 2 the Beach*House with pool and golf cart,195830792,"",71199,107970,565.07,64.29,266,2,2,8,true,false,false,true,true,true,true,Home/Apartment,House,House/villa,4.75,12,3,2-5,Luxury,true,187,false,126,23,2026-05-17,Santa Rosa/Rosemary Beach,Miramar Beach,Miramar Beach,Florida,32550,United States,coastal,https://www.airbnb.com/rooms/633952454840497320,https://a0.muscache.com/im/pictures/miso/Hosting-50292118/original/3b6bf7ad-cda8-49f3-9ff9-6fad7a0bee66.jpeg,633952454840497320,2468024,30.3774,-86.36167
2nd Floor Condo w/ Gulf View! Condo #209. Fitness Center", Pools," Beach Access,"","",71160,81771,597.98,61.98,324,2,2,6,true,true,true,true,true,false,true,Home/Apartment,Condominium (condo),Apt/Condo/Loft,5,26,7,1,Luxury,false,299,false,119,17,2026-05-15,Santa Rosa/Rosemary Beach,Miramar Beach,Miramar Beach,Florida,32550,United States,coastal,https://www.vrbo.com/2550310,https://media.vrbo.com/lodging/74000000/73010000/73001100/73001062/3f725b33.jpg?impolicy=resizecrop&rw=1200&ra=fit,"",2550310,30.374782,-86.356751
Landon by the Sea 4,Ocean Reef,"",71151,124820,441.93,90.45,180,2,3,6,true,false,false,true,true,false,false,Home/Apartment,Condominium (condo),Apt/Condo/Loft,5,5,1,21+,Luxury,false,334,true,161,19,2026-05-16,Santa Rosa/Rosemary Beach,Miramar Beach,Miramar Beach,Florida,32550,United States,coastal,https://www.airbnb.com/rooms/1356688447220916566,https://a0.muscache.com/im/pictures/prohost-api/Hosting-1356688447220916566/original/a7de8a63-1b32-4b0f-a467-5ad0cdcef807.jpeg,1356688447220916566,3163733,30.3770920387,-86.3747342675
""Beachfront Bliss 2BR Condo in Westwinds w/ Gulf,Sandestin Golf And Beach Resort,"",71132,83281,578.31,58.85,296,2,2,6,true,true,false,true,true,false,true,Home/Apartment,Condominium (condo),Apt/Condo/Loft,4.5,2,1,21+,Luxury,false,155,true,123,25,2026-05-11,Santa Rosa/Rosemary Beach,Miramar Beach,Miramar Beach,Florida,32550,United States,coastal,https://www.airbnb.com/rooms/1103051589366678907,https://a0.muscache.com/im/pictures/prohost-api/Hosting-1103051589366678907/original/a88dea53-29db-4ee7-972d-25bdc78e652a.jpeg,1103051589366678907,3816440,30.372,-86.3333
12th-Floor 2BR Condo w/ Golf Cart"," Beachside One!,Sandestin Golf And Beach Resort,"",71122,75170,508.01,67.31,332,2,2,10,true,true,false,true,true,false,true,Home/Apartment,Condominium (condo),Apt/Condo/Loft,1,1,1,21+,Luxury,false,152,true,140,34,2026-05-11,Santa Rosa/Rosemary Beach,Miramar Beach,Miramar Beach,Florida,32550,United States,coastal,https://www.airbnb.com/rooms/1105029075009570638,https://a0.muscache.com/im/pictures/prohost-api/Hosting-1105029075009570638/original/77cc66b5-9cd5-4d6a-b9ee-ef5fc5116aa8.jpeg,1105029075009570638,3816398,30.3711,-86.331
Golf Cart ~ Lake Views ~ Community Pool ~ Patio,My Vacation Haven,"",71028,77268,500.2,61.74,248,2,2,6,true,false,false,true,true,false,true,Home/Apartment,Townhouse,Apt/Condo/Loft,4.9,21,4,21+,Luxury,false,672,true,142,27,2026-05-13,Santa Rosa/Rosemary Beach,Miramar Beach,Miramar Beach,Florida,32550,United States,coastal,https://www.airbnb.com/rooms/52237923,https://a0.muscache.com/im/pictures/prohost-api/Hosting-52237923/original/3909eaa0-4c70-423d-bea5-f72f3dfdb6e4.jpeg,52237923,2393295,30.3752,-86.3309
Maravilla 2412 - Renovated with gulf front view & Free Beach Service"," DESTIN🏖️☀️🏝️🐬,"","",71027,78891,390.26,69.47,275,1,2,6,true,true,true,true,true,true,true,Home/Apartment,Condominium (condo),Apt/Condo/Loft,5,132,3,1,Luxury,false,194,true,182,41,2026-05-15,Santa Rosa/Rosemary Beach,Miramar Beach,Miramar Beach,Florida,32550,United States,coastal,https://www.vrbo.com/2522553,https://media.vrbo.com/lodging/73000000/72130000/72128100/72128056/b5496b79.jpg?impolicy=resizecrop&rw=1200&ra=fit,"",2522553,30.37909,-86.39197
Beachfront ~ Spacious Kitchen ~ Private Balcony,My Vacation Haven,"",70605,83084,455.52,66.24,309,2,2,6,true,false,true,true,true,false,true,Home/Apartment,Condominium (condo),Apt/Condo/Loft,4.7,52,3,21+,Luxury,false,597,true,155,25,2026-05-13,Santa Rosa/Rosemary Beach,Miramar Beach,Miramar Beach,Florida,32550,United States,coastal,https://www.airbnb.com/rooms/32746054,https://a0.muscache.com/im/pictures/prohost-api/Hosting-32746054/original/2cd30a2b-145c-4a41-bbe0-6c000c43b639.jpeg,32746054,171069,30.3711,-86.3332
""Beach Oasis Sandestin", Beachfront Condo," Golf Ca,Beyond Blue Vacations,"",70499,84476,555.11,57.47,278,2,2,5,true,true,true,true,true,false,true,Home/Apartment,Condominium (condo),Apt/Condo/Loft,4.7,26,3,21+,Luxury,true,438,true,127,23,2026-05-13,Santa Rosa/Rosemary Beach,Miramar Beach,Miramar Beach,Florida,32550,United States,coastal,https://www.airbnb.com/rooms/664328875720237778,https://a0.muscache.com/im/pictures/prohost-api/Hosting-664328875720237778/original/4141b491-1d4d-4ede-8f2f-1db9b17fccc9.jpeg,664328875720237778,2836257,30.3714,-86.334
Maravilla 2211    1Bed/2Bath Gulf front"," Pet Frien,Beach Condos in Destin,"",70425,73744,317.23,79,289,1,2,6,true,true,true,true,true,true,true,Home/Apartment,Condominium (condo),Apt/Condo/Loft,4.95,53,1,21+,Luxury,true,226,true,222,31,2026-05-17,Santa Rosa/Rosemary Beach,Miramar Beach,Miramar Beach,Florida,32550,United States,coastal,https://www.airbnb.com/rooms/660117182653503925,https://a0.muscache.com/im/pictures/prohost-api/Hosting-660117182653503925/original/fecbb285-06bc-489b-a8ee-f365cbc42af6.jpeg,660117182653503925,2372688,30.3793,-86.3915
Gulf Front ~ 2 Balconies ~ Seasonally Heated Pool,My Vacation Haven,"",70421,81157,372.6,65.85,302,1,1,4,true,true,true,true,true,false,true,Home/Apartment,Condominium (condo),Apt/Condo/Loft,4.85,79,3,21+,Luxury,false,323,true,189,40,2026-05-13,Santa Rosa/Rosemary Beach,Miramar Beach,Miramar Beach,Florida,32550,United States,coastal,https://www.airbnb.com/rooms/32746255,https://a0.muscache.com/im/pictures/prohost-api/Hosting-32746255/original/6a8ed076-a99f-4fde-bbf5-4cf0ee1312c0.jpeg,32746255,171117,30.3711,-86.3331
Cozy Beach Getaway,Indulge Vacation Rentals,"",70350,84492,606.47,52.02,274,2,2,4,true,false,false,true,true,false,false,Home/Apartment,House,House/villa,4.9,25,3,2-5,Luxury,true,365,false,116,23,2026-05-16,Santa Rosa/Rosemary Beach,Miramar Beach,Miramar Beach,Florida,32550,United States,coastal,https://www.airbnb.com/rooms/1176083894498052811,https://a0.muscache.com/im/pictures/prohost-api/Hosting-1176083894498052811/original/a02e8ae1-3176-4bc4-be83-dbb11cd066f4.jpeg,1176083894498052811,"",30.379,-86.395
 WESTWINDS 4723 SANDESTIN BEACH FRONT 2 KING BEDROOMS HUGE WRAP BALCONY,"","",70193,77653,512.36,62.27,299,2,2,6,true,true,true,true,true,false,true,Home/Apartment,Condominium (condo),Apt/Condo/Loft,5,95,3,1,Luxury,false,215,true,137,29,2026-05-15,Santa Rosa/Rosemary Beach,Miramar Beach,Miramar Beach,Florida,32550,United States,coastal,https://www.vrbo.com/210100,https://media.vrbo.com/lodging/66000000/65410000/65405700/65405620/361f69ae.jpg?impolicy=resizecrop&rw=1200&ra=fit,"",210100,30.369543,-86.331551
Majestic Sun A905 | Gulf views | HeatedPools | Gym,154392542,"",70191,87826,433.28,52.94,321,2,2,8,true,true,false,true,true,false,true,Home/Apartment,Condominium (condo),Apt/Condo/Loft,4.9,87,1,2-5,Luxury,true,315,false,162,37,2026-05-11,Santa Rosa/Rosemary Beach,Miramar Beach,Miramar Beach,Florida,32550,United States,coastal,https://www.airbnb.com/rooms/45199765,https://a0.muscache.com/im/pictures/miso/Hosting-45199765/original/59cdf4db-1fd0-4b27-b994-0ccbfff97a61.png,45199765,"",30.3751,-86.3677
Golf Cart ~ Spacious Living Area ~ Private Balcony,My Vacation Haven,"",70187,75764,401.07,62.72,320,1,1,4,true,false,true,true,true,false,true,Home/Apartment,Condominium (condo),Apt/Condo/Loft,4.55,58,3,21+,Luxury,false,355,true,175,37,2026-05-11,Santa Rosa/Rosemary Beach,Miramar Beach,Miramar Beach,Florida,32550,United States,coastal,https://www.airbnb.com/rooms/23760777,https://a0.muscache.com/im/pictures/prohost-api/Hosting-23760777/original/21aedabd-a1e1-4efa-82c9-e6e6737aa3bf.jpeg,23760777,1268674,30.3709,-86.3339
Beachside 2 4283 ~ Gorgeous & Updated Beachfront D,Gibson Beach Rentals,"",70184,77248,339.05,78.71,294,1,1,6,true,true,true,true,true,false,true,Home/Apartment,Condominium (condo),Apt/Condo/Loft,4.7,100,1,21+,Luxury,true,248,true,207,45,2026-05-11,Santa Rosa/Rosemary Beach,Miramar Beach,Miramar Beach,Florida,32550,United States,coastal,https://www.airbnb.com/rooms/23701344,https://a0.muscache.com/im/pictures/prohost-api/Hosting-23701344/original/526b69fa-b26c-4a8d-8a66-afb6de70e1d1.jpeg,23701344,1128420,30.37088,-86.33116
Beautiful Gulf views and just minutes to the beach,Seascape Resort,"",70071,73925,460.99,63.87,286,2,2,6,true,true,true,true,true,false,true,Home/Apartment,Condominium (condo),Apt/Condo/Loft,4.55,4,2,21+,Luxury,false,263,true,152,31,2026-05-13,Santa Rosa/Rosemary Beach,Miramar Beach,Miramar Beach,Florida,32550,United States,coastal,https://www.airbnb.com/rooms/1341272926071915130,https://a0.muscache.com/im/pictures/prohost-api/Hosting-1341272926071915130/original/f1229f2a-7b5f-4a60-b721-fd0810745e96.jpeg,1341272926071915130,4390148,30.376,-86.3683
Walk to the Beach ~ Beach Front ~ Community Pool,My Vacation Haven,"",69949,74732,386.46,69.88,293,1,1,4,true,false,true,true,true,false,true,Home/Apartment,Condominium (condo),Apt/Condo/Loft,4.7,79,3,21+,Luxury,false,308,true,181,36,2026-05-10,Santa Rosa/Rosemary Beach,Miramar Beach,Miramar Beach,Florida,32550,United States,coastal,https://www.airbnb.com/rooms/23265386,https://a0.muscache.com/im/pictures/prohost-api/Hosting-23265386/original/b6f4bb8e-b18c-40d1-bb49-205ccf4b3107.jpeg,23265386,173126,30.3711,-86.3331
""Ultimate Gulf-Front Luxury: Completely Renovated",Sandestin Golf And Beach Resort,,69887,92646,495.65,49.82,291,2,2,6,true,true,false,true,true,false,true,Home/Apartment,Condominium (condo),Apt/Condo/Loft,2,1,1,21+,Luxury,false,"=AVERAGE($G$2:$G$554)","=AVERAGE($D$2:$D$554)","=IFERROR(($AT431-G431)/$AT431,0)","=IFERROR(($AU431-D431)/$AU431,0)","=$AU431-D431"
Gulf-Front Luxury: 2-Bed Condo Sleeps 6 at Sandestin Golf and Beach Resort!,Sandestin Golf & Beach Resort,,69745,76571,553.53,58.33,284,2,2,6,true,false,false,true,true,false,true,Home/Apartment,Condominium (condo),Apt/Condo/Loft,5,0,1,21+,Luxury,false,180,true,126,32,2026-05-16,Santa Rosa/Rosemary Beach,Miramar Beach,Miramar Beach,Florida,32550,United States,coastal,https://www.vrbo.com/3817306,"https://media.vrbo.com/lodging/102000000/101870000/101862400/101862311/w2023h1365x25y0-38bb1e3d.jpg?impolicy=resizecrop&rw=1200&ra=fit",,3817306,30.37109,-86.3339,"=AVERAGE($G$2:$G$554)","=AVERAGE($D$2:$D$554)","=IFERROR(($AT432-G432)/$AT432,0)","=IFERROR(($AU432-D432)/$AU432,0)","=$AU432-D432"
"Beach House 303D New Listing Specials, Renovated,",Modern Beach Vacation Rentals,,69500,70305,356.41,55.87,360,1,2,7,true,true,false,true,false,false,true,Home/Apartment,Condominium (condo),Apt/Condo/Loft,4.6,22,1,21+,Luxury,false,268,true,195,47,2026-05-11,Santa Rosa/Rosemary Beach,Miramar Beach,Miramar Beach,Florida,32550,United States,coastal,https://www.airbnb.com/rooms/1285546110328801495,https://a0.muscache.com/im/pictures/prohost-api/Hosting-1285546110328801495/original/ad8b1f67-02a4-40bb-a6e0-058b567e0090.jpeg,1285546110328801495,4257769,30.3745,-86.3602,"=AVERAGE($G$2:$G$554)","=AVERAGE($D$2:$D$554)","=IFERROR(($AT433-G433)/$AT433,0)","=IFERROR(($AU433-D433)/$AU433,0)","=$AU433-D433"
Crescent 116 Destin | Renovated Gulf-Front Escape,Warren Beach Rentals,,69391,91568,499.22,61.78,249,2,2,8,true,true,true,true,true,false,true,Home/Apartment,Condominium (condo),Apt/Condo/Loft,4.7,20,3,21+,Luxury,true,589,true,139,25,2026-05-13,Santa Rosa/Rosemary Beach,Miramar Beach,Miramar Beach,Florida,32550,United States,coastal,https://www.airbnb.com/rooms/1037032583510598415,https://a0.muscache.com/im/pictures/prohost-api/Hosting-1037032583510598415/original/a550cfba-56a7-4208-a5fb-3e15b0b27d0d.jpeg,1037032583510598415,3738238,30.3747,-86.3569,"=AVERAGE($G$2:$G$554)","=AVERAGE($D$2:$D$554)","=IFERROR(($AT434-G434)/$AT434,0)","=IFERROR(($AU434-D434)/$AU434,0)","=$AU434-D434"
"Charming Coastal 2BR Villa, GOLF CART, Cozy Sunroo",Beach Blue Properties,,69355,73948,405.58,67.86,306,2,2,6,true,true,false,true,true,false,true,Home/Apartment,Condominium (condo),Apt/Condo/Loft,4.8,57,3,21+,Luxury,false,412,true,171,27,2026-05-15,Santa Rosa/Rosemary Beach,Miramar Beach,Miramar Beach,Florida,32550,United States,coastal,https://www.airbnb.com/rooms/1430448637119987486,https://a0.muscache.com/im/pictures/prohost-api/Hosting-1430448637119987486/original/2ee20d15-1eba-4660-93af-79eab0850ef4.jpeg,1430448637119987486,2553984,30.3796,-86.3349,"=AVERAGE($G$2:$G$554)","=AVERAGE($D$2:$D$554)","=IFERROR(($AT435-G435)/$AT435,0)","=IFERROR(($AU435-D435)/$AU435,0)","=$AU435-D435"
"Beach Front Condo, Private Beach Entrance, 2 Pools",Coastline Condos Vacation Rentals,,69242,93177,464.71,74.13,251,2,2,6,true,true,true,true,true,true,true,Home/Apartment,Condominium (condo),Apt/Condo/Loft,4.6,77,2,21+,Luxury,true,467,true,149,33,2026-05-11,Santa Rosa/Rosemary Beach,Miramar Beach,Miramar Beach,Florida,32550,United States,coastal,https://www.airbnb.com/rooms/8555481,https://a0.muscache.com/im/pictures/prohost-api/Hosting-8555481/original/0e625673-a058-4c11-90b7-123a042c9814.jpeg,8555481,590179,30.3789,-86.3916,"=AVERAGE($G$2:$G$554)","=AVERAGE($D$2:$D$554)","=IFERROR(($AT436-G436)/$AT436,0)","=IFERROR(($AU436-D436)/$AU436,0)","=$AU436-D436"
Ground-Floor Retreat • Steps to Beach & Pools,Coastline Condos Vacation Rentals,,69145,83806,352.78,72.59,273,1,1,6,true,true,true,true,true,true,true,Home/Apartment,Condominium (condo),Apt/Condo/Loft,4.6,96,2,21+,Luxury,true,467,true,196,29,2026-05-11,Santa Rosa/Rosemary Beach,Miramar Beach,Miramar Beach,Florida,32550,United States,coastal,https://www.airbnb.com/rooms/8699708,https://a0.muscache.com/im/pictures/hosting/Hosting-8699708/original/d9cdc54a-1d08-49bf-9b3c-a912ad0515cb.jpeg,8699708,670060,30.3791,-86.392,"=AVERAGE($G$2:$G$554)","=AVERAGE($D$2:$D$554)","=IFERROR(($AT437-G437)/$AT437,0)","=IFERROR(($AU437-D437)/$AU437,0)","=$AU437-D437"
"Modern Elegance in the Sky: Recently Renovated 10,Sandestin Golf And Beach Resort,"",68951,81228,478.83,63.72,239,2,2,6,true,true,false,true,true,false,true,Home/Apartment,Condominium (condo),Apt/Condo/Loft,4.2,5,1,21+,Luxury,false,155,true,144,42,2026-05-11,Santa Rosa/Rosemary Beach,Miramar Beach,Miramar Beach,Florida,32550,United States,coastal,https://www.airbnb.com/rooms/1105031707719293707,https://a0.muscache.com/im/pictures/prohost-api/Hosting-1105031707719293707/original/99979348-b897-4dcd-9118-a00552070b98.jpeg,1105031707719293707,"",30.3707,-86.3304
Book Me Baby! Sunshine In The Sky at Surfside,Pinkie,"",68869,73974,538.04,51.2,305,2,2,9,true,false,true,true,true,false,true,Home/Apartment,Condominium (condo),Apt/Condo/Loft,4.75,17,4,21+,Luxury,false,446,true,128,32,2026-05-13,Santa Rosa/Rosemary Beach,Miramar Beach,Miramar Beach,Florida,32550,United States,coastal,https://www.airbnb.com/rooms/902408818996396272,https://a0.muscache.com/im/pictures/prohost-api/Hosting-902408818996396272/original/43b8508c-d451-4118-8d0d-b0e7e96fbb6d.jpeg,902408818996396272,3225736,30.37595,-86.36736
Of Course it has GREAT GULF VIEWS!  It's the front Unit!  Sleeps 4,"","",68757,73956,498.24,63.3,304,2,2,4,true,true,true,true,true,false,true,Home/Apartment,Condominium (condo),Apt/Condo/Loft,4.8,47,4,1,Luxury,false,330,false,138,26,2026-05-17,Santa Rosa/Rosemary Beach,Miramar Beach,Miramar Beach,Florida,32550,United States,coastal,https://www.vrbo.com/1121689,https://media.vrbo.com/lodging/35000000/34120000/34112100/34112015/c8816afe.jpg?impolicy=resizecrop&rw=1200&ra=fit,"",1121689,30.37268,-86.34747
Golf Cart!  Pool on Lake! Linkside Village 466!,Shore Dreams Vacation Rentals,"",68622,85197,544.62,67.74,198,2,2,6,true,false,false,true,true,false,true,Home/Apartment,Villa,House/villa,4.7,73,2,21+,Luxury,true,349,true,126,24,2026-05-13,Santa Rosa/Rosemary Beach,Miramar Beach,Miramar Beach,Florida,32550,United States,coastal,https://www.airbnb.com/rooms/16041701,https://a0.muscache.com/im/pictures/prohost-api/Hosting-16041701/original/f05a3457-179a-4106-8938-f46ea4483954.jpeg,16041701,858595,30.38209,-86.33983
Gulf Front ~ Balcony ~ Family Friendly,My Vacation Haven,"",68621,76943,540.32,53.81,301,2,2,7,true,false,true,true,true,false,true,Home/Apartment,Condominium (condo),Apt/Condo/Loft,4.9,42,3,21+,Luxury,false,588,true,127,27,2026-05-11,Santa Rosa/Rosemary Beach,Miramar Beach,Miramar Beach,Florida,32550,United States,coastal,https://www.airbnb.com/rooms/580954973229414406,https://a0.muscache.com/im/pictures/prohost-api/Hosting-580954973229414406/original/b651a1d3-9afa-43df-a30e-3645c21a0bc2.jpeg,580954973229414406,2609399,30.3709,-86.3341
Gorgeous waterfront getaway has internet", washer/dryer," & shared hot tub & pool,Vacasa,"",68604,75393,523.69,49.43,269,2,2,8,true,true,true,true,true,false,true,Home/Apartment,Condominium (condo),Apt/Condo/Loft,4.7,28,1,21+,Luxury,false,108,true,131,33,2026-03-01,Santa Rosa/Rosemary Beach,Miramar Beach,Miramar Beach,Florida,32550,United States,coastal,https://www.vrbo.com/1978872,https://media.vrbo.com/lodging/54000000/53160000/53153300/53153252/1b013c98.jpg?impolicy=resizecrop&rw=1200&ra=fit,"",1978872,30.37617,-86.36642
BEACHFRONT! Golf Cart. Fully Stocked. FLYING? ... KIDS? No Problem - No Stress.,"","",68565,77066,439.52,85.71,234,2,2,7,true,true,true,true,true,false,true,Home/Apartment,Condominium (condo),Apt/Condo/Loft,5,225,85,1,Luxury,false,250,true,156,25,2026-05-15,Santa Rosa/Rosemary Beach,Miramar Beach,Miramar Beach,Florida,32550,United States,coastal,https://www.vrbo.com/429145,https://media.vrbo.com/lodging/34000000/33960000/33951800/33951748/743fe1e5.jpg?impolicy=resizecrop&rw=1200&ra=fit,"",429145,30.371178,-86.333892
Beach Oasis: Golf Cart", Lagoon Pool," & Amazing Vie,Sandestin Golf And Beach Resort,"",68409,91335,453.04,60.4,287,2,2,6,true,true,false,true,true,false,true,Home/Apartment,Condominium (condo),Apt/Condo/Loft,0,0,1,21+,Luxury,false,153,true,151,41,2026-05-16,Santa Rosa/Rosemary Beach,Miramar Beach,Miramar Beach,Florida,32550,United States,coastal,https://www.airbnb.com/rooms/1207243486648961477,https://a0.muscache.com/im/pictures/prohost-api/Hosting-1207243486648961477/original/2986c49e-0418-4f0c-a693-8636180a8f94.jpeg,1207243486648961477,4203063,30.3716,-86.3279
Stylish 2BR Oceanfront 11th-Floor | Balcony,Vacasa,"",68249,68249,509.32,87.58,153,2,2,6,true,true,false,true,true,false,true,Home/Apartment,Condominium (condo),Apt/Condo/Loft,4.9,45,1,21+,Luxury,false,270,true,134,29,2025-11-25,Santa Rosa/Rosemary Beach,Miramar Beach,Miramar Beach,Florida,32550,United States,coastal,https://www.airbnb.com/rooms/42874734,https://a0.muscache.com/im/pictures/prohost-api/Hosting-42874734/original/d9899725-f293-4da0-862a-5686b3098b54.jpeg,42874734,1938028,30.37008,-86.32643
Tides 405 ~ Amazing gulf-front view ~ Huge private,Gibson Beach Rentals,"",68209,89377,559.09,72.62,280,2,2,6,true,false,false,true,true,false,true,Home/Apartment,Condominium (condo),Apt/Condo/Loft,4.8,33,3,21+,Luxury,true,360,true,122,23,2026-05-13,Santa Rosa/Rosemary Beach,Miramar Beach,Miramar Beach,Florida,32550,United States,coastal,https://www.airbnb.com/rooms/51620341,https://a0.muscache.com/im/pictures/prohost-api/Hosting-51620341/original/bdd01c4a-006e-4c2b-9668-667ca5b197c2.jpeg,51620341,2241610,30.36963,-86.32694
5 min 2 Beach", Pool, Pets OK, Beach Gear," Parking,505826172,"",67846,74090,374.84,59.93,317,2,2,8,true,false,false,true,true,true,true,Home/Apartment,Townhouse,Apt/Condo/Loft,4.95,92,1,1,Luxury,true,200,false,181,40,2026-05-17,Santa Rosa/Rosemary Beach,Miramar Beach,Miramar Beach,Florida,32550,United States,coastal,https://www.airbnb.com/rooms/849239406864601459,https://a0.muscache.com/im/pictures/hosting/Hosting-849239406864601459/original/dce60623-8646-4955-b976-efb2d6237efa.png,849239406864601459,3785365,30.3777,-86.36079
Golf Cart ~ Designer Coastal Luxury ~ Beach Access,My Vacation Haven,"",67802,76896,521.55,65,288,2,2,8,true,false,false,true,true,true,true,Home/Apartment,Townhouse,Apt/Condo/Loft,4.35,43,2,21+,Luxury,false,609,true,130,26,2026-05-13,Santa Rosa/Rosemary Beach,Miramar Beach,Miramar Beach,Florida,32550,United States,coastal,https://www.airbnb.com/rooms/23265293,https://a0.muscache.com/im/pictures/prohost-api/Hosting-23265293/original/d534d6d0-940d-4cc5-ad24-7be878b2849b.jpeg,23265293,781372,30.3755,-86.3308
Windancer 201. Gulf Front", Free Beach Service, Pool, Grill," Beautiful Views!,"","",67716,70510,338.58,66.89,345,1,1,6,true,false,false,true,true,false,true,Home/Apartment,Condominium (condo),Apt/Condo/Loft,4.8,65,1,1,Luxury,false,154,true,200,40,2026-05-12,Santa Rosa/Rosemary Beach,Miramar Beach,Miramar Beach,Florida,32550,United States,coastal,https://www.vrbo.com/2572412,https://media.vrbo.com/lodging/74000000/73480000/73475400/73475359/d8de0c93.jpg?impolicy=resizecrop&rw=1200&ra=fit,"",2572412,30.37329,-86.35138
Beachside 4025 SpaciousRemodeled", Pool," Golf Cart,Skis and Seas Vacation Rentals,"",67709,71634,505.29,59.56,268,2,2,6,true,true,true,true,true,false,true,Home/Apartment,Condominium (condo),Apt/Condo/Loft,4.8,104,1,21+,Luxury,true,242,true,134,28,2026-05-13,Santa Rosa/Rosemary Beach,Miramar Beach,Miramar Beach,Florida,32550,United States,coastal,https://www.airbnb.com/rooms/2763112,https://a0.muscache.com/im/pictures/prohost-api/Hosting-2763112/original/f23d395d-5f39-4d1b-ad12-e9a107c3b647.jpeg,2763112,357199,30.37,-86.3318
Lemon Drop: Beachside with Pool,Ocean Reef,"",67694,89173,431.17,71.04,299,2,2,6,true,false,false,true,true,false,true,Home/Apartment,House,House/villa,4.7,14,1,21+,Luxury,false,421,true,157,28,2026-05-17,Santa Rosa/Rosemary Beach,Miramar Beach,Miramar Beach,Florida,32550,United States,coastal,https://www.airbnb.com/rooms/1390716262674023557,https://a0.muscache.com/im/pictures/prohost-api/Hosting-1390716262674023557/original/be6a99e0-93da-4dab-a1a0-4496168e5135.jpeg,1390716262674023557,1091003,30.374400743,-86.3525798282
Beachfront ~ Private Balcony ~ 6-Seat Golf Cart,My Vacation Haven,"",67522,99510,562.68,61.22,242,2,2,6,true,false,true,true,true,false,true,Home/Apartment,Condominium (condo),Apt/Condo/Loft,4.8,40,3,21+,Luxury,false,671,true,120,24,2026-05-11,Santa Rosa/Rosemary Beach,Miramar Beach,Miramar Beach,Florida,32550,United States,coastal,https://www.airbnb.com/rooms/32756439,https://a0.muscache.com/im/pictures/prohost-api/Hosting-32756439/original/95959d87-913d-46b4-96d4-dd96f6dd063a.jpeg,32756439,563787,30.3711,-86.3331
Ariel Dunes II Penthouse 2403,Ocean Reef,"",67267,73641,343.2,62.22,334,1,2,6,true,true,false,true,true,false,true,Home/Apartment,Condominium (condo),Apt/Condo/Loft,4.65,9,2,21+,Luxury,false,402,true,196,38,2026-05-13,Santa Rosa/Rosemary Beach,Miramar Beach,Miramar Beach,Florida,32550,United States,coastal,https://www.airbnb.com/rooms/1179084972713333304,https://a0.muscache.com/im/pictures/prohost-api/Hosting-1179084972713333304/original/609c4659-5159-4fdd-8fe0-b697e0086a4b.jpeg,1179084972713333304,3057945,30.37775,-86.36838
Spacious Balcony ~ Beach Front ~ Near Elevator,My Vacation Haven,"",67259,81308,551.3,72.19,199,2,2,6,true,false,true,true,true,false,true,Home/Apartment,Condominium (condo),Apt/Condo/Loft,4.6,56,3,21+,Luxury,false,587,true,122,25,2026-05-13,Santa Rosa/Rosemary Beach,Miramar Beach,Miramar Beach,Florida,32550,United States,coastal,https://www.airbnb.com/rooms/32756795,https://a0.muscache.com/im/pictures/prohost-api/Hosting-32756795/original/12b57ff4-dfc8-4005-b340-aea29590fe0f.jpeg,32756795,883837,30.3711,-86.3331
Breathtaking H20 Views","Pool/BeachBar/Tops'l Resort,iTrip Vacations,"",67227,112142,487.15,75.41,235,2,2,6,true,false,true,true,true,false,true,Home/Apartment,Condominium (condo),Apt/Condo/Loft,4.9,105,2,21+,Luxury,true,564,true,138,27,2026-05-11,Santa Rosa/Rosemary Beach,Miramar Beach,Miramar Beach,Florida,32550,United States,coastal,https://www.airbnb.com/rooms/22043179,https://a0.muscache.com/im/pictures/prohost-api/Hosting-22043179/original/7cdc17db-e347-427c-9a6e-562f48c24b58.jpeg,22043179,4772078ha,30.369,-86.3253
Windancer 301: Pool & Beach Fun,Ocean Reef,"",67140,82547,312.28,81.44,310,1,1,6,true,false,false,true,true,false,true,Home/Apartment,Condominium (condo),Apt/Condo/Loft,4.6,5,1,21+,Luxury,false,296,true,215,39,2026-05-14,Santa Rosa/Rosemary Beach,Miramar Beach,Miramar Beach,Florida,32550,United States,coastal,https://www.airbnb.com/rooms/1400806303883231518,https://a0.muscache.com/im/pictures/prohost-api/Hosting-1400806303883231518/original/7972352d-133c-4277-a7ae-b9d591cce6be.jpeg,1400806303883231518,3636279,30.37313,-86.35208
""Coastal Elegance: Charming 2BR/2BA East-Facing Co",Sandestin Golf And Beach Resort,,67092,73404,438.51,71.5,298,2,2,6,true,true,false,true,true,false,true,Home/Apartment,Condominium (condo),Apt/Condo/Loft,4.65,21,1,21+,Luxury,false,153,true,153,"=AVERAGE($G$2:$G$554)","=AVERAGE($D$2:$D$554)","=IFERROR(($AT438-G438)/$AT438,0)","=IFERROR(($AU438-D438)/$AU438,0)","=$AU438-D438"
BeachFRONT! | Beach Service Included! | 1BR |,RealJoy,,66662,70074,341.86,72.49,310,1,1,6,true,false,false,true,true,false,true,Home/Apartment,Condominium (condo),Apt/Condo/Loft,4.45,92,3,21+,Luxury,false,251,true,195,40,2026-05-17,Santa Rosa/Rosemary Beach,Miramar Beach,Miramar Beach,Florida,32550,United States,coastal,https://www.airbnb.com/rooms/30395327,https://a0.muscache.com/im/pictures/prohost-api/Hosting-30395327/original/0559a43e-dcdf-4dc8-b996-bedfbdd4448e.jpeg,30395327,1497374,30.3734,-86.3515,"=AVERAGE($G$2:$G$554)","=AVERAGE($D$2:$D$554)","=IFERROR(($AT439-G439)/$AT439,0)","=IFERROR(($AU439-D439)/$AU439,0)","=$AU439-D439"
Mainsail 278,VacayHome Connect,,66487,83864,393.41,76.13,262,2,2,6,true,false,false,true,true,false,true,Home/Apartment,Condominium (condo),Apt/Condo/Loft,5,17,1,21+,Luxury,false,200,true,169,21,2024-03-03,Santa Rosa/Rosemary Beach,Miramar Beach,Miramar Beach,Florida,32550,United States,coastal,https://www.airbnb.com/rooms/691063567652545041,"https://a0.muscache.com/im/pictures/prohost-api/Hosting-691063567652545041/original/aeb4fad3-d673-4339-8e7e-40856333abc1.jpeg?aki_policy=x_large",691063567652545041,3724834,30.37270558,-86.3484172,"=AVERAGE($G$2:$G$554)","=AVERAGE($D$2:$D$554)","=IFERROR(($AT440-G440)/$AT440,0)","=IFERROR(($AU440-D440)/$AU440,0)","=$AU440-D440"
Beachside II 4351,Gibson Beach Rentals,,66448,79029,452.03,59.51,277,2,2,6,true,true,true,true,true,false,true,Home/Apartment,Condominium (condo),Apt/Condo/Loft,0,0,3,21+,Luxury,true,336,true,147,31,2026-05-13,Santa Rosa/Rosemary Beach,Miramar Beach,Miramar Beach,Florida,32550,United States,coastal,https://www.airbnb.com/rooms/23701453,https://a0.muscache.com/im/pictures/prohost-api/Hosting-23701453/original/91629127-ac72-46e5-9a7f-28b7bfdc8a67.jpeg,23701453,,30.37059,-86.33039,"=AVERAGE($G$2:$G$554)","=AVERAGE($D$2:$D$554)","=IFERROR(($AT441-G441)/$AT441,0)","=IFERROR(($AU441-D441)/$AU441,0)","=$AU441-D441"
Deluxe Views-Short Walk 2 Beach-Resort Amenities,Glass Casa,,66433,70293,553.61,45.8,335,2,2,6,true,true,true,true,false,false,true,Home/Apartment,Condominium (condo),Apt/Condo/Loft,4.85,6,3,21+,Luxury,true,1107,true,120,27,2026-05-13,Santa Rosa/Rosemary Beach,Miramar Beach,Miramar Beach,Florida,32550,United States,coastal,https://www.airbnb.com/rooms/1381164248357228167,https://a0.muscache.com/im/pictures/prohost-api/Hosting-1381164248357228167/original/ab698047-0fe6-4aa1-b5fd-86246af18e51.jpeg,1381164248357228167,4455524,30.376,-86.3686,"=AVERAGE($G$2:$G$554)","=AVERAGE($D$2:$D$554)","=IFERROR(($AT442-G442)/$AT442,0)","=IFERROR(($AU442-D442)/$AU442,0)","=$AU442-D442"
1BR Oceanfront 1st-Floor | Balcony | Pool,Vacasa,,66225,70251,435.69,74.15,240,1,1,4,true,true,false,true,true,false,true,Home/Apartment,Apartment,Apt/Condo/Loft,4.7,114,1,21+,Luxury,false,238,true,152,36,2026-02-08,Santa Rosa/Rosemary Beach,Miramar Beach,Santa Rosa Beach,Florida,32459,United States,coastal,https://www.airbnb.com/rooms/43389071,https://a0.muscache.com/im/pictures/prohost-api/Hosting-43389071/original/1912a56e-c110-49c4-b3d6-22cbaf627739.jpeg,43389071,1979165,30.3741,-86.36129,"=AVERAGE($G$2:$G$554)","=AVERAGE($D$2:$D$554)","=IFERROR(($AT443-G443)/$AT443,0)","=IFERROR(($AU443-D443)/$AU443,0)","=$AU443-D443"
"Majestic Sun 0405B - Pristine Unit! Sleeps 8, Beac",Seascape Resort,,65952,74195,523.43,55.51,303,2,2,8,true,true,true,true,true,false,true,Home/Apartment,Condominium (condo),Apt/Condo/Loft,4.55,9,1,21+,Luxury,false,224,true,126,29,2026-04-27,Santa Rosa/Rosemary Beach,Miramar Beach,Miramar Beach,Florida,32550,United States,coastal,https://www.airbnb.com/rooms/1082686520539984961,https://a0.muscache.com/im/pictures/prohost-api/Hosting-1082686520539984961/original/90ed01c6-03d6-4d09-b0d6-7af90c61d80c.jpeg,1082686520539984961,3882243,30.3758,-86.3679,"=AVERAGE($G$2:$G$554)","=AVERAGE($D$2:$D$554)","=IFERROR(($AT444-G444)/$AT444,0)","=IFERROR(($AU444-D444)/$AU444,0)","=$AU444-D444"
"Beach Retreat 307 Greaat View, Pet Friendly, Beach",Beach Condos in Destin,,65786,85235,335.64,79.67,271,1,2,6,true,true,true,true,true,true,true,Home/Apartment,Condominium (condo),Apt/Condo/Loft,4.55,37,1,21+,Luxury,true,226,true,196,32,2026-05-11,Santa Rosa/Rosemary Beach,Miramar Beach,Miramar Beach,Florida,32550,United States,coastal,https://www.airbnb.com/rooms/660108358855803337,https://a0.muscache.com/im/pictures/prohost-api/Hosting-660108358855803337/original/7dfe37e2-3a75-4364-a591-a0453aba8b46.jpeg,660108358855803337,2734052,30.3797,-86.3932,"=AVERAGE($G$2:$G$554)","=AVERAGE($D$2:$D$554)","=IFERROR(($AT445-G445)/$AT445,0)","=IFERROR(($AU445-D445)/$AU445,0)","=$AU445-D445"
Bay Club II Resort 1BR/1BA Condo - Beach & Golf,Live Suite Resorts,,65617,81092,259.36,89.72,282,1,1,4,true,true,false,true,false,false,true,Home/Apartment,Condominium (condo),Apt/Condo/Loft,0,0,2,21+,Luxury,false,145,false,253,85,2026-05-15,Santa Rosa/Rosemary Beach,Miramar Beach,Miramar Beach,Florida,32550,United States,coastal,https://www.airbnb.com/rooms/700135738456806580,https://a0.muscache.com/im/pictures/miso/Hosting-700135738456806580/original/b1901718-e323-45e0-b1a2-4fd60eaaf02d.jpeg,700135738456806580,2890713,30.38385,-86.33804,"=AVERAGE($G$2:$G$554)","=AVERAGE($D$2:$D$554)","=IFERROR(($AT446-G446)/$AT446,0)","=IFERROR(($AU446-D446)/$AU446,0)","=$AU446-D446"
Splendid 2BR Gulffront 9th-Floor | Balcony,Vacasa,,65508,71680,344.78,75.7,251,2,2,4,true,true,false,true,true,false,true,Home/Apartment,Condominium (condo),Apt/Condo/Loft,4.65,24,3,21+,Luxury,false,276,true,190,25,2025-11-24,Santa Rosa/Rosemary Beach,Miramar Beach,Miramar Beach,Florida,32550,United States,coastal,https://www.airbnb.com/rooms/50176337,https://a0.muscache.com/im/pictures/prohost-api/Hosting-50176337/original/7ce0f406-25c5-46b6-a9a2-6d3e2f4503ed.jpeg,50176337,1937126,30.36809,-86.32474,"=AVERAGE($G$2:$G$554)","=AVERAGE($D$2:$D$554)","=IFERROR(($AT447-G447)/$AT447,0)","=IFERROR(($AU447-D447)/$AU447,0)","=$AU447-D447"
Tides 205 - Completely Remodeled! - Beautiful Gulf,Gibson Beach Rentals,,65492,97760,474.58,64.79,253,2,2,6,true,false,false,true,true,false,true,Home/Apartment,Condominium (condo),Apt/Condo/Loft,4.9,28,1,21+,Luxury,true,360,true,138,30,2026-05-13,Santa Rosa/Rosemary Beach,Miramar Beach,Miramar Beach,Florida,32550,United States,coastal,https://www.airbnb.com/rooms/23701335,https://a0.muscache.com/im/pictures/prohost-api/Hosting-23701335/original/bcfc0e81-c85e-4a03-8249-1ac78158aa8b.jpeg,23701335,4062942,30.36982,-86.32478,"=AVERAGE($G$2:$G$554)","=AVERAGE($D$2:$D$554)","=IFERROR(($AT448-G448)/$AT448,0)","=IFERROR(($AU448-D448)/$AU448,0)","=$AU448-D448"
"Rate Reduced! Beachfront 1BR  - Steps to Beach, Co",Beach Blue Properties,,65444,66356,353.75,58.54,361,1,1,4,true,true,false,true,false,false,true,Home/Apartment,Condominium (condo),Apt/Condo/Loft,4.8,157,3,21+,Luxury,true,306,true,185,41,2026-05-17,Santa Rosa/Rosemary Beach,Miramar Beach,Miramar Beach,Florida,32550,United States,coastal,https://www.airbnb.com/rooms/1445801351819233949,https://a0.muscache.com/im/pictures/prohost-api/Hosting-1445801351819233949/original/da4480aa-e1a7-48d3-aa2e-2ec7b3aee25e.jpeg,1445801351819233949,344573,30.3702,-86.33,"=AVERAGE($G$2:$G$554)","=AVERAGE($D$2:$D$554)","=IFERROR(($AT449-G449)/$AT449,0)","=IFERROR(($AU449-D449)/$AU449,0)","=$AU449-D449"
Gulf Front ~ Private Balcony ~ Pool,My Vacation Haven,,65124,82403,542.7,69.36,237,2,2,8,true,false,true,true,true,false,true,Home/Apartment,Condominium (condo),Apt/Condo/Loft,4.6,34,3,21+,Luxury,false,516,true,120,24,2026-05-13,Santa Rosa/Rosemary Beach,Miramar Beach,Miramar Beach,Florida,32550,United States,coastal,https://www.airbnb.com/rooms/32756312,https://a0.muscache.com/im/pictures/prohost-api/Hosting-32756312/original/5f71a587-3152-4274-adb7-f47a1db5b694.jpeg,32756312,295410,30.3711,-86.3331,"=AVERAGE($G$2:$G$554)","=AVERAGE($D$2:$D$554)","=IFERROR(($AT450-G450)/$AT450,0)","=IFERROR(($AU450-D450)/$AU450,0)","=$AU450-D450"
2BR Condo with Dazzling Beachfront Balcony Views!,Beach Blue Properties,,64931,73748,503.34,66.49,323,2,2,6,true,true,true,true,false,false,true,Home/Apartment,Condominium (condo),Apt/Condo/Loft,4.6,111,3,21+,Luxury,true,426,true,129,28,2026-05-16,Santa Rosa/Rosemary Beach,Miramar Beach,Miramar Beach,Florida,32550,United States,coastal,https://www.airbnb.com/rooms/1445801442411830165,https://a0.muscache.com/im/pictures/prohost-api/Hosting-1445801442411830165/original/d405d590-8562-4831-9dd1-ab4c6d0c293d.jpeg,1445801442411830165,568357,30.3701,-86.3313,"=AVERAGE($G$2:$G$554)","=AVERAGE($D$2:$D$554)","=IFERROR(($AT451-G451)/$AT451,0)","=IFERROR(($AU451-D451)/$AU451,0)","=$AU451-D451"
Beach House 103D  - Ground Floor - Beachfront!,Beach Escapes,,64894,86165,441.46,72.06,214,2,2,6,true,false,false,true,true,false,true,Home/Apartment,Condominium (condo),Apt/Condo/Loft,4.6,49,1,21+,Luxury,false,440,true,147,29,2026-05-13,Santa Rosa/Rosemary Beach,Miramar Beach,Miramar Beach,Florida,32550,United States,coastal,https://www.airbnb.com/rooms/10452168,https://a0.muscache.com/im/pictures/prohost-api/Hosting-10452168/original/cb2f4bfd-7add-48f1-961b-70614fd4fb97.jpeg,10452168,426309,30.3745,-86.3591,"=AVERAGE($G$2:$G$554)","=AVERAGE($D$2:$D$554)","=IFERROR(($AT452-G452)/$AT452,0)","=IFERROR(($AU452-D452)/$AU452,0)","=$AU452-D452"
Beach front Gulf Views Golf Cart 4112 BS1,Platinum Vacations of Destin,,64814,84850,429.23,61.89,270,2,2,6,true,true,true,true,true,false,true,Home/Apartment,Condominium (condo),Apt/Condo/Loft,5,82,3,21+,Luxury,true,423,true,151,32,2026-05-17,Santa Rosa/Rosemary Beach,Miramar Beach,Miramar Beach,Florida,32550,United States,coastal,https://www.airbnb.com/rooms/1402914914052399589,https://a0.muscache.com/im/pictures/hosting/Hosting-1402914914052399589/original/fbfcff3d-a39d-49d4-843e-98ba56366245.jpeg,1402914914052399589,4540322,30.3709,-86.3315,"=AVERAGE($G$2:$G$554)","=AVERAGE($D$2:$D$554)","=IFERROR(($AT453-G453)/$AT453,0)","=IFERROR(($AU453-D453)/$AU453,0)","=$AU453-D453"
"Majestic Sun 206A - Stunning gulf and pool views,",Seascape Resort,,64505,67579,435.84,54.01,344,1,2,6,true,true,true,true,true,false,true,Home/Apartment,Condominium (condo),Apt/Condo/Loft,4.2,10,1,21+,Luxury,false,209,true,148,37,2026-05-13,Santa Rosa/Rosemary Beach,Miramar Beach,Miramar Beach,Florida,32550,United States,coastal,https://www.airbnb.com/rooms/1082739087684450419,https://a0.muscache.com/im/pictures/prohost-api/Hosting-1082739087684450419/original/f4545f30-c4ab-45e1-a9eb-a49b0d60a487.jpeg,1082739087684450419,3817763,30.37623,-86.3691,"=AVERAGE($G$2:$G$554)","=AVERAGE($D$2:$D$554)","=IFERROR(($AT454-G454)/$AT454,0)","=IFERROR(($AU454-D454)/$AU454,0)","=$AU454-D454"
Steps to Beach • Gulf View & Beach Service,Coastline Condos Vacation Rentals,,64499,69640,362.35,64.96,325,1,1,6,true,true,true,true,true,true,true,Home/Apartment,Condominium (condo),Apt/Condo/Loft,4.75,121,2,21+,Luxury,true,468,true,178,34,2026-05-11,Santa Rosa/Rosemary Beach,Miramar Beach,Miramar Beach,Florida,32550,United States,coastal,https://www.airbnb.com/rooms/10786925,https://a0.muscache.com/im/pictures/hosting/Hosting-10786925/original/2978aa28-21d0-4dee-8330-ce543496e3b6.jpeg,10786925,1009024,30.3791,-86.392,"=AVERAGE($G$2:$G$554)","=AVERAGE($D$2:$D$554)","=IFERROR(($AT455-G455)/$AT455,0)","=IFERROR(($AU455-D455)/$AU455,0)","=$AU455-D455"
"Mediterranea Great Location, Beach Service Included",,,64448,80766,532.63,54.75,263,2,2,6,true,true,true,true,true,false,true,Home/Apartment,Condominium (condo),Apt/Condo/Loft,5,43,4,1,Luxury,false,62,false,121,21,2026-05-16,Santa Rosa/Rosemary Beach,Miramar Beach,Miramar Beach,Florida,32550,United States,coastal,https://www.vrbo.com/25544,"https://media.vrbo.com/lodging/34000000/33980000/33971000/33970982/98a34f6c.jpg?impolicy=resizecrop&rw=1200&ra=fit",,25544,30.378096,-86.383781,"=AVERAGE($G$2:$G$554)","=AVERAGE($D$2:$D$554)","=IFERROR(($AT456-G456)/$AT456,0)","=IFERROR(($AU456-D456)/$AU456,0)","=$AU456-D456"
"B405 | Beachfront with Beach Service, Pool, & WiFi","Best Destin Beach House Rental, LLC",,64424,73254,271.83,84.64,281,1,1,4,true,true,false,true,true,false,true,Home/Apartment,Condominium (condo),Apt/Condo/Loft,4.75,84,6,21+,Luxury,true,234,true,237,36,2026-05-17,Santa Rosa/Rosemary Beach,Miramar Beach,Miramar Beach,Florida,32550,United States,coastal,https://www.airbnb.com/rooms/13344054,https://a0.muscache.com/im/pictures/prohost-api/Hosting-13344054/original/67ee5178-c86f-4a06-9a2b-b22bbec424e0.jpeg,13344054,9604214ha,30.3762,-86.3595,"=AVERAGE($G$2:$G$554)","=AVERAGE($D$2:$D$554)","=IFERROR(($AT457-G457)/$AT457,0)","=IFERROR(($AU457-D457)/$AU457,0)","=$AU457-D457"
"Spectacular Sunsets Await: Updated 1-Bedroom Cond,Sandestin Golf And Beach Resort,"",64298,67014,361.22,66.67,336,1,1,2,true,true,false,true,true,false,true,Home/Apartment,Condominium (condo),Apt/Condo/Loft,0,0,1,21+,Luxury,false,96,true,178,43,2026-05-11,Santa Rosa/Rosemary Beach,Miramar Beach,Miramar Beach,Florida,32550,United States,coastal,https://www.airbnb.com/rooms/1105045601526432919,https://a0.muscache.com/im/pictures/prohost-api/Hosting-1105045601526432919/original/29389c00-ccad-4e3c-b482-f634d7b6549b.jpeg,1105045601526432919,3816438,30.372,-86.3333
Gorgeous Gulf Views - Corner Studio w/ Bonus Room,Sandestin Golf And Beach Resort,"",64231,72818,339.85,77.78,319,1,1,4,true,true,false,false,true,false,true,Home/Apartment,Condominium (condo),Apt/Condo/Loft,4.25,4,1,21+,Luxury,false,48,true,189,51,2026-05-11,Santa Rosa/Rosemary Beach,Miramar Beach,Miramar Beach,Florida,32550,United States,coastal,https://www.airbnb.com/rooms/1207952682944981593,https://a0.muscache.com/im/pictures/prohost-api/Hosting-1207952682944981593/original/5097adc1-7d4b-4c7d-8def-bbe170c8f713.jpeg,1207952682944981593,4089452,30.3698,-86.33
Beachside 2 4288 -Reduced Summer Rates-Gulf Front,Gibson Beach Rentals,"",64036,66390,337.03,56.21,351,1,1,2,true,true,true,true,true,false,true,Home/Apartment,Condominium (condo),Apt/Condo/Loft,4.7,139,1,21+,Luxury,true,250,true,190,48,2026-05-11,Santa Rosa/Rosemary Beach,Miramar Beach,Miramar Beach,Florida,32550,United States,coastal,https://www.airbnb.com/rooms/23701363,https://a0.muscache.com/im/pictures/prohost-api/Hosting-23701363/original/cbc84ea0-5530-411d-bcc8-f7bffdf171f9.jpeg,23701363,408099,30.37069,-86.32914
Discounts for Week Rentals + Optional Golf Cart!,371341028,"",63689,74276,505.47,54.78,287,2,2,8,true,true,false,true,true,false,true,Home/Apartment,Apartment,Apt/Condo/Loft,5,150,3,2-5,Luxury,false,226,true,126,26,2026-05-13,Santa Rosa/Rosemary Beach,Miramar Beach,Miramar Beach,Florida,32550,United States,coastal,https://www.airbnb.com/rooms/910805087037950041,https://a0.muscache.com/im/pictures/miso/Hosting-910805087037950041/original/08af1268-1ed5-43a9-8199-084a4d788680.jpeg,910805087037950041,1200404,30.37172,-86.33402
Rates Reduced! Corner Condo w/ Stunning Beachfront,Beach Blue Properties,"",63679,76274,372.39,63.57,306,1,1,6,true,true,false,true,false,false,true,Home/Apartment,Condominium (condo),Apt/Condo/Loft,4.7,175,1,21+,Luxury,true,305,true,171,40,2026-05-17,Santa Rosa/Rosemary Beach,Miramar Beach,Miramar Beach,Florida,32550,United States,coastal,https://www.airbnb.com/rooms/1445803414277331287,https://a0.muscache.com/im/pictures/prohost-api/Hosting-1445803414277331287/original/41cdc02b-66bc-4eaa-965b-dcfa4cd27083.jpeg,1445803414277331287,802226,30.3698,-86.3301
Large Beachfront 2br w/ Two Balconies + Golf Cart,Skis and Seas Vacation Rentals,"",63509,68773,444.12,58.13,275,2,2,6,true,true,false,true,false,false,true,Home/Apartment,Apartment,Apt/Condo/Loft,4.8,89,1,21+,Luxury,true,243,true,143,26,2026-05-13,Santa Rosa/Rosemary Beach,Miramar Beach,Miramar Beach,Florida,32550,United States,coastal,https://www.airbnb.com/rooms/22878745,https://a0.muscache.com/im/pictures/prohost-api/Hosting-22878745/original/c12019e7-75ea-47a9-a2a0-461f0e03a539.jpeg,22878745,274003,30.3707,-86.334
Beachside 2 4231 - panoramic gulf & beachfront vie,Gibson Beach Rentals,"",63437,67552,335.65,75.6,305,1,1,4,true,true,true,true,true,false,true,Home/Apartment,Condominium (condo),Apt/Condo/Loft,4.4,141,3,21+,Luxury,true,253,true,189,43,2026-05-11,Santa Rosa/Rosemary Beach,Miramar Beach,Miramar Beach,Florida,32550,United States,coastal,https://www.airbnb.com/rooms/23702309,https://a0.muscache.com/im/pictures/prohost-api/Hosting-23702309/original/f123adcd-af57-45fa-8566-507699c41faa.jpeg,23702309,376652,30.37005,-86.32935
Deluxe Views-Short Walk 2 Beach-Resort Amenities,Glass Casa,"",63320,91346,586.3,48,274,2,2,6,true,true,true,true,true,false,true,Home/Apartment,Condominium (condo),Apt/Condo/Loft,4.95,7,1,21+,Luxury,true,1195,true,108,21,2026-05-11,Santa Rosa/Rosemary Beach,Miramar Beach,Miramar Beach,Florida,32550,United States,coastal,https://www.airbnb.com/rooms/1067545249144832481,https://a0.muscache.com/im/pictures/prohost-api/Hosting-1067545249144832481/original/697a5c1d-3d11-4a2e-bd3a-1a8a983e08a5.jpeg,1067545249144832481,"",30.3759,-86.3683
WOW Sandestin Gulf Front - Beautiful - Golf Cart,208359437,"",63034,76142,525.28,50.42,282,2,2,6,true,true,true,true,true,false,true,Home/Apartment,Villa,House/villa,5,166,4,1,Luxury,false,125,false,120,27,2020-05-15,Santa Rosa/Rosemary Beach,Miramar Beach,Miramar Beach,Florida,32550,United States,coastal,https://www.airbnb.com/rooms/27755217,https://a0.muscache.com/im/pictures/e580afa6-99dc-4df8-83a5-892a3f1d6b72.jpg?aki_policy=x_large,27755217,265071,30.371,-86.331
Prime Views Await: 2nd Floor 2-Bedroom Condo with,Sandestin Golf And Beach Resort,"",62982,70767,336.8,56.5,331,1,2,6,true,true,false,true,true,false,true,Home/Apartment,Condominium (condo),Apt/Condo/Loft,0,0,1,21+,Luxury,false,155,true,187,56,2026-05-11,Santa Rosa/Rosemary Beach,Miramar Beach,Miramar Beach,Florida,32550,United States,coastal,https://www.airbnb.com/rooms/1207230041651398955,https://a0.muscache.com/im/pictures/prohost-api/Hosting-1207230041651398955/original/2d39cd8e-c091-4d40-a333-9e8e869440e5.jpeg,1207230041651398955,4203020,30.3851,-86.3462
Gulf Front Paradise"," Private Beach Access & Beach,Emerald Coast Beach Life,"",62960,66043,340.32,64.46,310,1,1,6,true,false,false,true,true,false,true,Home/Apartment,Condominium (condo),Apt/Condo/Loft,4.75,153,1,21+,Luxury,true,266,true,185,37,2026-05-17,Santa Rosa/Rosemary Beach,Miramar Beach,Miramar Beach,Florida,32550,United States,coastal,https://www.airbnb.com/rooms/44596455,https://a0.muscache.com/im/pictures/prohost-api/Hosting-44596455/original/e938f8b1-45b8-4d65-8572-0d129a968168.jpeg,44596455,9699337ha,30.3735,-86.3514
""Charming 2BR/2BA Retreat: East-Facing Delight in",Sandestin Golf And Beach Resort,,62951,70868,507.67,59.05,317,2,2,6,true,true,false,true,true,false,true,Home/Apartment,Condominium (condo),Apt/Condo/Loft,5,1,1,21+,Luxury,false,154,true,124,26,2026-05-11,Santa Rosa/Rosemary Beach,Miramar Beach,Miramar Beach,Florida,32550,United States,coastal,https://www.airbnb.com/rooms/1105038594966888718,https://a0.muscache.com/im/pictures/prohost-api/Hosting-1105038594966888718/original/38c84dd3-382e-497b-be24-a9af1282d6b7.jpeg,1105038594966888718,3816435,30.372,"=AVERAGE($G$2:$G$554)","=AVERAGE($D$2:$D$554)","=IFERROR(($AT458-G458)/$AT458,0)","=IFERROR(($AU458-D458)/$AU458,0)","=$AU458-D458"
"Lakefront 2BR Beach Villa! GOLF CART, Near Beach,",Beach Blue Properties,,62675,76613,391.72,60.61,299,2,2,7,true,true,false,true,true,false,true,Home/Apartment,Condominium (condo),Apt/Condo/Loft,5,20,3,21+,Luxury,false,412,true,160,35,2026-05-15,Santa Rosa/Rosemary Beach,Miramar Beach,Miramar Beach,Florida,32550,United States,coastal,https://www.airbnb.com/rooms/1430498802997180309,https://a0.muscache.com/im/pictures/prohost-api/Hosting-1430498802997180309/original/33834198-a71b-4dcf-a0a0-6ebbc7282ef1.jpeg,1430498802997180309,4081112,30.382,-86.3332,"=AVERAGE($G$2:$G$554)","=AVERAGE($D$2:$D$554)","=IFERROR(($AT459-G459)/$AT459,0)","=IFERROR(($AU459-D459)/$AU459,0)","=$AU459-D459"
"Beach Manor 908 - relaxing vacation, super clean c",Gibson Beach Rentals,,62537,97451,453.17,81.66,211,2,2,6,true,true,true,true,true,false,true,Home/Apartment,Condominium (condo),Apt/Condo/Loft,4.8,44,1,21+,Luxury,true,456,true,138,24,2026-05-13,Santa Rosa/Rosemary Beach,Miramar Beach,Miramar Beach,Florida,32550,United States,coastal,https://www.airbnb.com/rooms/41638384,https://a0.muscache.com/im/pictures/prohost-api/Hosting-41638384/original/431d04ab-3b60-4b35-90c1-476d31b9c047.jpeg,41638384,1855503,30.37034,-86.32557,"=AVERAGE($G$2:$G$554)","=AVERAGE($D$2:$D$554)","=IFERROR(($AT460-G460)/$AT460,0)","=IFERROR(($AU460-D460)/$AU460,0)","=$AU460-D460"
Private Beach Access & Seasonally Heated Pool,Coastline Condos Vacation Rentals,,62476,68731,315.54,68.04,313,1,2,4,true,true,false,true,true,true,true,Home/Apartment,Condominium (condo),Apt/Condo/Loft,4.35,97,2,21+,Luxury,true,467,true,198,30,2026-05-11,Santa Rosa/Rosemary Beach,Miramar Beach,Miramar Beach,Florida,32550,United States,coastal,https://www.airbnb.com/rooms/10927081,https://a0.muscache.com/im/pictures/hosting/Hosting-10927081/original/ace2e475-d9b1-4b2c-9082-92b7ed8f3f8c.jpeg,10927081,1009021,30.3791,-86.3912,"=AVERAGE($G$2:$G$554)","=AVERAGE($D$2:$D$554)","=IFERROR(($AT461-G461)/$AT461,0)","=IFERROR(($AU461-D461)/$AU461,0)","=$AU461-D461"
Sleeps 8! Roomy 2br Condo w/ Gulf Views + Pool,Skis and Seas Vacation Rentals,,62472,73057,443.06,62.39,291,2,2,8,true,true,false,true,false,false,true,Home/Apartment,Condominium (condo),Apt/Condo/Loft,4.8,94,1,21+,Luxury,true,287,true,141,28,2026-05-13,Santa Rosa/Rosemary Beach,Miramar Beach,Miramar Beach,Florida,32550,United States,coastal,https://www.airbnb.com/rooms/2998180,https://a0.muscache.com/im/pictures/prohost-api/Hosting-2998180/original/8af3d585-1996-47e8-9d27-97a3f84432f3.jpeg,2998180,89826,30.3707,-86.334,"=AVERAGE($G$2:$G$554)","=AVERAGE($D$2:$D$554)","=IFERROR(($AT462-G462)/$AT462,0)","=IFERROR(($AU462-D462)/$AU462,0)","=$AU462-D462"
ADII 2307 Spectacular views of the pool and Gulf f,Seascape Resort,,62169,63090,522.43,41.75,357,2,2,6,true,true,false,true,true,false,true,Home/Apartment,Condominium (condo),Apt/Condo/Loft,5,2,2,21+,Luxury,false,260,true,119,31,2026-05-16,Santa Rosa/Rosemary Beach,Miramar Beach,Miramar Beach,Florida,32550,United States,coastal,https://www.airbnb.com/rooms/1374728085854270008,https://a0.muscache.com/im/pictures/prohost-api/Hosting-1374728085854270008/original/c0d0cc91-2e60-4908-adff-938cfb74d21b.jpeg,1374728085854270008,4477472,30.3781,-86.3675,"=AVERAGE($G$2:$G$554)","=AVERAGE($D$2:$D$554)","=IFERROR(($AT463-G463)/$AT463,0)","=IFERROR(($AU463-D463)/$AU463,0)","=$AU463-D463"
Modern Elegance Meets Gulf Views: Renovated 1-Bedr,Sandestin Golf And Beach Resort,,61923,68054,402.1,59.92,344,1,1,2,true,true,false,true,true,false,true,Home/Apartment,Condominium (condo),Apt/Condo/Loft,5,2,1,21+,Luxury,false,96,true,154,43,2026-05-13,Santa Rosa/Rosemary Beach,Miramar Beach,Miramar Beach,Florida,32550,United States,coastal,https://www.airbnb.com/rooms/1105034106857806765,https://a0.muscache.com/im/pictures/prohost-api/Hosting-1105034106857806765/original/8a9cb239-f3fd-476b-b945-62cf1925d206.jpeg,1105034106857806765,3816445,30.372,-86.3333,"=AVERAGE($G$2:$G$554)","=AVERAGE($D$2:$D$554)","=IFERROR(($AT464-G464)/$AT464,0)","=IFERROR(($AU464-D464)/$AU464,0)","=$AU464-D464"
Modern Elegance Meets Gulf Views: Renovated 1-Bedroom Condo in Westwinds on the 7th Floor! at Sandestin Golf and Beach Resort!,Sandestin Golf & Beach Resort,,61909,68542,429.92,57.83,309,1,1,2,true,true,false,true,true,false,true,Home/Apartment,Condominium (condo),Apt/Condo/Loft,5,0,1,21+,Luxury,false,127,true,144,38,2026-05-16,Santa Rosa/Rosemary Beach,Miramar Beach,Miramar Beach,Florida,32550,United States,coastal,https://www.vrbo.com/3816423,"https://media.vrbo.com/lodging/102000000/101870000/101860300/101860256/5f22fcd8.jpg?impolicy=resizecrop&rw=1200&ra=fit",,3816423,30.3715,-86.33389,"=AVERAGE($G$2:$G$554)","=AVERAGE($D$2:$D$554)","=IFERROR(($AT465-G465)/$AT465,0)","=IFERROR(($AU465-D465)/$AU465,0)","=$AU465-D465"
Observation Point South 2BR Condo w/ Golf Cart at,Sandestin Golf And Beach Resort,,61756,66606,447.51,41.19,335,2,2,4,true,true,false,true,true,false,true,Home/Apartment,Condominium (condo),Apt/Condo/Loft,0,0,1,21+,Luxury,false,156,true,138,42,2026-05-13,Santa Rosa/Rosemary Beach,Miramar Beach,Miramar Beach,Florida,32550,United States,coastal,https://www.airbnb.com/rooms/1359411824284686749,https://a0.muscache.com/im/pictures/prohost-api/Hosting-1359411824284686749/original/7358a4b6-0f25-4d42-a452-ee763b9f15af.jpeg,1359411824284686749,4440372,30.3851,-86.3462,"=AVERAGE($G$2:$G$554)","=AVERAGE($D$2:$D$554)","=IFERROR(($AT466-G466)/$AT466,0)","=IFERROR(($AU466-D466)/$AU466,0)","=$AU466-D466"
"Modern 2BR w/ Gulf Views, Pool, Beach, Golf Cart!",Sandestin Golf And Beach Resort,,61721,67239,532.08,57.71,324,2,2,4,true,true,false,true,true,false,true,Home/Apartment,Condominium (condo),Apt/Condo/Loft,4.7,29,1,21+,Luxury,false,154,true,116,26,2026-05-13,Santa Rosa/Rosemary Beach,Miramar Beach,Miramar Beach,Florida,32550,United States,coastal,https://www.airbnb.com/rooms/1105029823216437119,https://a0.muscache.com/im/pictures/prohost-api/Hosting-1105029823216437119/original/4cbed3e0-9374-47d0-8f22-25ae42009ecc.jpeg,1105029823216437119,737772,30.3707,-86.3304,"=AVERAGE($G$2:$G$554)","=AVERAGE($D$2:$D$554)","=IFERROR(($AT467-G467)/$AT467,0)","=IFERROR(($AU467-D467)/$AU467,0)","=$AU467-D467"
A couple's paradise! Beachfront Golf Cart! 4319,Platinum Vacations of Destin,,61653,68843,375.93,66.13,278,1,1,4,true,true,true,true,true,false,true,Home/Apartment,Condominium (condo),Apt/Condo/Loft,4.85,26,3,21+,Luxury,true,450,true,164,33,2026-05-13,Santa Rosa/Rosemary Beach,Miramar Beach,Miramar Beach,Florida,32550,United States,coastal,https://www.airbnb.com/rooms/1176964720911791931,https://a0.muscache.com/im/pictures/prohost-api/Hosting-1176964720911791931/original/a691073e-48c8-4bc1-ba40-0eaa5c2cbaee.jpeg,1176964720911791931,2947582,30.3698,-86.3303,"=AVERAGE($G$2:$G$554)","=AVERAGE($D$2:$D$554)","=IFERROR(($AT468-G468)/$AT468,0)","=IFERROR(($AU468-D468)/$AU468,0)","=$AU468-D468"
Windancer 302: Gulf-Front Stay,Ocean Reef,,61642,76939,333.2,69.55,295,1,1,6,true,false,false,true,true,false,true,Home/Apartment,Condominium (condo),Apt/Condo/Loft,4.5,14,3,21+,Luxury,false,296,true,185,40,2026-05-13,Santa Rosa/Rosemary Beach,Miramar Beach,Santa Rosa Beach,Florida,32459,United States,coastal,https://www.airbnb.com/rooms/1375536073827865209,https://a0.muscache.com/im/pictures/prohost-api/Hosting-1375536073827865209/original/755e01c3-8c89-4f46-915f-bd3d485594c0.jpeg,1375536073827865209,1091002,30.3725995333,-86.3522066996,"=AVERAGE($G$2:$G$554)","=AVERAGE($D$2:$D$554)","=IFERROR(($AT469-G469)/$AT469,0)","=IFERROR(($AU469-D469)/$AU469,0)","=$AU469-D469"
"Beachfront Condo w/ GOLF CART, Furnished Balcony,",Beach Blue Properties,,57982,76128,479.19,61.73,273,2,2,6,true,true,true,true,false,false,true,Home/Apartment,Condominium (condo),Apt/Condo/Loft,4.6,131,1,21+,Luxury,true,426,true,121,24,2026-05-15,Santa Rosa/Rosemary Beach,Miramar Beach,Miramar Beach,Florida,32550,United States,coastal,https://www.airbnb.com/rooms/1445804462770268810,https://a0.muscache.com/im/pictures/prohost-api/Hosting-1445804462770268810/original/a480daf2-6325-4124-908e-1b76d2c68bce.jpeg,1445804462770268810,812624,30.3701,-86.3315,"=AVERAGE($G$2:$G$554)","=AVERAGE($D$2:$D$554)","=IFERROR(($AT470-G470)/$AT470,0)","=IFERROR(($AU470-D470)/$AU470,0)","=$AU470-D470"
Beachfront Complex | Private Beach | 2 Pools |,RealJoy,,57945,59099,432.43,54.69,270,2,2,8,true,true,false,true,true,false,true,Home/Apartment,Condominium (condo),Apt/Condo/Loft,4.3,21,3,21+,Luxury,false,277,true,134,31,2026-05-11,Santa Rosa/Rosemary Beach,Miramar Beach,Miramar Beach,Florida,32550,United States,coastal,https://www.airbnb.com/rooms/1041211394870948245,https://a0.muscache.com/im/pictures/prohost-api/Hosting-1041211394870948245/original/9475b16a-83ae-429d-919d-8654091e4a61.jpeg,1041211394870948245,3750021,30.37428,-86.35264,"=AVERAGE($G$2:$G$554)","=AVERAGE($D$2:$D$554)","=IFERROR(($AT471-G471)/$AT471,0)","=IFERROR(($AU471-D471)/$AU471,0)","=$AU471-D471"
"Low Rate! Beachfront Condo! Golf Cart, Beach View,",Beach Blue Properties,,57304,67488,337.08,67.73,319,1,1,4,true,true,false,true,false,false,true,Home/Apartment,Condominium (condo),Apt/Condo/Loft,4.8,116,3,21+,Luxury,true,305,true,170,34,2026-05-14,Santa Rosa/Rosemary Beach,Miramar Beach,Miramar Beach,Florida,32550,United States,coastal,https://www.airbnb.com/rooms/1445805398438726711,https://a0.muscache.com/im/pictures/prohost-api/Hosting-1445805398438726711/original/1f8b6d29-987d-46b9-9888-7914c174f633.jpeg,1445805398438726711,1173571,30.3702,-86.3304,"=AVERAGE($G$2:$G$554)","=AVERAGE($D$2:$D$554)","=IFERROR(($AT472-G472)/$AT472,0)","=IFERROR(($AU472-D472)/$AU472,0)","=$AU472-D472"
Book Me Baby! Let's Flamingle at Majestic Sun,Pinkie,,57284,59286,556.16,49.76,256,1,2,8,true,true,true,true,true,false,true,Home/Apartment,Condominium (condo),Apt/Condo/Loft,4.45,10,4,21+,Luxury,false,1432,true,103,25,2026-02-14,Santa Rosa/Rosemary Beach,Miramar Beach,Miramar Beach,Florida,32550,United States,coastal,https://www.airbnb.com/rooms/1295015774191908258,https://a0.muscache.com/im/pictures/prohost-api/Hosting-1295015774191908258/original/dc7448dc-b61e-4478-bbbb-3f4f37bd74c8.png,1295015774191908258,4300507,30.3755608333,-86.367925291,"=AVERAGE($G$2:$G$554)","=AVERAGE($D$2:$D$554)","=IFERROR(($AT473-G473)/$AT473,0)","=IFERROR(($AU473-D473)/$AU473,0)","=$AU473-D473"
Modern 2nd-Floor Condo w/ Gulf Views & Golf Cart!,Sandestin Golf And Beach Resort,,57256,78415,443.84,46.57,279,1,1,4,true,true,false,true,true,false,true,Home/Apartment,Condominium (condo),Apt/Condo/Loft,4.45,9,1,21+,Luxury,false,97,true,129,37,2026-05-13,Santa Rosa/Rosemary Beach,Miramar Beach,Miramar Beach,Florida,32550,United States,coastal,https://www.airbnb.com/rooms/1105023806586735134,https://a0.muscache.com/im/pictures/prohost-api/Hosting-1105023806586735134/original/40079419-9e79-4afe-9069-74afad86375b.jpeg,1105023806586735134,797097,30.3707,-86.3304,"=AVERAGE($G$2:$G$554)","=AVERAGE($D$2:$D$554)","=IFERROR(($AT474-G474)/$AT474,0)","=IFERROR(($AU474-D474)/$AU474,0)","=$AU474-D474"
"Luxury beachfront condo: awesome view, two pools, pickleball, bball, putt putt. ",,,57097,65319,509.79,51.61,334,2,2,6,true,false,false,true,true,false,true,Home/Apartment,Condominium (condo),Apt/Condo/Loft,5,54,1,1,Luxury,false,210,false,112,24,2026-05-17,Santa Rosa/Rosemary Beach,Miramar Beach,Miramar Beach,Florida,32550,United States,coastal,https://www.vrbo.com/1152431,"https://media.vrbo.com/lodging/34000000/33510000/33507500/33507433/75296a80.jpg?impolicy=resizecrop&rw=1200&ra=fit",,1152431,30.369439,-86.32574,"=AVERAGE($G$2:$G$554)","=AVERAGE($D$2:$D$554)","=IFERROR(($AT475-G475)/$AT475,0)","=IFERROR(($AU475-D475)/$AU475,0)","=$AU475-D475"
Ariel Dunes I Penthouse 2403,Ocean Reef,,56968,58374,372.34,51.69,347,1,1,6,true,true,false,true,true,false,true,Home/Apartment,Condominium (condo),Apt/Condo/Loft,4.55,15,2,21+,Luxury,false,399,true,153,40,2026-05-13,Santa Rosa/Rosemary Beach,Miramar Beach,Miramar Beach,Florida,32550,United States,coastal,https://www.airbnb.com/rooms/1339309037193428641,https://a0.muscache.com/im/pictures/prohost-api/Hosting-1339309037193428641/original/6b86dba7-9f42-4ce2-a46f-1c2266dabd2c.jpeg,1339309037193428641,2724710,30.37866877,-86.36781015,"=AVERAGE($G$2:$G$554)","=AVERAGE($D$2:$D$554)","=IFERROR(($AT476-G476)/$AT476,0)","=IFERROR(($AU476-D476)/$AU476,0)","=$AU476-D476"
Amalfi Coast B116 - Beach chair set included,Salt Water Vacations,,56877,62990,389.57,56.59,297,2,2,6,true,true,false,true,true,false,true,Home/Apartment,Apartment,Apt/Condo/Loft,4.9,12,3,21+,Luxury,false,569,true,146,27,2026-05-13,Santa Rosa/Rosemary Beach,Miramar Beach,Miramar Beach,Florida,32550,United States,coastal,https://www.airbnb.com/rooms/773307605892713587,https://a0.muscache.com/im/pictures/prohost-api/Hosting-773307605892713587/original/1ee05232-55b8-429d-9ed8-4b65e80f7f0c.jpeg,773307605892713587,9758539ha,30.37652,-86.36095,"=AVERAGE($G$2:$G$554)","=AVERAGE($D$2:$D$554)","=IFERROR(($AT477-G477)/$AT477,0)","=IFERROR(($AU477-D477)/$AU477,0)","=$AU477-D477"
Tropical Breezes at Majestic Sun,Kastle Keepers,,56869,67981,348.89,68.49,257,1,2,6,true,false,false,true,true,false,false,Home/Apartment,Apartment,Apt/Condo/Loft,4.8,138,3,21+,Luxury,false,339,true,163,28,2026-05-11,Santa Rosa/Rosemary Beach,Miramar Beach,Miramar Beach,Florida,32550,United States,coastal,https://www.airbnb.com/rooms/1166570572861687515,https://a0.muscache.com/im/pictures/hosting/Hosting-U3RheVN1cHBseUxpc3Rpbmc6MTE2NjU3MDU3Mjg2MTY4NzUxNQ%3D%3D/original/b7d26c80-f118-4931-a046-a7dab9f95bf7.jpeg,1166570572861687515,236140ha,30.3758,-86.3681,"=AVERAGE($G$2:$G$554)","=AVERAGE($D$2:$D$554)","=IFERROR(($AT478-G478)/$AT478,0)","=IFERROR(($AU478-D478)/$AU478,0)","=$AU478-D478"
The Emerald Pearl   water view steps to the beach,211914867,,56767,58459,297.21,77.33,296,1,1,6,true,true,true,true,true,false,true,Home/Apartment,Condominium (condo),Apt/Condo/Loft,5,17,1,1,Luxury,true,250,false,191,32,2026-05-13,Santa Rosa/Rosemary Beach,Miramar Beach,Miramar Beach,Florida,32550,United States,coastal,https://www.airbnb.com/rooms/1398084455427492868,"https://a0.muscache.com/im/pictures/hosting/Hosting-U3RheVN1cHBseUxpc3Rpbmc6MTM5ODA4NDQ1NTQyNzQ5Mjg2OA==/original/147f83e9-09fb-44a0-bbe2-f9012a3ff032.jpeg",1398084455427492868,,30.3792,-86.3923,"=AVERAGE($G$2:$G$554)","=AVERAGE($D$2:$D$554)","=IFERROR(($AT479-G479)/$AT479,0)","=IFERROR(($AU479-D479)/$AU479,0)","=$AU479-D479"
"Beach View, Walkable Area, Amazing Pool",Newman-Dailey,,56755,73568,561.93,55.49,233,2,2,8,true,false,true,true,true,false,true,Home/Apartment,Condominium (condo),Apt/Condo/Loft,4.5,6,1,21+,Luxury,true,415,true,101,24,2026-05-13,Santa Rosa/Rosemary Beach,Miramar Beach,Miramar Beach,Florida,32550,United States,coastal,https://www.airbnb.com/rooms/1014593772372339680,https://a0.muscache.com/im/pictures/prohost-api/Hosting-1014593772372339680/original/be73d490-3a10-4c80-8501-17ec2acadaed.jpeg,1014593772372339680,9889102ha,30.3784,-86.3833,"=AVERAGE($G$2:$G$554)","=AVERAGE($D$2:$D$554)","=IFERROR(($AT480-G480)/$AT480,0)","=IFERROR(($AU480-D480)/$AU480,0)","=$AU480-D480"
Gorgeous Gulf Front Condo,151383214,,56733,92878,426.56,81.1,220,2,2,6,true,true,true,true,true,false,true,Home/Apartment,Apartment,Apt/Condo/Loft,5,60,7,6-20,Luxury,false,224,true,133,17,2026-05-17,Santa Rosa/Rosemary Beach,Miramar Beach,Miramar Beach,Florida,32550,United States,coastal,https://www.airbnb.com/rooms/773162296680456541,https://a0.muscache.com/im/pictures/miso/Hosting-773162296680456541/original/b11b54e6-d1c1-4468-9b01-5a9e1f524070.jpeg,773162296680456541,2145095,30.3805,-86.3921,"=AVERAGE($G$2:$G$554)","=AVERAGE($D$2:$D$554)","=IFERROR(($AT481-G481)/$AT481,0)","=IFERROR(($AU481-D481)/$AU481,0)","=$AU481-D481"
2BR Oceanfront | Balcony | Pool | Tennis Courts,Vacasa,,56728,58752,414.07,60.09,228,2,2,6,true,true,false,true,false,false,true,Home/Apartment,Condominium (condo),Apt/Condo/Loft,4.45,43,2,21+,Luxury,false,184,true,137,37,2026-05-11,Santa Rosa/Rosemary Beach,Miramar Beach,Miramar Beach,Florida,32550,United States,coastal,https://www.airbnb.com/rooms/1070174659701997544,https://a0.muscache.com/im/pictures/prohost-api/Hosting-1070174659701997544/original/56244806-6a18-47fd-ac7d-86b05dc7d308.jpeg,1070174659701997544,1979576,30.37497,-86.3615,"=AVERAGE($G$2:$G$554)","=AVERAGE($D$2:$D$554)","=IFERROR(($AT482-G482)/$AT482,0)","=IFERROR(($AU482-D482)/$AU482,0)","=$AU482-D482"
"1BR w/ Beach Views! Spacious Balcony, Tropical Poo",Beach Blue Properties,,56674,67424,349.84,70.74,313,1,1,4,true,true,true,true,false,false,true,Home/Apartment,Condominium (condo),Apt/Condo/Loft,4.7,118,1,21+,Luxury,true,306,true,162,31,2026-05-14,Santa Rosa/Rosemary Beach,Miramar Beach,Miramar Beach,Florida,32550,United States,coastal,https://www.airbnb.com/rooms/1445802450208647573,https://a0.muscache.com/im/pictures/prohost-api/Hosting-1445802450208647573/original/9bf23689-d727-44df-9c70-8cc91a34a1ce.jpeg,1445802450208647573,299596,30.3712,-86.334,"=AVERAGE($G$2:$G$554)","=AVERAGE($D$2:$D$554)","=IFERROR(($AT483-G483)/$AT483,0)","=IFERROR(($AU483-D483)/$AU483,0)","=$AU483-D483"
Private Balcony ~ Lockout Unit ~ Fully Equipped,My Vacation Haven,,56584,89573,577.39,60.49,229,2,2,7,true,false,true,true,true,false,true,Home/Apartment,Condominium (condo),Apt/Condo/Loft,0,0,3,21+,Luxury,false,587,true,98,24,2026-05-17,Santa Rosa/Rosemary Beach,Miramar Beach,Miramar Beach,Florida,32550,United States,coastal,https://www.airbnb.com/rooms/45272263,https://a0.muscache.com/im/pictures/prohost-api/Hosting-45272263/original/2885da6a-1541-498c-93f0-3c76644286ae.jpeg,45272263,1953419,30.3719,-86.3278,"=AVERAGE($G$2:$G$554)","=AVERAGE($D$2:$D$554)","=IFERROR(($AT484-G484)/$AT484,0)","=IFERROR(($AU484-D484)/$AU484,0)","=$AU484-D484"
Gulf-front 1BR | Beach Service | Pool | Balcony,Vacasa,,56534,56534,305.59,67.03,276,1,1,4,true,true,false,true,false,false,true,Home/Apartment,Condominium (condo),Apt/Condo/Loft,4.45,78,2,21+,Luxury,false,184,true,185,48,2026-05-11,Santa Rosa/Rosemary Beach,Miramar Beach,Miramar Beach,Florida,32550,United States,coastal,https://www.airbnb.com/rooms/1070226635890919493,https://a0.muscache.com/im/pictures/prohost-api/Hosting-1070226635890919493/original/709f3f2e-359d-4c3d-92a6-44cb5f62c1f1.jpeg,1070226635890919493,2241179,30.37436,-86.36134,"=AVERAGE($G$2:$G$554)","=AVERAGE($D$2:$D$554)","=IFERROR(($AT485-G485)/$AT485,0)","=IFERROR(($AU485-D485)/$AU485,0)","=$AU485-D485"
Majestic Sun 207B - Last Minute Specials! Discount,Seascape Resort,,56462,58295,369.03,51.69,325,1,2,6,true,true,true,true,true,false,true,Home/Apartment,Condominium (condo),Apt/Condo/Loft,3.7,27,2,21+,Luxury,false,170,true,153,30,2026-05-13,Santa Rosa/Rosemary Beach,Miramar Beach,Miramar Beach,Florida,32550,United States,coastal,https://www.airbnb.com/rooms/1082685471711092142,https://a0.muscache.com/im/pictures/prohost-api/Hosting-1082685471711092142/original/6610ce77-a32e-469b-bd59-3b92d4936b92.jpeg,1082685471711092142,1045627,30.3758,-86.3679,"=AVERAGE($G$2:$G$554)","=AVERAGE($D$2:$D$554)","=IFERROR(($AT486-G486)/$AT486,0)","=IFERROR(($AU486-D486)/$AU486,0)","=$AU486-D486"
Beachfront  Balcony ~ Seasonally Heated Pool ~ Gym,My Vacation Haven,,56339,61320,337.36,63.98,316,1,1,6,true,false,true,true,true,false,true,Home/Apartment,Condominium (condo),Apt/Condo/Loft,4.6,28,3,21+,Luxury,false,320,true,167,38,2026-05-16,Santa Rosa/Rosemary Beach,Miramar Beach,Miramar Beach,Florida,32550,United States,coastal,https://www.airbnb.com/rooms/680997565058968611,https://a0.muscache.com/im/pictures/prohost-api/Hosting-680997565058968611/original/6595bbf8-cbce-46c1-9171-4af2b35a39e2.jpeg,680997565058968611,2926239,30.3699,-86.3298,"=AVERAGE($G$2:$G$554)","=AVERAGE($D$2:$D$554)","=IFERROR(($AT487-G487)/$AT487,0)","=IFERROR(($AU487-D487)/$AU487,0)","=$AU487-D487"
Westwinds 4813: Gulf Front Views,Ocean Reef,,56328,76486,339.33,72.17,291,1,1,4,true,true,true,true,true,false,true,Home/Apartment,Condominium (condo),Apt/Condo/Loft,4.8,29,7,21+,Luxury,false,294,true,166,37,2026-05-16,Santa Rosa/Rosemary Beach,Miramar Beach,Miramar Beach,Florida,32550,United States,coastal,https://www.airbnb.com/rooms/1410986383031053290,https://a0.muscache.com/im/pictures/prohost-api/Hosting-1410986383031053290/original/bbf004da-ec8f-4eac-84bc-d5dbbeb2c733.jpeg,1410986383031053290,1042955,30.3706764842,-86.3327211163,"=AVERAGE($G$2:$G$554)","=AVERAGE($D$2:$D$554)","=IFERROR(($AT488-G488)/$AT488,0)","=IFERROR(($AU488-D488)/$AU488,0)","=$AU488-D488"
"High-Rise Bliss with Gulf Panorama: West-Facing 1,Sandestin Golf And Beach Resort,"",56289,66070,469.07,50.21,288,2,2,6,true,true,false,true,true,false,true,Home/Apartment,Condominium (condo),Apt/Condo/Loft,4.5,18,1,21+,Luxury,false,154,true,120,31,2026-05-11,Santa Rosa/Rosemary Beach,Miramar Beach,Miramar Beach,Florida,32550,United States,coastal,https://www.airbnb.com/rooms/1105027911219086055,https://a0.muscache.com/im/pictures/prohost-api/Hosting-1105027911219086055/original/98945818-4cd2-478a-82d9-ba487d4501f7.jpeg,1105027911219086055,729125,30.3711,-86.331
Shore To Please Gulf Views from Master & Living Ro,Gibson Beach Rentals,"",56124,80263,566.91,56.25,200,2,2,6,true,false,false,true,true,false,true,Home/Apartment,Condominium (condo),Apt/Condo/Loft,4.9,11,3,21+,Luxury,true,408,true,99,21,2026-05-16,Santa Rosa/Rosemary Beach,Miramar Beach,Miramar Beach,Florida,32550,United States,coastal,https://www.airbnb.com/rooms/939029595572174336,https://a0.muscache.com/im/pictures/prohost-api/Hosting-939029595572174336/original/7542e342-4e35-4224-850c-11134f4e09d3.jpeg,939029595572174336,3508666,30.3698,-86.326
'Island Echoes' ~ Tides 805 - 8th floor - gorgeous,Gibson Beach Rentals,"",56052,62091,444.86,55.75,307,2,2,6,true,false,false,true,true,false,true,Home/Apartment,Condominium (condo),Apt/Condo/Loft,4.3,71,3,21+,Luxury,true,366,true,126,27,2026-05-13,Santa Rosa/Rosemary Beach,Miramar Beach,Miramar Beach,Florida,32550,United States,coastal,https://www.airbnb.com/rooms/32918833,https://a0.muscache.com/im/pictures/prohost-api/Hosting-32918833/original/8c2491f9-d736-4639-a1c1-2c01f86b23e5.jpeg,32918833,1144156,30.37071,-86.32556
Vacation paradise", Ground Floor," 2-Bedroom Villa h,Seascape Resort,"",56010,73488,571.53,43.95,261,2,2,6,true,false,false,true,true,false,true,Home/Apartment,Condominium (condo),Apt/Condo/Loft,4.4,6,1,21+,Luxury,false,201,true,98,24,2026-05-13,Santa Rosa/Rosemary Beach,Miramar Beach,Miramar Beach,Florida,32550,United States,coastal,https://www.airbnb.com/rooms/1125318117865289005,https://a0.muscache.com/im/pictures/prohost-api/Hosting-1125318117865289005/original/da51a450-87c7-47be-b4b9-34a240be1040.jpeg,1125318117865289005,3910368,30.3793,-86.3719
Remodeled 2br w/Private Balcony + 13th Floor views,Skis and Seas Vacation Rentals,"",55865,64337,465.54,52.17,254,2,2,8,true,true,false,true,false,false,true,Home/Apartment,Condominium (condo),Apt/Condo/Loft,4.7,65,1,21+,Luxury,true,174,true,120,29,2026-05-13,Santa Rosa/Rosemary Beach,Miramar Beach,Miramar Beach,Florida,32550,United States,coastal,https://www.airbnb.com/rooms/837815539822256676,https://a0.muscache.com/im/pictures/prohost-api/Hosting-837815539822256676/original/efaa6740-33d0-4d56-bd82-8d2810289785.jpeg,837815539822256676,400983,30.3707,-86.334
Beachside II 4303 Amazing water view"," Freshly remo,Gibson Beach Rentals,"",55854,58764,454.1,49.6,277,2,2,8,true,true,true,true,true,false,true,Home/Apartment,Condominium (condo),Apt/Condo/Loft,4.4,80,3,21+,Luxury,true,297,true,123,30,2026-05-13,Santa Rosa/Rosemary Beach,Miramar Beach,Miramar Beach,Florida,32550,United States,coastal,https://www.airbnb.com/rooms/23701413,https://a0.muscache.com/im/pictures/prohost-api/Hosting-23701413/original/5aa32ed9-8cfb-44a6-aa38-7a53b509eb6c.jpeg,23701413,413793,30.37105,-86.3312
The Crescent 402,Scenic Stays,"",55737,74738,387.06,59.26,284,1,2,5,true,true,true,true,true,false,true,Home/Apartment,Condominium (condo),Apt/Condo/Loft,4.5,22,3,21+,Luxury,false,403,true,144,29,2026-05-11,Santa Rosa/Rosemary Beach,Miramar Beach,Miramar Beach,Florida,32550,United States,coastal,https://www.airbnb.com/rooms/765888918996661097,https://a0.muscache.com/im/pictures/prohost-api/Hosting-765888918996661097/original/294e4f39-0c51-4004-bf4a-7c3010bfb1e2.jpeg,765888918996661097,3104029,30.37404,-86.35767
BEACHSIDE 2 SANDESTIN BEACH FRONT 1 BR KING"," NEW POOL AND HOT TUB!  SUNSETS!!!,"","",55417,67000,382.19,64.16,256,1,1,4,true,true,true,true,true,false,true,Home/Apartment,Condominium (condo),Apt/Condo/Loft,5,255,3,1,Luxury,false,165,true,145,29,2026-05-16,Santa Rosa/Rosemary Beach,Miramar Beach,Miramar Beach,Florida,32550,United States,coastal,https://www.vrbo.com/378611ha,https://media.vrbo.com/lodging/34000000/33910000/33907400/33907391/98b82440.jpg?impolicy=resizecrop&rw=1200&ra=fit,"",378611ha,30.371241,-86.326942
Tennis Villa 87B - Resort Living at its Best! Clos,Seascape Resort,"",55363,60220,532.34,51.49,297,2,2,5,true,false,false,true,true,false,true,Home/Apartment,Condominium (condo),Apt/Condo/Loft,3.75,2,1,21+,Luxury,false,201,true,104,19,2026-02-04,Santa Rosa/Rosemary Beach,Miramar Beach,Miramar Beach,Florida,32550,United States,coastal,https://www.airbnb.com/rooms/1103494427540455396,https://a0.muscache.com/im/pictures/prohost-api/Hosting-1103494427540455396/original/396918a4-28f0-4c1f-915e-98ffd5f84076.jpeg,1103494427540455396,1548360,30.3806,-86.3762
Rate Reduced! Updated Beachfront 1BR w / Dazzling,Beach Blue Properties,"",55225,66421,330.69,62.31,326,1,1,4,true,true,true,true,false,false,true,Home/Apartment,Condominium (condo),Apt/Condo/Loft,4.8,160,3,21+,Luxury,true,306,true,167,34,2026-05-17,Santa Rosa/Rosemary Beach,Miramar Beach,Miramar Beach,Florida,32550,United States,coastal,https://www.airbnb.com/rooms/1445824198382279449,https://a0.muscache.com/im/pictures/prohost-api/Hosting-1445824198382279449/original/d379d90b-4af7-4bb9-bece-43f076b613af.jpeg,1445824198382279449,37202,30.3699,-86.3297
Oceanfront Escape at Westwinds 4784,Skis and Seas Vacation Rentals,"",55162,63753,488.16,44.66,270,2,2,8,true,true,false,true,false,false,true,Home/Apartment,Condominium (condo),Apt/Condo/Loft,4.8,89,1,21+,Luxury,true,175,true,113,23,2026-05-16,Santa Rosa/Rosemary Beach,Miramar Beach,Miramar Beach,Florida,32550,United States,coastal,https://www.airbnb.com/rooms/3068654,https://a0.muscache.com/im/pictures/prohost-api/Hosting-3068654/original/8302ef83-481e-4e41-b9ef-326499b869db.jpeg,3068654,342656,30.3707,-86.334
Modern Elegance: Westwinds 1BR Haven with Gulf Views at Sandestin Golf and Beach Resort!,Sandestin Golf & Beach Resort,"",55151,75745,455.79,50,297,1,1,4,true,false,false,true,true,false,true,Home/Apartment,Condominium (condo),Apt/Condo/Loft,0,0,1,21+,Luxury,false,127,true,121,33,2026-05-15,Santa Rosa/Rosemary Beach,Miramar Beach,Miramar Beach,Florida,32550,United States,coastal,https://www.vrbo.com/3816420,https://media.vrbo.com/lodging/102000000/101870000/101860300/101860247/004aa265.jpg?impolicy=resizecrop&rw=1200&ra=fit,"",3816420,30.37174,-86.33395
2BR Retreat w/ Gulf Views & Golf Cart at Sandestin,Sandestin Golf And Beach Resort,"",55086,62306,579.85,43.38,281,2,2,6,true,true,false,true,true,false,true,Home/Apartment,Condominium (condo),Apt/Condo/Loft,5,1,1,21+,Luxury,false,154,true,95,23,2026-05-11,Santa Rosa/Rosemary Beach,Miramar Beach,Miramar Beach,Florida,32550,United States,coastal,https://www.airbnb.com/rooms/1105034112320052053,https://a0.muscache.com/im/pictures/prohost-api/Hosting-1105034112320052053/original/f055f44e-34a4-4a95-8f16-489219e4907e.jpeg,1105034112320052053,3816409,30.3707,-86.3304
Seaside Sophistication: 9th-Floor Retreat with Pan,Sandestin Golf And Beach Resort,"",55007,58195,345.96,54.45,338,1,1,4,true,true,false,false,true,false,true,Home/Apartment,Condominium (condo),Apt/Condo/Loft,4.55,39,1,21+,Luxury,false,48,true,159,48,2026-05-11,Santa Rosa/Rosemary Beach,Miramar Beach,Miramar Beach,Florida,32550,United States,coastal,https://www.airbnb.com/rooms/1103051592310463822,https://a0.muscache.com/im/pictures/prohost-api/Hosting-1103051592310463822/original/68b994b5-5b09-42c2-9df1-f140eecfc7e1.jpeg,1103051592310463822,1589942,30.3707,-86.3304
Rate Reduced! Beachfront 2BR w/ Gulf Views"," GOLF C,Beach Blue Properties,"",54932,60511,425.83,55.84,287,2,1,6,true,true,false,true,false,false,true,Home/Apartment,Condominium (condo),Apt/Condo/Loft,4.6,113,3,21+,Luxury,true,391,true,129,26,2026-05-14,Santa Rosa/Rosemary Beach,Miramar Beach,Miramar Beach,Florida,32550,United States,coastal,https://www.airbnb.com/rooms/1445802450947086866,https://a0.muscache.com/im/pictures/prohost-api/Hosting-1445802450947086866/original/2e16c595-d464-4ac9-af93-8c520dade72c.jpeg,1445802450947086866,80252,30.37,-86.3299
Unbeatable 2BR Oceanfront | Balcony | Pool,Vacasa,"",54892,55617,278.64,66.55,355,2,2,6,true,true,false,true,true,false,true,Home/Apartment,Condominium (condo),Apt/Condo/Loft,4.45,71,3,21+,Luxury,false,137,true,197,45,2025-05-07,Santa Rosa/Rosemary Beach,Miramar Beach,Miramar Beach,Florida,32550,United States,coastal,https://www.airbnb.com/rooms/43389055,https://a0.muscache.com/im/pictures/prohost-api/Hosting-43389055/original/210adc53-09e0-4810-9f9b-be7b3326b324.jpeg,43389055,1979551,30.3753,-86.36097
Spectacular Sunsets Await: Recently Updated Gulf-F,Sandestin Golf And Beach Resort,"",54797,58682,353.53,46.41,334,1,1,2,true,true,false,false,true,false,true,Home/Apartment,Condominium (condo),Apt/Condo/Loft,5,1,1,21+,Luxury,false,47,true,155,47,2026-05-11,Santa Rosa/Rosemary Beach,Miramar Beach,Miramar Beach,Florida,32550,United States,coastal,https://www.airbnb.com/rooms/1103047609118730382,https://a0.muscache.com/im/pictures/prohost-api/Hosting-1103047609118730382/original/2ff8625e-61bf-4959-808b-bbbd04f59482.jpeg,1103047609118730382,3816358,30.3707,-86.3304
Sunny Serenity: Westwinds 1BR Retreat on the 5th F,Sandestin Golf And Beach Resort,"",54529,56102,376.06,55.34,313,1,1,4,true,true,false,true,true,false,true,Home/Apartment,Condominium (condo),Apt/Condo/Loft,5,2,1,21+,Luxury,false,96,true,145,41,2026-05-13,Santa Rosa/Rosemary Beach,Miramar Beach,Miramar Beach,Florida,32550,United States,coastal,https://www.airbnb.com/rooms/1105034861389975471,https://a0.muscache.com/im/pictures/prohost-api/Hosting-1105034861389975471/original/3ade1e26-cae9-4143-bd6c-2f69aa612876.jpeg,1105034861389975471,3816421,30.372,-86.3333
Rate Reduced! Beachfront 1BR w/ Gulf Views"," GOLF C,Beach Blue Properties,"",54505,60711,375.9,61.7,309,1,1,4,true,true,false,true,false,false,true,Home/Apartment,Condominium (condo),Apt/Condo/Loft,4.9,147,1,21+,Luxury,true,306,true,145,32,2026-05-15,Santa Rosa/Rosemary Beach,Miramar Beach,Miramar Beach,Florida,32550,United States,coastal,https://www.airbnb.com/rooms/1445800617177941333,https://a0.muscache.com/im/pictures/prohost-api/Hosting-1445800617177941333/original/fa8dd96b-5e22-4122-8a87-f118bd9d1de1.jpeg,1445800617177941333,201445,30.3698,-86.3299
Update 2Br Beachfront Condo - Balcony View", Pool,",Beach Blue Properties,"",54464,67394,403.44,68.53,228,2,2,6,true,true,false,true,false,false,true,Home/Apartment,Condominium (condo),Apt/Condo/Loft,4.7,19,1,21+,Luxury,true,446,true,135,29,2026-05-15,Santa Rosa/Rosemary Beach,Miramar Beach,Miramar Beach,Florida,32550,United States,coastal,https://www.airbnb.com/rooms/1458380887016914072,https://a0.muscache.com/im/pictures/prohost-api/Hosting-1458380887016914072/original/c1b1c2fa-0638-425f-b68c-009e7359dde9.jpeg,1458380887016914072,4084439,30.3701,-86.3298
Stunning Beachfront Condo with Gulf Views! Balcony,Beach Blue Properties,"",54344,57601,449.12,61.73,328,2,2,6,true,true,true,true,false,false,true,Home/Apartment,Condominium (condo),Apt/Condo/Loft,4.7,51,3,21+,Luxury,true,425,true,121,22,2026-05-16,Santa Rosa/Rosemary Beach,Miramar Beach,Miramar Beach,Florida,32550,United States,coastal,https://www.airbnb.com/rooms/1445814192142280637,https://a0.muscache.com/im/pictures/prohost-api/Hosting-1445814192142280637/original/75eb3a6c-af1c-4e80-bea5-c758c10756e1.jpeg,1445814192142280637,2211385,30.3706,-86.3315
Gulf Front**Free Beach Service & Wi-Fi** ,"","",53943,63366,508.9,59.55,238,2,2,6,true,true,true,true,true,false,true,Home/Apartment,Condominium (condo),Apt/Condo/Loft,4.9,73,2,1,Luxury,false,300,true,106,20,2026-05-14,Santa Rosa/Rosemary Beach,Miramar Beach,Miramar Beach,Florida,32550,United States,coastal,https://www.vrbo.com/4455513ha,https://media.vrbo.com/lodging/30000000/29490000/29483200/29483142/086649a6.jpg?impolicy=resizecrop&rw=1200&ra=fit,"",4455513ha,30.374856,-86.357016
Beach Front Balcony ~ Seasonally Heated Pool,My Vacation Haven,"",53851,81166,605.07,52.05,264,2,2,6,true,false,true,true,true,false,true,Home/Apartment,Condominium (condo),Apt/Condo/Loft,4.7,49,3,21+,Luxury,false,514,true,89,15,2026-05-13,Santa Rosa/Rosemary Beach,Miramar Beach,Miramar Beach,Florida,32550,United States,coastal,https://www.airbnb.com/rooms/23265124,https://a0.muscache.com/im/pictures/prohost-api/Hosting-23265124/original/bff6b661-0f01-417b-a72a-20eb3b096436.jpeg,23265124,971453,30.3703,-86.3312
Sunset Serenity: 9th-Floor Oasis with Gulf Views a,Sandestin Golf And Beach Resort,"",53840,58026,342.93,52.16,346,1,1,4,true,true,false,false,true,false,true,Home/Apartment,Condominium (condo),Apt/Condo/Loft,2.5,2,1,21+,Luxury,false,48,true,157,55,2026-05-11,Santa Rosa/Rosemary Beach,Miramar Beach,Miramar Beach,Florida,32550,United States,coastal,https://www.airbnb.com/rooms/1103050154792274813,https://a0.muscache.com/im/pictures/prohost-api/Hosting-1103050154792274813/original/b34610f6-de8d-4f27-973a-647a3b653d8c.jpeg,1103050154792274813,3816360,30.3707,-86.3304
Majestic Sun Resort in a 1 Bedroom,Valet,"",53821,62203,245.76,72.28,303,1,1,4,true,false,true,true,true,false,true,Home/Apartment,Condominium (condo),Apt/Condo/Loft,5,1,1,21+,Luxury,false,175,false,219,80,2022-11-10,Santa Rosa/Rosemary Beach,Miramar Beach,Miramar Beach,Florida,32550,United States,coastal,https://www.airbnb.com/rooms/36311234,https://a0.muscache.com/im/pictures/cef0a231-ba2e-4e37-81e0-a464be07989d.jpg?aki_policy=x_large,36311234,2940482,30.37638,-86.36719
Gulf front #105-1st floor with a view!,"","",53718,55349,331.59,55.48,350,1,1,6,true,false,false,true,true,false,true,Home/Apartment,Condominium (condo),Apt/Condo/Loft,4.9,78,2,1,Luxury,false,150,false,162,36,2026-05-12,Santa Rosa/Rosemary Beach,Miramar Beach,Miramar Beach,Florida,32550,United States,coastal,https://www.vrbo.com/283880,https://media.vrbo.com/lodging/34000000/33950000/33949800/33949785/e68617e1.jpg?impolicy=resizecrop&rw=1200&ra=fit,"",283880,30.373478,-86.351555
Sticks in The Sand Unit 10A with Private Beach,Sticks In The Sand,"",53558,59089,442.63,59.61,239,2,2,8,true,false,false,true,true,false,false,Home/Apartment,Townhouse,Apt/Condo/Loft,4.75,84,1,6-20,Luxury,false,173,true,121,31,2026-03-09,Santa Rosa/Rosemary Beach,Miramar Beach,Miramar Beach,Florida,32550,United States,coastal,https://www.airbnb.com/rooms/43648048,https://a0.muscache.com/im/pictures/436c5275-a51d-44d6-9ca9-a45203c60400.jpg,43648048,856410,30.37708,-86.37512
Luxury Beachfront Condo at Hidden Dunes,Newman-Dailey,"",53473,57394,524.25,74.45,137,2,2,6,true,false,true,true,true,false,true,Home/Apartment,Condominium (condo),Apt/Condo/Loft,5,19,3,21+,Luxury,true,339,true,102,22,2026-01-12,Santa Rosa/Rosemary Beach,Miramar Beach,Miramar Beach,Florida,32550,United States,coastal,https://www.airbnb.com/rooms/782719949481652410,https://a0.muscache.com/im/pictures/prohost-api/Hosting-782719949481652410/original/faf3734b-4585-4f88-8c72-070052561093.jpeg,782719949481652410,9763669ha,30.37064,-86.33903
Sandestin beachfront one bedroom condo sleeps 6!,372465460,"",53278,55436,307.97,64.31,354,1,1,6,true,true,false,true,true,false,true,Home/Apartment,Condominium (condo),Apt/Condo/Loft,4.85,104,1,2-5,Luxury,true,185,true,173,43,2026-05-16,Santa Rosa/Rosemary Beach,Miramar Beach,Miramar Beach,Florida,32550,United States,coastal,https://www.airbnb.com/rooms/51560479,https://a0.muscache.com/im/pictures/miso/Hosting-51560479/original/61daf75c-90a8-4fc5-b49f-948c1793cb53.jpeg,51560479,2680035,30.36922,-86.33099
Maravilla 2313 1 Bedroom /2 Bath Gulf Front Beach,Beach Condos in Destin,"",53274,64078,355.16,63.83,254,1,2,6,true,true,true,true,true,true,true,Home/Apartment,Condominium (condo),Apt/Condo/Loft,4.8,35,1,21+,Luxury,true,225,true,150,24,2026-05-17,Santa Rosa/Rosemary Beach,Miramar Beach,Miramar Beach,Florida,32550,United States,coastal,https://www.airbnb.com/rooms/660114802024769181,https://a0.muscache.com/im/pictures/prohost-api/Hosting-660114802024769181/original/af79aa41-438d-409e-85fc-f6c8879402cb.jpeg,660114802024769181,1933112,30.3794,-86.3913
Avail for Spring Break! Emerald Haven in Destin,Pinkie,"",53185,69009,439.55,71.6,285,2,2,8,true,false,false,true,true,false,true,Home/Apartment,Condominium (condo),Apt/Condo/Loft,4.7,13,4,21+,Luxury,false,263,true,121,26,2026-05-13,Santa Rosa/Rosemary Beach,Miramar Beach,Miramar Beach,Florida,32550,United States,coastal,https://www.airbnb.com/rooms/1295015752818981317,https://a0.muscache.com/im/pictures/prohost-api/Hosting-1295015752818981317/original/a5273864-dc6e-4add-8580-d8b6bdec43c2.jpeg,1295015752818981317,4298760,30.3798163306,-86.3878779087
""Beachside Serenity: East-Facing 1-Bedroom Condo o",Sandestin Golf And Beach Resort,,53123,62151,347.21,60.24,280,1,1,4,true,true,false,true,true,false,true,Home/Apartment,Condominium (condo),Apt/Condo/Loft,5,3,1,21+,Luxury,false,96,true,153,37,2026-05-11,Santa Rosa/Rosemary Beach,Miramar Beach,Miramar Beach,Florida,32550,"=AVERAGE($G$2:$G$554)","=AVERAGE($D$2:$D$554)","=IFERROR(($AT489-G489)/$AT489,0)","=IFERROR(($AU489-D489)/$AU489,0)","=$AU489-D489"
Upscale 2BR Oceanfront 5th-Floor | Balcony,Vacasa,,53040,54792,465.26,58.46,195,2,2,6,true,true,false,true,true,false,true,Home/Apartment,Condominium (condo),Apt/Condo/Loft,4.75,43,3,21+,Luxury,false,333,true,114,22,2025-11-24,Santa Rosa/Rosemary Beach,Miramar Beach,Miramar Beach,Florida,32550,United States,coastal,https://www.airbnb.com/rooms/42860173,https://a0.muscache.com/im/pictures/prohost-api/Hosting-42860173/original/37610aef-e561-4f01-ba49-cb61ba8dc112.jpeg,42860173,1937410,30.36889,-86.32514,"=AVERAGE($G$2:$G$554)","=AVERAGE($D$2:$D$554)","=IFERROR(($AT490-G490)/$AT490,0)","=IFERROR(($AU490-D490)/$AU490,0)","=$AU490-D490"
Beachfront Condo w/ GOLF CART! Stunning Beach View,Beach Blue Properties,,52949,62995,557.36,70.9,175,2,2,6,true,true,true,true,true,false,true,Home/Apartment,Condominium (condo),Apt/Condo/Loft,4.45,45,1,21+,Luxury,false,452,true,95,20,2026-02-21,Santa Rosa/Rosemary Beach,Miramar Beach,Miramar Beach,Florida,32550,United States,coastal,https://www.airbnb.com/rooms/1430434328244147251,https://a0.muscache.com/im/pictures/prohost-api/Hosting-1430434328244147251/original/13782757-76be-4a38-9c85-902374607503.jpeg,1430434328244147251,1893151,30.371,-86.3339,"=AVERAGE($G$2:$G$554)","=AVERAGE($D$2:$D$554)","=IFERROR(($AT491-G491)/$AT491,0)","=IFERROR(($AU491-D491)/$AU491,0)","=$AU491-D491"
Beach Manor 212,RedAwning,,52901,54791,290.66,64.77,355,2,2,6,true,true,true,true,true,false,true,Home/Apartment,Condominium (condo),Apt/Condo/Loft,5,7,7,21+,Luxury,false,350,true,182,33,2018-03-20,Santa Rosa/Rosemary Beach,Miramar Beach,Miramar Beach,Florida,32550,United States,coastal,https://www.airbnb.com/rooms/23792429,"https://a0.muscache.com/im/pictures/5f92d3ba-ddd5-463a-87c8-2d51be95863f.jpg?aki_policy=x_large",23792429,4028772,30.374986944,-86.3254525573,"=AVERAGE($G$2:$G$554)","=AVERAGE($D$2:$D$554)","=IFERROR(($AT492-G492)/$AT492,0)","=IFERROR(($AU492-D492)/$AU492,0)","=$AU492-D492"
"AD 1106 - Beautiful, updated, beach condo overlook",Seascape Resort,,52891,58350,494.31,46.72,331,1,1,6,true,true,false,true,true,false,true,Home/Apartment,Condominium (condo),Apt/Condo/Loft,4.4,21,1,21+,Luxury,false,190,true,107,30,2026-05-13,Santa Rosa/Rosemary Beach,Miramar Beach,Miramar Beach,Florida,32550,United States,coastal,https://www.airbnb.com/rooms/1082726023956082472,https://a0.muscache.com/im/pictures/prohost-api/Hosting-1082726023956082472/original/45655c1b-4682-4f29-ad87-1a0a33afbc85.jpeg,1082726023956082472,2691665,30.3775,-86.3669,"=AVERAGE($G$2:$G$554)","=AVERAGE($D$2:$D$554)","=IFERROR(($AT493-G493)/$AT493,0)","=IFERROR(($AU493-D493)/$AU493,0)","=$AU493-D493"
Sea Cabin 1C*Summer Early booking discount,Salt Water Vacations,,52869,53105,341.09,58.27,335,1,2,6,true,false,false,true,true,false,true,Home/Apartment,Apartment,Apt/Condo/Loft,4.65,18,3,21+,Luxury,false,372,true,155,31,2026-05-13,Santa Rosa/Rosemary Beach,Miramar Beach,Miramar Beach,Florida,32550,United States,coastal,https://www.airbnb.com/rooms/51890875,https://a0.muscache.com/im/pictures/prohost-api/Hosting-51890875/original/663fe423-0ac7-4e01-ba99-9de4dc0b6c8b.jpeg,51890875,9604926ha,30.37492,-86.36516,"=AVERAGE($G$2:$G$554)","=AVERAGE($D$2:$D$554)","=IFERROR(($AT494-G494)/$AT494,0)","=IFERROR(($AU494-D494)/$AU494,0)","=$AU494-D494"
Bright 2BR Oceanfront 3rd-Floor | Balcony | Pool,Vacasa,,52837,60594,372.09,69.61,220,2,2,6,true,true,false,true,true,false,true,Home/Apartment,Condominium (condo),Apt/Condo/Loft,4.4,49,1,21+,Luxury,false,285,true,142,32,2025-11-25,Santa Rosa/Rosemary Beach,Miramar Beach,Miramar Beach,Florida,32550,United States,coastal,https://www.airbnb.com/rooms/42860004,https://a0.muscache.com/im/pictures/prohost-api/Hosting-42860004/original/677d00bd-dfb5-4a09-91aa-e3a22f0dfd55.jpeg,42860004,1938080,30.37014,-86.32637,"=AVERAGE($G$2:$G$554)","=AVERAGE($D$2:$D$554)","=IFERROR(($AT495-G495)/$AT495,0)","=IFERROR(($AU495-D495)/$AU495,0)","=$AU495-D495"
Gulf View! Coastal Chic! Mainsail 288!,Shore Dreams Vacation Rentals,,52598,60124,571.72,42.99,314,2,2,6,true,false,false,true,true,false,true,Home/Apartment,Condominium (condo),Apt/Condo/Loft,4.15,43,2,21+,Luxury,true,584,true,92,20,2026-05-13,Santa Rosa/Rosemary Beach,Miramar Beach,Miramar Beach,Florida,32550,United States,coastal,https://www.airbnb.com/rooms/16041719,https://a0.muscache.com/im/pictures/prohost-api/Hosting-16041719/original/62ca5ad4-4253-47b6-ac6b-419910b751b8.jpeg,16041719,287142,30.37393,-86.34798,"=AVERAGE($G$2:$G$554)","=AVERAGE($D$2:$D$554)","=IFERROR(($AT496-G496)/$AT496,0)","=IFERROR(($AU496-D496)/$AU496,0)","=$AU496-D496"
"Outstanding Beach Views, Beach Chairs, Pool",Newman-Dailey,,52500,75137,519.8,78.91,128,2,2,6,true,false,true,true,true,false,true,Home/Apartment,Condominium (condo),Apt/Condo/Loft,4.75,22,1,21+,Luxury,true,367,true,101,25,2025-10-17,Santa Rosa/Rosemary Beach,Miramar Beach,Miramar Beach,Florida,32550,United States,coastal,https://www.airbnb.com/rooms/48749761,https://a0.muscache.com/im/pictures/prohost-api/Hosting-48749761/original/9fc30298-9c93-4c6a-8688-dcff737029df.jpeg,48749761,3638553ha,30.3785896301,-86.3843994141,"=AVERAGE($G$2:$G$554)","=AVERAGE($D$2:$D$554)","=IFERROR(($AT497-G497)/$AT497,0)","=IFERROR(($AU497-D497)/$AU497,0)","=$AU497-D497"
Majestic Sun 0611B - Incredible beach and pool vie,Seascape Resort,,52367,58701,518.49,43.16,270,2,2,6,true,true,true,true,true,false,true,Home/Apartment,Condominium (condo),Apt/Condo/Loft,4.1,48,2,21+,Luxury,false,258,true,101,25,2026-05-13,Santa Rosa/Rosemary Beach,Miramar Beach,Miramar Beach,Florida,32550,United States,coastal,https://www.airbnb.com/rooms/1082722393926025794,https://a0.muscache.com/im/pictures/prohost-api/Hosting-1082722393926025794/original/6dc86aa7-4cac-4bfd-bec0-767eb68170bd.jpeg,1082722393926025794,1045646,30.3758,-86.3679,"=AVERAGE($G$2:$G$554)","=AVERAGE($D$2:$D$554)","=IFERROR(($AT498-G498)/$AT498,0)","=IFERROR(($AU498-D498)/$AU498,0)","=$AU498-D498"
"Beachside II 4302 ~ Cozy, upgraded clean beachfron",Gibson Beach Rentals,,52310,52857,337.48,56.36,363,1,1,4,true,true,true,true,true,false,true,Home/Apartment,Condominium (condo),Apt/Condo/Loft,4.6,106,3,21+,Luxury,true,250,true,155,37,2026-05-13,Santa Rosa/Rosemary Beach,Miramar Beach,Miramar Beach,Florida,32550,United States,coastal,https://www.airbnb.com/rooms/23701439,https://a0.muscache.com/im/pictures/prohost-api/Hosting-23701439/original/fa09787b-b446-448a-851a-f39d472434b9.jpeg,23701439,749378,30.36934,-86.32978,"=AVERAGE($G$2:$G$554)","=AVERAGE($D$2:$D$554)","=IFERROR(($AT499-G499)/$AT499,0)","=IFERROR(($AU499-D499)/$AU499,0)","=$AU499-D499"
Rate Reduced! Beachfront Condo - Balcony Beach Vie,Beach Blue Properties,,52302,52302,337.43,58.49,306,1,1,4,true,true,false,true,false,false,true,Home/Apartment,Condominium (condo),Apt/Condo/Loft,4.7,138,3,21+,Luxury,true,305,true,155,34,2026-05-17,Santa Rosa/Rosemary Beach,Miramar Beach,Miramar Beach,Florida,32550,United States,coastal,https://www.airbnb.com/rooms/1445803443362104855,https://a0.muscache.com/im/pictures/prohost-api/Hosting-1445803443362104855/original/49d0b974-953c-4ff8-881d-a15ca589f465.jpeg,1445803443362104855,572441,30.3698,-86.33,"=AVERAGE($G$2:$G$554)","=AVERAGE($D$2:$D$554)","=IFERROR(($AT500-G500)/$AT500,0)","=IFERROR(($AU500-D500)/$AU500,0)","=$AU500-D500"
"Timeless Elegance, Modern Comfort: 7th-Floor Studi",Sandestin Golf And Beach Resort,,52300,67822,351.01,70.95,302,1,1,4,true,true,false,false,true,false,true,Home/Apartment,Condominium (condo),Apt/Condo/Loft,4.8,22,1,21+,Luxury,false,49,true,149,48,2026-05-17,Santa Rosa/Rosemary Beach,Miramar Beach,Miramar Beach,Florida,32550,United States,coastal,https://www.airbnb.com/rooms/1103047607881360560,https://a0.muscache.com/im/pictures/prohost-api/Hosting-1103047607881360560/original/c4d21721-2d68-41cf-a33f-4952afea9773.jpeg,1103047607881360560,1593386,30.3707,-86.3304,"=AVERAGE($G$2:$G$554)","=AVERAGE($D$2:$D$554)","=IFERROR(($AT501-G501)/$AT501,0)","=IFERROR(($AU501-D501)/$AU501,0)","=$AU501-D501"
Seascape ~ Gulf View ~ Open Living Space,My Vacation Haven,,52164,60161,496.8,51.72,231,2,2,6,true,false,false,true,true,false,true,Home/Apartment,Condominium (condo),Apt/Condo/Loft,4.65,38,2,21+,Luxury,false,524,true,105,20,2026-05-11,Santa Rosa/Rosemary Beach,Miramar Beach,Miramar Beach,Florida,32550,United States,coastal,https://www.airbnb.com/rooms/42995574,https://a0.muscache.com/im/pictures/prohost-api/Hosting-42995574/original/8568450a-cc87-4b67-a6a1-62e8b6f0f431.jpeg,42995574,1914223,30.3776,-86.3669,"=AVERAGE($G$2:$G$554)","=AVERAGE($D$2:$D$554)","=IFERROR(($AT502-G502)/$AT502,0)","=IFERROR(($AU502-D502)/$AU502,0)","=$AU502-D502"
Coastal Elegance on the 8th Floor: Renovated Studi,Sandestin Golf And Beach Resort,,51841,56151,343.32,60.16,338,1,1,2,true,true,false,false,true,false,true,Home/Apartment,Condominium (condo),Apt/Condo/Loft,4,5,1,21+,Luxury,false,49,true,151,52,2026-05-11,Santa Rosa/Rosemary Beach,Miramar Beach,Miramar Beach,Florida,32550,United States,coastal,https://www.airbnb.com/rooms/1103047602217534322,https://a0.muscache.com/im/pictures/prohost-api/Hosting-1103047602217534322/original/ba2767a2-4f5b-4726-a5c7-92761e1bf30b.jpeg,1103047602217534322,3816359,30.3707,-86.3304,"=AVERAGE($G$2:$G$554)","=AVERAGE($D$2:$D$554)","=IFERROR(($AT503-G503)/$AT503,0)","=IFERROR(($AU503-D503)/$AU503,0)","=$AU503-D503"
Ariel Dunes II 2308 - Phenomenal Sunsets! Just ste,Seascape Resort,,51775,55287,631.4,39.23,283,2,2,6,true,true,false,true,true,false,true,Home/Apartment,Condominium (condo),Apt/Condo/Loft,4.65,18,2,21+,Luxury,false,223,true,82,21,2026-05-13,Santa Rosa/Rosemary Beach,Miramar Beach,Miramar Beach,Florida,32550,United States,coastal,https://www.airbnb.com/rooms/1082658144018160494,https://a0.muscache.com/im/pictures/prohost-api/Hosting-1082658144018160494/original/dbcf77b9-a0f8-47a7-aef4-5dcf97039eb9.jpeg,1082658144018160494,1045564,30.3781,-86.3674,"=AVERAGE($G$2:$G$554)","=AVERAGE($D$2:$D$554)","=IFERROR(($AT504-G504)/$AT504,0)","=IFERROR(($AU504-D504)/$AU504,0)","=$AU504-D504"
"Coastal Luxury Redefined: Recently Renovated 7th-,Sandestin Golf And Beach Resort,"",51198,55398,483,53,323,2,2,6,true,true,false,true,true,false,true,Home/Apartment,Condominium (condo),Apt/Condo/Loft,3.8,17,1,21+,Luxury,false,154,true,106,29,2026-05-11,Santa Rosa/Rosemary Beach,Miramar Beach,Miramar Beach,Florida,32550,United States,coastal,https://www.airbnb.com/rooms/1105026863693154395,https://a0.muscache.com/im/pictures/prohost-api/Hosting-1105026863693154395/original/5725d779-4c7e-4f53-9f0f-36f0391fc882.jpeg,1105026863693154395,727484,30.3711,-86.331
Gulf Front", Coastal Chic Condo with Endless Views,",Emerald Coast Beach Life,"",51195,52405,321.98,54.08,327,1,1,6,true,true,true,true,false,false,true,Home/Apartment,Condominium (condo),Apt/Condo/Loft,4.65,134,1,21+,Luxury,true,298,true,159,30,2026-05-16,Santa Rosa/Rosemary Beach,Miramar Beach,Miramar Beach,Florida,32550,United States,coastal,https://www.airbnb.com/rooms/42100207,https://a0.muscache.com/im/pictures/prohost-api/Hosting-42100207/original/2bce2c56-2c97-4468-bfae-ebe7a1952264.jpeg,42100207,9699339ha,30.3759,-86.3687
Luau 10th Floor 1B Condo w/ Golf Cart at Sandestin,Sandestin Golf And Beach Resort,"",51152,53336,405.97,41.86,343,1,1,5,true,true,false,true,true,false,true,Home/Apartment,Condominium (condo),Apt/Condo/Loft,0,0,1,21+,Luxury,false,95,true,126,31,2026-05-13,Santa Rosa/Rosemary Beach,Miramar Beach,Miramar Beach,Florida,32550,United States,coastal,https://www.airbnb.com/rooms/1349340486794521387,https://a0.muscache.com/im/pictures/prohost-api/Hosting-1349340486794521387/original/1e057b43-15b3-459e-9c2d-69b8c4116b49.jpeg,1349340486794521387,4417092,30.3716,-86.3279
Windancer 109 First floor unit with POOL steps from the beach Destin"," FL!!,"","",50925,58334,394.77,52.02,304,1,1,6,true,false,false,true,true,false,true,Home/Apartment,Condominium (condo),Apt/Condo/Loft,4.9,39,1,1,Luxury,false,200,false,129,27,2026-05-14,Santa Rosa/Rosemary Beach,Miramar Beach,Miramar Beach,Florida,32550,United States,coastal,https://www.vrbo.com/7837940ha,https://media.vrbo.com/lodging/38000000/37010000/37005700/37005631/09330e7d.jpg?impolicy=resizecrop&rw=1200&ra=fit,"",7837940ha,30.373458,-86.351419
Beach Manor 310- 2 Tempur-Pedic mattresses ~ high,Gibson Beach Rentals,"",50789,73965,513.02,66.89,204,2,2,6,true,true,true,true,true,false,true,Home/Apartment,Condominium (condo),Apt/Condo/Loft,4.9,85,3,21+,Luxury,true,456,true,99,17,2026-05-17,Santa Rosa/Rosemary Beach,Miramar Beach,Miramar Beach,Florida,32550,United States,coastal,https://www.airbnb.com/rooms/23701327,https://a0.muscache.com/im/pictures/prohost-api/Hosting-23701327/original/a439c089-1540-4ecd-84ad-9c2c67507c95.jpeg,23701327,60084,30.36959,-86.32603
Beachfront Condo in Sandestin,"","",50597,102929,477.33,79.1,140,2,2,6,true,true,true,true,true,false,true,Home/Apartment,Condominium (condo),Apt/Condo/Loft,5,20,3,1,Luxury,false,200,false,106,17,2026-05-13,Santa Rosa/Rosemary Beach,Miramar Beach,Miramar Beach,Florida,32550,United States,coastal,https://www.vrbo.com/2822256,https://media.vrbo.com/lodging/79000000/78480000/78471300/78471249/fc542dc4.jpg?impolicy=resizecrop&rw=1200&ra=fit,"",2822256,30.374468,-86.333781
Condo w/ Pool", Hot Tub," Gym!~Latitudes at Mainsail,Beachview Realty,"",50578,56051,414.57,72.19,314,2,2,6,true,true,true,true,true,false,true,Home/Apartment,Condominium (condo),Apt/Condo/Loft,4.5,188,3,21+,Luxury,false,339,true,122,27,2026-05-16,Santa Rosa/Rosemary Beach,Miramar Beach,Miramar Beach,Florida,32550,United States,coastal,https://www.airbnb.com/rooms/1337062632427246610,https://a0.muscache.com/im/pictures/prohost-api/Hosting-1337062632427246610/original/7003a91b-a626-4d68-98ee-f3101bf6169e.jpeg,1337062632427246610,4390116,30.3733,-86.3475
Pool Front Cottage", Ground Floor," One Bedroom,Newman-Dailey,"",50577,52618,326.3,61.26,292,1,1,4,true,false,true,true,true,false,true,Home/Apartment,Condominium (condo),Apt/Condo/Loft,4.6,17,1,21+,Luxury,true,330,true,155,31,2026-05-16,Santa Rosa/Rosemary Beach,Miramar Beach,Miramar Beach,Florida,32550,United States,coastal,https://www.airbnb.com/rooms/48486484,https://a0.muscache.com/im/pictures/prohost-api/Hosting-48486484/original/ba79085d-7e22-488a-a87a-062ea4373c38.jpeg,48486484,4556461ha,30.3752,-86.3396
2nd Floor Bayview Retreat with Luxurious Amenities at Sandestin Golf and Beach Resort!,Sandestin Golf & Beach Resort,"",50449,62434,514.79,46.45,255,2,2,4,true,false,false,true,true,true,true,Home/Apartment,Condominium (condo),Apt/Condo/Loft,4,1,1,21+,Luxury,false,180,true,98,26,2026-05-17,Santa Rosa/Rosemary Beach,Miramar Beach,Miramar Beach,Florida,32550,United States,coastal,https://www.vrbo.com/3817064,https://media.vrbo.com/lodging/102000000/101870000/101861800/101861770/aea04100.jpg?impolicy=resizecrop&rw=1200&ra=fit,"",3817064,30.38112,-86.32629
Gulf Front ~ Balcony ~ Seasonally Heated Pool,My Vacation Haven,"",50391,68351,536.07,54.65,216,2,2,6,true,false,true,true,true,false,true,Home/Apartment,Condominium (condo),Apt/Condo/Loft,4.6,48,3,21+,Luxury,false,601,true,94,20,2026-05-13,Santa Rosa/Rosemary Beach,Miramar Beach,Miramar Beach,Florida,32550,United States,coastal,https://www.airbnb.com/rooms/32756361,https://a0.muscache.com/im/pictures/prohost-api/Hosting-32756361/original/71d554c4-2a80-4cba-8437-9892c4e37301.jpeg,32756361,184910,30.3711,-86.3331
""Coastal Comfort: Charming 2BR/2.5BA Retreat at We",Sandestin Golf And Beach Resort,,50369,61464,462.1,74.15,176,2,2,6,true,true,true,true,true,false,true,Home/Apartment,Condominium (condo),Apt/Condo/Loft,4.2,7,1,21+,Luxury,false,134,true,109,30,2025-12-01,Santa Rosa/Rosemary Beach,Miramar Beach,Miramar Beach,Florida,32550,United States,"=AVERAGE($G$2:$G$554)","=AVERAGE($D$2:$D$554)","=IFERROR(($AT505-G505)/$AT505,0)","=IFERROR(($AU505-D505)/$AU505,0)","=$AU505-D505"
Elevated Coastal Bliss: 12th-Floor Studio Retreat,Sandestin Golf And Beach Resort,,50166,59680,341.27,56.32,320,1,1,4,true,true,false,false,true,false,true,Home/Apartment,Condominium (condo),Apt/Condo/Loft,4.75,4,1,21+,Luxury,false,49,true,147,41,2026-05-11,Santa Rosa/Rosemary Beach,Miramar Beach,Miramar Beach,Florida,32550,United States,coastal,https://www.airbnb.com/rooms/1103052488375956700,https://a0.muscache.com/im/pictures/prohost-api/Hosting-1103052488375956700/original/748c6db4-5e3d-43dd-9168-76bc192ca878.jpeg,1103052488375956700,3816363,30.3707,-86.3304,"=AVERAGE($G$2:$G$554)","=AVERAGE($D$2:$D$554)","=IFERROR(($AT506-G506)/$AT506,0)","=IFERROR(($AU506-D506)/$AU506,0)","=$AU506-D506"
Majestic Sun 1003B Spectacular views and steps to,Seascape Resort,,50003,58412,526.35,42.41,264,2,2,8,true,true,true,true,true,false,true,Home/Apartment,Condominium (condo),Apt/Condo/Loft,3.35,9,2,21+,Luxury,false,222,true,95,27,2026-05-16,Santa Rosa/Rosemary Beach,Miramar Beach,Miramar Beach,Florida,32550,United States,coastal,https://www.airbnb.com/rooms/1082718326207123551,https://a0.muscache.com/im/pictures/prohost-api/Hosting-1082718326207123551/original/e7350f45-95d0-4bc4-98ed-7ef97a23af6c.jpeg,1082718326207123551,1548333,30.3758,-86.3679,"=AVERAGE($G$2:$G$554)","=AVERAGE($D$2:$D$554)","=IFERROR(($AT507-G507)/$AT507,0)","=IFERROR(($AU507-D507)/$AU507,0)","=$AU507-D507"
Beach Retreat 303 pet friendly,Destin FL Rentals ,,49889,65336,554.32,60,259,2,2,8,true,true,false,true,true,true,false,Home/Apartment,Apartment,Apt/Condo/Loft,4.7,6,4,6-20,Luxury,false,959,true,90,15,2026-05-15,Santa Rosa/Rosemary Beach,Miramar Beach,Miramar Beach,Florida,32550,United States,coastal,https://www.airbnb.com/rooms/1472627024069916138,https://a0.muscache.com/im/pictures/prohost-api/Hosting-1472627024069916138/original/00630c79-33d8-4e2d-95d0-1bcf78f2c735.jpeg,1472627024069916138,288589,30.37878,-86.39427,"=AVERAGE($G$2:$G$554)","=AVERAGE($D$2:$D$554)","=IFERROR(($AT508-G508)/$AT508,0)","=IFERROR(($AU508-D508)/$AU508,0)","=$AU508-D508"
Golf Cart 4-Seat ~ Bayside Gated Resort,My Vacation Haven,,49729,63498,523.46,47.26,313,2,3,6,true,false,false,true,false,false,true,Home/Apartment,Condominium (condo),Apt/Condo/Loft,4.55,27,2,21+,Luxury,false,610,true,95,21,2026-05-16,Santa Rosa/Rosemary Beach,Miramar Beach,Miramar Beach,Florida,32550,United States,coastal,https://www.airbnb.com/rooms/28908923,https://a0.muscache.com/im/pictures/prohost-api/Hosting-28908923/original/2271e50c-98ca-40cf-aa4b-e5ee58af475e.jpeg,28908923,1441119,30.3814,-86.3316,"=AVERAGE($G$2:$G$554)","=AVERAGE($D$2:$D$554)","=IFERROR(($AT509-G509)/$AT509,0)","=IFERROR(($AU509-D509)/$AU509,0)","=$AU509-D509"
"Rate Reduced! First Floor Beachfront, Walkout Pati",Beach Blue Properties,,48699,54036,279.88,69.32,331,1,1,5,true,true,true,true,false,false,true,Home/Apartment,Condominium (condo),Apt/Condo/Loft,4.7,30,3,21+,Luxury,true,306,true,174,24,2026-05-13,Santa Rosa/Rosemary Beach,Miramar Beach,Miramar Beach,Florida,32550,United States,coastal,https://www.airbnb.com/rooms/1445811465149568032,https://a0.muscache.com/im/pictures/prohost-api/Hosting-1445811465149568032/original/0db21d78-acd6-406d-8546-e085aa1304a2.jpeg,1445811465149568032,2672654,30.3703,-86.3299,"=AVERAGE($G$2:$G$554)","=AVERAGE($D$2:$D$554)","=IFERROR(($AT510-G510)/$AT510,0)","=IFERROR(($AU510-D510)/$AU510,0)","=$AU510-D510"
"Sandestin Serenity: Luxe 1BR w/ Golf Cart, Scenic",Sandestin Golf And Beach Resort,,48674,55315,357.9,57.87,295,1,1,4,true,true,false,true,true,false,true,Home/Apartment,Condominium (condo),Apt/Condo/Loft,5,1,1,21+,Luxury,false,94,true,136,35,2026-05-13,Santa Rosa/Rosemary Beach,Miramar Beach,Miramar Beach,Florida,32550,United States,coastal,https://www.airbnb.com/rooms/1107337450917723186,https://a0.muscache.com/im/pictures/prohost-api/Hosting-1107337450917723186/original/83510ee4-5fcf-4424-a8e2-0808a185dc83.jpeg,1107337450917723186,3817245,30.3716,-86.3279,"=AVERAGE($G$2:$G$554)","=AVERAGE($D$2:$D$554)","=IFERROR(($AT511-G511)/$AT511,0)","=IFERROR(($AU511-D511)/$AU511,0)","=$AU511-D511"
Beachfront Walks Out to Sand! Family Memories 4evr,507799598,,48438,143458,722.96,56.78,143,1,1,13,true,false,false,true,true,false,false,Home/Apartment,House,House/villa,4.9,104,1,2-5,Luxury,false,350,false,67,12,2025-09-05,Santa Rosa/Rosemary Beach,Miramar Beach,Miramar Beach,Florida,32550,United States,coastal,https://www.airbnb.com/rooms/986983188848007482,https://a0.muscache.com/im/pictures/hosting/Hosting-U3RheVN1cHBseUxpc3Rpbmc6OTg2OTgzMTg4ODQ4MDA3NDgy/original/d7d5183b-f71b-44b7-8f34-d4318fdad04d.jpeg,986983188848007482,2050321,30.3775319529,-86.3824367655,"=AVERAGE($G$2:$G$554)","=AVERAGE($D$2:$D$554)","=IFERROR(($AT512-G512)/$AT512,0)","=IFERROR(($AU512-D512)/$AU512,0)","=$AU512-D512"
"Majestic Sun 203A - Sleeps 8! Discount on Golf, Be",Seascape Resort,,48306,52013,478.28,48.56,246,2,2,8,true,true,true,true,true,false,true,Home/Apartment,Condominium (condo),Apt/Condo/Loft,3.4,33,2,21+,Luxury,false,245,true,101,24,2026-05-13,Santa Rosa/Rosemary Beach,Miramar Beach,Miramar Beach,Florida,32550,United States,coastal,https://www.airbnb.com/rooms/1082684562233885457,https://a0.muscache.com/im/pictures/prohost-api/Hosting-1082684562233885457/original/d4be60e4-7195-4624-9e75-8174053e157d.jpeg,1082684562233885457,1045625,30.3751,-86.3677,"=AVERAGE($G$2:$G$554)","=AVERAGE($D$2:$D$554)","=IFERROR(($AT513-G513)/$AT513,0)","=IFERROR(($AU513-D513)/$AU513,0)","=$AU513-D513"
Majestic Sun 0504B - 2 King Suites! Best View in T,Seascape Resort,,48270,55272,554.83,46.03,284,2,2,6,true,true,true,true,true,false,true,Home/Apartment,Condominium (condo),Apt/Condo/Loft,3.4,46,2,21+,Luxury,false,256,true,87,21,2026-05-13,Santa Rosa/Rosemary Beach,Miramar Beach,Miramar Beach,Florida,32550,United States,coastal,https://www.airbnb.com/rooms/1082720159899428844,https://a0.muscache.com/im/pictures/prohost-api/Hosting-1082720159899428844/original/ff36c70e-c104-4076-85f6-8d43b8377244.jpeg,1082720159899428844,1045638,30.3758,-86.3679,"=AVERAGE($G$2:$G$554)","=AVERAGE($D$2:$D$554)","=IFERROR(($AT514-G514)/$AT514,0)","=IFERROR(($AU514-D514)/$AU514,0)","=$AU514-D514"
Gulf Front Condo • Steps to Private Beach,Coastline Condos Vacation Rentals,,48267,66759,380.06,60.77,255,1,2,6,true,true,true,true,true,false,true,Home/Apartment,Condominium (condo),Apt/Condo/Loft,4.8,59,2,21+,Luxury,true,466,true,127,25,2026-05-16,Santa Rosa/Rosemary Beach,Miramar Beach,Miramar Beach,Florida,32550,United States,coastal,https://www.airbnb.com/rooms/41645108,https://a0.muscache.com/im/pictures/prohost-api/Hosting-41645108/original/2328c8b0-219f-4316-8ee8-47238977158b.jpeg,41645108,1916408,30.3791,-86.392,"=AVERAGE($G$2:$G$554)","=AVERAGE($D$2:$D$554)","=IFERROR(($AT515-G515)/$AT515,0)","=IFERROR(($AU515-D515)/$AU515,0)","=$AU515-D515"
Lake View ~ Golf Cart ~ Pool ~ Private Patio,My Vacation Haven,,47972,54262,557.81,41.15,239,2,2,6,true,false,false,true,true,false,true,Home/Apartment,Townhouse,Apt/Condo/Loft,4.5,21,2,21+,Luxury,false,606,true,86,21,2026-05-13,Santa Rosa/Rosemary Beach,Miramar Beach,Miramar Beach,Florida,32550,United States,coastal,https://www.airbnb.com/rooms/54301168,https://a0.muscache.com/im/pictures/hosting/Hosting-54301168/original/57730bcb-3a84-489b-a870-88dfced8a8bd.jpeg,54301168,2618131,30.3749,-86.3314,"=AVERAGE($G$2:$G$554)","=AVERAGE($D$2:$D$554)","=IFERROR(($AT516-G516)/$AT516,0)","=IFERROR(($AU516-D516)/$AU516,0)","=$AU516-D516"
Beach House 304B w/Seasonal Beach Service for 2,Holiday Isle Properties,,47963,52249,333.08,67.29,339,1,1,4,true,true,false,false,false,false,true,Home/Apartment,Condominium (condo),Apt/Condo/Loft,4.65,6,3,21+,Luxury,true,452,false,144,27,2026-05-11,Santa Rosa/Rosemary Beach,Miramar Beach,Miramar Beach,Florida,32550,United States,coastal,https://www.airbnb.com/rooms/1324593448097419154,https://a0.muscache.com/im/pictures/prohost-api/Hosting-1324593448097419154/original/2ef99f26-c1fe-426a-8e89-2014c7a438c5.jpeg,1324593448097419154,,30.37444,-86.36148,"=AVERAGE($G$2:$G$554)","=AVERAGE($D$2:$D$554)","=IFERROR(($AT517-G517)/$AT517,0)","=IFERROR(($AU517-D517)/$AU517,0)","=$AU517-D517"
Beach Manor 405~Gulf Views~Pool~Sauna and More!,Breathe Easy Rentals,,47900,54570,431.53,49.55,337,2,2,6,true,true,true,true,true,false,true,Home/Apartment,Condominium (condo),Apt/Condo/Loft,4.9,37,3,21+,Luxury,true,615,false,111,20,2026-05-16,Santa Rosa/Rosemary Beach,Miramar Beach,Miramar Beach,Florida,32550,United States,coastal,https://www.airbnb.com/rooms/1360931918517593231,https://a0.muscache.com/im/pictures/prohost-api/Hosting-1360931918517593231/original/aac82332-29f4-45e3-a83d-5deecdf53a4e.jpeg,1360931918517593231,2644102,30.3693,-86.3245,"=AVERAGE($G$2:$G$554)","=AVERAGE($D$2:$D$554)","=IFERROR(($AT518-G518)/$AT518,0)","=IFERROR(($AU518-D518)/$AU518,0)","=$AU518-D518"
Luau 6724 - Walk to the ocean or resort pool,425198411,,47743,53258,900.81,49.53,195,2,1,5,true,false,true,true,true,false,true,Home/Apartment,Condominium (condo),Apt/Condo/Loft,4.75,30,2,6-20,Luxury,false,346,true,53,13,2025-09-02,Santa Rosa/Rosemary Beach,Miramar Beach,Miramar Beach,Florida,32550,United States,coastal,https://www.airbnb.com/rooms/615040015404170413,https://a0.muscache.com/im/pictures/prohost-api/Hosting-615040015404170413/original/5ace21fb-2af8-4d49-a3d7-6ddb7027e6e4.jpeg,615040015404170413,2760702,30.3722,-86.32676,"=AVERAGE($G$2:$G$554)","=AVERAGE($D$2:$D$554)","=IFERROR(($AT519-G519)/$AT519,0)","=IFERROR(($AU519-D519)/$AU519,0)","=$AU519-D519"
Ariel Dunes II 2002,Ocean Reef,,47525,50404,424.33,47.66,322,2,2,8,true,true,false,true,true,false,true,Home/Apartment,Condominium (condo),Apt/Condo/Loft,5,3,2,21+,Luxury,false,421,true,112,24,2026-05-17,Santa Rosa/Rosemary Beach,Miramar Beach,Miramar Beach,Florida,32550,United States,coastal,https://www.airbnb.com/rooms/1435528327033206096,https://a0.muscache.com/im/pictures/prohost-api/Hosting-1435528327033206096/original/e89e4939-4370-4930-9a53-7f98c1913afe.jpeg,1435528327033206096,4434041,30.3793726148,-86.3665570202,"=AVERAGE($G$2:$G$554)","=AVERAGE($D$2:$D$554)","=IFERROR(($AT520-G520)/$AT520,0)","=IFERROR(($AU520-D520)/$AU520,0)","=$AU520-D520"
Gulf View Balcony ~ Seasonally Heated Pool,My Vacation Haven,,47237,49529,339.83,64.95,327,1,1,5,true,false,true,true,true,false,true,Home/Apartment,Condominium (condo),Apt/Condo/Loft,4.6,64,3,21+,Luxury,false,305,true,139,31,2026-05-11,Santa Rosa/Rosemary Beach,Miramar Beach,Miramar Beach,Florida,32550,United States,coastal,https://www.airbnb.com/rooms/23265300,https://a0.muscache.com/im/pictures/prohost-api/Hosting-23265300/original/b6e4c169-ae53-4724-87b6-0d7e45fa37eb.jpeg,23265300,332220,30.3704,-86.3299,"=AVERAGE($G$2:$G$554)","=AVERAGE($D$2:$D$554)","=IFERROR(($AT521-G521)/$AT521,0)","=IFERROR(($AU521-D521)/$AU521,0)","=$AU521-D521"
"Serene Sunrises Await: Inviting 14th-Floor 1-Bedr,Sandestin Golf And Beach Resort,"",46967,50226,358.53,56.22,336,1,1,4,true,true,false,true,true,false,true,Home/Apartment,Condominium (condo),Apt/Condo/Loft,4.65,3,1,21+,Luxury,false,96,true,131,41,2026-05-16,Santa Rosa/Rosemary Beach,Miramar Beach,Miramar Beach,Florida,32550,United States,coastal,https://www.airbnb.com/rooms/1105025620373014984,https://a0.muscache.com/im/pictures/prohost-api/Hosting-1105025620373014984/original/38613bce-9264-4b7a-8867-ebfe1443630d.jpeg,1105025620373014984,3816381,30.3707,-86.3304
Bright and Cheerful Cottage with Loft,Newman-Dailey,"",46721,66368,476.74,51.85,272,2,3,8,true,false,true,true,true,false,true,Home/Apartment,Condominium (condo),Apt/Condo/Loft,4.35,3,1,21+,Luxury,true,391,true,98,24,2026-05-13,Santa Rosa/Rosemary Beach,Miramar Beach,Miramar Beach,Florida,32550,United States,coastal,https://www.airbnb.com/rooms/48467618,https://a0.muscache.com/im/pictures/prohost-api/Hosting-48467618/original/96c697ba-b7df-4db2-b727-766aace783a3.jpeg,48467618,4556455ha,30.374,-86.3395
2BR Beachfront Oasis w/ Golf Cart at Westwinds!,Sandestin Golf And Beach Resort,"",46663,57481,548.98,55.92,331,2,2,6,true,true,false,true,true,false,true,Home/Apartment,Condominium (condo),Apt/Condo/Loft,4.5,4,1,21+,Luxury,false,154,true,85,16,2026-05-13,Santa Rosa/Rosemary Beach,Miramar Beach,Miramar Beach,Florida,32550,United States,coastal,https://www.airbnb.com/rooms/1105047720930714796,https://a0.muscache.com/im/pictures/prohost-api/Hosting-1105047720930714796/original/df41afc8-cac9-4f9b-86d0-2f71164aa6ff.jpeg,1105047720930714796,3438965,30.372,-86.3333
Ariel Dunes I 505 - Beautiful Gulf and pool views",",Seascape Resort,"",46570,48173,363.83,46.89,318,1,1,6,true,true,false,true,true,false,true,Home/Apartment,Condominium (condo),Apt/Condo/Loft,3.15,24,2,21+,Luxury,false,222,true,128,31,2026-05-16,Santa Rosa/Rosemary Beach,Miramar Beach,Miramar Beach,Florida,32550,United States,coastal,https://www.airbnb.com/rooms/1315926870090990216,https://a0.muscache.com/im/pictures/prohost-api/Hosting-1315926870090990216/original/89bfb847-3e44-4cd8-aa20-7d6bdc7cc793.jpeg,1315926870090990216,1548285,30.3776,-86.3667
Spectacular Sunsets! 5th-Floor Haven w/ Golf Cart,Sandestin Golf And Beach Resort,"",46547,57016,535.02,52.1,288,2,1,4,true,true,false,true,true,false,true,Home/Apartment,Condominium (condo),Apt/Condo/Loft,5,2,1,21+,Luxury,false,95,true,87,22,2026-05-11,Santa Rosa/Rosemary Beach,Miramar Beach,Miramar Beach,Florida,32550,United States,coastal,https://www.airbnb.com/rooms/1105024959580992730,https://a0.muscache.com/im/pictures/prohost-api/Hosting-1105024959580992730/original/0758c685-7d12-4706-aa81-4f161939b709.jpeg,1105024959580992730,3816369,30.3707,-86.3304
2BR Lakefront Beach Villa w/ 6-Seat GOLF CART! Nea,Beach Blue Properties,"",46325,50787,399.35,51.56,296,2,3,7,true,true,true,true,true,false,true,Home/Apartment,Condominium (condo),Apt/Condo/Loft,4.6,49,3,21+,Luxury,false,455,true,116,24,2026-05-16,Santa Rosa/Rosemary Beach,Miramar Beach,Miramar Beach,Florida,32550,United States,coastal,https://www.airbnb.com/rooms/1430447101329885787,https://a0.muscache.com/im/pictures/prohost-api/Hosting-1430447101329885787/original/fadc2173-3821-4f27-928e-40c806813f58.jpeg,1430447101329885787,2241675,30.3812,-86.3325
NEWLY REMODELED WINDANCER ground floor unit 106 w/ POOL in Destin"," FL BEACHFRONT,"","",46307,53126,399.2,55.5,255,1,1,6,true,false,false,true,true,false,true,Home/Apartment,Condominium (condo),Apt/Condo/Loft,4.9,49,1,1,Luxury,false,200,false,116,24,2026-05-17,Santa Rosa/Rosemary Beach,Miramar Beach,Miramar Beach,Florida,32550,United States,coastal,https://www.vrbo.com/1291235,https://media.vrbo.com/lodging/34000000/33660000/33658800/33658790/38deaf08.jpg?impolicy=resizecrop&rw=1200&ra=fit,"",1291235,30.374474,-86.348167
""Spectacular Views from the Sky: Amazing 16th-Floo",Sandestin Golf And Beach Resort,,46246,47037,405.67,48.1,353,1,1,4,true,true,false,true,true,false,true,Home/Apartment,Condominium (condo),Apt/Condo/Loft,5,2,1,21+,Luxury,false,95,true,114,37,2026-05-13,Santa Rosa/Rosemary Beach,Miramar Beach,Miramar Beach,Florida,32550,United States,coastal,https://www.airbnb.com/rooms/1105030753793593923,https://a0.muscache.com/im/pictures/prohost-api/Hosting-1105030753793593923/original/639afda3-8e1a-469a-9575-47a3886323f6.jpeg,1105030753793593923,3816385,"=AVERAGE($G$2:$G$554)","=AVERAGE($D$2:$D$554)","=IFERROR(($AT522-G522)/$AT522,0)","=IFERROR(($AU522-D522)/$AU522,0)","=$AU522-D522"
GULF FRONT***Beach Service & Wi-Fi Included***,,,46209,49815,320.9,53.53,338,1,1,6,true,false,false,true,true,false,true,Home/Apartment,Condominium (condo),Apt/Condo/Loft,5,87,1,1,Luxury,false,250,true,144,23,2026-05-12,Santa Rosa/Rosemary Beach,Miramar Beach,Miramar Beach,Florida,32550,United States,coastal,https://www.vrbo.com/295125,"https://media.vrbo.com/lodging/30000000/29690000/29687100/29687058/1f58fad5.jpg?impolicy=resizecrop&rw=1200&ra=fit",,295125,30.373482,-86.351624,"=AVERAGE($G$2:$G$554)","=AVERAGE($D$2:$D$554)","=IFERROR(($AT523-G523)/$AT523,0)","=IFERROR(($AU523-D523)/$AU523,0)","=$AU523-D523"
Elevated Elegance: East-Facing 2-Bedroom Condo on,Sandestin Golf And Beach Resort,,46192,61330,481.17,53.04,281,2,2,6,true,true,false,true,true,false,true,Home/Apartment,Condominium (condo),Apt/Condo/Loft,0,0,1,21+,Luxury,false,155,true,96,27,2026-05-16,Santa Rosa/Rosemary Beach,Miramar Beach,Miramar Beach,Florida,32550,United States,coastal,https://www.airbnb.com/rooms/1105035772521335936,https://a0.muscache.com/im/pictures/prohost-api/Hosting-1105035772521335936/original/2964952e-e356-4bff-8211-6aec9cc8699d.jpeg,1105035772521335936,3816426,30.372,-86.3333,"=AVERAGE($G$2:$G$554)","=AVERAGE($D$2:$D$554)","=IFERROR(($AT524-G524)/$AT524,0)","=IFERROR(($AU524-D524)/$AU524,0)","=$AU524-D524"
"15th-Floor Paradise: Recently Updated West-Facing,Sandestin Golf And Beach Resort,"",46163,56102,461.63,54.35,328,2,2,6,true,true,false,true,true,false,true,Home/Apartment,Condominium (condo),Apt/Condo/Loft,0,0,1,21+,Luxury,false,154,true,100,26,2026-05-11,Santa Rosa/Rosemary Beach,Miramar Beach,Miramar Beach,Florida,32550,United States,coastal,https://www.airbnb.com/rooms/1103052241012385013,https://a0.muscache.com/im/pictures/prohost-api/Hosting-1103052241012385013/original/a251906a-5be0-41df-9b7b-c9ecab5550b2.jpeg,1103052241012385013,"",30.372,-86.3333
Modern Elegance: Westwinds 1BR Haven with Gulf Vie,Sandestin Golf And Beach Resort,"",46112,62166,390.78,44.19,294,1,1,4,true,true,false,true,true,false,true,Home/Apartment,Condominium (condo),Apt/Condo/Loft,3,1,1,21+,Luxury,false,95,true,118,33,2026-05-13,Santa Rosa/Rosemary Beach,Miramar Beach,Miramar Beach,Florida,32550,United States,coastal,https://www.airbnb.com/rooms/1105042893708488227,https://a0.muscache.com/im/pictures/prohost-api/Hosting-1105042893708488227/original/5abd03d8-c547-475c-a12e-f445dbf2e32f.jpeg,1105042893708488227,3816418,30.372,-86.3333
Rates Reduced! 2BR Condo with Stunning Gulf Views!,Beach Blue Properties,"",46048,49407,377.44,54.71,330,2,2,6,true,false,true,true,true,false,true,Home/Apartment,Condominium (condo),Apt/Condo/Loft,4.7,61,3,21+,Luxury,false,474,true,122,21,2026-05-16,Santa Rosa/Rosemary Beach,Miramar Beach,Santa Rosa Beach,Florida,32459,United States,coastal,https://www.airbnb.com/rooms/1442905382417138449,https://a0.muscache.com/im/pictures/prohost-api/Hosting-1442905382417138449/original/63742649-3786-45c0-9792-498ad02658e8.jpeg,1442905382417138449,743677,30.3718,-86.3245
""Beachside Serenity: East-Facing 1-Bedroom Condo o",Sandestin Golf And Beach Resort,,45975,49645,367.8,49.8,332,1,1,4,true,true,false,true,true,false,true,Home/Apartment,Condominium (condo),Apt/Condo/Loft,5,12,1,21+,Luxury,false,96,true,125,35,2026-05-13,Santa Rosa/Rosemary Beach,Miramar Beach,Miramar Beach,Florida,32550,United States,coastal,https://www.airbnb.com/rooms/1105035062173696433,https://a0.muscache.com/im/pictures/prohost-api/Hosting-1105035062173696433/original/43bf77a4-35db-443d-8703-11adebd99c6d.jpeg,1105035062173696433,1048030,30.372,-86.3333,"=AVERAGE($G$2:$G$554)","=AVERAGE($D$2:$D$554)","=IFERROR(($AT525-G525)/$AT525,0)","=IFERROR(($AU525-D525)/$AU525,0)","=$AU525-D525"
2BR Oceanfront 4th-Floor | Balcony | Pool,Vacasa,,45617,53100,418.5,60.22,215,2,2,6,true,true,false,true,true,false,true,Home/Apartment,Condominium (condo),Apt/Condo/Loft,4.35,32,3,21+,Luxury,false,269,true,109,25,2025-11-24,Santa Rosa/Rosemary Beach,Miramar Beach,Miramar Beach,Florida,32550,United States,coastal,https://www.airbnb.com/rooms/42860170,https://a0.muscache.com/im/pictures/prohost-api/Hosting-42860170/original/c7163d89-865d-4b17-8d61-d0ba41c1cb80.jpeg,42860170,1938014,30.37038,-86.32633,"=AVERAGE($G$2:$G$554)","=AVERAGE($D$2:$D$554)","=IFERROR(($AT526-G526)/$AT526,0)","=IFERROR(($AU526-D526)/$AU526,0)","=$AU526-D526"
Beachside 2 4211 - Poolside & Beachfront Condo,Panhandle Getaways,,45567,57453,386.16,54.88,324,1,1,6,true,true,false,true,false,false,true,Home/Apartment,Apartment,Apt/Condo/Loft,4.5,20,3,21+,Luxury,false,340,true,118,26,2026-05-16,Santa Rosa/Rosemary Beach,Miramar Beach,Miramar Beach,Florida,32550,United States,coastal,https://www.airbnb.com/rooms/9364838,https://a0.muscache.com/im/pictures/prohost-api/Hosting-9364838/original/48f658bb-034d-4daa-bea4-3db9ab170d25.jpeg,9364838,924028,30.3775,-86.337,"=AVERAGE($G$2:$G$554)","=AVERAGE($D$2:$D$554)","=IFERROR(($AT527-G527)/$AT527,0)","=IFERROR(($AU527-D527)/$AU527,0)","=$AU527-D527"
"Sunrise Serenity: Charming 14th Floor East-Facing,Sandestin Golf And Beach Resort,"",45518,55025,459.78,67.35,288,2,2,6,true,true,false,true,true,false,true,Home/Apartment,Condominium (condo),Apt/Condo/Loft,5,1,1,21+,Luxury,false,156,true,99,21,2026-05-13,Santa Rosa/Rosemary Beach,Miramar Beach,Miramar Beach,Florida,32550,United States,coastal,https://www.airbnb.com/rooms/1103051591082280811,https://a0.muscache.com/im/pictures/prohost-api/Hosting-1103051591082280811/original/c6b8e870-fffd-4980-8c94-bbabc9a7132d.jpeg,1103051591082280811,3816446,30.372,-86.3333
Ariel Dunes II 1106 - Phenomenal 11th Floor Views,Seascape Resort,"",45470,50129,421.02,43.37,295,1,1,5,true,true,false,true,true,false,true,Home/Apartment,Condominium (condo),Apt/Condo/Loft,4.2,31,2,21+,Luxury,false,190,true,108,31,2026-05-13,Santa Rosa/Rosemary Beach,Miramar Beach,Miramar Beach,Florida,32550,United States,coastal,https://www.airbnb.com/rooms/1082612469248021705,https://a0.muscache.com/im/pictures/prohost-api/Hosting-1082612469248021705/original/4218fa02-674a-4211-a058-4fd9f84ba22b.jpeg,1082612469248021705,1832563,30.3783,-86.3674
""Serene Sunrises: Cozy 10th-Floor Haven with Gulf Views in Beachside Two! at Sandestin Golf and Beach Resort!,Sandestin Golf & Beach Resort,"",45385,48020,463.11,42.98,336,1,1,2,true,false,false,true,true,false,true,Home/Apartment,Condominium (condo),Apt/Condo/Loft,0,0,1,21+,Luxury,false,127,true,98,32,2026-05-14,Santa Rosa/Rosemary Beach,Miramar Beach,Miramar Beach,Florida,32550,United States,coastal,https://www.vrbo.com/3816376,https://media.vrbo.com/lodging/102000000/101870000/101860200/101860141/w2047h1365x0y0-6dbd1fa5.jpg?impolicy=resizecrop&rw=1200&ra=fit,"",3816376,30.3699,-86.32989
""Serene Gulf Views: East-Facing 6th Floor 1-Bedroo",Sandestin Golf And Beach Resort,,45032,51102,375.27,60,273,1,1,4,true,true,false,true,true,false,true,Home/Apartment,Condominium (condo),Apt/Condo/Loft,4.8,5,1,21+,Luxury,false,95,true,120,36,2026-05-13,Santa Rosa/Rosemary Beach,Miramar Beach,Miramar Beach,Florida,32550,United States,coastal,https://www.airbnb.com/rooms/1105043756962653087,https://a0.muscache.com/im/pictures/prohost-api/Hosting-1105043756962653087/original/0145ea0c-fd01-487c-a499-12e8d42ab5cf.jpeg,1105043756962653087,3816422,30.372,-86.3333,"=AVERAGE($G$2:$G$554)","=AVERAGE($D$2:$D$554)","=IFERROR(($AT528-G528)/$AT528,0)","=IFERROR(($AU528-D528)/$AU528,0)","=$AU528-D528"
Sea Cabin 1D*Summer Early booking discount,Salt Water Vacations,,45017,47367,328.59,50.74,301,1,2,5,true,false,false,true,true,false,true,Home/Apartment,Apartment,Apt/Condo/Loft,4.7,7,3,21+,Luxury,false,370,true,137,26,2026-05-16,Santa Rosa/Rosemary Beach,Miramar Beach,Miramar Beach,Florida,32550,United States,coastal,https://www.airbnb.com/rooms/599139997221649873,https://a0.muscache.com/im/pictures/prohost-api/Hosting-599139997221649873/original/de079ed9-6567-42ee-a14b-42fde83e9013.jpeg,599139997221649873,9677950ha,30.37592,-86.36521,"=AVERAGE($G$2:$G$554)","=AVERAGE($D$2:$D$554)","=IFERROR(($AT529-G529)/$AT529,0)","=IFERROR(($AU529-D529)/$AU529,0)","=$AU529-D529"
Golf Cart! 2BR w/ Pool & Beach Access at Sandestin,Sandestin Golf And Beach Resort,,44788,62162,539.61,59.71,309,2,2,6,true,true,false,true,true,false,true,Home/Apartment,Condominium (condo),Apt/Condo/Loft,0,0,1,21+,Luxury,false,155,true,83,15,2026-05-16,Santa Rosa/Rosemary Beach,Miramar Beach,Miramar Beach,Florida,32550,United States,coastal,https://www.airbnb.com/rooms/1105031708135084848,https://a0.muscache.com/im/pictures/prohost-api/Hosting-1105031708135084848/original/ff3c2c59-e595-4259-bb62-304d0659d763.jpeg,1105031708135084848,3816387,30.3711,-86.331,"=AVERAGE($G$2:$G$554)","=AVERAGE($D$2:$D$554)","=IFERROR(($AT530-G530)/$AT530,0)","=IFERROR(($AU530-D530)/$AU530,0)","=$AU530-D530"
Unbeatable Location | Beachfront | FREE Beach Set-up | Pool,,,44772,122705,829.11,52.94,120,2,2,6,true,true,false,true,true,false,true,Home/Apartment,Condominium (condo),Apt/Condo/Loft,5,0,6,1,Luxury,false,195,true,54,9,2026-05-16,Santa Rosa/Rosemary Beach,Miramar Beach,Miramar Beach,Florida,32550,United States,coastal,https://www.vrbo.com/3233915,"https://media.vrbo.com/lodging/92000000/91080000/91075700/91075669/1b9b7e8a.jpg?impolicy=resizecrop&rw=1200&ra=fit",,3233915,30.37432,-86.360532,"=AVERAGE($G$2:$G$554)","=AVERAGE($D$2:$D$554)","=IFERROR(($AT531-G531)/$AT531,0)","=IFERROR(($AU531-D531)/$AU531,0)","=$AU531-D531"
"Beachside Tranquility: Renovated 2BR/2.5BA Condo,Sandestin Golf And Beach Resort,"",44616,50859,474.64,46.77,269,2,2,6,true,true,false,true,true,false,true,Home/Apartment,Condominium (condo),Apt/Condo/Loft,4,1,1,21+,Luxury,false,152,true,94,22,2026-05-13,Santa Rosa/Rosemary Beach,Miramar Beach,Miramar Beach,Florida,32550,United States,coastal,https://www.airbnb.com/rooms/1105038586815695335,https://a0.muscache.com/im/pictures/prohost-api/Hosting-1105038586815695335/original/8d575fc7-351e-427b-b5e9-5ec14573350e.jpeg,1105038586815695335,3816433,30.372,-86.3333
Sea Cabin 10b*Summer Early booking discount,Salt Water Vacations,"",44597,47049,335.32,54.73,295,1,2,6,true,false,false,true,true,false,true,Home/Apartment,Apartment,Apt/Condo/Loft,3.95,16,3,21+,Luxury,false,372,true,133,27,2026-05-13,Santa Rosa/Rosemary Beach,Miramar Beach,Santa Rosa Beach,Florida,32459,United States,coastal,https://www.airbnb.com/rooms/689685239023052935,https://a0.muscache.com/im/pictures/prohost-api/Hosting-689685239023052935/original/973abcca-0c22-4f6b-85d9-e30faf2007f7.jpeg,689685239023052935,9603095ha,30.37449,-86.36456
Majestic Sun 0606B - Spectacular beach and pool vi,Seascape Resort,"",44566,54729,416.5,53.5,267,1,2,6,true,true,true,true,true,false,true,Home/Apartment,Condominium (condo),Apt/Condo/Loft,3.55,18,1,21+,Luxury,false,189,true,107,27,2026-05-13,Santa Rosa/Rosemary Beach,Miramar Beach,Miramar Beach,Florida,32550,United States,coastal,https://www.airbnb.com/rooms/1082720156313602855,https://a0.muscache.com/im/pictures/prohost-api/Hosting-1082720156313602855/original/b3cb070c-39cd-45b2-bf42-9b2c0f160a2a.jpeg,1082720156313602855,1548324,30.3758,-86.3679
""Coastal Elegance: Updated 1-Bedroom Condo on the",Sandestin Golf And Beach Resort,,44521,47014,359.04,51.24,285,1,1,4,true,true,false,true,true,false,true,Home/Apartment,Condominium (condo),Apt/Condo/Loft,2,2,1,21+,Luxury,false,96,true,124,30,2026-05-13,Santa Rosa/Rosemary Beach,Miramar Beach,Miramar Beach,Florida,32550,United States,coastal,https://www.airbnb.com/rooms/1105046655649958377,https://a0.muscache.com/im/pictures/prohost-api/Hosting-1105046655649958377/original/0dbd99d6-b3af-461d-b498-86a8a5cc84d8.jpeg,1105046655649958377,3816430,30.372,-86.3333,"=AVERAGE($G$2:$G$554)","=AVERAGE($D$2:$D$554)","=IFERROR(($AT532-G532)/$AT532,0)","=IFERROR(($AU532-D532)/$AU532,0)","=$AU532-D532"
Sky-High Serenity: 15th-Floor Studio Retreat with,Sandestin Golf And Beach Resort,,44371,51549,338.71,55.27,318,1,1,2,true,true,false,false,true,false,true,Home/Apartment,Condominium (condo),Apt/Condo/Loft,4.8,4,1,21+,Luxury,false,48,true,131,38,2026-05-13,Santa Rosa/Rosemary Beach,Miramar Beach,Miramar Beach,Florida,32550,United States,coastal,https://www.airbnb.com/rooms/1103053653531405379,https://a0.muscache.com/im/pictures/prohost-api/Hosting-1103053653531405379/original/00669885-e9ea-40a9-92f7-f256c2d32d75.jpeg,1103053653531405379,3816364,30.3707,-86.3304,"=AVERAGE($G$2:$G$554)","=AVERAGE($D$2:$D$554)","=IFERROR(($AT533-G533)/$AT533,0)","=IFERROR(($AU533-D533)/$AU533,0)","=$AU533-D533"
Majestic Sun 0908A - Incredible Gulf and pool view,Seascape Resort,,44339,64956,554.24,44.44,230,1,2,4,true,true,true,true,true,false,true,Home/Apartment,Condominium (condo),Apt/Condo/Loft,3.5,2,1,21+,Luxury,false,169,true,80,17,2026-05-11,Santa Rosa/Rosemary Beach,Miramar Beach,Miramar Beach,Florida,32550,United States,coastal,https://www.airbnb.com/rooms/1082724875312536050,https://a0.muscache.com/im/pictures/prohost-api/Hosting-1082724875312536050/original/21a59eb2-1db9-4c23-97b5-34a5fb64da2f.jpeg,1082724875312536050,,30.3751,-86.3677,"=AVERAGE($G$2:$G$554)","=AVERAGE($D$2:$D$554)","=IFERROR(($AT534-G534)/$AT534,0)","=IFERROR(($AU534-D534)/$AU534,0)","=$AU534-D534"
Stunning Beachfront Condo With Amazing Gulf Views,Coastline Property Management,,44222,47309,340.17,44.22,342,1,1,4,true,false,false,true,true,false,true,Home/Apartment,Condominium (condo),Apt/Condo/Loft,4.65,40,3,21+,Luxury,true,283,false,130,32,2026-05-11,Santa Rosa/Rosemary Beach,Miramar Beach,Miramar Beach,Florida,32550,United States,coastal,https://www.airbnb.com/rooms/1091202249183915212,https://a0.muscache.com/im/pictures/prohost-api/Hosting-1091202249183915212/original/52979ca3-1fc9-463c-a667-1004c983cdb5.jpeg,1091202249183915212,2623475,30.3702,-86.3298,"=AVERAGE($G$2:$G$554)","=AVERAGE($D$2:$D$554)","=IFERROR(($AT535-G535)/$AT535,0)","=IFERROR(($AU535-D535)/$AU535,0)","=$AU535-D535"
"1-bdrm, Sleeps 4",502128319,,44107,45243,304.19,51.24,350,1,1,4,true,true,false,true,true,false,true,Home/Apartment,Condominium (condo),Apt/Condo/Loft,4.8,17,3,6-20,Luxury,false,160,true,145,27,2026-05-13,Santa Rosa/Rosemary Beach,Miramar Beach,Miramar Beach,Florida,32550,United States,coastal,https://www.airbnb.com/rooms/917487990561980031,https://a0.muscache.com/im/pictures/prohost-api/Hosting-917487990561980031/original/6af8fd97-d419-451f-a192-c46ed271718f.jpeg,917487990561980031,3474993,30.37115,-86.32823,"=AVERAGE($G$2:$G$554)","=AVERAGE($D$2:$D$554)","=IFERROR(($AT536-G536)/$AT536,0)","=IFERROR(($AU536-D536)/$AU536,0)","=$AU536-D536"
Bayview Retreat w/ Luxurious Amenities at Sandesti,Sandestin Golf And Beach Resort,,44096,64191,479.3,42.59,276,2,2,4,true,true,false,true,true,true,true,Home/Apartment,Condominium (condo),Apt/Condo/Loft,0,0,1,21+,Luxury,false,154,true,92,25,2026-05-01,Santa Rosa/Rosemary Beach,Miramar Beach,Miramar Beach,Florida,32550,United States,coastal,https://www.airbnb.com/rooms/1105139946342806140,https://a0.muscache.com/im/pictures/prohost-api/Hosting-1105139946342806140/original/76171a4a-0fa1-4508-a3e9-0f1d9af43a5c.jpeg,1105139946342806140,3817126,30.3813,-86.3254,"=AVERAGE($G$2:$G$554)","=AVERAGE($D$2:$D$554)","=IFERROR(($AT537-G537)/$AT537,0)","=IFERROR(($AU537-D537)/$AU537,0)","=$AU537-D537"
Luau Hideaway ~ 1-Bed Gem ~ Sandestin ~ Ocean View,Sandestin Golf And Beach Resort,,43425,46012,344.64,51.01,323,1,1,3,true,true,false,true,true,false,true,Home/Apartment,Condominium (condo),Apt/Condo/Loft,0,0,1,21+,Luxury,false,96,true,126,29,2026-05-11,Santa Rosa/Rosemary Beach,Miramar Beach,Miramar Beach,Florida,32550,United States,coastal,https://www.airbnb.com/rooms/1105192563350535523,https://a0.muscache.com/im/pictures/prohost-api/Hosting-1105192563350535523/original/2a1557fe-9be5-4325-9336-c59d62c7ad9a.jpeg,1105192563350535523,2993665,30.3715,-86.328,"=AVERAGE($G$2:$G$554)","=AVERAGE($D$2:$D$554)","=IFERROR(($AT538-G538)/$AT538,0)","=IFERROR(($AU538-D538)/$AU538,0)","=$AU538-D538"
Sandestin Beachfront Condo | 14th Floor Gulf Views,Sandestin Golf And Beach Resort,,43376,44889,349.81,47.69,353,1,1,4,true,true,false,true,true,false,true,Home/Apartment,Condominium (condo),Apt/Condo/Loft,0,0,1,21+,Luxury,false,95,true,124,33,2026-05-13,Santa Rosa/Rosemary Beach,Miramar Beach,Miramar Beach,Florida,32550,United States,coastal,https://www.airbnb.com/rooms/1105029233216204484,https://a0.muscache.com/im/pictures/prohost-api/Hosting-1105029233216204484/original/d13dac2e-b5d5-4b34-a18b-78d8ab6aadd9.jpeg,1105029233216204484,3816380,30.3707,-86.3304,"=AVERAGE($G$2:$G$554)","=AVERAGE($D$2:$D$554)","=IFERROR(($AT539-G539)/$AT539,0)","=IFERROR(($AU539-D539)/$AU539,0)","=$AU539-D539"
Beautiful Lakefront Villa across from the pool and,Seascape Resort,,43211,46057,450.11,51.61,220,1,1,4,true,false,false,true,true,false,true,Home/Apartment,Condominium (condo),Apt/Condo/Loft,3.4,9,1,21+,Luxury,false,172,true,96,22,2026-01-12,Santa Rosa/Rosemary Beach,Miramar Beach,Miramar Beach,Florida,32550,United States,coastal,https://www.airbnb.com/rooms/1103493823156468577,https://a0.muscache.com/im/pictures/prohost-api/Hosting-1103493823156468577/original/a8f2bce7-2573-48b9-ade2-37c0dc542642.jpeg,1103493823156468577,3882240,30.3772,-86.372,"=AVERAGE($G$2:$G$554)","=AVERAGE($D$2:$D$554)","=IFERROR(($AT540-G540)/$AT540,0)","=IFERROR(($AU540-D540)/$AU540,0)","=$AU540-D540"
Snowbird Friendly ~ Beachfront & Gulf View Balcony,My Vacation Haven,,42968,51827,572.91,65.79,144,2,2,4,true,false,true,true,true,false,true,Home/Apartment,Condominium (condo),Apt/Condo/Loft,4.8,18,3,21+,Luxury,false,608,true,75,16,2026-05-13,Santa Rosa/Rosemary Beach,Miramar Beach,Miramar Beach,Florida,32550,United States,coastal,https://www.airbnb.com/rooms/32756411,https://a0.muscache.com/im/pictures/prohost-api/Hosting-32756411/original/12c3627c-a0e2-4589-95c1-9be7c669e0e1.jpeg,32756411,130069,30.3703,-86.3312,"=AVERAGE($G$2:$G$554)","=AVERAGE($D$2:$D$554)","=IFERROR(($AT541-G541)/$AT541,0)","=IFERROR(($AU541-D541)/$AU541,0)","=$AU541-D541"
Gulf-Front Balcony Views and Breezy Beachside Retr,Sandestin Golf And Beach Resort,,42891,47799,510.61,43.3,276,1,1,4,true,true,false,true,true,false,true,Home/Apartment,Condominium (condo),Apt/Condo/Loft,0,0,1,21+,Luxury,false,103,true,84,29,2026-05-15,Santa Rosa/Rosemary Beach,Miramar Beach,Miramar Beach,Florida,32550,United States,coastal,https://www.airbnb.com/rooms/1466774349689589540,https://a0.muscache.com/im/pictures/prohost-api/Hosting-1466774349689589540/original/a4dc15ed-3649-4aff-89d3-652737dd3738.jpeg,1466774349689589540,4702378,30.3702,-86.3304,"=AVERAGE($G$2:$G$554)","=AVERAGE($D$2:$D$554)","=IFERROR(($AT542-G542)/$AT542,0)","=IFERROR(($AU542-D542)/$AU542,0)","=$AU542-D542"
"Beachside One ! Sandestin Golf & Beach Resort , Stay on Miramar Beach !!! U",,,42807,53526,535.09,50.31,207,2,2,4,true,true,true,true,true,false,true,Home/Apartment,Condominium (condo),Apt/Condo/Loft,4.9,51,3,1,Luxury,false,200,true,80,19,2026-05-16,Santa Rosa/Rosemary Beach,Miramar Beach,Miramar Beach,Florida,32550,United States,coastal,https://www.vrbo.com/652043,"https://media.vrbo.com/lodging/36000000/35600000/35594600/35594544/4da97ddf.jpg?impolicy=resizecrop&rw=1200&ra=fit",,652043,30.370698,-86.331407,"=AVERAGE($G$2:$G$554)","=AVERAGE($D$2:$D$554)","=IFERROR(($AT543-G543)/$AT543,0)","=IFERROR(($AU543-D543)/$AU543,0)","=$AU543-D543"
Book Me Baby! Majestic Sun A311,Pinkie,,42754,66274,502.99,40.67,222,2,2,6,true,true,false,true,false,false,false,Home/Apartment,Condominium (condo),Apt/Condo/Loft,4.7,57,4,21+,Luxury,false,278,true,85,21,2026-05-13,Santa Rosa/Rosemary Beach,Miramar Beach,Santa Rosa Beach,Florida,32459,United States,coastal,https://www.airbnb.com/rooms/44339069,https://a0.muscache.com/im/pictures/prohost-api/Hosting-44339069/original/9657e052-6e01-45df-9206-381f01c21a25.jpeg,44339069,2024034,30.37496,-86.36745,"=AVERAGE($G$2:$G$554)","=AVERAGE($D$2:$D$554)","=IFERROR(($AT544-G544)/$AT544,0)","=IFERROR(($AU544-D544)/$AU544,0)","=$AU544-D544"
1BR Luau on 5th Floor - spanning views of the lago,Sandestin Golf And Beach Resort,,42750,43696,303.19,42.47,354,1,1,4,true,true,false,true,true,false,true,Home/Apartment,Condominium (condo),Apt/Condo/Loft,0,0,1,21+,Luxury,false,103,true,141,44,2026-05-16,Santa Rosa/Rosemary Beach,Miramar Beach,Miramar Beach,Florida,32550,United States,coastal,https://www.airbnb.com/rooms/1409561644456346803,https://a0.muscache.com/im/pictures/hosting/Hosting-1409561644456346803/original/149f86c9-80bd-40df-b97c-7da8ffb9a71e.jpeg,1409561644456346803,4558829,30.3723,-86.3279,"=AVERAGE($G$2:$G$554)","=AVERAGE($D$2:$D$554)","=IFERROR(($AT545-G545)/$AT545,0)","=IFERROR(($AU545-D545)/$AU545,0)","=$AU545-D545"
"Top Floor at Beach Resort, Stunning Views",Newman-Dailey,,42689,54104,333.51,51.82,262,1,2,6,true,false,true,true,true,false,true,Home/Apartment,Condominium (condo),Apt/Condo/Loft,4.9,29,1,21+,Luxury,true,357,true,128,29,2026-05-13,Santa Rosa/Rosemary Beach,Miramar Beach,Miramar Beach,Florida,32550,United States,coastal,https://www.airbnb.com/rooms/1066598437244992514,https://a0.muscache.com/im/pictures/prohost-api/Hosting-1066598437244992514/original/46a37a5b-f578-4349-a1f5-d86ab8096605.jpeg,1066598437244992514,9917084ha,30.38,-86.3957,"=AVERAGE($G$2:$G$554)","=AVERAGE($D$2:$D$554)","=IFERROR(($AT546-G546)/$AT546,0)","=IFERROR(($AU546-D546)/$AU546,0)","=$AU546-D546"
Hidden Dunes Cottage 235,Newman-Dailey,,42609,43459,346.41,47.49,361,1,2,6,true,false,true,true,true,false,true,Home/Apartment,Condominium (condo),Apt/Condo/Loft,4.25,4,1,21+,Luxury,true,350,true,123,32,2026-05-13,Santa Rosa/Rosemary Beach,Miramar Beach,Miramar Beach,Florida,32550,United States,coastal,https://www.airbnb.com/rooms/943469855194025235,https://a0.muscache.com/im/pictures/prohost-api/Hosting-943469855194025235/original/9599a48e-6132-48ca-b015-6b2b431be040.jpeg,943469855194025235,9842931ha,30.3755,-86.3396,"=AVERAGE($G$2:$G$554)","=AVERAGE($D$2:$D$554)","=IFERROR(($AT547-G547)/$AT547,0)","=IFERROR(($AU547-D547)/$AU547,0)","=$AU547-D547"
Amazing Gulf  and Beach views!  Upgraded luxury 1BR 2BA condo A908,,,41740,44919,331.27,52.07,285,1,2,6,true,true,true,true,true,false,true,Home/Apartment,Condominium (condo),Apt/Condo/Loft,4.6,86,3,1,Luxury,false,180,false,126,27,2026-05-15,Santa Rosa/Rosemary Beach,Miramar Beach,Miramar Beach,Florida,32550,United States,coastal,https://www.vrbo.com/111918,"https://media.vrbo.com/lodging/34000000/33510000/33503800/33503731/7679600d.jpg?impolicy=resizecrop&rw=1200&ra=fit",,111918,30.375828,-86.367819,"=AVERAGE($G$2:$G$554)","=AVERAGE($D$2:$D$554)","=IFERROR(($AT548-G548)/$AT548,0)","=IFERROR(($AU548-D548)/$AU548,0)","=$AU548-D548"
Golf Villa 5H - 2 Bedrooms,Seascape Resort,,41697,53766,375.65,46.06,294,2,2,6,true,true,false,true,true,false,true,Home/Apartment,Condominium (condo),Apt/Condo/Loft,4.55,6,1,21+,Luxury,false,214,true,111,31,2026-04-25,Santa Rosa/Rosemary Beach,Miramar Beach,Miramar Beach,Florida,32550,United States,coastal,https://www.airbnb.com/rooms/1374727369275226966,https://a0.muscache.com/im/pictures/prohost-api/Hosting-1374727369275226966/original/20d01912-1334-47c8-a864-fe00e4c2b86f.jpeg,1374727369275226966,4459103,30.3822,-86.3704,"=AVERAGE($G$2:$G$554)","=AVERAGE($D$2:$D$554)","=IFERROR(($AT549-G549)/$AT549,0)","=IFERROR(($AU549-D549)/$AU549,0)","=$AU549-D549"
Steps to Beach with Zero Entry Pool,Newman-Dailey,,41615,49341,332.92,58.69,263,1,2,6,true,false,true,true,true,false,true,Home/Apartment,Condominium (condo),Apt/Condo/Loft,4.7,26,1,21+,Luxury,true,343,true,125,24,2026-05-11,Santa Rosa/Rosemary Beach,Miramar Beach,Miramar Beach,Florida,32550,United States,coastal,https://www.airbnb.com/rooms/1076199448191653650,https://a0.muscache.com/im/pictures/prohost-api/Hosting-1076199448191653650/original/757c0398-fa85-48f4-b00a-308295efa3e5.jpeg,1076199448191653650,9921641ha,30.3804,-86.3958,"=AVERAGE($G$2:$G$554)","=AVERAGE($D$2:$D$554)","=IFERROR(($AT550-G550)/$AT550,0)","=IFERROR(($AU550-D550)/$AU550,0)","=$AU550-D550"
Stylish 2BR Gulffront 9th-Floor | Balcony | Pool,Vacasa,,41504,46364,399.08,50.49,254,2,2,6,true,true,false,true,true,false,true,Home/Apartment,Condominium (condo),Apt/Condo/Loft,4.6,35,1,21+,Luxury,false,342,true,104,26,2025-11-24,Santa Rosa/Rosemary Beach,Miramar Beach,Miramar Beach,Florida,32550,United States,coastal,https://www.airbnb.com/rooms/50176356,https://a0.muscache.com/im/pictures/prohost-api/Hosting-50176356/original/1a630910-bda7-49a2-87be-657a27b94200.jpeg,50176356,1938054,30.3692093511,-86.3255002655,"=AVERAGE($G$2:$G$554)","=AVERAGE($D$2:$D$554)","=IFERROR(($AT551-G551)/$AT551,0)","=IFERROR(($AU551-D551)/$AU551,0)","=$AU551-D551"
"Majestic Sun 805B - Spectacular sunset views, step",Seascape Resort,,41470,73730,471.25,83.81,105,2,2,8,true,true,true,true,true,false,true,Home/Apartment,Condominium (condo),Apt/Condo/Loft,3.65,25,1,21+,Luxury,false,212,true,88,23,2025-07-09,Santa Rosa/Rosemary Beach,Miramar Beach,Miramar Beach,Florida,32550,United States,coastal,https://www.airbnb.com/rooms/1082717803799042372,https://a0.muscache.com/im/pictures/prohost-api/Hosting-1082717803799042372/original/a56872c6-1235-4a38-a89f-7ce7118eb156.jpeg,1082717803799042372,1832572,30.375849,-86.36785,"=AVERAGE($G$2:$G$554)","=AVERAGE($D$2:$D$554)","=IFERROR(($AT552-G552)/$AT552,0)","=IFERROR(($AU552-D552)/$AU552,0)","=$AU552-D552"
Serene Escape: Cozy 10th Floor East-Facing 1-Bed,",Sandestin Golf And Beach Resort,"",41382,46541,440.23,45.41,332,2,2,4,true,true,false,true,true,false,true,Home/Apartment,Condominium (condo),Apt/Condo/Loft,0,0,1,21+,Luxury,false,155,true,94,25,2026-05-13,Santa Rosa/Rosemary Beach,Miramar Beach,Miramar Beach,Florida,32550,United States,coastal,https://www.airbnb.com/rooms/1103050188465642488,https://a0.muscache.com/im/pictures/prohost-api/Hosting-1103050188465642488/original/2f54e687-3f22-4e40-9959-3ed4c1ca350a.jpeg,1103050188465642488,3816444,30.372,-86.3333
Tides 401 Discover Bliss: Your Perfect Gulf View O,Gibson Beach Rentals,"",41229,55451,468.51,62.86,140,2,2,6,true,false,false,true,false,false,true,Home/Apartment,Condominium (condo),Apt/Condo/Loft,4.7,102,1,21+,Luxury,true,406,true,88,16,2026-01-26,Santa Rosa/Rosemary Beach,Miramar Beach,Miramar Beach,Florida,32550,United States,coastal,https://www.airbnb.com/rooms/1197900425250558116,https://a0.muscache.com/im/pictures/prohost-api/Hosting-1197900425250558116/original/1c599cf7-c1de-4ede-a411-63d1b02a460d.jpeg,1197900425250558116,20522,30.37,-86.326
Ariel Dunes II 0403 - Beautifully renovated beach,Seascape Resort,"",41146,43554,579.52,37.17,283,2,2,6,true,true,false,true,true,false,true,Home/Apartment,Condominium (condo),Apt/Condo/Loft,3.4,20,2,21+,Luxury,false,224,true,71,22,2026-05-16,Santa Rosa/Rosemary Beach,Miramar Beach,Miramar Beach,Florida,32550,United States,coastal,https://www.airbnb.com/rooms/1082610844718404281,https://a0.muscache.com/im/pictures/prohost-api/Hosting-1082610844718404281/original/e41e4fea-2958-40ea-87cd-2e215a98338d.jpeg,1082610844718404281,2609625,30.3781,-86.3674
Penthouse Unit- Large Private Beach!,Beachside Retreats,"",41070,60844,414.85,59.64,242,2,2,7,true,false,false,true,true,false,true,Home/Apartment,Condominium (condo),Apt/Condo/Loft,4.95,56,2,21+,Luxury,true,413,true,99,20,2026-05-16,Santa Rosa/Rosemary Beach,Miramar Beach,Miramar Beach,Florida,32550,United States,coastal,https://www.airbnb.com/rooms/48107171,https://a0.muscache.com/im/pictures/prohost-api/Hosting-48107171/original/84b445f7-d5b9-45dd-8297-908f828fba1c.jpeg,48107171,2182687,30.3699,-86.3261
""Spectacular Sunsets Await: West-Facing 7th-Floor 2-Bedroom Condo in Beachside Two! at Sandestin Golf and Beach Resort!,Sandestin Golf & Beach Resort,"",41064,47760,547.52,43.86,274,2,2,6,true,false,false,true,true,false,true,Home/Apartment,Condominium (condo),Apt/Condo/Loft,0,0,1,21+,Luxury,false,180,true,75,18,2026-05-16,Santa Rosa/Rosemary Beach,Miramar Beach,Miramar Beach,Florida,32550,United States,coastal,https://www.vrbo.com/3816402,https://media.vrbo.com/lodging/102000000/101870000/101860300/101860201/dc0098c1.jpg?impolicy=resizecrop&rw=1200&ra=fit,"",3816402,30.37002,-86.33004
Ariel Dunes II 705 - Beautiful beach condo"," steps,Seascape Resort,"",40817,41820,404.13,42.62,295,1,1,6,true,true,false,true,true,false,true,Home/Apartment,Condominium (condo),Apt/Condo/Loft,3,2,2,21+,Luxury,false,201,true,101,22,2026-05-16,Santa Rosa/Rosemary Beach,Miramar Beach,Miramar Beach,Florida,32550,United States,coastal,https://www.airbnb.com/rooms/1354298587442279047,https://a0.muscache.com/im/pictures/prohost-api/Hosting-1354298587442279047/original/831b9795-cb92-4af2-b7b7-7b4c4d9a960a.jpeg,1354298587442279047,4418963,30.3779,-86.3674
Beachside One"," 10th Floor in Sandestin Resort with tram!,"","",40642,51630,446.62,59.48,299,2,2,7,true,false,true,true,true,false,true,Home/Apartment,Condominium (condo),Apt/Condo/Loft,5,37,7,1,Luxury,false,175,false,91,15,2026-05-17,Santa Rosa/Rosemary Beach,Miramar Beach,Miramar Beach,Florida,32550,United States,coastal,https://www.vrbo.com/3286758,https://media.vrbo.com/lodging/92000000/91780000/91772000/91771979/w1290h1734x0y538-a141636c.jpg?impolicy=resizecrop&rw=1200&ra=fit,"",3286758,30.370155,-86.33138
Lake View ~ Private Patio ~ Golf Cart ~ Pool,My Vacation Haven,"",40637,92009,541.83,74.26,124,2,2,8,true,false,false,true,true,false,true,Home/Apartment,Townhouse,Apt/Condo/Loft,4.4,19,2,21+,Luxury,false,588,true,75,15,2026-05-13,Santa Rosa/Rosemary Beach,Miramar Beach,Miramar Beach,Florida,32550,United States,coastal,https://www.airbnb.com/rooms/35672444,https://a0.muscache.com/im/pictures/prohost-api/Hosting-35672444/original/2fc02f76-f6cf-44ab-b7e1-c3d3d5727c5b.jpeg,35672444,1675563,30.3769,-86.3325
Gulf-Front King Studio with Stunning Views,Sandestin Golf And Beach Resort,"",40417,42689,364.12,48.68,340,1,1,4,true,true,false,false,true,false,true,Home/Apartment,Condominium (condo),Apt/Condo/Loft,5,1,1,21+,Luxury,false,49,true,111,34,2026-05-13,Santa Rosa/Rosemary Beach,Miramar Beach,Miramar Beach,Florida,32550,United States,coastal,https://www.airbnb.com/rooms/1103016714922038048,https://a0.muscache.com/im/pictures/prohost-api/Hosting-1103016714922038048/original/14adfe40-4623-4bd3-a7bc-469aaf95b75c.jpeg,1103016714922038048,3817209,30.3707,-86.3304
""Modern Elegance Meets Gulf Panorama: Renovated 9t",Sandestin Golf And Beach Resort,,40094,44413,374.71,52.97,333,1,1,2,true,true,false,true,true,false,true,Home/Apartment,Condominium (condo),Apt/Condo/Loft,1,1,1,21+,Luxury,false,95,true,107,31,2026-05-13,Santa Rosa/Rosemary Beach,Miramar Beach,Miramar Beach,Florida,32550,United States,coastal,https://www.airbnb.com/rooms/1105025599731148431,https://a0.muscache.com/im/pictures/prohost-api/Hosting-1105025599731148431/original/0209214f-b549-4da7-b934-bc773a709d35.jpeg,1105025599731148431,"=AVERAGE($G$2:$G$554)","=AVERAGE($D$2:$D$554)","=IFERROR(($AT553-G553)/$AT553,0)","=IFERROR(($AU553-D553)/$AU553,0)","=$AU553-D553"
"Beachside Serenity: 9th-Floor 1-Bedroom Condo wit,Sandestin Golf And Beach Resort,"",40065,45410,351.45,61.96,309,1,1,4,true,true,false,true,true,false,true,Home/Apartment,Condominium (condo),Apt/Condo/Loft,3,2,1,21+,Luxury,false,95,true,114,27,2026-05-13,Santa Rosa/Rosemary Beach,Miramar Beach,Miramar Beach,Florida,32550,United States,coastal,https://www.airbnb.com/rooms/1105026462964213876,https://a0.muscache.com/im/pictures/prohost-api/Hosting-1105026462964213876/original/539fa4ee-9b95-49e7-8f85-a8054f45f501.jpeg,1105026462964213876,3816375,30.3707,-86.3304
Ariel Dunes II 1305 - The Views You've Heard About,Seascape Resort,"",39872,43076,448,50.28,179,1,1,6,true,true,false,true,true,false,true,Home/Apartment,Condominium (condo),Apt/Condo/Loft,4.1,25,1,21+,Luxury,false,392,true,89,24,2025-12-23,Santa Rosa/Rosemary Beach,Miramar Beach,Miramar Beach,Florida,32550,United States,coastal,https://www.airbnb.com/rooms/1082611960943107589,https://a0.muscache.com/im/pictures/prohost-api/Hosting-1082611960943107589/original/09bcc760-d3f5-4c22-9fd4-1bc1046cd5ad.jpeg,1082611960943107589,1045542,30.378128,-86.36742
Private Beach Access! Complementary Beach Service!,Beachside Retreats,"",39859,41411,306.61,54.85,299,1,1,6,true,false,true,true,true,true,true,Home/Apartment,Condominium (condo),Apt/Condo/Loft,4.85,33,2,21+,Luxury,true,301,true,130,27,2026-05-11,Santa Rosa/Rosemary Beach,Miramar Beach,Miramar Beach,Florida,32550,United States,coastal,https://www.airbnb.com/rooms/953781893731020703,https://a0.muscache.com/im/pictures/prohost-api/Hosting-953781893731020703/original/fddc4ae7-e9b9-4f9f-b915-1c7b620065d0.jpeg,953781893731020703,3545476,30.3804,-86.3922",,,,,,,,,,,,,,,,,,,,,,,,,,,,,,,,,,,,,,,,,,,,,"=AVERAGE($G$2:$G$554)","=AVERAGE($D$2:$D$554)","=IFERROR(($AT554-G554)/$AT554,0)","=IFERROR(($AU554-D554)/$AU554,0)","=$AU554-D554"
