Title,Property Manager/Host,Contact,Revenue,Revenue Potential,ADR,Occupancy,Days Available,Bedrooms,Bathrooms,Accommodates,Has Air Conditioning,Has Gym,Has Hot Tub,Has Kitchen,Has Parking,Has Pets,Has Pool,Listing Type,Property Type,Real Estate Type,Overall Rating,Number of Reviews,Minimum Stay,Host Unit Count,Price Tier,Airbnb Superhost,Cleaning Fee,Instant Book,Reserved Days,Number of Bookings,Last Update,AirDNA Market,AirDNA Subarket,City,State,Zipcode,Country,Location Type,Listing URL,Main Listing Image,Airbnb Property ID,Vrbo Property ID,Latitude,Longitude,Market Average Occupancy,Market Average Revenue,Occupancy Gap,Revenue % Gap,Revenue $ Gap
Rare walkout condo on Sanibel beach,10061637,,135777,137977,461.83,86.73,339,2,2,6,true,false,false,true,true,false,true,Home/Apartment,Condominium (condo),Apt/Condo/Loft,4.95,371,4,2-5,Luxury,true,175,true,294,58,2026-05-17,Cape Coral/Fort Myers,Sanibel,Sanibel,Florida,33957,United States,coastal,https://www.airbnb.com/rooms/1945247,https://a0.muscache.com/im/pictures/hosting/Hosting-U3RheVN1cHBseUxpc3Rpbmc6MTk0NTI0Nw%3D%3D/original/41f2383b-9348-42f8-b253-77f2b805b440.jpeg,1945247,800527,26.42496,-82.0955,"=AVERAGE($G$2:$G$689)","=AVERAGE($D$2:$D$689)","=IFERROR(($AT2-G2)/$AT2,0)","=IFERROR(($AU2-D2)/$AU2,0)","=$AU2-D2"
Blue Gulf 202,Kingfisher Vacations,,134618,153846,577.76,71.91,324,3,2,8,true,false,false,true,true,false,false,Home/Apartment,Condominium (condo),Apt/Condo/Loft,5,12,7,21+,Luxury,true,351,true,233,32,2026-05-11,Cape Coral/Fort Myers,Sanibel,Sanibel,Florida,33957,United States,coastal,https://www.airbnb.com/rooms/1352165629220953203,https://a0.muscache.com/im/pictures/prohost-api/Hosting-1352165629220953203/original/7b26318e-7121-411c-8bf0-294b2b99b581.jpeg,1352165629220953203,4423091,26.4237690204,-82.0913768925,"=AVERAGE($G$2:$G$689)","=AVERAGE($D$2:$D$689)","=IFERROR(($AT3-G3)/$AT3,0)","=IFERROR(($AU3-D3)/$AU3,0)","=$AU3-D3"
Amazing Gulf Views! Beachfront Condo + Pickleball,133236393,,133989,150022,439.31,92.71,329,2,2,4,true,false,false,true,true,false,true,Home/Apartment,Condominium (condo),Apt/Condo/Loft,4.95,78,7,2-5,Luxury,true,140,true,305,74,2026-05-11,Cape Coral/Fort Myers,Sanibel,Sanibel,Florida,33957,United States,coastal,https://www.airbnb.com/rooms/629750902006793176,https://a0.muscache.com/im/pictures/miso/Hosting-629750902006793176/original/65268d86-a5eb-4c23-94b2-834e3353b2e4.jpeg,629750902006793176,2856797,26.4497,-82.0199,"=AVERAGE($G$2:$G$689)","=AVERAGE($D$2:$D$689)","=IFERROR(($AT4-G4)/$AT4,0)","=IFERROR(($AU4-D4)/$AU4,0)","=$AU4-D4"
Sundial A201- Gorgeous Beachfront Condo at Sundial,Rosen Vacations,,133525,137531,440.68,85.11,356,2,2,8,true,false,false,true,true,false,false,Home/Apartment,Condominium (condo),Apt/Condo/Loft,4.95,37,3,21+,Luxury,true,422,true,303,67,2026-05-11,Cape Coral/Fort Myers,Sanibel,Sanibel,Florida,33957,United States,coastal,https://www.airbnb.com/rooms/1371833614530033926,https://a0.muscache.com/im/pictures/prohost-api/Hosting-1371833614530033926/original/f66d0ff3-18ca-4e55-87ad-dc1286f1f650.jpeg,1371833614530033926,4486185,26.4309,-82.0536,"=AVERAGE($G$2:$G$689)","=AVERAGE($D$2:$D$689)","=IFERROR(($AT5-G5)/$AT5,0)","=IFERROR(($AU5-D5)/$AU5,0)","=$AU5-D5"
Modern Gulf-Front Condo in Sanibel – Newly Renovat,Glass Casa,,129586,208756,629.06,95.81,244,2,2,6,true,false,true,true,false,false,true,Home/Apartment,Condominium (condo),Apt/Condo/Loft,4.9,55,1,21+,Luxury,true,594,true,206,31,2026-05-14,Cape Coral/Fort Myers,Sanibel,Sanibel,Florida,33957,United States,coastal,https://www.airbnb.com/rooms/1430486359955835047,https://a0.muscache.com/im/pictures/prohost-api/Hosting-1430486359955835047/original/78bdd997-8ed6-4194-a6fd-e59d4f3d3cda.jpeg,1430486359955835047,282725ha,26.4228,-82.0776,"=AVERAGE($G$2:$G$689)","=AVERAGE($D$2:$D$689)","=IFERROR(($AT6-G6)/$AT6,0)","=IFERROR(($AU6-D6)/$AU6,0)","=$AU6-D6"
Sundial A208- Stunning Beachfront 2BR at Sundial,Rosen Vacations,,126725,133546,454.21,79.94,349,2,2,8,true,false,false,true,true,false,true,Home/Apartment,Condominium (condo),Apt/Condo/Loft,4.95,36,3,21+,Luxury,true,424,true,279,62,2026-05-11,Cape Coral/Fort Myers,Sanibel,Sanibel,Florida,33957,United States,coastal,https://www.airbnb.com/rooms/1379120582480922327,https://a0.muscache.com/im/pictures/prohost-api/Hosting-1379120582480922327/original/c0967370-9822-4536-84fc-1083fc52b2cd.jpeg,1379120582480922327,4486187,26.4309,-82.0536,"=AVERAGE($G$2:$G$689)","=AVERAGE($D$2:$D$689)","=IFERROR(($AT7-G7)/$AT7,0)","=IFERROR(($AU7-D7)/$AU7,0)","=$AU7-D7"
Sundial A301- Gorgeous Beachfront Residence,Rosen Vacations,,116087,125424,439.72,79.04,334,2,2,8,true,false,false,true,false,false,true,Home/Apartment,Condominium (condo),Apt/Condo/Loft,4.9,35,3,21+,Luxury,true,424,true,264,61,2026-05-11,Cape Coral/Fort Myers,Sanibel,Sanibel,Florida,33957,United States,coastal,https://www.airbnb.com/rooms/1379120292772158503,https://a0.muscache.com/im/pictures/prohost-api/Hosting-1379120292772158503/original/541ffba1-0051-4d20-9485-552a84467b22.jpeg,1379120292772158503,4486186,26.4309,-82.0536,"=AVERAGE($G$2:$G$689)","=AVERAGE($D$2:$D$689)","=IFERROR(($AT8-G8)/$AT8,0)","=IFERROR(($AU8-D8)/$AU8,0)","=$AU8-D8"
Pointe Santo E44,Kingfisher Vacations,,115671,124636,472.13,79.29,330,3,2,8,true,false,false,true,true,false,true,Home/Apartment,Condominium (condo),Apt/Condo/Loft,4.25,8,4,21+,Luxury,true,350,true,245,34,2026-05-16,Cape Coral/Fort Myers,Sanibel,Sanibel,Florida,33957,United States,coastal,https://www.airbnb.com/rooms/1417490772126423976,https://a0.muscache.com/im/pictures/prohost-api/Hosting-1417490772126423976/original/21bb7d90-7d54-4013-86e3-93beb87e3b68.jpeg,1417490772126423976,4583556,26.4237006963,-82.0771281949,"=AVERAGE($G$2:$G$689)","=AVERAGE($D$2:$D$689)","=IFERROR(($AT9-G9)/$AT9,0)","=IFERROR(($AU9-D9)/$AU9,0)","=$AU9-D9"
Pointe Santo E4,Kingfisher Vacations,,115507,150868,485.32,83.51,296,3,2,8,true,false,false,true,true,false,true,Home/Apartment,Condominium (condo),Apt/Condo/Loft,5,18,4,21+,Luxury,true,350,true,238,44,2026-05-13,Cape Coral/Fort Myers,Sanibel,Sanibel,Florida,33957,United States,coastal,https://www.airbnb.com/rooms/1417493309219650566,https://a0.muscache.com/im/pictures/prohost-api/Hosting-1417493309219650566/original/694ef237-cbb5-4df8-a4ea-a7bde57588e8.jpeg,1417493309219650566,4583557,26.42189,-82.07758,"=AVERAGE($G$2:$G$689)","=AVERAGE($D$2:$D$689)","=IFERROR(($AT10-G10)/$AT10,0)","=IFERROR(($AU10-D10)/$AU10,0)","=$AU10-D10"
3BR Sanibel Retreat - gulf views - SIGI 18,Gulf Coast Vacation Rentals,,114572,148846,475.4,82.25,293,3,2,8,true,false,true,true,true,true,true,Home/Apartment,Condominium (condo),Apt/Condo/Loft,4.85,17,3,21+,Luxury,false,451,true,241,44,2026-05-11,Cape Coral/Fort Myers,Sanibel,Sanibel,Florida,33957,United States,coastal,https://www.airbnb.com/rooms/1131176267015091342,https://a0.muscache.com/im/pictures/prohost-api/Hosting-1131176267015091342/original/6f3b81c5-afc1-4f9a-b100-90eb4efdf808.jpeg,1131176267015091342,9947428ha,26.42827,-82.06102,"=AVERAGE($G$2:$G$689)","=AVERAGE($D$2:$D$689)","=IFERROR(($AT11-G11)/$AT11,0)","=IFERROR(($AU11-D11)/$AU11,0)","=$AU11-D11"
100+ 5 Star Reviews and Right on The Beach!,207544304,,113459,127755,418.67,83.64,324,2,2,6,true,false,false,true,true,true,true,Home/Apartment,Condominium (condo),Apt/Condo/Loft,4.95,111,3,1,Luxury,true,199,true,271,52,2026-05-17,Cape Coral/Fort Myers,Sanibel,Sanibel,Florida,33957,United States,coastal,https://www.airbnb.com/rooms/27520310,https://a0.muscache.com/im/pictures/a1ee5749-59df-4505-8e01-979b948f80b5.jpg,27520310,,26.4348,-82.0461,"=AVERAGE($G$2:$G$689)","=AVERAGE($D$2:$D$689)","=IFERROR(($AT12-G12)/$AT12,0)","=IFERROR(($AU12-D12)/$AU12,0)","=$AU12-D12"
"Grand Re-opening Sanddollar C102 3 BR with a king, a queen and 2 bunk bed sets.",,,111289,185703,1159.26,48.24,284,3,2,8,true,false,false,false,false,false,false,Home/Apartment,Condominium (condo),Apt/Condo/Loft,4.9,106,7,1,Luxury,false,210,true,96,11,2026-05-15,Cape Coral/Fort Myers,Sanibel,Sanibel,Florida,33957,United States,coastal,https://www.vrbo.com/3895623,"https://media.vrbo.com/lodging/104000000/103060000/103051400/103051311/ffe75d53.jpg?impolicy=resizecrop&rw=1200&ra=fit",,3895623,26.429717,-82.057716,"=AVERAGE($G$2:$G$689)","=AVERAGE($D$2:$D$689)","=IFERROR(($AT13-G13)/$AT13,0)","=IFERROR(($AU13-D13)/$AU13,0)","=$AU13-D13"
Sanibel: Pointe Santo B-47 Private Rooftop Sundeck,12109180,,110239,131706,369.93,93.12,320,2,2,5,true,false,true,true,true,false,true,Home/Apartment,Condominium (condo),Apt/Condo/Loft,5,66,7,2-5,Luxury,false,0,false,298,41,2026-05-11,Cape Coral/Fort Myers,Sanibel,Sanibel,Florida,33957,United States,coastal,https://www.airbnb.com/rooms/1323631069550558994,https://a0.muscache.com/im/pictures/hosting/Hosting-1323631069550558994/original/74d7b744-c8c2-4b35-9efc-812b9b9c5195.jpeg,1323631069550558994,107463ha,26.42231,-82.07663,"=AVERAGE($G$2:$G$689)","=AVERAGE($D$2:$D$689)","=IFERROR(($AT14-G14)/$AT14,0)","=IFERROR(($AU14-D14)/$AU14,0)","=$AU14-D14"
"Pointe Santo A4 - Gulf front ground level 3br, setting the standard for beachfront luxury.",Cottages to Castles of Sanibel and Captiva,,107492,170866,839.78,55.65,283,3,2,7,true,false,true,true,true,false,true,Home/Apartment,Condominium (condo),Apt/Condo/Loft,0,0,7,6-20,Luxury,false,450,true,128,17,2026-05-16,Cape Coral/Fort Myers,Sanibel,Sanibel,Florida,33957,United States,coastal,https://www.vrbo.com/20135520ha,"https://media.vrbo.com/lodging/115000000/114820000/114818900/114818860/bd4b0fe0.jpg?impolicy=resizecrop&rw=1200&ra=fit",,20135520ha,26.44996,-82.11362,"=AVERAGE($G$2:$G$689)","=AVERAGE($D$2:$D$689)","=IFERROR(($AT15-G15)/$AT15,0)","=IFERROR(($AU15-D15)/$AU15,0)","=$AU15-D15"
Gorgeous Penthouse Condo at Pointe Santo Sanibel,Rosen Vacations,,107011,113652,449.63,68.79,347,3,2,8,true,false,true,true,true,false,true,Home/Apartment,Condominium (condo),Apt/Condo/Loft,4.15,6,7,21+,Luxury,true,449,true,238,33,2026-05-13,Cape Coral/Fort Myers,Sanibel,Sanibel,Florida,33957,United States,coastal,https://www.airbnb.com/rooms/1329889413745508036,https://a0.muscache.com/im/pictures/prohost-api/Hosting-1329889413745508036/original/aea26431-1276-482c-b751-e14d2756a5c9.jpeg,1329889413745508036,4372947,26.4228,-82.0775,"=AVERAGE($G$2:$G$689)","=AVERAGE($D$2:$D$689)","=IFERROR(($AT16-G16)/$AT16,0)","=IFERROR(($AU16-D16)/$AU16,0)","=$AU16-D16"
Stunning Gulf-Front 3BR Condo with Panoramic Views,Glass Casa,,106829,156274,736.75,64.73,290,3,2,6,true,false,false,false,false,false,false,Home/Apartment,Condominium (condo),Apt/Condo/Loft,4.8,5,1,21+,Luxury,true,539,true,145,20,2026-05-17,Cape Coral/Fort Myers,Sanibel,Sanibel,Florida,33957,United States,coastal,https://www.airbnb.com/rooms/1415514924457432240,https://a0.muscache.com/im/pictures/prohost-api/Hosting-1415514924457432240/original/ed2423c2-0929-4b22-9b19-f132d0a40690.jpeg,1415514924457432240,4548946,26.4228,-82.0782,"=AVERAGE($G$2:$G$689)","=AVERAGE($D$2:$D$689)","=IFERROR(($AT17-G17)/$AT17,0)","=IFERROR(($AU17-D17)/$AU17,0)","=$AU17-D17"
Sanibel Condo with panoramic view - Sandalfoot 5A3,Gulf Coast Vacation Rentals,,106561,125319,436.73,76.49,319,2,2,6,true,false,false,true,true,false,true,Home/Apartment,Condominium (condo),Apt/Condo/Loft,4.75,15,3,21+,Luxury,true,271,true,244,44,2026-05-11,Cape Coral/Fort Myers,Sanibel,Sanibel,Florida,33957,United States,coastal,https://www.airbnb.com/rooms/1298661046856152357,https://a0.muscache.com/im/pictures/prohost-api/Hosting-1298661046856152357/original/d8bdd21c-e29d-44ba-892f-540b76738d72.jpeg,1298661046856152357,20124763ha,26.4436519126,-82.0312213694,"=AVERAGE($G$2:$G$689)","=AVERAGE($D$2:$D$689)","=IFERROR(($AT18-G18)/$AT18,0)","=IFERROR(($AU18-D18)/$AU18,0)","=$AU18-D18"
Sundial P402 Gulf View Two bedroom Beach Condo,Dream Vacation Rentals,,105689,111777,449.74,67.34,349,2,2,6,true,false,false,true,true,false,true,Home/Apartment,Condominium (condo),Apt/Condo/Loft,4.9,96,3,21+,Luxury,true,311,true,235,58,2026-05-17,Cape Coral/Fort Myers,Sanibel,Sanibel,Florida,33957,United States,coastal,https://www.airbnb.com/rooms/48342108,https://a0.muscache.com/im/pictures/prohost-api/Hosting-48342108/original/dda910ef-aa8c-403c-9718-1e322d8fa444.jpeg,48342108,9551356ha,26.433,-82.0504,"=AVERAGE($G$2:$G$689)","=AVERAGE($D$2:$D$689)","=IFERROR(($AT19-G19)/$AT19,0)","=IFERROR(($AU19-D19)/$AU19,0)","=$AU19-D19"
"Gulf front newly remodeled, 2 bedroom 2 bath top f",Glass Casa,,105106,147077,724.87,67.13,275,2,2,6,true,false,false,true,true,false,true,Home/Apartment,Condominium (condo),Apt/Condo/Loft,5,7,1,21+,Luxury,true,645,true,145,22,2026-05-11,Cape Coral/Fort Myers,Sanibel,Sanibel,Florida,33957,United States,coastal,https://www.airbnb.com/rooms/1323247976211805288,https://a0.muscache.com/im/pictures/prohost-api/Hosting-1323247976211805288/original/dfc00eba-b5b0-4df3-9131-8a7dfc512075.jpeg,1323247976211805288,4346206,26.4281,-82.0596,"=AVERAGE($G$2:$G$689)","=AVERAGE($D$2:$D$689)","=IFERROR(($AT20-G20)/$AT20,0)","=IFERROR(($AU20-D20)/$AU20,0)","=$AU20-D20"
Amazing beach views - Sanibel - Sandalfoot 5C2,Gulf Coast Vacation Rentals,,104857,112119,417.76,74.48,337,2,2,4,true,false,false,true,true,false,true,Home/Apartment,Condominium (condo),Apt/Condo/Loft,5,47,3,21+,Luxury,true,272,true,251,49,2026-05-11,Cape Coral/Fort Myers,Sanibel,Sanibel,Florida,33957,United States,coastal,https://www.airbnb.com/rooms/1298661068199635425,https://a0.muscache.com/im/pictures/prohost-api/Hosting-1298661068199635425/original/bebdf5a3-67d7-4195-bb55-eebac8768f32.jpeg,1298661068199635425,20124767ha,26.4421215788,-82.0308390361,"=AVERAGE($G$2:$G$689)","=AVERAGE($D$2:$D$689)","=IFERROR(($AT21-G21)/$AT21,0)","=IFERROR(($AU21-D21)/$AU21,0)","=$AU21-D21"
Unmatched Beachfront Comfort: Ground-Floor Gulf-Fr,Glass Casa,,103775,114624,669.52,66.52,325,2,2,6,true,false,true,true,false,false,true,Home/Apartment,Condominium (condo),Apt/Condo/Loft,5,2,1,21+,Luxury,true,594,true,155,25,2026-05-16,Cape Coral/Fort Myers,Sanibel,Sanibel,Florida,33957,United States,coastal,https://www.airbnb.com/rooms/1437263211178586930,https://a0.muscache.com/im/pictures/prohost-api/Hosting-1437263211178586930/original/994666f9-7cac-4d96-83c7-47950d54a767.jpeg,1437263211178586930,4611888,26.4228,-82.0776,"=AVERAGE($G$2:$G$689)","=AVERAGE($D$2:$D$689)","=IFERROR(($AT22-G22)/$AT22,0)","=IFERROR(($AU22-D22)/$AU22,0)","=$AU22-D22"
Steps To The Beach,PVConcierge,,102874,129964,432.24,84.4,282,2,2,6,true,false,false,true,true,false,true,Home/Apartment,Condominium (condo),Apt/Condo/Loft,5,31,3,21+,Luxury,false,295,true,238,48,2026-05-16,Cape Coral/Fort Myers,Sanibel,Sanibel,Florida,33957,United States,coastal,https://www.airbnb.com/rooms/29680914,https://a0.muscache.com/im/pictures/prohost-api/Hosting-29680914/original/db046ef7-9425-4974-97d6-43308f8c239d.jpeg,29680914,3936962ha,26.4348,-82.0461,"=AVERAGE($G$2:$G$689)","=AVERAGE($D$2:$D$689)","=IFERROR(($AT23-G23)/$AT23,0)","=IFERROR(($AU23-D23)/$AU23,0)","=$AU23-D23"
Sundial T201,Dream Vacation Rentals,,102262,110963,469.09,63.19,345,3,2,6,true,false,false,true,true,false,true,Home/Apartment,Condominium (condo),Apt/Condo/Loft,4.75,103,3,21+,Luxury,true,311,true,218,52,2026-05-17,Cape Coral/Fort Myers,Sanibel,Sanibel,Florida,33957,United States,coastal,https://www.airbnb.com/rooms/33156182,https://a0.muscache.com/im/pictures/prohost-api/Hosting-33156182/original/10552a4e-f9c3-4348-a15f-0976c50f5e34.jpeg,33156182,7818841ha,26.4327,-82.0506,"=AVERAGE($G$2:$G$689)","=AVERAGE($D$2:$D$689)","=IFERROR(($AT24-G24)/$AT24,0)","=IFERROR(($AU24-D24)/$AU24,0)","=$AU24-D24"
Sundial G406: Beach Front 1BR w/Ocean Views,171555328,,101602,106292,305.11,95.42,349,1,1,4,true,false,false,true,true,false,true,Home/Apartment,Condominium (condo),Apt/Condo/Loft,5,73,4,2-5,Luxury,true,195,true,333,85,2026-05-11,Cape Coral/Fort Myers,Sanibel,Sanibel,Florida,33957,United States,coastal,https://www.airbnb.com/rooms/1374187505278654849,"https://a0.muscache.com/im/pictures/hosting/Hosting-U3RheVN1cHBseUxpc3Rpbmc6MTM3NDE4NzUwNTI3ODY1NDg0OQ==/original/f443d928-af78-43dd-bf99-6f41227ecba2.jpeg",1374187505278654849,4489916,26.431473014,-82.0547308615,"=AVERAGE($G$2:$G$689)","=AVERAGE($D$2:$D$689)","=IFERROR(($AT25-G25)/$AT25,0)","=IFERROR(($AU25-D25)/$AU25,0)","=$AU25-D25"
2 Bedroom Condo With Spectacular Gulf Views,Glass Casa,,101057,107246,656.21,65.25,310,2,2,5,true,false,true,true,false,false,true,Home/Apartment,Condominium (condo),Apt/Condo/Loft,5,1,4,21+,Luxury,true,568,true,154,27,2026-05-13,Cape Coral/Fort Myers,Sanibel,Sanibel,Florida,33957,United States,coastal,https://www.airbnb.com/rooms/1402308250360424074,https://a0.muscache.com/im/pictures/prohost-api/Hosting-1402308250360424074/original/a809b3b1-d2b9-4d7c-ae69-e6d6725356f5.jpeg,1402308250360424074,4530718,26.4228,-82.0776,"=AVERAGE($G$2:$G$689)","=AVERAGE($D$2:$D$689)","=IFERROR(($AT26-G26)/$AT26,0)","=IFERROR(($AU26-D26)/$AU26,0)","=$AU26-D26"
"OCEAN'S REACH 4D4: Top Floor,/Corner, Gorgeous Gulf Views, Amenities Open!",Ocean's Reach Condominiums,,101012,139218,415.69,91.35,267,2,2,4,true,false,false,true,true,false,true,Home/Apartment,Condominium (condo),Apt/Condo/Loft,5,6,4,21+,Luxury,false,0,true,243,38,2026-05-15,Cape Coral/Fort Myers,Sanibel,Sanibel,Florida,33957,United States,coastal,https://www.vrbo.com/1705077,"https://media.vrbo.com/lodging/40000000/39090000/39088700/39088666/dfe1e8e4.jpg?impolicy=resizecrop&rw=1200&ra=fit",,1705077,26.42485,-82.06694,"=AVERAGE($G$2:$G$689)","=AVERAGE($D$2:$D$689)","=IFERROR(($AT27-G27)/$AT27,0)","=IFERROR(($AU27-D27)/$AU27,0)","=$AU27-D27"
Caloosa Retreat- 2BR at Palmview Inn Sanibel,Rosen Vacations,,99349,116102,376.32,83.02,318,2,2,6,true,false,false,true,true,true,false,Home/Apartment,Bungalow,House/villa,4.5,6,3,21+,Luxury,true,125,true,264,78,2026-05-17,Cape Coral/Fort Myers,Sanibel,Sanibel,Florida,33957,United States,coastal,https://www.airbnb.com/rooms/1055056926877508505,https://a0.muscache.com/im/pictures/prohost-api/Hosting-1055056926877508505/original/3f5d804e-8cdd-448b-8afc-0873e4d1a190.jpeg,1055056926877508505,3778047,26.4383,-82.0458,"=AVERAGE($G$2:$G$689)","=AVERAGE($D$2:$D$689)","=IFERROR(($AT28-G28)/$AT28,0)","=IFERROR(($AU28-D28)/$AU28,0)","=$AU28-D28"
Pine Cove #102 is a 3/2 beachfront Sanibel vacatio,Select Vacation Properties,,98909,131592,701.48,65.28,297,3,2,6,true,true,false,true,true,false,true,Home/Apartment,Condominium (condo),Apt/Condo/Loft,4.7,104,1,21+,Luxury,true,306,true,141,24,2026-05-17,Cape Coral/Fort Myers,Sanibel,Sanibel,Florida,33957,United States,coastal,https://www.airbnb.com/rooms/38094784,https://a0.muscache.com/im/pictures/prohost-api/Hosting-38094784/original/9a51e4f3-c351-4ddb-8317-13919d675026.jpeg,38094784,858244,26.42426,-82.08019,"=AVERAGE($G$2:$G$689)","=AVERAGE($D$2:$D$689)","=IFERROR(($AT29-G29)/$AT29,0)","=IFERROR(($AU29-D29)/$AU29,0)","=$AU29-D29"
Cozy condo - pet friendly - SIGI 10,Gulf Coast Vacation Rentals,,98700,100369,348.76,78.61,360,1,1,4,true,false,true,true,true,true,true,Home/Apartment,Condominium (condo),Apt/Condo/Loft,4.7,21,2,21+,Luxury,false,333,true,283,53,2026-05-17,Cape Coral/Fort Myers,Sanibel,Sanibel,Florida,33957,United States,coastal,https://www.airbnb.com/rooms/1129729343990726224,https://a0.muscache.com/im/pictures/prohost-api/Hosting-1129729343990726224/original/ee6a7dce-a7de-4c4a-8e50-61ed1f8eb567.jpeg,1129729343990726224,9946406ha,26.42848,-82.0605,"=AVERAGE($G$2:$G$689)","=AVERAGE($D$2:$D$689)","=IFERROR(($AT30-G30)/$AT30,0)","=IFERROR(($AU30-D30)/$AU30,0)","=$AU30-D30"
Gulf views & rooftop deck - pets ok - SIGI 17,Gulf Coast Vacation Rentals,,98398,138407,466.34,78.15,272,3,2,6,true,false,true,true,true,true,true,Home/Apartment,Condominium (condo),Apt/Condo/Loft,4.85,22,3,21+,Luxury,false,366,true,211,42,2026-05-11,Cape Coral/Fort Myers,Sanibel,Sanibel,Florida,33957,United States,coastal,https://www.airbnb.com/rooms/1130642693873512839,https://a0.muscache.com/im/pictures/prohost-api/Hosting-1130642693873512839/original/6f2dad2e-b204-4ea2-8dca-e694f0961ef6.png,1130642693873512839,9947426ha,26.42858,-82.06049,"=AVERAGE($G$2:$G$689)","=AVERAGE($D$2:$D$689)","=IFERROR(($AT31-G31)/$AT31,0)","=IFERROR(($AU31-D31)/$AU31,0)","=$AU31-D31"
Panoramic Gulf views - Sanibel - Sandalfoot 5C3,Gulf Coast Vacation Rentals,,98324,98324,349.91,76.99,365,2,2,6,true,false,false,true,true,false,true,Home/Apartment,Apartment,Apt/Condo/Loft,4.9,26,3,21+,Luxury,true,272,true,281,50,2026-05-11,Cape Coral/Fort Myers,Sanibel,Sanibel,Florida,33957,United States,coastal,https://www.airbnb.com/rooms/1298661092796368906,https://a0.muscache.com/im/pictures/prohost-api/Hosting-1298661092796368906/original/13f6ec9b-23d8-4bf5-9f41-fac9cd8befb0.jpeg,1298661092796368906,20124768ha,26.4442129422,-82.0305397725,"=AVERAGE($G$2:$G$689)","=AVERAGE($D$2:$D$689)","=IFERROR(($AT32-G32)/$AT32,0)","=IFERROR(($AU32-D32)/$AU32,0)","=$AU32-D32"
#122 Sanibel Moorings Gulf Front,RedAwning,,96536,121498,548.5,61.54,294,2,2,6,true,true,false,true,true,false,true,Home/Apartment,House,House/villa,4.5,16,1,21+,Luxury,false,152,true,176,32,2020-05-23,Cape Coral/Fort Myers,Sanibel,Sanibel,Florida,33957,United States,coastal,https://www.airbnb.com/rooms/28485344,"https://a0.muscache.com/im/pictures/8204203d-4a75-4a77-98bb-cfaa30cc15b1.jpg?aki_policy=x_large",28485344,3677577ha,26.44022,-82.03376,"=AVERAGE($G$2:$G$689)","=AVERAGE($D$2:$D$689)","=IFERROR(($AT33-G33)/$AT33,0)","=IFERROR(($AU33-D33)/$AU33,0)","=$AU33-D33"
Pointe Santo A26: Exquisite Gulf-Front Paradise,Dream Vacation Rentals,,96238,122599,425.83,74.59,303,2,2,6,true,false,true,true,true,false,true,Home/Apartment,Condominium (condo),Apt/Condo/Loft,4.65,11,1,21+,Luxury,true,268,true,226,32,2026-05-11,Cape Coral/Fort Myers,Sanibel,Sanibel,Florida,33957,United States,coastal,https://www.airbnb.com/rooms/1377530462207236733,https://a0.muscache.com/im/pictures/prohost-api/Hosting-1377530462207236733/original/1c89961d-d44b-49e9-8496-773526e86aee.jpeg,1377530462207236733,20125119ha,26.4224,-82.0783,"=AVERAGE($G$2:$G$689)","=AVERAGE($D$2:$D$689)","=IFERROR(($AT34-G34)/$AT34,0)","=IFERROR(($AU34-D34)/$AU34,0)","=$AU34-D34"
Gulf-Front Grandeur Awaits. Breathtaking Views & S,Glass Casa,,95723,160530,878.19,75.69,181,3,2,6,true,true,false,true,false,false,true,Home/Apartment,Condominium (condo),Apt/Condo/Loft,0,0,1,21+,Luxury,true,582,true,109,13,2026-05-15,Cape Coral/Fort Myers,Sanibel,Sanibel,Florida,33957,United States,coastal,https://www.airbnb.com/rooms/1430491081831919632,https://a0.muscache.com/im/pictures/prohost-api/Hosting-1430491081831919632/original/327c522c-956b-49bb-a950-f3bb9171246a.jpeg,1430491081831919632,,26.4228,-82.0782,"=AVERAGE($G$2:$G$689)","=AVERAGE($D$2:$D$689)","=IFERROR(($AT35-G35)/$AT35,0)","=IFERROR(($AU35-D35)/$AU35,0)","=$AU35-D35"
Pine Cove #201 is a 3/2 beachfront Sanibel Island,Select Vacation Properties,,95009,119240,555.61,60.64,286,3,2,6,true,true,true,true,true,false,true,Home/Apartment,Condominium (condo),Apt/Condo/Loft,4.15,6,1,21+,Luxury,true,304,true,171,33,2026-05-11,Cape Coral/Fort Myers,Sanibel,Sanibel,Florida,33957,United States,coastal,https://www.airbnb.com/rooms/684016631040253906,https://a0.muscache.com/im/pictures/prohost-api/Hosting-684016631040253906/original/4bba6075-c287-423a-a793-73ea7bd738b0.jpeg,684016631040253906,2782891,26.4234,-82.0805,"=AVERAGE($G$2:$G$689)","=AVERAGE($D$2:$D$689)","=IFERROR(($AT36-G36)/$AT36,0)","=IFERROR(($AU36-D36)/$AU36,0)","=$AU36-D36"
Spacious Sanibel Beach Retreat - SIGI 14,Gulf Coast Vacation Rentals,,93585,97884,419.66,83.83,266,3,2,7,true,false,true,true,true,true,true,Home/Apartment,Condominium (condo),Apt/Condo/Loft,4.85,24,2,21+,Luxury,false,405,true,223,43,2026-05-17,Cape Coral/Fort Myers,Sanibel,Sanibel,Florida,33957,United States,coastal,https://www.airbnb.com/rooms/1130641380826179623,https://a0.muscache.com/im/pictures/prohost-api/Hosting-1130641380826179623/original/596828bf-5727-4dae-8c89-20b544c0bf64.jpeg,1130641380826179623,9947422ha,26.42673,-82.06027,"=AVERAGE($G$2:$G$689)","=AVERAGE($D$2:$D$689)","=IFERROR(($AT37-G37)/$AT37,0)","=IFERROR(($AU37-D37)/$AU37,0)","=$AU37-D37"
BEAUTIFUL SANIBEL ISLAND CONDO LRG 3BD 2BTH NEW BEDS OPEN CATHEDRAL CONCEPT LOFT,,,93450,119546,372.31,79.68,315,3,2,7,true,true,false,true,true,false,true,Home/Apartment,Condominium (condo),Apt/Condo/Loft,5,56,7,1,Luxury,false,295,true,251,45,2026-05-15,Cape Coral/Fort Myers,Sanibel,Sanibel,Florida,33957,United States,coastal,https://www.vrbo.com/9420535ha,"https://media.vrbo.com/lodging/50000000/49150000/49148100/49148077/f04294e5.jpg?impolicy=resizecrop&rw=1200&ra=fit",,9420535ha,26.43614,-82.043585,"=AVERAGE($G$2:$G$689)","=AVERAGE($D$2:$D$689)","=IFERROR(($AT38-G38)/$AT38,0)","=IFERROR(($AU38-D38)/$AU38,0)","=$AU38-D38"
"OCEAN'S REACH 2X2: 1-Bdrm, Gulf-Front View, All Amenities Open!",Ocean's Reach Condominiums,,93110,110288,369.48,80.77,313,1,1,4,true,false,false,true,true,false,true,Home/Apartment,Condominium (condo),Apt/Condo/Loft,4.7,3,4,21+,Luxury,false,0,true,252,40,2026-05-13,Cape Coral/Fort Myers,Sanibel,Sanibel,Florida,33957,United States,coastal,https://www.vrbo.com/4499496,"https://media.vrbo.com/lodging/115000000/114280000/114278100/114278073/dd6df3c6.jpg?impolicy=resizecrop&rw=1200&ra=fit",,4499496,26.424688,-82.067345,"=AVERAGE($G$2:$G$689)","=AVERAGE($D$2:$D$689)","=IFERROR(($AT39-G39)/$AT39,0)","=IFERROR(($AU39-D39)/$AU39,0)","=$AU39-D39"
Pelicans Roost 301,Kingfisher Vacations,,92618,124322,571.72,55.48,298,2,2,8,true,false,false,true,true,false,true,Home/Apartment,Condominium (condo),Apt/Condo/Loft,4.85,6,4,21+,Luxury,true,188,true,162,28,2026-05-13,Cape Coral/Fort Myers,Sanibel,Sanibel,Florida,33957,United States,coastal,https://www.airbnb.com/rooms/1211540285356365541,https://a0.muscache.com/im/pictures/prohost-api/Hosting-1211540285356365541/original/81e62001-acae-4aca-bc28-17926b3bda64.jpeg,1211540285356365541,4121777,26.43638,-82.04418,"=AVERAGE($G$2:$G$689)","=AVERAGE($D$2:$D$689)","=IFERROR(($AT40-G40)/$AT40,0)","=IFERROR(($AU40-D40)/$AU40,0)","=$AU40-D40"
Gulf views condo -  pet friendly - SIGI 06,Gulf Coast Vacation Rentals,,92483,107078,338.77,82.23,332,1,1,4,true,false,true,true,true,true,true,Home/Apartment,Condominium (condo),Apt/Condo/Loft,4.7,19,2,21+,Luxury,false,352,true,273,54,2026-05-17,Cape Coral/Fort Myers,Sanibel,Sanibel,Florida,33957,United States,coastal,https://www.airbnb.com/rooms/1129722816438751516,https://a0.muscache.com/im/pictures/prohost-api/Hosting-1129722816438751516/original/da42b4bc-7bc7-48e0-8ee8-e760ac5fecbf.jpeg,1129722816438751516,9944210ha,26.42808,-82.06156,"=AVERAGE($G$2:$G$689)","=AVERAGE($D$2:$D$689)","=IFERROR(($AT41-G41)/$AT41,0)","=IFERROR(($AU41-D41)/$AU41,0)","=$AU41-D41"
Relaxing Pool & Ocean View Oasis,180120399,,92203,119281,367.34,82.84,303,3,2,6,true,false,false,true,true,false,true,Home/Apartment,Apartment,Apt/Condo/Loft,5,27,3,1,Luxury,true,208,true,251,45,2026-05-11,Cape Coral/Fort Myers,Sanibel,Sanibel,Florida,33957,United States,coastal,https://www.airbnb.com/rooms/1238397941861316497,https://a0.muscache.com/im/pictures/hosting/Hosting-U3RheVN1cHBseUxpc3Rpbmc6MTIzODM5Nzk0MTg2MTMxNjQ5Nw%3D%3D/original/b2936345-b288-480f-81f6-f6eba04a6b8c.jpeg,1238397941861316497,4179997,26.4343,-82.0462,"=AVERAGE($G$2:$G$689)","=AVERAGE($D$2:$D$689)","=IFERROR(($AT42-G42)/$AT42,0)","=IFERROR(($AU42-D42)/$AU42,0)","=$AU42-D42"
Private deck - pet friendly - SIGI 08,Gulf Coast Vacation Rentals,,92110,109788,336.17,86.16,320,1,1,4,true,false,true,true,true,true,true,Home/Apartment,Condominium (condo),Apt/Condo/Loft,4.4,9,3,21+,Luxury,false,337,true,274,45,2026-05-11,Cape Coral/Fort Myers,Sanibel,Sanibel,Florida,33957,United States,coastal,https://www.airbnb.com/rooms/1129727863307229111,https://a0.muscache.com/im/pictures/prohost-api/Hosting-1129727863307229111/original/ee9b2c34-e619-4291-af2c-c4c00f9de87b.jpeg,1129727863307229111,9944206ha,26.42725,-82.06281,"=AVERAGE($G$2:$G$689)","=AVERAGE($D$2:$D$689)","=IFERROR(($AT43-G43)/$AT43,0)","=IFERROR(($AU43-D43)/$AU43,0)","=$AU43-D43"
Sundial F401 Penthouse Beachfront with Wrap Around Balcony,,,92040,123866,438.29,78.65,267,2,2,6,true,true,false,true,true,false,true,Home/Apartment,Condominium (condo),Apt/Condo/Loft,5,111,7,1,Luxury,false,25,true,210,40,2026-05-14,Cape Coral/Fort Myers,Sanibel,Sanibel,Florida,33957,United States,coastal,https://www.vrbo.com/200967ha,"https://media.vrbo.com/lodging/34000000/33580000/33573800/33573723/5ae3f57d.jpg?impolicy=resizecrop&rw=1200&ra=fit",,200967ha,26.430632,-82.052336,"=AVERAGE($G$2:$G$689)","=AVERAGE($D$2:$D$689)","=IFERROR(($AT44-G44)/$AT44,0)","=IFERROR(($AU44-D44)/$AU44,0)","=$AU44-D44"
Luxury Waterfront Condo! Steps to the Beach,147556543,,91808,100448,507.23,71.26,339,2,2,6,true,false,false,true,true,false,false,Home/Apartment,Condominium (condo),Apt/Condo/Loft,4.9,53,6,6-20,Luxury,false,224,true,181,21,2026-05-14,Cape Coral/Fort Myers,Sanibel,Sanibel,Florida,33957,United States,coastal,https://www.airbnb.com/rooms/1395699769896696951,https://a0.muscache.com/im/pictures/prohost-api/Hosting-1395699769896696951/original/5dd4ba3a-4e42-416e-ba16-6003063cfeaa.jpeg,1395699769896696951,2116979,26.4246,-82.0953,"=AVERAGE($G$2:$G$689)","=AVERAGE($D$2:$D$689)","=IFERROR(($AT45-G45)/$AT45,0)","=IFERROR(($AU45-D45)/$AU45,0)","=$AU45-D45"
"Ocean's Reach 4D2: Gulf-Front, Corner Unit, All Amenities Open, Sleeps 6",Ocean's Reach Condominiums,,91652,114599,462.89,64.08,310,2,2,6,true,false,false,true,true,false,true,Home/Apartment,Condominium (condo),Apt/Condo/Loft,5,11,4,21+,Luxury,false,0,true,198,35,2026-05-16,Cape Coral/Fort Myers,Sanibel,Sanibel,Florida,33957,United States,coastal,https://www.vrbo.com/1705074,"https://media.vrbo.com/lodging/40000000/39090000/39087000/39087000/4a3f37cb.jpg?impolicy=resizecrop&rw=1200&ra=fit",,1705074,26.424688,-82.067345,"=AVERAGE($G$2:$G$689)","=AVERAGE($D$2:$D$689)","=IFERROR(($AT46-G46)/$AT46,0)","=IFERROR(($AU46-D46)/$AU46,0)","=$AU46-D46"
Palm Retreat Cottage at Palmview Inn of Sanibel,Rosen Vacations,,90922,95763,424.87,61.67,347,3,2,10,true,false,false,true,true,true,false,Home/Apartment,Bungalow,House/villa,4.8,61,3,21+,Luxury,true,152,true,214,63,2026-05-17,Cape Coral/Fort Myers,Sanibel,Sanibel,Florida,33957,United States,coastal,https://www.airbnb.com/rooms/705714294298131327,https://a0.muscache.com/im/pictures/prohost-api/Hosting-705714294298131327/original/564d2108-2851-474d-8c61-3b996649b42f.jpeg,705714294298131327,2993519,26.4383,-82.0458,"=AVERAGE($G$2:$G$689)","=AVERAGE($D$2:$D$689)","=IFERROR(($AT47-G47)/$AT47,0)","=IFERROR(($AU47-D47)/$AU47,0)","=$AU47-D47"
Pirates Retreat Cottage at Palmview Inn of Sanibel,Rosen Vacations,,90902,106182,371.03,82.77,296,2,2,6,true,false,false,true,true,true,false,Home/Apartment,Bungalow,House/villa,4.5,6,3,21+,Luxury,true,124,true,245,78,2026-05-11,Cape Coral/Fort Myers,Sanibel,Sanibel,Florida,33957,United States,coastal,https://www.airbnb.com/rooms/1055160760903214427,https://a0.muscache.com/im/pictures/prohost-api/Hosting-1055160760903214427/original/8f55b3a6-3bd4-4ccb-aaba-5dad1259f5c1.jpeg,1055160760903214427,3778049,26.4383,-82.0458,"=AVERAGE($G$2:$G$689)","=AVERAGE($D$2:$D$689)","=IFERROR(($AT48-G48)/$AT48,0)","=IFERROR(($AU48-D48)/$AU48,0)","=$AU48-D48"
Beachfront Condo - Sanibel - Compass Point #163,Gulf Coast Vacation Rentals,,90695,102244,419.88,66.67,329,2,2,6,true,true,false,true,true,false,true,Home/Apartment,Condominium (condo),Apt/Condo/Loft,4.1,22,7,21+,Luxury,false,307,true,216,29,2026-05-17,Cape Coral/Fort Myers,Sanibel,Sanibel,Florida,33957,United States,coastal,https://www.airbnb.com/rooms/1092760316153356943,https://a0.muscache.com/im/pictures/prohost-api/Hosting-1092760316153356943/original/ada08936-b8f6-49f0-85a7-a733019de974.jpeg,1092760316153356943,9877200ha,26.43342,-82.04606,"=AVERAGE($G$2:$G$689)","=AVERAGE($D$2:$D$689)","=IFERROR(($AT49-G49)/$AT49,0)","=IFERROR(($AU49-D49)/$AU49,0)","=$AU49-D49"
2BR with beach views - Sanibel - Sandalfoot 1C2,Gulf Coast Vacation Rentals,,90609,101591,446.35,61.33,331,2,2,6,true,false,false,true,true,false,true,Home/Apartment,Condominium (condo),Apt/Condo/Loft,4.9,26,3,21+,Luxury,true,275,true,203,46,2026-05-11,Cape Coral/Fort Myers,Sanibel,Sanibel,Florida,33957,United States,coastal,https://www.airbnb.com/rooms/1333523504760797343,https://a0.muscache.com/im/pictures/prohost-api/Hosting-1333523504760797343/original/1429edf4-5ac0-453b-b429-4f3efad4b6c9.jpeg,1333523504760797343,20124730ha,26.4421819379,-82.0326295087,"=AVERAGE($G$2:$G$689)","=AVERAGE($D$2:$D$689)","=IFERROR(($AT50-G50)/$AT50,0)","=IFERROR(($AU50-D50)/$AU50,0)","=$AU50-D50"
Pelicans Roost 307,Kingfisher Vacations,,90589,115376,616.25,61.25,283,2,2,6,true,false,false,true,true,false,true,Home/Apartment,Condominium (condo),Apt/Condo/Loft,5,3,4,21+,Luxury,true,190,true,147,24,2026-05-11,Cape Coral/Fort Myers,Sanibel,Sanibel,Florida,33957,United States,coastal,https://www.airbnb.com/rooms/1244226823215874385,https://a0.muscache.com/im/pictures/prohost-api/Hosting-1244226823215874385/original/ca172eb4-15b4-4417-9ec7-949e6220e531.jpeg,1244226823215874385,4193612,26.43635,-82.0448,"=AVERAGE($G$2:$G$689)","=AVERAGE($D$2:$D$689)","=IFERROR(($AT51-G51)/$AT51,0)","=IFERROR(($AU51-D51)/$AU51,0)","=$AU51-D51"
Tropical Garden Condo Just Steps to Sanibel Beach,10061637,,90179,109515,446.43,66.45,310,2,2,6,true,false,false,true,true,false,true,Home/Apartment,Condominium (condo),Apt/Condo/Loft,4.9,78,4,2-5,Luxury,true,175,true,202,40,2026-05-11,Cape Coral/Fort Myers,Sanibel,Sanibel,Florida,33957,United States,coastal,https://www.airbnb.com/rooms/503901449263140541,https://a0.muscache.com/im/pictures/hosting/Hosting-503901449263140541/original/720e7c9d-6902-4d7b-8278-0d9b2e252fee.jpeg,503901449263140541,2560637,26.42647,-82.09341,"=AVERAGE($G$2:$G$689)","=AVERAGE($D$2:$D$689)","=IFERROR(($AT52-G52)/$AT52,0)","=IFERROR(($AU52-D52)/$AU52,0)","=$AU52-D52"
Family Get Away on Sanibel Beach,Glass Casa,,90065,110941,511.73,60.27,301,2,2,6,true,true,true,true,false,false,true,Home/Apartment,Condominium (condo),Apt/Condo/Loft,5,2,1,21+,Luxury,true,659,true,176,36,2026-05-17,Cape Coral/Fort Myers,Sanibel,Sanibel,Florida,33957,United States,coastal,https://www.airbnb.com/rooms/1365206054886980220,https://a0.muscache.com/im/pictures/prohost-api/Hosting-1365206054886980220/original/6e021611-e909-4b91-a38c-de3c6db7c979.jpeg,1365206054886980220,,26.4239,-82.0784,"=AVERAGE($G$2:$G$689)","=AVERAGE($D$2:$D$689)","=IFERROR(($AT53-G53)/$AT53,0)","=IFERROR(($AU53-D53)/$AU53,0)","=$AU53-D53"
Sanibel condo with Endless views - Sandalfoot 5B3,Gulf Coast Vacation Rentals,,89927,96407,352.65,75.67,342,1,1,4,true,false,false,true,true,false,true,Home/Apartment,Condominium (condo),Apt/Condo/Loft,4.95,16,3,21+,Luxury,true,221,true,255,48,2026-05-13,Cape Coral/Fort Myers,Sanibel,Sanibel,Florida,33957,United States,coastal,https://www.airbnb.com/rooms/1298661588973615931,https://a0.muscache.com/im/pictures/prohost-api/Hosting-1298661588973615931/original/804591d2-0426-4404-ac21-dc6f6d35d0f2.jpeg,1298661588973615931,20124765ha,26.443507835,-82.0312261099,"=AVERAGE($G$2:$G$689)","=AVERAGE($D$2:$D$689)","=IFERROR(($AT54-G54)/$AT54,0)","=IFERROR(($AU54-D54)/$AU54,0)","=$AU54-D54"
Pointe Santo A24,Kingfisher Vacations,,89607,140767,445.81,83.75,258,3,2,8,true,false,false,false,true,false,true,Home/Apartment,Condominium (condo),Apt/Condo/Loft,4.55,11,4,21+,Luxury,true,348,true,201,34,2026-05-16,Cape Coral/Fort Myers,Sanibel,Sanibel,Florida,33957,United States,coastal,https://www.airbnb.com/rooms/1417497015204378651,https://a0.muscache.com/im/pictures/prohost-api/Hosting-1417497015204378651/original/bffdfa5a-076f-4f47-be59-1fb7fa4870e2.jpeg,1417497015204378651,4583560,26.423688346,-82.0786987382,"=AVERAGE($G$2:$G$689)","=AVERAGE($D$2:$D$689)","=IFERROR(($AT55-G55)/$AT55,0)","=IFERROR(($AU55-D55)/$AU55,0)","=$AU55-D55"
Loggerhead Cay 151*Gulf Views*Pet Friendly*Pool,126274749,,89417,111812,451.6,68.99,295,2,2,6,true,false,false,true,true,true,true,Home/Apartment,Condominium (condo),Apt/Condo/Loft,5,155,7,2-5,Luxury,false,159,false,198,22,2026-05-13,Cape Coral/Fort Myers,Sanibel,Sanibel,Florida,33957,United States,coastal,https://www.airbnb.com/rooms/18267193,https://a0.muscache.com/im/pictures/hosting/Hosting-U3RheVN1cHBseUxpc3Rpbmc6MTgyNjcxOTM%3D/original/638f7b3c-6f7e-4820-b6ea-77eb9f673657.jpeg,18267193,268046ha,26.4397,-82.041,"=AVERAGE($G$2:$G$689)","=AVERAGE($D$2:$D$689)","=IFERROR(($AT56-G56)/$AT56,0)","=IFERROR(($AU56-D56)/$AU56,0)","=$AU56-D56"
Pelicans Roost 106,Kingfisher Vacations,,89345,102112,490.91,54.17,336,2,2,6,true,false,false,true,true,false,true,Home/Apartment,Condominium (condo),Apt/Condo/Loft,5,10,4,21+,Luxury,true,190,true,182,35,2026-05-11,Cape Coral/Fort Myers,Sanibel,Sanibel,Florida,33957,United States,coastal,https://www.airbnb.com/rooms/1239089455032843988,https://a0.muscache.com/im/pictures/prohost-api/Hosting-1239089455032843988/original/0f951d05-f106-4037-b22a-058726c039a3.jpeg,1239089455032843988,4180768,26.43435,-82.04457,"=AVERAGE($G$2:$G$689)","=AVERAGE($D$2:$D$689)","=IFERROR(($AT57-G57)/$AT57,0)","=IFERROR(($AU57-D57)/$AU57,0)","=$AU57-D57"
Sanibel villa with private beach - SIGI 12,Gulf Coast Vacation Rentals,,88801,89288,309.41,79.06,363,1,1,4,true,false,true,true,true,true,true,Home/Apartment,Condominium (condo),Apt/Condo/Loft,4.35,26,2,21+,Luxury,false,332,true,287,50,2026-05-17,Cape Coral/Fort Myers,Sanibel,Sanibel,Florida,33957,United States,coastal,https://www.airbnb.com/rooms/1129730350215595295,https://a0.muscache.com/im/pictures/prohost-api/Hosting-1129730350215595295/original/4610b571-5156-4e47-bece-22442358690e.jpeg,1129730350215595295,9946407ha,26.42697,-82.06224,"=AVERAGE($G$2:$G$689)","=AVERAGE($D$2:$D$689)","=IFERROR(($AT58-G58)/$AT58,0)","=IFERROR(($AU58-D58)/$AU58,0)","=$AU58-D58"
Recently Remodeled 2 Bedroom Condo on Sanibel with,Glass Casa,,88550,92790,912.89,53.59,342,2,2,5,true,false,false,true,true,false,true,Home/Apartment,Condominium (condo),Apt/Condo/Loft,5,2,1,21+,Luxury,true,474,true,97,18,2026-05-13,Cape Coral/Fort Myers,Sanibel,Sanibel,Florida,33957,United States,coastal,https://www.airbnb.com/rooms/1282893527987409116,https://a0.muscache.com/im/pictures/prohost-api/Hosting-1282893527987409116/original/29a17954-2b4d-4310-a792-a7e778762215.jpeg,1282893527987409116,4247340,26.4273,-82.063,"=AVERAGE($G$2:$G$689)","=AVERAGE($D$2:$D$689)","=IFERROR(($AT59-G59)/$AT59,0)","=IFERROR(($AU59-D59)/$AU59,0)","=$AU59-D59"
Gulf views - Sanibel Island - Pet Friendly - SI 09,Gulf Coast Vacation Rentals,,88494,122114,389.84,85.98,264,2,1,6,true,false,true,true,true,true,true,Home/Apartment,Condominium (condo),Apt/Condo/Loft,4.6,8,3,21+,Luxury,false,413,true,227,41,2026-05-13,Cape Coral/Fort Myers,Sanibel,Sanibel,Florida,33957,United States,coastal,https://www.airbnb.com/rooms/1129728332909315296,https://a0.muscache.com/im/pictures/prohost-api/Hosting-1129728332909315296/original/d086c4e8-a346-4df0-8248-8c08d02959ec.jpeg,1129728332909315296,,26.42696,-82.06234,"=AVERAGE($G$2:$G$689)","=AVERAGE($D$2:$D$689)","=IFERROR(($AT60-G60)/$AT60,0)","=IFERROR(($AU60-D60)/$AU60,0)","=$AU60-D60"
Pelicans Roost 103,Kingfisher Vacations,,88414,94506,514.03,58.11,330,2,2,6,true,false,false,true,true,false,true,Home/Apartment,Condominium (condo),Apt/Condo/Loft,5,5,4,21+,Luxury,true,191,true,172,30,2026-05-13,Cape Coral/Fort Myers,Sanibel,Sanibel,Florida,33957,United States,coastal,https://www.airbnb.com/rooms/1239086940873506403,https://a0.muscache.com/im/pictures/prohost-api/Hosting-1239086940873506403/original/ae0f6130-c029-4911-88f4-67f151303e5a.jpeg,1239086940873506403,4180767,26.4347,-82.04624,"=AVERAGE($G$2:$G$689)","=AVERAGE($D$2:$D$689)","=IFERROR(($AT61-G61)/$AT61,0)","=IFERROR(($AU61-D61)/$AU61,0)","=$AU61-D61"
Sanibel Ground-Floor Condo • Steps to Beach • Pool,415250688,,88330,107194,390.84,76.35,303,2,2,6,true,false,false,true,true,false,true,Home/Apartment,Villa,House/villa,5,105,3,2-5,Luxury,true,225,false,226,43,2026-05-17,Cape Coral/Fort Myers,Sanibel,Sanibel,Florida,33957,United States,coastal,https://www.airbnb.com/rooms/51280126,https://a0.muscache.com/im/pictures/miso/Hosting-51280126/original/77e7f6d8-1c2d-481d-b2e9-0ad3f0dffad4.jpeg,51280126,2404702,26.42672,-82.09505,"=AVERAGE($G$2:$G$689)","=AVERAGE($D$2:$D$689)","=IFERROR(($AT62-G62)/$AT62,0)","=IFERROR(($AU62-D62)/$AU62,0)","=$AU62-D62"
Gulf-Front Escape with Private Rooftop Sundeck & S,Glass Casa,,88098,145177,917.69,73.85,195,3,2,6,true,true,false,true,false,false,true,Home/Apartment,Condominium (condo),Apt/Condo/Loft,0,0,1,21+,Luxury,true,580,true,96,10,2026-05-15,Cape Coral/Fort Myers,Sanibel,Sanibel,Florida,33957,United States,coastal,https://www.airbnb.com/rooms/1430491596493307167,https://a0.muscache.com/im/pictures/prohost-api/Hosting-1430491596493307167/original/9c4dac95-9f63-41d4-b448-a6f208c15008.jpeg,1430491596493307167,4594580,26.4228,-82.0782,"=AVERAGE($G$2:$G$689)","=AVERAGE($D$2:$D$689)","=IFERROR(($AT63-G63)/$AT63,0)","=IFERROR(($AU63-D63)/$AU63,0)","=$AU63-D63"
"Stunning 3-bedroom condo with high ceilings, beach access and pool!",,,87537,114932,437.69,72.2,292,3,2,6,true,false,false,true,true,false,true,Home/Apartment,Condominium (condo),Apt/Condo/Loft,5,11,7,1,Luxury,false,300,true,200,27,2026-05-13,Cape Coral/Fort Myers,Sanibel,Sanibel,Florida,33957,United States,coastal,https://www.vrbo.com/4445013,"https://media.vrbo.com/lodging/114000000/113270000/113265500/113265484/af6c2ab0.jpg?impolicy=resizecrop&rw=1200&ra=fit",,4445013,26.442864,-82.031768,"=AVERAGE($G$2:$G$689)","=AVERAGE($D$2:$D$689)","=IFERROR(($AT64-G64)/$AT64,0)","=IFERROR(($AU64-D64)/$AU64,0)","=$AU64-D64"
Sanibel villa with private beach - Pets OK - SI 11,Gulf Coast Vacation Rentals,,87271,103183,372.95,74.05,316,2,1,6,true,false,true,true,true,true,true,Home/Apartment,Condominium (condo),Apt/Condo/Loft,4.8,15,2,21+,Luxury,false,367,true,234,48,2026-05-17,Cape Coral/Fort Myers,Sanibel,Sanibel,Florida,33957,United States,coastal,https://www.airbnb.com/rooms/1129729842321124702,https://a0.muscache.com/im/pictures/prohost-api/Hosting-1129729842321124702/original/8171caff-a44c-49e6-9d21-f41a091c681e.jpeg,1129729842321124702,9946409ha,26.4283,-82.06185,"=AVERAGE($G$2:$G$689)","=AVERAGE($D$2:$D$689)","=IFERROR(($AT65-G65)/$AT65,0)","=IFERROR(($AU65-D65)/$AU65,0)","=$AU65-D65"
2BR Beachfront Condo Sanibel - Sandalfoot 1A3,Gulf Coast Vacation Rentals,,86695,113504,407.02,74.74,286,2,2,6,true,false,false,true,true,false,true,Home/Apartment,Condominium (condo),Apt/Condo/Loft,4.95,16,3,21+,Luxury,true,274,true,213,42,2026-05-11,Cape Coral/Fort Myers,Sanibel,Sanibel,Florida,33957,United States,coastal,https://www.airbnb.com/rooms/1298660484950102429,https://a0.muscache.com/im/pictures/prohost-api/Hosting-1298660484950102429/original/88cd6a15-709b-44b0-a79d-7e7d4470d4b4.jpeg,1298660484950102429,20124727ha,26.44367,-82.03085,"=AVERAGE($G$2:$G$689)","=AVERAGE($D$2:$D$689)","=IFERROR(($AT66-G66)/$AT66,0)","=IFERROR(($AU66-D66)/$AU66,0)","=$AU66-D66"
Breakers West B5 Beach side condo with pool,Dream Vacation Rentals,,86649,103784,401.15,66.67,324,2,2,6,true,false,false,true,true,false,true,Home/Apartment,House,House/villa,4.85,112,3,21+,Luxury,true,322,true,216,51,2026-05-17,Cape Coral/Fort Myers,Sanibel,Sanibel,Florida,33957,United States,coastal,https://www.airbnb.com/rooms/47717733,https://a0.muscache.com/im/pictures/prohost-api/Hosting-47717733/original/6277f6b3-675b-4076-a598-2dbb486e97e6.jpeg,47717733,9536786ha,26.4257,-82.0945,"=AVERAGE($G$2:$G$689)","=AVERAGE($D$2:$D$689)","=IFERROR(($AT67-G67)/$AT67,0)","=IFERROR(($AU67-D67)/$AU67,0)","=$AU67-D67"
Gorgeous Top Floor Beach Condo at Breakers West,Rosen Vacations,,85540,105418,413.24,65.51,316,2,2,6,true,false,false,true,true,false,true,Home/Apartment,Condominium (condo),Apt/Condo/Loft,4.85,60,3,21+,Luxury,true,374,true,207,49,2026-05-17,Cape Coral/Fort Myers,Sanibel,Sanibel,Florida,33957,United States,coastal,https://www.airbnb.com/rooms/991363115108023359,https://a0.muscache.com/im/pictures/prohost-api/Hosting-991363115108023359/original/0ee76131-4fb1-41e4-a7e2-ce2aafeeee35.jpeg,991363115108023359,3635009,26.4257,-82.0945,"=AVERAGE($G$2:$G$689)","=AVERAGE($D$2:$D$689)","=IFERROR(($AT68-G68)/$AT68,0)","=IFERROR(($AU68-D68)/$AU68,0)","=$AU68-D68"
Relaxing beachfront condo Sanibel - Sandalfoot 5B2,Gulf Coast Vacation Rentals,,85446,91254,373.13,72.7,321,1,1,4,true,false,false,true,true,false,true,Home/Apartment,Condominium (condo),Apt/Condo/Loft,5,17,3,21+,Luxury,true,221,true,229,46,2026-05-16,Cape Coral/Fort Myers,Sanibel,Sanibel,Florida,33957,United States,coastal,https://www.airbnb.com/rooms/1298661563744245595,https://a0.muscache.com/im/pictures/prohost-api/Hosting-1298661563744245595/original/d7bb615f-879d-420b-90a1-7136f172ec0b.jpeg,1298661563744245595,20157888ha,26.4421404245,-82.0311993959,"=AVERAGE($G$2:$G$689)","=AVERAGE($D$2:$D$689)","=IFERROR(($AT69-G69)/$AT69,0)","=IFERROR(($AU69-D69)/$AU69,0)","=$AU69-D69"
Pointe Santo A27,Kingfisher Vacations,,85373,136843,550.79,77.11,258,3,2,10,true,false,false,true,true,false,true,Home/Apartment,Condominium (condo),Apt/Condo/Loft,4.95,10,7,21+,Luxury,true,301,true,155,22,2026-05-16,Cape Coral/Fort Myers,Sanibel,Sanibel,Florida,33957,United States,coastal,https://www.airbnb.com/rooms/1404526727061728581,https://a0.muscache.com/im/pictures/prohost-api/Hosting-1404526727061728581/original/d3411d6c-a7bc-4605-9372-bf681beff116.jpeg,1404526727061728581,4547003,26.4228083856,-82.0782563613,"=AVERAGE($G$2:$G$689)","=AVERAGE($D$2:$D$689)","=IFERROR(($AT70-G70)/$AT70,0)","=IFERROR(($AU70-D70)/$AU70,0)","=$AU70-D70"
Within steps of the beach. Great views of the Ocean. A little piece of paradise.,,,85077,100186,340.31,78.62,319,1,1,4,true,false,false,true,true,false,true,Home/Apartment,Condominium (condo),Apt/Condo/Loft,5,74,4,1,Luxury,false,120,false,250,46,2026-05-15,Cape Coral/Fort Myers,Sanibel,Sanibel,Florida,33957,United States,coastal,https://www.vrbo.com/83937,"https://media.vrbo.com/lodging/31000000/30100000/30093500/30093489/7a7fe326.jpg?impolicy=resizecrop&rw=1200&ra=fit",,83937,26.424564,-82.067534,"=AVERAGE($G$2:$G$689)","=AVERAGE($D$2:$D$689)","=IFERROR(($AT71-G71)/$AT71,0)","=IFERROR(($AU71-D71)/$AU71,0)","=$AU71-D71"
Luxury Gulf-Front Condo – Pool & Elevator Ready fo,Glass Casa,,84939,121285,732.23,51.33,286,3,2,6,true,true,false,true,false,false,true,Home/Apartment,Condominium (condo),Apt/Condo/Loft,5,2,1,21+,Luxury,true,570,true,116,18,2026-05-16,Cape Coral/Fort Myers,Sanibel,Sanibel,Florida,33957,United States,coastal,https://www.airbnb.com/rooms/1430487241243681077,https://a0.muscache.com/im/pictures/prohost-api/Hosting-1430487241243681077/original/5bd36c7d-8a32-45a7-ae35-a4e76d5a4626.jpeg,1430487241243681077,4592670,26.4281,-82.0593,"=AVERAGE($G$2:$G$689)","=AVERAGE($D$2:$D$689)","=IFERROR(($AT72-G72)/$AT72,0)","=IFERROR(($AU72-D72)/$AU72,0)","=$AU72-D72"
Sanibel Island - Steps From Beach - Sandalfoot 2B2,Gulf Coast Vacation Rentals,,84734,85309,304.8,76.58,363,1,1,4,true,false,false,true,true,false,true,Home/Apartment,Condominium (condo),Apt/Condo/Loft,5,30,3,21+,Luxury,true,224,true,278,49,2026-05-11,Cape Coral/Fort Myers,Sanibel,Sanibel,Florida,33957,United States,coastal,https://www.airbnb.com/rooms/1298660612523836663,https://a0.muscache.com/im/pictures/prohost-api/Hosting-1298660612523836663/original/6e892294-9517-4415-9792-17e0d430b8ad.jpeg,1298660612523836663,20124738ha,26.4426457431,-82.0305575905,"=AVERAGE($G$2:$G$689)","=AVERAGE($D$2:$D$689)","=IFERROR(($AT73-G73)/$AT73,0)","=IFERROR(($AU73-D73)/$AU73,0)","=$AU73-D73"
3BR - screened porch - pets ok - SIGI 19,Gulf Coast Vacation Rentals,,84638,108416,434.04,69.4,287,3,2,6,true,false,true,true,true,true,true,Home/Apartment,Condominium (condo),Apt/Condo/Loft,4.35,8,2,21+,Luxury,false,451,true,195,30,2026-05-17,Cape Coral/Fort Myers,Sanibel,Sanibel,Florida,33957,United States,coastal,https://www.airbnb.com/rooms/1131176436815380502,https://a0.muscache.com/im/pictures/prohost-api/Hosting-1131176436815380502/original/b69e5712-d29e-4e6e-9f96-fd5eeb2afc38.jpeg,1131176436815380502,9947427ha,26.42892,-82.06043,"=AVERAGE($G$2:$G$689)","=AVERAGE($D$2:$D$689)","=IFERROR(($AT74-G74)/$AT74,0)","=IFERROR(($AU74-D74)/$AU74,0)","=$AU74-D74"
 Sundial Resort - Magnificent Gulf View condo - B402,,,84608,85458,281.09,83.38,361,1,1,4,true,false,false,true,true,false,true,Home/Apartment,Condominium (condo),Apt/Condo/Loft,5,140,3,1,Luxury,false,125,true,301,47,2026-05-14,Cape Coral/Fort Myers,Sanibel,Sanibel,Florida,33957,United States,coastal,https://www.vrbo.com/301512ha,"https://media.vrbo.com/lodging/33000000/32510000/32505500/32505408/25a5f8b0.jpg?impolicy=resizecrop&rw=1200&ra=fit",,301512ha,26.432281,-82.052322,"=AVERAGE($G$2:$G$689)","=AVERAGE($D$2:$D$689)","=IFERROR(($AT75-G75)/$AT75,0)","=IFERROR(($AU75-D75)/$AU75,0)","=$AU75-D75"
FUN & SUN - Unit 542 at Loggerhead Cay Sanibel Isl,Dream Vacation Rentals,,84512,103678,325.05,88.74,294,2,2,6,true,false,false,true,true,false,true,Home/Apartment,Condominium (condo),Apt/Condo/Loft,4.8,50,1,21+,Luxury,true,145,true,260,31,2026-05-17,Cape Coral/Fort Myers,Sanibel,Sanibel,Florida,33957,United States,coastal,https://www.airbnb.com/rooms/48298163,https://a0.muscache.com/im/pictures/prohost-api/Hosting-48298163/original/39286ec6-a467-4d9e-abae-a84c9dd8b8da.jpeg,48298163,9896455ha,26.4382,-82.0402,"=AVERAGE($G$2:$G$689)","=AVERAGE($D$2:$D$689)","=IFERROR(($AT76-G76)/$AT76,0)","=IFERROR(($AU76-D76)/$AU76,0)","=$AU76-D76"
Sweeping beach views - Sanibel - Sandalfoot 1D3,Gulf Coast Vacation Rentals,,84413,112191,396.31,80.68,265,2,2,6,true,false,false,true,true,false,true,Home/Apartment,Condominium (condo),Apt/Condo/Loft,4.8,10,4,21+,Luxury,true,272,true,213,35,2026-03-29,Cape Coral/Fort Myers,Sanibel,Sanibel,Florida,33957,United States,coastal,https://www.airbnb.com/rooms/1298661182395161541,https://a0.muscache.com/im/pictures/prohost-api/Hosting-1298661182395161541/original/4a58978d-8411-46b7-82ce-d4c33b1defc6.jpeg,1298661182395161541,20124734ha,26.4423942351,-82.0321269908,"=AVERAGE($G$2:$G$689)","=AVERAGE($D$2:$D$689)","=IFERROR(($AT77-G77)/$AT77,0)","=IFERROR(($AU77-D77)/$AU77,0)","=$AU77-D77"
Blue Gulf 201 - Exclusive three bedroom direct gul,Dream Vacation Rentals,,84056,128652,500.33,82.35,233,3,2,8,true,false,false,true,true,false,true,Home/Apartment,House,House/villa,4.9,41,1,21+,Luxury,true,231,true,168,24,2026-05-13,Cape Coral/Fort Myers,Sanibel,Sanibel,Florida,33957,United States,coastal,https://www.airbnb.com/rooms/46468565,https://a0.muscache.com/im/pictures/prohost-api/Hosting-46468565/original/119efd53-da79-41cb-858c-79036b9c7369.jpeg,46468565,9896104ha,26.4242,-82.0921,"=AVERAGE($G$2:$G$689)","=AVERAGE($D$2:$D$689)","=IFERROR(($AT78-G78)/$AT78,0)","=IFERROR(($AU78-D78)/$AU78,0)","=$AU78-D78"
3-BR Villa with Rooftop Sundeck- pets ok - SIGI 16,Gulf Coast Vacation Rentals,,83940,142584,482.41,70.73,253,3,2,8,true,false,true,true,true,true,true,Home/Apartment,Condominium (condo),Apt/Condo/Loft,4.75,13,3,21+,Luxury,false,459,true,174,37,2026-05-13,Cape Coral/Fort Myers,Sanibel,Sanibel,Florida,33957,United States,coastal,https://www.airbnb.com/rooms/1130642197021701409,https://a0.muscache.com/im/pictures/prohost-api/Hosting-1130642197021701409/original/9a971890-dd62-4e0d-879b-ecef3af0bd8d.png,1130642197021701409,9947423ha,26.42669,-82.06196,"=AVERAGE($G$2:$G$689)","=AVERAGE($D$2:$D$689)","=IFERROR(($AT79-G79)/$AT79,0)","=IFERROR(($AU79-D79)/$AU79,0)","=$AU79-D79"
Sanibel 1-bedroom beachfront condo!,,,83616,95316,320.37,82.86,317,1,1,4,true,false,false,true,true,false,true,Home/Apartment,Condominium (condo),Apt/Condo/Loft,5,16,4,1,Luxury,false,0,false,261,41,2026-05-17,Cape Coral/Fort Myers,Sanibel,Sanibel,Florida,33957,United States,coastal,https://www.vrbo.com/4415971,"https://media.vrbo.com/lodging/113000000/112770000/112762900/112762823/440bf2c4.jpg?impolicy=resizecrop&rw=1200&ra=fit",,4415971,26.42458,-82.06763,"=AVERAGE($G$2:$G$689)","=AVERAGE($D$2:$D$689)","=IFERROR(($AT80-G80)/$AT80,0)","=IFERROR(($AU80-D80)/$AU80,0)","=$AU80-D80"
Gulf-Front at Sundial East – And stay for as littl,Glass Casa,,83380,87867,712.65,43.82,357,2,2,6,true,false,false,true,false,false,true,Home/Apartment,Condominium (condo),Apt/Condo/Loft,4.4,3,1,21+,Luxury,true,581,true,117,18,2026-05-15,Cape Coral/Fort Myers,Sanibel,Sanibel,Florida,33957,United States,coastal,https://www.airbnb.com/rooms/1430494753030095098,https://a0.muscache.com/im/pictures/prohost-api/Hosting-1430494753030095098/original/84c025c4-8069-4408-a44e-d5800f6a3ba4.jpeg,1430494753030095098,4604563,26.4328,-82.0504,"=AVERAGE($G$2:$G$689)","=AVERAGE($D$2:$D$689)","=IFERROR(($AT81-G81)/$AT81,0)","=IFERROR(($AU81-D81)/$AU81,0)","=$AU81-D81"
Discover unparalleled luxury,Breakaway VACATION PROPERTIES,,82822,131897,595.84,66.19,226,3,2,6,true,false,false,true,true,false,true,Home/Apartment,Condominium (condo),Apt/Condo/Loft,5,9,7,21+,Luxury,true,345,true,139,20,2026-05-17,Cape Coral/Fort Myers,Sanibel,Sanibel,Florida,33957,United States,coastal,https://www.airbnb.com/rooms/1201500008717635037,https://a0.muscache.com/im/pictures/prohost-api/Hosting-1201500008717635037/original/fe674075-df0f-482c-b624-eb21a7b7bd04.jpeg,1201500008717635037,4102317,26.42935,-82.05933,"=AVERAGE($G$2:$G$689)","=AVERAGE($D$2:$D$689)","=IFERROR(($AT82-G82)/$AT82,0)","=IFERROR(($AU82-D82)/$AU82,0)","=$AU82-D82"
Loggerhead Cay 274: Beautiful Condo on the Beach!,Sanibel Vacations,,82569,100650,402.78,68.11,326,2,2,6,true,false,false,true,true,false,true,Home/Apartment,Condominium (condo),Apt/Condo/Loft,4.7,51,1,21+,Luxury,true,478,true,205,34,2026-05-17,Cape Coral/Fort Myers,Sanibel,Sanibel,Florida,33957,United States,coastal,https://www.airbnb.com/rooms/48881866,https://a0.muscache.com/im/pictures/prohost-api/Hosting-48881866/original/68e322cb-a335-4c29-880e-e20faffbacdb.jpeg,48881866,9555339ha,26.4377,-82.0406,"=AVERAGE($G$2:$G$689)","=AVERAGE($D$2:$D$689)","=IFERROR(($AT83-G83)/$AT83,0)","=IFERROR(($AU83-D83)/$AU83,0)","=$AU83-D83"
Sanibel condo steps to the Beach - Sandalfoot 5C1,Gulf Coast Vacation Rentals,,82389,89001,462.86,66.67,308,2,2,4,true,false,false,true,true,false,true,Home/Apartment,Condominium (condo),Apt/Condo/Loft,4.95,28,3,21+,Luxury,true,275,true,178,40,2026-05-13,Cape Coral/Fort Myers,Sanibel,Sanibel,Florida,33957,United States,coastal,https://www.airbnb.com/rooms/1298661612022809873,https://a0.muscache.com/im/pictures/prohost-api/Hosting-1298661612022809873/original/40a77ffc-3e01-4d76-a14d-8f2eb65a1430.jpeg,1298661612022809873,20124766ha,26.4443817027,-82.0308258325,"=AVERAGE($G$2:$G$689)","=AVERAGE($D$2:$D$689)","=IFERROR(($AT84-G84)/$AT84,0)","=IFERROR(($AU84-D84)/$AU84,0)","=$AU84-D84"
Sanibel Sunset: Pointe Santo E31,311567242,,82305,97609,449.75,61.41,300,2,2,6,true,false,false,true,true,false,true,Home/Apartment,Condominium (condo),Apt/Condo/Loft,4.95,50,7,1,Luxury,false,184,false,183,24,2026-05-17,Cape Coral/Fort Myers,Sanibel,Sanibel,Florida,33957,United States,coastal,https://www.airbnb.com/rooms/40321240,https://a0.muscache.com/im/pictures/2b2a1fd4-1ca0-4b08-85d5-588cbb0f4a81.jpg,40321240,817256,26.4231,-82.0781,"=AVERAGE($G$2:$G$689)","=AVERAGE($D$2:$D$689)","=IFERROR(($AT85-G85)/$AT85,0)","=IFERROR(($AU85-D85)/$AU85,0)","=$AU85-D85"
Sanibel condo seps to the beach - Sandalfoot 5B1,Gulf Coast Vacation Rentals,,82299,84531,379.26,60.61,358,1,1,4,true,false,false,true,true,false,true,Home/Apartment,Condominium (condo),Apt/Condo/Loft,5,14,3,21+,Luxury,true,219,true,217,45,2026-05-11,Cape Coral/Fort Myers,Sanibel,Sanibel,Florida,33957,United States,coastal,https://www.airbnb.com/rooms/1298661538605702428,https://a0.muscache.com/im/pictures/prohost-api/Hosting-1298661538605702428/original/b04d159c-5357-43b9-98ff-0e125fb7e6bf.jpeg,1298661538605702428,20124764ha,26.4440482252,-82.0306930654,"=AVERAGE($G$2:$G$689)","=AVERAGE($D$2:$D$689)","=IFERROR(($AT86-G86)/$AT86,0)","=IFERROR(($AU86-D86)/$AU86,0)","=$AU86-D86"
1 BR Gulf Front Sanibel Condo - 25 Steps to the the Beach,,,82201,108262,382.33,73.63,293,1,1,4,true,false,false,true,true,false,true,Home/Apartment,Condominium (condo),Apt/Condo/Loft,5,93,7,1,Luxury,false,0,false,215,28,2026-01-01,Cape Coral/Fort Myers,Sanibel,Sanibel,Florida,33957,United States,coastal,https://www.vrbo.com/978584,"https://media.vrbo.com/lodging/35000000/34160000/34151800/34151742/078764ba.jpg?impolicy=resizecrop&rw=1200&ra=fit",,978584,26.43325,-82.0501,"=AVERAGE($G$2:$G$689)","=AVERAGE($D$2:$D$689)","=IFERROR(($AT87-G87)/$AT87,0)","=IFERROR(($AU87-D87)/$AU87,0)","=$AU87-D87"
"1 bedroom, beach view, sleeps 4",Select Vacation Properties,,82175,104724,427.99,66.21,312,1,,4,true,false,true,true,true,false,true,Home/Apartment,Condominium (condo),Apt/Condo/Loft,5,152,1,21+,Luxury,false,163,true,192,29,2025-11-09,Cape Coral/Fort Myers,Sanibel,Sanibel,Florida,33957,United States,coastal,https://www.airbnb.com/rooms/38094805,https://a0.muscache.com/im/pictures/prohost-api/Hosting-38094805/original/d1fda6e5-a2dd-4d40-9a63-ce1cbd27feab.jpeg,38094805,491957,26.42272,-82.07724,"=AVERAGE($G$2:$G$689)","=AVERAGE($D$2:$D$689)","=IFERROR(($AT88-G88)/$AT88,0)","=IFERROR(($AU88-D88)/$AU88,0)","=$AU88-D88"
Villa with private beach - pet friendly - SIGI 04,Gulf Coast Vacation Rentals,,82153,86362,326,71.79,351,1,1,4,true,false,true,true,true,true,true,Home/Apartment,Condominium (condo),Apt/Condo/Loft,4.6,30,2,21+,Luxury,false,331,true,252,52,2026-05-17,Cape Coral/Fort Myers,Sanibel,Sanibel,Florida,33957,United States,coastal,https://www.airbnb.com/rooms/1129722313573413347,https://a0.muscache.com/im/pictures/prohost-api/Hosting-1129722313573413347/original/4d323b25-8f73-426c-bc11-8dcd7c811543.jpeg,1129722313573413347,9945541ha,26.42671,-82.06212,"=AVERAGE($G$2:$G$689)","=AVERAGE($D$2:$D$689)","=IFERROR(($AT89-G89)/$AT89,0)","=IFERROR(($AU89-D89)/$AU89,0)","=$AU89-D89"
Pointe Santo A44,Kingfisher Vacations,,81962,130196,479.31,76.68,239,3,2,6,true,false,false,true,true,false,true,Home/Apartment,Condominium (condo),Apt/Condo/Loft,4.45,9,4,21+,Luxury,true,348,true,171,25,2026-05-17,Cape Coral/Fort Myers,Sanibel,Sanibel,Florida,33957,United States,coastal,https://www.airbnb.com/rooms/1417492989574315370,https://a0.muscache.com/im/pictures/prohost-api/Hosting-1417492989574315370/original/b4daa1a1-affb-4d6d-a3ea-cb279f6b86b5.jpeg,1417492989574315370,4583562,26.42217335,-82.0790577859,"=AVERAGE($G$2:$G$689)","=AVERAGE($D$2:$D$689)","=IFERROR(($AT90-G90)/$AT90,0)","=IFERROR(($AU90-D90)/$AU90,0)","=$AU90-D90"
"Newly Renovated Dock View 3 bed, 2 bath at Sanibel Moorings #1541",Sanibel Moorings Resort,,81464,87649,594.63,48.07,329,3,2,6,true,true,false,true,true,false,true,Home/Apartment,Condominium (condo),Apt/Condo/Loft,4.9,20,3,21+,Luxury,false,25,true,137,17,2026-05-12,Cape Coral/Fort Myers,Sanibel,Sanibel,Florida,33957,United States,coastal,https://www.vrbo.com/3677602ha,"https://media.vrbo.com/lodging/40000000/39860000/39853500/39853435/e747e999.jpg?impolicy=resizecrop&rw=1200&ra=fit",,3677602ha,26.440833,-82.03479,"=AVERAGE($G$2:$G$689)","=AVERAGE($D$2:$D$689)","=IFERROR(($AT91-G91)/$AT91,0)","=IFERROR(($AU91-D91)/$AU91,0)","=$AU91-D91"
Gulf-Front 3BR Sanibel Condo with Stunning Views!,Glass Casa,,81243,111252,649.94,57.08,301,3,2,6,true,false,false,true,false,false,true,Home/Apartment,Condominium (condo),Apt/Condo/Loft,5,4,1,21+,Luxury,true,581,true,125,16,2026-05-17,Cape Coral/Fort Myers,Sanibel,Sanibel,Florida,33957,United States,coastal,https://www.airbnb.com/rooms/1430486716060563282,https://a0.muscache.com/im/pictures/prohost-api/Hosting-1430486716060563282/original/f0c520fb-8a82-4344-8f67-c7c1a4a34a1a.jpeg,1430486716060563282,4592666,26.4241,-82.0921,"=AVERAGE($G$2:$G$689)","=AVERAGE($D$2:$D$689)","=IFERROR(($AT92-G92)/$AT92,0)","=IFERROR(($AU92-D92)/$AU92,0)","=$AU92-D92"
Sanibel Island Single Family Home- completely renovated! Island Woods Community!,,,80393,80393,377.43,79.78,298,2,2,6,true,false,false,false,false,false,true,Home/Apartment,House,House/villa,0,0,30,1,Luxury,false,250,false,213,2,2025-05-08,Cape Coral/Fort Myers,Sanibel,Sanibel,Florida,33957,United States,coastal,https://www.vrbo.com/4043092,"https://media.vrbo.com/lodging/106000000/105910000/105908400/105908353/9b972bb7.jpg?impolicy=resizecrop&rw=1200&ra=fit",,4043092,26.441644,-82.061506,"=AVERAGE($G$2:$G$689)","=AVERAGE($D$2:$D$689)","=IFERROR(($AT93-G93)/$AT93,0)","=IFERROR(($AU93-D93)/$AU93,0)","=$AU93-D93"
The Cocohut Sanibel at Loggerhead Cay 🐚 Beachfront Condo with Pool & Pickleball,,,80289,99661,350.61,73.87,312,2,2,6,true,false,false,true,true,false,true,Home/Apartment,Condominium (condo),Apt/Condo/Loft,4.9,89,7,1,Luxury,false,140,true,229,36,2026-05-14,Cape Coral/Fort Myers,Sanibel,Sanibel,Florida,33957,United States,coastal,https://www.vrbo.com/2131399,"https://media.vrbo.com/lodging/61000000/60610000/60608300/60608250/2f5283a3.jpg?impolicy=resizecrop&rw=1200&ra=fit",,2131399,26.439583,-82.040179,"=AVERAGE($G$2:$G$689)","=AVERAGE($D$2:$D$689)","=IFERROR(($AT94-G94)/$AT94,0)","=IFERROR(($AU94-D94)/$AU94,0)","=$AU94-D94"
"Penthouse on the beach,Rooftop Deck FOR FAB Sunsets & 360 Views, 2 MIN to Beach!",,,80097,91682,369.11,69.11,322,3,2,6,true,false,false,true,true,false,false,Home/Apartment,Condominium (condo),Apt/Condo/Loft,4.9,173,7,1,Luxury,false,0,true,217,30,2026-05-17,Cape Coral/Fort Myers,Sanibel,Sanibel,Florida,33957,United States,coastal,https://www.vrbo.com/278579,"https://media.vrbo.com/lodging/27000000/26850000/26843200/26843151/b54d34a2.jpg?impolicy=resizecrop&rw=1200&ra=fit",,278579,26.42393,-82.07838,"=AVERAGE($G$2:$G$689)","=AVERAGE($D$2:$D$689)","=IFERROR(($AT95-G95)/$AT95,0)","=IFERROR(($AU95-D95)/$AU95,0)","=$AU95-D95"
Kings Crown #114 3 Bedrooms 2 Baths  Overlooking the water,,,79638,98141,658.17,71.6,289,3,2,7,true,false,false,true,true,false,true,Home/Apartment,Condominium (condo),Apt/Condo/Loft,4.8,15,14,1,Luxury,false,200,false,121,5,2026-05-16,Cape Coral/Fort Myers,Sanibel,Sanibel,Florida,33957,United States,coastal,https://www.vrbo.com/617189,"https://media.vrbo.com/lodging/35000000/34410000/34402600/34402559/a8f07185.jpg?impolicy=resizecrop&rw=1200&ra=fit",,617189,26.423025,-82.085589,"=AVERAGE($G$2:$G$689)","=AVERAGE($D$2:$D$689)","=IFERROR(($AT96-G96)/$AT96,0)","=IFERROR(($AU96-D96)/$AU96,0)","=$AU96-D96"
3-Bedroom Lakeview Retreat at Pointe Santo | Moder,Glass Casa,,79175,94797,746.93,61.99,329,3,2,6,true,false,true,true,false,false,true,Home/Apartment,Condominium (condo),Apt/Condo/Loft,5,1,1,21+,Luxury,true,608,true,106,12,2026-05-17,Cape Coral/Fort Myers,Sanibel,Sanibel,Florida,33957,United States,coastal,https://www.airbnb.com/rooms/1430491465977792522,https://a0.muscache.com/im/pictures/prohost-api/Hosting-1430491465977792522/original/741aa87b-dcca-4235-bb43-c3a8f349053f.jpeg,1430491465977792522,4596211,26.4236,-82.0779,"=AVERAGE($G$2:$G$689)","=AVERAGE($D$2:$D$689)","=IFERROR(($AT97-G97)/$AT97,0)","=IFERROR(($AU97-D97)/$AU97,0)","=$AU97-D97"
Sundial O405,San Cap Island Vacation Rentals,,78923,97420,419.8,64.6,307,2,2,8,true,false,false,true,true,false,false,Home/Apartment,Condominium (condo),Apt/Condo/Loft,4.9,62,4,21+,Luxury,false,335,true,188,37,2026-05-13,Cape Coral/Fort Myers,Sanibel,Sanibel,Florida,33957,United States,coastal,https://www.airbnb.com/rooms/21845392,https://a0.muscache.com/im/pictures/prohost-api/Hosting-21845392/original/d73cae87-c865-48b2-b5da-a561c9cfe526.jpeg,21845392,1212341,26.4325,-82.0505,"=AVERAGE($G$2:$G$689)","=AVERAGE($D$2:$D$689)","=IFERROR(($AT98-G98)/$AT98,0)","=IFERROR(($AU98-D98)/$AU98,0)","=$AU98-D98"
Stunning ocean views - Sanibel - Golden Beach #1,Gulf Coast Vacation Rentals,,78726,125238,574.64,64.93,241,3,3,8,true,false,false,true,true,true,true,Home/Apartment,Condominium (condo),Apt/Condo/Loft,4,16,7,21+,Luxury,false,402,true,137,20,2026-05-11,Cape Coral/Fort Myers,Sanibel,Sanibel,Florida,33957,United States,coastal,https://www.airbnb.com/rooms/1092780917516854130,https://a0.muscache.com/im/pictures/prohost-api/Hosting-1092780917516854130/original/f635bbbc-4dda-4f8b-b8b2-d9afb18be097.jpeg,1092780917516854130,9877387ha,26.42408,-82.06878,"=AVERAGE($G$2:$G$689)","=AVERAGE($D$2:$D$689)","=IFERROR(($AT99-G99)/$AT99,0)","=IFERROR(($AU99-D99)/$AU99,0)","=$AU99-D99"
Pointe Santo A25,Kingfisher Vacations,,78668,95530,444.45,60.62,309,2,2,6,true,false,false,true,true,false,true,Home/Apartment,Condominium (condo),Apt/Condo/Loft,4.8,11,4,21+,Luxury,true,300,true,177,31,2026-05-16,Cape Coral/Fort Myers,Sanibel,Sanibel,Florida,33957,United States,coastal,https://www.airbnb.com/rooms/1417497082822636418,https://a0.muscache.com/im/pictures/prohost-api/Hosting-1417497082822636418/original/5040249b-a286-4036-9bee-fe0d00564d54.jpeg,1417497082822636418,4583559,26.4215837586,-82.0772344028,"=AVERAGE($G$2:$G$689)","=AVERAGE($D$2:$D$689)","=IFERROR(($AT100-G100)/$AT100,0)","=IFERROR(($AU100-D100)/$AU100,0)","=$AU100-D100"
#411 Sanibel Moorings Gulf View,RedAwning,,78624,98314,485.33,54.92,295,2,2,4,true,true,false,true,true,false,true,Home/Apartment,House,House/villa,5,11,1,21+,Luxury,false,152,true,162,36,2020-03-14,Cape Coral/Fort Myers,Sanibel,Sanibel,Florida,33957,United States,coastal,https://www.airbnb.com/rooms/39627740,"https://a0.muscache.com/im/pictures/b993c437-ca12-4710-bf18-e28d5a4f8f04.jpg?aki_policy=x_large",39627740,3677522ha,26.44026,-82.03596,"=AVERAGE($G$2:$G$689)","=AVERAGE($D$2:$D$689)","=IFERROR(($AT101-G101)/$AT101,0)","=IFERROR(($AU101-D101)/$AU101,0)","=$AU101-D101"
"OCEAN'S REACH 4B4: Top Floor, Spectacular Gulf Views, All Amenities Open!",Ocean's Reach Condominiums,,78515,81818,280.41,80.46,348,1,1,4,true,false,false,true,true,false,true,Home/Apartment,Condominium (condo),Apt/Condo/Loft,5,12,4,21+,Luxury,false,0,true,280,29,2026-05-15,Cape Coral/Fort Myers,Sanibel,Sanibel,Florida,33957,United States,coastal,https://www.vrbo.com/1705065,"https://media.vrbo.com/lodging/40000000/39090000/39086200/39086107/2e3eb6e1.jpg?impolicy=resizecrop&rw=1200&ra=fit",,1705065,26.424688,-82.067345,"=AVERAGE($G$2:$G$689)","=AVERAGE($D$2:$D$689)","=IFERROR(($AT102-G102)/$AT102,0)","=IFERROR(($AU102-D102)/$AU102,0)","=$AU102-D102"
Kings Crown 118: Remodeled 3 BR Gulf Front Condo!,Sanibel Vacations,,78431,120539,637.65,67.21,286,3,2,6,true,false,false,true,true,false,true,Home/Apartment,Condominium (condo),Apt/Condo/Loft,5,5,1,21+,Luxury,true,876,true,123,12,2026-05-13,Cape Coral/Fort Myers,Sanibel,Sanibel,Florida,33957,United States,coastal,https://www.airbnb.com/rooms/1142109410231934528,https://a0.muscache.com/im/pictures/prohost-api/Hosting-1142109410231934528/original/197f7926-5d55-4021-9668-d182637c25f1.jpeg,1142109410231934528,9953254ha,26.4229,-82.0861,"=AVERAGE($G$2:$G$689)","=AVERAGE($D$2:$D$689)","=IFERROR(($AT103-G103)/$AT103,0)","=IFERROR(($AU103-D103)/$AU103,0)","=$AU103-D103"
"Pine Cove is Back! Gulf-View Condo with Pool, Hot",Glass Casa,,78360,85706,612.19,46.55,340,2,2,6,true,true,false,true,false,false,true,Home/Apartment,Condominium (condo),Apt/Condo/Loft,3.5,2,1,21+,Luxury,true,569,true,128,20,2026-05-16,Cape Coral/Fort Myers,Sanibel,Sanibel,Florida,33957,United States,coastal,https://www.airbnb.com/rooms/1430486932462240128,https://a0.muscache.com/im/pictures/prohost-api/Hosting-1430486932462240128/original/936db2a8-8aeb-4b01-8434-4fe53107da8c.jpeg,1430486932462240128,4590416,26.4228,-82.0804,"=AVERAGE($G$2:$G$689)","=AVERAGE($D$2:$D$689)","=IFERROR(($AT104-G104)/$AT104,0)","=IFERROR(($AU104-D104)/$AU104,0)","=$AU104-D104"
Sand Dollar A302,Kingfisher Vacations,,78355,111975,486.68,68.8,280,3,2,6,true,false,false,true,true,false,true,Home/Apartment,Condominium (condo),Apt/Condo/Loft,4.8,16,7,21+,Luxury,true,300,true,161,20,2026-05-11,Cape Coral/Fort Myers,Sanibel,Sanibel,Florida,33957,United States,coastal,https://www.airbnb.com/rooms/43651635,https://a0.muscache.com/im/pictures/prohost-api/Hosting-43651635/original/f58c5027-6f25-4334-98a9-9ae6e4914ff8.jpeg,43651635,1992388,26.42832,-82.0591,"=AVERAGE($G$2:$G$689)","=AVERAGE($D$2:$D$689)","=IFERROR(($AT105-G105)/$AT105,0)","=IFERROR(($AU105-D105)/$AU105,0)","=$AU105-D105"
Sanibel Condo With Beach Views - Sandalfoot 4B3,Gulf Coast Vacation Rentals,,78265,88753,282.55,83.94,330,1,1,4,true,false,false,true,true,false,true,Home/Apartment,Condominium (condo),Apt/Condo/Loft,4.9,36,4,21+,Luxury,true,220,true,277,40,2026-05-17,Cape Coral/Fort Myers,Sanibel,Sanibel,Florida,33957,United States,coastal,https://www.airbnb.com/rooms/1298660955845838404,https://a0.muscache.com/im/pictures/prohost-api/Hosting-1298660955845838404/original/85ae0635-6207-4975-8c2c-aeb96cd35ddc.jpeg,1298660955845838404,20124756ha,26.4426570061,-82.0305384985,"=AVERAGE($G$2:$G$689)","=AVERAGE($D$2:$D$689)","=IFERROR(($AT106-G106)/$AT106,0)","=IFERROR(($AU106-D106)/$AU106,0)","=$AU106-D106"
Compass Point 162,San Cap Island Vacation Rentals,,78262,99589,369.16,75.44,295,2,2,6,true,false,false,true,true,false,false,Home/Apartment,Condominium (condo),Apt/Condo/Loft,4.85,10,1,21+,Luxury,false,354,true,212,30,2026-05-17,Cape Coral/Fort Myers,Sanibel,Sanibel,Florida,33957,United States,coastal,https://www.airbnb.com/rooms/619631185214690443,https://a0.muscache.com/im/pictures/prohost-api/Hosting-619631185214690443/original/1b232b1f-68c4-4031-a013-09beadc5d13b.jpeg,619631185214690443,2817742,26.4341,-82.047,"=AVERAGE($G$2:$G$689)","=AVERAGE($D$2:$D$689)","=IFERROR(($AT107-G107)/$AT107,0)","=IFERROR(($AU107-D107)/$AU107,0)","=$AU107-D107"
Sanibel Condo - Steps to Gulf - Cyprina Beach #10,Gulf Coast Vacation Rentals,,78021,95327,390.11,66.45,315,3,3,6,true,false,false,true,true,false,true,Home/Apartment,Condominium (condo),Apt/Condo/Loft,4.8,15,7,21+,Luxury,false,409,true,200,26,2026-05-13,Cape Coral/Fort Myers,Sanibel,Sanibel,Florida,33957,United States,coastal,https://www.airbnb.com/rooms/1123135406900336722,https://a0.muscache.com/im/pictures/prohost-api/Hosting-1123135406900336722/original/69d9f3cf-af48-4e55-81db-b4ed1afeeb57.jpeg,1123135406900336722,9877484ha,26.44241,-82.03129,"=AVERAGE($G$2:$G$689)","=AVERAGE($D$2:$D$689)","=IFERROR(($AT108-G108)/$AT108,0)","=IFERROR(($AU108-D108)/$AU108,0)","=$AU108-D108"
"OCEAN'S REACH 2D2: 2-Bdrm, Corner/Gulf-Front View, All Amenities Open!",Ocean's Reach Condominiums,,77943,101498,412.4,71.59,264,2,2,4,true,false,false,true,true,false,true,Home/Apartment,Condominium (condo),Apt/Condo/Loft,4.9,7,4,21+,Luxury,false,0,true,189,34,2026-05-17,Cape Coral/Fort Myers,Sanibel,Sanibel,Florida,33957,United States,coastal,https://www.vrbo.com/1705023,"https://media.vrbo.com/lodging/40000000/39090000/39087000/39086939/4f92a001.jpg?impolicy=resizecrop&rw=1200&ra=fit",,1705023,26.424688,-82.067345,"=AVERAGE($G$2:$G$689)","=AVERAGE($D$2:$D$689)","=IFERROR(($AT109-G109)/$AT109,0)","=IFERROR(($AU109-D109)/$AU109,0)","=$AU109-D109"
Sundial Q404 | Gulf View 2BR + Den | Sanibel Beach,Glass Casa,,77917,87196,671.7,55.77,313,2,2,6,true,false,false,true,false,false,true,Home/Apartment,Condominium (condo),Apt/Condo/Loft,5,1,1,21+,Luxury,true,582,true,116,20,2026-05-16,Cape Coral/Fort Myers,Sanibel,Sanibel,Florida,33957,United States,coastal,https://www.airbnb.com/rooms/1430504145463505717,https://a0.muscache.com/im/pictures/prohost-api/Hosting-1430504145463505717/original/258f2470-be93-4663-904c-33591ecb6ce2.jpeg,1430504145463505717,4604564,26.4328,-82.0504,"=AVERAGE($G$2:$G$689)","=AVERAGE($D$2:$D$689)","=IFERROR(($AT110-G110)/$AT110,0)","=IFERROR(($AU110-D110)/$AU110,0)","=$AU110-D110"
Angel’s Nest – Gulf-Front with Private Pool in San,Glass Casa,,77771,116304,818.64,60.9,275,3,2,6,true,true,false,true,false,true,true,Home/Apartment,House,House/villa,0,0,1,21+,Luxury,true,639,true,95,3,2026-05-14,Cape Coral/Fort Myers,Sanibel,Sanibel,Florida,33957,United States,coastal,https://www.airbnb.com/rooms/1406624569356898365,https://a0.muscache.com/im/pictures/prohost-api/Hosting-1406624569356898365/original/43629afe-a934-472a-bf12-916399bc6470.jpeg,1406624569356898365,4542445,26.4489,-82.1393,"=AVERAGE($G$2:$G$689)","=AVERAGE($D$2:$D$689)","=IFERROR(($AT111-G111)/$AT111,0)","=IFERROR(($AU111-D111)/$AU111,0)","=$AU111-D111"
Gulf-Front Luxury Condo | Stunning Views & Direct,Glass Casa,,77600,77600,776,78.74,365,3,2,6,true,false,true,true,false,false,true,Home/Apartment,Condominium (condo),Apt/Condo/Loft,0,0,1,21+,Luxury,true,424,true,100,1,2026-05-15,Cape Coral/Fort Myers,Sanibel,Sanibel,Florida,33957,United States,coastal,https://www.airbnb.com/rooms/1430489176491803474,https://a0.muscache.com/im/pictures/prohost-api/Hosting-1430489176491803474/original/2c4b53d2-4de5-4c2f-8ad2-d6271af321dd.jpeg,1430489176491803474,4594569,26.423,-82.0743,"=AVERAGE($G$2:$G$689)","=AVERAGE($D$2:$D$689)","=IFERROR(($AT112-G112)/$AT112,0)","=IFERROR(($AU112-D112)/$AU112,0)","=$AU112-D112"
"Breakers West B1, Steps to the Beach!",22584777,,77305,104799,439.23,68.48,258,2,2,6,true,false,false,true,true,false,true,Home/Apartment,Condominium (condo),Apt/Condo/Loft,4.75,272,3,1,Luxury,true,184,true,176,42,2026-05-17,Cape Coral/Fort Myers,Sanibel,Sanibel,Florida,33957,United States,coastal,https://www.airbnb.com/rooms/4350869,https://a0.muscache.com/im/pictures/hosting/Hosting-4350869/original/e39b1a55-e3d1-44bb-842c-8b3ab4511bfe.jpeg,4350869,619647,26.42561,-82.09488,"=AVERAGE($G$2:$G$689)","=AVERAGE($D$2:$D$689)","=IFERROR(($AT113-G113)/$AT113,0)","=IFERROR(($AU113-D113)/$AU113,0)","=$AU113-D113"
Elegant Gulf-Front Living at Loggerhead Cay 504: Y,Glass Casa,,77208,107336,638.08,55.76,297,2,2,6,true,true,false,true,false,false,true,Home/Apartment,Condominium (condo),Apt/Condo/Loft,0,0,1,21+,Luxury,true,569,true,121,22,2026-05-17,Cape Coral/Fort Myers,Sanibel,Sanibel,Florida,33957,United States,coastal,https://www.airbnb.com/rooms/1430501897818242749,https://a0.muscache.com/im/pictures/prohost-api/Hosting-1430501897818242749/original/fa59140a-15da-4f4a-b75c-2be66d41d4c3.jpeg,1430501897818242749,4604554,26.4383,-82.0402,"=AVERAGE($G$2:$G$689)","=AVERAGE($D$2:$D$689)","=IFERROR(($AT114-G114)/$AT114,0)","=IFERROR(($AU114-D114)/$AU114,0)","=$AU114-D114"
Beachfront condo on Sanibel - Sandalfoot 2B1,Gulf Coast Vacation Rentals,,77155,77155,300.21,70.41,365,1,1,3,true,false,false,true,true,false,true,Home/Apartment,Condominium (condo),Apt/Condo/Loft,4.95,28,4,21+,Luxury,true,226,true,257,49,2026-05-11,Cape Coral/Fort Myers,Sanibel,Sanibel,Florida,33957,United States,coastal,https://www.airbnb.com/rooms/1298661248133695551,https://a0.muscache.com/im/pictures/prohost-api/Hosting-1298661248133695551/original/75be21e8-a730-4064-bbb8-49ef39fd4199.jpeg,1298661248133695551,20124737ha,26.4422906878,-82.0322766111,"=AVERAGE($G$2:$G$689)","=AVERAGE($D$2:$D$689)","=IFERROR(($AT115-G115)/$AT115,0)","=IFERROR(($AU115-D115)/$AU115,0)","=$AU115-D115"
"OCEAN'S REACH 1B3, 3rd Floor, 1-Bedroom, 2 Recliners, All Amenities Open",Ocean's Reach Condominiums,,76989,77179,358.09,59.23,363,1,1,4,true,false,false,true,true,false,true,Home/Apartment,Condominium (condo),Apt/Condo/Loft,5,13,4,21+,Luxury,false,0,true,215,28,2026-05-15,Cape Coral/Fort Myers,Sanibel,Sanibel,Florida,33957,United States,coastal,https://www.vrbo.com/1705002,"https://media.vrbo.com/lodging/40000000/39090000/39085300/39085295/f2f97efc.jpg?impolicy=resizecrop&rw=1200&ra=fit",,1705002,26.424688,-82.067345,"=AVERAGE($G$2:$G$689)","=AVERAGE($D$2:$D$689)","=IFERROR(($AT116-G116)/$AT116,0)","=IFERROR(($AU116-D116)/$AU116,0)","=$AU116-D116"
Stunning Sundial Resort Residence with Den,Rosen Vacations,,76621,85158,437.83,55.56,331,2,2,8,true,false,false,true,true,false,true,Home/Apartment,Condominium (condo),Apt/Condo/Loft,5,14,3,21+,Luxury,true,425,true,175,46,2026-05-11,Cape Coral/Fort Myers,Sanibel,Sanibel,Florida,33957,United States,coastal,https://www.airbnb.com/rooms/1311650476858582294,https://a0.muscache.com/im/pictures/prohost-api/Hosting-1311650476858582294/original/2d3feb62-484e-4715-9dd5-9b0d905c0c94.jpeg,1311650476858582294,4335855,26.4326,-82.0505,"=AVERAGE($G$2:$G$689)","=AVERAGE($D$2:$D$689)","=IFERROR(($AT117-G117)/$AT117,0)","=IFERROR(($AU117-D117)/$AU117,0)","=$AU117-D117"
Condo with private beach - pet friendly - SIGI 07,Gulf Coast Vacation Rentals,,76501,100516,415.77,73.02,273,2,1,6,true,false,true,true,true,true,true,Home/Apartment,Condominium (condo),Apt/Condo/Loft,4.75,26,3,21+,Luxury,false,414,true,184,33,2026-05-11,Cape Coral/Fort Myers,Sanibel,Sanibel,Florida,33957,United States,coastal,https://www.airbnb.com/rooms/1129727848766301657,https://a0.muscache.com/im/pictures/prohost-api/Hosting-1129727848766301657/original/81e03138-f89b-4afd-aa77-d47752040692.jpeg,1129727848766301657,9944209ha,26.42676,-82.06253,"=AVERAGE($G$2:$G$689)","=AVERAGE($D$2:$D$689)","=IFERROR(($AT118-G118)/$AT118,0)","=IFERROR(($AU118-D118)/$AU118,0)","=$AU118-D118"
Penthouse Condo • Steps to Beach • Pool • Sanibel,415250688,,76444,99454,384.14,71.07,282,2,2,6,true,false,false,true,true,false,true,Home/Apartment,Condominium (condo),Apt/Condo/Loft,4.95,105,3,2-5,Luxury,true,225,false,199,39,2026-05-17,Cape Coral/Fort Myers,Sanibel,Sanibel,Florida,33957,United States,coastal,https://www.airbnb.com/rooms/501451362875071579,https://a0.muscache.com/im/pictures/miso/Hosting-501451362875071579/original/9ec4bd9a-97bc-49d4-847c-f09e5f6c7996.jpeg,501451362875071579,3914358,26.4256,-82.0944,"=AVERAGE($G$2:$G$689)","=AVERAGE($D$2:$D$689)","=IFERROR(($AT119-G119)/$AT119,0)","=IFERROR(($AU119-D119)/$AU119,0)","=$AU119-D119"
Gorgeous Coastal Cottage Ibis minutes to the beach and free bikes! JULY SAVINGS,Breakaway VACATION PROPERTIES,,76092,83114,318.38,69.68,343,1,1,4,true,false,false,true,false,false,false,Home/Apartment,Cabin,House/villa,4.85,93,1,21+,Luxury,true,190,true,239,61,2026-05-17,Cape Coral/Fort Myers,Sanibel,Sanibel,Florida,33957,United States,coastal,https://www.airbnb.com/rooms/26955674,https://a0.muscache.com/im/pictures/hosting/Hosting-26955674/original/864b3346-e190-4c00-b760-8228035bfc96.jpeg,26955674,1197976,26.45434,-82.14269,"=AVERAGE($G$2:$G$689)","=AVERAGE($D$2:$D$689)","=IFERROR(($AT120-G120)/$AT120,0)","=IFERROR(($AU120-D120)/$AU120,0)","=$AU120-D120"
Loggerhead 132 Direct Gulf Front,Breakaway VACATION PROPERTIES,,75784,109178,485.79,65.55,255,2,2,6,true,false,false,true,true,false,true,Home/Apartment,Condominium (condo),Apt/Condo/Loft,5,8,7,21+,Luxury,true,345,true,156,18,2026-05-11,Cape Coral/Fort Myers,Sanibel,Sanibel,Florida,33957,United States,coastal,https://www.airbnb.com/rooms/1206763242694361057,https://a0.muscache.com/im/pictures/prohost-api/Hosting-1206763242694361057/original/6a312e68-7910-4426-beea-db964713bcac.jpeg,1206763242694361057,4111456,26.43673,-82.04019,"=AVERAGE($G$2:$G$689)","=AVERAGE($D$2:$D$689)","=IFERROR(($AT121-G121)/$AT121,0)","=IFERROR(($AU121-D121)/$AU121,0)","=$AU121-D121"
Sundial F307 brand new steps to beach,Breakaway VACATION PROPERTIES,,75707,80191,345.69,70.42,341,1,1,4,true,false,false,true,true,false,true,Home/Apartment,Condominium (condo),Apt/Condo/Loft,4.8,19,1,21+,Luxury,true,245,true,219,56,2026-05-16,Cape Coral/Fort Myers,Sanibel,Sanibel,Florida,33957,United States,coastal,https://www.airbnb.com/rooms/1412330978279499308,https://a0.muscache.com/im/pictures/prohost-api/Hosting-1412330978279499308/original/c3096627-81ca-4e8a-9677-77fbf8d4ae0c.jpeg,1412330978279499308,4609583,26.43051,-82.05419,"=AVERAGE($G$2:$G$689)","=AVERAGE($D$2:$D$689)","=IFERROR(($AT122-G122)/$AT122,0)","=IFERROR(($AU122-D122)/$AU122,0)","=$AU122-D122"
"Cozy Beachfront 3 bed, 2 bath at Sanibel Moorings #522",Sanibel Moorings Resort,,75637,103882,619.98,49.39,258,3,2,6,true,true,false,true,true,false,true,Home/Apartment,Condominium (condo),Apt/Condo/Loft,4.9,7,3,21+,Luxury,false,25,true,122,24,2026-05-17,Cape Coral/Fort Myers,Sanibel,Sanibel,Florida,33957,United States,coastal,https://www.vrbo.com/4505686ha,"https://media.vrbo.com/lodging/64000000/63660000/63653800/63653722/1d7e9573.jpg?impolicy=resizecrop&rw=1200&ra=fit",,4505686ha,26.440833,-82.03479,"=AVERAGE($G$2:$G$689)","=AVERAGE($D$2:$D$689)","=IFERROR(($AT123-G123)/$AT123,0)","=IFERROR(($AU123-D123)/$AU123,0)","=$AU123-D123"
Steps to the beach - Sanibel - Sandalfoot 3B1,Gulf Coast Vacation Rentals,,75524,77052,303.31,69.75,357,1,1,4,true,false,false,true,true,false,true,Home/Apartment,Condominium (condo),Apt/Condo/Loft,4.65,13,3,21+,Luxury,true,221,true,249,54,2026-05-11,Cape Coral/Fort Myers,Sanibel,Sanibel,Florida,33957,United States,coastal,https://www.airbnb.com/rooms/1298661297386515976,https://a0.muscache.com/im/pictures/prohost-api/Hosting-1298661297386515976/original/c09d2b27-fdf0-4d05-a602-979df9182193.jpeg,1298661297386515976,20124746ha,26.4430091684,-82.0321429141,"=AVERAGE($G$2:$G$689)","=AVERAGE($D$2:$D$689)","=IFERROR(($AT124-G124)/$AT124,0)","=IFERROR(($AU124-D124)/$AU124,0)","=$AU124-D124"
Ground Level Beachfront 3 Bedroom Condo!,Glass Casa,,75477,91395,468.8,66.8,302,3,2,6,true,false,true,true,false,false,true,Home/Apartment,Condominium (condo),Apt/Condo/Loft,4.8,9,1,21+,Luxury,true,616,true,161,25,2026-05-13,Cape Coral/Fort Myers,Sanibel,Sanibel,Florida,33957,United States,coastal,https://www.airbnb.com/rooms/1365208708870287615,https://a0.muscache.com/im/pictures/prohost-api/Hosting-1365208708870287615/original/862d65d8-2a5b-45bb-8beb-20548e02be24.jpeg,1365208708870287615,4440688,26.423,-82.0778,"=AVERAGE($G$2:$G$689)","=AVERAGE($D$2:$D$689)","=IFERROR(($AT125-G125)/$AT125,0)","=IFERROR(($AU125-D125)/$AU125,0)","=$AU125-D125"
Sand Dollar A303,San Cap Island Vacation Rentals,,75458,96737,433.67,73.42,301,3,2,6,true,false,false,true,true,false,true,Home/Apartment,Condominium (condo),Apt/Condo/Loft,4.65,27,1,21+,Luxury,false,639,true,174,22,2026-05-17,Cape Coral/Fort Myers,Sanibel,Sanibel,Florida,33957,United States,coastal,https://www.airbnb.com/rooms/28559524,https://a0.muscache.com/im/pictures/prohost-api/Hosting-28559524/original/6dc570e6-9169-4f9a-9849-f8f62be2b90b.jpeg,28559524,769364,26.4281,-82.0596,"=AVERAGE($G$2:$G$689)","=AVERAGE($D$2:$D$689)","=IFERROR(($AT126-G126)/$AT126,0)","=IFERROR(($AU126-D126)/$AU126,0)","=$AU126-D126"
Pelicans Roost 101,Kingfisher Vacations,,75009,95474,506.82,49.5,302,2,2,6,true,false,false,true,true,false,true,Home/Apartment,Condominium (condo),Apt/Condo/Loft,4.8,8,4,21+,Luxury,true,189,true,148,24,2026-05-13,Cape Coral/Fort Myers,Sanibel,Sanibel,Florida,33957,United States,coastal,https://www.airbnb.com/rooms/1204427670310887935,https://a0.muscache.com/im/pictures/prohost-api/Hosting-1204427670310887935/original/0f689147-4273-484c-b8b4-7f641868eefb.jpeg,1204427670310887935,4108589,26.43616,-82.04585,"=AVERAGE($G$2:$G$689)","=AVERAGE($D$2:$D$689)","=IFERROR(($AT127-G127)/$AT127,0)","=IFERROR(($AU127-D127)/$AU127,0)","=$AU127-D127"
Sundial D401- Breathtaking panoramic Gulf views,Royal Shell Vacations,,74969,82332,403.06,69.92,298,3,2,8,true,false,false,true,true,false,true,Home/Apartment,Condominium (condo),Apt/Condo/Loft,4.4,10,3,21+,Luxury,true,330,true,186,29,2026-05-16,Cape Coral/Fort Myers,Sanibel,Sanibel,Florida,33957,United States,coastal,https://www.airbnb.com/rooms/1441308290159551109,https://a0.muscache.com/im/pictures/prohost-api/Hosting-1441308290159551109/original/c5808565-635e-4ded-9c44-90d0d5b4a4de.jpeg,1441308290159551109,20160235ha,26.43141,-82.05413,"=AVERAGE($G$2:$G$689)","=AVERAGE($D$2:$D$689)","=IFERROR(($AT128-G128)/$AT128,0)","=IFERROR(($AU128-D128)/$AU128,0)","=$AU128-D128"
Beautiful Beachfront Views with Free Wifi!,,,74932,85539,435.65,61.87,327,2,2,6,true,false,false,true,true,false,true,Home/Apartment,Condominium (condo),Apt/Condo/Loft,4.9,170,3,1,Luxury,false,200,false,172,36,2026-03-01,Cape Coral/Fort Myers,Sanibel,Sanibel,Florida,33957,United States,coastal,https://www.vrbo.com/249271,"https://media.vrbo.com/lodging/20000000/19450000/19449000/19448975/0bd601d4.jpg?impolicy=resizecrop&rw=1200&ra=fit",,249271,26.44984,-82.01983,"=AVERAGE($G$2:$G$689)","=AVERAGE($D$2:$D$689)","=IFERROR(($AT129-G129)/$AT129,0)","=IFERROR(($AU129-D129)/$AU129,0)","=$AU129-D129"
Sanibel Surf Sounds at Loggerhead Cay Direct Gulf,50922508,,74480,202958,744.8,75.76,134,2,2,6,true,false,false,true,true,true,true,Home/Apartment,Condominium (condo),Apt/Condo/Loft,4.8,110,7,2-5,Luxury,false,395,false,100,15,2026-05-11,Cape Coral/Fort Myers,Sanibel,Sanibel,Florida,33957,United States,coastal,https://www.airbnb.com/rooms/15449305,https://a0.muscache.com/im/pictures/a77322ab-939e-4e88-8816-61fa96bf1e2a.jpg,15449305,381554,26.43701,-82.04164,"=AVERAGE($G$2:$G$689)","=AVERAGE($D$2:$D$689)","=IFERROR(($AT130-G130)/$AT130,0)","=IFERROR(($AU130-D130)/$AU130,0)","=$AU130-D130"
Tranquil Sanibel retreat - pets ok - SIGI 15,Gulf Coast Vacation Rentals,,74344,81673,453.32,58.36,281,3,2,6,true,false,true,true,true,true,true,Home/Apartment,Condominium (condo),Apt/Condo/Loft,4.75,18,3,21+,Luxury,false,431,true,164,26,2026-05-11,Cape Coral/Fort Myers,Sanibel,Sanibel,Florida,33957,United States,coastal,https://www.airbnb.com/rooms/1130642118939505613,https://a0.muscache.com/im/pictures/prohost-api/Hosting-1130642118939505613/original/5f48930b-0e35-4b5f-968d-7734f9238b4e.jpeg,1130642118939505613,9947425ha,26.42722,-82.06084,"=AVERAGE($G$2:$G$689)","=AVERAGE($D$2:$D$689)","=IFERROR(($AT131-G131)/$AT131,0)","=IFERROR(($AU131-D131)/$AU131,0)","=$AU131-D131"
"Loggerhead Cay 553 - gulf view, beach side vacatio",Dream Vacation Rentals,,74121,111234,392.17,71.32,272,2,2,6,true,false,false,true,true,false,true,Home/Apartment,Condominium (condo),Apt/Condo/Loft,4.8,56,1,21+,Luxury,true,111,true,189,26,2026-05-17,Cape Coral/Fort Myers,Sanibel,Sanibel,Florida,33957,United States,coastal,https://www.airbnb.com/rooms/42445769,https://a0.muscache.com/im/pictures/prohost-api/Hosting-42445769/original/56166ea1-7af3-454c-b478-2438f1e4cbba.jpeg,42445769,9400551ha,26.4396,-82.0402,"=AVERAGE($G$2:$G$689)","=AVERAGE($D$2:$D$689)","=IFERROR(($AT132-G132)/$AT132,0)","=IFERROR(($AU132-D132)/$AU132,0)","=$AU132-D132"
Sanibel 1-bedroom Beachfront Condo!,,,73914,92431,340.62,69.55,313,1,1,4,true,false,false,true,true,false,true,Home/Apartment,Condominium (condo),Apt/Condo/Loft,5,68,4,1,Luxury,false,0,false,217,39,2026-05-17,Cape Coral/Fort Myers,Sanibel,Sanibel,Florida,33957,United States,coastal,https://www.vrbo.com/4397689,"https://media.vrbo.com/lodging/113000000/112490000/112480600/112480597/2975630d.jpg?impolicy=resizecrop&rw=1200&ra=fit",,4397689,26.424585,-82.067628,"=AVERAGE($G$2:$G$689)","=AVERAGE($D$2:$D$689)","=IFERROR(($AT133-G133)/$AT133,0)","=IFERROR(($AU133-D133)/$AU133,0)","=$AU133-D133"
Compass Point 183 Penthouse!,Breakaway VACATION PROPERTIES,,73833,83069,458.59,57.91,323,3,2,6,true,false,false,true,true,false,true,Home/Apartment,Condominium (condo),Apt/Condo/Loft,4.55,33,7,21+,Luxury,true,345,true,161,21,2026-05-17,Cape Coral/Fort Myers,Sanibel,Sanibel,Florida,33957,United States,coastal,https://www.airbnb.com/rooms/40308450,https://a0.muscache.com/im/pictures/prohost-api/Hosting-40308450/original/82b2cb5a-09ca-48c4-bf85-0c3277fb934e.jpeg,40308450,1793201,26.43357,-82.04945,"=AVERAGE($G$2:$G$689)","=AVERAGE($D$2:$D$689)","=IFERROR(($AT134-G134)/$AT134,0)","=IFERROR(($AU134-D134)/$AU134,0)","=$AU134-D134"
Within in walking distance to Bowman Beach,7940232,,73688,89847,497.89,48.84,323,3,3,8,true,false,false,true,true,false,true,Home/Apartment,House,House/villa,4.85,51,7,21+,Luxury,false,275,true,148,19,2026-05-11,Cape Coral/Fort Myers,Sanibel,Sanibel,Florida,33957,United States,coastal,https://www.airbnb.com/rooms/50670334,https://a0.muscache.com/im/pictures/1ea4b3c3-85e4-4f90-bd99-c042152a285e.jpg,50670334,2361344,26.46186,-82.15254,"=AVERAGE($G$2:$G$689)","=AVERAGE($D$2:$D$689)","=IFERROR(($AT135-G135)/$AT135,0)","=IFERROR(($AU135-D135)/$AU135,0)","=$AU135-D135"
Pelicans Roost 207,Kingfisher Vacations,,73430,99965,578.19,50.4,261,2,2,6,true,false,false,true,true,false,true,Home/Apartment,Condominium (condo),Apt/Condo/Loft,4.75,4,4,21+,Luxury,true,190,true,127,21,2026-05-17,Cape Coral/Fort Myers,Sanibel,Sanibel,Florida,33957,United States,coastal,https://www.airbnb.com/rooms/1192838542081325448,https://a0.muscache.com/im/pictures/prohost-api/Hosting-1192838542081325448/original/27434ea3-ba15-44dc-a618-5403717b5a17.jpeg,1192838542081325448,4086258,26.4343,-82.04431,"=AVERAGE($G$2:$G$689)","=AVERAGE($D$2:$D$689)","=IFERROR(($AT136-G136)/$AT136,0)","=IFERROR(($AU136-D136)/$AU136,0)","=$AU136-D136"
"OCEAN'S REACH 3X3: 1-Bdrm, 3rd Floor, Gulf Front Views, All Amenities Open!",Ocean's Reach Condominiums,,73195,75167,402.17,60.67,325,1,1,4,true,false,false,true,false,false,false,Home/Apartment,Condominium (condo),Apt/Condo/Loft,5,2,4,21+,Luxury,false,0,true,182,30,2026-05-15,Cape Coral/Fort Myers,Sanibel,Sanibel,Florida,33957,United States,coastal,https://www.vrbo.com/4632810,"https://media.vrbo.com/lodging/118000000/117360000/117359100/117359048/fa6caa44.jpg?impolicy=resizecrop&rw=1200&ra=fit",,4632810,26.42485,-82.06694,"=AVERAGE($G$2:$G$689)","=AVERAGE($D$2:$D$689)","=IFERROR(($AT137-G137)/$AT137,0)","=IFERROR(($AU137-D137)/$AU137,0)","=$AU137-D137"
Serene condo steps from beach - Sandalfoot 1B2,Gulf Coast Vacation Rentals,,73068,75514,335.17,67.08,340,1,1,4,true,false,false,true,true,false,true,Home/Apartment,Condominium (condo),Apt/Condo/Loft,4.95,16,3,21+,Luxury,true,221,true,218,39,2026-05-13,Cape Coral/Fort Myers,Sanibel,Sanibel,Florida,33957,United States,coastal,https://www.airbnb.com/rooms/1298660544479196452,https://a0.muscache.com/im/pictures/prohost-api/Hosting-1298660544479196452/original/5aec85ac-01b8-40f2-b2b2-1cdfff83444b.jpeg,1298660544479196452,20127436ha,26.44446,-82.03195,"=AVERAGE($G$2:$G$689)","=AVERAGE($D$2:$D$689)","=IFERROR(($AT138-G138)/$AT138,0)","=IFERROR(($AU138-D138)/$AU138,0)","=$AU138-D138"
Pelicans Roost 206,Kingfisher Vacations,,72821,102322,543.44,54.03,301,2,2,6,true,false,false,true,true,false,true,Home/Apartment,Condominium (condo),Apt/Condo/Loft,4.85,6,4,21+,Luxury,true,188,true,134,25,2026-05-13,Cape Coral/Fort Myers,Sanibel,Sanibel,Florida,33957,United States,coastal,https://www.airbnb.com/rooms/1173185106497816628,https://a0.muscache.com/im/pictures/prohost-api/Hosting-1173185106497816628/original/dccb30b6-e4ec-4ca8-9f52-09bad2b787b6.jpeg,1173185106497816628,4043031,26.43476,-82.04465,"=AVERAGE($G$2:$G$689)","=AVERAGE($D$2:$D$689)","=IFERROR(($AT139-G139)/$AT139,0)","=IFERROR(($AU139-D139)/$AU139,0)","=$AU139-D139"
Pelicans Roost 305,Kingfisher Vacations,,72607,103948,585.54,44.77,284,2,2,6,true,false,false,true,true,false,true,Home/Apartment,Condominium (condo),Apt/Condo/Loft,5,2,4,21+,Luxury,true,190,true,124,25,2026-05-11,Cape Coral/Fort Myers,Sanibel,Sanibel,Florida,33957,United States,coastal,https://www.airbnb.com/rooms/1244261965081937431,https://a0.muscache.com/im/pictures/prohost-api/Hosting-1244261965081937431/original/d0c79265-2e1d-49e9-9237-df66d63bef0e.jpeg,1244261965081937431,4193620,26.43462,-82.0457,"=AVERAGE($G$2:$G$689)","=AVERAGE($D$2:$D$689)","=IFERROR(($AT140-G140)/$AT140,0)","=IFERROR(($AU140-D140)/$AU140,0)","=$AU140-D140"
Seaside Luxury Awaits: Spacious Coastal Retreat at,Glass Casa,,72557,117446,665.66,69.87,229,3,3,8,true,false,false,true,false,false,true,Home/Apartment,Condominium (condo),Apt/Condo/Loft,5,3,1,21+,Luxury,true,499,true,109,14,2026-05-16,Cape Coral/Fort Myers,Sanibel,Sanibel,Florida,33957,United States,coastal,https://www.airbnb.com/rooms/1430496001753633458,https://a0.muscache.com/im/pictures/prohost-api/Hosting-1430496001753633458/original/c7f37fb7-4d29-4e6f-90e5-ad5b15a59521.jpeg,1430496001753633458,4606455,26.4485,-82.0212,"=AVERAGE($G$2:$G$689)","=AVERAGE($D$2:$D$689)","=IFERROR(($AT141-G141)/$AT141,0)","=IFERROR(($AU141-D141)/$AU141,0)","=$AU141-D141"
2BR Sanibel beachfront oasis - Sandalfoot 5A1,Gulf Coast Vacation Rentals,,72095,87465,442.3,67.08,269,2,2,6,true,false,false,true,true,false,true,Home/Apartment,Condominium (condo),Apt/Condo/Loft,5,8,3,21+,Luxury,true,272,true,163,31,2026-05-17,Cape Coral/Fort Myers,Sanibel,Sanibel,Florida,33957,United States,coastal,https://www.airbnb.com/rooms/1298676141135980718,https://a0.muscache.com/im/pictures/prohost-api/Hosting-1298676141135980718/original/28cc728a-af63-4089-987d-a572b99cabdb.jpeg,1298676141135980718,20156049ha,26.4435955467,-82.0308661279,"=AVERAGE($G$2:$G$689)","=AVERAGE($D$2:$D$689)","=IFERROR(($AT142-G142)/$AT142,0)","=IFERROR(($AU142-D142)/$AU142,0)","=$AU142-D142"
Pelicans Roost 304,Kingfisher Vacations,,72076,96973,533.9,50.37,297,2,2,8,true,false,false,true,true,false,true,Home/Apartment,Condominium (condo),Apt/Condo/Loft,5,1,4,21+,Luxury,true,188,true,135,24,2026-05-11,Cape Coral/Fort Myers,Sanibel,Sanibel,Florida,33957,United States,coastal,https://www.airbnb.com/rooms/1211540031537732756,https://a0.muscache.com/im/pictures/prohost-api/Hosting-1211540031537732756/original/ecf0adb3-356a-4dbf-aced-92d022b0d5a0.jpeg,1211540031537732756,,26.43575,-82.04471,"=AVERAGE($G$2:$G$689)","=AVERAGE($D$2:$D$689)","=IFERROR(($AT143-G143)/$AT143,0)","=IFERROR(($AU143-D143)/$AU143,0)","=$AU143-D143"
Loggerhead Cay #114,Select Vacation Properties,,71633,146883,494.02,81.01,207,2,2,6,false,false,false,false,false,false,false,Home/Apartment,Condominium (condo),Apt/Condo/Loft,5,67,1,21+,Luxury,true,216,true,145,25,2026-05-13,Cape Coral/Fort Myers,Sanibel,Sanibel,Florida,33957,United States,coastal,https://www.airbnb.com/rooms/54339212,https://a0.muscache.com/im/pictures/prohost-api/Hosting-54339212/original/00df79f3-b914-4a1a-a543-6c75f966b9ec.jpeg,54339212,3769941,26.43912,-82.041,"=AVERAGE($G$2:$G$689)","=AVERAGE($D$2:$D$689)","=IFERROR(($AT144-G144)/$AT144,0)","=IFERROR(($AU144-D144)/$AU144,0)","=$AU144-D144"
BEAUTIFUL NEW CONDO 2025 SANIBEL ISLAND!!! SANDY BEACH  POOL 🏝️🌅 🏖️,,,71594,128183,474.13,90.96,172,2,2,8,true,false,false,true,true,false,true,Home/Apartment,Condominium (condo),Apt/Condo/Loft,4.9,56,7,1,Luxury,false,39,true,151,31,2026-02-01,Cape Coral/Fort Myers,Sanibel,Sanibel,Florida,33957,United States,coastal,https://www.vrbo.com/18881,"https://media.vrbo.com/lodging/33000000/32660000/32655100/32655007/bae9d61a.jpg?impolicy=resizecrop&rw=1200&ra=fit",,18881,26.43603,-82.04336,"=AVERAGE($G$2:$G$689)","=AVERAGE($D$2:$D$689)","=IFERROR(($AT145-G145)/$AT145,0)","=IFERROR(($AU145-D145)/$AU145,0)","=$AU145-D145"
Pointe Santo A45,Kingfisher Vacations,,71503,91802,452.55,61.72,302,2,2,6,true,false,false,true,true,false,true,Home/Apartment,Condominium (condo),Apt/Condo/Loft,4.9,10,4,21+,Luxury,true,301,true,158,26,2026-05-16,Cape Coral/Fort Myers,Sanibel,Sanibel,Florida,33957,United States,coastal,https://www.airbnb.com/rooms/1417496925030058993,https://a0.muscache.com/im/pictures/prohost-api/Hosting-1417496925030058993/original/29f5a411-378a-403b-ab8c-9df80b8118d9.jpeg,1417496925030058993,4583563,26.423136519,-82.0774736785,"=AVERAGE($G$2:$G$689)","=AVERAGE($D$2:$D$689)","=IFERROR(($AT146-G146)/$AT146,0)","=IFERROR(($AU146-D146)/$AU146,0)","=$AU146-D146"
Sanibel Dream Upscale Condo Gulf front 3 Bed 2 Ba,387789033,,71420,197249,736.29,59.15,206,3,2,8,true,false,false,true,true,false,true,Home/Apartment,Condominium (condo),Apt/Condo/Loft,5,46,7,2-5,Luxury,false,250,false,97,15,2026-05-11,Cape Coral/Fort Myers,Sanibel,Sanibel,Florida,33957,United States,coastal,https://www.airbnb.com/rooms/588541513298138625,https://a0.muscache.com/im/pictures/miso/Hosting-588541513298138625/original/3b09e7c1-5b91-4b75-bb92-a7e64217139a.jpeg,588541513298138625,2718565,26.4346,-82.0471,"=AVERAGE($G$2:$G$689)","=AVERAGE($D$2:$D$689)","=IFERROR(($AT147-G147)/$AT147,0)","=IFERROR(($AU147-D147)/$AU147,0)","=$AU147-D147"
Sanibel Surfsound Home - Heated pool and easy walk,Dream Vacation Rentals,,70990,88566,420.06,89.42,288,3,3,8,true,false,false,true,true,false,true,Home/Apartment,House,House/villa,4.65,6,1,21+,Luxury,true,435,true,169,7,2026-05-14,Cape Coral/Fort Myers,Sanibel,Sanibel,Florida,33957,United States,coastal,https://www.airbnb.com/rooms/52185580,https://a0.muscache.com/im/pictures/prohost-api/Hosting-52185580/original/a9866efb-5651-4848-82d9-52f7bf355731.jpeg,52185580,9609511ha,26.4333,-82.1086,"=AVERAGE($G$2:$G$689)","=AVERAGE($D$2:$D$689)","=IFERROR(($AT148-G148)/$AT148,0)","=IFERROR(($AU148-D148)/$AU148,0)","=$AU148-D148"
Sundial R204,Select Vacation Properties,,70947,83300,545.75,53.06,315,3,2,6,true,false,false,true,true,false,true,Home/Apartment,Condominium (condo),Apt/Condo/Loft,4.8,76,1,21+,Luxury,true,345,true,130,25,2026-05-17,Cape Coral/Fort Myers,Sanibel,Sanibel,Florida,33957,United States,coastal,https://www.airbnb.com/rooms/38094752,https://a0.muscache.com/im/pictures/ae5e8e82-a9e6-40ab-b5b3-e2ea32874541.jpg,38094752,847622,26.43331,-82.05003,"=AVERAGE($G$2:$G$689)","=AVERAGE($D$2:$D$689)","=IFERROR(($AT149-G149)/$AT149,0)","=IFERROR(($AU149-D149)/$AU149,0)","=$AU149-D149"
Pirates Cove Cottage at Palmview Inn of Sanibel,Rosen Vacations,,70765,72171,271.13,72.7,359,1,1,4,true,false,false,true,true,true,false,Home/Apartment,Bungalow,House/villa,4.65,49,3,21+,Luxury,true,99,true,261,75,2026-05-17,Cape Coral/Fort Myers,Sanibel,Sanibel,Florida,33957,United States,coastal,https://www.airbnb.com/rooms/52595743,https://a0.muscache.com/im/pictures/prohost-api/Hosting-52595743/original/528017ce-8a6e-4830-8008-a2050243c642.jpeg,52595743,2488864,26.4383,-82.0458,"=AVERAGE($G$2:$G$689)","=AVERAGE($D$2:$D$689)","=IFERROR(($AT150-G150)/$AT150,0)","=IFERROR(($AU150-D150)/$AU150,0)","=$AU150-D150"
Your Perfect Gulf-Front Island Getaway Awaits,Glass Casa,,70368,103240,628.29,56,229,3,3,6,true,false,false,true,false,false,true,Home/Apartment,Condominium (condo),Apt/Condo/Loft,4,1,1,21+,Luxury,true,580,true,112,14,2026-05-13,Cape Coral/Fort Myers,Sanibel,Sanibel,Florida,33957,United States,coastal,https://www.airbnb.com/rooms/1430496001662244793,https://a0.muscache.com/im/pictures/prohost-api/Hosting-1430496001662244793/original/c2e4cbe1-b4f5-46c9-b7ab-fe5f2d530b76.jpeg,1430496001662244793,4606453,26.4366,-82.0444,"=AVERAGE($G$2:$G$689)","=AVERAGE($D$2:$D$689)","=IFERROR(($AT151-G151)/$AT151,0)","=IFERROR(($AU151-D151)/$AU151,0)","=$AU151-D151"
Spacious 3BR Gulf-View Condo – Perfect for Your Sa,Glass Casa,,70164,110438,730.88,61.94,276,3,2,6,true,false,true,true,false,false,true,Home/Apartment,Condominium (condo),Apt/Condo/Loft,0,0,1,21+,Luxury,true,608,true,96,16,2026-05-17,Cape Coral/Fort Myers,Sanibel,Sanibel,Florida,33957,United States,coastal,https://www.airbnb.com/rooms/1430486072881736637,https://a0.muscache.com/im/pictures/prohost-api/Hosting-1430486072881736637/original/5916ee99-cf3f-422c-91f4-d46f04a77582.jpeg,1430486072881736637,4590413,26.4228,-82.0776,"=AVERAGE($G$2:$G$689)","=AVERAGE($D$2:$D$689)","=IFERROR(($AT152-G152)/$AT152,0)","=IFERROR(($AU152-D152)/$AU152,0)","=$AU152-D152"
Sundial P204- Dreamy Beachfront Condo on Sanibel,15378492,,70151,81674,552.37,43.64,326,3,2,8,true,false,false,true,true,false,true,Home/Apartment,Condominium (condo),Apt/Condo/Loft,5,33,3,2-5,Luxury,true,285,false,127,29,2026-05-16,Cape Coral/Fort Myers,Sanibel,Sanibel,Florida,33957,United States,coastal,https://www.airbnb.com/rooms/1376159854020487874,https://a0.muscache.com/im/pictures/hosting/Hosting-1376159854020487874/original/a28bbe3c-08b3-43fa-8c84-49175c5cb4f6.jpeg,1376159854020487874,,26.432402897,-82.0515646976,"=AVERAGE($G$2:$G$689)","=AVERAGE($D$2:$D$689)","=IFERROR(($AT153-G153)/$AT153,0)","=IFERROR(($AU153-D153)/$AU153,0)","=$AU153-D153"
"OCEAN'S REACH 3B1: 1-Bdrm, Ground-Level, Quick Beach Access, Amenities Open!",Ocean's Reach Condominiums,,70100,70266,288.48,66.76,364,1,1,4,true,false,false,true,true,false,true,Home/Apartment,Condominium (condo),Apt/Condo/Loft,5,13,4,21+,Luxury,false,0,true,243,31,2026-05-15,Cape Coral/Fort Myers,Sanibel,Sanibel,Florida,33957,United States,coastal,https://www.vrbo.com/1705035,"https://media.vrbo.com/lodging/40000000/39090000/39086400/39086322/9f951152.jpg?impolicy=resizecrop&rw=1200&ra=fit",,1705035,26.424688,-82.067345,"=AVERAGE($G$2:$G$689)","=AVERAGE($D$2:$D$689)","=IFERROR(($AT154-G154)/$AT154,0)","=IFERROR(($AU154-D154)/$AU154,0)","=$AU154-D154"
"Beachfront Condo, 2bd/2bath Pet-Friendly",159153560,,69939,79751,392.92,55.62,329,2,2,7,true,false,false,true,true,true,true,Home/Apartment,Condominium (condo),Apt/Condo/Loft,4.85,34,3,2-5,Luxury,true,201,false,178,42,2026-05-11,Cape Coral/Fort Myers,Sanibel,Sanibel,Florida,33957,United States,coastal,https://www.airbnb.com/rooms/1071293549133769018,https://a0.muscache.com/im/pictures/miso/Hosting-1071293549133769018/original/dd96b7ac-696a-4b14-8750-9d638bc34abe.png,1071293549133769018,4224443,26.43535,-82.04682,"=AVERAGE($G$2:$G$689)","=AVERAGE($D$2:$D$689)","=IFERROR(($AT155-G155)/$AT155,0)","=IFERROR(($AU155-D155)/$AU155,0)","=$AU155-D155"
Modern Oceanfront Ground Floor Gem,29264754,,69454,142437,472.48,85.47,188,2,2,6,true,false,false,true,true,true,true,Home/Apartment,Condominium (condo),Apt/Condo/Loft,5,143,7,2-5,Luxury,false,0,true,147,20,2026-05-17,Cape Coral/Fort Myers,Sanibel,Sanibel,Florida,33957,United States,coastal,https://www.airbnb.com/rooms/50829510,https://a0.muscache.com/im/pictures/miso/Hosting-50829510/original/6805d244-975b-4e56-b2bf-3c4ee7f16635.jpeg,50829510,2319503,26.4373,-82.0409,"=AVERAGE($G$2:$G$689)","=AVERAGE($D$2:$D$689)","=IFERROR(($AT156-G156)/$AT156,0)","=IFERROR(($AU156-D156)/$AU156,0)","=$AU156-D156"
Modern Gulf-Front Condo in Sanibel – Newly Renovated & Ready for Your Escape,Glass Casa,,69380,150522,700.81,96.12,143,2,2,6,true,false,true,true,false,false,true,Home/Apartment,Condominium (condo),Apt/Condo/Loft,5,3,3,21+,Luxury,false,150,true,99,18,2026-05-13,Cape Coral/Fort Myers,Sanibel,Sanibel,Florida,33957,United States,coastal,https://www.vrbo.com/4590415,"https://media.vrbo.com/lodging/117000000/116290000/116286000/116285901/5e993e8d.jpg?impolicy=resizecrop&rw=1200&ra=fit",,4590415,26.422836,-82.077551,"=AVERAGE($G$2:$G$689)","=AVERAGE($D$2:$D$689)","=IFERROR(($AT157-G157)/$AT157,0)","=IFERROR(($AU157-D157)/$AU157,0)","=$AU157-D157"
"View of Gulf, Steps to Beach@The Turquoise Turtle",366111916,,69302,102758,387.16,72.47,249,2,2,6,true,false,false,true,true,false,true,Home/Apartment,Condominium (condo),Apt/Condo/Loft,5,94,7,1,Luxury,true,250,true,179,25,2026-05-17,Cape Coral/Fort Myers,Sanibel,Sanibel,Florida,33957,United States,coastal,https://www.airbnb.com/rooms/50199311,https://a0.muscache.com/im/pictures/bbe1a897-8614-4ff9-accf-4e453d3f2711.jpg,50199311,2324959,26.43868,-82.04034,"=AVERAGE($G$2:$G$689)","=AVERAGE($D$2:$D$689)","=IFERROR(($AT158-G158)/$AT158,0)","=IFERROR(($AU158-D158)/$AU158,0)","=$AU158-D158"
Panoramic Beach Views - Sanibel - Sandalfoot 1D2,Gulf Coast Vacation Rentals,,68617,85167,408.43,59.15,302,2,2,6,true,false,false,true,true,false,true,Home/Apartment,Condominium (condo),Apt/Condo/Loft,4.9,10,3,21+,Luxury,true,274,true,168,32,2026-05-13,Cape Coral/Fort Myers,Sanibel,Sanibel,Florida,33957,United States,coastal,https://www.airbnb.com/rooms/1298661160207222795,https://a0.muscache.com/im/pictures/prohost-api/Hosting-1298661160207222795/original/b83c1784-2641-41f8-bd0b-9c5cf2e3e504.jpeg,1298661160207222795,20124733ha,26.4437465448,-82.0309859382,"=AVERAGE($G$2:$G$689)","=AVERAGE($D$2:$D$689)","=IFERROR(($AT159-G159)/$AT159,0)","=IFERROR(($AU159-D159)/$AU159,0)","=$AU159-D159"
Mangoes (Right Side),561037332,,68331,80975,484.62,47.47,318,2,2,8,true,false,true,true,true,false,true,Home/Apartment,House,House/villa,5,24,5,2-5,Luxury,true,250,false,141,21,2026-05-11,Cape Coral/Fort Myers,Sanibel,Sanibel,Florida,33957,United States,coastal,https://www.airbnb.com/rooms/1107372665733344460,https://a0.muscache.com/im/pictures/miso/Hosting-1107372665733344460/original/f3927893-553d-48ba-9c80-b92c89d3a380.jpeg,1107372665733344460,3954992,26.4495,-82.025,"=AVERAGE($G$2:$G$689)","=AVERAGE($D$2:$D$689)","=IFERROR(($AT160-G160)/$AT160,0)","=IFERROR(($AU160-D160)/$AU160,0)","=$AU160-D160"
Parrot Nest Luxury Cottage NEW!,Breakaway VACATION PROPERTIES,,68330,71465,276.64,69.97,353,1,1,4,true,false,false,false,true,false,false,Home/Apartment,Cabin,House/villa,4.6,54,1,21+,Luxury,true,143,true,247,53,2026-05-17,Cape Coral/Fort Myers,Sanibel,Sanibel,Florida,33957,United States,coastal,https://www.airbnb.com/rooms/1128462516896235236,https://a0.muscache.com/im/pictures/prohost-api/Hosting-1128462516896235236/original/7966aa7f-d865-49d4-9d28-a42711b03702.jpeg,1128462516896235236,1693924,26.45244,-82.02416,"=AVERAGE($G$2:$G$689)","=AVERAGE($D$2:$D$689)","=IFERROR(($AT161-G161)/$AT161,0)","=IFERROR(($AU161-D161)/$AU161,0)","=$AU161-D161"
Pine Cove 104: 3 BR Gulf Front Condo on West Gulf!,Sanibel Vacations,,67997,135694,581.17,69.64,197,3,2,6,true,false,true,true,true,false,true,Home/Apartment,Condominium (condo),Apt/Condo/Loft,4.9,35,1,21+,Luxury,true,614,true,117,20,2026-05-13,Cape Coral/Fort Myers,Sanibel,Sanibel,Florida,33957,United States,coastal,https://www.airbnb.com/rooms/47842574,https://a0.muscache.com/im/pictures/prohost-api/Hosting-47842574/original/d4ff3c22-dc17-4b0e-9d3d-c887b5e7583c.jpeg,47842574,9357509ha,26.4228,-82.0806,"=AVERAGE($G$2:$G$689)","=AVERAGE($D$2:$D$689)","=IFERROR(($AT162-G162)/$AT162,0)","=IFERROR(($AU162-D162)/$AU162,0)","=$AU162-D162"
"Gorgeous Partial Beach View 3 bed, 2 bath at Sanibel Moorings #532",Sanibel Moorings Resort,,67855,80166,622.52,48.44,323,3,2,6,true,true,false,true,true,false,true,Home/Apartment,Condominium (condo),Apt/Condo/Loft,4.7,23,3,21+,Luxury,false,25,true,109,22,2026-05-16,Cape Coral/Fort Myers,Sanibel,Sanibel,Florida,33957,United States,coastal,https://www.vrbo.com/3677533ha,"https://media.vrbo.com/lodging/40000000/39830000/39827400/39827308/ccee7b1e.jpg?impolicy=resizecrop&rw=1200&ra=fit",,3677533ha,26.440571,-82.035517,"=AVERAGE($G$2:$G$689)","=AVERAGE($D$2:$D$689)","=IFERROR(($AT163-G163)/$AT163,0)","=IFERROR(($AU163-D163)/$AU163,0)","=$AU163-D163"
Sanibel - Enchanting beach views - Sandalfoot 4C3,Gulf Coast Vacation Rentals,,67774,76846,332.23,61.45,338,1,2,6,true,false,false,true,true,false,true,Home/Apartment,Condominium (condo),Apt/Condo/Loft,5,3,3,21+,Luxury,true,272,true,204,36,2026-05-16,Cape Coral/Fort Myers,Sanibel,Sanibel,Florida,33957,United States,coastal,https://www.airbnb.com/rooms/1298661001451110385,https://a0.muscache.com/im/pictures/prohost-api/Hosting-1298661001451110385/original/788d13e6-4e7d-4bf9-b520-855091e6dec4.jpeg,1298661001451110385,20124761ha,26.4422681465,-82.0319230419,"=AVERAGE($G$2:$G$689)","=AVERAGE($D$2:$D$689)","=IFERROR(($AT164-G164)/$AT164,0)","=IFERROR(($AU164-D164)/$AU164,0)","=$AU164-D164"
Breezy Poolside escape - pet friendly OK - SIGI 02,Gulf Coast Vacation Rentals,,67693,71556,325.45,61,352,1,1,4,true,false,true,true,true,true,true,Home/Apartment,Condominium (condo),Apt/Condo/Loft,4.4,16,3,21+,Luxury,false,335,true,208,45,2026-05-11,Cape Coral/Fort Myers,Sanibel,Sanibel,Florida,33957,United States,coastal,https://www.airbnb.com/rooms/1129721790462044962,https://a0.muscache.com/im/pictures/prohost-api/Hosting-1129721790462044962/original/e468bdf0-6522-4805-a1b4-8d87a4d7b65b.png,1129721790462044962,9944207ha,26.42863,-82.06091,"=AVERAGE($G$2:$G$689)","=AVERAGE($D$2:$D$689)","=IFERROR(($AT165-G165)/$AT165,0)","=IFERROR(($AU165-D165)/$AU165,0)","=$AU165-D165"
Gulf View Ground-Floor Condo at Pointe Santo,Glass Casa,,67688,77569,578.53,53.42,292,2,2,6,true,false,true,true,false,false,true,Home/Apartment,Condominium (condo),Apt/Condo/Loft,5,3,1,21+,Luxury,true,596,true,117,22,2026-05-17,Cape Coral/Fort Myers,Sanibel,Sanibel,Florida,33957,United States,coastal,https://www.airbnb.com/rooms/1437263212059507295,https://a0.muscache.com/im/pictures/prohost-api/Hosting-1437263212059507295/original/eb2f05e1-faba-463b-8c88-ca10f9b607cf.jpeg,1437263212059507295,4621159,26.4228,-82.0782,"=AVERAGE($G$2:$G$689)","=AVERAGE($D$2:$D$689)","=IFERROR(($AT166-G166)/$AT166,0)","=IFERROR(($AU166-D166)/$AU166,0)","=$AU166-D166"
Sandollar C201 New!,Breakaway VACATION PROPERTIES,,66821,87374,415.04,60.3,281,2,2,6,true,false,false,true,true,false,true,Home/Apartment,Condominium (condo),Apt/Condo/Loft,5,2,7,21+,Luxury,true,320,true,161,17,2026-05-11,Cape Coral/Fort Myers,Sanibel,Sanibel,Florida,33957,United States,coastal,https://www.airbnb.com/rooms/1308863585582609583,https://a0.muscache.com/im/pictures/prohost-api/Hosting-1308863585582609583/original/19ec5789-8a74-4f5b-a689-3370f4b1b748.jpeg,1308863585582609583,4329204,26.4280680618,-82.0597030104,"=AVERAGE($G$2:$G$689)","=AVERAGE($D$2:$D$689)","=IFERROR(($AT167-G167)/$AT167,0)","=IFERROR(($AU167-D167)/$AU167,0)","=$AU167-D167"
Newly Reopened Luxury Sanibel Island 2-bedroom condo! Steps to the Beach!,,,66698,80341,494.06,57.69,279,2,2,6,true,false,false,true,true,false,true,Home/Apartment,Condominium (condo),Apt/Condo/Loft,4.9,33,3,1,Luxury,false,225,true,135,28,2026-05-14,Cape Coral/Fort Myers,Sanibel,Sanibel,Florida,33957,United States,coastal,https://www.vrbo.com/4096521,"https://media.vrbo.com/lodging/107000000/106880000/106878700/106878675/121f912b.jpg?impolicy=resizecrop&rw=1200&ra=fit",,4096521,26.425647,-82.094439,"=AVERAGE($G$2:$G$689)","=AVERAGE($D$2:$D$689)","=IFERROR(($AT168-G168)/$AT168,0)","=IFERROR(($AU168-D168)/$AU168,0)","=$AU168-D168"
Sundial P401,Select Vacation Properties,,66570,74778,478.92,54.3,328,2,2,6,true,false,false,true,true,false,true,Home/Apartment,Condominium (condo),Apt/Condo/Loft,4.7,52,1,21+,Luxury,true,271,true,139,25,2026-05-11,Cape Coral/Fort Myers,Sanibel,Sanibel,Florida,33957,United States,coastal,https://www.airbnb.com/rooms/38094867,https://a0.muscache.com/im/pictures/10f16371-d613-4ae0-a38b-8b01a14b46c4.jpg,38094867,1102011,26.43287,-82.04981,"=AVERAGE($G$2:$G$689)","=AVERAGE($D$2:$D$689)","=IFERROR(($AT169-G169)/$AT169,0)","=IFERROR(($AU169-D169)/$AU169,0)","=$AU169-D169"
"Stunning 2BR/2BA With Panoramic Gulf Front Views,",Glass Casa,,66266,94837,469.97,55.73,270,2,2,6,true,false,false,true,false,false,true,Home/Apartment,Condominium (condo),Apt/Condo/Loft,5,12,1,21+,Luxury,true,581,true,141,19,2026-05-16,Cape Coral/Fort Myers,Sanibel,Sanibel,Florida,33957,United States,coastal,https://www.airbnb.com/rooms/1404339471148520421,https://a0.muscache.com/im/pictures/prohost-api/Hosting-1404339471148520421/original/6fdd813d-799e-429f-a7cf-9bd0439d657b.jpeg,1404339471148520421,4540545,26.4231,-82.0865,"=AVERAGE($G$2:$G$689)","=AVERAGE($D$2:$D$689)","=IFERROR(($AT170-G170)/$AT170,0)","=IFERROR(($AU170-D170)/$AU170,0)","=$AU170-D170"
"Pointe Santo E2, beautifully renovated 2BR, ground floor. Steps from the beach",,,66238,128010,501.8,74.16,197,2,2,4,true,false,true,true,true,false,true,Home/Apartment,Condominium (condo),Apt/Condo/Loft,5,64,7,1,Luxury,false,0,false,132,29,2026-05-16,Cape Coral/Fort Myers,Sanibel,Sanibel,Florida,33957,United States,coastal,https://www.vrbo.com/2366030,"https://media.vrbo.com/lodging/70000000/69330000/69327500/69327466/5ec113b9.jpg?impolicy=resizecrop&rw=1200&ra=fit",,2366030,26.42282,-82.077536,"=AVERAGE($G$2:$G$689)","=AVERAGE($D$2:$D$689)","=IFERROR(($AT171-G171)/$AT171,0)","=IFERROR(($AU171-D171)/$AU171,0)","=$AU171-D171"
Sundial B207- Stunning Gulf Views,Royal Shell Vacations,,66098,89137,313.26,74.56,294,1,1,4,true,false,false,true,true,false,true,Home/Apartment,Condominium (condo),Apt/Condo/Loft,5,16,4,21+,Luxury,true,235,true,211,32,2026-05-13,Cape Coral/Fort Myers,Sanibel,Sanibel,Florida,33957,United States,coastal,https://www.airbnb.com/rooms/1414549394961811462,https://a0.muscache.com/im/pictures/prohost-api/Hosting-1414549394961811462/original/19517d0d-b640-444e-8be9-9306847059bc.jpeg,1414549394961811462,,26.43144,-82.05447,"=AVERAGE($G$2:$G$689)","=AVERAGE($D$2:$D$689)","=IFERROR(($AT172-G172)/$AT172,0)","=IFERROR(($AU172-D172)/$AU172,0)","=$AU172-D172"
"OCEAN'S REACH 4B3: 3rd Floor, Gorgeous Gulf-Front Views, Amenities Open!",Ocean's Reach Condominiums,,65930,78894,303.82,66.16,328,1,1,4,true,false,false,true,true,false,true,Home/Apartment,Condominium (condo),Apt/Condo/Loft,5,2,4,21+,Luxury,false,0,true,217,23,2026-05-15,Cape Coral/Fort Myers,Sanibel,Sanibel,Florida,33957,United States,coastal,https://www.vrbo.com/1705064,"https://media.vrbo.com/lodging/40000000/39100000/39090800/39090706/58962b32.jpg?impolicy=resizecrop&rw=1200&ra=fit",,1705064,26.424688,-82.067345,"=AVERAGE($G$2:$G$689)","=AVERAGE($D$2:$D$689)","=IFERROR(($AT173-G173)/$AT173,0)","=IFERROR(($AU173-D173)/$AU173,0)","=$AU173-D173"
#1341 Sanibel Moorings Dock View,RedAwning,,65483,68798,515.61,51.21,356,2,2,4,true,true,true,true,true,false,true,Home/Apartment,House,House/villa,4.6,9,1,21+,Luxury,false,152,true,127,16,2020-05-17,Cape Coral/Fort Myers,Sanibel,Sanibel,Florida,33957,United States,coastal,https://www.airbnb.com/rooms/28485312,"https://a0.muscache.com/im/pictures/f6e6cf36-ce32-4380-b1e4-b66ba1848cfe.jpg?aki_policy=x_large",28485312,3677588ha,26.44172,-82.03505,"=AVERAGE($G$2:$G$689)","=AVERAGE($D$2:$D$689)","=IFERROR(($AT174-G174)/$AT174,0)","=IFERROR(($AU174-D174)/$AU174,0)","=$AU174-D174"
Pine Cove#304 is a 3/2  beachfront Sanibel vacation rental condo,Select Vacation Properties,,65384,132404,568.56,76.16,165,3,2,6,true,false,true,true,true,false,true,Home/Apartment,Condominium (condo),Apt/Condo/Loft,4.7,61,3,21+,Luxury,false,267,true,115,15,2026-05-14,Cape Coral/Fort Myers,Sanibel,Sanibel,Florida,33957,United States,coastal,https://www.vrbo.com/847607,"https://media.vrbo.com/lodging/22000000/21710000/21702800/21702798/35f4111a.jpg?impolicy=resizecrop&rw=1200&ra=fit",,847607,26.422842,-82.080426,"=AVERAGE($G$2:$G$689)","=AVERAGE($D$2:$D$689)","=IFERROR(($AT175-G175)/$AT175,0)","=IFERROR(($AU175-D175)/$AU175,0)","=$AU175-D175"
"OCEAN'S REACH 3X4: Top Floor, Gulf-Front Views, Direct Access, Amenities Open",Ocean's Reach Condominiums,,65006,71914,321.81,61.96,328,1,1,4,true,false,false,true,true,false,true,Home/Apartment,Condominium (condo),Apt/Condo/Loft,5,4,4,21+,Luxury,false,0,true,202,31,2026-05-17,Cape Coral/Fort Myers,Sanibel,Sanibel,Florida,33957,United States,coastal,https://www.vrbo.com/1705050,"https://media.vrbo.com/lodging/40000000/39150000/39147100/39147019/27f26f27.jpg?impolicy=resizecrop&rw=1200&ra=fit",,1705050,26.42485,-82.06694,"=AVERAGE($G$2:$G$689)","=AVERAGE($D$2:$D$689)","=IFERROR(($AT176-G176)/$AT176,0)","=IFERROR(($AU176-D176)/$AU176,0)","=$AU176-D176"
"OCEAN'S REACH 3X1: 1-Bdrm, Ground Level Unit w/Direct Beach Access!",Ocean's Reach Condominiums,,64891,83338,347.01,62.96,298,1,1,4,true,false,false,true,true,false,true,Home/Apartment,Condominium (condo),Apt/Condo/Loft,5,4,4,21+,Luxury,false,0,true,187,32,2026-05-16,Cape Coral/Fort Myers,Sanibel,Sanibel,Florida,33957,United States,coastal,https://www.vrbo.com/4499499,"https://media.vrbo.com/lodging/115000000/114280000/114278200/114278116/5e26155d.jpg?impolicy=resizecrop&rw=1200&ra=fit",,4499499,26.42485,-82.06694,"=AVERAGE($G$2:$G$689)","=AVERAGE($D$2:$D$689)","=IFERROR(($AT177-G177)/$AT177,0)","=IFERROR(($AU177-D177)/$AU177,0)","=$AU177-D177"
Spacious Gulf-View Getaway at Shorewood – Steps to,Glass Casa,,64565,72209,379.79,70.54,337,3,2,6,true,false,false,true,false,false,true,Home/Apartment,Condominium (condo),Apt/Condo/Loft,0,0,1,21+,Luxury,true,169,true,170,7,2026-05-15,Cape Coral/Fort Myers,Sanibel,Sanibel,Florida,33957,United States,coastal,https://www.airbnb.com/rooms/1481905334379996575,https://a0.muscache.com/im/pictures/prohost-api/Hosting-1481905334379996575/original/09c85613-0976-4355-91d6-ef66ad613d03.jpeg,1481905334379996575,4594574,26.4363,-82.0442,"=AVERAGE($G$2:$G$689)","=AVERAGE($D$2:$D$689)","=IFERROR(($AT178-G178)/$AT178,0)","=IFERROR(($AU178-D178)/$AU178,0)","=$AU178-D178"
Beachfront Bliss on Sanibel – Ground Floor Condo w,Glass Casa,,64444,90305,685.57,47.24,270,2,2,6,true,true,false,true,false,false,true,Home/Apartment,Condominium (condo),Apt/Condo/Loft,5,1,1,21+,Luxury,true,546,true,94,17,2026-05-17,Cape Coral/Fort Myers,Sanibel,Sanibel,Florida,33957,United States,coastal,https://www.airbnb.com/rooms/1430491931203204044,https://a0.muscache.com/im/pictures/prohost-api/Hosting-1430491931203204044/original/d2049355-6ec2-4c01-a3bf-75267de6ae63.jpeg,1430491931203204044,4596207,26.4228,-82.0782,"=AVERAGE($G$2:$G$689)","=AVERAGE($D$2:$D$689)","=IFERROR(($AT179-G179)/$AT179,0)","=IFERROR(($AU179-D179)/$AU179,0)","=$AU179-D179"
#541 Sanibel Moorings Gulf View,RedAwning,,64362,75004,540.86,41.9,318,2,2,4,true,true,false,true,true,false,true,Home/Apartment,House,House/villa,4.7,14,1,21+,Luxury,false,152,true,119,24,2020-03-14,Cape Coral/Fort Myers,Sanibel,Sanibel,Florida,33957,United States,coastal,https://www.airbnb.com/rooms/39627754,"https://a0.muscache.com/im/pictures/6ca724af-5c1d-4e5b-b57d-84c5d156635d.jpg?aki_policy=x_large",39627754,3677575ha,26.44129,-82.03519,"=AVERAGE($G$2:$G$689)","=AVERAGE($D$2:$D$689)","=IFERROR(($AT180-G180)/$AT180,0)","=IFERROR(($AU180-D180)/$AU180,0)","=$AU180-D180"
Dog-Friendly Gulf-Front Escape – Remodeled Condo w,Glass Casa,,64324,105773,612.61,58.66,281,2,2,6,true,true,false,true,false,true,true,Home/Apartment,Condominium (condo),Apt/Condo/Loft,5,1,1,21+,Luxury,true,555,true,105,10,2026-02-26,Cape Coral/Fort Myers,Sanibel,Sanibel,Florida,33957,United States,coastal,https://www.airbnb.com/rooms/1406623841972954147,https://a0.muscache.com/im/pictures/prohost-api/Hosting-1406623841972954147/original/5ebe9151-400a-4d74-aca1-58897d3e1ea7.jpeg,1406623841972954147,4548944,26.4381,-82.0406,"=AVERAGE($G$2:$G$689)","=AVERAGE($D$2:$D$689)","=IFERROR(($AT181-G181)/$AT181,0)","=IFERROR(($AU181-D181)/$AU181,0)","=$AU181-D181"
Luxury Executive home overlooking San Carlos Bay!  New to renting!,Breakaway VACATION PROPERTIES,,64300,76183,494.62,74.71,238,3,2,6,true,false,false,true,true,false,true,Home/Apartment,House,House/villa,0,0,28,21+,Luxury,false,400,true,130,6,2026-04-01,Cape Coral/Fort Myers,Sanibel,Sanibel,Florida,33957,United States,coastal,https://www.airbnb.com/rooms/628376851158308688,https://a0.muscache.com/im/pictures/prohost-api/Hosting-628376851158308688/original/98665942-9e1a-4656-9b8b-423e5c18156d.jpeg,628376851158308688,2806298,26.45941,-82.04496,"=AVERAGE($G$2:$G$689)","=AVERAGE($D$2:$D$689)","=IFERROR(($AT182-G182)/$AT182,0)","=IFERROR(($AU182-D182)/$AU182,0)","=$AU182-D182"
Poolside Villa - pet friendly - SIGI 03,Gulf Coast Vacation Rentals,,64232,89928,414.4,57.62,269,2,1,6,true,false,true,true,true,true,true,Home/Apartment,Condominium (condo),Apt/Condo/Loft,4.25,22,3,21+,Luxury,false,372,true,155,39,2026-05-11,Cape Coral/Fort Myers,Sanibel,Sanibel,Florida,33957,United States,coastal,https://www.airbnb.com/rooms/1129721803370503072,https://a0.muscache.com/im/pictures/prohost-api/Hosting-1129721803370503072/original/4cc8ce8d-a669-491b-b0aa-3bfe6bb18ce1.png,1129721803370503072,9945543ha,26.4269,-82.06124,"=AVERAGE($G$2:$G$689)","=AVERAGE($D$2:$D$689)","=IFERROR(($AT183-G183)/$AT183,0)","=IFERROR(($AU183-D183)/$AU183,0)","=$AU183-D183"
Pointe Santo A3 Beachfront Bliss – Ground-Floor Lu,Glass Casa,,64011,114405,571.53,60.87,236,2,2,6,true,true,false,true,false,false,true,Home/Apartment,Condominium (condo),Apt/Condo/Loft,5,3,1,21+,Luxury,true,476,true,112,19,2026-05-17,Cape Coral/Fort Myers,Sanibel,Sanibel,Florida,33957,United States,coastal,https://www.airbnb.com/rooms/1430491608374935995,https://a0.muscache.com/im/pictures/prohost-api/Hosting-1430491608374935995/original/52c45de1-aed5-4e31-b44c-50a8e2981128.jpeg,1430491608374935995,4596221,26.4228,-82.0782,"=AVERAGE($G$2:$G$689)","=AVERAGE($D$2:$D$689)","=IFERROR(($AT184-G184)/$AT184,0)","=IFERROR(($AU184-D184)/$AU184,0)","=$AU184-D184"
Sundial A306,San Cap Island Vacation Rentals,,63916,94390,394.54,60.9,273,1,1,4,true,false,false,true,true,false,false,Home/Apartment,Condominium (condo),Apt/Condo/Loft,4.7,42,1,21+,Luxury,false,274,true,162,26,2026-05-13,Cape Coral/Fort Myers,Sanibel,Sanibel,Florida,33957,United States,coastal,https://www.airbnb.com/rooms/19294633,https://a0.muscache.com/im/pictures/prohost-api/Hosting-19294633/original/026feb10-a6ea-446c-9162-d27643531d8a.jpeg,19294633,1023693,26.4301,-82.0539,"=AVERAGE($G$2:$G$689)","=AVERAGE($D$2:$D$689)","=IFERROR(($AT185-G185)/$AT185,0)","=IFERROR(($AU185-D185)/$AU185,0)","=$AU185-D185"
"Sundial of Sanibel B307, Direct Beachview",,,63802,85807,319.01,79.68,267,1,1,4,true,false,false,true,true,false,true,Home/Apartment,Condominium (condo),Apt/Condo/Loft,5,95,7,1,Luxury,false,150,true,200,40,2026-05-15,Cape Coral/Fort Myers,Sanibel,Sanibel,Florida,33957,United States,coastal,https://www.vrbo.com/79271,"https://media.vrbo.com/lodging/25000000/24040000/24032900/24032802/e83aa219.jpg?impolicy=resizecrop&rw=1200&ra=fit",,79271,26.430382,-82.052979,"=AVERAGE($G$2:$G$689)","=AVERAGE($D$2:$D$689)","=IFERROR(($AT186-G186)/$AT186,0)","=IFERROR(($AU186-D186)/$AU186,0)","=$AU186-D186"
Bright and breezy poolside escape on Sanibel Island - Pet friendly - Signal Inn 02,Gulf Coast Vacation Rentals,,63683,63774,284.3,63.46,364,1,1,4,true,false,false,true,true,true,true,Home/Apartment,Condominium (condo),Apt/Condo/Loft,4.9,14,2,21+,Luxury,false,135,true,224,48,2026-05-17,Cape Coral/Fort Myers,Sanibel,Sanibel,Florida,33957,United States,coastal,https://www.vrbo.com/9945542ha,"https://media.vrbo.com/lodging/104000000/103810000/103801900/103801874/5d64ec34.jpg?impolicy=resizecrop&rw=1200&ra=fit",,9945542ha,26.427806,-82.061783,"=AVERAGE($G$2:$G$689)","=AVERAGE($D$2:$D$689)","=IFERROR(($AT187-G187)/$AT187,0)","=IFERROR(($AU187-D187)/$AU187,0)","=$AU187-D187"
Caloosa Cottage at the Palmview Inn Sanibel,Rosen Vacations,,63643,70424,264.08,70.47,342,1,1,4,true,false,false,true,true,true,false,Home/Apartment,Bungalow,House/villa,4.7,58,3,21+,Luxury,true,100,true,241,62,2026-05-17,Cape Coral/Fort Myers,Sanibel,Sanibel,Florida,33957,United States,coastal,https://www.airbnb.com/rooms/52595726,https://a0.muscache.com/im/pictures/prohost-api/Hosting-52595726/original/0c4101f8-f670-4553-a6ea-751be80980c9.jpeg,52595726,2488861,26.4383,-82.0458,"=AVERAGE($G$2:$G$689)","=AVERAGE($D$2:$D$689)","=IFERROR(($AT188-G188)/$AT188,0)","=IFERROR(($AU188-D188)/$AU188,0)","=$AU188-D188"
The Flamingo Residence at Sandpiper Inn,Rosen Vacations,,63401,64297,274.46,65.25,361,1,1,4,true,false,false,true,true,true,false,Home/Apartment,Apartment,Apt/Condo/Loft,4.6,77,2,21+,Luxury,true,99,true,231,82,2026-05-17,Cape Coral/Fort Myers,Sanibel,Sanibel,Florida,33957,United States,coastal,https://www.airbnb.com/rooms/52598231,https://a0.muscache.com/im/pictures/prohost-api/Hosting-52598231/original/ef855acb-0059-4959-9b18-8b6c93bf6dfb.jpeg,52598231,2488868,26.4389,-82.0458,"=AVERAGE($G$2:$G$689)","=AVERAGE($D$2:$D$689)","=IFERROR(($AT189-G189)/$AT189,0)","=IFERROR(($AU189-D189)/$AU189,0)","=$AU189-D189"
Pelicans Roost 204,Kingfisher Vacations,,63169,83444,489.68,59.17,323,2,2,4,true,false,false,true,true,false,true,Home/Apartment,Condominium (condo),Apt/Condo/Loft,5,12,4,21+,Luxury,true,190,true,129,24,2026-05-13,Cape Coral/Fort Myers,Sanibel,Sanibel,Florida,33957,United States,coastal,https://www.airbnb.com/rooms/1211542780230415808,https://a0.muscache.com/im/pictures/prohost-api/Hosting-1211542780230415808/original/39f449be-e821-4ab2-869a-6a25e7af5158.jpeg,1211542780230415808,4193617,26.43434,-82.0458,"=AVERAGE($G$2:$G$689)","=AVERAGE($D$2:$D$689)","=IFERROR(($AT190-G190)/$AT190,0)","=IFERROR(($AU190-D190)/$AU190,0)","=$AU190-D190"
"OCEAN'S REACH 4B2: 2nd Floor, Beautiful Gulf Views, All Amenities Open!",Ocean's Reach Condominiums,,63011,71520,340.6,58.92,328,1,1,4,true,false,false,true,true,false,true,Home/Apartment,Condominium (condo),Apt/Condo/Loft,4.9,12,4,21+,Luxury,false,0,true,185,28,2026-05-17,Cape Coral/Fort Myers,Sanibel,Sanibel,Florida,33957,United States,coastal,https://www.vrbo.com/1705061,"https://media.vrbo.com/lodging/40000000/39090000/39085300/39085244/b0b4d100.jpg?impolicy=resizecrop&rw=1200&ra=fit",,1705061,26.424688,-82.067345,"=AVERAGE($G$2:$G$689)","=AVERAGE($D$2:$D$689)","=IFERROR(($AT191-G191)/$AT191,0)","=IFERROR(($AU191-D191)/$AU191,0)","=$AU191-D191"
Direct Beach Front -20 Ft to Beach- Sundial Resort Largest 1 Bedroom,,,62672,81936,364.37,67.19,274,1,1,4,true,false,false,true,true,false,true,Home/Apartment,Condominium (condo),Apt/Condo/Loft,5,71,7,1,Luxury,false,0,false,172,25,2026-05-16,Cape Coral/Fort Myers,Sanibel,Sanibel,Florida,33957,United States,coastal,https://www.vrbo.com/123010ha,"https://media.vrbo.com/lodging/35000000/34020000/34012900/34012802/7e400068.jpg?impolicy=resizecrop&rw=1200&ra=fit",,123010ha,26.431793,-82.053444,"=AVERAGE($G$2:$G$689)","=AVERAGE($D$2:$D$689)","=IFERROR(($AT192-G192)/$AT192,0)","=IFERROR(($AU192-D192)/$AU192,0)","=$AU192-D192"
#1512 Sanibel Moorings Dockside,RedAwning,,62407,78427,469.23,48.9,306,2,2,4,true,true,false,true,true,false,true,Home/Apartment,House,House/villa,4.9,19,1,21+,Luxury,false,152,true,133,24,2020-05-17,Cape Coral/Fort Myers,Sanibel,Sanibel,Florida,33957,United States,coastal,https://www.airbnb.com/rooms/28485051,"https://a0.muscache.com/im/pictures/d1cb12a6-3131-4541-b74f-bcd910a815cb.jpg?aki_policy=x_large",28485051,3677567ha,26.44185,-82.03405,"=AVERAGE($G$2:$G$689)","=AVERAGE($D$2:$D$689)","=IFERROR(($AT193-G193)/$AT193,0)","=IFERROR(($AU193-D193)/$AU193,0)","=$AU193-D193"
Loggerhead Cay 433 Newly renovated!,Breakaway VACATION PROPERTIES,,62390,71812,387.52,58.12,337,1,2,6,true,false,false,true,true,true,true,Home/Apartment,Condominium (condo),Apt/Condo/Loft,5,8,7,21+,Luxury,true,320,true,161,19,2026-05-11,Cape Coral/Fort Myers,Sanibel,Sanibel,Florida,33957,United States,coastal,https://www.airbnb.com/rooms/1113720291213604968,https://a0.muscache.com/im/pictures/prohost-api/Hosting-1113720291213604968/original/a8b44c3d-4916-466c-9e7f-c39b14425472.jpeg,1113720291213604968,3896425,26.43961,-82.04164,"=AVERAGE($G$2:$G$689)","=AVERAGE($D$2:$D$689)","=IFERROR(($AT194-G194)/$AT194,0)","=IFERROR(($AU194-D194)/$AU194,0)","=$AU194-D194"
GULF FRONT* 3 bedroom*Pet Friendly Townhouse*Pool,126274749,,62166,148204,526.83,73.75,180,3,2,8,true,false,false,true,true,true,true,Home/Apartment,Townhouse,Apt/Condo/Loft,4.9,169,7,2-5,Luxury,false,225,false,118,15,2026-05-17,Cape Coral/Fort Myers,Sanibel,Sanibel,Florida,33957,United States,coastal,https://www.airbnb.com/rooms/34470825,https://a0.muscache.com/im/pictures/hosting/Hosting-34470825/original/86a6fdc4-fbaa-48f7-9f85-d3a53bca357c.jpeg,34470825,268045ha,26.4484,-82.0952,"=AVERAGE($G$2:$G$689)","=AVERAGE($D$2:$D$689)","=IFERROR(($AT195-G195)/$AT195,0)","=IFERROR(($AU195-D195)/$AU195,0)","=$AU195-D195"
"OCEAN'S REACH 4C3: 3rd Floor w/Stunning Gulf Views, All Amenities Open!",Ocean's Reach Condominiums,,62092,71563,385.66,54.76,308,2,2,6,true,false,false,true,true,false,true,Home/Apartment,Condominium (condo),Apt/Condo/Loft,5,4,4,21+,Luxury,false,0,true,161,29,2026-05-16,Cape Coral/Fort Myers,Sanibel,Sanibel,Florida,33957,United States,coastal,https://www.vrbo.com/1705069,"https://media.vrbo.com/lodging/40000000/39090000/39085000/39084955/04580924.jpg?impolicy=resizecrop&rw=1200&ra=fit",,1705069,26.424688,-82.067345,"=AVERAGE($G$2:$G$689)","=AVERAGE($D$2:$D$689)","=IFERROR(($AT196-G196)/$AT196,0)","=IFERROR(($AU196-D196)/$AU196,0)","=$AU196-D196"
Gorgeous Newly Renovated Coastal Cottage Egret,Breakaway VACATION PROPERTIES,,62080,71962,305.81,62.08,327,1,1,4,true,false,false,true,false,false,false,Home/Apartment,Cabin,House/villa,4.55,75,1,21+,Luxury,true,190,true,203,46,2026-05-17,Cape Coral/Fort Myers,Sanibel,Sanibel,Florida,33957,United States,coastal,https://www.airbnb.com/rooms/26955670,https://a0.muscache.com/im/pictures/prohost-api/Hosting-26955670/original/1364d05d-bdb7-42a2-8c96-8a67f94b9df5.jpeg,26955670,1669449,26.45482,-82.1434,"=AVERAGE($G$2:$G$689)","=AVERAGE($D$2:$D$689)","=IFERROR(($AT197-G197)/$AT197,0)","=IFERROR(($AU197-D197)/$AU197,0)","=$AU197-D197"
Gulf Front Sanibel Condo with Spectacular Views,,,61987,69113,525.31,50.21,306,2,2,4,true,false,false,true,true,false,true,Home/Apartment,Condominium (condo),Apt/Condo/Loft,5,78,7,1,Luxury,false,209,true,118,14,2026-05-16,Cape Coral/Fort Myers,Sanibel,Sanibel,Florida,33957,United States,coastal,https://www.vrbo.com/4439857,"https://media.vrbo.com/lodging/114000000/113180000/113173200/113173173/f883e66e.jpg?impolicy=resizecrop&rw=1200&ra=fit",,4439857,26.43855,-82.040684,"=AVERAGE($G$2:$G$689)","=AVERAGE($D$2:$D$689)","=IFERROR(($AT198-G198)/$AT198,0)","=IFERROR(($AU198-D198)/$AU198,0)","=$AU198-D198"
New Owner fresh design and new furnishings throughout!,Breakaway VACATION PROPERTIES,,61704,79848,388.08,57.82,276,3,2,8,true,false,false,true,true,true,true,Home/Apartment,House,House/villa,4.4,82,3,21+,Luxury,true,395,true,159,31,2026-05-11,Cape Coral/Fort Myers,Sanibel,Sanibel,Florida,33957,United States,coastal,https://www.airbnb.com/rooms/43830048,https://a0.muscache.com/im/pictures/prohost-api/Hosting-43830048/original/1771162d-af2e-4d6a-bae9-6614ef44be7e.jpeg,43830048,2000250,26.44254,-82.04671,"=AVERAGE($G$2:$G$689)","=AVERAGE($D$2:$D$689)","=IFERROR(($AT199-G199)/$AT199,0)","=IFERROR(($AU199-D199)/$AU199,0)","=$AU199-D199"
#531 Sanibel Moorings Gulf View,RedAwning,,61497,80909,640.59,39.51,303,3,2,6,true,true,false,true,true,false,true,Home/Apartment,House,House/villa,4.8,24,1,21+,Luxury,false,152,true,96,18,2020-05-25,Cape Coral/Fort Myers,Sanibel,Sanibel,Florida,33957,United States,coastal,https://www.airbnb.com/rooms/37604357,"https://a0.muscache.com/im/pictures/4f8b28bd-3791-474d-a9d9-f93bcac9f704.jpg?aki_policy=x_large",37604357,3677544ha,26.43999,-82.0337,"=AVERAGE($G$2:$G$689)","=AVERAGE($D$2:$D$689)","=IFERROR(($AT200-G200)/$AT200,0)","=IFERROR(($AU200-D200)/$AU200,0)","=$AU200-D200"
Stunning Gulf Front Townhouse with direct gulf front views!,Breakaway VACATION PROPERTIES,,61291,119408,631.87,45.12,257,3,2,8,true,false,false,true,true,true,true,Home/Apartment,Townhouse,Apt/Condo/Loft,4.35,24,7,21+,Luxury,true,370,true,97,15,2026-05-11,Cape Coral/Fort Myers,Sanibel,Sanibel,Florida,33957,United States,coastal,https://www.airbnb.com/rooms/41982984,https://a0.muscache.com/im/pictures/prohost-api/Hosting-41982984/original/62b06c2d-9885-491f-a327-454b746ade61.jpeg,41982984,1935728,26.42521,-82.06769,"=AVERAGE($G$2:$G$689)","=AVERAGE($D$2:$D$689)","=IFERROR(($AT201-G201)/$AT201,0)","=IFERROR(($AU201-D201)/$AU201,0)","=$AU201-D201"
#911 Sanibel Moorings Courtyard View,RedAwning,,61241,69699,324.03,57.1,331,1,1,2,true,true,false,true,true,false,true,Home/Apartment,House,House/villa,5,20,1,21+,Luxury,false,152,true,189,40,2020-03-13,Cape Coral/Fort Myers,Sanibel,Sanibel,Florida,33957,United States,coastal,https://www.airbnb.com/rooms/39627817,"https://a0.muscache.com/im/pictures/45592752-7942-4de6-9424-afa83788c7e8.jpg?aki_policy=x_large",39627817,3677559ha,26.44111,-82.03387,"=AVERAGE($G$2:$G$689)","=AVERAGE($D$2:$D$689)","=IFERROR(($AT202-G202)/$AT202,0)","=IFERROR(($AU202-D202)/$AU202,0)","=$AU202-D202"
Executive Beachfront Penthouse at Sundial Sanibel,Rosen Vacations,,61136,83354,593.55,79.84,130,2,2,8,true,false,false,true,true,false,true,Home/Apartment,Condominium (condo),Apt/Condo/Loft,4.8,39,3,21+,Luxury,true,424,true,103,24,2026-05-15,Cape Coral/Fort Myers,Sanibel,Sanibel,Florida,33957,United States,coastal,https://www.airbnb.com/rooms/50011338,https://a0.muscache.com/im/pictures/prohost-api/Hosting-50011338/original/d8659942-f0a8-42eb-966e-172c0ede0f60.jpeg,50011338,2325601,26.4344,-82.0485,"=AVERAGE($G$2:$G$689)","=AVERAGE($D$2:$D$689)","=IFERROR(($AT203-G203)/$AT203,0)","=IFERROR(($AU203-D203)/$AU203,0)","=$AU203-D203"
Sanddollar #A202 is a 3/2 beachfront Vacation Rental on Sanibel Island,Select Vacation Properties,,61096,99856,623.43,44.55,271,3,2,8,true,false,false,true,true,false,true,Home/Apartment,Condominium (condo),Apt/Condo/Loft,4.8,38,3,21+,Luxury,false,182,true,98,15,2026-05-16,Cape Coral/Fort Myers,Sanibel,Sanibel,Florida,33957,United States,coastal,https://www.vrbo.com/847616,"https://media.vrbo.com/lodging/22000000/21700000/21697600/21697579/3cb13811.jpg?impolicy=resizecrop&rw=1200&ra=fit",,847616,26.428483,-82.059396,"=AVERAGE($G$2:$G$689)","=AVERAGE($D$2:$D$689)","=IFERROR(($AT204-G204)/$AT204,0)","=IFERROR(($AU204-D204)/$AU204,0)","=$AU204-D204"
Compass Pointe 133,Select Vacation Properties,,61028,106887,559.89,63.37,213,2,2,6,false,false,false,true,false,false,false,Home/Apartment,Condominium (condo),Apt/Condo/Loft,4.9,18,1,21+,Luxury,true,345,true,109,19,2026-05-16,Cape Coral/Fort Myers,Sanibel,Sanibel,Florida,33957,United States,coastal,https://www.airbnb.com/rooms/53845207,https://a0.muscache.com/im/pictures/prohost-api/Hosting-53845207/original/a31085f8-ca71-4dd8-ad0c-1a97d6df7afa.jpeg,53845207,2570736,26.4351,-82.04876,"=AVERAGE($G$2:$G$689)","=AVERAGE($D$2:$D$689)","=IFERROR(($AT205-G205)/$AT205,0)","=IFERROR(($AU205-D205)/$AU205,0)","=$AU205-D205"
Beachfront Bliss: Luxe Ground-Floor Condo with Gul,Glass Casa,,61019,84538,649.14,65.28,196,2,2,6,true,true,false,true,false,false,true,Home/Apartment,Condominium (condo),Apt/Condo/Loft,0,0,1,21+,Luxury,true,492,true,94,18,2026-01-13,Cape Coral/Fort Myers,Sanibel,Sanibel,Florida,33957,United States,coastal,https://www.airbnb.com/rooms/1415516992702247212,https://a0.muscache.com/im/pictures/prohost-api/Hosting-1415516992702247212/original/16bf708c-7e45-402f-97eb-b21af352f0d8.jpeg,1415516992702247212,4561416,26.4383,-82.0402,"=AVERAGE($G$2:$G$689)","=AVERAGE($D$2:$D$689)","=IFERROR(($AT206-G206)/$AT206,0)","=IFERROR(($AU206-D206)/$AU206,0)","=$AU206-D206"
"Renovated Condo-Easy Beach Access, and more! 2 bed",Glass Casa,,60874,111268,614.89,58.24,227,3,2,6,true,false,false,true,true,false,true,Home/Apartment,Condominium (condo),Apt/Condo/Loft,4,2,1,21+,Luxury,true,627,true,99,17,2026-05-13,Cape Coral/Fort Myers,Sanibel,Sanibel,Florida,33957,United States,coastal,https://www.airbnb.com/rooms/1303617353992451768,https://a0.muscache.com/im/pictures/prohost-api/Hosting-1303617353992451768/original/73ab9162-dfbf-4282-8906-a2366a0923db.jpeg,1303617353992451768,4299091,26.4344,-82.047,"=AVERAGE($G$2:$G$689)","=AVERAGE($D$2:$D$689)","=IFERROR(($AT207-G207)/$AT207,0)","=IFERROR(($AU207-D207)/$AU207,0)","=$AU207-D207"
"Romantic Getaway, #302, 2 min walk to the beach.",,,60750,60838,351.16,47.53,364,,1,3,true,false,false,true,true,true,false,Home/Apartment,House,House/villa,4.7,71,1,1,Luxury,false,99,true,173,51,2026-05-16,Cape Coral/Fort Myers,Sanibel,Sanibel,Florida,33957,United States,coastal,https://www.vrbo.com/1112148,"https://media.vrbo.com/lodging/20000000/19260000/19252900/19252855/86e521b0.jpg?impolicy=resizecrop&rw=1200&ra=fit",,1112148,26.435734,-82.044541,"=AVERAGE($G$2:$G$689)","=AVERAGE($D$2:$D$689)","=IFERROR(($AT208-G208)/$AT208,0)","=IFERROR(($AU208-D208)/$AU208,0)","=$AU208-D208"
Sandy Feet and Sea Shells Welcome Here,PVConcierge,,60749,70100,424.82,50.53,306,2,2,6,true,false,false,true,true,false,true,Private Room,Condominium (condo),Apt/Condo/Loft,0,0,3,21+,Luxury,false,307,true,143,32,2026-05-16,Cape Coral/Fort Myers,Sanibel,Sanibel,Florida,33957,United States,coastal,https://www.airbnb.com/rooms/1090586674146716082,https://a0.muscache.com/im/pictures/prohost-api/Hosting-1090586674146716082/original/0322094a-207c-4326-b73f-58ad684165fe.jpeg,1090586674146716082,,26.4348,-82.0461,"=AVERAGE($G$2:$G$689)","=AVERAGE($D$2:$D$689)","=IFERROR(($AT209-G209)/$AT209,0)","=IFERROR(($AU209-D209)/$AU209,0)","=$AU209-D209"
sundial I103,San Cap Island Vacation Rentals,,60653,60653,319.23,54.76,365,1,1,4,true,false,false,true,true,false,true,Home/Apartment,Condominium (condo),Apt/Condo/Loft,4.45,13,3,21+,Luxury,false,254,true,190,35,2026-05-16,Cape Coral/Fort Myers,Sanibel,Sanibel,Florida,33957,United States,coastal,https://www.airbnb.com/rooms/1324967948208735680,https://a0.muscache.com/im/pictures/prohost-api/Hosting-1324967948208735680/original/27ab56d1-be4f-4f1e-8f98-998c572c290b.jpeg,1324967948208735680,4373096,26.4308,-82.0535,"=AVERAGE($G$2:$G$689)","=AVERAGE($D$2:$D$689)","=IFERROR(($AT210-G210)/$AT210,0)","=IFERROR(($AU210-D210)/$AU210,0)","=$AU210-D210"
"OCEAN'S REACH 3B4: 1-Bdrm, Top-Floor/Corner Unit, Gorgeous Views!",Ocean's Reach Condominiums,,60631,77757,363.06,59.22,283,1,1,4,true,false,false,true,true,false,true,Home/Apartment,Condominium (condo),Apt/Condo/Loft,5,6,4,21+,Luxury,false,0,true,167,28,2026-05-13,Cape Coral/Fort Myers,Sanibel,Sanibel,Florida,33957,United States,coastal,https://www.vrbo.com/1705040,"https://media.vrbo.com/lodging/40000000/39090000/39089600/39089577/8978ec29.jpg?impolicy=resizecrop&rw=1200&ra=fit",,1705040,26.424688,-82.067345,"=AVERAGE($G$2:$G$689)","=AVERAGE($D$2:$D$689)","=IFERROR(($AT211-G211)/$AT211,0)","=IFERROR(($AU211-D211)/$AU211,0)","=$AU211-D211"
Pelicans Roost 105,Kingfisher Vacations,,60557,73043,522.04,39.86,299,2,2,6,true,false,false,true,true,false,true,Home/Apartment,Condominium (condo),Apt/Condo/Loft,4.5,4,4,21+,Luxury,true,191,true,116,21,2026-05-16,Cape Coral/Fort Myers,Sanibel,Sanibel,Florida,33957,United States,coastal,https://www.airbnb.com/rooms/1239065877696115761,https://a0.muscache.com/im/pictures/prohost-api/Hosting-1239065877696115761/original/346b18b3-e4b9-4258-b5d5-66c1e218691a.jpeg,1239065877696115761,4193613,26.43432,-82.04457,"=AVERAGE($G$2:$G$689)","=AVERAGE($D$2:$D$689)","=IFERROR(($AT212-G212)/$AT212,0)","=IFERROR(($AU212-D212)/$AU212,0)","=$AU212-D212"
Loggerhead Cay 114 is a beachfront vacation rental condo on Sanibel Island!,Select Vacation Properties,,60317,108629,424.77,73.2,213,2,2,6,true,false,false,true,true,false,true,Home/Apartment,Condominium (condo),Apt/Condo/Loft,4.6,15,3,21+,Luxury,false,202,true,142,22,2026-05-15,Cape Coral/Fort Myers,Sanibel,Sanibel,Florida,33957,United States,coastal,https://www.vrbo.com/2593062,"https://media.vrbo.com/lodging/75000000/74100000/74091700/74091620/33478bfb.jpg?impolicy=resizecrop&rw=1200&ra=fit",,2593062,26.439957,-82.040685,"=AVERAGE($G$2:$G$689)","=AVERAGE($D$2:$D$689)","=IFERROR(($AT213-G213)/$AT213,0)","=IFERROR(($AU213-D213)/$AU213,0)","=$AU213-D213"
"Coastal Cottage on Canal, East End with Pool",Rosen Vacations,,60305,64809,280.49,86.69,292,3,2,6,true,false,false,true,true,true,true,Home/Apartment,House,House/villa,5,2,28,21+,Luxury,true,449,true,215,8,2026-05-14,Cape Coral/Fort Myers,Sanibel,Sanibel,Florida,33957,United States,coastal,https://www.airbnb.com/rooms/1098893314724757154,https://a0.muscache.com/im/pictures/prohost-api/Hosting-1098893314724757154/original/4d702b7e-e7b1-46c7-9828-8bef9647cd9a.jpeg,1098893314724757154,3873875,26.4478,-82.035,"=AVERAGE($G$2:$G$689)","=AVERAGE($D$2:$D$689)","=IFERROR(($AT214-G214)/$AT214,0)","=IFERROR(($AU214-D214)/$AU214,0)","=$AU214-D214"
Tarpon Beach 302,Kingfisher Vacations,,60036,78746,561.08,37.81,305,3,3,6,true,false,false,true,true,false,true,Home/Apartment,Condominium (condo),Apt/Condo/Loft,4.15,6,4,21+,Luxury,true,300,true,107,19,2026-05-16,Cape Coral/Fort Myers,Sanibel,Sanibel,Florida,33957,United States,coastal,https://www.airbnb.com/rooms/1252998252226694630,https://a0.muscache.com/im/pictures/prohost-api/Hosting-1252998252226694630/original/40c18979-d1c0-421f-a6e5-7c7517415f26.jpeg,1252998252226694630,4199790,26.4227,-82.0788,"=AVERAGE($G$2:$G$689)","=AVERAGE($D$2:$D$689)","=IFERROR(($AT215-G215)/$AT215,0)","=IFERROR(($AU215-D215)/$AU215,0)","=$AU215-D215"
Captain Ed's Cottage at Palmview Inn of Sanibel,Rosen Vacations,,59988,60753,228.96,72.58,361,,1,4,true,false,false,true,true,true,false,Home/Apartment,Bungalow,House/villa,4.75,93,3,21+,Luxury,true,100,true,262,85,2026-05-17,Cape Coral/Fort Myers,Sanibel,Sanibel,Florida,33957,United States,coastal,https://www.airbnb.com/rooms/52595727,https://a0.muscache.com/im/pictures/prohost-api/Hosting-52595727/original/4afcb03c-ca8c-49ec-8c48-d52deb9ed279.jpeg,52595727,2488860,26.4383,-82.0458,"=AVERAGE($G$2:$G$689)","=AVERAGE($D$2:$D$689)","=IFERROR(($AT216-G216)/$AT216,0)","=IFERROR(($AU216-D216)/$AU216,0)","=$AU216-D216"
Beach Galore,PVConcierge,,59918,94673,431.06,64.06,222,2,2,6,true,false,false,true,true,false,true,Home/Apartment,Condominium (condo),Apt/Condo/Loft,4.8,12,3,21+,Luxury,false,294,true,139,27,2026-05-16,Cape Coral/Fort Myers,Sanibel,Sanibel,Florida,33957,United States,coastal,https://www.airbnb.com/rooms/29680887,https://a0.muscache.com/im/pictures/prohost-api/Hosting-29680887/original/e8f79259-b853-4701-8a60-33d3e542077e.jpeg,29680887,3936948ha,26.4348,-82.0461,"=AVERAGE($G$2:$G$689)","=AVERAGE($D$2:$D$689)","=IFERROR(($AT217-G217)/$AT217,0)","=IFERROR(($AU217-D217)/$AU217,0)","=$AU217-D217"
"OCEAN'S REACH 3X2: 1-Bdrm, 2nd Floor Unit w/Beautiful Gulf Views!",Ocean's Reach Condominiums,,59643,69023,338.88,56.23,314,1,1,4,true,false,false,true,true,false,true,Home/Apartment,Condominium (condo),Apt/Condo/Loft,4.8,10,4,21+,Luxury,false,0,true,176,25,2026-05-13,Cape Coral/Fort Myers,Sanibel,Sanibel,Florida,33957,United States,coastal,https://www.vrbo.com/1705047,"https://media.vrbo.com/lodging/40000000/39150000/39149500/39149404/39430c61.jpg?impolicy=resizecrop&rw=1200&ra=fit",,1705047,26.42485,-82.06694,"=AVERAGE($G$2:$G$689)","=AVERAGE($D$2:$D$689)","=IFERROR(($AT218-G218)/$AT218,0)","=IFERROR(($AU218-D218)/$AU218,0)","=$AU218-D218"
Atrium #201 - 3 bedroom beachfront Sanibel,Select Vacation Properties,,59586,96582,377.13,69.6,256,3,3,8,true,false,false,true,true,false,true,Home/Apartment,Condominium (condo),Apt/Condo/Loft,4.65,12,1,21+,Luxury,true,341,true,158,18,2026-05-13,Cape Coral/Fort Myers,Sanibel,Sanibel,Florida,33957,United States,coastal,https://www.airbnb.com/rooms/38094910,https://a0.muscache.com/im/pictures/prohost-api/Hosting-38094910/original/8638ffd4-4041-4192-8830-8c40e0bda134.jpeg,38094910,1482331,26.4232,-82.09079,"=AVERAGE($G$2:$G$689)","=AVERAGE($D$2:$D$689)","=IFERROR(($AT219-G219)/$AT219,0)","=IFERROR(($AU219-D219)/$AU219,0)","=$AU219-D219"
Sanibel Direct Gulf Front Condo,55060281,,59424,118568,388.39,100,177,2,2,6,true,false,false,true,true,false,false,Home/Apartment,Condominium (condo),Apt/Condo/Loft,5,4,1,1,Luxury,false,199,false,153,22,2026-05-14,Cape Coral/Fort Myers,Sanibel,Sanibel,Florida,33957,United States,coastal,https://www.airbnb.com/rooms/1418238283129767706,"https://a0.muscache.com/im/pictures/hosting/Hosting-U3RheVN1cHBseUxpc3Rpbmc6MTQxODIzODI4MzEyOTc2NzcwNg==/original/3433e89c-b01b-4145-a562-4d9ccd686aee.jpeg",1418238283129767706,,26.4228,-82.0775,"=AVERAGE($G$2:$G$689)","=AVERAGE($D$2:$D$689)","=IFERROR(($AT220-G220)/$AT220,0)","=IFERROR(($AU220-D220)/$AU220,0)","=$AU220-D220"
Loggerhead 282,Kingfisher Vacations,,59413,74509,396.09,55.56,291,2,2,6,true,false,false,true,true,false,true,Home/Apartment,Condominium (condo),Apt/Condo/Loft,4.45,14,7,21+,Luxury,true,275,true,150,23,2026-05-17,Cape Coral/Fort Myers,Sanibel,Sanibel,Florida,33957,United States,coastal,https://www.airbnb.com/rooms/1140663070873593812,https://a0.muscache.com/im/pictures/prohost-api/Hosting-1140663070873593812/original/208b24c5-eff6-48b3-8b50-7857b4ec5a97.jpeg,1140663070873593812,3968178,26.43731,-82.04007,"=AVERAGE($G$2:$G$689)","=AVERAGE($D$2:$D$689)","=IFERROR(($AT221-G221)/$AT221,0)","=IFERROR(($AU221-D221)/$AU221,0)","=$AU221-D221"
"OCEAN'S REACH 2B4: 1-Bdrm, Top Floor w/Gorgeous Views, All Amenities Open!",Ocean's Reach Condominiums,,59394,59862,295.49,58.09,363,1,1,4,true,false,false,true,true,false,true,Home/Apartment,Condominium (condo),Apt/Condo/Loft,4.8,20,4,21+,Luxury,false,0,true,201,22,2026-05-17,Cape Coral/Fort Myers,Sanibel,Sanibel,Florida,33957,United States,coastal,https://www.vrbo.com/1705021,"https://media.vrbo.com/lodging/40000000/39090000/39084800/39084705/465786d4.jpg?impolicy=resizecrop&rw=1200&ra=fit",,1705021,26.42485,-82.06694,"=AVERAGE($G$2:$G$689)","=AVERAGE($D$2:$D$689)","=IFERROR(($AT222-G222)/$AT222,0)","=IFERROR(($AU222-D222)/$AU222,0)","=$AU222-D222"
Sundial J101 | Beachside 1BR | Walk to Sand | Grou,Glass Casa,,59324,65800,390.29,59.84,343,1,1,4,true,false,false,true,false,false,true,Home/Apartment,Condominium (condo),Apt/Condo/Loft,4,2,3,21+,Luxury,true,503,true,152,24,2026-05-13,Cape Coral/Fort Myers,Sanibel,Sanibel,Florida,33957,United States,coastal,https://www.airbnb.com/rooms/1430495343965602350,https://a0.muscache.com/im/pictures/prohost-api/Hosting-1430495343965602350/original/62d1bcad-b53e-4477-9f21-355989a5a83c.jpeg,1430495343965602350,4604562,26.4314,-82.0528,"=AVERAGE($G$2:$G$689)","=AVERAGE($D$2:$D$689)","=IFERROR(($AT223-G223)/$AT223,0)","=IFERROR(($AU223-D223)/$AU223,0)","=$AU223-D223"
Pelicans Roost 201,Kingfisher Vacations,,59206,70768,489.31,42.91,314,2,2,6,true,false,false,true,true,false,true,Home/Apartment,Condominium (condo),Apt/Condo/Loft,5,1,4,21+,Luxury,true,190,true,121,21,2026-05-13,Cape Coral/Fort Myers,Sanibel,Sanibel,Florida,33957,United States,coastal,https://www.airbnb.com/rooms/1244256016995487271,https://a0.muscache.com/im/pictures/prohost-api/Hosting-1244256016995487271/original/d7072cc3-bcd6-4922-ac6a-09e4700f337c.jpeg,1244256016995487271,4108590,26.4362,-82.04577,"=AVERAGE($G$2:$G$689)","=AVERAGE($D$2:$D$689)","=IFERROR(($AT224-G224)/$AT224,0)","=IFERROR(($AU224-D224)/$AU224,0)","=$AU224-D224"
Loggerhead Cay 174: Beautiful Condo w/ Gulf Views!,Sanibel Vacations,,59196,87829,422.83,61.14,257,2,2,6,true,false,false,true,true,true,true,Home/Apartment,Condominium (condo),Apt/Condo/Loft,4.7,19,7,21+,Luxury,true,559,true,140,24,2026-05-11,Cape Coral/Fort Myers,Sanibel,Sanibel,Florida,33957,United States,coastal,https://www.airbnb.com/rooms/1076079728361105120,https://a0.muscache.com/im/pictures/prohost-api/Hosting-1076079728361105120/original/e273109f-307d-4484-b0d8-5a5f699a396d.jpeg,1076079728361105120,9921225ha,26.4381,-82.0408,"=AVERAGE($G$2:$G$689)","=AVERAGE($D$2:$D$689)","=IFERROR(($AT225-G225)/$AT225,0)","=IFERROR(($AU225-D225)/$AU225,0)","=$AU225-D225"
Pointe Santo 3BR Luxury Gulf-Front Condo Bch Lvl,26496553,,58936,83696,456.87,55.13,294,3,1,8,true,false,true,true,true,false,true,Home/Apartment,Apartment,Apt/Condo/Loft,4.9,94,7,2-5,Luxury,false,149,false,129,17,2026-05-11,Cape Coral/Fort Myers,Sanibel,Sanibel,Florida,33957,United States,coastal,https://www.airbnb.com/rooms/23593990,"https://a0.muscache.com/im/pictures/hosting/Hosting-U3RheVN1cHBseUxpc3Rpbmc6MjM1OTM5OTA=/original/da05dde4-5a79-4aed-9ed0-4a581acf6e8a.jpeg",23593990,33595,26.42282,-82.07663,"=AVERAGE($G$2:$G$689)","=AVERAGE($D$2:$D$689)","=IFERROR(($AT226-G226)/$AT226,0)","=IFERROR(($AU226-D226)/$AU226,0)","=$AU226-D226"
Sundial T304 Gulf View 3 bedroom Sanibel Island Co,Dream Vacation Rentals,,58773,71332,470.18,49.6,252,3,2,6,true,false,false,true,true,false,true,Home/Apartment,Condominium (condo),Apt/Condo/Loft,4.85,90,1,21+,Luxury,true,364,true,125,26,2026-01-04,Cape Coral/Fort Myers,Sanibel,Sanibel,Florida,33957,United States,coastal,https://www.airbnb.com/rooms/40303733,https://a0.muscache.com/im/pictures/prohost-api/Hosting-40303733/original/973f6691-f44f-465b-a42d-57d4bfe2de16.jpeg,40303733,9260171ha,26.433215,-82.049086,"=AVERAGE($G$2:$G$689)","=AVERAGE($D$2:$D$689)","=IFERROR(($AT227-G227)/$AT227,0)","=IFERROR(($AU227-D227)/$AU227,0)","=$AU227-D227"
Blind Pass A205: Renovated West End Condo by Beach,Sanibel Vacations,,58647,67514,421.92,45.72,312,2,2,6,true,false,false,true,true,false,true,Home/Apartment,Condominium (condo),Apt/Condo/Loft,4.8,94,1,21+,Luxury,true,558,true,139,24,2026-05-16,Cape Coral/Fort Myers,Sanibel,Sanibel,Florida,33957,United States,coastal,https://www.airbnb.com/rooms/45189778,https://a0.muscache.com/im/pictures/prohost-api/Hosting-45189778/original/6346f6f5-bd93-49fb-b265-2ba65e181a91.jpeg,45189778,7824495ha,26.4609,-82.1518,"=AVERAGE($G$2:$G$689)","=AVERAGE($D$2:$D$689)","=IFERROR(($AT228-G228)/$AT228,0)","=IFERROR(($AU228-D228)/$AU228,0)","=$AU228-D228"
Sanibel Condo with ocean views - Sandalfoot 4D3,Gulf Coast Vacation Rentals,,58529,76375,354.72,58.93,301,2,2,6,true,false,false,true,true,false,true,Home/Apartment,Condominium (condo),Apt/Condo/Loft,5,20,3,21+,Luxury,true,271,true,165,36,2026-05-16,Cape Coral/Fort Myers,Sanibel,Sanibel,Florida,33957,United States,coastal,https://www.airbnb.com/rooms/1351422912338704250,https://a0.muscache.com/im/pictures/prohost-api/Hosting-1351422912338704250/original/8056fa45-0e9d-43ce-9c70-4a16c3dfd5b7.jpeg,1351422912338704250,20124759ha,26.4421555866,-82.0319342252,"=AVERAGE($G$2:$G$689)","=AVERAGE($D$2:$D$689)","=IFERROR(($AT229-G229)/$AT229,0)","=IFERROR(($AU229-D229)/$AU229,0)","=$AU229-D229"
Gulf-View Penthouse w/ Private Rooftop Deck – Step,Glass Casa,,58414,68637,459.95,59.91,322,1,1,4,true,false,true,true,false,false,true,Home/Apartment,Condominium (condo),Apt/Condo/Loft,3,1,1,21+,Luxury,true,515,true,127,21,2026-05-17,Cape Coral/Fort Myers,Sanibel,Sanibel,Florida,33957,United States,coastal,https://www.airbnb.com/rooms/1415515633854459250,https://a0.muscache.com/im/pictures/prohost-api/Hosting-1415515633854459250/original/a037546f-5f56-4a94-af45-95427bf54bb6.jpeg,1415515633854459250,4554320,26.4236,-82.0779,"=AVERAGE($G$2:$G$689)","=AVERAGE($D$2:$D$689)","=IFERROR(($AT230-G230)/$AT230,0)","=IFERROR(($AU230-D230)/$AU230,0)","=$AU230-D230"
Pelicans Roost 302,Kingfisher Vacations,,58380,81349,535.6,37.98,307,2,2,7,true,false,false,true,true,false,true,Home/Apartment,Condominium (condo),Apt/Condo/Loft,5,5,4,21+,Luxury,true,191,true,109,20,2026-05-13,Cape Coral/Fort Myers,Sanibel,Sanibel,Florida,33957,United States,coastal,https://www.airbnb.com/rooms/1244257952014460222,https://a0.muscache.com/im/pictures/prohost-api/Hosting-1244257952014460222/original/371c81b4-27fb-45e8-a602-5c8a939d79eb.jpeg,1244257952014460222,4193619,26.43566,-82.04591,"=AVERAGE($G$2:$G$689)","=AVERAGE($D$2:$D$689)","=IFERROR(($AT231-G231)/$AT231,0)","=IFERROR(($AU231-D231)/$AU231,0)","=$AU231-D231"
Old sanibel style cottage East end. NEW!,Breakaway VACATION PROPERTIES,,58200,61720,268.2,62.18,349,1,1,3,true,false,false,false,true,false,false,Home/Apartment,Cabin,House/villa,4.8,156,1,21+,Luxury,true,105,true,217,74,2026-05-17,Cape Coral/Fort Myers,Sanibel,Sanibel,Florida,33957,United States,coastal,https://www.airbnb.com/rooms/34542959,https://a0.muscache.com/im/pictures/prohost-api/Hosting-34542959/original/69d80978-2f8e-4703-bc3a-d1f631aaa9f5.jpeg,34542959,1669445,26.45248,-82.02422,"=AVERAGE($G$2:$G$689)","=AVERAGE($D$2:$D$689)","=IFERROR(($AT232-G232)/$AT232,0)","=IFERROR(($AU232-D232)/$AU232,0)","=$AU232-D232"
Unit F5 - Beachfront,Sanibel Arms West Condo Association,,58099,79013,468.54,71.68,212,2,2,4,true,false,false,true,false,false,true,Home/Apartment,Condominium (condo),Apt/Condo/Loft,4.8,4,4,21+,Luxury,false,225,false,124,21,2026-05-16,Cape Coral/Fort Myers,Sanibel,Sanibel,Florida,33957,United States,coastal,https://www.vrbo.com/4600995,"https://media.vrbo.com/lodging/117000000/116550000/116541800/116541723/3406646e.jpg?impolicy=resizecrop&rw=1200&ra=fit",,4600995,26.441774,-82.03408,"=AVERAGE($G$2:$G$689)","=AVERAGE($D$2:$D$689)","=IFERROR(($AT233-G233)/$AT233,0)","=IFERROR(($AU233-D233)/$AU233,0)","=$AU233-D233"
"Luxury Bayfront 2BR Condo | Stunning Views, Pool,",Glass Casa,,58093,60070,514.1,58.25,342,2,2,6,true,true,false,true,false,false,true,Home/Apartment,Condominium (condo),Apt/Condo/Loft,0,0,28,21+,Luxury,true,424,true,113,4,2026-05-15,Cape Coral/Fort Myers,Sanibel,Sanibel,Florida,33957,United States,coastal,https://www.airbnb.com/rooms/1430489928511490659,https://a0.muscache.com/im/pictures/prohost-api/Hosting-1430489928511490659/original/f2d1d7e7-7b5c-483e-8efe-ac9977ce52b5.jpeg,1430489928511490659,4592685,26.4531,-82.0178,"=AVERAGE($G$2:$G$689)","=AVERAGE($D$2:$D$689)","=IFERROR(($AT234-G234)/$AT234,0)","=IFERROR(($AU234-D234)/$AU234,0)","=$AU234-D234"
"Beachfront Bliss on Sanibel. Steps to the Sand, Fu",Glass Casa,,58068,80923,569.29,44.93,308,2,2,6,true,true,false,true,false,true,true,Home/Apartment,Condominium (condo),Apt/Condo/Loft,0,0,7,21+,Luxury,true,593,true,102,8,2026-02-26,Cape Coral/Fort Myers,Sanibel,Sanibel,Florida,33957,United States,coastal,https://www.airbnb.com/rooms/1415514925448095963,https://a0.muscache.com/im/pictures/prohost-api/Hosting-1415514925448095963/original/93651aa2-f717-456e-be71-cd57380b7351.jpeg,1415514925448095963,4542443,26.4381,-82.0406,"=AVERAGE($G$2:$G$689)","=AVERAGE($D$2:$D$689)","=IFERROR(($AT235-G235)/$AT235,0)","=IFERROR(($AU235-D235)/$AU235,0)","=$AU235-D235"
Gulf-Front Elegance at Its Finest: Fully Renovated,Glass Casa,,57957,108833,623.19,74.4,226,3,2,8,true,false,true,true,false,false,true,Home/Apartment,Condominium (condo),Apt/Condo/Loft,5,6,1,21+,Luxury,true,568,true,93,14,2026-05-13,Cape Coral/Fort Myers,Sanibel,Sanibel,Florida,33957,United States,coastal,https://www.airbnb.com/rooms/1430495207478756301,https://a0.muscache.com/im/pictures/prohost-api/Hosting-1430495207478756301/original/967206d3-807c-4453-b2b3-e3e4e99098a7.jpeg,1430495207478756301,4600755,26.4228,-82.0776,"=AVERAGE($G$2:$G$689)","=AVERAGE($D$2:$D$689)","=IFERROR(($AT236-G236)/$AT236,0)","=IFERROR(($AU236-D236)/$AU236,0)","=$AU236-D236"
"Sundial T405 -Stunning 3 brm, 2-bath Beach View co",Select Vacation Properties,,57892,70783,551.35,53.57,221,3,2,6,true,false,false,false,false,false,true,Home/Apartment,Villa,House/villa,5,3,1,21+,Luxury,true,832,true,105,20,2026-05-11,Cape Coral/Fort Myers,Sanibel,Sanibel,Florida,33957,United States,coastal,https://www.airbnb.com/rooms/1536274083290612346,https://a0.muscache.com/im/pictures/prohost-api/Hosting-1536274083290612346/original/8856e50a-f506-46e9-abe7-0b67d83974a3.jpeg,1536274083290612346,4561158,26.4328,-82.0504,"=AVERAGE($G$2:$G$689)","=AVERAGE($D$2:$D$689)","=IFERROR(($AT237-G237)/$AT237,0)","=IFERROR(($AU237-D237)/$AU237,0)","=$AU237-D237"
Ground floor gulf front stunning beach condo,Breakaway VACATION PROPERTIES,,57800,93016,455.12,60.19,262,2,2,6,true,false,false,true,true,true,true,Home/Apartment,Condominium (condo),Apt/Condo/Loft,5,11,7,21+,Luxury,true,345,true,127,15,2026-05-11,Cape Coral/Fort Myers,Sanibel,Sanibel,Florida,33957,United States,coastal,https://www.airbnb.com/rooms/1295858046562903386,https://a0.muscache.com/im/pictures/prohost-api/Hosting-1295858046562903386/original/044c1492-2211-4d3f-9d4b-57dcaa43ac1b.jpeg,1295858046562903386,4301762,26.4371919064,-82.0418985442,"=AVERAGE($G$2:$G$689)","=AVERAGE($D$2:$D$689)","=IFERROR(($AT238-G238)/$AT238,0)","=IFERROR(($AU238-D238)/$AU238,0)","=$AU238-D238"
Beachfront Bliss..A Vacation You'll Cherish Forever,,,57762,93073,434.3,61.29,264,2,2,6,true,false,false,true,true,false,true,Home/Apartment,Condominium (condo),Apt/Condo/Loft,4.9,80,7,1,Luxury,false,200,false,133,20,2026-05-17,Cape Coral/Fort Myers,Sanibel,Sanibel,Florida,33957,United States,coastal,https://www.vrbo.com/9277544ha,"https://media.vrbo.com/lodging/45000000/44960000/44954700/44954642/a6145fc0.jpg?impolicy=resizecrop&rw=1200&ra=fit",,9277544ha,26.428336,-82.058746,"=AVERAGE($G$2:$G$689)","=AVERAGE($D$2:$D$689)","=IFERROR(($AT239-G239)/$AT239,0)","=IFERROR(($AU239-D239)/$AU239,0)","=$AU239-D239"
Sanddollar #B301 is a 2/2 Beach Front Vacation Ren,Select Vacation Properties,,57679,109370,576.79,51.55,224,2,2,6,true,true,false,true,true,false,true,Home/Apartment,Condominium (condo),Apt/Condo/Loft,5,9,1,21+,Luxury,true,231,true,100,16,2026-05-11,Cape Coral/Fort Myers,Sanibel,Sanibel,Florida,33957,United States,coastal,https://www.airbnb.com/rooms/684017034746265811,https://a0.muscache.com/im/pictures/prohost-api/Hosting-684017034746265811/original/f5806c2a-b21c-42ba-8f79-ff5a242b97c5.jpeg,684017034746265811,2908252,26.4281,-82.0592,"=AVERAGE($G$2:$G$689)","=AVERAGE($D$2:$D$689)","=IFERROR(($AT240-G240)/$AT240,0)","=IFERROR(($AU240-D240)/$AU240,0)","=$AU240-D240"
Sundial F407- Gorgeous Fully Equipped Condo,Rosen Vacations,,57465,58103,312.31,51.25,362,1,1,6,true,false,false,true,true,false,true,Home/Apartment,Apartment,Apt/Condo/Loft,4.6,18,3,21+,Luxury,true,299,true,184,44,2026-05-16,Cape Coral/Fort Myers,Sanibel,Sanibel,Florida,33957,United States,coastal,https://www.airbnb.com/rooms/1374669932202420505,https://a0.muscache.com/im/pictures/prohost-api/Hosting-1374669932202420505/original/9dddefc3-ee3f-4433-b5fe-a9707801b531.jpeg,1374669932202420505,4477204,26.4309,-82.0536,"=AVERAGE($G$2:$G$689)","=AVERAGE($D$2:$D$689)","=IFERROR(($AT241-G241)/$AT241,0)","=IFERROR(($AU241-D241)/$AU241,0)","=$AU241-D241"
Breakers West A3,Kingfisher Vacations,,57443,64218,385.52,56.44,312,2,2,6,true,false,false,true,true,false,true,Home/Apartment,Condominium (condo),Apt/Condo/Loft,4.55,19,4,21+,Luxury,true,301,true,149,22,2026-05-13,Cape Coral/Fort Myers,Sanibel,Sanibel,Florida,33957,United States,coastal,https://www.airbnb.com/rooms/623153049788579285,https://a0.muscache.com/im/pictures/prohost-api/Hosting-623153049788579285/original/84489623-e290-4e89-9f9a-068508dbb0e4.jpeg,623153049788579285,2799154,26.42495,-82.09369,"=AVERAGE($G$2:$G$689)","=AVERAGE($D$2:$D$689)","=IFERROR(($AT242-G242)/$AT242,0)","=IFERROR(($AU242-D242)/$AU242,0)","=$AU242-D242"
Pointe Santo E26: Your Rejuvenated Gulf-Front Esca,Dream Vacation Rentals,,57338,76725,437.69,50.38,285,2,2,5,true,false,true,true,true,false,true,Home/Apartment,House,House/villa,4.85,6,1,21+,Luxury,true,325,true,131,17,2026-05-13,Cape Coral/Fort Myers,Sanibel,Sanibel,Florida,33957,United States,coastal,https://www.airbnb.com/rooms/1313034702057225192,https://a0.muscache.com/im/pictures/prohost-api/Hosting-1313034702057225192/original/865c6f24-ee8c-4802-a755-393f95c73c57.jpeg,1313034702057225192,20088479ha,26.4225,-82.0769,"=AVERAGE($G$2:$G$689)","=AVERAGE($D$2:$D$689)","=IFERROR(($AT243-G243)/$AT243,0)","=IFERROR(($AU243-D243)/$AU243,0)","=$AU243-D243"
Stunning Gulf views! Pointe Santo Updated - 2BD 2BATH,,,57191,99275,420.52,54.4,252,2,2,6,true,false,true,true,true,false,true,Home/Apartment,Condominium (condo),Apt/Condo/Loft,4.9,20,7,1,Luxury,false,185,true,136,20,2026-05-13,Cape Coral/Fort Myers,Sanibel,Sanibel,Florida,33957,United States,coastal,https://www.vrbo.com/4481510,"https://media.vrbo.com/lodging/114000000/113880000/113878100/113878020/3545f964.jpg?impolicy=resizecrop&rw=1200&ra=fit",,4481510,26.42312,-82.077976,"=AVERAGE($G$2:$G$689)","=AVERAGE($D$2:$D$689)","=IFERROR(($AT244-G244)/$AT244,0)","=IFERROR(($AU244-D244)/$AU244,0)","=$AU244-D244"
Coquina Beach 3E,Kingfisher Vacations,,57050,68263,385.47,54.81,320,3,2,6,true,false,false,true,true,false,true,Home/Apartment,Condominium (condo),Apt/Condo/Loft,4.9,25,7,21+,Luxury,true,350,true,148,19,2026-05-13,Cape Coral/Fort Myers,Sanibel,Sanibel,Florida,33957,United States,coastal,https://www.airbnb.com/rooms/54146001,https://a0.muscache.com/im/pictures/prohost-api/Hosting-54146001/original/4b028890-506b-4cc4-8c1b-2a294a647567.jpeg,54146001,2608249,26.43637,-82.04305,"=AVERAGE($G$2:$G$689)","=AVERAGE($D$2:$D$689)","=IFERROR(($AT245-G245)/$AT245,0)","=IFERROR(($AU245-D245)/$AU245,0)","=$AU245-D245"
The Hideaway Cottage at Palmview Inn of Sanibel,Rosen Vacations,,57016,58525,238.56,66.95,357,1,1,4,true,false,false,true,true,true,false,Home/Apartment,Bungalow,House/villa,4.5,59,3,21+,Luxury,true,98,true,239,64,2026-05-17,Cape Coral/Fort Myers,Sanibel,Sanibel,Florida,33957,United States,coastal,https://www.airbnb.com/rooms/52595759,https://a0.muscache.com/im/pictures/prohost-api/Hosting-52595759/original/ff69bf2e-02f8-47ee-8dab-1b2fe7a16d08.jpeg,52595759,2488867,26.4383,-82.0458,"=AVERAGE($G$2:$G$689)","=AVERAGE($D$2:$D$689)","=IFERROR(($AT246-G246)/$AT246,0)","=IFERROR(($AU246-D246)/$AU246,0)","=$AU246-D246"
Sundial R305- Breathtaking Gulf Views!,Royal Shell Vacations,,56944,57455,618.96,53.18,235,2,2,6,true,false,false,true,true,false,true,Home/Apartment,Condominium (condo),Apt/Condo/Loft,4.9,18,3,21+,Luxury,true,290,true,92,14,2026-05-15,Cape Coral/Fort Myers,Sanibel,Sanibel,Florida,33957,United States,coastal,https://www.airbnb.com/rooms/1505888320508119178,https://a0.muscache.com/im/pictures/prohost-api/Hosting-1505888320508119178/original/2f59dcf3-72bd-4b9f-b795-89b3c2939b2a.jpeg,1505888320508119178,9546076ha,26.4318561269,-82.0515452333,"=AVERAGE($G$2:$G$689)","=AVERAGE($D$2:$D$689)","=IFERROR(($AT247-G247)/$AT247,0)","=IFERROR(($AU247-D247)/$AU247,0)","=$AU247-D247"
Gulf-Front Water Views: Garage + Beach Gear,268460518,,56871,82507,512.35,82.84,140,3,3,6,true,false,false,true,true,false,true,Home/Apartment,Townhouse,Apt/Condo/Loft,5,12,7,6-20,Luxury,true,400,true,111,15,2026-05-17,Cape Coral/Fort Myers,Sanibel,Sanibel,Florida,33957,United States,coastal,https://www.airbnb.com/rooms/1502543804941224959,https://a0.muscache.com/im/pictures/prohost-api/Hosting-1502543804941224959/original/4a62f38f-9f9b-49a8-8b10-6a93fd6c1379.jpeg,1502543804941224959,4798127,26.4432163809,-82.0311528685,"=AVERAGE($G$2:$G$689)","=AVERAGE($D$2:$D$689)","=IFERROR(($AT248-G248)/$AT248,0)","=IFERROR(($AU248-D248)/$AU248,0)","=$AU248-D248"
"OCEAN'S REACH 4B1: Ground-Level, Easy/Direct Beach Access, All Amenities Open",Ocean's Reach Condominiums,,56438,57131,331.99,47.62,358,1,1,2,true,false,false,true,true,false,true,Home/Apartment,Condominium (condo),Apt/Condo/Loft,5,6,4,21+,Luxury,false,0,true,170,29,2026-05-15,Cape Coral/Fort Myers,Sanibel,Sanibel,Florida,33957,United States,coastal,https://www.vrbo.com/1705059,"https://media.vrbo.com/lodging/40000000/39090000/39084700/39084664/749497ff.jpg?impolicy=resizecrop&rw=1200&ra=fit",,1705059,26.424688,-82.067345,"=AVERAGE($G$2:$G$689)","=AVERAGE($D$2:$D$689)","=IFERROR(($AT249-G249)/$AT249,0)","=IFERROR(($AU249-D249)/$AU249,0)","=$AU249-D249"
"Beach Front 2 bed, 2 bath at Sanibel Moorings #512",Sanibel Moorings Resort,,56397,94218,563.97,62.11,254,2,2,4,true,true,false,true,true,false,true,Home/Apartment,Condominium (condo),Apt/Condo/Loft,5,5,3,21+,Luxury,false,25,true,100,19,2026-05-15,Cape Coral/Fort Myers,Sanibel,Sanibel,Florida,33957,United States,coastal,https://www.vrbo.com/3677530ha,"https://media.vrbo.com/lodging/40000000/39860000/39852100/39852092/7009bf59.jpg?impolicy=resizecrop&rw=1200&ra=fit",,3677530ha,26.440833,-82.03479,"=AVERAGE($G$2:$G$689)","=AVERAGE($D$2:$D$689)","=IFERROR(($AT250-G250)/$AT250,0)","=IFERROR(($AU250-D250)/$AU250,0)","=$AU250-D250"
"OCEAN'S REACH 2A3: 2-Bedroom, Gulf-Front/Corner Unit, Dunes Golf Privileges!",Ocean's Reach Condominiums,,56351,73634,375.67,48.7,323,2,2,4,true,false,false,true,true,false,true,Home/Apartment,Condominium (condo),Apt/Condo/Loft,5,4,4,21+,Luxury,false,0,true,150,21,2026-05-15,Cape Coral/Fort Myers,Sanibel,Sanibel,Florida,33957,United States,coastal,https://www.vrbo.com/1705014,"https://media.vrbo.com/lodging/40000000/39090000/39083500/39083423/543b6aaf.jpg?impolicy=resizecrop&rw=1200&ra=fit",,1705014,26.424688,-82.067345,"=AVERAGE($G$2:$G$689)","=AVERAGE($D$2:$D$689)","=IFERROR(($AT251-G251)/$AT251,0)","=IFERROR(($AU251-D251)/$AU251,0)","=$AU251-D251"
Pelicans Roost 205,Kingfisher Vacations,,56338,90861,512.16,55,248,2,2,6,true,false,false,true,true,false,true,Home/Apartment,Condominium (condo),Apt/Condo/Loft,5,7,4,21+,Luxury,true,190,true,110,21,2026-05-11,Cape Coral/Fort Myers,Sanibel,Sanibel,Florida,33957,United States,coastal,https://www.airbnb.com/rooms/1192848644587028822,https://a0.muscache.com/im/pictures/prohost-api/Hosting-1192848644587028822/original/c0a67a6b-fcfd-418d-8022-232b28cab50c.jpeg,1192848644587028822,4086263,26.43476,-82.04575,"=AVERAGE($G$2:$G$689)","=AVERAGE($D$2:$D$689)","=IFERROR(($AT252-G252)/$AT252,0)","=IFERROR(($AU252-D252)/$AU252,0)","=$AU252-D252"
Sanibel Romantic Getaway,102830135,,56336,56414,321.92,48.08,364,1,1,2,true,false,false,true,true,true,false,Home/Apartment,Apartment,Apt/Condo/Loft,4.7,158,1,6-20,Luxury,true,100,false,175,53,2026-05-13,Cape Coral/Fort Myers,Sanibel,Sanibel,Florida,33957,United States,coastal,https://www.airbnb.com/rooms/19173412,https://a0.muscache.com/im/pictures/miso/Hosting-19173412/original/9cc2bd01-dc01-4ee5-b882-8925d75ea0f2.jpeg,19173412,1147088,26.43558,-82.0437,"=AVERAGE($G$2:$G$689)","=AVERAGE($D$2:$D$689)","=IFERROR(($AT253-G253)/$AT253,0)","=IFERROR(($AU253-D253)/$AU253,0)","=$AU253-D253"
Coastal Cottage Sandpiper minutes to the beach!,Breakaway VACATION PROPERTIES,,56325,63219,314.66,54.41,334,1,1,2,true,false,false,true,false,false,false,Home/Apartment,Cabin,House/villa,4.7,67,1,21+,Luxury,true,190,true,179,50,2026-05-17,Cape Coral/Fort Myers,Sanibel,Sanibel,Florida,33957,United States,coastal,https://www.airbnb.com/rooms/26955676,https://a0.muscache.com/im/pictures/prohost-api/Hosting-26955676/original/67575132-dd24-42a0-b114-3f40f29b12cc.jpeg,26955676,1669448,26.45433,-82.14372,"=AVERAGE($G$2:$G$689)","=AVERAGE($D$2:$D$689)","=IFERROR(($AT254-G254)/$AT254,0)","=IFERROR(($AU254-D254)/$AU254,0)","=$AU254-D254"
compass point 181,San Cap Island Vacation Rentals,,56297,71566,396.46,63.96,312,3,2,6,true,false,false,true,true,false,false,Home/Apartment,Condominium (condo),Apt/Condo/Loft,4.85,33,1,21+,Luxury,false,380,true,142,14,2026-05-13,Cape Coral/Fort Myers,Sanibel,Sanibel,Florida,33957,United States,coastal,https://www.airbnb.com/rooms/43050660,https://a0.muscache.com/im/pictures/prohost-api/Hosting-43050660/original/36caf688-d01b-4d8b-831d-dcd3f3b535ff.jpeg,43050660,1954193,26.4341,-82.047,"=AVERAGE($G$2:$G$689)","=AVERAGE($D$2:$D$689)","=IFERROR(($AT255-G255)/$AT255,0)","=IFERROR(($AU255-D255)/$AU255,0)","=$AU255-D255"
Gulfside Elegance Awaits – Stunning 3-Bedroom Cond,Glass Casa,,56289,69097,611.84,34.98,336,3,2,6,true,false,false,true,false,false,true,Home/Apartment,Condominium (condo),Apt/Condo/Loft,4.25,4,1,21+,Luxury,true,595,true,92,14,2026-05-13,Cape Coral/Fort Myers,Sanibel,Sanibel,Florida,33957,United States,coastal,https://www.airbnb.com/rooms/1430504743869022785,https://a0.muscache.com/im/pictures/prohost-api/Hosting-1430504743869022785/original/9dd30b16-ae81-4f98-8b74-855dd4e09412.jpeg,1430504743869022785,4604565,26.4328,-82.0504,"=AVERAGE($G$2:$G$689)","=AVERAGE($D$2:$D$689)","=IFERROR(($AT256-G256)/$AT256,0)","=IFERROR(($AU256-D256)/$AU256,0)","=$AU256-D256"
Parrot Nest east end NEW!,Breakaway VACATION PROPERTIES,,56256,61326,259.24,65.17,333,1,1,3,true,false,false,false,false,false,false,Home/Apartment,Cabin,House/villa,4.75,122,1,21+,Luxury,true,105,true,217,73,2026-05-17,Cape Coral/Fort Myers,Sanibel,Sanibel,Florida,33957,United States,coastal,https://www.airbnb.com/rooms/34542957,https://a0.muscache.com/im/pictures/prohost-api/Hosting-34542957/original/8135cc78-c824-4d13-b652-daf9b3ff3f47.jpeg,34542957,1672515,26.45198,-82.02621,"=AVERAGE($G$2:$G$689)","=AVERAGE($D$2:$D$689)","=IFERROR(($AT257-G257)/$AT257,0)","=IFERROR(($AU257-D257)/$AU257,0)","=$AU257-D257"
Stunning direct gulf front loggerhead 513!,Breakaway VACATION PROPERTIES,,56255,115126,506.8,66.07,193,2,2,7,true,false,false,true,true,true,true,Home/Apartment,Condominium (condo),Apt/Condo/Loft,4.8,7,7,21+,Luxury,true,345,true,111,12,2026-05-11,Cape Coral/Fort Myers,Sanibel,Sanibel,Florida,33957,United States,coastal,https://www.airbnb.com/rooms/1128461558770588263,https://a0.muscache.com/im/pictures/prohost-api/Hosting-1128461558770588263/original/f98495c6-3cdd-444e-9936-97104041958c.jpeg,1128461558770588263,3909088,26.4406,-82.04078,"=AVERAGE($G$2:$G$689)","=AVERAGE($D$2:$D$689)","=IFERROR(($AT258-G258)/$AT258,0)","=IFERROR(($AU258-D258)/$AU258,0)","=$AU258-D258"
#432 Sanibel Moorings Courtyard View,RedAwning,,55646,61095,550.95,39.76,329,2,2,4,true,true,false,true,true,false,true,Home/Apartment,House,House/villa,4.1,12,1,21+,Luxury,false,152,true,101,16,2020-03-14,Cape Coral/Fort Myers,Sanibel,Sanibel,Florida,33957,United States,coastal,https://www.airbnb.com/rooms/39627751,"https://a0.muscache.com/im/pictures/b77c7f47-d414-4ffd-a82c-be987d1eecbd.jpg?aki_policy=x_large",39627751,3677500ha,26.44173,-82.03513,"=AVERAGE($G$2:$G$689)","=AVERAGE($D$2:$D$689)","=IFERROR(($AT259-G259)/$AT259,0)","=IFERROR(($AU259-D259)/$AU259,0)","=$AU259-D259"
Beach View · Steps to Sand,29264754,,55581,73650,279.3,77.13,324,1,1,5,true,false,false,true,true,false,true,Home/Apartment,House,House/villa,5,35,1,2-5,Luxury,false,318,false,199,39,2026-05-11,Cape Coral/Fort Myers,Sanibel,Sanibel,Florida,33957,United States,coastal,https://www.airbnb.com/rooms/1626852100304141715,https://a0.muscache.com/im/pictures/prohost-api/Hosting-1626852100304141715/original/7180b217-331c-4c2c-b6c2-1abea8187dc3.jpeg,1626852100304141715,4603113,26.4301134371,-82.0533311219,"=AVERAGE($G$2:$G$689)","=AVERAGE($D$2:$D$689)","=IFERROR(($AT260-G260)/$AT260,0)","=IFERROR(($AU260-D260)/$AU260,0)","=$AU260-D260"
All New! Gulf Front! High End! Pelicans Roost 102 on Sanibel Island,Kingfisher Vacation Rentals,,55568,70821,491.75,40.21,284,2,2,4,true,false,false,true,true,false,true,Home/Apartment,Condominium (condo),Apt/Condo/Loft,4.8,13,7,6-20,Luxury,false,190,true,113,22,2026-05-14,Cape Coral/Fort Myers,Sanibel,Sanibel,Florida,33957,United States,coastal,https://www.vrbo.com/2362750,"https://media.vrbo.com/lodging/70000000/69270000/69269800/69269729/77fa4216.jpg?impolicy=resizecrop&rw=1200&ra=fit",,2362750,26.435238,-82.04518,"=AVERAGE($G$2:$G$689)","=AVERAGE($D$2:$D$689)","=IFERROR(($AT261-G261)/$AT261,0)","=IFERROR(($AU261-D261)/$AU261,0)","=$AU261-D261"
Sand Dollar # A202,Select Vacation Properties,,55374,99715,559.33,58.93,218,3,2,8,true,false,false,true,true,false,true,Home/Apartment,Condominium (condo),Apt/Condo/Loft,5,1,1,21+,Luxury,true,240,true,99,17,2026-05-11,Cape Coral/Fort Myers,Sanibel,Sanibel,Florida,33957,United States,coastal,https://www.airbnb.com/rooms/38094722,https://a0.muscache.com/im/pictures/4b405f1f-724d-49ca-8baa-f134548cd847.jpg,38094722,,26.43057,-82.05916,"=AVERAGE($G$2:$G$689)","=AVERAGE($D$2:$D$689)","=IFERROR(($AT262-G262)/$AT262,0)","=IFERROR(($AU262-D262)/$AU262,0)","=$AU262-D262"
Gulf Front w/ Great Views! - Compass Point 191,Royal Shell Vacations,,55366,74874,802.41,70.41,150,3,2,6,true,false,false,true,true,false,true,Home/Apartment,House,House/villa,5,2,7,21+,Luxury,false,179,true,69,4,2026-05-15,Cape Coral/Fort Myers,Sanibel,Sanibel,Florida,33957,United States,coastal,https://www.vrbo.com/3243414ha,"https://media.vrbo.com/lodging/22000000/21670000/21669400/21669393/f6f83576.jpg?impolicy=resizecrop&rw=1200&ra=fit",,3243414ha,26.435226,-82.047329,"=AVERAGE($G$2:$G$689)","=AVERAGE($D$2:$D$689)","=IFERROR(($AT263-G263)/$AT263,0)","=IFERROR(($AU263-D263)/$AU263,0)","=$AU263-D263"
Luxury cottage all NEW!,Breakaway VACATION PROPERTIES,,55357,58820,276.79,57.64,347,1,1,3,true,false,false,false,false,false,false,Home/Apartment,Cabin,House/villa,4.8,127,1,21+,Luxury,true,110,true,200,64,2026-05-17,Cape Coral/Fort Myers,Sanibel,Sanibel,Florida,33957,United States,coastal,https://www.airbnb.com/rooms/34542963,https://a0.muscache.com/im/pictures/prohost-api/Hosting-34542963/original/04eebefc-67f3-4176-916e-020930689430.jpeg,34542963,1669444,26.45044,-82.0247,"=AVERAGE($G$2:$G$689)","=AVERAGE($D$2:$D$689)","=IFERROR(($AT264-G264)/$AT264,0)","=IFERROR(($AU264-D264)/$AU264,0)","=$AU264-D264"
Sanibel Island Beach Home with Private Pool!,91562679,,55185,77453,347.08,73.61,288,3,2,6,true,false,true,true,true,false,true,Home/Apartment,House,House/villa,4.9,66,28,1,Luxury,false,250,true,159,16,2021-04-29,Cape Coral/Fort Myers,Sanibel,Sanibel,Florida,33957,United States,coastal,https://www.airbnb.com/rooms/25976964,"https://a0.muscache.com/im/pictures/e1815a93-2ccc-415f-9f69-4d849f407d02.jpg?aki_policy=x_large",25976964,4889454ha,26.45004,-82.04137,"=AVERAGE($G$2:$G$689)","=AVERAGE($D$2:$D$689)","=IFERROR(($AT265-G265)/$AT265,0)","=IFERROR(($AU265-D265)/$AU265,0)","=$AU265-D265"
Sundial D310  Charming beachfront getaway!,,,54996,61603,339.48,57.45,317,1,1,3,true,true,true,true,true,false,true,Home/Apartment,Condominium (condo),Apt/Condo/Loft,5,56,4,1,Luxury,false,200,true,162,26,2026-05-15,Cape Coral/Fort Myers,Sanibel,Sanibel,Florida,33957,United States,coastal,https://www.vrbo.com/9449489ha,"https://media.vrbo.com/lodging/53000000/52340000/52338700/52338644/2920c48a.jpg?impolicy=resizecrop&rw=1200&ra=fit",,9449489ha,26.430719,-82.05412,"=AVERAGE($G$2:$G$689)","=AVERAGE($D$2:$D$689)","=IFERROR(($AT266-G266)/$AT266,0)","=IFERROR(($AU266-D266)/$AU266,0)","=$AU266-D266"
"Splendid Home, Private Heated Pool, Great Location",84071967,,54859,69939,694.42,32.38,308,3,2,8,true,false,false,true,true,false,true,Home/Apartment,House,House/villa,4.9,151,1,1,Luxury,false,177,false,79,20,2026-05-13,Cape Coral/Fort Myers,Sanibel,Sanibel,Florida,33957,United States,coastal,https://www.airbnb.com/rooms/15007254,https://a0.muscache.com/im/pictures/f14d3f4a-6359-4439-829c-dd6643da2f9e.jpg,15007254,816535,26.4496,-82.04602,"=AVERAGE($G$2:$G$689)","=AVERAGE($D$2:$D$689)","=IFERROR(($AT267-G267)/$AT267,0)","=IFERROR(($AU267-D267)/$AU267,0)","=$AU267-D267"
Pine Cove 403C: 2BR GulfFront Escape Quiet Complex,Sanibel Vacations,,54845,127333,517.41,87.6,180,2,2,6,true,false,true,true,true,false,true,Home/Apartment,Condominium (condo),Apt/Condo/Loft,4.7,43,1,21+,Luxury,true,479,true,106,17,2026-05-11,Cape Coral/Fort Myers,Sanibel,Sanibel,Florida,33957,United States,coastal,https://www.airbnb.com/rooms/47815547,https://a0.muscache.com/im/pictures/prohost-api/Hosting-47815547/original/a7bb1b26-5571-4e57-94b0-4536056608a4.jpeg,47815547,9027988ha,26.4227,-82.0808,"=AVERAGE($G$2:$G$689)","=AVERAGE($D$2:$D$689)","=IFERROR(($AT268-G268)/$AT268,0)","=IFERROR(($AU268-D268)/$AU268,0)","=$AU268-D268"
The Ibis Residence at Sandpiper Inn,Rosen Vacations,,54818,55861,258.58,59.38,357,1,1,4,true,false,false,true,true,true,false,Home/Apartment,Apartment,Apt/Condo/Loft,4.65,63,3,21+,Luxury,true,98,true,212,69,2026-05-17,Cape Coral/Fort Myers,Sanibel,Sanibel,Florida,33957,United States,coastal,https://www.airbnb.com/rooms/52598272,https://a0.muscache.com/im/pictures/prohost-api/Hosting-52598272/original/63c92b69-7e4d-4ec0-8463-6526ef751bbf.jpeg,52598272,2488871,26.4389,-82.0458,"=AVERAGE($G$2:$G$689)","=AVERAGE($D$2:$D$689)","=IFERROR(($AT269-G269)/$AT269,0)","=IFERROR(($AU269-D269)/$AU269,0)","=$AU269-D269"
"Sanibel SUNsation! Pet Friendly, with heated pool!",257624032,,54602,61057,343.41,81.12,223,3,2,8,true,false,false,true,true,true,true,Home/Apartment,House,House/villa,5,9,14,2-5,Luxury,true,200,false,159,11,2026-05-11,Cape Coral/Fort Myers,Sanibel,Sanibel,Florida,33957,United States,coastal,https://www.airbnb.com/rooms/1509516056531117366,https://a0.muscache.com/im/pictures/hosting/Hosting-1509516056531117366/original/fa2344d7-dd66-42b1-b6fc-a4265c2999a1.jpeg,1509516056531117366,4893342,26.43346,-82.11153,"=AVERAGE($G$2:$G$689)","=AVERAGE($D$2:$D$689)","=IFERROR(($AT270-G270)/$AT270,0)","=IFERROR(($AU270-D270)/$AU270,0)","=$AU270-D270"
Pointe Santo E34 - Luxury 3-Bedroom Gulf Front Cor,Glass Casa,,54362,95982,876.81,36.26,226,3,2,8,true,false,true,true,false,false,true,Home/Apartment,Condominium (condo),Apt/Condo/Loft,5,1,1,21+,Luxury,true,593,true,62,10,2026-05-15,Cape Coral/Fort Myers,Sanibel,Sanibel,Florida,33957,United States,coastal,https://www.airbnb.com/rooms/1430496003452051235,https://a0.muscache.com/im/pictures/prohost-api/Hosting-1430496003452051235/original/8ddda5f0-06c8-434e-a5dc-0565cd9985c8.jpeg,1430496003452051235,4604544,26.4228,-82.0776,"=AVERAGE($G$2:$G$689)","=AVERAGE($D$2:$D$689)","=IFERROR(($AT271-G271)/$AT271,0)","=IFERROR(($AU271-D271)/$AU271,0)","=$AU271-D271"
Sundial E304: Gulf Front 3BR w/Stunning Ocean View,171555328,,54247,97810,502.29,91.53,149,3,2,8,true,false,false,true,true,false,true,Home/Apartment,Apartment,Apt/Condo/Loft,5,15,7,2-5,Luxury,true,296,true,108,15,2026-05-15,Cape Coral/Fort Myers,Sanibel,Sanibel,Florida,33957,United States,coastal,https://www.airbnb.com/rooms/1519172697529466036,https://a0.muscache.com/im/pictures/hosting/Hosting-1519172697529466036/original/558dbc3c-98d7-4298-b3e7-1d59298e8a8e.jpeg,1519172697529466036,20213652ha,26.4310442599,-82.0526837374,"=AVERAGE($G$2:$G$689)","=AVERAGE($D$2:$D$689)","=IFERROR(($AT272-G272)/$AT272,0)","=IFERROR(($AU272-D272)/$AU272,0)","=$AU272-D272"
Oceanfront Condo at Sanddollar #B-202 - Panoramic View of Ocean - 3 Bedroom,,,54148,88121,479.19,45.2,290,2,2,6,true,false,false,true,true,false,true,Home/Apartment,Condominium (condo),Apt/Condo/Loft,5,54,7,1,Luxury,false,195,false,113,15,2026-05-17,Cape Coral/Fort Myers,Sanibel,Sanibel,Florida,33957,United States,coastal,https://www.vrbo.com/14874,"https://media.vrbo.com/lodging/35000000/34160000/34152200/34152135/ae843ee9.jpg?impolicy=resizecrop&rw=1200&ra=fit",,14874,26.428019,-82.059653,"=AVERAGE($G$2:$G$689)","=AVERAGE($D$2:$D$689)","=IFERROR(($AT273-G273)/$AT273,0)","=IFERROR(($AU273-D273)/$AU273,0)","=$AU273-D273"
Sandpiper Beach 302- Beautiful Gulf Views!,Royal Shell Vacations,,53938,71072,402.52,53.39,298,2,2,4,true,false,false,true,true,false,true,Home/Apartment,Condominium (condo),Apt/Condo/Loft,4.85,11,7,21+,Luxury,true,265,true,134,21,2026-05-17,Cape Coral/Fort Myers,Sanibel,Sanibel,Florida,33957,United States,coastal,https://www.airbnb.com/rooms/1152295881146832109,https://a0.muscache.com/im/pictures/prohost-api/Hosting-1152295881146832109/original/dfc36f5d-1119-4f84-b926-017e59b02c64.jpeg,1152295881146832109,3243437ha,26.42911,-82.06313,"=AVERAGE($G$2:$G$689)","=AVERAGE($D$2:$D$689)","=IFERROR(($AT274-G274)/$AT274,0)","=IFERROR(($AU274-D274)/$AU274,0)","=$AU274-D274"
Sundial A408: Direct Gulf Front Views from Top Flo,Sanibel Vacations,,53710,79867,590.22,48.15,211,2,2,8,true,false,false,true,false,false,true,Home/Apartment,Condominium (condo),Apt/Condo/Loft,4.95,12,1,21+,Luxury,true,558,true,91,18,2026-05-15,Cape Coral/Fort Myers,Sanibel,Sanibel,Florida,33957,United States,coastal,https://www.airbnb.com/rooms/1487122275869372261,https://a0.muscache.com/im/pictures/prohost-api/Hosting-1487122275869372261/original/881f788b-dff2-44d7-a153-705faf8c5932.jpeg,1487122275869372261,20181909ha,26.4304,-82.0536,"=AVERAGE($G$2:$G$689)","=AVERAGE($D$2:$D$689)","=IFERROR(($AT275-G275)/$AT275,0)","=IFERROR(($AU275-D275)/$AU275,0)","=$AU275-D275"
"OCEAN'S REACH 1C1, Ground-Level, 2-Bedroom, Walk-Out, All Amenities Open!",Ocean's Reach Condominiums,,53639,70454,415.81,56.33,230,2,2,6,true,false,false,true,true,false,true,Home/Apartment,Condominium (condo),Apt/Condo/Loft,4.9,7,4,21+,Luxury,false,0,true,129,20,2026-05-16,Cape Coral/Fort Myers,Sanibel,Sanibel,Florida,33957,United States,coastal,https://www.vrbo.com/1705004,"https://media.vrbo.com/lodging/40000000/39090000/39084300/39084256/110dbdb4.jpg?impolicy=resizecrop&rw=1200&ra=fit",,1705004,26.424688,-82.067345,"=AVERAGE($G$2:$G$689)","=AVERAGE($D$2:$D$689)","=IFERROR(($AT276-G276)/$AT276,0)","=IFERROR(($AU276-D276)/$AU276,0)","=$AU276-D276"
Coquina Beach 2C,Kingfisher Vacations,,53596,100914,474.3,73.38,215,2,2,6,true,false,false,true,true,false,true,Home/Apartment,Condominium (condo),Apt/Condo/Loft,5,3,7,21+,Luxury,true,350,true,113,16,2026-05-13,Cape Coral/Fort Myers,Sanibel,Sanibel,Florida,33957,United States,coastal,https://www.airbnb.com/rooms/1370505579210493017,https://a0.muscache.com/im/pictures/prohost-api/Hosting-1370505579210493017/original/c8cfd21a-d16f-4a1e-8ae5-1a2c46ea915f.jpeg,1370505579210493017,4468227,26.43554,-82.04299,"=AVERAGE($G$2:$G$689)","=AVERAGE($D$2:$D$689)","=IFERROR(($AT277-G277)/$AT277,0)","=IFERROR(($AU277-D277)/$AU277,0)","=$AU277-D277"
Island-Style Comfort with Private Beach Access – S,Glass Casa,,53572,54525,454,80.82,313,3,2,7,true,true,false,true,false,true,true,Home/Apartment,House,House/villa,0,0,28,21+,Luxury,true,639,true,118,2,2026-01-29,Cape Coral/Fort Myers,Sanibel,Sanibel,Florida,33957,United States,coastal,https://www.airbnb.com/rooms/1430485005858101175,https://a0.muscache.com/im/pictures/prohost-api/Hosting-1430485005858101175/original/5c110e3a-c1bc-4e12-b0fc-e75782f81880.jpeg,1430485005858101175,,26.4447,-82.0396,"=AVERAGE($G$2:$G$689)","=AVERAGE($D$2:$D$689)","=IFERROR(($AT278-G278)/$AT278,0)","=IFERROR(($AU278-D278)/$AU278,0)","=$AU278-D278"
Seabreeze Sanctuary,433951625,,53496,71363,499.96,60.45,291,3,3,6,true,false,false,true,true,false,true,Home/Apartment,House,House/villa,5,13,21,1,Luxury,false,200,true,107,17,2026-05-14,Cape Coral/Fort Myers,Sanibel,Sanibel,Florida,33957,United States,coastal,https://www.airbnb.com/rooms/1400803427057598172,https://a0.muscache.com/im/pictures/miso/Hosting-1400803427057598172/original/dddea6bd-9b2c-48d7-a7aa-c9f49d3c5a4b.jpeg,1400803427057598172,4456185,26.4297,-82.059,"=AVERAGE($G$2:$G$689)","=AVERAGE($D$2:$D$689)","=IFERROR(($AT279-G279)/$AT279,0)","=IFERROR(($AU279-D279)/$AU279,0)","=$AU279-D279"
Luxury 2-Bedroom Condo with Private Sundeck at Poi,Glass Casa,,53370,59191,550.21,47.09,332,2,2,6,true,false,true,true,false,false,true,Home/Apartment,Condominium (condo),Apt/Condo/Loft,5,1,1,21+,Luxury,true,570,true,97,13,2026-05-13,Cape Coral/Fort Myers,Sanibel,Sanibel,Florida,33957,United States,coastal,https://www.airbnb.com/rooms/1430493519412317350,https://a0.muscache.com/im/pictures/prohost-api/Hosting-1430493519412317350/original/dba221b0-4df2-4fb1-8cb2-c1b325fead46.jpeg,1430493519412317350,4596219,26.4232,-82.0776,"=AVERAGE($G$2:$G$689)","=AVERAGE($D$2:$D$689)","=IFERROR(($AT280-G280)/$AT280,0)","=IFERROR(($AU280-D280)/$AU280,0)","=$AU280-D280"
"Island Townhouse steps from the ocean, large lanai, heated pool - Summer AVAIL",,,52866,79098,485.01,51.17,282,3,2,6,true,false,false,true,true,false,true,Home/Apartment,House,House/villa,5,29,7,1,Luxury,false,249,true,109,19,2026-05-16,Cape Coral/Fort Myers,Sanibel,Sanibel,Florida,33957,United States,coastal,https://www.vrbo.com/2789810,"https://media.vrbo.com/lodging/79000000/78120000/78117200/78117131/3693089d.jpg?impolicy=resizecrop&rw=1200&ra=fit",,2789810,26.442782,-82.032014,"=AVERAGE($G$2:$G$689)","=AVERAGE($D$2:$D$689)","=IFERROR(($AT281-G281)/$AT281,0)","=IFERROR(($AU281-D281)/$AU281,0)","=$AU281-D281"
Sundial A210,San Cap Island Vacation Rentals,,52532,84773,536.04,43.75,260,2,2,6,true,false,false,true,true,false,false,Home/Apartment,Condominium (condo),Apt/Condo/Loft,4.75,28,1,21+,Luxury,false,335,true,98,17,2026-05-14,Cape Coral/Fort Myers,Sanibel,Sanibel,Florida,33957,United States,coastal,https://www.airbnb.com/rooms/1214258011336606140,https://a0.muscache.com/im/pictures/prohost-api/Hosting-1214258011336606140/original/74cce2d0-d157-4059-8cf0-a6d193f48331.jpeg,1214258011336606140,1023778,26.4301,-82.0539,"=AVERAGE($G$2:$G$689)","=AVERAGE($D$2:$D$689)","=IFERROR(($AT282-G282)/$AT282,0)","=IFERROR(($AU282-D282)/$AU282,0)","=$AU282-D282"
Beautiful Pointe Santo D21,60261537,,52457,70401,409.82,47.76,298,2,2,6,true,false,true,true,true,false,true,Home/Apartment,House,House/villa,4.95,26,1,2-5,Luxury,false,0,true,128,17,2026-05-17,Cape Coral/Fort Myers,Sanibel,Sanibel,Florida,33957,United States,coastal,https://www.airbnb.com/rooms/1434147954093829027,https://a0.muscache.com/im/pictures/miso/Hosting-1434147954093829027/original/be6724bc-d041-4863-8621-0eb35a5283a7.jpeg,1434147954093829027,2083159,26.4223844349,-82.0773349581,"=AVERAGE($G$2:$G$689)","=AVERAGE($D$2:$D$689)","=IFERROR(($AT283-G283)/$AT283,0)","=IFERROR(($AU283-D283)/$AU283,0)","=$AU283-D283"
"OCEAN'S REACH 2B3: 3rd Floor, Gulf-Front w/Awesome Views, All Amenities Open!",Ocean's Reach Condominiums,,52410,56517,329.62,47.75,338,1,1,4,true,false,false,true,true,false,true,Home/Apartment,Condominium (condo),Apt/Condo/Loft,4.8,15,4,21+,Luxury,false,0,true,159,22,2026-05-16,Cape Coral/Fort Myers,Sanibel,Sanibel,Florida,33957,United States,coastal,https://www.vrbo.com/1705020,"https://media.vrbo.com/lodging/40000000/39090000/39086300/39086253/98c6863f.jpg?impolicy=resizecrop&rw=1200&ra=fit",,1705020,26.42485,-82.06694,"=AVERAGE($G$2:$G$689)","=AVERAGE($D$2:$D$689)","=IFERROR(($AT284-G284)/$AT284,0)","=IFERROR(($AU284-D284)/$AU284,0)","=$AU284-D284"
Newly Renovated Penthouse D42 with Beautiful Views of the Gulf!,,,52350,70956,366.08,62.72,279,2,2,6,true,false,true,true,true,false,true,Home/Apartment,Condominium (condo),Apt/Condo/Loft,4.9,108,7,1,Luxury,false,0,true,143,22,2026-05-14,Cape Coral/Fort Myers,Sanibel,Sanibel,Florida,33957,United States,coastal,https://www.vrbo.com/379480,"https://media.vrbo.com/lodging/20000000/19840000/19838800/19838722/064ed829.jpg?impolicy=resizecrop&rw=1200&ra=fit",,379480,26.423137,-82.077594,"=AVERAGE($G$2:$G$689)","=AVERAGE($D$2:$D$689)","=IFERROR(($AT285-G285)/$AT285,0)","=IFERROR(($AU285-D285)/$AU285,0)","=$AU285-D285"
Sanibel Serenity | Modern Ground-Floor Condo,Glass Casa,,52185,87191,442.25,63.1,250,2,2,6,true,true,false,true,false,false,true,Home/Apartment,Condominium (condo),Apt/Condo/Loft,5,1,1,21+,Luxury,true,593,true,118,20,2026-05-16,Cape Coral/Fort Myers,Sanibel,Sanibel,Florida,33957,United States,coastal,https://www.airbnb.com/rooms/1430485741452685539,https://a0.muscache.com/im/pictures/prohost-api/Hosting-1430485741452685539/original/06a6ed47-7960-4e87-8cf4-e098013a86f2.jpeg,1430485741452685539,4590412,26.4231,-82.0781,"=AVERAGE($G$2:$G$689)","=AVERAGE($D$2:$D$689)","=IFERROR(($AT286-G286)/$AT286,0)","=IFERROR(($AU286-D286)/$AU286,0)","=$AU286-D286"
Enjoy coastal views - Sanibel - Sandalfoot 3C3,Gulf Coast Vacation Rentals,,51984,80976,361,48.32,298,2,2,4,true,false,false,true,true,false,true,Home/Apartment,Condominium (condo),Apt/Condo/Loft,4.5,11,3,21+,Luxury,true,274,true,144,28,2026-05-16,Cape Coral/Fort Myers,Sanibel,Sanibel,Florida,33957,United States,coastal,https://www.airbnb.com/rooms/1298661386245074966,https://a0.muscache.com/im/pictures/prohost-api/Hosting-1298661386245074966/original/4d20dea0-c89a-4d05-b197-3085d4995adf.jpeg,1298661386245074966,20124750ha,26.4426305628,-82.0326072778,"=AVERAGE($G$2:$G$689)","=AVERAGE($D$2:$D$689)","=IFERROR(($AT287-G287)/$AT287,0)","=IFERROR(($AU287-D287)/$AU287,0)","=$AU287-D287"
Gorgeous new pool home quick ride to beach,Breakaway VACATION PROPERTIES,,51767,51767,438.7,68.21,365,3,2,9,true,false,false,true,true,true,true,Home/Apartment,House,House/villa,0,0,28,21+,Luxury,true,500,true,118,3,2026-05-14,Cape Coral/Fort Myers,Sanibel,Sanibel,Florida,33957,United States,coastal,https://www.airbnb.com/rooms/1430629710155636321,https://a0.muscache.com/im/pictures/prohost-api/Hosting-1430629710155636321/original/b2732f2d-1ee0-40bd-8fa6-707c3760d644.jpeg,1430629710155636321,4613396,26.44447,-82.05726,"=AVERAGE($G$2:$G$689)","=AVERAGE($D$2:$D$689)","=IFERROR(($AT288-G288)/$AT288,0)","=IFERROR(($AU288-D288)/$AU288,0)","=$AU288-D288"
Creole Garden Cottage at Palmview Inn of Sanibel,Rosen Vacations,,51750,58254,230,67.37,334,,1,4,true,false,false,true,true,true,false,Home/Apartment,Bungalow,House/villa,4.8,59,3,21+,Luxury,true,99,true,225,71,2026-05-17,Cape Coral/Fort Myers,Sanibel,Sanibel,Florida,33957,United States,coastal,https://www.airbnb.com/rooms/52595744,https://a0.muscache.com/im/pictures/prohost-api/Hosting-52595744/original/bf4d881a-5463-4815-8850-54933d33d9af.jpeg,52595744,2488865,26.4383,-82.0458,"=AVERAGE($G$2:$G$689)","=AVERAGE($D$2:$D$689)","=IFERROR(($AT289-G289)/$AT289,0)","=IFERROR(($AU289-D289)/$AU289,0)","=$AU289-D289"
Sundial Q304,Select Vacation Properties,,51692,87658,487.66,69.74,241,3,2,6,true,false,false,true,true,false,true,Home/Apartment,Condominium (condo),Apt/Condo/Loft,5,1,1,21+,Luxury,true,332,true,106,17,2026-05-17,Cape Coral/Fort Myers,Sanibel,Sanibel,Florida,33957,United States,coastal,https://www.airbnb.com/rooms/38094848,https://a0.muscache.com/im/pictures/c254d3e2-c04e-47a8-8920-72e2e6d6afbd.jpg,38094848,3905800,26.43369,-82.05086,"=AVERAGE($G$2:$G$689)","=AVERAGE($D$2:$D$689)","=IFERROR(($AT290-G290)/$AT290,0)","=IFERROR(($AU290-D290)/$AU290,0)","=$AU290-D290"
"Sanibel- Completely Renovated! 2 Bed/2 Ba Duplex on east end, overlooking Canal.",,,51667,51667,427,81.76,179,2,2,6,true,false,false,false,false,false,false,Home/Apartment,House,House/villa,5,1,30,1,Luxury,false,250,false,121,1,2025-05-02,Cape Coral/Fort Myers,Sanibel,Sanibel,Florida,33957,United States,coastal,https://www.vrbo.com/4065526,"https://media.vrbo.com/lodging/107000000/106330000/106328400/106328351/a12a5695.jpg?impolicy=resizecrop&rw=1200&ra=fit",,4065526,26.445683,-82.025336,"=AVERAGE($G$2:$G$689)","=AVERAGE($D$2:$D$689)","=IFERROR(($AT291-G291)/$AT291,0)","=IFERROR(($AU291-D291)/$AU291,0)","=$AU291-D291"
"Island Escape at Pointe Santo. Steps to Beach, Roo",Glass Casa,,51626,90259,679.29,48.72,295,2,2,6,true,true,false,true,false,false,true,Home/Apartment,Condominium (condo),Apt/Condo/Loft,0,0,1,21+,Luxury,true,592,true,76,13,2026-05-16,Cape Coral/Fort Myers,Sanibel,Sanibel,Florida,33957,United States,coastal,https://www.airbnb.com/rooms/1430485741612707147,https://a0.muscache.com/im/pictures/prohost-api/Hosting-1430485741612707147/original/1146d7d2-010a-4adc-840c-772c2db4cae4.jpeg,1430485741612707147,4584645,26.4228,-82.0782,"=AVERAGE($G$2:$G$689)","=AVERAGE($D$2:$D$689)","=IFERROR(($AT292-G292)/$AT292,0)","=IFERROR(($AU292-D292)/$AU292,0)","=$AU292-D292"
Breathtaking Gulf views Sanibel - Sandalfoot 3A3,Gulf Coast Vacation Rentals,,51519,54451,444.13,38.67,351,2,2,4,true,false,false,true,true,false,true,Home/Apartment,Condominium (condo),Apt/Condo/Loft,4.9,24,3,21+,Luxury,true,272,true,116,28,2026-05-16,Cape Coral/Fort Myers,Sanibel,Sanibel,Florida,33957,United States,coastal,https://www.airbnb.com/rooms/1298660791429042405,https://a0.muscache.com/im/pictures/prohost-api/Hosting-1298660791429042405/original/278828f3-cc5c-4d5b-b09c-b01342fcca6c.jpeg,1298660791429042405,20124745ha,26.4421033817,-82.0326442631,"=AVERAGE($G$2:$G$689)","=AVERAGE($D$2:$D$689)","=IFERROR(($AT293-G293)/$AT293,0)","=IFERROR(($AU293-D293)/$AU293,0)","=$AU293-D293"
"Beach Lovers Welcome, 303",102830135,,51388,57395,428.23,37.38,336,2,1,6,true,false,false,true,true,true,false,Home/Apartment,Condominium (condo),Apt/Condo/Loft,4.8,124,1,6-20,Luxury,true,152,false,120,39,2026-05-13,Cape Coral/Fort Myers,Sanibel,Sanibel,Florida,33957,United States,coastal,https://www.airbnb.com/rooms/19173116,https://a0.muscache.com/im/pictures/miso/Hosting-19173116/original/84a8caed-0381-4517-8b07-812b2be08d71.jpeg,19173116,1111115,26.43737,-82.04391,"=AVERAGE($G$2:$G$689)","=AVERAGE($D$2:$D$689)","=IFERROR(($AT294-G294)/$AT294,0)","=IFERROR(($AU294-D294)/$AU294,0)","=$AU294-D294"
Island Charm 1BR Sanibel Condo - Colony Inn 54,Colony Inn,,51319,61835,283.53,83.8,227,1,1,4,true,false,false,true,true,false,true,Home/Apartment,Condominium (condo),Apt/Condo/Loft,4.35,63,1,21+,Luxury,true,120,true,181,26,2026-05-14,Cape Coral/Fort Myers,Sanibel,Sanibel,Florida,33957,United States,coastal,https://www.airbnb.com/rooms/36142334,https://a0.muscache.com/im/pictures/hosting/Hosting-36142334/original/af213490-4768-49b4-8cf7-581f0f5eb232.jpeg,36142334,1766743,26.44893,-82.02319,"=AVERAGE($G$2:$G$689)","=AVERAGE($D$2:$D$689)","=IFERROR(($AT295-G295)/$AT295,0)","=IFERROR(($AU295-D295)/$AU295,0)","=$AU295-D295"
Loggerhead Cay 411 Beautifully Designed,Breakaway VACATION PROPERTIES,,51224,93858,434.1,57.84,253,2,2,6,true,false,false,true,true,true,true,Home/Apartment,Condominium (condo),Apt/Condo/Loft,5,35,7,21+,Luxury,true,320,true,118,15,2026-05-13,Cape Coral/Fort Myers,Sanibel,Sanibel,Florida,33957,United States,coastal,https://www.airbnb.com/rooms/47855247,https://a0.muscache.com/im/pictures/prohost-api/Hosting-47855247/original/409aa582-3c24-4eb2-85ea-ada77075cdc0.jpeg,47855247,2184705,26.43809,-82.03976,"=AVERAGE($G$2:$G$689)","=AVERAGE($D$2:$D$689)","=IFERROR(($AT296-G296)/$AT296,0)","=IFERROR(($AU296-D296)/$AU296,0)","=$AU296-D296"
Pelicans Roost 107: Corner Unit with Gulf Views!,Sanibel Vacations,,51212,79470,556.65,40.53,264,2,2,6,true,false,false,true,true,false,true,Home/Apartment,Condominium (condo),Apt/Condo/Loft,4.9,23,1,21+,Luxury,true,926,true,92,20,2026-05-11,Cape Coral/Fort Myers,Sanibel,Sanibel,Florida,33957,United States,coastal,https://www.airbnb.com/rooms/568760517756192502,https://a0.muscache.com/im/pictures/prohost-api/Hosting-568760517756192502/original/a5fbacb7-adac-4d31-979e-458605be5e5d.jpeg,568760517756192502,9637791ha,26.4352,-82.0452,"=AVERAGE($G$2:$G$689)","=AVERAGE($D$2:$D$689)","=IFERROR(($AT297-G297)/$AT297,0)","=IFERROR(($AU297-D297)/$AU297,0)","=$AU297-D297"
Pine Cove #304,Select Vacation Properties,,51037,109244,526.15,77.6,137,3,2,6,true,false,true,true,true,false,true,Home/Apartment,Condominium (condo),Apt/Condo/Loft,0,0,1,21+,Luxury,true,326,true,97,15,2026-05-13,Cape Coral/Fort Myers,Sanibel,Sanibel,Florida,33957,United States,coastal,https://www.airbnb.com/rooms/38094679,https://a0.muscache.com/im/pictures/prohost-api/Hosting-38094679/original/3324f183-fe77-4921-b5b8-c169c65984f0.jpeg,38094679,,26.42266,-82.08137,"=AVERAGE($G$2:$G$689)","=AVERAGE($D$2:$D$689)","=IFERROR(($AT298-G298)/$AT298,0)","=IFERROR(($AU298-D298)/$AU298,0)","=$AU298-D298"
Sand Dollar # C302,Select Vacation Properties,,50942,125521,661.58,55.4,194,3,2,6,true,false,false,true,true,false,true,Home/Apartment,Condominium (condo),Apt/Condo/Loft,4.55,41,1,21+,Luxury,true,241,true,77,8,2026-05-16,Cape Coral/Fort Myers,Sanibel,Sanibel,Florida,33957,United States,coastal,https://www.airbnb.com/rooms/38094663,https://a0.muscache.com/im/pictures/5841dbc3-f5f1-498f-b161-476724288cd4.jpg,38094663,834942,26.429,-82.05917,"=AVERAGE($G$2:$G$689)","=AVERAGE($D$2:$D$689)","=IFERROR(($AT299-G299)/$AT299,0)","=IFERROR(($AU299-D299)/$AU299,0)","=$AU299-D299"
Dream Home with incredible outdoor space!  Walk to beach & restaurants!,Breakaway VACATION PROPERTIES,,50495,65763,360.68,73.68,219,3,3,6,true,false,true,true,true,true,true,Home/Apartment,House,House/villa,4.5,2,28,21+,Luxury,true,450,true,140,7,2026-05-13,Cape Coral/Fort Myers,Sanibel,Sanibel,Florida,33957,United States,coastal,https://www.airbnb.com/rooms/40308451,https://a0.muscache.com/im/pictures/prohost-api/Hosting-40308451/original/8c4a37f1-e241-4b7b-97c3-445d569608b2.jpeg,40308451,1825131,26.43885,-82.04558,"=AVERAGE($G$2:$G$689)","=AVERAGE($D$2:$D$689)","=IFERROR(($AT300-G300)/$AT300,0)","=IFERROR(($AU300-D300)/$AU300,0)","=$AU300-D300"
Slice Of Paradise,PVConcierge,,50477,64772,442.78,47.11,309,2,2,4,true,false,false,true,true,false,true,Home/Apartment,Condominium (condo),Apt/Condo/Loft,4.65,8,3,21+,Luxury,false,295,true,114,27,2026-05-17,Cape Coral/Fort Myers,Sanibel,Sanibel,Florida,33957,United States,coastal,https://www.airbnb.com/rooms/29680913,https://a0.muscache.com/im/pictures/prohost-api/Hosting-29680913/original/38871bbb-c05e-4721-b06d-9633a7246944.jpeg,29680913,3936961ha,26.4348,-82.0461,"=AVERAGE($G$2:$G$689)","=AVERAGE($D$2:$D$689)","=IFERROR(($AT301-G301)/$AT301,0)","=IFERROR(($AU301-D301)/$AU301,0)","=$AU301-D301"
Loggerhead Cay 113 - Amazing Gulf Views!,Royal Shell Vacations,,50410,89968,403.28,74.4,209,2,2,6,false,false,false,false,false,false,false,Home/Apartment,Apartment,Apt/Condo/Loft,4.9,13,7,21+,Luxury,true,275,true,125,18,2026-05-16,Cape Coral/Fort Myers,Sanibel,Sanibel,Florida,33957,United States,coastal,https://www.airbnb.com/rooms/1105134121164529480,https://a0.muscache.com/im/pictures/prohost-api/Hosting-1105134121164529480/original/3f122073-4573-4971-b59e-7626d2a9aced.jpeg,1105134121164529480,4741636ha,26.4388,-82.0408,"=AVERAGE($G$2:$G$689)","=AVERAGE($D$2:$D$689)","=IFERROR(($AT302-G302)/$AT302,0)","=IFERROR(($AU302-D302)/$AU302,0)","=$AU302-D302"
Pelicans Roost 202,Kingfisher Vacations,,50228,89610,577.33,73.11,156,2,2,6,true,false,false,true,true,false,true,Home/Apartment,Condominium (condo),Apt/Condo/Loft,5,10,4,21+,Luxury,true,190,true,87,15,2026-05-13,Cape Coral/Fort Myers,Sanibel,Sanibel,Florida,33957,United States,coastal,https://www.airbnb.com/rooms/1192803310641017187,https://a0.muscache.com/im/pictures/prohost-api/Hosting-1192803310641017187/original/6f40c2d2-76b1-4fcf-b7ca-97b87858f909.jpeg,1192803310641017187,4086262,26.4345,-82.0463,"=AVERAGE($G$2:$G$689)","=AVERAGE($D$2:$D$689)","=IFERROR(($AT303-G303)/$AT303,0)","=IFERROR(($AU303-D303)/$AU303,0)","=$AU303-D303"
"Tropical Garden View 2 bed, 2 bath at Sanibel Moorings #942",Sanibel Moorings Resort,,50223,64346,369.29,60.71,297,2,2,6,true,true,false,true,true,true,true,Home/Apartment,Condominium (condo),Apt/Condo/Loft,4.9,10,3,21+,Luxury,false,25,true,136,22,2026-05-17,Cape Coral/Fort Myers,Sanibel,Sanibel,Florida,33957,United States,coastal,https://www.vrbo.com/3677566ha,"https://media.vrbo.com/lodging/40000000/39870000/39861000/39860984/d19b60c2.jpg?impolicy=resizecrop&rw=1200&ra=fit",,3677566ha,26.440833,-82.03479,"=AVERAGE($G$2:$G$689)","=AVERAGE($D$2:$D$689)","=IFERROR(($AT304-G304)/$AT304,0)","=IFERROR(($AU304-D304)/$AU304,0)","=$AU304-D304"
Pine Cove #101,Select Vacation Properties,,50144,106539,527.83,79.17,194,3,2,6,true,false,true,true,true,false,true,Home/Apartment,Condominium (condo),Apt/Condo/Loft,4.8,50,1,21+,Luxury,true,306,true,95,15,2026-05-17,Cape Coral/Fort Myers,Sanibel,Sanibel,Florida,33957,United States,coastal,https://www.airbnb.com/rooms/38094780,https://a0.muscache.com/im/pictures/prohost-api/Hosting-38094780/original/41fd1fcf-148c-4c33-8997-ab2b5f599349.jpeg,38094780,847625,26.42303,-82.07942,"=AVERAGE($G$2:$G$689)","=AVERAGE($D$2:$D$689)","=IFERROR(($AT305-G305)/$AT305,0)","=IFERROR(($AU305-D305)/$AU305,0)","=$AU305-D305"
"Gulf-Front Elegance – 3BR Condo with Pool, Elevato",Glass Casa,,50064,94436,715.2,57.85,227,3,2,6,true,true,false,true,false,false,true,Home/Apartment,Condominium (condo),Apt/Condo/Loft,5,1,1,21+,Luxury,true,434,true,70,12,2026-05-13,Cape Coral/Fort Myers,Sanibel,Sanibel,Florida,33957,United States,coastal,https://www.airbnb.com/rooms/1430486298293211945,https://a0.muscache.com/im/pictures/prohost-api/Hosting-1430486298293211945/original/abdb26db-88b6-4731-8398-138edb12d42c.jpeg,1430486298293211945,4592671,26.4281,-82.0593,"=AVERAGE($G$2:$G$689)","=AVERAGE($D$2:$D$689)","=IFERROR(($AT306-G306)/$AT306,0)","=IFERROR(($AU306-D306)/$AU306,0)","=$AU306-D306"
#311 Sanibel Moorings Courtyard View,RedAwning,,49974,64905,409.62,44.53,297,2,2,4,true,true,false,true,true,false,true,Home/Apartment,House,House/villa,5,16,1,21+,Luxury,false,152,true,122,22,2020-03-13,Cape Coral/Fort Myers,Sanibel,Sanibel,Florida,33957,United States,coastal,https://www.airbnb.com/rooms/39627731,"https://a0.muscache.com/im/pictures/001c93de-e02e-4742-9899-880ca57017fc.jpg?aki_policy=x_large",39627731,3677514ha,26.44042,-82.03574,"=AVERAGE($G$2:$G$689)","=AVERAGE($D$2:$D$689)","=IFERROR(($AT307-G307)/$AT307,0)","=IFERROR(($AU307-D307)/$AU307,0)","=$AU307-D307"
#1012 Sanibel Moorings Gulf View,RedAwning,,49946,74308,462.46,43.55,275,2,2,4,true,true,false,true,true,false,true,Home/Apartment,House,House/villa,5,16,1,21+,Luxury,false,152,true,108,22,2020-05-15,Cape Coral/Fort Myers,Sanibel,Sanibel,Florida,33957,United States,coastal,https://www.airbnb.com/rooms/28485014,"https://a0.muscache.com/im/pictures/a0bbaf2c-e6e3-4f95-a51d-f4f489aba44b.jpg?aki_policy=x_large",28485014,3677568ha,26.44122,-82.0336,"=AVERAGE($G$2:$G$689)","=AVERAGE($D$2:$D$689)","=IFERROR(($AT308-G308)/$AT308,0)","=IFERROR(($AU308-D308)/$AU308,0)","=$AU308-D308"
Beautiful Beach Views,PVConcierge,,49834,116117,441.01,69.33,168,2,2,6,true,false,false,true,true,false,true,Home/Apartment,Condominium (condo),Apt/Condo/Loft,4.8,17,3,21+,Luxury,false,295,true,113,23,2026-05-16,Cape Coral/Fort Myers,Sanibel,Sanibel,Florida,33957,United States,coastal,https://www.airbnb.com/rooms/29680898,https://a0.muscache.com/im/pictures/prohost-api/Hosting-29680898/original/647c4db2-3d76-40d7-8e96-513e5d0e6315.jpeg,29680898,3936959ha,26.4348,-82.0461,"=AVERAGE($G$2:$G$689)","=AVERAGE($D$2:$D$689)","=IFERROR(($AT309-G309)/$AT309,0)","=IFERROR(($AU309-D309)/$AU309,0)","=$AU309-D309"
Modern Coastal Escape | Walkout Condo with Beach A,Glass Casa,,49633,61409,447.14,51.87,304,2,2,5,true,false,true,true,false,false,true,Home/Apartment,Condominium (condo),Apt/Condo/Loft,5,4,1,21+,Luxury,true,594,true,111,16,2026-05-14,Cape Coral/Fort Myers,Sanibel,Sanibel,Florida,33957,United States,coastal,https://www.airbnb.com/rooms/1430485008538183567,https://a0.muscache.com/im/pictures/prohost-api/Hosting-1430485008538183567/original/67d05604-0575-4907-b2c6-7ab441ca0546.jpeg,1430485008538183567,4590410,26.4232,-82.0776,"=AVERAGE($G$2:$G$689)","=AVERAGE($D$2:$D$689)","=IFERROR(($AT310-G310)/$AT310,0)","=IFERROR(($AU310-D310)/$AU310,0)","=$AU310-D310"
"Ocean's Reach 1A4, Direct Gulf-Front, All Amenities Open, Top Floor/Corner",Ocean's Reach Condominiums,,49509,80714,476.05,47.71,235,2,2,6,true,false,false,true,true,false,true,Home/Apartment,Condominium (condo),Apt/Condo/Loft,5,1,4,21+,Luxury,false,0,true,104,17,2026-05-14,Cape Coral/Fort Myers,Sanibel,Sanibel,Florida,33957,United States,coastal,https://www.vrbo.com/4634047,"https://media.vrbo.com/lodging/118000000/117380000/117378300/117378205/8f0fa5cb.jpg?impolicy=resizecrop&rw=1200&ra=fit",,4634047,26.42485,-82.06694,"=AVERAGE($G$2:$G$689)","=AVERAGE($D$2:$D$689)","=IFERROR(($AT311-G311)/$AT311,0)","=IFERROR(($AU311-D311)/$AU311,0)","=$AU311-D311"
"Luxuriously Updated 2 Bedroom 2 Bath Condo, ground",Glass Casa,,49229,51856,403.52,48.61,344,2,2,6,true,false,false,true,true,true,true,Home/Apartment,Condominium (condo),Apt/Condo/Loft,5,3,1,21+,Luxury,true,616,true,122,15,2026-05-13,Cape Coral/Fort Myers,Sanibel,Sanibel,Florida,33957,United States,coastal,https://www.airbnb.com/rooms/1310272166548197855,https://a0.muscache.com/im/pictures/prohost-api/Hosting-1310272166548197855/original/673207da-cced-46cd-8070-ff19ad0756b3.jpeg,1310272166548197855,4308153,26.439,-82.0404,"=AVERAGE($G$2:$G$689)","=AVERAGE($D$2:$D$689)","=IFERROR(($AT312-G312)/$AT312,0)","=IFERROR(($AU312-D312)/$AU312,0)","=$AU312-D312"
Beachfront - 3rd Story Condo - Sandalfoot 2B3,Gulf Coast Vacation Rentals,,49136,49321,380.9,58.37,246,1,1,4,true,false,false,true,true,false,true,Home/Apartment,Condominium (condo),Apt/Condo/Loft,5,9,3,21+,Luxury,true,221,true,129,22,2026-05-14,Cape Coral/Fort Myers,Sanibel,Sanibel,Florida,33957,United States,coastal,https://www.airbnb.com/rooms/1298660635020047396,https://a0.muscache.com/im/pictures/prohost-api/Hosting-1298660635020047396/original/0c26fee0-9c40-47a0-9138-a74e8d0c6807.jpeg,1298660635020047396,20174750ha,26.443947825,-82.0310660941,"=AVERAGE($G$2:$G$689)","=AVERAGE($D$2:$D$689)","=IFERROR(($AT313-G313)/$AT313,0)","=IFERROR(($AU313-D313)/$AU313,0)","=$AU313-D313"
"Loggerhead Cay 122, Amazing Gulf-Front Condo with",Sanibel Holiday,,49125,106291,637.99,91.67,92,2,2,6,true,false,false,true,false,false,true,Home/Apartment,Condominium (condo),Apt/Condo/Loft,0,0,1,21+,Luxury,false,408,true,77,12,2026-04-27,Cape Coral/Fort Myers,Sanibel,Sanibel,Florida,33957,United States,coastal,https://www.airbnb.com/rooms/1518266279028931209,https://a0.muscache.com/im/pictures/prohost-api/Hosting-1518266279028931209/original/8f7bd082-9576-4175-92a8-5e01439ff447.jpeg,1518266279028931209,,26.4374,-82.0407,"=AVERAGE($G$2:$G$689)","=AVERAGE($D$2:$D$689)","=IFERROR(($AT314-G314)/$AT314,0)","=IFERROR(($AU314-D314)/$AU314,0)","=$AU314-D314"
Relax & Unwind in Style – 2BR Condo with Stunning,Glass Casa,,49104,54829,426.99,53,300,2,2,6,true,false,false,false,false,false,false,Home/Apartment,Condominium (condo),Apt/Condo/Loft,5,1,1,21+,Luxury,true,569,true,115,19,2026-05-13,Cape Coral/Fort Myers,Sanibel,Sanibel,Florida,33957,United States,coastal,https://www.airbnb.com/rooms/1415515515923607841,https://a0.muscache.com/im/pictures/prohost-api/Hosting-1415515515923607841/original/d4610ea1-8ddb-4360-ae4b-1e78c7b0219e.jpeg,1415515515923607841,4548947,26.4385,-82.0406,"=AVERAGE($G$2:$G$689)","=AVERAGE($D$2:$D$689)","=IFERROR(($AT315-G315)/$AT315,0)","=IFERROR(($AU315-D315)/$AU315,0)","=$AU315-D315"
"Sandpiper Beach 506, 2 Bedroom, 2 bath with Gulf V",Sanibel Holiday,,48647,71584,463.3,50.72,278,2,2,6,true,false,false,true,false,false,true,Home/Apartment,Condominium (condo),Apt/Condo/Loft,5,51,1,21+,Luxury,false,408,true,105,17,2026-05-11,Cape Coral/Fort Myers,Sanibel,Sanibel,Florida,33957,United States,coastal,https://www.airbnb.com/rooms/1518275523451996886,https://a0.muscache.com/im/pictures/prohost-api/Hosting-1518275523451996886/original/28618144-483d-4111-99a1-db4d13b7c453.jpeg,1518275523451996886,7264860ha,26.427,-82.0633,"=AVERAGE($G$2:$G$689)","=AVERAGE($D$2:$D$689)","=IFERROR(($AT316-G316)/$AT316,0)","=IFERROR(($AU316-D316)/$AU316,0)","=$AU316-D316"
"Breakers West A4, Ground-Level, 2 Bedroom, 2 Bathr",Sanibel Holiday,,48646,68188,454.64,55.44,237,2,2,6,true,false,false,true,false,false,true,Home/Apartment,Condominium (condo),Apt/Condo/Loft,4.8,81,4,21+,Luxury,false,736,true,107,27,2026-05-11,Cape Coral/Fort Myers,Sanibel,Sanibel,Florida,33957,United States,coastal,https://www.airbnb.com/rooms/1518273167854340238,https://a0.muscache.com/im/pictures/prohost-api/Hosting-1518273167854340238/original/f0b45d19-0291-4961-abad-63e22a6aa48d.jpeg,1518273167854340238,7483058ha,26.4256,-82.0945,"=AVERAGE($G$2:$G$689)","=AVERAGE($D$2:$D$689)","=IFERROR(($AT317-G317)/$AT317,0)","=IFERROR(($AU317-D317)/$AU317,0)","=$AU317-D317"
Pelicans Roost 102,Kingfisher Vacations,,48584,77749,458.34,40.61,280,2,2,4,true,false,false,true,true,false,true,Home/Apartment,Condominium (condo),Apt/Condo/Loft,4.5,10,4,21+,Luxury,true,190,true,106,20,2026-05-13,Cape Coral/Fort Myers,Sanibel,Sanibel,Florida,33957,United States,coastal,https://www.airbnb.com/rooms/53644500,https://a0.muscache.com/im/pictures/prohost-api/Hosting-53644500/original/bef6261e-5357-4779-add0-826f5acf4dc9.jpeg,53644500,4108591,26.43443,-82.04615,"=AVERAGE($G$2:$G$689)","=AVERAGE($D$2:$D$689)","=IFERROR(($AT318-G318)/$AT318,0)","=IFERROR(($AU318-D318)/$AU318,0)","=$AU318-D318"
E25 Direct Gulf Front is open!  Beautiful and new!  Saturday-Saturday,,,48094,98092,739.91,54.62,244,2,2,6,true,false,true,true,true,false,true,Home/Apartment,Condominium (condo),Apt/Condo/Loft,4.9,96,7,1,Luxury,false,0,true,65,8,2026-05-15,Cape Coral/Fort Myers,Sanibel,Sanibel,Florida,33957,United States,coastal,https://www.vrbo.com/3414,"https://media.vrbo.com/lodging/20000000/19100000/19093900/19093874/40504198_edited_36ad.jpg?impolicy=resizecrop&rw=1200&ra=fit",,3414,26.423127,-82.078082,"=AVERAGE($G$2:$G$689)","=AVERAGE($D$2:$D$689)","=IFERROR(($AT319-G319)/$AT319,0)","=IFERROR(($AU319-D319)/$AU319,0)","=$AU319-D319"
Gulf-Front Bliss Awaits – Newly Renovated Sanibel,Glass Casa,,47907,75219,665.38,45,251,2,2,6,true,false,false,true,false,false,true,Home/Apartment,Condominium (condo),Apt/Condo/Loft,5,2,1,21+,Luxury,true,569,true,72,12,2026-05-16,Cape Coral/Fort Myers,Sanibel,Sanibel,Florida,33957,United States,coastal,https://www.airbnb.com/rooms/1415516552901179082,https://a0.muscache.com/im/pictures/prohost-api/Hosting-1415516552901179082/original/78f04b62-ebf0-448f-892c-7e038d27ce56.jpeg,1415516552901179082,4552639,26.4356,-82.0445,"=AVERAGE($G$2:$G$689)","=AVERAGE($D$2:$D$689)","=IFERROR(($AT320-G320)/$AT320,0)","=IFERROR(($AU320-D320)/$AU320,0)","=$AU320-D320"
"Beach, Please Pool and Short Walk to the Beach!",San Cap Island Vacation Rentals,,47746,70420,316.2,96.79,272,3,3,6,true,false,false,true,true,true,true,Home/Apartment,House,House/villa,0,0,1,21+,Luxury,false,400,true,151,3,2026-05-16,Cape Coral/Fort Myers,Sanibel,Sanibel,Florida,33957,United States,coastal,https://www.airbnb.com/rooms/1236775623763506141,https://a0.muscache.com/im/pictures/prohost-api/Hosting-1236775623763506141/original/8f75aefa-4932-453d-bc50-8c052b6db939.jpeg,1236775623763506141,4176341,26.4331,-82.1121,"=AVERAGE($G$2:$G$689)","=AVERAGE($D$2:$D$689)","=IFERROR(($AT321-G321)/$AT321,0)","=IFERROR(($AU321-D321)/$AU321,0)","=$AU321-D321"
Compass Point 222 Stunning!,Breakaway VACATION PROPERTIES,,47690,53905,378.49,53.62,321,2,2,6,true,false,false,true,true,false,true,Home/Apartment,Condominium (condo),Apt/Condo/Loft,4.85,50,7,21+,Luxury,true,320,true,126,15,2026-05-17,Cape Coral/Fort Myers,Sanibel,Sanibel,Florida,33957,United States,coastal,https://www.airbnb.com/rooms/35614507,https://a0.muscache.com/im/pictures/prohost-api/Hosting-35614507/original/feb35229-4d0c-404a-b5c4-39d17f75f699.jpeg,35614507,1671555,26.43328,-82.04674,"=AVERAGE($G$2:$G$689)","=AVERAGE($D$2:$D$689)","=IFERROR(($AT322-G322)/$AT322,0)","=IFERROR(($AU322-D322)/$AU322,0)","=$AU322-D322"
Serene Ocean View Escape at Sundial Resort,53416626,,47623,59988,407.03,57.92,287,1,1,2,true,false,false,true,true,false,true,Home/Apartment,Condominium (condo),Apt/Condo/Loft,5,69,4,2-5,Luxury,true,250,false,117,19,2026-05-11,Cape Coral/Fort Myers,Sanibel,Sanibel,Florida,33957,United States,coastal,https://www.airbnb.com/rooms/47815473,https://a0.muscache.com/im/pictures/miso/Hosting-47815473/original/1f5c4c6e-9a10-497a-9596-81fa9a63ca28.jpeg,47815473,2182646,26.4304,-82.0547,"=AVERAGE($G$2:$G$689)","=AVERAGE($D$2:$D$689)","=IFERROR(($AT323-G323)/$AT323,0)","=IFERROR(($AU323-D323)/$AU323,0)","=$AU323-D323"
Sandpiper Beach 502: Tranquil Beachfront 2BR Condo,Sanibel Vacations,,47597,66963,368.97,58.64,295,2,2,4,true,false,false,true,true,false,true,Home/Apartment,Condominium (condo),Apt/Condo/Loft,5,3,7,21+,Luxury,true,557,true,129,19,2026-05-11,Cape Coral/Fort Myers,Sanibel,Sanibel,Florida,33957,United States,coastal,https://www.airbnb.com/rooms/1321098330297209820,https://a0.muscache.com/im/pictures/prohost-api/Hosting-1321098330297209820/original/6e9a28bf-f723-4aba-8a1d-89f55755601c.jpeg,1321098330297209820,20092422ha,26.4271,-82.0632,"=AVERAGE($G$2:$G$689)","=AVERAGE($D$2:$D$689)","=IFERROR(($AT324-G324)/$AT324,0)","=IFERROR(($AU324-D324)/$AU324,0)","=$AU324-D324"
Bright & Beautiful Beach Condo,584892229,,47555,53304,289.97,53.77,313,1,1,4,true,false,false,true,true,false,true,Home/Apartment,Apartment,Apt/Condo/Loft,4.95,16,4,1,Luxury,true,125,true,164,32,2026-05-16,Cape Coral/Fort Myers,Sanibel,Sanibel,Florida,33957,United States,coastal,https://www.airbnb.com/rooms/1184156612182399950,https://a0.muscache.com/im/pictures/miso/Hosting-1184156612182399950/original/f94845c9-82d9-4f85-81c4-838fe11d7ea3.jpeg,1184156612182399950,4569111,26.4309,-82.0536,"=AVERAGE($G$2:$G$689)","=AVERAGE($D$2:$D$689)","=IFERROR(($AT325-G325)/$AT325,0)","=IFERROR(($AU325-D325)/$AU325,0)","=$AU325-D325"
Beach Front Beauty 1 Step to the Beach,PVConcierge,,47539,97305,444.29,60.8,189,2,2,6,true,false,false,true,true,false,true,Home/Apartment,Condominium (condo),Apt/Condo/Loft,4.75,19,3,21+,Luxury,false,295,true,107,21,2026-05-17,Cape Coral/Fort Myers,Sanibel,Sanibel,Florida,33957,United States,coastal,https://www.airbnb.com/rooms/29680893,https://a0.muscache.com/im/pictures/prohost-api/Hosting-29680893/original/103d12a0-2fde-4822-913a-f26294165ffc.jpeg,29680893,9625221ha,26.4348,-82.0461,"=AVERAGE($G$2:$G$689)","=AVERAGE($D$2:$D$689)","=IFERROR(($AT326-G326)/$AT326,0)","=IFERROR(($AU326-D326)/$AU326,0)","=$AU326-D326"
Sundial S404,Select Vacation Properties,,47472,66756,571.95,58.87,286,3,2,6,true,false,false,true,true,false,true,Home/Apartment,Condominium (condo),Apt/Condo/Loft,4.9,161,1,21+,Luxury,true,345,true,83,15,2026-05-11,Cape Coral/Fort Myers,Sanibel,Sanibel,Florida,33957,United States,coastal,https://www.airbnb.com/rooms/38094731,https://a0.muscache.com/im/pictures/500748e5-e571-476a-a0fa-ddff52fb3aa4.jpg,38094731,290284,26.43218,-82.05145,"=AVERAGE($G$2:$G$689)","=AVERAGE($D$2:$D$689)","=IFERROR(($AT327-G327)/$AT327,0)","=IFERROR(($AU327-D327)/$AU327,0)","=$AU327-D327"
Luxury parrot nest cottage NEW!,Breakaway VACATION PROPERTIES,,47392,52877,245.55,57.1,338,1,1,2,true,false,false,false,true,false,false,Home/Apartment,Cabin,House/villa,4.8,94,1,21+,Luxury,true,110,true,193,56,2026-05-17,Cape Coral/Fort Myers,Sanibel,Sanibel,Florida,33957,United States,coastal,https://www.airbnb.com/rooms/34542965,https://a0.muscache.com/im/pictures/prohost-api/Hosting-34542965/original/2687cac2-f0ae-4fc1-9cb3-4b196714baea.jpeg,34542965,1645626,26.45197,-82.02577,"=AVERAGE($G$2:$G$689)","=AVERAGE($D$2:$D$689)","=IFERROR(($AT328-G328)/$AT328,0)","=IFERROR(($AU328-D328)/$AU328,0)","=$AU328-D328"
Gorgeous Gulf Front Townhome! FALL SALE,Breakaway VACATION PROPERTIES,,47365,86524,686.45,58.47,193,3,2,8,true,false,false,true,false,true,true,Home/Apartment,Townhouse,Apt/Condo/Loft,4.7,34,7,21+,Luxury,true,370,true,69,10,2026-05-11,Cape Coral/Fort Myers,Sanibel,Sanibel,Florida,33957,United States,coastal,https://www.airbnb.com/rooms/26955683,https://a0.muscache.com/im/pictures/prohost-api/Hosting-26955683/original/10165d12-824c-4926-932a-7b89d3c3f16e.jpeg,26955683,1354950,26.42437,-82.06757,"=AVERAGE($G$2:$G$689)","=AVERAGE($D$2:$D$689)","=IFERROR(($AT329-G329)/$AT329,0)","=IFERROR(($AU329-D329)/$AU329,0)","=$AU329-D329"
#931 Sanibel Moorings Courtyard View,RedAwning,,47226,56108,407.12,58.88,268,2,2,4,true,true,false,true,true,false,true,Home/Apartment,House,House/villa,5,11,1,21+,Luxury,false,152,true,116,21,2020-05-17,Cape Coral/Fort Myers,Sanibel,Sanibel,Florida,33957,United States,coastal,https://www.airbnb.com/rooms/40925934,"https://a0.muscache.com/im/pictures/6aa0415c-5ced-4c7b-a09b-c49248434d1b.jpg?aki_policy=x_large",40925934,3677525ha,26.44038,-82.03459,"=AVERAGE($G$2:$G$689)","=AVERAGE($D$2:$D$689)","=IFERROR(($AT330-G330)/$AT330,0)","=IFERROR(($AU330-D330)/$AU330,0)","=$AU330-D330"
Bright And Beachy,PVConcierge,,47179,65867,440.93,44.4,278,2,2,4,true,false,false,true,true,false,true,Home/Apartment,Condominium (condo),Apt/Condo/Loft,4.7,10,3,21+,Luxury,false,295,true,107,20,2026-05-17,Cape Coral/Fort Myers,Sanibel,Sanibel,Florida,33957,United States,coastal,https://www.airbnb.com/rooms/29680895,https://a0.muscache.com/im/pictures/prohost-api/Hosting-29680895/original/902bb516-e490-49de-b61e-76904aad67ca.bmp,29680895,7706236ha,26.4348,-82.0461,"=AVERAGE($G$2:$G$689)","=AVERAGE($D$2:$D$689)","=IFERROR(($AT331-G331)/$AT331,0)","=IFERROR(($AU331-D331)/$AU331,0)","=$AU331-D331"
"OCEAN'S REACH 2X4: 1-Bdrm, Top Floor/Gulf Front Unit! All Amenities Open!",Ocean's Reach Condominiums,,46870,69386,393.87,46.3,283,1,1,4,true,false,false,true,true,false,true,Home/Apartment,Condominium (condo),Apt/Condo/Loft,5,4,4,21+,Luxury,false,0,true,119,22,2026-05-17,Cape Coral/Fort Myers,Sanibel,Sanibel,Florida,33957,United States,coastal,https://www.vrbo.com/1705030,"https://media.vrbo.com/lodging/40000000/39090000/39086700/39086679/b6fefd4c.jpg?impolicy=resizecrop&rw=1200&ra=fit",,1705030,26.424688,-82.067345,"=AVERAGE($G$2:$G$689)","=AVERAGE($D$2:$D$689)","=IFERROR(($AT332-G332)/$AT332,0)","=IFERROR(($AU332-D332)/$AU332,0)","=$AU332-D332"
"Sanddollar B204, 2 Bedroom Gulf Front Corner Unit",Sanibel Holiday,,46809,82312,557.25,56.76,286,2,2,6,true,false,false,true,false,false,true,Home/Apartment,Condominium (condo),Apt/Condo/Loft,4.65,37,1,21+,Luxury,false,409,true,84,12,2026-05-11,Cape Coral/Fort Myers,Sanibel,Sanibel,Florida,33957,United States,coastal,https://www.airbnb.com/rooms/1518273838932281901,https://a0.muscache.com/im/pictures/prohost-api/Hosting-1518273838932281901/original/bf04baf9-d318-4301-b375-1534516437eb.jpeg,1518273838932281901,7411978ha,26.4281,-82.0593,"=AVERAGE($G$2:$G$689)","=AVERAGE($D$2:$D$689)","=IFERROR(($AT333-G333)/$AT333,0)","=IFERROR(($AU333-D333)/$AU333,0)","=$AU333-D333"
"The Tropical Penthouse, Our Beautiful Family Home, Newly Remodeled 2024",,,46666,58198,392.15,47.79,322,2,2,4,true,false,true,true,true,false,true,Home/Apartment,Condominium (condo),Apt/Condo/Loft,5,85,7,1,Luxury,false,150,true,119,13,2026-05-16,Cape Coral/Fort Myers,Sanibel,Sanibel,Florida,33957,United States,coastal,https://www.vrbo.com/906306ha,"https://media.vrbo.com/lodging/24000000/23550000/23547400/23547303/1011f3af.jpg?impolicy=resizecrop&rw=1200&ra=fit",,906306ha,26.437883,-82.039996,"=AVERAGE($G$2:$G$689)","=AVERAGE($D$2:$D$689)","=IFERROR(($AT334-G334)/$AT334,0)","=IFERROR(($AU334-D334)/$AU334,0)","=$AU334-D334"
Loggerhead Cay 232- 2 Bedroom Condo with Partial A,Sanibel Holiday,,46633,63790,358.72,47.27,323,2,2,6,true,false,false,true,false,false,true,Home/Apartment,Condominium (condo),Apt/Condo/Loft,4.8,48,1,21+,Luxury,false,409,true,130,21,2026-05-15,Cape Coral/Fort Myers,Sanibel,Sanibel,Florida,33957,United States,coastal,https://www.airbnb.com/rooms/1518266896752626765,https://a0.muscache.com/im/pictures/prohost-api/Hosting-1518266896752626765/original/2c0d34a8-ec56-4a0c-8597-8325938a0fcd.jpeg,1518266896752626765,7483029ha,26.4384,-82.0407,"=AVERAGE($G$2:$G$689)","=AVERAGE($D$2:$D$689)","=IFERROR(($AT335-G335)/$AT335,0)","=IFERROR(($AU335-D335)/$AU335,0)","=$AU335-D335"
Mangoes (Left Side),561037332,,46626,60447,409,39.72,314,2,2,6,true,false,true,true,true,false,true,Home/Apartment,House,House/villa,4.95,29,5,2-5,Luxury,true,248,false,114,17,2026-05-11,Cape Coral/Fort Myers,Sanibel,Sanibel,Florida,33957,United States,coastal,https://www.airbnb.com/rooms/1087186586747810558,https://a0.muscache.com/im/pictures/miso/Hosting-1087186586747810558/original/40d7e20b-1286-43af-b6c0-3eea9163f319.jpeg,1087186586747810558,3846870,26.4495,-82.0251,"=AVERAGE($G$2:$G$689)","=AVERAGE($D$2:$D$689)","=IFERROR(($AT336-G336)/$AT336,0)","=IFERROR(($AU336-D336)/$AU336,0)","=$AU336-D336"
DEJA BLUE | Lux Canal-Front Sanibel Home with Saltwater Pool and View,Sanibel Captiva Island Vacation Rentals,,46530,55079,275.33,67.87,324,1,2,8,false,true,false,true,true,true,true,Home/Apartment,House,House/villa,5,1,28,6-20,Luxury,false,527,true,169,4,2026-04-03,Cape Coral/Fort Myers,Sanibel,Sanibel,Florida,33957,United States,coastal,https://www.vrbo.com/4120374,"https://media.vrbo.com/lodging/108000000/107280000/107271100/107271070/dd3108ac.jpg?impolicy=resizecrop&rw=1200&ra=fit",,4120374,26.47365,-82.16757,"=AVERAGE($G$2:$G$689)","=AVERAGE($D$2:$D$689)","=IFERROR(($AT337-G337)/$AT337,0)","=IFERROR(($AU337-D337)/$AU337,0)","=$AU337-D337"
Sand Dollar # A201,Select Vacation Properties,,46488,84827,434.47,55.73,245,2,2,6,true,false,false,true,true,false,true,Home/Apartment,Condominium (condo),Apt/Condo/Loft,4.8,61,1,21+,Luxury,true,229,true,107,17,2026-05-11,Cape Coral/Fort Myers,Sanibel,Sanibel,Florida,33957,United States,coastal,https://www.airbnb.com/rooms/38094717,https://a0.muscache.com/im/pictures/35b8aa99-4de7-4717-8d74-17cc9543a378.jpg,38094717,847614,26.42991,-82.05775,"=AVERAGE($G$2:$G$689)","=AVERAGE($D$2:$D$689)","=IFERROR(($AT338-G338)/$AT338,0)","=IFERROR(($AU338-D338)/$AU338,0)","=$AU338-D338"
#1022 Sanibel Moorings Gulf View,RedAwning,,46369,66066,509.55,42.92,298,2,2,6,true,true,false,true,true,false,true,Home/Apartment,House,House/villa,5,15,1,21+,Luxury,false,152,true,91,15,2020-03-14,Cape Coral/Fort Myers,Sanibel,Sanibel,Florida,33957,United States,coastal,https://www.airbnb.com/rooms/39627801,"https://a0.muscache.com/im/pictures/19183126-fb67-495d-a0b0-3325ec2585f1.jpg?aki_policy=x_large",39627801,3677570ha,26.44116,-82.03364,"=AVERAGE($G$2:$G$689)","=AVERAGE($D$2:$D$689)","=IFERROR(($AT339-G339)/$AT339,0)","=IFERROR(($AU339-D339)/$AU339,0)","=$AU339-D339"
Sundial D306,San Cap Island Vacation Rentals,,46154,46368,303.64,43.06,363,1,1,4,true,false,false,true,true,false,true,Home/Apartment,Condominium (condo),Apt/Condo/Loft,4.5,64,3,21+,Luxury,false,268,true,152,32,2026-05-17,Cape Coral/Fort Myers,Sanibel,Sanibel,Florida,33957,United States,coastal,https://www.airbnb.com/rooms/1214256531072742077,https://a0.muscache.com/im/pictures/prohost-api/Hosting-1214256531072742077/original/44962e48-7a72-41dd-8725-d26be9aaaaaa.jpeg,1214256531072742077,1005233,26.4307,-82.0539,"=AVERAGE($G$2:$G$689)","=AVERAGE($D$2:$D$689)","=IFERROR(($AT340-G340)/$AT340,0)","=IFERROR(($AU340-D340)/$AU340,0)","=$AU340-D340"
Gulf-View Escape | Bright & Breezy 2BR Condo Steps,Glass Casa,,46023,71011,500.25,78.63,179,2,2,6,true,true,false,true,false,false,true,Home/Apartment,Condominium (condo),Apt/Condo/Loft,0,0,1,21+,Luxury,true,569,true,92,9,2026-05-15,Cape Coral/Fort Myers,Sanibel,Sanibel,Florida,33957,United States,coastal,https://www.airbnb.com/rooms/1430487731978184187,https://a0.muscache.com/im/pictures/prohost-api/Hosting-1430487731978184187/original/e0adab41-a9fc-4904-aa7b-db392c6b6cde.jpeg,1430487731978184187,4592674,26.4235,-82.0736,"=AVERAGE($G$2:$G$689)","=AVERAGE($D$2:$D$689)","=IFERROR(($AT341-G341)/$AT341,0)","=IFERROR(($AU341-D341)/$AU341,0)","=$AU341-D341"
#732 Sanibel Moorings Gulf View,RedAwning,,45737,80886,544.49,52.83,257,,2,4,true,true,false,true,true,false,true,Home/Apartment,House,House/villa,5,21,1,21+,Luxury,false,152,false,84,15,2025-10-11,Cape Coral/Fort Myers,Sanibel,Sanibel,Florida,33957,United States,coastal,https://www.airbnb.com/rooms/28485235,"https://a0.muscache.com/im/pictures/f9e9b4cc-c33f-4993-8b3a-53641aa70517.jpg?aki_policy=x_large",28485235,3677548ha,26.44166,-82.03588,"=AVERAGE($G$2:$G$689)","=AVERAGE($D$2:$D$689)","=IFERROR(($AT342-G342)/$AT342,0)","=IFERROR(($AU342-D342)/$AU342,0)","=$AU342-D342"
#1431 Sanibel Moorings Dock View,RedAwning,,45720,73306,476.25,45.5,277,2,2,6,true,true,false,true,true,false,true,Home/Apartment,House,House/villa,5,5,1,21+,Luxury,false,152,true,96,18,2020-05-17,Cape Coral/Fort Myers,Sanibel,Sanibel,Florida,33957,United States,coastal,https://www.airbnb.com/rooms/28485276,"https://a0.muscache.com/im/pictures/cd53eb06-c482-4b0b-802c-928254c42e01.jpg?aki_policy=x_large",28485276,3814164ha,26.44123,-82.03551,"=AVERAGE($G$2:$G$689)","=AVERAGE($D$2:$D$689)","=IFERROR(($AT343-G343)/$AT343,0)","=IFERROR(($AU343-D343)/$AU343,0)","=$AU343-D343"
Coquina Beach 4F,Kingfisher Vacations,,45470,63402,417.16,50,303,3,2,7,true,false,false,true,true,false,true,Home/Apartment,Condominium (condo),Apt/Condo/Loft,4.7,89,7,21+,Luxury,true,350,true,109,17,2026-05-14,Cape Coral/Fort Myers,Sanibel,Sanibel,Florida,33957,United States,coastal,https://www.airbnb.com/rooms/1339858278278857529,https://a0.muscache.com/im/pictures/prohost-api/Hosting-1339858278278857529/original/e0455f8d-eb8e-4b28-95d9-bfc80cf766f7.jpeg,1339858278278857529,4395343,26.4352725808,-82.0441407203,"=AVERAGE($G$2:$G$689)","=AVERAGE($D$2:$D$689)","=IFERROR(($AT344-G344)/$AT344,0)","=IFERROR(($AU344-D344)/$AU344,0)","=$AU344-D344"
"Waterfront 3Bedroom, 2 Bath House in Sanibel Marin",Glass Casa,,45219,58038,443.32,69.39,327,3,2,6,true,true,false,true,false,false,true,Home/Apartment,House,House/villa,5,3,28,21+,Luxury,true,690,true,102,3,2026-05-14,Cape Coral/Fort Myers,Sanibel,Sanibel,Florida,33957,United States,coastal,https://www.airbnb.com/rooms/1402307737870138848,https://a0.muscache.com/im/pictures/prohost-api/Hosting-1402307737870138848/original/0673d372-d0be-42dc-ade9-48bb357d45eb.jpeg,1402307737870138848,4534776,26.451,-82.0298,"=AVERAGE($G$2:$G$689)","=AVERAGE($D$2:$D$689)","=IFERROR(($AT345-G345)/$AT345,0)","=IFERROR(($AU345-D345)/$AU345,0)","=$AU345-D345"
Shorewood Welcomes You Back to Beachfront Bliss –,Glass Casa,,45191,71666,610.69,52.11,203,3,3,6,true,false,false,true,false,false,true,Home/Apartment,Condominium (condo),Apt/Condo/Loft,5,1,1,21+,Luxury,true,605,true,74,13,2026-05-17,Cape Coral/Fort Myers,Sanibel,Sanibel,Florida,33957,United States,coastal,https://www.airbnb.com/rooms/1430495299332082209,https://a0.muscache.com/im/pictures/prohost-api/Hosting-1430495299332082209/original/a582e9a5-29db-4fa8-9fe4-4f67147a2363.jpeg,1430495299332082209,4606452,26.4366,-82.0444,"=AVERAGE($G$2:$G$689)","=AVERAGE($D$2:$D$689)","=IFERROR(($AT346-G346)/$AT346,0)","=IFERROR(($AU346-D346)/$AU346,0)","=$AU346-D346"
"Sundial R-206: Unparalleled Gulf Front Views, 3BR/2B with Cabana",VIP Vacation Rentals,,45122,49112,716.22,48.09,154,3,2,6,false,false,false,false,true,false,false,Home/Apartment,Condominium (condo),Apt/Condo/Loft,0,0,7,21+,Luxury,false,0,true,63,4,2025-04-08,Cape Coral/Fort Myers,Sanibel,Sanibel,Florida,33957,United States,coastal,https://www.vrbo.com/3905799,"https://media.vrbo.com/lodging/104000000/103190000/103181900/103181883/06117536.jpg?impolicy=resizecrop&rw=1200&ra=fit",,3905799,26.43382,-82.049771,"=AVERAGE($G$2:$G$689)","=AVERAGE($D$2:$D$689)","=IFERROR(($AT347-G347)/$AT347,0)","=IFERROR(($AU347-D347)/$AU347,0)","=$AU347-D347"
K3 Partial Gulf View,Sanibel Arms West Condo Association,,45009,52102,478.82,52.22,251,2,2,6,true,false,false,true,false,false,true,Home/Apartment,Condominium (condo),Apt/Condo/Loft,5,4,4,21+,Luxury,false,224,false,94,16,2026-05-15,Cape Coral/Fort Myers,Sanibel,Sanibel,Florida,33957,United States,coastal,https://www.vrbo.com/4601037,"https://media.vrbo.com/lodging/117000000/116550000/116542000/116541992/896a6c48.jpg?impolicy=resizecrop&rw=1200&ra=fit",,4601037,26.441774,-82.03408,"=AVERAGE($G$2:$G$689)","=AVERAGE($D$2:$D$689)","=IFERROR(($AT348-G348)/$AT348,0)","=IFERROR(($AU348-D348)/$AU348,0)","=$AU348-D348"
Tin Cup - Beachview Estates home with pool on golf,Dream Vacation Rentals,,44989,58669,333.25,79.41,182,3,3,8,true,false,false,true,true,false,true,Home/Apartment,House,House/villa,4.3,7,28,21+,Luxury,true,435,true,135,3,2026-05-11,Cape Coral/Fort Myers,Sanibel,Sanibel,Florida,33957,United States,coastal,https://www.airbnb.com/rooms/46298556,https://a0.muscache.com/im/pictures/prohost-api/Hosting-46298556/original/82c83168-db7f-4d37-8fb7-a11156b8c4ff.jpeg,46298556,9514304ha,26.4341,-82.0559,"=AVERAGE($G$2:$G$689)","=AVERAGE($D$2:$D$689)","=IFERROR(($AT349-G349)/$AT349,0)","=IFERROR(($AU349-D349)/$AU349,0)","=$AU349-D349"
Gorgeous Corner Penthouse Residence,Rosen Vacations,,44985,75155,441.03,79.07,279,3,3,6,true,true,false,true,true,false,true,Home/Apartment,Condominium (condo),Apt/Condo/Loft,0,0,28,21+,Luxury,true,499,true,102,4,2026-05-14,Cape Coral/Fort Myers,Sanibel,Sanibel,Florida,33957,United States,coastal,https://www.airbnb.com/rooms/1311626920870680347,https://a0.muscache.com/im/pictures/prohost-api/Hosting-1311626920870680347/original/c97d7973-9c86-428a-90c4-abead5aec209.jpeg,1311626920870680347,4335854,26.4293,-82.0563,"=AVERAGE($G$2:$G$689)","=AVERAGE($D$2:$D$689)","=IFERROR(($AT350-G350)/$AT350,0)","=IFERROR(($AU350-D350)/$AU350,0)","=$AU350-D350"
Luxury Pine Cove 2br Ocean Front,48948569,,44884,56733,493.23,52.91,309,2,2,6,true,false,true,true,true,false,true,Home/Apartment,House,House/villa,5,10,7,2-5,Luxury,false,0,true,91,14,2026-05-15,Cape Coral/Fort Myers,Sanibel,Sanibel,Florida,33957,United States,coastal,https://www.airbnb.com/rooms/1492127381327827620,https://a0.muscache.com/im/pictures/hosting/Hosting-1492127381327827620/original/552a47ee-b81c-497f-8926-e06a9ca2f5eb.jpeg,1492127381327827620,4528206,26.4226,-82.0807,"=AVERAGE($G$2:$G$689)","=AVERAGE($D$2:$D$689)","=IFERROR(($AT351-G351)/$AT351,0)","=IFERROR(($AU351-D351)/$AU351,0)","=$AU351-D351"
Tarpon Beach 104,Kingfisher Vacations,,44655,69517,402.3,55.22,293,2,2,6,true,false,false,true,true,false,true,Home/Apartment,Condominium (condo),Apt/Condo/Loft,4.85,30,4,21+,Luxury,true,301,true,111,14,2026-05-13,Cape Coral/Fort Myers,Sanibel,Sanibel,Florida,33957,United States,coastal,https://www.airbnb.com/rooms/40892936,https://a0.muscache.com/im/pictures/prohost-api/Hosting-40892936/original/0376bc41-9b82-4f78-ad34-73511700e670.jpeg,40892936,1854928,26.4233,-82.0794,"=AVERAGE($G$2:$G$689)","=AVERAGE($D$2:$D$689)","=IFERROR(($AT352-G352)/$AT352,0)","=IFERROR(($AU352-D352)/$AU352,0)","=$AU352-D352"
Sanibel condo amazing beach views - Sandalfoot 4A3,Gulf Coast Vacation Rentals,,44629,70086,375.03,41.46,295,2,2,4,true,false,false,true,true,false,true,Home/Apartment,Condominium (condo),Apt/Condo/Loft,4.8,11,3,21+,Luxury,true,283,true,119,22,2026-05-16,Cape Coral/Fort Myers,Sanibel,Sanibel,Florida,33957,United States,coastal,https://www.airbnb.com/rooms/1298660879185206270,https://a0.muscache.com/im/pictures/prohost-api/Hosting-1298660879185206270/original/3eb9a22b-79e5-4248-b20a-1317cd6d71dc.jpeg,1298660879185206270,20124753ha,26.4444279266,-82.0307575831,"=AVERAGE($G$2:$G$689)","=AVERAGE($D$2:$D$689)","=IFERROR(($AT353-G353)/$AT353,0)","=IFERROR(($AU353-D353)/$AU353,0)","=$AU353-D353"
Pelicans Roost 104,Kingfisher Vacations,,44610,53334,518.72,43.43,301,2,2,4,true,false,false,true,true,false,true,Home/Apartment,Condominium (condo),Apt/Condo/Loft,5,5,4,21+,Luxury,true,189,true,86,15,2026-05-13,Cape Coral/Fort Myers,Sanibel,Sanibel,Florida,33957,United States,coastal,https://www.airbnb.com/rooms/1244245615692745220,https://a0.muscache.com/im/pictures/prohost-api/Hosting-1244245615692745220/original/0a42f487-c0a6-4309-a87b-8cc123dc5bd6.jpeg,1244245615692745220,4193615,26.4352,-82.0452,"=AVERAGE($G$2:$G$689)","=AVERAGE($D$2:$D$689)","=IFERROR(($AT354-G354)/$AT354,0)","=IFERROR(($AU354-D354)/$AU354,0)","=$AU354-D354"
Sanibel Sandals & Flip Flops,102830135,,44466,48865,440.26,35.19,339,2,1,6,true,false,false,true,true,true,false,Home/Apartment,Condominium (condo),Apt/Condo/Loft,4.65,122,1,6-20,Luxury,true,150,false,101,30,2026-05-13,Cape Coral/Fort Myers,Sanibel,Sanibel,Florida,33957,United States,coastal,https://www.airbnb.com/rooms/18987093,https://a0.muscache.com/im/pictures/miso/Hosting-18987093/original/74abc50a-149b-408c-a0ba-af44f9a611ca.jpeg,18987093,1107021,26.43652,-82.04555,"=AVERAGE($G$2:$G$689)","=AVERAGE($D$2:$D$689)","=IFERROR(($AT355-G355)/$AT355,0)","=IFERROR(($AU355-D355)/$AU355,0)","=$AU355-D355"
"OCEAN'S REACH 1B4, 1-Bedroom, Top-Floor, Beautiful View, All Amenities Open!",Ocean's Reach Condominiums,,44434,60490,283.02,63.05,268,1,1,4,true,false,false,true,true,false,true,Home/Apartment,Condominium (condo),Apt/Condo/Loft,5,5,4,21+,Luxury,false,0,true,157,20,2026-05-16,Cape Coral/Fort Myers,Sanibel,Sanibel,Florida,33957,United States,coastal,https://www.vrbo.com/1705003,"https://media.vrbo.com/lodging/40000000/39090000/39086700/39086629/6c07b545.jpg?impolicy=resizecrop&rw=1200&ra=fit",,1705003,26.424688,-82.067345,"=AVERAGE($G$2:$G$689)","=AVERAGE($D$2:$D$689)","=IFERROR(($AT356-G356)/$AT356,0)","=IFERROR(($AU356-D356)/$AU356,0)","=$AU356-D356"
Peaceful 3BR Island Home with Private Pool – Walk,Glass Casa,,44152,44152,485.19,77.12,365,3,3,6,true,false,false,true,false,false,true,Home/Apartment,House,House/villa,0,0,28,21+,Luxury,true,639,true,91,2,2026-05-11,Cape Coral/Fort Myers,Sanibel,Sanibel,Florida,33957,United States,coastal,https://www.airbnb.com/rooms/1430486848738394668,https://a0.muscache.com/im/pictures/prohost-api/Hosting-1430486848738394668/original/85b4664c-d0e2-4cfb-a6cf-7bc66b1bccd0.jpeg,1430486848738394668,4592672,26.4635,-82.1543,"=AVERAGE($G$2:$G$689)","=AVERAGE($D$2:$D$689)","=IFERROR(($AT357-G357)/$AT357,0)","=IFERROR(($AU357-D357)/$AU357,0)","=$AU357-D357"
Relaxing Sanibel Hideaway - Colony Inn 13,Colony Inn,,44149,52402,327.03,82.82,180,1,1,4,true,false,false,true,true,false,true,Home/Apartment,Condominium (condo),Apt/Condo/Loft,4.75,63,1,21+,Luxury,true,121,true,135,34,2026-05-16,Cape Coral/Fort Myers,Sanibel,Sanibel,Florida,33957,United States,coastal,https://www.airbnb.com/rooms/45139091,https://a0.muscache.com/im/pictures/hosting/Hosting-45139091/original/c3dda9b6-bdfb-443c-9f2a-552efda7edb7.jpeg,45139091,20235624ha,26.44824,-82.02507,"=AVERAGE($G$2:$G$689)","=AVERAGE($D$2:$D$689)","=IFERROR(($AT358-G358)/$AT358,0)","=IFERROR(($AU358-D358)/$AU358,0)","=$AU358-D358"
#141 Sanibel Moorings Gulf View,RedAwning,,44121,47423,380.35,41.88,344,1,1,2,true,true,false,true,true,false,true,Home/Apartment,House,House/villa,4.4,13,1,21+,Luxury,false,152,true,116,23,2020-05-17,Cape Coral/Fort Myers,Sanibel,Sanibel,Florida,33957,United States,coastal,https://www.airbnb.com/rooms/40925908,"https://a0.muscache.com/im/pictures/54e86e8f-f1d0-4790-9722-fa9c597fc026.jpg?aki_policy=x_large",40925908,3677505ha,26.44175,-82.03556,"=AVERAGE($G$2:$G$689)","=AVERAGE($D$2:$D$689)","=IFERROR(($AT359-G359)/$AT359,0)","=IFERROR(($AU359-D359)/$AU359,0)","=$AU359-D359"
Newly updated – Villa Sanibel 3B is just steps fro,Glass Casa,,43971,75457,483.2,57.96,267,2,2,6,true,false,false,true,false,false,true,Home/Apartment,Condominium (condo),Apt/Condo/Loft,0,0,1,21+,Luxury,true,424,true,91,15,2026-05-14,Cape Coral/Fort Myers,Sanibel,Sanibel,Florida,33957,United States,coastal,https://www.airbnb.com/rooms/1406623829421516553,https://a0.muscache.com/im/pictures/prohost-api/Hosting-1406623829421516553/original/afa4c539-7170-4eae-9b37-66cdc4572aeb.jpeg,1406623829421516553,4542444,26.4234,-82.0753,"=AVERAGE($G$2:$G$689)","=AVERAGE($D$2:$D$689)","=IFERROR(($AT360-G360)/$AT360,0)","=IFERROR(($AU360-D360)/$AU360,0)","=$AU360-D360"
Cyprina Beach 9 - Beautiful Beach Views,Royal Shell Vacations,,43942,60701,327.93,64.11,285,1,2,6,true,false,false,true,true,false,true,Home/Apartment,Condominium (condo),Apt/Condo/Loft,4.5,2,7,21+,Luxury,true,295,true,134,17,2026-05-13,Cape Coral/Fort Myers,Sanibel,Sanibel,Florida,33957,United States,coastal,https://www.airbnb.com/rooms/1152301031308792824,https://a0.muscache.com/im/pictures/prohost-api/Hosting-1152301031308792824/original/a182931e-a3a2-44cf-9dd0-75644376ccbb.jpeg,1152301031308792824,4813970ha,26.44382,-82.03242,"=AVERAGE($G$2:$G$689)","=AVERAGE($D$2:$D$689)","=IFERROR(($AT361-G361)/$AT361,0)","=IFERROR(($AU361-D361)/$AU361,0)","=$AU361-D361"
Kings Crown 117,Kingfisher Vacations,,43909,92326,601.49,50.34,269,2,2,5,true,false,false,true,true,false,true,Home/Apartment,Condominium (condo),Apt/Condo/Loft,4.35,6,7,21+,Luxury,true,300,true,73,11,2026-05-14,Cape Coral/Fort Myers,Sanibel,Sanibel,Florida,33957,United States,coastal,https://www.airbnb.com/rooms/676120995611558732,https://a0.muscache.com/im/pictures/prohost-api/Hosting-676120995611558732/original/04704be8-afa5-422f-b9cf-41458d924580.jpeg,676120995611558732,2924075,26.42178,-82.08665,"=AVERAGE($G$2:$G$689)","=AVERAGE($D$2:$D$689)","=IFERROR(($AT362-G362)/$AT362,0)","=IFERROR(($AU362-D362)/$AU362,0)","=$AU362-D362"
pointe santo de sanibel e41,San Cap Island Vacation Rentals,,43864,67037,409.94,42.97,295,2,2,6,true,false,false,true,true,false,true,Home/Apartment,Condominium (condo),Apt/Condo/Loft,4.5,2,1,21+,Luxury,false,364,true,107,15,2026-05-13,Cape Coral/Fort Myers,Sanibel,Sanibel,Florida,33957,United States,coastal,https://www.airbnb.com/rooms/1333183673357931586,https://a0.muscache.com/im/pictures/prohost-api/Hosting-1333183673357931586/original/3cd76dea-6e32-4837-8b80-da56313b9ed8.jpeg,1333183673357931586,4536238,26.4232,-82.0778,"=AVERAGE($G$2:$G$689)","=AVERAGE($D$2:$D$689)","=IFERROR(($AT363-G363)/$AT363,0)","=IFERROR(($AU363-D363)/$AU363,0)","=$AU363-D363"
#1542 Sanibel Moorings Dock View,RedAwning,,43827,60567,617.28,39.44,302,3,2,8,true,true,false,true,true,false,true,Home/Apartment,House,House/villa,5,20,1,21+,Luxury,false,152,true,71,14,2025-10-15,Cape Coral/Fort Myers,Sanibel,Sanibel,Florida,33957,United States,coastal,https://www.airbnb.com/rooms/40925956,"https://a0.muscache.com/im/pictures/febedf58-0432-42d1-9d57-7818ec65b0a5.jpg?aki_policy=x_large",40925956,3677604ha,26.43996,-82.03369,"=AVERAGE($G$2:$G$689)","=AVERAGE($D$2:$D$689)","=IFERROR(($AT364-G364)/$AT364,0)","=IFERROR(($AU364-D364)/$AU364,0)","=$AU364-D364"
 Sundial B201  - Stunning Condo on Sanibel Beach - Steps to the Sand!,,,43812,65170,466.09,55.95,195,1,1,4,true,true,false,true,true,false,true,Home/Apartment,Condominium (condo),Apt/Condo/Loft,5,88,4,1,Luxury,false,200,true,94,22,2026-05-17,Cape Coral/Fort Myers,Sanibel,Sanibel,Florida,33957,United States,coastal,https://www.vrbo.com/7590599ha,"https://media.vrbo.com/lodging/37000000/36330000/36327300/36327267/ec090534.jpg?impolicy=resizecrop&rw=1200&ra=fit",,7590599ha,26.42991,-82.05415,"=AVERAGE($G$2:$G$689)","=AVERAGE($D$2:$D$689)","=IFERROR(($AT365-G365)/$AT365,0)","=IFERROR(($AU365-D365)/$AU365,0)","=$AU365-D365"
Island Time is All the Time in #504,PVConcierge,,43799,58659,442.41,43.42,272,2,2,4,true,false,false,true,true,false,true,Home/Apartment,Condominium (condo),Apt/Condo/Loft,4.85,13,3,21+,Luxury,false,295,true,99,20,2026-05-17,Cape Coral/Fort Myers,Sanibel,Sanibel,Florida,33957,United States,coastal,https://www.airbnb.com/rooms/29680888,https://a0.muscache.com/im/pictures/prohost-api/Hosting-29680888/original/6305372a-e691-4831-893d-bed4b7a36ef4.jpeg,29680888,3936949ha,26.4348,-82.0461,"=AVERAGE($G$2:$G$689)","=AVERAGE($D$2:$D$689)","=IFERROR(($AT366-G366)/$AT366,0)","=IFERROR(($AU366-D366)/$AU366,0)","=$AU366-D366"
Contemporary Beachside Retreat,PVConcierge,,43769,64097,442.11,40.57,293,2,2,6,true,false,false,true,true,false,true,Home/Apartment,Condominium (condo),Apt/Condo/Loft,4.8,14,3,21+,Luxury,false,294,true,99,21,2026-05-16,Cape Coral/Fort Myers,Sanibel,Sanibel,Florida,33957,United States,coastal,https://www.airbnb.com/rooms/29680885,https://a0.muscache.com/im/pictures/prohost-api/Hosting-29680885/original/bacdbd9a-9ebd-40f1-b525-e729ff26d10d.jpeg,29680885,3936947ha,26.4348,-82.0461,"=AVERAGE($G$2:$G$689)","=AVERAGE($D$2:$D$689)","=IFERROR(($AT367-G367)/$AT367,0)","=IFERROR(($AU367-D367)/$AU367,0)","=$AU367-D367"
"2 Bedroom, 2 Bath Condo With Great View of the Bea",Glass Casa,,43675,67005,490.73,39.04,289,2,2,6,true,false,true,true,false,false,true,Home/Apartment,Condominium (condo),Apt/Condo/Loft,5,1,1,21+,Luxury,true,608,true,89,15,2026-05-17,Cape Coral/Fort Myers,Sanibel,Sanibel,Florida,33957,United States,coastal,https://www.airbnb.com/rooms/1402308280821627650,https://a0.muscache.com/im/pictures/prohost-api/Hosting-1402308280821627650/original/8770785e-b9e6-4559-a45f-f76b195ae2c7.jpeg,1402308280821627650,4531991,26.423,-82.0778,"=AVERAGE($G$2:$G$689)","=AVERAGE($D$2:$D$689)","=IFERROR(($AT368-G368)/$AT368,0)","=IFERROR(($AU368-D368)/$AU368,0)","=$AU368-D368"
Corner Condo with 180° Gulf Views + Beach Access |,Glass Casa,,43590,94827,551.77,56.43,226,3,2,6,true,false,false,true,false,false,true,Home/Apartment,Condominium (condo),Apt/Condo/Loft,5,5,1,21+,Luxury,true,569,true,79,12,2026-05-16,Cape Coral/Fort Myers,Sanibel,Sanibel,Florida,33957,United States,coastal,https://www.airbnb.com/rooms/1415515412947390127,https://a0.muscache.com/im/pictures/prohost-api/Hosting-1415515412947390127/original/dd290817-7048-4310-8bfc-e81b6c9737d3.jpeg,1415515412947390127,4563930,26.4328,-82.0504,"=AVERAGE($G$2:$G$689)","=AVERAGE($D$2:$D$689)","=IFERROR(($AT369-G369)/$AT369,0)","=IFERROR(($AU369-D369)/$AU369,0)","=$AU369-D369"
"Gulf Front Condo on Sanibel Island, 25 Steps to the Beach",,,43466,65060,388.09,71.34,158,2,2,4,true,false,false,true,true,false,true,Home/Apartment,Condominium (condo),Apt/Condo/Loft,5,67,7,1,Luxury,false,1,false,112,17,2025-12-01,Cape Coral/Fort Myers,Sanibel,Sanibel,Florida,33957,United States,coastal,https://www.vrbo.com/113229ha,"https://media.vrbo.com/lodging/34000000/33580000/33571100/33571032/92332258.jpg?impolicy=resizecrop&rw=1200&ra=fit",,113229ha,26.42466,-82.06735,"=AVERAGE($G$2:$G$689)","=AVERAGE($D$2:$D$689)","=IFERROR(($AT370-G370)/$AT370,0)","=IFERROR(($AU370-D370)/$AU370,0)","=$AU370-D370"
Luxury Penthouse Rooftop Patio! Pointe Santo,48948569,,43436,53698,549.82,45.66,290,2,2,6,true,false,true,true,true,false,true,Home/Apartment,House,House/villa,4.9,28,7,2-5,Luxury,false,0,true,79,12,2026-05-15,Cape Coral/Fort Myers,Sanibel,Sanibel,Florida,33957,United States,coastal,https://www.airbnb.com/rooms/1488492605849311644,https://a0.muscache.com/im/pictures/hosting/Hosting-1488492605849311644/original/d8f968db-5cdf-4d32-9bf4-b84c01d0abdb.jpeg,1488492605849311644,2162339,26.4231,-82.0771,"=AVERAGE($G$2:$G$689)","=AVERAGE($D$2:$D$689)","=IFERROR(($AT371-G371)/$AT371,0)","=IFERROR(($AU371-D371)/$AU371,0)","=$AU371-D371"
"Loggerhead Cay 532, 2 Bed, 2 Bath, Dog-Friendly, B",Sanibel Holiday,,43375,69000,387.28,50.91,275,2,2,6,true,false,false,true,false,true,true,Home/Apartment,Condominium (condo),Apt/Condo/Loft,4.7,24,1,21+,Luxury,false,409,true,112,19,2026-05-15,Cape Coral/Fort Myers,Sanibel,Sanibel,Florida,33957,United States,coastal,https://www.airbnb.com/rooms/1518274663957466046,https://a0.muscache.com/im/pictures/prohost-api/Hosting-1518274663957466046/original/bb707434-4395-418f-a0bf-7eed1f8128d7.jpeg,1518274663957466046,9521515ha,26.4379,-82.0402,"=AVERAGE($G$2:$G$689)","=AVERAGE($D$2:$D$689)","=IFERROR(($AT372-G372)/$AT372,0)","=IFERROR(($AU372-D372)/$AU372,0)","=$AU372-D372"
Relax in Paradise: Beautifully Updated 2BR/2BA Con,Glass Casa,,43335,54767,437.73,61.11,237,2,2,4,true,true,false,true,false,false,true,Home/Apartment,Condominium (condo),Apt/Condo/Loft,5,2,1,21+,Luxury,true,594,true,99,12,2026-05-13,Cape Coral/Fort Myers,Sanibel,Sanibel,Florida,33957,United States,coastal,https://www.airbnb.com/rooms/1430494788652486442,https://a0.muscache.com/im/pictures/prohost-api/Hosting-1430494788652486442/original/4cd21aab-e952-45e9-8dc6-42891180fae2.jpeg,1430494788652486442,4604548,26.4385,-82.0406,"=AVERAGE($G$2:$G$689)","=AVERAGE($D$2:$D$689)","=IFERROR(($AT373-G373)/$AT373,0)","=IFERROR(($AU373-D373)/$AU373,0)","=$AU373-D373"
Sundial R406- Coastal Charm Gulf Front,Royal Shell Vacations,,43284,63927,562.13,51.33,221,3,2,8,true,false,false,true,true,false,true,Home/Apartment,Condominium (condo),Apt/Condo/Loft,5,13,4,21+,Luxury,true,220,true,77,16,2026-05-15,Cape Coral/Fort Myers,Sanibel,Sanibel,Florida,33957,United States,coastal,https://www.airbnb.com/rooms/1505888297309600006,https://a0.muscache.com/im/pictures/prohost-api/Hosting-1505888297309600006/original/db51140a-06d2-420c-ae29-389adc96ef65.jpeg,1505888297309600006,4776103,26.4320025818,-82.0498832585,"=AVERAGE($G$2:$G$689)","=AVERAGE($D$2:$D$689)","=IFERROR(($AT374-G374)/$AT374,0)","=IFERROR(($AU374-D374)/$AU374,0)","=$AU374-D374"
"Angled View of Gulf!, Loggerhead Cay 592, Updated",Sanibel Holiday,,43216,57300,403.89,43.67,311,2,2,6,true,false,false,true,false,false,true,Home/Apartment,Condominium (condo),Apt/Condo/Loft,5,10,1,21+,Luxury,false,409,true,107,20,2026-05-11,Cape Coral/Fort Myers,Sanibel,Sanibel,Florida,33957,United States,coastal,https://www.airbnb.com/rooms/1518268355438893902,https://a0.muscache.com/im/pictures/prohost-api/Hosting-1518268355438893902/original/6c6d4f40-b96f-4307-9212-03967aec96d3.jpeg,1518268355438893902,9932581ha,26.4385,-82.0402,"=AVERAGE($G$2:$G$689)","=AVERAGE($D$2:$D$689)","=IFERROR(($AT375-G375)/$AT375,0)","=IFERROR(($AU375-D375)/$AU375,0)","=$AU375-D375"
"Breakers West A2, 2 bedroom, 2 bathroom, Ground-Le",Sanibel Holiday,,43193,54556,469.49,36.65,319,2,2,6,true,false,false,true,false,false,true,Home/Apartment,Condominium (condo),Apt/Condo/Loft,4.7,38,4,21+,Luxury,false,666,true,92,15,2026-05-15,Cape Coral/Fort Myers,Sanibel,Sanibel,Florida,33957,United States,coastal,https://www.airbnb.com/rooms/1518278990665496960,https://a0.muscache.com/im/pictures/prohost-api/Hosting-1518278990665496960/original/6d217af9-9d05-4a7a-84bb-12528ea67edc.jpeg,1518278990665496960,9553767ha,26.4258,-82.0945,"=AVERAGE($G$2:$G$689)","=AVERAGE($D$2:$D$689)","=IFERROR(($AT376-G376)/$AT376,0)","=IFERROR(($AU376-D376)/$AU376,0)","=$AU376-D376"
Sanibel condo steps from beach - Sandalfoot 3D1,Gulf Coast Vacation Rentals,,43079,47911,391.63,37.54,350,2,2,6,true,false,false,true,true,false,true,Home/Apartment,Condominium (condo),Apt/Condo/Loft,5,6,3,21+,Luxury,true,275,true,110,21,2026-05-17,Cape Coral/Fort Myers,Sanibel,Sanibel,Florida,33957,United States,coastal,https://www.airbnb.com/rooms/1298661407025826205,https://a0.muscache.com/im/pictures/prohost-api/Hosting-1298661407025826205/original/40ad7eff-3fc2-4ea4-ab40-d289b3de88ab.jpeg,1298661407025826205,20124751ha,26.4427877897,-82.0328344833,"=AVERAGE($G$2:$G$689)","=AVERAGE($D$2:$D$689)","=IFERROR(($AT377-G377)/$AT377,0)","=IFERROR(($AU377-D377)/$AU377,0)","=$AU377-D377"
"OCEAN'S REACH 1C2, 2-Bedroom, Stunning Views, All Amenities Open!",Ocean's Reach Condominiums,,43050,70329,434.85,48.06,237,2,2,5,true,false,false,true,true,false,true,Home/Apartment,Condominium (condo),Apt/Condo/Loft,5,8,4,21+,Luxury,false,0,true,99,18,2026-05-13,Cape Coral/Fort Myers,Sanibel,Sanibel,Florida,33957,United States,coastal,https://www.vrbo.com/4499490,"https://media.vrbo.com/lodging/115000000/114280000/114278100/114278051/1d89f122.jpg?impolicy=resizecrop&rw=1200&ra=fit",,4499490,26.424688,-82.067345,"=AVERAGE($G$2:$G$689)","=AVERAGE($D$2:$D$689)","=IFERROR(($AT378-G378)/$AT378,0)","=IFERROR(($AU378-D378)/$AU378,0)","=$AU378-D378"
 2Br2Ba w/Loft beachfront Coquina Beach 1G. Gulf view from all windows. Sleeps 5,,,43038,68002,413.83,70.75,175,2,2,5,true,false,false,true,false,false,true,Home/Apartment,Condominium (condo),Apt/Condo/Loft,5,79,7,1,Luxury,false,200,true,104,20,2026-05-15,Cape Coral/Fort Myers,Sanibel,Sanibel,Florida,33957,United States,coastal,https://www.vrbo.com/4781695,"https://media.vrbo.com/lodging/120000000/119960000/119958900/119958828/6c85a04d.jpg?impolicy=resizecrop&rw=1200&ra=fit",,4781695,26.436016,-82.043224,"=AVERAGE($G$2:$G$689)","=AVERAGE($D$2:$D$689)","=IFERROR(($AT379-G379)/$AT379,0)","=IFERROR(($AU379-D379)/$AU379,0)","=$AU379-D379"
"Sandpiper Beach 205, 2 Bedroom, Updated Unit with",Sanibel Holiday,,42976,54986,413.23,52.26,288,2,2,4,true,false,false,true,false,false,true,Home/Apartment,Condominium (condo),Apt/Condo/Loft,5,3,1,21+,Luxury,false,409,true,104,18,2026-05-15,Cape Coral/Fort Myers,Sanibel,Sanibel,Florida,33957,United States,coastal,https://www.airbnb.com/rooms/1518278990286425602,https://a0.muscache.com/im/pictures/hosting/Hosting-1518278990286425602/original/90086af1-4b2b-4d5c-bfe9-6ba69316e0a4.jpeg,1518278990286425602,20120357ha,26.4274,-82.0624,"=AVERAGE($G$2:$G$689)","=AVERAGE($D$2:$D$689)","=IFERROR(($AT380-G380)/$AT380,0)","=IFERROR(($AU380-D380)/$AU380,0)","=$AU380-D380"
Upscale and 10 steps to the Beach Condo,PVConcierge,,42938,74486,390.35,63.22,214,2,2,6,true,false,false,true,true,false,true,Home/Apartment,Condominium (condo),Apt/Condo/Loft,4.8,7,3,21+,Luxury,false,295,true,110,14,2026-05-16,Cape Coral/Fort Myers,Sanibel,Sanibel,Florida,33957,United States,coastal,https://www.airbnb.com/rooms/1247773200765641261,https://a0.muscache.com/im/pictures/prohost-api/Hosting-1247773200765641261/original/34eee584-cf07-438f-9f57-a769d6ac9bf2.jpeg,1247773200765641261,20051550ha,26.4348,-82.0461,"=AVERAGE($G$2:$G$689)","=AVERAGE($D$2:$D$689)","=IFERROR(($AT381-G381)/$AT381,0)","=IFERROR(($AU381-D381)/$AU381,0)","=$AU381-D381"
Shell Island Beach Club #5B,Select Vacation Properties,,42892,68321,366.6,60.31,251,2,2,6,true,false,false,true,true,false,true,Home/Apartment,Condominium (condo),Apt/Condo/Loft,5,21,1,21+,Luxury,true,217,true,117,19,2026-05-11,Cape Coral/Fort Myers,Sanibel,Sanibel,Florida,33957,United States,coastal,https://www.airbnb.com/rooms/38094697,https://a0.muscache.com/im/pictures/71033146-3098-4626-aec7-d3d8c945af89.jpg,38094697,4232030ha,26.4518,-82.02042,"=AVERAGE($G$2:$G$689)","=AVERAGE($D$2:$D$689)","=IFERROR(($AT382-G382)/$AT382,0)","=IFERROR(($AU382-D382)/$AU382,0)","=$AU382-D382"
"OCEAN'S REACH 1B2, 1-Bedroom, 2nd Floor, All Amenities Open!",Ocean's Reach Condominiums,,42885,45965,291.73,50.17,350,1,1,4,true,false,false,true,true,false,true,Home/Apartment,Condominium (condo),Apt/Condo/Loft,5,3,4,21+,Luxury,false,0,true,147,19,2026-05-17,Cape Coral/Fort Myers,Sanibel,Sanibel,Florida,33957,United States,coastal,https://www.vrbo.com/1705001,"https://media.vrbo.com/lodging/40000000/39090000/39084600/39084542/1b1235f4.jpg?impolicy=resizecrop&rw=1200&ra=fit",,1705001,26.42485,-82.06694,"=AVERAGE($G$2:$G$689)","=AVERAGE($D$2:$D$689)","=IFERROR(($AT383-G383)/$AT383,0)","=IFERROR(($AU383-D383)/$AU383,0)","=$AU383-D383"
2 Bedroom Condo With Spectacular Gulf Views,Glass Casa,,42848,86876,522.54,60.29,230,2,2,4,true,false,true,true,false,false,true,Home/Apartment,Condominium (condo),Apt/Condo/Loft,5,1,1,21+,Luxury,true,645,true,82,13,2026-05-16,Cape Coral/Fort Myers,Sanibel,Sanibel,Florida,33957,United States,coastal,https://www.airbnb.com/rooms/1365207065120695722,https://a0.muscache.com/im/pictures/prohost-api/Hosting-1365207065120695722/original/4c76e2b6-feb3-4702-aef4-e6318688504b.jpeg,1365207065120695722,4430952,26.423,-82.0778,"=AVERAGE($G$2:$G$689)","=AVERAGE($D$2:$D$689)","=IFERROR(($AT384-G384)/$AT384,0)","=IFERROR(($AU384-D384)/$AU384,0)","=$AU384-D384"
"OCEAN'S REACH 2X3: 1-Bdrm, 3rd Floor, Awesome View, All Amenities Open",Ocean's Reach Condominiums,,42806,50051,329.28,41.67,323,1,1,4,true,false,false,true,true,false,true,Home/Apartment,Condominium (condo),Apt/Condo/Loft,4.9,17,4,21+,Luxury,false,0,true,130,18,2026-05-15,Cape Coral/Fort Myers,Sanibel,Sanibel,Florida,33957,United States,coastal,https://www.vrbo.com/1705028,"https://media.vrbo.com/lodging/40000000/39090000/39086800/39086785/c26789cf.jpg?impolicy=resizecrop&rw=1200&ra=fit",,1705028,26.424688,-82.067345,"=AVERAGE($G$2:$G$689)","=AVERAGE($D$2:$D$689)","=IFERROR(($AT385-G385)/$AT385,0)","=IFERROR(($AU385-D385)/$AU385,0)","=$AU385-D385"
Island Charm Meets Modern Comfort — Walk to Sanibe,Glass Casa,,42715,52274,459.3,44.08,323,2,1,4,true,false,false,true,false,false,true,Home/Apartment,House,House/villa,5,1,7,21+,Luxury,true,571,true,93,17,2026-05-13,Cape Coral/Fort Myers,Sanibel,Sanibel,Florida,33957,United States,coastal,https://www.airbnb.com/rooms/1430491092445202033,https://a0.muscache.com/im/pictures/prohost-api/Hosting-1430491092445202033/original/cdc61a30-d31c-4419-a62d-63c4db0b7609.jpeg,1430491092445202033,4594578,26.4414,-82.0453,"=AVERAGE($G$2:$G$689)","=AVERAGE($D$2:$D$689)","=IFERROR(($AT386-G386)/$AT386,0)","=IFERROR(($AU386-D386)/$AU386,0)","=$AU386-D386"
Sundial T306- Stunning Gulf Front Condo,Royal Shell Vacations,,42497,53833,551.91,59.23,269,3,2,6,true,false,false,true,true,false,true,Home/Apartment,Condominium (condo),Apt/Condo/Loft,5,13,7,21+,Luxury,true,220,true,77,6,2026-05-13,Cape Coral/Fort Myers,Sanibel,Sanibel,Florida,33957,United States,coastal,https://www.airbnb.com/rooms/1462497294442703284,https://a0.muscache.com/im/pictures/prohost-api/Hosting-1462497294442703284/original/a7b86772-3e23-40f5-8245-762405b2a8eb.jpeg,1462497294442703284,9283304ha,26.43432,-82.05019,"=AVERAGE($G$2:$G$689)","=AVERAGE($D$2:$D$689)","=IFERROR(($AT387-G387)/$AT387,0)","=IFERROR(($AU387-D387)/$AU387,0)","=$AU387-D387"
Beautiful Home Across Street From Beach!,Breakaway VACATION PROPERTIES,,42421,109534,684.21,89.86,291,3,4,10,true,false,false,true,true,true,true,Home/Apartment,House,House/villa,5,2,28,21+,Luxury,true,794,true,62,2,2026-05-16,Cape Coral/Fort Myers,Sanibel,Sanibel,Florida,33957,United States,coastal,https://www.airbnb.com/rooms/52427123,https://a0.muscache.com/im/pictures/prohost-api/Hosting-52427123/original/566d5f4c-2bcc-44cc-a9ed-c99b491b5d79.jpeg,52427123,2399387,26.4333,-82.05282,"=AVERAGE($G$2:$G$689)","=AVERAGE($D$2:$D$689)","=IFERROR(($AT388-G388)/$AT388,0)","=IFERROR(($AU388-D388)/$AU388,0)","=$AU388-D388"
"Bandy Beach A201, Top Floor, 3 Bedroom, 2 bath, Ex",Sanibel Holiday,,42409,67682,614.62,40.35,302,3,2,6,true,false,false,true,false,false,true,Home/Apartment,Condominium (condo),Apt/Condo/Loft,4.6,45,1,21+,Luxury,false,457,true,69,13,2026-05-15,Cape Coral/Fort Myers,Sanibel,Sanibel,Florida,33957,United States,coastal,https://www.airbnb.com/rooms/1518271495874740054,https://a0.muscache.com/im/pictures/prohost-api/Hosting-1518271495874740054/original/0bd7533b-c9bc-4d30-9cfb-21375c39df4b.jpeg,1518271495874740054,7483055ha,26.4479,-82.0227,"=AVERAGE($G$2:$G$689)","=AVERAGE($D$2:$D$689)","=IFERROR(($AT389-G389)/$AT389,0)","=IFERROR(($AU389-D389)/$AU389,0)","=$AU389-D389"
"Golf for free and Gulf Views, Direct Beachfront!",Ocean's Reach Condominiums,,42347,61296,407.18,39.85,301,1,1,4,true,false,false,true,true,false,false,Home/Apartment,Apartment,Apt/Condo/Loft,4.5,19,7,21+,Luxury,false,170,true,104,20,2025-08-02,Cape Coral/Fort Myers,Sanibel,Sanibel,Florida,33957,United States,coastal,https://www.airbnb.com/rooms/1410854902599535679,https://a0.muscache.com/im/pictures/miso/Hosting-1410854902599535679/original/71c0dbc8-9e1c-4191-b0d1-7a7dd2881a1c.jpeg,1410854902599535679,1705019,26.4236514839,-82.0683011941,"=AVERAGE($G$2:$G$689)","=AVERAGE($D$2:$D$689)","=IFERROR(($AT390-G390)/$AT390,0)","=IFERROR(($AU390-D390)/$AU390,0)","=$AU390-D390"
#1532 Sanibel Moorings Dock View,RedAwning,,42339,60693,613.61,43.67,271,3,2,6,true,true,false,true,true,false,true,Home/Apartment,House,House/villa,4.8,15,1,21+,Luxury,false,152,true,69,11,2020-05-25,Cape Coral/Fort Myers,Sanibel,Sanibel,Florida,33957,United States,coastal,https://www.airbnb.com/rooms/28485151,"https://a0.muscache.com/im/pictures/961e1d8a-0939-4e70-bf9b-ba7b754227ec.jpg?aki_policy=x_large",28485151,3677601ha,26.44111,-82.03516,"=AVERAGE($G$2:$G$689)","=AVERAGE($D$2:$D$689)","=IFERROR(($AT391-G391)/$AT391,0)","=IFERROR(($AU391-D391)/$AU391,0)","=$AU391-D391"
Luxury Sanibel Condo w/ Ocean View: Steps to Beach,Evolve,,42267,104056,704.45,75,206,3,2,7,true,false,false,true,true,false,true,Home/Apartment,Condominium (condo),Apt/Condo/Loft,4.8,35,7,21+,Luxury,false,237,true,60,2,2026-05-14,Cape Coral/Fort Myers,Sanibel,Sanibel,Florida,33957,United States,coastal,https://www.airbnb.com/rooms/30675048,https://a0.muscache.com/im/pictures/prohost-api/Hosting-30675048/original/cfed0322-f52c-4b45-8c04-d9413a262496.jpeg,30675048,7484762ha,26.4225,-82.0856,"=AVERAGE($G$2:$G$689)","=AVERAGE($D$2:$D$689)","=IFERROR(($AT392-G392)/$AT392,0)","=IFERROR(($AU392-D392)/$AU392,0)","=$AU392-D392"
"OCEAN'S REACH 1C4: Top Floor, Gulf-Front View, Washer/Dryer, Amenities Open!",Ocean's Reach Condominiums,,42260,59155,346.39,56.22,257,2,2,4,true,false,false,true,true,false,true,Home/Apartment,Condominium (condo),Apt/Condo/Loft,5,4,4,21+,Luxury,false,0,true,122,15,2026-05-17,Cape Coral/Fort Myers,Sanibel,Sanibel,Florida,33957,United States,coastal,https://www.vrbo.com/1705006,"https://media.vrbo.com/lodging/40000000/39090000/39083600/39083599/ecec8c2e.jpg?impolicy=resizecrop&rw=1200&ra=fit",,1705006,26.424688,-82.067345,"=AVERAGE($G$2:$G$689)","=AVERAGE($D$2:$D$689)","=IFERROR(($AT393-G393)/$AT393,0)","=IFERROR(($AU393-D393)/$AU393,0)","=$AU393-D393"
Loggerhead Cay #143 - where the view takes your breath away,Cottages to Castles of Sanibel and Captiva,,42145,71288,453.17,46.5,242,2,2,5,true,false,false,true,true,false,true,Home/Apartment,Condominium (condo),Apt/Condo/Loft,5,20,7,6-20,Luxury,false,225,true,93,16,2026-05-16,Cape Coral/Fort Myers,Sanibel,Sanibel,Florida,33957,United States,coastal,https://www.vrbo.com/9141915ha,"https://media.vrbo.com/lodging/42000000/41830000/41822400/41822330/0329d27e.jpg?impolicy=resizecrop&rw=1200&ra=fit",,9141915ha,26.440079,-82.040614,"=AVERAGE($G$2:$G$689)","=AVERAGE($D$2:$D$689)","=IFERROR(($AT394-G394)/$AT394,0)","=IFERROR(($AU394-D394)/$AU394,0)","=$AU394-D394"
Tropical Tranquility with Gulf Views: Your Relaxin,Glass Casa,,42127,52226,462.93,59.48,290,2,2,6,true,true,false,true,false,false,true,Home/Apartment,Condominium (condo),Apt/Condo/Loft,0,0,1,21+,Luxury,true,567,true,91,14,2026-05-13,Cape Coral/Fort Myers,Sanibel,Sanibel,Florida,33957,United States,coastal,https://www.airbnb.com/rooms/1430500260614288747,https://a0.muscache.com/im/pictures/prohost-api/Hosting-1430500260614288747/original/36f9894c-f6b4-40ca-94df-347248e10ffa.jpeg,1430500260614288747,4604553,26.4387,-82.0403,"=AVERAGE($G$2:$G$689)","=AVERAGE($D$2:$D$689)","=IFERROR(($AT395-G395)/$AT395,0)","=IFERROR(($AU395-D395)/$AU395,0)","=$AU395-D395"
Gorgeous Gulf Views- Pointe Santo A35,Royal Shell Vacations,,42113,62158,467.92,48.39,296,2,2,6,true,false,true,true,false,false,true,Home/Apartment,Condominium (condo),Apt/Condo/Loft,5,2,7,21+,Luxury,true,260,true,90,10,2026-05-13,Cape Coral/Fort Myers,Sanibel,Sanibel,Florida,33957,United States,coastal,https://www.airbnb.com/rooms/1399255219387739219,https://a0.muscache.com/im/pictures/prohost-api/Hosting-1399255219387739219/original/a9953eb7-2cf1-4e4e-a0f2-c8c4580e4d36.jpeg,1399255219387739219,3243472ha,26.42329,-82.07921,"=AVERAGE($G$2:$G$689)","=AVERAGE($D$2:$D$689)","=IFERROR(($AT396-G396)/$AT396,0)","=IFERROR(($AU396-D396)/$AU396,0)","=$AU396-D396"
Pine Cove #202 is a 3/2 Beachfront vacation rental on Sanibel Island,Select Vacation Properties,,41949,73713,616.9,52.31,191,3,2,6,true,false,true,true,true,false,true,Home/Apartment,Condominium (condo),Apt/Condo/Loft,4.3,65,3,21+,Luxury,false,242,true,68,10,2026-05-13,Cape Coral/Fort Myers,Sanibel,Sanibel,Florida,33957,United States,coastal,https://www.vrbo.com/847613,"https://media.vrbo.com/lodging/22000000/21700000/21698800/21698711/f02fdb6c.jpg?impolicy=resizecrop&rw=1200&ra=fit",,847613,26.422842,-82.080426,"=AVERAGE($G$2:$G$689)","=AVERAGE($D$2:$D$689)","=IFERROR(($AT397-G397)/$AT397,0)","=IFERROR(($AU397-D397)/$AU397,0)","=$AU397-D397"
Sanibel- Completely Redone! 3 Bed/4 Bath Home- Community & Private Beach Access,,,41663,60104,683,69.32,119,3,4,6,true,false,false,true,true,false,true,Home/Apartment,House,House/villa,5,1,30,1,Luxury,false,250,false,61,2,2025-05-02,Cape Coral/Fort Myers,Sanibel,Sanibel,Florida,33957,United States,coastal,https://www.vrbo.com/1851746,"https://media.vrbo.com/lodging/46000000/45250000/45247700/45247634/21092d6f.jpg?impolicy=resizecrop&rw=1200&ra=fit",,1851746,26.443724,-82.132724,"=AVERAGE($G$2:$G$689)","=AVERAGE($D$2:$D$689)","=IFERROR(($AT398-G398)/$AT398,0)","=IFERROR(($AU398-D398)/$AU398,0)","=$AU398-D398"
Sanibel Surfside 124: Gulf Front Condo w/ Sunsets!,Sanibel Vacations,,41568,75398,489.04,60.71,261,2,2,4,true,false,false,true,true,false,true,Home/Apartment,Condominium (condo),Apt/Condo/Loft,4.8,20,1,21+,Luxury,true,478,true,85,15,2026-05-13,Cape Coral/Fort Myers,Sanibel,Sanibel,Florida,33957,United States,coastal,https://www.airbnb.com/rooms/48089406,https://a0.muscache.com/im/pictures/prohost-api/Hosting-48089406/original/dc506cc2-640e-4bd1-a6b2-60e5bfe24c45.jpeg,48089406,9543195ha,26.4357,-82.0443,"=AVERAGE($G$2:$G$689)","=AVERAGE($D$2:$D$689)","=IFERROR(($AT399-G399)/$AT399,0)","=IFERROR(($AU399-D399)/$AU399,0)","=$AU399-D399"
Ground-Floor Gulf-View Escape – Comfort & Coastal,Glass Casa,,41542,63610,539.51,44.77,264,2,2,6,true,false,true,true,false,false,true,Home/Apartment,Condominium (condo),Apt/Condo/Loft,5,1,1,21+,Luxury,true,582,true,77,13,2026-05-15,Cape Coral/Fort Myers,Sanibel,Sanibel,Florida,33957,United States,coastal,https://www.airbnb.com/rooms/1430494843408100360,https://a0.muscache.com/im/pictures/prohost-api/Hosting-1430494843408100360/original/db433bcb-6a1c-4247-b7ef-876563ab58d7.jpeg,1430494843408100360,4600754,26.4232,-82.0776,"=AVERAGE($G$2:$G$689)","=AVERAGE($D$2:$D$689)","=IFERROR(($AT400-G400)/$AT400,0)","=IFERROR(($AU400-D400)/$AU400,0)","=$AU400-D400"
Perfect Beach Vacation -Sanibel Island's Loggerhea,Glass Casa,,41335,67920,379.22,79.56,195,2,2,6,true,true,false,true,false,false,true,Home/Apartment,Condominium (condo),Apt/Condo/Loft,5,1,1,21+,Luxury,true,556,true,109,12,2026-05-14,Cape Coral/Fort Myers,Sanibel,Sanibel,Florida,33957,United States,coastal,https://www.airbnb.com/rooms/1402307726390314646,https://a0.muscache.com/im/pictures/prohost-api/Hosting-1402307726390314646/original/3cc8ffe2-dce6-4965-a736-6e65d0fcb616.jpeg,1402307726390314646,4530717,26.4385,-82.0406,"=AVERAGE($G$2:$G$689)","=AVERAGE($D$2:$D$689)","=IFERROR(($AT401-G401)/$AT401,0)","=IFERROR(($AU401-D401)/$AU401,0)","=$AU401-D401"
Tarpon Beach 106,Kingfisher Vacations,,41129,113710,563.41,79.35,110,2,2,6,true,false,false,true,true,false,true,Home/Apartment,Condominium (condo),Apt/Condo/Loft,5,2,7,21+,Luxury,true,300,true,73,7,2026-05-13,Cape Coral/Fort Myers,Sanibel,Sanibel,Florida,33957,United States,coastal,https://www.airbnb.com/rooms/1325482489512711690,https://a0.muscache.com/im/pictures/prohost-api/Hosting-1325482489512711690/original/ae882262-c2c8-466a-ba80-8bdfdefb15ce.jpeg,1325482489512711690,4363434,26.4233,-82.0794,"=AVERAGE($G$2:$G$689)","=AVERAGE($D$2:$D$689)","=IFERROR(($AT402-G402)/$AT402,0)","=IFERROR(($AU402-D402)/$AU402,0)","=$AU402-D402"
Sanibel Surfside 111: Gulf Front End Unit 2 Lanais,Sanibel Vacations,,41128,65746,442.24,65.49,274,2,2,4,true,false,false,true,true,false,false,Home/Apartment,Condominium (condo),Apt/Condo/Loft,4.9,50,7,21+,Luxury,true,559,true,93,15,2026-05-13,Cape Coral/Fort Myers,Sanibel,Sanibel,Florida,33957,United States,coastal,https://www.airbnb.com/rooms/1378937703775727495,https://a0.muscache.com/im/pictures/prohost-api/Hosting-1378937703775727495/original/3b9547c5-99f9-41ea-b3a9-762080dfeb89.jpeg,1378937703775727495,4085236ha,26.4356,-82.0445,"=AVERAGE($G$2:$G$689)","=AVERAGE($D$2:$D$689)","=IFERROR(($AT403-G403)/$AT403,0)","=IFERROR(($AU403-D403)/$AU403,0)","=$AU403-D403"
"Golf for free and Gulf Views, Direct Beachfront!",,,41083,49245,395.03,38.1,320,1,1,4,true,false,false,true,true,false,true,Home/Apartment,Condominium (condo),Apt/Condo/Loft,0,0,4,1,Luxury,false,170,true,104,16,2026-05-13,Cape Coral/Fort Myers,Sanibel,Sanibel,Florida,33957,United States,coastal,https://www.vrbo.com/4561648,"https://media.vrbo.com/lodging/116000000/115660000/115653300/115653215/e26a3213.jpg?impolicy=resizecrop&rw=1200&ra=fit",,4561648,26.428637,-82.066263,"=AVERAGE($G$2:$G$689)","=AVERAGE($D$2:$D$689)","=IFERROR(($AT404-G404)/$AT404,0)","=IFERROR(($AU404-D404)/$AU404,0)","=$AU404-D404"
"Sanibel Gulf front Gem – 2BR with Pool, Views & Be",Glass Casa,,41075,98380,578.52,64.55,127,2,2,6,true,true,false,true,false,false,true,Home/Apartment,Condominium (condo),Apt/Condo/Loft,0,0,1,21+,Luxury,true,514,true,71,11,2026-01-13,Cape Coral/Fort Myers,Sanibel,Sanibel,Florida,33957,United States,coastal,https://www.airbnb.com/rooms/1415516371124108219,https://a0.muscache.com/im/pictures/prohost-api/Hosting-1415516371124108219/original/8e542d79-2c7e-4ece-bbe9-8165379f6ff6.jpeg,1415516371124108219,4561417,26.4383,-82.0402,"=AVERAGE($G$2:$G$689)","=AVERAGE($D$2:$D$689)","=IFERROR(($AT405-G405)/$AT405,0)","=IFERROR(($AU405-D405)/$AU405,0)","=$AU405-D405"
Relax in Peaceful Paradise Directly on the Beach,Sanibel Arms West Condo Association,,41066,61879,540.34,48.1,237,2,2,6,true,false,false,true,false,false,true,Home/Apartment,Condominium (condo),Apt/Condo/Loft,0,0,4,21+,Luxury,false,225,true,76,17,2026-05-17,Cape Coral/Fort Myers,Sanibel,Sanibel,Florida,33957,United States,coastal,https://www.vrbo.com/4600972,"https://media.vrbo.com/lodging/117000000/116550000/116541600/116541529/d7096b8e.jpg?impolicy=resizecrop&rw=1200&ra=fit",,4600972,26.441867,-82.033501,"=AVERAGE($G$2:$G$689)","=AVERAGE($D$2:$D$689)","=IFERROR(($AT406-G406)/$AT406,0)","=IFERROR(($AU406-D406)/$AU406,0)","=$AU406-D406"
"Villa Sanibel 1A, 2 Bedroom Condo with Gulf Front",Sanibel Holiday,,40999,103768,561.63,57.03,207,2,2,6,true,false,false,true,false,false,true,Home/Apartment,Condominium (condo),Apt/Condo/Loft,4.7,52,1,21+,Luxury,false,644,true,73,14,2026-05-15,Cape Coral/Fort Myers,Sanibel,Sanibel,Florida,33957,United States,coastal,https://www.airbnb.com/rooms/1518264662404734899,https://a0.muscache.com/im/pictures/prohost-api/Hosting-1518264662404734899/original/ab2f758d-1cc6-4cf9-b56c-652298606d3f.jpeg,1518264662404734899,7607245ha,26.4225,-82.0754,"=AVERAGE($G$2:$G$689)","=AVERAGE($D$2:$D$689)","=IFERROR(($AT407-G407)/$AT407,0)","=IFERROR(($AU407-D407)/$AU407,0)","=$AU407-D407"
Sanibel Beachfront Condo - Sandalfoot 1B1,Gulf Coast Vacation Rentals,,40944,55993,305.55,46.53,293,1,1,4,true,false,false,true,true,false,true,Home/Apartment,Condominium (condo),Apt/Condo/Loft,4.95,11,7,21+,Luxury,true,220,true,134,19,2026-05-16,Cape Coral/Fort Myers,Sanibel,Sanibel,Florida,33957,United States,coastal,https://www.airbnb.com/rooms/1298660520636393445,https://a0.muscache.com/im/pictures/prohost-api/Hosting-1298660520636393445/original/93cb7620-f806-4ad0-b00b-ceaddd4f84fb.jpeg,1298660520636393445,20124728ha,26.4429740428,-82.0308003685,"=AVERAGE($G$2:$G$689)","=AVERAGE($D$2:$D$689)","=IFERROR(($AT408-G408)/$AT408,0)","=IFERROR(($AU408-D408)/$AU408,0)","=$AU408-D408"
3rd-Floor Island Getaway w/ Lagoon Views – Walk to,Glass Casa,,40917,51337,421.82,51.32,317,1,1,4,true,false,true,true,false,false,true,Home/Apartment,Condominium (condo),Apt/Condo/Loft,4.6,5,1,21+,Luxury,true,516,true,97,17,2026-05-17,Cape Coral/Fort Myers,Sanibel,Sanibel,Florida,33957,United States,coastal,https://www.airbnb.com/rooms/1415516022687766852,https://a0.muscache.com/im/pictures/prohost-api/Hosting-1415516022687766852/original/a9e392be-88af-4377-9214-e74331f9785d.jpeg,1415516022687766852,4554321,26.4236,-82.0779,"=AVERAGE($G$2:$G$689)","=AVERAGE($D$2:$D$689)","=IFERROR(($AT409-G409)/$AT409,0)","=IFERROR(($AU409-D409)/$AU409,0)","=$AU409-D409"
Stunning Gulf Views- Pointe Santo A36,Royal Shell Vacations,,40836,60636,492,40.29,315,2,2,6,true,false,false,true,true,false,false,Home/Apartment,Condominium (condo),Apt/Condo/Loft,0,0,7,21+,Luxury,true,265,true,83,9,2026-05-13,Cape Coral/Fort Myers,Sanibel,Sanibel,Florida,33957,United States,coastal,https://www.airbnb.com/rooms/1399255246262075573,https://a0.muscache.com/im/pictures/prohost-api/Hosting-1399255246262075573/original/234d3e6e-4ad6-4047-b9f7-3725b22e5186.jpeg,1399255246262075573,,26.4227691625,-82.0793727049,"=AVERAGE($G$2:$G$689)","=AVERAGE($D$2:$D$689)","=IFERROR(($AT410-G410)/$AT410,0)","=IFERROR(($AU410-D410)/$AU410,0)","=$AU410-D410"
#1641 Sanibel Moorings Dock View,RedAwning,,40728,58698,490.7,57.24,206,2,2,6,true,true,false,true,true,false,true,Home/Apartment,House,House/villa,4.5,12,1,21+,Luxury,false,152,true,83,15,2020-05-17,Cape Coral/Fort Myers,Sanibel,Sanibel,Florida,33957,United States,coastal,https://www.airbnb.com/rooms/41541395,"https://a0.muscache.com/im/pictures/5b70b5e0-b14e-455c-a0f6-c3eef576eda4.jpg?aki_policy=x_large",41541395,3677576ha,26.44143,-82.03539,"=AVERAGE($G$2:$G$689)","=AVERAGE($D$2:$D$689)","=IFERROR(($AT411-G411)/$AT411,0)","=IFERROR(($AU411-D411)/$AU411,0)","=$AU411-D411"
Sandy Bend 6,Kingfisher Vacations,,40702,51873,689.86,71.08,99,2,2,4,true,false,false,true,true,false,true,Home/Apartment,Condominium (condo),Apt/Condo/Loft,5,7,4,21+,Luxury,true,300,true,59,9,2026-05-15,Cape Coral/Fort Myers,Sanibel,Sanibel,Florida,33957,United States,coastal,https://www.airbnb.com/rooms/49319897,https://a0.muscache.com/im/pictures/prohost-api/Hosting-49319897/original/3106c4ad-4e6d-4a0d-a94d-07298060b73e.jpeg,49319897,,26.427,-82.09576,"=AVERAGE($G$2:$G$689)","=AVERAGE($D$2:$D$689)","=IFERROR(($AT412-G412)/$AT412,0)","=IFERROR(($AU412-D412)/$AU412,0)","=$AU412-D412"
Beautiful 3-BR Sanibel Home with a Private Pool –,Glass Casa,,40636,44047,310.2,82.39,231,3,2,10,true,false,false,true,false,false,true,Home/Apartment,House,House/villa,0,0,28,21+,Luxury,true,275,true,131,6,2026-05-15,Cape Coral/Fort Myers,Sanibel,Sanibel,Florida,33957,United States,coastal,https://www.airbnb.com/rooms/1481905920826007007,https://a0.muscache.com/im/pictures/prohost-api/Hosting-1481905920826007007/original/00df26d1-b724-4ba7-b43f-58a0f2e71723.jpeg,1481905920826007007,4677648,26.4302,-82.0962,"=AVERAGE($G$2:$G$689)","=AVERAGE($D$2:$D$689)","=IFERROR(($AT413-G413)/$AT413,0)","=IFERROR(($AU413-D413)/$AU413,0)","=$AU413-D413"
Island Escape with Lagoon & Gulf Views – Modern 2B,Glass Casa,,40604,76076,520.56,57.35,262,2,2,6,true,false,true,true,false,false,true,Home/Apartment,Condominium (condo),Apt/Condo/Loft,0,0,1,21+,Luxury,true,581,true,78,13,2026-05-17,Cape Coral/Fort Myers,Sanibel,Sanibel,Florida,33957,United States,coastal,https://www.airbnb.com/rooms/1430485000642097509,https://a0.muscache.com/im/pictures/prohost-api/Hosting-1430485000642097509/original/7fe0a6ca-3599-4d94-ba95-3fd7d477d7fe.jpeg,1430485000642097509,4583351,26.4236,-82.0779,"=AVERAGE($G$2:$G$689)","=AVERAGE($D$2:$D$689)","=IFERROR(($AT414-G414)/$AT414,0)","=IFERROR(($AU414-D414)/$AU414,0)","=$AU414-D414"
Watch Dolphins From Your Lanai,PVConcierge,,40487,68365,426.18,42.79,265,2,2,6,true,false,false,true,true,false,true,Home/Apartment,Condominium (condo),Apt/Condo/Loft,4.8,5,3,21+,Luxury,false,307,true,95,21,2026-05-17,Cape Coral/Fort Myers,Sanibel,Sanibel,Florida,33957,United States,coastal,https://www.airbnb.com/rooms/29680894,https://a0.muscache.com/im/pictures/prohost-api/Hosting-29680894/original/7a2e4778-01c7-4a69-8233-a443465fbc11.jpeg,29680894,9430150ha,26.4348,-82.0461,"=AVERAGE($G$2:$G$689)","=AVERAGE($D$2:$D$689)","=IFERROR(($AT415-G415)/$AT415,0)","=IFERROR(($AU415-D415)/$AU415,0)","=$AU415-D415"
#231 Sanibel Moorings Courtyard View,RedAwning,,40402,55992,384.78,44.3,287,2,2,6,true,true,false,true,true,false,true,Home/Apartment,House,House/villa,4.9,19,1,21+,Luxury,false,152,true,105,21,2020-05-17,Cape Coral/Fort Myers,Sanibel,Sanibel,Florida,33957,United States,coastal,https://www.airbnb.com/rooms/28485264,"https://a0.muscache.com/im/pictures/72f0fc99-289a-4199-858c-db9bf50474c9.jpg?aki_policy=x_large",28485264,3677510ha,26.44141,-82.03535,"=AVERAGE($G$2:$G$689)","=AVERAGE($D$2:$D$689)","=IFERROR(($AT416-G416)/$AT416,0)","=IFERROR(($AU416-D416)/$AU416,0)","=$AU416-D416"
Living The Dream,PVConcierge,,40332,95214,453.17,65.44,150,2,2,6,true,false,false,true,true,false,true,Home/Apartment,Condominium (condo),Apt/Condo/Loft,4.85,15,3,21+,Luxury,false,307,true,89,14,2026-05-15,Cape Coral/Fort Myers,Sanibel,Sanibel,Florida,33957,United States,coastal,https://www.airbnb.com/rooms/29680915,https://a0.muscache.com/im/pictures/hosting/Hosting-29680915/original/15285003-e0e8-4f83-8ec1-c026dbaba2f1.jpeg,29680915,3936964ha,26.4348,-82.0461,"=AVERAGE($G$2:$G$689)","=AVERAGE($D$2:$D$689)","=IFERROR(($AT417-G417)/$AT417,0)","=IFERROR(($AU417-D417)/$AU417,0)","=$AU417-D417"
Gulf-View Escape at Pointe Santo 2-Bedroom Island,Glass Casa,,40320,67999,530.53,52.41,276,2,2,6,true,false,true,true,false,false,true,Home/Apartment,Condominium (condo),Apt/Condo/Loft,5,1,4,21+,Luxury,true,569,true,76,14,2026-05-13,Cape Coral/Fort Myers,Sanibel,Sanibel,Florida,33957,United States,coastal,https://www.airbnb.com/rooms/1430489474870989802,https://a0.muscache.com/im/pictures/prohost-api/Hosting-1430489474870989802/original/d163c0ea-e52d-4deb-a08b-1ee6064c95c1.jpeg,1430489474870989802,4596208,26.4231,-82.0781,"=AVERAGE($G$2:$G$689)","=AVERAGE($D$2:$D$689)","=IFERROR(($AT418-G418)/$AT418,0)","=IFERROR(($AU418-D418)/$AU418,0)","=$AU418-D418"
Sundial N301 in Sanibel,VIP Vacation Rentals,,40067,46305,488.62,50,166,3,2,6,false,false,false,false,true,false,false,Home/Apartment,Condominium (condo),Apt/Condo/Loft,5,2,7,21+,Luxury,false,0,true,82,11,2025-04-05,Cape Coral/Fort Myers,Sanibel,Sanibel,Florida,33957,United States,coastal,https://www.vrbo.com/4193723,"https://media.vrbo.com/lodging/109000000/108930000/108921700/108921663/fad519b6.jpg?impolicy=resizecrop&rw=1200&ra=fit",,4193723,26.43355,-82.05004,"=AVERAGE($G$2:$G$689)","=AVERAGE($D$2:$D$689)","=IFERROR(($AT419-G419)/$AT419,0)","=IFERROR(($AU419-D419)/$AU419,0)","=$AU419-D419"
#811 Sanibel Moorings Courtyard View,RedAwning,,40042,48124,417.1,40.51,283,2,2,4,true,true,false,true,true,false,true,Home/Apartment,House,House/villa,4.8,9,1,21+,Luxury,false,152,true,96,21,2020-03-14,Cape Coral/Fort Myers,Sanibel,Sanibel,Florida,33957,United States,coastal,https://www.airbnb.com/rooms/39627794,"https://a0.muscache.com/im/pictures/c269a433-2cc3-4a0f-9605-70c02bd5acaf.jpg?aki_policy=x_large",39627794,3677553ha,26.44124,-82.03537,"=AVERAGE($G$2:$G$689)","=AVERAGE($D$2:$D$689)","=IFERROR(($AT420-G420)/$AT420,0)","=IFERROR(($AU420-D420)/$AU420,0)","=$AU420-D420"
"Island Sanctuary: Canal Home with Pool, Pets OK!",Sanibel Vacations,,40038,46434,270.53,77.08,309,3,2,6,true,false,false,true,true,true,true,Home/Apartment,House,House/villa,5,1,1,21+,Luxury,true,667,true,148,7,2026-05-13,Cape Coral/Fort Myers,Sanibel,Sanibel,Florida,33957,United States,coastal,https://www.airbnb.com/rooms/1224717148362952830,https://a0.muscache.com/im/pictures/prohost-api/Hosting-1224717148362952830/original/56ed3c4a-93fc-447d-a39f-14ee47ab9748.jpeg,1224717148362952830,9996232ha,26.4484,-82.0358,"=AVERAGE($G$2:$G$689)","=AVERAGE($D$2:$D$689)","=IFERROR(($AT421-G421)/$AT421,0)","=IFERROR(($AU421-D421)/$AU421,0)","=$AU421-D421"
#132 Sanibel Moorings Gulf View,RedAwning,,40014,50974,388.49,37.18,308,1,1,2,true,true,false,true,true,false,true,Home/Apartment,House,House/villa,4.6,14,1,21+,Luxury,false,152,true,103,24,2020-05-23,Cape Coral/Fort Myers,Sanibel,Sanibel,Florida,33957,United States,coastal,https://www.airbnb.com/rooms/28485325,"https://a0.muscache.com/im/pictures/0a5fc2dc-a731-4cc0-9369-6dba2d2e3c6f.jpg?aki_policy=x_large",28485325,3814159ha,26.44155,-82.03573,"=AVERAGE($G$2:$G$689)","=AVERAGE($D$2:$D$689)","=IFERROR(($AT422-G422)/$AT422,0)","=IFERROR(($AU422-D422)/$AU422,0)","=$AU422-D422"
Ground-Floor Island Escape at Coquina Beach – Now,Glass Casa,,39864,69518,531.52,44.91,265,2,2,5,true,true,false,true,false,false,true,Home/Apartment,Condominium (condo),Apt/Condo/Loft,5,2,1,21+,Luxury,true,543,true,75,10,2026-05-14,Cape Coral/Fort Myers,Sanibel,Sanibel,Florida,33957,United States,coastal,https://www.airbnb.com/rooms/1430485742788925368,https://a0.muscache.com/im/pictures/prohost-api/Hosting-1430485742788925368/original/61050867-9059-4c4e-b862-bf2785c871ba.jpeg,1430485742788925368,4592667,26.4361,-82.0436,"=AVERAGE($G$2:$G$689)","=AVERAGE($D$2:$D$689)","=IFERROR(($AT423-G423)/$AT423,0)","=IFERROR(($AU423-D423)/$AU423,0)","=$AU423-D423"
#922 Sanibel Moorings Courtyard View,RedAwning,,39796,48291,334.42,44.4,318,1,1,2,true,true,false,true,true,false,true,Home/Apartment,House,House/villa,5,27,1,21+,Luxury,false,152,true,119,21,2020-05-12,Cape Coral/Fort Myers,Sanibel,Sanibel,Florida,33957,United States,coastal,https://www.airbnb.com/rooms/28485095,"https://a0.muscache.com/im/pictures/3543a992-ef06-4ae7-9af9-31328d124dfa.jpg?aki_policy=x_large",28485095,3677562ha,26.44154,-82.03598,"=AVERAGE($G$2:$G$689)","=AVERAGE($D$2:$D$689)","=IFERROR(($AT424-G424)/$AT424,0)","=IFERROR(($AU424-D424)/$AU424,0)","=$AU424-D424"
Beautiful Pointe Santo Overlooking Gulf,Breakaway VACATION PROPERTIES,,39726,83789,472.93,75.68,179,3,2,8,true,false,false,true,true,false,true,Home/Apartment,Condominium (condo),Apt/Condo/Loft,4.5,9,7,21+,Luxury,true,395,true,84,11,2026-05-16,Cape Coral/Fort Myers,Sanibel,Sanibel,Florida,33957,United States,coastal,https://www.airbnb.com/rooms/562418953274323158,https://a0.muscache.com/im/pictures/prohost-api/Hosting-562418953274323158/original/66fa8d19-5d6c-40d3-9e5b-4210adbb178e.jpeg,562418953274323158,2633375,26.42327,-82.07707,"=AVERAGE($G$2:$G$689)","=AVERAGE($D$2:$D$689)","=IFERROR(($AT425-G425)/$AT425,0)","=IFERROR(($AU425-D425)/$AU425,0)","=$AU425-D425"
Gulf Coast - 1BR Sanibel Condo - Colony Inn 52,Colony Inn,,39651,46614,314.69,70.79,180,1,1,6,true,false,false,true,true,false,true,Home/Apartment,Condominium (condo),Apt/Condo/Loft,4.7,41,1,21+,Luxury,true,121,true,126,27,2026-05-11,Cape Coral/Fort Myers,Sanibel,Sanibel,Florida,33957,United States,coastal,https://www.airbnb.com/rooms/45987019,https://a0.muscache.com/im/pictures/prohost-api/Hosting-45987019/original/caa8cc18-81ad-4af6-9663-d61d570ead08.jpeg,45987019,2059981,26.44705,-82.0247,"=AVERAGE($G$2:$G$689)","=AVERAGE($D$2:$D$689)","=IFERROR(($AT426-G426)/$AT426,0)","=IFERROR(($AU426-D426)/$AU426,0)","=$AU426-D426"
Updated and Tranquil Point Santo Condo Partial Gulf Views- 2 Bedroom- 2 Bath,Kingfisher Vacation Rentals,,39626,81627,460.77,55.13,257,2,2,5,true,false,false,true,true,false,true,Home/Apartment,Condominium (condo),Apt/Condo/Loft,4.9,23,4,6-20,Luxury,false,300,true,86,15,2026-05-16,Cape Coral/Fort Myers,Sanibel,Sanibel,Florida,33957,United States,coastal,https://www.vrbo.com/1296406,"https://media.vrbo.com/lodging/24000000/23400000/23393100/23393060/563a073b.jpg?impolicy=resizecrop&rw=1200&ra=fit",,1296406,26.423127,-82.077594,"=AVERAGE($G$2:$G$689)","=AVERAGE($D$2:$D$689)","=IFERROR(($AT427-G427)/$AT427,0)","=IFERROR(($AU427-D427)/$AU427,0)","=$AU427-D427"
Sundial L304- Beautiful Gulf Front,Royal Shell Vacations,,39571,71130,454.84,50,228,2,2,6,false,false,false,false,true,false,false,Home/Apartment,Condominium (condo),Apt/Condo/Loft,4.9,16,7,21+,Luxury,true,170,true,87,12,2026-05-15,Cape Coral/Fort Myers,Sanibel,Sanibel,Florida,33957,United States,coastal,https://www.airbnb.com/rooms/1471826003481432763,https://a0.muscache.com/im/pictures/prohost-api/Hosting-1471826003481432763/original/b693f789-859c-499c-b745-527114ff03f1.jpeg,1471826003481432763,3505386ha,26.43419,-82.04997,"=AVERAGE($G$2:$G$689)","=AVERAGE($D$2:$D$689)","=IFERROR(($AT428-G428)/$AT428,0)","=IFERROR(($AU428-D428)/$AU428,0)","=$AU428-D428"
#932 Sanibel Moorings Courtyard View,RedAwning,,39458,65766,499.47,71.17,163,2,2,4,true,true,false,true,true,false,true,Home/Apartment,House,House/villa,5,11,1,21+,Luxury,false,152,true,79,14,2020-05-17,Cape Coral/Fort Myers,Sanibel,Sanibel,Florida,33957,United States,coastal,https://www.airbnb.com/rooms/37604354,"https://a0.muscache.com/im/pictures/3d2ab057-810b-4bf7-9d31-cbd2cfa4dfba.jpg?aki_policy=x_large",37604354,3677529ha,26.43974,-82.03385,"=AVERAGE($G$2:$G$689)","=AVERAGE($D$2:$D$689)","=IFERROR(($AT429-G429)/$AT429,0)","=IFERROR(($AU429-D429)/$AU429,0)","=$AU429-D429"
Pine Cove #202,Select Vacation Properties,,39289,106784,516.96,58.46,155,3,2,6,true,false,false,true,true,false,true,Home/Apartment,Condominium (condo),Apt/Condo/Loft,3.35,3,1,21+,Luxury,true,319,true,76,13,2026-05-13,Cape Coral/Fort Myers,Sanibel,Sanibel,Florida,33957,United States,coastal,https://www.airbnb.com/rooms/38094705,https://a0.muscache.com/im/pictures/prohost-api/Hosting-38094705/original/d7fdd10d-23b7-437a-8760-2fa7e96d03ff.jpeg,38094705,,26.42409,-82.08118,"=AVERAGE($G$2:$G$689)","=AVERAGE($D$2:$D$689)","=IFERROR(($AT430-G430)/$AT430,0)","=IFERROR(($AU430-D430)/$AU430,0)","=$AU430-D430"
"Newly Renovated Garden View 1 bed, 1 bath at Sanibel Moorings #211",Sanibel Moorings Resort,,39162,41027,321,37.89,339,1,1,4,true,true,false,true,true,true,true,Home/Apartment,Condominium (condo),Apt/Condo/Loft,4.9,20,3,21+,Luxury,false,25,true,122,23,2026-05-15,Cape Coral/Fort Myers,Sanibel,Sanibel,Florida,33957,United States,coastal,https://www.vrbo.com/3677506ha,"https://media.vrbo.com/lodging/40000000/39850000/39849900/39849805/5ff29b52.jpg?impolicy=resizecrop&rw=1200&ra=fit",,3677506ha,26.441032,-82.036303,"=AVERAGE($G$2:$G$689)","=AVERAGE($D$2:$D$689)","=IFERROR(($AT431-G431)/$AT431,0)","=IFERROR(($AU431-D431)/$AU431,0)","=$AU431-D431"
Compass Point #243 - A Relaxing Retreat on Sanibel,Select Vacation Properties,,39112,57408,611.12,49.23,205,2,2,4,true,false,false,true,false,false,true,Home/Apartment,Condominium (condo),Apt/Condo/Loft,5,2,1,21+,Luxury,true,336,true,64,10,2026-05-14,Cape Coral/Fort Myers,Sanibel,Sanibel,Florida,33957,United States,coastal,https://www.airbnb.com/rooms/1313793276026139850,https://a0.muscache.com/im/pictures/prohost-api/Hosting-1313793276026139850/original/f783bdb2-77d2-4428-8718-23f0594bf990.jpeg,1313793276026139850,4334934,26.4344,-82.047,"=AVERAGE($G$2:$G$689)","=AVERAGE($D$2:$D$689)","=IFERROR(($AT432-G432)/$AT432,0)","=IFERROR(($AU432-D432)/$AU432,0)","=$AU432-D432"
Sundial F106 - Renovated Ground Floor Residence,Rosen Vacations,,39082,49747,336.91,46.4,316,1,1,4,true,false,false,true,true,false,false,Home/Apartment,Condominium (condo),Apt/Condo/Loft,4.65,33,3,21+,Luxury,true,349,true,116,29,2026-05-14,Cape Coral/Fort Myers,Sanibel,Sanibel,Florida,33957,United States,coastal,https://www.airbnb.com/rooms/50726746,https://a0.muscache.com/im/pictures/prohost-api/Hosting-50726746/original/67af46e9-5e33-43c0-91cf-e9f5414c67d9.jpeg,50726746,2411244,26.4344,-82.0485,"=AVERAGE($G$2:$G$689)","=AVERAGE($D$2:$D$689)","=IFERROR(($AT433-G433)/$AT433,0)","=IFERROR(($AU433-D433)/$AU433,0)","=$AU433-D433"
Island Paradise a minutes walk to the Beach,Sanibel Arms West Condo Association,,38767,39152,456.08,47.75,301,2,2,4,true,false,false,true,false,false,true,Home/Apartment,Condominium (condo),Apt/Condo/Loft,5,2,4,21+,Luxury,false,225,false,85,14,2026-05-16,Cape Coral/Fort Myers,Sanibel,Sanibel,Florida,33957,United States,coastal,https://www.vrbo.com/4600963,"https://media.vrbo.com/lodging/117000000/116550000/116541500/116541460/46b8bafe.jpg?impolicy=resizecrop&rw=1200&ra=fit",,4600963,26.442065,-82.033595,"=AVERAGE($G$2:$G$689)","=AVERAGE($D$2:$D$689)","=IFERROR(($AT434-G434)/$AT434,0)","=IFERROR(($AU434-D434)/$AU434,0)","=$AU434-D434"
New! Blue Pelican and stunning,Breakaway VACATION PROPERTIES,,38741,47000,307.47,52.94,302,3,2,6,true,false,false,true,true,true,true,Home/Apartment,House,House/villa,0,0,28,21+,Luxury,true,400,true,126,8,2026-05-14,Cape Coral/Fort Myers,Sanibel,Sanibel,Florida,33957,United States,coastal,https://www.airbnb.com/rooms/1344339389159651196,https://a0.muscache.com/im/pictures/prohost-api/Hosting-1344339389159651196/original/bb49672b-614d-4c95-9912-2dd4fb212197.jpeg,1344339389159651196,2988487,26.47473,-82.16829,"=AVERAGE($G$2:$G$689)","=AVERAGE($D$2:$D$689)","=IFERROR(($AT435-G435)/$AT435,0)","=IFERROR(($AU435-D435)/$AU435,0)","=$AU435-D435"
"Tropical Paradise 2 bedroom, 2 bath condo with Roo",Glass Casa,,38696,48039,655.86,76.62,93,2,2,6,true,false,true,true,false,false,true,Home/Apartment,Condominium (condo),Apt/Condo/Loft,0,0,5,21+,Luxury,true,569,false,59,10,2026-05-13,Cape Coral/Fort Myers,Sanibel,Sanibel,Florida,33957,United States,coastal,https://www.airbnb.com/rooms/1595029689499223977,https://a0.muscache.com/im/pictures/prohost-api/Hosting-1595029689499223977/original/37de9551-1840-4c1c-b7a2-81a3ade0e465.jpeg,1595029689499223977,4941597,26.4236,-82.0775,"=AVERAGE($G$2:$G$689)","=AVERAGE($D$2:$D$689)","=IFERROR(($AT436-G436)/$AT436,0)","=IFERROR(($AU436-D436)/$AU436,0)","=$AU436-D436"
Discover Coastal Bliss at This Top-Floor Sanibel E,Glass Casa,,38637,41967,471.18,52.56,322,2,2,6,true,false,false,true,false,false,true,Home/Apartment,Condominium (condo),Apt/Condo/Loft,0,0,1,21+,Luxury,true,584,true,82,14,2026-05-17,Cape Coral/Fort Myers,Sanibel,Sanibel,Florida,33957,United States,coastal,https://www.airbnb.com/rooms/1430505261713307201,https://a0.muscache.com/im/pictures/prohost-api/Hosting-1430505261713307201/original/e1b1b572-7908-4ffb-879f-628a5123e892.jpeg,1430505261713307201,4606454,26.4505,-82.0203,"=AVERAGE($G$2:$G$689)","=AVERAGE($D$2:$D$689)","=IFERROR(($AT437-G437)/$AT437,0)","=IFERROR(($AU437-D437)/$AU437,0)","=$AU437-D437"
Atrium #304 - Beachfront Sanibel,Select Vacation Properties,,38631,95386,371.45,59.09,224,2,2,6,true,false,false,true,true,false,true,Home/Apartment,Condominium (condo),Apt/Condo/Loft,5,1,1,21+,Luxury,true,322,true,104,17,2026-05-17,Cape Coral/Fort Myers,Sanibel,Sanibel,Florida,33957,United States,coastal,https://www.airbnb.com/rooms/38094703,https://a0.muscache.com/im/pictures/822a228f-bef6-4c9e-bcd1-b11ad32ccd92.jpg,38094703,1877410,26.42513,-82.09129,"=AVERAGE($G$2:$G$689)","=AVERAGE($D$2:$D$689)","=IFERROR(($AT438-G438)/$AT438,0)","=IFERROR(($AU438-D438)/$AU438,0)","=$AU438-D438"
Brand New Remodeled Unit! Sanibel Gulf Views w/Poo,Glass Casa,,38497,82140,542.21,57.72,168,2,2,6,true,true,false,true,false,true,true,Home/Apartment,Condominium (condo),Apt/Condo/Loft,5,2,1,21+,Luxury,true,583,true,71,14,2026-04-16,Cape Coral/Fort Myers,Sanibel,Sanibel,Florida,33957,United States,coastal,https://www.airbnb.com/rooms/1415516994182387551,https://a0.muscache.com/im/pictures/prohost-api/Hosting-1415516994182387551/original/b3b021bd-7f06-45e2-a851-f3d6e6cc703c.jpeg,1415516994182387551,4561418,26.4381,-82.0406,"=AVERAGE($G$2:$G$689)","=AVERAGE($D$2:$D$689)","=IFERROR(($AT439-G439)/$AT439,0)","=IFERROR(($AU439-D439)/$AU439,0)","=$AU439-D439"
Villa Sanibel - 2F - An Island Hideaway!,75022709,,38447,52810,392.32,74.81,250,3,2,6,true,false,false,true,true,false,true,Home/Apartment,Condominium (condo),Apt/Condo/Loft,4.75,80,6,1,Luxury,false,115,false,98,13,2026-05-14,Cape Coral/Fort Myers,Sanibel,Sanibel,Florida,33957,United States,coastal,https://www.airbnb.com/rooms/13293501,"https://a0.muscache.com/im/pictures/hosting/Hosting-U3RheVN1cHBseUxpc3Rpbmc6MTMyOTM1MDE=/original/60da7aa5-8b2c-4437-8537-4a9ab66816fe.jpeg",13293501,301396ha,26.42408,-82.07332,"=AVERAGE($G$2:$G$689)","=AVERAGE($D$2:$D$689)","=IFERROR(($AT440-G440)/$AT440,0)","=IFERROR(($AU440-D440)/$AU440,0)","=$AU440-D440"
1BR Condo - Beachside - Colony Inn 51,Colony Inn,,38345,52018,290.49,87.42,159,1,1,5,true,false,false,true,true,false,true,Home/Apartment,Condominium (condo),Apt/Condo/Loft,4.85,70,1,21+,Luxury,true,120,true,132,29,2026-05-13,Cape Coral/Fort Myers,Sanibel,Sanibel,Florida,33957,United States,coastal,https://www.airbnb.com/rooms/36142265,https://a0.muscache.com/im/pictures/prohost-api/Hosting-36142265/original/109ff0ef-47ac-434e-a099-86846215f996.jpeg,36142265,1766735,26.44844,-82.0232,"=AVERAGE($G$2:$G$689)","=AVERAGE($D$2:$D$689)","=IFERROR(($AT441-G441)/$AT441,0)","=IFERROR(($AU441-D441)/$AU441,0)","=$AU441-D441"
Pointe Santo C1 Ground-Floor Gulfside Comfort | Up,Glass Casa,,38215,51217,444.36,51.5,311,2,2,6,true,false,true,true,false,false,true,Home/Apartment,Condominium (condo),Apt/Condo/Loft,5,1,1,21+,Luxury,true,594,true,86,12,2026-05-15,Cape Coral/Fort Myers,Sanibel,Sanibel,Florida,33957,United States,coastal,https://www.airbnb.com/rooms/1430493032560985430,https://a0.muscache.com/im/pictures/prohost-api/Hosting-1430493032560985430/original/bdb61246-4b8b-4b54-bf8a-b32affd72f7f.jpeg,1430493032560985430,4596210,26.4236,-82.0779,"=AVERAGE($G$2:$G$689)","=AVERAGE($D$2:$D$689)","=IFERROR(($AT442-G442)/$AT442,0)","=IFERROR(($AU442-D442)/$AU442,0)","=$AU442-D442"
Gulf-Front Bliss Awaits: Remodeled Villa Sanibel C,Glass Casa,,38176,71825,658.21,32.22,260,2,2,6,true,true,false,true,false,false,true,Home/Apartment,Condominium (condo),Apt/Condo/Loft,5,4,1,21+,Luxury,true,675,true,58,10,2026-05-15,Cape Coral/Fort Myers,Sanibel,Sanibel,Florida,33957,United States,coastal,https://www.airbnb.com/rooms/1430496616102710825,https://a0.muscache.com/im/pictures/prohost-api/Hosting-1430496616102710825/original/559117e8-f57a-404d-b155-694feca96130.jpeg,1430496616102710825,4606457,26.4228,-82.0753,"=AVERAGE($G$2:$G$689)","=AVERAGE($D$2:$D$689)","=IFERROR(($AT443-G443)/$AT443,0)","=IFERROR(($AU443-D443)/$AU443,0)","=$AU443-D443"
🏖️ Modern Corner Unit B5 at Sanibel Arms West - 140 Steps to the Beach,Sanibel Arms West Condo Association,,38164,44464,424.04,74.38,274,2,2,6,true,false,false,true,false,false,true,Home/Apartment,Condominium (condo),Apt/Condo/Loft,5,3,4,21+,Luxury,false,225,true,90,14,2026-05-17,Cape Coral/Fort Myers,Sanibel,Sanibel,Florida,33957,United States,coastal,https://www.vrbo.com/4600962,"https://media.vrbo.com/lodging/117000000/116550000/116541500/116541453/44f399ac.jpg?impolicy=resizecrop&rw=1200&ra=fit",,4600962,26.442065,-82.033595,"=AVERAGE($G$2:$G$689)","=AVERAGE($D$2:$D$689)","=IFERROR(($AT444-G444)/$AT444,0)","=IFERROR(($AU444-D444)/$AU444,0)","=$AU444-D444"
2 bedroom 2 bath gulf view condo at Pointe Santo,Glass Casa,,38128,40964,657.38,66.67,110,2,2,6,true,false,true,true,false,false,true,Home/Apartment,Condominium (condo),Apt/Condo/Loft,5,3,4,21+,Luxury,true,677,false,58,9,2026-05-13,Cape Coral/Fort Myers,Sanibel,Sanibel,Florida,33957,United States,coastal,https://www.airbnb.com/rooms/1595031256839311562,https://a0.muscache.com/im/pictures/prohost-api/Hosting-1595031256839311562/original/2cb9171e-3520-4c81-a309-0331e0a65bc6.jpeg,1595031256839311562,5008290,26.4232,-82.078,"=AVERAGE($G$2:$G$689)","=AVERAGE($D$2:$D$689)","=IFERROR(($AT445-G445)/$AT445,0)","=IFERROR(($AU445-D445)/$AU445,0)","=$AU445-D445"
"Loggerhead Cay 463, 2 Bedroom, 2 Bath Remodeled!",Sanibel Holiday,,37978,51064,361.7,47.73,316,2,2,6,true,false,false,true,false,false,true,Home/Apartment,Condominium (condo),Apt/Condo/Loft,4.5,23,1,21+,Luxury,false,409,true,105,15,2026-05-14,Cape Coral/Fort Myers,Sanibel,Sanibel,Florida,33957,United States,coastal,https://www.airbnb.com/rooms/1518275633492357267,https://a0.muscache.com/im/pictures/prohost-api/Hosting-1518275633492357267/original/a3727087-43a9-48ac-9bf0-7fa24022e89c.jpeg,1518275633492357267,9561599ha,26.4393,-82.0402,"=AVERAGE($G$2:$G$689)","=AVERAGE($D$2:$D$689)","=IFERROR(($AT446-G446)/$AT446,0)","=IFERROR(($AU446-D446)/$AU446,0)","=$AU446-D446"
Sanibel Vacation Rental | 2-Min Walk to Beach | Sanibel Arms West Condo,Sanibel Arms West Condo Association,,37953,40491,426.44,47.34,245,2,2,6,true,false,false,true,false,false,true,Home/Apartment,Condominium (condo),Apt/Condo/Loft,5,7,4,21+,Luxury,false,225,true,89,15,2026-05-13,Cape Coral/Fort Myers,Sanibel,Sanibel,Florida,33957,United States,coastal,https://www.vrbo.com/4601005,"https://media.vrbo.com/lodging/117000000/116550000/116541800/116541793/b3518b60.jpg?impolicy=resizecrop&rw=1200&ra=fit",,4601005,26.441774,-82.03408,"=AVERAGE($G$2:$G$689)","=AVERAGE($D$2:$D$689)","=IFERROR(($AT447-G447)/$AT447,0)","=IFERROR(($AU447-D447)/$AU447,0)","=$AU447-D447"
Pelicans Roost 303,Kingfisher Vacations,,37806,68646,630.1,45.45,256,2,2,4,true,false,false,true,true,false,true,Home/Apartment,Condominium (condo),Apt/Condo/Loft,0,0,7,21+,Luxury,true,189,true,60,10,2026-05-11,Cape Coral/Fort Myers,Sanibel,Sanibel,Florida,33957,United States,coastal,https://www.airbnb.com/rooms/1173162697190392361,https://a0.muscache.com/im/pictures/prohost-api/Hosting-1173162697190392361/original/af3aa431-34e7-4bc5-9558-7c0f6c58ab9a.jpeg,1173162697190392361,4043030,26.43639,-82.04437,"=AVERAGE($G$2:$G$689)","=AVERAGE($D$2:$D$689)","=IFERROR(($AT448-G448)/$AT448,0)","=IFERROR(($AU448-D448)/$AU448,0)","=$AU448-D448"
Walk to Beach - 1BR Sanibel Condo - Colony Inn 45,Colony Inn,,37794,47021,337.45,75.17,171,1,1,4,true,false,false,true,true,false,true,Home/Apartment,Condominium (condo),Apt/Condo/Loft,5,5,1,21+,Luxury,true,120,true,112,25,2026-05-16,Cape Coral/Fort Myers,Sanibel,Sanibel,Florida,33957,United States,coastal,https://www.airbnb.com/rooms/1534735259483908931,https://a0.muscache.com/im/pictures/prohost-api/Hosting-1534735259483908931/original/ee362eba-874c-4534-a6bb-df3531468fe8.jpeg,1534735259483908931,20235634ha,26.44698,-82.02483,"=AVERAGE($G$2:$G$689)","=AVERAGE($D$2:$D$689)","=IFERROR(($AT449-G449)/$AT449,0)","=IFERROR(($AU449-D449)/$AU449,0)","=$AU449-D449"
Sanddollar #B104-Stunning Beach Front 2/2 Condo wi,Select Vacation Properties,,37744,63936,674,100,201,2,2,6,true,false,false,true,false,false,true,Home/Apartment,Villa,House/villa,5,1,1,21+,Luxury,true,265,true,56,4,2026-05-11,Cape Coral/Fort Myers,Sanibel,Sanibel,Florida,33957,United States,coastal,https://www.airbnb.com/rooms/1536273502282951780,https://a0.muscache.com/im/pictures/prohost-api/Hosting-1536273502282951780/original/d6515637-b6b4-4343-afd4-8bed167ec98b.jpeg,1536273502282951780,4580480,26.4281,-82.0593,"=AVERAGE($G$2:$G$689)","=AVERAGE($D$2:$D$689)","=IFERROR(($AT450-G450)/$AT450,0)","=IFERROR(($AU450-D450)/$AU450,0)","=$AU450-D450"
Pelicans Roost 203,Kingfisher Vacations,,37702,79026,589.09,52.89,138,2,2,6,true,false,false,true,true,false,true,Home/Apartment,Condominium (condo),Apt/Condo/Loft,4.95,12,4,21+,Luxury,true,190,true,64,12,2026-05-13,Cape Coral/Fort Myers,Sanibel,Sanibel,Florida,33957,United States,coastal,https://www.airbnb.com/rooms/1173164426798092506,https://a0.muscache.com/im/pictures/prohost-api/Hosting-1173164426798092506/original/b37886fd-2a36-4aa4-b725-eb8b6255774e.jpeg,1173164426798092506,4043032,26.43483,-82.04633,"=AVERAGE($G$2:$G$689)","=AVERAGE($D$2:$D$689)","=IFERROR(($AT451-G451)/$AT451,0)","=IFERROR(($AU451-D451)/$AU451,0)","=$AU451-D451"
"Newly Renovated Garden View 2 bed, 2 bath at Sanibel Moorings #941",Sanibel Moorings Resort,,37398,58844,424.98,42.31,291,2,2,6,true,true,false,true,true,true,true,Home/Apartment,Condominium (condo),Apt/Condo/Loft,5,12,3,21+,Luxury,false,25,true,88,18,2026-05-16,Cape Coral/Fort Myers,Sanibel,Sanibel,Florida,33957,United States,coastal,https://www.vrbo.com/3677565ha,"https://media.vrbo.com/lodging/40000000/39830000/39826100/39826078/55ba901d.jpg?impolicy=resizecrop&rw=1200&ra=fit",,3677565ha,26.440833,-82.03479,"=AVERAGE($G$2:$G$689)","=AVERAGE($D$2:$D$689)","=IFERROR(($AT452-G452)/$AT452,0)","=IFERROR(($AU452-D452)/$AU452,0)","=$AU452-D452"
#142 Sanibel Moorings Gulf View,RedAwning,,37266,40310,354.91,46.88,287,1,1,2,true,true,false,true,true,false,true,Home/Apartment,House,House/villa,4.9,10,1,21+,Luxury,false,152,true,105,21,2020-03-14,Cape Coral/Fort Myers,Sanibel,Sanibel,Florida,33957,United States,coastal,https://www.airbnb.com/rooms/39627760,"https://a0.muscache.com/im/pictures/ba77aa2c-cb41-4302-b69f-3567249d3d5f.jpg?aki_policy=x_large",39627760,3677504ha,26.44195,-82.03412,"=AVERAGE($G$2:$G$689)","=AVERAGE($D$2:$D$689)","=IFERROR(($AT453-G453)/$AT453,0)","=IFERROR(($AU453-D453)/$AU453,0)","=$AU453-D453"
Beautiful Sanibel Beach Home with Heated Pool.,114856610,,37196,37535,437.6,57.82,214,3,2,9,true,false,false,true,true,true,true,Home/Apartment,House,House/villa,5,24,28,1,Luxury,false,180,false,85,5,2026-03-07,Cape Coral/Fort Myers,Sanibel,Sanibel,Florida,33957,United States,coastal,https://www.airbnb.com/rooms/17106890,https://a0.muscache.com/im/pictures/d9e08c15-b841-4ea5-a95a-5711cd559125.jpg,17106890,356947,26.45243,-82.02406,"=AVERAGE($G$2:$G$689)","=AVERAGE($D$2:$D$689)","=IFERROR(($AT454-G454)/$AT454,0)","=IFERROR(($AU454-D454)/$AU454,0)","=$AU454-D454"
#912 Sanibel Moorings Courtyard View,RedAwning,,37130,52827,337.55,56.12,214,1,1,4,true,true,false,true,true,false,true,Home/Apartment,House,House/villa,4.8,22,1,21+,Luxury,false,152,true,110,20,2020-03-14,Cape Coral/Fort Myers,Sanibel,Sanibel,Florida,33957,United States,coastal,https://www.airbnb.com/rooms/39627784,"https://a0.muscache.com/im/pictures/af52839a-5645-4f49-a281-af096e5b0295.jpg?aki_policy=x_large",39627784,3677560ha,26.44152,-82.03385,"=AVERAGE($G$2:$G$689)","=AVERAGE($D$2:$D$689)","=IFERROR(($AT455-G455)/$AT455,0)","=IFERROR(($AU455-D455)/$AU455,0)","=$AU455-D455"
#1032 Sanibel Moorings Courtyard View,RedAwning,,37084,46661,416.67,38.36,341,2,2,6,true,true,false,true,true,false,true,Home/Apartment,House,House/villa,4.6,24,1,21+,Luxury,false,152,true,89,16,2020-06-21,Cape Coral/Fort Myers,Sanibel,Sanibel,Florida,33957,United States,coastal,https://www.airbnb.com/rooms/39627858,"https://a0.muscache.com/im/pictures/5637bba7-9ee3-4320-902b-da6e53ea6b51.jpg?aki_policy=x_large",39627858,3677572ha,26.43983,-82.03436,"=AVERAGE($G$2:$G$689)","=AVERAGE($D$2:$D$689)","=IFERROR(($AT456-G456)/$AT456,0)","=IFERROR(($AU456-D456)/$AU456,0)","=$AU456-D456"
Seagrape Village #4: Gulf-Front 3BR/3BA Pool Townhome with Loft - Sleeps 8!,VIP Vacation Rentals,,37077,38353,537.35,52.27,140,3,3,8,false,false,false,false,false,false,false,Home/Apartment,Condominium (condo),Apt/Condo/Loft,5,1,7,21+,Luxury,false,0,true,69,10,2025-04-06,Cape Coral/Fort Myers,Sanibel,Sanibel,Florida,33957,United States,coastal,https://www.vrbo.com/3905788,"https://media.vrbo.com/lodging/104000000/103190000/103181900/103181846/48dbb12c.jpg?impolicy=resizecrop&rw=1200&ra=fit",,3905788,26.448638,-82.02136,"=AVERAGE($G$2:$G$689)","=AVERAGE($D$2:$D$689)","=IFERROR(($AT457-G457)/$AT457,0)","=IFERROR(($AU457-D457)/$AU457,0)","=$AU457-D457"
"Stylish Beach Escape | Salt Pool, Bikes & Sunshine",133236393,,37016,54389,389.64,97.94,154,2,2,4,true,false,false,true,true,false,true,Home/Apartment,Condominium (condo),Apt/Condo/Loft,4.95,33,7,2-5,Luxury,true,0,true,95,11,2026-05-14,Cape Coral/Fort Myers,Sanibel,Sanibel,Florida,33957,United States,coastal,https://www.airbnb.com/rooms/50738941,https://a0.muscache.com/im/pictures/hosting/Hosting-50738941/original/e5812db4-b0de-48d0-8a90-d46993d091fa.jpeg,50738941,2372347,26.42232,-82.07415,"=AVERAGE($G$2:$G$689)","=AVERAGE($D$2:$D$689)","=IFERROR(($AT458-G458)/$AT458,0)","=IFERROR(($AU458-D458)/$AU458,0)","=$AU458-D458"
Pyrula's Palace: Luxurious Home with Pool & Spa!,Sanibel Vacations,,36868,65934,709,65.82,124,3,3,8,true,false,true,true,true,false,true,Home/Apartment,House,House/villa,0,0,1,21+,Luxury,true,683,true,52,1,2026-05-17,Cape Coral/Fort Myers,Sanibel,Sanibel,Florida,33957,United States,coastal,https://www.airbnb.com/rooms/1024748953284787212,https://a0.muscache.com/im/pictures/prohost-api/Hosting-1024748953284787212/original/5b1d35c9-28b3-4256-bf7a-6475fcc83282.jpeg,1024748953284787212,,26.4396,-82.0486,"=AVERAGE($G$2:$G$689)","=AVERAGE($D$2:$D$689)","=IFERROR(($AT459-G459)/$AT459,0)","=IFERROR(($AU459-D459)/$AU459,0)","=$AU459-D459"
"Three Bedroom, Gulf View Condo - Sundial T305",Royal Shell Vacations,,36770,42515,346.89,67.09,177,3,2,6,true,false,false,true,true,false,true,Home/Apartment,Condominium (condo),Apt/Condo/Loft,4.5,2,4,21+,Luxury,false,170,true,106,13,2026-05-16,Cape Coral/Fort Myers,Sanibel,Sanibel,Florida,33957,United States,coastal,https://www.vrbo.com/3505340ha,"https://media.vrbo.com/lodging/22000000/21670000/21668300/21668231/w2398h1599x0y0-b56defaa.jpg?impolicy=resizecrop&rw=1200&ra=fit",,3505340ha,26.43382,-82.049771,"=AVERAGE($G$2:$G$689)","=AVERAGE($D$2:$D$689)","=IFERROR(($AT460-G460)/$AT460,0)","=IFERROR(($AU460-D460)/$AU460,0)","=$AU460-D460"
Sundial T401,San Cap Island Vacation Rentals,,36510,38673,419.66,47.03,234,3,2,6,true,false,false,true,true,false,true,Home/Apartment,Condominium (condo),Apt/Condo/Loft,4.4,92,4,21+,Luxury,false,333,true,87,12,2026-05-17,Cape Coral/Fort Myers,Sanibel,Sanibel,Florida,33957,United States,coastal,https://www.airbnb.com/rooms/19296851,https://a0.muscache.com/im/pictures/prohost-api/Hosting-19296851/original/bbbc0aa6-4a1d-42c2-a423-625024498cf3.jpeg,19296851,620209,26.4333,-82.0491,"=AVERAGE($G$2:$G$689)","=AVERAGE($D$2:$D$689)","=IFERROR(($AT461-G461)/$AT461,0)","=IFERROR(($AU461-D461)/$AU461,0)","=$AU461-D461"
Cyprina Gulf Front two story townhouse with a coastal flair!,Breakaway VACATION PROPERTIES,,36385,133434,543.06,90.54,123,3,3,6,true,false,false,true,true,false,true,Home/Apartment,Townhouse,Apt/Condo/Loft,4.65,53,7,21+,Luxury,true,395,true,67,8,2026-05-17,Cape Coral/Fort Myers,Sanibel,Sanibel,Florida,33957,United States,coastal,https://www.airbnb.com/rooms/43604085,https://a0.muscache.com/im/pictures/prohost-api/Hosting-43604085/original/a607b6c1-b423-41da-b83a-ababeaa32556.jpeg,43604085,1990169,26.44345,-82.03278,"=AVERAGE($G$2:$G$689)","=AVERAGE($D$2:$D$689)","=IFERROR(($AT462-G462)/$AT462,0)","=IFERROR(($AU462-D462)/$AU462,0)","=$AU462-D462"
Loggerhead Cay 172 - Fabulous Views!,Royal Shell Vacations,,36379,60690,319.11,55.34,218,2,2,6,false,false,false,false,false,false,false,Home/Apartment,House,House/villa,0,0,7,21+,Luxury,false,240,true,114,15,2025-12-04,Cape Coral/Fort Myers,Sanibel,Sanibel,Florida,33957,United States,coastal,https://www.airbnb.com/rooms/1152954378405582957,https://a0.muscache.com/im/pictures/prohost-api/Hosting-1152954378405582957/original/6347fdf1-24ca-4a8e-ae0b-4376155dec21.jpeg,1152954378405582957,,26.43826,-82.0397,"=AVERAGE($G$2:$G$689)","=AVERAGE($D$2:$D$689)","=IFERROR(($AT463-G463)/$AT463,0)","=IFERROR(($AU463-D463)/$AU463,0)","=$AU463-D463"
#412 Sanibel Moorings Gulf View,RedAwning,,36235,66927,476.78,58.46,257,2,2,4,true,true,false,true,true,false,true,Home/Apartment,House,House/villa,4.9,7,1,21+,Luxury,false,152,true,76,16,2020-05-18,Cape Coral/Fort Myers,Sanibel,Sanibel,Florida,33957,United States,coastal,https://www.airbnb.com/rooms/28484921,"https://a0.muscache.com/im/pictures/2189235a-55fa-460d-9ddc-e8ff6d78bdde.jpg?aki_policy=x_large",28484921,3677569ha,26.4399,-82.03361,"=AVERAGE($G$2:$G$689)","=AVERAGE($D$2:$D$689)","=IFERROR(($AT464-G464)/$AT464,0)","=IFERROR(($AU464-D464)/$AU464,0)","=$AU464-D464"
Unit E1 - Beachfront,Sanibel Arms West Condo Association,,36125,56379,531.25,46.9,261,2,2,6,true,false,false,true,false,false,true,Home/Apartment,Condominium (condo),Apt/Condo/Loft,5,2,4,21+,Luxury,false,224,true,68,13,2026-05-13,Cape Coral/Fort Myers,Sanibel,Sanibel,Florida,33957,United States,coastal,https://www.vrbo.com/4600983,"https://media.vrbo.com/lodging/117000000/116550000/116541700/116541624/197ec71a.jpg?impolicy=resizecrop&rw=1200&ra=fit",,4600983,26.440805,-82.034505,"=AVERAGE($G$2:$G$689)","=AVERAGE($D$2:$D$689)","=IFERROR(($AT465-G465)/$AT465,0)","=IFERROR(($AU465-D465)/$AU465,0)","=$AU465-D465"
#942 Sanibel Moorings Courtyard View,RedAwning,,36024,39808,423.81,41.67,311,2,2,6,true,true,false,true,true,false,true,Home/Apartment,House,House/villa,4.7,15,1,21+,Luxury,false,152,true,85,17,2020-05-14,Cape Coral/Fort Myers,Sanibel,Sanibel,Florida,33957,United States,coastal,https://www.airbnb.com/rooms/28484896,"https://a0.muscache.com/im/pictures/a381c21b-41bb-4400-a233-1ae64c1543ed.jpg?aki_policy=x_large",28484896,3677580ha,26.44178,-82.03367,"=AVERAGE($G$2:$G$689)","=AVERAGE($D$2:$D$689)","=IFERROR(($AT466-G466)/$AT466,0)","=IFERROR(($AU466-D466)/$AU466,0)","=$AU466-D466"
F8 Upstairs Corner Unit with Long Beach Views,Sanibel Arms West Condo Association,,35986,52855,514.09,59.32,245,2,2,6,true,false,false,true,false,false,true,Home/Apartment,Condominium (condo),Apt/Condo/Loft,0,0,4,21+,Luxury,false,225,true,70,10,2026-05-16,Cape Coral/Fort Myers,Sanibel,Sanibel,Florida,33957,United States,coastal,https://www.vrbo.com/4601000,"https://media.vrbo.com/lodging/117000000/116550000/116541800/116541753/50c17812.jpg?impolicy=resizecrop&rw=1200&ra=fit",,4601000,26.441774,-82.03408,"=AVERAGE($G$2:$G$689)","=AVERAGE($D$2:$D$689)","=IFERROR(($AT467-G467)/$AT467,0)","=IFERROR(($AU467-D467)/$AU467,0)","=$AU467-D467"
"OCEAN'S REACH 2B1: 1-Bdrm, Ground-Level, Direct Access To Pool/Beach!",Ocean's Reach Condominiums,,35865,58749,338.35,44.54,299,1,1,4,true,false,false,true,true,false,true,Home/Apartment,Condominium (condo),Apt/Condo/Loft,5,14,4,21+,Luxury,false,0,true,106,17,2026-05-15,Cape Coral/Fort Myers,Sanibel,Sanibel,Florida,33957,United States,coastal,https://www.vrbo.com/1705017,"https://media.vrbo.com/lodging/40000000/39090000/39085900/39085849/74dae986.jpg?impolicy=resizecrop&rw=1200&ra=fit",,1705017,26.42485,-82.06694,"=AVERAGE($G$2:$G$689)","=AVERAGE($D$2:$D$689)","=IFERROR(($AT468-G468)/$AT468,0)","=IFERROR(($AU468-D468)/$AU468,0)","=$AU468-D468"
"Pointe Santo C36, 2 Bedroom Condo with Gulf of Mex",Sanibel Holiday,,35812,70093,504.39,76.34,128,2,2,6,true,false,true,true,false,false,true,Home/Apartment,Condominium (condo),Apt/Condo/Loft,0,1,1,21+,Luxury,false,409,true,71,13,2026-05-15,Cape Coral/Fort Myers,Sanibel,Sanibel,Florida,33957,United States,coastal,https://www.airbnb.com/rooms/1518274670309223190,https://a0.muscache.com/im/pictures/prohost-api/Hosting-1518274670309223190/original/0f80c363-18dd-403a-94c4-78be6e48c7ae.jpeg,1518274670309223190,1811976,26.4236,-82.0777,"=AVERAGE($G$2:$G$689)","=AVERAGE($D$2:$D$689)","=IFERROR(($AT469-G469)/$AT469,0)","=IFERROR(($AU469-D469)/$AU469,0)","=$AU469-D469"
Rabbit Retreat - Charming Sanibel Island Duplex wi,Select Vacation Properties,,35777,49030,350.75,60.71,268,3,3,6,true,true,false,true,false,false,true,Home/Apartment,House,House/villa,5,1,28,21+,Luxury,true,359,true,102,3,2026-05-14,Cape Coral/Fort Myers,Sanibel,Sanibel,Florida,33957,United States,coastal,https://www.airbnb.com/rooms/1239116274955663147,https://a0.muscache.com/im/pictures/prohost-api/Hosting-1239116274955663147/original/73f0ea89-a771-4fc0-bc40-21efd1d40042.jpeg,1239116274955663147,4171494,26.4396,-82.1084,"=AVERAGE($G$2:$G$689)","=AVERAGE($D$2:$D$689)","=IFERROR(($AT470-G470)/$AT470,0)","=IFERROR(($AU470-D470)/$AU470,0)","=$AU470-D470"
Paradise Point: Beautiful Pool Home in Beachview!,Sanibel Vacations,,35680,40588,419.76,54.49,283,3,3,8,true,false,true,true,true,true,true,Home/Apartment,House,House/villa,4.4,9,1,21+,Luxury,true,667,true,85,4,2026-05-13,Cape Coral/Fort Myers,Sanibel,Sanibel,Florida,33957,United States,coastal,https://www.airbnb.com/rooms/892013623543783519,https://a0.muscache.com/im/pictures/prohost-api/Hosting-892013623543783519/original/aa5ba209-1307-4c81-94e1-d3dbdaaed10f.jpeg,892013623543783519,9826771ha,26.4363,-82.0505,"=AVERAGE($G$2:$G$689)","=AVERAGE($D$2:$D$689)","=IFERROR(($AT471-G471)/$AT471,0)","=IFERROR(($AU471-D471)/$AU471,0)","=$AU471-D471"
"Coquina Beach 1C, 2 Bedroom Gulf Front Ground Leve",Sanibel Holiday,,35678,54488,604.71,50,217,2,2,6,true,false,false,true,false,false,true,Home/Apartment,Condominium (condo),Apt/Condo/Loft,4.3,28,1,21+,Luxury,false,408,true,59,9,2026-05-14,Cape Coral/Fort Myers,Sanibel,Sanibel,Florida,33957,United States,coastal,https://www.airbnb.com/rooms/1518264666531987163,https://a0.muscache.com/im/pictures/prohost-api/Hosting-1518264666531987163/original/8a4981d6-d2a0-4fb0-9482-0be200772b56.jpeg,1518264666531987163,7483011ha,26.4359,-82.0432,"=AVERAGE($G$2:$G$689)","=AVERAGE($D$2:$D$689)","=IFERROR(($AT472-G472)/$AT472,0)","=IFERROR(($AU472-D472)/$AU472,0)","=$AU472-D472"
"Partial Beach View 2 bed, 2 bath at Sanibel Moorings #1142",Sanibel Moorings Resort,,35654,53451,434.8,39.42,274,2,2,6,true,true,false,true,true,true,true,Home/Apartment,Condominium (condo),Apt/Condo/Loft,4.3,10,3,21+,Luxury,false,25,true,82,18,2026-05-14,Cape Coral/Fort Myers,Sanibel,Sanibel,Florida,33957,United States,coastal,https://www.vrbo.com/3677582ha,"https://media.vrbo.com/lodging/40000000/39840000/39832800/39832741/36866c94.jpg?impolicy=resizecrop&rw=1200&ra=fit",,3677582ha,26.440833,-82.03479,"=AVERAGE($G$2:$G$689)","=AVERAGE($D$2:$D$689)","=IFERROR(($AT473-G473)/$AT473,0)","=IFERROR(($AU473-D473)/$AU473,0)","=$AU473-D473"
Oceans Reach 1st Floor Vacation Condo,Ocean's Reach Condominiums,,35559,59293,323.26,78.01,142,2,2,6,true,false,false,true,true,false,true,Home/Apartment,Condominium (condo),Apt/Condo/Loft,5,10,7,21+,Luxury,false,50,true,110,12,2020-08-16,Cape Coral/Fort Myers,Sanibel,Sanibel,Florida,33957,United States,coastal,https://www.airbnb.com/rooms/27054068,"https://a0.muscache.com/im/pictures/87b0ec89-71ea-4a54-9fd3-f6ec1522ac4d.jpg?aki_policy=x_large",27054068,1705009,26.42611,-82.0676,"=AVERAGE($G$2:$G$689)","=AVERAGE($D$2:$D$689)","=IFERROR(($AT474-G474)/$AT474,0)","=IFERROR(($AU474-D474)/$AU474,0)","=$AU474-D474"
Private Island Retreat with Pool & Nature Views –,Glass Casa,,35354,40886,535.67,70.97,342,3,2,6,true,true,false,true,false,false,true,Home/Apartment,House,House/villa,0,0,28,21+,Luxury,true,589,true,66,1,2026-05-11,Cape Coral/Fort Myers,Sanibel,Sanibel,Florida,33957,United States,coastal,https://www.airbnb.com/rooms/1430488889074352685,https://a0.muscache.com/im/pictures/prohost-api/Hosting-1430488889074352685/original/13eec66e-69b5-4565-abce-9b144beb2213.jpeg,1430488889074352685,4606448,26.434,-82.1102,"=AVERAGE($G$2:$G$689)","=AVERAGE($D$2:$D$689)","=IFERROR(($AT475-G475)/$AT475,0)","=IFERROR(($AU475-D475)/$AU475,0)","=$AU475-D475"
Serene Escape: Spacious 2-Bedroom Condo for the Ul,Glass Casa,,35299,38253,430.48,58.57,289,2,2,6,true,true,false,true,false,false,true,Home/Apartment,Condominium (condo),Apt/Condo/Loft,0,0,7,21+,Luxury,true,567,true,82,14,2026-05-13,Cape Coral/Fort Myers,Sanibel,Sanibel,Florida,33957,United States,coastal,https://www.airbnb.com/rooms/1430497236726011411,https://a0.muscache.com/im/pictures/prohost-api/Hosting-1430497236726011411/original/b5a730e7-1462-4059-9d97-c9f7e80067fd.jpeg,1430497236726011411,4604551,26.4396,-82.0404,"=AVERAGE($G$2:$G$689)","=AVERAGE($D$2:$D$689)","=IFERROR(($AT476-G476)/$AT476,0)","=IFERROR(($AU476-D476)/$AU476,0)","=$AU476-D476"
Newly Renovated Vacation Home On Sanibel - The Magic Blue Home,Royal Shell Vacations,,35274,40049,326.61,78.83,161,3,2,8,true,false,false,true,true,true,true,Home/Apartment,House,House/villa,5,1,30,21+,Luxury,false,250,true,108,2,2026-05-17,Cape Coral/Fort Myers,Sanibel,Sanibel,Florida,33957,United States,coastal,https://www.vrbo.com/9232335ha,"https://media.vrbo.com/lodging/45000000/44950000/44943500/44943462/a017aa38.jpg?impolicy=resizecrop&rw=1200&ra=fit",,9232335ha,26.433846,-82.101943,"=AVERAGE($G$2:$G$689)","=AVERAGE($D$2:$D$689)","=IFERROR(($AT477-G477)/$AT477,0)","=IFERROR(($AU477-D477)/$AU477,0)","=$AU477-D477"
Coastal Haven Estate: Immaculate Home w/ Pool &Spa,Sanibel Vacations,,35189,38432,303.35,95.87,245,3,3,6,true,false,true,true,true,true,true,Home/Apartment,House,House/villa,0,0,1,21+,Luxury,true,683,true,116,5,2026-05-17,Cape Coral/Fort Myers,Sanibel,Sanibel,Florida,33957,United States,coastal,https://www.airbnb.com/rooms/1024748961280824934,https://a0.muscache.com/im/pictures/prohost-api/Hosting-1024748961280824934/original/29e47d4c-662f-47ea-9b1d-1ef0ae6db512.jpeg,1024748961280824934,9889998ha,26.4347,-82.0532,"=AVERAGE($G$2:$G$689)","=AVERAGE($D$2:$D$689)","=IFERROR(($AT478-G478)/$AT478,0)","=IFERROR(($AU478-D478)/$AU478,0)","=$AU478-D478"
Pointe Santo E22: Amazing Location w/ Gulf Views!,Sanibel Vacations,,35095,56208,461.78,45.78,240,2,2,6,true,false,true,true,false,false,true,Home/Apartment,Condominium (condo),Apt/Condo/Loft,4.6,100,1,21+,Luxury,true,746,true,76,12,2026-05-13,Cape Coral/Fort Myers,Sanibel,Sanibel,Florida,33957,United States,coastal,https://www.airbnb.com/rooms/47902398,https://a0.muscache.com/im/pictures/prohost-api/Hosting-47902398/original/d2eb1c31-051e-4b43-b225-6686b2772a40.jpeg,47902398,3866635ha,26.4227,-82.077,"=AVERAGE($G$2:$G$689)","=AVERAGE($D$2:$D$689)","=IFERROR(($AT479-G479)/$AT479,0)","=IFERROR(($AU479-D479)/$AU479,0)","=$AU479-D479"
#1411 Sanibel Moorings Dockside,RedAwning,,34970,47522,296.36,38.19,320,1,1,4,true,true,false,true,true,false,true,Home/Apartment,House,House/villa,4.4,15,1,21+,Luxury,false,152,true,118,24,2020-05-18,Cape Coral/Fort Myers,Sanibel,Sanibel,Florida,33957,United States,coastal,https://www.airbnb.com/rooms/40925991,"https://a0.muscache.com/im/pictures/f3cb091b-4901-49ea-9f3e-0e5d91f953fd.jpg?aki_policy=x_large",40925991,3677590ha,26.44146,-82.03389,"=AVERAGE($G$2:$G$689)","=AVERAGE($D$2:$D$689)","=IFERROR(($AT480-G480)/$AT480,0)","=IFERROR(($AU480-D480)/$AU480,0)","=$AU480-D480"
Loggerhead Cay 144 - Amazing View!,Royal Shell Vacations,,34797,72896,382.38,58.33,222,2,2,6,false,false,false,false,false,false,false,Home/Apartment,Condominium (condo),Apt/Condo/Loft,2,2,7,21+,Luxury,true,240,true,91,11,2026-05-11,Cape Coral/Fort Myers,Sanibel,Sanibel,Florida,33957,United States,coastal,https://www.airbnb.com/rooms/1135587158356149727,https://a0.muscache.com/im/pictures/prohost-api/Hosting-1135587158356149727/original/7ac71a60-012a-415d-8b34-98782850b17e.jpeg,1135587158356149727,3505604ha,26.4404,-82.04058,"=AVERAGE($G$2:$G$689)","=AVERAGE($D$2:$D$689)","=IFERROR(($AT481-G481)/$AT481,0)","=IFERROR(($AU481-D481)/$AU481,0)","=$AU481-D481"
1BR condo -  Steps to the Gulf - Colony Inn 55,Colony Inn,,34668,54377,321,83.08,137,1,1,6,true,false,false,true,true,false,true,Home/Apartment,Condominium (condo),Apt/Condo/Loft,4.75,69,1,21+,Luxury,true,121,true,108,32,2026-05-13,Cape Coral/Fort Myers,Sanibel,Sanibel,Florida,33957,United States,coastal,https://www.airbnb.com/rooms/36142346,https://a0.muscache.com/im/pictures/prohost-api/Hosting-36142346/original/d1449997-18c0-451f-a3f4-fdb31c312163.jpeg,36142346,1766745,26.44758,-82.02418,"=AVERAGE($G$2:$G$689)","=AVERAGE($D$2:$D$689)","=IFERROR(($AT482-G482)/$AT482,0)","=IFERROR(($AU482-D482)/$AU482,0)","=$AU482-D482"
"Gorgeous Beachfront 3 bed, 2 bath at Sanibel Moorings #722",Sanibel Moorings Resort,,34609,41262,653,38.41,254,3,2,6,true,true,false,true,true,false,true,Home/Apartment,Condominium (condo),Apt/Condo/Loft,4.5,14,3,21+,Luxury,false,25,true,53,11,2026-05-17,Cape Coral/Fort Myers,Sanibel,Sanibel,Florida,33957,United States,coastal,https://www.vrbo.com/3677546ha,"https://media.vrbo.com/lodging/40000000/39860000/39850400/39850315/4f45be9a.jpg?impolicy=resizecrop&rw=1200&ra=fit",,3677546ha,26.440535,-82.035171,"=AVERAGE($G$2:$G$689)","=AVERAGE($D$2:$D$689)","=IFERROR(($AT483-G483)/$AT483,0)","=IFERROR(($AU483-D483)/$AU483,0)","=$AU483-D483"
G1 Partial Gulf View,Sanibel Arms West Condo Association,,34599,34599,421.94,41.84,273,2,2,6,true,false,false,true,false,false,true,Home/Apartment,Condominium (condo),Apt/Condo/Loft,5,2,4,21+,Luxury,false,225,false,82,14,2026-05-17,Cape Coral/Fort Myers,Sanibel,Sanibel,Florida,33957,United States,coastal,https://www.vrbo.com/4601001,"https://media.vrbo.com/lodging/117000000/116550000/116541800/116541758/73bf687d.jpg?impolicy=resizecrop&rw=1200&ra=fit",,4601001,26.441774,-82.03408,"=AVERAGE($G$2:$G$689)","=AVERAGE($D$2:$D$689)","=IFERROR(($AT484-G484)/$AT484,0)","=IFERROR(($AU484-D484)/$AU484,0)","=$AU484-D484"
Kings Crown 211,Kingfisher Vacations,,34528,51831,387.96,56.33,310,3,2,8,true,false,false,true,true,false,true,Home/Apartment,Condominium (condo),Apt/Condo/Loft,4.5,25,7,21+,Luxury,true,300,true,89,11,2026-05-13,Cape Coral/Fort Myers,Sanibel,Sanibel,Florida,33957,United States,coastal,https://www.airbnb.com/rooms/23684454,https://a0.muscache.com/im/pictures/prohost-api/Hosting-23684454/original/83f60ee5-8c37-4b9b-8845-f25457db3b2f.jpeg,23684454,875776,26.42335,-82.08625,"=AVERAGE($G$2:$G$689)","=AVERAGE($D$2:$D$689)","=IFERROR(($AT485-G485)/$AT485,0)","=IFERROR(($AU485-D485)/$AU485,0)","=$AU485-D485"
Newly remodeled after hurrican Ian. Come relax and unwind!,,,34495,45729,556.37,47.69,344,2,2,5,true,false,false,true,true,false,true,Home/Apartment,Condominium (condo),Apt/Condo/Loft,4.7,33,7,1,Luxury,false,0,false,62,4,2026-05-13,Cape Coral/Fort Myers,Sanibel,Sanibel,Florida,33957,United States,coastal,https://www.vrbo.com/123436ha,"https://media.vrbo.com/lodging/34000000/33560000/33559700/33559618/770f8864.jpg?impolicy=resizecrop&rw=1200&ra=fit",,123436ha,26.43897,-82.040749,"=AVERAGE($G$2:$G$689)","=AVERAGE($D$2:$D$689)","=IFERROR(($AT486-G486)/$AT486,0)","=IFERROR(($AU486-D486)/$AU486,0)","=$AU486-D486"
Cozy 1BR Sanibel Condo by beach - Colony Inn 49,Colony Inn,,34476,49780,313.42,78.01,149,1,1,4,true,false,false,true,true,false,true,Home/Apartment,Condominium (condo),Apt/Condo/Loft,4.85,32,1,21+,Luxury,true,120,true,110,24,2026-05-13,Cape Coral/Fort Myers,Sanibel,Sanibel,Florida,33957,United States,coastal,https://www.airbnb.com/rooms/36142247,https://a0.muscache.com/im/pictures/prohost-api/Hosting-36142247/original/555eb366-50d4-4fa1-97ed-ef6285ca5846.jpeg,36142247,1766739,26.44724,-82.02334,"=AVERAGE($G$2:$G$689)","=AVERAGE($D$2:$D$689)","=IFERROR(($AT487-G487)/$AT487,0)","=IFERROR(($AU487-D487)/$AU487,0)","=$AU487-D487"
TOP FLOOR Coastal Cutie  With A View,Sanibel Siesta On The Beach,,34464,45247,378.73,37.92,283,2,2,4,true,false,false,true,true,false,true,Home/Apartment,Condominium (condo),Apt/Condo/Loft,4.8,14,3,6-20,Luxury,false,199,true,91,15,2026-05-17,Cape Coral/Fort Myers,Sanibel,Sanibel,Florida,33957,United States,coastal,https://www.vrbo.com/3936926ha,"https://media.vrbo.com/lodging/23000000/22260000/22250400/22250365/789e59b9.jpg?impolicy=resizecrop&rw=1200&ra=fit",,3936926ha,26.43482,-82.04611,"=AVERAGE($G$2:$G$689)","=AVERAGE($D$2:$D$689)","=IFERROR(($AT488-G488)/$AT488,0)","=IFERROR(($AU488-D488)/$AU488,0)","=$AU488-D488"
Gulf view condo - Sanibel Island - Sanibel Inn 513,Gulf Coast Vacation Rentals,,34446,44428,425.26,38.03,233,2,2,5,true,false,false,true,true,false,true,Home/Apartment,Condominium (condo),Apt/Condo/Loft,5,17,1,21+,Luxury,false,227,true,81,20,2026-05-15,Cape Coral/Fort Myers,Sanibel,Sanibel,Florida,33957,United States,coastal,https://www.airbnb.com/rooms/1477474284188809431,https://a0.muscache.com/im/pictures/prohost-api/Hosting-1477474284188809431/original/afdee023-6a98-4a98-9a33-1db062dc197c.jpeg,1477474284188809431,20180935ha,26.4394719316,-82.0379708867,"=AVERAGE($G$2:$G$689)","=AVERAGE($D$2:$D$689)","=IFERROR(($AT489-G489)/$AT489,0)","=IFERROR(($AU489-D489)/$AU489,0)","=$AU489-D489"
"Sun, Serenity & Gulf Views: Your Island Retreat Aw",Glass Casa,,34445,55575,441.6,46.15,302,2,2,5,true,false,true,true,false,false,true,Home/Apartment,Condominium (condo),Apt/Condo/Loft,5,1,1,21+,Luxury,true,569,true,78,15,2026-05-17,Cape Coral/Fort Myers,Sanibel,Sanibel,Florida,33957,United States,coastal,https://www.airbnb.com/rooms/1430491081387410948,https://a0.muscache.com/im/pictures/prohost-api/Hosting-1430491081387410948/original/88503d03-be0c-4088-af2e-f9ae6d61b5e1.jpeg,1430491081387410948,4596220,26.4232,-82.0776,"=AVERAGE($G$2:$G$689)","=AVERAGE($D$2:$D$689)","=IFERROR(($AT490-G490)/$AT490,0)","=IFERROR(($AU490-D490)/$AU490,0)","=$AU490-D490"
"Casa Alta, Sanibel Island accross from beach",188149406,,34390,55509,592.93,44.62,290,3,2,6,true,false,true,true,true,true,true,Home/Apartment,House,House/villa,5,28,28,1,Luxury,false,250,false,58,4,2026-05-15,Cape Coral/Fort Myers,Sanibel,Sanibel,Florida,33957,United States,coastal,https://www.airbnb.com/rooms/24887199,https://a0.muscache.com/im/pictures/4731633a-b0dc-4c45-8acf-79c84d466c37.jpg,24887199,4437806ha,26.43058,-82.10832,"=AVERAGE($G$2:$G$689)","=AVERAGE($D$2:$D$689)","=IFERROR(($AT491-G491)/$AT491,0)","=IFERROR(($AU491-D491)/$AU491,0)","=$AU491-D491"
Seashells Unit 21 - Pflamingo21,Kingfisher Vacations,,34377,35662,390.65,80,202,2,2,6,true,false,false,true,true,false,true,Home/Apartment,Condominium (condo),Apt/Condo/Loft,5,5,3,21+,Luxury,true,250,true,88,20,2026-05-11,Cape Coral/Fort Myers,Sanibel,Sanibel,Florida,33957,United States,coastal,https://www.airbnb.com/rooms/1493557010944885846,https://a0.muscache.com/im/pictures/prohost-api/Hosting-1493557010944885846/original/1c6ca0c8-ef70-47a5-9327-b1fd9b626403.jpeg,1493557010944885846,4796143,26.4268,-82.0893,"=AVERAGE($G$2:$G$689)","=AVERAGE($D$2:$D$689)","=IFERROR(($AT492-G492)/$AT492,0)","=IFERROR(($AU492-D492)/$AU492,0)","=$AU492-D492"
Seagrape Village #2: Secluded 3BR Gulf-Front Townhouse with Pool - Sleeps 8!,VIP Vacation Rentals,,34266,37952,527.17,48.51,134,3,3,8,false,false,false,false,false,false,false,Home/Apartment,Condominium (condo),Apt/Condo/Loft,0,0,7,21+,Luxury,false,0,true,65,9,2025-04-08,Cape Coral/Fort Myers,Sanibel,Sanibel,Florida,33957,United States,coastal,https://www.vrbo.com/3905787,"https://media.vrbo.com/lodging/104000000/103190000/103181900/103181844/2651e433.jpg?impolicy=resizecrop&rw=1200&ra=fit",,3905787,26.448177,-82.021225,"=AVERAGE($G$2:$G$689)","=AVERAGE($D$2:$D$689)","=IFERROR(($AT493-G493)/$AT493,0)","=IFERROR(($AU493-D493)/$AU493,0)","=$AU493-D493"
Pointe Santo D35,Kingfisher Vacations,,34233,45336,389.01,48.09,293,2,2,5,true,false,false,true,true,false,true,Home/Apartment,Condominium (condo),Apt/Condo/Loft,4.85,6,4,21+,Luxury,true,300,true,88,16,2026-05-13,Cape Coral/Fort Myers,Sanibel,Sanibel,Florida,33957,United States,coastal,https://www.airbnb.com/rooms/1352187205548588465,https://a0.muscache.com/im/pictures/prohost-api/Hosting-1352187205548588465/original/77d52b66-54bc-407d-ba3d-69e0c971a793.jpeg,1352187205548588465,4423092,26.4236154862,-82.077792394,"=AVERAGE($G$2:$G$689)","=AVERAGE($D$2:$D$689)","=IFERROR(($AT494-G494)/$AT494,0)","=IFERROR(($AU494-D494)/$AU494,0)","=$AU494-D494"
Best Of The Beach,PVConcierge,,34135,60049,401.59,49.13,202,2,2,4,true,false,false,true,true,false,true,Home/Apartment,Condominium (condo),Apt/Condo/Loft,4.65,13,3,21+,Luxury,false,296,true,85,18,2026-05-17,Cape Coral/Fort Myers,Sanibel,Sanibel,Florida,33957,United States,coastal,https://www.airbnb.com/rooms/29680891,https://a0.muscache.com/im/pictures/prohost-api/Hosting-29680891/original/f4318dd7-deed-4491-833e-fb194f787d5b.jpeg,29680891,3680083ha,26.4348,-82.0461,"=AVERAGE($G$2:$G$689)","=AVERAGE($D$2:$D$689)","=IFERROR(($AT495-G495)/$AT495,0)","=IFERROR(($AU495-D495)/$AU495,0)","=$AU495-D495"
Stunning pool home steps to beach,Breakaway VACATION PROPERTIES,,34001,35390,430.39,79,171,3,3,6,true,false,false,true,true,true,true,Home/Apartment,House,House/villa,0,0,28,21+,Luxury,true,0,true,79,3,2026-05-13,Cape Coral/Fort Myers,Sanibel,Sanibel,Florida,33957,United States,coastal,https://www.airbnb.com/rooms/1531248606556093626,https://a0.muscache.com/im/pictures/prohost-api/Hosting-1531248606556093626/original/2ee3152a-7f74-4d23-9730-35fcef8de58e.jpeg,1531248606556093626,4895221,26.43366,-82.11211,"=AVERAGE($G$2:$G$689)","=AVERAGE($D$2:$D$689)","=IFERROR(($AT496-G496)/$AT496,0)","=IFERROR(($AU496-D496)/$AU496,0)","=$AU496-D496"
"Loggerhead Cay #313, Pet Friendly, 2 Bed/2 Bath Su",Sanibel Holiday,,33984,51724,377.6,39.3,317,2,2,6,true,false,false,true,false,true,true,Home/Apartment,Condominium (condo),Apt/Condo/Loft,4.9,38,1,21+,Luxury,false,409,true,90,16,2026-05-15,Cape Coral/Fort Myers,Sanibel,Sanibel,Florida,33957,United States,coastal,https://www.airbnb.com/rooms/1518277181003296566,https://a0.muscache.com/im/pictures/prohost-api/Hosting-1518277181003296566/original/87e0e8bf-99ac-4619-bd20-4007e3bdd219.jpeg,1518277181003296566,1476146,26.4393,-82.0408,"=AVERAGE($G$2:$G$689)","=AVERAGE($D$2:$D$689)","=IFERROR(($AT497-G497)/$AT497,0)","=IFERROR(($AU497-D497)/$AU497,0)","=$AU497-D497"
Beachside - 1BR Sanibel Condo - Colony Inn 43,Colony Inn,,33939,50484,297.71,72.15,164,1,1,6,true,false,false,true,true,false,true,Home/Apartment,Condominium (condo),Apt/Condo/Loft,4.75,13,1,21+,Luxury,true,120,true,114,21,2026-05-16,Cape Coral/Fort Myers,Sanibel,Sanibel,Florida,33957,United States,coastal,https://www.airbnb.com/rooms/36142183,https://a0.muscache.com/im/pictures/prohost-api/Hosting-36142183/original/67026845-6c0f-4489-a72d-efb887c8b830.jpeg,36142183,20235632ha,26.44736,-82.0249,"=AVERAGE($G$2:$G$689)","=AVERAGE($D$2:$D$689)","=IFERROR(($AT498-G498)/$AT498,0)","=IFERROR(($AU498-D498)/$AU498,0)","=$AU498-D498"
Pine Cove 204: 3BR Gulf Front Condo Great Location,Sanibel Vacations,,33927,88053,556.18,72.62,133,3,2,6,true,false,true,true,true,false,true,Home/Apartment,Condominium (condo),Apt/Condo/Loft,5,48,1,21+,Luxury,true,614,true,61,11,2026-05-13,Cape Coral/Fort Myers,Sanibel,Sanibel,Florida,33957,United States,coastal,https://www.airbnb.com/rooms/47842028,https://a0.muscache.com/im/pictures/prohost-api/Hosting-47842028/original/d32ca3a6-8047-4534-940e-d7bb537f33b8.jpeg,47842028,7861016ha,26.42217,-82.08115,"=AVERAGE($G$2:$G$689)","=AVERAGE($D$2:$D$689)","=IFERROR(($AT499-G499)/$AT499,0)","=IFERROR(($AU499-D499)/$AU499,0)","=$AU499-D499"
#1141 Sanibel Moorings Gulf View,RedAwning,,33900,72220,584.48,59.18,107,2,2,4,true,true,false,true,true,false,true,Home/Apartment,House,House/villa,5,8,1,21+,Luxury,false,152,true,58,13,2020-03-14,Cape Coral/Fort Myers,Sanibel,Sanibel,Florida,33957,United States,coastal,https://www.airbnb.com/rooms/39627805,"https://a0.muscache.com/im/pictures/4a694ab1-bdaf-4876-82f9-e0ca0c4b550e.jpg?aki_policy=x_large",39627805,4727667ha,26.43975,-82.03515,"=AVERAGE($G$2:$G$689)","=AVERAGE($D$2:$D$689)","=IFERROR(($AT500-G500)/$AT500,0)","=IFERROR(($AU500-D500)/$AU500,0)","=$AU500-D500"
"Sun, Serenity & Space: Perfect Family Escape at Se",Glass Casa,,33835,86692,638.4,44.54,187,3,3,8,true,false,false,true,false,false,true,Home/Apartment,Condominium (condo),Apt/Condo/Loft,5,1,1,21+,Luxury,true,619,true,53,11,2026-05-17,Cape Coral/Fort Myers,Sanibel,Sanibel,Florida,33957,United States,coastal,https://www.airbnb.com/rooms/1430496645743795779,https://a0.muscache.com/im/pictures/prohost-api/Hosting-1430496645743795779/original/64a2f726-d8d7-4987-8dd4-03282bf49a92.jpeg,1430496645743795779,4606456,26.4485,-82.0211,"=AVERAGE($G$2:$G$689)","=AVERAGE($D$2:$D$689)","=IFERROR(($AT501-G501)/$AT501,0)","=IFERROR(($AU501-D501)/$AU501,0)","=$AU501-D501"
Shell Shack - New Luxurious Home,664950732,,157220,158716,914.07,47.51,362,4,3,8,true,false,false,true,true,true,false,Home/Apartment,House,House/villa,5,28,3,2-5,Luxury,true,575,true,172,43,2026-05-14,Cape Coral/Fort Myers,Sanibel,Sanibel,Florida,33957,United States,coastal,https://www.airbnb.com/rooms/1370418188588198444,https://a0.muscache.com/im/pictures/prohost-api/Hosting-1370418188588198444/original/0c4c8bf0-9241-4558-817c-ec67d9988190.jpeg,1370418188588198444,4477895,26.4368008421,-82.0425185714,"=AVERAGE($G$2:$G$689)","=AVERAGE($D$2:$D$689)","=IFERROR(($AT502-G502)/$AT502,0)","=IFERROR(($AU502-D502)/$AU502,0)","=$AU502-D502"
Shorewood 4A,Kingfisher Vacations,,152709,153963,1294.14,41.99,364,5,4,10,true,false,false,true,true,false,true,Home/Apartment,Condominium (condo),Apt/Condo/Loft,5,2,7,21+,Luxury,true,650,true,118,14,2026-05-16,Cape Coral/Fort Myers,Sanibel,Sanibel,Florida,33957,United States,coastal,https://www.airbnb.com/rooms/1410948230785436748,https://a0.muscache.com/im/pictures/prohost-api/Hosting-1410948230785436748/original/c6dd41a9-7e20-4d36-925f-4c6760e02766.jpeg,1410948230785436748,4564261,26.43715,-82.0448,"=AVERAGE($G$2:$G$689)","=AVERAGE($D$2:$D$689)","=IFERROR(($AT503-G503)/$AT503,0)","=IFERROR(($AU503-D503)/$AU503,0)","=$AU503-D503"
Wrap-around lanai - Private beach - SIGI 13,Gulf Coast Vacation Rentals,,134456,161885,659.1,69.39,306,4,3,12,true,false,true,true,true,true,true,Home/Apartment,Condominium (condo),Apt/Condo/Loft,4.8,17,3,21+,Luxury,false,539,true,204,40,2026-05-11,Cape Coral/Fort Myers,Sanibel,Sanibel,Florida,33957,United States,coastal,https://www.airbnb.com/rooms/1130641364577391702,https://a0.muscache.com/im/pictures/prohost-api/Hosting-1130641364577391702/original/0ca99d14-568b-4d2d-9fea-2524a67d0a53.jpeg,1130641364577391702,9947424ha,26.42833,-82.06174,"=AVERAGE($G$2:$G$689)","=AVERAGE($D$2:$D$689)","=IFERROR(($AT504-G504)/$AT504,0)","=IFERROR(($AU504-D504)/$AU504,0)","=$AU504-D504"
Family and Friends,102830135,,110552,199142,1228.36,51.72,215,5,3,14,true,false,false,true,true,true,false,Home/Apartment,House,House/villa,4.65,24,1,6-20,Luxury,true,450,false,90,28,2026-05-11,Cape Coral/Fort Myers,Sanibel,Sanibel,Florida,33957,United States,coastal,https://www.airbnb.com/rooms/19919793,https://a0.muscache.com/im/pictures/miso/Hosting-19919793/original/bf88b320-4052-4da2-bc3d-f09a01691350.jpeg,19919793,4656178ha,26.43711,-82.04589,"=AVERAGE($G$2:$G$689)","=AVERAGE($D$2:$D$689)","=IFERROR(($AT505-G505)/$AT505,0)","=IFERROR(($AU505-D505)/$AU505,0)","=$AU505-D505"
Spectacular Direct access canal front beauty!,Breakaway VACATION PROPERTIES,,89001,101857,478.5,97.38,255,4,3,8,true,false,false,true,true,true,true,Home/Apartment,House,House/villa,5,2,28,21+,Luxury,true,500,true,186,5,2026-05-14,Cape Coral/Fort Myers,Sanibel,Sanibel,Florida,33957,United States,coastal,https://www.airbnb.com/rooms/1412347622485312373,https://a0.muscache.com/im/pictures/prohost-api/Hosting-1412347622485312373/original/e88dd85f-ac40-4dc5-ad14-2547fd5c6024.jpeg,1412347622485312373,4526753,26.44927,-82.03248,"=AVERAGE($G$2:$G$689)","=AVERAGE($D$2:$D$689)","=IFERROR(($AT506-G506)/$AT506,0)","=IFERROR(($AU506-D506)/$AU506,0)","=$AU506-D506"
"Seashell Paradise: 5BR w/ Pool, Spa on Sanibel!",116206287,,55966,72467,1036.41,51.43,153,5,4,15,true,false,true,true,true,true,true,Home/Apartment,House,House/villa,5,8,28,2-5,Luxury,true,400,false,54,8,2026-05-13,Cape Coral/Fort Myers,Sanibel,Sanibel,Florida,33957,United States,coastal,https://www.airbnb.com/rooms/1547994604472975833,https://a0.muscache.com/im/pictures/hosting/Hosting-1547994604472975833/original/dc9e8e96-2544-4d5f-b06e-b0ac6602f765.jpeg,1547994604472975833,4935550,26.4262,-82.0725,"=AVERAGE($G$2:$G$689)","=AVERAGE($D$2:$D$689)","=IFERROR(($AT507-G507)/$AT507,0)","=IFERROR(($AU507-D507)/$AU507,0)","=$AU507-D507"
Luxury Home with Pool / Spa and Private Beach Access,,,47905,85837,1651.9,23.2,302,5,4,10,true,false,false,true,true,false,true,Home/Apartment,House,House/villa,5,15,7,1,Luxury,false,500,true,29,3,2026-05-15,Cape Coral/Fort Myers,Sanibel,Sanibel,Florida,33957,United States,coastal,https://www.vrbo.com/2605732,"https://media.vrbo.com/lodging/75000000/74250000/74246900/74246865/a347d24e.jpg?impolicy=resizecrop&rw=1200&ra=fit",,2605732,26.425058,-82.075072,"=AVERAGE($G$2:$G$689)","=AVERAGE($D$2:$D$689)","=IFERROR(($AT508-G508)/$AT508,0)","=IFERROR(($AU508-D508)/$AU508,0)","=$AU508-D508"
Blind Pass G105 - 4 Bedroom/3 Bathroom. Sleeps 8!,Dream Vacation Rentals,,47234,48509,562.31,48.55,237,4,3,8,true,false,false,true,true,false,true,Home/Apartment,Condominium (condo),Apt/Condo/Loft,4.8,39,1,21+,Luxury,true,35,true,84,12,2026-05-13,Cape Coral/Fort Myers,Sanibel,Sanibel,Florida,33957,United States,coastal,https://www.airbnb.com/rooms/46489108,https://a0.muscache.com/im/pictures/prohost-api/Hosting-46489108/original/5d110296-47f7-4d6a-beb5-035246ccddbe.jpeg,46489108,9517951ha,26.4601,-82.1523,"=AVERAGE($G$2:$G$689)","=AVERAGE($D$2:$D$689)","=IFERROR(($AT509-G509)/$AT509,0)","=IFERROR(($AU509-D509)/$AU509,0)","=$AU509-D509"
Osprey House,Kingfisher Vacations,,43840,56549,425.63,63.19,239,4,4,8,true,false,false,true,true,false,true,Home/Apartment,House,House/villa,5,3,28,21+,Luxury,true,450,true,103,5,2026-05-17,Cape Coral/Fort Myers,Sanibel,Sanibel,Florida,33957,United States,coastal,https://www.airbnb.com/rooms/24054127,https://a0.muscache.com/im/pictures/prohost-api/Hosting-24054127/original/aeb09b22-74e5-43ce-b1fa-03d1aa3ab814.jpeg,24054127,875791,26.42617,-82.0915,"=AVERAGE($G$2:$G$689)","=AVERAGE($D$2:$D$689)","=IFERROR(($AT510-G510)/$AT510,0)","=IFERROR(($AU510-D510)/$AU510,0)","=$AU510-D510"
Nerita Home on Sanibel Island - Pool/Hot Tub and W,Dream Vacation Rentals,,41460,54628,345.5,90.91,276,4,3,8,true,false,true,true,true,false,true,Home/Apartment,House,House/villa,4.55,8,28,21+,Luxury,true,425,true,120,3,2026-05-13,Cape Coral/Fort Myers,Sanibel,Sanibel,Florida,33957,United States,coastal,https://www.airbnb.com/rooms/41580634,https://a0.muscache.com/im/pictures/prohost-api/Hosting-41580634/original/14c7bce8-974e-4143-9739-acbf3418d42f.jpeg,41580634,9347627ha,26.4409,-82.0436,"=AVERAGE($G$2:$G$689)","=AVERAGE($D$2:$D$689)","=IFERROR(($AT511-G511)/$AT511,0)","=IFERROR(($AU511-D511)/$AU511,0)","=$AU511-D511"
Gorgeous Private home on Beautiful Sanibel Island!,740653978,,40855,40855,498.23,81.19,120,4,3,10,true,false,true,true,true,true,true,Home/Apartment,House,House/villa,0,0,28,6-20,Luxury,false,0,false,82,3,2026-05-11,Cape Coral/Fort Myers,Sanibel,Sanibel,Florida,33957,United States,coastal,https://www.airbnb.com/rooms/1600178956589733154,https://a0.muscache.com/im/pictures/hosting/Hosting-1600178956589733154/original/e2e6b995-b803-42aa-9418-aa83907bda1b.jpeg,1600178956589733154,5049355,26.4484,-82.0279,"=AVERAGE($G$2:$G$689)","=AVERAGE($D$2:$D$689)","=IFERROR(($AT512-G512)/$AT512,0)","=IFERROR(($AU512-D512)/$AU512,0)","=$AU512-D512"
Island Paradise-The Sandy Banana-across from beach,287429066,,40814,73654,438.86,58.13,211,4,3,8,true,false,false,true,true,true,false,Home/Apartment,House,House/villa,5,18,28,2-5,Luxury,true,399,true,93,11,2026-05-17,Cape Coral/Fort Myers,Sanibel,Sanibel,Florida,33957,United States,coastal,https://www.airbnb.com/rooms/979913880572643285,https://a0.muscache.com/im/pictures/hosting/Hosting-979913880572643285/original/cc51331c-ad22-4948-a343-6df680811d37.jpeg,979913880572643285,3864176,26.4359414107,-82.1242286936,"=AVERAGE($G$2:$G$689)","=AVERAGE($D$2:$D$689)","=IFERROR(($AT513-G513)/$AT513,0)","=IFERROR(($AU513-D513)/$AU513,0)","=$AU513-D513"
"Perfect Beach House-4-bedroom house in Sanibel
",,,40221,44167,744.83,38.85,311,4,3,8,true,false,false,true,true,false,true,Home/Apartment,House,House/villa,4.5,7,28,1,Luxury,false,350,false,54,7,2026-05-17,Cape Coral/Fort Myers,Sanibel,Sanibel,Florida,33957,United States,coastal,https://www.vrbo.com/3873246,"https://media.vrbo.com/lodging/103000000/102660000/102658400/102658304/d1446e27.jpg?impolicy=resizecrop&rw=1200&ra=fit",,3873246,26.429853,-82.058464,"=AVERAGE($G$2:$G$689)","=AVERAGE($D$2:$D$689)","=IFERROR(($AT514-G514)/$AT514,0)","=IFERROR(($AU514-D514)/$AU514,0)","=$AU514-D514"
"Bandy Beach A101, 3 Bedroom, Newly Renovated, Gulf",Sanibel Holiday,,33697,61440,612.67,40.44,297,3,2,6,true,false,false,true,false,false,true,Home/Apartment,Condominium (condo),Apt/Condo/Loft,4.7,59,1,21+,Luxury,false,457,true,55,7,2026-05-13,Cape Coral/Fort Myers,Sanibel,Sanibel,Florida,33957,United States,coastal,https://www.airbnb.com/rooms/1518967362658553723,https://a0.muscache.com/im/pictures/prohost-api/Hosting-1518967362658553723/original/4a567e7b-0382-4667-85fd-0943570d72d3.jpeg,1518967362658553723,4840944ha,26.448,-82.0227,"=AVERAGE($G$2:$G$689)","=AVERAGE($D$2:$D$689)","=IFERROR(($AT515-G515)/$AT515,0)","=IFERROR(($AU515-D515)/$AU515,0)","=$AU515-D515"
"Sanibel tranquility - 4 bedroom, 3 bathroom, heated pool, minutes walk to beach",,,33446,33446,380.07,98.88,365,4,3,8,true,false,false,true,true,false,true,Home/Apartment,House,House/villa,5,17,28,1,Luxury,false,500,false,88,2,2026-05-14,Cape Coral/Fort Myers,Sanibel,Sanibel,Florida,33957,United States,coastal,https://www.vrbo.com/1157013,"https://media.vrbo.com/lodging/31000000/30540000/30530300/30530294/e5d3cb8b.jpg?impolicy=resizecrop&rw=1200&ra=fit",,1157013,26.432491,-82.059215,"=AVERAGE($G$2:$G$689)","=AVERAGE($D$2:$D$689)","=IFERROR(($AT516-G516)/$AT516,0)","=IFERROR(($AU516-D516)/$AU516,0)","=$AU516-D516"
"Shorewood 2D: Newly Remodeled, 3-Bedroom Unit, Partial Gulf-Views!",VIP Vacation Rentals,,32744,40672,385.22,64.89,133,3,2,6,false,false,false,false,true,false,true,Home/Apartment,Condominium (condo),Apt/Condo/Loft,0,0,28,21+,Luxury,false,0,true,85,3,2025-04-06,Cape Coral/Fort Myers,Sanibel,Sanibel,Florida,33957,United States,coastal,https://www.vrbo.com/3905792,"https://media.vrbo.com/lodging/104000000/103190000/103181900/103181856/9734daeb.jpg?impolicy=resizecrop&rw=1200&ra=fit",,3905792,26.436285,-82.044218,"=AVERAGE($G$2:$G$689)","=AVERAGE($D$2:$D$689)","=IFERROR(($AT517-G517)/$AT517,0)","=IFERROR(($AU517-D517)/$AU517,0)","=$AU517-D517"
Have a Shelluva Time at this 3br/2.5ba near beach ground level pool home. Pup friendly and perfect for stargazing!,Cottages to Castles of Sanibel and Captiva,,32352,59481,475.76,49.64,173,3,3,6,true,false,false,true,true,true,true,Home/Apartment,House,House/villa,0,0,28,6-20,Luxury,false,500,true,68,5,2026-05-16,Cape Coral/Fort Myers,Sanibel,Sanibel,Florida,33957,United States,coastal,https://www.vrbo.com/20078036ha,"https://media.vrbo.com/lodging/111000000/110980000/110976200/110976104/e44a4a7d.jpg?impolicy=resizecrop&rw=1200&ra=fit",,20078036ha,26.43049,-82.10201,"=AVERAGE($G$2:$G$689)","=AVERAGE($D$2:$D$689)","=IFERROR(($AT518-G518)/$AT518,0)","=IFERROR(($AU518-D518)/$AU518,0)","=$AU518-D518"
Set Point Home - Beachfront Home on Sanibel Island,Select Vacation Properties,,32340,40034,1155,51.85,304,3,3,6,true,false,true,true,true,false,true,Home/Apartment,House,House/villa,0,0,28,21+,Luxury,true,449,true,28,1,2026-05-15,Cape Coral/Fort Myers,Sanibel,Sanibel,Florida,33957,United States,coastal,https://www.airbnb.com/rooms/684015244424509823,https://a0.muscache.com/im/pictures/prohost-api/Hosting-684015244424509823/original/f40cf85c-361e-4965-a380-746214ea3a98.jpeg,684015244424509823,,26.4383,-82.1273,"=AVERAGE($G$2:$G$689)","=AVERAGE($D$2:$D$689)","=IFERROR(($AT519-G519)/$AT519,0)","=IFERROR(($AU519-D519)/$AU519,0)","=$AU519-D519"
Heavenly Palms- New Construction Pool Home,Rosen Vacations,,32021,33944,533.68,54.05,276,3,2,8,true,false,false,true,true,true,true,Home/Apartment,House,House/villa,0,0,28,21+,Luxury,true,449,true,60,2,2026-05-14,Cape Coral/Fort Myers,Sanibel,Sanibel,Florida,33957,United States,coastal,https://www.airbnb.com/rooms/1246374576599378466,https://a0.muscache.com/im/pictures/prohost-api/Hosting-1246374576599378466/original/74c305e8-ade6-497f-a619-929df98a72c3.jpeg,1246374576599378466,4196671,26.4298,-82.0967,"=AVERAGE($G$2:$G$689)","=AVERAGE($D$2:$D$689)","=IFERROR(($AT520-G520)/$AT520,0)","=IFERROR(($AU520-D520)/$AU520,0)","=$AU520-D520"
Waters Edge,Kingfisher Vacations,,31597,31597,526.62,96.77,307,3,3,7,true,false,false,true,true,false,true,Private Room,House,House/villa,0,0,28,21+,Luxury,true,500,true,60,2,2026-05-16,Cape Coral/Fort Myers,Sanibel,Sanibel,Florida,33957,United States,coastal,https://www.airbnb.com/rooms/1352198359193633691,https://a0.muscache.com/im/pictures/prohost-api/Hosting-1352198359193633691/original/ccbd9c59-5145-4f16-a28e-363cf81a3f42.jpeg,1352198359193633691,4423090,26.4448355176,-82.133878283,"=AVERAGE($G$2:$G$689)","=AVERAGE($D$2:$D$689)","=IFERROR(($AT521-G521)/$AT521,0)","=IFERROR(($AU521-D521)/$AU521,0)","=$AU521-D521"
#711 Sanibel Moorings Gulf Front,RedAwning,,30925,51523,524.15,48.36,153,3,2,6,true,true,false,true,true,false,true,Home/Apartment,House,House/villa,4.8,18,1,21+,Luxury,false,152,true,59,13,2020-05-19,Cape Coral/Fort Myers,Sanibel,Sanibel,Florida,33957,United States,coastal,https://www.airbnb.com/rooms/28485131,"https://a0.muscache.com/im/pictures/8c98510b-bfb8-4a93-866c-b9a732c06997.jpg?aki_policy=x_large",28485131,3677532ha,26.44152,-82.03568,"=AVERAGE($G$2:$G$689)","=AVERAGE($D$2:$D$689)","=IFERROR(($AT522-G522)/$AT522,0)","=IFERROR(($AU522-D522)/$AU522,0)","=$AU522-D522"
Private Sanibel Home with Heated Pool on Canal !,99538424,,30910,37479,312.22,90,236,5,3,10,true,false,false,true,true,true,true,Home/Apartment,House,House/villa,5,5,28,1,Luxury,false,250,false,99,6,2026-05-13,Cape Coral/Fort Myers,Sanibel,Sanibel,Florida,33957,United States,coastal,https://www.airbnb.com/rooms/15498009,https://a0.muscache.com/im/pictures/hosting/Hosting-U3RheVN1cHBseUxpc3Rpbmc6MTU0OTgwMDk%3D/original/d7c7f3de-28dd-41fc-9970-874374102be9.jpeg,15498009,1481039,26.44761,-82.03224,"=AVERAGE($G$2:$G$689)","=AVERAGE($D$2:$D$689)","=IFERROR(($AT523-G523)/$AT523,0)","=IFERROR(($AU523-D523)/$AU523,0)","=$AU523-D523"
Stunning home minutes to beach!,Breakaway VACATION PROPERTIES,,30873,50271,406.22,48.1,279,3,2,8,true,false,false,true,true,true,true,Home/Apartment,House,House/villa,0,0,28,21+,Luxury,true,500,true,76,5,2026-05-14,Cape Coral/Fort Myers,Sanibel,Sanibel,Florida,33957,United States,coastal,https://www.airbnb.com/rooms/1295858020280782326,https://a0.muscache.com/im/pictures/prohost-api/Hosting-1295858020280782326/original/bf778d30-ec9d-469e-8d51-d7f38a9f1bf4.jpeg,1295858020280782326,4301763,26.43841,-82.04636,"=AVERAGE($G$2:$G$689)","=AVERAGE($D$2:$D$689)","=IFERROR(($AT524-G524)/$AT524,0)","=IFERROR(($AU524-D524)/$AU524,0)","=$AU524-D524"
Executive Residence at Gulfside Place,Rosen Vacations,,30704,50616,714.05,89.58,180,3,3,8,true,true,false,true,true,false,true,Home/Apartment,Apartment,Apt/Condo/Loft,5,1,28,21+,Luxury,true,299,true,43,1,2026-05-15,Cape Coral/Fort Myers,Sanibel,Sanibel,Florida,33957,United States,coastal,https://www.airbnb.com/rooms/53344645,https://a0.muscache.com/im/pictures/prohost-api/Hosting-53344645/original/e1daf7c1-b98a-494d-b6bd-f162f7adcfaf.jpeg,53344645,2546136,26.4293,-82.0563,"=AVERAGE($G$2:$G$689)","=AVERAGE($D$2:$D$689)","=IFERROR(($AT525-G525)/$AT525,0)","=IFERROR(($AU525-D525)/$AU525,0)","=$AU525-D525"
Sancroft: Stunning Pool Home w Direct Water Access,Sanibel Vacations,,30471,42534,304.71,63.29,314,3,3,7,true,false,false,true,true,true,true,Home/Apartment,House,House/villa,0,0,1,21+,Luxury,true,667,true,100,4,2026-05-13,Cape Coral/Fort Myers,Sanibel,Sanibel,Florida,33957,United States,coastal,https://www.airbnb.com/rooms/1379097768762610211,https://a0.muscache.com/im/pictures/prohost-api/Hosting-1379097768762610211/original/3ce07756-ddaf-42a0-851b-49c6bff75385.jpeg,1379097768762610211,20123150ha,26.4609,-82.0468,"=AVERAGE($G$2:$G$689)","=AVERAGE($D$2:$D$689)","=IFERROR(($AT526-G526)/$AT526,0)","=IFERROR(($AU526-D526)/$AU526,0)","=$AU526-D526"
"Newly Renovated Beachfront 3 bed, 2 bath at Sanibel Moorings #721",Sanibel Moorings Resort,,30354,63155,645.83,78.33,161,3,2,8,true,true,false,true,true,false,true,Home/Apartment,Condominium (condo),Apt/Condo/Loft,5,2,3,21+,Luxury,false,0,true,47,8,2026-05-15,Cape Coral/Fort Myers,Sanibel,Sanibel,Florida,33957,United States,coastal,https://www.vrbo.com/9944262ha,"https://media.vrbo.com/lodging/104000000/103740000/103730700/103730619/486f40d2.jpg?impolicy=resizecrop&rw=1200&ra=fit",,9944262ha,26.440833,-82.03479,"=AVERAGE($G$2:$G$689)","=AVERAGE($D$2:$D$689)","=IFERROR(($AT527-G527)/$AT527,0)","=IFERROR(($AU527-D527)/$AU527,0)","=$AU527-D527"
Executive Beachfront 3BR Townhome at Bandy Beach,Rosen Vacations,,30104,32172,614.37,30.43,357,3,2,6,true,false,false,true,true,false,false,Home/Apartment,Condominium (condo),Apt/Condo/Loft,5,1,7,21+,Luxury,true,399,true,49,7,2026-05-15,Cape Coral/Fort Myers,Sanibel,Sanibel,Florida,33957,United States,coastal,https://www.airbnb.com/rooms/1413842138244286825,https://a0.muscache.com/im/pictures/prohost-api/Hosting-1413842138244286825/original/b7c429d0-f9dd-4871-aa31-3171b3336951.jpeg,1413842138244286825,4569839,26.448,-82.0227,"=AVERAGE($G$2:$G$689)","=AVERAGE($D$2:$D$689)","=IFERROR(($AT528-G528)/$AT528,0)","=IFERROR(($AU528-D528)/$AU528,0)","=$AU528-D528"
Seaclusion - Luxurious Retreat,Royal Shell Vacations,,29948,30980,1032.69,100,60,4,3,8,true,false,true,true,true,true,true,Home/Apartment,House,House/villa,0,0,28,21+,Luxury,false,510,true,29,1,2025-04-10,Cape Coral/Fort Myers,Sanibel,Sanibel,Florida,33957,United States,coastal,https://www.airbnb.com/rooms/1307977127285730784,https://a0.muscache.com/im/pictures/prohost-api/Hosting-1307977127285730784/original/716307f2-76cd-4e7a-861c-14b5946a1b0b.jpeg,1307977127285730784,20085629ha,26.43432,-82.11939,"=AVERAGE($G$2:$G$689)","=AVERAGE($D$2:$D$689)","=IFERROR(($AT529-G529)/$AT529,0)","=IFERROR(($AU529-D529)/$AU529,0)","=$AU529-D529"
Island Dreams: Remodeled West Gulf Drive Pool Home,Sanibel Vacations,,29929,51013,336.28,100,108,3,3,6,true,false,false,true,true,true,true,Home/Apartment,House,House/villa,4.6,25,1,21+,Luxury,true,667,true,89,3,2026-05-14,Cape Coral/Fort Myers,Sanibel,Sanibel,Florida,33957,United States,coastal,https://www.airbnb.com/rooms/696264805118011819,https://a0.muscache.com/im/pictures/prohost-api/Hosting-696264805118011819/original/cc638972-c413-489b-b871-3808b5599a2c.jpeg,696264805118011819,967592ha,26.433,-82.1145,"=AVERAGE($G$2:$G$689)","=AVERAGE($D$2:$D$689)","=IFERROR(($AT530-G530)/$AT530,0)","=IFERROR(($AU530-D530)/$AU530,0)","=$AU530-D530"
Enchanting 3-bedroom house in Sanibel with Pool,,,29832,31248,355.14,100,238,3,4,6,true,false,true,true,true,false,true,Home/Apartment,House,House/villa,0,0,28,1,Luxury,false,0,true,84,2,2026-05-14,Cape Coral/Fort Myers,Sanibel,Sanibel,Florida,33957,United States,coastal,https://www.vrbo.com/4767635,"https://media.vrbo.com/lodging/120000000/119790000/119784600/119784563/7d7f72fb.jpg?impolicy=resizecrop&rw=1200&ra=fit",,4767635,26.487504,-82.170702,"=AVERAGE($G$2:$G$689)","=AVERAGE($D$2:$D$689)","=IFERROR(($AT531-G531)/$AT531,0)","=IFERROR(($AU531-D531)/$AU531,0)","=$AU531-D531"
Waterfront Home with Private Pool,668048596,,29440,29440,320,52.87,245,3,2,8,true,false,false,true,true,true,true,Home/Apartment,House,House/villa,4.8,5,28,1,Luxury,false,0,false,92,4,2026-02-05,Cape Coral/Fort Myers,Sanibel,Sanibel,Florida,33957,United States,coastal,https://www.airbnb.com/rooms/1316542902939596179,https://a0.muscache.com/im/pictures/miso/Hosting-1316542902939596179/original/0e0333ee-e67e-42ac-9ce6-a7a659707882.jpeg,1316542902939596179,1647014,26.4444313099,-82.0384800993,"=AVERAGE($G$2:$G$689)","=AVERAGE($D$2:$D$689)","=IFERROR(($AT532-G532)/$AT532,0)","=IFERROR(($AU532-D532)/$AU532,0)","=$AU532-D532"
Lake Murex Pool Home - Easy Walk to Beach,Dream Vacation Rentals,,28778,35656,342.6,45.9,294,3,3,6,true,false,false,true,true,false,true,Home/Apartment,House,House/villa,0,0,28,21+,Luxury,true,425,true,84,6,2026-03-26,Cape Coral/Fort Myers,Sanibel,Sanibel,Florida,33957,United States,coastal,https://www.airbnb.com/rooms/1082953225976393568,https://a0.muscache.com/im/pictures/prohost-api/Hosting-1082953225976393568/original/f2e59dc2-bc46-4d09-995b-d4803b7942b1.jpeg,1082953225976393568,9924867ha,26.4332,-82.1035,"=AVERAGE($G$2:$G$689)","=AVERAGE($D$2:$D$689)","=IFERROR(($AT533-G533)/$AT533,0)","=IFERROR(($AU533-D533)/$AU533,0)","=$AU533-D533"
Junonia Dreaming: Stunning PoolHome Close to Beach,Sanibel Vacations,,28301,41089,277.46,72.34,253,3,3,7,true,false,false,true,true,false,true,Home/Apartment,House,House/villa,4.8,5,1,21+,Luxury,true,683,true,102,6,2026-05-14,Cape Coral/Fort Myers,Sanibel,Sanibel,Florida,33957,United States,coastal,https://www.airbnb.com/rooms/619440426846685071,https://a0.muscache.com/im/pictures/prohost-api/Hosting-619440426846685071/original/46ac081d-9190-4e35-9373-b756bdb0f963.jpeg,619440426846685071,7186576ha,26.441,-82.0477,"=AVERAGE($G$2:$G$689)","=AVERAGE($D$2:$D$689)","=IFERROR(($AT534-G534)/$AT534,0)","=IFERROR(($AU534-D534)/$AU534,0)","=$AU534-D534"
Sanibel Seaclusion,161755222,,28207,44798,909.9,53.45,227,4,,8,true,false,true,true,true,false,true,Home/Apartment,House,House/villa,0,0,28,1,Luxury,false,600,false,31,1,2026-05-17,Cape Coral/Fort Myers,Sanibel,Sanibel,Florida,33957,United States,coastal,https://www.airbnb.com/rooms/1453808381481138234,https://a0.muscache.com/im/pictures/miso/Hosting-1453808381481138234/original/1afa1705-ac6a-4e17-b48c-e84c8634d690.jpeg,1453808381481138234,,26.4340009645,-82.1188698359,"=AVERAGE($G$2:$G$689)","=AVERAGE($D$2:$D$689)","=IFERROR(($AT535-G535)/$AT535,0)","=IFERROR(($AU535-D535)/$AU535,0)","=$AU535-D535"
#722 Sanibel Moorings Gulf Front,RedAwning,,28051,63208,609.8,30.46,166,3,2,6,true,true,false,true,true,false,true,Home/Apartment,House,House/villa,5,12,1,21+,Luxury,false,152,true,46,12,2020-05-19,Cape Coral/Fort Myers,Sanibel,Sanibel,Florida,33957,United States,coastal,https://www.airbnb.com/rooms/28485059,"https://a0.muscache.com/im/pictures/395780a0-825a-4c81-8b6e-f74a9a0fd65a.jpg?aki_policy=x_large",28485059,3677543ha,26.44124,-82.03575,"=AVERAGE($G$2:$G$689)","=AVERAGE($D$2:$D$689)","=IFERROR(($AT536-G536)/$AT536,0)","=IFERROR(($AU536-D536)/$AU536,0)","=$AU536-D536"
Luxury Beach Home Sanibel Island  Pool&Pickleball,676246887,,27440,39164,980,68.29,293,4,4,10,true,false,true,true,true,true,true,Home/Apartment,House,House/villa,5,3,28,2-5,Luxury,true,300,false,28,1,2026-05-16,Cape Coral/Fort Myers,Sanibel,Sanibel,Florida,33957,United States,coastal,https://www.airbnb.com/rooms/1347866380632879724,https://a0.muscache.com/im/pictures/hosting/Hosting-1347866380632879724/original/28cb61b7-daa6-4278-8b64-12afddc8bbff.jpeg,1347866380632879724,,26.4467,-82.027,"=AVERAGE($G$2:$G$689)","=AVERAGE($D$2:$D$689)","=IFERROR(($AT537-G537)/$AT537,0)","=IFERROR(($AU537-D537)/$AU537,0)","=$AU537-D537"
Shorewood C1: Stunning 3 Bedroom with Gulf Views!,Sanibel Vacations,,27117,36999,713.61,36.19,143,3,2,6,true,false,false,true,false,false,true,Home/Apartment,Condominium (condo),Apt/Condo/Loft,0,0,7,21+,Luxury,true,774,true,38,7,2026-05-01,Cape Coral/Fort Myers,Sanibel,Sanibel,Florida,33957,United States,coastal,https://www.airbnb.com/rooms/1531159878854311117,https://a0.muscache.com/im/pictures/prohost-api/Hosting-1531159878854311117/original/1a989d46-d2d6-46fd-97e2-4b19f4354137.jpeg,1531159878854311117,20206073ha,26.4363,-82.0442,"=AVERAGE($G$2:$G$689)","=AVERAGE($D$2:$D$689)","=IFERROR(($AT538-G538)/$AT538,0)","=IFERROR(($AU538-D538)/$AU538,0)","=$AU538-D538"
Villa Sanibel 2G,Kingfisher Vacations,,27070,62772,422.97,74.42,176,3,2,8,true,false,false,true,true,false,true,Home/Apartment,Condominium (condo),Apt/Condo/Loft,4.65,46,4,21+,Luxury,true,350,true,64,10,2026-05-13,Cape Coral/Fort Myers,Sanibel,Sanibel,Florida,33957,United States,coastal,https://www.airbnb.com/rooms/35112413,https://a0.muscache.com/im/pictures/prohost-api/Hosting-35112413/original/3336c989-38b9-4191-8dd5-27c38865f5c0.jpeg,35112413,1658222,26.42511,-82.07477,"=AVERAGE($G$2:$G$689)","=AVERAGE($D$2:$D$689)","=IFERROR(($AT539-G539)/$AT539,0)","=IFERROR(($AU539-D539)/$AU539,0)","=$AU539-D539"
Beach Paradise - 60 seconds from the Gulf!,Breakaway VACATION PROPERTIES,,27053,40991,310.95,76.32,295,3,2,8,true,false,false,true,true,true,true,Home/Apartment,House,House/villa,3.5,2,28,21+,Luxury,true,400,true,87,1,2026-05-13,Cape Coral/Fort Myers,Sanibel,Sanibel,Florida,33957,United States,coastal,https://www.airbnb.com/rooms/33228284,https://a0.muscache.com/im/pictures/prohost-api/Hosting-33228284/original/d9986129-898e-4484-941f-a67f7394b396.jpeg,33228284,1669446,26.425,-82.0691,"=AVERAGE($G$2:$G$689)","=AVERAGE($D$2:$D$689)","=IFERROR(($AT540-G540)/$AT540,0)","=IFERROR(($AU540-D540)/$AU540,0)","=$AU540-D540"
Charming Elevated House in The Dunes,,,27005,27464,303.43,75.42,362,3,2,6,true,false,false,false,false,true,false,Home/Apartment,House,House/villa,5,1,28,1,Luxury,false,177,false,89,3,2026-04-09,Cape Coral/Fort Myers,Sanibel,Sanibel,Florida,33957,United States,coastal,https://www.vrbo.com/4528410,"https://media.vrbo.com/lodging/115000000/114820000/114818200/114818116/3ff80d5f.jpg?impolicy=resizecrop&rw=1200&ra=fit",,4528410,26.447992,-82.05442,"=AVERAGE($G$2:$G$689)","=AVERAGE($D$2:$D$689)","=IFERROR(($AT541-G541)/$AT541,0)","=IFERROR(($AU541-D541)/$AU541,0)","=$AU541-D541"
Cozzi Casa: Pool Home With Elevator in Beachview E,Sanibel Vacations,,26905,36049,256.24,86.07,255,3,2,6,true,false,false,true,true,false,true,Home/Apartment,House,House/villa,5,1,1,21+,Luxury,true,667,true,105,4,2026-05-16,Cape Coral/Fort Myers,Sanibel,Sanibel,Florida,33957,United States,coastal,https://www.airbnb.com/rooms/1320285329635754532,https://a0.muscache.com/im/pictures/prohost-api/Hosting-1320285329635754532/original/8cec12a9-0928-4d2f-8959-5aec6b30599c.jpeg,1320285329635754532,20090001ha,26.435,-82.0527,"=AVERAGE($G$2:$G$689)","=AVERAGE($D$2:$D$689)","=IFERROR(($AT542-G542)/$AT542,0)","=IFERROR(($AU542-D542)/$AU542,0)","=$AU542-D542"
The Green House- Gumbo Limbo private pool home,Royal Shell Vacations,,26484,32363,472.93,80,329,3,2,6,true,false,false,true,true,false,true,Home/Apartment,House,House/villa,0,0,30,21+,Luxury,true,360,true,56,1,2026-05-16,Cape Coral/Fort Myers,Sanibel,Sanibel,Florida,33957,United States,coastal,https://www.airbnb.com/rooms/1341383353830231311,https://a0.muscache.com/im/pictures/prohost-api/Hosting-1341383353830231311/original/76e02622-cae2-4cac-aa63-01db58e685aa.jpeg,1341383353830231311,,26.4441955489,-82.0573813381,"=AVERAGE($G$2:$G$689)","=AVERAGE($D$2:$D$689)","=IFERROR(($AT543-G543)/$AT543,0)","=IFERROR(($AU543-D543)/$AU543,0)","=$AU543-D543"
Shorewood 1C,Dream Vacation Rentals,,26111,37663,373.01,39.11,230,3,2,6,true,false,true,true,true,false,true,Home/Apartment,Condominium (condo),Apt/Condo/Loft,4.85,67,1,21+,Luxury,true,269,true,70,8,2025-10-14,Cape Coral/Fort Myers,Sanibel,Sanibel,Florida,33957,United States,coastal,https://www.airbnb.com/rooms/26188520,https://a0.muscache.com/im/pictures/prohost-api/Hosting-26188520/original/e8b29d21-6f77-4dd5-aba2-f5da25b806ab.jpeg,26188520,7152821ha,26.436243,-82.044069,"=AVERAGE($G$2:$G$689)","=AVERAGE($D$2:$D$689)","=IFERROR(($AT544-G544)/$AT544,0)","=IFERROR(($AU544-D544)/$AU544,0)","=$AU544-D544"
Quiet paradise awaits,,,25903,30780,446.6,61.05,185,3,3,6,true,false,true,true,true,true,true,Home/Apartment,House,House/villa,5,22,7,1,Luxury,false,0,true,58,7,2026-05-15,Cape Coral/Fort Myers,Sanibel,Sanibel,Florida,33957,United States,coastal,https://www.vrbo.com/7082528ha,"https://media.vrbo.com/lodging/34000000/33570000/33569000/33568964/15c77e89.jpg?impolicy=resizecrop&rw=1200&ra=fit",,7082528ha,26.447254,-82.124869,"=AVERAGE($G$2:$G$689)","=AVERAGE($D$2:$D$689)","=IFERROR(($AT545-G545)/$AT545,0)","=IFERROR(($AU545-D545)/$AU545,0)","=$AU545-D545"
poinciana 4A,San Cap Island Vacation Rentals,,25585,35629,731,100,116,3,2,6,true,false,false,true,true,false,true,Home/Apartment,Condominium (condo),Apt/Condo/Loft,0,0,1,21+,Luxury,false,0,true,35,1,2026-05-14,Cape Coral/Fort Myers,Sanibel,Sanibel,Florida,33957,United States,coastal,https://www.airbnb.com/rooms/1532386664057380478,https://a0.muscache.com/im/pictures/prohost-api/Hosting-1532386664057380478/original/8bebb37c-4a9a-49aa-8bf7-83bdd8ca5c65.jpeg,1532386664057380478,4897021,26.4231,-82.0743,"=AVERAGE($G$2:$G$689)","=AVERAGE($D$2:$D$689)","=IFERROR(($AT546-G546)/$AT546,0)","=IFERROR(($AU546-D546)/$AU546,0)","=$AU546-D546"
Shorewood 4A in Sanibel,VIP Vacation Rentals,,25460,32458,1340,42.22,48,5,4,10,false,false,false,false,true,false,false,Home/Apartment,Condominium (condo),Apt/Condo/Loft,0,0,7,21+,Luxury,false,0,true,19,3,2025-04-07,Cape Coral/Fort Myers,Sanibel,Sanibel,Florida,33957,United States,coastal,https://www.vrbo.com/4382076,"https://media.vrbo.com/lodging/113000000/112180000/112176000/112175906/0e36a3ec.jpg?impolicy=resizecrop&rw=1200&ra=fit",,4382076,26.435314,-82.050425,"=AVERAGE($G$2:$G$689)","=AVERAGE($D$2:$D$689)","=IFERROR(($AT547-G547)/$AT547,0)","=IFERROR(($AU547-D547)/$AU547,0)","=$AU547-D547"
Sundial L204 – 3 Bedroom Beachfront Luxury,Select Vacation Properties,,25404,70785,564.53,54.22,181,3,2,6,true,false,false,true,false,false,false,Home/Apartment,Condominium (condo),Apt/Condo/Loft,5,2,1,21+,Luxury,true,830,true,45,7,2026-05-13,Cape Coral/Fort Myers,Sanibel,Sanibel,Florida,33957,United States,coastal,https://www.airbnb.com/rooms/1536277321840956416,https://a0.muscache.com/im/pictures/prohost-api/Hosting-1536277321840956416/original/2c7f4f0d-50dc-42cb-9395-3689ec4838d1.jpeg,1536277321840956416,4716810,26.4327,-82.0503,"=AVERAGE($G$2:$G$689)","=AVERAGE($D$2:$D$689)","=IFERROR(($AT548-G548)/$AT548,0)","=IFERROR(($AU548-D548)/$AU548,0)","=$AU548-D548"
Blue Gulf 102: Spacious 3BR Retreat with Stunning Sunsets!,VIP Vacation Rentals,,25184,29758,524.67,33.33,178,3,2,6,false,false,false,false,true,false,false,Home/Apartment,Condominium (condo),Apt/Condo/Loft,0,0,7,21+,Luxury,false,0,true,48,4,2025-07-06,Cape Coral/Fort Myers,Sanibel,Sanibel,Florida,33957,United States,coastal,https://www.vrbo.com/3905705,"https://media.vrbo.com/lodging/104000000/103190000/103181700/103181603/ca4e94c2.jpg?impolicy=resizecrop&rw=1200&ra=fit",,3905705,26.425082,-82.091861,"=AVERAGE($G$2:$G$689)","=AVERAGE($D$2:$D$689)","=IFERROR(($AT549-G549)/$AT549,0)","=IFERROR(($AU549-D549)/$AU549,0)","=$AU549-D549"
Sally's sea shells place,299899020,,25056,28361,432,74.36,350,3,2,6,true,false,false,true,true,true,true,Home/Apartment,House,House/villa,0,0,28,2-5,Luxury,false,300,true,58,1,2026-05-17,Cape Coral/Fort Myers,Sanibel,Sanibel,Florida,33957,United States,coastal,https://www.airbnb.com/rooms/1433314242048178785,https://a0.muscache.com/im/pictures/miso/Hosting-1433314242048178785/original/440d3a36-d750-4250-a3cc-61379dea9c73.jpeg,1433314242048178785,1295224,26.4243431601,-82.0864270749,"=AVERAGE($G$2:$G$689)","=AVERAGE($D$2:$D$689)","=IFERROR(($AT550-G550)/$AT550,0)","=IFERROR(($AU550-D550)/$AU550,0)","=$AU550-D550"
Beautifully newly redesigned canal front pool home,Breakaway VACATION PROPERTIES,,24950,38941,311.88,100,94,3,2,8,true,false,false,true,true,false,true,Home/Apartment,House,House/villa,0,0,28,21+,Luxury,false,350,true,80,3,2025-08-30,Cape Coral/Fort Myers,Sanibel,Sanibel,Florida,33957,United States,coastal,https://www.airbnb.com/rooms/1156530418909063330,https://a0.muscache.com/im/pictures/prohost-api/Hosting-1156530418909063330/original/2d52bb2b-c532-4071-a9ae-54ba2191680b.jpeg,1156530418909063330,4004194,26.44595,-82.03724,"=AVERAGE($G$2:$G$689)","=AVERAGE($D$2:$D$689)","=IFERROR(($AT551-G551)/$AT551,0)","=IFERROR(($AU551-D551)/$AU551,0)","=$AU551-D551"
Saved by the Bel - Sanibel Island Pool Residence,Rosen Vacations,,24931,37659,422.56,45.74,211,3,3,8,true,false,false,true,true,true,true,Home/Apartment,House,House/villa,0,0,28,21+,Luxury,true,498,true,59,4,2026-05-11,Cape Coral/Fort Myers,Sanibel,Sanibel,Florida,33957,United States,coastal,https://www.airbnb.com/rooms/1518262971656206552,https://a0.muscache.com/im/pictures/prohost-api/Hosting-1518262971656206552/original/90c336ad-9543-4bdf-8681-c7fce6f047df.jpeg,1518262971656206552,4861781,26.4347,-82.055,"=AVERAGE($G$2:$G$689)","=AVERAGE($D$2:$D$689)","=IFERROR(($AT552-G552)/$AT552,0)","=IFERROR(($AU552-D552)/$AU552,0)","=$AU552-D552"
#532 Sanibel Moorings Gulf View,RedAwning,,24397,57309,609.92,40.82,122,3,2,6,true,true,false,true,true,false,true,Home/Apartment,House,House/villa,4.7,10,1,21+,Luxury,false,152,true,40,10,2020-05-23,Cape Coral/Fort Myers,Sanibel,Sanibel,Florida,33957,United States,coastal,https://www.airbnb.com/rooms/28485205,"https://a0.muscache.com/im/pictures/ac9e30b0-5a47-4f65-83c3-201e24e66c4b.jpg?aki_policy=x_large",28485205,3677531ha,26.44049,-82.03446,"=AVERAGE($G$2:$G$689)","=AVERAGE($D$2:$D$689)","=IFERROR(($AT553-G553)/$AT553,0)","=IFERROR(($AU553-D553)/$AU553,0)","=$AU553-D553"
starfish oasis,San Cap Island Vacation Rentals,,23975,35093,584.76,35.96,304,3,3,6,true,false,false,true,true,false,true,Home/Apartment,House,House/villa,0,0,28,21+,Luxury,false,625,true,41,3,2026-05-14,Cape Coral/Fort Myers,Sanibel,Sanibel,Florida,33957,United States,coastal,https://www.airbnb.com/rooms/630350048774459716,https://a0.muscache.com/im/pictures/prohost-api/Hosting-630350048774459716/original/43b9bc73-4f14-4f25-ab66-4f63d1ec6b92.jpeg,630350048774459716,2817741,26.4266,-82.0718,"=AVERAGE($G$2:$G$689)","=AVERAGE($D$2:$D$689)","=IFERROR(($AT554-G554)/$AT554,0)","=IFERROR(($AU554-D554)/$AU554,0)","=$AU554-D554"
Blue Sky Escape,San Cap Island Vacation Rentals,,23868,29825,372.94,46.72,255,3,3,6,true,false,false,true,true,true,true,Home/Apartment,House,House/villa,0,0,1,21+,Luxury,false,429,true,64,3,2026-01-14,Cape Coral/Fort Myers,Sanibel,Sanibel,Florida,33957,United States,coastal,https://www.airbnb.com/rooms/639224022615746290,https://a0.muscache.com/im/pictures/prohost-api/Hosting-639224022615746290/original/866880e3-02a6-403b-9ba8-e7f4a4e3daf5.jpeg,639224022615746290,2817740,26.4301,-82.0986,"=AVERAGE($G$2:$G$689)","=AVERAGE($D$2:$D$689)","=IFERROR(($AT555-G555)/$AT555,0)","=IFERROR(($AU555-D555)/$AU555,0)","=$AU555-D555"
Sanibel Sunshine,306588688,,23855,42397,397.58,42.86,249,3,2,6,true,false,false,true,true,true,true,Home/Apartment,House,House/villa,4.7,7,28,2-5,Luxury,false,0,false,60,8,2026-05-17,Cape Coral/Fort Myers,Sanibel,Sanibel,Florida,33957,United States,coastal,https://www.airbnb.com/rooms/1589067148700201650,https://a0.muscache.com/im/pictures/hosting/Hosting-1589067148700201650/original/8b666f8f-edc9-45d2-a6b9-b911b511373e.png,1589067148700201650,4110804,26.43535,-82.05637,"=AVERAGE($G$2:$G$689)","=AVERAGE($D$2:$D$689)","=IFERROR(($AT556-G556)/$AT556,0)","=IFERROR(($AU556-D556)/$AU556,0)","=$AU556-D556"
Shell Sanctuary- ultimate island retreat,Royal Shell Vacations,,23466,37789,312.88,70.75,176,3,2,7,true,false,false,true,true,true,true,Home/Apartment,House,House/villa,0,0,30,21+,Luxury,true,385,true,75,2,2026-04-23,Cape Coral/Fort Myers,Sanibel,Sanibel,Florida,33957,United States,coastal,https://www.airbnb.com/rooms/1490596986730211262,https://a0.muscache.com/im/pictures/prohost-api/Hosting-1490596986730211262/original/3da17df0-7141-4762-8823-2f4021d928b6.jpeg,1490596986730211262,20187692ha,26.44269,-82.05752,"=AVERAGE($G$2:$G$689)","=AVERAGE($D$2:$D$689)","=IFERROR(($AT557-G557)/$AT557,0)","=IFERROR(($AU557-D557)/$AU557,0)","=$AU557-D557"
Coastal Chic Island Escape,430080268,,23203,88502,493.68,72.31,102,4,3,9,true,false,false,true,true,true,true,Home/Apartment,House,House/villa,5,64,28,1,Luxury,true,250,false,47,4,2026-05-11,Cape Coral/Fort Myers,Sanibel,Sanibel,Florida,33957,United States,coastal,https://www.airbnb.com/rooms/603706942909446423,https://a0.muscache.com/im/pictures/910d2950-b1f9-4ee0-85cb-f35dc71efb29.jpg,603706942909446423,2754818,26.43576,-82.12396,"=AVERAGE($G$2:$G$689)","=AVERAGE($D$2:$D$689)","=IFERROR(($AT558-G558)/$AT558,0)","=IFERROR(($AU558-D558)/$AU558,0)","=$AU558-D558"
Steps to Beach. We pay all fees!,164198927,,22837,82939,475.77,64,221,4,3,8,true,false,false,true,true,false,true,Home/Apartment,House,House/villa,4.75,4,14,2-5,Luxury,false,0,false,48,4,2026-05-14,Cape Coral/Fort Myers,Sanibel,Sanibel,Florida,33957,United States,coastal,https://www.airbnb.com/rooms/1246585700557414824,https://a0.muscache.com/im/pictures/miso/Hosting-1246585700557414824/original/0d75589d-0f88-4317-8975-55c08c57080f.jpeg,1246585700557414824,3620522,26.4417,-82.0382,"=AVERAGE($G$2:$G$689)","=AVERAGE($D$2:$D$689)","=IFERROR(($AT559-G559)/$AT559,0)","=IFERROR(($AU559-D559)/$AU559,0)","=$AU559-D559"
"Peaceful getaway with pool, minutes from the beach",30477330,,22736,26221,406,67.47,345,3,3,8,true,false,false,true,true,false,true,Home/Apartment,House,House/villa,5,10,28,2-5,Luxury,true,200,false,56,2,2026-05-13,Cape Coral/Fort Myers,Sanibel,Sanibel,Florida,33957,United States,coastal,https://www.airbnb.com/rooms/41019950,https://a0.muscache.com/im/pictures/hosting/Hosting-41019950/original/557f1a6b-40f5-42ce-a32d-a1896519c1b7.jpeg,41019950,,26.43921,-82.04796,"=AVERAGE($G$2:$G$689)","=AVERAGE($D$2:$D$689)","=IFERROR(($AT560-G560)/$AT560,0)","=IFERROR(($AU560-D560)/$AU560,0)","=$AU560-D560"
"Updated Three Bedroom Cottage, Short walk to the Beach! Shell Basket 1",Royal Shell Vacations,,22722,36673,339.13,62.04,126,3,2,6,true,false,false,true,true,true,true,Home/Apartment,Apartment,Apt/Condo/Loft,4.4,13,1,21+,Luxury,false,139,true,67,6,2022-11-08,Cape Coral/Fort Myers,Sanibel,Sanibel,Florida,33957,United States,coastal,https://www.airbnb.com/rooms/49053069,"https://a0.muscache.com/im/pictures/prohost-api/Hosting-49053069/original/3904053b-2e78-48cf-b51d-29da1d5001b1.jpeg?aki_policy=x_large",49053069,3668386ha,26.43727,-82.04282,"=AVERAGE($G$2:$G$689)","=AVERAGE($D$2:$D$689)","=IFERROR(($AT561-G561)/$AT561,0)","=IFERROR(($AU561-D561)/$AU561,0)","=$AU561-D561"
Sandy Cheeks- Gorgeous Newly Renovated,Rosen Vacations,,22674,23357,377.9,51.28,361,3,2,6,true,false,false,true,true,true,true,Home/Apartment,House,House/villa,4.65,3,28,21+,Luxury,true,419,true,60,3,2026-05-14,Cape Coral/Fort Myers,Sanibel,Sanibel,Florida,33957,United States,coastal,https://www.airbnb.com/rooms/1023350699987639270,https://a0.muscache.com/im/pictures/prohost-api/Hosting-1023350699987639270/original/df860202-1c23-4d76-862d-715d2786643a.jpeg,1023350699987639270,3708046,26.4354,-82.1139,"=AVERAGE($G$2:$G$689)","=AVERAGE($D$2:$D$689)","=IFERROR(($AT562-G562)/$AT562,0)","=IFERROR(($AU562-D562)/$AU562,0)","=$AU562-D562"
"Luxury 3BR Sanibel Retreat | Private Pool, Hot Tub",Glass Casa,,22591,35806,396.33,96.61,230,3,3,6,true,true,true,true,false,false,true,Home/Apartment,House,House/villa,0,0,28,21+,Luxury,true,644,true,57,2,2026-05-15,Cape Coral/Fort Myers,Sanibel,Sanibel,Florida,33957,United States,coastal,https://www.airbnb.com/rooms/1430488503366494891,https://a0.muscache.com/im/pictures/prohost-api/Hosting-1430488503366494891/original/537effc1-e55c-424e-86c8-9f92d957a23d.jpeg,1430488503366494891,4592677,26.4519,-82.0255,"=AVERAGE($G$2:$G$689)","=AVERAGE($D$2:$D$689)","=IFERROR(($AT563-G563)/$AT563,0)","=IFERROR(($AU563-D563)/$AU563,0)","=$AU563-D563"
999 East Gulf Drive 102 - Your Private Sanibel Isl,Dream Vacation Rentals,,22323,28642,405.87,45.45,306,3,3,6,true,false,true,true,true,false,true,Home/Apartment,House,House/villa,5,1,28,21+,Luxury,true,425,true,55,6,2026-05-11,Cape Coral/Fort Myers,Sanibel,Sanibel,Florida,33957,United States,coastal,https://www.airbnb.com/rooms/1442870525124486989,https://a0.muscache.com/im/pictures/prohost-api/Hosting-1442870525124486989/original/4634c56c-4905-45d6-8fb2-1f4fa231c964.jpeg,1442870525124486989,20161416ha,26.4393,-82.0415,"=AVERAGE($G$2:$G$689)","=AVERAGE($D$2:$D$689)","=IFERROR(($AT564-G564)/$AT564,0)","=IFERROR(($AU564-D564)/$AU564,0)","=$AU564-D564"
Sand Dollar B103: Fully Remodeled 3-Bedroom Unit with Spectacular Gulf Views,VIP Vacation Rentals,,22018,34055,579.42,29.92,128,3,2,6,false,false,false,false,false,false,false,Home/Apartment,Condominium (condo),Apt/Condo/Loft,0,0,7,21+,Luxury,false,0,true,38,5,2025-04-08,Cape Coral/Fort Myers,Sanibel,Sanibel,Florida,33957,United States,coastal,https://www.vrbo.com/3905777,"https://media.vrbo.com/lodging/104000000/103190000/103181900/103181816/6368aab9.jpg?impolicy=resizecrop&rw=1200&ra=fit",,3905777,26.429069,-82.05931,"=AVERAGE($G$2:$G$689)","=AVERAGE($D$2:$D$689)","=IFERROR(($AT565-G565)/$AT565,0)","=IFERROR(($AU565-D565)/$AU565,0)","=$AU565-D565"
Canal front beauty!,Breakaway VACATION PROPERTIES,,21602,30480,372.45,96.67,246,3,2,6,true,false,false,true,true,true,true,Home/Apartment,House,House/villa,0,0,28,21+,Luxury,true,400,true,58,2,2026-05-11,Cape Coral/Fort Myers,Sanibel,Sanibel,Florida,33957,United States,coastal,https://www.airbnb.com/rooms/1466065873027764034,https://a0.muscache.com/im/pictures/prohost-api/Hosting-1466065873027764034/original/05df7d0a-f2ab-431b-87ba-fea97e9526b7.jpeg,1466065873027764034,4699844,26.44493,-82.03708,"=AVERAGE($G$2:$G$689)","=AVERAGE($D$2:$D$689)","=IFERROR(($AT566-G566)/$AT566,0)","=IFERROR(($AU566-D566)/$AU566,0)","=$AU566-D566"
Three Bedroom Townhome with Loft Just Steps Away from the Beach! Seagrape Village 3,Royal Shell Vacations,,21451,53535,579.76,56.92,102,3,3,8,true,false,false,true,true,false,true,Home/Apartment,House,House/villa,4.8,20,7,21+,Luxury,false,150,true,37,6,2026-05-14,Cape Coral/Fort Myers,Sanibel,Sanibel,Florida,33957,United States,coastal,https://www.vrbo.com/3243529ha,"https://media.vrbo.com/lodging/22000000/21670000/21667800/21667717/a1052ead.jpg?impolicy=resizecrop&rw=1200&ra=fit",,3243529ha,26.448144,-82.02128,"=AVERAGE($G$2:$G$689)","=AVERAGE($D$2:$D$689)","=IFERROR(($AT567-G567)/$AT567,0)","=IFERROR(($AU567-D567)/$AU567,0)","=$AU567-D567"
Sleeps 10 - Available Year Round -  Huge Private Home,,,21337,44265,453.98,68.12,156,4,3,10,true,false,false,true,true,false,false,Home/Apartment,House,House/villa,4.9,117,6,1,Luxury,false,195,false,47,10,2026-05-01,Cape Coral/Fort Myers,Sanibel,Sanibel,Florida,33957,United States,coastal,https://www.vrbo.com/219728,"https://media.vrbo.com/lodging/34000000/33950000/33949100/33949088/a9056914.jpg?impolicy=resizecrop&rw=1200&ra=fit",,219728,26.45217,-82.1412,"=AVERAGE($G$2:$G$689)","=AVERAGE($D$2:$D$689)","=IFERROR(($AT568-G568)/$AT568,0)","=IFERROR(($AU568-D568)/$AU568,0)","=$AU568-D568"
Bandy Beach D201- Gulf Front Luxury,Royal Shell Vacations,,20279,30365,482.83,34.15,171,3,2,6,false,false,false,false,false,false,false,Home/Apartment,Condominium (condo),Apt/Condo/Loft,5,2,7,21+,Luxury,true,225,true,42,4,2026-05-11,Cape Coral/Fort Myers,Sanibel,Sanibel,Florida,33957,United States,coastal,https://www.airbnb.com/rooms/1541400048107468561,https://a0.muscache.com/im/pictures/prohost-api/Hosting-1541400048107468561/original/80250cd4-1467-42a7-87b4-cdf853220953.jpeg,1541400048107468561,4813912ha,26.44676,-82.02195,"=AVERAGE($G$2:$G$689)","=AVERAGE($D$2:$D$689)","=IFERROR(($AT569-G569)/$AT569,0)","=IFERROR(($AU569-D569)/$AU569,0)","=$AU569-D569"
Paradise Found at Atrium 203 Sanibel; 3br/3ba + Cabana,Cottages to Castles of Sanibel and Captiva,,20016,41622,769.85,27.37,263,3,3,6,true,false,false,true,true,true,true,Home/Apartment,Condominium (condo),Apt/Condo/Loft,5,5,14,6-20,Luxury,false,350,true,26,6,2026-05-15,Cape Coral/Fort Myers,Sanibel,Sanibel,Florida,33957,United States,coastal,https://www.vrbo.com/159415ha,"https://media.vrbo.com/lodging/23000000/22260000/22252200/22252120/329c3cc6.jpg?impolicy=resizecrop&rw=1200&ra=fit",,159415ha,26.4248,-82.091017,"=AVERAGE($G$2:$G$689)","=AVERAGE($D$2:$D$689)","=IFERROR(($AT570-G570)/$AT570,0)","=IFERROR(($AU570-D570)/$AU570,0)","=$AU570-D570"
"Shorewood 2A: Gulf-Front 3 Bedroom/3 Bath, Completely Remodeled!",VIP Vacation Rentals,,19103,46094,545.8,38.46,99,3,3,6,false,false,false,false,false,false,true,Home/Apartment,Condominium (condo),Apt/Condo/Loft,5,1,7,21+,Luxury,false,0,true,35,5,2025-04-06,Cape Coral/Fort Myers,Sanibel,Sanibel,Florida,33957,United States,coastal,https://www.vrbo.com/4014921,"https://media.vrbo.com/lodging/106000000/105410000/105409300/105409281/9677018a.jpg?impolicy=resizecrop&rw=1200&ra=fit",,4014921,26.436018,-82.047636,"=AVERAGE($G$2:$G$689)","=AVERAGE($D$2:$D$689)","=IFERROR(($AT571-G571)/$AT571,0)","=IFERROR(($AU571-D571)/$AU571,0)","=$AU571-D571"
House by the sea,428850520,,18972,26874,357.96,49.53,304,3,2,10,true,false,false,true,true,true,true,Home/Apartment,House,House/villa,5,3,28,1,Luxury,false,0,true,53,3,2026-04-10,Cape Coral/Fort Myers,Sanibel,Sanibel,Florida,33957,United States,coastal,https://www.airbnb.com/rooms/1307489475200583690,https://a0.muscache.com/im/pictures/hosting/Hosting-U3RheVN1cHBseUxpc3Rpbmc6MTMwNzQ4OTQ3NTIwMDU4MzY5MA%3D%3D/original/f7510df2-b888-4283-a33c-86d814affca3.jpeg,1307489475200583690,4332926,26.4294,-82.0985,"=AVERAGE($G$2:$G$689)","=AVERAGE($D$2:$D$689)","=IFERROR(($AT572-G572)/$AT572,0)","=IFERROR(($AU572-D572)/$AU572,0)","=$AU572-D572"
Coastal Charm walking distance to beach!,Breakaway VACATION PROPERTIES,,18882,35015,295.03,100,201,3,3,6,true,false,false,true,true,true,true,Home/Apartment,House,House/villa,0,0,28,21+,Luxury,false,400,true,64,1,2025-12-10,Cape Coral/Fort Myers,Sanibel,Sanibel,Florida,33957,United States,coastal,https://www.airbnb.com/rooms/1171140873910437845,https://a0.muscache.com/im/pictures/prohost-api/Hosting-1171140873910437845/original/988ed8fb-eb6a-4e15-bb7b-820600f9d9d2.jpeg,1171140873910437845,4036469,26.439,-82.04582,"=AVERAGE($G$2:$G$689)","=AVERAGE($D$2:$D$689)","=IFERROR(($AT573-G573)/$AT573,0)","=IFERROR(($AU573-D573)/$AU573,0)","=$AU573-D573"
Sandals unit A,San Cap Island Vacation Rentals,,18831,31527,523.08,40,263,3,3,6,true,false,false,true,true,false,false,Home/Apartment,House,House/villa,0,0,28,21+,Luxury,false,600,true,36,2,2026-05-13,Cape Coral/Fort Myers,Sanibel,Sanibel,Florida,33957,United States,coastal,https://www.airbnb.com/rooms/49226400,https://a0.muscache.com/im/pictures/prohost-api/Hosting-49226400/original/793170cb-9005-4a1e-90e7-30a19be28efc.jpeg,49226400,2288739,26.4282,-82.1035,"=AVERAGE($G$2:$G$689)","=AVERAGE($D$2:$D$689)","=IFERROR(($AT574-G574)/$AT574,0)","=IFERROR(($AU574-D574)/$AU574,0)","=$AU574-D574"
Deja Blue-Lux Sanibel Home with Saltwater Pool,San Cap Island Vacation Rentals,,18726,36844,267.51,54.69,273,3,2,8,true,true,false,true,true,true,true,Home/Apartment,House,House/villa,5,5,28,21+,Luxury,false,525,true,70,3,2026-03-26,Cape Coral/Fort Myers,Sanibel,Sanibel,Florida,33957,United States,coastal,https://www.airbnb.com/rooms/1211705695508897963,https://a0.muscache.com/im/pictures/prohost-api/Hosting-1211705695508897963/original/db077670-7f8f-44d9-9b99-52fcbda5ebfe.jpeg,1211705695508897963,4198339,26.4736,-82.1676,"=AVERAGE($G$2:$G$689)","=AVERAGE($D$2:$D$689)","=IFERROR(($AT575-G575)/$AT575,0)","=IFERROR(($AU575-D575)/$AU575,0)","=$AU575-D575"
Stunning Canal Front Home Exquisite Design!,Breakaway VACATION PROPERTIES,,18410,18618,497.57,56.92,200,4,3,8,true,false,false,true,true,false,true,Home/Apartment,House,House/villa,0,0,28,21+,Luxury,true,400,true,37,2,2026-05-15,Cape Coral/Fort Myers,Sanibel,Sanibel,Florida,33957,United States,coastal,https://www.airbnb.com/rooms/1156530396949969107,https://a0.muscache.com/im/pictures/prohost-api/Hosting-1156530396949969107/original/3c05c59b-b771-4c7c-8c48-12ef1f9ebec4.jpeg,1156530396949969107,3996523,26.4444,-82.03341,"=AVERAGE($G$2:$G$689)","=AVERAGE($D$2:$D$689)","=IFERROR(($AT576-G576)/$AT576,0)","=IFERROR(($AU576-D576)/$AU576,0)","=$AU576-D576"
Completely renovated 2024  AMAZING UPDATES!,,,17744,34725,537.7,37.93,136,3,3,9,true,false,true,true,true,false,true,Home/Apartment,House,House/villa,4.8,16,28,1,Luxury,false,500,true,33,2,2025-05-06,Cape Coral/Fort Myers,Sanibel,Sanibel,Florida,33957,United States,coastal,https://www.vrbo.com/4439057ha,"https://media.vrbo.com/lodging/34000000/33550000/33549400/33549385/dcc46ad6.jpg?impolicy=resizecrop&rw=1200&ra=fit",,4439057ha,26.425895,-82.067614,"=AVERAGE($G$2:$G$689)","=AVERAGE($D$2:$D$689)","=IFERROR(($AT577-G577)/$AT577,0)","=IFERROR(($AU577-D577)/$AU577,0)","=$AU577-D577"
"Updated Three Bedroom Home, Short walk the Beach! Shell Basket 2",Royal Shell Vacations,,17262,36722,411,75,105,3,2,6,true,false,false,true,true,true,true,Home/Apartment,House,House/villa,4.6,21,7,21+,Luxury,false,200,true,42,6,2026-05-13,Cape Coral/Fort Myers,Sanibel,Sanibel,Florida,33957,United States,coastal,https://www.vrbo.com/3668388ha,"https://media.vrbo.com/lodging/22000000/21670000/21669200/21669199/999497d8.jpg?impolicy=resizecrop&rw=1200&ra=fit",,3668388ha,26.437679,-82.043152,"=AVERAGE($G$2:$G$689)","=AVERAGE($D$2:$D$689)","=IFERROR(($AT578-G578)/$AT578,0)","=IFERROR(($AU578-D578)/$AU578,0)","=$AU578-D578"
PooleSide Island Retreat  (newly renovated 2024),105875074,,17220,18006,287,78.95,302,3,2,6,true,false,false,true,true,true,true,Home/Apartment,House,House/villa,4.9,11,28,2-5,Luxury,false,200,false,60,2,2026-05-15,Cape Coral/Fort Myers,Sanibel,Sanibel,Florida,33957,United States,coastal,https://www.airbnb.com/rooms/38598720,https://a0.muscache.com/im/pictures/hosting/Hosting-38598720/original/d160d142-affe-47d1-be0a-9712e6fac761.jpeg,38598720,,26.4325,-82.1082,"=AVERAGE($G$2:$G$689)","=AVERAGE($D$2:$D$689)","=IFERROR(($AT579-G579)/$AT579,0)","=IFERROR(($AU579-D579)/$AU579,0)","=$AU579-D579"
Woodring Bayhouse: Private Luxury Bayfront Home!,Sanibel Vacations,,16944,35284,313.78,84.38,263,3,3,6,true,false,true,true,true,true,true,Home/Apartment,House,House/villa,4.9,15,1,21+,Luxury,true,667,true,54,2,2026-05-14,Cape Coral/Fort Myers,Sanibel,Sanibel,Florida,33957,United States,coastal,https://www.airbnb.com/rooms/1157256562322960113,https://a0.muscache.com/im/pictures/prohost-api/Hosting-1157256562322960113/original/2be95529-f843-4d9c-893d-6244529acaf5.jpeg,1157256562322960113,4530377ha,26.4654,-82.0627,"=AVERAGE($G$2:$G$689)","=AVERAGE($D$2:$D$689)","=IFERROR(($AT580-G580)/$AT580,0)","=IFERROR(($AU580-D580)/$AU580,0)","=$AU580-D580"
Sanibel Pool Home | Steps to Beach + Gulf Access,3731535,,16928,17051,497.88,55.74,272,3,3,6,true,false,true,true,true,false,true,Home/Apartment,House,House/villa,5,1,28,2-5,Luxury,false,0,false,34,1,2026-05-11,Cape Coral/Fort Myers,Sanibel,Sanibel,Florida,33957,United States,coastal,https://www.airbnb.com/rooms/1497181685581811079,https://a0.muscache.com/im/pictures/hosting/Hosting-1497181685581811079/original/ceafe48f-9460-460e-a473-3f68972c9e4b.jpeg,1497181685581811079,,26.48509,-82.17659,"=AVERAGE($G$2:$G$689)","=AVERAGE($D$2:$D$689)","=IFERROR(($AT581-G581)/$AT581,0)","=IFERROR(($AU581-D581)/$AU581,0)","=$AU581-D581"
Gulf House with heated pool and ping pong table. ,,,16412,18019,443.57,48.05,198,4,3,10,true,false,false,true,true,true,true,Home/Apartment,House,House/villa,5,1,27,1,Luxury,false,397,true,37,2,2026-03-01,Cape Coral/Fort Myers,Sanibel,Sanibel,Florida,33957,United States,coastal,https://www.vrbo.com/3862258,"https://media.vrbo.com/lodging/103000000/102490000/102489000/102488934/0eaf334f.jpg?impolicy=resizecrop&rw=1200&ra=fit",,3862258,26.43571,-82.12045,"=AVERAGE($G$2:$G$689)","=AVERAGE($D$2:$D$689)","=IFERROR(($AT582-G582)/$AT582,0)","=IFERROR(($AU582-D582)/$AU582,0)","=$AU582-D582"
Lovely Sanibel Paradise Home!,413405422,,16334,18319,226.86,72.73,347,3,2,6,true,false,false,true,true,false,false,Home/Apartment,House,House/villa,5,2,26,1,Luxury,false,199,false,72,3,2026-05-17,Cape Coral/Fort Myers,Sanibel,Sanibel,Florida,33957,United States,coastal,https://www.airbnb.com/rooms/53826617,https://a0.muscache.com/im/pictures/a90ba38c-fbd0-462a-9618-8d7ceb3b8038.jpg,53826617,2575330,26.44934,-82.12398,"=AVERAGE($G$2:$G$689)","=AVERAGE($D$2:$D$689)","=IFERROR(($AT583-G583)/$AT583,0)","=IFERROR(($AU583-D583)/$AU583,0)","=$AU583-D583"
Sandals D,Select Vacation Properties,,16173,24275,577.61,54.9,206,4,4,8,true,false,false,true,true,false,true,Home/Apartment,Townhouse,Apt/Condo/Loft,5,3,1,21+,Luxury,true,420,true,28,1,2026-05-15,Cape Coral/Fort Myers,Sanibel,Sanibel,Florida,33957,United States,coastal,https://www.airbnb.com/rooms/38094834,https://a0.muscache.com/im/pictures/prohost-api/Hosting-38094834/original/4aaf2ba4-53a2-4956-8627-62fe547cc160.jpeg,38094834,865210,26.4293,-82.1026,"=AVERAGE($G$2:$G$689)","=AVERAGE($D$2:$D$689)","=IFERROR(($AT584-G584)/$AT584,0)","=IFERROR(($AU584-D584)/$AU584,0)","=$AU584-D584"
Gulfside Sanibel Beach Retreat,105875074,,16072,16072,446.44,64.29,151,3,3,7,true,false,true,true,true,false,true,Home/Apartment,House,House/villa,5,1,28,2-5,Luxury,false,0,false,36,1,2026-05-17,Cape Coral/Fort Myers,Sanibel,Sanibel,Florida,33957,United States,coastal,https://www.airbnb.com/rooms/1560450620654680743,https://a0.muscache.com/im/pictures/hosting/Hosting-1560450620654680743/original/c2f030a9-35bd-48a2-89e3-6bd48f2fb704.jpeg,1560450620654680743,,26.4323,-82.1127,"=AVERAGE($G$2:$G$689)","=AVERAGE($D$2:$D$689)","=IFERROR(($AT585-G585)/$AT585,0)","=IFERROR(($AU585-D585)/$AU585,0)","=$AU585-D585"
"4/3 Renovated Sanibel Getaway, Huge Property on Canal, Easy Access from Causeway",,,15968,21842,499,88.89,85,4,3,8,true,false,false,true,true,true,true,Home/Apartment,House,House/villa,5,2,14,1,Luxury,false,250,false,32,1,2026-05-16,Cape Coral/Fort Myers,Sanibel,Sanibel,Florida,33957,United States,coastal,https://www.vrbo.com/4995940,"https://media.vrbo.com/lodging/124000000/123810000/123806500/123806443/15cea4de.jpg?impolicy=resizecrop&rw=1200&ra=fit",,4995940,26.445004,-82.030883,"=AVERAGE($G$2:$G$689)","=AVERAGE($D$2:$D$689)","=IFERROR(($AT586-G586)/$AT586,0)","=IFERROR(($AU586-D586)/$AU586,0)","=$AU586-D586"
Beach Therapy- Modern Sanibel Comfort,Royal Shell Vacations,,14028,37156,501,100,83,4,3,9,true,false,false,true,true,true,true,Home/Apartment,House,House/villa,0,0,30,21+,Luxury,true,0,true,28,1,2026-05-17,Cape Coral/Fort Myers,Sanibel,Sanibel,Florida,33957,United States,coastal,https://www.airbnb.com/rooms/1492911861057578640,https://a0.muscache.com/im/pictures/prohost-api/Hosting-1492911861057578640/original/1a4d896c-107b-4c00-9faf-6e9a8e47903e.jpeg,1492911861057578640,20188469ha,26.43331,-82.05686,"=AVERAGE($G$2:$G$689)","=AVERAGE($D$2:$D$689)","=IFERROR(($AT587-G587)/$AT587,0)","=IFERROR(($AU587-D587)/$AU587,0)","=$AU587-D587"
Beautiful Updated Gulf Front Sanibel Condo - Sanddollar C203,Royal Shell Vacations,,13981,44770,436.91,65.31,81,3,2,6,true,true,false,true,true,false,true,Home/Apartment,Condominium (condo),Apt/Condo/Loft,0,0,7,21+,Luxury,false,174,true,32,6,2026-05-13,Cape Coral/Fort Myers,Sanibel,Sanibel,Florida,33957,United States,coastal,https://www.vrbo.com/7878840ha,"https://media.vrbo.com/lodging/40000000/39860000/39852100/39852016/d910f892.jpg?impolicy=resizecrop&rw=1200&ra=fit",,7878840ha,26.429069,-82.05931,"=AVERAGE($G$2:$G$689)","=AVERAGE($D$2:$D$689)","=IFERROR(($AT588-G588)/$AT588,0)","=IFERROR(($AU588-D588)/$AU588,0)","=$AU588-D588"
Amongst the Waves: Stunning Beach Home in The Excl,Sanibel Vacations,,13890,14353,463,100,30,3,3,6,true,false,true,true,false,false,true,Home/Apartment,House,House/villa,5,2,1,21+,Luxury,false,350,true,30,1,2024-12-16,Cape Coral/Fort Myers,Sanibel,Sanibel,Florida,33957,United States,coastal,https://www.airbnb.com/rooms/619438398732545059,https://a0.muscache.com/im/pictures/prohost-api/Hosting-619438398732545059/original/f8e5773f-77c9-4eac-94db-54e07365ab93.jpeg,619438398732545059,9681196ha,26.4864,-82.1699,"=AVERAGE($G$2:$G$689)","=AVERAGE($D$2:$D$689)","=IFERROR(($AT589-G589)/$AT589,0)","=IFERROR(($AU589-D589)/$AU589,0)","=$AU589-D589"
"Gulf View, Two Bedroom Condo - Sundial P203",Royal Shell Vacations,,13867,34916,495.25,45.9,160,3,2,6,true,false,false,true,true,false,true,Home/Apartment,Condominium (condo),Apt/Condo/Loft,0,0,7,21+,Luxury,false,169,true,28,3,2026-05-15,Cape Coral/Fort Myers,Sanibel,Sanibel,Florida,33957,United States,coastal,https://www.vrbo.com/4813948ha,"https://media.vrbo.com/lodging/40000000/39860000/39851000/39850973/9f63dff8.jpg?impolicy=resizecrop&rw=1200&ra=fit",,4813948ha,26.43382,-82.049771,"=AVERAGE($G$2:$G$689)","=AVERAGE($D$2:$D$689)","=IFERROR(($AT590-G590)/$AT590,0)","=IFERROR(($AU590-D590)/$AU590,0)","=$AU590-D590"
Canal front beauty walking distance to beach,Breakaway VACATION PROPERTIES,,13298,30525,443.27,52.63,209,4,3,8,true,false,false,true,true,true,true,Home/Apartment,House,House/villa,0,0,28,21+,Luxury,true,500,true,30,1,2026-05-15,Cape Coral/Fort Myers,Sanibel,Sanibel,Florida,33957,United States,coastal,https://www.airbnb.com/rooms/1232026038213802364,https://a0.muscache.com/im/pictures/prohost-api/Hosting-1232026038213802364/original/bd0b1b8d-fe4f-488e-8a1c-112f52fd7f9d.jpeg,1232026038213802364,4165346,26.44399,-82.03604,"=AVERAGE($G$2:$G$689)","=AVERAGE($D$2:$D$689)","=IFERROR(($AT591-G591)/$AT591,0)","=IFERROR(($AU591-D591)/$AU591,0)","=$AU591-D591"
poinciana 3A,San Cap Island Vacation Rentals,,13050,21147,450,51.79,298,3,2,6,true,false,false,true,true,false,true,Home/Apartment,Condominium (condo),Apt/Condo/Loft,0,0,28,21+,Luxury,false,325,true,29,1,2026-05-14,Cape Coral/Fort Myers,Sanibel,Sanibel,Florida,33957,United States,coastal,https://www.airbnb.com/rooms/1267823924688260595,https://a0.muscache.com/im/pictures/prohost-api/Hosting-1267823924688260595/original/92c26590-6ec6-4cf1-ae7b-a8668798524e.jpeg,1267823924688260595,4243614,26.4231,-82.0743,"=AVERAGE($G$2:$G$689)","=AVERAGE($D$2:$D$689)","=IFERROR(($AT592-G592)/$AT592,0)","=IFERROR(($AU592-D592)/$AU592,0)","=$AU592-D592"
"Stylishly Updated, Stunning Views -Sundial N301",Royal Shell Vacations,,12784,22112,473.48,20.3,218,3,2,6,true,false,false,true,true,false,true,Home/Apartment,Condominium (condo),Apt/Condo/Loft,0,0,7,21+,Luxury,false,320,true,27,5,2025-11-21,Cape Coral/Fort Myers,Sanibel,Sanibel,Florida,33957,United States,coastal,https://www.airbnb.com/rooms/1447206034816448060,https://a0.muscache.com/im/pictures/prohost-api/Hosting-1447206034816448060/original/b481de2c-7a2a-4669-bb8b-3b56a359a73d.jpeg,1447206034816448060,20165107ha,26.43221,-82.05076,"=AVERAGE($G$2:$G$689)","=AVERAGE($D$2:$D$689)","=IFERROR(($AT593-G593)/$AT593,0)","=IFERROR(($AU593-D593)/$AU593,0)","=$AU593-D593"
Sanddollar B302: New Top-Floor 3BR Luxury Beachfront Condo on Sanibel,,,12762,39097,797.62,47.06,90,3,2,6,true,false,false,true,true,false,true,Home/Apartment,Condominium (condo),Apt/Condo/Loft,4.8,4,7,1,Luxury,false,0,false,16,2,2026-05-16,Cape Coral/Fort Myers,Sanibel,Sanibel,Florida,33957,United States,coastal,https://www.vrbo.com/5000077,"https://media.vrbo.com/lodging/124000000/123930000/123921100/123921058/bf9bf695.jpg?impolicy=resizecrop&rw=1200&ra=fit",,5000077,26.428255,-82.059,"=AVERAGE($G$2:$G$689)","=AVERAGE($D$2:$D$689)","=IFERROR(($AT594-G594)/$AT594,0)","=IFERROR(($AU594-D594)/$AU594,0)","=$AU594-D594"
"Private Pool, Walk to Beach, Sea Glass Home",Gulf Coast Vacation Rentals,,12180,12180,406,96.77,31,3,2,8,true,false,false,true,true,false,true,Home/Apartment,House,House/villa,0,0,28,21+,Luxury,false,249,true,30,1,2025-10-06,Cape Coral/Fort Myers,Sanibel,Sanibel,Florida,33957,United States,coastal,https://www.airbnb.com/rooms/1095814900036870919,https://a0.muscache.com/im/pictures/prohost-api/Hosting-1095814900036870919/original/bcdac47c-3607-4f4d-9b89-0c8a0fb804d1.jpeg,1095814900036870919,9877336ha,26.43764,-82.04214,"=AVERAGE($G$2:$G$689)","=AVERAGE($D$2:$D$689)","=IFERROR(($AT595-G595)/$AT595,0)","=IFERROR(($AU595-D595)/$AU595,0)","=$AU595-D595"
Coquina 3H,Kingfisher Vacations,,12138,17181,357,72.34,97,3,2,6,true,false,false,true,true,false,true,Home/Apartment,Condominium (condo),Apt/Condo/Loft,4.6,5,7,21+,Luxury,true,350,false,34,5,2026-05-15,Cape Coral/Fort Myers,Sanibel,Sanibel,Florida,33957,United States,coastal,https://www.airbnb.com/rooms/1603843740094267538,https://a0.muscache.com/im/pictures/prohost-api/Hosting-1603843740094267538/original/f63418b8-c21b-41ff-805a-970d0f5e49aa.jpeg,1603843740094267538,5061076,26.43674,-82.04372,"=AVERAGE($G$2:$G$689)","=AVERAGE($D$2:$D$689)","=IFERROR(($AT596-G596)/$AT596,0)","=IFERROR(($AU596-D596)/$AU596,0)","=$AU596-D596"
"Mariner Pointe 941: Stunning 3 bedroom, Bay Front",Sanibel Vacations,,11853,12170,289.1,67.21,87,3,2,6,true,false,false,true,false,false,true,Home/Apartment,Condominium (condo),Apt/Condo/Loft,3.5,2,1,21+,Luxury,true,0,false,41,8,2026-05-14,Cape Coral/Fort Myers,Sanibel,Sanibel,Florida,33957,United States,coastal,https://www.airbnb.com/rooms/1627696153034327561,https://a0.muscache.com/im/pictures/prohost-api/Hosting-1627696153034327561/original/f4e944e0-8fdf-401c-896e-1113b502760c.jpeg,1627696153034327561,20255321ha,26.4523,-82.0334,"=AVERAGE($G$2:$G$689)","=AVERAGE($D$2:$D$689)","=IFERROR(($AT597-G597)/$AT597,0)","=IFERROR(($AU597-D597)/$AU597,0)","=$AU597-D597"
"Coastal Retreat, steps to beach on west end!",Breakaway VACATION PROPERTIES,,11629,11629,401,96.67,122,3,3,11,true,false,false,true,true,true,true,Home/Apartment,House,House/villa,0,0,28,21+,Luxury,true,0,true,29,1,2026-05-11,Cape Coral/Fort Myers,Sanibel,Sanibel,Florida,33957,United States,coastal,https://www.airbnb.com/rooms/1493546084413796540,https://a0.muscache.com/im/pictures/prohost-api/Hosting-1493546084413796540/original/7c6bcb4d-c8b6-453c-9f18-8081bc4c42af.jpeg,1493546084413796540,4770717,26.42817,-82.10111,"=AVERAGE($G$2:$G$689)","=AVERAGE($D$2:$D$689)","=IFERROR(($AT598-G598)/$AT598,0)","=IFERROR(($AU598-D598)/$AU598,0)","=$AU598-D598"
Simply Wonderful 3-Bedroom Sanibel Home With A Pool In The Dunes,,,11625,16810,298.08,52.7,236,3,3,6,true,false,false,true,true,true,true,Home/Apartment,House,House/villa,5,2,28,1,Luxury,false,0,true,39,2,2026-02-01,Cape Coral/Fort Myers,Sanibel,Sanibel,Florida,33957,United States,coastal,https://www.vrbo.com/4176533,"https://media.vrbo.com/lodging/109000000/108510000/108506200/108506191/6ec8142e.jpg?impolicy=resizecrop&rw=1200&ra=fit",,4176533,26.44685,-82.04813,"=AVERAGE($G$2:$G$689)","=AVERAGE($D$2:$D$689)","=IFERROR(($AT599-G599)/$AT599,0)","=IFERROR(($AU599-D599)/$AU599,0)","=$AU599-D599"
Blind Pass Condo C203 on beautiful Sanibel Island,294538550,,11571,11571,399,59.18,61,3,2,8,true,false,false,true,true,false,true,Home/Apartment,Condominium (condo),Apt/Condo/Loft,4,5,1,21+,Luxury,false,258,true,29,1,2023-01-09,Cape Coral/Fort Myers,Sanibel,Sanibel,Florida,33957,United States,coastal,https://www.airbnb.com/rooms/46916078,"https://a0.muscache.com/im/pictures/prohost-api/Hosting-46916078/original/e4768553-9a53-467c-8c6a-ae6e984e3b8d.jpeg?aki_policy=x_large",46916078,1193644,26.46251,-82.1527,"=AVERAGE($G$2:$G$689)","=AVERAGE($D$2:$D$689)","=IFERROR(($AT600-G600)/$AT600,0)","=IFERROR(($AU600-D600)/$AU600,0)","=$AU600-D600"
Spacious Home with Heated Pool - Sanderling Point,Roelens Realty & Property Management,,11376,19680,517.09,26.51,248,4,3,8,true,false,false,true,true,false,true,Home/Apartment,House,House/villa,2,1,4,21+,Luxury,true,449,true,22,4,2026-01-15,Cape Coral/Fort Myers,Sanibel,Sanibel,Florida,33957,United States,coastal,https://www.airbnb.com/rooms/1445713598099223836,https://a0.muscache.com/im/pictures/prohost-api/Hosting-1445713598099223836/original/34caa616-830b-4130-b770-f2be251ce043.jpeg,1445713598099223836,,26.4579,-82.0513,"=AVERAGE($G$2:$G$689)","=AVERAGE($D$2:$D$689)","=IFERROR(($AT601-G601)/$AT601,0)","=IFERROR(($AU601-D601)/$AU601,0)","=$AU601-D601"
"3 bedroom, 2 bath Condo at Pointe Santo With Beaut",Glass Casa,,11358,44403,597.79,42.22,143,3,2,8,true,false,true,true,false,false,true,Home/Apartment,Condominium (condo),Apt/Condo/Loft,5,2,1,21+,Luxury,true,593,false,19,3,2026-05-13,Cape Coral/Fort Myers,Sanibel,Sanibel,Florida,33957,United States,coastal,https://www.airbnb.com/rooms/1595027664309431520,https://a0.muscache.com/im/pictures/prohost-api/Hosting-1595027664309431520/original/f87905d1-53df-4392-b4fa-c5eb851b120c.jpeg,1595027664309431520,4803766,26.4232,-82.078,"=AVERAGE($G$2:$G$689)","=AVERAGE($D$2:$D$689)","=IFERROR(($AT602-G602)/$AT602,0)","=IFERROR(($AU602-D602)/$AU602,0)","=$AU602-D602"
Sand Dollar B303: Spectacular 3BR/2BA Condo with Gulf Views and Resort Amenities,VIP Vacation Rentals,,11154,22812,587.05,28.36,69,3,2,6,false,false,false,false,false,false,false,Home/Apartment,Condominium (condo),Apt/Condo/Loft,0,0,7,21+,Luxury,false,0,true,19,3,2025-04-08,Cape Coral/Fort Myers,Sanibel,Sanibel,Florida,33957,United States,coastal,https://www.vrbo.com/3905778,"https://media.vrbo.com/lodging/104000000/103190000/103181900/103181818/996dc7dd.jpg?impolicy=resizecrop&rw=1200&ra=fit",,3905778,26.429069,-82.05931,"=AVERAGE($G$2:$G$689)","=AVERAGE($D$2:$D$689)","=IFERROR(($AT603-G603)/$AT603,0)","=IFERROR(($AU603-D603)/$AU603,0)","=$AU603-D603"
"Sanibel Surfside 231: 3000sqft, 3 Master BRs, View",Sanibel Vacations,,11046,56893,789,41.18,215,3,3,6,true,false,false,true,false,false,true,Home/Apartment,Condominium (condo),Apt/Condo/Loft,4.7,137,1,21+,Luxury,true,614,true,14,2,2026-05-16,Cape Coral/Fort Myers,Sanibel,Sanibel,Florida,33957,United States,coastal,https://www.airbnb.com/rooms/47844269,https://a0.muscache.com/im/pictures/prohost-api/Hosting-47844269/original/4b9b2fee-eda2-45a9-baeb-76a3e3b6a3aa.jpeg,47844269,3504259ha,26.4364,-82.045,"=AVERAGE($G$2:$G$689)","=AVERAGE($D$2:$D$689)","=IFERROR(($AT604-G604)/$AT604,0)","=IFERROR(($AU604-D604)/$AU604,0)","=$AU604-D604"
Beautiful Pool Home on Golf Course In The Dunes!,Glass Casa,,10924,16809,321.29,55.74,155,3,2,8,true,false,false,true,false,false,true,Home/Apartment,House,House/villa,0,0,1,21+,Luxury,true,0,false,34,4,2026-03-02,Cape Coral/Fort Myers,Sanibel,Sanibel,Florida,33957,United States,coastal,https://www.airbnb.com/rooms/1595025046180674668,https://a0.muscache.com/im/pictures/prohost-api/Hosting-1595025046180674668/original/77492f2b-f9d3-4113-a0f2-a6e39d83faee.jpeg,1595025046180674668,4845727,26.4511,-82.0411,"=AVERAGE($G$2:$G$689)","=AVERAGE($D$2:$D$689)","=IFERROR(($AT605-G605)/$AT605,0)","=IFERROR(($AU605-D605)/$AU605,0)","=$AU605-D605"
"Urlaub Haus, Beautifully Remodeled, Lake-Front Poo",Sanibel Holiday,,10792,19294,308.34,51.47,130,3,2,6,true,false,false,true,false,false,true,Home/Apartment,House,House/villa,5,7,1,21+,Luxury,false,0,true,35,3,2026-05-15,Cape Coral/Fort Myers,Sanibel,Sanibel,Florida,33957,United States,coastal,https://www.airbnb.com/rooms/1518276281728140730,https://a0.muscache.com/im/pictures/prohost-api/Hosting-1518276281728140730/original/c170d557-113f-4f7b-b4b9-866a48872a8a.jpeg,1518276281728140730,9583184ha,26.4306,-82.1006,"=AVERAGE($G$2:$G$689)","=AVERAGE($D$2:$D$689)","=IFERROR(($AT606-G606)/$AT606,0)","=IFERROR(($AU606-D606)/$AU606,0)","=$AU606-D606"
Awesome near beach updated Sanibel home-6 minute walk to the beach-heated pool!,,,10738,29239,357.93,96.77,276,3,2,6,true,false,false,true,true,true,true,Home/Apartment,House,House/villa,4.8,5,28,1,Luxury,false,300,true,30,2,2026-05-16,Cape Coral/Fort Myers,Sanibel,Sanibel,Florida,33957,United States,coastal,https://www.vrbo.com/2715057,"https://media.vrbo.com/lodging/77000000/76530000/76524900/76524836/057e6a3b.jpg?impolicy=resizecrop&rw=1200&ra=fit",,2715057,26.440548,-82.043212,"=AVERAGE($G$2:$G$689)","=AVERAGE($D$2:$D$689)","=IFERROR(($AT607-G607)/$AT607,0)","=IFERROR(($AU607-D607)/$AU607,0)","=$AU607-D607"
"Beach it at The Atrium -  3br + Den, sleeps 8.",Cottages to Castles of Sanibel and Captiva,,10704,29669,594.67,72,180,3,3,8,true,false,false,true,true,false,true,Home/Apartment,Condominium (condo),Apt/Condo/Loft,0,0,28,6-20,Luxury,false,350,true,18,1,2026-05-17,Cape Coral/Fort Myers,Sanibel,Sanibel,Florida,33957,United States,coastal,https://www.vrbo.com/9975801ha,"https://media.vrbo.com/lodging/107000000/106310000/106302900/106302815/094f3bdb.jpg?impolicy=resizecrop&rw=1200&ra=fit",,9975801ha,26.42457,-82.09043,"=AVERAGE($G$2:$G$689)","=AVERAGE($D$2:$D$689)","=IFERROR(($AT608-G608)/$AT608,0)","=IFERROR(($AU608-D608)/$AU608,0)","=$AU608-D608"
"The Allen Home, Ground-level 3 bed/3 bath home wit",Sanibel Holiday,,10362,10639,334.26,22.3,303,3,3,6,true,false,false,true,false,false,true,Home/Apartment,House,House/villa,4.8,4,1,21+,Luxury,false,0,true,31,6,2026-05-15,Cape Coral/Fort Myers,Sanibel,Sanibel,Florida,33957,United States,coastal,https://www.airbnb.com/rooms/1518269289622893634,https://a0.muscache.com/im/pictures/prohost-api/Hosting-1518269289622893634/original/89f437e1-5b15-41d5-91f5-c08168d9784f.jpeg,1518269289622893634,7824519ha,26.4357,-82.1196,"=AVERAGE($G$2:$G$689)","=AVERAGE($D$2:$D$689)","=IFERROR(($AT609-G609)/$AT609,0)","=IFERROR(($AU609-D609)/$AU609,0)","=$AU609-D609"
Golf course pool home-Sanibel-Isle Awhile,Gulf Coast Vacation Rentals,,10292,24459,332,100,69,3,2,8,true,false,true,true,true,true,true,Home/Apartment,House,House/villa,5,2,28,21+,Luxury,false,303,true,31,1,2025-10-25,Cape Coral/Fort Myers,Sanibel,Sanibel,Florida,33957,United States,coastal,https://www.airbnb.com/rooms/1098611818355980666,https://a0.muscache.com/im/pictures/prohost-api/Hosting-1098611818355980666/original/0bf0dfdb-e30e-4245-8cb0-08426b1ef169.jpeg,1098611818355980666,9877332ha,26.43528,-82.05398,"=AVERAGE($G$2:$G$689)","=AVERAGE($D$2:$D$689)","=IFERROR(($AT610-G610)/$AT610,0)","=IFERROR(($AU610-D610)/$AU610,0)","=$AU610-D610"
Beautiful home overlooking the Dunes Golf Course,Breakaway VACATION PROPERTIES,,9930,42697,331,62.5,197,3,3,12,true,false,false,true,true,true,true,Home/Apartment,House,House/villa,5,2,28,21+,Luxury,true,425,true,30,1,2026-05-14,Cape Coral/Fort Myers,Sanibel,Sanibel,Florida,33957,United States,coastal,https://www.airbnb.com/rooms/617381760512941139,https://a0.muscache.com/im/pictures/prohost-api/Hosting-617381760512941139/original/b6b53993-f43f-43cc-82b6-336a46827bfd.jpeg,617381760512941139,2761514,26.45945,-82.0488,"=AVERAGE($G$2:$G$689)","=AVERAGE($D$2:$D$689)","=IFERROR(($AT611-G611)/$AT611,0)","=IFERROR(($AU611-D611)/$AU611,0)","=$AU611-D611"
Canal front beauty walking distance to beach,Breakaway VACATION PROPERTIES,,9910,17400,330.33,75,135,3,2,6,true,false,false,true,true,false,true,Home/Apartment,House,House/villa,0,0,28,21+,Luxury,true,0,true,30,1,2026-05-11,Cape Coral/Fort Myers,Sanibel,Sanibel,Florida,33957,United States,coastal,https://www.airbnb.com/rooms/1506607003415469105,https://a0.muscache.com/im/pictures/prohost-api/Hosting-1506607003415469105/original/447d0c21-ef44-4452-ab48-1dafe15795f0.jpeg,1506607003415469105,4814491,26.44782,-82.0343,"=AVERAGE($G$2:$G$689)","=AVERAGE($D$2:$D$689)","=IFERROR(($AT612-G612)/$AT612,0)","=IFERROR(($AU612-D612)/$AU612,0)","=$AU612-D612"
Shorewood 1B: Gulf-Front Oasis with Pool and Tennis/Pickleball,VIP Vacation Rentals,,9756,19259,542,37.5,48,3,3,6,false,false,false,false,false,false,false,Home/Apartment,Condominium (condo),Apt/Condo/Loft,0,0,7,21+,Luxury,false,0,true,18,4,2025-04-07,Cape Coral/Fort Myers,Sanibel,Sanibel,Florida,33957,United States,coastal,https://www.vrbo.com/3905790,"https://media.vrbo.com/lodging/104000000/103190000/103181900/103181853/7b47e261.jpg?impolicy=resizecrop&rw=1200&ra=fit",,3905790,26.436018,-82.047636,"=AVERAGE($G$2:$G$689)","=AVERAGE($D$2:$D$689)","=IFERROR(($AT613-G613)/$AT613,0)","=IFERROR(($AU613-D613)/$AU613,0)","=$AU613-D613"
"Short walk to Bowman's Beach, 3 BR Home with Private Pool",,,8978,26154,390.35,25.27,151,3,2,10,true,false,false,true,true,true,true,Home/Apartment,House,House/villa,5,1,28,1,Luxury,false,300,false,23,4,2026-05-16,Cape Coral/Fort Myers,Sanibel,Sanibel,Florida,33957,United States,coastal,https://www.vrbo.com/4460960,"https://media.vrbo.com/lodging/114000000/113530000/113529900/113529810/bc115b7c.jpg?impolicy=resizecrop&rw=1200&ra=fit",,4460960,26.461222,-82.152863,"=AVERAGE($G$2:$G$689)","=AVERAGE($D$2:$D$689)","=IFERROR(($AT614-G614)/$AT614,0)","=IFERROR(($AU614-D614)/$AU614,0)","=$AU614-D614"
Sanibel Sunrise,San Cap Island Vacation Rentals,,8879,23273,422.81,21,283,3,2,6,true,false,false,true,true,true,true,Home/Apartment,House,House/villa,0,0,1,21+,Luxury,false,525,true,21,4,2026-05-14,Cape Coral/Fort Myers,Sanibel,Sanibel,Florida,33957,United States,coastal,https://www.airbnb.com/rooms/710086338229644676,https://a0.muscache.com/im/pictures/prohost-api/Hosting-710086338229644676/original/6792d467-9b97-49cc-bd95-2d50828d5f66.jpeg,710086338229644676,2996672,26.4844,-82.1763,"=AVERAGE($G$2:$G$689)","=AVERAGE($D$2:$D$689)","=IFERROR(($AT615-G615)/$AT615,0)","=IFERROR(($AU615-D615)/$AU615,0)","=$AU615-D615"
"Updated Three Bedroom Home, Short walk the Beach! Shell Basket 2",Royal Shell Vacations,,8746,18759,380.26,32.39,125,3,2,6,true,false,false,true,true,true,true,Home/Apartment,Apartment,Apt/Condo/Loft,4,2,1,21+,Luxury,false,139,true,23,3,2022-11-08,Cape Coral/Fort Myers,Sanibel,Sanibel,Florida,33957,United States,coastal,https://www.airbnb.com/rooms/49053076,"https://a0.muscache.com/im/pictures/prohost-api/Hosting-49053076/original/d180b5b6-c0c0-4dcf-9efb-b605a4fab0a1.jpeg?aki_policy=x_large",49053076,3505461ha,26.43746,-82.04406,"=AVERAGE($G$2:$G$689)","=AVERAGE($D$2:$D$689)","=IFERROR(($AT616-G616)/$AT616,0)","=IFERROR(($AU616-D616)/$AU616,0)","=$AU616-D616"
Atrium 303,Kingfisher Vacations,,8600,8810,430,26.67,244,3,2,6,true,false,false,false,true,false,true,Home/Apartment,Condominium (condo),Apt/Condo/Loft,0,0,30,21+,Luxury,false,350,true,20,3,2026-02-20,Cape Coral/Fort Myers,Sanibel,Sanibel,Florida,33957,United States,coastal,https://www.airbnb.com/rooms/1350177561303806838,https://a0.muscache.com/im/pictures/prohost-api/Hosting-1350177561303806838/original/3371b7c0-a07e-4fae-b75a-41a5d961d510.jpeg,1350177561303806838,4377016,26.4244749433,-82.0919962232,"=AVERAGE($G$2:$G$689)","=AVERAGE($D$2:$D$689)","=IFERROR(($AT617-G617)/$AT617,0)","=IFERROR(($AU617-D617)/$AU617,0)","=$AU617-D617"
"Beach Daze: Island Style Charm on Canal, Quick Wal",Sanibel Vacations,,8525,18689,341,83.33,235,3,2,7,true,false,false,true,false,true,true,Home/Apartment,House,House/villa,0,0,1,21+,Luxury,true,0,false,25,1,2026-05-15,Cape Coral/Fort Myers,Sanibel,Sanibel,Florida,33957,United States,coastal,https://www.airbnb.com/rooms/1618318068818887608,https://a0.muscache.com/im/pictures/prohost-api/Hosting-1618318068818887608/original/b329a152-2477-4d2f-ab85-470649ca5038.jpeg,1618318068818887608,4590417,26.4447,-82.0396,"=AVERAGE($G$2:$G$689)","=AVERAGE($D$2:$D$689)","=IFERROR(($AT618-G618)/$AT618,0)","=IFERROR(($AU618-D618)/$AU618,0)","=$AU618-D618"
"License to Chill! Bring Your Boat, Sup or Kayak to this 3 bedroom, 3 bath Waterfront Home - Deep Water Canal, No Bridges. Near golf, shops, restaurants.",Cottages to Castles of Sanibel and Captiva,,8460,8460,367.83,46,365,3,3,8,true,false,false,true,true,true,true,Home/Apartment,House,House/villa,5,1,28,6-20,Luxury,false,600,true,23,2,2026-05-17,Cape Coral/Fort Myers,Sanibel,Sanibel,Florida,33957,United States,coastal,https://www.vrbo.com/9726508ha,"https://media.vrbo.com/lodging/85000000/84170000/84166900/84166813/71a0492e.jpg?impolicy=resizecrop&rw=1200&ra=fit",,9726508ha,26.463486,-82.056125,"=AVERAGE($G$2:$G$689)","=AVERAGE($D$2:$D$689)","=IFERROR(($AT619-G619)/$AT619,0)","=IFERROR(($AU619-D619)/$AU619,0)","=$AU619-D619"
Dock Holiday,San Cap Island Vacation Rentals,,8394,25447,270.77,96.88,94,3,2,12,true,false,false,true,true,true,true,Home/Apartment,House,House/villa,0,0,1,21+,Luxury,false,400,true,31,2,2026-05-14,Cape Coral/Fort Myers,Sanibel,Sanibel,Florida,33957,United States,coastal,https://www.airbnb.com/rooms/1321109078283576043,https://a0.muscache.com/im/pictures/prohost-api/Hosting-1321109078283576043/original/ba1cbad3-d461-4ced-9026-b30a5e53b2cc.jpeg,1321109078283576043,4354425,26.4753,-82.1696,"=AVERAGE($G$2:$G$689)","=AVERAGE($D$2:$D$689)","=IFERROR(($AT620-G620)/$AT620,0)","=IFERROR(($AU620-D620)/$AU620,0)","=$AU620-D620"
Charming Piedmont Place,Breakaway VACATION PROPERTIES,,7896,11976,282,50.91,338,3,2,6,true,false,false,true,true,true,false,Home/Apartment,House,House/villa,0,0,28,21+,Luxury,true,395,true,28,1,2026-04-27,Cape Coral/Fort Myers,Sanibel,Sanibel,Florida,33957,United States,coastal,https://www.airbnb.com/rooms/1421815334481131144,https://a0.muscache.com/im/pictures/prohost-api/Hosting-1421815334481131144/original/d3e68f93-2b32-4255-b40e-21bacda26fa6.jpeg,1421815334481131144,4078603,26.43381,-82.06006,"=AVERAGE($G$2:$G$689)","=AVERAGE($D$2:$D$689)","=IFERROR(($AT621-G621)/$AT621,0)","=IFERROR(($AU621-D621)/$AU621,0)","=$AU621-D621"
"Golden Beach #4, 3 Bedroom Gulf Front Townhouse wi",Sanibel Holiday,,7385,13959,527.5,50,59,3,2,8,true,true,false,true,false,true,true,Home/Apartment,Condominium (condo),Apt/Condo/Loft,0,0,1,21+,Luxury,false,551,true,14,2,2025-11-24,Cape Coral/Fort Myers,Sanibel,Sanibel,Florida,33957,United States,coastal,https://www.airbnb.com/rooms/1518271488848811244,https://a0.muscache.com/im/pictures/prohost-api/Hosting-1518271488848811244/original/cd111a20-c131-4424-913f-7189e9b97529.jpeg,1518271488848811244,,26.424498,-82.06807,"=AVERAGE($G$2:$G$689)","=AVERAGE($D$2:$D$689)","=IFERROR(($AT622-G622)/$AT622,0)","=IFERROR(($AU622-D622)/$AU622,0)","=$AU622-D622"
Gulf-Front Luxury Awaits: Stunning Top-Floor Penth,Glass Casa,,7352,11239,612.67,32.43,81,3,2,8,true,true,false,true,false,false,true,Home/Apartment,Condominium (condo),Apt/Condo/Loft,0,0,1,21+,Luxury,false,150,true,12,2,2025-06-17,Cape Coral/Fort Myers,Sanibel,Sanibel,Florida,33957,United States,coastal,https://www.airbnb.com/rooms/1430491956021328079,https://a0.muscache.com/im/pictures/prohost-api/Hosting-1430491956021328079/original/3290b7cd-2d4b-485d-b414-a0189ea9cbce.jpeg,1430491956021328079,4596214,26.423594,-82.07789,"=AVERAGE($G$2:$G$689)","=AVERAGE($D$2:$D$689)","=IFERROR(($AT623-G623)/$AT623,0)","=IFERROR(($AU623-D623)/$AU623,0)","=$AU623-D623"
Beautiful View! Beach Front w/ Cabana - Compass Point 171,Royal Shell Vacations,,7273,10523,346.33,37.5,128,3,2,6,true,false,false,true,true,false,true,Home/Apartment,House,House/villa,4.8,4,7,21+,Luxury,false,180,true,21,2,2026-05-16,Cape Coral/Fort Myers,Sanibel,Sanibel,Florida,33957,United States,coastal,https://www.vrbo.com/3243455ha,"https://media.vrbo.com/lodging/22000000/21680000/21679800/21679797/6d898411.jpg?impolicy=resizecrop&rw=1200&ra=fit",,3243455ha,26.435226,-82.047329,"=AVERAGE($G$2:$G$689)","=AVERAGE($D$2:$D$689)","=IFERROR(($AT624-G624)/$AT624,0)","=IFERROR(($AU624-D624)/$AU624,0)","=$AU624-D624"
"The Lazy Ray Retreat: Private beach access, pet friendly, pool and sleeps 6 - 8.",Cottages to Castles of Sanibel and Captiva,,6704,7957,394.35,77.27,122,3,2,8,true,false,false,true,true,true,true,Home/Apartment,House,House/villa,0,0,28,6-20,Luxury,false,425,false,17,2,2026-05-16,Cape Coral/Fort Myers,Sanibel,Sanibel,Florida,33957,United States,coastal,https://www.vrbo.com/20211063ha,"https://media.vrbo.com/lodging/123000000/122120000/122111300/122111229/dd63c696.jpg?impolicy=resizecrop&rw=1200&ra=fit",,20211063ha,26.428734,-82.100708,"=AVERAGE($G$2:$G$689)","=AVERAGE($D$2:$D$689)","=IFERROR(($AT625-G625)/$AT625,0)","=IFERROR(($AU625-D625)/$AU625,0)","=$AU625-D625"
Mermaid Landing Sanibel,72283052,,6658,6658,256.08,92.86,365,3,2,6,true,false,false,true,true,false,true,Home/Apartment,House,House/villa,4.8,16,28,1,Luxury,false,0,false,26,3,2026-05-16,Cape Coral/Fort Myers,Sanibel,Sanibel,Florida,33957,United States,coastal,https://www.airbnb.com/rooms/953530963395499721,https://a0.muscache.com/im/pictures/hosting/Hosting-953530963395499721/original/2c2c1726-8583-4fee-88c3-b702bb31bf0b.jpeg,953530963395499721,2125637,26.45135,-82.02817,"=AVERAGE($G$2:$G$689)","=AVERAGE($D$2:$D$689)","=IFERROR(($AT626-G626)/$AT626,0)","=IFERROR(($AU626-D626)/$AU626,0)","=$AU626-D626"
Sunsets & shelling on Sanibel perfect for family F203,294538550,,6076,6076,434,41.18,61,3,2,6,true,false,false,true,true,false,true,Home/Apartment,Condominium (condo),Apt/Condo/Loft,4.9,7,1,21+,Luxury,false,258,true,14,1,2023-01-09,Cape Coral/Fort Myers,Sanibel,Sanibel,Florida,33957,United States,coastal,https://www.airbnb.com/rooms/44247111,"https://a0.muscache.com/im/pictures/prohost-api/Hosting-44247111/original/151ae3cc-2037-45b5-80e6-b3b797cc7fd6.jpeg?aki_policy=x_large",44247111,1193668,26.45984,-82.15082,"=AVERAGE($G$2:$G$689)","=AVERAGE($D$2:$D$689)","=IFERROR(($AT627-G627)/$AT627,0)","=IFERROR(($AU627-D627)/$AU627,0)","=$AU627-D627"
Your 3-Bed Island Retreat in the Heart of Sanibel,525607590,,5597,5804,373.13,34.09,118,3,2,6,true,false,false,true,true,false,false,Home/Apartment,House,House/villa,4.5,2,7,6-20,Luxury,false,450,false,15,3,2026-05-14,Cape Coral/Fort Myers,Sanibel,Sanibel,Florida,33957,United States,coastal,https://www.airbnb.com/rooms/1607367051646503375,https://a0.muscache.com/im/pictures/hosting/Hosting-1607367051646503375/original/14cb3041-2374-4cf7-8da0-767e94898982.jpeg,1607367051646503375,20245324ha,26.42994,-82.09626,"=AVERAGE($G$2:$G$689)","=AVERAGE($D$2:$D$689)","=IFERROR(($AT628-G628)/$AT628,0)","=IFERROR(($AU628-D628)/$AU628,0)","=$AU628-D628"
Coquina 3F,Kingfisher Vacations,,5493,16102,422.54,72.22,57,3,2,7,true,false,false,true,true,false,true,Home/Apartment,Condominium (condo),Apt/Condo/Loft,0,0,7,21+,Luxury,true,350,false,13,2,2026-05-15,Cape Coral/Fort Myers,Sanibel,Sanibel,Florida,33957,United States,coastal,https://www.airbnb.com/rooms/1603729781100368985,https://a0.muscache.com/im/pictures/prohost-api/Hosting-1603729781100368985/original/00a11737-7bc6-4566-b399-79cd3906193d.jpeg,1603729781100368985,5061081,26.4357380721,-82.0439238051,"=AVERAGE($G$2:$G$689)","=AVERAGE($D$2:$D$689)","=IFERROR(($AT629-G629)/$AT629,0)","=IFERROR(($AU629-D629)/$AU629,0)","=$AU629-D629"
Wonderful Condo on Sanibel Island - An Island Hideaway,,,5421,19442,361.4,100,45,3,2,6,true,false,false,false,false,false,false,Home/Apartment,Condominium (condo),Apt/Condo/Loft,0,0,6,1,Luxury,false,0,false,15,3,2026-05-16,Cape Coral/Fort Myers,Sanibel,Sanibel,Florida,33957,United States,coastal,https://www.vrbo.com/5078751,"https://media.vrbo.com/lodging/126000000/125630000/125629800/125629742/55f2d7c1.jpg?impolicy=resizecrop&rw=1200&ra=fit",,5078751,26.423862,-82.079523,"=AVERAGE($G$2:$G$689)","=AVERAGE($D$2:$D$689)","=IFERROR(($AT630-G630)/$AT630,0)","=IFERROR(($AU630-D630)/$AU630,0)","=$AU630-D630"
"Fun Family Beach House, Heated Pool and Bikes",Rosen Vacations,,5093,20958,463,100,84,4,3,8,true,false,false,true,true,true,true,Home/Apartment,House,House/villa,5,1,28,21+,Luxury,false,299,false,11,2,2026-05-14,Cape Coral/Fort Myers,Sanibel,Sanibel,Florida,33957,United States,coastal,https://www.airbnb.com/rooms/1572792911900295701,https://a0.muscache.com/im/pictures/hosting/Hosting-1572792911900295701/original/2b8a418c-1f54-4489-93fe-0983af3c28f0.jpeg,1572792911900295701,4854312,26.44721,-82.05249,"=AVERAGE($G$2:$G$689)","=AVERAGE($D$2:$D$689)","=IFERROR(($AT631-G631)/$AT631,0)","=IFERROR(($AU631-D631)/$AU631,0)","=$AU631-D631"
Tropical Pool/Spa House,26893525,,4999,10723,454.45,68.75,71,3,3,6,true,false,true,true,true,true,true,Home/Apartment,House,House/villa,5,3,7,1,Luxury,false,0,false,11,2,2026-05-13,Cape Coral/Fort Myers,Sanibel,Sanibel,Florida,33957,United States,coastal,https://www.airbnb.com/rooms/1580665699678827082,https://a0.muscache.com/im/pictures/hosting/Hosting-1580665699678827082/original/b4aa0d6e-481b-47cc-aa82-7897736b3461.jpeg,1580665699678827082,,26.44752,-82.12596,"=AVERAGE($G$2:$G$689)","=AVERAGE($D$2:$D$689)","=IFERROR(($AT632-G632)/$AT632,0)","=IFERROR(($AU632-D632)/$AU632,0)","=$AU632-D632"
badger beach,San Cap Island Vacation Rentals,,4524,4524,348,32.5,245,3,2,8,true,false,true,true,true,true,true,Home/Apartment,House,House/villa,5,4,28,21+,Luxury,false,550,true,13,0,2025-11-23,Cape Coral/Fort Myers,Sanibel,Sanibel,Florida,33957,United States,coastal,https://www.airbnb.com/rooms/38867651,https://a0.muscache.com/im/pictures/prohost-api/Hosting-38867651/original/7701db59-a7ca-4635-9325-a43502adf237.jpeg,38867651,1811755,26.4470920563,-82.0258560181,"=AVERAGE($G$2:$G$689)","=AVERAGE($D$2:$D$689)","=IFERROR(($AT633-G633)/$AT633,0)","=IFERROR(($AU633-D633)/$AU633,0)","=$AU633-D633"
Blind Pass Condo F208 on beautiful Sanibel Island,294538550,,4392,4392,366,30.77,61,3,2,8,true,false,false,true,true,false,true,Home/Apartment,Condominium (condo),Apt/Condo/Loft,4.85,7,1,21+,Luxury,false,258,true,12,1,2023-01-09,Cape Coral/Fort Myers,Sanibel,Sanibel,Florida,33957,United States,coastal,https://www.airbnb.com/rooms/46916070,"https://a0.muscache.com/im/pictures/prohost-api/Hosting-46916070/original/c0fe5c3b-3933-4099-9070-2517d0fd0aad.jpeg?aki_policy=x_large",46916070,1193670,26.46041,-82.15133,"=AVERAGE($G$2:$G$689)","=AVERAGE($D$2:$D$689)","=IFERROR(($AT634-G634)/$AT634,0)","=IFERROR(($AU634-D634)/$AU634,0)","=$AU634-D634"
"VILLA SANIBEL 3C- 2 Bed, 2 Bath condo with additional sleeping loft on Sanibel",,,4306,36343,615.14,50,24,3,2,6,true,false,false,true,true,false,true,Home/Apartment,Condominium (condo),Apt/Condo/Loft,5,3,7,1,Luxury,false,200,false,7,1,2026-05-17,Cape Coral/Fort Myers,Sanibel,Sanibel,Florida,33957,United States,coastal,https://www.vrbo.com/4985423,"https://media.vrbo.com/lodging/124000000/123540000/123535600/123535520/d5b88d5c.jpg?impolicy=resizecrop&rw=1200&ra=fit",,4985423,26.42337,-82.07528,"=AVERAGE($G$2:$G$689)","=AVERAGE($D$2:$D$689)","=IFERROR(($AT635-G635)/$AT635,0)","=IFERROR(($AU635-D635)/$AU635,0)","=$AU635-D635"
Blind Pass Condo E208 on beautiful Sanibel Island,294538550,,4016,7911,401.6,38.46,43,3,2,8,true,false,false,true,true,false,true,Home/Apartment,Condominium (condo),Apt/Condo/Loft,4.7,19,1,21+,Luxury,false,258,true,10,3,2023-01-09,Cape Coral/Fort Myers,Sanibel,Sanibel,Florida,33957,United States,coastal,https://www.airbnb.com/rooms/46916064,"https://a0.muscache.com/im/pictures/prohost-api/Hosting-46916064/original/94754cc4-3f47-4c9a-8fc0-4d571fe97244.jpeg?aki_policy=x_large",46916064,1294996,26.46002,-82.15082,"=AVERAGE($G$2:$G$689)","=AVERAGE($D$2:$D$689)","=IFERROR(($AT636-G636)/$AT636,0)","=IFERROR(($AU636-D636)/$AU636,0)","=$AU636-D636"
"Bring Your Boat! 3br/3ba Santiva pool home, dock/lift. Pet Friendly.",Cottages to Castles of Sanibel and Captiva,,3976,13224,568,20.59,238,3,3,9,true,false,true,true,true,false,true,Home/Apartment,House,House/villa,5,2,28,6-20,Luxury,false,475,true,7,1,2026-05-15,Cape Coral/Fort Myers,Sanibel,Sanibel,Florida,33957,United States,coastal,https://www.vrbo.com/4229969ha,"https://media.vrbo.com/lodging/23000000/22240000/22231600/22231525/784d7581.jpg?impolicy=resizecrop&rw=1200&ra=fit",,4229969ha,26.480038,-82.175278,"=AVERAGE($G$2:$G$689)","=AVERAGE($D$2:$D$689)","=IFERROR(($AT637-G637)/$AT637,0)","=IFERROR(($AU637-D637)/$AU637,0)","=$AU637-D637"
Sanibelle- Fully Renovated with a French touch,Royal Shell Vacations,,3908,12733,279.14,34.15,303,3,2,6,true,false,false,true,true,true,true,Home/Apartment,House,House/villa,0,0,30,21+,Luxury,true,504,true,14,1,2026-05-17,Cape Coral/Fort Myers,Sanibel,Sanibel,Florida,33957,United States,coastal,https://www.airbnb.com/rooms/1239171285485904061,https://a0.muscache.com/im/pictures/prohost-api/Hosting-1239171285485904061/original/cff980f9-cb37-4ac4-8498-af90c567f1e2.jpeg,1239171285485904061,20023190ha,26.44541,-82.05929,"=AVERAGE($G$2:$G$689)","=AVERAGE($D$2:$D$689)","=IFERROR(($AT638-G638)/$AT638,0)","=IFERROR(($AU638-D638)/$AU638,0)","=$AU638-D638"
"Modern luxury house with ensuite bedrooms, deepwater canal access, and pool.",,,3661,3871,523,53.85,150,4,4,8,true,true,false,false,false,true,false,Home/Apartment,House,House/villa,0,0,30,1,Luxury,false,646,true,7,1,2026-05-16,Cape Coral/Fort Myers,Sanibel,Sanibel,Florida,33957,United States,coastal,https://www.vrbo.com/4818757,"https://media.vrbo.com/lodging/121000000/120420000/120414200/120414144/d05ce64d.jpg?impolicy=resizecrop&rw=1200&ra=fit",,4818757,26.448929,-82.02982,"=AVERAGE($G$2:$G$689)","=AVERAGE($D$2:$D$689)","=IFERROR(($AT639-G639)/$AT639,0)","=IFERROR(($AU639-D639)/$AU639,0)","=$AU639-D639"
"3-Bed 2-Bath Home With Elevator, Short Walk to Beach, Gulf Pines Neighborhood",,,3056,3271,382,28.57,133,3,2,8,true,false,false,true,true,true,true,Home/Apartment,House,House/villa,0,0,28,1,Luxury,false,0,false,8,1,2026-05-14,Cape Coral/Fort Myers,Sanibel,Sanibel,Florida,33957,United States,coastal,https://www.vrbo.com/4980751,"https://media.vrbo.com/lodging/124000000/123430000/123420600/123420553/5146d7ae.jpg?impolicy=resizecrop&rw=1200&ra=fit",,4980751,26.443782,-82.129305,"=AVERAGE($G$2:$G$689)","=AVERAGE($D$2:$D$689)","=IFERROR(($AT640-G640)/$AT640,0)","=IFERROR(($AU640-D640)/$AU640,0)","=$AU640-D640"
Compass Point 141 - Relax and Enjoy Amazing Direct Gulf Front Views on Sanibel,Royal Shell Vacations,,2856,18310,408,20.59,112,3,2,6,true,false,false,true,true,false,true,Home/Apartment,Condominium (condo),Apt/Condo/Loft,4.5,2,1,21+,Luxury,false,452,true,7,1,2022-11-07,Cape Coral/Fort Myers,Sanibel,Sanibel,Florida,33957,United States,coastal,https://www.airbnb.com/rooms/588423274362554300,"https://a0.muscache.com/im/pictures/prohost-api/Hosting-588423274362554300/original/da62dc09-a752-4a7d-a029-ebf195fbb95d.jpeg?aki_policy=x_large",588423274362554300,3886584ha,26.43341,-82.04804,"=AVERAGE($G$2:$G$689)","=AVERAGE($D$2:$D$689)","=IFERROR(($AT641-G641)/$AT641,0)","=IFERROR(($AU641-D641)/$AU641,0)","=$AU641-D641"
Gulfside Place #107 ~ 3br/3ba - Gulf front living at its finest,Cottages to Castles of Sanibel and Captiva,,2320,22069,464,15.62,244,3,3,6,true,false,true,true,true,false,true,Home/Apartment,Condominium (condo),Apt/Condo/Loft,0,0,28,6-20,Luxury,false,325,true,5,1,2026-05-16,Cape Coral/Fort Myers,Sanibel,Sanibel,Florida,33957,United States,coastal,https://www.vrbo.com/9653013ha,"https://media.vrbo.com/lodging/75000000/74810000/74806500/74806417/ac0db756.jpg?impolicy=resizecrop&rw=1200&ra=fit",,9653013ha,26.429481,-82.056301,"=AVERAGE($G$2:$G$689)","=AVERAGE($D$2:$D$689)","=IFERROR(($AT642-G642)/$AT642,0)","=IFERROR(($AU642-D642)/$AU642,0)","=$AU642-D642"
Blind Pass Condo B203 on beautiful Sanibel Island,294538550,,2298,13405,383,100,32,3,2,8,true,false,false,true,true,false,true,Home/Apartment,Condominium (condo),Apt/Condo/Loft,4.05,9,1,21+,Luxury,false,258,true,6,1,2023-01-09,Cape Coral/Fort Myers,Sanibel,Sanibel,Florida,33957,United States,coastal,https://www.airbnb.com/rooms/44247122,"https://a0.muscache.com/im/pictures/prohost-api/Hosting-44247122/original/5cba5516-d37b-4105-9ba1-721ede81669e.jpeg?aki_policy=x_large",44247122,1193635,26.46237,-82.15295,"=AVERAGE($G$2:$G$689)","=AVERAGE($D$2:$D$689)","=IFERROR(($AT643-G643)/$AT643,0)","=IFERROR(($AU643-D643)/$AU643,0)","=$AU643-D643"
Beautiful Vacation Home on West Gulf Coastal Calm,Royal Shell Vacations,,2286,2286,381,100,61,4,2,8,true,false,false,true,true,false,true,Home/Apartment,House,House/villa,0,0,28,21+,Luxury,true,0,false,6,1,2026-05-11,Cape Coral/Fort Myers,Sanibel,Sanibel,Florida,33957,United States,coastal,https://www.airbnb.com/rooms/1650841501428877533,https://a0.muscache.com/im/pictures/prohost-api/Hosting-1650841501428877533/original/f693ae17-3e66-4a71-a4d8-3bd3bc454e55.jpeg,1650841501428877533,20267887ha,26.43427,-82.1172,"=AVERAGE($G$2:$G$689)","=AVERAGE($D$2:$D$689)","=IFERROR(($AT644-G644)/$AT644,0)","=IFERROR(($AU644-D644)/$AU644,0)","=$AU644-D644"
Blind Pass Condos at Bowman's Beach D104 on beautiful Sanibel Island,,,2170,4861,434,17.86,50,3,3,7,true,false,false,true,true,false,false,Home/Apartment,Condominium (condo),Apt/Condo/Loft,0,0,7,6-20,Luxury,false,160,false,5,1,2026-05-15,Cape Coral/Fort Myers,Sanibel,Sanibel,Florida,33957,United States,coastal,https://www.vrbo.com/5160459,"https://media.vrbo.com/lodging/128000000/127500000/127494800/127494766/6c5cccbb.jpg?impolicy=resizecrop&rw=1200&ra=fit",,5160459,26.464003,-82.150046,"=AVERAGE($G$2:$G$689)","=AVERAGE($D$2:$D$689)","=IFERROR(($AT645-G645)/$AT645,0)","=IFERROR(($AU645-D645)/$AU645,0)","=$AU645-D645"
Kings Crown Home - Elevated Coastal Living,Select Vacation Properties,,2094,12193,349,30,51,3,3,8,true,false,false,false,false,true,false,Home/Apartment,House,House/villa,0,0,28,21+,Luxury,true,0,false,6,1,2026-05-15,Cape Coral/Fort Myers,Sanibel,Sanibel,Florida,33957,United States,coastal,https://www.airbnb.com/rooms/1603665124498099693,https://a0.muscache.com/im/pictures/prohost-api/Hosting-1603665124498099693/original/f5234a8e-ba73-43c5-aedf-d7be82bac43e.jpeg,1603665124498099693,,26.4473,-82.0343,"=AVERAGE($G$2:$G$689)","=AVERAGE($D$2:$D$689)","=IFERROR(($AT646-G646)/$AT646,0)","=IFERROR(($AU646-D646)/$AU646,0)","=$AU646-D646"
Sandcastle on the Dunes,412706912,,1880,2576,376,17.86,145,3,2,4,true,false,false,true,true,false,false,Home/Apartment,House,House/villa,0,0,5,1,Luxury,false,0,false,5,1,2026-05-14,Cape Coral/Fort Myers,Sanibel,Sanibel,Florida,33957,United States,coastal,https://www.airbnb.com/rooms/1577045086308111646,https://a0.muscache.com/im/pictures/hosting/Hosting-1577045086308111646/original/23935828-01dd-4c72-ae32-5ceef47bb2ba.jpeg,1577045086308111646,,26.45639,-82.04317,"=AVERAGE($G$2:$G$689)","=AVERAGE($D$2:$D$689)","=IFERROR(($AT647-G647)/$AT647,0)","=IFERROR(($AU647-D647)/$AU647,0)","=$AU647-D647"
Your Island Oasis Awaits on Sanibel - Near Beach,Mike Z Team,,1479,20195,493,10,110,3,2,6,true,false,false,true,true,true,false,Home/Apartment,House,House/villa,5,2,6,21+,Luxury,false,350,true,3,1,2026-05-11,Cape Coral/Fort Myers,Sanibel,Sanibel,Florida,33957,United States,coastal,https://www.airbnb.com/rooms/1531991700105187512,https://a0.muscache.com/im/pictures/prohost-api/Hosting-1531991700105187512/original/d7aaa65d-c7f9-4947-b304-81301ba37d60.jpeg,1531991700105187512,20207350ha,26.4465,-82.0617,"=AVERAGE($G$2:$G$689)","=AVERAGE($D$2:$D$689)","=IFERROR(($AT648-G648)/$AT648,0)","=IFERROR(($AU648-D648)/$AU648,0)","=$AU648-D648"
Sunrise By-the-Sea on East End,592934721,,1376,1401,688,3.92,364,3,3,6,true,false,false,true,true,true,true,Home/Apartment,House,House/villa,5,1,28,2-5,Luxury,false,0,false,2,1,2026-05-15,Cape Coral/Fort Myers,Sanibel,Sanibel,Florida,33957,United States,coastal,https://www.airbnb.com/rooms/1211834720233317623,https://a0.muscache.com/im/pictures/hosting/Hosting-1211834720233317623/original/8736091e-1883-4901-a0fa-6006dd27b62a.jpeg,1211834720233317623,5121039,26.4508,-82.0263,"=AVERAGE($G$2:$G$689)","=AVERAGE($D$2:$D$689)","=IFERROR(($AT649-G649)/$AT649,0)","=IFERROR(($AU649-D649)/$AU649,0)","=$AU649-D649"
"Slice of Paradise: Exquisite, Pet-Friendly Island",Sanibel Vacations,,1304,12358,326,16,129,3,3,8,true,false,false,true,false,true,true,Home/Apartment,House,House/villa,0,0,1,21+,Luxury,true,0,true,4,1,2026-05-13,Cape Coral/Fort Myers,Sanibel,Sanibel,Florida,33957,United States,coastal,https://www.airbnb.com/rooms/1549311209592540791,https://a0.muscache.com/im/pictures/prohost-api/Hosting-1549311209592540791/original/b9fb27c7-7665-47fe-82bd-b3a4e6f091e5.jpeg,1549311209592540791,20214958ha,26.4395,-82.048,"=AVERAGE($G$2:$G$689)","=AVERAGE($D$2:$D$689)","=IFERROR(($AT650-G650)/$AT650,0)","=IFERROR(($AU650-D650)/$AU650,0)","=$AU650-D650"
Charming Island Bungalow in Downtown Sanibel,Rosen Vacations,,812,14283,406,66.67,21,3,2,6,true,false,false,true,true,false,false,Home/Apartment,House,House/villa,0,0,28,21+,Luxury,true,399,true,2,1,2026-05-16,Cape Coral/Fort Myers,Sanibel,Sanibel,Florida,33957,United States,coastal,https://www.airbnb.com/rooms/999867443126450931,https://a0.muscache.com/im/pictures/prohost-api/Hosting-999867443126450931/original/04082e05-e9aa-44a7-804f-eb0ea099dfc1.jpeg,999867443126450931,3654403,26.4433,-82.0556,"=AVERAGE($G$2:$G$689)","=AVERAGE($D$2:$D$689)","=IFERROR(($AT651-G651)/$AT651,0)","=IFERROR(($AU651-D651)/$AU651,0)","=$AU651-D651"
Cross the Street to the Emerald Waters of Sanibel when you stay at Sea La Vie,Breakaway VACATION PROPERTIES,,759,759,759,3.57,214,3,2,6,true,false,false,true,true,true,true,Home/Apartment,House,House/villa,4.8,4,28,21+,Luxury,false,495,true,1,1,2025-10-11,Cape Coral/Fort Myers,Sanibel,Sanibel,Florida,33957,United States,coastal,https://www.airbnb.com/rooms/44061132,https://a0.muscache.com/im/pictures/prohost-api/Hosting-44061132/original/f7f9683f-7cb0-4fac-b999-d0ec8fc56615.jpeg,44061132,2018781,26.4321,-82.05607,"=AVERAGE($G$2:$G$689)","=AVERAGE($D$2:$D$689)","=IFERROR(($AT652-G652)/$AT652,0)","=IFERROR(($AU652-D652)/$AU652,0)","=$AU652-D652"
Charming cozy ground level pet friendly home,87957251,,710,1339,355,6.45,31,3,2,6,true,false,false,true,true,true,false,Home/Apartment,House,House/villa,0,0,28,1,Luxury,false,250,false,2,2,2025-10-24,Cape Coral/Fort Myers,Sanibel,Sanibel,Florida,33957,United States,coastal,https://www.airbnb.com/rooms/1190462295590859762,https://a0.muscache.com/im/pictures/hosting/Hosting-1190462295590859762/original/081cb8ff-e9b0-4604-af1f-58580743b056.jpeg,1190462295590859762,4037232,26.4341,-82.0606,"=AVERAGE($G$2:$G$689)","=AVERAGE($D$2:$D$689)","=IFERROR(($AT653-G653)/$AT653,0)","=IFERROR(($AU653-D653)/$AU653,0)","=$AU653-D653"
Beautiful Canal front home with private pool,Breakaway VACATION PROPERTIES,,0,0,0,0,245,3,3,6,true,false,false,true,true,false,false,Home/Apartment,House,House/villa,0,0,28,21+,Luxury,false,495,true,0,0,2025-11-28,Cape Coral/Fort Myers,Sanibel,Sanibel,Florida,33957,United States,coastal,https://www.airbnb.com/rooms/1070357363146439988,https://a0.muscache.com/im/pictures/prohost-api/Hosting-1070357363146439988/original/f91884c0-06e7-40e7-a15f-6c6a9733f27d.jpeg,1070357363146439988,3511003,26.46469,-82.05562,"=AVERAGE($G$2:$G$689)","=AVERAGE($D$2:$D$689)","=IFERROR(($AT654-G654)/$AT654,0)","=IFERROR(($AU654-D654)/$AU654,0)","=$AU654-D654"
Charmingly colorful home with a deck,Vacasa,,0,0,0,0,92,3,2,8,true,false,false,true,true,true,false,Home/Apartment,House,House/villa,5,4,7,21+,Luxury,false,280,true,0,0,2025-06-03,Cape Coral/Fort Myers,Sanibel,Sanibel,Florida,33957,United States,coastal,https://www.airbnb.com/rooms/1127471705632389470,https://a0.muscache.com/im/pictures/prohost-api/Hosting-1127471705632389470/original/76dda880-7276-4df1-8c39-79952d755c98.jpeg,1127471705632389470,,26.48041,-82.17159,"=AVERAGE($G$2:$G$689)","=AVERAGE($D$2:$D$689)","=IFERROR(($AT655-G655)/$AT655,0)","=IFERROR(($AU655-D655)/$AU655,0)","=$AU655-D655"
Huge savings March April and May!,Breakaway VACATION PROPERTIES,,0,6866,0,0,292,3,3,6,true,false,true,true,true,true,true,Home/Apartment,House,House/villa,1,1,28,21+,Luxury,true,400,true,0,0,2026-05-14,Cape Coral/Fort Myers,Sanibel,Sanibel,Florida,33957,United States,coastal,https://www.airbnb.com/rooms/1152076744290417101,https://a0.muscache.com/im/pictures/prohost-api/Hosting-1152076744290417101/original/c11249d7-4474-43ba-a76e-f5904ddf7c29.jpeg,1152076744290417101,3980858,26.46269,-82.15517,"=AVERAGE($G$2:$G$689)","=AVERAGE($D$2:$D$689)","=IFERROR(($AT656-G656)/$AT656,0)","=IFERROR(($AU656-D656)/$AU656,0)","=$AU656-D656"
Executive Beachfront Residence on West Gulf Drive,Rosen Vacations,,0,5558,0,0,91,5,4,10,true,false,false,true,true,true,true,Home/Apartment,Villa,House/villa,0,0,28,21+,Luxury,true,799,false,0,0,2026-05-15,Cape Coral/Fort Myers,Sanibel,Sanibel,Florida,33957,United States,coastal,https://www.airbnb.com/rooms/1162272152404355784,https://a0.muscache.com/im/pictures/prohost-api/Hosting-1162272152404355784/original/c86aca83-4ab0-4f64-8195-699f495e6c12.jpeg,1162272152404355784,4017617,26.4378,-82.1274,"=AVERAGE($G$2:$G$689)","=AVERAGE($D$2:$D$689)","=IFERROR(($AT657-G657)/$AT657,0)","=IFERROR(($AU657-D657)/$AU657,0)","=$AU657-D657"
Gorgeous Beachfront Condo at Gulfside Place,Rosen Vacations,,0,4354,0,0,224,3,3,8,true,false,false,true,false,false,true,Home/Apartment,Condominium (condo),Apt/Condo/Loft,0,0,28,21+,Luxury,true,399,true,0,0,2026-05-14,Cape Coral/Fort Myers,Sanibel,Sanibel,Florida,33957,United States,coastal,https://www.airbnb.com/rooms/1171100689139588603,https://a0.muscache.com/im/pictures/prohost-api/Hosting-1171100689139588603/original/6df88724-80f3-46b9-bb37-451ee17f3301.jpeg,1171100689139588603,4036804,26.4293,-82.0563,"=AVERAGE($G$2:$G$689)","=AVERAGE($D$2:$D$689)","=IFERROR(($AT658-G658)/$AT658,0)","=IFERROR(($AU658-D658)/$AU658,0)","=$AU658-D658"
Banyan Breeze Bungalow,Dream Vacation Rentals,,0,0,0,0,31,3,2,6,true,false,false,true,true,false,true,Home/Apartment,House,House/villa,0,0,28,21+,Luxury,true,392,true,0,0,2025-04-08,Cape Coral/Fort Myers,Sanibel,Sanibel,Florida,33957,United States,coastal,https://www.airbnb.com/rooms/1179039968356779428,https://a0.muscache.com/im/pictures/prohost-api/Hosting-1179039968356779428/original/3f4b2df4-ce40-46ac-b62a-cec20b87b645.jpeg,1179039968356779428,9973834ha,26.445674,-82.131603,"=AVERAGE($G$2:$G$689)","=AVERAGE($D$2:$D$689)","=IFERROR(($AT659-G659)/$AT659,0)","=IFERROR(($AU659-D659)/$AU659,0)","=$AU659-D659"
Professionally Designed home NEW!,Breakaway VACATION PROPERTIES,,0,8053,0,0,280,3,2,8,true,false,false,true,true,true,true,Home/Apartment,House,House/villa,0,0,28,21+,Luxury,true,400,true,0,0,2026-05-13,Cape Coral/Fort Myers,Sanibel,Sanibel,Florida,33957,United States,coastal,https://www.airbnb.com/rooms/1201561711868815316,https://a0.muscache.com/im/pictures/prohost-api/Hosting-1201561711868815316/original/aa4fbd89-bc3d-4a5a-9e3a-5af288841c6b.jpeg,1201561711868815316,4102318,26.44742,-82.05407,"=AVERAGE($G$2:$G$689)","=AVERAGE($D$2:$D$689)","=IFERROR(($AT660-G660)/$AT660,0)","=IFERROR(($AU660-D660)/$AU660,0)","=$AU660-D660"
Sunset by the Sea on East End,592934721,,0,8,0,0,364,3,3,6,true,false,false,true,true,true,true,Home/Apartment,House,House/villa,0,0,28,2-5,Luxury,false,350,false,0,0,2026-05-14,Cape Coral/Fort Myers,Sanibel,Sanibel,Florida,33957,United States,coastal,https://www.airbnb.com/rooms/1211650995979309635,https://a0.muscache.com/im/pictures/hosting/Hosting-1211650995979309635/original/6372476a-342e-4396-a924-6ada6fa618d3.jpeg,1211650995979309635,4901975,26.4507,-82.0266,"=AVERAGE($G$2:$G$689)","=AVERAGE($D$2:$D$689)","=IFERROR(($AT661-G661)/$AT661,0)","=IFERROR(($AU661-D661)/$AU661,0)","=$AU661-D661"
Sanibel Captiva Cottage,69036634,,0,0,0,0,151,3,2,7,true,false,false,true,true,false,true,Home/Apartment,House,House/villa,0,0,28,2-5,Luxury,false,0,false,0,0,2026-01-28,Cape Coral/Fort Myers,Sanibel,Sanibel,Florida,33957,United States,coastal,https://www.airbnb.com/rooms/12680228,https://a0.muscache.com/im/pictures/da07dc11-b932-4308-b216-122025e13f52.jpg,12680228,,26.48389,-82.17647,"=AVERAGE($G$2:$G$689)","=AVERAGE($D$2:$D$689)","=IFERROR(($AT662-G662)/$AT662,0)","=IFERROR(($AU662-D662)/$AU662,0)","=$AU662-D662"
Uncompromising Private Retreat,527956637,,0,8509,0,0,212,6,4,16,true,false,false,true,true,true,true,Home/Apartment,House,House/villa,0,0,28,6-20,Luxury,false,0,true,0,0,2026-05-11,Cape Coral/Fort Myers,Sanibel,Sanibel,Florida,33957,United States,coastal,https://www.airbnb.com/rooms/1472470231152601502,https://a0.muscache.com/im/pictures/hosting/Hosting-1472470231152601502/original/3c515d86-5895-4009-8b2a-33b2195cb02f.png,1472470231152601502,4933994,26.4318,-82.05948,"=AVERAGE($G$2:$G$689)","=AVERAGE($D$2:$D$689)","=IFERROR(($AT663-G663)/$AT663,0)","=IFERROR(($AU663-D663)/$AU663,0)","=$AU663-D663"
Family Friendly Beach Condo,PVConcierge,,0,0,0,0,30,3,2,6,true,false,false,true,true,false,true,Home/Apartment,Condominium (condo),Apt/Condo/Loft,4.6,12,3,21+,Luxury,false,219,true,0,0,2026-05-14,Cape Coral/Fort Myers,Sanibel,Sanibel,Florida,33957,United States,coastal,https://www.airbnb.com/rooms/29680883,https://a0.muscache.com/im/pictures/prohost-api/Hosting-29680883/original/53ae04b9-96bd-4c29-8bd9-996c6e412048.jpeg,29680883,3936945ha,26.43386,-82.04667,"=AVERAGE($G$2:$G$689)","=AVERAGE($D$2:$D$689)","=IFERROR(($AT664-G664)/$AT664,0)","=IFERROR(($AU664-D664)/$AU664,0)","=$AU664-D664"
Slice Of Paradise,PVConcierge,,0,0,0,0,30,3,2,6,true,false,false,true,true,false,true,Home/Apartment,Condominium (condo),Apt/Condo/Loft,0,10,3,21+,Luxury,false,75,true,0,0,2026-05-14,Cape Coral/Fort Myers,Sanibel,Sanibel,Florida,33957,United States,coastal,https://www.airbnb.com/rooms/29680903,https://a0.muscache.com/im/pictures/b04ca8d2-a3fb-4f59-a7a3-49782f0c9113.jpg,29680903,3936969ha,26.43366,-82.04576,"=AVERAGE($G$2:$G$689)","=AVERAGE($D$2:$D$689)","=IFERROR(($AT665-G665)/$AT665,0)","=IFERROR(($AU665-D665)/$AU665,0)","=$AU665-D665"
Sanibel Island Home,252041395,,0,6337,0,0,333,3,2,6,true,false,false,true,true,true,true,Home/Apartment,House,House/villa,3.65,3,28,1,Luxury,false,250,false,0,0,2026-05-13,Cape Coral/Fort Myers,Sanibel,Sanibel,Florida,33957,United States,coastal,https://www.airbnb.com/rooms/33454795,https://a0.muscache.com/im/pictures/da9d3e6e-a68e-44a4-8535-f0bd1d55cddf.jpg,33454795,1882992,26.46548,-82.15776,"=AVERAGE($G$2:$G$689)","=AVERAGE($D$2:$D$689)","=IFERROR(($AT666-G666)/$AT666,0)","=IFERROR(($AU666-D666)/$AU666,0)","=$AU666-D666"
Sandpiper West 2 is a 3/3 luxury Vacation Rental o,Select Vacation Properties,,0,7965,0,0,32,3,3,6,true,false,false,true,true,false,true,Home/Apartment,Condominium (condo),Apt/Condo/Loft,4.9,60,1,21+,Luxury,true,320,true,0,0,2026-05-13,Cape Coral/Fort Myers,Sanibel,Sanibel,Florida,33957,United States,coastal,https://www.airbnb.com/rooms/38094782,https://a0.muscache.com/im/pictures/prohost-api/Hosting-38094782/original/60929234-5ae7-47e5-908c-f169d4ab4a64.jpeg,38094782,847626,26.4233,-82.08832,"=AVERAGE($G$2:$G$689)","=AVERAGE($D$2:$D$689)","=IFERROR(($AT667-G667)/$AT667,0)","=IFERROR(($AU667-D667)/$AU667,0)","=$AU667-D667"
Buy Sanibel Island 5 Strt Weeks New Condo Rebuild,101109338,,0,9437,0,0,219,3,2,6,true,false,false,true,true,false,true,Home/Apartment,Condominium (condo),Apt/Condo/Loft,0,0,5,2-5,Luxury,false,0,false,0,0,2026-05-15,Cape Coral/Fort Myers,Sanibel,Sanibel,Florida,33957,United States,coastal,https://www.airbnb.com/rooms/42111981,https://a0.muscache.com/im/pictures/miso/Hosting-42111981/original/a3022b5a-e895-426d-8ca4-0d4ab74d7c22.jpeg,42111981,,26.45228,-82.0187,"=AVERAGE($G$2:$G$689)","=AVERAGE($D$2:$D$689)","=IFERROR(($AT668-G668)/$AT668,0)","=IFERROR(($AU668-D668)/$AU668,0)","=$AU668-D668"
Blind Pass Condo B109 on beautiful Sanibel Island,294538550,,0,6014,0,0,12,3,2,8,true,false,false,true,true,false,true,Home/Apartment,Condominium (condo),Apt/Condo/Loft,4.3,4,1,21+,Luxury,false,258,true,0,0,2023-01-09,Cape Coral/Fort Myers,Sanibel,Sanibel,Florida,33957,United States,coastal,https://www.airbnb.com/rooms/46916072,"https://a0.muscache.com/im/pictures/prohost-api/Hosting-46916072/original/462ebab3-5a45-4048-8bba-65226f97739a.jpeg?aki_policy=x_large",46916072,1253871,26.45986,-82.15328,"=AVERAGE($G$2:$G$689)","=AVERAGE($D$2:$D$689)","=IFERROR(($AT669-G669)/$AT669,0)","=IFERROR(($AU669-D669)/$AU669,0)","=$AU669-D669"
Casa Encantada,48674829,,0,9509,0,0,33,3,2,6,true,false,true,true,true,false,true,Home/Apartment,House,House/villa,5,1,28,1,Luxury,false,250,false,0,0,2025-02-07,Cape Coral/Fort Myers,Sanibel,Sanibel,Florida,33957,United States,coastal,https://www.airbnb.com/rooms/49591432,https://a0.muscache.com/im/pictures/miso/Hosting-49591432/original/1d6c4fd5-665b-4de5-92e1-333f4cfff4d6.jpeg,49591432,2489941,26.44698,-82.03533,"=AVERAGE($G$2:$G$689)","=AVERAGE($D$2:$D$689)","=IFERROR(($AT670-G670)/$AT670,0)","=IFERROR(($AU670-D670)/$AU670,0)","=$AU670-D670"
Brand new modern Sanibel home steps to beach!,145838781,,0,0,0,0,365,6,3,10,true,false,false,true,true,false,true,Home/Apartment,House,House/villa,0,0,28,6-20,Luxury,true,200,false,0,0,2026-05-15,Cape Coral/Fort Myers,Sanibel,Sanibel,Florida,33957,United States,coastal,https://www.airbnb.com/rooms/51502651,https://a0.muscache.com/im/pictures/miso/Hosting-51502651/original/4006afd4-76e0-4706-8ea7-40d764193479.jpeg,51502651,3430791,26.44666,-82.13293,"=AVERAGE($G$2:$G$689)","=AVERAGE($D$2:$D$689)","=IFERROR(($AT671-G671)/$AT671,0)","=IFERROR(($AU671-D671)/$AU671,0)","=$AU671-D671"
"Modern Architectural w/pool, private beach access.",159507495,,0,174,0,0,273,3,2,8,true,false,false,true,true,false,true,Home/Apartment,House,House/villa,5,1,28,2-5,Luxury,false,400,false,0,0,2026-05-15,Cape Coral/Fort Myers,Sanibel,Sanibel,Florida,33957,United States,coastal,https://www.airbnb.com/rooms/52451965,https://a0.muscache.com/im/pictures/ddb23cc3-e9d1-43b7-b043-674b632efb35.jpg,52451965,2845389,26.45331,-82.14004,"=AVERAGE($G$2:$G$689)","=AVERAGE($D$2:$D$689)","=IFERROR(($AT672-G672)/$AT672,0)","=IFERROR(($AU672-D672)/$AU672,0)","=$AU672-D672"
Rue Belle Mer,Kingfisher Vacations,,0,8767,0,0,2,3,5,8,true,false,false,true,true,false,true,Home/Apartment,House,House/villa,0,0,28,21+,Luxury,true,500,true,0,0,2026-05-15,Cape Coral/Fort Myers,Sanibel,Sanibel,Florida,33957,United States,coastal,https://www.airbnb.com/rooms/548521514606724985,https://a0.muscache.com/im/pictures/prohost-api/Hosting-548521514606724985/original/1eb5b42c-680f-4c48-bce5-dc77bcb32586.jpeg,548521514606724985,2622674,26.44982,-82.13998,"=AVERAGE($G$2:$G$689)","=AVERAGE($D$2:$D$689)","=IFERROR(($AT673-G673)/$AT673,0)","=IFERROR(($AU673-D673)/$AU673,0)","=$AU673-D673"
Santo de Sanibel Point Unit C33,45989041,,0,11029,0,0,6,3,2,8,true,false,false,true,true,false,true,Home/Apartment,Condominium (condo),Apt/Condo/Loft,4.75,33,7,2-5,Luxury,false,0,false,0,0,2026-05-14,Cape Coral/Fort Myers,Sanibel,Sanibel,Florida,33957,United States,coastal,https://www.airbnb.com/rooms/8779064,https://a0.muscache.com/im/pictures/miso/Hosting-8779064/original/23fddd90-d2b1-4d1a-b964-bfba193e86ad.jpeg,8779064,,26.42238,-82.07696,"=AVERAGE($G$2:$G$689)","=AVERAGE($D$2:$D$689)","=IFERROR(($AT674-G674)/$AT674,0)","=IFERROR(($AU674-D674)/$AU674,0)","=$AU674-D674"
Island Living in Modern Coastal Luxury,Gulf Coast Vacation Rentals,,0,850,0,0,330,3,2,7,true,false,false,true,true,true,false,Home/Apartment,House,House/villa,4.2,5,28,21+,Luxury,false,150,false,0,0,2026-05-14,Cape Coral/Fort Myers,Sanibel,Sanibel,Florida,33957,United States,coastal,https://www.airbnb.com/rooms/946020224741318311,https://a0.muscache.com/im/pictures/hosting/Hosting-U3RheVN1cHBseUxpc3Rpbmc6OTQ2MDIwMjI0NzQxMzE4MzEx/original/fe034c09-5e16-456c-8d69-0cc6b458ffce.jpeg,946020224741318311,9999710ha,26.45435,-82.04617,"=AVERAGE($G$2:$G$689)","=AVERAGE($D$2:$D$689)","=IFERROR(($AT675-G675)/$AT675,0)","=IFERROR(($AU675-D675)/$AU675,0)","=$AU675-D675"
The most charming home on Sanibel 30 steps to bay beach 1.5 blcks to gulf .,,,0,651,0,0,147,3,3,7,true,false,true,true,true,false,true,Home/Apartment,House,House/villa,0,0,9,1,Luxury,false,225,true,0,0,2025-08-10,Cape Coral/Fort Myers,Sanibel,Sanibel,Florida,33957,United States,coastal,https://www.vrbo.com/11412257ha,"https://media.vrbo.com/lodging/100000000/99990000/99987300/99987246/494c76ab.jpg?impolicy=resizecrop&rw=1200&ra=fit",,11412257ha,26.448377,-82.025844,"=AVERAGE($G$2:$G$689)","=AVERAGE($D$2:$D$689)","=IFERROR(($AT676-G676)/$AT676,0)","=IFERROR(($AU676-D676)/$AU676,0)","=$AU676-D676"
Bright & Beautiful Near-Beach Pet Friendly Home!,,,0,0,0,0,92,3,2,8,true,false,false,true,true,true,true,Home/Apartment,House,House/villa,5,11,28,1,Luxury,false,250,true,0,0,2026-03-07,Cape Coral/Fort Myers,Sanibel,Sanibel,Florida,33957,United States,coastal,https://www.vrbo.com/1618792,"https://media.vrbo.com/lodging/37000000/36300000/36291700/36291653/4f7ad676.jpg?impolicy=resizecrop&rw=1200&ra=fit",,1618792,26.44293,-82.12922,"=AVERAGE($G$2:$G$689)","=AVERAGE($D$2:$D$689)","=IFERROR(($AT677-G677)/$AT677,0)","=IFERROR(($AU677-D677)/$AU677,0)","=$AU677-D677"
January only!  Newly remodeled 3 bed/2 bath house in the middle of Sanibel Fun,,,0,12297,0,0,2,3,2,6,true,false,false,true,true,true,true,Home/Apartment,House,House/villa,5,1,30,1,Luxury,false,200,true,0,0,2026-05-14,Cape Coral/Fort Myers,Sanibel,Sanibel,Florida,33957,United States,coastal,https://www.vrbo.com/1753271,"https://media.vrbo.com/lodging/41000000/40130000/40128700/40128689/dc0b472d.jpg?impolicy=resizecrop&rw=1200&ra=fit",,1753271,26.439386,-82.070101,"=AVERAGE($G$2:$G$689)","=AVERAGE($D$2:$D$689)","=IFERROR(($AT678-G678)/$AT678,0)","=IFERROR(($AU678-D678)/$AU678,0)","=$AU678-D678"
"Gorgeous canal front home east end Sanibel. Walk to beach, restaurants, biking",,,0,2342,0,0,134,3,3,6,true,false,false,true,true,true,true,Home/Apartment,House,House/villa,0,0,28,1,Luxury,false,348,false,0,0,2026-03-01,Cape Coral/Fort Myers,Sanibel,Sanibel,Florida,33957,United States,coastal,https://www.vrbo.com/20211982ha,"https://media.vrbo.com/lodging/123000000/122190000/122183000/122182991/cbf77b45.jpg?impolicy=resizecrop&rw=1200&ra=fit",,20211982ha,26.45077,-82.02634,"=AVERAGE($G$2:$G$689)","=AVERAGE($D$2:$D$689)","=IFERROR(($AT679-G679)/$AT679,0)","=IFERROR(($AU679-D679)/$AU679,0)","=$AU679-D679"
"Gulfside Place 101 - A lush, tropical paradise with beautiful beach front access",Royal Shell Vacations,,0,14059,0,0,78,3,3,8,true,true,false,true,true,false,true,Home/Apartment,Condominium (condo),Apt/Condo/Loft,0,0,30,21+,Luxury,false,199,false,0,0,2026-05-09,Cape Coral/Fort Myers,Sanibel,Sanibel,Florida,33957,United States,coastal,https://www.vrbo.com/20217552ha,"https://media.vrbo.com/lodging/123000000/122870000/122868100/122868078/c7ca59c0.jpg?impolicy=resizecrop&rw=1200&ra=fit",,20217552ha,26.43129,-82.05421,"=AVERAGE($G$2:$G$689)","=AVERAGE($D$2:$D$689)","=IFERROR(($AT680-G680)/$AT680,0)","=IFERROR(($AU680-D680)/$AU680,0)","=$AU680-D680"
Dolphin Point -Water Front Canal Home on Sanibel Island,,,0,9242,0,0,312,3,3,6,true,false,false,true,true,false,true,Home/Apartment,House,House/villa,5,4,25,1,Luxury,false,322,false,0,0,2026-05-12,Cape Coral/Fort Myers,Sanibel,Sanibel,Florida,33957,United States,coastal,https://www.vrbo.com/2243656,"https://media.vrbo.com/lodging/66000000/66000000/65993700/65993647/1013b24b.jpg?impolicy=resizecrop&rw=1200&ra=fit",,2243656,26.462502,-82.053929,"=AVERAGE($G$2:$G$689)","=AVERAGE($D$2:$D$689)","=IFERROR(($AT681-G681)/$AT681,0)","=IFERROR(($AU681-D681)/$AU681,0)","=$AU681-D681"
"SANIBEL ISLAND 2025-2026 season of sun, shells, peace and paradise ",,,0,2137,0,0,102,3,2,8,true,false,false,true,true,true,true,Home/Apartment,House,House/villa,0,0,90,1,Luxury,false,506,true,0,0,2026-05-14,Cape Coral/Fort Myers,Sanibel,Sanibel,Florida,33957,United States,coastal,https://www.vrbo.com/2633842,"https://media.vrbo.com/lodging/75000000/74740000/74738200/74738182/d4ed1a87.jpg?impolicy=resizecrop&rw=1200&ra=fit",,2633842,26.44088,-82.07038,"=AVERAGE($G$2:$G$689)","=AVERAGE($D$2:$D$689)","=IFERROR(($AT682-G682)/$AT682,0)","=IFERROR(($AU682-D682)/$AU682,0)","=$AU682-D682"
"Now Available! Enjoy Panoramic Water Views, Pool, Dock, Beach Parking Permit & Pup Friendly!",Cottages to Castles of Sanibel and Captiva,,0,0,0,0,148,3,2,6,true,false,false,true,true,true,true,Home/Apartment,House,House/villa,5,1,28,6-20,Luxury,false,400,true,0,0,2026-05-16,Cape Coral/Fort Myers,Sanibel,Sanibel,Florida,33957,United States,coastal,https://www.vrbo.com/297565ha,"https://media.vrbo.com/lodging/23000000/22260000/22251600/22251550/5f6d0db4.jpg?impolicy=resizecrop&rw=1200&ra=fit",,297565ha,26.446566,-82.035263,"=AVERAGE($G$2:$G$689)","=AVERAGE($D$2:$D$689)","=IFERROR(($AT683-G683)/$AT683,0)","=IFERROR(($AU683-D683)/$AU683,0)","=$AU683-D683"
!!Paradise Home!!,,,0,976,0,0,144,3,4,6,true,false,false,true,true,false,true,Home/Apartment,House,House/villa,3,1,29,1,Luxury,false,0,true,0,0,2025-09-01,Cape Coral/Fort Myers,Sanibel,Sanibel,Florida,33957,United States,coastal,https://www.vrbo.com/2991584,"https://media.vrbo.com/lodging/85000000/84270000/84268300/84268282/b8a427da.jpg?impolicy=resizecrop&rw=1200&ra=fit",,2991584,26.483686,-82.16871,"=AVERAGE($G$2:$G$689)","=AVERAGE($D$2:$D$689)","=IFERROR(($AT684-G684)/$AT684,0)","=IFERROR(($AU684-D684)/$AU684,0)","=$AU684-D684"
Spacious Beachfront 4 Bedroom Sanibel Home on West Gulf Drive - Whaleview,Royal Shell Vacations,,0,452,0,0,22,4,3,9,true,false,true,true,true,true,true,Home/Apartment,House,House/villa,5,1,30,21+,Luxury,false,380,true,0,0,2026-05-15,Cape Coral/Fort Myers,Sanibel,Sanibel,Florida,33957,United States,coastal,https://www.vrbo.com/3513593ha,"https://media.vrbo.com/lodging/22000000/21670000/21668100/21668053/55ebc806.jpg?impolicy=resizecrop&rw=1200&ra=fit",,3513593ha,26.426775,-82.098899,"=AVERAGE($G$2:$G$689)","=AVERAGE($D$2:$D$689)","=IFERROR(($AT685-G685)/$AT685,0)","=IFERROR(($AU685-D685)/$AU685,0)","=$AU685-D685"
"Beachfront - step into sand & shells from your living room, stargazing rooftop",,,0,8095,0,0,250,3,3,6,true,false,false,true,true,true,true,Home/Apartment,House,House/villa,5,1,14,1,Luxury,false,498,false,0,0,2026-05-13,Cape Coral/Fort Myers,Sanibel,Sanibel,Florida,33957,United States,coastal,https://www.vrbo.com/4015657,"https://media.vrbo.com/lodging/106000000/105430000/105421400/105421303/a8126801.jpg?impolicy=resizecrop&rw=1200&ra=fit",,4015657,26.430409,-82.10335,"=AVERAGE($G$2:$G$689)","=AVERAGE($D$2:$D$689)","=IFERROR(($AT686-G686)/$AT686,0)","=IFERROR(($AU686-D686)/$AU686,0)","=$AU686-D686"
Kings Crown Home - Elevated Coastal Living,Select Vacation Properties,,0,3252,0,0,75,3,3,8,true,false,false,true,false,true,false,Home/Apartment,House,House/villa,0,0,28,21+,Luxury,false,0,false,0,0,2026-05-17,Cape Coral/Fort Myers,Sanibel,Sanibel,Florida,33957,United States,coastal,https://www.vrbo.com/5013144,"https://media.vrbo.com/lodging/125000000/124280000/124272900/124272860/53061f7d.jpg?impolicy=resizecrop&rw=1200&ra=fit",,5013144,26.44733,-82.03433,"=AVERAGE($G$2:$G$689)","=AVERAGE($D$2:$D$689)","=IFERROR(($AT687-G687)/$AT687,0)","=IFERROR(($AU687-D687)/$AU687,0)","=$AU687-D687"
Beachy Keen-Tranquil home away from home with private beach! Discount MarchApril,,,0,0,0,0,365,3,2,6,true,false,false,true,true,true,false,Home/Apartment,House,House/villa,5,6,28,1,Luxury,false,500,false,0,0,2026-05-15,Cape Coral/Fort Myers,Sanibel,Sanibel,Florida,33957,United States,coastal,https://www.vrbo.com/9223802ha,"https://media.vrbo.com/lodging/43000000/42580000/42578100/42578090/w945h1242x879y0-2f049348.jpg?impolicy=resizecrop&rw=1200&ra=fit",,9223802ha,26.454558,-82.140742,"=AVERAGE($G$2:$G$689)","=AVERAGE($D$2:$D$689)","=IFERROR(($AT688-G688)/$AT688,0)","=IFERROR(($AU688-D688)/$AU688,0)","=$AU688-D688"
Great Egret Cottage - Charming Near Beach Sanibel Retreat,Cottages to Castles of Sanibel and Captiva,,0,6489,0,0,246,3,3,6,true,false,true,true,true,true,true,Home/Apartment,House,House/villa,5,0,28,6-20,Luxury,false,485,true,0,0,2026-04-11,Cape Coral/Fort Myers,Sanibel,Sanibel,Florida,33957,United States,coastal,https://www.vrbo.com/9881785ha,"https://media.vrbo.com/lodging/100000000/99640000/99630500/99630491/2fd32b81.jpg?impolicy=resizecrop&rw=1200&ra=fit",,9881785ha,26.42487,-82.08742,"=AVERAGE($G$2:$G$689)","=AVERAGE($D$2:$D$689)","=IFERROR(($AT689-G689)/$AT689,0)","=IFERROR(($AU689-D689)/$AU689,0)","=$AU689-D689"
