Title,Property Manager/Host,Contact,Revenue,Revenue Potential,ADR,Occupancy,Days Available,Bedrooms,Bathrooms,Accommodates,Has Air Conditioning,Has Gym,Has Hot Tub,Has Kitchen,Has Parking,Has Pets,Has Pool,Listing Type,Property Type,Real Estate Type,Overall Rating,Number of Reviews,Minimum Stay,Host Unit Count,Price Tier,Airbnb Superhost,Cleaning Fee,Instant Book,Reserved Days,Number of Bookings,Last Update,AirDNA Market,AirDNA Subarket,City,State,Zipcode,Country,Location Type,Listing URL,Main Listing Image,Airbnb Property ID,Vrbo Property ID,Latitude,Longitude,Market Average Occupancy,Market Average Revenue,Occupancy Gap,Revenue % Gap,Revenue $ Gap
Twin Creeks Ranch | 17min to DT Aspen + Skiing!,451829889,,791720,928622,4887.16,54.18,313,8,9,16,true,false,true,true,true,true,false,Home/Apartment,Villa,House/villa,5,25,4,2-5,Luxury,false,901,true,162,26,2026-05-16,Glenwood Springs,Carbondale,Snowmass,Colorado,81654,United States,mountains_lakes,https://www.airbnb.com/rooms/593697918174860171,https://a0.muscache.com/im/pictures/hosting/Hosting-U3RheVN1cHBseUxpc3Rpbmc6NTkzNjk3OTE4MTc0ODYwMTcx/original/e0681728-fa04-4971-8705-ad423d268f6d.jpeg,593697918174860171,3067545,39.30948,-106.97761,"=AVERAGE($G$2:$G$239)","=AVERAGE($D$2:$D$239)","=IFERROR(($AT2-G2)/$AT2,0)","=IFERROR(($AU2-D2)/$AU2,0)","=$AU2-D2"
Snowmass Contemporary Ranch,449262,,194333,196685,1542.33,43.6,363,5,4,10,true,true,true,true,true,false,false,Home/Apartment,House,House/villa,5,11,4,2-5,Luxury,false,750,false,126,15,2026-05-17,Glenwood Springs,Carbondale,Snowmass,Colorado,81654,United States,mountains_lakes,https://www.airbnb.com/rooms/1081304037616195118,https://a0.muscache.com/im/pictures/miso/Hosting-1081304037616195118/original/d616cf46-6836-4aa9-b878-5f36522107f2.jpeg,1081304037616195118,3832282,39.3203,-106.9813,"=AVERAGE($G$2:$G$239)","=AVERAGE($D$2:$D$239)","=IFERROR(($AT3-G3)/$AT3,0)","=IFERROR(($AU3-D3)/$AU3,0)","=$AU3-D3"
Luxurious Estate with Stunning Views,E&V Aspen SM Rentals,,189072,189072,1616,81.25,319,5,6,14,true,false,true,true,true,false,true,Home/Apartment,House,House/villa,0,0,30,21+,Luxury,false,895,false,117,1,2026-02-05,Glenwood Springs,Carbondale,Basalt,Colorado,81621,United States,mountains_lakes,https://www.airbnb.com/rooms/1282771927793801014,https://a0.muscache.com/im/pictures/prohost-api/Hosting-1282771927793801014/original/5047cb63-3ba2-4d4f-a5ce-5224d206300d.jpeg,1282771927793801014,4274338,39.3531,-107.011,"=AVERAGE($G$2:$G$239)","=AVERAGE($D$2:$D$239)","=IFERROR(($AT4-G4)/$AT4,0)","=IFERROR(($AU4-D4)/$AU4,0)","=$AU4-D4"
Sky Door Ranch,52776855,,188717,214735,1377.5,62.84,292,5,6,12,true,true,false,true,true,true,true,Home/Apartment,House,House/villa,5,43,7,2-5,Luxury,false,801,false,137,11,2026-05-13,Glenwood Springs,Carbondale,Carbondale,Colorado,81623,United States,mountains_lakes,https://www.airbnb.com/rooms/43325852,https://a0.muscache.com/im/pictures/1f6fa3d5-6b97-4afe-ba98-d09029a98e56.jpg,43325852,1976718,39.43272,-107.17041,"=AVERAGE($G$2:$G$239)","=AVERAGE($D$2:$D$239)","=IFERROR(($AT5-G5)/$AT5,0)","=IFERROR(($AU5-D5)/$AU5,0)","=$AU5-D5"
Waterfront Luxury Mountain Retreat,Blue Gems Mgmt,,182928,239486,1576.97,63.04,263,5,5,13,true,false,false,true,false,false,false,Home/Apartment,Villa,House/villa,4.7,13,3,21+,Luxury,false,494,true,116,29,2026-05-11,Glenwood Springs,Carbondale,Snowmass,Colorado,81654,United States,mountains_lakes,https://www.airbnb.com/rooms/760932843204621095,https://a0.muscache.com/im/pictures/miso/Hosting-760932843204621095/original/fa497181-2040-476f-9e0b-35b598273c33.jpeg,760932843204621095,3802684,39.33257,-106.98817,"=AVERAGE($G$2:$G$239)","=AVERAGE($D$2:$D$239)","=IFERROR(($AT6-G6)/$AT6,0)","=IFERROR(($AU6-D6)/$AU6,0)","=$AU6-D6"
Aspen Valley Sky Ranch,505199904,,180561,183306,2285.58,29.26,321,5,3,12,true,false,false,true,true,false,false,Home/Apartment,House,House/villa,5,14,3,2-5,Luxury,true,900,false,79,17,2026-05-17,Glenwood Springs,Carbondale,Carbondale,Colorado,81623,United States,mountains_lakes,https://www.airbnb.com/rooms/846300604765747633,https://a0.muscache.com/im/pictures/prohost-api/Hosting-846300604765747633/original/caff08d5-5411-4a9e-9333-3870812bbb4d.jpeg,846300604765747633,3521079,39.45503,-107.20044,"=AVERAGE($G$2:$G$239)","=AVERAGE($D$2:$D$239)","=IFERROR(($AT7-G7)/$AT7,0)","=IFERROR(($AU7-D7)/$AU7,0)","=$AU7-D7"
"Brookie Lodge on Beaver Lake (MARBLE, COLORADO)",166849848,,145861,210050,1389.15,43.03,282,5,4,14,false,false,true,true,true,false,false,Home/Apartment,House,House/villa,4.75,57,2,2-5,Luxury,true,200,false,105,19,2026-05-16,Glenwood Springs,Carbondale,Carbondale,Colorado,81623,United States,mountains_lakes,https://www.airbnb.com/rooms/40309364,https://a0.muscache.com/im/pictures/01f23406-726c-4c2f-8556-d1f45546c5a4.jpg,40309364,,39.0714,-107.177,"=AVERAGE($G$2:$G$239)","=AVERAGE($D$2:$D$239)","=IFERROR(($AT8-G8)/$AT8,0)","=IFERROR(($AU8-D8)/$AU8,0)","=$AU8-D8"
Stunning Log Home - Breathtaking views over Snowmass and Aspen - 5 Bedrooms,,,141120,156367,2106.27,36.02,312,5,5,10,true,true,true,true,true,false,false,Home/Apartment,House,House/villa,4.8,10,4,1,Luxury,false,1000,false,67,11,2026-05-14,Glenwood Springs,Carbondale,Snowmass,Colorado,81654,United States,mountains_lakes,https://www.vrbo.com/3693292,"https://media.vrbo.com/lodging/101000000/100160000/100156100/100156052/ff769346.jpg?impolicy=resizecrop&rw=1200&ra=fit",,3693292,39.255747,-106.97859,"=AVERAGE($G$2:$G$239)","=AVERAGE($D$2:$D$239)","=IFERROR(($AT9-G9)/$AT9,0)","=IFERROR(($AU9-D9)/$AU9,0)","=$AU9-D9"
Valinor Ranch — Thirty-Five Acres Above the Valley,2338855,,130161,138768,544.61,70.09,341,2,2,4,true,false,true,true,true,true,false,Home/Apartment,House,House/villa,4.95,194,3,2-5,Luxury,true,179,true,239,70,2026-05-17,Glenwood Springs,Carbondale,Carbondale,Colorado,81623,United States,mountains_lakes,https://www.airbnb.com/rooms/50070903,https://a0.muscache.com/im/pictures/prohost-api/Hosting-50070903/original/39b2b8e9-56e9-42ca-98ae-e3ed15c0d480.jpeg,50070903,4465936,39.42623,-107.1258,"=AVERAGE($G$2:$G$239)","=AVERAGE($D$2:$D$239)","=IFERROR(($AT10-G10)/$AT10,0)","=IFERROR(($AU10-D10)/$AU10,0)","=$AU10-D10"
Twin Peaks w/ Hot Tub & Elevated Sopris Views,Boutique Mountain Homes,,127038,141705,460.28,84.4,327,2,2,4,true,false,true,true,true,false,false,Home/Apartment,House,House/villa,4.95,293,4,21+,Luxury,true,258,false,276,75,2026-05-17,Glenwood Springs,Carbondale,Carbondale,Colorado,81623,United States,mountains_lakes,https://www.airbnb.com/rooms/45453217,https://a0.muscache.com/im/pictures/prohost-api/Hosting-45453217/original/43de7878-6946-40a8-b667-4dac11688014.jpeg,45453217,2067959,39.42133,-107.12063,"=AVERAGE($G$2:$G$239)","=AVERAGE($D$2:$D$239)","=IFERROR(($AT11-G11)/$AT11,0)","=IFERROR(($AU11-D11)/$AU11,0)","=$AU11-D11"
"Stunning  views from this 5 bedroom home on 8 acres, sleeps 12",,,123035,142036,1281.61,38.4,310,4,4,12,true,true,true,true,true,false,false,Home/Apartment,House,House/villa,4.9,141,3,1,Luxury,false,500,true,96,24,2026-05-16,Glenwood Springs,Carbondale,Carbondale,Colorado,81623,United States,mountains_lakes,https://www.vrbo.com/688864,"https://media.vrbo.com/lodging/34000000/33500000/33494400/33494370/1e1860d8.jpg?impolicy=resizecrop&rw=1200&ra=fit",,688864,39.416714,-107.121634,"=AVERAGE($G$2:$G$239)","=AVERAGE($D$2:$D$239)","=IFERROR(($AT12-G12)/$AT12,0)","=IFERROR(($AU12-D12)/$AU12,0)","=$AU12-D12"
Private 3-Acre Retreat W/Hot Tub & Sopris Views,73594244,,119862,128588,454.02,77.42,341,2,2,6,true,false,false,true,true,false,false,Home/Apartment,House,House/villa,5,162,3,1,Luxury,true,198,false,264,80,2026-05-17,Glenwood Springs,Carbondale,Carbondale,Colorado,81623,United States,mountains_lakes,https://www.airbnb.com/rooms/711683455966080425,https://a0.muscache.com/im/pictures/miso/Hosting-711683455966080425/original/ce77cffb-852b-47d4-9974-fbac050250fa.jpeg,711683455966080425,3407147,39.41766,-107.20796,"=AVERAGE($G$2:$G$239)","=AVERAGE($D$2:$D$239)","=IFERROR(($AT13-G13)/$AT13,0)","=IFERROR(($AU13-D13)/$AU13,0)","=$AU13-D13"
"Estate w/ 3 Spaces Near Aspen, Skiing, Hot Springs",321854978,,118175,154110,1641.32,31.58,329,6,6,12,true,true,true,true,true,false,false,Home/Apartment,Place,House/villa,5,48,3,6-20,Luxury,true,751,false,72,17,2026-05-13,Glenwood Springs,Carbondale,Carbondale,Colorado,81623,United States,mountains_lakes,https://www.airbnb.com/rooms/48025432,https://a0.muscache.com/im/pictures/miso/Hosting-48025432/original/3ce3406a-103c-4afa-a63b-d7b5ac589d80.jpeg,48025432,,39.43033,-107.18689,"=AVERAGE($G$2:$G$239)","=AVERAGE($D$2:$D$239)","=IFERROR(($AT14-G14)/$AT14,0)","=IFERROR(($AU14-D14)/$AU14,0)","=$AU14-D14"
Modern Guesthouse Roaring Fork,1450252,,115171,135480,619.2,68.63,311,2,2,4,true,false,false,false,false,true,false,Home/Apartment,House,House/villa,5,81,3,1,Luxury,false,150,true,186,28,2026-05-14,Glenwood Springs,Carbondale,Carbondale,Colorado,81623,United States,mountains_lakes,https://www.airbnb.com/rooms/1446785909520866063,https://a0.muscache.com/im/pictures/prohost-api/Hosting-1446785909520866063/original/aeae7f5c-6300-4269-a81e-5b1b0adb9239.jpeg,1446785909520866063,1067606,39.3979475139,-107.1153172782,"=AVERAGE($G$2:$G$239)","=AVERAGE($D$2:$D$239)","=IFERROR(($AT15-G15)/$AT15,0)","=IFERROR(($AU15-D15)/$AU15,0)","=$AU15-D15"
"Darien Ranch Lodge: 7 Queen or King, 6 Singles",202354643,,112799,128418,1464.92,39.69,272,7,7,14,false,false,false,true,true,true,false,Home/Apartment,House,House/villa,4.95,15,3,6-20,Luxury,false,400,true,77,18,2026-05-17,Glenwood Springs,Carbondale,Carbondale,Colorado,81623,United States,mountains_lakes,https://www.airbnb.com/rooms/29412594,https://a0.muscache.com/im/pictures/miso/Hosting-29412594/original/16738b4b-3941-433b-b890-8dc686a4c58f.jpeg,29412594,2332733,39.08423,-107.24177,"=AVERAGE($G$2:$G$239)","=AVERAGE($D$2:$D$239)","=IFERROR(($AT16-G16)/$AT16,0)","=IFERROR(($AU16-D16)/$AU16,0)","=$AU16-D16"
Absolutely gorgeous new home outstanding views,256503022,,111862,165105,1398.28,35.24,295,4,4,10,true,true,false,true,true,false,true,Home/Apartment,House,House/villa,4.95,28,2,1,Luxury,false,362,false,80,20,2026-05-14,Glenwood Springs,Carbondale,Carbondale,Colorado,81623,United States,mountains_lakes,https://www.airbnb.com/rooms/720207035464369202,https://a0.muscache.com/im/pictures/miso/Hosting-720207035464369202/original/35082405-4a9b-49ee-94bc-1c1fee66edc6.jpeg,720207035464369202,3475131,39.40655,-107.12254,"=AVERAGE($G$2:$G$239)","=AVERAGE($D$2:$D$239)","=IFERROR(($AT17-G17)/$AT17,0)","=IFERROR(($AU17-D17)/$AU17,0)","=$AU17-D17"
3Bd 2Bth Chalet w/Views on 35 acres near Aspen,13610419,,109832,120049,530.59,63.69,325,3,2,8,true,false,false,true,true,true,false,Home/Apartment,House,House/villa,4.95,97,1,2-5,Luxury,true,200,false,207,81,2026-05-17,Glenwood Springs,Carbondale,Carbondale,Colorado,81623,United States,mountains_lakes,https://www.airbnb.com/rooms/1183975964789723020,https://a0.muscache.com/im/pictures/miso/Hosting-1183975964789723020/original/0711ce31-0c51-4220-8696-dcaa14bc623c.jpeg,1183975964789723020,,39.47438,-107.11702,"=AVERAGE($G$2:$G$239)","=AVERAGE($D$2:$D$239)","=IFERROR(($AT18-G18)/$AT18,0)","=IFERROR(($AU18-D18)/$AU18,0)","=$AU18-D18"
"Snowmass Home w/ Hot Tub, Fireplace, & Mtn Views!",Evolve,,100163,143170,572.36,74.79,247,3,3,4,false,false,true,true,true,false,false,Home/Apartment,House,House/villa,4.95,114,3,21+,Luxury,false,444,true,175,30,2026-05-11,Glenwood Springs,Carbondale,Snowmass,Colorado,81654,United States,mountains_lakes,https://www.airbnb.com/rooms/18446757,https://a0.muscache.com/im/pictures/prohost-api/Hosting-18446757/original/588b2246-edde-467a-bdf5-234bcc5d3481.jpeg,18446757,4149416ha,39.2982,-107.0023,"=AVERAGE($G$2:$G$239)","=AVERAGE($D$2:$D$239)","=IFERROR(($AT19-G19)/$AT19,0)","=IFERROR(($AU19-D19)/$AU19,0)","=$AU19-D19"
NEW Spacious Home in Downtown Basalt - A+ location with views!,,,96750,124636,774,76.22,300,4,3,10,false,false,false,true,true,false,false,Home/Apartment,House,House/villa,5,6,30,1,Luxury,false,492,false,125,6,2026-05-16,Glenwood Springs,Carbondale,Basalt,Colorado,81621,United States,mountains_lakes,https://www.vrbo.com/3058982,"https://media.vrbo.com/lodging/89000000/88210000/88204500/88204454/8dc811c2.jpg?impolicy=resizecrop&rw=1200&ra=fit",,3058982,39.364207,-107.024647,"=AVERAGE($G$2:$G$239)","=AVERAGE($D$2:$D$239)","=IFERROR(($AT20-G20)/$AT20,0)","=IFERROR(($AU20-D20)/$AU20,0)","=$AU20-D20"
4 Riverfront Cabins | Hot Tub | Hot Springs,Vacasa,,92853,112403,967.22,45.28,238,4,4,8,false,false,true,false,false,false,false,Home/Apartment,Cabin,House/villa,4.4,3,4,21+,Luxury,true,454,true,96,22,2026-05-13,Glenwood Springs,Carbondale,Carbondale,Colorado,81623,United States,mountains_lakes,https://www.airbnb.com/rooms/1355302642512674925,https://a0.muscache.com/im/pictures/prohost-api/Hosting-1355302642512674925/original/87769948-09ce-4ebb-81f1-42fdf30a1f4f.jpeg,1355302642512674925,976219,39.2278870208,-107.2246176898,"=AVERAGE($G$2:$G$239)","=AVERAGE($D$2:$D$239)","=IFERROR(($AT21-G21)/$AT21,0)","=IFERROR(($AU21-D21)/$AU21,0)","=$AU21-D21"
Mountain Paradise,22285081,,85470,97116,1042.32,75.93,337,3,2,4,false,false,true,true,true,true,false,Home/Apartment,House,House/villa,5,4,30,2-5,Luxury,false,250,false,82,2,2026-05-11,Glenwood Springs,Carbondale,Snowmass,Colorado,81654,United States,mountains_lakes,https://www.airbnb.com/rooms/1443128070291704860,https://a0.muscache.com/im/pictures/hosting/Hosting-1443128070291704860/original/7f646507-ff0e-46e1-8a45-71ce58494c5b.jpeg,1443128070291704860,2011113,39.30014,-107.00763,"=AVERAGE($G$2:$G$239)","=AVERAGE($D$2:$D$239)","=IFERROR(($AT22-G22)/$AT22,0)","=IFERROR(($AU22-D22)/$AU22,0)","=$AU22-D22"
Panoramic Sopris Views in Carbondale | Sundeck,Boutique Mountain Homes,,84597,86746,384.53,81.78,269,2,2,6,true,false,false,true,true,true,false,Home/Apartment,House,House/villa,4.85,286,3,21+,Luxury,true,230,false,220,54,2026-05-11,Glenwood Springs,Carbondale,Carbondale,Colorado,81623,United States,mountains_lakes,https://www.airbnb.com/rooms/36757348,https://a0.muscache.com/im/pictures/806c7f1a-ba07-4c15-a528-ec1b6ac38170.jpg,36757348,1614704,39.4173,-107.20672,"=AVERAGE($G$2:$G$239)","=AVERAGE($D$2:$D$239)","=IFERROR(($AT23-G23)/$AT23,0)","=IFERROR(($AU23-D23)/$AU23,0)","=$AU23-D23"
Historic Carbondale Home Main St | Sunflower,Boutique Mountain Homes,,80281,86511,385.97,66.03,316,2,1,5,true,false,false,true,true,true,false,Home/Apartment,House,House/villa,4.9,74,2,21+,Luxury,true,251,false,208,60,2026-05-17,Glenwood Springs,Carbondale,Carbondale,Colorado,81623,United States,mountains_lakes,https://www.airbnb.com/rooms/53959021,https://a0.muscache.com/im/pictures/prohost-api/Hosting-53959021/original/885ad70f-8a63-401e-9368-871b0dfecb32.jpeg,53959021,2592939,39.40185,-107.20923,"=AVERAGE($G$2:$G$239)","=AVERAGE($D$2:$D$239)","=IFERROR(($AT24-G24)/$AT24,0)","=IFERROR(($AU24-D24)/$AU24,0)","=$AU24-D24"
"Private Mountain Escape: Yard, Views & Hot Tub!",169721820,,78614,91909,507.19,53.45,302,3,2,8,false,false,false,true,true,true,false,Home/Apartment,House,House/villa,4.95,66,2,1,Luxury,true,220,false,155,43,2026-05-17,Glenwood Springs,Carbondale,Carbondale,Colorado,81623,United States,mountains_lakes,https://www.airbnb.com/rooms/1218764280123048800,https://a0.muscache.com/im/pictures/hosting/Hosting-1218764280123048800/original/476c6844-9904-45c7-96a1-a8af4b5993e6.jpeg,1218764280123048800,,39.4517,-107.1335,"=AVERAGE($G$2:$G$239)","=AVERAGE($D$2:$D$239)","=IFERROR(($AT25-G25)/$AT25,0)","=IFERROR(($AU25-D25)/$AU25,0)","=$AU25-D25"
"Hot Tub, Cold Plunge & Sauna, Mountain Views",13613415,,77215,124971,1119.06,55.2,244,4,4,12,true,false,true,true,true,false,false,Home/Apartment,House,House/villa,4.9,8,4,1,Luxury,false,499,false,69,10,2026-05-17,Glenwood Springs,Carbondale,Carbondale,Colorado,81623,United States,mountains_lakes,https://www.airbnb.com/rooms/1402469687001105592,https://a0.muscache.com/im/pictures/miso/Hosting-1402469687001105592/original/647a5894-f9a6-46a2-97c8-9b99a23ebbe8.jpeg,1402469687001105592,4589822,39.4183163657,-107.1183418813,"=AVERAGE($G$2:$G$239)","=AVERAGE($D$2:$D$239)","=IFERROR(($AT26-G26)/$AT26,0)","=IFERROR(($AU26-D26)/$AU26,0)","=$AU26-D26"
Heaven House,52110734,,74881,88223,398.3,61.84,304,2,2,5,false,false,true,true,true,false,false,Home/Apartment,House,House/villa,5,202,4,2-5,Luxury,false,275,false,188,40,2026-05-17,Glenwood Springs,Carbondale,Carbondale,Colorado,81623,United States,mountains_lakes,https://www.airbnb.com/rooms/33021464,https://a0.muscache.com/im/pictures/3a18b9e3-f998-4fc9-b94c-ecee3e0f6669.jpg,33021464,,39.17874,-107.24343,"=AVERAGE($G$2:$G$239)","=AVERAGE($D$2:$D$239)","=IFERROR(($AT27-G27)/$AT27,0)","=IFERROR(($AU27-D27)/$AU27,0)","=$AU27-D27"
Top-Floor 3BR on Carbondale Main St. | Perch,Boutique Mountain Homes,,71182,85473,423.7,59.57,292,3,3,6,true,false,false,true,false,true,false,Home/Apartment,Condominium (condo),Apt/Condo/Loft,4.95,38,3,21+,Luxury,true,275,false,168,41,2026-05-13,Glenwood Springs,Carbondale,Carbondale,Colorado,81623,United States,mountains_lakes,https://www.airbnb.com/rooms/1265328133112354478,https://a0.muscache.com/im/pictures/prohost-api/Hosting-1265328133112354478/original/ffa0c466-807a-432e-aa86-83cd2e641d07.jpeg,1265328133112354478,4237698,39.3994113868,-107.2130656602,"=AVERAGE($G$2:$G$239)","=AVERAGE($D$2:$D$239)","=IFERROR(($AT28-G28)/$AT28,0)","=IFERROR(($AU28-D28)/$AU28,0)","=$AU28-D28"
Scenic Valley Hideaway w/ Views | La Casita,Boutique Mountain Homes,,70753,88744,395.27,57.19,314,2,2,6,true,false,false,true,false,false,false,Home/Apartment,House,House/villa,4.9,34,3,21+,Luxury,true,265,false,179,50,2026-05-13,Glenwood Springs,Carbondale,Carbondale,Colorado,81623,United States,mountains_lakes,https://www.airbnb.com/rooms/1369806560553392199,https://a0.muscache.com/im/pictures/prohost-api/Hosting-1369806560553392199/original/9ee8498b-44d7-4a86-a438-47f20de783f1.jpeg,1369806560553392199,4469395,39.4237820146,-107.1368055627,"=AVERAGE($G$2:$G$239)","=AVERAGE($D$2:$D$239)","=IFERROR(($AT29-G29)/$AT29,0)","=IFERROR(($AU29-D29)/$AU29,0)","=$AU29-D29"
"Fernweh Ranch - Peaceful, Mountain Living",1278574,,56440,65008,424.36,49.08,315,2,1,6,true,false,false,true,true,false,false,Home/Apartment,House,House/villa,4.95,87,30,6-20,Luxury,true,175,false,133,39,2026-05-13,Glenwood Springs,Carbondale,Basalt,Colorado,81621,United States,mountains_lakes,https://www.airbnb.com/rooms/643520971518953625,https://a0.muscache.com/im/pictures/miso/Hosting-643520971518953625/original/da8b9c30-7316-4092-a143-05118b96feef.jpeg,643520971518953625,9756122ha,39.33166,-107.06713,"=AVERAGE($G$2:$G$239)","=AVERAGE($D$2:$D$239)","=IFERROR(($AT30-G30)/$AT30,0)","=IFERROR(($AU30-D30)/$AU30,0)","=$AU30-D30"
Low Tax Luxe Mountain Getaway by Aspen,60392535,,55851,104971,962.95,27.49,261,4,4,10,true,false,true,true,true,true,true,Home/Apartment,House,House/villa,4.9,23,2,1,Luxury,false,200,true,58,16,2026-05-13,Glenwood Springs,Carbondale,Carbondale,Colorado,81623,United States,mountains_lakes,https://www.airbnb.com/rooms/1110256712662062360,https://a0.muscache.com/im/pictures/miso/Hosting-1110256712662062360/original/069679ac-826b-4724-b3e3-94fe499b3ac9.jpeg,1110256712662062360,7412097ha,39.4073,-107.1205,"=AVERAGE($G$2:$G$239)","=AVERAGE($D$2:$D$239)","=IFERROR(($AT31-G31)/$AT31,0)","=IFERROR(($AU31-D31)/$AU31,0)","=$AU31-D31"
Classic log cabin on river in Redstone.,139114997,,53947,70929,405.62,60.18,290,2,2,6,false,false,true,true,true,false,false,Home/Apartment,Cabin,House/villa,4.95,179,4,1,Luxury,true,151,false,133,21,2026-05-11,Glenwood Springs,Carbondale,Carbondale,Colorado,81623,United States,mountains_lakes,https://www.airbnb.com/rooms/20177266,https://a0.muscache.com/im/pictures/b0ee717a-ccca-44ab-aac6-39891626433e.jpg,20177266,,39.18635,-107.23688,"=AVERAGE($G$2:$G$239)","=AVERAGE($D$2:$D$239)","=IFERROR(($AT32-G32)/$AT32,0)","=IFERROR(($AU32-D32)/$AU32,0)","=$AU32-D32"
Riverview Retreat,576570691,,53288,56800,222.96,72.21,331,1,1,2,false,false,false,true,true,false,false,Home/Apartment,Condominium (condo),Apt/Condo/Loft,4.95,54,3,1,Luxury,true,150,false,239,34,2026-05-11,Glenwood Springs,Carbondale,Basalt,Colorado,81621,United States,mountains_lakes,https://www.airbnb.com/rooms/1152434246736444773,https://a0.muscache.com/im/pictures/miso/Hosting-1152434246736444773/original/1f7eba97-bdaf-41e4-b4df-68849bb8d066.jpeg,1152434246736444773,3987160,39.365,-107.032,"=AVERAGE($G$2:$G$239)","=AVERAGE($D$2:$D$239)","=IFERROR(($AT33-G33)/$AT33,0)","=IFERROR(($AU33-D33)/$AU33,0)","=$AU33-D33"
Modern Industrial Condo w/Spectacular Sopris Views,KEYLINK,,51588,59868,384.99,46.05,317,2,2,6,true,false,false,true,true,false,false,Home/Apartment,Condominium (condo),Apt/Condo/Loft,4.9,71,3,21+,Luxury,true,209,true,134,32,2026-05-13,Glenwood Springs,Carbondale,Carbondale,Colorado,81623,United States,mountains_lakes,https://www.airbnb.com/rooms/53771631,https://a0.muscache.com/im/pictures/58385add-7686-4963-ac8e-b096b0e2f6b0.jpg,53771631,2573150,39.41101,-107.22549,"=AVERAGE($G$2:$G$239)","=AVERAGE($D$2:$D$239)","=IFERROR(($AT34-G34)/$AT34,0)","=IFERROR(($AU34-D34)/$AU34,0)","=$AU34-D34"
"Red Door Hideout | D/T Carbondale, A/C, Lush Yard",Boutique Mountain Homes,,51515,53106,216.45,67.04,355,1,1,2,false,false,false,false,true,true,false,Home/Apartment,Cabin,House/villa,4.7,170,2,21+,Luxury,true,150,false,238,52,2026-03-01,Glenwood Springs,Carbondale,Carbondale,Colorado,81623,United States,mountains_lakes,https://www.airbnb.com/rooms/53958463,https://a0.muscache.com/im/pictures/prohost-api/Hosting-53958463/original/f16f575b-cb45-4315-a7d5-e569463fbcd4.jpeg,53958463,2592938,39.40001,-107.20916,"=AVERAGE($G$2:$G$239)","=AVERAGE($D$2:$D$239)","=IFERROR(($AT35-G35)/$AT35,0)","=IFERROR(($AU35-D35)/$AU35,0)","=$AU35-D35"
River House w/ Hot Tub | 15min DT + Skiing,451829889,,51360,123153,969.06,96.36,78,4,2,8,true,false,true,true,true,true,false,Home/Apartment,House,House/villa,4.6,18,4,2-5,Luxury,false,302,true,53,5,2026-05-13,Glenwood Springs,Carbondale,Snowmass,Colorado,81654,United States,mountains_lakes,https://www.airbnb.com/rooms/800810613021989778,https://a0.muscache.com/im/pictures/miso/Hosting-800810613021989778/original/e2eb015f-9399-4600-8453-553eeed03b08.jpeg,800810613021989778,3245523,39.31397,-106.98196,"=AVERAGE($G$2:$G$239)","=AVERAGE($D$2:$D$239)","=IFERROR(($AT36-G36)/$AT36,0)","=IFERROR(($AU36-D36)/$AU36,0)","=$AU36-D36"
"Cozy cottage near bus stop, skiing & Aspen",Tina W.,,47210,50079,365.97,47.43,323,1,1,3,false,false,false,true,true,true,false,Home/Apartment,Guest house,House/villa,4.9,129,2,6-20,Luxury,true,150,false,129,42,2026-05-13,Glenwood Springs,Carbondale,Basalt,Colorado,81621,United States,mountains_lakes,https://www.airbnb.com/rooms/53940244,https://a0.muscache.com/im/pictures/miso/Hosting-53940244/original/d72b18e6-5ca2-4840-9f06-e335cf8f2a39.png,53940244,2778113,39.3455,-107.00761,"=AVERAGE($G$2:$G$239)","=AVERAGE($D$2:$D$239)","=IFERROR(($AT37-G37)/$AT37,0)","=IFERROR(($AU37-D37)/$AU37,0)","=$AU37-D37"
"WATERFRONT & Mt. Sopris VIEWS! Fly-fishing Custom Home, incl. 2 fishing badge",,,44051,99332,917.73,46.15,172,4,2,12,true,false,false,true,true,false,false,Home/Apartment,House,House/villa,5,105,3,1,Luxury,false,300,false,48,11,2026-05-16,Glenwood Springs,Carbondale,Carbondale,Colorado,81623,United States,mountains_lakes,https://www.vrbo.com/952599,"https://media.vrbo.com/lodging/34000000/33510000/33508200/33508114/w2700h1799x0y1-2ab93d11.jpg?impolicy=resizecrop&rw=1200&ra=fit",,952599,39.40869,-107.16901,"=AVERAGE($G$2:$G$239)","=AVERAGE($D$2:$D$239)","=IFERROR(($AT38-G38)/$AT38,0)","=IFERROR(($AU38-D38)/$AU38,0)","=$AU38-D38"
Downtown Carbondale Treetop Escape | Treetop Haven,Boutique Mountain Homes,,43825,44528,247.6,54.97,361,1,1,2,false,false,false,true,true,false,false,Home/Apartment,Apartment,Apt/Condo/Loft,4.85,126,2,21+,Luxury,true,152,false,177,45,2026-05-17,Glenwood Springs,Carbondale,Carbondale,Colorado,81623,United States,mountains_lakes,https://www.airbnb.com/rooms/701363545909266990,https://a0.muscache.com/im/pictures/prohost-api/Hosting-701363545909266990/original/42ae8a65-fa8f-44b6-aa98-e16bc7679851.jpeg,701363545909266990,2980017,39.40322,-107.21644,"=AVERAGE($G$2:$G$239)","=AVERAGE($D$2:$D$239)","=IFERROR(($AT39-G39)/$AT39,0)","=IFERROR(($AU39-D39)/$AU39,0)","=$AU39-D39"
Rustic 1BR Riverfront | Hot Tub | Balcony,Vacasa,,43379,44380,278.07,57.56,326,1,1,4,false,false,false,false,true,false,false,Home/Apartment,Cabin,House/villa,4.75,141,4,21+,Luxury,false,159,true,156,25,2026-05-17,Glenwood Springs,Carbondale,Carbondale,Colorado,81623,United States,mountains_lakes,https://www.airbnb.com/rooms/33907972,https://a0.muscache.com/im/pictures/prohost-api/Hosting-33907972/original/81fefbd1-3961-4288-b204-717d51c98eee.jpeg,33907972,896088,39.22602,-107.2237,"=AVERAGE($G$2:$G$239)","=AVERAGE($D$2:$D$239)","=IFERROR(($AT40-G40)/$AT40,0)","=IFERROR(($AU40-D40)/$AU40,0)","=$AU40-D40"
Remote Historic Cabin on Sunfire Ranch,203587115,,41922,46232,255.62,51.9,342,1,,10,false,false,false,true,true,true,false,Home/Apartment,Cabin,House/villa,5,47,2,6-20,Luxury,true,99,false,164,26,2026-05-13,Glenwood Springs,Carbondale,Carbondale,Colorado,81623,United States,mountains_lakes,https://www.airbnb.com/rooms/770335047413300287,https://a0.muscache.com/im/pictures/miso/Hosting-770335047413300287/original/1bd0e028-10a2-4d8a-9d83-ab0952d70255.jpeg,770335047413300287,,39.32975,-107.22658,"=AVERAGE($G$2:$G$239)","=AVERAGE($D$2:$D$239)","=IFERROR(($AT41-G41)/$AT41,0)","=IFERROR(($AU41-D41)/$AU41,0)","=$AU41-D41"
Mountain Magic Chalet,79124440,,41874,75079,1163.17,28.35,237,4,4,6,true,false,true,true,true,false,false,Home/Apartment,House,House/villa,5,14,2,1,Luxury,true,200,false,36,8,2026-05-14,Glenwood Springs,Carbondale,Carbondale,Colorado,81623,United States,mountains_lakes,https://www.airbnb.com/rooms/887163938808160705,https://a0.muscache.com/im/pictures/miso/Hosting-887163938808160705/original/c085890f-3aeb-4ceb-999b-908359e719ee.jpeg,887163938808160705,3395085,39.43311,-107.17862,"=AVERAGE($G$2:$G$239)","=AVERAGE($D$2:$D$239)","=IFERROR(($AT42-G42)/$AT42,0)","=IFERROR(($AU42-D42)/$AU42,0)","=$AU42-D42"
"Cabin Situated on Crystal River, Fishermen's Dream",KEYLINK,,41532,56363,395.54,50,272,2,2,4,false,false,false,true,true,true,false,Home/Apartment,Cabin,House/villa,4.9,195,2,21+,Luxury,true,284,true,105,26,2026-05-13,Glenwood Springs,Carbondale,Carbondale,Colorado,81623,United States,mountains_lakes,https://www.airbnb.com/rooms/15480520,https://a0.muscache.com/im/pictures/miso/Hosting-15480520/original/515de377-5a2e-4b91-97ef-be80e2aaa82c.jpeg,15480520,931408,39.1622,-107.2485,"=AVERAGE($G$2:$G$239)","=AVERAGE($D$2:$D$239)","=IFERROR(($AT43-G43)/$AT43,0)","=IFERROR(($AU43-D43)/$AU43,0)","=$AU43-D43"
Skiing 1BR Riverfront | Hot Tub | Balcony,Vacasa,,40578,41479,317.02,47.06,330,1,1,4,false,false,false,false,true,false,false,Home/Apartment,House,House/villa,4.75,62,4,21+,Luxury,false,159,true,128,17,2026-05-13,Glenwood Springs,Carbondale,Carbondale,Colorado,81623,United States,mountains_lakes,https://www.airbnb.com/rooms/22576471,https://a0.muscache.com/im/pictures/prohost-api/Hosting-22576471/original/0801bd1e-ddb0-413f-aece-91e70eaf0c5b.jpeg,22576471,1238651,39.2308,-107.2251,"=AVERAGE($G$2:$G$239)","=AVERAGE($D$2:$D$239)","=IFERROR(($AT44-G44)/$AT44,0)","=IFERROR(($AU44-D44)/$AU44,0)","=$AU44-D44"
Cozy 1BR Riverfront | Hot Tub | Balcony,Vacasa,,38457,39646,282.77,49.45,326,1,1,4,false,false,false,false,true,false,false,Home/Apartment,Cabin,House/villa,4.75,126,4,21+,Luxury,false,172,true,136,19,2026-05-11,Glenwood Springs,Carbondale,Carbondale,Colorado,81623,United States,mountains_lakes,https://www.airbnb.com/rooms/16887690,https://a0.muscache.com/im/pictures/prohost-api/Hosting-16887690/original/f879347e-9593-43ab-a1e2-9fa217456bbe.jpeg,16887690,976220,39.22811,-107.22503,"=AVERAGE($G$2:$G$239)","=AVERAGE($D$2:$D$239)","=IFERROR(($AT45-G45)/$AT45,0)","=IFERROR(($AU45-D45)/$AU45,0)","=$AU45-D45"
Yule Creek Lodge,115515148,,38415,40460,359.02,37.41,316,2,1,10,false,false,false,true,true,true,false,Home/Apartment,Cabin,House/villa,4.95,155,2,2-5,Luxury,false,150,false,107,40,2020-10-16,Glenwood Springs,Carbondale,Carbondale,Colorado,81623,United States,mountains_lakes,https://www.airbnb.com/rooms/17171302,"https://a0.muscache.com/im/pictures/38e443c2-223d-4eb2-93f0-4290ac05f88b.jpg?aki_policy=x_large",17171302,511266,39.06587,-107.18277,"=AVERAGE($G$2:$G$239)","=AVERAGE($D$2:$D$239)","=IFERROR(($AT46-G46)/$AT46,0)","=IFERROR(($AU46-D46)/$AU46,0)","=$AU46-D46"
Downtown Carbondale Parkside Retreat | Oasis,Boutique Mountain Homes,,37174,43470,221.27,55.26,305,1,1,4,false,false,false,true,false,true,false,Home/Apartment,Apartment,Apt/Condo/Loft,4.85,176,2,21+,Luxury,true,150,false,168,41,2026-05-17,Glenwood Springs,Carbondale,Carbondale,Colorado,81623,United States,mountains_lakes,https://www.airbnb.com/rooms/42926254,https://a0.muscache.com/im/pictures/hosting/Hosting-42926254/original/299be7fe-02a0-4908-b83a-c74630cd9548.jpeg,42926254,1945525,39.3996,-107.21384,"=AVERAGE($G$2:$G$239)","=AVERAGE($D$2:$D$239)","=IFERROR(($AT47-G47)/$AT47,0)","=IFERROR(($AU47-D47)/$AU47,0)","=$AU47-D47"
"Unique Timber Frame mtn home in Marble, CO.",106275601,,34900,40105,471.62,33.33,344,3,3,8,false,false,false,true,true,false,false,Home/Apartment,House,House/villa,4.95,94,2,1,Luxury,false,174,false,74,15,2026-05-16,Glenwood Springs,Carbondale,Carbondale,Colorado,81623,United States,mountains_lakes,https://www.airbnb.com/rooms/32870275,https://a0.muscache.com/im/pictures/miso/Hosting-32870275/original/83f16db6-1e1f-4e83-9e0b-c8c18a520bb6.jpeg,32870275,1899271,39.0767,-107.22884,"=AVERAGE($G$2:$G$239)","=AVERAGE($D$2:$D$239)","=IFERROR(($AT48-G48)/$AT48,0)","=IFERROR(($AU48-D48)/$AU48,0)","=$AU48-D48"
Ranch style home - walking distance to downtown Carbondale & golf; 30 min skiing,,,34335,39910,528.23,29.41,338,3,3,6,true,false,true,true,true,false,false,Home/Apartment,House,House/villa,4.7,6,3,1,Luxury,false,200,false,65,11,2026-05-15,Glenwood Springs,Carbondale,Carbondale,Colorado,81623,United States,mountains_lakes,https://www.vrbo.com/3043703,"https://media.vrbo.com/lodging/88000000/87840000/87840000/87839963/26d32bb0.jpg?impolicy=resizecrop&rw=1200&ra=fit",,3043703,39.390514,-107.21247,"=AVERAGE($G$2:$G$239)","=AVERAGE($D$2:$D$239)","=IFERROR(($AT49-G49)/$AT49,0)","=IFERROR(($AU49-D49)/$AU49,0)","=$AU49-D49"
A Flyfisher's Dream!,,,33613,50186,425.48,37.26,294,2,2,4,true,false,false,true,true,false,false,Home/Apartment,Condominium (condo),Apt/Condo/Loft,4.8,55,3,1,Luxury,false,274,false,79,14,2026-05-13,Glenwood Springs,Carbondale,Basalt,Colorado,81621,United States,mountains_lakes,https://www.vrbo.com/895558,"https://media.vrbo.com/lodging/40000000/39960000/39953100/39953097/6c9d4e48.jpg?impolicy=resizecrop&rw=1200&ra=fit",,895558,39.365373,-107.032816,"=AVERAGE($G$2:$G$239)","=AVERAGE($D$2:$D$239)","=IFERROR(($AT50-G50)/$AT50,0)","=IFERROR(($AU50-D50)/$AU50,0)","=$AU50-D50"
Sunny home w/panoramic views (entire 4/3),8794258,,33461,69517,760.48,48.35,273,4,3,8,false,false,false,true,true,true,false,Home/Apartment,House,House/villa,4.95,71,4,2-5,Luxury,true,321,false,44,7,2026-05-16,Glenwood Springs,Carbondale,Snowmass,Colorado,81654,United States,mountains_lakes,https://www.airbnb.com/rooms/2430366,https://a0.muscache.com/im/pictures/a469b533-e291-48de-b567-d6cc6009a692.jpg,2430366,1839941,39.3144932135,-106.9886418586,"=AVERAGE($G$2:$G$239)","=AVERAGE($D$2:$D$239)","=IFERROR(($AT51-G51)/$AT51,0)","=IFERROR(($AU51-D51)/$AU51,0)","=$AU51-D51"
Dwell Well on Main - Best Deck in Carbondale!,Boutique Mountain Homes,,32358,35802,269.65,59.41,235,1,1,3,true,false,false,true,false,true,false,Home/Apartment,Apartment,Apt/Condo/Loft,4.85,89,3,21+,Luxury,true,150,false,120,37,2026-01-05,Glenwood Springs,Carbondale,Carbondale,Colorado,81623,United States,mountains_lakes,https://www.airbnb.com/rooms/702193084589197912,https://a0.muscache.com/im/pictures/prohost-api/Hosting-702193084589197912/original/b13783be-3cbf-4f3f-8995-271ba8a97ee5.jpeg,702193084589197912,2982670,39.40148,-107.21019,"=AVERAGE($G$2:$G$239)","=AVERAGE($D$2:$D$239)","=IFERROR(($AT52-G52)/$AT52,0)","=IFERROR(($AU52-D52)/$AU52,0)","=$AU52-D52"
Rocky Mountain Treehouse,30315555,,30829,45876,395.24,40.21,231,2,1,6,false,false,true,true,true,true,false,Home/Apartment,Treehouse,Unique,4.85,584,2,6-20,Luxury,false,86,false,78,30,2026-05-16,Glenwood Springs,Carbondale,Carbondale,Colorado,81623,United States,mountains_lakes,https://www.airbnb.com/rooms/5839043,https://a0.muscache.com/im/pictures/6e945427-efd0-45c5-864f-08c2a4649388.jpg,5839043,,39.46074,-107.20018,"=AVERAGE($G$2:$G$239)","=AVERAGE($D$2:$D$239)","=IFERROR(($AT53-G53)/$AT53,0)","=IFERROR(($AU53-D53)/$AU53,0)","=$AU53-D53"
Mountain Zen Between Aspen & Basalt.,34780829,,30802,35250,394.9,71.56,166,3,2,6,true,false,false,true,true,false,false,Home/Apartment,Condominium (condo),Apt/Condo/Loft,5,2,3,1,Luxury,false,149,false,78,11,2026-05-13,Glenwood Springs,Carbondale,Basalt,Colorado,81621,United States,mountains_lakes,https://www.airbnb.com/rooms/1536337940528020795,https://a0.muscache.com/im/pictures/hosting/Hosting-1536337940528020795/original/07d763e9-4e85-4a83-98fc-585b47242270.jpeg,1536337940528020795,4938064,39.3534,-107.0145,"=AVERAGE($G$2:$G$239)","=AVERAGE($D$2:$D$239)","=IFERROR(($AT54-G54)/$AT54,0)","=IFERROR(($AU54-D54)/$AU54,0)","=$AU54-D54"
Artful Mountain Retreat | Luxe Mid-Valley Estate,Boutique Mountain Homes,,30606,77274,1330.7,60.53,55,4,4,10,true,false,false,true,true,false,true,Home/Apartment,House,House/villa,4.95,31,4,21+,Luxury,true,576,false,23,4,2025-09-15,Glenwood Springs,Carbondale,Carbondale,Colorado,81623,United States,mountains_lakes,https://www.airbnb.com/rooms/889122155201012767,https://a0.muscache.com/im/pictures/prohost-api/Hosting-889122155201012767/original/991a7491-c861-467d-be40-e6a96f4765af.jpeg,889122155201012767,3401155,39.40867,-107.12382,"=AVERAGE($G$2:$G$239)","=AVERAGE($D$2:$D$239)","=IFERROR(($AT55-G55)/$AT55,0)","=IFERROR(($AU55-D55)/$AU55,0)","=$AU55-D55"
Sopris View,76154125,,30570,30862,252.64,46.54,326,1,1,2,false,true,false,true,true,true,false,Home/Apartment,Guest house,House/villa,4.9,45,2,1,Luxury,false,99,false,121,28,2026-01-19,Glenwood Springs,Carbondale,Carbondale,Colorado,81623,United States,mountains_lakes,https://www.airbnb.com/rooms/978821726326556634,https://a0.muscache.com/im/pictures/miso/Hosting-978821726326556634/original/9c0bb79b-8d3f-4c2e-a43c-be959ffb36e2.jpeg,978821726326556634,3622282,39.4172,-107.1202,"=AVERAGE($G$2:$G$239)","=AVERAGE($D$2:$D$239)","=IFERROR(($AT56-G56)/$AT56,0)","=IFERROR(($AU56-D56)/$AU56,0)","=$AU56-D56"
Crystal River Nest | Where the River Meets Rest,Boutique Mountain Homes,,30482,32828,272.16,76.71,149,1,1,4,false,false,false,true,false,false,false,Home/Apartment,House,House/villa,4.8,258,3,21+,Luxury,true,151,false,112,37,2025-11-13,Glenwood Springs,Carbondale,Carbondale,Colorado,81623,United States,mountains_lakes,https://www.airbnb.com/rooms/35677191,https://a0.muscache.com/im/pictures/9a117a2c-c8d9-403c-9b84-0156ef0a055c.jpg,35677191,1598717,39.33025,-107.20957,"=AVERAGE($G$2:$G$239)","=AVERAGE($D$2:$D$239)","=IFERROR(($AT57-G57)/$AT57,0)","=IFERROR(($AU57-D57)/$AU57,0)","=$AU57-D57"
"Penthouse Overlooking the Heart of Carbondale, CO",,,29185,39170,291.85,64.52,176,1,2,2,true,false,false,true,true,false,false,Home/Apartment,Condominium (condo),Apt/Condo/Loft,4.9,66,3,1,Luxury,false,250,true,100,10,2026-05-12,Glenwood Springs,Carbondale,Carbondale,Colorado,81623,United States,mountains_lakes,https://www.vrbo.com/417823,"https://media.vrbo.com/lodging/28000000/27140000/27131000/27130950/43f5b27a.jpg?impolicy=resizecrop&rw=1200&ra=fit",,417823,39.401549,-107.21015,"=AVERAGE($G$2:$G$239)","=AVERAGE($D$2:$D$239)","=IFERROR(($AT58-G58)/$AT58,0)","=IFERROR(($AU58-D58)/$AU58,0)","=$AU58-D58"
Luxury magical mountain compound,373622144,,28910,28910,545.47,47.75,136,3,3,10,false,false,false,true,true,true,false,Home/Apartment,House,House/villa,5,14,3,1,Luxury,false,400,true,53,7,2026-05-14,Glenwood Springs,Carbondale,Carbondale,Colorado,81623,United States,mountains_lakes,https://www.airbnb.com/rooms/958645030241526428,https://a0.muscache.com/im/pictures/miso/Hosting-958645030241526428/original/ac601b9d-4e85-42fd-ac31-c9641c13ebb6.jpeg,958645030241526428,3560992,39.08185,-107.19197,"=AVERAGE($G$2:$G$239)","=AVERAGE($D$2:$D$239)","=IFERROR(($AT59-G59)/$AT59,0)","=IFERROR(($AU59-D59)/$AU59,0)","=$AU59-D59"
Exclusive $5M Villa | Riverfront Near Aspen,657195799,,28705,28705,1688.53,14.66,171,5,5,12,true,false,false,true,true,false,false,Home/Apartment,House,House/villa,5,2,4,6-20,Luxury,true,450,true,17,5,2025-05-17,Glenwood Springs,Carbondale,Basalt,Colorado,81621,United States,mountains_lakes,https://www.airbnb.com/rooms/1415278417022210084,https://a0.muscache.com/im/pictures/prohost-api/Hosting-1415278417022210084/original/fe1b6af4-efba-43b4-ad70-5646169aaba0.jpeg,1415278417022210084,3103676,39.33391,-106.98542,"=AVERAGE($G$2:$G$239)","=AVERAGE($D$2:$D$239)","=IFERROR(($AT60-G60)/$AT60,0)","=IFERROR(($AU60-D60)/$AU60,0)","=$AU60-D60"
Stunning Newly Renovated 2BR Home 20 Min to Aspen,937530,,28008,36542,394.48,49.31,307,2,2,4,true,false,false,true,true,false,false,Home/Apartment,Townhouse,Apt/Condo/Loft,5,31,2,1,Luxury,false,401,false,71,10,2026-05-13,Glenwood Springs,Carbondale,Basalt,Colorado,81621,United States,mountains_lakes,https://www.airbnb.com/rooms/649363588794734870,https://a0.muscache.com/im/pictures/miso/Hosting-649363588794734870/original/effc1f60-3588-46d4-b139-f3491dcface7.jpeg,649363588794734870,,39.35886,-107.03567,"=AVERAGE($G$2:$G$239)","=AVERAGE($D$2:$D$239)","=IFERROR(($AT61-G61)/$AT61,0)","=IFERROR(($AU61-D61)/$AU61,0)","=$AU61-D61"
Stargazing Mountain Escape Near Carbondale | Starlight,Aspen Leisure Co.,,27644,27644,531.62,40.62,181,3,2,8,false,false,false,true,true,false,false,Home/Apartment,House,House/villa,4.9,39,4,1,Luxury,false,415,false,52,12,2026-05-17,Glenwood Springs,Carbondale,Carbondale,Colorado,81623,United States,mountains_lakes,https://www.vrbo.com/4943735,"https://media.vrbo.com/lodging/123000000/122740000/122734600/122734593/8fd28044.jpg?impolicy=resizecrop&rw=1200&ra=fit",,4943735,39.38608,-107.20116,"=AVERAGE($G$2:$G$239)","=AVERAGE($D$2:$D$239)","=IFERROR(($AT62-G62)/$AT62,0)","=IFERROR(($AU62-D62)/$AU62,0)","=$AU62-D62"
1880 Log Cabin with Mountain View,34291049,,25752,29972,247.62,60.47,173,1,1,4,false,false,false,true,true,true,false,Home/Apartment,Cabin,House/villa,4.95,88,2,2-5,Luxury,true,90,true,104,36,2026-05-11,Glenwood Springs,Carbondale,Basalt,Colorado,81621,United States,mountains_lakes,https://www.airbnb.com/rooms/946308559181632953,https://a0.muscache.com/im/pictures/a3f5fcd3-b2ff-4a9a-881b-666752f2d6e8.jpg,946308559181632953,,39.34607,-107.05967,"=AVERAGE($G$2:$G$239)","=AVERAGE($D$2:$D$239)","=IFERROR(($AT63-G63)/$AT63,0)","=IFERROR(($AU63-D63)/$AU63,0)","=$AU63-D63"
Basalt home in town close to slopes / restaurants,384874052,,25320,32029,844,21.9,333,4,3,6,true,false,false,true,true,true,false,Home/Apartment,House,House/villa,4.4,17,2,2-5,Luxury,false,300,true,30,10,2025-02-17,Glenwood Springs,Carbondale,Basalt,Colorado,81621,United States,mountains_lakes,https://www.airbnb.com/rooms/1308877263618037511,https://a0.muscache.com/im/pictures/miso/Hosting-1308877263618037511/original/a6b8fab9-11aa-438b-b272-fe9199b528d4.jpeg,1308877263618037511,4332790,39.3654,-107.0267,"=AVERAGE($G$2:$G$239)","=AVERAGE($D$2:$D$239)","=IFERROR(($AT64-G64)/$AT64,0)","=IFERROR(($AU64-D64)/$AU64,0)","=$AU64-D64"
"Modern Mountain New Build - 3 King Bedrooms, Salt Water Hot Tub - Amazing Views",,,25220,32992,813.55,17.71,347,3,2,6,true,false,true,true,true,false,false,Home/Apartment,House,House/villa,5,7,3,1,Luxury,false,300,false,31,9,2026-05-14,Glenwood Springs,Carbondale,Carbondale,Colorado,81623,United States,mountains_lakes,https://www.vrbo.com/3168327,"https://media.vrbo.com/lodging/91000000/90110000/90103500/90103434/ee827e83.jpg?impolicy=resizecrop&rw=1200&ra=fit",,3168327,39.452279,-107.150554,"=AVERAGE($G$2:$G$239)","=AVERAGE($D$2:$D$239)","=IFERROR(($AT65-G65)/$AT65,0)","=IFERROR(($AU65-D65)/$AU65,0)","=$AU65-D65"
Ranch at Roaring Fork Mid-Mod Cabin,36279708,,24879,34533,310.99,71.43,140,2,2,4,false,false,false,true,true,true,false,Home/Apartment,Apartment,Apt/Condo/Loft,5,9,3,6-20,Luxury,true,176,false,80,21,2026-05-13,Glenwood Springs,Carbondale,Carbondale,Colorado,81623,United States,mountains_lakes,https://www.airbnb.com/rooms/1562546177630236463,https://a0.muscache.com/im/pictures/hosting/Hosting-1562546177630236463/original/520d2338-74cc-40ec-be42-abf993757fbb.jpeg,1562546177630236463,,39.4085,-107.1652,"=AVERAGE($G$2:$G$239)","=AVERAGE($D$2:$D$239)","=IFERROR(($AT66-G66)/$AT66,0)","=IFERROR(($AU66-D66)/$AU66,0)","=$AU66-D66"
"Historic Cottage on Private Estate, Pool & Tennis",KEYLINK,,24500,25779,306.25,39.8,360,1,1,4,false,false,false,true,true,true,true,Home/Apartment,Cottage,House/villa,4.6,108,2,21+,Luxury,true,209,true,80,24,2026-05-16,Glenwood Springs,Carbondale,Carbondale,Colorado,81623,United States,mountains_lakes,https://www.airbnb.com/rooms/30501957,"https://a0.muscache.com/im/pictures/hosting/Hosting-U3RheVN1cHBseUxpc3Rpbmc6MzA1MDE5NTc=/original/5362e3d7-5ea1-49d1-ae98-5fa61d752109.jpeg",30501957,1496815,39.16135,-107.25014,"=AVERAGE($G$2:$G$239)","=AVERAGE($D$2:$D$239)","=IFERROR(($AT67-G67)/$AT67,0)","=IFERROR(($AU67-D67)/$AU67,0)","=$AU67-D67"
"Spacious Home Near Aspen, Skiing, Hot Springs",Tina W.,,24366,51317,902.44,19.57,253,4,3,8,true,false,true,true,true,false,false,Home/Apartment,House,House/villa,5,22,3,6-20,Luxury,true,449,false,27,8,2026-05-14,Glenwood Springs,Carbondale,Carbondale,Colorado,81623,United States,mountains_lakes,https://www.airbnb.com/rooms/53200054,https://a0.muscache.com/im/pictures/miso/Hosting-53200054/original/2dcfc174-6121-403c-8faa-51532ea5b041.jpeg,53200054,2217067,39.42828,-107.18659,"=AVERAGE($G$2:$G$239)","=AVERAGE($D$2:$D$239)","=IFERROR(($AT68-G68)/$AT68,0)","=IFERROR(($AU68-D68)/$AU68,0)","=$AU68-D68"
Chasing Rainbows,518789071,,22480,35349,562,90.91,44,3,3,5,true,false,false,true,true,false,false,Home/Apartment,House,House/villa,5,2,2,2-5,Luxury,false,350,true,40,2,2025-03-27,Glenwood Springs,Carbondale,Carbondale,Colorado,81623,United States,mountains_lakes,https://www.airbnb.com/rooms/1330539356172192409,https://a0.muscache.com/im/pictures/miso/Hosting-1330539356172192409/original/e5fa0394-6cd6-4b28-b8a2-003c8a66b144.jpeg,1330539356172192409,,39.4154401,-107.2092572,"=AVERAGE($G$2:$G$239)","=AVERAGE($D$2:$D$239)","=IFERROR(($AT69-G69)/$AT69,0)","=IFERROR(($AU69-D69)/$AU69,0)","=$AU69-D69"
The Carriage House,96231898,,22451,35523,362.11,46.97,238,2,2,5,true,false,true,true,true,true,true,Home/Apartment,House,House/villa,4.9,123,3,2-5,Luxury,true,248,false,62,6,2026-05-14,Glenwood Springs,Carbondale,Carbondale,Colorado,81623,United States,mountains_lakes,https://www.airbnb.com/rooms/1290160392007737794,https://a0.muscache.com/im/pictures/miso/Hosting-1290160392007737794/original/8cb164f5-2e35-4eaa-98a1-07c6ed14add1.jpeg,1290160392007737794,181146,39.4083270317,-107.1304750329,"=AVERAGE($G$2:$G$239)","=AVERAGE($D$2:$D$239)","=IFERROR(($AT70-G70)/$AT70,0)","=IFERROR(($AU70-D70)/$AU70,0)","=$AU70-D70"
World Famous Rocky Mountain Treehouse | Hot Tub,Boutique Mountain Homes,,21692,23469,409.28,47.75,132,1,1,4,false,false,true,true,false,true,false,Home/Apartment,Treehouse,Unique,4.3,11,2,21+,Luxury,true,250,false,53,19,2025-12-05,Glenwood Springs,Carbondale,Carbondale,Colorado,81623,United States,mountains_lakes,https://www.airbnb.com/rooms/1468357111330270465,https://a0.muscache.com/im/pictures/prohost-api/Hosting-1468357111330270465/original/26b7b75e-ed68-4594-84c7-3cee5d83298d.jpeg,1468357111330270465,4706800,39.4578384334,-107.1843456985,"=AVERAGE($G$2:$G$239)","=AVERAGE($D$2:$D$239)","=IFERROR(($AT71-G71)/$AT71,0)","=IFERROR(($AU71-D71)/$AU71,0)","=$AU71-D71"
Snowmass Base Whole House,416457609,,21546,39358,430.92,49.5,276,1,2,4,false,false,false,true,true,false,false,Home/Apartment,House,House/villa,0,0,4,2-5,Luxury,true,4,false,50,12,2026-05-17,Glenwood Springs,Carbondale,Snowmass,Colorado,81654,United States,mountains_lakes,https://www.airbnb.com/rooms/52075773,https://a0.muscache.com/im/pictures/miso/Hosting-51421086/original/74108d0d-c28a-49c0-9295-f3cc0cd84a4a.jpeg,52075773,,39.3122,-106.984,"=AVERAGE($G$2:$G$239)","=AVERAGE($D$2:$D$239)","=IFERROR(($AT72-G72)/$AT72,0)","=IFERROR(($AU72-D72)/$AU72,0)","=$AU72-D72"
High West Treehouse – A Treetop Mountain Getaway,20823618,,21092,25930,285.03,81.32,101,1,1,2,true,false,false,true,true,false,false,Home/Apartment,Treehouse,Unique,5,12,2,6-20,Luxury,true,90,false,74,16,2026-04-02,Glenwood Springs,Carbondale,Carbondale,Colorado,81623,United States,mountains_lakes,https://www.airbnb.com/rooms/1571985816037509446,https://a0.muscache.com/im/pictures/hosting/Hosting-1571985816037509446/original/14476dc3-1bbf-42b0-a12e-bc53495bd6b8.jpeg,1571985816037509446,,39.4272009587,-107.147963116,"=AVERAGE($G$2:$G$239)","=AVERAGE($D$2:$D$239)","=IFERROR(($AT73-G73)/$AT73,0)","=IFERROR(($AU73-D73)/$AU73,0)","=$AU73-D73"
"Yarrow Log Cabin, Beaver Lake Lodge: Cabin 2",20899549,,19710,32465,234.64,47.19,189,1,1,5,false,false,false,true,true,true,false,Home/Apartment,Cabin,House/villa,4.9,13,2,6-20,Luxury,true,0,true,84,32,2026-05-13,Glenwood Springs,Carbondale,Carbondale,Colorado,81623,United States,mountains_lakes,https://www.airbnb.com/rooms/40617399,https://a0.muscache.com/im/pictures/miso/Hosting-40617399/original/7148c5f5-22b4-4b16-8119-93521dac4b47.jpeg,40617399,,39.07317,-107.18474,"=AVERAGE($G$2:$G$239)","=AVERAGE($D$2:$D$239)","=IFERROR(($AT74-G74)/$AT74,0)","=IFERROR(($AU74-D74)/$AU74,0)","=$AU74-D74"
"MTN Getaway w/King Suite, Deck w/Grill, near Dwtwn",KEYLINK,,19365,19570,251.49,52.74,150,1,1,4,false,false,false,true,true,false,false,Home/Apartment,Apartment,Apt/Condo/Loft,4.8,5,2,21+,Luxury,true,224,true,77,14,2026-05-16,Glenwood Springs,Carbondale,Carbondale,Colorado,81623,United States,mountains_lakes,https://www.airbnb.com/rooms/1561718922228264371,https://a0.muscache.com/im/pictures/hosting/Hosting-1561718922228264371/original/7cafb499-ffad-4e2a-831e-e02cdeb7c212.jpeg,1561718922228264371,4975213,39.3952,-107.2073,"=AVERAGE($G$2:$G$239)","=AVERAGE($D$2:$D$239)","=IFERROR(($AT75-G75)/$AT75,0)","=IFERROR(($AU75-D75)/$AU75,0)","=$AU75-D75"
Modern Riverside Escape,6130716,,19349,22964,297.68,32.18,334,1,1,4,false,false,false,true,true,true,false,Home/Apartment,Condominium (condo),Apt/Condo/Loft,4.75,4,3,6-20,Luxury,true,149,true,65,11,2026-04-04,Glenwood Springs,Carbondale,Basalt,Colorado,81621,United States,mountains_lakes,https://www.airbnb.com/rooms/1403065572974131515,https://a0.muscache.com/im/pictures/prohost-api/Hosting-1403065572974131515/original/c63d21bb-5386-4702-88f2-0f3078b143e6.jpeg,1403065572974131515,,39.3659854723,-107.0298804675,"=AVERAGE($G$2:$G$239)","=AVERAGE($D$2:$D$239)","=IFERROR(($AT76-G76)/$AT76,0)","=IFERROR(($AU76-D76)/$AU76,0)","=$AU76-D76"
Authentic Log House with Fish Pond,119970248,,19315,47314,568.09,37.78,251,3,2,7,true,false,false,true,true,false,false,Home/Apartment,House,House/villa,5,17,3,2-5,Luxury,false,244,false,34,8,2026-05-14,Glenwood Springs,Carbondale,Snowmass,Colorado,81654,United States,mountains_lakes,https://www.airbnb.com/rooms/1128883833989369624,https://a0.muscache.com/im/pictures/hosting/Hosting-1128883833989369624/original/7f25d350-c2cd-48f1-8711-e87ef3b31c73.jpeg,1128883833989369624,4157816,39.29425,-107.00733,"=AVERAGE($G$2:$G$239)","=AVERAGE($D$2:$D$239)","=IFERROR(($AT77-G77)/$AT77,0)","=IFERROR(($AU77-D77)/$AU77,0)","=$AU77-D77"
Fly Fishing / Cdale Ranch@Roaring Fork Priv unit,5611215,,18261,27974,314.84,54.21,183,1,1,2,false,false,false,true,true,false,false,Home/Apartment,Apartment,Apt/Condo/Loft,4.95,92,3,1,Luxury,false,150,false,58,7,2026-05-13,Glenwood Springs,Carbondale,Carbondale,Colorado,81623,United States,mountains_lakes,https://www.airbnb.com/rooms/20147683,https://a0.muscache.com/im/pictures/miso/Hosting-20147683/original/35a497d4-d2a2-4527-a30d-0fc4911795d0.jpeg,20147683,1176086,39.40667,-107.17511,"=AVERAGE($G$2:$G$239)","=AVERAGE($D$2:$D$239)","=IFERROR(($AT78-G78)/$AT78,0)","=IFERROR(($AU78-D78)/$AU78,0)","=$AU78-D78"
Luxury Tranquil Space by Snowmass Creek,76629108,,17877,19498,337.3,43.8,196,1,1,2,false,false,false,true,true,false,false,Home/Apartment,Guest house,House/villa,4.95,101,3,1,Luxury,true,134,false,53,12,2026-05-16,Glenwood Springs,Carbondale,Snowmass,Colorado,81654,United States,mountains_lakes,https://www.airbnb.com/rooms/13433864,https://a0.muscache.com/im/pictures/3beba538-8534-44bb-b059-0975a6f65303.jpg,13433864,2140793,39.32807,-106.98606,"=AVERAGE($G$2:$G$239)","=AVERAGE($D$2:$D$239)","=IFERROR(($AT79-G79)/$AT79,0)","=IFERROR(($AU79-D79)/$AU79,0)","=$AU79-D79"
Riverside Retreat | Redstone’s Refined Hideaway,Boutique Mountain Homes,,17552,22027,337.54,52.53,118,2,1,4,false,false,false,true,true,false,false,Home/Apartment,House,House/villa,4.9,38,3,21+,Luxury,true,275,false,52,14,2025-10-06,Glenwood Springs,Carbondale,Carbondale,Colorado,81623,United States,mountains_lakes,https://www.airbnb.com/rooms/1127636591749580044,https://a0.muscache.com/im/pictures/prohost-api/Hosting-1127636591749580044/original/d6ac6d4f-6bb1-4cc3-9936-64ea12ae36c8.jpeg,1127636591749580044,3942676,39.18349,-107.23744,"=AVERAGE($G$2:$G$239)","=AVERAGE($D$2:$D$239)","=IFERROR(($AT80-G80)/$AT80,0)","=IFERROR(($AU80-D80)/$AU80,0)","=$AU80-D80"
Marble Mountain Retreat,193539104,,17465,18942,602.24,16.57,360,3,2,8,false,false,false,true,true,false,false,Home/Apartment,Chalet,House/villa,4.9,87,2,1,Luxury,false,200,false,29,8,2026-05-13,Glenwood Springs,Carbondale,Carbondale,Colorado,81623,United States,mountains_lakes,https://www.airbnb.com/rooms/25741218,https://a0.muscache.com/im/pictures/cac7884c-3ae8-45eb-9320-e7fd6fe05e76.jpg,25741218,,39.07157,-107.18631,"=AVERAGE($G$2:$G$239)","=AVERAGE($D$2:$D$239)","=IFERROR(($AT81-G81)/$AT81,0)","=IFERROR(($AU81-D81)/$AU81,0)","=$AU81-D81"
NEW Low Elevation 2BR (10 min to Snowmass)Basalt,159038139,,17351,19960,578.37,26.55,203,2,2,5,false,false,false,true,true,true,false,Home/Apartment,House,House/villa,5,6,3,6-20,Luxury,true,200,false,30,7,2026-05-11,Glenwood Springs,Carbondale,Basalt,Colorado,81621,United States,mountains_lakes,https://www.airbnb.com/rooms/1539878888684132336,https://a0.muscache.com/im/pictures/hosting/Hosting-1539878888684132336/original/eec5d5f3-f2f1-4174-be65-f99f5dd09240.png,1539878888684132336,4917512,39.36204,-107.0281,"=AVERAGE($G$2:$G$239)","=AVERAGE($D$2:$D$239)","=IFERROR(($AT82-G82)/$AT82,0)","=IFERROR(($AU82-D82)/$AU82,0)","=$AU82-D82"
"Mountain-Modern Luxury Cabin above Marble, CO",6188548,,17086,17231,341.72,24.39,300,1,1,2,false,false,false,true,true,false,false,Home/Apartment,Cabin,House/villa,5,169,2,1,Luxury,true,100,false,50,14,2026-05-13,Glenwood Springs,Carbondale,Carbondale,Colorado,81623,United States,mountains_lakes,https://www.airbnb.com/rooms/18584645,https://a0.muscache.com/im/pictures/f3a5e0f7-19fb-40a9-8171-87011138e20a.jpg,18584645,,39.08395,-107.1784,"=AVERAGE($G$2:$G$239)","=AVERAGE($D$2:$D$239)","=IFERROR(($AT83-G83)/$AT83,0)","=IFERROR(($AU83-D83)/$AU83,0)","=$AU83-D83"
Sun Splashed Townhouse with Mt Sopris Views!,30392048,,16595,20338,197.56,60,176,1,1,2,true,false,false,true,true,true,false,Home/Apartment,House,House/villa,5,1,14,6-20,Luxury,false,150,false,84,4,2026-05-11,Glenwood Springs,Carbondale,Carbondale,Colorado,81623,United States,mountains_lakes,https://www.airbnb.com/rooms/1488610314076557682,https://a0.muscache.com/im/pictures/13d07ebb-b71a-472f-87af-8b53432c5110.jpg,1488610314076557682,,39.4064888972,-107.2157955938,"=AVERAGE($G$2:$G$239)","=AVERAGE($D$2:$D$239)","=IFERROR(($AT84-G84)/$AT84,0)","=IFERROR(($AU84-D84)/$AU84,0)","=$AU84-D84"
Marcellina - Large Log Cabin,487197635,,13812,15669,354.15,17.73,318,2,1,6,false,true,false,true,true,true,false,Home/Apartment,Cabin,House/villa,5,2,2,6-20,Luxury,false,0,true,39,15,2026-05-16,Glenwood Springs,Carbondale,Somerset,Colorado,81434,United States,mountains_lakes,https://www.airbnb.com/rooms/757315754797585305,https://a0.muscache.com/im/pictures/miso/Hosting-757315754797585305/original/30e414a2-d032-4fcf-bf06-98c7a79e2630.jpeg,757315754797585305,,38.9381,-107.358,"=AVERAGE($G$2:$G$239)","=AVERAGE($D$2:$D$239)","=IFERROR(($AT85-G85)/$AT85,0)","=IFERROR(($AU85-D85)/$AU85,0)","=$AU85-D85"
Safari tent #1 in “23 best Glamping Spots in U.S”,19835677,,12785,15047,311.83,29.29,251,1,1,4,false,false,false,false,true,true,false,Home/Apartment,Farm stay,Unique,4.9,125,2,6-20,Luxury,true,100,true,41,16,2026-05-13,Glenwood Springs,Carbondale,Carbondale,Colorado,81623,United States,mountains_lakes,https://www.airbnb.com/rooms/13376549,https://a0.muscache.com/im/pictures/fef6d59f-8094-4e40-b144-bfc96f0c3b2f.jpg,13376549,5008579,39.45197,-107.17346,"=AVERAGE($G$2:$G$239)","=AVERAGE($D$2:$D$239)","=IFERROR(($AT86-G86)/$AT86,0)","=IFERROR(($AU86-D86)/$AU86,0)","=$AU86-D86"
Marble at its finest! 5 STAR Mtn Chalet views|wifi,217072558,,12423,59185,460.11,100,28,2,1,6,false,false,false,true,true,true,false,Home/Apartment,House,House/villa,5,78,3,6-20,Luxury,true,251,false,27,6,2026-05-13,Glenwood Springs,Carbondale,Carbondale,Colorado,81623,United States,mountains_lakes,https://www.airbnb.com/rooms/43449332,https://a0.muscache.com/im/pictures/b68ea866-2cce-4cce-9962-1f6509833099.jpg,43449332,714530,39.07679,-107.22681,"=AVERAGE($G$2:$G$239)","=AVERAGE($D$2:$D$239)","=IFERROR(($AT87-G87)/$AT87,0)","=IFERROR(($AU87-D87)/$AU87,0)","=$AU87-D87"
The Haven Loft – Luxe modern townhouse,20417096,,12239,13383,330.78,29.13,191,2,2,4,true,false,false,true,true,false,false,Home/Apartment,Townhouse,Apt/Condo/Loft,5,13,3,2-5,Luxury,true,150,false,37,9,2026-05-15,Glenwood Springs,Carbondale,Carbondale,Colorado,81623,United States,mountains_lakes,https://www.airbnb.com/rooms/552333415467372689,https://a0.muscache.com/im/pictures/prohost-api/Hosting-552333415467372689/original/6c674243-ee1c-4801-a540-74c3d2dd34e6.jpeg,552333415467372689,,39.41173,-107.2241,"=AVERAGE($G$2:$G$239)","=AVERAGE($D$2:$D$239)","=IFERROR(($AT88-G88)/$AT88,0)","=IFERROR(($AU88-D88)/$AU88,0)","=$AU88-D88"
"Secluded Glamping Cabin Rental on a Working Ranch and Farm near Aspen and Maroon Bells, Colorado",Glamping Hub International,,11978,29859,299.45,88.89,60,1,1,2,false,false,false,true,false,true,false,Home/Apartment,Cabin,House/villa,0,0,2,21+,Luxury,false,0,false,40,30,2026-05-15,Glenwood Springs,Carbondale,Carbondale,Colorado,81623,United States,mountains_lakes,https://www.vrbo.com/4984393,"https://media.vrbo.com/lodging/124000000/123530000/123523600/123523589/313ff35e.jpg?impolicy=resizecrop&rw=1200&ra=fit",,4984393,39.452516,-107.172559,"=AVERAGE($G$2:$G$239)","=AVERAGE($D$2:$D$239)","=IFERROR(($AT89-G89)/$AT89,0)","=IFERROR(($AU89-D89)/$AU89,0)","=$AU89-D89"
“Safari Star Gazer Tent ” Glamping on our Farm,19835677,,11512,14544,311.14,28.03,254,1,1,4,false,false,false,true,true,true,false,Home/Apartment,Farm stay,Unique,4.75,40,2,6-20,Luxury,true,100,true,37,16,2026-05-13,Glenwood Springs,Carbondale,Carbondale,Colorado,81623,United States,mountains_lakes,https://www.airbnb.com/rooms/26740790,https://a0.muscache.com/im/pictures/e998a9f4-86fc-46be-bfc5-1469d3a02c4c.jpg,26740790,5008582,39.44984,-107.16879,"=AVERAGE($G$2:$G$239)","=AVERAGE($D$2:$D$239)","=IFERROR(($AT90-G90)/$AT90,0)","=IFERROR(($AU90-D90)/$AU90,0)","=$AU90-D90"
"Elk Mountain Cabin, Beaver Lake Lodge: Cabin 10",20899549,,10974,24085,223.96,69.01,83,1,1,4,false,false,false,true,true,true,false,Home/Apartment,Cabin,House/villa,0,0,2,6-20,Luxury,true,0,true,49,19,2026-05-14,Glenwood Springs,Carbondale,Carbondale,Colorado,81623,United States,mountains_lakes,https://www.airbnb.com/rooms/1210996246129613406,https://a0.muscache.com/im/pictures/hosting/Hosting-1210996246129613406/original/91bcf249-25d9-4308-b174-ce7dd808e125.jpeg,1210996246129613406,,39.0728,-107.1846,"=AVERAGE($G$2:$G$239)","=AVERAGE($D$2:$D$239)","=IFERROR(($AT91-G91)/$AT91,0)","=IFERROR(($AU91-D91)/$AU91,0)","=$AU91-D91"
Private Cabin w/ River Views & On-Site Wellness,415483134,,10825,18796,451.04,30.77,308,2,2,12,false,false,true,true,true,true,false,Home/Apartment,Cabin,House/villa,4.95,31,2,1,Luxury,false,151,false,24,5,2026-05-14,Glenwood Springs,Carbondale,Somerset,Colorado,81434,United States,mountains_lakes,https://www.airbnb.com/rooms/53378526,https://a0.muscache.com/im/pictures/miso/Hosting-53378526/original/f14ce883-8724-49bd-9e8e-7b5715112b3d.jpeg,53378526,2937111,38.93681,-107.38521,"=AVERAGE($G$2:$G$239)","=AVERAGE($D$2:$D$239)","=IFERROR(($AT92-G92)/$AT92,0)","=IFERROR(($AU92-D92)/$AU92,0)","=$AU92-D92"
Dreamy Yurt “1 of 23 Best Glamping Spots in U.S”,19835677,,10427,10532,347.57,19.11,244,1,1,4,false,false,false,false,true,true,false,Home/Apartment,Farm stay,Unique,4.8,110,2,6-20,Luxury,true,99,true,30,12,2026-05-13,Glenwood Springs,Carbondale,Carbondale,Colorado,81623,United States,mountains_lakes,https://www.airbnb.com/rooms/13606656,https://a0.muscache.com/im/pictures/32c55fa8-ebd2-4b70-a8b2-c73b2a932d77.jpg,13606656,5001643,39.45156,-107.17222,"=AVERAGE($G$2:$G$239)","=AVERAGE($D$2:$D$239)","=IFERROR(($AT93-G93)/$AT93,0)","=IFERROR(($AU93-D93)/$AU93,0)","=$AU93-D93"
Downtown Basalt- Roaring Fork River Studio,3542490,,8778,9813,237.24,72.55,110,,1,2,false,false,false,true,true,false,false,Home/Apartment,Condominium (condo),Apt/Condo/Loft,0,0,3,2-5,Luxury,false,149,false,37,2,2025-11-04,Glenwood Springs,Carbondale,Basalt,Colorado,81621,United States,mountains_lakes,https://www.airbnb.com/rooms/726013306032705595,https://a0.muscache.com/im/pictures/miso/Hosting-726013306032705595/original/b16cac76-3e3d-4a5f-a4ce-18c873d556bf.jpeg,726013306032705595,,39.36569,-107.03111,"=AVERAGE($G$2:$G$239)","=AVERAGE($D$2:$D$239)","=IFERROR(($AT94-G94)/$AT94,0)","=IFERROR(($AU94-D94)/$AU94,0)","=$AU94-D94"
"Classic Colorado cabin escape in Marble, Colorado",2419866,,7385,8457,369.25,20.41,163,2,1,4,false,false,false,true,true,false,false,Home/Apartment,Cabin,House/villa,4.85,90,3,2-5,Luxury,false,103,false,20,6,2026-05-13,Glenwood Springs,Carbondale,Carbondale,Colorado,81623,United States,mountains_lakes,https://www.airbnb.com/rooms/489153,https://a0.muscache.com/im/pictures/hosting/Hosting-U3RheVN1cHBseUxpc3Rpbmc6NDg5MTUz/original/6bcb1839-9bf9-4ac8-ae82-0ad6630f6d9a.jpeg,489153,,39.0826,-107.1807,"=AVERAGE($G$2:$G$239)","=AVERAGE($D$2:$D$239)","=IFERROR(($AT95-G95)/$AT95,0)","=IFERROR(($AU95-D95)/$AU95,0)","=$AU95-D95"
"Serene Pondside Townhome w/ Views, Dog Friendly",KEYLINK,,6780,11309,356.84,30.16,92,2,2,6,false,false,false,true,true,true,false,Home/Apartment,Townhouse,Apt/Condo/Loft,5,4,2,21+,Luxury,true,224,false,19,7,2026-05-15,Glenwood Springs,Carbondale,Carbondale,Colorado,81623,United States,mountains_lakes,https://www.airbnb.com/rooms/1605360702130330297,https://a0.muscache.com/im/pictures/hosting/Hosting-1605360702130330297/original/2ec28003-defa-438c-8c9c-b726cddb3f02.jpeg,1605360702130330297,5088330,39.40778,-107.16584,"=AVERAGE($G$2:$G$239)","=AVERAGE($D$2:$D$239)","=IFERROR(($AT96-G96)/$AT96,0)","=IFERROR(($AU96-D96)/$AU96,0)","=$AU96-D96"
sopris creekside sanctuary,194989063,,5995,5995,1199,15.62,48,4,3,9,false,false,false,true,true,true,false,Home/Apartment,House,House/villa,4,2,2,2-5,Luxury,false,300,false,5,1,2025-04-24,Glenwood Springs,Carbondale,Basalt,Colorado,81621,United States,mountains_lakes,https://www.airbnb.com/rooms/1321299630743396277,https://a0.muscache.com/im/pictures/miso/Hosting-1321299630743396277/original/36dc5e25-afd7-40ff-a75e-20e362af97d6.jpeg,1321299630743396277,,39.3523,-107.05854,"=AVERAGE($G$2:$G$239)","=AVERAGE($D$2:$D$239)","=IFERROR(($AT97-G97)/$AT97,0)","=IFERROR(($AU97-D97)/$AU97,0)","=$AU97-D97"
Chateau Lang,195675601,,5325,15056,484.09,16.18,306,3,1,6,false,false,false,true,true,false,false,Home/Apartment,House,House/villa,0,0,1,1,Luxury,false,0,true,11,4,2026-01-01,Glenwood Springs,Carbondale,Carbondale,Colorado,81623,United States,mountains_lakes,https://www.airbnb.com/rooms/1266214481658215128,https://a0.muscache.com/im/pictures/miso/Hosting-1266214481658215128/original/993caadb-acfc-4dfd-b01e-ca298044ebcf.jpeg,1266214481658215128,,39.3932731113,-107.2133647567,"=AVERAGE($G$2:$G$239)","=AVERAGE($D$2:$D$239)","=IFERROR(($AT98-G98)/$AT98,0)","=IFERROR(($AU98-D98)/$AU98,0)","=$AU98-D98"
Farmhouse on private beautiful ranch close to town,19835677,,5140,5233,395.38,24.07,202,1,1,4,false,false,false,true,true,true,false,Home/Apartment,Farm stay,Unique,4.8,41,2,6-20,Luxury,true,100,true,13,2,2026-05-13,Glenwood Springs,Carbondale,Carbondale,Colorado,81623,United States,mountains_lakes,https://www.airbnb.com/rooms/45202374,https://a0.muscache.com/im/pictures/9164d2ef-b293-4b11-b426-03f5d25aa343.jpg,45202374,2093679,39.45554,-107.17268,"=AVERAGE($G$2:$G$239)","=AVERAGE($D$2:$D$239)","=IFERROR(($AT99-G99)/$AT99,0)","=IFERROR(($AU99-D99)/$AU99,0)","=$AU99-D99"
20 min from Aspen 2bd 2.5ba + office townhouse,135564590,,4955,11374,495.5,30.3,70,2,2,5,false,false,false,true,true,false,false,Home/Apartment,Townhouse,Apt/Condo/Loft,5,1,2,2-5,Luxury,false,150,false,10,4,2026-02-27,Glenwood Springs,Carbondale,Basalt,Colorado,81621,United States,mountains_lakes,https://www.airbnb.com/rooms/1583557478272735546,https://a0.muscache.com/im/pictures/hosting/Hosting-1583557478272735546/original/857ab12b-d96a-4c1a-9d0f-39f270934e1f.jpeg,1583557478272735546,5036753,39.36197,-107.03796,"=AVERAGE($G$2:$G$239)","=AVERAGE($D$2:$D$239)","=IFERROR(($AT100-G100)/$AT100,0)","=IFERROR(($AU100-D100)/$AU100,0)","=$AU100-D100"
Oasis in peaceful Old Snowmass,160735078,,4599,12650,1533,15.79,55,3,2,6,false,false,false,true,true,false,false,Home/Apartment,House,House/villa,5,6,3,1,Luxury,false,400,false,3,1,2025-07-04,Glenwood Springs,Carbondale,Snowmass,Colorado,81654,United States,mountains_lakes,https://www.airbnb.com/rooms/44230907,https://a0.muscache.com/im/pictures/miso/Hosting-44230907/original/c163e4ba-574c-4531-9b32-213e15755552.jpeg,44230907,3266408,39.29832,-107.00618,"=AVERAGE($G$2:$G$239)","=AVERAGE($D$2:$D$239)","=IFERROR(($AT101-G101)/$AT101,0)","=IFERROR(($AU101-D101)/$AU101,0)","=$AU101-D101"
Southside Basalt,218614974,,4397,12884,628.14,8.64,276,2,2,4,true,false,false,true,true,false,false,Home/Apartment,Townhouse,Apt/Condo/Loft,0,0,2,1,Luxury,false,0,false,7,3,2026-05-11,Glenwood Springs,Carbondale,Basalt,Colorado,81621,United States,mountains_lakes,https://www.airbnb.com/rooms/745618305092570417,https://a0.muscache.com/im/pictures/hosting/Hosting-745618305092570417/original/f761c817-75b6-47fb-a8d5-7ab9eef12252.jpeg,745618305092570417,,39.3591193859,-107.0350461198,"=AVERAGE($G$2:$G$239)","=AVERAGE($D$2:$D$239)","=IFERROR(($AT102-G102)/$AT102,0)","=IFERROR(($AU102-D102)/$AU102,0)","=$AU102-D102"
House of Joy: Primary Suite,28695213,,4387,46948,438.7,90.91,14,2,1,2,false,false,true,true,true,false,false,Private Room,House,House/villa,5,3,3,6-20,Luxury,true,75,false,10,3,2025-10-04,Glenwood Springs,Carbondale,Carbondale,Colorado,81623,United States,mountains_lakes,https://www.airbnb.com/rooms/26272996,https://a0.muscache.com/im/pictures/4effffa1-b53a-4650-af5c-19b34fc65f2d.jpg,26272996,,39.40287,-107.11577,"=AVERAGE($G$2:$G$239)","=AVERAGE($D$2:$D$239)","=IFERROR(($AT103-G103)/$AT103,0)","=IFERROR(($AU103-D103)/$AU103,0)","=$AU103-D103"
The Glamping Butlers Luxury Airstream Adventures,9349299,,3331,4094,302.82,28.95,354,1,1,4,true,false,false,true,false,true,false,Home/Apartment,Camper/RV,Unique,0,0,3,2-5,Luxury,false,99,true,11,1,2026-05-14,Glenwood Springs,Carbondale,Snowmass,Colorado,81654,United States,mountains_lakes,https://www.airbnb.com/rooms/1382584217655472134,https://a0.muscache.com/im/pictures/hosting/Hosting-1382584217655472134/original/5913bfc8-0de3-4094-b40b-52865252f8b6.jpeg,1382584217655472134,,39.3436471644,-107.0020882274,"=AVERAGE($G$2:$G$239)","=AVERAGE($D$2:$D$239)","=IFERROR(($AT104-G104)/$AT104,0)","=IFERROR(($AU104-D104)/$AU104,0)","=$AU104-D104"
Air-stream nr Aspen Only avail to Chalet Guests,13610419,,2291,6194,254.56,20.93,48,1,1,2,true,false,false,true,true,true,false,Home/Apartment,Camper/RV,Unique,5,7,1,2-5,Luxury,true,100,false,9,3,2026-05-11,Glenwood Springs,Carbondale,Carbondale,Colorado,81623,United States,mountains_lakes,https://www.airbnb.com/rooms/1208783051481561285,https://a0.muscache.com/im/pictures/miso/Hosting-1208783051481561285/original/b95965da-9041-4a4e-9e7c-a2177a592857.png,1208783051481561285,,39.47356,-107.11653,"=AVERAGE($G$2:$G$239)","=AVERAGE($D$2:$D$239)","=IFERROR(($AT105-G105)/$AT105,0)","=IFERROR(($AU105-D105)/$AU105,0)","=$AU105-D105"
Modern Southside Duplex,Christie'S Aspen Snowmass Rental Dept,,2265,2816,755,75,252,2,1,4,true,false,false,true,false,false,false,Home/Apartment,House,House/villa,5,4,4,21+,Luxury,false,500,false,3,1,2026-05-14,Glenwood Springs,Carbondale,Basalt,Colorado,81621,United States,mountains_lakes,https://www.airbnb.com/rooms/1173274369133970398,https://a0.muscache.com/im/pictures/miso/Hosting-1173274369133970398/original/1cc73af3-ed81-4453-a291-d1e1c7a4481c.jpeg,1173274369133970398,4395504,39.3602,-107.036,"=AVERAGE($G$2:$G$239)","=AVERAGE($D$2:$D$239)","=IFERROR(($AT106-G106)/$AT106,0)","=IFERROR(($AU106-D106)/$AU106,0)","=$AU106-D106"
Mia's Oasis,85349174,,2068,17847,517,57.14,40,3,2,6,false,false,false,true,false,true,false,Home/Apartment,House,House/villa,4.9,75,4,2-5,Luxury,false,150,false,4,1,2025-08-31,Glenwood Springs,Carbondale,Carbondale,Colorado,81623,United States,mountains_lakes,https://www.airbnb.com/rooms/753578958184288318,https://a0.muscache.com/im/pictures/hosting/Hosting-753578958184288318/original/933af0ee-5fd5-4bb3-b2c4-09692555a0ba.jpeg,753578958184288318,491079,39.4148096236,-107.2282015001,"=AVERAGE($G$2:$G$239)","=AVERAGE($D$2:$D$239)","=IFERROR(($AT107-G107)/$AT107,0)","=IFERROR(($AU107-D107)/$AU107,0)","=$AU107-D107"
Old Snowmass Slice of Paradise,Christie'S Aspen Snowmass Rental Dept,,0,1714,0,0,48,2,2,4,true,false,false,true,true,false,false,Home/Apartment,House,House/villa,0,0,30,21+,Luxury,false,600,false,0,0,2026-05-16,Glenwood Springs,Carbondale,Snowmass,Colorado,81654,United States,mountains_lakes,https://www.airbnb.com/rooms/1187833188056109244,https://a0.muscache.com/im/pictures/miso/Hosting-1187833188056109244/original/9e47e7f8-51c9-42f2-8ad5-79da2f320d01.jpeg,1187833188056109244,4191465,39.3147,-106.9804,"=AVERAGE($G$2:$G$239)","=AVERAGE($D$2:$D$239)","=IFERROR(($AT108-G108)/$AT108,0)","=IFERROR(($AU108-D108)/$AU108,0)","=$AU108-D108"
Folk Home + Perch,4225787,,0,8875,0,0,4,2,2,8,false,false,false,true,true,false,false,Home/Apartment,House,House/villa,0,0,2,2-5,Luxury,true,160,true,0,0,2026-05-14,Glenwood Springs,Carbondale,Carbondale,Colorado,81623,United States,mountains_lakes,https://www.airbnb.com/rooms/1265252012710464882,https://a0.muscache.com/im/pictures/ff55f9f9-cf97-4fb5-b24d-0d8033128995.jpg,1265252012710464882,4279874,39.4128993346,-107.2256356626,"=AVERAGE($G$2:$G$239)","=AVERAGE($D$2:$D$239)","=IFERROR(($AT109-G109)/$AT109,0)","=IFERROR(($AU109-D109)/$AU109,0)","=$AU109-D109"
"Marble Riverfront Retreat | 2 Units, Pet Friendly",321854978,,0,3980,0,0,130,4,3,8,false,false,false,true,true,true,false,Home/Apartment,House,House/villa,0,0,2,6-20,Luxury,true,370,false,0,0,2025-10-17,Glenwood Springs,Carbondale,Carbondale,Colorado,81623,United States,mountains_lakes,https://www.airbnb.com/rooms/1414630090352679247,"https://a0.muscache.com/im/pictures/hosting/Hosting-U3RheVN1cHBseUxpc3Rpbmc6MTQxNDYzMDA5MDM1MjY3OTI0Nw==/original/2926dcc8-d1df-4ea0-bc96-72cddf2d18cd.png",1414630090352679247,,39.0784492305,-107.2288824499,"=AVERAGE($G$2:$G$239)","=AVERAGE($D$2:$D$239)","=IFERROR(($AT110-G110)/$AT110,0)","=IFERROR(($AU110-D110)/$AU110,0)","=$AU110-D110"
Splendid house in Snowmass,694898016,,0,0,0,0,59,2,1,6,false,false,false,true,true,false,false,Home/Apartment,House,House/villa,0,0,7,1,Luxury,false,0,false,0,0,2025-05-16,Glenwood Springs,Carbondale,Snowmass,Colorado,81654,United States,mountains_lakes,https://www.airbnb.com/rooms/1418816858231947568,https://a0.muscache.com/im/pictures/hosting/Hosting-1418816858231947568/original/79e9a313-abef-4a0e-b923-8e892daa3878.jpeg,1418816858231947568,,39.3012394124,-107.0066793635,"=AVERAGE($G$2:$G$239)","=AVERAGE($D$2:$D$239)","=IFERROR(($AT111-G111)/$AT111,0)","=IFERROR(($AU111-D111)/$AU111,0)","=$AU111-D111"
Panorama Mountain Abode,1533130,,0,24,0,0,89,1,1,2,false,false,false,true,true,false,false,Home/Apartment,House,House/villa,4.95,60,3,2-5,Luxury,false,186,false,0,0,2026-01-29,Glenwood Springs,Carbondale,Carbondale,Colorado,81623,United States,mountains_lakes,https://www.airbnb.com/rooms/15799887,https://a0.muscache.com/im/pictures/142adb85-0000-4831-9654-3592a61b3491.jpg,15799887,,39.45079,-107.13814,"=AVERAGE($G$2:$G$239)","=AVERAGE($D$2:$D$239)","=IFERROR(($AT112-G112)/$AT112,0)","=IFERROR(($AU112-D112)/$AU112,0)","=$AU112-D112"
Stylish family/couples and pet friendly home,102739827,,0,0,0,0,365,3,2,6,false,false,false,true,true,true,false,Home/Apartment,House,House/villa,5,4,180,1,Luxury,false,200,false,0,0,2026-05-14,Glenwood Springs,Carbondale,Carbondale,Colorado,81623,United States,mountains_lakes,https://www.airbnb.com/rooms/15872791,https://a0.muscache.com/im/pictures/bc86edec-5c27-4dac-809d-7e76faa3b863.jpg,15872791,,39.40658,-107.1583,"=AVERAGE($G$2:$G$239)","=AVERAGE($D$2:$D$239)","=IFERROR(($AT113-G113)/$AT113,0)","=IFERROR(($AU113-D113)/$AU113,0)","=$AU113-D113"
Charming Creekside Snowmass Studio: 15 Mi to Aspen,Evolve,,0,5954,0,0,1,,1,2,false,false,false,true,true,false,false,Home/Apartment,Loft,Apt/Condo/Loft,4.8,162,4,21+,Luxury,true,104,true,0,0,2025-05-18,Glenwood Springs,Carbondale,Snowmass,Colorado,81654,United States,mountains_lakes,https://www.airbnb.com/rooms/18446761,https://a0.muscache.com/im/pictures/prohost-api/Hosting-18446761/original/9daf4de0-7ec0-4e36-8e6b-2486cac83ea9.jpeg,18446761,4319008ha,39.26051,-106.96539,"=AVERAGE($G$2:$G$239)","=AVERAGE($D$2:$D$239)","=IFERROR(($AT114-G114)/$AT114,0)","=IFERROR(($AU114-D114)/$AU114,0)","=$AU114-D114"
Roaring Fork Chalet - With Deck & Mountain Views!,17345747,,0,25676,0,0,9,3,2,6,false,false,false,true,true,true,false,Home/Apartment,Chalet,House/villa,4.95,60,3,2-5,Luxury,false,150,false,0,0,2026-05-14,Glenwood Springs,Carbondale,Carbondale,Colorado,81623,United States,mountains_lakes,https://www.airbnb.com/rooms/47257319,https://a0.muscache.com/im/pictures/miso/Hosting-47257319/original/8903062f-1355-4180-b545-f3f4ad1cc2bb.jpeg,47257319,2248573,39.42586,-107.12119,"=AVERAGE($G$2:$G$239)","=AVERAGE($D$2:$D$239)","=IFERROR(($AT115-G115)/$AT115,0)","=IFERROR(($AU115-D115)/$AU115,0)","=$AU115-D115"
This is a scam!,252421730,,0,0,0,0,365,,,7,true,false,false,true,true,false,false,Home/Apartment,Guest house,House/villa,0,0,200,1,Luxury,false,225,true,0,0,2026-05-15,Glenwood Springs,Carbondale,Carbondale,Colorado,81623,United States,mountains_lakes,https://www.airbnb.com/rooms/52379492,https://a0.muscache.com/im/pictures/miso/Hosting-52379492/original/164c7265-5186-4d6a-8bfa-e12662545c35.png,52379492,,39.40908,-107.13886,"=AVERAGE($G$2:$G$239)","=AVERAGE($D$2:$D$239)","=IFERROR(($AT116-G116)/$AT116,0)","=IFERROR(($AU116-D116)/$AU116,0)","=$AU116-D116"
Home with Mtn views in Roaring Fork (Aspen) Valley,103740201,,0,2289,0,0,353,5,6,10,true,false,true,true,true,false,false,Home/Apartment,Villa,House/villa,0,0,7,1,Luxury,false,200,false,0,0,2026-05-15,Glenwood Springs,Carbondale,Carbondale,Colorado,81623,United States,mountains_lakes,https://www.airbnb.com/rooms/52720120,https://a0.muscache.com/im/pictures/miso/Hosting-52720120/original/84874c52-e4b4-4ac3-ae65-f55f0ee5514f.jpeg,52720120,,39.4532,-107.1192,"=AVERAGE($G$2:$G$239)","=AVERAGE($D$2:$D$239)","=IFERROR(($AT117-G117)/$AT117,0)","=IFERROR(($AU117-D117)/$AU117,0)","=$AU117-D117"
"Modern Mtn New Build Comfort, Near Aspen Skiing",44270752,,0,0,0,0,365,3,2,6,true,true,true,true,true,true,true,Home/Apartment,House,House/villa,0,0,100,21+,Luxury,false,0,false,0,0,2026-05-15,Glenwood Springs,Carbondale,Carbondale,Colorado,81623,United States,mountains_lakes,https://www.airbnb.com/rooms/53543566,https://a0.muscache.com/im/pictures/8a735e7f-9d01-416b-8849-e01d96ea7605.jpg,53543566,2989667,39.4084,-107.15321,"=AVERAGE($G$2:$G$239)","=AVERAGE($D$2:$D$239)","=IFERROR(($AT118-G118)/$AT118,0)","=IFERROR(($AU118-D118)/$AU118,0)","=$AU118-D118"
Cheerful 2 bedroom home with mountain views,53865279,,0,2772,0,0,15,2,1,4,false,false,false,true,true,false,false,Home/Apartment,House,House/villa,5,3,3,2-5,Luxury,false,150,false,0,0,2025-05-13,Glenwood Springs,Carbondale,Carbondale,Colorado,81623,United States,mountains_lakes,https://www.airbnb.com/rooms/585998474331000758,https://a0.muscache.com/im/pictures/9771a8c0-103e-4480-8ae8-8e1a31a09636.jpg,585998474331000758,,39.41493,-107.22937,"=AVERAGE($G$2:$G$239)","=AVERAGE($D$2:$D$239)","=IFERROR(($AT119-G119)/$AT119,0)","=IFERROR(($AU119-D119)/$AU119,0)","=$AU119-D119"
Sopris Oasis-Stunning Views on. 16 Private Acres,79388695,,0,7170,0,0,4,3,1,6,false,false,false,true,true,true,false,Home/Apartment,House,House/villa,5,16,3,1,Luxury,true,173,false,0,0,2026-05-14,Glenwood Springs,Carbondale,Carbondale,Colorado,81623,United States,mountains_lakes,https://www.airbnb.com/rooms/619826198376333775,https://a0.muscache.com/im/pictures/miso/Hosting-619826198376333775/original/48138363-c54c-47a3-90fb-4fbdb0330b1f.jpeg,619826198376333775,,39.42935,-107.1472,"=AVERAGE($G$2:$G$239)","=AVERAGE($D$2:$D$239)","=IFERROR(($AT120-G120)/$AT120,0)","=IFERROR(($AU120-D120)/$AU120,0)","=$AU120-D120"
Summer in the Beautiful Aspen Valley!,456349956,,0,14066,0,0,319,3,3,6,false,false,true,true,true,true,true,Home/Apartment,House,House/villa,4.95,18,30,1,Luxury,false,250,false,0,0,2026-03-03,Glenwood Springs,Carbondale,Carbondale,Colorado,81623,United States,mountains_lakes,https://www.airbnb.com/rooms/633593365860541016,https://a0.muscache.com/im/pictures/hosting/Hosting-U3RheVN1cHBseUxpc3Rpbmc6NjMzNTkzMzY1ODYwNTQxMDE2/original/a68a167d-6bbb-42f7-92f7-4fad7fbfbcff.jpeg,633593365860541016,3567557,39.38346,-107.21223,"=AVERAGE($G$2:$G$239)","=AVERAGE($D$2:$D$239)","=IFERROR(($AT121-G121)/$AT121,0)","=IFERROR(($AU121-D121)/$AU121,0)","=$AU121-D121"
"Unique, Charming Zen Property with great valley views",,,0,133,0,0,22,3,2,6,false,false,false,true,true,false,false,Home/Apartment,House,House/villa,5,14,3,1,Luxury,false,0,false,0,0,2026-05-13,Glenwood Springs,Carbondale,Carbondale,Colorado,81623,United States,mountains_lakes,https://www.vrbo.com/2327548,"https://media.vrbo.com/lodging/69000000/68100000/68095400/68095378/e107fc40.jpg?impolicy=resizecrop&rw=1200&ra=fit",,2327548,39.45446,-107.215961,"=AVERAGE($G$2:$G$239)","=AVERAGE($D$2:$D$239)","=IFERROR(($AT122-G122)/$AT122,0)","=IFERROR(($AU122-D122)/$AU122,0)","=$AU122-D122"
Stunning Southside Duplex available for Winter Season!,,,0,76,0,0,1,2,2,4,true,false,true,true,true,true,false,Home/Apartment,House,House/villa,5,4,3,1,Luxury,false,350,true,0,0,2025-04-27,Glenwood Springs,Carbondale,Basalt,Colorado,81621,United States,mountains_lakes,https://www.vrbo.com/3691633,"https://media.vrbo.com/lodging/101000000/100140000/100135100/100135037/50e1d3d7.jpg?impolicy=resizecrop&rw=1200&ra=fit",,3691633,39.362472,-107.038709,"=AVERAGE($G$2:$G$239)","=AVERAGE($D$2:$D$239)","=IFERROR(($AT123-G123)/$AT123,0)","=IFERROR(($AU123-D123)/$AU123,0)","=$AU123-D123"
4-bedroom estate in superb private Jack Nicklaus resort community. Aspen CO,,,0,11778,0,0,60,4,5,8,true,false,false,true,true,false,false,Home/Apartment,House,House/villa,5,1,7,1,Luxury,false,500,true,0,0,2026-05-17,Glenwood Springs,Carbondale,Carbondale,Colorado,81623,United States,mountains_lakes,https://www.vrbo.com/4129877,"https://media.vrbo.com/lodging/108000000/107450000/107441400/107441395/8f57b96f.jpg?impolicy=resizecrop&rw=1200&ra=fit",,4129877,39.42366,-107.24542,"=AVERAGE($G$2:$G$239)","=AVERAGE($D$2:$D$239)","=IFERROR(($AT124-G124)/$AT124,0)","=IFERROR(($AU124-D124)/$AU124,0)","=$AU124-D124"
Mountain Lodge Oasis | 6BR w/ Hot Tub Near Aspen,Black Opal Home Charters,,170601,185563,1470.7,40.42,334,6,4,16,true,false,true,true,true,true,false,Home/Apartment,House,House/villa,4.75,58,3,6-20,Luxury,true,660,true,116,23,2026-05-16,Glenwood Springs,Basalt,Basalt,Colorado,81621,United States,mountains_lakes,https://www.airbnb.com/rooms/53775012,https://a0.muscache.com/im/pictures/prohost-api/Hosting-53775012/original/cb189e21-c34e-4791-88d8-80c72fece8c5.jpeg,53775012,9638118ha,39.3874,-107.0858,"=AVERAGE($G$2:$G$239)","=AVERAGE($D$2:$D$239)","=IFERROR(($AT125-G125)/$AT125,0)","=IFERROR(($AU125-D125)/$AU125,0)","=$AU125-D125"
"RiverfrontEscape, A/C, MediaRm, 5mi to Hot Springs",6055758,,164279,200916,1095.19,48.08,314,4,4,10,true,true,true,true,true,false,false,Home/Apartment,House,House/villa,5,67,3,6-20,Luxury,true,0,false,150,35,2026-05-11,Glenwood Springs,Glenwood Springs,Glenwood Springs,Colorado,81601,United States,mountains_lakes,https://www.airbnb.com/rooms/51341759,https://a0.muscache.com/im/pictures/prohost-api/Hosting-51341759/original/1a2cfb3e-10f6-483c-a0d8-f2693e1fab56.jpeg,51341759,2545174,39.4711,-107.2749,"=AVERAGE($G$2:$G$239)","=AVERAGE($D$2:$D$239)","=IFERROR(($AT126-G126)/$AT126,0)","=IFERROR(($AU126-D126)/$AU126,0)","=$AU126-D126"
Celebrity inspired mountain retreat close to Aspen,489668528,,160644,177061,991.63,48.65,333,4,4,8,false,false,false,true,true,true,false,Home/Apartment,House,House/villa,4.8,97,2,2-5,Luxury,true,420,false,162,53,2026-05-11,Glenwood Springs,Basalt,Basalt,Colorado,81621,United States,mountains_lakes,https://www.airbnb.com/rooms/828917536017958391,https://a0.muscache.com/im/pictures/miso/Hosting-828917536017958391/original/3e4bd473-ccb6-404b-8e4d-54fa79fd5cbb.jpeg,828917536017958391,3509534,39.3859,-106.8179,"=AVERAGE($G$2:$G$239)","=AVERAGE($D$2:$D$239)","=IFERROR(($AT127-G127)/$AT127,0)","=IFERROR(($AU127-D127)/$AU127,0)","=$AU127-D127"
Best View in Glenwood Springs Hot Tub + Game Room,150154112,,159903,170307,565.03,82.27,344,3,2,8,true,false,true,true,true,true,false,Home/Apartment,House,House/villa,5,445,4,2-5,Luxury,true,161,true,283,95,2026-05-17,Glenwood Springs,Glenwood Springs,Glenwood Springs,Colorado,81601,United States,mountains_lakes,https://www.airbnb.com/rooms/47133861,https://a0.muscache.com/im/pictures/miso/Hosting-47133861/original/03c5f0d5-ad29-4f7d-ad31-c8e8e11a3edd.jpeg,47133861,3373177,39.55085,-107.32272,"=AVERAGE($G$2:$G$239)","=AVERAGE($D$2:$D$239)","=IFERROR(($AT128-G128)/$AT128,0)","=IFERROR(($AU128-D128)/$AU128,0)","=$AU128-D128"
"Hot Tub & Sauna, Firepit, Patio, Views, Romantic",190494013,,154593,162205,471.32,94.25,348,2,2,4,true,false,true,true,true,false,false,Home/Apartment,Cabin,House/villa,5,143,3,6-20,Luxury,true,186,false,328,117,2026-05-17,Glenwood Springs,Glenwood Springs,Glenwood Springs,Colorado,81601,United States,mountains_lakes,https://www.airbnb.com/rooms/1185412033137574849,https://a0.muscache.com/im/pictures/hosting/Hosting-1185412033137574849/original/c86990c5-330d-4f72-b7cd-1c9c0b95f82b.jpeg,1185412033137574849,4103633,39.55989,-107.29508,"=AVERAGE($G$2:$G$239)","=AVERAGE($D$2:$D$239)","=IFERROR(($AT129-G129)/$AT129,0)","=IFERROR(($AU129-D129)/$AU129,0)","=$AU129-D129"
"Aspen Chalet - Hot Tub, Views, Pets, 7Acre, Luxe",22023341,,139476,160806,697.38,64.52,310,3,2,10,true,false,false,true,true,true,false,Home/Apartment,Chalet,House/villa,4.7,50,3,6-20,Luxury,false,194,true,200,65,2026-05-16,Glenwood Springs,Basalt,Basalt,Colorado,81621,United States,mountains_lakes,https://www.airbnb.com/rooms/774828146150991363,https://a0.muscache.com/im/pictures/miso/Hosting-774828146150991363/original/d921d824-2723-4f53-a7f5-a4b808559292.jpeg,774828146150991363,,39.36817,-107.06745,"=AVERAGE($G$2:$G$239)","=AVERAGE($D$2:$D$239)","=IFERROR(($AT130-G130)/$AT130,0)","=IFERROR(($AU130-D130)/$AU130,0)","=$AU130-D130"
"Mountain Views, Sauna, Hot Tub, Pets, Patio Dining",190494013,,133366,155648,495.78,86.5,311,3,2,6,false,true,true,true,true,true,false,Home/Apartment,House,House/villa,4.9,239,2,6-20,Luxury,true,178,false,269,85,2026-05-17,Glenwood Springs,Glenwood Springs,Glenwood Springs,Colorado,81601,United States,mountains_lakes,https://www.airbnb.com/rooms/47979644,https://a0.muscache.com/im/pictures/hosting/Hosting-U3RheVN1cHBseUxpc3Rpbmc6NDc5Nzk2NDQ%3D/original/86aa15d7-2731-420d-bc55-9bbb4448b266.jpeg,47979644,2194032,39.538,-107.26645,"=AVERAGE($G$2:$G$239)","=AVERAGE($D$2:$D$239)","=IFERROR(($AT131-G131)/$AT131,0)","=IFERROR(($AU131-D131)/$AU131,0)","=$AU131-D131"
"750 acres, great for 30 people or less, 2 homes!",275333058,,131638,132165,1964.75,39.88,346,9,7,16,true,false,true,true,true,true,false,Home/Apartment,House,House/villa,0,0,4,2-5,Luxury,true,1000,false,67,4,2026-05-14,Glenwood Springs,Glenwood Springs,Gypsum,Colorado,81637,United States,mountains_lakes,https://www.airbnb.com/rooms/1341456233798226612,https://a0.muscache.com/im/pictures/hosting/Hosting-U3RheVN1cHBseUxpc3Rpbmc6MTM0MTQ1NjIzMzc5ODIyNjYxMg%3D%3D/original/d15bd464-6415-4c78-8f55-d7753f6f88a5.jpeg,1341456233798226612,4478219,39.782302058,-107.1258326192,"=AVERAGE($G$2:$G$239)","=AVERAGE($D$2:$D$239)","=IFERROR(($AT132-G132)/$AT132,0)","=IFERROR(($AU132-D132)/$AU132,0)","=$AU132-D132"
SOHOTreehouse!WÅTERFrontBasecampHikeFishSkiHOTub,380387084,,129883,137810,621.45,60.4,346,3,3,12,true,false,true,true,true,true,false,Home/Apartment,Treehouse,Unique,4.55,33,4,6-20,Luxury,false,354,true,209,74,2026-05-17,Glenwood Springs,Glenwood Springs,Glenwood Springs,Colorado,81601,United States,mountains_lakes,https://www.airbnb.com/rooms/923224949745386519,https://a0.muscache.com/im/pictures/hosting/Hosting-U3RheVN1cHBseUxpc3Rpbmc6OTIzMjI0OTQ5NzQ1Mzg2NTE5/original/122c2a2b-4d34-4b83-b47c-28301d331550.jpeg,923224949745386519,4270923,39.56054,-107.29611,"=AVERAGE($G$2:$G$239)","=AVERAGE($D$2:$D$239)","=IFERROR(($AT133-G133)/$AT133,0)","=IFERROR(($AU133-D133)/$AU133,0)","=$AU133-D133"
Modern Mountain View Retreat,21325532,,128918,143496,954.95,41.16,338,4,3,12,true,false,true,true,true,false,false,Home/Apartment,House,House/villa,4.95,81,2,1,Luxury,true,350,false,135,46,2026-05-13,Glenwood Springs,Glenwood Springs,Glenwood Springs,Colorado,81601,United States,mountains_lakes,https://www.airbnb.com/rooms/763038523833937355,https://a0.muscache.com/im/pictures/miso/Hosting-763038523833937355/original/6ef20922-09f6-4784-8e1e-88b6b443d6f0.jpeg,763038523833937355,3150753,39.47882,-107.31528,"=AVERAGE($G$2:$G$239)","=AVERAGE($D$2:$D$239)","=IFERROR(($AT134-G134)/$AT134,0)","=IFERROR(($AU134-D134)/$AU134,0)","=$AU134-D134"
"Spring Creek Estate near Aspen, CO",41499410,,124852,146793,1664.69,32.61,326,4,3,10,true,false,true,true,true,true,false,Home/Apartment,House,House/villa,5,105,4,2-5,Luxury,true,350,false,75,13,2026-05-13,Glenwood Springs,Basalt,Carbondale,Colorado,81623,United States,mountains_lakes,https://www.airbnb.com/rooms/7873948,https://a0.muscache.com/im/pictures/100294278/3cd58830_original.jpg,7873948,513899,39.3875,-107.09368,"=AVERAGE($G$2:$G$239)","=AVERAGE($D$2:$D$239)","=IFERROR(($AT135-G135)/$AT135,0)","=IFERROR(($AU135-D135)/$AU135,0)","=$AU135-D135"
"Hot Tub, Fire-Pit on the River w/ Mountain Views!",133420805,,123425,131428,536.63,67.45,341,3,3,10,true,false,true,true,true,false,false,Home/Apartment,House,House/villa,4.85,152,3,6-20,Luxury,true,202,true,230,65,2026-05-17,Glenwood Springs,Glenwood Springs,Glenwood Springs,Colorado,81601,United States,mountains_lakes,https://www.airbnb.com/rooms/54167037,https://a0.muscache.com/im/pictures/miso/Hosting-54167037/original/b4f13ae0-a57a-4789-805a-1c2ecdfc10e3.jpeg,54167037,2609575,39.52972,-107.32726,"=AVERAGE($G$2:$G$239)","=AVERAGE($D$2:$D$239)","=IFERROR(($AT136-G136)/$AT136,0)","=IFERROR(($AU136-D136)/$AU136,0)","=$AU136-D136"
Basalt Estate Hot Tub & Sopris Views | The Ridge,Boutique Mountain Homes,,110444,113351,1187.57,66.91,171,4,4,8,true,false,true,true,true,true,false,Home/Apartment,House,House/villa,5,9,4,21+,Luxury,true,725,false,93,16,2026-05-13,Glenwood Springs,Basalt,Basalt,Colorado,81621,United States,mountains_lakes,https://www.airbnb.com/rooms/1554536505026755516,https://a0.muscache.com/im/pictures/prohost-api/Hosting-1554536505026755516/original/35643e32-f1e1-4da1-9a68-24cbc241ff0e.jpeg,1554536505026755516,4951168,39.37249,-107.03089,"=AVERAGE($G$2:$G$239)","=AVERAGE($D$2:$D$239)","=IFERROR(($AT137-G137)/$AT137,0)","=IFERROR(($AU137-D137)/$AU137,0)","=$AU137-D137"
$2 Million Modern Basalt Home Frying Pan River,2063313,,103700,114640,595.98,63.74,274,3,2,6,true,false,true,true,true,true,false,Home/Apartment,House,House/villa,5,154,2,2-5,Luxury,true,280,false,174,46,2026-03-30,Glenwood Springs,Basalt,Basalt,Colorado,81621,United States,mountains_lakes,https://www.airbnb.com/rooms/46217145,https://a0.muscache.com/im/pictures/miso/Hosting-46217145/original/04cd05d4-1678-40e1-9c10-0eb89e4c7242.jpeg,46217145,2159591,39.38364,-106.94435,"=AVERAGE($G$2:$G$239)","=AVERAGE($D$2:$D$239)","=IFERROR(($AT138-G138)/$AT138,0)","=IFERROR(($AU138-D138)/$AU138,0)","=$AU138-D138"
"Exquisite Modern Home W/ Pond, Hot Tub, Near Aspen",KEYLINK,,98062,108005,695.48,46.53,334,3,4,8,true,false,true,true,true,false,false,Home/Apartment,House,House/villa,4.85,108,2,21+,Luxury,true,339,true,141,38,2026-05-16,Glenwood Springs,Basalt,Carbondale,Colorado,81623,United States,mountains_lakes,https://www.airbnb.com/rooms/39444731,https://a0.muscache.com/im/pictures/47ebfabd-9f4a-4c63-b22d-73677e083a49.jpg,39444731,1790441,39.38334,-107.07757,"=AVERAGE($G$2:$G$239)","=AVERAGE($D$2:$D$239)","=IFERROR(($AT139-G139)/$AT139,0)","=IFERROR(($AU139-D139)/$AU139,0)","=$AU139-D139"
Luxury 35-Acre Retreat w/ Hot Tub & Amazing Views,111180459,,81874,154207,693.85,66.29,182,3,3,8,false,false,true,true,true,true,false,Home/Apartment,Cabin,House/villa,5,159,2,2-5,Luxury,true,344,true,118,42,2026-05-17,Glenwood Springs,Glenwood Springs,Glenwood Springs,Colorado,81601,United States,mountains_lakes,https://www.airbnb.com/rooms/42758767,https://a0.muscache.com/im/pictures/miso/Hosting-42758767/original/0936e250-0db1-4ccc-8c9d-4dce74e7b768.jpeg,42758767,2822814,39.5385,-107.2547,"=AVERAGE($G$2:$G$239)","=AVERAGE($D$2:$D$239)","=IFERROR(($AT140-G140)/$AT140,0)","=IFERROR(($AU140-D140)/$AU140,0)","=$AU140-D140"
Beautiful Home in Willits!,34761196,,75598,86321,354.92,85.89,329,2,2,6,true,false,false,true,true,true,false,Home/Apartment,House,House/villa,4.95,119,3,6-20,Luxury,true,295,true,213,14,2026-05-16,Glenwood Springs,Basalt,Carbondale,Colorado,81623,United States,mountains_lakes,https://www.airbnb.com/rooms/31619967,https://a0.muscache.com/im/pictures/miso/Hosting-31619967/original/287ee1b9-b49c-4365-b8ee-a53d917c7c8d.jpeg,31619967,1577130,39.38668,-107.08717,"=AVERAGE($G$2:$G$239)","=AVERAGE($D$2:$D$239)","=IFERROR(($AT141-G141)/$AT141,0)","=IFERROR(($AU141-D141)/$AU141,0)","=$AU141-D141"
"No Name Haus, dog friendly, hot tub, canyon views",88789604,,74854,98845,489.24,65.11,276,3,3,6,false,false,false,true,true,true,false,Home/Apartment,House,House/villa,4.95,204,3,1,Luxury,true,0,false,153,36,2026-05-13,Glenwood Springs,Glenwood Springs,Glenwood Springs,Colorado,81601,United States,mountains_lakes,https://www.airbnb.com/rooms/25780785,https://a0.muscache.com/im/pictures/miso/Hosting-25780785/original/c5497604-a3ac-4bf1-a6fd-b504dff90f77.jpeg,25780785,,39.55984,-107.29406,"=AVERAGE($G$2:$G$239)","=AVERAGE($D$2:$D$239)","=IFERROR(($AT142-G142)/$AT142,0)","=IFERROR(($AU142-D142)/$AU142,0)","=$AU142-D142"
Luxurious Willits Loft Getaway,98185388,,69870,71829,247.77,79.66,354,1,2,2,true,true,false,true,true,false,false,Home/Apartment,Apartment,Apt/Condo/Loft,5,117,2,2-5,Luxury,true,155,true,282,84,2026-05-17,Glenwood Springs,Basalt,Basalt,Colorado,81621,United States,mountains_lakes,https://www.airbnb.com/rooms/898690866389316347,https://a0.muscache.com/im/pictures/miso/Hosting-898690866389316347/original/f114238a-4bc5-4f32-8408-d615b89d268c.png,898690866389316347,3422617,39.38504,-107.08344,"=AVERAGE($G$2:$G$239)","=AVERAGE($D$2:$D$239)","=IFERROR(($AT143-G143)/$AT143,0)","=IFERROR(($AU143-D143)/$AU143,0)","=$AU143-D143"
Modern Valley Escape w/ Deck & Gym | Mountain,Boutique Mountain Homes,,69518,82306,404.17,63.7,286,2,2,5,true,true,false,true,false,false,false,Home/Apartment,Condominium (condo),Apt/Condo/Loft,4.85,108,2,21+,Luxury,true,265,false,172,33,2026-05-11,Glenwood Springs,Basalt,Basalt,Colorado,81621,United States,mountains_lakes,https://www.airbnb.com/rooms/660170366711320057,https://a0.muscache.com/im/pictures/prohost-api/Hosting-660170366711320057/original/e4a94e5b-e9a1-4bc4-961f-63ba17644d27.jpeg,660170366711320057,2886326,39.38379,-107.0821,"=AVERAGE($G$2:$G$239)","=AVERAGE($D$2:$D$239)","=IFERROR(($AT144-G144)/$AT144,0)","=IFERROR(($AU144-D144)/$AU144,0)","=$AU144-D144"
Beautiful & Spacious Basalt Home w/ Mountain Views,Christie'S Aspen Snowmass Rental Dept,,65398,65398,778.55,60.87,365,4,5,8,false,false,false,true,true,false,false,Home/Apartment,House,House/villa,0,0,30,21+,Luxury,false,602,false,84,2,2026-05-14,Glenwood Springs,Basalt,Basalt,Colorado,81621,United States,mountains_lakes,https://www.airbnb.com/rooms/1160968888286689135,https://a0.muscache.com/im/pictures/miso/Hosting-1160968888286689135/original/e1347488-9fb4-4b59-bc91-61e4a303fcb3.jpeg,1160968888286689135,4151039,39.3722,-107.0313,"=AVERAGE($G$2:$G$239)","=AVERAGE($D$2:$D$239)","=IFERROR(($AT145-G145)/$AT145,0)","=IFERROR(($AU145-D145)/$AU145,0)","=$AU145-D145"
Luxury Modern Mountain Home!,50315836,,65106,74058,1162.61,27.18,345,4,3,8,true,true,true,true,true,true,false,Home/Apartment,House,House/villa,5,2,2,2-5,Luxury,false,150,false,56,9,2026-05-16,Glenwood Springs,Basalt,Carbondale,Colorado,81623,United States,mountains_lakes,https://www.airbnb.com/rooms/1368998141741096352,"https://a0.muscache.com/im/pictures/hosting/Hosting-U3RheVN1cHBseUxpc3Rpbmc6MTM2ODk5ODE0MTc0MTA5NjM1Mg==/original/937f9aac-ef2c-4414-992c-1a147918e0fd.jpeg",1368998141741096352,4487860,39.3797839409,-107.0761909618,"=AVERAGE($G$2:$G$239)","=AVERAGE($D$2:$D$239)","=IFERROR(($AT146-G146)/$AT146,0)","=IFERROR(($AU146-D146)/$AU146,0)","=$AU146-D146"
"Aspen Hideaway - Hot Tub, Views, Pets, 7Acre, Luxe",22023341,,62959,70169,327.91,59.44,323,1,1,4,true,false,false,true,true,true,false,Home/Apartment,House,House/villa,4.55,98,3,6-20,Luxury,false,185,true,192,71,2026-05-11,Glenwood Springs,Basalt,Basalt,Colorado,81621,United States,mountains_lakes,https://www.airbnb.com/rooms/777504125335775636,https://a0.muscache.com/im/pictures/miso/Hosting-777504125335775636/original/f8630834-912e-47ec-8475-b6d1e7c21863.png,777504125335775636,3352068,39.36877,-107.06731,"=AVERAGE($G$2:$G$239)","=AVERAGE($D$2:$D$239)","=IFERROR(($AT147-G147)/$AT147,0)","=IFERROR(($AU147-D147)/$AU147,0)","=$AU147-D147"
Glenwood Springs Vacation Home 23-013,525710487,,62240,66754,464.48,40,347,,,8,true,false,false,true,true,true,false,Home/Apartment,House,House/villa,4.75,77,2,1,Luxury,false,180,true,134,46,2026-05-11,Glenwood Springs,Glenwood Springs,Glenwood Springs,Colorado,81601,United States,mountains_lakes,https://www.airbnb.com/rooms/935588588102507179,https://a0.muscache.com/im/pictures/633e2ab7-44ca-4ac1-81a4-f53cd3e2d38b.jpg,935588588102507179,,39.51435,-107.31653,"=AVERAGE($G$2:$G$239)","=AVERAGE($D$2:$D$239)","=IFERROR(($AT148-G148)/$AT148,0)","=IFERROR(($AU148-D148)/$AU148,0)","=$AU148-D148"
"Windance Cabin, Private Beach on 750 Acres For You",275333058,,60366,74733,553.82,54.77,221,3,1,8,false,false,true,true,true,true,true,Home/Apartment,House,House/villa,4.95,155,2,2-5,Luxury,true,250,false,109,32,2026-05-11,Glenwood Springs,Glenwood Springs,Gypsum,Colorado,81637,United States,mountains_lakes,https://www.airbnb.com/rooms/41154347,https://a0.muscache.com/im/pictures/f86a3b7d-7df7-4c65-a45b-fc72960cbdbc.jpg,41154347,3374949,39.76073,-107.13304,"=AVERAGE($G$2:$G$239)","=AVERAGE($D$2:$D$239)","=IFERROR(($AT149-G149)/$AT149,0)","=IFERROR(($AU149-D149)/$AU149,0)","=$AU149-D149"
1 Bedroom Plus Entire Peaceful Home,10644978,,59699,68149,282.93,66.14,319,1,1,2,true,false,false,true,true,true,false,Home/Apartment,House,House/villa,4.95,139,2,2-5,Luxury,true,24,false,211,59,2026-05-17,Glenwood Springs,Basalt,Basalt,Colorado,81621,United States,mountains_lakes,https://www.airbnb.com/rooms/51850334,https://a0.muscache.com/im/pictures/hosting/Hosting-51850334/original/e360ecf8-e77b-48f5-b88e-91106f590252.jpeg,51850334,,39.37021,-107.02561,"=AVERAGE($G$2:$G$239)","=AVERAGE($D$2:$D$239)","=IFERROR(($AT150-G150)/$AT150,0)","=IFERROR(($AU150-D150)/$AU150,0)","=$AU150-D150"
The Riverfront Oasis with indoor/outdoor Jacuzzis,321813927,,57700,63131,347.59,49.11,338,1,1,4,true,false,false,true,true,true,false,Home/Apartment,Cabin,House/villa,4.95,209,1,2-5,Luxury,true,150,false,166,51,2026-05-11,Glenwood Springs,Glenwood Springs,Glenwood Springs,Colorado,81601,United States,mountains_lakes,https://www.airbnb.com/rooms/53766003,https://a0.muscache.com/im/pictures/033ef5b2-ce48-4949-b0ae-442f2782b6b3.jpg,53766003,2737012,39.4760836721,-107.2784375863,"=AVERAGE($G$2:$G$239)","=AVERAGE($D$2:$D$239)","=IFERROR(($AT151-G151)/$AT151,0)","=IFERROR(($AU151-D151)/$AU151,0)","=$AU151-D151"
"Luxury MTN Home, Incredible Views! 24 Mi. to Aspen",KEYLINK,,56782,92208,511.55,47.84,262,3,3,8,false,false,false,true,true,true,false,Home/Apartment,House,House/villa,4.85,138,2,21+,Luxury,true,294,true,111,28,2026-05-16,Glenwood Springs,Basalt,Carbondale,Colorado,81623,United States,mountains_lakes,https://www.airbnb.com/rooms/24965331,https://a0.muscache.com/im/pictures/ba7cae0b-8920-4dfe-ba1f-369a462d2bf0.jpg,24965331,1337388,39.42949,-107.10337,"=AVERAGE($G$2:$G$239)","=AVERAGE($D$2:$D$239)","=IFERROR(($AT152-G152)/$AT152,0)","=IFERROR(($AU152-D152)/$AU152,0)","=$AU152-D152"
"Close to Ski Resorts, Walk to Town",230852,,56777,68198,645.19,39.82,309,2,2,6,true,false,false,true,true,true,false,Home/Apartment,House,House/villa,4.75,44,2,6-20,Luxury,true,250,false,88,18,2026-05-17,Glenwood Springs,Basalt,Basalt,Colorado,81621,United States,mountains_lakes,https://www.airbnb.com/rooms/15649942,https://a0.muscache.com/im/pictures/hosting/Hosting-15649942/original/906f8b46-9bdc-4d7b-8b07-f50d876ae0e8.jpeg,15649942,1429926,39.38718,-107.08594,"=AVERAGE($G$2:$G$239)","=AVERAGE($D$2:$D$239)","=IFERROR(($AT153-G153)/$AT153,0)","=IFERROR(($AU153-D153)/$AU153,0)","=$AU153-D153"
Modern Home w/ Rooftop Deck & Gym | Mid-Valley,Boutique Mountain Homes,,54813,60338,360.61,56.72,299,2,2,6,true,true,false,true,false,false,false,Home/Apartment,Condominium (condo),Apt/Condo/Loft,4.75,73,2,21+,Luxury,true,265,false,152,30,2026-05-13,Glenwood Springs,Basalt,Basalt,Colorado,81621,United States,mountains_lakes,https://www.airbnb.com/rooms/610114342835163551,https://a0.muscache.com/im/pictures/prohost-api/Hosting-610114342835163551/original/43be84f6-b411-4dd7-b12b-068e26365516.jpeg,610114342835163551,2769806,39.38732,-107.08513,"=AVERAGE($G$2:$G$239)","=AVERAGE($D$2:$D$239)","=IFERROR(($AT154-G154)/$AT154,0)","=IFERROR(($AU154-D154)/$AU154,0)","=$AU154-D154"
Charming Miner's Cottage Downtown Glenwood Springs,Tina W.,,54370,54453,258.9,57.85,363,1,1,4,true,false,false,true,false,true,false,Home/Apartment,House,House/villa,4.9,74,2,6-20,Luxury,true,125,false,210,67,2026-05-17,Glenwood Springs,Glenwood Springs,Glenwood Springs,Colorado,81601,United States,mountains_lakes,https://www.airbnb.com/rooms/1136169976093009229,https://a0.muscache.com/im/pictures/miso/Hosting-1136169976093009229/original/b462913f-35fa-46b3-abb4-af579f47225a.jpeg,1136169976093009229,4126968,39.5481,-107.3212,"=AVERAGE($G$2:$G$239)","=AVERAGE($D$2:$D$239)","=IFERROR(($AT155-G155)/$AT155,0)","=IFERROR(($AU155-D155)/$AU155,0)","=$AU155-D155"
Riverfront Luxury Cabin on the Frying Pan River,127684426,,53461,76408,607.51,37.61,314,1,1,5,true,false,false,true,true,false,false,Home/Apartment,Cabin,House/villa,5,101,3,1,Luxury,false,150,false,88,21,2019-10-31,Glenwood Springs,Basalt,Basalt,Colorado,81621,United States,mountains_lakes,https://www.airbnb.com/rooms/18424609,"https://a0.muscache.com/im/pictures/ae5e7ae7-83b2-4553-97b2-22f78c9d83d4.jpg?aki_policy=x_large",18424609,490970,39.3712,-107.02724,"=AVERAGE($G$2:$G$239)","=AVERAGE($D$2:$D$239)","=IFERROR(($AT156-G156)/$AT156,0)","=IFERROR(($AU156-D156)/$AU156,0)","=$AU156-D156"
Lazy Bear Cabin,455854802,,50896,62700,820.9,24.03,308,4,3,12,true,false,true,true,true,false,false,Home/Apartment,Cabin,House/villa,5,169,2,1,Luxury,true,350,true,62,21,2026-05-16,Glenwood Springs,Glenwood Springs,Glenwood Springs,Colorado,81601,United States,mountains_lakes,https://www.airbnb.com/rooms/612438897812210626,https://a0.muscache.com/im/pictures/miso/Hosting-612438897812210626/original/22abec8c-52ff-467b-9e8e-b4ca3efd0857.jpeg,612438897812210626,1712182,39.5163,-107.32434,"=AVERAGE($G$2:$G$239)","=AVERAGE($D$2:$D$239)","=IFERROR(($AT157-G157)/$AT157,0)","=IFERROR(($AU157-D157)/$AU157,0)","=$AU157-D157"
IMPECCIBLE MODERN LOFT IN BASALT,26530012,,49877,64744,514.2,51.6,289,2,2,6,true,true,false,true,true,false,false,Home/Apartment,Loft,Apt/Condo/Loft,4.9,23,3,2-5,Luxury,true,300,true,97,20,2026-05-13,Glenwood Springs,Basalt,Basalt,Colorado,81621,United States,mountains_lakes,https://www.airbnb.com/rooms/12302216,https://a0.muscache.com/im/pictures/9e0a5cc8-970a-429a-904a-93b20f8a900f.jpg,12302216,,39.38729,-107.08376,"=AVERAGE($G$2:$G$239)","=AVERAGE($D$2:$D$239)","=IFERROR(($AT158-G158)/$AT158,0)","=IFERROR(($AU158-D158)/$AU158,0)","=$AU158-D158"
One of a kind hilltop estate in Aspen Valley!,574012436,,49175,90465,702.5,44.59,182,3,3,6,true,false,false,true,true,true,false,Home/Apartment,House,House/villa,5,7,3,2-5,Luxury,false,300,false,70,15,2025-12-02,Glenwood Springs,Basalt,Basalt,Colorado,81621,United States,mountains_lakes,https://www.airbnb.com/rooms/1141959613472715530,https://a0.muscache.com/im/pictures/hosting/Hosting-U3RheVN1cHBseUxpc3Rpbmc6MTE0MTk1OTYxMzQ3MjcxNTUzMA%3D%3D/original/65acf350-1f58-4b86-919a-fbbd2e3ad5b4.png,1141959613472715530,,39.37242,-107.067636,"=AVERAGE($G$2:$G$239)","=AVERAGE($D$2:$D$239)","=IFERROR(($AT159-G159)/$AT159,0)","=IFERROR(($AU159-D159)/$AU159,0)","=$AU159-D159"
Mountain Modern Cabin | River Access to Frying Pan,666222971,,48753,53583,304.71,54.42,339,1,1,4,false,false,false,true,true,false,false,Home/Apartment,Cabin,House/villa,5,17,3,6-20,Luxury,true,0,false,160,36,2026-05-13,Glenwood Springs,Basalt,Basalt,Colorado,81621,United States,mountains_lakes,https://www.airbnb.com/rooms/1384171970031690200,https://a0.muscache.com/im/pictures/miso/Hosting-1384171970031690200/original/4c214ee8-f5fb-485d-a978-018f89d40317.jpeg,1384171970031690200,,39.3689999359,-107.0291302573,"=AVERAGE($G$2:$G$239)","=AVERAGE($D$2:$D$239)","=IFERROR(($AT160-G160)/$AT160,0)","=IFERROR(($AU160-D160)/$AU160,0)","=$AU160-D160"
Beautiful Willits Home-minutes from Aspen,499551962,,48422,58497,484.22,66.67,320,3,3,5,true,false,false,true,true,false,false,Home/Apartment,House,House/villa,5,3,30,1,Luxury,false,300,false,100,3,2026-05-14,Glenwood Springs,Basalt,Basalt,Colorado,81621,United States,mountains_lakes,https://www.airbnb.com/rooms/819657419447837201,https://a0.muscache.com/im/pictures/miso/Hosting-819657419447837201/original/d6e9b16a-df1f-4602-9b65-1c8a715aa66f.jpeg,819657419447837201,5142463,39.3817,-107.0845,"=AVERAGE($G$2:$G$239)","=AVERAGE($D$2:$D$239)","=IFERROR(($AT161-G161)/$AT161,0)","=IFERROR(($AU161-D161)/$AU161,0)","=$AU161-D161"
"Lovely contemporary home, sleeps 10",494714499,,46926,83996,711,31.73,269,4,3,10,true,false,false,true,true,false,false,Home/Apartment,House,House/villa,4.9,20,3,2-5,Luxury,false,375,true,66,14,2026-05-13,Glenwood Springs,Basalt,Carbondale,Colorado,81623,United States,mountains_lakes,https://www.airbnb.com/rooms/1204434394596645279,https://a0.muscache.com/im/pictures/miso/Hosting-1204434394596645279/original/1d4c33b6-11bd-4802-85da-63122fae2854.jpeg,1204434394596645279,4093440,39.42058,-107.08879,"=AVERAGE($G$2:$G$239)","=AVERAGE($D$2:$D$239)","=IFERROR(($AT162-G162)/$AT162,0)","=IFERROR(($AU162-D162)/$AU162,0)","=$AU162-D162"
HUGE VIEWS + LUX Finishes Outside Aspen,,,44454,62510,653.74,33.01,244,3,3,6,true,true,false,true,true,false,false,Home/Apartment,House,House/villa,5,22,2,1,Luxury,false,250,true,68,20,2026-05-17,Glenwood Springs,Basalt,Carbondale,Colorado,81623,United States,mountains_lakes,https://www.vrbo.com/3515194,"https://media.vrbo.com/lodging/97000000/96160000/96153700/96153675/127acdf3.jpg?impolicy=resizecrop&rw=1200&ra=fit",,3515194,39.41524,-107.113075,"=AVERAGE($G$2:$G$239)","=AVERAGE($D$2:$D$239)","=IFERROR(($AT163-G163)/$AT163,0)","=IFERROR(($AU163-D163)/$AU163,0)","=$AU163-D163"
Riverside Retreat,31677081,,42707,49403,410.64,41.43,278,2,1,6,false,false,false,true,true,true,false,Home/Apartment,House,House/villa,5,16,2,2-5,Luxury,true,100,true,104,26,2026-05-14,Glenwood Springs,Glenwood Springs,Glenwood Springs,Colorado,81601,United States,mountains_lakes,https://www.airbnb.com/rooms/1434371759076862549,https://a0.muscache.com/im/pictures/hosting/Hosting-1434371759076862549/original/ae6652a2-fb31-462e-8658-7027bffc74e0.jpeg,1434371759076862549,,39.4778970262,-107.2832882301,"=AVERAGE($G$2:$G$239)","=AVERAGE($D$2:$D$239)","=IFERROR(($AT164-G164)/$AT164,0)","=IFERROR(($AU164-D164)/$AU164,0)","=$AU164-D164"
River Nest Resort,854795,,42298,42298,1409.93,32.26,93,6,3,12,true,false,false,true,true,true,false,Home/Apartment,Cabin,House/villa,4.6,5,2,21+,Luxury,true,75,true,30,5,2025-02-28,Glenwood Springs,Silt,Silt,Colorado,81652,United States,mountains_lakes,https://www.airbnb.com/rooms/52186921,https://a0.muscache.com/im/pictures/miso/Hosting-52186921/original/4da43eb0-2b20-484b-8486-7aa3055a655d.jpeg,52186921,,39.53763,-107.64605,"=AVERAGE($G$2:$G$239)","=AVERAGE($D$2:$D$239)","=IFERROR(($AT165-G165)/$AT165,0)","=IFERROR(($AU165-D165)/$AU165,0)","=$AU165-D165"
Superior Location!  Basalt/Aspen - Entire Home,52339066,,41326,44493,303.87,59.65,286,2,2,4,true,false,true,true,true,true,false,Home/Apartment,House,House/villa,4.65,36,4,2-5,Luxury,true,150,false,136,16,2026-05-16,Glenwood Springs,Basalt,Basalt,Colorado,81621,United States,mountains_lakes,https://www.airbnb.com/rooms/994268542472395487,https://a0.muscache.com/im/pictures/miso/Hosting-994268542472395487/original/c34ccc77-4d45-439a-961e-1f06fb1fde42.jpeg,994268542472395487,3654061,39.38682,-107.08571,"=AVERAGE($G$2:$G$239)","=AVERAGE($D$2:$D$239)","=IFERROR(($AT166-G166)/$AT166,0)","=IFERROR(($AU166-D166)/$AU166,0)","=$AU166-D166"
Designer Mountain Home Outside Aspen!,211204626,,40387,42065,776.67,49.52,112,4,3,12,false,false,false,false,true,false,false,Home/Apartment,House,House/villa,5,5,3,1,Luxury,false,250,false,52,11,2026-05-17,Glenwood Springs,Basalt,Carbondale,Colorado,81623,United States,mountains_lakes,https://www.airbnb.com/rooms/1553789977170182341,https://a0.muscache.com/im/pictures/hosting/Hosting-1553789977170182341/original/6cca0c7d-0e66-4cef-a0ab-08bb0bf8f23d.png,1553789977170182341,4949232,39.40302,-107.09874,"=AVERAGE($G$2:$G$239)","=AVERAGE($D$2:$D$239)","=IFERROR(($AT167-G167)/$AT167,0)","=IFERROR(($AU167-D167)/$AU167,0)","=$AU167-D167"
Cool Down in Your Summer Basecamp Near Aspen,466245350,,40335,44190,176.91,71.47,339,1,1,2,true,true,false,true,true,true,false,Home/Apartment,Loft,Apt/Condo/Loft,5,4,28,1,Luxury,true,151,true,228,9,2026-05-15,Glenwood Springs,Basalt,Basalt,Colorado,81621,United States,mountains_lakes,https://www.airbnb.com/rooms/1088108843816978847,https://a0.muscache.com/im/pictures/hosting/Hosting-1088108843816978847/original/7dbb87e9-71c7-456f-acd3-641aa537a93f.jpeg,1088108843816978847,,39.38565,-107.08326,"=AVERAGE($G$2:$G$239)","=AVERAGE($D$2:$D$239)","=IFERROR(($AT168-G168)/$AT168,0)","=IFERROR(($AU168-D168)/$AU168,0)","=$AU168-D168"
Mountain Victorian+Heart of Downtown+Kitchen+Yard!,PONDEROSA LODGE,,40135,41956,337.27,35.42,343,2,2,6,true,false,false,true,true,false,false,Home/Apartment,House,House/villa,4.8,600,2,21+,Luxury,true,49,true,119,44,2026-05-13,Glenwood Springs,Glenwood Springs,Glenwood Springs,Colorado,81601,United States,mountains_lakes,https://www.airbnb.com/rooms/20859098,https://a0.muscache.com/im/pictures/fb580362-67e6-4724-8a2b-06848ea86b21.jpg,20859098,3192250,39.5505,-107.3248,"=AVERAGE($G$2:$G$239)","=AVERAGE($D$2:$D$239)","=IFERROR(($AT169-G169)/$AT169,0)","=IFERROR(($AU169-D169)/$AU169,0)","=$AU169-D169"
Modern home near Basalt,,,38770,42259,731.51,30.64,349,3,3,10,true,false,false,true,true,true,false,Home/Apartment,House,House/villa,5,6,4,1,Luxury,false,400,true,53,8,2026-05-14,Glenwood Springs,Basalt,Carbondale,Colorado,81623,United States,mountains_lakes,https://www.vrbo.com/3323495,"https://media.vrbo.com/lodging/93000000/92340000/92338200/92338120/17c6d85d.jpg?impolicy=resizecrop&rw=1200&ra=fit",,3323495,39.391263,-107.086352,"=AVERAGE($G$2:$G$239)","=AVERAGE($D$2:$D$239)","=IFERROR(($AT170-G170)/$AT170,0)","=IFERROR(($AU170-D170)/$AU170,0)","=$AU170-D170"
Mountain House Near Aspen,23896898,,37974,58749,212.15,95.21,253,3,2,8,true,false,false,true,true,false,false,Home/Apartment,House,House/villa,0,0,6,2-5,Luxury,false,100,false,179,3,2026-05-14,Glenwood Springs,Glenwood Springs,Glenwood Springs,Colorado,81601,United States,mountains_lakes,https://www.airbnb.com/rooms/1275372588171031959,https://a0.muscache.com/im/pictures/miso/Hosting-1275372588171031959/original/308fbc07-deae-48fc-950b-9cd155e35fa9.jpeg,1275372588171031959,,39.4556,-107.3075,"=AVERAGE($G$2:$G$239)","=AVERAGE($D$2:$D$239)","=IFERROR(($AT171-G171)/$AT171,0)","=IFERROR(($AU171-D171)/$AU171,0)","=$AU171-D171"
"Mountain Escape | Hot Tub, Views Near Basalt/Aspen",26207828,,36679,40640,719.2,53.12,142,3,3,8,false,false,true,true,true,true,false,Home/Apartment,House,House/villa,4.9,10,2,1,Luxury,true,374,false,51,16,2026-05-13,Glenwood Springs,Basalt,Basalt,Colorado,81621,United States,mountains_lakes,https://www.airbnb.com/rooms/1546447042491424271,https://a0.muscache.com/im/pictures/hosting/Hosting-1546447042491424271/original/7c9eb680-d85e-47a5-af6f-a2a6eb2ddd46.png,1546447042491424271,,39.3776,-107.10221,"=AVERAGE($G$2:$G$239)","=AVERAGE($D$2:$D$239)","=IFERROR(($AT172-G172)/$AT172,0)","=IFERROR(($AU172-D172)/$AU172,0)","=$AU172-D172"
New Modern Farmhouse - A beautiful vacation home in the heart of historic Basalt,,,36508,91320,793.65,61.33,175,3,2,6,true,false,false,true,true,false,false,Home/Apartment,House,House/villa,5,11,5,1,Luxury,false,250,false,46,6,2026-05-16,Glenwood Springs,Basalt,Basalt,Colorado,81621,United States,mountains_lakes,https://www.vrbo.com/2709038,"https://media.vrbo.com/lodging/77000000/76430000/76428600/76428573/9d6e1a2e.jpg?impolicy=resizecrop&rw=1200&ra=fit",,2709038,39.370123,-107.03422,"=AVERAGE($G$2:$G$239)","=AVERAGE($D$2:$D$239)","=IFERROR(($AT173-G173)/$AT173,0)","=IFERROR(($AU173-D173)/$AU173,0)","=$AU173-D173"
Unique Downtown Basalt Cottage,Christie'S Aspen Snowmass Rental Dept,,35049,72510,745.72,52.81,288,4,3,7,true,false,true,true,true,false,false,Home/Apartment,House,House/villa,0,0,5,21+,Luxury,false,499,false,47,3,2026-05-14,Glenwood Springs,Basalt,Basalt,Colorado,81621,United States,mountains_lakes,https://www.airbnb.com/rooms/1298061855942408518,https://a0.muscache.com/im/pictures/miso/Hosting-1298061855942408518/original/fa8c5cde-9d2e-4377-a6fc-73300aa4b65e.jpeg,1298061855942408518,4330236,39.3711,-107.0345,"=AVERAGE($G$2:$G$239)","=AVERAGE($D$2:$D$239)","=IFERROR(($AT174-G174)/$AT174,0)","=IFERROR(($AU174-D174)/$AU174,0)","=$AU174-D174"
"Historic Log Cabin downtown Basalt, Aspen Skiing",494714499,,32205,49713,644.1,31.45,250,3,2,7,true,false,false,true,true,false,false,Home/Apartment,House,House/villa,4.85,40,3,2-5,Luxury,false,276,false,50,13,2026-05-13,Glenwood Springs,Basalt,Basalt,Colorado,81621,United States,mountains_lakes,https://www.airbnb.com/rooms/913211058348614331,https://a0.muscache.com/im/pictures/hosting/Hosting-U3RheVN1cHBseUxpc3Rpbmc6OTEzMjExMDU4MzQ4NjE0MzMx/original/b0c73e79-9569-4db4-bd9d-9127afaec1ca.jpeg,913211058348614331,3474151,39.36892,-107.02324,"=AVERAGE($G$2:$G$239)","=AVERAGE($D$2:$D$239)","=IFERROR(($AT175-G175)/$AT175,0)","=IFERROR(($AU175-D175)/$AU175,0)","=$AU175-D175"
Mountain Top Grain Bin Romantic,155593682,,31573,33364,244.75,40.19,336,1,1,2,true,false,false,false,true,false,false,Home/Apartment,Farm stay,Unique,4.95,59,1,2-5,Luxury,false,53,true,129,71,2026-05-17,Glenwood Springs,New Castle,New Castle,Colorado,81647,United States,mountains_lakes,https://www.airbnb.com/rooms/1329089761898009974,https://a0.muscache.com/im/pictures/hosting/Hosting-1329089761898009974/original/18e19905-9363-4cc7-a45c-e6160a235941.jpeg,1329089761898009974,,39.6844882355,-107.6478879363,"=AVERAGE($G$2:$G$239)","=AVERAGE($D$2:$D$239)","=IFERROR(($AT176-G176)/$AT176,0)","=IFERROR(($AU176-D176)/$AU176,0)","=$AU176-D176"
"Ideally located, well equipped condo in Basalt's Willits town center.  ",,,28340,40963,464.59,39.61,237,2,2,6,true,true,false,true,true,false,false,Home/Apartment,Condominium (condo),Apt/Condo/Loft,5,25,3,1,Luxury,false,200,false,61,15,2026-05-16,Glenwood Springs,Basalt,Basalt,Colorado,81621,United States,mountains_lakes,https://www.vrbo.com/3101857,"https://media.vrbo.com/lodging/89000000/88970000/88966200/88966182/c7e2292d.jpg?impolicy=resizecrop&rw=1200&ra=fit",,3101857,39.387211,-107.083546,"=AVERAGE($G$2:$G$239)","=AVERAGE($D$2:$D$239)","=IFERROR(($AT177-G177)/$AT177,0)","=IFERROR(($AU177-D177)/$AU177,0)","=$AU177-D177"
Piñon Hollow | Retreat w/ Hot Tub & Mtn Views,Boutique Mountain Homes,,27348,34851,463.53,66.29,91,3,2,6,false,false,true,true,true,false,false,Home/Apartment,House,House/villa,4.95,103,4,21+,Luxury,true,250,false,59,18,2025-09-15,Glenwood Springs,Basalt,Carbondale,Colorado,81623,United States,mountains_lakes,https://www.airbnb.com/rooms/645615906249337710,https://a0.muscache.com/im/pictures/prohost-api/Hosting-645615906249337710/original/207f8aef-e83a-4f0a-8bea-c1882e63deed.jpeg,645615906249337710,2852930,39.41026,-107.11211,"=AVERAGE($G$2:$G$239)","=AVERAGE($D$2:$D$239)","=IFERROR(($AT178-G178)/$AT178,0)","=IFERROR(($AU178-D178)/$AU178,0)","=$AU178-D178"
Fabulous Roaring Fork Home,975972,,27002,51344,574.51,55.29,249,3,2,6,true,false,true,true,true,false,false,Home/Apartment,House,House/villa,5,24,4,2-5,Luxury,false,275,false,47,11,2026-03-17,Glenwood Springs,Basalt,Carbondale,Colorado,81623,United States,mountains_lakes,https://www.airbnb.com/rooms/1095236516286243542,https://a0.muscache.com/im/pictures/hosting/Hosting-U3RheVN1cHBseUxpc3Rpbmc6MTA5NTIzNjUxNjI4NjI0MzU0Mg%3D%3D/original/9f87c04f-4ec6-46d1-a3c0-79c16fe98e75.jpeg,1095236516286243542,4240630,39.3993,-107.102,"=AVERAGE($G$2:$G$239)","=AVERAGE($D$2:$D$239)","=IFERROR(($AT179-G179)/$AT179,0)","=IFERROR(($AU179-D179)/$AU179,0)","=$AU179-D179"
Pet Friendly Contemporary Ranch Home with Stunning Views on Main Elk Creek!,,,26738,45316,486.15,33.95,306,2,2,4,true,false,false,true,true,true,false,Home/Apartment,House,House/villa,5,20,5,1,Luxury,false,349,true,55,12,2026-05-14,Glenwood Springs,New Castle,New Castle,Colorado,81647,United States,mountains_lakes,https://www.vrbo.com/2888607,"https://media.vrbo.com/lodging/83000000/82940000/82934500/82934487/9083862d.jpg?impolicy=resizecrop&rw=1200&ra=fit",,2888607,39.65056,-107.561495,"=AVERAGE($G$2:$G$239)","=AVERAGE($D$2:$D$239)","=IFERROR(($AT180-G180)/$AT180,0)","=IFERROR(($AU180-D180)/$AU180,0)","=$AU180-D180"
Roaring Fork River Charm,99939934,,26015,28615,273.84,63.76,205,1,2,3,false,false,false,true,true,false,false,Home/Apartment,House,House/villa,4.95,17,2,1,Luxury,true,0,false,95,14,2026-05-14,Glenwood Springs,Basalt,Basalt,Colorado,81621,United States,mountains_lakes,https://www.airbnb.com/rooms/1280059132825894532,https://a0.muscache.com/im/pictures/hosting/Hosting-1280059132825894532/original/702dbeaa-5982-4e47-b710-e1a6ed2397a1.jpeg,1280059132825894532,,39.3718,-107.0836,"=AVERAGE($G$2:$G$239)","=AVERAGE($D$2:$D$239)","=IFERROR(($AT181-G181)/$AT181,0)","=IFERROR(($AU181-D181)/$AU181,0)","=$AU181-D181"
Lavender Lodge Riverside Mountain Cabin,58618951,,24383,25156,320.83,36.19,232,2,1,4,true,false,false,true,true,false,false,Home/Apartment,Cabin,House/villa,4.8,20,1,2-5,Luxury,true,130,true,76,28,2026-05-15,Glenwood Springs,Glenwood Springs,Glenwood Springs,Colorado,81601,United States,mountains_lakes,https://www.airbnb.com/rooms/1505804591129055197,https://a0.muscache.com/im/pictures/hosting/Hosting-1505804591129055197/original/e1bba9f4-ac29-409c-a30b-01a4e68eab95.jpeg,1505804591129055197,4599780,39.5164,-107.32297,"=AVERAGE($G$2:$G$239)","=AVERAGE($D$2:$D$239)","=IFERROR(($AT182-G182)/$AT182,0)","=IFERROR(($AU182-D182)/$AU182,0)","=$AU182-D182"
"Creek Cottage, Firepit Patio, Hot Tub, Sauna, Bike",190494013,,24214,35629,249.63,92.38,133,1,1,3,true,false,false,true,true,true,false,Home/Apartment,House,House/villa,5,5,2,6-20,Luxury,true,141,false,97,13,2026-05-13,Glenwood Springs,Glenwood Springs,Glenwood Springs,Colorado,81601,United States,mountains_lakes,https://www.airbnb.com/rooms/1529731603783674979,https://a0.muscache.com/im/pictures/hosting/Hosting-1529731603783674979/original/10259202-bfe4-433f-ac94-8052f968c99d.jpeg,1529731603783674979,4892199,39.56174,-107.29814,"=AVERAGE($G$2:$G$239)","=AVERAGE($D$2:$D$239)","=IFERROR(($AT183-G183)/$AT183,0)","=IFERROR(($AU183-D183)/$AU183,0)","=$AU183-D183"
"Sleeps 16, Secluded 7BDR Retreat | Elkstone Lodge",AvantStay,,23177,23637,1448.56,16.33,149,7,5,16,false,false,true,true,true,true,false,Home/Apartment,House,House/villa,5,2,2,21+,Luxury,false,786,false,16,5,2026-05-16,Glenwood Springs,Glenwood Springs,Glenwood Springs,Colorado,81601,United States,mountains_lakes,https://www.airbnb.com/rooms/1577172417651213767,https://a0.muscache.com/im/pictures/prohost-api/Hosting-1577172417651213767/original/af67708c-2dcf-4dfa-b304-49a0f29f0535.jpeg,1577172417651213767,5002195,39.4891393805,-107.2219185649,"=AVERAGE($G$2:$G$239)","=AVERAGE($D$2:$D$239)","=IFERROR(($AT184-G184)/$AT184,0)","=IFERROR(($AU184-D184)/$AU184,0)","=$AU184-D184"
Flat Tops Ranch. Off Grid Cabin on the Flat Tops,297762216,,23085,27392,226.32,75.56,327,1,1,6,false,false,false,true,true,false,false,Home/Apartment,Farm stay,Unique,4.8,4,3,1,Luxury,false,0,false,102,1,2025-02-08,Glenwood Springs,Rifle,New Castle,Colorado,81647,United States,mountains_lakes,https://www.airbnb.com/rooms/53792954,https://a0.muscache.com/im/pictures/acf5afbb-32b2-4ef7-8a3f-2c57b2db2158.jpg,53792954,1202084,39.72655,-107.6558,"=AVERAGE($G$2:$G$239)","=AVERAGE($D$2:$D$239)","=IFERROR(($AT185-G185)/$AT185,0)","=IFERROR(($AU185-D185)/$AU185,0)","=$AU185-D185"
Riverside Unit on the Frying Pan,666222971,,22942,24824,249.37,30.56,344,1,1,4,false,false,false,false,true,false,false,Home/Apartment,Apartment,Apt/Condo/Loft,4.95,28,2,6-20,Luxury,true,0,false,92,34,2026-05-17,Glenwood Springs,Basalt,Basalt,Colorado,81621,United States,mountains_lakes,https://www.airbnb.com/rooms/1313274855082539762,https://a0.muscache.com/im/pictures/hosting/Hosting-U3RheVN1cHBseUxpc3Rpbmc6MTMxMzI3NDg1NTA4MjUzOTc2Mg%3D%3D/original/2ecc3353-2aff-4ca6-afd9-7287b8c69340.jpeg,1313274855082539762,,39.3688666336,-107.0308095313,"=AVERAGE($G$2:$G$239)","=AVERAGE($D$2:$D$239)","=IFERROR(($AT186-G186)/$AT186,0)","=IFERROR(($AU186-D186)/$AU186,0)","=$AU186-D186"
Ski Snowmass/Aspen & Stay Luxury Carbondale Home,70230170,,22370,39597,860.38,41.27,111,3,2,7,true,false,true,true,true,true,true,Home/Apartment,House,House/villa,5,29,2,1,Luxury,false,300,false,26,5,2026-05-17,Glenwood Springs,Basalt,Carbondale,Colorado,81623,United States,mountains_lakes,https://www.airbnb.com/rooms/821030758831471759,https://a0.muscache.com/im/pictures/miso/Hosting-821030758831471759/original/768e81fd-6a0c-46c3-bcb3-51cfdfc55c39.jpeg,821030758831471759,3246711,39.429,-107.1038,"=AVERAGE($G$2:$G$239)","=AVERAGE($D$2:$D$239)","=IFERROR(($AT187-G187)/$AT187,0)","=IFERROR(($AU187-D187)/$AU187,0)","=$AU187-D187"
"Old Town Garden Suite,  Basalt",25006274,,22289,23582,289.47,37.02,353,1,1,3,false,false,false,true,true,false,false,Home/Apartment,Guest suite,House/villa,4.9,194,3,1,Luxury,true,150,false,77,20,2026-05-17,Glenwood Springs,Basalt,Basalt,Colorado,81621,United States,mountains_lakes,https://www.airbnb.com/rooms/27549821,https://a0.muscache.com/im/pictures/e7666d9e-d133-42d5-afbc-320a73dc6499.jpg,27549821,,39.3701,-107.0339,"=AVERAGE($G$2:$G$239)","=AVERAGE($D$2:$D$239)","=IFERROR(($AT188-G188)/$AT188,0)","=IFERROR(($AU188-D188)/$AU188,0)","=$AU188-D188"
Dazzling New Remodel+Kitchen #5,PONDEROSA LODGE,,22236,22343,229.24,28.87,363,1,1,2,true,false,false,true,true,false,false,Home/Apartment,Cabin,House/villa,4.85,45,1,21+,Luxury,true,20,true,97,45,2026-05-16,Glenwood Springs,Glenwood Springs,Glenwood Springs,Colorado,81601,United States,mountains_lakes,https://www.airbnb.com/rooms/1186655923127869559,https://a0.muscache.com/im/pictures/prohost-api/Hosting-1186655923127869559/original/8dc03bfe-113c-4db7-9370-d9747732d00d.jpeg,1186655923127869559,4147572,39.5611,-107.3493,"=AVERAGE($G$2:$G$239)","=AVERAGE($D$2:$D$239)","=IFERROR(($AT189-G189)/$AT189,0)","=IFERROR(($AU189-D189)/$AU189,0)","=$AU189-D189"
Old Town Basalt Guest House,,,21488,38820,413.23,40.62,245,1,1,4,false,false,false,true,true,false,false,Home/Apartment,House,House/villa,5,74,4,1,Luxury,false,150,false,52,7,2026-05-17,Glenwood Springs,Basalt,Basalt,Colorado,81621,United States,mountains_lakes,https://www.vrbo.com/1649226,"https://media.vrbo.com/lodging/38000000/37900000/37891400/37891352/6f3846c3.jpg?impolicy=resizecrop&rw=1200&ra=fit",,1649226,39.368921,-107.034396,"=AVERAGE($G$2:$G$239)","=AVERAGE($D$2:$D$239)","=IFERROR(($AT190-G190)/$AT190,0)","=IFERROR(($AU190-D190)/$AU190,0)","=$AU190-D190"
"Modern Barn Apt w/Fireplace & Grill, 6 mi. 2 Ski!",KEYLINK,,20290,24392,235.93,55.48,155,1,1,4,false,false,false,true,true,false,false,Home/Apartment,Apartment,Apt/Condo/Loft,4.6,58,2,21+,Luxury,true,140,true,86,27,2025-10-21,Glenwood Springs,Glenwood Springs,Glenwood Springs,Colorado,81601,United States,mountains_lakes,https://www.airbnb.com/rooms/826195059732409974,https://a0.muscache.com/im/pictures/miso/Hosting-826195059732409974/original/70483942-8e0a-4848-bb01-3a21e15e73cb.jpeg,826195059732409974,3252829,39.47065,-107.32066,"=AVERAGE($G$2:$G$239)","=AVERAGE($D$2:$D$239)","=IFERROR(($AT191-G191)/$AT191,0)","=IFERROR(($AU191-D191)/$AU191,0)","=$AU191-D191"
Roaring Fork Retreat w/ Large Yard | Deer Run,Boutique Mountain Homes,,19907,35471,473.98,52.5,110,3,2,8,false,false,false,true,false,true,false,Home/Apartment,House,House/villa,5,13,4,21+,Luxury,true,315,false,42,11,2026-03-21,Glenwood Springs,Basalt,Carbondale,Colorado,81623,United States,mountains_lakes,https://www.airbnb.com/rooms/1323293445921293324,https://a0.muscache.com/im/pictures/prohost-api/Hosting-1323293445921293324/original/30d1f26c-7b11-424d-ab50-589600c4f3e0.jpeg,1323293445921293324,4358519,39.40265,-107.10058,"=AVERAGE($G$2:$G$239)","=AVERAGE($D$2:$D$239)","=IFERROR(($AT192-G192)/$AT192,0)","=IFERROR(($AU192-D192)/$AU192,0)","=$AU192-D192"
Cozy 1-Bedroom at Aspenalt Lodge,666222971,,19162,32996,290.33,43.42,273,1,1,4,true,false,false,true,true,false,false,Home/Apartment,Apartment,Apt/Condo/Loft,5,4,2,6-20,Luxury,true,0,false,66,18,2026-05-07,Glenwood Springs,Basalt,Basalt,Colorado,81621,United States,mountains_lakes,https://www.airbnb.com/rooms/1369661662069021121,"https://a0.muscache.com/im/pictures/hosting/Hosting-U3RheVN1cHBseUxpc3Rpbmc6MTM2OTY2MTY2MjA2OTAyMTEyMQ==/original/91baf940-fbc5-4d3f-a41b-23d96289df43.jpeg",1369661662069021121,,39.36825,-107.03512,"=AVERAGE($G$2:$G$239)","=AVERAGE($D$2:$D$239)","=IFERROR(($AT193-G193)/$AT193,0)","=IFERROR(($AU193-D193)/$AU193,0)","=$AU193-D193"
Cabin Riverfront View and Access,58618951,,18751,22623,390.65,24.62,258,2,2,4,true,false,false,true,true,false,false,Home/Apartment,Cabin,House/villa,5,2,3,2-5,Luxury,true,151,true,48,17,2026-05-15,Glenwood Springs,Glenwood Springs,Glenwood Springs,Colorado,81601,United States,mountains_lakes,https://www.airbnb.com/rooms/1467538560939262260,https://a0.muscache.com/im/pictures/hosting/Hosting-1467538560939262260/original/1b637e24-9a89-460f-8e2d-6d36b1449b03.jpeg,1467538560939262260,4715937,39.51643,-107.32241,"=AVERAGE($G$2:$G$239)","=AVERAGE($D$2:$D$239)","=IFERROR(($AT194-G194)/$AT194,0)","=IFERROR(($AU194-D194)/$AU194,0)","=$AU194-D194"
"Aspen Lodge - Luxe, Central, Family & Pets",736644483,,17958,23098,579.29,37.8,94,3,2,12,true,false,false,true,true,true,false,Home/Apartment,Cabin,House/villa,5,8,28,1,Luxury,true,397,false,31,8,2026-05-15,Glenwood Springs,Basalt,Basalt,Colorado,81621,United States,mountains_lakes,https://www.airbnb.com/rooms/1586994181759763636,https://a0.muscache.com/im/pictures/prohost-api/Hosting-1586994181759763636/original/a71d306b-eafd-43f2-97c2-44fbd81c85d0.jpeg,1586994181759763636,,39.3788573062,-107.0840814071,"=AVERAGE($G$2:$G$239)","=AVERAGE($D$2:$D$239)","=IFERROR(($AT195-G195)/$AT195,0)","=IFERROR(($AU195-D195)/$AU195,0)","=$AU195-D195"
Cozy ADU in the Heart of Willits,34761196,,16186,24184,202.32,67.8,206,1,1,2,true,false,false,true,true,true,false,Home/Apartment,House,House/villa,4.9,8,3,6-20,Luxury,true,119,false,80,4,2026-05-13,Glenwood Springs,Basalt,Carbondale,Colorado,81623,United States,mountains_lakes,https://www.airbnb.com/rooms/1347505559084587155,https://a0.muscache.com/im/pictures/miso/Hosting-1347505559084587155/original/97d75922-4344-4e8d-a13c-43372926e734.jpeg,1347505559084587155,,39.3866104314,-107.0872822449,"=AVERAGE($G$2:$G$239)","=AVERAGE($D$2:$D$239)","=IFERROR(($AT196-G196)/$AT196,0)","=IFERROR(($AU196-D196)/$AU196,0)","=$AU196-D196"
Aspen Valley Snow Cube,165857885,,15345,15382,300.88,25.76,364,1,1,2,false,false,false,true,true,true,false,Home/Apartment,Tiny house,Unique,5,2,2,2-5,Luxury,false,126,false,51,12,2026-05-15,Glenwood Springs,Basalt,Carbondale,Colorado,81623,United States,mountains_lakes,https://www.airbnb.com/rooms/1366027771208803189,https://a0.muscache.com/im/pictures/hosting/Hosting-1366027771208803189/original/56943394-8f42-4e36-b64b-3204b7be0950.jpeg,1366027771208803189,,39.3790606308,-107.0776490492,"=AVERAGE($G$2:$G$239)","=AVERAGE($D$2:$D$239)","=IFERROR(($AT197-G197)/$AT197,0)","=IFERROR(($AU197-D197)/$AU197,0)","=$AU197-D197"
Lumen Airstream Retreat | RAFT|Ski|HIKE ΩHottubΩ,380387084,,15334,18285,278.8,36.67,225,1,1,4,true,false,true,true,true,false,false,Home/Apartment,Tiny house,Unique,4.2,26,4,6-20,Luxury,true,89,true,55,13,2024-09-17,Glenwood Springs,Glenwood Springs,Glenwood Springs,Colorado,81601,United States,mountains_lakes,https://www.airbnb.com/rooms/797840325726271990,"https://a0.muscache.com/im/pictures/miso/Hosting-797840325726271990/original/0b1e60da-ee1a-428f-8aa6-03c27fd221ff.png?ml=true",797840325726271990,4027980,39.56241,-107.29033,"=AVERAGE($G$2:$G$239)","=AVERAGE($D$2:$D$239)","=IFERROR(($AT198-G198)/$AT198,0)","=IFERROR(($AU198-D198)/$AU198,0)","=$AU198-D198"
Riverside Unit on the Frying Pan,666222971,,15291,17444,246.63,31.16,341,1,1,4,false,false,false,false,true,false,false,Home/Apartment,Apartment,Apt/Condo/Loft,4.95,19,2,6-20,Luxury,true,0,false,62,19,2026-05-16,Glenwood Springs,Basalt,Basalt,Colorado,81621,United States,mountains_lakes,https://www.airbnb.com/rooms/1313278911919678743,https://a0.muscache.com/im/pictures/hosting/Hosting-U3RheVN1cHBseUxpc3Rpbmc6MTMxMzI3NDg1NTA4MjUzOTc2Mg%3D%3D/original/2ecc3353-2aff-4ca6-afd9-7287b8c69340.jpeg,1313278911919678743,,39.3687890246,-107.0312713627,"=AVERAGE($G$2:$G$239)","=AVERAGE($D$2:$D$239)","=IFERROR(($AT199-G199)/$AT199,0)","=IFERROR(($AU199-D199)/$AU199,0)","=$AU199-D199"
Aspen Valley Glass Villa and SnowCube No Pet Fee,165857885,,11958,13253,569.43,15.91,357,2,,4,false,false,false,true,true,true,false,Home/Apartment,House,House/villa,4.65,15,2,2-5,Luxury,false,175,false,21,5,2026-05-13,Glenwood Springs,Basalt,Carbondale,Colorado,81623,United States,mountains_lakes,https://www.airbnb.com/rooms/22567476,https://a0.muscache.com/im/pictures/hosting/Hosting-22567476/original/26e9f3f2-20f3-4c2b-9567-db086e1133b6.jpeg,22567476,4091459,39.38086,-107.07633,"=AVERAGE($G$2:$G$239)","=AVERAGE($D$2:$D$239)","=IFERROR(($AT200-G200)/$AT200,0)","=IFERROR(($AU200-D200)/$AU200,0)","=$AU200-D200"
Downtown Holliday House,KEYLINK,,11710,18518,780.67,26.32,93,4,4,8,true,false,true,true,true,false,false,Home/Apartment,House,House/villa,4.5,8,3,21+,Luxury,false,0,false,15,5,2026-05-11,Glenwood Springs,Glenwood Springs,Glenwood Springs,Colorado,81601,United States,mountains_lakes,https://www.airbnb.com/rooms/1471147514652552056,https://a0.muscache.com/im/pictures/hosting/Hosting-1471147514652552056/original/ac498457-6df4-4f45-9eae-facd1a00fe5f.jpeg,1471147514652552056,4170350,39.544,-107.3272,"=AVERAGE($G$2:$G$239)","=AVERAGE($D$2:$D$239)","=IFERROR(($AT201-G201)/$AT201,0)","=IFERROR(($AU201-D201)/$AU201,0)","=$AU201-D201"
"Themed MovieRm, Hot Tub,2Fireplaces, InFloorHeating, EZ Drive Aspen &hot springs",,,10084,20265,840.33,70.59,71,4,4,10,true,false,true,true,false,false,false,Home/Apartment,House,House/villa,0,0,3,1,Luxury,false,0,false,12,2,2025-12-04,Glenwood Springs,Glenwood Springs,Glenwood Springs,Colorado,81601,United States,mountains_lakes,https://www.vrbo.com/4948473,"https://media.vrbo.com/lodging/123000000/122860000/122858300/122858214/w1200h1279x0y0-12b7e322.jpg?impolicy=resizecrop&rw=1200&ra=fit",,4948473,39.469906,-107.274475,"=AVERAGE($G$2:$G$239)","=AVERAGE($D$2:$D$239)","=IFERROR(($AT202-G202)/$AT202,0)","=IFERROR(($AU202-D202)/$AU202,0)","=$AU202-D202"
Blue Creek House,182981599,,9747,11696,513,41.3,115,3,3,6,false,false,false,true,true,true,false,Home/Apartment,House,House/villa,5,23,13,1,Luxury,false,250,false,19,1,2024-08-07,Glenwood Springs,Basalt,Carbondale,Colorado,81623,United States,mountains_lakes,https://www.airbnb.com/rooms/24264947,https://a0.muscache.com/im/pictures/3d7f058f-b42e-4e13-af43-404863b9ca91.jpg,24264947,1213870,39.42363,-107.08769,"=AVERAGE($G$2:$G$239)","=AVERAGE($D$2:$D$239)","=IFERROR(($AT203-G203)/$AT203,0)","=IFERROR(($AU203-D203)/$AU203,0)","=$AU203-D203"
"Remodeled Penthouse in the heart of Downtown Basalt, historic 1900's Building ",,,9542,28178,502.21,31.15,114,1,1,2,true,false,false,true,true,true,false,Home/Apartment,Condominium (condo),Apt/Condo/Loft,4.9,20,3,1,Luxury,false,175,true,19,4,2026-05-16,Glenwood Springs,Basalt,Basalt,Colorado,81621,United States,mountains_lakes,https://www.vrbo.com/2151975,"https://media.vrbo.com/lodging/62000000/61620000/61614400/61614333/78fb8d2e.jpg?impolicy=resizecrop&rw=1200&ra=fit",,2151975,39.370785,-107.030492,"=AVERAGE($G$2:$G$239)","=AVERAGE($D$2:$D$239)","=IFERROR(($AT204-G204)/$AT204,0)","=IFERROR(($AU204-D204)/$AU204,0)","=$AU204-D204"
Lumen Airstream Retreat RaftHIKE ΩHottubΩ,699263825,,8394,11626,262.31,30.77,318,1,1,3,true,false,false,true,true,false,false,Home/Apartment,Camper/RV,Unique,3.15,6,1,1,Luxury,false,118,true,32,12,2026-05-15,Glenwood Springs,Glenwood Springs,Glenwood Springs,Colorado,81601,United States,mountains_lakes,https://www.airbnb.com/rooms/1439476297918948493,https://a0.muscache.com/im/pictures/miso/Hosting-1439476297918948493/original/e1891bbf-1fcd-417f-84b0-db9c08b8db5a.jpeg,1439476297918948493,4617252,39.56298,-107.29172,"=AVERAGE($G$2:$G$239)","=AVERAGE($D$2:$D$239)","=IFERROR(($AT205-G205)/$AT205,0)","=IFERROR(($AU205-D205)/$AU205,0)","=$AU205-D205"
Country-Lux- Ski-House on Frying Pan River in Basalt close to Aspen,,,7709,8765,963.62,13.79,136,,,,false,false,true,false,false,false,false,Home/Apartment,Farmhouse,Unique,0,0,3,1,Luxury,false,452,false,8,6,2026-01-01,Glenwood Springs,Basalt,Basalt,Colorado,81621,United States,mountains_lakes,https://www.vrbo.com/2696923,,,2696923,39.384087,-106.96949,"=AVERAGE($G$2:$G$239)","=AVERAGE($D$2:$D$239)","=IFERROR(($AT206-G206)/$AT206,0)","=IFERROR(($AU206-D206)/$AU206,0)","=$AU206-D206"
Lux Riverside Basecamp |HikeFishSkiRaft|Waterfront,380387084,,7577,46739,210.47,94.74,40,1,1,5,true,false,false,true,true,true,false,Home/Apartment,Condominium (condo),Apt/Condo/Loft,4.75,37,1,6-20,Luxury,false,116,true,36,3,2026-05-17,Glenwood Springs,Glenwood Springs,Glenwood Springs,Colorado,81601,United States,mountains_lakes,https://www.airbnb.com/rooms/1082061300046868302,https://a0.muscache.com/im/pictures/miso/Hosting-1082061300046868302/original/3b1a3260-c3af-4fe8-9424-938e7cedfc99.jpeg,1082061300046868302,4001595,39.5612,-107.2968,"=AVERAGE($G$2:$G$239)","=AVERAGE($D$2:$D$239)","=IFERROR(($AT207-G207)/$AT207,0)","=IFERROR(($AU207-D207)/$AU207,0)","=$AU207-D207"
Stylish Mountain Suite in Basalt,5836554,,6650,7483,246.3,29.67,110,1,1,2,false,false,false,true,true,false,false,Home/Apartment,Guest suite,House/villa,5,5,2,1,Luxury,false,0,false,27,8,2026-05-16,Glenwood Springs,Basalt,Basalt,Colorado,81621,United States,mountains_lakes,https://www.airbnb.com/rooms/1435136103988666235,https://a0.muscache.com/im/pictures/miso/Hosting-1435136103988666235/original/86fe5aec-9842-4c2e-b210-70f4291c9102.jpeg,1435136103988666235,,39.3835178071,-106.9495353019,"=AVERAGE($G$2:$G$239)","=AVERAGE($D$2:$D$239)","=IFERROR(($AT208-G208)/$AT208,0)","=IFERROR(($AU208-D208)/$AU208,0)","=$AU208-D208"
Aspen Valley Glass House,165857885,,6486,6704,270.25,17.39,362,1,1,2,false,false,false,false,false,false,false,Home/Apartment,House,House/villa,3.5,2,2,2-5,Luxury,false,99,false,24,6,2026-05-14,Glenwood Springs,Basalt,Carbondale,Colorado,81623,United States,mountains_lakes,https://www.airbnb.com/rooms/1200079517170756971,https://a0.muscache.com/im/pictures/hosting/Hosting-1200079517170756971/original/425aba2d-1a53-42be-880e-45f8158029d7.jpeg,1200079517170756971,,39.40096,-107.11307,"=AVERAGE($G$2:$G$239)","=AVERAGE($D$2:$D$239)","=IFERROR(($AT209-G209)/$AT209,0)","=IFERROR(($AU209-D209)/$AU209,0)","=$AU209-D209"
Roaring Fork Riverfront Mid-Valley Aspen,,,6377,21387,911,20.59,178,4,2,8,false,false,true,true,true,false,false,Home/Apartment,House,House/villa,5,34,3,1,Luxury,false,249,false,7,1,2026-05-15,Glenwood Springs,Basalt,Carbondale,Colorado,81623,United States,mountains_lakes,https://www.vrbo.com/3176824ha,"https://media.vrbo.com/lodging/35000000/34850000/34843100/34843038/5444fd17.jpg?impolicy=resizecrop&rw=1200&ra=fit",,3176824ha,39.397487,-107.108235,"=AVERAGE($G$2:$G$239)","=AVERAGE($D$2:$D$239)","=IFERROR(($AT210-G210)/$AT210,0)","=IFERROR(($AU210-D210)/$AU210,0)","=$AU210-D210"
Aspen-Area | Luxe 1BR - Central to Everything,99742836,,5250,16455,175,100,120,1,1,4,true,false,false,true,true,true,false,Home/Apartment,Apartment,Apt/Condo/Loft,4.9,38,15,1,Luxury,false,175,false,30,1,2026-05-13,Glenwood Springs,Basalt,Basalt,Colorado,81621,United States,mountains_lakes,https://www.airbnb.com/rooms/16160536,https://a0.muscache.com/im/pictures/f9a19f9e-4ad5-4165-a446-732421cc1a9d.jpg,16160536,1513089,39.3843,-107.08542,"=AVERAGE($G$2:$G$239)","=AVERAGE($D$2:$D$239)","=IFERROR(($AT211-G211)/$AT211,0)","=IFERROR(($AU211-D211)/$AU211,0)","=$AU211-D211"
Mountain Chalet Bordering White River Nat'l Forest,Evolve,,5182,22118,575.78,56.25,32,3,3,7,true,false,false,true,true,true,false,Home/Apartment,Cabin,House/villa,0,0,2,21+,Luxury,true,309,true,9,3,2025-05-26,Glenwood Springs,Glenwood Springs,Gypsum,Colorado,81637,United States,mountains_lakes,https://www.airbnb.com/rooms/1413775827872063311,https://a0.muscache.com/im/pictures/prohost-api/Hosting-1413775827872063311/original/7aa1567d-f29c-4653-9451-917dce6a5c8b.jpeg,1413775827872063311,20145258ha,39.7741092,-107.1658579,"=AVERAGE($G$2:$G$239)","=AVERAGE($D$2:$D$239)","=IFERROR(($AT212-G212)/$AT212,0)","=IFERROR(($AU212-D212)/$AU212,0)","=$AU212-D212"
Glenwood Canyon Estate Private Creek/Luxe Spa/Pool,390091277,,4898,49260,1224.5,57.14,27,6,5,16,false,false,true,true,true,true,true,Home/Apartment,House,House/villa,4.95,41,4,2-5,Luxury,false,550,false,4,1,2025-07-03,Glenwood Springs,Glenwood Springs,Glenwood Springs,Colorado,81601,United States,mountains_lakes,https://www.airbnb.com/rooms/555803458596176255,https://a0.muscache.com/im/pictures/hosting/Hosting-555803458596176255/original/488406b6-ffda-485d-8ffd-f335a195a713.jpeg,555803458596176255,,39.56337,-107.29244,"=AVERAGE($G$2:$G$239)","=AVERAGE($D$2:$D$239)","=IFERROR(($AT213-G213)/$AT213,0)","=IFERROR(($AU213-D213)/$AU213,0)","=$AU213-D213"
Comfy LakeHouse 30 mins to Aspen,9451868,,4873,15800,541.44,25,162,2,2,4,true,true,true,true,true,true,false,Home/Apartment,House,House/villa,5,2,7,2-5,Luxury,false,680,false,9,3,2026-05-13,Glenwood Springs,Basalt,Carbondale,Colorado,81623,United States,mountains_lakes,https://www.airbnb.com/rooms/16504959,https://a0.muscache.com/im/pictures/miso/Hosting-16504959/original/f8ce5443-712b-4d20-9d0a-8b0e4db3c2a7.jpeg,16504959,4227501,39.40366,-107.10944,"=AVERAGE($G$2:$G$239)","=AVERAGE($D$2:$D$239)","=IFERROR(($AT214-G214)/$AT214,0)","=IFERROR(($AU214-D214)/$AU214,0)","=$AU214-D214"
Alone on a Mountain yet close to food and shops!,250932979,,3528,3528,882,12.9,89,3,3,6,true,false,false,true,true,false,false,Home/Apartment,House,House/villa,0,0,7,2-5,Luxury,false,0,false,4,1,2026-05-15,Glenwood Springs,Basalt,Carbondale,Colorado,81623,United States,mountains_lakes,https://www.airbnb.com/rooms/1627864318821290219,https://a0.muscache.com/im/pictures/hosting/Hosting-1627864318821290219/original/fc6e244d-36f9-4635-9463-a17dc0497e99.jpeg,1627864318821290219,,39.41326,-107.0859,"=AVERAGE($G$2:$G$239)","=AVERAGE($D$2:$D$239)","=IFERROR(($AT215-G215)/$AT215,0)","=IFERROR(($AU215-D215)/$AU215,0)","=$AU215-D215"
1 Of A Kind Cozy Mountain Retreat Boasting A+ Location And Breathtaking Views.,,,3399,19670,1133,75,77,4,5,8,true,false,true,true,true,true,false,Home/Apartment,House,House/villa,5,1,30,1,Luxury,false,550,false,3,1,2025-09-05,Glenwood Springs,Basalt,Basalt,Colorado,81621,United States,mountains_lakes,https://www.vrbo.com/4525678,"https://media.vrbo.com/lodging/115000000/114770000/114763900/114763817/139e890f.jpg?impolicy=resizecrop&rw=1200&ra=fit",,4525678,39.37468,-107.03442,"=AVERAGE($G$2:$G$239)","=AVERAGE($D$2:$D$239)","=IFERROR(($AT216-G216)/$AT216,0)","=IFERROR(($AU216-D216)/$AU216,0)","=$AU216-D216"
Stunning top floor loft condo close to town,15530945,,3101,4566,620.2,15.62,359,2,1,4,true,false,false,false,true,false,false,Home/Apartment,Condominium (condo),Apt/Condo/Loft,0,0,14,2-5,Luxury,false,302,false,5,1,2026-05-15,Glenwood Springs,Basalt,Basalt,Colorado,81621,United States,mountains_lakes,https://www.airbnb.com/rooms/662905559832189345,https://a0.muscache.com/im/pictures/miso/Hosting-662905559832189345/original/d65fd3ce-ce4d-4de5-a364-fe0e30fef791.jpeg,662905559832189345,,39.37125,-107.07597,"=AVERAGE($G$2:$G$239)","=AVERAGE($D$2:$D$239)","=IFERROR(($AT217-G217)/$AT217,0)","=IFERROR(($AU217-D217)/$AU217,0)","=$AU217-D217"
"Elevated Hideaway | Deck w/ Valley Views, Hot Tub",Boutique Mountain Homes,,3032,9804,505.33,28.57,22,3,2,6,false,false,true,true,true,false,false,Home/Apartment,House,House/villa,4.8,40,4,21+,Luxury,true,275,false,6,2,2025-07-15,Glenwood Springs,Basalt,Basalt,Colorado,81621,United States,mountains_lakes,https://www.airbnb.com/rooms/978342531011472342,https://a0.muscache.com/im/pictures/prohost-api/Hosting-978342531011472342/original/0071d7e1-691d-4b82-a3d9-f37424f2a593.jpeg,978342531011472342,3605307,39.36932,-107.0303,"=AVERAGE($G$2:$G$239)","=AVERAGE($D$2:$D$239)","=IFERROR(($AT218-G218)/$AT218,0)","=IFERROR(($AU218-D218)/$AU218,0)","=$AU218-D218"
"Summit & Sky Loft | A/C, Fireplace, Terrace",Boutique Mountain Homes,,2405,6871,481,71.43,48,2,2,4,true,false,false,true,true,false,false,Home/Apartment,Condominium (condo),Apt/Condo/Loft,4.9,10,3,21+,Luxury,true,0,false,5,1,2025-06-30,Glenwood Springs,Basalt,Basalt,Colorado,81621,United States,mountains_lakes,https://www.airbnb.com/rooms/1290752161833242421,https://a0.muscache.com/im/pictures/prohost-api/Hosting-1290752161833242421/original/87d7efb9-9685-45e8-a679-f1b2cf465fd9.jpeg,1290752161833242421,4291251,39.3828091803,-107.0823830837,"=AVERAGE($G$2:$G$239)","=AVERAGE($D$2:$D$239)","=IFERROR(($AT219-G219)/$AT219,0)","=IFERROR(($AU219-D219)/$AU219,0)","=$AU219-D219"
Escape to a Cozy Log Cabin with Mountain Views,36061978,,2325,31534,775,10,238,3,3,6,false,false,true,true,true,true,false,Home/Apartment,House,House/villa,5,10,3,2-5,Luxury,false,378,false,3,1,2026-05-13,Glenwood Springs,Basalt,Basalt,Colorado,81621,United States,mountains_lakes,https://www.airbnb.com/rooms/1139841851780286690,https://a0.muscache.com/im/pictures/hosting/Hosting-U3RheVN1cHBseUxpc3Rpbmc6MTEzOTg0MTg1MTc4MDI4NjY5MA%3D%3D/original/55dac42b-f2d9-499a-8741-672495c388f6.jpeg,1139841851780286690,3997827,39.38259,-106.81646,"=AVERAGE($G$2:$G$239)","=AVERAGE($D$2:$D$239)","=IFERROR(($AT220-G220)/$AT220,0)","=IFERROR(($AU220-D220)/$AU220,0)","=$AU220-D220"
2-bdrm getaway between the famous mtns of aspen and the hotsprings of Glenwood,,,2229,2229,445.8,8.77,79,2,1,8,false,false,false,false,false,false,false,Home/Apartment,Apartment,Apt/Condo/Loft,0,0,2,1,Luxury,false,0,false,5,2,2026-02-01,Glenwood Springs,Basalt,Basalt,Colorado,81621,United States,mountains_lakes,https://www.vrbo.com/5039607,"https://media.vrbo.com/lodging/125000000/124830000/124822400/124822341/54cde4fa.jpg?impolicy=resizecrop&rw=1200&ra=fit",,5039607,39.373573,-107.06549,"=AVERAGE($G$2:$G$239)","=AVERAGE($D$2:$D$239)","=IFERROR(($AT221-G221)/$AT221,0)","=IFERROR(($AU221-D221)/$AU221,0)","=$AU221-D221"
The Cabin at Ruedi Shores,96231898,,2124,8243,708,17.65,83,3,3,8,false,false,true,true,true,true,true,Home/Apartment,Cabin,House/villa,4.85,127,3,2-5,Luxury,false,275,false,3,1,2025-09-11,Glenwood Springs,Basalt,Basalt,Colorado,81621,United States,mountains_lakes,https://www.airbnb.com/rooms/1263190969048974107,https://a0.muscache.com/im/pictures/miso/Hosting-1263190969048974107/original/fd2283d6-21c5-4f6c-a85a-1cbd76009039.jpeg,1263190969048974107,449992,39.3813600448,-106.8144964947,"=AVERAGE($G$2:$G$239)","=AVERAGE($D$2:$D$239)","=IFERROR(($AT222-G222)/$AT222,0)","=IFERROR(($AU222-D222)/$AU222,0)","=$AU222-D222"
Aspen Vacation,512326075,,1503,2104,501,30,88,1,1,2,true,false,false,true,true,true,false,Home/Apartment,Apartment,Apt/Condo/Loft,0,0,1,1,Luxury,false,50,false,3,1,2025-07-28,Glenwood Springs,Basalt,Carbondale,Colorado,81623,United States,mountains_lakes,https://www.airbnb.com/rooms/1304006359880452795,https://a0.muscache.com/im/pictures/miso/Hosting-1304006359880452795/original/4dd11826-e888-47cf-9669-98ba7a9642d3.jpeg,1304006359880452795,,39.3900669341,-107.0844508432,"=AVERAGE($G$2:$G$239)","=AVERAGE($D$2:$D$239)","=IFERROR(($AT223-G223)/$AT223,0)","=IFERROR(($AU223-D223)/$AU223,0)","=$AU223-D223"
Frying Pan Valley Vista | Walk to Basalt + Views,Boutique Mountain Homes,,812,7333,406,8.7,27,3,1,6,false,false,false,true,true,true,false,Home/Apartment,House,House/villa,4.95,26,4,21+,Luxury,true,0,false,2,1,2025-09-15,Glenwood Springs,Basalt,Basalt,Colorado,81621,United States,mountains_lakes,https://www.airbnb.com/rooms/1176866619702300538,https://a0.muscache.com/im/pictures/prohost-api/Hosting-1176866619702300538/original/04985822-d785-4982-94d3-c04bc328890e.jpeg,1176866619702300538,4049749,39.37272,-107.02917,"=AVERAGE($G$2:$G$239)","=AVERAGE($D$2:$D$239)","=IFERROR(($AT224-G224)/$AT224,0)","=IFERROR(($AU224-D224)/$AU224,0)","=$AU224-D224"
"Basalt 4H's Ranch, views & hot tub!",43200591,,0,1831,0,0,1,3,2,7,true,false,true,true,true,false,false,Home/Apartment,House,House/villa,5,11,4,1,Luxury,false,100,false,0,0,2025-05-12,Glenwood Springs,Basalt,Basalt,Colorado,81621,United States,mountains_lakes,https://www.airbnb.com/rooms/1013771125523775050,https://a0.muscache.com/im/pictures/miso/Hosting-1013771125523775050/original/2a76dcdc-1b87-48a5-a8d5-3fc946e76257.jpeg,1013771125523775050,3902547,39.378406,-107.106316,"=AVERAGE($G$2:$G$239)","=AVERAGE($D$2:$D$239)","=IFERROR(($AT225-G225)/$AT225,0)","=IFERROR(($AU225-D225)/$AU225,0)","=$AU225-D225"
Eagles Nest at Sweetwater,428122985,,0,4796,0,0,345,3,2,9,false,false,false,true,true,false,false,Home/Apartment,House,House/villa,4.5,2,3,1,Luxury,false,285,true,0,0,2026-05-16,Glenwood Springs,Glenwood Springs,Gypsum,Colorado,81637,United States,mountains_lakes,https://www.airbnb.com/rooms/1045232295254923683,https://a0.muscache.com/im/pictures/miso/Hosting-1045232295254923683/original/e00f5cac-8a5f-4817-951d-e798cca73ca6.jpeg,1045232295254923683,3834302,39.80042,-107.16005,"=AVERAGE($G$2:$G$239)","=AVERAGE($D$2:$D$239)","=IFERROR(($AT226-G226)/$AT226,0)","=IFERROR(($AU226-D226)/$AU226,0)","=$AU226-D226"
Little Oasis,362869668,,0,2773,0,0,22,2,1,5,false,false,false,false,true,true,false,Home/Apartment,House,House/villa,5,3,2,1,Luxury,false,200,false,0,0,2025-05-16,Glenwood Springs,Basalt,Basalt,Colorado,81621,United States,mountains_lakes,https://www.airbnb.com/rooms/1152376946517407977,https://a0.muscache.com/im/pictures/hosting/Hosting-U3RheVN1cHBseUxpc3Rpbmc6MTE1MjM3Njk0NjUxNzQwNzk3Nw%3D%3D/original/970d500b-173e-4631-b06b-20b62b121e8c.jpeg,1152376946517407977,,39.37012,-107.03306,"=AVERAGE($G$2:$G$239)","=AVERAGE($D$2:$D$239)","=IFERROR(($AT227-G227)/$AT227,0)","=IFERROR(($AU227-D227)/$AU227,0)","=$AU227-D227"
"Aspen Lodge, Luxury, Central, Family & Pets!",22023341,,0,7931,0,0,142,3,2,8,true,false,false,true,true,true,false,Home/Apartment,Townhouse,Apt/Condo/Loft,4.25,4,30,6-20,Luxury,false,595,true,0,0,2025-10-18,Glenwood Springs,Basalt,Basalt,Colorado,81621,United States,mountains_lakes,https://www.airbnb.com/rooms/1303727133311393461,https://a0.muscache.com/im/pictures/prohost-api/Hosting-1303727133311393461/original/0da10ec6-746b-4aa7-b298-a982c4511eb4.jpeg,1303727133311393461,,39.378831396,-107.0830053768,"=AVERAGE($G$2:$G$239)","=AVERAGE($D$2:$D$239)","=IFERROR(($AT228-G228)/$AT228,0)","=IFERROR(($AU228-D228)/$AU228,0)","=$AU228-D228"
RUEDI CREEK JEWEL! (Ruedi Reservoir Basalt),21488565,,0,3245,0,0,3,1,1,4,false,false,false,false,true,false,false,Home/Apartment,Yurt,Unique,5,1,2,2-5,Luxury,true,134,true,0,0,2026-05-13,Glenwood Springs,Basalt,Basalt,Colorado,81621,United States,mountains_lakes,https://www.airbnb.com/rooms/19549806,https://a0.muscache.com/im/pictures/hosting/Hosting-19549806/original/81b07ac1-b5e1-4c2a-acc4-db949cb20e3f.jpeg,19549806,,39.3914,-106.82901,"=AVERAGE($G$2:$G$239)","=AVERAGE($D$2:$D$239)","=IFERROR(($AT229-G229)/$AT229,0)","=IFERROR(($AU229-D229)/$AU229,0)","=$AU229-D229"
Basalt Apartment with View - Close to Whole Foods,185879168,,0,2,0,0,83,1,1,4,false,false,false,true,true,false,false,Home/Apartment,Apartment,Apt/Condo/Loft,0,0,3,2-5,Luxury,false,150,true,0,0,2018-06-18,Glenwood Springs,Basalt,Basalt,Colorado,81621,United States,mountains_lakes,https://www.airbnb.com/rooms/24597604,"https://a0.muscache.com/im/pictures/d381649c-5e22-4e68-b2fd-f1fbe2c7b8c3.jpg?aki_policy=x_large",24597604,4586049,39.3868440456,-107.0851249066,"=AVERAGE($G$2:$G$239)","=AVERAGE($D$2:$D$239)","=IFERROR(($AT230-G230)/$AT230,0)","=IFERROR(($AU230-D230)/$AU230,0)","=$AU230-D230"
Creekside Oasis in Glenwood Springs,150822767,,0,12340,0,0,6,2,2,6,true,false,false,true,true,false,false,Home/Apartment,House,House/villa,4.95,53,3,1,Luxury,false,150,false,0,0,2026-05-13,Glenwood Springs,Glenwood Springs,Glenwood Springs,Colorado,81601,United States,mountains_lakes,https://www.airbnb.com/rooms/28159901,https://a0.muscache.com/im/pictures/b229dde8-079a-40fe-b506-0c48b7f14e79.jpg,28159901,,39.51207,-107.31737,"=AVERAGE($G$2:$G$239)","=AVERAGE($D$2:$D$239)","=IFERROR(($AT231-G231)/$AT231,0)","=IFERROR(($AU231-D231)/$AU231,0)","=$AU231-D231"
"Amazing Views, Close Restaurants (25 min to Aspen)",307893869,,0,0,0,0,59,1,1,4,true,false,false,true,true,false,false,Home/Apartment,Guest suite,House/villa,4.95,29,2,2-5,Luxury,false,100,false,0,0,2026-01-30,Glenwood Springs,Basalt,Basalt,Colorado,81621,United States,mountains_lakes,https://www.airbnb.com/rooms/39942730,https://a0.muscache.com/im/pictures/miso/Hosting-39942730/original/24ca7827-539f-4ba7-9262-7837bab092cb.jpeg,39942730,,39.37085,-107.08368,"=AVERAGE($G$2:$G$239)","=AVERAGE($D$2:$D$239)","=IFERROR(($AT232-G232)/$AT232,0)","=IFERROR(($AU232-D232)/$AU232,0)","=$AU232-D232"
Unique cozy rental near it all !,148823019,,0,295,0,0,56,1,2,2,true,false,false,true,true,false,false,Home/Apartment,Apartment,Apt/Condo/Loft,0,0,3,1,Luxury,false,40,false,0,0,2025-07-14,Glenwood Springs,Glenwood Springs,Glenwood Springs,Colorado,81601,United States,mountains_lakes,https://www.airbnb.com/rooms/766180360760581890,https://a0.muscache.com/im/pictures/miso/Hosting-766180360760581890/original/c380e248-1d00-4401-bfea-649f330aafa0.jpeg,766180360760581890,,39.54698,-107.32396,"=AVERAGE($G$2:$G$239)","=AVERAGE($D$2:$D$239)","=IFERROR(($AT233-G233)/$AT233,0)","=IFERROR(($AU233-D233)/$AU233,0)","=$AU233-D233"
RFV Lodge with Spectacular Views,19378911,,0,12871,0,0,71,4,3,10,false,false,true,true,true,true,false,Home/Apartment,House,House/villa,5,12,7,1,Luxury,false,375,false,0,0,2024-03-04,Glenwood Springs,Basalt,Basalt,Colorado,81621,United States,mountains_lakes,https://www.airbnb.com/rooms/876945084327890428,"https://a0.muscache.com/im/pictures/miso/Hosting-876945084327890428/original/b9f1c6fd-bc4a-4a5d-a707-30495962e3df.jpeg?aki_policy=x_large",876945084327890428,875850,39.37221,-107.02897,"=AVERAGE($G$2:$G$239)","=AVERAGE($D$2:$D$239)","=IFERROR(($AT234-G234)/$AT234,0)","=IFERROR(($AU234-D234)/$AU234,0)","=$AU234-D234"
Rustic Modern Home in Historic Basalt,,,0,8825,0,0,298,3,3,8,true,false,true,true,true,true,false,Home/Apartment,House,House/villa,5,8,31,1,Luxury,false,400,false,0,0,2026-05-14,Glenwood Springs,Basalt,Basalt,Colorado,81621,United States,mountains_lakes,https://www.vrbo.com/2497783,"https://media.vrbo.com/lodging/72000000/71730000/71723200/71723146/486159c5.jpg?impolicy=resizecrop&rw=1200&ra=fit",,2497783,39.373994,-107.030206,"=AVERAGE($G$2:$G$239)","=AVERAGE($D$2:$D$239)","=IFERROR(($AT235-G235)/$AT235,0)","=IFERROR(($AU235-D235)/$AU235,0)","=$AU235-D235"
The Polo House. Cozy Ralph Lauren Design,,,0,103,0,0,364,3,2,5,false,false,false,false,false,true,false,Home/Apartment,House,House/villa,0,0,7,1,Luxury,false,500,true,0,0,2026-05-10,Glenwood Springs,Basalt,Carbondale,Colorado,81623,United States,mountains_lakes,https://www.vrbo.com/3127235,"https://media.vrbo.com/lodging/90000000/89520000/89512100/89512053/f9606d68.jpg?impolicy=resizecrop&rw=1200&ra=fit",,3127235,39.394287,-107.099976,"=AVERAGE($G$2:$G$239)","=AVERAGE($D$2:$D$239)","=IFERROR(($AT236-G236)/$AT236,0)","=IFERROR(($AU236-D236)/$AU236,0)","=$AU236-D236"
Aspen Valley Glass House with Views,,,0,0,0,0,30,1,,2,false,false,false,false,false,true,false,Home/Apartment,House,House/villa,5,2,1,1,Luxury,false,100,false,0,0,2026-05-17,Glenwood Springs,Basalt,Basalt,Colorado,81621,United States,mountains_lakes,https://www.vrbo.com/4099583,"https://media.vrbo.com/lodging/107000000/106920000/106920000/106919902/4fe56964.jpg?impolicy=resizecrop&rw=1200&ra=fit",,4099583,39.380188,-107.072914,"=AVERAGE($G$2:$G$239)","=AVERAGE($D$2:$D$239)","=IFERROR(($AT237-G237)/$AT237,0)","=IFERROR(($AU237-D237)/$AU237,0)","=$AU237-D237"
One of a kind hilltop estate in Aspen Valley!,,,0,0,0,0,61,4,3,8,true,false,false,false,false,true,false,Home/Apartment,House,House/villa,5,1,3,1,Luxury,false,350,false,0,0,2025-05-24,Glenwood Springs,Basalt,Basalt,Colorado,81621,United States,mountains_lakes,https://www.vrbo.com/4451723,"https://media.vrbo.com/lodging/114000000/113390000/113382400/113382375/a14e104d.jpg?impolicy=resizecrop&rw=1200&ra=fit",,4451723,39.37022,-107.06739,"=AVERAGE($G$2:$G$239)","=AVERAGE($D$2:$D$239)","=IFERROR(($AT238-G238)/$AT238,0)","=IFERROR(($AU238-D238)/$AU238,0)","=$AU238-D238"
Mountain Adventure Retreat Near Aspen & Snowmass,,,0,26,0,0,19,4,5,10,true,false,false,true,false,false,false,Home/Apartment,House,House/villa,0,0,30,1,Luxury,false,500,false,0,0,2026-05-16,Glenwood Springs,Glenwood Springs,Carbondale,Colorado,81623,United States,mountains_lakes,https://www.vrbo.com/5069368,"https://media.vrbo.com/lodging/126000000/125440000/125437200/125437132/4016ae3b.jpg?impolicy=resizecrop&rw=1200&ra=fit",,5069368,39.438843,-107.26115,"=AVERAGE($G$2:$G$239)","=AVERAGE($D$2:$D$239)","=IFERROR(($AT239-G239)/$AT239,0)","=IFERROR(($AU239-D239)/$AU239,0)","=$AU239-D239"
